model,series_id,total_cost,holding_cost,stockout_cost,ordering_cost,fill_rate,cycle_service_level,stockout_rate,average_on_hand,total_demand
point_gbdt_safety,FOODS_1_008_CA_1,1726.276663489904,1726.276663489904,0.0,0.0,1.0,1.0,0.0,22.13175209602441,25.0
point_gbdt_safety,FOODS_1_010_CA_3,1630.000289729528,1630.000289729528,0.0,0.0,1.0,1.0,0.0,20.897439611917026,44.0
point_gbdt_safety,FOODS_1_010_WI_3,1732.357158480053,1732.357158480053,0.0,0.0,1.0,1.0,0.0,22.20970716000068,55.0
point_gbdt_safety,FOODS_1_013_WI_1,2020.5349920239296,2020.5349920239296,0.0,0.0,1.0,1.0,0.0,25.904294769537557,125.0
point_gbdt_safety,FOODS_1_014_WI_3,1647.7451203229687,1635.3659589396193,12.379161383349349,0.0,0.9715421577394266,0.9743589743589743,0.02564102564102564,20.966230242815634,87.0
point_gbdt_safety,FOODS_1_022_WI_3,1758.485046144387,1758.485046144387,0.0,0.0,1.0,1.0,0.0,22.544680078774192,1.0
point_gbdt_safety,FOODS_1_024_TX_1,1563.3979443185365,1563.3979443185365,0.0,0.0,1.0,1.0,0.0,20.043563388699187,53.0
point_gbdt_safety,FOODS_1_025_TX_1,1614.5099870463293,1614.5099870463293,0.0,0.0,1.0,1.0,0.0,20.698845987773453,44.0
point_gbdt_safety,FOODS_1_025_WI_1,2081.7178941296625,2081.7178941296625,0.0,0.0,1.0,1.0,0.0,26.688690950380288,33.0
point_gbdt_safety,FOODS_1_032_CA_2,2505.7384828129084,2187.8315950643,317.9068877486083,0.0,0.832239109367489,0.8717948717948718,0.1282051282051282,28.049123013644873,379.0
point_gbdt_safety,FOODS_1_040_TX_1,1691.681873182362,1691.681873182362,0.0,0.0,1.0,1.0,0.0,21.688229143363618,41.0
point_gbdt_safety,FOODS_1_043_CA_3,9160.066818896024,9160.066818896024,0.0,0.0,1.0,1.0,0.0,117.43675408841057,42.0
point_gbdt_safety,FOODS_1_045_CA_3,2356.856837165538,2356.856837165538,0.0,0.0,1.0,1.0,0.0,30.216113296994074,133.0
point_gbdt_safety,FOODS_1_045_WI_2,1772.6841680522202,1772.6841680522202,0.0,0.0,1.0,1.0,0.0,22.726720103233593,108.0
point_gbdt_safety,FOODS_1_046_WI_3,2373.271224639616,2158.497179923845,214.77404471577051,0.0,0.8409081150253551,0.8076923076923077,0.19230769230769232,27.673040768254424,270.0
point_gbdt_safety,FOODS_1_047_TX_2,1767.7014644765047,1767.7014644765047,0.0,0.0,1.0,1.0,0.0,22.662839288160317,62.0
point_gbdt_safety,FOODS_1_054_CA_1,1489.5848169383698,1319.1262866962302,170.45853024213977,0.0,0.7455842832206869,0.8461538461538461,0.15384615384615385,16.91187547046449,134.0
point_gbdt_safety,FOODS_1_054_TX_3,1746.0117154739874,1746.0117154739874,0.0,0.0,1.0,1.0,0.0,22.384765582999837,35.0
point_gbdt_safety,FOODS_1_055_WI_2,2067.514334693057,2005.20328416563,62.311050527427355,0.0,0.908366102165548,0.9615384615384616,0.038461538461538464,25.70773441237987,136.0
point_gbdt_safety,FOODS_1_056_WI_1,2212.778621023942,2212.778621023942,0.0,0.0,1.0,1.0,0.0,28.368956679794127,1.0
point_gbdt_safety,FOODS_1_057_CA_2,2763.314666872502,2763.314666872502,0.0,0.0,1.0,1.0,0.0,35.42711111375003,3.0
point_gbdt_safety,FOODS_1_060_CA_4,1798.2688200027153,1798.2688200027153,0.0,0.0,1.0,1.0,0.0,23.054728461573273,39.0
point_gbdt_safety,FOODS_1_062_TX_2,1608.5954465977948,1608.5954465977948,0.0,0.0,1.0,1.0,0.0,20.623018546125575,47.0
point_gbdt_safety,FOODS_1_064_WI_3,1679.198386968433,1679.198386968433,0.0,0.0,1.0,1.0,0.0,21.528184448313244,18.0
point_gbdt_safety,FOODS_1_066_WI_1,1766.4953066339567,1653.3670563473406,113.12825028661618,0.0,0.8653235115635521,0.8846153846153846,0.11538461538461539,21.197013542914622,168.0
point_gbdt_safety,FOODS_1_069_CA_3,2044.493661460974,1634.5767288288782,409.9169326320957,0.0,0.7469648563999409,0.7692307692307693,0.23076923076923078,20.956111908062542,324.0
point_gbdt_safety,FOODS_1_078_TX_2,1632.92852337573,1632.92852337573,0.0,0.0,1.0,1.0,0.0,20.934981068919615,43.0
point_gbdt_safety,FOODS_1_081_WI_1,1442.7188037901847,1442.7188037901847,0.0,0.0,1.0,1.0,0.0,18.496394920386983,67.0
point_gbdt_safety,FOODS_1_083_WI_3,2308.5591971629574,2308.5591971629574,0.0,0.0,1.0,1.0,0.0,29.59691278414048,92.0
point_gbdt_safety,FOODS_1_085_CA_4,3193.1077803435937,2179.409159854326,1013.6986204892678,0.0,0.7070235200898071,0.6282051282051282,0.3717948717948718,27.94114307505546,692.0
point_gbdt_safety,FOODS_1_086_CA_2,2134.1533026138136,2121.514553925183,12.638748688630415,0.0,0.987037180832174,0.9743589743589743,0.02564102564102564,27.198904537502347,195.0
point_gbdt_safety,FOODS_1_086_WI_2,2098.6681409837474,1898.4207474893396,200.24739349440765,0.0,0.8417016652218121,0.8461538461538461,0.15384615384615385,24.33872753191461,253.0
point_gbdt_safety,FOODS_1_089_CA_1,1713.9130445539172,1713.9130445539172,0.0,0.0,1.0,1.0,0.0,21.973244160947655,32.0
point_gbdt_safety,FOODS_1_091_TX_3,1885.1883102321056,1885.1883102321056,0.0,0.0,1.0,1.0,0.0,24.16908090041161,4.0
point_gbdt_safety,FOODS_1_094_WI_1,1554.2122050747823,1554.2122050747823,0.0,0.0,1.0,1.0,0.0,19.925797500958748,66.0
point_gbdt_safety,FOODS_1_098_CA_2,1726.4321106301713,1726.4321106301713,0.0,0.0,1.0,1.0,0.0,22.13374500807912,13.0
point_gbdt_safety,FOODS_1_098_TX_1,1341.0529192519896,1340.8634527860404,0.18946646594923067,0.0,0.9993577407933925,0.9871794871794872,0.01282051282051282,17.190557087000517,59.0
point_gbdt_safety,FOODS_1_099_CA_2,3531.6245123578838,2717.2850113110967,814.3395010467871,0.0,0.7590711535364535,0.7307692307692307,0.2692307692307692,34.83698732450124,676.0
point_gbdt_safety,FOODS_1_099_TX_1,3099.3996755483204,2567.9219983922785,531.4776771560416,0.0,0.7329257903738484,0.7564102564102564,0.24358974358974358,32.92207690246511,398.0
point_gbdt_safety,FOODS_1_101_CA_1,2491.8200258395386,2491.8200258395386,0.0,0.0,1.0,1.0,0.0,31.946410587686394,0.0
point_gbdt_safety,FOODS_1_102_TX_2,1492.973609701495,1492.973609701495,0.0,0.0,1.0,1.0,0.0,19.14068730386532,68.0
point_gbdt_safety,FOODS_1_106_CA_1,1539.8305557324577,1494.45393034796,45.376625384497586,0.0,0.9167401369091788,0.9230769230769231,0.07692307692307693,19.159665773691795,109.0
point_gbdt_safety,FOODS_1_107_TX_2,1757.6835387854655,1757.6835387854655,0.0,0.0,1.0,1.0,0.0,22.534404343403406,28.0
point_gbdt_safety,FOODS_1_111_WI_2,1651.2512762633876,1651.2512762633876,0.0,0.0,1.0,1.0,0.0,21.169888157222918,9.0
point_gbdt_safety,FOODS_1_119_WI_1,1577.7925986661116,1577.7925986661116,0.0,0.0,1.0,1.0,0.0,20.228110239309125,64.0
point_gbdt_safety,FOODS_1_122_WI_3,1535.539319492083,1530.115004936262,5.4243145558210415,0.0,0.9892587830577801,0.9743589743589743,0.02564102564102564,19.616859037644385,101.0
point_gbdt_safety,FOODS_1_131_CA_1,1612.6109480816224,1612.6109480816224,0.0,0.0,1.0,1.0,0.0,20.674499334379774,58.0
point_gbdt_safety,FOODS_1_132_WI_3,1418.0798623392009,1418.0798623392009,0.0,0.0,1.0,1.0,0.0,18.18051105563078,53.0
point_gbdt_safety,FOODS_1_134_CA_2,1585.9132914307322,1585.9132914307322,0.0,0.0,1.0,1.0,0.0,20.332221685009387,65.0
point_gbdt_safety,FOODS_1_139_TX_3,1719.086233494318,1491.6138883943995,227.47234509991847,0.0,0.755406080537722,0.8205128205128205,0.1794871794871795,19.12325497941538,186.0
point_gbdt_safety,FOODS_1_143_CA_1,1856.4008575102432,1760.2625184436079,96.13833906663533,0.0,0.8449381627957495,0.9230769230769231,0.07692307692307693,22.56746818517446,124.0
point_gbdt_safety,FOODS_1_143_WI_2,1912.6973510692756,1912.6973510692756,0.0,0.0,1.0,1.0,0.0,24.521760911144558,34.0
point_gbdt_safety,FOODS_1_147_TX_2,1515.5829943428796,1515.5829943428796,0.0,0.0,1.0,1.0,0.0,19.430551209524097,35.0
point_gbdt_safety,FOODS_1_149_CA_3,1868.996755848518,1868.996755848518,0.0,0.0,1.0,1.0,0.0,23.961496869852795,131.0
point_gbdt_safety,FOODS_1_156_TX_3,1515.126353050374,1515.126353050374,0.0,0.0,1.0,1.0,0.0,19.424696833979155,48.0
point_gbdt_safety,FOODS_1_159_CA_4,1806.613548836368,1806.613548836368,0.0,0.0,1.0,1.0,0.0,23.16171216456882,14.0
point_gbdt_safety,FOODS_1_161_CA_4,4817.862507182022,4567.900210336602,249.96229684541953,0.0,0.8392525422215951,0.9102564102564102,0.08974358974358974,58.562823209443614,311.0
point_gbdt_safety,FOODS_1_161_WI_3,3507.7783761959104,3047.7020275145524,460.0763486813581,0.0,0.8114441193928861,0.7435897435897436,0.2564102564102564,39.07310291685324,488.0
point_gbdt_safety,FOODS_1_168_WI_1,1623.402953161885,1623.402953161885,0.0,0.0,1.0,1.0,0.0,20.81285837387032,32.0
point_gbdt_safety,FOODS_1_174_TX_2,1482.84182334462,1482.84182334462,0.0,0.0,1.0,1.0,0.0,19.010792606982307,33.0
point_gbdt_safety,FOODS_1_175_CA_3,1936.0882960791407,1936.0882960791407,0.0,0.0,1.0,1.0,0.0,24.821644821527446,84.0
point_gbdt_safety,FOODS_1_183_CA_2,1830.2099187938989,1830.2099187938989,0.0,0.0,1.0,1.0,0.0,23.46422972812691,139.0
point_gbdt_safety,FOODS_1_183_CA_4,1554.602668159438,1554.602668159438,0.0,0.0,1.0,1.0,0.0,19.930803437941513,91.0
point_gbdt_safety,FOODS_1_185_WI_1,1744.703739774961,1699.6811342048013,45.022605570159584,0.0,0.9279638310877447,0.9487179487179487,0.05128205128205128,21.79078377185643,125.0
point_gbdt_safety,FOODS_1_191_TX_1,1463.4722017036358,1463.4722017036358,0.0,0.0,1.0,1.0,0.0,18.76246412440559,40.0
point_gbdt_safety,FOODS_1_192_CA_4,2600.024294660712,2600.024294660712,0.0,0.0,1.0,1.0,0.0,33.33364480334246,3.0
point_gbdt_safety,FOODS_1_203_WI_1,1664.5658203577377,1664.5658203577377,0.0,0.0,1.0,1.0,0.0,21.340587440483816,54.0
point_gbdt_safety,FOODS_1_207_CA_4,1300.8326844779924,1278.0550602695416,22.77762420845086,0.0,0.9548957936466319,0.9615384615384616,0.038461538461538464,16.385321285506944,101.0
point_gbdt_safety,FOODS_1_208_WI_3,1470.2059668032882,1455.1655664277757,15.040400375512597,0.0,0.9637580713843069,0.9743589743589743,0.02564102564102564,18.6559688003561,83.0
point_gbdt_safety,FOODS_1_209_CA_4,2168.513335336258,2168.513335336258,0.0,0.0,1.0,1.0,0.0,27.801453017131514,1.0
point_gbdt_safety,FOODS_1_214_TX_3,1643.8214409254738,1643.8214409254738,0.0,0.0,1.0,1.0,0.0,21.074633858018895,19.0
point_gbdt_safety,FOODS_1_215_CA_1,1675.9021095713315,1589.665350287139,86.23675928419232,0.0,0.8417674141574453,0.9358974358974359,0.0641025641025641,20.38032500368127,109.0
point_gbdt_safety,FOODS_2_001_TX_1,1621.8081319606163,1607.1390797728704,14.669052187745706,0.0,0.9654845830876572,0.9743589743589743,0.02564102564102564,20.604347176575263,85.0
point_gbdt_safety,FOODS_2_002_CA_3,1710.8154402345988,1705.286946821278,5.528493413320845,0.0,0.9877144590815092,0.9871794871794872,0.01282051282051282,21.86265316437536,90.0
point_gbdt_safety,FOODS_2_004_CA_1,1548.5271053866718,1539.1410016342397,9.386103752432113,0.0,0.982618326384385,0.9743589743589743,0.02564102564102564,19.732576944028715,108.0
point_gbdt_safety,FOODS_2_009_CA_1,1687.9467358575382,1687.9467358575382,0.0,0.0,1.0,1.0,0.0,21.640342767404338,77.0
point_gbdt_safety,FOODS_2_009_WI_1,1690.8098619693637,1570.9996258508831,119.81023611848059,0.0,0.8347445019055441,0.9102564102564102,0.08974358974358974,20.141020844242092,145.0
point_gbdt_safety,FOODS_2_012_CA_3,1951.7413064163475,1951.7413064163475,0.0,0.0,1.0,1.0,0.0,25.022324441235224,28.0
point_gbdt_safety,FOODS_2_014_CA_3,1618.7956684626724,1588.6660387178413,30.129629744831057,0.0,0.9385109597044264,0.9487179487179487,0.05128205128205128,20.3675133168954,98.0
point_gbdt_safety,FOODS_2_014_TX_1,1694.6846405394622,1694.6846405394622,0.0,0.0,1.0,1.0,0.0,21.726726160762336,29.0
point_gbdt_safety,FOODS_2_015_CA_1,1695.5469443270194,1695.5469443270194,0.0,0.0,1.0,1.0,0.0,21.73778133752589,61.0
point_gbdt_safety,FOODS_2_017_WI_1,1502.1503124638582,1502.1503124638582,0.0,0.0,1.0,1.0,0.0,19.258337339280235,45.0
point_gbdt_safety,FOODS_2_017_WI_3,1736.564330225128,1736.564330225128,0.0,0.0,1.0,1.0,0.0,22.263645259296514,2.0
point_gbdt_safety,FOODS_2_024_CA_4,1694.820541255624,1694.820541255624,0.0,0.0,1.0,1.0,0.0,21.728468477636206,64.0
point_gbdt_safety,FOODS_2_024_TX_2,1952.3618809416776,1952.3618809416776,0.0,0.0,1.0,1.0,0.0,25.030280524893303,37.0
point_gbdt_safety,FOODS_2_029_TX_3,2373.0817620081675,1930.0356905365038,443.0460714716638,0.0,0.6777846752933353,0.8205128205128205,0.1794871794871795,24.74404731457056,275.0
point_gbdt_safety,FOODS_2_031_TX_1,2482.690669994013,2482.690669994013,0.0,0.0,1.0,1.0,0.0,31.82936756402581,9.0
point_gbdt_safety,FOODS_2_034_WI_3,1803.8542854998157,1803.8542854998157,0.0,0.0,1.0,1.0,0.0,23.12633699358738,91.0
point_gbdt_safety,FOODS_2_043_TX_2,1583.1178151917488,1583.1178151917488,0.0,0.0,1.0,1.0,0.0,20.29638224604806,28.0
point_gbdt_safety,FOODS_2_045_TX_1,2113.580625553528,2113.580625553528,0.0,0.0,1.0,1.0,0.0,27.097187507096514,16.0
point_gbdt_safety,FOODS_2_046_CA_3,1762.3048949321906,1762.3048949321906,0.0,0.0,1.0,1.0,0.0,22.59365249913065,19.0
point_gbdt_safety,FOODS_2_047_CA_4,1495.9135063842034,1491.1234731891552,4.7900331950481245,0.0,0.9868766213834298,0.9871794871794872,0.01282051282051282,19.11696760498917,73.0
point_gbdt_safety,FOODS_2_047_WI_3,1587.943200491338,1562.994899713662,24.948300777676025,0.0,0.9316484910200656,0.9615384615384616,0.038461538461538464,20.038396150175156,73.0
point_gbdt_safety,FOODS_2_051_WI_3,1503.3799932750408,1493.8610113873922,9.518981887648543,0.0,0.9742730219252741,0.9871794871794872,0.01282051282051282,19.15206424855631,74.0
point_gbdt_safety,FOODS_2_055_TX_1,1570.675078440301,1570.675078440301,0.0,0.0,1.0,1.0,0.0,20.13685998000386,95.0
point_gbdt_safety,FOODS_2_067_CA_2,2946.7541299903237,2946.7541299903237,0.0,0.0,1.0,1.0,0.0,37.77889910244005,15.0
point_gbdt_safety,FOODS_2_067_WI_3,2067.5872589732853,2067.5872589732853,0.0,0.0,1.0,1.0,0.0,26.507528961195966,0.0
point_gbdt_safety,FOODS_2_082_TX_3,1859.8125718281608,1755.3327213086002,104.47985051956064,0.0,0.8965546034459795,0.9102564102564102,0.08974358974358974,22.504265657802566,202.0
point_gbdt_safety,FOODS_2_084_WI_1,1650.0391122268175,1650.0391122268175,0.0,0.0,1.0,1.0,0.0,21.154347592651504,70.0
point_gbdt_safety,FOODS_2_085_TX_2,1709.165456871791,1709.165456871791,0.0,0.0,1.0,1.0,0.0,21.91237765220245,37.0
point_gbdt_safety,FOODS_2_087_WI_3,1613.0225214118025,1613.0225214118025,0.0,0.0,1.0,1.0,0.0,20.67977591553593,18.0
point_gbdt_safety,FOODS_2_100_WI_3,1522.8852297595886,1415.4174846155263,107.46774514406238,0.0,0.8442496447187502,0.8974358974358975,0.10256410256410256,18.146378007891364,138.0
point_gbdt_safety,FOODS_2_101_WI_1,1455.5776953123534,1455.5776953123534,0.0,0.0,1.0,1.0,0.0,18.66125250400453,94.0
point_gbdt_safety,FOODS_2_104_CA_2,1664.8222869106035,1664.8222869106035,0.0,0.0,1.0,1.0,0.0,21.343875473212865,65.0
point_gbdt_safety,FOODS_2_105_TX_3,1602.2787651254769,1602.2787651254769,0.0,0.0,1.0,1.0,0.0,20.542035450326626,53.0
point_gbdt_safety,FOODS_2_107_CA_1,1747.1747466742302,1747.1747466742302,0.0,0.0,1.0,1.0,0.0,22.399676239413207,83.0
point_gbdt_safety,FOODS_2_107_CA_3,1969.4665084580372,1856.1533332298893,113.31317522814778,0.0,0.8095576886921886,0.8846153846153846,0.11538461538461539,23.796837605511403,119.0
point_gbdt_safety,FOODS_2_108_TX_1,1552.7595044834802,1552.7595044834802,0.0,0.0,1.0,1.0,0.0,19.907173134403592,42.0
point_gbdt_safety,FOODS_2_108_WI_2,1713.6686645208426,1642.107103030514,71.5615614903286,0.0,0.896287592043002,0.9358974358974359,0.0641025641025641,21.05265516705787,138.0
point_gbdt_safety,FOODS_2_116_TX_3,1973.215947366071,1973.215947366071,0.0,0.0,1.0,1.0,0.0,25.297640350847065,76.0
point_gbdt_safety,FOODS_2_117_WI_2,2749.1981790812797,2688.7466883685984,60.45149071268117,0.0,0.9462653415887279,0.9230769230769231,0.07692307692307693,34.471111389341004,225.0
point_gbdt_safety,FOODS_2_118_CA_2,1447.8917897256208,1447.8917897256208,0.0,0.0,1.0,1.0,0.0,18.562715252892573,39.0
point_gbdt_safety,FOODS_2_118_CA_4,1359.5144721002316,1359.5144721002316,0.0,0.0,1.0,1.0,0.0,17.42967271923374,52.0
point_gbdt_safety,FOODS_2_124_CA_4,1731.5276244630022,1731.5276244630022,0.0,0.0,1.0,1.0,0.0,22.19907210850003,21.0
point_gbdt_safety,FOODS_2_124_WI_2,1731.5336834575967,1731.5336834575967,0.0,0.0,1.0,1.0,0.0,22.199149787917907,18.0
point_gbdt_safety,FOODS_2_128_TX_3,9152.209256037871,8398.255536227207,753.9537198106644,0.0,0.5444388399935562,0.7948717948717948,0.20512820512820512,107.66994277214368,331.0
point_gbdt_safety,FOODS_2_129_TX_2,1599.1515396789428,1599.1515396789428,0.0,0.0,1.0,1.0,0.0,20.501942816396703,16.0
point_gbdt_safety,FOODS_2_130_WI_2,2250.4431356771915,2229.156911079082,21.286224598109627,0.0,0.9804713535797158,0.9743589743589743,0.02564102564102564,28.57893475742413,218.0
point_gbdt_safety,FOODS_2_132_TX_2,1643.7256785748289,1643.7256785748289,0.0,0.0,1.0,1.0,0.0,21.07340613557473,0.0
point_gbdt_safety,FOODS_2_133_TX_2,1636.74346269997,1636.74346269997,0.0,0.0,1.0,1.0,0.0,20.983890547435514,53.0
point_gbdt_safety,FOODS_2_133_TX_3,1263.6967504762254,1235.7699020584641,27.92684841776124,0.0,0.9069105052741293,0.9487179487179487,0.05128205128205128,15.843203872544413,60.0
point_gbdt_safety,FOODS_2_141_CA_3,1721.283243601559,1721.283243601559,0.0,0.0,1.0,1.0,0.0,22.06773389232768,132.0
point_gbdt_safety,FOODS_2_146_WI_1,1495.0194260336243,1487.929225376562,7.090200657062269,0.0,0.9877755161085133,0.9871794871794872,0.01282051282051282,19.076015709955925,116.0
point_gbdt_safety,FOODS_2_148_CA_2,1489.430064909052,1489.430064909052,0.0,0.0,1.0,1.0,0.0,19.09525724242374,58.0
point_gbdt_safety,FOODS_2_149_TX_1,1896.7107468969614,1692.99720679117,203.71354010579154,0.0,0.8414680621744813,0.8589743589743589,0.14102564102564102,21.705092394758587,257.0
point_gbdt_safety,FOODS_2_155_CA_4,2069.3345516373156,2069.3345516373156,0.0,0.0,1.0,1.0,0.0,26.529930149196353,10.0
point_gbdt_safety,FOODS_2_159_CA_1,1658.169395245858,1658.169395245858,0.0,0.0,1.0,1.0,0.0,21.25858199033151,30.0
point_gbdt_safety,FOODS_2_163_TX_3,1524.1645001527008,1524.1645001527008,0.0,0.0,1.0,1.0,0.0,19.540570514778217,74.0
point_gbdt_safety,FOODS_2_165_CA_4,1579.5253790187405,1579.5253790187405,0.0,0.0,1.0,1.0,0.0,20.250325372035135,10.0
point_gbdt_safety,FOODS_2_165_TX_1,1605.78631127048,1605.78631127048,0.0,0.0,1.0,1.0,0.0,20.58700399064718,4.0
point_gbdt_safety,FOODS_2_166_TX_2,2697.52416746466,2697.52416746466,0.0,0.0,1.0,1.0,0.0,34.583643172623844,11.0
point_gbdt_safety,FOODS_2_169_TX_3,1699.3695436521634,1699.3695436521634,0.0,0.0,1.0,1.0,0.0,21.786789021181583,15.0
point_gbdt_safety,FOODS_2_172_CA_2,1471.1192199459947,1443.333337987064,27.785881958930787,0.0,0.9455178785119004,0.9871794871794872,0.01282051282051282,18.504273563936717,102.0
point_gbdt_safety,FOODS_2_176_WI_3,1775.318283634545,1775.318283634545,0.0,0.0,1.0,1.0,0.0,22.7604908158275,16.0
point_gbdt_safety,FOODS_2_177_WI_1,1748.3282415548217,1748.3282415548217,0.0,0.0,1.0,1.0,0.0,22.41446463531823,47.0
point_gbdt_safety,FOODS_2_182_TX_3,1689.9606536193978,1689.9606536193978,0.0,0.0,1.0,1.0,0.0,21.666162225889714,31.0
point_gbdt_safety,FOODS_2_183_CA_4,1834.9040202175179,1653.8792546450377,181.02476557248025,0.0,0.8398010924137342,0.8589743589743589,0.14102564102564102,21.203580187756895,226.0
point_gbdt_safety,FOODS_2_186_TX_1,1594.2265659192901,1594.2265659192901,0.0,0.0,1.0,1.0,0.0,20.438802127170387,38.0
point_gbdt_safety,FOODS_2_187_CA_1,1609.697803306765,1609.697803306765,0.0,0.0,1.0,1.0,0.0,20.637151324445707,48.0
point_gbdt_safety,FOODS_2_192_CA_2,1776.7448760682717,1776.7448760682717,0.0,0.0,1.0,1.0,0.0,22.77878046241374,116.0
point_gbdt_safety,FOODS_2_192_TX_1,1834.812343521981,1834.812343521981,0.0,0.0,1.0,1.0,0.0,23.523235173358728,20.0
point_gbdt_safety,FOODS_2_198_CA_4,1615.833054377339,1615.833054377339,0.0,0.0,1.0,1.0,0.0,20.715808389453066,20.0
point_gbdt_safety,FOODS_2_200_TX_1,1842.2160714128106,1842.2160714128106,0.0,0.0,1.0,1.0,0.0,23.6181547617027,30.0
point_gbdt_safety,FOODS_2_201_WI_3,1604.7786965892114,1588.505776299251,16.272920289960524,0.0,0.9737533543710314,0.9615384615384616,0.038461538461538464,20.36545867050322,124.0
point_gbdt_safety,FOODS_2_202_WI_3,1661.6956656806994,1661.6956656806994,0.0,0.0,1.0,1.0,0.0,21.303790585649992,55.0
point_gbdt_safety,FOODS_2_204_CA_4,1947.248619773235,1875.8385066560886,71.41011311714642,0.0,0.9149879605748258,0.9102564102564102,0.08974358974358974,24.04921162379601,168.0
point_gbdt_safety,FOODS_2_206_CA_3,2202.589569398719,2202.589569398719,0.0,0.0,1.0,1.0,0.0,28.23832781280409,180.0
point_gbdt_safety,FOODS_2_207_CA_3,1882.8064383883345,1882.8064383883345,0.0,0.0,1.0,1.0,0.0,24.138544081901724,13.0
point_gbdt_safety,FOODS_2_208_TX_1,1977.6743012198153,1977.6743012198153,0.0,0.0,1.0,1.0,0.0,25.354798733587376,132.0
point_gbdt_safety,FOODS_2_212_CA_2,1840.579895929115,1840.579895929115,0.0,0.0,1.0,1.0,0.0,23.597178152937374,113.0
point_gbdt_safety,FOODS_2_214_CA_3,2097.3448540833974,2097.3448540833974,0.0,0.0,1.0,1.0,0.0,26.889036590812786,36.0
point_gbdt_safety,FOODS_2_218_CA_4,1574.203917161329,1574.203917161329,0.0,0.0,1.0,1.0,0.0,20.18210150206832,49.0
point_gbdt_safety,FOODS_2_219_TX_1,1582.0464191755345,1582.0464191755345,0.0,0.0,1.0,1.0,0.0,20.28264639968634,38.0
point_gbdt_safety,FOODS_2_224_TX_2,1480.5070319950637,1480.5070319950637,0.0,0.0,1.0,1.0,0.0,18.980859384552097,53.0
point_gbdt_safety,FOODS_2_231_CA_1,1982.0329271386427,1982.0329271386427,0.0,0.0,1.0,1.0,0.0,25.410678553059522,40.0
point_gbdt_safety,FOODS_2_234_WI_3,1619.6914145134058,1619.6914145134058,0.0,0.0,1.0,1.0,0.0,20.765274545043663,16.0
point_gbdt_safety,FOODS_2_235_CA_2,1507.4831789346354,1507.4831789346354,0.0,0.0,1.0,1.0,0.0,19.326707422238915,85.0
point_gbdt_safety,FOODS_2_241_CA_3,3748.417943412055,2679.3812633656485,1069.0366800464064,0.0,0.7353869603845529,0.6794871794871795,0.32051282051282054,34.35104183802113,808.0
point_gbdt_safety,FOODS_2_241_WI_3,3091.8691218774125,2951.9472714050694,139.921850472343,0.0,0.8978672624289467,0.8974358974358975,0.10256410256410256,37.84547783852653,274.0
point_gbdt_safety,FOODS_2_242_CA_3,1976.7776956586529,1976.7776956586529,0.0,0.0,1.0,1.0,0.0,25.34330379049555,115.0
point_gbdt_safety,FOODS_2_242_WI_1,1787.6207080384684,1567.294501587576,220.32620645089239,0.0,0.7452876226001244,0.8846153846153846,0.11538461538461539,20.093519251122768,173.0
point_gbdt_safety,FOODS_2_250_WI_2,2161.4458988880006,2161.4458988880006,0.0,0.0,1.0,1.0,0.0,27.71084485753847,59.0
point_gbdt_safety,FOODS_2_253_CA_1,1466.6962319302286,1440.0881936701744,26.60803826005413,0.0,0.9433871526381827,0.9615384615384616,0.038461538461538464,18.46266914961762,94.0
point_gbdt_safety,FOODS_2_254_TX_3,1543.1770305776654,1543.1770305776654,0.0,0.0,1.0,1.0,0.0,19.784320904841863,51.0
point_gbdt_safety,FOODS_2_254_WI_1,1411.584566315158,1411.584566315158,0.0,0.0,1.0,1.0,0.0,18.097238029681513,27.0
point_gbdt_safety,FOODS_2_255_TX_2,5880.999999999999,5880.999999999999,0.0,0.0,1.0,1.0,0.0,75.39743589743588,62.0
point_gbdt_safety,FOODS_2_261_WI_2,1924.6283427134797,1924.6283427134797,0.0,0.0,1.0,1.0,0.0,24.67472234248051,89.0
point_gbdt_safety,FOODS_2_270_CA_3,1811.7163861978852,1811.7163861978852,0.0,0.0,1.0,1.0,0.0,23.227133156383143,18.0
point_gbdt_safety,FOODS_2_270_WI_2,1538.5397328292563,1538.5397328292563,0.0,0.0,1.0,1.0,0.0,19.72486836960585,35.0
point_gbdt_safety,FOODS_2_271_WI_2,1721.5378811044159,1721.5378811044159,0.0,0.0,1.0,1.0,0.0,22.07099847569764,13.0
point_gbdt_safety,FOODS_2_273_TX_3,1587.5934209058603,1587.5934209058603,0.0,0.0,1.0,1.0,0.0,20.353761806485387,16.0
point_gbdt_safety,FOODS_2_274_CA_3,2640.7553525112503,2519.891896678739,120.863455832511,0.0,0.9044557661403075,0.9102564102564102,0.08974358974358974,32.30630636767614,253.0
point_gbdt_safety,FOODS_2_274_TX_2,2278.248804617627,2278.248804617627,0.0,0.0,1.0,1.0,0.0,29.20831800791829,136.0
point_gbdt_safety,FOODS_2_278_CA_4,1519.5716677606804,1506.4295791642783,13.142088596402033,0.0,0.9561930380119932,0.9743589743589743,0.02564102564102564,19.31319973287536,60.0
point_gbdt_safety,FOODS_2_284_TX_3,1659.3902178421554,1659.3902178421554,0.0,0.0,1.0,1.0,0.0,21.274233562078916,25.0
point_gbdt_safety,FOODS_2_284_WI_2,1583.069490914072,1583.069490914072,0.0,0.0,1.0,1.0,0.0,20.295762704026565,53.0
point_gbdt_safety,FOODS_2_290_WI_1,1561.6944150022423,1513.1226746385155,48.57174036372669,0.0,0.9306117994803904,0.9358974358974359,0.0641025641025641,19.399008649211737,140.0
point_gbdt_safety,FOODS_2_298_TX_2,1761.5105856414013,1761.5105856414013,0.0,0.0,1.0,1.0,0.0,22.583469046684634,41.0
point_gbdt_safety,FOODS_2_306_TX_1,1657.281527630317,1657.281527630317,0.0,0.0,1.0,1.0,0.0,21.24719907218355,48.0
point_gbdt_safety,FOODS_2_309_TX_2,1383.0472727862923,1383.0472727862923,0.0,0.0,1.0,1.0,0.0,17.731375292131954,56.0
point_gbdt_safety,FOODS_2_311_WI_3,1556.4934698865359,1536.8699074882695,19.6235623982664,0.0,0.9568712914323816,0.9487179487179487,0.05128205128205128,19.70346035241371,91.0
point_gbdt_safety,FOODS_2_312_CA_1,1871.4818308721553,1871.4818308721553,0.0,0.0,1.0,1.0,0.0,23.993356806053274,31.0
point_gbdt_safety,FOODS_2_312_TX_2,1593.0701954984181,1593.0701954984181,0.0,0.0,1.0,1.0,0.0,20.423976865364335,71.0
point_gbdt_safety,FOODS_2_313_CA_4,2001.59209796717,2001.59209796717,0.0,0.0,1.0,1.0,0.0,25.661437153425258,2.0
point_gbdt_safety,FOODS_2_321_WI_1,1443.7688348511838,1443.7688348511838,0.0,0.0,1.0,1.0,0.0,18.50985685706646,68.0
point_gbdt_safety,FOODS_2_325_WI_3,2738.758308674677,2216.8725942926017,521.8857143820753,0.0,0.7965357838666373,0.7692307692307693,0.23076923076923078,28.421443516571816,513.0
point_gbdt_safety,FOODS_2_326_WI_1,2317.4782501331347,1747.7367160266624,569.7415341064724,0.0,0.7800225737040646,0.7564102564102564,0.24358974358974358,22.4068809747008,518.0
point_gbdt_safety,FOODS_2_329_TX_3,1688.2584410614754,1688.2584410614754,0.0,0.0,1.0,1.0,0.0,21.644338987967632,19.0
point_gbdt_safety,FOODS_2_332_TX_2,1742.7068131660722,1742.7068131660722,0.0,0.0,1.0,1.0,0.0,22.34239504059067,46.0
point_gbdt_safety,FOODS_2_332_WI_1,1583.7299035064557,1583.7299035064557,0.0,0.0,1.0,1.0,0.0,20.30422953213405,37.0
point_gbdt_safety,FOODS_2_338_TX_3,1607.5492305437263,1595.692455088457,11.856775455269215,0.0,0.9802387075745513,0.9871794871794872,0.01282051282051282,20.45759557805714,120.0
point_gbdt_safety,FOODS_2_340_WI_2,1749.8940807763506,1749.8940807763506,0.0,0.0,1.0,1.0,0.0,22.4345394971327,92.0
point_gbdt_safety,FOODS_2_342_CA_3,2792.0049662701454,2500.6651919792653,291.33977429088014,0.0,0.8619242775872605,0.8333333333333334,0.16666666666666666,32.05981015358032,422.0
point_gbdt_safety,FOODS_2_347_WI_3,4224.33121444272,3091.4334984014063,1132.897716041314,0.0,0.6618215773011003,0.7307692307692307,0.2692307692307692,39.633762800018026,670.0
point_gbdt_safety,FOODS_2_350_WI_2,1824.510008380897,1824.510008380897,0.0,0.0,1.0,1.0,0.0,23.391153953601243,29.0
point_gbdt_safety,FOODS_2_351_CA_1,1574.8098701455842,1574.8098701455842,0.0,0.0,1.0,1.0,0.0,20.189870130071593,52.0
point_gbdt_safety,FOODS_2_354_CA_4,1549.4127225877085,1549.4127225877085,0.0,0.0,1.0,1.0,0.0,19.86426567420139,19.0
point_gbdt_safety,FOODS_2_355_WI_2,1646.167934257583,1632.9988198868484,13.169114370734576,0.0,0.9827854714108045,0.9743589743589743,0.02564102564102564,20.935882306241645,153.0
point_gbdt_safety,FOODS_2_356_CA_2,1683.8105669357747,1683.8105669357747,0.0,0.0,1.0,1.0,0.0,21.58731496071506,136.0
point_gbdt_safety,FOODS_2_370_CA_2,1608.7717547325249,1608.7717547325249,0.0,0.0,1.0,1.0,0.0,20.62527890682724,47.0
point_gbdt_safety,FOODS_2_370_CA_3,2113.154368588672,2113.154368588672,0.0,0.0,1.0,1.0,0.0,27.09172267421374,36.0
point_gbdt_safety,FOODS_2_371_WI_3,3177.3635996105504,2775.2598897590096,402.1037098515409,0.0,0.8719414936778532,0.8461538461538461,0.15384615384615385,35.58025499691038,628.0
point_gbdt_safety,FOODS_2_376_TX_1,1709.2465616887093,1709.2465616887093,0.0,0.0,1.0,1.0,0.0,21.913417457547556,47.0
point_gbdt_safety,FOODS_2_386_CA_2,1507.5158440906516,1507.5158440906516,0.0,0.0,1.0,1.0,0.0,19.327126206290405,49.0
point_gbdt_safety,FOODS_2_387_WI_2,1786.703817333132,1786.703817333132,0.0,0.0,1.0,1.0,0.0,22.906459196578616,111.0
point_gbdt_safety,FOODS_2_389_TX_2,2074.378772972687,2074.378772972687,0.0,0.0,1.0,1.0,0.0,26.594599653495987,3.0
point_gbdt_safety,FOODS_2_390_CA_4,2433.0851324367036,2433.0851324367036,0.0,0.0,1.0,1.0,0.0,31.193399133803894,4.0
point_gbdt_safety,FOODS_2_399_TX_2,1671.384217436188,1671.384217436188,0.0,0.0,1.0,1.0,0.0,21.428002787643436,108.0
point_gbdt_safety,FOODS_3_003_WI_3,1511.422533090589,1511.422533090589,0.0,0.0,1.0,1.0,0.0,19.37721196269986,34.0
point_gbdt_safety,FOODS_3_009_CA_4,1608.7469613875041,1608.7469613875041,0.0,0.0,1.0,1.0,0.0,20.62496104342954,48.0
point_gbdt_safety,FOODS_3_009_TX_2,1771.4944482291764,1771.4944482291764,0.0,0.0,1.0,1.0,0.0,22.711467284989443,76.0
point_gbdt_safety,FOODS_3_011_CA_1,1574.7571792209314,1397.6008794357392,177.15629978519232,0.0,0.8459510436650501,0.8717948717948718,0.1282051282051282,17.917959992765887,230.0
point_gbdt_safety,FOODS_3_014_CA_1,2155.6553933869786,2155.6553933869786,0.0,0.0,1.0,1.0,0.0,27.636607607525367,2.0
point_gbdt_safety,FOODS_3_019_TX_2,1810.3982414512325,1810.3982414512325,0.0,0.0,1.0,1.0,0.0,23.21023386475939,48.0
point_gbdt_safety,FOODS_3_022_CA_1,1718.819829078592,1718.819829078592,0.0,0.0,1.0,1.0,0.0,22.036151654853743,29.0
point_gbdt_safety,FOODS_3_023_TX_1,1517.6635016505359,1517.6635016505359,0.0,0.0,1.0,1.0,0.0,19.457224380135074,84.0
point_gbdt_safety,FOODS_3_023_TX_3,1648.25794675122,1648.25794675122,0.0,0.0,1.0,1.0,0.0,21.131512137836154,60.0
point_gbdt_safety,FOODS_3_023_WI_2,1636.2517316998137,1636.2517316998137,0.0,0.0,1.0,1.0,0.0,20.977586303843765,53.0
point_gbdt_safety,FOODS_3_024_TX_3,2316.0162250237527,2221.874790462558,94.14143456119469,0.0,0.9034446825013388,0.9487179487179487,0.05128205128205128,28.48557423669946,195.0
point_gbdt_safety,FOODS_3_024_WI_1,3981.8317560866635,3981.8317560866635,0.0,0.0,1.0,1.0,0.0,51.049125078034145,75.0
point_gbdt_safety,FOODS_3_026_CA_1,1847.3477118712094,1821.8463690074234,25.501342863785936,0.0,0.9703472757397837,0.9615384615384616,0.038461538461538464,23.357004730864404,172.0
point_gbdt_safety,FOODS_3_030_TX_3,7772.32520885279,6000.962816292493,1771.3623925602974,0.0,0.7883676950346121,0.782051282051282,0.21794871794871795,76.93542072169862,1674.0
point_gbdt_safety,FOODS_3_034_CA_1,1549.2401376794603,1506.935832881021,42.304304798439176,0.0,0.9408331401420433,0.9615384615384616,0.038461538461538464,19.319690165141296,143.0
point_gbdt_safety,FOODS_3_035_WI_1,1769.7017791420492,1769.7017791420492,0.0,0.0,1.0,1.0,0.0,22.68848434797499,61.0
point_gbdt_safety,FOODS_3_036_CA_4,1910.9532914035724,1910.9532914035724,0.0,0.0,1.0,1.0,0.0,24.49940117184067,9.0
point_gbdt_safety,FOODS_3_038_CA_4,1478.8575752159704,1478.8575752159704,0.0,0.0,1.0,1.0,0.0,18.959712502768852,69.0
point_gbdt_safety,FOODS_3_038_WI_1,1558.1608318146482,1555.5911675599255,2.569664254722852,0.0,0.9928620437368809,0.9871794871794872,0.01282051282051282,19.94347650717853,72.0
point_gbdt_safety,FOODS_3_040_WI_1,1215.9854909792102,1128.2115030304565,87.77398794875367,0.0,0.804946693447214,0.8846153846153846,0.11538461538461539,14.464250038852006,90.0
point_gbdt_safety,FOODS_3_048_TX_1,2241.5497658131276,2241.5497658131276,0.0,0.0,1.0,1.0,0.0,28.737817510424712,64.0
point_gbdt_safety,FOODS_3_048_TX_3,2125.905534711671,2125.905534711671,0.0,0.0,1.0,1.0,0.0,27.25519916297014,109.0
point_gbdt_safety,FOODS_3_049_TX_1,1742.446583783948,1742.446583783948,0.0,0.0,1.0,1.0,0.0,22.339058766460873,28.0
point_gbdt_safety,FOODS_3_050_CA_2,1632.94031353419,1632.94031353419,0.0,0.0,1.0,1.0,0.0,20.935132224797307,67.0
point_gbdt_safety,FOODS_3_053_CA_4,1642.407065165474,1605.0657329646012,37.34133220087287,0.0,0.9160868939306228,0.9615384615384616,0.038461538461538464,20.577765807238478,89.0
point_gbdt_safety,FOODS_3_054_WI_3,1701.0459397733212,1701.0459397733212,0.0,0.0,1.0,1.0,0.0,21.80828127914514,0.0
point_gbdt_safety,FOODS_3_057_WI_3,1638.1135898389362,1638.1135898389362,0.0,0.0,1.0,1.0,0.0,21.00145627998636,20.0
point_gbdt_safety,FOODS_3_066_CA_4,2029.5003550021397,1735.9311978874423,293.5691571146973,0.0,0.7887991675433833,0.8333333333333334,0.16666666666666666,22.25552817804413,278.0
point_gbdt_safety,FOODS_3_066_TX_3,2006.3471414715798,1737.1839947621236,269.16314670945616,0.0,0.7880605144020031,0.8076923076923077,0.19230769230769232,22.271589676437483,254.0
point_gbdt_safety,FOODS_3_067_CA_4,1570.1454636374942,1570.1454636374942,0.0,0.0,1.0,1.0,0.0,20.13007004663454,87.0
point_gbdt_safety,FOODS_3_072_WI_3,1554.3303225008635,1554.3303225008635,0.0,0.0,1.0,1.0,0.0,19.927311826934147,36.0
point_gbdt_safety,FOODS_3_074_CA_2,1684.6872798725801,1571.9875215192828,112.69975835329731,0.0,0.8768308651876532,0.8974358974358975,0.10256410256410256,20.15368617332414,183.0
point_gbdt_safety,FOODS_3_091_TX_1,1471.2398630577575,1471.2398630577575,0.0,0.0,1.0,1.0,0.0,18.862049526381504,46.0
point_gbdt_safety,FOODS_3_091_WI_1,1523.3674709919899,1523.3674709919899,0.0,0.0,1.0,1.0,0.0,19.530352192204997,29.0
point_gbdt_safety,FOODS_3_094_TX_2,1608.8530915276094,1602.2283895809921,6.624701946617257,0.0,0.9866167637442076,0.9871794871794872,0.01282051282051282,20.54138961001272,99.0
point_gbdt_safety,FOODS_3_101_WI_3,1815.5429198819102,1625.0876383205095,190.45528156140057,0.0,0.8629818118263305,0.8333333333333334,0.16666666666666666,20.834456901544993,278.0
point_gbdt_safety,FOODS_3_102_WI_2,1621.6223441542188,1621.6223441542188,0.0,0.0,1.0,1.0,0.0,20.790030053259215,110.0
point_gbdt_safety,FOODS_3_103_TX_1,1611.9902264337952,1611.9902264337952,0.0,0.0,1.0,1.0,0.0,20.666541364535835,23.0
point_gbdt_safety,FOODS_3_103_WI_1,1568.1160674659357,1532.0500722052645,36.06599526067107,0.0,0.9473489120282175,0.9358974358974359,0.0641025641025641,19.641667592375185,137.0
point_gbdt_safety,FOODS_3_110_WI_1,1578.5851779505556,1578.5851779505556,0.0,0.0,1.0,1.0,0.0,20.23827151218661,24.0
point_gbdt_safety,FOODS_3_111_TX_1,1565.4584312346499,1565.4584312346499,0.0,0.0,1.0,1.0,0.0,20.069979887623717,18.0
point_gbdt_safety,FOODS_3_111_WI_1,1670.415010991456,1670.415010991456,0.0,0.0,1.0,1.0,0.0,21.415577063993027,32.0
point_gbdt_safety,FOODS_3_117_CA_4,1537.5022524471697,1537.5022524471697,0.0,0.0,1.0,1.0,0.0,19.711567339066278,78.0
point_gbdt_safety,FOODS_3_120_TX_1,6612.9379137487285,5001.943821816791,1610.9940919319374,0.0,0.6575995553810974,0.717948717948718,0.28205128205128205,64.12748489508706,941.0
point_gbdt_safety,FOODS_3_125_CA_1,1939.1215055497917,1939.1215055497917,0.0,0.0,1.0,1.0,0.0,24.860532122433227,48.0
point_gbdt_safety,FOODS_3_126_WI_1,1717.751244851647,1717.751244851647,0.0,0.0,1.0,1.0,0.0,22.022451857072397,125.0
point_gbdt_safety,FOODS_3_133_CA_1,2799.394811896137,2042.791830948612,756.6029809475253,0.0,0.7345252698429736,0.7435897435897436,0.2564102564102564,26.189638858315536,570.0
point_gbdt_safety,FOODS_3_133_CA_2,2418.30697687694,1903.5173326796044,514.789644197336,0.0,0.772719803886386,0.7307692307692307,0.2692307692307692,24.404068367687234,453.0
point_gbdt_safety,FOODS_3_133_TX_1,2341.9560337621174,2197.5866903318542,144.36934343026314,0.0,0.8563489120096884,0.8589743589743589,0.14102564102564102,28.174188337587875,201.0
point_gbdt_safety,FOODS_3_134_TX_1,1933.6618482662086,1555.0629533917554,378.5988948744532,0.0,0.7746435149556826,0.8333333333333334,0.16666666666666666,19.93670453066353,336.0
point_gbdt_safety,FOODS_3_136_CA_1,1882.6116480086755,1459.4995688266486,423.11207918202695,0.0,0.7719072349423034,0.7307692307692307,0.2692307692307692,18.71153293367498,371.0
point_gbdt_safety,FOODS_3_138_WI_3,1595.7197039272799,1487.9990200137956,107.72068391348424,0.0,0.8709931929179829,0.8717948717948718,0.1282051282051282,19.07691051299738,167.0
point_gbdt_safety,FOODS_3_141_TX_3,1701.7494699143342,1701.7494699143342,0.0,0.0,1.0,1.0,0.0,21.817300896337617,22.0
point_gbdt_safety,FOODS_3_154_CA_1,1732.156981843679,1732.156981843679,0.0,0.0,1.0,1.0,0.0,22.20714079286768,30.0
point_gbdt_safety,FOODS_3_155_TX_1,1621.6047041368945,1621.6047041368945,0.0,0.0,1.0,1.0,0.0,20.789803899190954,18.0
point_gbdt_safety,FOODS_3_157_CA_2,1917.980288296172,1917.980288296172,0.0,0.0,1.0,1.0,0.0,24.58949087559195,60.0
point_gbdt_safety,FOODS_3_158_WI_3,1615.3322355367902,1615.3322355367902,0.0,0.0,1.0,1.0,0.0,20.709387635087054,29.0
point_gbdt_safety,FOODS_3_160_CA_1,1433.5679731143653,1356.5954337945418,76.97253931982354,0.0,0.5723747815565359,0.9358974358974359,0.0641025641025641,17.392249151212074,36.0
point_gbdt_safety,FOODS_3_160_TX_1,1541.8495025238963,1541.8495025238963,0.0,0.0,1.0,1.0,0.0,19.767301314408925,0.0
point_gbdt_safety,FOODS_3_160_WI_2,1419.0536292325542,1419.0536292325542,0.0,0.0,1.0,1.0,0.0,18.192995246571208,13.0
point_gbdt_safety,FOODS_3_161_WI_1,1901.6732433541915,1901.6732433541915,0.0,0.0,1.0,1.0,0.0,24.38042619684861,19.0
point_gbdt_safety,FOODS_3_162_WI_2,1761.4048739254329,1761.4048739254329,0.0,0.0,1.0,1.0,0.0,22.58211376827478,61.0
point_gbdt_safety,FOODS_3_163_TX_2,1353.5943189392876,1341.6054872296174,11.988831709670293,0.0,0.9724394673340913,0.9743589743589743,0.02564102564102564,17.20007034909766,87.0
point_gbdt_safety,FOODS_3_169_TX_3,1850.402883063033,1850.402883063033,0.0,0.0,1.0,1.0,0.0,23.723113885423498,154.0
point_gbdt_safety,FOODS_3_171_WI_2,1673.6728005711957,1673.6728005711957,0.0,0.0,1.0,1.0,0.0,21.45734359706661,15.0
point_gbdt_safety,FOODS_3_172_CA_3,1981.6165355935623,1981.6165355935623,0.0,0.0,1.0,1.0,0.0,25.405340199917465,166.0
point_gbdt_safety,FOODS_3_172_TX_3,2024.1481297865198,1995.5887053468657,28.55942443965418,0.0,0.950759613035079,0.9615384615384616,0.038461538461538464,25.584470581370073,116.0
point_gbdt_safety,FOODS_3_176_WI_3,1834.1753524288356,1834.1753524288356,0.0,0.0,1.0,1.0,0.0,23.51506862088251,45.0
point_gbdt_safety,FOODS_3_178_WI_2,1577.4414968716223,1527.785877878052,49.655618993570485,0.0,0.9151186000109907,0.9487179487179487,0.05128205128205128,19.586998434334,117.0
point_gbdt_safety,FOODS_3_180_WI_1,1717.3837036404063,1717.3837036404063,0.0,0.0,1.0,1.0,0.0,22.01773979026162,61.0
point_gbdt_safety,FOODS_3_184_WI_3,1734.6526225380421,1600.7841788831447,133.8684436548973,0.0,0.5681663107906539,0.8333333333333334,0.16666666666666666,20.522874088245445,62.0
point_gbdt_safety,FOODS_3_192_TX_2,1806.3997951692552,1806.3997951692552,0.0,0.0,1.0,1.0,0.0,23.158971732939168,128.0
point_gbdt_safety,FOODS_3_197_WI_1,1710.7915359736305,1710.7915359736305,0.0,0.0,1.0,1.0,0.0,21.93322482017475,32.0
point_gbdt_safety,FOODS_3_198_TX_2,1779.24273184837,1779.24273184837,0.0,0.0,1.0,1.0,0.0,22.810804254466284,2.0
point_gbdt_safety,FOODS_3_198_WI_3,1728.5254433420969,1728.5254433420969,0.0,0.0,1.0,1.0,0.0,22.16058260694996,4.0
point_gbdt_safety,FOODS_3_199_CA_2,1690.5460980206083,1690.5460980206083,0.0,0.0,1.0,1.0,0.0,21.67366792334113,45.0
point_gbdt_safety,FOODS_3_199_TX_1,1523.9511050502267,1523.9511050502267,0.0,0.0,1.0,1.0,0.0,19.537834680131112,27.0
point_gbdt_safety,FOODS_3_204_CA_2,1524.287579108882,1524.287579108882,0.0,0.0,1.0,1.0,0.0,19.54214845011387,64.0
point_gbdt_safety,FOODS_3_204_CA_4,1602.7771788043992,1602.7771788043992,0.0,0.0,1.0,1.0,0.0,20.54842536928717,47.0
point_gbdt_safety,FOODS_3_205_TX_1,2498.0066145331953,2498.0066145331953,0.0,0.0,1.0,1.0,0.0,32.02572582734866,10.0
point_gbdt_safety,FOODS_3_208_WI_3,1350.605508349369,1335.996318019044,14.609190330324928,0.0,0.9678918893839011,0.9871794871794872,0.01282051282051282,17.12815792332108,91.0
point_gbdt_safety,FOODS_3_209_TX_2,1798.2415456024194,1798.2415456024194,0.0,0.0,1.0,1.0,0.0,23.054378789774606,13.0
point_gbdt_safety,FOODS_3_210_TX_1,1797.4691607342374,1797.4691607342374,0.0,0.0,1.0,1.0,0.0,23.04447641966971,0.0
point_gbdt_safety,FOODS_3_211_CA_1,1495.3268493832186,1304.1834064221032,191.1434429611154,0.0,0.7345229958873397,0.8076923076923077,0.19230769230769232,16.720300082334656,144.0
point_gbdt_safety,FOODS_3_215_CA_3,1692.6566237027473,1647.7243617820238,44.932261920723384,0.0,0.950623887999205,0.9743589743589743,0.02564102564102564,21.124671304897742,182.0
point_gbdt_safety,FOODS_3_215_CA_4,1477.87892688982,1405.4199743527756,72.45895253704425,0.0,0.8619829475484871,0.8974358974358975,0.10256410256410256,18.01820479939456,105.0
point_gbdt_safety,FOODS_3_224_CA_1,1395.9378307922611,1298.2915994765,97.64623131576094,0.0,0.8756098964130434,0.8589743589743589,0.14102564102564102,16.644764095852565,157.0
point_gbdt_safety,FOODS_3_229_CA_1,2317.9854215154915,2317.9854215154915,0.0,0.0,1.0,1.0,0.0,29.717761814301173,51.0
point_gbdt_safety,FOODS_3_232_WI_3,1716.862174782556,1716.862174782556,0.0,0.0,1.0,1.0,0.0,22.01105352285328,55.0
point_gbdt_safety,FOODS_3_237_WI_3,1852.7579064611125,1852.7579064611125,0.0,0.0,1.0,1.0,0.0,23.753306493091184,58.0
point_gbdt_safety,FOODS_3_239_CA_4,1547.0323486824936,1547.0323486824936,0.0,0.0,1.0,1.0,0.0,19.83374806003197,55.0
point_gbdt_safety,FOODS_3_240_TX_3,1570.9375833659838,1570.9375833659838,0.0,0.0,1.0,1.0,0.0,20.14022542776902,69.0
point_gbdt_safety,FOODS_3_243_WI_1,1838.4326563233917,1838.4326563233917,0.0,0.0,1.0,1.0,0.0,23.569649440043484,19.0
point_gbdt_safety,FOODS_3_246_CA_2,1579.9090380839261,1536.3623505462226,43.54668753770362,0.0,0.9368888586410091,0.9615384615384616,0.038461538461538464,19.69695321213106,138.0
point_gbdt_safety,FOODS_3_246_TX_2,1621.5999166328636,1621.5999166328636,0.0,0.0,1.0,1.0,0.0,20.789742520934148,59.0
point_gbdt_safety,FOODS_3_247_CA_3,1718.8791459187285,1665.4360533492343,53.44309256949419,0.0,0.8742515468953078,0.9358974358974359,0.0641025641025641,21.35174427370813,85.0
point_gbdt_safety,FOODS_3_255_WI_2,1795.2172107312165,1795.2172107312165,0.0,0.0,1.0,1.0,0.0,23.015605265784828,25.0
point_gbdt_safety,FOODS_3_256_WI_1,1734.581521299681,1734.581521299681,0.0,0.0,1.0,1.0,0.0,22.238224632047192,9.0
point_gbdt_safety,FOODS_3_257_TX_2,1645.2493975936163,1645.2493975936163,0.0,0.0,1.0,1.0,0.0,21.092940994789952,151.0
point_gbdt_safety,FOODS_3_258_CA_3,2679.4529605813937,2346.7982963439117,332.65466423748194,0.0,0.790123240228718,0.8333333333333334,0.16666666666666666,30.087157645434765,317.0
point_gbdt_safety,FOODS_3_258_TX_1,1801.521436533964,1750.4612274191823,51.060209114781756,0.0,0.9506664646233993,0.8974358974358975,0.10256410256410256,22.441810607938233,207.0
point_gbdt_safety,FOODS_3_258_TX_2,2119.5481459875887,2103.011378025164,16.53676796242472,0.0,0.9843253384242419,0.9871794871794872,0.01282051282051282,26.96168433365595,211.0
point_gbdt_safety,FOODS_3_258_WI_2,2546.1954362266397,2216.0885646558268,330.106871570813,0.0,0.8145467013647119,0.8333333333333334,0.16666666666666666,28.41139185456188,356.0
point_gbdt_safety,FOODS_3_265_TX_3,1778.9915050125333,1778.9915050125333,0.0,0.0,1.0,1.0,0.0,22.80758339759658,80.0
point_gbdt_safety,FOODS_3_265_WI_2,1662.3032416012177,1662.3032416012177,0.0,0.0,1.0,1.0,0.0,21.31158002052843,68.0
point_gbdt_safety,FOODS_3_270_WI_3,1614.7559329078276,1614.7559329078276,0.0,0.0,1.0,1.0,0.0,20.701999139843945,31.0
point_gbdt_safety,FOODS_3_271_WI_2,2036.7242855184516,2036.7242855184516,0.0,0.0,1.0,1.0,0.0,26.111849814339124,49.0
point_gbdt_safety,FOODS_3_277_CA_4,1549.9064605964345,1520.1513755559283,29.75508504050616,0.0,0.9265306542209725,0.9615384615384616,0.038461538461538464,19.48912019943498,81.0
point_gbdt_safety,FOODS_3_278_WI_2,2659.239904356843,2288.2418112253818,370.9980931314615,0.0,0.8317468965390197,0.8461538461538461,0.15384615384615385,29.336433477248484,441.0
point_gbdt_safety,FOODS_3_279_TX_3,1674.7511515460808,1674.7511515460808,0.0,0.0,1.0,1.0,0.0,21.471168609565137,14.0
point_gbdt_safety,FOODS_3_280_WI_3,1449.566834712929,1449.566834712929,0.0,0.0,1.0,1.0,0.0,18.584190188627296,61.0
point_gbdt_safety,FOODS_3_282_WI_3,12470.109069078042,8638.619034395135,3831.4900346829068,0.0,0.6643460328792898,0.6794871794871795,0.32051282051282054,110.75152608198891,2283.0
point_gbdt_safety,FOODS_3_286_TX_3,1691.7529551169762,1691.7529551169762,0.0,0.0,1.0,1.0,0.0,21.689140450217643,34.0
point_gbdt_safety,FOODS_3_286_WI_3,1727.8422393791957,1727.8422393791957,0.0,0.0,1.0,1.0,0.0,22.15182358178456,69.0
point_gbdt_safety,FOODS_3_289_TX_3,1676.9174376884098,1676.9174376884098,0.0,0.0,1.0,1.0,0.0,21.498941508825766,19.0
point_gbdt_safety,FOODS_3_295_TX_1,4983.498383387067,4054.393199659541,929.1051837275261,0.0,0.7275351367367959,0.7692307692307693,0.23076923076923078,51.97939999563514,682.0
point_gbdt_safety,FOODS_3_296_CA_4,1707.1342353172927,1707.1342353172927,0.0,0.0,1.0,1.0,0.0,21.8863363502217,62.0
point_gbdt_safety,FOODS_3_300_WI_2,2378.518001835281,1730.819712941609,647.698288893672,0.0,0.5926425856014641,0.7564102564102564,0.24358974358974358,22.189996319764216,318.0
point_gbdt_safety,FOODS_3_302_CA_4,2075.5245031322183,1914.137217077761,161.3872860544575,0.0,0.8433133145102355,0.8589743589743589,0.14102564102564102,24.54022073176617,206.0
point_gbdt_safety,FOODS_3_309_CA_2,1561.4251602931631,1561.4251602931631,0.0,0.0,1.0,1.0,0.0,20.018271285809785,24.0
point_gbdt_safety,FOODS_3_309_WI_1,1661.7829053809103,1661.7829053809103,0.0,0.0,1.0,1.0,0.0,21.304909043345003,27.0
point_gbdt_safety,FOODS_3_316_TX_3,1587.0570727176807,1587.0570727176807,0.0,0.0,1.0,1.0,0.0,20.346885547662573,23.0
point_gbdt_safety,FOODS_3_318_TX_2,4092.2985138965896,3315.8789748400886,776.419539056501,0.0,0.7129687471140477,0.7435897435897436,0.2564102564102564,42.51126890820626,541.0
point_gbdt_safety,FOODS_3_331_TX_1,1483.9650741681185,1406.7966465324457,77.16842763567286,0.0,0.9029327954268266,0.9358974358974359,0.0641025641025641,18.035854442723664,159.0
point_gbdt_safety,FOODS_3_335_TX_1,2346.3720357087623,2346.3720357087623,0.0,0.0,1.0,1.0,0.0,30.081692765496953,5.0
point_gbdt_safety,FOODS_3_337_CA_1,1699.3844958386278,1699.3844958386278,0.0,0.0,1.0,1.0,0.0,21.786980715879842,41.0
point_gbdt_safety,FOODS_3_346_WI_3,1782.6673521780945,1620.0160506881764,162.65130148991796,0.0,0.8458281502465232,0.8589743589743589,0.14102564102564102,20.76943654728431,211.0
point_gbdt_safety,FOODS_3_352_CA_1,1537.461205800029,1537.461205800029,0.0,0.0,1.0,1.0,0.0,19.71104110000037,44.0
point_gbdt_safety,FOODS_3_354_WI_2,1721.4812943661173,1721.4812943661173,0.0,0.0,1.0,1.0,0.0,22.07027300469381,61.0
point_gbdt_safety,FOODS_3_356_CA_1,1714.5063687336985,1682.9790119022616,31.527356831436855,0.0,0.9605908039607038,0.9615384615384616,0.038461538461538464,21.576653998746945,160.0
point_gbdt_safety,FOODS_3_356_TX_2,1520.2137932785695,1520.2137932785695,0.0,0.0,1.0,1.0,0.0,19.489920426648325,96.0
point_gbdt_safety,FOODS_3_363_WI_3,1989.8222085515567,1631.2311015022965,358.59110704926024,0.0,0.7060728630743769,0.8076923076923077,0.19230769230769232,20.913219250029442,244.0
point_gbdt_safety,FOODS_3_365_TX_1,1647.143087204636,1647.143087204636,0.0,0.0,1.0,1.0,0.0,21.117219066726104,19.0
point_gbdt_safety,FOODS_3_367_TX_1,1701.2082888593272,1660.6024888614986,40.60579999782863,0.0,0.9203807843179831,0.9871794871794872,0.01282051282051282,21.28977549822434,102.0
point_gbdt_safety,FOODS_3_370_CA_1,2535.5960523649815,2535.5960523649815,0.0,0.0,1.0,1.0,0.0,32.507641696986944,41.0
point_gbdt_safety,FOODS_3_372_TX_3,2018.7520810157428,1759.7068493633194,259.0452316524233,0.0,0.8614731381537843,0.8589743589743589,0.14102564102564102,22.56034422260666,374.0
point_gbdt_safety,FOODS_3_380_TX_3,1690.6872566168367,1690.6872566168367,0.0,0.0,1.0,1.0,0.0,21.675477648933803,22.0
point_gbdt_safety,FOODS_3_384_TX_1,1580.1020111211649,1580.1020111211649,0.0,0.0,1.0,1.0,0.0,20.257718091296987,22.0
point_gbdt_safety,FOODS_3_385_CA_4,1509.2470328690024,1509.2470328690024,0.0,0.0,1.0,1.0,0.0,19.349320934217978,47.0
point_gbdt_safety,FOODS_3_385_TX_3,1719.3125407131765,1719.3125407131765,0.0,0.0,1.0,1.0,0.0,22.04246847068175,47.0
point_gbdt_safety,FOODS_3_387_CA_2,1327.7867620294799,1322.2308930402273,5.555868989252524,0.0,0.9777765240429899,0.9871794871794872,0.01282051282051282,16.95167811590035,50.0
point_gbdt_safety,FOODS_3_390_TX_2,1583.4301356531691,1538.3706308052601,45.05950484790894,0.0,0.9386945512273347,0.9358974358974359,0.0641025641025641,19.72270039493923,147.0
point_gbdt_safety,FOODS_3_392_WI_2,1539.413362515741,1539.413362515741,0.0,0.0,1.0,1.0,0.0,19.73606875020181,87.0
point_gbdt_safety,FOODS_3_392_WI_3,1567.323515836998,1538.9893149357683,28.334200901229636,0.0,0.9254363134178167,0.9743589743589743,0.02564102564102564,19.730632242766262,76.0
point_gbdt_safety,FOODS_3_393_CA_3,3591.5493259015,2910.5342981412364,681.0150277602636,0.0,0.7817259526409411,0.782051282051282,0.21794871794871795,37.314542283862004,624.0
point_gbdt_safety,FOODS_3_398_WI_3,1630.6183118285642,1630.6183118285642,0.0,0.0,1.0,1.0,0.0,20.90536297216108,28.0
point_gbdt_safety,FOODS_3_403_TX_1,2444.0094730925402,2084.469284982745,359.54018810979505,0.0,0.82112428452249,0.8205128205128205,0.1794871794871795,26.723965192086478,402.0
point_gbdt_safety,FOODS_3_405_TX_3,1777.1029071851158,1777.1029071851158,0.0,0.0,1.0,1.0,0.0,22.78337060493738,59.0
point_gbdt_safety,FOODS_3_408_TX_2,1747.3538013123693,1747.3538013123693,0.0,0.0,1.0,1.0,0.0,22.40197181169704,8.0
point_gbdt_safety,FOODS_3_416_CA_4,1521.3415773776403,1521.3415773776403,0.0,0.0,1.0,1.0,0.0,19.504379197149234,98.0
point_gbdt_safety,FOODS_3_416_WI_3,1561.3551675056644,1561.3551675056644,0.0,0.0,1.0,1.0,0.0,20.017373942380313,81.0
point_gbdt_safety,FOODS_3_417_CA_3,1813.2041184516431,1813.2041184516431,0.0,0.0,1.0,1.0,0.0,23.24620664681594,72.0
point_gbdt_safety,FOODS_3_422_CA_1,1730.1148824451466,1728.401738176004,1.713144269142468,0.0,0.997046302984237,0.9871794871794872,0.01282051282051282,22.158996643282105,116.0
point_gbdt_safety,FOODS_3_423_WI_2,1611.4791120243242,1611.4791120243242,0.0,0.0,1.0,1.0,0.0,20.659988615696463,83.0
point_gbdt_safety,FOODS_3_425_CA_1,1724.2948252949416,1724.2948252949416,0.0,0.0,1.0,1.0,0.0,22.106343914037712,66.0
point_gbdt_safety,FOODS_3_427_WI_3,1621.7975626373163,1621.7975626373163,0.0,0.0,1.0,1.0,0.0,20.792276444068158,17.0
point_gbdt_safety,FOODS_3_428_TX_3,1582.2969347355872,1582.2969347355872,0.0,0.0,1.0,1.0,0.0,20.285858137635735,24.0
point_gbdt_safety,FOODS_3_434_CA_1,1787.4179106960673,1656.9827256061303,130.435185089937,0.0,0.8669028723572072,0.8846153846153846,0.11538461538461539,21.24336827700167,196.0
point_gbdt_safety,FOODS_3_434_WI_1,1821.8184261396561,1821.8184261396561,0.0,0.0,1.0,1.0,0.0,23.35664648896995,71.0
point_gbdt_safety,FOODS_3_441_TX_2,15631.19999999998,15631.19999999998,0.0,0.0,1.0,1.0,0.0,200.39999999999975,0.0
point_gbdt_safety,FOODS_3_444_CA_4,7410.0,7410.0,0.0,0.0,1.0,1.0,0.0,95.0,0.0
point_gbdt_safety,FOODS_3_444_TX_2,29484.0,29484.0,0.0,0.0,1.0,1.0,0.0,378.0,0.0
point_gbdt_safety,FOODS_3_445_CA_3,2317.2958063924575,2264.0761501466727,53.219656245784925,0.0,0.914848550006744,0.9487179487179487,0.05128205128205128,29.02661730957273,125.0
point_gbdt_safety,FOODS_3_449_WI_1,1490.29194794074,1410.3912999510978,79.90064798964234,0.0,0.8982157350450417,0.9358974358974359,0.0641025641025641,18.081939742962792,157.0
point_gbdt_safety,FOODS_3_451_CA_4,1852.6774685774335,1833.83969500793,18.837773569503575,0.0,0.9581382809566587,0.9871794871794872,0.01282051282051282,23.51076532061449,90.0
point_gbdt_safety,FOODS_3_453_TX_2,1686.521730442425,1686.521730442425,0.0,0.0,1.0,1.0,0.0,21.622073467210576,12.0
point_gbdt_safety,FOODS_3_453_WI_2,1483.0798475361623,1483.0798475361623,0.0,0.0,1.0,1.0,0.0,19.01384419918157,32.0
point_gbdt_safety,FOODS_3_454_CA_1,4416.477049407882,4416.477049407882,0.0,0.0,1.0,1.0,0.0,56.62150063343439,1.0
point_gbdt_safety,FOODS_3_455_TX_1,5093.3197222602175,3640.199791871947,1453.11993038827,0.0,0.7136709496771882,0.717948717948718,0.28205128205128205,46.669228100922396,1015.0
point_gbdt_safety,FOODS_3_456_CA_4,1557.7640915186616,1557.7640915186616,0.0,0.0,1.0,1.0,0.0,19.97133450664951,30.0
point_gbdt_safety,FOODS_3_457_TX_3,1616.3611106598344,1616.3611106598344,0.0,0.0,1.0,1.0,0.0,20.722578341792747,15.0
point_gbdt_safety,FOODS_3_458_TX_1,2733.2858114750675,2342.169674985757,391.11613648931046,0.0,0.8356654888700377,0.8333333333333334,0.16666666666666666,30.027816345971242,476.0
point_gbdt_safety,FOODS_3_458_WI_1,2420.7168390862253,2285.051743664954,135.66509542127136,0.0,0.9206636868881454,0.8717948717948718,0.1282051282051282,29.295535175191716,342.0
point_gbdt_safety,FOODS_3_464_TX_2,1662.3681773675196,1662.3681773675196,0.0,0.0,1.0,1.0,0.0,21.312412530352816,31.0
point_gbdt_safety,FOODS_3_465_CA_3,1825.182590860307,1825.182590860307,0.0,0.0,1.0,1.0,0.0,23.39977680590137,49.0
point_gbdt_safety,FOODS_3_465_TX_2,1694.2316667558082,1694.2316667558082,0.0,0.0,1.0,1.0,0.0,21.720918804561645,27.0
point_gbdt_safety,FOODS_3_465_WI_3,1568.722448065367,1557.859382293791,10.863065771575968,0.0,0.964957852349755,0.9871794871794872,0.01282051282051282,19.97255618325373,62.0
point_gbdt_safety,FOODS_3_468_TX_2,1809.4441157472534,1809.4441157472534,0.0,0.0,1.0,1.0,0.0,23.198001483939144,166.0
point_gbdt_safety,FOODS_3_471_WI_3,1763.0325692036636,1763.0325692036636,0.0,0.0,1.0,1.0,0.0,22.602981656457224,45.0
point_gbdt_safety,FOODS_3_472_CA_1,1539.0021919901526,1539.0021919901526,0.0,0.0,1.0,1.0,0.0,19.730797333207086,39.0
point_gbdt_safety,FOODS_3_474_CA_1,1985.8790862930948,1605.0375850094524,380.8415012836424,0.0,0.7581958722008619,0.8717948717948718,0.1282051282051282,20.57740493601862,315.0
point_gbdt_safety,FOODS_3_476_TX_3,1944.728708838513,1780.4736110508584,164.25509778765468,0.0,0.8731620866504597,0.8717948717948718,0.1282051282051282,22.826584757062285,259.0
point_gbdt_safety,FOODS_3_479_CA_3,2304.368138538064,2243.94923974661,60.4188987914538,0.0,0.9244763765106828,0.9230769230769231,0.07692307692307693,28.768579996751413,160.0
point_gbdt_safety,FOODS_3_479_TX_2,1861.9335661588384,1861.9335661588384,0.0,0.0,1.0,1.0,0.0,23.870943155882543,114.0
point_gbdt_safety,FOODS_3_479_TX_3,1726.010468943244,1726.010468943244,0.0,0.0,1.0,1.0,0.0,22.128339345426205,99.0
point_gbdt_safety,FOODS_3_481_TX_2,1604.7280403357536,1604.7280403357536,0.0,0.0,1.0,1.0,0.0,20.573436414560945,32.0
point_gbdt_safety,FOODS_3_498_TX_1,3424.6644369599617,3097.77692715507,326.8875098048918,0.0,0.7969642796242908,0.9615384615384616,0.038461538461538464,39.71508880968039,322.0
point_gbdt_safety,FOODS_3_499_TX_1,3773.8759757507655,2834.211611293716,939.6643644570496,0.0,0.7733017214820146,0.7435897435897436,0.2564102564102564,36.336046298637385,829.0
point_gbdt_safety,FOODS_3_502_TX_2,1681.5314746478807,1429.6953407333021,251.83613391457868,0.0,0.7590084842922692,0.8333333333333334,0.16666666666666666,18.329427445298744,209.0
point_gbdt_safety,FOODS_3_511_CA_1,8252.313142480562,5966.934245289097,2285.3788971914655,0.0,0.7505044872061718,0.717948717948718,0.28205128205128205,76.49915699088585,1832.0
point_gbdt_safety,FOODS_3_511_WI_2,4656.669468389024,3130.6572779161556,1526.0121904728683,0.0,0.5841928636313711,0.6410256410256411,0.358974358974359,40.136631768155844,734.0
point_gbdt_safety,FOODS_3_512_CA_1,1739.0188270027452,1739.0188270027452,0.0,0.0,1.0,1.0,0.0,22.29511316670186,12.0
point_gbdt_safety,FOODS_3_513_CA_1,1471.641116370011,1440.0446516580705,31.596464711940513,0.0,0.9538737741431526,0.9615384615384616,0.038461538461538464,18.462110918693213,137.0
point_gbdt_safety,FOODS_3_514_CA_2,1877.941148602925,1679.6180415313197,198.32310707160545,0.0,0.8205220750483209,0.8589743589743589,0.14102564102564102,21.53356463501692,221.0
point_gbdt_safety,FOODS_3_515_CA_1,1842.0034763485487,1657.694064836294,184.30941151225468,0.0,0.8059900931449949,0.8589743589743589,0.14102564102564102,21.25248801072172,190.0
point_gbdt_safety,FOODS_3_517_TX_1,1713.873220854691,1713.873220854691,0.0,0.0,1.0,1.0,0.0,21.972733600701165,17.0
point_gbdt_safety,FOODS_3_517_TX_3,1636.3169586956544,1636.3169586956544,0.0,0.0,1.0,1.0,0.0,20.978422547380184,17.0
point_gbdt_safety,FOODS_3_525_CA_4,1623.207647607038,1623.207647607038,0.0,0.0,1.0,1.0,0.0,20.810354456500487,39.0
point_gbdt_safety,FOODS_3_531_CA_3,1961.1707685509725,1961.1707685509725,0.0,0.0,1.0,1.0,0.0,25.143214981422723,57.0
point_gbdt_safety,FOODS_3_532_TX_3,1866.5258701252048,1855.6326898338739,10.893180291331035,0.0,0.9850778352173548,0.9743589743589743,0.02564102564102564,23.79016269017787,146.0
point_gbdt_safety,FOODS_3_532_WI_1,2498.8496160249942,2214.625979285809,284.22363673918494,0.0,0.8800744148779811,0.8589743589743589,0.14102564102564102,28.392640760074475,474.0
point_gbdt_safety,FOODS_3_533_TX_3,1761.3248859503235,1761.3248859503235,0.0,0.0,1.0,1.0,0.0,22.581088281414402,110.0
point_gbdt_safety,FOODS_3_533_WI_3,1875.389457685918,1870.3060886953192,5.083368990598629,0.0,0.9944138802301115,0.9871794871794872,0.01282051282051282,23.978283188401527,182.0
point_gbdt_safety,FOODS_3_538_WI_1,1947.6509103177355,1947.6509103177355,0.0,0.0,1.0,1.0,0.0,24.969883465611993,152.0
point_gbdt_safety,FOODS_3_544_TX_2,1615.4592468765788,1615.4592468765788,0.0,0.0,1.0,1.0,0.0,20.711015985597165,59.0
point_gbdt_safety,FOODS_3_545_CA_2,1724.6706821284465,1724.6706821284465,0.0,0.0,1.0,1.0,0.0,22.11116259139034,41.0
point_gbdt_safety,FOODS_3_546_CA_1,3188.2875101702434,2706.7825010930355,481.5050090772079,0.0,0.6971666609577309,0.7948717948717948,0.20512820512820512,34.70233975760302,318.0
point_gbdt_safety,FOODS_3_546_CA_3,3080.7016607584214,2818.8829399539304,261.81872080449097,0.0,0.8321674866637878,0.8846153846153846,0.11538461538461539,36.13952487120424,312.0
point_gbdt_safety,FOODS_3_550_TX_1,1673.6596406440437,1673.6596406440437,0.0,0.0,1.0,1.0,0.0,21.45717488005184,14.0
point_gbdt_safety,FOODS_3_555_CA_3,8414.16965885288,5544.36296987676,2869.8066889761194,0.0,0.7467072648741289,0.7435897435897436,0.2564102564102564,71.08157653688154,2266.0
point_gbdt_safety,FOODS_3_558_CA_4,1644.2145371554093,1644.2145371554093,0.0,0.0,1.0,1.0,0.0,21.07967355327448,0.0
point_gbdt_safety,FOODS_3_563_WI_1,2405.259414672914,2405.259414672914,0.0,0.0,1.0,1.0,0.0,30.836659162473254,11.0
point_gbdt_safety,FOODS_3_573_WI_2,2062.7834760628843,1994.1509927730594,68.63248328982472,0.0,0.9108669048184094,0.9487179487179487,0.05128205128205128,25.566038368885376,154.0
point_gbdt_safety,FOODS_3_575_CA_1,1673.7424628744752,1673.7424628744752,0.0,0.0,1.0,1.0,0.0,21.458236703518914,52.0
point_gbdt_safety,FOODS_3_575_WI_1,1626.9150442116227,1626.9150442116227,0.0,0.0,1.0,1.0,0.0,20.85788518220029,42.0
point_gbdt_safety,FOODS_3_575_WI_2,1651.3207474241565,1651.3207474241565,0.0,0.0,1.0,1.0,0.0,21.170778813130212,40.0
point_gbdt_safety,FOODS_3_578_WI_1,6053.297627108855,6053.297627108855,0.0,0.0,1.0,1.0,0.0,77.60637983472891,0.0
point_gbdt_safety,FOODS_3_580_CA_1,4581.02097711275,4433.9449565914565,147.07602052129346,0.0,0.8964253376610609,0.9358974358974359,0.0641025641025641,56.845448161428926,284.0
point_gbdt_safety,FOODS_3_580_CA_3,3967.286344252594,3361.1915261893755,606.0948180632186,0.0,0.7880787349429306,0.7692307692307693,0.23076923076923078,43.09219905370994,572.0
point_gbdt_safety,FOODS_3_582_CA_1,1465.8834860785962,1400.8206073526487,65.06287872594754,0.0,0.8028397614365226,0.9358974358974359,0.0641025641025641,17.95923855580319,66.0
point_gbdt_safety,FOODS_3_585_WI_1,1496.4574596864845,1496.4574596864845,0.0,0.0,1.0,1.0,0.0,19.185352047262622,50.0
point_gbdt_safety,FOODS_3_588_WI_3,1651.4140542112398,1651.4140542112398,0.0,0.0,1.0,1.0,0.0,21.171975053990252,91.0
point_gbdt_safety,FOODS_3_596_WI_1,1642.594228297655,1594.48729850752,48.10692979013485,0.0,0.9394881386287612,0.9615384615384616,0.038461538461538464,20.442144852660515,159.0
point_gbdt_safety,FOODS_3_599_TX_3,2300.7945004703793,2300.7945004703793,0.0,0.0,1.0,1.0,0.0,29.49736539064589,2.0
point_gbdt_safety,FOODS_3_605_WI_3,1668.8834485247212,1668.8834485247212,0.0,0.0,1.0,1.0,0.0,21.395941647752835,38.0
point_gbdt_safety,FOODS_3_606_TX_3,1552.4955842736865,1540.1620664355562,12.333517838130348,0.0,0.9620507143442143,0.9743589743589743,0.02564102564102564,19.745667518404566,65.0
point_gbdt_safety,FOODS_3_608_CA_3,2009.7360910361983,2009.7360910361983,0.0,0.0,1.0,1.0,0.0,25.765847320976903,51.0
point_gbdt_safety,FOODS_3_610_TX_1,1859.0866815178406,1859.0866815178406,0.0,0.0,1.0,1.0,0.0,23.83444463484411,16.0
point_gbdt_safety,FOODS_3_615_CA_4,1623.9476213272471,1623.9476213272471,0.0,0.0,1.0,1.0,0.0,20.81984129906727,94.0
point_gbdt_safety,FOODS_3_618_WI_3,2437.2743865861494,2085.59414350224,351.6802430839094,0.0,0.5980797221898179,0.8974358974358975,0.10256410256410256,26.738386455156924,175.0
point_gbdt_safety,FOODS_3_625_TX_1,1807.1175544627072,1807.1175544627072,0.0,0.0,1.0,1.0,0.0,23.168173775162913,4.0
point_gbdt_safety,FOODS_3_626_WI_1,1729.6768090916291,1729.6768090916291,0.0,0.0,1.0,1.0,0.0,22.175343706302936,19.0
point_gbdt_safety,FOODS_3_626_WI_2,1848.0946127226537,1848.0946127226537,0.0,0.0,1.0,1.0,0.0,23.693520675931456,20.0
point_gbdt_safety,FOODS_3_628_WI_1,2459.041977424597,2087.275101321167,371.76687610343026,0.0,0.775367446463184,0.8205128205128205,0.1794871794871795,26.759937196425216,331.0
point_gbdt_safety,FOODS_3_633_WI_1,1834.3168391637075,1834.3168391637075,0.0,0.0,1.0,1.0,0.0,23.516882553380867,64.0
point_gbdt_safety,FOODS_3_634_CA_4,1985.0400189921997,1805.3726849894176,179.66733400278216,0.0,0.8417027894248615,0.8717948717948718,0.1282051282051282,23.145803653710484,227.0
point_gbdt_safety,FOODS_3_638_TX_3,1618.4302567732723,1618.4302567732723,0.0,0.0,1.0,1.0,0.0,20.749105856067594,52.0
point_gbdt_safety,FOODS_3_640_WI_2,2023.378589887299,2023.378589887299,0.0,0.0,1.0,1.0,0.0,25.94075115240127,82.0
point_gbdt_safety,FOODS_3_642_TX_3,1760.4458708090438,1760.4458708090438,0.0,0.0,1.0,1.0,0.0,22.5698188565262,57.0
point_gbdt_safety,FOODS_3_644_WI_2,1993.01778990865,1993.01778990865,0.0,0.0,1.0,1.0,0.0,25.551510127033975,10.0
point_gbdt_safety,FOODS_3_646_CA_2,1369.7110836623704,1286.5827008331362,83.1283828292342,0.0,0.7229053905692193,0.8974358974358975,0.10256410256410256,16.494650010681234,60.0
point_gbdt_safety,FOODS_3_646_WI_3,1460.733840167091,1383.934876747473,76.79896341961813,0.0,0.8234506588054755,0.8846153846153846,0.11538461538461539,17.74275483009581,87.0
point_gbdt_safety,FOODS_3_651_CA_2,1506.3690504019626,1286.532234114113,219.83681628784967,0.0,0.8483884025601037,0.8589743589743589,0.14102564102564102,16.494003001462985,290.0
point_gbdt_safety,FOODS_3_657_CA_4,1804.0315019151533,1804.0315019151533,0.0,0.0,1.0,1.0,0.0,23.12860899891222,48.0
point_gbdt_safety,FOODS_3_658_WI_1,1583.5693594906497,1558.3845791559947,25.18478033465488,0.0,0.9328405857742538,0.9615384615384616,0.038461538461538464,19.979289476358908,75.0
point_gbdt_safety,FOODS_3_658_WI_3,1665.91513674261,1665.91513674261,0.0,0.0,1.0,1.0,0.0,21.357886368495,38.0
point_gbdt_safety,FOODS_3_662_WI_2,1773.109644408898,1773.109644408898,0.0,0.0,1.0,1.0,0.0,22.732174928319207,11.0
point_gbdt_safety,FOODS_3_663_CA_1,3276.0,3276.0,0.0,0.0,1.0,1.0,0.0,42.0,0.0
point_gbdt_safety,FOODS_3_663_TX_2,1585.142791835171,1579.54468268291,5.598109152261017,0.0,0.9866711686850929,0.9743589743589743,0.02564102564102564,20.2505728549091,84.0
point_gbdt_safety,FOODS_3_667_TX_3,1668.430576137753,1668.430576137753,0.0,0.0,1.0,1.0,0.0,21.390135591509654,13.0
point_gbdt_safety,FOODS_3_668_WI_3,3279.464789812013,2479.3091382459206,800.1556515660925,0.0,0.7795714458495614,0.7692307692307693,0.23076923076923078,31.786014592896418,726.0
point_gbdt_safety,FOODS_3_669_TX_1,1965.0398477238973,1856.7989327103537,108.24091501354357,0.0,0.8762960971273788,0.9102564102564102,0.08974358974358974,23.80511452192761,175.0
point_gbdt_safety,FOODS_3_670_CA_4,1803.360726320135,1803.360726320135,0.0,0.0,1.0,1.0,0.0,23.1200093117966,21.0
point_gbdt_safety,FOODS_3_672_TX_2,4149.557423249622,2870.6788351635287,1278.878588086093,0.0,0.6778643354946869,0.6794871794871795,0.32051282051282054,36.80357480978883,794.0
point_gbdt_safety,FOODS_3_677_WI_2,1665.2032885002973,1665.2032885002973,0.0,0.0,1.0,1.0,0.0,21.34876010897817,76.0
point_gbdt_safety,FOODS_3_691_WI_1,1725.4397578994135,1725.4397578994135,0.0,0.0,1.0,1.0,0.0,22.121022537171967,31.0
point_gbdt_safety,FOODS_3_693_WI_2,1760.2158258102418,1760.2158258102418,0.0,0.0,1.0,1.0,0.0,22.566869561669765,7.0
point_gbdt_safety,FOODS_3_694_WI_3,13742.389545203987,9450.802916461875,4291.586628742111,0.0,0.7599112375528889,0.7435897435897436,0.2564102564102564,121.16413995463942,3575.0
point_gbdt_safety,FOODS_3_705_TX_2,1726.3978345437472,1726.3978345437472,0.0,0.0,1.0,1.0,0.0,22.13330557107368,47.0
point_gbdt_safety,FOODS_3_711_CA_3,6921.183691163662,5090.517193342186,1830.6664978214756,0.0,0.6552417141579142,0.7307692307692307,0.2692307692307692,65.26304094028444,1062.0
point_gbdt_safety,FOODS_3_712_CA_3,1866.6784949926673,1672.8246595864987,193.8538354061685,0.0,0.7664411621612428,0.8717948717948718,0.1282051282051282,21.446469994698703,166.0
point_gbdt_safety,FOODS_3_718_TX_1,2212.4738109444943,2212.4738109444943,0.0,0.0,1.0,1.0,0.0,28.365048858262746,6.0
point_gbdt_safety,FOODS_3_723_WI_3,9571.644721299359,6265.345214108969,3306.2995071903906,0.0,0.7213401173880835,0.6923076923076923,0.3076923076923077,80.32493864242268,2373.0
point_gbdt_safety,FOODS_3_727_WI_3,2104.5498122055455,1852.9667758790438,251.58303632650185,0.0,0.8258940925076111,0.8076923076923077,0.19230769230769232,23.75598430614159,289.0
point_gbdt_safety,FOODS_3_730_CA_3,1649.8259759696336,1649.8259759696336,0.0,0.0,1.0,1.0,0.0,21.151615076533766,99.0
point_gbdt_safety,FOODS_3_734_TX_1,3258.5293392442823,3093.5618240193317,164.96751522495066,0.0,0.9359349455437085,0.8974358974358975,0.10256410256410256,39.661049025888865,515.0
point_gbdt_safety,FOODS_3_735_CA_4,1645.755850305256,1645.755850305256,0.0,0.0,1.0,1.0,0.0,21.09943397827251,28.0
point_gbdt_safety,FOODS_3_745_TX_3,2029.7454538883019,2029.7454538883019,0.0,0.0,1.0,1.0,0.0,26.02237761395259,0.0
point_gbdt_safety,FOODS_3_746_CA_4,1591.6965054164607,1494.1021487663245,97.59435665013612,0.0,0.8831205309579209,0.8974358974358975,0.10256410256410256,19.155155753414416,167.0
point_gbdt_safety,FOODS_3_749_CA_1,2072.8465017121566,2062.7148067004755,10.13169501168111,0.0,0.9714600140516026,0.9871794871794872,0.01282051282051282,26.44506162436507,71.0
point_gbdt_safety,FOODS_3_750_CA_2,1690.0,1485.0,205.0,0.0,0.39705882352941174,0.8205128205128205,0.1794871794871795,19.03846153846154,68.0
point_gbdt_safety,FOODS_3_753_TX_2,1862.5179905998516,1812.7578058158556,49.760184783996095,0.0,0.9519225267787478,0.9487179487179487,0.05128205128205128,23.240484689946868,207.0
point_gbdt_safety,FOODS_3_755_TX_3,1843.581887150517,1821.968683021429,21.613204129088146,0.0,0.9584361459055997,0.9871794871794872,0.01282051282051282,23.358572859249087,104.0
point_gbdt_safety,FOODS_3_756_WI_3,2721.1357167831,2137.9029007645563,583.2328160185438,0.0,0.7739407689850606,0.7564102564102564,0.24358974358974358,27.409011548263543,516.0
point_gbdt_safety,FOODS_3_757_CA_3,9621.0,9076.0,545.0,0.0,0.6279863481228669,0.8846153846153846,0.11538461538461539,116.35897435897436,293.0
point_gbdt_safety,FOODS_3_763_TX_2,1603.8629966062142,1603.8629966062142,0.0,0.0,1.0,1.0,0.0,20.56234611033608,10.0
point_gbdt_safety,FOODS_3_766_TX_3,1637.7208229317391,1637.7208229317391,0.0,0.0,1.0,1.0,0.0,20.996420806817166,17.0
point_gbdt_safety,FOODS_3_768_CA_2,1458.1704906153516,1349.164304396777,109.00618621857454,0.0,0.8670656265627139,0.8717948717948718,0.1282051282051282,17.29697826149714,164.0
point_gbdt_safety,FOODS_3_770_WI_3,1734.4839655256312,1734.4839655256312,0.0,0.0,1.0,1.0,0.0,22.23697391699527,47.0
point_gbdt_safety,FOODS_3_774_WI_2,1550.9123880775637,1550.9123880775637,0.0,0.0,1.0,1.0,0.0,19.88349215484056,49.0
point_gbdt_safety,FOODS_3_779_CA_1,1782.9181640923518,1782.9181640923518,0.0,0.0,1.0,1.0,0.0,22.857925180671177,27.0
point_gbdt_safety,FOODS_3_783_CA_1,2027.9486503309608,1794.9282538249092,233.02039650605153,0.0,0.8570427015300298,0.8717948717948718,0.1282051282051282,23.011900690062937,326.0
point_gbdt_safety,FOODS_3_783_TX_3,6171.59999999999,6171.59999999999,0.0,0.0,1.0,1.0,0.0,79.1230769230768,96.0
point_gbdt_safety,FOODS_3_786_CA_2,1488.9801470532875,1448.2237177471636,40.75642930612389,0.0,0.885193156884158,0.9487179487179487,0.05128205128205128,18.56697074034825,71.0
point_gbdt_safety,FOODS_3_788_WI_2,2011.9230981001704,1994.5886819250575,17.334416175112963,0.0,0.9765751132768745,0.9615384615384616,0.038461538461538464,25.571649768269967,148.0
point_gbdt_safety,FOODS_3_791_CA_4,1636.0415164701965,1636.0415164701965,0.0,0.0,1.0,1.0,0.0,20.97489123679739,53.0
point_gbdt_safety,FOODS_3_791_WI_2,2337.5456490471806,2337.5456490471806,0.0,0.0,1.0,1.0,0.0,29.96853396214334,37.0
point_gbdt_safety,FOODS_3_792_CA_1,1812.5499586020128,1753.8156251203068,58.734333481706,0.0,0.9270380950537813,0.9487179487179487,0.05128205128205128,22.4848157066706,161.0
point_gbdt_safety,FOODS_3_793_WI_1,1908.723265974646,1902.446793269945,6.276472704700957,0.0,0.994370876498026,0.9871794871794872,0.01282051282051282,24.390343503460834,223.0
point_gbdt_safety,FOODS_3_795_WI_2,2372.3404295314344,2264.3689088317,107.97152069973428,0.0,0.9228774852144754,0.8974358974358975,0.10256410256410256,29.030370626047436,280.0
point_gbdt_safety,FOODS_3_799_TX_1,1704.8412643770998,1704.8412643770998,0.0,0.0,1.0,1.0,0.0,21.856939286885897,6.0
point_gbdt_safety,FOODS_3_802_WI_3,1747.829672341727,1747.829672341727,0.0,0.0,1.0,1.0,0.0,22.408072722329834,30.0
point_gbdt_safety,FOODS_3_805_TX_1,1585.7610520866622,1582.2867382624504,3.4743138242118476,0.0,0.9942094769596469,0.9871794871794872,0.01282051282051282,20.28572741362116,120.0
point_gbdt_safety,FOODS_3_806_CA_1,1884.1973874944135,1884.1973874944135,0.0,0.0,1.0,1.0,0.0,24.15637676274889,21.0
point_gbdt_safety,FOODS_3_806_CA_4,1786.221947404256,1786.221947404256,0.0,0.0,1.0,1.0,0.0,22.90028137697764,10.0
point_gbdt_safety,FOODS_3_809_CA_1,1748.5599146507966,1586.6564080347368,161.90350661605981,0.0,0.8249691820366921,0.8974358974358975,0.10256410256410256,20.341748820958166,185.0
point_gbdt_safety,FOODS_3_810_WI_2,1921.2127883604921,1921.2127883604921,0.0,0.0,1.0,1.0,0.0,24.630933184108873,46.0
point_gbdt_safety,FOODS_3_813_TX_1,1514.4774820343494,1514.4774820343494,0.0,0.0,1.0,1.0,0.0,19.41637797479935,27.0
point_gbdt_safety,FOODS_3_814_CA_3,1903.4648725067689,1797.671957318569,105.7929151882,0.0,0.8967873998163902,0.9102564102564102,0.08974358974358974,23.04707637587909,205.0
point_gbdt_safety,FOODS_3_818_CA_3,2667.28601677986,2503.6734635195235,163.61255326033648,0.0,0.9179886951076008,0.9230769230769231,0.07692307692307693,32.098377737429786,399.0
point_gbdt_safety,FOODS_3_821_TX_2,1529.5143114402977,1529.5143114402977,0.0,0.0,1.0,1.0,0.0,19.609157838978174,52.0
point_gbdt_safety,FOODS_3_824_TX_3,1584.1893660575581,1584.1893660575581,0.0,0.0,1.0,1.0,0.0,20.310120077661,5.0
point_gbdt_safety,HOBBIES_1_004_WI_3,2252.18555952055,2252.18555952055,0.0,0.0,1.0,1.0,0.0,28.874173840007053,134.0
point_gbdt_safety,HOBBIES_1_005_WI_1,1523.2486526804669,1523.2486526804669,0.0,0.0,1.0,1.0,0.0,19.528828880518805,64.0
point_gbdt_safety,HOBBIES_1_009_CA_1,1926.9212486760887,1926.9212486760887,0.0,0.0,1.0,1.0,0.0,24.70411857277037,28.0
point_gbdt_safety,HOBBIES_1_009_CA_4,2519.961567785488,2519.961567785488,0.0,0.0,1.0,1.0,0.0,32.307199586993434,136.0
point_gbdt_safety,HOBBIES_1_010_CA_3,1560.3298356446535,1560.3298356446535,0.0,0.0,1.0,1.0,0.0,20.004228662110943,50.0
point_gbdt_safety,HOBBIES_1_012_TX_2,1550.4829206672127,1550.4829206672127,0.0,0.0,1.0,1.0,0.0,19.877986162400163,20.0
point_gbdt_safety,HOBBIES_1_023_CA_3,1480.357340145541,1336.7220356511245,143.63530449441635,0.0,0.7948067078651195,0.8974358974358975,0.10256410256410256,17.13746199552724,140.0
point_gbdt_safety,HOBBIES_1_026_CA_4,1552.235009330018,1552.235009330018,0.0,0.0,1.0,1.0,0.0,19.900448837564333,59.0
point_gbdt_safety,HOBBIES_1_027_CA_1,1585.4677965220694,1585.4677965220694,0.0,0.0,1.0,1.0,0.0,20.326510211821404,34.0
point_gbdt_safety,HOBBIES_1_028_WI_3,1546.978473154777,1546.978473154777,0.0,0.0,1.0,1.0,0.0,19.833057348138166,25.0
point_gbdt_safety,HOBBIES_1_029_WI_3,1586.3790678653816,1586.3790678653816,0.0,0.0,1.0,1.0,0.0,20.3381931777613,15.0
point_gbdt_safety,HOBBIES_1_030_WI_2,1875.331548576316,1875.331548576316,0.0,0.0,1.0,1.0,0.0,24.04271216123482,90.0
point_gbdt_safety,HOBBIES_1_032_CA_2,3524.102425067892,2564.5281299214103,959.5742951464815,0.0,0.6548293902350786,0.7564102564102564,0.24358974358974358,32.87856576822321,556.0
point_gbdt_safety,HOBBIES_1_043_TX_2,1876.8049576745407,1876.8049576745407,0.0,0.0,1.0,1.0,0.0,24.06160202146847,86.0
point_gbdt_safety,HOBBIES_1_043_WI_3,2392.3931010702245,2216.8582772758964,175.53482379432805,0.0,0.8122622205408256,0.8974358974358975,0.10256410256410256,28.421259965075595,187.0
point_gbdt_safety,HOBBIES_1_045_CA_4,1792.664303287857,1792.664303287857,0.0,0.0,1.0,1.0,0.0,22.982875683177653,14.0
point_gbdt_safety,HOBBIES_1_050_TX_3,1329.969867162161,1329.969867162161,0.0,0.0,1.0,1.0,0.0,17.05089573284822,42.0
point_gbdt_safety,HOBBIES_1_054_CA_4,1541.6489218165264,1541.6489218165264,0.0,0.0,1.0,1.0,0.0,19.764729766878542,13.0
point_gbdt_safety,HOBBIES_1_057_WI_1,1536.5067993180917,1536.5067993180917,0.0,0.0,1.0,1.0,0.0,19.698805119462715,68.0
point_gbdt_safety,HOBBIES_1_061_CA_4,1586.9413648101702,1586.9413648101702,0.0,0.0,1.0,1.0,0.0,20.3454021129509,10.0
point_gbdt_safety,HOBBIES_1_065_CA_4,1600.0434675569472,1600.0434675569472,0.0,0.0,1.0,1.0,0.0,20.51337778919163,7.0
point_gbdt_safety,HOBBIES_1_070_WI_2,1563.3668357258675,1563.3668357258675,0.0,0.0,1.0,1.0,0.0,20.043164560588046,10.0
point_gbdt_safety,HOBBIES_1_073_CA_2,1443.060117831417,1431.7489859865389,11.311131844878215,0.0,0.9603118180881466,0.9743589743589743,0.02564102564102564,18.35575623059665,57.0
point_gbdt_safety,HOBBIES_1_074_TX_2,1532.3825545590623,1532.3825545590623,0.0,0.0,1.0,1.0,0.0,19.645930186654645,69.0
point_gbdt_safety,HOBBIES_1_086_CA_3,1581.941574031493,1570.8783387052677,11.06323532622529,0.0,0.98006624265545,0.9743589743589743,0.02564102564102564,20.139465880836763,111.0
point_gbdt_safety,HOBBIES_1_092_CA_3,1709.5007906072694,1709.5007906072694,0.0,0.0,1.0,1.0,0.0,21.9166768026573,33.0
point_gbdt_safety,HOBBIES_1_092_TX_1,1582.2004336621526,1582.2004336621526,0.0,0.0,1.0,1.0,0.0,20.28462094438657,29.0
point_gbdt_safety,HOBBIES_1_103_CA_2,2652.52457957832,2358.40176810157,294.1228114767499,0.0,0.831448245572063,0.8589743589743589,0.14102564102564102,30.23592010386628,349.0
point_gbdt_safety,HOBBIES_1_106_TX_3,1653.8073998498426,1653.8073998498426,0.0,0.0,1.0,1.0,0.0,21.20265897243388,31.0
point_gbdt_safety,HOBBIES_1_106_WI_3,1608.1964536528067,1608.1964536528067,0.0,0.0,1.0,1.0,0.0,20.61790325195906,11.0
point_gbdt_safety,HOBBIES_1_107_WI_2,1618.2174250082173,1618.2174250082173,0.0,0.0,1.0,1.0,0.0,20.746377243695093,50.0
point_gbdt_safety,HOBBIES_1_108_CA_3,1681.3205489253587,1681.3205489253587,0.0,0.0,1.0,1.0,0.0,21.555391652889213,65.0
point_gbdt_safety,HOBBIES_1_109_CA_3,1775.1322566210026,1775.1322566210026,0.0,0.0,1.0,1.0,0.0,22.758105854115417,34.0
point_gbdt_safety,HOBBIES_1_110_CA_3,1668.3907787808419,1668.3907787808419,0.0,0.0,1.0,1.0,0.0,21.38962536898515,21.0
point_gbdt_safety,HOBBIES_1_110_WI_3,1560.2830276276977,1560.2830276276977,0.0,0.0,1.0,1.0,0.0,20.003628559329456,12.0
point_gbdt_safety,HOBBIES_1_113_TX_2,1741.8194278708525,1741.8194278708525,0.0,0.0,1.0,1.0,0.0,22.33101830603657,21.0
point_gbdt_safety,HOBBIES_1_116_CA_1,1473.3215817353705,1473.3215817353705,0.0,0.0,1.0,1.0,0.0,18.888738227376546,49.0
point_gbdt_safety,HOBBIES_1_116_WI_3,1591.0177345432846,1591.0177345432846,0.0,0.0,1.0,1.0,0.0,20.397663263375446,11.0
point_gbdt_safety,HOBBIES_1_117_CA_1,1576.5022784995936,1576.5022784995936,0.0,0.0,1.0,1.0,0.0,20.211567673071713,19.0
point_gbdt_safety,HOBBIES_1_122_WI_3,1704.6298326208725,1704.6298326208725,0.0,0.0,1.0,1.0,0.0,21.854228623344518,8.0
point_gbdt_safety,HOBBIES_1_124_TX_3,1571.4129618012548,1571.4129618012548,0.0,0.0,1.0,1.0,0.0,20.14632002309301,26.0
point_gbdt_safety,HOBBIES_1_133_WI_1,1572.0137007177264,1572.0137007177264,0.0,0.0,1.0,1.0,0.0,20.154021804073416,0.0
point_gbdt_safety,HOBBIES_1_134_CA_4,1927.3683998753982,1829.9451861536513,97.42321372174693,0.0,0.9145410405949588,0.8846153846153846,0.11538461538461539,23.460835719918606,228.0
point_gbdt_safety,HOBBIES_1_135_WI_1,1580.4373381498779,1580.4373381498779,0.0,0.0,1.0,1.0,0.0,20.262017155767666,51.0
point_gbdt_safety,HOBBIES_1_137_TX_1,1490.8813958944988,1490.8813958944988,0.0,0.0,1.0,1.0,0.0,19.11386404992947,48.0
point_gbdt_safety,HOBBIES_1_143_WI_1,1461.4336058491351,1461.4336058491351,0.0,0.0,1.0,1.0,0.0,18.736328280117117,22.0
point_gbdt_safety,HOBBIES_1_151_TX_1,1456.6688504111153,1456.6688504111153,0.0,0.0,1.0,1.0,0.0,18.675241671937375,53.0
point_gbdt_safety,HOBBIES_1_152_CA_1,1662.8103498379471,1662.8103498379471,0.0,0.0,1.0,1.0,0.0,21.31808140817881,70.0
point_gbdt_safety,HOBBIES_1_152_CA_3,1595.0229704069757,1595.0229704069757,0.0,0.0,1.0,1.0,0.0,20.449012441115073,65.0
point_gbdt_safety,HOBBIES_1_155_CA_2,1443.968369447584,1422.2033078906097,21.765061556974388,0.0,0.9600641072349094,0.9743589743589743,0.02564102564102564,18.233375742187302,109.0
point_gbdt_safety,HOBBIES_1_162_TX_1,1603.6246764328782,1603.6246764328782,0.0,0.0,1.0,1.0,0.0,20.55929072349844,6.0
point_gbdt_safety,HOBBIES_1_162_TX_2,1555.7953881090757,1555.7953881090757,0.0,0.0,1.0,1.0,0.0,19.946094719347123,26.0
point_gbdt_safety,HOBBIES_1_170_TX_2,1549.6026731989616,1549.6026731989616,0.0,0.0,1.0,1.0,0.0,19.866700938448226,14.0
point_gbdt_safety,HOBBIES_1_173_CA_4,1497.560607099694,1497.560607099694,0.0,0.0,1.0,1.0,0.0,19.19949496281659,20.0
point_gbdt_safety,HOBBIES_1_175_WI_1,1591.4763084086228,1591.4763084086228,0.0,0.0,1.0,1.0,0.0,20.403542415495163,12.0
point_gbdt_safety,HOBBIES_1_176_TX_3,1375.2777775861873,1375.2777775861873,0.0,0.0,1.0,1.0,0.0,17.631766379310093,53.0
point_gbdt_safety,HOBBIES_1_184_CA_1,1676.5752028424777,1676.5752028424777,0.0,0.0,1.0,1.0,0.0,21.494553882595866,10.0
point_gbdt_safety,HOBBIES_1_186_TX_1,1558.959535246726,1558.959535246726,0.0,0.0,1.0,1.0,0.0,19.98666070829136,12.0
point_gbdt_safety,HOBBIES_1_187_CA_2,1491.0125327559888,1491.0125327559888,0.0,0.0,1.0,1.0,0.0,19.115545291743445,22.0
point_gbdt_safety,HOBBIES_1_190_TX_2,1573.211435003384,1573.211435003384,0.0,0.0,1.0,1.0,0.0,20.169377371838255,11.0
point_gbdt_safety,HOBBIES_1_194_TX_3,1620.6251635041515,1620.6251635041515,0.0,0.0,1.0,1.0,0.0,20.77724568595066,118.0
point_gbdt_safety,HOBBIES_1_200_CA_4,1510.2757587984072,1510.2757587984072,0.0,0.0,1.0,1.0,0.0,19.36250972818471,50.0
point_gbdt_safety,HOBBIES_1_209_CA_3,3528.3678439514597,2858.16416720697,670.2036767444895,0.0,0.7241960178006215,0.7692307692307693,0.23076923076923078,36.643130348807304,486.0
point_gbdt_safety,HOBBIES_1_212_CA_2,1697.6486768917102,1697.6486768917102,0.0,0.0,1.0,1.0,0.0,21.7647266268168,6.0
point_gbdt_safety,HOBBIES_1_232_WI_3,1757.6046853691964,1757.6046853691964,0.0,0.0,1.0,1.0,0.0,22.533393402169185,48.0
point_gbdt_safety,HOBBIES_1_239_TX_1,1605.019337447195,1605.019337447195,0.0,0.0,1.0,1.0,0.0,20.57717099291276,16.0
point_gbdt_safety,HOBBIES_1_240_CA_2,1447.8509536432841,1428.0767157680527,19.774237875231293,0.0,0.9616034216014926,0.9615384615384616,0.038461538461538464,18.308675843180165,103.0
point_gbdt_safety,HOBBIES_1_242_TX_3,1594.0951734400758,1594.0951734400758,0.0,0.0,1.0,1.0,0.0,20.4371176082061,43.0
point_gbdt_safety,HOBBIES_1_245_TX_1,1526.2137384072237,1526.2137384072237,0.0,0.0,1.0,1.0,0.0,19.566842800092612,10.0
point_gbdt_safety,HOBBIES_1_245_WI_1,1541.9068114443726,1541.9068114443726,0.0,0.0,1.0,1.0,0.0,19.768036044158624,32.0
point_gbdt_safety,HOBBIES_1_252_TX_1,1614.801808188117,1614.801808188117,0.0,0.0,1.0,1.0,0.0,20.70258728446304,56.0
point_gbdt_safety,HOBBIES_1_257_CA_2,1607.7208926241165,1607.7208926241165,0.0,0.0,1.0,1.0,0.0,20.6118063156938,19.0
point_gbdt_safety,HOBBIES_1_261_WI_3,2023.215528592757,1711.987666143995,311.227862448762,0.0,0.6522593715656291,0.9487179487179487,0.05128205128205128,21.94855982235891,179.0
point_gbdt_safety,HOBBIES_1_264_TX_2,1565.0521776116275,1565.0521776116275,0.0,0.0,1.0,1.0,0.0,20.064771507841378,34.0
point_gbdt_safety,HOBBIES_1_267_CA_3,1694.0751463338797,1694.0751463338797,0.0,0.0,1.0,1.0,0.0,21.718912132485638,14.0
point_gbdt_safety,HOBBIES_1_267_WI_2,1600.2214496624215,1600.2214496624215,0.0,0.0,1.0,1.0,0.0,20.515659611056687,6.0
point_gbdt_safety,HOBBIES_1_277_CA_1,1703.9544361352746,1703.9544361352746,0.0,0.0,1.0,1.0,0.0,21.84556969404198,17.0
point_gbdt_safety,HOBBIES_1_279_CA_4,1631.531161731001,1631.531161731001,0.0,0.0,1.0,1.0,0.0,20.917066176038475,52.0
point_gbdt_safety,HOBBIES_1_279_TX_3,1584.5524770490351,1584.5524770490351,0.0,0.0,1.0,1.0,0.0,20.3147753467825,71.0
point_gbdt_safety,HOBBIES_1_285_CA_4,1574.3809350809483,1574.3809350809483,0.0,0.0,1.0,1.0,0.0,20.18437096257626,8.0
point_gbdt_safety,HOBBIES_1_287_WI_1,1633.2610015730359,1633.2610015730359,0.0,0.0,1.0,1.0,0.0,20.939243609910715,38.0
point_gbdt_safety,HOBBIES_1_289_WI_1,1427.5162813784598,1421.7781475716497,5.738133806810044,0.0,0.9814898909457741,0.9871794871794872,0.01282051282051282,18.227924968867303,62.0
point_gbdt_safety,HOBBIES_1_290_CA_4,1668.8353909840957,1668.8353909840957,0.0,0.0,1.0,1.0,0.0,21.395325525437126,3.0
point_gbdt_safety,HOBBIES_1_296_CA_1,1543.4596241153167,1543.4596241153167,0.0,0.0,1.0,1.0,0.0,19.787943898914317,36.0
point_gbdt_safety,HOBBIES_1_297_CA_1,1481.502083175626,1476.2268619711533,5.275221204472729,0.0,0.9940054304494628,0.9871794871794872,0.01282051282051282,18.925985409886582,176.0
point_gbdt_safety,HOBBIES_1_306_CA_4,1608.4892463750605,1608.4892463750605,0.0,0.0,1.0,1.0,0.0,20.62165700480847,43.0
point_gbdt_safety,HOBBIES_1_306_WI_3,1555.3767773892985,1555.3767773892985,0.0,0.0,1.0,1.0,0.0,19.940727915247415,17.0
point_gbdt_safety,HOBBIES_1_309_WI_1,1466.5422330425813,1466.5422330425813,0.0,0.0,1.0,1.0,0.0,18.801823500545915,16.0
point_gbdt_safety,HOBBIES_1_312_TX_3,1666.1030918379931,1666.1030918379931,0.0,0.0,1.0,1.0,0.0,21.36029604920504,73.0
point_gbdt_safety,HOBBIES_1_319_TX_1,1973.0619878866592,1929.6839191656622,43.3780687209968,0.0,0.9357361944874122,0.9487179487179487,0.05128205128205128,24.739537425200798,135.0
point_gbdt_safety,HOBBIES_1_323_CA_3,1436.1248868193857,1371.155914326316,64.96897249306969,0.0,0.8917183791782172,0.9230769230769231,0.07692307692307693,17.578921978542514,120.0
point_gbdt_safety,HOBBIES_1_328_TX_1,1608.768109038178,1608.768109038178,0.0,0.0,1.0,1.0,0.0,20.625232167156128,7.0
point_gbdt_safety,HOBBIES_1_332_WI_1,1388.4891738944025,1388.4891738944025,0.0,0.0,1.0,1.0,0.0,17.80114325505644,61.0
point_gbdt_safety,HOBBIES_1_333_CA_2,1337.5482759073861,1337.5482759073861,0.0,0.0,1.0,1.0,0.0,17.148054819325463,64.0
point_gbdt_safety,HOBBIES_1_333_TX_1,1554.914787668228,1554.914787668228,0.0,0.0,1.0,1.0,0.0,19.934804970105485,14.0
point_gbdt_safety,HOBBIES_1_334_TX_1,1531.9545581002706,1531.9545581002706,0.0,0.0,1.0,1.0,0.0,19.640443052567573,11.0
point_gbdt_safety,HOBBIES_1_344_CA_3,1649.1022230722474,1649.1022230722474,0.0,0.0,1.0,1.0,0.0,21.14233619323394,92.0
point_gbdt_safety,HOBBIES_1_346_CA_4,1673.0849414911256,1673.0849414911256,0.0,0.0,1.0,1.0,0.0,21.44980694219392,19.0
point_gbdt_safety,HOBBIES_1_348_CA_4,4531.679576109795,3767.464460739897,764.2151153698982,0.0,0.6308139539275853,0.7948717948717948,0.20512820512820512,48.300826419742265,414.0
point_gbdt_safety,HOBBIES_1_352_CA_2,1525.4580344845315,1525.4580344845315,0.0,0.0,1.0,1.0,0.0,19.557154288263224,85.0
point_gbdt_safety,HOBBIES_1_361_CA_4,1502.4492139206695,1502.4492139206695,0.0,0.0,1.0,1.0,0.0,19.262169409239352,30.0
point_gbdt_safety,HOBBIES_1_362_WI_2,1586.8184797130912,1586.8184797130912,0.0,0.0,1.0,1.0,0.0,20.34382666298835,4.0
point_gbdt_safety,HOBBIES_1_367_TX_1,1507.7660117466153,1507.7660117466153,0.0,0.0,1.0,1.0,0.0,19.330333483930964,52.0
point_gbdt_safety,HOBBIES_1_368_CA_1,1534.4859228002215,1534.4859228002215,0.0,0.0,1.0,1.0,0.0,19.672896446156685,33.0
point_gbdt_safety,HOBBIES_1_372_TX_1,1472.5856941928762,1472.5856941928762,0.0,0.0,1.0,1.0,0.0,18.87930377170354,65.0
point_gbdt_safety,HOBBIES_1_373_TX_1,1525.2748282825066,1525.2748282825066,0.0,0.0,1.0,1.0,0.0,19.554805490801368,46.0
point_gbdt_safety,HOBBIES_1_374_WI_3,1516.7864840096383,1516.7864840096383,0.0,0.0,1.0,1.0,0.0,19.445980564226133,17.0
point_gbdt_safety,HOBBIES_1_375_WI_1,1480.7537754788473,1480.7537754788473,0.0,0.0,1.0,1.0,0.0,18.984022762549323,8.0
point_gbdt_safety,HOBBIES_1_380_CA_2,1697.7021151820102,1697.7021151820102,0.0,0.0,1.0,1.0,0.0,21.765411733102695,27.0
point_gbdt_safety,HOBBIES_1_381_TX_2,1984.7191077174505,1864.2687963164562,120.45031140099418,0.0,0.9244825633849567,0.9358974358974359,0.0641025641025641,23.90088200405713,319.0
point_gbdt_safety,HOBBIES_1_385_CA_1,1596.4717369071157,1596.4717369071157,0.0,0.0,1.0,1.0,0.0,20.467586370604046,8.0
point_gbdt_safety,HOBBIES_1_386_CA_3,1523.2750690289413,1523.2750690289413,0.0,0.0,1.0,1.0,0.0,19.529167551653092,15.0
point_gbdt_safety,HOBBIES_1_386_WI_3,1621.1452988570636,1621.1452988570636,0.0,0.0,1.0,1.0,0.0,20.78391408791107,6.0
point_gbdt_safety,HOBBIES_1_389_CA_3,1631.186814232207,1631.186814232207,0.0,0.0,1.0,1.0,0.0,20.912651464515477,21.0
point_gbdt_safety,HOBBIES_1_390_TX_1,1472.512660956606,1472.512660956606,0.0,0.0,1.0,1.0,0.0,18.878367448161615,15.0
point_gbdt_safety,HOBBIES_1_393_TX_2,1525.9195775306657,1525.9195775306657,0.0,0.0,1.0,1.0,0.0,19.563071506803407,19.0
point_gbdt_safety,HOBBIES_1_398_TX_3,1851.3462350952925,1851.3462350952925,0.0,0.0,1.0,1.0,0.0,23.73520814224734,34.0
point_gbdt_safety,HOBBIES_1_399_TX_3,1819.9312320889799,1819.9312320889799,0.0,0.0,1.0,1.0,0.0,23.33245169344846,5.0
point_gbdt_safety,HOBBIES_1_400_CA_3,1845.2504772644938,1843.6168541670888,1.6336230974050991,0.0,0.9962872202331703,0.9871794871794872,0.01282051282051282,23.636113514962677,88.0
point_gbdt_safety,HOBBIES_1_405_TX_3,1562.0561044958827,1562.0561044958827,0.0,0.0,1.0,1.0,0.0,20.02636031404978,9.0
point_gbdt_safety,HOBBIES_1_406_CA_1,1638.901071080039,1638.901071080039,0.0,0.0,1.0,1.0,0.0,21.011552193333834,7.0
point_gbdt_safety,HOBBIES_1_410_TX_1,1587.729445184025,1587.729445184025,0.0,0.0,1.0,1.0,0.0,20.355505707487502,5.0
point_gbdt_safety,HOBBIES_1_415_CA_1,1447.9834855968186,1447.9834855968186,0.0,0.0,1.0,1.0,0.0,18.563890840984854,63.0
point_gbdt_safety,HOBBIES_1_418_TX_1,1697.3569177029276,1697.3569177029276,0.0,0.0,1.0,1.0,0.0,21.760986124396506,17.0
point_gbdt_safety,HOBBIES_1_419_CA_4,1596.5589818642898,1596.5589818642898,0.0,0.0,1.0,1.0,0.0,20.46870489569602,5.0
point_gbdt_safety,HOBBIES_2_007_TX_3,1727.0649791385054,1727.0649791385054,0.0,0.0,1.0,1.0,0.0,22.141858706903914,29.0
point_gbdt_safety,HOBBIES_2_008_WI_3,1673.3463710319209,1673.3463710319209,0.0,0.0,1.0,1.0,0.0,21.453158602973343,19.0
point_gbdt_safety,HOBBIES_2_009_WI_2,1571.3443794071306,1571.3443794071306,0.0,0.0,1.0,1.0,0.0,20.14544076162988,7.0
point_gbdt_safety,HOBBIES_2_012_TX_2,1612.7639919682872,1612.7639919682872,0.0,0.0,1.0,1.0,0.0,20.67646143549086,11.0
point_gbdt_safety,HOBBIES_2_014_WI_1,1585.3108179124897,1585.3108179124897,0.0,0.0,1.0,1.0,0.0,20.32449766554474,12.0
point_gbdt_safety,HOBBIES_2_018_CA_2,1613.7519883003356,1613.7519883003356,0.0,0.0,1.0,1.0,0.0,20.689128055132507,19.0
point_gbdt_safety,HOBBIES_2_030_TX_2,1576.5808709760468,1576.5808709760468,0.0,0.0,1.0,1.0,0.0,20.212575268923676,11.0
point_gbdt_safety,HOBBIES_2_030_WI_2,1496.60210540042,1496.60210540042,0.0,0.0,1.0,1.0,0.0,19.187206479492563,0.0
point_gbdt_safety,HOBBIES_2_031_CA_2,1669.3192762012538,1669.3192762012538,0.0,0.0,1.0,1.0,0.0,21.401529182067357,26.0
point_gbdt_safety,HOBBIES_2_035_CA_2,1631.0689881535109,1631.0689881535109,0.0,0.0,1.0,1.0,0.0,20.91114087376296,11.0
point_gbdt_safety,HOBBIES_2_038_CA_2,1635.1065374709674,1635.1065374709674,0.0,0.0,1.0,1.0,0.0,20.962904326550863,26.0
point_gbdt_safety,HOBBIES_2_040_TX_1,1698.6063990889525,1698.6063990889525,0.0,0.0,1.0,1.0,0.0,21.777005116525032,7.0
point_gbdt_safety,HOBBIES_2_041_TX_2,1444.6094926421533,1444.6094926421533,0.0,0.0,1.0,1.0,0.0,18.520634521053246,49.0
point_gbdt_safety,HOBBIES_2_042_TX_2,2011.682536361727,2011.682536361727,0.0,0.0,1.0,1.0,0.0,25.79080174822727,30.0
point_gbdt_safety,HOBBIES_2_045_CA_4,1591.014646641393,1591.014646641393,0.0,0.0,1.0,1.0,0.0,20.397623674889655,13.0
point_gbdt_safety,HOBBIES_2_050_WI_2,1555.8462284343377,1555.8462284343377,0.0,0.0,1.0,1.0,0.0,19.946746518388945,9.0
point_gbdt_safety,HOBBIES_2_056_WI_3,1743.1538303050297,1743.1538303050297,0.0,0.0,1.0,1.0,0.0,22.34812602955166,3.0
point_gbdt_safety,HOBBIES_2_061_TX_3,1499.9395882603967,1499.9395882603967,0.0,0.0,1.0,1.0,0.0,19.229994721287138,11.0
point_gbdt_safety,HOBBIES_2_072_TX_2,1594.6548417852764,1594.6548417852764,0.0,0.0,1.0,1.0,0.0,20.44429284340098,6.0
point_gbdt_safety,HOBBIES_2_074_CA_1,1622.5634616309017,1622.5634616309017,0.0,0.0,1.0,1.0,0.0,20.802095661934636,7.0
point_gbdt_safety,HOBBIES_2_074_CA_3,1615.8645335474846,1615.8645335474846,0.0,0.0,1.0,1.0,0.0,20.716211968557495,10.0
point_gbdt_safety,HOBBIES_2_076_TX_3,1623.0688318799178,1600.3487945295585,22.720037350359217,0.0,0.8891705495104427,0.9487179487179487,0.05128205128205128,20.517292237558443,41.0
point_gbdt_safety,HOBBIES_2_076_WI_1,1840.7797161567878,1840.7797161567878,0.0,0.0,1.0,1.0,0.0,23.599739950728047,19.0
point_gbdt_safety,HOBBIES_2_077_WI_1,1572.0137007177264,1572.0137007177264,0.0,0.0,1.0,1.0,0.0,20.154021804073416,0.0
point_gbdt_safety,HOBBIES_2_081_WI_3,1992.7795035794718,1992.7795035794718,0.0,0.0,1.0,1.0,0.0,25.548455174095793,10.0
point_gbdt_safety,HOBBIES_2_083_CA_1,1980.2813214304776,1980.2813214304776,0.0,0.0,1.0,1.0,0.0,25.38822206962151,7.0
point_gbdt_safety,HOBBIES_2_084_WI_3,1547.2419013634787,1547.2419013634787,0.0,0.0,1.0,1.0,0.0,19.836434632865114,10.0
point_gbdt_safety,HOBBIES_2_086_CA_4,1665.9849403928158,1665.9849403928158,0.0,0.0,1.0,1.0,0.0,21.358781287087382,3.0
point_gbdt_safety,HOBBIES_2_103_TX_1,1487.3012951413166,1487.3012951413166,0.0,0.0,1.0,1.0,0.0,19.06796532232457,38.0
point_gbdt_safety,HOBBIES_2_107_WI_3,1677.7548595657781,1677.7548595657781,0.0,0.0,1.0,1.0,0.0,21.509677686740744,4.0
point_gbdt_safety,HOBBIES_2_114_CA_4,1564.3314600498886,1564.3314600498886,0.0,0.0,1.0,1.0,0.0,20.055531539101136,9.0
point_gbdt_safety,HOBBIES_2_115_TX_1,1612.1419259676215,1612.1419259676215,0.0,0.0,1.0,1.0,0.0,20.668486230354123,56.0
point_gbdt_safety,HOBBIES_2_116_CA_1,1773.3086930633222,1773.3086930633222,0.0,0.0,1.0,1.0,0.0,22.734726834145157,22.0
point_gbdt_safety,HOBBIES_2_116_CA_2,1563.595476328629,1563.595476328629,0.0,0.0,1.0,1.0,0.0,20.04609585036704,27.0
point_gbdt_safety,HOBBIES_2_117_TX_1,1744.7764918356302,1744.7764918356302,0.0,0.0,1.0,1.0,0.0,22.368929382508078,31.0
point_gbdt_safety,HOBBIES_2_118_WI_2,1587.7139052208763,1587.7139052208763,0.0,0.0,1.0,1.0,0.0,20.355306477190723,0.0
point_gbdt_safety,HOBBIES_2_122_CA_2,2002.9888009043457,2002.9888009043457,0.0,0.0,1.0,1.0,0.0,25.679343601337767,10.0
point_gbdt_safety,HOBBIES_2_122_TX_1,1809.5424412280754,1809.5424412280754,0.0,0.0,1.0,1.0,0.0,23.19926206702661,23.0
point_gbdt_safety,HOBBIES_2_123_TX_1,1518.7910676081567,1518.7910676081567,0.0,0.0,1.0,1.0,0.0,19.471680353950727,16.0
point_gbdt_safety,HOBBIES_2_124_TX_3,2072.973727464442,1917.0038667760905,155.96986068835162,0.0,0.4968714171343496,0.9487179487179487,0.05128205128205128,24.57697265097552,62.0
point_gbdt_safety,HOBBIES_2_128_TX_1,1579.633039715991,1579.633039715991,0.0,0.0,1.0,1.0,0.0,20.2517056373845,10.0
point_gbdt_safety,HOBBIES_2_129_WI_1,1969.2672248834028,1969.2672248834028,0.0,0.0,1.0,1.0,0.0,25.24701570363337,24.0
point_gbdt_safety,HOBBIES_2_132_CA_1,1753.9530415497873,1753.9530415497873,0.0,0.0,1.0,1.0,0.0,22.486577455766504,54.0
point_gbdt_safety,HOBBIES_2_133_CA_3,1784.2036713735404,1784.2036713735404,0.0,0.0,1.0,1.0,0.0,22.874406043250517,30.0
point_gbdt_safety,HOBBIES_2_134_TX_3,1735.7009590149955,1735.7009590149955,0.0,0.0,1.0,1.0,0.0,22.252576397628147,10.0
point_gbdt_safety,HOBBIES_2_137_CA_2,1795.8440444556747,1795.8440444556747,0.0,0.0,1.0,1.0,0.0,23.023641595585573,0.0
point_gbdt_safety,HOBBIES_2_144_WI_1,1505.8464971495362,1505.8464971495362,0.0,0.0,1.0,1.0,0.0,19.30572432242995,10.0
point_gbdt_safety,HOUSEHOLD_1_005_CA_4,1422.9757948893973,1408.709943003923,14.265851885474454,0.0,0.9539811229500824,0.9743589743589743,0.02564102564102564,18.06038388466568,62.0
point_gbdt_safety,HOUSEHOLD_1_006_CA_4,1633.1220144276674,1633.1220144276674,0.0,0.0,1.0,1.0,0.0,20.937461723431632,52.0
point_gbdt_safety,HOUSEHOLD_1_006_WI_2,1568.0588305664805,1568.0588305664805,0.0,0.0,1.0,1.0,0.0,20.103318340595905,43.0
point_gbdt_safety,HOUSEHOLD_1_008_WI_3,1393.9786045501967,1393.9786045501967,0.0,0.0,1.0,1.0,0.0,17.871520571156367,25.0
point_gbdt_safety,HOUSEHOLD_1_010_CA_2,1828.123876125726,1828.123876125726,0.0,0.0,1.0,1.0,0.0,23.43748559135546,65.0
point_gbdt_safety,HOUSEHOLD_1_013_CA_3,1706.584529518892,1706.584529518892,0.0,0.0,1.0,1.0,0.0,21.879288839985794,120.0
point_gbdt_safety,HOUSEHOLD_1_014_CA_2,1948.3648408918712,1948.3648408918712,0.0,0.0,1.0,1.0,0.0,24.979036421690655,125.0
point_gbdt_safety,HOUSEHOLD_1_014_WI_3,1656.3776832229728,1656.3776832229728,0.0,0.0,1.0,1.0,0.0,21.235611323371447,36.0
point_gbdt_safety,HOUSEHOLD_1_015_WI_2,1623.34064740909,1623.34064740909,0.0,0.0,1.0,1.0,0.0,20.81205958216782,1.0
point_gbdt_safety,HOUSEHOLD_1_020_WI_1,1559.3295618037996,1559.3295618037996,0.0,0.0,1.0,1.0,0.0,19.99140463851025,72.0
point_gbdt_safety,HOUSEHOLD_1_021_WI_2,1428.9995724425353,1157.2740211286998,271.72555131383547,0.0,0.706242647228286,0.782051282051282,0.21794871794871795,14.83684642472692,185.0
point_gbdt_safety,HOUSEHOLD_1_024_CA_2,1630.308842953492,1626.478821609597,3.830021343895247,0.0,0.9912954060366016,0.9871794871794872,0.01282051282051282,20.85229258473842,88.0
point_gbdt_safety,HOUSEHOLD_1_026_CA_2,1486.933452107513,1291.611338452819,195.32211365469408,0.0,0.7248984314722619,0.8461538461538461,0.15384615384615385,16.55911972375409,142.0
point_gbdt_safety,HOUSEHOLD_1_029_CA_2,1487.0838175112808,1437.4105451562382,49.67327235504257,0.0,0.9150884233247135,0.9230769230769231,0.07692307692307693,18.428340322515876,117.0
point_gbdt_safety,HOUSEHOLD_1_032_WI_1,1612.529506156902,1612.529506156902,0.0,0.0,1.0,1.0,0.0,20.67345520713977,57.0
point_gbdt_safety,HOUSEHOLD_1_033_TX_2,1755.7155021991255,1755.7155021991255,0.0,0.0,1.0,1.0,0.0,22.509173105116993,110.0
point_gbdt_safety,HOUSEHOLD_1_034_WI_1,1665.0781675789485,1665.0781675789485,0.0,0.0,1.0,1.0,0.0,21.347155994601906,18.0
point_gbdt_safety,HOUSEHOLD_1_043_CA_3,1575.073599834566,1575.073599834566,0.0,0.0,1.0,1.0,0.0,20.193251279930333,90.0
point_gbdt_safety,HOUSEHOLD_1_049_CA_1,2340.0,2340.0,0.0,0.0,1.0,1.0,0.0,30.0,0.0
point_gbdt_safety,HOUSEHOLD_1_049_WI_1,1605.8215898271176,1605.8215898271176,0.0,0.0,1.0,1.0,0.0,20.58745627983484,0.0
point_gbdt_safety,HOUSEHOLD_1_051_WI_1,2275.4393713833815,2134.306914163317,141.13245722006445,0.0,0.8930814718029815,0.8717948717948718,0.1282051282051282,27.36290915593996,264.0
point_gbdt_safety,HOUSEHOLD_1_058_CA_3,2223.603643283629,2223.603643283629,0.0,0.0,1.0,1.0,0.0,28.50773901645678,224.0
point_gbdt_safety,HOUSEHOLD_1_068_TX_1,1580.6893274434574,1580.6893274434574,0.0,0.0,1.0,1.0,0.0,20.265247787736634,9.0
point_gbdt_safety,HOUSEHOLD_1_071_CA_1,2339.85527863702,2021.0271927820263,318.82808585499356,0.0,0.8188476784914809,0.8076923076923077,0.19230769230769232,25.910605035667004,352.0
point_gbdt_safety,HOUSEHOLD_1_071_TX_2,2045.279342134233,1691.323551057406,353.95579107682727,0.0,0.7880504245048937,0.7948717948717948,0.20512820512820512,21.683635269966743,334.0
point_gbdt_safety,HOUSEHOLD_1_079_WI_1,1542.8464479263046,1451.7402426835613,91.10620524274317,0.0,0.8358446752383006,0.8974358974358975,0.10256410256410256,18.61205439337899,111.0
point_gbdt_safety,HOUSEHOLD_1_080_WI_1,1577.346142195102,1577.346142195102,0.0,0.0,1.0,1.0,0.0,20.222386438398743,25.0
point_gbdt_safety,HOUSEHOLD_1_080_WI_2,1689.0442394737872,1689.0442394737872,0.0,0.0,1.0,1.0,0.0,21.654413326587015,45.0
point_gbdt_safety,HOUSEHOLD_1_083_TX_1,3186.8882381019216,2677.734494440674,509.1537436612475,0.0,0.8011118188823252,0.7564102564102564,0.24358974358974358,34.32992941590608,512.0
point_gbdt_safety,HOUSEHOLD_1_083_WI_3,4222.080163081278,3615.677785953933,606.4023771273453,0.0,0.8110896021410138,0.8205128205128205,0.1794871794871795,46.354843409665804,642.0
point_gbdt_safety,HOUSEHOLD_1_088_TX_3,1583.5694211625278,1583.5694211625278,0.0,0.0,1.0,1.0,0.0,20.30217206618625,63.0
point_gbdt_safety,HOUSEHOLD_1_091_WI_3,1591.7159536618449,1591.7159536618449,0.0,0.0,1.0,1.0,0.0,20.406614790536473,15.0
point_gbdt_safety,HOUSEHOLD_1_093_CA_2,1551.8859742608174,1535.85682570801,16.02914855280744,0.0,0.9679417028943851,0.9743589743589743,0.02564102564102564,19.690472124461667,100.0
point_gbdt_safety,HOUSEHOLD_1_095_TX_2,1598.3657205794664,1598.3657205794664,0.0,0.0,1.0,1.0,0.0,20.49186821255726,13.0
point_gbdt_safety,HOUSEHOLD_1_095_TX_3,1556.793877958044,1556.793877958044,0.0,0.0,1.0,1.0,0.0,19.958895871256974,13.0
point_gbdt_safety,HOUSEHOLD_1_096_WI_2,3846.913235908154,2670.405644429865,1176.5075914782892,0.0,0.7165041948245087,0.6794871794871795,0.32051282051282054,34.23596980038288,830.0
point_gbdt_safety,HOUSEHOLD_1_098_CA_4,1580.8413503508957,1580.8413503508957,0.0,0.0,1.0,1.0,0.0,20.267196799370456,13.0
point_gbdt_safety,HOUSEHOLD_1_102_WI_3,1698.8399080197291,1686.2486157549115,12.591292264817682,0.0,0.97506674799046,0.9871794871794872,0.01282051282051282,21.61857199685784,101.0
point_gbdt_safety,HOUSEHOLD_1_106_TX_3,2586.2184312125955,1621.579127832263,964.6393033803323,0.0,0.6832054832905313,0.6923076923076923,0.3076923076923077,20.78947599784953,609.0
point_gbdt_safety,HOUSEHOLD_1_119_TX_2,1989.4915174838957,1989.4915174838957,0.0,0.0,1.0,1.0,0.0,25.50630150620379,170.0
point_gbdt_safety,HOUSEHOLD_1_120_CA_2,1702.5507551016497,1702.5507551016497,0.0,0.0,1.0,1.0,0.0,21.827573783354485,35.0
point_gbdt_safety,HOUSEHOLD_1_127_WI_1,1516.134746443876,1516.134746443876,0.0,0.0,1.0,1.0,0.0,19.43762495440867,35.0
point_gbdt_safety,HOUSEHOLD_1_128_WI_2,1952.1412284506887,1828.1050710419654,124.03615740872318,0.0,0.859049821126451,0.8717948717948718,0.1282051282051282,23.437244500538018,176.0
point_gbdt_safety,HOUSEHOLD_1_131_CA_1,1521.0577186541584,1521.0577186541584,0.0,0.0,1.0,1.0,0.0,19.50073998274562,55.0
point_gbdt_safety,HOUSEHOLD_1_131_TX_1,1492.3738991584582,1492.3738991584582,0.0,0.0,1.0,1.0,0.0,19.13299870715972,67.0
point_gbdt_safety,HOUSEHOLD_1_136_WI_3,1807.760359162066,1807.760359162066,0.0,0.0,1.0,1.0,0.0,23.176414861052127,131.0
point_gbdt_safety,HOUSEHOLD_1_145_CA_2,2025.9965234574618,1921.202887049225,104.79363640823671,0.0,0.9100483807654621,0.8974358974358975,0.10256410256410256,24.63080624422083,233.0
point_gbdt_safety,HOUSEHOLD_1_155_WI_3,1525.088517616611,1525.088517616611,0.0,0.0,1.0,1.0,0.0,19.552416892520654,34.0
point_gbdt_safety,HOUSEHOLD_1_157_WI_1,1754.4327623281872,1754.4327623281872,0.0,0.0,1.0,1.0,0.0,22.492727722156246,23.0
point_gbdt_safety,HOUSEHOLD_1_158_CA_3,1626.380772770545,1626.380772770545,0.0,0.0,1.0,1.0,0.0,20.85103554834032,74.0
point_gbdt_safety,HOUSEHOLD_1_160_WI_2,1551.5917272206882,1510.794801173143,40.796926047545114,0.0,0.9352429745277061,0.9615384615384616,0.038461538461538464,19.3691641176044,126.0
point_gbdt_safety,HOUSEHOLD_1_161_CA_2,1562.123289918464,1562.123289918464,0.0,0.0,1.0,1.0,0.0,20.027221665621333,72.0
point_gbdt_safety,HOUSEHOLD_1_162_TX_1,2027.844088314797,2027.844088314797,0.0,0.0,1.0,1.0,0.0,25.99800113224099,38.0
point_gbdt_safety,HOUSEHOLD_1_163_CA_1,1563.4721212036948,1563.4721212036948,0.0,0.0,1.0,1.0,0.0,20.044514374406344,22.0
point_gbdt_safety,HOUSEHOLD_1_165_CA_1,1586.9819065384345,1586.9819065384345,0.0,0.0,1.0,1.0,0.0,20.34592187869788,40.0
point_gbdt_safety,HOUSEHOLD_1_165_TX_1,1781.237207125827,1781.237207125827,0.0,0.0,1.0,1.0,0.0,22.836374450331114,77.0
point_gbdt_safety,HOUSEHOLD_1_167_WI_1,1600.537779896277,1600.537779896277,0.0,0.0,1.0,1.0,0.0,20.519715126875347,32.0
point_gbdt_safety,HOUSEHOLD_1_175_TX_2,1583.6276343043075,1562.267880142856,21.359754161451434,0.0,0.9681197699082814,0.9615384615384616,0.038461538461538464,20.029075386446873,134.0
point_gbdt_safety,HOUSEHOLD_1_175_WI_3,1570.4526013399093,1570.4526013399093,0.0,0.0,1.0,1.0,0.0,20.134007709486017,33.0
point_gbdt_safety,HOUSEHOLD_1_185_WI_3,1389.8034685579412,1377.0614452476198,12.742023310321322,0.0,0.971995553164129,0.9743589743589743,0.02564102564102564,17.654633913431024,91.0
point_gbdt_safety,HOUSEHOLD_1_186_WI_2,2120.777902236136,1849.0812050796617,271.69669715647444,0.0,0.8687455569292394,0.8333333333333334,0.16666666666666666,23.706169295893098,414.0
point_gbdt_safety,HOUSEHOLD_1_188_TX_2,1617.2774107709104,1617.2774107709104,0.0,0.0,1.0,1.0,0.0,20.734325779114236,52.0
point_gbdt_safety,HOUSEHOLD_1_190_WI_3,1646.4035770916516,1646.4035770916516,0.0,0.0,1.0,1.0,0.0,21.10773816784169,66.0
point_gbdt_safety,HOUSEHOLD_1_191_TX_3,2112.6543035112018,2112.6543035112018,0.0,0.0,1.0,1.0,0.0,27.085311583476944,86.0
point_gbdt_safety,HOUSEHOLD_1_194_CA_1,1739.5451695794902,1739.5451695794902,0.0,0.0,1.0,1.0,0.0,22.301861148455004,35.0
point_gbdt_safety,HOUSEHOLD_1_195_CA_2,1707.7194910095864,1707.7194910095864,0.0,0.0,1.0,1.0,0.0,21.89383962832803,31.0
point_gbdt_safety,HOUSEHOLD_1_201_TX_2,1882.9013179423655,1882.9013179423655,0.0,0.0,1.0,1.0,0.0,24.139760486440583,23.0
point_gbdt_safety,HOUSEHOLD_1_205_WI_3,1687.60688139879,1687.60688139879,0.0,0.0,1.0,1.0,0.0,21.635985658958845,56.0
point_gbdt_safety,HOUSEHOLD_1_206_CA_4,1723.0245413835237,1723.0245413835237,0.0,0.0,1.0,1.0,0.0,22.09005822286569,8.0
point_gbdt_safety,HOUSEHOLD_1_207_TX_1,1666.3905457296842,1666.3905457296842,0.0,0.0,1.0,1.0,0.0,21.36398135550877,28.0
point_gbdt_safety,HOUSEHOLD_1_208_WI_3,1735.3385088706455,1725.2293228152464,10.109186055399135,0.0,0.9870395050571806,0.9871794871794872,0.01282051282051282,22.11832465147752,156.0
point_gbdt_safety,HOUSEHOLD_1_211_TX_2,1655.3220085805262,1655.3220085805262,0.0,0.0,1.0,1.0,0.0,21.22207703308367,49.0
point_gbdt_safety,HOUSEHOLD_1_212_WI_2,1745.43995973596,1745.43995973596,0.0,0.0,1.0,1.0,0.0,22.377435381230256,98.0
point_gbdt_safety,HOUSEHOLD_1_216_TX_1,1582.1271185699222,1582.1271185699222,0.0,0.0,1.0,1.0,0.0,20.283681007306694,9.0
point_gbdt_safety,HOUSEHOLD_1_217_WI_3,1563.497892883926,1563.497892883926,0.0,0.0,1.0,1.0,0.0,20.044844780563153,81.0
point_gbdt_safety,HOUSEHOLD_1_218_CA_1,1758.3009101345428,1758.3009101345428,0.0,0.0,1.0,1.0,0.0,22.542319360699267,74.0
point_gbdt_safety,HOUSEHOLD_1_219_TX_3,1375.1080859908732,1375.1080859908732,0.0,0.0,1.0,1.0,0.0,17.629590846036837,57.0
point_gbdt_safety,HOUSEHOLD_1_220_TX_3,1495.2037048945624,1481.3088848423452,13.894820052217298,0.0,0.9747366908141504,0.9615384615384616,0.038461538461538464,18.991139549260836,110.0
point_gbdt_safety,HOUSEHOLD_1_221_CA_2,1607.2881215099692,1607.2881215099692,0.0,0.0,1.0,1.0,0.0,20.606257968076527,74.0
point_gbdt_safety,HOUSEHOLD_1_224_WI_2,1503.32350356625,1503.32350356625,0.0,0.0,1.0,1.0,0.0,19.273378250849362,65.0
point_gbdt_safety,HOUSEHOLD_1_225_CA_4,1824.6378272794134,1824.6378272794134,0.0,0.0,1.0,1.0,0.0,23.392792657428377,58.0
point_gbdt_safety,HOUSEHOLD_1_225_TX_2,2000.231115181342,1957.825284084186,42.40583109715601,0.0,0.9580140286166772,0.9487179487179487,0.05128205128205128,25.100324154925463,202.0
point_gbdt_safety,HOUSEHOLD_1_230_TX_3,1501.3411497285185,1501.3411497285185,0.0,0.0,1.0,1.0,0.0,19.24796345805793,18.0
point_gbdt_safety,HOUSEHOLD_1_238_CA_3,1765.5479569592292,1744.2280964668341,21.319860492395044,0.0,0.9771980101685614,0.9743589743589743,0.02564102564102564,22.36189867265172,187.0
point_gbdt_safety,HOUSEHOLD_1_244_CA_3,1518.7986341005712,1458.9359751152388,59.8626589853324,0.0,0.9227578593737645,0.9358974358974359,0.0641025641025641,18.704307373272293,155.0
point_gbdt_safety,HOUSEHOLD_1_246_CA_2,2777.3256318034487,2492.3149235006817,285.01070830276706,0.0,0.8866756627026771,0.8589743589743589,0.14102564102564102,31.95275542949592,503.0
point_gbdt_safety,HOUSEHOLD_1_248_CA_4,1576.0557485943789,1576.0557485943789,0.0,0.0,1.0,1.0,0.0,20.205842930697166,33.0
point_gbdt_safety,HOUSEHOLD_1_249_WI_3,1572.7106388238526,1572.7106388238526,0.0,0.0,1.0,1.0,0.0,20.16295690799811,40.0
point_gbdt_safety,HOUSEHOLD_1_264_TX_3,1544.984610846698,1544.984610846698,0.0,0.0,1.0,1.0,0.0,19.807495010855103,23.0
point_gbdt_safety,HOUSEHOLD_1_265_CA_3,1577.769908942529,1577.769908942529,0.0,0.0,1.0,1.0,0.0,20.227819345417036,51.0
point_gbdt_safety,HOUSEHOLD_1_272_CA_3,13183.0,13183.0,0.0,0.0,1.0,1.0,0.0,169.01282051282053,186.0
point_gbdt_safety,HOUSEHOLD_1_298_TX_3,1780.6004870845668,1780.6004870845668,0.0,0.0,1.0,1.0,0.0,22.82821137287906,38.0
point_gbdt_safety,HOUSEHOLD_1_304_CA_3,3567.5515363365557,2668.8146523199503,898.7368840166052,0.0,0.7753157789958487,0.7692307692307693,0.23076923076923078,34.215572465640385,800.0
point_gbdt_safety,HOUSEHOLD_1_304_CA_4,1574.5235234957559,1482.110924825539,92.41259867021682,0.0,0.8767832017730443,0.8717948717948718,0.1282051282051282,19.001422113147935,150.0
point_gbdt_safety,HOUSEHOLD_1_309_TX_2,1668.2561258601936,1668.2561258601936,0.0,0.0,1.0,1.0,0.0,21.38789904948966,20.0
point_gbdt_safety,HOUSEHOLD_1_314_TX_3,1621.109167445224,1621.109167445224,0.0,0.0,1.0,1.0,0.0,20.78345086468236,54.0
point_gbdt_safety,HOUSEHOLD_1_317_CA_1,1768.6803517022038,1768.6803517022038,0.0,0.0,1.0,1.0,0.0,22.675389124387227,100.0
point_gbdt_safety,HOUSEHOLD_1_317_TX_3,1828.324786059174,1828.324786059174,0.0,0.0,1.0,1.0,0.0,23.440061359732997,63.0
point_gbdt_safety,HOUSEHOLD_1_320_WI_3,1536.638688575275,1536.638688575275,0.0,0.0,1.0,1.0,0.0,19.70049600737532,32.0
point_gbdt_safety,HOUSEHOLD_1_332_WI_3,1542.9013615214812,1542.9013615214812,0.0,0.0,1.0,1.0,0.0,19.780786686172835,5.0
point_gbdt_safety,HOUSEHOLD_1_333_WI_2,1538.1160881514618,1538.1160881514618,0.0,0.0,1.0,1.0,0.0,19.719437027582842,44.0
point_gbdt_safety,HOUSEHOLD_1_338_WI_1,1475.6879185050134,1475.6879185050134,0.0,0.0,1.0,1.0,0.0,18.919075878269403,77.0
point_gbdt_safety,HOUSEHOLD_1_342_TX_2,1427.1576708801222,1407.1567276577202,20.000943222401943,0.0,0.9452028952810906,0.9615384615384616,0.038461538461538464,18.04047086740667,73.0
point_gbdt_safety,HOUSEHOLD_1_344_CA_1,1875.5368207042409,1875.5368207042409,0.0,0.0,1.0,1.0,0.0,24.045343855182576,45.0
point_gbdt_safety,HOUSEHOLD_1_344_TX_1,1978.0684213770057,1809.3362230659282,168.73219831107764,0.0,0.882005455726519,0.8717948717948718,0.1282051282051282,23.196618244434976,286.0
point_gbdt_safety,HOUSEHOLD_1_349_TX_2,1716.6939953832798,1716.6939953832798,0.0,0.0,1.0,1.0,0.0,22.008897376708717,86.0
point_gbdt_safety,HOUSEHOLD_1_361_WI_3,1901.7689983377672,1901.7689983377672,0.0,0.0,1.0,1.0,0.0,24.38165382484317,174.0
point_gbdt_safety,HOUSEHOLD_1_368_TX_3,1705.9059296813512,1705.9059296813512,0.0,0.0,1.0,1.0,0.0,21.870588842068603,4.0
point_gbdt_safety,HOUSEHOLD_1_369_CA_1,1583.4872094246111,1495.3116416529224,88.17556777168872,0.0,0.9009263283464172,0.9230769230769231,0.07692307692307693,19.170662072473363,178.0
point_gbdt_safety,HOUSEHOLD_1_371_CA_1,1633.5033685229214,1633.5033685229214,0.0,0.0,1.0,1.0,0.0,20.942350878498992,116.0
point_gbdt_safety,HOUSEHOLD_1_377_TX_1,1521.7280999388056,1521.7280999388056,0.0,0.0,1.0,1.0,0.0,19.50933461460007,17.0
point_gbdt_safety,HOUSEHOLD_1_380_CA_1,1622.0631658140571,1622.0631658140571,0.0,0.0,1.0,1.0,0.0,20.79568161300073,67.0
point_gbdt_safety,HOUSEHOLD_1_384_CA_2,1606.6840961836722,1606.6840961836722,0.0,0.0,1.0,1.0,0.0,20.598514053636823,65.0
point_gbdt_safety,HOUSEHOLD_1_385_CA_3,2744.7008215878664,2492.0181790128418,252.68264257502452,0.0,0.8580434592275143,0.8846153846153846,0.11538461538461539,31.94895101298515,356.0
point_gbdt_safety,HOUSEHOLD_1_386_CA_2,1381.4230467178925,1259.1463280879411,122.27671862995145,0.0,0.8027794860807235,0.8846153846153846,0.11538461538461539,16.14290164215309,124.0
point_gbdt_safety,HOUSEHOLD_1_389_CA_1,2870.515455861496,2766.5854424141953,103.93001344730067,0.0,0.9368206605183582,0.9487179487179487,0.05128205128205128,35.469044133515325,329.0
point_gbdt_safety,HOUSEHOLD_1_390_WI_2,1903.4685960769514,1844.7536441368177,58.71495194013374,0.0,0.9283964000730076,0.9102564102564102,0.08974358974358974,23.650687745343816,164.0
point_gbdt_safety,HOUSEHOLD_1_394_CA_3,1656.5083605134196,1656.5083605134196,0.0,0.0,1.0,1.0,0.0,21.23728667324897,85.0
point_gbdt_safety,HOUSEHOLD_1_395_CA_3,1650.0628516908741,1650.0628516908741,0.0,0.0,1.0,1.0,0.0,21.154651944754796,69.0
point_gbdt_safety,HOUSEHOLD_1_396_TX_1,1550.1217581948276,1550.1217581948276,0.0,0.0,1.0,1.0,0.0,19.873355874292663,109.0
point_gbdt_safety,HOUSEHOLD_1_397_WI_1,1594.2262518975317,1454.294446879448,139.93180501808365,0.0,0.8372885988161818,0.8589743589743589,0.14102564102564102,18.644800601018567,172.0
point_gbdt_safety,HOUSEHOLD_1_398_CA_4,1444.5571116222163,1444.5571116222163,0.0,0.0,1.0,1.0,0.0,18.519962969515593,30.0
point_gbdt_safety,HOUSEHOLD_1_399_TX_3,2702.1445031136836,1975.1097372280328,727.0347658856507,0.0,0.7639497513358278,0.7564102564102564,0.24358974358974358,25.321919708051702,616.0
point_gbdt_safety,HOUSEHOLD_1_401_CA_2,1615.4607363467505,1615.4607363467505,0.0,0.0,1.0,1.0,0.0,20.711035081368596,22.0
point_gbdt_safety,HOUSEHOLD_1_402_TX_2,1565.4592563601514,1565.4592563601514,0.0,0.0,1.0,1.0,0.0,20.069990466155787,27.0
point_gbdt_safety,HOUSEHOLD_1_404_TX_2,1599.2744605554628,1599.2744605554628,0.0,0.0,1.0,1.0,0.0,20.503518725070037,60.0
point_gbdt_safety,HOUSEHOLD_1_407_CA_4,1630.0316948615925,1630.0316948615925,0.0,0.0,1.0,1.0,0.0,20.89784224181529,33.0
point_gbdt_safety,HOUSEHOLD_1_411_WI_3,1884.1625894569845,1884.1625894569845,0.0,0.0,1.0,1.0,0.0,24.155930634063903,111.0
point_gbdt_safety,HOUSEHOLD_1_415_CA_3,1713.019801549237,1713.019801549237,0.0,0.0,1.0,1.0,0.0,21.96179232755432,62.0
point_gbdt_safety,HOUSEHOLD_1_419_WI_2,1669.112076036197,1669.112076036197,0.0,0.0,1.0,1.0,0.0,21.398872769694833,15.0
point_gbdt_safety,HOUSEHOLD_1_421_WI_3,1625.7287547658084,1625.7287547658084,0.0,0.0,1.0,1.0,0.0,20.84267634315139,67.0
point_gbdt_safety,HOUSEHOLD_1_423_CA_4,1612.7197059383088,1612.7197059383088,0.0,0.0,1.0,1.0,0.0,20.675893665875755,13.0
point_gbdt_safety,HOUSEHOLD_1_425_CA_4,1462.1598142402286,1433.0499555265446,29.10985871368382,0.0,0.9290003446007712,0.9358974358974359,0.0641025641025641,18.372435327263393,82.0
point_gbdt_safety,HOUSEHOLD_1_431_TX_2,1903.2271811176684,1777.270182222524,125.95699889514442,0.0,0.8746696528406523,0.8589743589743589,0.14102564102564102,22.785515156699027,201.0
point_gbdt_safety,HOUSEHOLD_1_433_WI_1,1542.8968303091197,1542.8968303091197,0.0,0.0,1.0,1.0,0.0,19.780728593706662,15.0
point_gbdt_safety,HOUSEHOLD_1_437_WI_1,1747.8579901088988,1626.180652396605,121.6773377122939,0.0,0.892320940077616,0.8846153846153846,0.11538461538461539,20.848469902520577,226.0
point_gbdt_safety,HOUSEHOLD_1_439_WI_3,2483.52605798462,2466.2803855780003,17.245672406619406,0.0,0.9648047501905727,0.9743589743589743,0.02564102564102564,31.618979302282053,98.0
point_gbdt_safety,HOUSEHOLD_1_442_CA_4,1475.2546299018213,1475.2546299018213,0.0,0.0,1.0,1.0,0.0,18.913520896177197,57.0
point_gbdt_safety,HOUSEHOLD_1_445_TX_3,1486.9638899571553,1278.3683337268585,208.5955562302968,0.0,0.7720267145024078,0.7948717948717948,0.20512820512820512,16.3893376118828,183.0
point_gbdt_safety,HOUSEHOLD_1_448_CA_4,1757.503461084373,1715.7349257245028,41.76853535987014,0.0,0.9337007375240156,0.9487179487179487,0.05128205128205128,21.9966016118526,126.0
point_gbdt_safety,HOUSEHOLD_1_450_TX_2,1555.7074165902557,1555.7074165902557,0.0,0.0,1.0,1.0,0.0,19.94496687936225,73.0
point_gbdt_safety,HOUSEHOLD_1_458_CA_2,1488.976508508049,1409.5758452105883,79.4006632974606,0.0,0.8988526582197954,0.9102564102564102,0.08974358974358974,18.071485195007543,157.0
point_gbdt_safety,HOUSEHOLD_1_459_WI_2,9935.924555150475,6248.368697298378,3687.5558578520977,0.0,0.6870975088797541,0.6410256410256411,0.358974358974359,80.10729099100485,2357.0
point_gbdt_safety,HOUSEHOLD_1_462_WI_1,2738.778229086296,2704.997068330819,33.78116075547741,0.0,0.918599612637404,0.9743589743589743,0.02564102564102564,34.679449593984856,83.0
point_gbdt_safety,HOUSEHOLD_1_467_CA_1,1691.9999029199143,1691.9999029199143,0.0,0.0,1.0,1.0,0.0,21.69230644769121,58.0
point_gbdt_safety,HOUSEHOLD_1_473_WI_2,2960.375833161222,2280.8820323664227,679.4938007947995,0.0,0.7688796595936056,0.7435897435897436,0.2564102564102564,29.24207733803106,588.0
point_gbdt_safety,HOUSEHOLD_1_474_TX_2,6667.966584373237,4890.766880590792,1777.199703782445,0.0,0.6046274296368309,0.717948717948718,0.28205128205128205,62.70213949475375,899.0
point_gbdt_safety,HOUSEHOLD_1_481_CA_1,1522.2038364472282,1449.7582669882,72.44556945902822,0.0,0.8942400445853602,0.8974358974358975,0.10256410256410256,18.586644448566666,137.0
point_gbdt_safety,HOUSEHOLD_1_482_WI_1,1511.9427401780388,1511.9427401780388,0.0,0.0,1.0,1.0,0.0,19.38388128433383,64.0
point_gbdt_safety,HOUSEHOLD_1_491_TX_1,1393.1983199644308,1393.1983199644308,0.0,0.0,1.0,1.0,0.0,17.861516922620908,69.0
point_gbdt_safety,HOUSEHOLD_1_491_WI_3,1537.4303190524395,1537.4303190524395,0.0,0.0,1.0,1.0,0.0,19.710645116056916,50.0
point_gbdt_safety,HOUSEHOLD_1_492_WI_2,1763.827547545219,1763.827547545219,0.0,0.0,1.0,1.0,0.0,22.613173686477165,13.0
point_gbdt_safety,HOUSEHOLD_1_494_CA_2,1921.9079216238392,1785.614381946209,136.29353967763018,0.0,0.8755310139930318,0.8846153846153846,0.11538461538461539,22.89249207623345,219.0
point_gbdt_safety,HOUSEHOLD_1_494_TX_1,1938.559449211295,1752.9593928912345,185.60005632006045,0.0,0.8702097508251326,0.8717948717948718,0.1282051282051282,22.473838370400443,286.0
point_gbdt_safety,HOUSEHOLD_1_500_TX_3,1569.3390670059293,1569.3390670059293,0.0,0.0,1.0,1.0,0.0,20.119731628281144,6.0
point_gbdt_safety,HOUSEHOLD_1_501_TX_3,1670.2536815545927,1670.2536815545927,0.0,0.0,1.0,1.0,0.0,21.413508737879393,7.0
point_gbdt_safety,HOUSEHOLD_1_503_WI_1,1425.589824909368,1422.9147301314015,2.675094777966578,0.0,0.9941206708176559,0.9871794871794872,0.01282051282051282,18.242496540146174,91.0
point_gbdt_safety,HOUSEHOLD_1_504_CA_3,1769.1695056798567,1769.1695056798567,0.0,0.0,1.0,1.0,0.0,22.681660329228933,32.0
point_gbdt_safety,HOUSEHOLD_1_504_WI_3,1923.4642115298375,1923.4642115298375,0.0,0.0,1.0,1.0,0.0,24.659797583715864,7.0
point_gbdt_safety,HOUSEHOLD_1_507_WI_3,1887.7514858895788,1887.7514858895788,0.0,0.0,1.0,1.0,0.0,24.201942126789472,11.0
point_gbdt_safety,HOUSEHOLD_1_510_CA_4,1628.876432863917,1555.4196908983322,73.45674196558477,0.0,0.8785838975775458,0.9358974358974359,0.0641025641025641,19.941278088440157,121.0
point_gbdt_safety,HOUSEHOLD_1_510_TX_1,1664.5624588063736,1664.5624588063736,0.0,0.0,1.0,1.0,0.0,21.340544343671457,78.0
point_gbdt_safety,HOUSEHOLD_1_520_CA_1,1573.6470845553538,1573.6470845553538,0.0,0.0,1.0,1.0,0.0,20.174962622504534,56.0
point_gbdt_safety,HOUSEHOLD_1_521_CA_2,3498.113990905653,2815.717902001029,682.3960889046239,0.0,0.6719249572573923,0.782051282051282,0.21794871794871795,36.09894746155165,416.0
point_gbdt_safety,HOUSEHOLD_1_521_TX_3,8029.657869140743,7479.506474742306,550.1513943984376,0.0,0.8708564801881602,0.8461538461538461,0.15384615384615385,95.89110865054238,852.0
point_gbdt_safety,HOUSEHOLD_1_527_WI_2,1499.018360089449,1436.697168150213,62.32119193923619,0.0,0.8052462751898869,0.8974358974358975,0.10256410256410256,18.41919446346427,64.0
point_gbdt_safety,HOUSEHOLD_1_529_CA_2,1475.3082082094354,1435.9555005005836,39.35270770885172,0.0,0.9171521942971543,0.9615384615384616,0.038461538461538464,18.409685903853635,95.0
point_gbdt_safety,HOUSEHOLD_1_531_TX_1,1548.9229894147816,1548.9229894147816,0.0,0.0,1.0,1.0,0.0,19.85798704377925,56.0
point_gbdt_safety,HOUSEHOLD_1_533_WI_1,1672.9060919597907,1672.9060919597907,0.0,0.0,1.0,1.0,0.0,21.447513999484496,39.0
point_gbdt_safety,HOUSEHOLD_1_534_CA_2,1717.9934292232033,1717.9934292232033,0.0,0.0,1.0,1.0,0.0,22.02555678491286,66.0
point_gbdt_safety,HOUSEHOLD_1_534_CA_4,1494.7703719171052,1494.7703719171052,0.0,0.0,1.0,1.0,0.0,19.163722716885964,45.0
point_gbdt_safety,HOUSEHOLD_1_534_TX_1,1607.4641423676105,1607.4641423676105,0.0,0.0,1.0,1.0,0.0,20.608514645738598,37.0
point_gbdt_safety,HOUSEHOLD_1_537_CA_3,2257.2542691842,2248.8371378889733,8.41713129522688,0.0,0.9909977205398643,0.9871794871794872,0.01282051282051282,28.83124535755094,187.0
point_gbdt_safety,HOUSEHOLD_1_537_TX_1,1747.9339620737844,1747.9339620737844,0.0,0.0,1.0,1.0,0.0,22.409409770176723,107.0
point_gbdt_safety,HOUSEHOLD_1_541_CA_2,1855.118334343509,1855.118334343509,0.0,0.0,1.0,1.0,0.0,23.783568389019347,192.0
point_gbdt_safety,HOUSEHOLD_2_001_WI_2,1602.1621459916664,1602.1621459916664,0.0,0.0,1.0,1.0,0.0,20.54054033322649,9.0
point_gbdt_safety,HOUSEHOLD_2_004_CA_4,1629.4820913045296,1629.4820913045296,0.0,0.0,1.0,1.0,0.0,20.890796042365764,6.0
point_gbdt_safety,HOUSEHOLD_2_008_WI_2,1681.628929260596,1681.628929260596,0.0,0.0,1.0,1.0,0.0,21.559345246930718,0.0
point_gbdt_safety,HOUSEHOLD_2_009_CA_1,1434.4489821717875,1434.4489821717875,0.0,0.0,1.0,1.0,0.0,18.390371566304967,39.0
point_gbdt_safety,HOUSEHOLD_2_010_CA_3,1796.6617236132813,1796.6617236132813,0.0,0.0,1.0,1.0,0.0,23.034124661708734,22.0
point_gbdt_safety,HOUSEHOLD_2_013_WI_3,1540.8835310969998,1540.8835310969998,0.0,0.0,1.0,1.0,0.0,19.754917065346152,10.0
point_gbdt_safety,HOUSEHOLD_2_015_CA_1,1638.6499408150087,1638.6499408150087,0.0,0.0,1.0,1.0,0.0,21.008332574551392,50.0
point_gbdt_safety,HOUSEHOLD_2_017_CA_1,1656.6741141322075,1656.6741141322075,0.0,0.0,1.0,1.0,0.0,21.239411719643687,29.0
point_gbdt_safety,HOUSEHOLD_2_021_CA_2,1891.2903770265675,1891.2903770265675,0.0,0.0,1.0,1.0,0.0,24.247312525981634,31.0
point_gbdt_safety,HOUSEHOLD_2_029_WI_2,1525.9845505172157,1525.9845505172157,0.0,0.0,1.0,1.0,0.0,19.56390449381046,47.0
point_gbdt_safety,HOUSEHOLD_2_032_WI_2,1631.5705743069313,1631.5705743069313,0.0,0.0,1.0,1.0,0.0,20.91757146547348,7.0
point_gbdt_safety,HOUSEHOLD_2_034_CA_2,1492.6223730846486,1492.6223730846486,0.0,0.0,1.0,1.0,0.0,19.136184270316008,18.0
point_gbdt_safety,HOUSEHOLD_2_034_CA_3,1785.8589438865772,1785.8589438865772,0.0,0.0,1.0,1.0,0.0,22.89562748572535,14.0
point_gbdt_safety,HOUSEHOLD_2_038_TX_1,1602.901990913378,1602.901990913378,0.0,0.0,1.0,1.0,0.0,20.55002552453049,11.0
point_gbdt_safety,HOUSEHOLD_2_042_WI_2,1666.3688310318714,1666.3688310318714,0.0,0.0,1.0,1.0,0.0,21.36370296194707,2.0
point_gbdt_safety,HOUSEHOLD_2_043_TX_2,1496.5740636610185,1496.5740636610185,0.0,0.0,1.0,1.0,0.0,19.186846970013058,17.0
point_gbdt_safety,HOUSEHOLD_2_045_CA_4,1533.852933800524,1533.852933800524,0.0,0.0,1.0,1.0,0.0,19.66478120257082,19.0
point_gbdt_safety,HOUSEHOLD_2_047_TX_2,1820.681298248498,1820.681298248498,0.0,0.0,1.0,1.0,0.0,23.342067926262796,40.0
point_gbdt_safety,HOUSEHOLD_2_057_WI_3,1640.2918355438023,1640.2918355438023,0.0,0.0,1.0,1.0,0.0,21.029382506971825,12.0
point_gbdt_safety,HOUSEHOLD_2_058_TX_2,1653.3694866186286,1653.3694866186286,0.0,0.0,1.0,1.0,0.0,21.197044700238827,44.0
point_gbdt_safety,HOUSEHOLD_2_063_TX_2,1604.2473302153246,1604.2473302153246,0.0,0.0,1.0,1.0,0.0,20.567273464299035,12.0
point_gbdt_safety,HOUSEHOLD_2_067_CA_2,1663.574558485432,1663.574558485432,0.0,0.0,1.0,1.0,0.0,21.327878954941436,108.0
point_gbdt_safety,HOUSEHOLD_2_073_WI_3,1632.923501888295,1632.923501888295,0.0,0.0,1.0,1.0,0.0,20.93491669087558,3.0
point_gbdt_safety,HOUSEHOLD_2_075_CA_4,1542.4118856696455,1542.4118856696455,0.0,0.0,1.0,1.0,0.0,19.774511354739044,38.0
point_gbdt_safety,HOUSEHOLD_2_075_WI_3,1721.8945469085952,1721.8945469085952,0.0,0.0,1.0,1.0,0.0,22.07557111421276,37.0
point_gbdt_safety,HOUSEHOLD_2_077_CA_3,1636.7610406681235,1636.7610406681235,0.0,0.0,1.0,1.0,0.0,20.984115906001584,9.0
point_gbdt_safety,HOUSEHOLD_2_079_TX_1,1545.218331498219,1545.218331498219,0.0,0.0,1.0,1.0,0.0,19.810491429464346,14.0
point_gbdt_safety,HOUSEHOLD_2_087_CA_3,1801.7222529558633,1801.7222529558633,0.0,0.0,1.0,1.0,0.0,23.099003243023887,7.0
point_gbdt_safety,HOUSEHOLD_2_089_TX_2,1590.1207274624715,1590.1207274624715,0.0,0.0,1.0,1.0,0.0,20.386163172595786,57.0
point_gbdt_safety,HOUSEHOLD_2_095_CA_2,1629.5594903932963,1629.5594903932963,0.0,0.0,1.0,1.0,0.0,20.891788338375594,40.0
point_gbdt_safety,HOUSEHOLD_2_095_TX_3,1552.3624951671013,1552.3624951671013,0.0,0.0,1.0,1.0,0.0,19.902083271373094,25.0
point_gbdt_safety,HOUSEHOLD_2_110_CA_1,1758.7355815305802,1706.1004873923532,52.63509413822714,0.0,0.9369639591158956,0.9615384615384616,0.038461538461538464,21.873083171696837,167.0
point_gbdt_safety,HOUSEHOLD_2_120_TX_2,1615.808373576805,1615.808373576805,0.0,0.0,1.0,1.0,0.0,20.7154919689334,35.0
point_gbdt_safety,HOUSEHOLD_2_123_TX_1,1670.8951550948282,1670.8951550948282,0.0,0.0,1.0,1.0,0.0,21.421732757626003,42.0
point_gbdt_safety,HOUSEHOLD_2_129_CA_2,1593.2762933517058,1593.2762933517058,0.0,0.0,1.0,1.0,0.0,20.42661914553469,14.0
point_gbdt_safety,HOUSEHOLD_2_138_CA_3,1735.1823174345782,1735.1823174345782,0.0,0.0,1.0,1.0,0.0,22.245927146597158,4.0
point_gbdt_safety,HOUSEHOLD_2_139_TX_2,1415.3550575528734,1415.3550575528734,0.0,0.0,1.0,1.0,0.0,18.145577660934276,47.0
point_gbdt_safety,HOUSEHOLD_2_143_CA_1,1440.4750141481563,1440.4750141481563,0.0,0.0,1.0,1.0,0.0,18.467628386514825,22.0
point_gbdt_safety,HOUSEHOLD_2_146_WI_1,1510.0422421425574,1510.0422421425574,0.0,0.0,1.0,1.0,0.0,19.35951592490458,45.0
point_gbdt_safety,HOUSEHOLD_2_147_CA_3,1689.033281436771,1689.033281436771,0.0,0.0,1.0,1.0,0.0,21.65427283893296,5.0
point_gbdt_safety,HOUSEHOLD_2_149_TX_1,1606.4695420031128,1606.4695420031128,0.0,0.0,1.0,1.0,0.0,20.595763359014267,6.0
point_gbdt_safety,HOUSEHOLD_2_150_CA_2,1485.4723960587667,1485.4723960587667,0.0,0.0,1.0,1.0,0.0,19.044517898189316,33.0
point_gbdt_safety,HOUSEHOLD_2_158_TX_3,1653.1673094703328,1653.1673094703328,0.0,0.0,1.0,1.0,0.0,21.19445268551709,0.0
point_gbdt_safety,HOUSEHOLD_2_159_CA_2,1634.2569857666406,1634.2569857666406,0.0,0.0,1.0,1.0,0.0,20.952012638033853,46.0
point_gbdt_safety,HOUSEHOLD_2_160_WI_1,1552.8580631598777,1552.8580631598777,0.0,0.0,1.0,1.0,0.0,19.90843670717792,41.0
point_gbdt_safety,HOUSEHOLD_2_164_CA_1,1581.9310252802654,1581.9310252802654,0.0,0.0,1.0,1.0,0.0,20.281166990772633,12.0
point_gbdt_safety,HOUSEHOLD_2_176_TX_2,2329.1253571719817,1972.4188924411815,356.70646473080035,0.0,0.7002466682934451,0.7564102564102564,0.24358974358974358,25.287421697963865,238.0
point_gbdt_safety,HOUSEHOLD_2_179_CA_1,1606.3302920284139,1606.3302920284139,0.0,0.0,1.0,1.0,0.0,20.593978102928382,28.0
point_gbdt_safety,HOUSEHOLD_2_184_WI_3,1601.4845238309244,1601.4845238309244,0.0,0.0,1.0,1.0,0.0,20.531852869627237,46.0
point_gbdt_safety,HOUSEHOLD_2_190_WI_1,1791.18227850245,1791.18227850245,0.0,0.0,1.0,1.0,0.0,22.963875365416023,44.0
point_gbdt_safety,HOUSEHOLD_2_193_TX_1,1560.3804769357764,1560.3804769357764,0.0,0.0,1.0,1.0,0.0,20.00487790943303,22.0
point_gbdt_safety,HOUSEHOLD_2_203_CA_1,1479.94020037434,1406.7954138719451,73.144786502395,0.0,0.7996033246509726,0.9615384615384616,0.038461538461538464,18.03583863938391,73.0
point_gbdt_safety,HOUSEHOLD_2_207_WI_3,1716.2714441686244,1716.2714441686244,0.0,0.0,1.0,1.0,0.0,22.0034800534439,3.0
point_gbdt_safety,HOUSEHOLD_2_208_CA_3,1746.7099120233745,1746.7099120233745,0.0,0.0,1.0,1.0,0.0,22.393716820812493,9.0
point_gbdt_safety,HOUSEHOLD_2_217_TX_1,1514.9207375140556,1499.3824865310387,15.538250983016972,0.0,0.9662211935151804,0.9743589743589743,0.02564102564102564,19.222852391423572,92.0
point_gbdt_safety,HOUSEHOLD_2_218_CA_1,1498.8872937563026,1498.8872937563026,0.0,0.0,1.0,1.0,0.0,19.216503766106445,6.0
point_gbdt_safety,HOUSEHOLD_2_224_TX_1,1511.0778590138518,1511.0778590138518,0.0,0.0,1.0,1.0,0.0,19.372793064280152,6.0
point_gbdt_safety,HOUSEHOLD_2_226_TX_3,1655.9888385517668,1655.9888385517668,0.0,0.0,1.0,1.0,0.0,21.23062613527906,28.0
point_gbdt_safety,HOUSEHOLD_2_226_WI_1,1398.4555469648255,1398.4555469648255,0.0,0.0,1.0,1.0,0.0,17.928917268779816,39.0
point_gbdt_safety,HOUSEHOLD_2_234_WI_3,1641.6101717129673,1641.6101717129673,0.0,0.0,1.0,1.0,0.0,21.04628425273035,9.0
point_gbdt_safety,HOUSEHOLD_2_237_CA_2,1623.0061248110203,1623.0061248110203,0.0,0.0,1.0,1.0,0.0,20.807770830910517,12.0
point_gbdt_safety,HOUSEHOLD_2_238_CA_1,1584.7278846994761,1584.7278846994761,0.0,0.0,1.0,1.0,0.0,20.317024162813798,30.0
point_gbdt_safety,HOUSEHOLD_2_241_CA_2,1530.296660809852,1530.296660809852,0.0,0.0,1.0,1.0,0.0,19.619187959100667,18.0
point_gbdt_safety,HOUSEHOLD_2_249_WI_1,1515.384693703739,1515.384693703739,0.0,0.0,1.0,1.0,0.0,19.428008893637678,7.0
point_gbdt_safety,HOUSEHOLD_2_257_TX_1,1497.4904271137566,1497.4904271137566,0.0,0.0,1.0,1.0,0.0,19.198595219407135,37.0
point_gbdt_safety,HOUSEHOLD_2_259_CA_2,1651.5774020644221,1651.5774020644221,0.0,0.0,1.0,1.0,0.0,21.17406925723618,56.0
point_gbdt_safety,HOUSEHOLD_2_259_TX_3,1592.4575052253706,1592.4575052253706,0.0,0.0,1.0,1.0,0.0,20.416121861863726,12.0
point_gbdt_safety,HOUSEHOLD_2_260_WI_1,1566.3118156872192,1566.3118156872192,0.0,0.0,1.0,1.0,0.0,20.080920713938706,16.0
point_gbdt_safety,HOUSEHOLD_2_263_TX_2,1515.5793047163365,1515.5793047163365,0.0,0.0,1.0,1.0,0.0,19.4305039066197,22.0
point_gbdt_safety,HOUSEHOLD_2_263_TX_3,1790.8667007365175,1790.8667007365175,0.0,0.0,1.0,1.0,0.0,22.959829496622017,6.0
point_gbdt_safety,HOUSEHOLD_2_264_WI_3,1542.7702077775805,1542.7702077775805,0.0,0.0,1.0,1.0,0.0,19.7791052279177,34.0
point_gbdt_safety,HOUSEHOLD_2_265_WI_1,1539.1178084453784,1539.1178084453784,0.0,0.0,1.0,1.0,0.0,19.73227959545357,26.0
point_gbdt_safety,HOUSEHOLD_2_275_CA_2,1608.545626406166,1608.545626406166,0.0,0.0,1.0,1.0,0.0,20.622379825720078,48.0
point_gbdt_safety,HOUSEHOLD_2_280_TX_2,1605.7822486254945,1605.7822486254945,0.0,0.0,1.0,1.0,0.0,20.58695190545506,30.0
point_gbdt_safety,HOUSEHOLD_2_280_WI_3,1574.230028034372,1574.230028034372,0.0,0.0,1.0,1.0,0.0,20.182436256850924,16.0
point_gbdt_safety,HOUSEHOLD_2_288_TX_3,1636.9746356802534,1636.9746356802534,0.0,0.0,1.0,1.0,0.0,20.98685430359299,13.0
point_gbdt_safety,HOUSEHOLD_2_294_CA_1,2107.626958533825,2107.626958533825,0.0,0.0,1.0,1.0,0.0,27.020858442741346,112.0
point_gbdt_safety,HOUSEHOLD_2_294_WI_3,1442.6550206069016,1430.9575414600286,11.697479146873064,0.0,0.9783380015798647,0.9615384615384616,0.038461538461538464,18.3456095058978,108.0
point_gbdt_safety,HOUSEHOLD_2_307_TX_1,1611.3812782262746,1611.3812782262746,0.0,0.0,1.0,1.0,0.0,20.65873433623429,3.0
point_gbdt_safety,HOUSEHOLD_2_308_WI_3,1558.4834272545052,1558.4834272545052,0.0,0.0,1.0,1.0,0.0,19.980556759673142,17.0
point_gbdt_safety,HOUSEHOLD_2_311_TX_2,1629.7482640029193,1629.7482640029193,0.0,0.0,1.0,1.0,0.0,20.89420851285794,39.0
point_gbdt_safety,HOUSEHOLD_2_314_TX_1,1462.6705525082562,1462.6705525082562,0.0,0.0,1.0,1.0,0.0,18.75218657061867,20.0
point_gbdt_safety,HOUSEHOLD_2_316_CA_4,1515.0030518747244,1515.0030518747244,0.0,0.0,1.0,1.0,0.0,19.423116049675954,18.0
point_gbdt_safety,HOUSEHOLD_2_326_TX_2,1591.7945842652462,1591.7945842652462,0.0,0.0,1.0,1.0,0.0,20.407622875195464,15.0
point_gbdt_safety,HOUSEHOLD_2_330_CA_2,1667.0303211819403,1667.0303211819403,0.0,0.0,1.0,1.0,0.0,21.37218360489667,16.0
point_gbdt_safety,HOUSEHOLD_2_333_WI_2,1611.0402788206013,1611.0402788206013,0.0,0.0,1.0,1.0,0.0,20.654362548982068,17.0
point_gbdt_safety,HOUSEHOLD_2_337_CA_2,1519.400879491141,1519.400879491141,0.0,0.0,1.0,1.0,0.0,19.479498455014628,26.0
point_gbdt_safety,HOUSEHOLD_2_338_WI_3,1755.0276297580522,1755.0276297580522,0.0,0.0,1.0,1.0,0.0,22.500354227667337,11.0
point_gbdt_safety,HOUSEHOLD_2_342_CA_1,1642.4220521623972,1642.4220521623972,0.0,0.0,1.0,1.0,0.0,21.05669297644099,46.0
point_gbdt_safety,HOUSEHOLD_2_345_CA_1,1631.8515045591123,1631.8515045591123,0.0,0.0,1.0,1.0,0.0,20.921173135373234,40.0
point_gbdt_safety,HOUSEHOLD_2_346_TX_3,1480.1317469972757,1480.1317469972757,0.0,0.0,1.0,1.0,0.0,18.97604803842661,86.0
point_gbdt_safety,HOUSEHOLD_2_348_TX_1,1559.6152161890543,1559.6152161890543,0.0,0.0,1.0,1.0,0.0,19.995066874218644,68.0
point_gbdt_safety,HOUSEHOLD_2_354_TX_1,1543.8157693212809,1543.8157693212809,0.0,0.0,1.0,1.0,0.0,19.792509863093343,22.0
point_gbdt_safety,HOUSEHOLD_2_354_TX_2,1686.8284730551243,1677.066440131942,9.762032923182176,0.0,0.9609518683072713,0.9743589743589743,0.02564102564102564,21.50085179656336,50.0
point_gbdt_safety,HOUSEHOLD_2_355_CA_3,1714.5455041481048,1714.5455041481048,0.0,0.0,1.0,1.0,0.0,21.981352617283395,29.0
point_gbdt_safety,HOUSEHOLD_2_355_TX_2,1568.7923223247992,1568.7923223247992,0.0,0.0,1.0,1.0,0.0,20.11272208108717,21.0
point_gbdt_safety,HOUSEHOLD_2_358_CA_4,1636.38365465807,1636.38365465807,0.0,0.0,1.0,1.0,0.0,20.97927762382141,1.0
point_gbdt_safety,HOUSEHOLD_2_358_WI_2,1645.3854867519017,1645.3854867519017,0.0,0.0,1.0,1.0,0.0,21.094685727588484,16.0
point_gbdt_safety,HOUSEHOLD_2_370_TX_2,1510.7101861213782,1510.7101861213782,0.0,0.0,1.0,1.0,0.0,19.36807930924844,23.0
point_gbdt_safety,HOUSEHOLD_2_373_WI_3,1633.0534108698412,1633.0534108698412,0.0,0.0,1.0,1.0,0.0,20.93658219063899,10.0
point_gbdt_safety,HOUSEHOLD_2_382_TX_3,1635.244348222396,1635.244348222396,0.0,0.0,1.0,1.0,0.0,20.96467113105636,43.0
point_gbdt_safety,HOUSEHOLD_2_385_WI_1,1583.1016240399713,1583.1016240399713,0.0,0.0,1.0,1.0,0.0,20.29617466717912,15.0
point_gbdt_safety,HOUSEHOLD_2_392_CA_4,1620.930900130228,1620.930900130228,0.0,0.0,1.0,1.0,0.0,20.781165386284975,10.0
point_gbdt_safety,HOUSEHOLD_2_396_TX_3,1457.0474713215456,1457.0474713215456,0.0,0.0,1.0,1.0,0.0,18.680095786173663,21.0
point_gbdt_safety,HOUSEHOLD_2_396_WI_2,1578.2979472913487,1578.2979472913487,0.0,0.0,1.0,1.0,0.0,20.234589067837803,6.0
point_gbdt_safety,HOUSEHOLD_2_397_WI_2,1737.9345776629777,1737.9345776629777,0.0,0.0,1.0,1.0,0.0,22.28121253414074,4.0
point_gbdt_safety,HOUSEHOLD_2_401_TX_3,1332.1622149876332,1330.2586959465507,1.9035190410824754,0.0,0.9952999529849815,0.9871794871794872,0.01282051282051282,17.05459866598142,81.0
point_gbdt_safety,HOUSEHOLD_2_405_CA_4,1519.6574470073695,1519.6574470073695,0.0,0.0,1.0,1.0,0.0,19.482787782145763,10.0
point_gbdt_safety,HOUSEHOLD_2_412_CA_1,1679.2132199403027,1679.2132199403027,0.0,0.0,1.0,1.0,0.0,21.528374614619263,6.0
point_gbdt_safety,HOUSEHOLD_2_417_TX_1,1532.7145427162177,1532.7145427162177,0.0,0.0,1.0,1.0,0.0,19.650186445079715,5.0
point_gbdt_safety,HOUSEHOLD_2_418_CA_2,1707.4460503865703,1707.4460503865703,0.0,0.0,1.0,1.0,0.0,21.890333979315002,21.0
point_gbdt_safety,HOUSEHOLD_2_420_CA_3,1554.4418083249302,1554.4418083249302,0.0,0.0,1.0,1.0,0.0,19.9287411323709,36.0
point_gbdt_safety,HOUSEHOLD_2_424_CA_1,1532.2310855998633,1532.2310855998633,0.0,0.0,1.0,1.0,0.0,19.643988276921323,22.0
point_gbdt_safety,HOUSEHOLD_2_424_CA_4,1557.8031360007526,1557.8031360007526,0.0,0.0,1.0,1.0,0.0,19.971835076932727,10.0
point_gbdt_safety,HOUSEHOLD_2_428_CA_4,1582.6188376930372,1582.6188376930372,0.0,0.0,1.0,1.0,0.0,20.289985098628684,0.0
point_gbdt_safety,HOUSEHOLD_2_429_WI_3,1615.98245291585,1615.98245291585,0.0,0.0,1.0,1.0,0.0,20.71772375533141,10.0
point_gbdt_safety,HOUSEHOLD_2_432_TX_3,1564.5585001064173,1564.5585001064173,0.0,0.0,1.0,1.0,0.0,20.058442309056634,27.0
point_gbdt_safety,HOUSEHOLD_2_436_CA_2,1809.5082101212404,1809.5082101212404,0.0,0.0,1.0,1.0,0.0,23.19882320668257,38.0
point_gbdt_safety,HOUSEHOLD_2_440_TX_2,1835.3451359375044,1758.7022186503618,76.64291728714272,0.0,0.8971236009568554,0.9358974358974359,0.0641025641025641,22.547464341671304,149.0
point_gbdt_safety,HOUSEHOLD_2_445_WI_2,1625.260261975131,1625.260261975131,0.0,0.0,1.0,1.0,0.0,20.836670025322192,2.0
point_gbdt_safety,HOUSEHOLD_2_446_CA_3,1798.844492159465,1798.844492159465,0.0,0.0,1.0,1.0,0.0,23.062108873839296,13.0
point_gbdt_safety,HOUSEHOLD_2_451_TX_1,1445.1201408482643,1430.777357143844,14.34278370442037,0.0,0.9721499345545236,0.9615384615384616,0.038461538461538464,18.343299450562103,103.0
point_gbdt_safety,HOUSEHOLD_2_451_WI_2,1600.0436383964,1600.0436383964,0.0,0.0,1.0,1.0,0.0,20.513379979441027,87.0
point_gbdt_safety,HOUSEHOLD_2_459_WI_3,1569.8987204221246,1569.8987204221246,0.0,0.0,1.0,1.0,0.0,20.12690667207852,8.0
point_gbdt_safety,HOUSEHOLD_2_462_CA_4,1624.6936171999591,1624.6936171999591,0.0,0.0,1.0,1.0,0.0,20.829405348717426,11.0
point_gbdt_safety,HOUSEHOLD_2_462_TX_2,1593.7051731998906,1593.7051731998906,0.0,0.0,1.0,1.0,0.0,20.432117605126802,13.0
point_gbdt_safety,HOUSEHOLD_2_465_CA_1,1555.2907679190835,1555.2907679190835,0.0,0.0,1.0,1.0,0.0,19.93962522973184,88.0
point_gbdt_safety,HOUSEHOLD_2_468_TX_2,1456.5725691605664,1456.5725691605664,0.0,0.0,1.0,1.0,0.0,18.674007296930338,42.0
point_gbdt_safety,HOUSEHOLD_2_470_WI_2,1697.5921425501615,1697.5921425501615,0.0,0.0,1.0,1.0,0.0,21.764001827566172,44.0
point_gbdt_safety,HOUSEHOLD_2_475_CA_3,1705.5741292474197,1705.5741292474197,0.0,0.0,1.0,1.0,0.0,21.866334990351536,20.0
point_gbdt_safety,HOUSEHOLD_2_476_WI_2,1505.3333344763666,1505.3333344763666,0.0,0.0,1.0,1.0,0.0,19.299145313799574,19.0
point_gbdt_safety,HOUSEHOLD_2_478_TX_2,1588.9384112085625,1588.9384112085625,0.0,0.0,1.0,1.0,0.0,20.371005271904647,13.0
point_gbdt_safety,HOUSEHOLD_2_480_TX_1,1584.3864632094283,1584.3864632094283,0.0,0.0,1.0,1.0,0.0,20.31264696422344,15.0
point_gbdt_safety,HOUSEHOLD_2_483_TX_1,1417.2826775848214,1410.1283704815085,7.154307103313009,0.0,0.9853993732585448,0.9743589743589743,0.02564102564102564,18.07856885232703,98.0
point_gbdt_safety,HOUSEHOLD_2_488_WI_3,1583.2962495230422,1583.2962495230422,0.0,0.0,1.0,1.0,0.0,20.29866986568003,14.0
point_gbdt_safety,HOUSEHOLD_2_490_WI_1,1531.453886488783,1483.6679124168545,47.78597407192837,0.0,0.9247464975245223,0.9487179487179487,0.05128205128205128,19.021383492523775,127.0
point_gbdt_safety,HOUSEHOLD_2_491_TX_3,1591.9876090724856,1591.9876090724856,0.0,0.0,1.0,1.0,0.0,20.410097552211354,39.0
point_gbdt_safety,HOUSEHOLD_2_505_CA_4,1665.9805572695086,1665.9805572695086,0.0,0.0,1.0,1.0,0.0,21.358725093198828,9.0
point_gbdt_safety,HOUSEHOLD_2_507_CA_1,1407.9523086387346,1407.9523086387346,0.0,0.0,1.0,1.0,0.0,18.05067062357352,67.0
point_gbdt_safety,HOUSEHOLD_2_509_TX_1,1623.3092767360095,1623.3092767360095,0.0,0.0,1.0,1.0,0.0,20.8116573940514,36.0
point_gbdt_safety,HOUSEHOLD_2_509_WI_1,1542.040422538451,1542.040422538451,0.0,0.0,1.0,1.0,0.0,19.76974900690322,8.0
point_gbdt_safety,HOUSEHOLD_2_509_WI_2,1545.9061294506487,1545.9061294506487,0.0,0.0,1.0,1.0,0.0,19.819309351931395,14.0
point_gbdt_safety,HOUSEHOLD_2_510_CA_2,1531.070008854587,1531.070008854587,0.0,0.0,1.0,1.0,0.0,19.62910267762291,57.0
pp_quantile_fixed,FOODS_1_008_CA_1,484.3188314970465,482.7703660854937,1.5484654115527707,0.0,0.9876122767075779,0.9871794871794872,0.01282051282051282,6.18936366776274,25.0
pp_quantile_fixed,FOODS_1_010_CA_3,512.2639440099042,479.15708495783247,33.106859052071734,0.0,0.8495142770360377,0.9102564102564102,0.08974358974358974,6.143039550741442,44.0
pp_quantile_fixed,FOODS_1_010_WI_3,850.6046221904863,791.6572751655009,58.94734702498543,0.0,0.7856460108182348,0.9487179487179487,0.05128205128205128,10.149452245711549,55.0
pp_quantile_fixed,FOODS_1_013_WI_1,1251.5132648850918,1194.3847528710287,57.12851201406302,0.0,0.9085943807774992,0.9230769230769231,0.07692307692307693,15.31262503680806,125.0
pp_quantile_fixed,FOODS_1_014_WI_3,938.302163823217,869.52870353989,68.77346028332701,0.0,0.8419000913026965,0.9358974358974359,0.0641025641025641,11.147803891537052,87.0
pp_quantile_fixed,FOODS_1_022_WI_3,339.92455994291,339.92455994291,0.0,0.0,1.0,1.0,0.0,4.358007178755257,1.0
pp_quantile_fixed,FOODS_1_024_TX_1,620.0513072857532,565.3348035821355,54.71650370361768,0.0,0.7935226275335182,0.9102564102564102,0.08974358974358974,7.2478820972068645,53.0
pp_quantile_fixed,FOODS_1_025_TX_1,610.702301716843,586.1029859243566,24.59931579248633,0.0,0.8881849282159713,0.9358974358974359,0.0641025641025641,7.514140845184059,44.0
pp_quantile_fixed,FOODS_1_025_WI_1,1031.1032238787975,1031.1032238787975,0.0,0.0,1.0,1.0,0.0,13.219272101010224,33.0
pp_quantile_fixed,FOODS_1_032_CA_2,2290.8343482408086,1997.4745686819792,293.35977955882925,0.0,0.8451927284649977,0.8461538461538461,0.15384615384615385,25.60864831643563,379.0
pp_quantile_fixed,FOODS_1_040_TX_1,741.0799204057674,688.5592114280109,52.52070897775651,0.0,0.7438014196206999,0.8974358974358975,0.10256410256410256,8.827682197795012,41.0
pp_quantile_fixed,FOODS_1_043_CA_3,12419.111201654528,12419.111201654528,0.0,0.0,1.0,1.0,0.0,159.21937438018625,42.0
pp_quantile_fixed,FOODS_1_045_CA_3,1722.542699602221,1722.542699602221,0.0,0.0,1.0,1.0,0.0,22.083880764131038,133.0
pp_quantile_fixed,FOODS_1_045_WI_2,1118.7416279043255,1099.935513147891,18.806114756434447,0.0,0.9651738615621585,0.9615384615384616,0.038461538461538464,14.101737348049884,108.0
pp_quantile_fixed,FOODS_1_046_WI_3,2424.8669709989067,2172.091051761501,252.77591923740562,0.0,0.8127585783426624,0.8076923076923077,0.19230769230769232,27.847321176429503,270.0
pp_quantile_fixed,FOODS_1_047_TX_2,840.7389727873281,840.7389727873281,0.0,0.0,1.0,1.0,0.0,10.778704779324718,62.0
pp_quantile_fixed,FOODS_1_054_CA_1,910.2238134950281,651.7985171806353,258.4252963143929,0.0,0.6142906025158315,0.7435897435897436,0.2564102564102564,8.35639124590558,134.0
pp_quantile_fixed,FOODS_1_054_TX_3,620.4831019517143,608.7481273633639,11.734974588350378,0.0,0.9329430023522836,0.9743589743589743,0.02564102564102564,7.804463171325178,35.0
pp_quantile_fixed,FOODS_1_055_WI_2,1548.8250516241405,1385.4894405723858,163.33561105175477,0.0,0.7598005719827136,0.8461538461538461,0.15384615384615385,17.762685135543407,136.0
pp_quantile_fixed,FOODS_1_056_WI_1,1070.778484479146,1070.778484479146,0.0,0.0,1.0,1.0,0.0,13.727929288194181,1.0
pp_quantile_fixed,FOODS_1_057_CA_2,1815.667986040226,1815.667986040226,0.0,0.0,1.0,1.0,0.0,23.27779469282341,3.0
pp_quantile_fixed,FOODS_1_060_CA_4,607.9084120073699,607.9084120073699,0.0,0.0,1.0,1.0,0.0,7.793697589838075,39.0
pp_quantile_fixed,FOODS_1_062_TX_2,542.7177150915747,513.2536346381487,29.464080453426025,0.0,0.8746209342407404,0.9743589743589743,0.02564102564102564,6.580174803053189,47.0
pp_quantile_fixed,FOODS_1_064_WI_3,462.5939904300718,462.5939904300718,0.0,0.0,1.0,1.0,0.0,5.930692185000921,18.0
pp_quantile_fixed,FOODS_1_066_WI_1,1322.3944035954048,1209.9311497164301,112.46325387897474,0.0,0.8661151739536015,0.8846153846153846,0.11538461538461539,15.511937816877309,168.0
pp_quantile_fixed,FOODS_1_069_CA_3,2392.999173317263,2035.3934938395378,357.60567947772506,0.0,0.7792557534088116,0.8076923076923077,0.19230769230769232,26.094788382558175,324.0
pp_quantile_fixed,FOODS_1_078_TX_2,631.6677729294735,602.8406963920039,28.82707653746955,0.0,0.8659205742443277,0.9487179487179487,0.05128205128205128,7.728726876820563,43.0
pp_quantile_fixed,FOODS_1_081_WI_1,556.9361243530443,498.43798811368197,58.49813623936235,0.0,0.8253786977929481,0.9102564102564102,0.08974358974358974,6.390230616842077,67.0
pp_quantile_fixed,FOODS_1_083_WI_3,1572.509159173671,1555.1037915483262,17.405367625344734,0.0,0.9621622442927288,0.9615384615384616,0.038461538461538464,19.937228096773413,92.0
pp_quantile_fixed,FOODS_1_085_CA_4,3109.0984308675893,2409.887805546932,699.210625320657,0.0,0.7979160042425846,0.7307692307692307,0.2692307692307692,30.895997507011952,692.0
pp_quantile_fixed,FOODS_1_086_CA_2,1453.5669430294363,1335.6855951837356,117.88134784570076,0.0,0.8790960534915889,0.8846153846153846,0.11538461538461539,17.12417429722738,195.0
pp_quantile_fixed,FOODS_1_086_WI_2,1789.4583022665852,1479.399455538168,310.0588467284173,0.0,0.7548941923095517,0.7948717948717948,0.20512820512820512,18.96665968638677,253.0
pp_quantile_fixed,FOODS_1_089_CA_1,741.6477912343149,741.6477912343149,0.0,0.0,1.0,1.0,0.0,9.50830501582455,32.0
pp_quantile_fixed,FOODS_1_091_TX_3,662.8707821910253,662.8707821910253,0.0,0.0,1.0,1.0,0.0,8.498343361423402,4.0
pp_quantile_fixed,FOODS_1_094_WI_1,519.5578143578996,463.0662834061639,56.4915309517357,0.0,0.8288135425704979,0.9102564102564102,0.08974358974358974,5.9367472231559475,66.0
pp_quantile_fixed,FOODS_1_098_CA_2,567.6610675075724,567.6610675075724,0.0,0.0,1.0,1.0,0.0,7.277705993686825,13.0
pp_quantile_fixed,FOODS_1_098_TX_1,415.1487921129062,338.61614067543314,76.53265143747308,0.0,0.7405672832628031,0.8846153846153846,0.11538461538461539,4.341232572761963,59.0
pp_quantile_fixed,FOODS_1_099_CA_2,3577.118648272536,2874.6485088003337,702.4701394722022,0.0,0.7921685977892894,0.7564102564102564,0.24358974358974358,36.85446806154274,676.0
pp_quantile_fixed,FOODS_1_099_TX_1,2904.6337220014766,2332.315617638582,572.3181043628945,0.0,0.7124029626317113,0.7051282051282052,0.2948717948717949,29.901482277417717,398.0
pp_quantile_fixed,FOODS_1_101_CA_1,1864.234270187741,1864.234270187741,0.0,0.0,1.0,1.0,0.0,23.900439361381295,0.0
pp_quantile_fixed,FOODS_1_102_TX_2,617.2191788448126,548.1885798212945,69.03059902351816,0.0,0.7969688264014172,0.8461538461538461,0.15384615384615385,7.028058715657622,68.0
pp_quantile_fixed,FOODS_1_106_CA_1,898.5011618571955,734.1850988932758,164.31606296391965,0.0,0.6985026367634503,0.782051282051282,0.21794871794871795,9.412629472990716,109.0
pp_quantile_fixed,FOODS_1_107_TX_2,711.5974074130177,711.5974074130177,0.0,0.0,1.0,1.0,0.0,9.123043684782278,28.0
pp_quantile_fixed,FOODS_1_111_WI_2,411.38249118775474,411.38249118775474,0.0,0.0,1.0,1.0,0.0,5.2741345024071125,9.0
pp_quantile_fixed,FOODS_1_119_WI_1,742.370364730369,634.9025821381766,107.46778259219238,0.0,0.6641631793993988,0.8461538461538461,0.15384615384615385,8.139776694079188,64.0
pp_quantile_fixed,FOODS_1_122_WI_3,974.3304494875772,828.993387824027,145.33706166355023,0.0,0.7122038382899996,0.8076923076923077,0.19230769230769232,10.628120356718295,101.0
pp_quantile_fixed,FOODS_1_131_CA_1,737.6429383117472,733.5699603035906,4.072978008156598,0.0,0.985955248247736,0.9871794871794872,0.01282051282051282,9.404743080815264,58.0
pp_quantile_fixed,FOODS_1_132_WI_3,479.00595611026444,412.07408302392946,66.93187308633497,0.0,0.7474268940138303,0.8717948717948718,0.1282051282051282,5.283001064409352,53.0
pp_quantile_fixed,FOODS_1_134_CA_2,518.7819878723523,479.33694981263807,39.44503805971414,0.0,0.8786306521239564,0.9358974358974359,0.0641025641025641,6.145345510418437,65.0
pp_quantile_fixed,FOODS_1_139_TX_3,1366.7109291418462,1040.6216249628587,326.0893041789875,0.0,0.6493663395924866,0.7692307692307693,0.23076923076923078,13.341302884139214,186.0
pp_quantile_fixed,FOODS_1_143_CA_1,1343.8894945418476,1209.3215442118917,134.56795032995598,0.0,0.7829549188226517,0.9102564102564102,0.08974358974358974,15.50412236169092,124.0
pp_quantile_fixed,FOODS_1_143_WI_2,928.8473746369361,928.8473746369361,0.0,0.0,1.0,1.0,0.0,11.908299674832515,34.0
pp_quantile_fixed,FOODS_1_147_TX_2,330.67015231788366,314.88948545774934,15.780666860134303,0.0,0.9098247607992326,0.9487179487179487,0.05128205128205128,4.03704468535576,35.0
pp_quantile_fixed,FOODS_1_149_CA_3,1600.724037586431,1558.2729578371993,42.45107974923169,0.0,0.935189191222547,0.9743589743589743,0.02564102564102564,19.977858433810248,131.0
pp_quantile_fixed,FOODS_1_156_TX_3,555.0839079033581,505.32097556790114,49.76293233545691,0.0,0.792654448602263,0.8974358974358975,0.10256410256410256,6.478474045742322,48.0
pp_quantile_fixed,FOODS_1_159_CA_4,772.8089391214254,769.8576445600014,2.9512945614239783,0.0,0.9578386491225146,0.9871794871794872,0.01282051282051282,9.8699698020513,14.0
pp_quantile_fixed,FOODS_1_161_CA_4,4564.458020986786,4364.660517191052,199.79750379573426,0.0,0.8715128592953477,0.9230769230769231,0.07692307692307693,55.957186117834006,311.0
pp_quantile_fixed,FOODS_1_161_WI_3,3181.6638616768605,2692.2562960702508,489.4075656066098,0.0,0.7994231288497501,0.7435897435897436,0.2564102564102564,34.51610635987501,488.0
pp_quantile_fixed,FOODS_1_168_WI_1,562.840934531355,535.7370947676851,27.103839763669892,0.0,0.8306010014770632,0.9358974358974359,0.0641025641025641,6.868424291893398,32.0
pp_quantile_fixed,FOODS_1_174_TX_2,336.13518875012323,321.36018143712664,14.775007312996564,0.0,0.9104545011333541,0.9743589743589743,0.02564102564102564,4.1200023261170085,33.0
pp_quantile_fixed,FOODS_1_175_CA_3,963.6271859092501,942.0002004775703,21.62698543167984,0.0,0.9485071775436195,0.9615384615384616,0.038461538461538464,12.076925647148338,84.0
pp_quantile_fixed,FOODS_1_183_CA_2,1051.9088202285222,975.8876535655111,76.02116666301123,0.0,0.8906170263841565,0.9102564102564102,0.08974358974358974,12.511380173916809,139.0
pp_quantile_fixed,FOODS_1_183_CA_4,739.1947394516209,679.7888952493596,59.405844202261235,0.0,0.8694377050499754,0.8846153846153846,0.11538461538461539,8.715242246786662,91.0
pp_quantile_fixed,FOODS_1_185_WI_1,1104.1329661175714,968.9986847586053,135.13428135896618,0.0,0.7837851498256542,0.8461538461538461,0.15384615384615385,12.42306006100776,125.0
pp_quantile_fixed,FOODS_1_191_TX_1,340.6167246143399,297.36689470745256,43.24982990688732,0.0,0.7837508504655635,0.9102564102564102,0.08974358974358974,3.8123960859929817,40.0
pp_quantile_fixed,FOODS_1_192_CA_4,1596.3969437544288,1596.3969437544288,0.0,0.0,1.0,1.0,0.0,20.46662748403114,3.0
pp_quantile_fixed,FOODS_1_203_WI_1,712.614504571062,679.1344884815487,33.48001608951325,0.0,0.8759999404092101,0.9487179487179487,0.05128205128205128,8.706852416430111,54.0
pp_quantile_fixed,FOODS_1_207_CA_4,656.8723694399357,532.4166049157193,124.45576452421639,0.0,0.7535529415362052,0.8076923076923077,0.19230769230769232,6.825853909175889,101.0
pp_quantile_fixed,FOODS_1_208_WI_3,683.3818024132106,593.181245514253,90.20055689895759,0.0,0.7826492604844395,0.8205128205128205,0.1794871794871795,7.604887763003243,83.0
pp_quantile_fixed,FOODS_1_209_CA_4,959.8232485998515,959.8232485998515,0.0,0.0,1.0,1.0,0.0,12.30542626410066,1.0
pp_quantile_fixed,FOODS_1_214_TX_3,607.3935551352465,597.2085436942608,10.185011440985718,0.0,0.8927893532527819,0.9615384615384616,0.038461538461538464,7.6565197909520615,19.0
pp_quantile_fixed,FOODS_1_215_CA_1,1425.132845208369,1302.0824343576967,123.05041085067232,0.0,0.7742194296317939,0.9230769230769231,0.07692307692307693,16.693364543047394,109.0
pp_quantile_fixed,FOODS_2_001_TX_1,756.8700377323578,672.6414355717219,84.22860216063594,0.0,0.8018150537396801,0.9102564102564102,0.08974358974358974,8.623608148355409,85.0
pp_quantile_fixed,FOODS_2_002_CA_3,783.7411918375105,704.7900431587736,78.95114867873686,0.0,0.8245530029361403,0.8846153846153846,0.11538461538461539,9.035769784086842,90.0
pp_quantile_fixed,FOODS_2_004_CA_1,741.7079156355921,666.4392551987646,75.26866043682759,0.0,0.8606135917836526,0.9230769230769231,0.07692307692307693,8.544093015368777,108.0
pp_quantile_fixed,FOODS_2_009_CA_1,760.3723486533277,760.3723486533277,0.0,0.0,1.0,1.0,0.0,9.748363444273432,77.0
pp_quantile_fixed,FOODS_2_009_WI_1,1150.6214691960952,933.0629225844584,217.5585466116368,0.0,0.6999192460529148,0.7948717948717948,0.20512820512820512,11.962345161339211,145.0
pp_quantile_fixed,FOODS_2_012_CA_3,651.100434159724,651.100434159724,0.0,0.0,1.0,1.0,0.0,8.347441463586206,28.0
pp_quantile_fixed,FOODS_2_014_CA_3,785.0935677224834,677.0512932328284,108.04227448965507,0.0,0.7795055622660101,0.8205128205128205,0.1794871794871795,8.68014478503626,98.0
pp_quantile_fixed,FOODS_2_014_TX_1,535.1957810329637,522.7623579343868,12.433423098576846,0.0,0.9142522544925735,0.9743589743589743,0.02564102564102564,6.702081511979318,29.0
pp_quantile_fixed,FOODS_2_015_CA_1,710.6817894881734,672.0651388528637,38.616650635309746,0.0,0.8733880307039025,0.9230769230769231,0.07692307692307693,8.616219728882868,61.0
pp_quantile_fixed,FOODS_2_017_WI_1,421.308544060901,384.95701645924134,36.35152760165967,0.0,0.8384376551037349,0.9358974358974359,0.0641025641025641,4.935346364862069,45.0
pp_quantile_fixed,FOODS_2_017_WI_3,396.0811417794729,396.0811417794729,0.0,0.0,1.0,1.0,0.0,5.077963356147088,2.0
pp_quantile_fixed,FOODS_2_024_CA_4,800.8640786732547,746.1258246555519,54.73825401770273,0.0,0.828942956194679,0.8974358974358975,0.10256410256410256,9.565715700712204,64.0
pp_quantile_fixed,FOODS_2_024_TX_2,850.1588795215537,850.1588795215537,0.0,0.0,1.0,1.0,0.0,10.899472814378893,37.0
pp_quantile_fixed,FOODS_2_029_TX_3,2256.700673042356,1761.4506105922912,495.2500624500645,0.0,0.6398181363999531,0.8076923076923077,0.19230769230769232,22.582700135798607,275.0
pp_quantile_fixed,FOODS_2_031_TX_1,1452.7044352332744,1452.7044352332744,0.0,0.0,1.0,1.0,0.0,18.62441583632403,9.0
pp_quantile_fixed,FOODS_2_034_WI_3,977.2264370244746,961.1112633117784,16.115173712696187,0.0,0.9645820357962721,0.9743589743589743,0.02564102564102564,12.321939273227928,91.0
pp_quantile_fixed,FOODS_2_043_TX_2,651.7154257077615,632.5464779640097,19.16894774375182,0.0,0.863078944687487,0.9615384615384616,0.038461538461538464,8.109570230307817,28.0
pp_quantile_fixed,FOODS_2_045_TX_1,935.3182124876531,935.3182124876531,0.0,0.0,1.0,1.0,0.0,11.991259134457092,16.0
pp_quantile_fixed,FOODS_2_046_CA_3,475.76752179438944,470.4747571343639,5.292764660025515,0.0,0.9442866877892051,0.9743589743589743,0.02564102564102564,6.031727655568768,19.0
pp_quantile_fixed,FOODS_2_047_CA_4,619.7356889367344,531.0193651811016,88.71632375563274,0.0,0.7569415787516911,0.8205128205128205,0.1794871794871795,6.807940579244893,73.0
pp_quantile_fixed,FOODS_2_047_WI_3,832.7968674270726,742.2292467974005,90.56762062967204,0.0,0.7518695325214465,0.8974358974358975,0.10256410256410256,9.515759574325648,73.0
pp_quantile_fixed,FOODS_2_051_WI_3,807.4710673208241,741.9197936538578,65.5512736669663,0.0,0.8228343954946856,0.9230769230769231,0.07692307692307693,9.51179222633151,74.0
pp_quantile_fixed,FOODS_2_055_TX_1,732.8221268043043,700.4911731783566,32.33095362594771,0.0,0.9319348344716891,0.9487179487179487,0.05128205128205128,8.980656066389187,95.0
pp_quantile_fixed,FOODS_2_067_CA_2,1680.1801852185772,1680.1801852185772,0.0,0.0,1.0,1.0,0.0,21.540771605366373,15.0
pp_quantile_fixed,FOODS_2_067_WI_3,971.0067977286199,971.0067977286199,0.0,0.0,1.0,1.0,0.0,12.44880509908487,0.0
pp_quantile_fixed,FOODS_2_082_TX_3,1464.5298142695956,1236.205581688127,228.32423258146852,0.0,0.7739364033846847,0.8205128205128205,0.1794871794871795,15.848789508822142,202.0
pp_quantile_fixed,FOODS_2_084_WI_1,659.2822586880718,639.8828789304887,19.399379757583066,0.0,0.9445732006926199,0.9487179487179487,0.05128205128205128,8.203626652954982,70.0
pp_quantile_fixed,FOODS_2_085_TX_2,559.5652016039542,551.4943381215986,8.070863482355497,0.0,0.9563737109061865,0.9743589743589743,0.02564102564102564,7.070440232328187,37.0
pp_quantile_fixed,FOODS_2_087_WI_3,333.058198198363,333.058198198363,0.0,0.0,1.0,1.0,0.0,4.269976899979013,18.0
pp_quantile_fixed,FOODS_2_100_WI_3,1111.710112474018,952.1268096791943,159.5833027948237,0.0,0.7687198510219947,0.8589743589743589,0.14102564102564102,12.20675397024608,138.0
pp_quantile_fixed,FOODS_2_101_WI_1,600.9461084227071,520.6489633127437,80.29714510996334,0.0,0.8291550104043333,0.8846153846153846,0.11538461538461539,6.67498670913774,94.0
pp_quantile_fixed,FOODS_2_104_CA_2,699.4859366693436,683.4268863938115,16.059050275532094,0.0,0.9505875376137474,0.9615384615384616,0.038461538461538464,8.761883158895019,65.0
pp_quantile_fixed,FOODS_2_105_TX_3,614.3411416512906,568.684312802928,45.65682884836254,0.0,0.8277100798174998,0.9358974358974359,0.0641025641025641,7.290824523114462,53.0
pp_quantile_fixed,FOODS_2_107_CA_1,848.6922299165689,786.9593902471466,61.732839669422184,0.0,0.8512461694712717,0.8717948717948718,0.1282051282051282,10.089222951886496,83.0
pp_quantile_fixed,FOODS_2_107_CA_3,1195.651158088239,1004.0664213306933,191.5847367575458,0.0,0.6780088457856374,0.8589743589743589,0.14102564102564102,12.87264642731658,119.0
pp_quantile_fixed,FOODS_2_108_TX_1,471.2714254806698,439.77574829835504,31.495677182314772,0.0,0.85002058484612,0.9230769230769231,0.07692307692307693,5.63815061920968,42.0
pp_quantile_fixed,FOODS_2_108_WI_2,1095.960930499565,902.1233535006185,193.83757699894653,0.0,0.7190759753638456,0.7435897435897436,0.2564102564102564,11.565684019238699,138.0
pp_quantile_fixed,FOODS_2_116_TX_3,1036.0411686934665,1000.0498509454114,35.991317748055,0.0,0.905286005926171,0.9358974358974359,0.0641025641025641,12.821151935197582,76.0
pp_quantile_fixed,FOODS_2_117_WI_2,2306.7319529924634,2254.3521953598233,52.37975763264032,0.0,0.953440215437653,0.9358974358974359,0.0641025641025641,28.901951222561838,225.0
pp_quantile_fixed,FOODS_2_118_CA_2,326.043243066544,291.6328098896455,34.41043317689847,0.0,0.8235362401184694,0.9102564102564102,0.08974358974358974,3.738882178072378,39.0
pp_quantile_fixed,FOODS_2_118_CA_4,351.3576708446222,260.4195725484524,90.93809829616983,0.0,0.6502380834762698,0.8461538461538461,0.15384615384615385,3.338712468569902,52.0
pp_quantile_fixed,FOODS_2_124_CA_4,563.2888828882443,563.2888828882443,0.0,0.0,1.0,1.0,0.0,7.221652344721081,21.0
pp_quantile_fixed,FOODS_2_124_WI_2,685.7609917553464,685.7609917553464,0.0,0.0,1.0,1.0,0.0,8.791807586607005,18.0
pp_quantile_fixed,FOODS_2_128_TX_3,9167.69867927305,8491.192075638308,676.5066036347419,0.0,0.5912346805832376,0.7948717948717948,0.20512820512820512,108.86143686715779,331.0
pp_quantile_fixed,FOODS_2_129_TX_2,265.08197177322046,264.8719959106659,0.20997586255458334,0.0,0.9973753017180678,0.9871794871794872,0.01282051282051282,3.395794819367511,16.0
pp_quantile_fixed,FOODS_2_130_WI_2,1907.519721815695,1811.3487889810538,96.17093283464129,0.0,0.9117697863902373,0.9102564102564102,0.08974358974358974,23.222420371551973,218.0
pp_quantile_fixed,FOODS_2_132_TX_2,480.48265892193973,480.48265892193973,0.0,0.0,1.0,1.0,0.0,6.160034088742817,0.0
pp_quantile_fixed,FOODS_2_133_TX_2,688.9101035830894,663.2840413800628,25.626062203026603,0.0,0.9032978784791448,0.9487179487179487,0.05128205128205128,8.503641556154651,53.0
pp_quantile_fixed,FOODS_2_133_TX_3,436.75970472866663,324.6349340318288,112.12477069683786,0.0,0.6262507643438738,0.8333333333333334,0.16666666666666666,4.161986333741394,60.0
pp_quantile_fixed,FOODS_2_141_CA_3,979.1417886922226,883.8326750869637,95.30911360525883,0.0,0.8555922521132442,0.8717948717948718,0.1282051282051282,11.33118814214056,132.0
pp_quantile_fixed,FOODS_2_146_WI_1,819.8750291214834,712.0279676331849,107.84706148829852,0.0,0.8140567905374163,0.8846153846153846,0.11538461538461539,9.128563687604935,116.0
pp_quantile_fixed,FOODS_2_148_CA_2,710.3016152575128,681.7391923967089,28.562422860803956,0.0,0.9015088866868829,0.9358974358974359,0.0641025641025641,8.740246056368063,58.0
pp_quantile_fixed,FOODS_2_149_TX_1,1653.959463316293,1295.4506534759942,358.5088098402989,0.0,0.7210048172449036,0.7435897435897436,0.2564102564102564,16.608341711230693,257.0
pp_quantile_fixed,FOODS_2_155_CA_4,948.0762977647544,948.0762977647544,0.0,0.0,1.0,1.0,0.0,12.154824330317364,10.0
pp_quantile_fixed,FOODS_2_159_CA_1,472.41333695324255,460.541021827352,11.872315125890562,0.0,0.9208512324940629,0.9615384615384616,0.038461538461538464,5.904372074709641,30.0
pp_quantile_fixed,FOODS_2_163_TX_3,781.081229896416,666.990892190988,114.09033770542796,0.0,0.6916477359312757,0.8461538461538461,0.15384615384615385,8.551165284499847,74.0
pp_quantile_fixed,FOODS_2_165_CA_4,441.4865148705635,441.4865148705635,0.0,0.0,1.0,1.0,0.0,5.660083523981584,10.0
pp_quantile_fixed,FOODS_2_165_TX_1,297.338992591972,297.338992591972,0.0,0.0,1.0,1.0,0.0,3.8120383665637436,4.0
pp_quantile_fixed,FOODS_2_166_TX_2,1763.1093616881094,1763.1093616881094,0.0,0.0,1.0,1.0,0.0,22.603966175488583,11.0
pp_quantile_fixed,FOODS_2_169_TX_3,402.3763116787778,398.540803569139,3.83550810963885,0.0,0.948859891871482,0.9871794871794872,0.01282051282051282,5.109497481655628,15.0
pp_quantile_fixed,FOODS_2_172_CA_2,695.057190597296,579.1060365148663,115.95115408242961,0.0,0.7726447959168046,0.8846153846153846,0.11538461538461539,7.424436365575209,102.0
pp_quantile_fixed,FOODS_2_176_WI_3,670.6850510730035,670.6850510730035,0.0,0.0,1.0,1.0,0.0,8.598526295807737,16.0
pp_quantile_fixed,FOODS_2_177_WI_1,698.4357796091308,663.8709711401453,34.564808468985426,0.0,0.8529157086426152,0.9615384615384616,0.038461538461538464,8.51116629666853,47.0
pp_quantile_fixed,FOODS_2_182_TX_3,603.0703316804963,596.4167933712965,6.65353830919984,0.0,0.9570739463922592,0.9743589743589743,0.02564102564102564,7.646369145785853,31.0
pp_quantile_fixed,FOODS_2_183_CA_4,1162.0071890075128,923.7465894275917,238.26059957992106,0.0,0.7891499118761761,0.8076923076923077,0.19230769230769232,11.842904992661433,226.0
pp_quantile_fixed,FOODS_2_186_TX_1,430.95685244122706,430.95685244122706,0.0,0.0,1.0,1.0,0.0,5.5250878518106035,38.0
pp_quantile_fixed,FOODS_2_187_CA_1,436.7604185148527,413.09988464067976,23.660533874172938,0.0,0.901414442190946,0.9487179487179487,0.05128205128205128,5.296152367188202,48.0
pp_quantile_fixed,FOODS_2_192_CA_2,1052.9432441035979,995.3690193206137,57.574224782984196,0.0,0.9007340952017513,0.9102564102564102,0.08974358974358974,12.7611412733412,116.0
pp_quantile_fixed,FOODS_2_192_TX_1,1036.6089088209758,1036.6089088209758,0.0,0.0,1.0,1.0,0.0,13.289857805397125,20.0
pp_quantile_fixed,FOODS_2_198_CA_4,401.235585895134,366.74160543902127,34.49398045611278,0.0,0.6550601954388722,0.9230769230769231,0.07692307692307693,4.701815454346426,20.0
pp_quantile_fixed,FOODS_2_200_TX_1,903.7976328059286,867.4986233851906,36.29900942073799,0.0,0.7580066038617467,0.9487179487179487,0.05128205128205128,11.12177722288706,30.0
pp_quantile_fixed,FOODS_2_201_WI_3,872.5499621851733,768.5673442026371,103.98261798253627,0.0,0.8322861000281673,0.8717948717948718,0.1282051282051282,9.853427489777399,124.0
pp_quantile_fixed,FOODS_2_202_WI_3,724.3449485451696,705.5979567642005,18.74699178096911,0.0,0.931829120796476,0.9743589743589743,0.02564102564102564,9.046127650823083,55.0
pp_quantile_fixed,FOODS_2_204_CA_4,1162.9579864094317,1033.6336689612313,129.32431744820047,0.0,0.8460424792283328,0.8461538461538461,0.15384615384615385,13.25171370463117,168.0
pp_quantile_fixed,FOODS_2_206_CA_3,1517.0238122063124,1427.8760184044256,89.14779380188673,0.0,0.9009468957756813,0.9102564102564102,0.08974358974358974,18.30610280005674,180.0
pp_quantile_fixed,FOODS_2_207_CA_3,420.13199086715946,420.13199086715946,0.0,0.0,1.0,1.0,0.0,5.386307575219993,13.0
pp_quantile_fixed,FOODS_2_208_TX_1,1118.013648952608,1099.8909291092284,18.12271984337963,0.0,0.9725413335706369,0.9871794871794872,0.01282051282051282,14.101165757810621,132.0
pp_quantile_fixed,FOODS_2_212_CA_2,873.9662891884354,815.4232147139802,58.543074474455224,0.0,0.8963839389832651,0.8974358974358975,0.10256410256410256,10.454143778384362,113.0
pp_quantile_fixed,FOODS_2_214_CA_3,837.5368178698086,837.5368178698086,0.0,0.0,1.0,1.0,0.0,10.737651511151393,36.0
pp_quantile_fixed,FOODS_2_218_CA_4,466.2922531338469,441.91069377984024,24.381559354006654,0.0,0.9004834312081361,0.9358974358974359,0.0641025641025641,5.6655217151261565,49.0
pp_quantile_fixed,FOODS_2_219_TX_1,566.6426802455627,524.3172078949382,42.32547235062451,0.0,0.7772343560493448,0.9102564102564102,0.08974358974358974,6.722015485832541,38.0
pp_quantile_fixed,FOODS_2_224_TX_2,376.70730985589574,343.12655302375316,33.58075683214257,0.0,0.8732801628975752,0.9102564102564102,0.08974358974358974,4.399058372099399,53.0
pp_quantile_fixed,FOODS_2_231_CA_1,1104.786762131889,1104.786762131889,0.0,0.0,1.0,1.0,0.0,14.16393284784473,40.0
pp_quantile_fixed,FOODS_2_234_WI_3,502.18917293531433,502.18917293531433,0.0,0.0,1.0,1.0,0.0,6.4383227299399275,16.0
pp_quantile_fixed,FOODS_2_235_CA_2,948.6550927055704,886.6997272792219,61.955365426348564,0.0,0.8542226695850622,0.9358974358974359,0.0641025641025641,11.367945221528485,85.0
pp_quantile_fixed,FOODS_2_241_CA_3,4217.325215723243,3499.003439249748,718.3217764734949,0.0,0.8221975800808182,0.7948717948717948,0.20512820512820512,44.85901845191985,808.0
pp_quantile_fixed,FOODS_2_241_WI_3,2597.662711693989,2392.3881998579755,205.2745118360133,0.0,0.8501645899007202,0.8717948717948718,0.1282051282051282,30.671643587922762,274.0
pp_quantile_fixed,FOODS_2_242_CA_3,1229.9839468445398,1173.7552636980042,56.22868314653567,0.0,0.9022109858321119,0.9230769230769231,0.07692307692307693,15.048144406384669,115.0
pp_quantile_fixed,FOODS_2_242_WI_1,1213.3242125501206,911.4932935459782,301.8309190041424,0.0,0.6510625213824943,0.7948717948717948,0.20512820512820512,11.685811455717669,173.0
pp_quantile_fixed,FOODS_2_250_WI_2,1435.2163957653488,1394.891964408789,40.3244313565598,0.0,0.8633070123506447,0.9487179487179487,0.05128205128205128,17.88323031293319,59.0
pp_quantile_fixed,FOODS_2_253_CA_1,678.780222202695,578.5791968120807,100.20102539061432,0.0,0.7868063289561399,0.8461538461538461,0.15384615384615385,7.417682010411291,94.0
pp_quantile_fixed,FOODS_2_254_TX_3,640.2887984838675,568.4079046302219,71.88089385364556,0.0,0.7181141417504096,0.8717948717948718,0.1282051282051282,7.287280828592588,51.0
pp_quantile_fixed,FOODS_2_254_WI_1,297.69578176683206,267.52421000057274,30.171571766259326,0.0,0.7765068758054865,0.9615384615384616,0.038461538461538464,3.429797564109907,27.0
pp_quantile_fixed,FOODS_2_255_TX_2,5880.999999999999,5880.999999999999,0.0,0.0,1.0,1.0,0.0,75.39743589743588,62.0
pp_quantile_fixed,FOODS_2_261_WI_2,1151.4440276083687,1117.821712149648,33.62231545872076,0.0,0.924444234924223,0.9487179487179487,0.05128205128205128,14.331047591662154,89.0
pp_quantile_fixed,FOODS_2_270_CA_3,538.560444959922,529.7519507750077,8.808494184914322,0.0,0.9021278423898408,0.9743589743589743,0.02564102564102564,6.791691676602663,18.0
pp_quantile_fixed,FOODS_2_270_WI_2,654.5101641260572,644.8968815384688,9.613282587588428,0.0,0.9450669566423517,0.9871794871794872,0.01282051282051282,8.267908737672677,35.0
pp_quantile_fixed,FOODS_2_271_WI_2,550.4257951408848,550.4257951408848,0.0,0.0,1.0,1.0,0.0,7.056740963344677,13.0
pp_quantile_fixed,FOODS_2_273_TX_3,313.102213949491,305.09511251006086,8.007101439430112,0.0,0.8999112320071236,0.9871794871794872,0.01282051282051282,3.9114758014110365,16.0
pp_quantile_fixed,FOODS_2_274_CA_3,1835.40918745418,1647.906753491273,187.50243396290705,0.0,0.8517767320451327,0.8974358974358975,0.10256410256410256,21.127009660144527,253.0
pp_quantile_fixed,FOODS_2_274_TX_2,1419.5800610585684,1368.1130968195148,51.466964239053695,0.0,0.9243132878837446,0.9615384615384616,0.038461538461538464,17.539911497686088,136.0
pp_quantile_fixed,FOODS_2_278_CA_4,551.0892875353981,460.1913226238542,90.89796491154381,0.0,0.6970067836281874,0.8846153846153846,0.11538461538461539,5.899888751587874,60.0
pp_quantile_fixed,FOODS_2_284_TX_3,453.4963452478939,450.2413971266886,3.254948121205281,0.0,0.9739604150303578,0.9871794871794872,0.01282051282051282,5.772325604188315,25.0
pp_quantile_fixed,FOODS_2_284_WI_2,575.8973243989933,533.5434784578035,42.353845941189746,0.0,0.8401741662596612,0.9358974358974359,0.0641025641025641,6.840301005869276,53.0
pp_quantile_fixed,FOODS_2_290_WI_1,807.3885168150819,670.1537459119929,137.23477090308893,0.0,0.8039503272813016,0.8589743589743589,0.14102564102564102,8.591714691179396,140.0
pp_quantile_fixed,FOODS_2_298_TX_2,717.7843550204965,700.7301498718779,17.054205148618642,0.0,0.916808755372592,0.9487179487179487,0.05128205128205128,8.98371987015228,41.0
pp_quantile_fixed,FOODS_2_306_TX_1,672.7064834978468,669.1520791736551,3.5544043241916867,0.0,0.9851899819825346,0.9871794871794872,0.01282051282051282,8.578872809918655,48.0
pp_quantile_fixed,FOODS_2_309_TX_2,835.7543429997594,779.0663322017426,56.68801079801672,0.0,0.7975428185785117,0.8717948717948718,0.1282051282051282,9.988029900022342,56.0
pp_quantile_fixed,FOODS_2_311_WI_3,802.9781172726605,687.7106540933675,115.26746317929306,0.0,0.7466649160894657,0.8333333333333334,0.16666666666666666,8.816803257607274,91.0
pp_quantile_fixed,FOODS_2_312_CA_1,999.2293483570539,984.1763150611336,15.053033295920368,0.0,0.9028836561553525,0.9743589743589743,0.02564102564102564,12.617645064886327,31.0
pp_quantile_fixed,FOODS_2_312_TX_2,724.7913895633767,680.4645984343509,44.326791129025764,0.0,0.8751357996365472,0.9102564102564102,0.08974358974358974,8.723905108132705,71.0
pp_quantile_fixed,FOODS_2_313_CA_4,1365.4579573055505,1365.4579573055505,0.0,0.0,1.0,1.0,0.0,17.50587124750706,2.0
pp_quantile_fixed,FOODS_2_321_WI_1,504.43876192418514,444.3183792155307,60.120382708654446,0.0,0.8231753449745457,0.8974358974358975,0.10256410256410256,5.696389477122188,68.0
pp_quantile_fixed,FOODS_2_325_WI_3,2877.3213022877303,2347.657678635058,529.6636236526724,0.0,0.7935034605642604,0.782051282051282,0.21794871794871795,30.098175367116127,513.0
pp_quantile_fixed,FOODS_2_326_WI_1,2888.8367321604433,2497.302306916237,391.5344252442066,0.0,0.848828407241619,0.8461538461538461,0.15384615384615385,32.016696242515856,518.0
pp_quantile_fixed,FOODS_2_329_TX_3,429.9472129175972,429.9472129175972,0.0,0.0,1.0,1.0,0.0,5.512143755353811,19.0
pp_quantile_fixed,FOODS_2_332_TX_2,664.9167846640179,649.5924909360032,15.32429372801471,0.0,0.9333726359651533,0.9615384615384616,0.038461538461538464,8.328108858153886,46.0
pp_quantile_fixed,FOODS_2_332_WI_1,466.75808974112795,466.75808974112795,0.0,0.0,1.0,1.0,0.0,5.984078073604205,37.0
pp_quantile_fixed,FOODS_2_338_TX_3,849.3472345620083,738.4167469263228,110.93048763568547,0.0,0.8151158539405242,0.8461538461538461,0.15384615384615385,9.466881370850293,120.0
pp_quantile_fixed,FOODS_2_340_WI_2,902.5176920709766,844.264648006739,58.2530440642376,0.0,0.87336294768644,0.8846153846153846,0.11538461538461539,10.823905743676141,92.0
pp_quantile_fixed,FOODS_2_342_CA_3,2557.281879421314,2175.185269936647,382.0966094846673,0.0,0.8189115594859397,0.8076923076923077,0.19230769230769232,27.88699064021342,422.0
pp_quantile_fixed,FOODS_2_347_WI_3,4259.199661487355,3217.751650237799,1041.4480112495562,0.0,0.6891199966419235,0.7435897435897436,0.2564102564102564,41.253226285099984,670.0
pp_quantile_fixed,FOODS_2_350_WI_2,928.784866803274,917.3705330832697,11.41433372000427,0.0,0.9212804571034188,0.9615384615384616,0.038461538461538464,11.76116068055474,29.0
pp_quantile_fixed,FOODS_2_351_CA_1,727.2567425025999,638.6483437093422,88.60839879325769,0.0,0.6591984661797782,0.8846153846153846,0.11538461538461539,8.1877992783249,52.0
pp_quantile_fixed,FOODS_2_354_CA_4,567.0742014767197,522.2561489746777,44.81805250204207,0.0,0.528231026294294,0.9230769230769231,0.07692307692307693,6.695591653521508,19.0
pp_quantile_fixed,FOODS_2_355_WI_2,1132.9729270382227,974.153081598638,158.81984543958464,0.0,0.7923923589025038,0.8205128205128205,0.1794871794871795,12.48914207177741,153.0
pp_quantile_fixed,FOODS_2_356_CA_2,990.2573247282097,885.9042401404928,104.35308458771694,0.0,0.8465395814886515,0.9358974358974359,0.0641025641025641,11.357746668467856,136.0
pp_quantile_fixed,FOODS_2_370_CA_2,687.4318175426029,621.6092838762447,65.82253366635815,0.0,0.7199041120580504,0.8846153846153846,0.11538461538461539,7.969349793285189,47.0
pp_quantile_fixed,FOODS_2_370_CA_3,906.3343954322858,895.7066785406341,10.627716891651655,0.0,0.9409571283797129,0.9743589743589743,0.02564102564102564,11.483418955649155,36.0
pp_quantile_fixed,FOODS_2_371_WI_3,3611.0471176307146,3223.0743294857684,387.972788144946,0.0,0.8764417872149852,0.8717948717948718,0.1282051282051282,41.321465762638056,628.0
pp_quantile_fixed,FOODS_2_376_TX_1,721.1956096899709,701.3163862920123,19.879223397958505,0.0,0.9154075600086872,0.9743589743589743,0.02564102564102564,8.991235721692465,47.0
pp_quantile_fixed,FOODS_2_386_CA_2,636.0745663071197,601.7755488881473,34.299017418972326,0.0,0.8600040105348068,0.9358974358974359,0.0641025641025641,7.7150711395916325,49.0
pp_quantile_fixed,FOODS_2_387_WI_2,995.1533707851331,899.6904711192827,95.46289966585041,0.0,0.8279947753768462,0.8717948717948718,0.1282051282051282,11.534493219477984,111.0
pp_quantile_fixed,FOODS_2_389_TX_2,1250.0085415637766,1250.0085415637766,0.0,0.0,1.0,1.0,0.0,16.02575053286893,3.0
pp_quantile_fixed,FOODS_2_390_CA_4,1394.1432198179073,1394.1432198179073,0.0,0.0,1.0,1.0,0.0,17.873631023306505,4.0
pp_quantile_fixed,FOODS_2_399_TX_2,873.6872149038205,813.6176420841763,60.069572819644264,0.0,0.8887600503339921,0.8974358974358975,0.10256410256410256,10.430995411335592,108.0
pp_quantile_fixed,FOODS_3_003_WI_3,1169.1149200934149,1166.0140422817442,3.100877811670699,0.0,0.98175954228429,0.9871794871794872,0.01282051282051282,14.948897977971079,34.0
pp_quantile_fixed,FOODS_3_009_CA_4,416.92379372171007,391.5694944619613,25.354299259748743,0.0,0.8943570864177136,0.9358974358974359,0.0641025641025641,5.0201217238712985,48.0
pp_quantile_fixed,FOODS_3_009_TX_2,734.0286068891744,721.7914273633245,12.237179525849875,0.0,0.9677968959846055,0.9743589743589743,0.02564102564102564,9.25373624824775,76.0
pp_quantile_fixed,FOODS_3_011_CA_1,1030.9018068453656,780.3038517499917,250.59795509537383,0.0,0.7820887346996751,0.7948717948717948,0.20512820512820512,10.003895535256305,230.0
pp_quantile_fixed,FOODS_3_014_CA_1,1173.21668234455,1173.21668234455,0.0,0.0,1.0,1.0,0.0,15.041239517237821,2.0
pp_quantile_fixed,FOODS_3_019_TX_2,693.6670261292941,693.6670261292941,0.0,0.0,1.0,1.0,0.0,8.893167001657616,48.0
pp_quantile_fixed,FOODS_3_022_CA_1,481.6336194846599,481.6336194846599,0.0,0.0,1.0,1.0,0.0,6.174789993393076,29.0
pp_quantile_fixed,FOODS_3_023_TX_1,704.6751799325505,607.9660497607072,96.70913017184336,0.0,0.7697401662575158,0.8589743589743589,0.14102564102564102,7.7944365353936815,84.0
pp_quantile_fixed,FOODS_3_023_TX_3,645.7253363585127,609.1502478482784,36.57508851023435,0.0,0.8780830382992187,0.9102564102564102,0.08974358974358974,7.809618562157415,60.0
pp_quantile_fixed,FOODS_3_023_WI_2,626.3930902328939,608.5711759248263,17.821914308067583,0.0,0.9327474931771035,0.9615384615384616,0.038461538461538464,7.802194563138799,53.0
pp_quantile_fixed,FOODS_3_024_TX_3,2811.0713208046914,2656.6058724968266,154.46544830786485,0.0,0.8415738991714208,0.9102564102564102,0.08974358974358974,34.05904964739521,195.0
pp_quantile_fixed,FOODS_3_024_WI_1,3944.505831405429,3944.505831405429,0.0,0.0,1.0,1.0,0.0,50.570587582120886,75.0
pp_quantile_fixed,FOODS_3_026_CA_1,1188.8600882110918,1040.2482743873768,148.61181382371498,0.0,0.8271955653212615,0.8717948717948718,0.1282051282051282,13.336516338299703,172.0
pp_quantile_fixed,FOODS_3_030_TX_3,9010.355727690208,7566.332498801722,1444.0232288884863,0.0,0.8274763167397269,0.8076923076923077,0.19230769230769232,97.00426280515028,1674.0
pp_quantile_fixed,FOODS_3_034_CA_1,953.3646925149853,809.6890796509368,143.67561286404847,0.0,0.7990550869034286,0.8846153846153846,0.11538461538461539,10.380629226294062,143.0
pp_quantile_fixed,FOODS_3_035_WI_1,846.4552661768614,830.8598572304234,15.595408946438072,0.0,0.9488675116510228,0.9615384615384616,0.038461538461538464,10.652049451672095,61.0
pp_quantile_fixed,FOODS_3_036_CA_4,683.9280097889582,683.9280097889582,0.0,0.0,1.0,1.0,0.0,8.768307817807157,9.0
pp_quantile_fixed,FOODS_3_038_CA_4,536.0890198286681,470.5185029635188,65.57051686514929,0.0,0.8099405308256543,0.8974358974358975,0.10256410256410256,6.032288499532292,69.0
pp_quantile_fixed,FOODS_3_038_WI_1,737.176605884988,653.4043042458659,83.7723016391221,0.0,0.7672991621135498,0.8846153846153846,0.11538461538461539,8.376978259562383,72.0
pp_quantile_fixed,FOODS_3_040_WI_1,1049.7151462460301,898.0161889336218,151.69895731240823,0.0,0.6628912059724261,0.8461538461538461,0.15384615384615385,11.513028063251562,90.0
pp_quantile_fixed,FOODS_3_048_TX_1,1221.2209379493909,1221.2209379493909,0.0,0.0,1.0,1.0,0.0,15.656678691658858,64.0
pp_quantile_fixed,FOODS_3_048_TX_3,1174.1164918549657,1174.1164918549657,0.0,0.0,1.0,1.0,0.0,15.052775536602125,109.0
pp_quantile_fixed,FOODS_3_049_TX_1,578.309731393793,578.309731393793,0.0,0.0,1.0,1.0,0.0,7.414227325561448,28.0
pp_quantile_fixed,FOODS_3_050_CA_2,590.6996968746486,568.9177198641733,21.78197701047533,0.0,0.9349791731030588,0.9615384615384616,0.038461538461538464,7.293816921335554,67.0
pp_quantile_fixed,FOODS_3_053_CA_4,763.4021758163601,647.232105016171,116.17007080018917,0.0,0.7389436611231703,0.8846153846153846,0.11538461538461539,8.29784750020732,89.0
pp_quantile_fixed,FOODS_3_054_WI_3,1638.0,1638.0,0.0,0.0,1.0,1.0,0.0,21.0,0.0
pp_quantile_fixed,FOODS_3_057_WI_3,545.8980860654776,545.8980860654776,0.0,0.0,1.0,1.0,0.0,6.998693411095867,20.0
pp_quantile_fixed,FOODS_3_066_CA_4,1753.2025525363536,1341.2113443098792,411.9912082264743,0.0,0.7036034473190832,0.7692307692307693,0.23076923076923078,17.195017234742043,278.0
pp_quantile_fixed,FOODS_3_066_TX_3,1813.7416072718947,1448.8521854977773,364.88942177411747,0.0,0.7126854946660492,0.7692307692307693,0.23076923076923078,18.575028019202275,254.0
pp_quantile_fixed,FOODS_3_067_CA_4,617.7669911789403,553.6179781709458,64.14901300799448,0.0,0.852531004579323,0.8974358974358975,0.10256410256410256,7.097666386806997,87.0
pp_quantile_fixed,FOODS_3_072_WI_3,565.2065889766277,551.9905896137817,13.215999362845965,0.0,0.9265777813175222,0.9743589743589743,0.02564102564102564,7.07680243094592,36.0
pp_quantile_fixed,FOODS_3_074_CA_2,1073.7502614252269,825.3244994313325,248.42576199389435,0.0,0.7284964349793506,0.7692307692307693,0.23076923076923078,10.581083326042725,183.0
pp_quantile_fixed,FOODS_3_091_TX_1,413.68597508872955,380.8826904418364,32.803284646893125,0.0,0.8573770232743777,0.9102564102564102,0.08974358974358974,4.88311141592098,46.0
pp_quantile_fixed,FOODS_3_091_WI_1,396.5628430989286,361.97544685149927,34.58739624742936,0.0,0.7614662327763493,0.9230769230769231,0.07692307692307693,4.640710857070504,29.0
pp_quantile_fixed,FOODS_3_094_TX_2,834.3731669514087,767.3537642169761,67.01940273443267,0.0,0.8646072672031663,0.8974358974358975,0.10256410256410256,9.837868772012513,99.0
pp_quantile_fixed,FOODS_3_101_WI_3,1942.8897335926863,1757.1849755464355,185.70475804625073,0.0,0.8663994546429852,0.8333333333333334,0.16666666666666666,22.52801250700558,278.0
pp_quantile_fixed,FOODS_3_102_WI_2,814.0352910885764,735.8926483350178,78.14264275355856,0.0,0.8579224677208027,0.9102564102564102,0.08974358974358974,9.434521132500228,110.0
pp_quantile_fixed,FOODS_3_103_TX_1,404.15229716747314,399.92392492637885,4.228372241094309,0.0,0.9632315457296147,0.9871794871794872,0.01282051282051282,5.1272298067484465,23.0
pp_quantile_fixed,FOODS_3_103_WI_1,782.1384803155192,678.5952005287144,103.54327978680487,0.0,0.848841927318533,0.8589743589743589,0.14102564102564102,8.699938468316851,137.0
pp_quantile_fixed,FOODS_3_110_WI_1,477.3159417096208,477.3159417096208,0.0,0.0,1.0,1.0,0.0,6.119435150123343,24.0
pp_quantile_fixed,FOODS_3_111_TX_1,425.81958167166306,402.91633292393504,22.903248747728043,0.0,0.7455194583585772,0.9487179487179487,0.05128205128205128,5.165594011845321,18.0
pp_quantile_fixed,FOODS_3_111_WI_1,499.88627777734945,499.88627777734945,0.0,0.0,1.0,1.0,0.0,6.408798433042942,32.0
pp_quantile_fixed,FOODS_3_117_CA_4,712.106516148212,630.810399580016,81.29611656819606,0.0,0.7915484190559076,0.8461538461538461,0.15384615384615385,8.08731281512841,78.0
pp_quantile_fixed,FOODS_3_120_TX_1,7143.348735951205,5784.90017609072,1358.4485598604842,0.0,0.711275545194371,0.7564102564102564,0.24358974358974358,74.16538687295795,941.0
pp_quantile_fixed,FOODS_3_125_CA_1,1224.3443741415178,1211.7969491491192,12.547424992398541,0.0,0.9477190625316728,0.9871794871794872,0.01282051282051282,15.535858322424605,48.0
pp_quantile_fixed,FOODS_3_126_WI_1,892.1113308904618,777.896254286992,114.21507660346983,0.0,0.8172558774344483,0.8846153846153846,0.11538461538461539,9.973028901115281,125.0
pp_quantile_fixed,FOODS_3_133_CA_1,3147.5221499497275,2511.998512364199,635.5236375855284,0.0,0.77700924996999,0.782051282051282,0.21794871794871795,32.20510913287435,570.0
pp_quantile_fixed,FOODS_3_133_CA_2,2465.8167138542203,2118.8660994670045,346.9506143872158,0.0,0.8468209208003461,0.8205128205128205,0.1794871794871795,27.164949993166722,453.0
pp_quantile_fixed,FOODS_3_133_TX_1,1771.3553674877198,1557.9114621571464,213.44390533057347,0.0,0.7876180046461955,0.8205128205128205,0.1794871794871795,19.97322387380957,201.0
pp_quantile_fixed,FOODS_3_134_TX_1,1958.0249240288772,1511.9683869189942,446.05653710988304,0.0,0.7344901564822125,0.7948717948717948,0.20512820512820512,19.384210088705053,336.0
pp_quantile_fixed,FOODS_3_136_CA_1,1966.3920174698133,1521.4024878787407,444.98952959107265,0.0,0.7601134611368882,0.8076923076923077,0.19230769230769232,19.505160101009494,371.0
pp_quantile_fixed,FOODS_3_138_WI_3,1120.739261971024,932.0342663205082,188.70499565051585,0.0,0.7740059932329151,0.7948717948717948,0.20512820512820512,11.949157260519335,167.0
pp_quantile_fixed,FOODS_3_141_TX_3,533.1589729014671,520.7434616645264,12.41551123694065,0.0,0.8871317160278122,0.9743589743589743,0.02564102564102564,6.676198226468287,22.0
pp_quantile_fixed,FOODS_3_154_CA_1,633.7742177504525,633.7742177504525,0.0,0.0,1.0,1.0,0.0,8.12531048398016,30.0
pp_quantile_fixed,FOODS_3_155_TX_1,297.4471567710053,283.31536201470624,14.131794756299074,0.0,0.8429800582633437,0.9615384615384616,0.038461538461538464,3.632248230957772,18.0
pp_quantile_fixed,FOODS_3_157_CA_2,955.6215194254848,955.6215194254848,0.0,0.0,1.0,1.0,0.0,12.25155794135237,60.0
pp_quantile_fixed,FOODS_3_158_WI_3,383.1294010845446,362.7812999201711,20.348101164373507,0.0,0.8596682678319068,0.9487179487179487,0.05128205128205128,4.65104230666886,29.0
pp_quantile_fixed,FOODS_3_160_CA_1,267.08248544600326,94.857707360825,172.2247780851783,0.0,0.04319567730456516,0.8461538461538461,0.15384615384615385,1.2161244533439104,36.0
pp_quantile_fixed,FOODS_3_160_TX_1,624.0,624.0,0.0,0.0,1.0,1.0,0.0,8.0,0.0
pp_quantile_fixed,FOODS_3_160_WI_2,134.4287593917021,75.50020416684883,58.92855522485326,0.0,0.09340684269456517,0.9358974358974359,0.0641025641025641,0.967951335472421,13.0
pp_quantile_fixed,FOODS_3_161_WI_1,709.8009107269503,709.8009107269503,0.0,0.0,1.0,1.0,0.0,9.100011675986542,19.0
pp_quantile_fixed,FOODS_3_162_WI_2,695.5328511115573,695.5328511115573,0.0,0.0,1.0,1.0,0.0,8.917087834763555,61.0
pp_quantile_fixed,FOODS_3_163_TX_2,562.8759529498593,468.3732830050721,94.50266994478726,0.0,0.7827524828855466,0.8589743589743589,0.14102564102564102,6.0047856795522065,87.0
pp_quantile_fixed,FOODS_3_169_TX_3,1267.7972230054995,1163.7608883096543,104.03633469584528,0.0,0.8648878770183827,0.8461538461538461,0.15384615384615385,14.920011388585312,154.0
pp_quantile_fixed,FOODS_3_171_WI_2,450.76321552566355,450.76321552566355,0.0,0.0,1.0,1.0,0.0,5.779015583662353,15.0
pp_quantile_fixed,FOODS_3_172_CA_3,1202.6273918577901,1148.0532875846561,54.57410427313398,0.0,0.9342480671408026,0.9358974358974359,0.0641025641025641,14.718631892110976,166.0
pp_quantile_fixed,FOODS_3_172_TX_3,1341.9704832516688,1260.7403550027736,81.23012824889526,0.0,0.859948054743284,0.9102564102564102,0.08974358974358974,16.163337884650943,116.0
pp_quantile_fixed,FOODS_3_176_WI_3,607.4610075703868,602.0755121155158,5.385495454870881,0.0,0.9760644646450184,0.9871794871794872,0.01282051282051282,7.718916821993793,45.0
pp_quantile_fixed,FOODS_3_178_WI_2,852.9613889530137,723.679036910683,129.2823520423308,0.0,0.7790045264233662,0.8589743589743589,0.14102564102564102,9.277936370649781,117.0
pp_quantile_fixed,FOODS_3_180_WI_1,646.1083207759747,627.6761185969443,18.43220217903039,0.0,0.9395665502326873,0.9615384615384616,0.038461538461538464,8.04712972560185,61.0
pp_quantile_fixed,FOODS_3_184_WI_3,1725.9000000000017,1559.4000000000017,166.50000000000006,0.0,0.46290322580645143,0.8205128205128205,0.1794871794871795,19.992307692307715,62.0
pp_quantile_fixed,FOODS_3_192_TX_2,999.9975150325216,940.6970687840611,59.30044624846049,0.0,0.9073430527367805,0.9358974358974359,0.0641025641025641,12.060218830564887,128.0
pp_quantile_fixed,FOODS_3_197_WI_1,628.9923380540702,619.5258442770258,9.466493777044356,0.0,0.9408344138934728,0.9743589743589743,0.02564102564102564,7.942639029192639,32.0
pp_quantile_fixed,FOODS_3_198_TX_2,772.0,772.0,0.0,0.0,1.0,1.0,0.0,9.897435897435898,2.0
pp_quantile_fixed,FOODS_3_198_WI_3,745.9108302445417,745.9108302445417,0.0,0.0,1.0,1.0,0.0,9.562959362109508,4.0
pp_quantile_fixed,FOODS_3_199_CA_2,1459.890639570135,1402.3359593552027,57.55468021493216,0.0,0.7442014212669682,0.9102564102564102,0.08974358974358974,17.97866614557952,45.0
pp_quantile_fixed,FOODS_3_199_TX_1,842.6184626941144,832.6184626941144,10.0,0.0,0.9259259259259259,0.9871794871794872,0.01282051282051282,10.67459567556557,27.0
pp_quantile_fixed,FOODS_3_204_CA_2,679.6106399962333,616.8199733602505,62.7906666359828,0.0,0.8037791667625538,0.9230769230769231,0.07692307692307693,7.907948376413468,64.0
pp_quantile_fixed,FOODS_3_204_CA_4,617.143779415421,590.8410697124646,26.302709702956495,0.0,0.8880735757321001,0.9615384615384616,0.038461538461538464,7.574885509134161,47.0
pp_quantile_fixed,FOODS_3_205_TX_1,1625.3924053043804,1625.3924053043804,0.0,0.0,1.0,1.0,0.0,20.83836417056898,10.0
pp_quantile_fixed,FOODS_3_208_WI_3,624.999710461995,552.0551387354868,72.94457172650826,0.0,0.8396822599417402,0.8717948717948718,0.1282051282051282,7.0776299837882926,91.0
pp_quantile_fixed,FOODS_3_209_TX_2,610.8328047544481,610.8328047544481,0.0,0.0,1.0,1.0,0.0,7.831189804544207,13.0
pp_quantile_fixed,FOODS_3_210_TX_1,377.3462304434245,377.3462304434245,0.0,0.0,1.0,1.0,0.0,4.837772185172109,0.0
pp_quantile_fixed,FOODS_3_211_CA_1,895.5888333604503,620.2734871295412,275.3153462309091,0.0,0.6176175746792929,0.7307692307692307,0.2692307692307692,7.952224193968477,144.0
pp_quantile_fixed,FOODS_3_215_CA_3,1116.1973214621278,1019.1976544909937,96.9996669711341,0.0,0.8934069593723801,0.9230769230769231,0.07692307692307693,13.06663659603838,182.0
pp_quantile_fixed,FOODS_3_215_CA_4,778.2260274216075,640.3033354433277,137.9226919782798,0.0,0.7372901105175623,0.8205128205128205,0.1794871794871795,8.209017121068303,105.0
pp_quantile_fixed,FOODS_3_224_CA_1,754.2059238731889,553.7427904921102,200.46313338107868,0.0,0.7446329511069062,0.717948717948718,0.28205128205128205,7.099266544770644,157.0
pp_quantile_fixed,FOODS_3_229_CA_1,986.2743971974852,969.8983394751252,16.37605772235996,0.0,0.9357801657946668,0.9487179487179487,0.05128205128205128,12.434594095834939,51.0
pp_quantile_fixed,FOODS_3_232_WI_3,665.6397139443715,656.0913528805754,9.548361063796058,0.0,0.9652786870407416,0.9743589743589743,0.02564102564102564,8.411427601033019,55.0
pp_quantile_fixed,FOODS_3_237_WI_3,1020.7178600421176,1020.7178600421176,0.0,0.0,1.0,1.0,0.0,13.08612641079638,58.0
pp_quantile_fixed,FOODS_3_239_CA_4,435.08161121658134,399.05370968982703,36.02790152675429,0.0,0.8689894489936207,0.9487179487179487,0.05128205128205128,5.116073201151629,55.0
pp_quantile_fixed,FOODS_3_240_TX_3,770.1691670378498,748.1716391945795,21.9975278432703,0.0,0.9362390497296512,0.9743589743589743,0.02564102564102564,9.591944092238199,69.0
pp_quantile_fixed,FOODS_3_243_WI_1,640.7214582951168,637.0365014940488,3.684956801067969,0.0,0.9612109810413898,0.9871794871794872,0.01282051282051282,8.167134634539087,19.0
pp_quantile_fixed,FOODS_3_246_CA_2,949.545731420426,825.8557072499736,123.6900241704524,0.0,0.8207390954051415,0.8717948717948718,0.1282051282051282,10.58789368269197,138.0
pp_quantile_fixed,FOODS_3_246_TX_2,518.6370052168618,482.2613494904169,36.375655726444904,0.0,0.8766926924527292,0.9230769230769231,0.07692307692307693,6.182837813979703,59.0
pp_quantile_fixed,FOODS_3_247_CA_3,933.5031948413705,811.835718025156,121.66747681621452,0.0,0.7137235839618482,0.8717948717948718,0.1282051282051282,10.408150231091744,85.0
pp_quantile_fixed,FOODS_3_255_WI_2,707.5529369057214,707.5529369057214,0.0,0.0,1.0,1.0,0.0,9.071191498791299,25.0
pp_quantile_fixed,FOODS_3_256_WI_1,480.94769617393484,480.94769617393484,0.0,0.0,1.0,1.0,0.0,6.165996104794036,9.0
pp_quantile_fixed,FOODS_3_257_TX_2,1015.8593147080908,953.1012739315147,62.758040776576124,0.0,0.9168767671833429,0.9358974358974359,0.0641025641025641,12.219247101686086,151.0
pp_quantile_fixed,FOODS_3_258_CA_3,2322.342970597325,1952.69647662609,369.64649397123503,0.0,0.766784546390388,0.8076923076923077,0.19230769230769232,25.034570213155,317.0
pp_quantile_fixed,FOODS_3_258_TX_1,1168.2559274481632,1066.9906703363056,101.26525711185766,0.0,0.9021591718726013,0.8589743589743589,0.14102564102564102,13.679367568414174,207.0
pp_quantile_fixed,FOODS_3_258_TX_2,1458.9498750131052,1336.3655244888348,122.58435052427039,0.0,0.8838063028205967,0.8589743589743589,0.14102564102564102,17.132891339600445,211.0
pp_quantile_fixed,FOODS_3_258_WI_2,2386.6663784148136,1950.813150659504,435.8532277553096,0.0,0.7551386360925229,0.7692307692307693,0.23076923076923078,25.01042500845518,356.0
pp_quantile_fixed,FOODS_3_265_TX_3,757.5303057643185,736.8415696373819,20.68873612693669,0.0,0.9482781596826582,0.9487179487179487,0.05128205128205128,9.446686790222845,80.0
pp_quantile_fixed,FOODS_3_265_WI_2,642.3140792556761,630.5925940903512,11.72148516532486,0.0,0.9655250436313975,0.9615384615384616,0.038461538461538464,8.084520437055785,68.0
pp_quantile_fixed,FOODS_3_270_WI_3,474.09901141901645,471.89430575445175,2.2047056645647167,0.0,0.9857760924866793,0.9871794871794872,0.01282051282051282,6.049926996851945,31.0
pp_quantile_fixed,FOODS_3_271_WI_2,960.3036659180347,956.825077944428,3.4785879736066683,0.0,0.985801681740381,0.9871794871794872,0.01282051282051282,12.266988178774719,49.0
pp_quantile_fixed,FOODS_3_277_CA_4,666.9890284734265,556.2856184400467,110.70341003337982,0.0,0.7266582468311609,0.8461538461538461,0.15384615384615385,7.131866903077523,81.0
pp_quantile_fixed,FOODS_3_278_WI_2,3001.995391195547,2694.4472030777983,307.54818811774874,0.0,0.8605223636654201,0.9102564102564102,0.08974358974358974,34.544194911253825,441.0
pp_quantile_fixed,FOODS_3_279_TX_3,378.8216250788243,376.61066961875383,2.2109554600704895,0.0,0.9684149219989929,0.9871794871794872,0.01282051282051282,4.828341918189151,14.0
pp_quantile_fixed,FOODS_3_280_WI_3,525.1884420445896,464.8178227352778,60.37061930931178,0.0,0.8020635432481581,0.8974358974358975,0.10256410256410256,5.959202855580484,61.0
pp_quantile_fixed,FOODS_3_282_WI_3,13610.777131273846,9952.72002822936,3658.0571030444867,0.0,0.6795394565883061,0.6923076923076923,0.3076923076923077,127.59897472088923,2283.0
pp_quantile_fixed,FOODS_3_286_TX_3,600.3850889050631,599.8542617442936,0.5308271607694781,0.0,0.9968774872895914,0.9871794871794872,0.01282051282051282,7.690439253131969,34.0
pp_quantile_fixed,FOODS_3_286_WI_3,830.7737832734997,800.6397215999559,30.134061673543727,0.0,0.9126548936998733,0.9615384615384616,0.038461538461538464,10.26461181538405,69.0
pp_quantile_fixed,FOODS_3_289_TX_3,419.979145038424,419.979145038424,0.0,0.0,1.0,1.0,0.0,5.3843480133131285,19.0
pp_quantile_fixed,FOODS_3_295_TX_1,5283.057661900299,4391.486956058177,891.5707058421215,0.0,0.7385423150023105,0.7948717948717948,0.20512820512820512,56.301114821258686,682.0
pp_quantile_fixed,FOODS_3_296_CA_4,775.7362144945286,710.9670639747701,64.76915051975848,0.0,0.7910672563878759,0.8846153846153846,0.11538461538461539,9.1149623586509,62.0
pp_quantile_fixed,FOODS_3_300_WI_2,2087.2227694088497,1392.3855895748611,694.8371798339887,0.0,0.5629954843811392,0.7307692307692307,0.2692307692307692,17.851097302241808,318.0
pp_quantile_fixed,FOODS_3_302_CA_4,1793.4481745104931,1532.336573951379,261.1116005591141,0.0,0.7464935916901805,0.7692307692307693,0.23076923076923078,19.645340691684346,206.0
pp_quantile_fixed,FOODS_3_309_CA_2,266.2990780442771,254.3275640719991,11.971513972277998,0.0,0.9002373835643501,0.9615384615384616,0.038461538461538464,3.2606097957948603,24.0
pp_quantile_fixed,FOODS_3_309_WI_1,361.364745094271,352.7393857087503,8.625359385520639,0.0,0.9361084489961434,0.9743589743589743,0.02564102564102564,4.52229981677885,27.0
pp_quantile_fixed,FOODS_3_316_TX_3,492.24208393443604,474.11620733021283,18.12587660422323,0.0,0.8423836817024066,0.9615384615384616,0.038461538461538464,6.078412914489908,23.0
pp_quantile_fixed,FOODS_3_318_TX_2,4381.616473529344,3638.9729211137637,742.6435524155801,0.0,0.7254552486448872,0.7564102564102564,0.24358974358974358,46.653498988638,541.0
pp_quantile_fixed,FOODS_3_331_TX_1,831.329360308965,728.6336104459778,102.69574986298721,0.0,0.8708229561471859,0.8974358974358975,0.10256410256410256,9.341456544179202,159.0
pp_quantile_fixed,FOODS_3_335_TX_1,2109.0,2109.0,0.0,0.0,1.0,1.0,0.0,27.03846153846154,5.0
pp_quantile_fixed,FOODS_3_337_CA_1,596.2012294400885,585.7614616507146,10.43976778937382,0.0,0.9490743034664693,0.9743589743589743,0.02564102564102564,7.509762328855316,41.0
pp_quantile_fixed,FOODS_3_346_WI_3,1447.0717438863305,1234.3302194791888,212.74152440714175,0.0,0.7983492659647945,0.8076923076923077,0.19230769230769232,15.824746403579343,211.0
pp_quantile_fixed,FOODS_3_352_CA_1,867.4907255138678,830.8132497571123,36.67747575675545,0.0,0.833284201105657,0.9358974358974359,0.0641025641025641,10.651451919962978,44.0
pp_quantile_fixed,FOODS_3_354_WI_2,746.9455395210575,737.0647793312355,9.880760189822038,0.0,0.967604064951403,0.9743589743589743,0.02564102564102564,9.449548452964558,61.0
pp_quantile_fixed,FOODS_3_356_CA_1,1232.961152967393,1112.3020167557404,120.6591362116527,0.0,0.8491760797354342,0.8846153846153846,0.11538461538461539,14.260282266099235,160.0
pp_quantile_fixed,FOODS_3_356_TX_2,790.4027668449324,732.4910514145295,57.91171543040301,0.0,0.879350592853327,0.8846153846153846,0.11538461538461539,9.39091091557089,96.0
pp_quantile_fixed,FOODS_3_363_WI_3,1882.7597597277918,1432.8164506487947,449.94330907899723,0.0,0.6311940089516416,0.7564102564102564,0.24358974358974358,18.369441674984547,244.0
pp_quantile_fixed,FOODS_3_365_TX_1,435.8888511890013,435.8888511890013,0.0,0.0,1.0,1.0,0.0,5.588318604987196,19.0
pp_quantile_fixed,FOODS_3_367_TX_1,1203.1147702061164,1057.2823303232544,145.832439882862,0.0,0.7140540394453686,0.9230769230769231,0.07692307692307693,13.554901670810954,102.0
pp_quantile_fixed,FOODS_3_370_CA_1,1893.9367490581596,1885.68676662234,8.249982435819625,0.0,0.9597561832399043,0.9871794871794872,0.01282051282051282,24.175471366953076,41.0
pp_quantile_fixed,FOODS_3_372_TX_3,1933.4424286679614,1655.3937481971814,278.0486804707799,0.0,0.8513108660584066,0.8461538461538461,0.15384615384615385,21.222996771758737,374.0
pp_quantile_fixed,FOODS_3_380_TX_3,379.7694521593513,369.5331035850706,10.236348574280726,0.0,0.906942285688357,0.9743589743589743,0.02564102564102564,4.737603892116289,22.0
pp_quantile_fixed,FOODS_3_384_TX_1,365.1355990894011,349.78875686842616,15.346842220974972,0.0,0.8604832525365912,0.9487179487179487,0.05128205128205128,4.4844712419029,22.0
pp_quantile_fixed,FOODS_3_385_CA_4,683.4791433072986,622.8863386034888,60.592804703809826,0.0,0.7421582778561285,0.9102564102564102,0.08974358974358974,7.985722289788318,47.0
pp_quantile_fixed,FOODS_3_385_TX_3,614.0735442432274,613.758561116543,0.31498312668437833,0.0,0.998659646269428,0.9871794871794872,0.01282051282051282,7.868699501494141,47.0
pp_quantile_fixed,FOODS_3_387_CA_2,1043.5787381595003,982.2628682208467,61.31586993865349,0.0,0.7547365202453861,0.9102564102564102,0.08974358974358974,12.59311369513906,50.0
pp_quantile_fixed,FOODS_3_390_TX_2,1029.951793532664,875.0319195215013,154.9198740111626,0.0,0.7892246612093026,0.8333333333333334,0.16666666666666666,11.218357942583351,147.0
pp_quantile_fixed,FOODS_3_392_WI_2,766.4204856696936,673.2488730706436,93.17161259904992,0.0,0.7858123848297703,0.8717948717948718,0.1282051282051282,8.631395808597995,87.0
pp_quantile_fixed,FOODS_3_392_WI_3,749.8571185962369,640.6293799026078,109.22773869362912,0.0,0.7125585823851864,0.8717948717948718,0.1282051282051282,8.21319717823856,76.0
pp_quantile_fixed,FOODS_3_393_CA_3,3517.2332806476516,2902.747068695518,614.4862119521335,0.0,0.803049291040983,0.782051282051282,0.21794871794871795,37.2147060089169,624.0
pp_quantile_fixed,FOODS_3_398_WI_3,510.4052806492783,510.4052806492783,0.0,0.0,1.0,1.0,0.0,6.543657444221517,28.0
pp_quantile_fixed,FOODS_3_403_TX_1,2159.640136625589,1867.2818284968157,292.3583081287735,0.0,0.8545481054085703,0.8461538461538461,0.15384615384615385,23.939510621754046,402.0
pp_quantile_fixed,FOODS_3_405_TX_3,786.4582893823053,747.0494642327857,39.4088251495197,0.0,0.866410762205018,0.9358974358974359,0.0641025641025641,9.577557233753662,59.0
pp_quantile_fixed,FOODS_3_408_TX_2,401.1472310886663,401.1472310886663,0.0,0.0,1.0,1.0,0.0,5.142913219085465,8.0
pp_quantile_fixed,FOODS_3_416_CA_4,684.8186149554857,578.4090776289258,106.40953732655987,0.0,0.782837678925388,0.8205128205128205,0.1794871794871795,7.415500995242639,98.0
pp_quantile_fixed,FOODS_3_416_WI_3,684.0640617163241,625.174845581142,58.88921613518208,0.0,0.8545945280612789,0.8717948717948718,0.1282051282051282,8.015062122835154,81.0
pp_quantile_fixed,FOODS_3_417_CA_3,764.0855380329463,737.9202016542681,26.165336378678123,0.0,0.9273185100592275,0.9358974358974359,0.0641025641025641,9.46051540582395,72.0
pp_quantile_fixed,FOODS_3_422_CA_1,937.6122472120862,862.9864451311809,74.62580208090532,0.0,0.8713348239984392,0.9102564102564102,0.08974358974358974,11.063928783733088,116.0
pp_quantile_fixed,FOODS_3_423_WI_2,719.7913731964311,664.0777632353258,55.71360996110522,0.0,0.8657503374431198,0.8974358974358975,0.10256410256410256,8.513817477375973,83.0
pp_quantile_fixed,FOODS_3_425_CA_1,593.5554268725599,590.6916500589425,2.8637768136174024,0.0,0.9913218884435836,0.9871794871794872,0.01282051282051282,7.572969872550545,66.0
pp_quantile_fixed,FOODS_3_427_WI_3,513.905192099496,495.91274921927743,17.99244288021861,0.0,0.7883242014091928,0.9615384615384616,0.038461538461538464,6.357855759221506,17.0
pp_quantile_fixed,FOODS_3_428_TX_3,321.57224314388105,274.6618515187106,46.91039162517045,0.0,0.6090800697902462,0.9358974358974359,0.0641025641025641,3.521305788701418,24.0
pp_quantile_fixed,FOODS_3_434_CA_1,1298.5360934291036,1087.0448080372867,211.49128539181694,0.0,0.7841925659267175,0.8205128205128205,0.1794871794871795,13.93647189791393,196.0
pp_quantile_fixed,FOODS_3_434_WI_1,888.8040708905673,841.3880097901415,47.41606110042588,0.0,0.8664336307030257,0.9230769230769231,0.07692307692307693,10.787025766540276,71.0
pp_quantile_fixed,FOODS_3_441_TX_2,15631.19999999998,15631.19999999998,0.0,0.0,1.0,1.0,0.0,200.39999999999975,0.0
pp_quantile_fixed,FOODS_3_444_CA_4,7410.0,7410.0,0.0,0.0,1.0,1.0,0.0,95.0,0.0
pp_quantile_fixed,FOODS_3_444_TX_2,29484.0,29484.0,0.0,0.0,1.0,1.0,0.0,378.0,0.0
pp_quantile_fixed,FOODS_3_445_CA_3,1815.2442502492815,1686.0006881200397,129.24356212924187,0.0,0.793210300593213,0.9615384615384616,0.038461538461538464,21.615393437436406,125.0
pp_quantile_fixed,FOODS_3_449_WI_1,844.5736964809529,688.6764697293859,155.897226751567,0.0,0.8014048066859019,0.8333333333333334,0.16666666666666666,8.8291855093511,157.0
pp_quantile_fixed,FOODS_3_451_CA_4,1120.6129794183598,1036.93250427056,83.68047514779987,0.0,0.8140433885604447,0.9230769230769231,0.07692307692307693,13.294006465007179,90.0
pp_quantile_fixed,FOODS_3_453_TX_2,328.78088015570574,328.78088015570574,0.0,0.0,1.0,1.0,0.0,4.215139489175715,12.0
pp_quantile_fixed,FOODS_3_453_WI_2,248.2882683726082,234.03298174948242,14.255286623125771,0.0,0.910904458605464,0.9615384615384616,0.038461538461538464,3.0004228429420823,32.0
pp_quantile_fixed,FOODS_3_454_CA_1,4451.988859767806,4451.988859767806,0.0,0.0,1.0,1.0,0.0,57.07678025343341,1.0
pp_quantile_fixed,FOODS_3_455_TX_1,4778.6733509475025,3396.8522858108913,1381.8210651366112,0.0,0.7277199871651998,0.7307692307692307,0.2692307692307692,43.54938827962681,1015.0
pp_quantile_fixed,FOODS_3_456_CA_4,358.6824082822854,351.73518917459864,6.947219107686742,0.0,0.953685205948755,0.9743589743589743,0.02564102564102564,4.509425502238444,30.0
pp_quantile_fixed,FOODS_3_457_TX_3,394.38965833850295,377.33854254070724,17.05111579779571,0.0,0.7726517893627239,0.9871794871794872,0.01282051282051282,4.83767362231676,15.0
pp_quantile_fixed,FOODS_3_458_TX_1,2502.178424333653,2136.1168958530257,366.06152848062726,0.0,0.8461926350921735,0.8461538461538461,0.15384615384615385,27.386114049397765,476.0
pp_quantile_fixed,FOODS_3_458_WI_1,2003.7947741986247,1775.4182277692253,228.37654642939947,0.0,0.8664464640763747,0.8076923076923077,0.19230769230769232,22.761772150887502,342.0
pp_quantile_fixed,FOODS_3_464_TX_2,526.2571508382453,495.79288871390884,30.46426212433638,0.0,0.8034563733913782,0.9230769230769231,0.07692307692307693,6.356319086075755,31.0
pp_quantile_fixed,FOODS_3_465_CA_3,620.6097518835148,604.190242502616,16.41950938089888,0.0,0.932981594363678,0.9615384615384616,0.038461538461538464,7.746028750033538,49.0
pp_quantile_fixed,FOODS_3_465_TX_2,549.9204276759319,549.9204276759319,0.0,0.0,1.0,1.0,0.0,7.050261893281179,27.0
pp_quantile_fixed,FOODS_3_465_WI_3,770.1021776042501,715.6544919925819,54.44768561166812,0.0,0.82436230447849,0.9230769230769231,0.07692307692307693,9.175057589648487,62.0
pp_quantile_fixed,FOODS_3_468_TX_2,1084.1547746598217,1066.1210311273517,18.033743532470048,0.0,0.9782725981536505,0.9871794871794872,0.01282051282051282,13.66821834778656,166.0
pp_quantile_fixed,FOODS_3_471_WI_3,780.028027341317,761.7258238351471,18.302203506169874,0.0,0.9186568733059117,0.9487179487179487,0.05128205128205128,9.765715690194193,45.0
pp_quantile_fixed,FOODS_3_472_CA_1,454.73716086871855,407.7543141931615,46.982846675557006,0.0,0.7590623247407333,0.8846153846153846,0.11538461538461539,5.22761941273284,39.0
pp_quantile_fixed,FOODS_3_474_CA_1,1671.7405038186707,1144.3917594362258,527.3487443824449,0.0,0.6651754003920984,0.7564102564102564,0.24358974358974358,14.671689223541357,315.0
pp_quantile_fixed,FOODS_3_476_TX_3,1694.0829449895741,1466.954688557183,227.12825643239103,0.0,0.8246113849942925,0.8205128205128205,0.1794871794871795,18.807111391758756,259.0
pp_quantile_fixed,FOODS_3_479_CA_3,1799.8494282418337,1647.6452565544373,152.20417168739633,0.0,0.8097447853907547,0.8589743589743589,0.14102564102564102,21.123657135313298,160.0
pp_quantile_fixed,FOODS_3_479_TX_2,1066.3201331420116,985.7306891159966,80.58944402601495,0.0,0.8586150104806755,0.8846153846153846,0.11538461538461539,12.637572937384572,114.0
pp_quantile_fixed,FOODS_3_479_TX_3,1017.9107458700705,965.4498644090224,52.46088146104803,0.0,0.8940184212908121,0.9230769230769231,0.07692307692307693,12.377562364218237,99.0
pp_quantile_fixed,FOODS_3_481_TX_2,441.7075476903802,434.53988184691895,7.167665843461242,0.0,0.9552020884783672,0.9871794871794872,0.01282051282051282,5.57102412624255,32.0
pp_quantile_fixed,FOODS_3_498_TX_1,4016.599485149331,3617.180083596505,399.4194015528261,0.0,0.7519134151845801,0.9743589743589743,0.02564102564102564,46.37410363585263,322.0
pp_quantile_fixed,FOODS_3_499_TX_1,4101.399487696486,3495.142900401737,606.2565872947492,0.0,0.8537378558999399,0.8589743589743589,0.14102564102564102,44.80952436412483,829.0
pp_quantile_fixed,FOODS_3_502_TX_2,1039.3796707175309,731.7804556221115,307.5992150954193,0.0,0.705646684119216,0.782051282051282,0.21794871794871795,9.381800713103994,209.0
pp_quantile_fixed,FOODS_3_511_CA_1,7582.890263876254,5967.1388546832495,1615.7514091930045,0.0,0.823607924760589,0.782051282051282,0.21794871794871795,76.50178018824678,1832.0
pp_quantile_fixed,FOODS_3_511_WI_2,5101.936725767955,3686.034415734461,1415.9023100334937,0.0,0.6141955558491844,0.6794871794871795,0.32051282051282054,47.256851483775144,734.0
pp_quantile_fixed,FOODS_3_512_CA_1,508.9984396600542,508.9984396600542,0.0,0.0,1.0,1.0,0.0,6.525621021282746,12.0
pp_quantile_fixed,FOODS_3_513_CA_1,743.222611468582,626.7709803598686,116.45163110871337,0.0,0.8299976188193965,0.8205128205128205,0.1794871794871795,8.035525389229084,137.0
pp_quantile_fixed,FOODS_3_514_CA_2,1300.6928626908953,1033.6758436561868,267.0170190347086,0.0,0.7583556388826168,0.7948717948717948,0.20512820512820512,13.252254405848548,221.0
pp_quantile_fixed,FOODS_3_515_CA_1,1739.088776073681,1479.6113552583167,259.4774208153642,0.0,0.7268658728259324,0.8076923076923077,0.19230769230769232,18.9693763494656,190.0
pp_quantile_fixed,FOODS_3_517_TX_1,469.3950552048311,469.3950552048311,0.0,0.0,1.0,1.0,0.0,6.01788532313886,17.0
pp_quantile_fixed,FOODS_3_517_TX_3,347.93640283408854,347.93640283408854,0.0,0.0,1.0,1.0,0.0,4.460723113257545,17.0
pp_quantile_fixed,FOODS_3_525_CA_4,914.0461276174098,845.273546664673,68.7725809527368,0.0,0.6473200976782728,0.9230769230769231,0.07692307692307693,10.836840341854781,39.0
pp_quantile_fixed,FOODS_3_531_CA_3,810.4968094951831,794.1226265225421,16.37418297264108,0.0,0.9425467264117856,0.9615384615384616,0.038461538461538464,10.181059314391565,57.0
pp_quantile_fixed,FOODS_3_532_TX_3,1199.3491184786376,1046.311069447309,153.0380490313286,0.0,0.7903588369433854,0.8333333333333334,0.16666666666666666,13.414244480093704,146.0
pp_quantile_fixed,FOODS_3_532_WI_1,2483.704932660018,2157.844474360995,325.8604582990234,0.0,0.8625061357388087,0.8461538461538461,0.15384615384615385,27.664672748217882,474.0
pp_quantile_fixed,FOODS_3_533_TX_3,993.4445320818218,945.7060247040941,47.73850737772758,0.0,0.913202713858677,0.9230769230769231,0.07692307692307693,12.124436214155054,110.0
pp_quantile_fixed,FOODS_3_533_WI_3,1539.940153901063,1466.338087794359,73.6020661067042,0.0,0.9191186086739515,0.9358974358974359,0.0641025641025641,18.799206253773832,182.0
pp_quantile_fixed,FOODS_3_538_WI_1,1284.8284416741715,1224.7604529710438,60.06798870312753,0.0,0.9209631727590427,0.9358974358974359,0.0641025641025641,15.702057089372357,152.0
pp_quantile_fixed,FOODS_3_544_TX_2,565.810590045839,538.1690974544707,27.641492591368344,0.0,0.9063000251140055,0.9487179487179487,0.05128205128205128,6.899603813518856,59.0
pp_quantile_fixed,FOODS_3_545_CA_2,777.5661182936669,745.4304007715617,32.13571752210523,0.0,0.843240402331194,0.9358974358974359,0.0641025641025641,9.556800009891816,41.0
pp_quantile_fixed,FOODS_3_546_CA_1,3000.64568228656,2489.925857870369,510.719824416191,0.0,0.6787925632602573,0.7692307692307693,0.23076923076923078,31.922126382953447,318.0
pp_quantile_fixed,FOODS_3_546_CA_3,2153.753629367002,1820.2196570771139,333.53397228988786,0.0,0.7861961716090463,0.8333333333333334,0.16666666666666666,23.33614944970659,312.0
pp_quantile_fixed,FOODS_3_550_TX_1,362.23607662283615,362.23607662283615,0.0,0.0,1.0,1.0,0.0,4.644052264395335,14.0
pp_quantile_fixed,FOODS_3_555_CA_3,9780.029254272282,7145.091885930955,2634.937368341327,0.0,0.7674371254773762,0.782051282051282,0.21794871794871795,91.60374212731993,2266.0
pp_quantile_fixed,FOODS_3_558_CA_4,546.0,546.0,0.0,0.0,1.0,1.0,0.0,7.0,0.0
pp_quantile_fixed,FOODS_3_563_WI_1,1451.414238547726,1451.414238547726,0.0,0.0,1.0,1.0,0.0,18.607874853175975,11.0
pp_quantile_fixed,FOODS_3_573_WI_2,2085.6488799997323,2042.3873403997245,43.26153960000802,0.0,0.943816182337652,0.9743589743589743,0.02564102564102564,26.18445308204775,154.0
pp_quantile_fixed,FOODS_3_575_CA_1,605.9555765376303,574.9586559942696,30.99692054336068,0.0,0.8807810748332282,0.9487179487179487,0.05128205128205128,7.371264820439355,52.0
pp_quantile_fixed,FOODS_3_575_WI_1,511.8999642950183,498.99919256982236,12.90077172519597,0.0,0.938567753689543,0.9743589743589743,0.02564102564102564,6.3974255457669535,42.0
pp_quantile_fixed,FOODS_3_575_WI_2,589.4367161513585,589.4367161513585,0.0,0.0,1.0,1.0,0.0,7.5568809762994675,40.0
pp_quantile_fixed,FOODS_3_578_WI_1,6978.896791158661,6978.896791158661,0.0,0.0,1.0,1.0,0.0,89.4730357840854,0.0
pp_quantile_fixed,FOODS_3_580_CA_1,4623.24063748734,4518.998583406489,104.2420540808503,0.0,0.9265901027599647,0.9487179487179487,0.05128205128205128,57.93587927444217,284.0
pp_quantile_fixed,FOODS_3_580_CA_3,6881.066223838238,6563.328323562474,317.7379002757647,0.0,0.888902832071411,0.8846153846153846,0.11538461538461539,84.14523491746762,572.0
pp_quantile_fixed,FOODS_3_582_CA_1,598.1017152494964,444.8824640665239,153.2192511829725,0.0,0.5356992388394772,0.8076923076923077,0.19230769230769232,5.703621334186203,66.0
pp_quantile_fixed,FOODS_3_585_WI_1,462.7025855161674,416.42546570255774,46.27711981360968,0.0,0.8148915207455613,0.9102564102564102,0.08974358974358974,5.338788021827663,50.0
pp_quantile_fixed,FOODS_3_588_WI_3,856.1444574744216,822.2187674916765,33.92568998274507,0.0,0.9254380439939669,0.9615384615384616,0.038461538461538464,10.541266249893289,91.0
pp_quantile_fixed,FOODS_3_596_WI_1,993.8981727740876,817.3229622303762,176.57521054371136,0.0,0.7778928169261492,0.7948717948717948,0.20512820512820512,10.478499515774054,159.0
pp_quantile_fixed,FOODS_3_599_TX_3,1207.5769793557658,1207.5769793557658,0.0,0.0,1.0,1.0,0.0,15.481756145586742,2.0
pp_quantile_fixed,FOODS_3_605_WI_3,1024.2947850604432,994.2947850604432,30.0,0.0,0.8421052631578947,0.9487179487179487,0.05128205128205128,12.747369039236451,38.0
pp_quantile_fixed,FOODS_3_606_TX_3,671.1240606654277,582.3860942687272,88.73796639670049,0.0,0.7269601033947678,0.8589743589743589,0.14102564102564102,7.466488388060605,65.0
pp_quantile_fixed,FOODS_3_608_CA_3,995.398156170011,957.6013483344541,37.796807835556905,0.0,0.8517772241742867,0.9358974358974359,0.0641025641025641,12.276940363262232,51.0
pp_quantile_fixed,FOODS_3_610_TX_1,593.711862727657,593.711862727657,0.0,0.0,1.0,1.0,0.0,7.611690547790475,16.0
pp_quantile_fixed,FOODS_3_615_CA_4,803.7320609938577,718.794811500893,84.93724949296461,0.0,0.8192824478873094,0.8717948717948718,0.1282051282051282,9.215318096165296,94.0
pp_quantile_fixed,FOODS_3_618_WI_3,2212.3472103787553,1855.5077326936387,356.8394776851169,0.0,0.5921834540741522,0.9102564102564102,0.08974358974358974,23.78856067555947,175.0
pp_quantile_fixed,FOODS_3_625_TX_1,650.4550093086441,650.4550093086441,0.0,0.0,1.0,1.0,0.0,8.339166786008258,4.0
pp_quantile_fixed,FOODS_3_626_WI_1,418.3743277874464,418.3743277874464,0.0,0.0,1.0,1.0,0.0,5.36377343317239,19.0
pp_quantile_fixed,FOODS_3_626_WI_2,711.8500973601698,688.2430793263313,23.607018033838468,0.0,0.7639298196616153,0.9615384615384616,0.038461538461538464,8.823629222132453,20.0
pp_quantile_fixed,FOODS_3_628_WI_1,2448.1450853410574,2050.085395031723,398.05969030933454,0.0,0.7594805496620335,0.8076923076923077,0.19230769230769232,26.283146090150293,331.0
pp_quantile_fixed,FOODS_3_633_WI_1,850.9179982113109,829.1316366543114,21.786361556999516,0.0,0.9319176201343765,0.9487179487179487,0.05128205128205128,10.629892777619377,64.0
pp_quantile_fixed,FOODS_3_634_CA_4,1880.436035161929,1624.6526014487647,255.7834337131644,0.0,0.7746401465082252,0.782051282051282,0.21794871794871795,20.828879505753395,227.0
pp_quantile_fixed,FOODS_3_638_TX_3,751.5053727016659,720.5671913191005,30.938181382565393,0.0,0.8810069946824408,0.9230769230769231,0.07692307692307693,9.238040914347442,52.0
pp_quantile_fixed,FOODS_3_640_WI_2,1102.483784209514,1088.722638556467,13.761145653046967,0.0,0.9664362301145196,0.9743589743589743,0.02564102564102564,13.957982545595732,82.0
pp_quantile_fixed,FOODS_3_642_TX_3,836.4104291650236,807.0377488534969,29.372680311526736,0.0,0.8969379638192044,0.9743589743589743,0.02564102564102564,10.346637805814062,57.0
pp_quantile_fixed,FOODS_3_644_WI_2,708.3651655362884,708.3651655362884,0.0,0.0,1.0,1.0,0.0,9.081604686362672,10.0
pp_quantile_fixed,FOODS_3_646_CA_2,1350.6213074476864,1248.799811585289,101.82149586239738,0.0,0.6605950137920087,0.8717948717948718,0.1282051282051282,16.010253994683193,60.0
pp_quantile_fixed,FOODS_3_646_WI_3,1353.0890357278017,1254.5182154896504,98.57082023815141,0.0,0.773400413245629,0.8717948717948718,0.1282051282051282,16.083566865251928,87.0
pp_quantile_fixed,FOODS_3_651_CA_2,1388.7540695113955,1215.5322675215434,173.22180198985217,0.0,0.8805366882828606,0.8717948717948718,0.1282051282051282,15.583747019506967,290.0
pp_quantile_fixed,FOODS_3_657_CA_4,747.811875013345,721.8878617477533,25.924013265591725,0.0,0.8919832780600344,0.9358974358974359,0.0641025641025641,9.254972586509657,48.0
pp_quantile_fixed,FOODS_3_658_WI_1,726.8079702594652,644.1451730285663,82.66279723089887,0.0,0.7795658740509364,0.8846153846153846,0.11538461538461539,8.258271449084184,75.0
pp_quantile_fixed,FOODS_3_658_WI_3,550.6690817482405,550.6690817482405,0.0,0.0,1.0,1.0,0.0,7.05986002241334,38.0
pp_quantile_fixed,FOODS_3_662_WI_2,598.6331767717083,598.6331767717083,0.0,0.0,1.0,1.0,0.0,7.674784317586004,11.0
pp_quantile_fixed,FOODS_3_663_CA_1,3276.0,3276.0,0.0,0.0,1.0,1.0,0.0,42.0,0.0
pp_quantile_fixed,FOODS_3_663_TX_2,922.7731608322467,820.5395752978146,102.23358553443205,0.0,0.7565867011084951,0.8333333333333334,0.16666666666666666,10.519738144843776,84.0
pp_quantile_fixed,FOODS_3_667_TX_3,259.2688774161278,248.40956775998222,10.85930965614557,0.0,0.8329336975977605,0.9615384615384616,0.038461538461538464,3.1847380482049004,13.0
pp_quantile_fixed,FOODS_3_668_WI_3,3645.1718948044445,2952.4927900211915,692.6791047832528,0.0,0.8091793099770654,0.8205128205128205,0.1794871794871795,37.85247166693835,726.0
pp_quantile_fixed,FOODS_3_669_TX_1,1902.0996317223871,1764.2820910112737,137.81754071111354,0.0,0.8424942391872988,0.8974358974358975,0.10256410256410256,22.619001166811202,175.0
pp_quantile_fixed,FOODS_3_670_CA_4,621.3553595255279,616.2499653915966,5.105394133931331,0.0,0.9513771987244636,0.9743589743589743,0.02564102564102564,7.900640581943546,21.0
pp_quantile_fixed,FOODS_3_672_TX_2,4591.633567468814,3379.8043204437504,1211.8292470250638,0.0,0.6947533382808403,0.6794871794871795,0.32051282051282054,43.330824621073724,794.0
pp_quantile_fixed,FOODS_3_677_WI_2,694.0964837812974,690.3569763929864,3.739507388310912,0.0,0.9901591910833923,0.9743589743589743,0.02564102564102564,8.85073046657675,76.0
pp_quantile_fixed,FOODS_3_691_WI_1,640.8533553453227,627.3889019523289,13.464453392993878,0.0,0.9131325587548782,0.9615384615384616,0.038461538461538464,8.043447460927293,31.0
pp_quantile_fixed,FOODS_3_693_WI_2,498.44816420479316,498.44816420479316,0.0,0.0,1.0,1.0,0.0,6.39036107954863,7.0
pp_quantile_fixed,FOODS_3_694_WI_3,15102.126765007179,11282.182669255366,3819.944095751813,0.0,0.7862968338040943,0.7948717948717948,0.20512820512820512,144.64336755455597,3575.0
pp_quantile_fixed,FOODS_3_705_TX_2,693.0559632967677,679.3073692241296,13.748594072638118,0.0,0.9414953443717526,0.9871794871794872,0.01282051282051282,8.70906883620679,47.0
pp_quantile_fixed,FOODS_3_711_CA_3,8453.768647243529,7145.039430326464,1308.7292169170648,0.0,0.7535349873979162,0.7564102564102564,0.24358974358974358,91.60306961957005,1062.0
pp_quantile_fixed,FOODS_3_712_CA_3,1279.1347449137554,1017.4321758136509,261.7025691001045,0.0,0.6846956998793922,0.8076923076923077,0.19230769230769232,13.044002254021166,166.0
pp_quantile_fixed,FOODS_3_718_TX_1,990.5900540278565,990.5900540278565,0.0,0.0,1.0,1.0,0.0,12.699872487536622,6.0
pp_quantile_fixed,FOODS_3_723_WI_3,9867.568580591174,7497.877462084142,2369.6911185070317,0.0,0.8002788774962467,0.7564102564102564,0.24358974358974358,96.12663412928387,2373.0
pp_quantile_fixed,FOODS_3_727_WI_3,1955.1900663574152,1631.0460647123923,324.1440016450228,0.0,0.7756788915951399,0.7692307692307693,0.23076923076923078,20.91084698349221,289.0
pp_quantile_fixed,FOODS_3_730_CA_3,831.8742493190491,791.5462614878163,40.3279878312328,0.0,0.918529317512661,0.9615384615384616,0.038461538461538464,10.148028993433542,99.0
pp_quantile_fixed,FOODS_3_734_TX_1,3612.2281513784933,3500.8149446138705,111.41320676462264,0.0,0.9567327352370398,0.9102564102564102,0.08974358974358974,44.88224287966501,515.0
pp_quantile_fixed,FOODS_3_735_CA_4,417.37143005813937,406.44335439552475,10.92807566261464,0.0,0.9219423166956098,0.9743589743589743,0.02564102564102564,5.210812235840061,28.0
pp_quantile_fixed,FOODS_3_745_TX_3,825.6488706192691,825.6488706192691,0.0,0.0,1.0,1.0,0.0,10.58524193101627,0.0
pp_quantile_fixed,FOODS_3_746_CA_4,946.2500320820795,760.7718980244293,185.47813405765018,0.0,0.7778704981345508,0.782051282051282,0.21794871794871795,9.753485872108069,167.0
pp_quantile_fixed,FOODS_3_749_CA_1,2094.8402347222545,2040.2889625851483,54.55127213710616,0.0,0.8463344446842079,0.9743589743589743,0.02564102564102564,26.157550802373695,71.0
pp_quantile_fixed,FOODS_3_750_CA_2,1690.0,1485.0,205.0,0.0,0.39705882352941174,0.8205128205128205,0.1794871794871795,19.03846153846154,68.0
pp_quantile_fixed,FOODS_3_753_TX_2,1460.2836361216937,1284.227914484262,176.05572163743147,0.0,0.8298978534904043,0.8717948717948718,0.1282051282051282,16.464460442105924,207.0
pp_quantile_fixed,FOODS_3_755_TX_3,1354.5481456910584,1290.4673345664485,64.08081112461,0.0,0.8767676709142116,0.9487179487179487,0.05128205128205128,16.54445300726216,104.0
pp_quantile_fixed,FOODS_3_756_WI_3,3204.2106222811735,2769.4778393461,434.7327829350732,0.0,0.831498921342995,0.8076923076923077,0.19230769230769232,35.50612614546282,516.0
pp_quantile_fixed,FOODS_3_757_CA_3,9621.0,9076.0,545.0,0.0,0.6279863481228669,0.8846153846153846,0.11538461538461539,116.35897435897436,293.0
pp_quantile_fixed,FOODS_3_763_TX_2,245.38047427226866,245.12031842917418,0.2601558430944939,0.0,0.99479688313811,0.9871794871794872,0.01282051282051282,3.1425681849894125,10.0
pp_quantile_fixed,FOODS_3_766_TX_3,349.35450362897376,349.35450362897376,0.0,0.0,1.0,1.0,0.0,4.478903892679151,17.0
pp_quantile_fixed,FOODS_3_768_CA_2,1046.342757885564,778.9286711005237,267.4140867850401,0.0,0.6738852600182437,0.7051282051282052,0.2948717948717949,9.986265014109279,164.0
pp_quantile_fixed,FOODS_3_770_WI_3,724.8097969229764,724.8097969229764,0.0,0.0,1.0,1.0,0.0,9.292433293884313,47.0
pp_quantile_fixed,FOODS_3_774_WI_2,619.0314353870283,568.6649877366054,50.36644765042283,0.0,0.7944226626513354,0.8974358974358975,0.10256410256410256,7.290576765853916,49.0
pp_quantile_fixed,FOODS_3_779_CA_1,691.8219976613202,691.8219976613202,0.0,0.0,1.0,1.0,0.0,8.869512790529747,27.0
pp_quantile_fixed,FOODS_3_783_CA_1,1823.5066985191984,1526.5491789914518,296.9575195277467,0.0,0.817817472682364,0.8205128205128205,0.1794871794871795,19.571143320403227,326.0
pp_quantile_fixed,FOODS_3_783_TX_3,6171.59999999999,6171.59999999999,0.0,0.0,1.0,1.0,0.0,79.1230769230768,96.0
pp_quantile_fixed,FOODS_3_786_CA_2,588.3303036752354,465.4511803160144,122.87912335922096,0.0,0.6538616243402225,0.8333333333333334,0.16666666666666666,5.967322824564287,71.0
pp_quantile_fixed,FOODS_3_788_WI_2,1694.0580369843547,1576.5537141901457,117.50432279420909,0.0,0.8412103746024202,0.8589743589743589,0.14102564102564102,20.21222710500187,148.0
pp_quantile_fixed,FOODS_3_791_CA_4,661.4716410313863,648.1782985727443,13.293342458641924,0.0,0.9498364435522946,0.9743589743589743,0.02564102564102564,8.309978186830055,53.0
pp_quantile_fixed,FOODS_3_791_WI_2,1376.9831231079334,1376.9831231079334,0.0,0.0,1.0,1.0,0.0,17.653629783435044,37.0
pp_quantile_fixed,FOODS_3_792_CA_1,1245.4527345526105,1117.4112905541601,128.04144399845035,0.0,0.840942305591987,0.8846153846153846,0.11538461538461539,14.325785776335387,161.0
pp_quantile_fixed,FOODS_3_793_WI_1,1352.9037133558963,1284.3262319435905,68.57748141230587,0.0,0.938495532365645,0.9230769230769231,0.07692307692307693,16.465720922353725,223.0
pp_quantile_fixed,FOODS_3_795_WI_2,1903.4050138427992,1729.5565090462587,173.8485047965404,0.0,0.8758224965738998,0.8589743589743589,0.14102564102564102,22.173801398028957,280.0
pp_quantile_fixed,FOODS_3_799_TX_1,313.1207968004454,313.1207968004454,0.0,0.0,1.0,1.0,0.0,4.0143691897493,6.0
pp_quantile_fixed,FOODS_3_802_WI_3,555.482165384114,547.294802496812,8.187362887301912,0.0,0.9454175807513205,0.9743589743589743,0.02564102564102564,7.016600032010411,30.0
pp_quantile_fixed,FOODS_3_805_TX_1,1028.6003131467014,959.9254075342909,68.67490561241041,0.0,0.885541823979316,0.8974358974358975,0.10256410256410256,12.30673599402937,120.0
pp_quantile_fixed,FOODS_3_806_CA_1,744.9370145275554,744.9370145275554,0.0,0.0,1.0,1.0,0.0,9.55047454522507,21.0
pp_quantile_fixed,FOODS_3_806_CA_4,552.3146142087388,552.3146142087388,0.0,0.0,1.0,1.0,0.0,7.080956592419729,10.0
pp_quantile_fixed,FOODS_3_809_CA_1,1193.9575100630063,932.1087161855905,261.84879387741586,0.0,0.7169202228352263,0.8333333333333334,0.16666666666666666,11.95011174596911,185.0
pp_quantile_fixed,FOODS_3_810_WI_2,1303.3327698615396,1278.197517810616,25.135252050923587,0.0,0.8907162954307671,0.9487179487179487,0.05128205128205128,16.387147664238668,46.0
pp_quantile_fixed,FOODS_3_813_TX_1,388.48027350232536,352.67794401664463,35.80232948568071,0.0,0.7347975593653281,0.9102564102564102,0.08974358974358974,4.521512102777495,27.0
pp_quantile_fixed,FOODS_3_814_CA_3,1166.494891896665,992.492978878542,174.00191301812302,0.0,0.83024203607988,0.8333333333333334,0.16666666666666666,12.724268959981307,205.0
pp_quantile_fixed,FOODS_3_818_CA_3,2736.3644099035923,2544.057360655866,192.3070492477263,0.0,0.903605489098884,0.9102564102564102,0.08974358974358974,32.61612000840854,399.0
pp_quantile_fixed,FOODS_3_821_TX_2,452.1644850860684,450.6714351905569,1.4930498955115112,0.0,0.9942575004018788,0.9871794871794872,0.01282051282051282,5.777838912699448,52.0
pp_quantile_fixed,FOODS_3_824_TX_3,94.13611980838984,75.1786689995319,18.95745080885794,0.0,0.24170196764568247,0.9615384615384616,0.038461538461538464,0.9638290897375884,5.0
pp_quantile_fixed,HOBBIES_1_004_WI_3,1682.4361229378692,1677.9259449350986,4.510178002770502,0.0,0.9932683910406411,0.9871794871794872,0.01282051282051282,21.511871088911523,134.0
pp_quantile_fixed,HOBBIES_1_005_WI_1,527.3762009873574,477.31230210054076,50.063898886816574,0.0,0.8435503159786981,0.9102564102564102,0.08974358974358974,6.119388488468472,64.0
pp_quantile_fixed,HOBBIES_1_009_CA_1,1118.4785342852294,1118.4785342852294,0.0,0.0,1.0,1.0,0.0,14.339468388272172,28.0
pp_quantile_fixed,HOBBIES_1_009_CA_4,1821.6572934486387,1821.6572934486387,0.0,0.0,1.0,1.0,0.0,23.354580685238957,136.0
pp_quantile_fixed,HOBBIES_1_010_CA_3,469.0611801062223,417.7596588540268,51.30152125219554,0.0,0.7947939149912179,0.9102564102564102,0.08974358974358974,5.355893062231113,50.0
pp_quantile_fixed,HOBBIES_1_012_TX_2,205.4148355294652,198.89198000799584,6.5228555214693635,0.0,0.9347714447853065,0.9615384615384616,0.038461538461538464,2.5498971795896903,20.0
pp_quantile_fixed,HOBBIES_1_023_CA_3,756.5044490090365,538.4779939655781,218.02645504345844,0.0,0.6885336356522022,0.8076923076923077,0.19230769230769232,6.903564025199719,140.0
pp_quantile_fixed,HOBBIES_1_026_CA_4,475.6951273578268,452.4759897068946,23.219137650932186,0.0,0.9212910588103993,0.9230769230769231,0.07692307692307693,5.800974227011469,59.0
pp_quantile_fixed,HOBBIES_1_027_CA_1,380.980329610724,372.9739667960948,8.006362814629195,0.0,0.9529037481492402,0.9743589743589743,0.02564102564102564,4.781717523026857,34.0
pp_quantile_fixed,HOBBIES_1_028_WI_3,238.77808226881618,230.5624754030961,8.215606865720083,0.0,0.9342751450742394,0.9743589743589743,0.02564102564102564,2.9559291718345655,25.0
pp_quantile_fixed,HOBBIES_1_029_WI_3,245.96008159556482,239.47185253470812,6.488229060856687,0.0,0.9134902791885776,0.9615384615384616,0.038461538461538464,3.070151955573181,15.0
pp_quantile_fixed,HOBBIES_1_030_WI_2,1225.0914331845306,1173.9032980583083,51.18813512622218,0.0,0.8862485886083952,0.9358974358974359,0.0641025641025641,15.050042282798826,90.0
pp_quantile_fixed,HOBBIES_1_032_CA_2,4425.690745013233,3847.3276560084014,578.3630890048316,0.0,0.7919557233795569,0.8205128205128205,0.1794871794871795,49.32471353856925,556.0
pp_quantile_fixed,HOBBIES_1_043_TX_2,1078.2835740874493,1065.6572310697816,12.626343017667843,0.0,0.970636411586819,0.9871794871794872,0.01282051282051282,13.662272193202329,86.0
pp_quantile_fixed,HOBBIES_1_043_WI_3,2110.694012783193,1888.9299437252396,221.7640690579533,0.0,0.7628191774781248,0.8589743589743589,0.14102564102564102,24.217050560579995,187.0
pp_quantile_fixed,HOBBIES_1_045_CA_4,559.3086818348836,537.0695344596045,22.239147375279078,0.0,0.6822978946388704,0.9743589743589743,0.02564102564102564,6.885506852046212,14.0
pp_quantile_fixed,HOBBIES_1_050_TX_3,241.69591064011274,183.4654082100848,58.23050243002794,0.0,0.7227118931903431,0.8846153846153846,0.11538461538461539,2.3521206180780103,42.0
pp_quantile_fixed,HOBBIES_1_054_CA_4,135.03835232597189,134.174598696156,0.8637536298158865,0.0,0.9867114826182172,0.9871794871794872,0.01282051282051282,1.7201871627712308,13.0
pp_quantile_fixed,HOBBIES_1_057_WI_1,567.5853004457963,554.6310763936535,12.95422405214282,0.0,0.9618993410231094,0.9743589743589743,0.02564102564102564,7.110654825559661,68.0
pp_quantile_fixed,HOBBIES_1_061_CA_4,258.7824832582506,250.5872567257715,8.195226532479062,0.0,0.8360954693504187,0.9871794871794872,0.01282051282051282,3.212657137509891,10.0
pp_quantile_fixed,HOBBIES_1_065_CA_4,171.54094064716276,171.54094064716276,0.0,0.0,1.0,1.0,0.0,2.199242828809779,7.0
pp_quantile_fixed,HOBBIES_1_070_WI_2,198.43894491910098,192.96850770883697,5.470437210264009,0.0,0.8905912557947199,0.9743589743589743,0.02564102564102564,2.473955227036371,10.0
pp_quantile_fixed,HOBBIES_1_073_CA_2,453.92494385022144,353.33700264539334,100.58794120482813,0.0,0.6470598554216557,0.8461538461538461,0.15384615384615385,4.529961572376838,57.0
pp_quantile_fixed,HOBBIES_1_074_TX_2,509.6916419220536,472.7729624970141,36.9186794250395,0.0,0.8929893349998856,0.9358974358974359,0.0641025641025641,6.061191826884796,69.0
pp_quantile_fixed,HOBBIES_1_086_CA_3,769.2033569958644,624.9972207511964,144.206136244668,0.0,0.7401691238834811,0.7692307692307693,0.23076923076923078,8.012784881425596,111.0
pp_quantile_fixed,HOBBIES_1_092_CA_3,320.4577615397195,312.0237475268306,8.43401401288887,0.0,0.9488847635582492,0.9743589743589743,0.02564102564102564,4.000304455472188,33.0
pp_quantile_fixed,HOBBIES_1_092_TX_1,479.8033649777281,430.6815341805822,49.121830797145876,0.0,0.6612287531231319,0.8846153846153846,0.11538461538461539,5.521558130520285,29.0
pp_quantile_fixed,HOBBIES_1_103_CA_2,2488.147232853856,2143.2096857011843,344.9375471526718,0.0,0.8023280532076379,0.8461538461538461,0.15384615384615385,27.477047252579286,349.0
pp_quantile_fixed,HOBBIES_1_106_TX_3,559.4804284377703,541.6394067637772,17.841021673993218,0.0,0.884896634361334,0.9487179487179487,0.05128205128205128,6.944094958509964,31.0
pp_quantile_fixed,HOBBIES_1_106_WI_3,259.8119698100362,259.8119698100362,0.0,0.0,1.0,1.0,0.0,3.330922689872259,11.0
pp_quantile_fixed,HOBBIES_1_107_WI_2,556.5265713734557,537.510569763169,19.016001610286732,0.0,0.9239359935588531,0.9487179487179487,0.05128205128205128,6.891161150809858,50.0
pp_quantile_fixed,HOBBIES_1_108_CA_3,497.6774129790738,421.2988792272137,76.37853375186003,0.0,0.7649891269173538,0.8717948717948718,0.1282051282051282,5.401267682400176,65.0
pp_quantile_fixed,HOBBIES_1_109_CA_3,586.9238052871428,551.6268056970396,35.29699959010329,0.0,0.7923705906464512,0.9230769230769231,0.07692307692307693,7.07213853457743,34.0
pp_quantile_fixed,HOBBIES_1_110_CA_3,445.0019041222874,429.7076079162167,15.294296206070657,0.0,0.8543400361326605,0.9743589743589743,0.02564102564102564,5.509071896361752,21.0
pp_quantile_fixed,HOBBIES_1_110_WI_3,190.33554453495614,179.325472332725,11.01007220223112,0.0,0.8164987966294813,0.9871794871794872,0.01282051282051282,2.299044517086218,12.0
pp_quantile_fixed,HOBBIES_1_113_TX_2,628.7557096858652,615.3044742173483,13.451235468516881,0.0,0.8718929955379344,0.9743589743589743,0.02564102564102564,7.888518900222414,21.0
pp_quantile_fixed,HOBBIES_1_116_CA_1,402.29081668781953,346.8409835035439,55.449833184275626,0.0,0.7736741502682628,0.8974358974358975,0.10256410256410256,4.44667927568646,49.0
pp_quantile_fixed,HOBBIES_1_116_WI_3,192.0035316730271,179.37925924033797,12.624272432689141,0.0,0.7704677739511065,0.9743589743589743,0.02564102564102564,2.299734092824846,11.0
pp_quantile_fixed,HOBBIES_1_117_CA_1,291.1513740915892,269.89093170678655,21.260442384802655,0.0,0.7762058696336561,0.9230769230769231,0.07692307692307693,3.460140150087007,19.0
pp_quantile_fixed,HOBBIES_1_122_WI_3,402.92822324183777,402.92822324183777,0.0,0.0,1.0,1.0,0.0,5.165746451818433,8.0
pp_quantile_fixed,HOBBIES_1_124_TX_3,323.78491226338593,318.02198426507556,5.76292799831037,0.0,0.9556697846283817,0.9871794871794872,0.01282051282051282,4.077204926475328,26.0
pp_quantile_fixed,HOBBIES_1_133_WI_1,390.0,390.0,0.0,0.0,1.0,1.0,0.0,5.0,0.0
pp_quantile_fixed,HOBBIES_1_134_CA_4,1698.5511025758171,1510.4684201541847,188.0826824216324,0.0,0.8350151908582172,0.8589743589743589,0.14102564102564102,19.364979745566473,228.0
pp_quantile_fixed,HOBBIES_1_135_WI_1,462.865868444728,448.01310371631104,14.852764728416936,0.0,0.9417538638101297,0.9487179487179487,0.05128205128205128,5.743757739952706,51.0
pp_quantile_fixed,HOBBIES_1_137_TX_1,489.2031031294712,412.87518575432705,76.32791737514415,0.0,0.6819670109368995,0.8333333333333334,0.16666666666666666,5.293271612234962,48.0
pp_quantile_fixed,HOBBIES_1_143_WI_1,211.06739072866986,183.5222100418444,27.545180686825464,0.0,0.7495892664834048,0.9358974358974359,0.0641025641025641,2.352848846690313,22.0
pp_quantile_fixed,HOBBIES_1_151_TX_1,330.0000309708188,290.4858263454952,39.51420462532358,0.0,0.8508897938667035,0.9102564102564102,0.08974358974358974,3.724177260839682,53.0
pp_quantile_fixed,HOBBIES_1_152_CA_1,746.9086291931116,694.3672515490529,52.54137764405864,0.0,0.8498817781598325,0.9230769230769231,0.07692307692307693,8.902144250628883,70.0
pp_quantile_fixed,HOBBIES_1_152_CA_3,579.0843929665525,542.9425744805775,36.141818485974966,0.0,0.8887944046585385,0.8974358974358975,0.10256410256410256,6.960802236930481,65.0
pp_quantile_fixed,HOBBIES_1_155_CA_2,593.4640178295673,489.2606541305995,104.20336369896776,0.0,0.8088011675248299,0.8717948717948718,0.1282051282051282,6.2725724888538394,109.0
pp_quantile_fixed,HOBBIES_1_162_TX_1,247.40547573910035,247.40547573910035,0.0,0.0,1.0,1.0,0.0,3.1718650735782097,6.0
pp_quantile_fixed,HOBBIES_1_162_TX_2,303.20048244103964,292.1264995436817,11.073982897357947,0.0,0.9148155161741697,0.9487179487179487,0.05128205128205128,3.745211532611304,26.0
pp_quantile_fixed,HOBBIES_1_170_TX_2,221.4343126040405,209.5159877452249,11.918324858815634,0.0,0.8297382163026338,0.9487179487179487,0.05128205128205128,2.6861024069900625,14.0
pp_quantile_fixed,HOBBIES_1_173_CA_4,205.19970520700437,204.68279276947936,0.5169124375250211,0.0,0.9948308756247497,0.9871794871794872,0.01282051282051282,2.624138368839479,20.0
pp_quantile_fixed,HOBBIES_1_175_WI_1,262.26710052385806,262.26710052385806,0.0,0.0,1.0,1.0,0.0,3.362398724664847,12.0
pp_quantile_fixed,HOBBIES_1_176_TX_3,343.57232041523184,279.76199360908316,63.810326806148694,0.0,0.7592063139390615,0.8461538461538461,0.15384615384615385,3.5866922257574765,53.0
pp_quantile_fixed,HOBBIES_1_184_CA_1,323.6761436725613,323.6761436725613,0.0,0.0,1.0,1.0,0.0,4.149694149648222,10.0
pp_quantile_fixed,HOBBIES_1_186_TX_1,174.4432572731561,171.28938870126595,3.153868571890135,0.0,0.9474355238018312,0.9871794871794872,0.01282051282051282,2.196017803862384,12.0
pp_quantile_fixed,HOBBIES_1_187_CA_2,233.7729788312115,224.5426168853611,9.230361945850415,0.0,0.9160876186740872,0.9615384615384616,0.038461538461538464,2.8787514985302707,22.0
pp_quantile_fixed,HOBBIES_1_190_TX_2,232.7077986245444,225.33630931373926,7.371489310805139,0.0,0.8659729216217248,0.9743589743589743,0.02564102564102564,2.8889270424838367,11.0
pp_quantile_fixed,HOBBIES_1_194_TX_3,866.6264561366547,770.5002264481732,96.12622968848154,0.0,0.8370741869686753,0.8717948717948718,0.1282051282051282,9.878208031386835,118.0
pp_quantile_fixed,HOBBIES_1_200_CA_4,472.32191592315,416.90018974961305,55.42172617353696,0.0,0.7783130953058521,0.8974358974358975,0.10256410256410256,5.344874227559141,50.0
pp_quantile_fixed,HOBBIES_1_209_CA_3,3590.6769042885726,2965.9689689110924,624.7079353774803,0.0,0.742918545112148,0.8076923076923077,0.19230769230769232,38.02524319116785,486.0
pp_quantile_fixed,HOBBIES_1_212_CA_2,285.10054949976944,285.10054949976944,0.0,0.0,1.0,1.0,0.0,3.655135249997044,6.0
pp_quantile_fixed,HOBBIES_1_232_WI_3,1480.0741342898957,1472.9022118266312,7.1719224632646394,0.0,0.9701169897363974,0.9871794871794872,0.01282051282051282,18.883361690085014,48.0
pp_quantile_fixed,HOBBIES_1_239_TX_1,352.4693635404152,346.01808402849633,6.451279511918866,0.0,0.9193590061010142,0.9871794871794872,0.01282051282051282,4.43612928241662,16.0
pp_quantile_fixed,HOBBIES_1_240_CA_2,674.9252598536386,556.9849768534166,117.94028300022202,0.0,0.7709897417471417,0.8076923076923077,0.19230769230769232,7.140833036582264,103.0
pp_quantile_fixed,HOBBIES_1_242_TX_3,539.1581226707046,516.3948521448596,22.763270525845087,0.0,0.8941243231356044,0.9487179487179487,0.05128205128205128,6.620446822369995,43.0
pp_quantile_fixed,HOBBIES_1_245_TX_1,77.8974214219753,65.2979283004137,12.599493121561597,0.0,0.7480101375687681,0.9615384615384616,0.038461538461538464,0.8371529269283808,10.0
pp_quantile_fixed,HOBBIES_1_245_WI_1,342.5466952814612,320.31250696946313,22.234188311998082,0.0,0.861036323050012,0.9358974358974359,0.0641025641025641,4.106570602172604,32.0
pp_quantile_fixed,HOBBIES_1_252_TX_1,873.0181535820045,839.4435829067355,33.574570675269,0.0,0.8800908190168963,0.9743589743589743,0.02564102564102564,10.76209721675302,56.0
pp_quantile_fixed,HOBBIES_1_257_CA_2,377.8917371585862,370.2018018598931,7.689935298693054,0.0,0.9190533126453362,0.9743589743589743,0.02564102564102564,4.7461769469217066,19.0
pp_quantile_fixed,HOBBIES_1_261_WI_3,1680.548222243332,1338.6006559484197,341.94756629491224,0.0,0.6179356801174165,0.9230769230769231,0.07692307692307693,17.161546871133584,179.0
pp_quantile_fixed,HOBBIES_1_264_TX_2,369.2047602419642,349.11707177995373,20.08768846201049,0.0,0.8818371266940559,0.9358974358974359,0.0641025641025641,4.475859894614792,34.0
pp_quantile_fixed,HOBBIES_1_267_CA_3,290.07391188957797,285.29965383480703,4.774258054770919,0.0,0.9317963135032726,0.9871794871794872,0.01282051282051282,3.657687869677013,14.0
pp_quantile_fixed,HOBBIES_1_267_WI_2,189.92433064501785,189.2131843168889,0.7111463281289376,0.0,0.976295122395702,0.9871794871794872,0.01282051282051282,2.4258100553447295,6.0
pp_quantile_fixed,HOBBIES_1_277_CA_1,1030.0,1025.0,5.0,0.0,0.9411764705882353,0.9871794871794872,0.01282051282051282,13.14102564102564,17.0
pp_quantile_fixed,HOBBIES_1_279_CA_4,573.4796686584355,567.5700883700847,5.909580288350735,0.0,0.9772708450448048,0.9743589743589743,0.02564102564102564,7.276539594488265,52.0
pp_quantile_fixed,HOBBIES_1_279_TX_3,616.8172471277876,595.5228372883804,21.29440983940718,0.0,0.9400157469312473,0.9358974358974359,0.0641025641025641,7.634908170363851,71.0
pp_quantile_fixed,HOBBIES_1_285_CA_4,211.38640918981798,211.38640918981798,0.0,0.0,1.0,1.0,0.0,2.7100821691002306,8.0
pp_quantile_fixed,HOBBIES_1_287_WI_1,458.3135096007533,453.1729930679982,5.140516532755104,0.0,0.9729446498276048,0.9743589743589743,0.02564102564102564,5.809910167538439,38.0
pp_quantile_fixed,HOBBIES_1_289_WI_1,471.68291114418446,389.97640930264475,81.70650184153968,0.0,0.7364306392208397,0.8974358974358975,0.10256410256410256,4.999697555162112,62.0
pp_quantile_fixed,HOBBIES_1_290_CA_4,245.5381549506716,245.5381549506716,0.0,0.0,1.0,1.0,0.0,3.147925063470149,3.0
pp_quantile_fixed,HOBBIES_1_296_CA_1,394.77912575221035,358.40666012142435,36.37246563078597,0.0,0.7979307464956334,0.9102564102564102,0.08974358974358974,4.594957181043902,36.0
pp_quantile_fixed,HOBBIES_1_297_CA_1,847.7135212204965,696.7143974134684,150.99912380702813,0.0,0.8284100865829225,0.8589743589743589,0.14102564102564102,8.932235864275237,176.0
pp_quantile_fixed,HOBBIES_1_306_CA_4,507.177852094037,468.0358457759782,39.14200631805879,0.0,0.8179441566601916,0.9487179487179487,0.05128205128205128,6.00045956123049,43.0
pp_quantile_fixed,HOBBIES_1_306_WI_3,176.36748573001208,175.78214215306517,0.5853435769469195,0.0,0.9931136049770951,0.9871794871794872,0.01282051282051282,2.253617207090579,17.0
pp_quantile_fixed,HOBBIES_1_309_WI_1,280.80743513076715,246.20521990772096,34.60221522304617,0.0,0.5674723097119229,0.9358974358974359,0.0641025641025641,3.156477178304115,16.0
pp_quantile_fixed,HOBBIES_1_312_TX_3,872.3979537536926,853.4827335914786,18.91522016221403,0.0,0.9481774790076328,0.9871794871794872,0.01282051282051282,10.942086328095879,73.0
pp_quantile_fixed,HOBBIES_1_319_TX_1,1475.0236407958178,1381.3571634385435,93.6664773572744,0.0,0.8612348483595935,0.8974358974358975,0.10256410256410256,17.70970722357107,135.0
pp_quantile_fixed,HOBBIES_1_323_CA_3,830.7329823280029,648.9077581164825,181.82522421152038,0.0,0.6969579596474661,0.782051282051282,0.21794871794871795,8.319330232262596,120.0
pp_quantile_fixed,HOBBIES_1_328_TX_1,238.71219037929757,238.71219037929757,0.0,0.0,1.0,1.0,0.0,3.0604126971704817,7.0
pp_quantile_fixed,HOBBIES_1_332_WI_1,556.3884728328298,468.5770452661574,87.81142756667245,0.0,0.7120936801092707,0.8461538461538461,0.15384615384615385,6.007398016232788,61.0
pp_quantile_fixed,HOBBIES_1_333_CA_2,475.33095423816735,390.8357855374023,84.49516870076506,0.0,0.7359525978101091,0.8333333333333334,0.16666666666666666,5.010715199197465,64.0
pp_quantile_fixed,HOBBIES_1_333_TX_1,207.3930365454259,207.3930365454259,0.0,0.0,1.0,1.0,0.0,2.6588850839157168,14.0
pp_quantile_fixed,HOBBIES_1_334_TX_1,176.84791914660167,166.6305043962755,10.217414750326167,0.0,0.8142288227213424,0.9615384615384616,0.038461538461538464,2.1362885179009683,11.0
pp_quantile_fixed,HOBBIES_1_344_CA_3,647.5845308306214,575.2807796471808,72.30375118344054,0.0,0.842817932209912,0.8846153846153846,0.11538461538461539,7.375394610861292,92.0
pp_quantile_fixed,HOBBIES_1_346_CA_4,416.62151004265587,403.0723037009345,13.549206341721348,0.0,0.8573767753503015,0.9743589743589743,0.02564102564102564,5.167593637191469,19.0
pp_quantile_fixed,HOBBIES_1_348_CA_4,6157.592240695493,5510.293982914373,647.2982577811197,0.0,0.6872955276419711,0.782051282051282,0.21794871794871795,70.64479465274837,414.0
pp_quantile_fixed,HOBBIES_1_352_CA_2,671.8484390494123,612.1064890182721,59.741950031140156,0.0,0.8594307058090819,0.8846153846153846,0.11538461538461539,7.8475190899778475,85.0
pp_quantile_fixed,HOBBIES_1_361_CA_4,264.87072238921115,228.1071434214579,36.76357896775326,0.0,0.7549094735483116,0.8974358974358975,0.10256410256410256,2.9244505566853576,30.0
pp_quantile_fixed,HOBBIES_1_362_WI_2,214.2270129149152,214.2270129149152,0.0,0.0,1.0,1.0,0.0,2.746500165575836,4.0
pp_quantile_fixed,HOBBIES_1_367_TX_1,367.19071941375023,328.0708529419057,39.11986647184457,0.0,0.8495389751082901,0.9230769230769231,0.07692307692307693,4.206036576178278,52.0
pp_quantile_fixed,HOBBIES_1_368_CA_1,288.44067493488745,258.9662905661786,29.47438436870886,0.0,0.8213673674623705,0.9230769230769231,0.07692307692307693,3.3200806482843412,33.0
pp_quantile_fixed,HOBBIES_1_372_TX_1,495.09311232727123,436.8803955217171,58.212716805554116,0.0,0.8208839482906027,0.8974358974358975,0.10256410256410256,5.601030711816886,65.0
pp_quantile_fixed,HOBBIES_1_373_TX_1,485.1517484993444,438.9972684239025,46.15448007544195,0.0,0.7993283474980785,0.8589743589743589,0.14102564102564102,5.628170107998749,46.0
pp_quantile_fixed,HOBBIES_1_374_WI_3,175.25637571184248,158.02354474015235,17.232830971690138,0.0,0.7972608120977631,0.9487179487179487,0.05128205128205128,2.0259428812840046,17.0
pp_quantile_fixed,HOBBIES_1_375_WI_1,144.7438175790603,129.70682762322235,15.036989955837939,0.0,0.6240752511040515,0.9487179487179487,0.05128205128205128,1.6629080464515686,8.0
pp_quantile_fixed,HOBBIES_1_380_CA_2,545.362596943856,527.942495435384,17.420101508471994,0.0,0.8709622110483556,0.9743589743589743,0.02564102564102564,6.768493531222871,27.0
pp_quantile_fixed,HOBBIES_1_381_TX_2,2539.1450163388467,2492.294242240954,46.85077409789255,0.0,0.9706264739198166,0.9743589743589743,0.02564102564102564,31.95249028514044,319.0
pp_quantile_fixed,HOBBIES_1_385_CA_1,630.0,630.0,0.0,0.0,1.0,1.0,0.0,8.076923076923077,8.0
pp_quantile_fixed,HOBBIES_1_386_CA_3,1248.0,1248.0,0.0,0.0,1.0,1.0,0.0,16.0,15.0
pp_quantile_fixed,HOBBIES_1_386_WI_3,180.6706126043209,180.6706126043209,0.0,0.0,1.0,1.0,0.0,2.3162899051836012,6.0
pp_quantile_fixed,HOBBIES_1_389_CA_3,222.3009056179009,210.15585347986553,12.145052138035378,0.0,0.8843328367806155,0.9743589743589743,0.02564102564102564,2.69430581384443,21.0
pp_quantile_fixed,HOBBIES_1_390_TX_1,220.23001090574007,191.98406864961404,28.245942256126042,0.0,0.6233874365849861,0.9102564102564102,0.08974358974358974,2.4613342134565905,15.0
pp_quantile_fixed,HOBBIES_1_393_TX_2,154.40905482342572,147.25340351425882,7.1556513091669105,0.0,0.9246773546403484,0.9743589743589743,0.02564102564102564,1.8878641476187028,19.0
pp_quantile_fixed,HOBBIES_1_398_TX_3,832.1151244873985,826.3857165296768,5.729407957721682,0.0,0.9662976002486959,0.9743589743589743,0.02564102564102564,10.594688673457394,34.0
pp_quantile_fixed,HOBBIES_1_399_TX_3,512.0268948123513,512.0268948123513,0.0,0.0,1.0,1.0,0.0,6.56444736938912,5.0
pp_quantile_fixed,HOBBIES_1_400_CA_3,1277.4660983118636,1243.0336159014992,34.43248241036432,0.0,0.9217443581582629,0.9487179487179487,0.05128205128205128,15.936328408993578,88.0
pp_quantile_fixed,HOBBIES_1_405_TX_3,215.00791978677466,209.79869259098356,5.209227195791108,0.0,0.8842393956490865,0.9871794871794872,0.01282051282051282,2.689726828089533,9.0
pp_quantile_fixed,HOBBIES_1_406_CA_1,252.32980423085849,252.32980423085849,0.0,0.0,1.0,1.0,0.0,3.2349974901392113,7.0
pp_quantile_fixed,HOBBIES_1_410_TX_1,199.86632377767762,199.86632377767762,0.0,0.0,1.0,1.0,0.0,2.5623887663804825,5.0
pp_quantile_fixed,HOBBIES_1_415_CA_1,548.058833300919,476.5797647730517,71.47906852786731,0.0,0.7730823221337545,0.8974358974358975,0.10256410256410256,6.109996984269894,63.0
pp_quantile_fixed,HOBBIES_1_418_TX_1,484.2262324942226,469.168376533771,15.057855960451612,0.0,0.8228487534064516,0.9743589743589743,0.02564102564102564,6.014979186330398,17.0
pp_quantile_fixed,HOBBIES_1_419_CA_4,191.97268792859683,191.97268792859683,0.0,0.0,1.0,1.0,0.0,2.4611883067768825,5.0
pp_quantile_fixed,HOBBIES_2_007_TX_3,613.4166059806839,604.6302908746414,8.7863151060425,0.0,0.9394047234066034,0.9743589743589743,0.02564102564102564,7.751670395828737,29.0
pp_quantile_fixed,HOBBIES_2_008_WI_3,409.09120038920724,392.7741874574018,16.31701293180543,0.0,0.8282419691388903,0.9615384615384616,0.038461538461538464,5.035566505864126,19.0
pp_quantile_fixed,HOBBIES_2_009_WI_2,175.6466674644549,174.88257284469444,0.7640946197604803,0.0,0.9781687251497005,0.9871794871794872,0.01282051282051282,2.2420842672396724,7.0
pp_quantile_fixed,HOBBIES_2_012_TX_2,292.29832425117013,292.29832425117013,0.0,0.0,1.0,1.0,0.0,3.74741441347654,11.0
pp_quantile_fixed,HOBBIES_2_014_WI_1,176.94714155237753,171.6267926190078,5.320348933369726,0.0,0.9113275177771712,0.9871794871794872,0.01282051282051282,2.2003434951154848,12.0
pp_quantile_fixed,HOBBIES_2_018_CA_2,334.5118739019776,334.42181060372286,0.09006329825474335,0.0,0.999051965281529,0.9871794871794872,0.01282051282051282,4.287459110304139,19.0
pp_quantile_fixed,HOBBIES_2_030_TX_2,216.5110389057636,210.30418225662748,6.206856649136105,0.0,0.8871480609247981,0.9743589743589743,0.02564102564102564,2.6962074648285577,11.0
pp_quantile_fixed,HOBBIES_2_030_WI_2,78.0,78.0,0.0,0.0,1.0,1.0,0.0,1.0,0.0
pp_quantile_fixed,HOBBIES_2_031_CA_2,485.1492298801835,479.2746526260388,5.874577254144668,0.0,0.9548109441988871,0.9743589743589743,0.02564102564102564,6.144546828538959,26.0
pp_quantile_fixed,HOBBIES_2_035_CA_2,364.4279288305336,364.4279288305336,0.0,0.0,1.0,1.0,0.0,4.67215293372479,11.0
pp_quantile_fixed,HOBBIES_2_038_CA_2,319.62312499443374,292.9707106480916,26.652414346342166,0.0,0.7949814281050602,0.9487179487179487,0.05128205128205128,3.75603475189861,26.0
pp_quantile_fixed,HOBBIES_2_040_TX_1,405.17417268313596,405.17417268313596,0.0,0.0,1.0,1.0,0.0,5.19454067542482,7.0
pp_quantile_fixed,HOBBIES_2_041_TX_2,430.8750609049047,375.5691246631225,55.30593624178213,0.0,0.7742614847274198,0.8974358974358975,0.10256410256410256,4.81498877773234,49.0
pp_quantile_fixed,HOBBIES_2_042_TX_2,933.096492019513,933.096492019513,0.0,0.0,1.0,1.0,0.0,11.962775538711705,30.0
pp_quantile_fixed,HOBBIES_2_045_CA_4,256.4069073191764,252.49739326686966,3.9095140523067196,0.0,0.939853629964512,0.9871794871794872,0.01282051282051282,3.23714606752397,13.0
pp_quantile_fixed,HOBBIES_2_050_WI_2,138.64926980443448,138.64926980443448,0.0,0.0,1.0,1.0,0.0,1.7775547410824935,9.0
pp_quantile_fixed,HOBBIES_2_056_WI_3,312.73461238232284,312.73461238232284,0.0,0.0,1.0,1.0,0.0,4.009418107465677,3.0
pp_quantile_fixed,HOBBIES_2_061_TX_3,205.97840252564833,184.6993423237418,21.279060201906518,0.0,0.6131079963289724,0.9487179487179487,0.05128205128205128,2.367940286201818,11.0
pp_quantile_fixed,HOBBIES_2_072_TX_2,229.57200027296483,228.76597179573082,0.8060284772340087,0.0,0.9731323840921998,0.9871794871794872,0.01282051282051282,2.932897074304241,6.0
pp_quantile_fixed,HOBBIES_2_074_CA_1,214.89805130710144,214.89805130710144,0.0,0.0,1.0,1.0,0.0,2.755103221885916,7.0
pp_quantile_fixed,HOBBIES_2_074_CA_3,246.16867007825263,237.1587337076533,9.00993637059931,0.0,0.8198012725880138,0.9743589743589743,0.02564102564102564,3.0404965859955553,10.0
pp_quantile_fixed,HOBBIES_2_076_TX_3,758.9738042655916,657.4401514756966,101.53365278989513,0.0,0.5047138888297799,0.8589743589743589,0.14102564102564102,8.428719890714058,41.0
pp_quantile_fixed,HOBBIES_2_076_WI_1,765.2052680361066,755.6335790555489,9.571688980557749,0.0,0.8992453791520237,0.9743589743589743,0.02564102564102564,9.687609987891653,19.0
pp_quantile_fixed,HOBBIES_2_077_WI_1,156.0,156.0,0.0,0.0,1.0,1.0,0.0,2.0,0.0
pp_quantile_fixed,HOBBIES_2_081_WI_3,807.6477448713998,807.6477448713998,0.0,0.0,1.0,1.0,0.0,10.354458267582048,10.0
pp_quantile_fixed,HOBBIES_2_083_CA_1,666.3388572542837,666.3388572542837,0.0,0.0,1.0,1.0,0.0,8.542805862234406,7.0
pp_quantile_fixed,HOBBIES_2_084_WI_3,123.02824516841014,117.66048509276264,5.367760075647494,0.0,0.8926447984870501,0.9743589743589743,0.02564102564102564,1.5084677575995211,10.0
pp_quantile_fixed,HOBBIES_2_086_CA_4,208.0850085763405,208.0850085763405,0.0,0.0,1.0,1.0,0.0,2.6677565202094935,3.0
pp_quantile_fixed,HOBBIES_2_103_TX_1,318.85318737163686,289.2078038202414,29.64538355139549,0.0,0.8439716655189711,0.9487179487179487,0.05128205128205128,3.7077923566697613,38.0
pp_quantile_fixed,HOBBIES_2_107_WI_3,574.5999999999997,574.5999999999997,0.0,0.0,1.0,1.0,0.0,7.366666666666663,4.0
pp_quantile_fixed,HOBBIES_2_114_CA_4,191.14639886020598,188.77298018049558,2.373418679710406,0.0,0.9472573626731021,0.9871794871794872,0.01282051282051282,2.420166412570456,9.0
pp_quantile_fixed,HOBBIES_2_115_TX_1,641.1505978016069,610.9958867222892,30.15471107931763,0.0,0.8923046032881513,0.9358974358974359,0.0641025641025641,7.833280599003708,56.0
pp_quantile_fixed,HOBBIES_2_116_CA_1,562.1202207677126,556.22756395309,5.892656814622552,0.0,0.9464303925943405,0.9743589743589743,0.02564102564102564,7.131122614783205,22.0
pp_quantile_fixed,HOBBIES_2_116_CA_2,368.48723369180294,340.3777119402775,28.109521751525463,0.0,0.7917813203590706,0.9487179487179487,0.05128205128205128,4.363816819747147,27.0
pp_quantile_fixed,HOBBIES_2_117_TX_1,575.2892658538944,569.9889508492172,5.300315004677216,0.0,0.9658044193246631,0.9743589743589743,0.02564102564102564,7.307550651913041,31.0
pp_quantile_fixed,HOBBIES_2_118_WI_2,234.0,234.0,0.0,0.0,1.0,1.0,0.0,3.0,0.0
pp_quantile_fixed,HOBBIES_2_122_CA_2,748.2536951386877,748.2536951386877,0.0,0.0,1.0,1.0,0.0,9.592996091521638,10.0
pp_quantile_fixed,HOBBIES_2_122_TX_1,717.0222224585245,717.0222224585245,0.0,0.0,1.0,1.0,0.0,9.19259259562211,23.0
pp_quantile_fixed,HOBBIES_2_123_TX_1,268.2055499969003,268.2055499969003,0.0,0.0,1.0,1.0,0.0,3.438532692267952,16.0
pp_quantile_fixed,HOBBIES_2_124_TX_3,1657.1999999999955,1467.6999999999953,189.50000000000017,0.0,0.3887096774193543,0.9487179487179487,0.05128205128205128,18.816666666666606,62.0
pp_quantile_fixed,HOBBIES_2_128_TX_1,267.7263584907923,254.99013264120535,12.736225849586909,0.0,0.7452754830082619,0.9743589743589743,0.02564102564102564,3.2691042646308377,10.0
pp_quantile_fixed,HOBBIES_2_129_WI_1,1291.8655345938578,1291.8655345938578,0.0,0.0,1.0,1.0,0.0,16.562378648639204,24.0
pp_quantile_fixed,HOBBIES_2_132_CA_1,786.496177318631,742.0697048316171,44.42647248701394,0.0,0.8354575093073557,0.9487179487179487,0.05128205128205128,9.513714164507912,54.0
pp_quantile_fixed,HOBBIES_2_133_CA_3,637.2525225626777,633.3289377551062,3.9235848075714763,0.0,0.9738427679495235,0.9871794871794872,0.01282051282051282,8.119601766091105,30.0
pp_quantile_fixed,HOBBIES_2_134_TX_3,542.3504063064692,532.6891749614916,9.661231344977526,0.0,0.8067753731004494,0.9743589743589743,0.02564102564102564,6.8293483969422,10.0
pp_quantile_fixed,HOBBIES_2_137_CA_2,445.44576185625857,445.44576185625857,0.0,0.0,1.0,1.0,0.0,5.710843100721264,0.0
pp_quantile_fixed,HOBBIES_2_144_WI_1,324.98664154583497,324.98664154583497,0.0,0.0,1.0,1.0,0.0,4.166495404433782,10.0
pp_quantile_fixed,HOUSEHOLD_1_005_CA_4,428.43794270478827,328.0414086755967,100.39653402919156,0.0,0.6761402128090594,0.8333333333333334,0.16666666666666666,4.205659085584573,62.0
pp_quantile_fixed,HOUSEHOLD_1_006_CA_4,507.61885932156514,460.9291442806877,46.68971504087743,0.0,0.8204241729197022,0.9230769230769231,0.07692307692307693,5.90934800359856,52.0
pp_quantile_fixed,HOUSEHOLD_1_006_WI_2,497.3422427609627,479.6735711681766,17.668671592786094,0.0,0.9178201321265764,0.9615384615384616,0.038461538461538464,6.149661168822776,43.0
pp_quantile_fixed,HOUSEHOLD_1_008_WI_3,205.6223812697258,164.8027772240242,40.819604045701595,0.0,0.6734431676343872,0.8846153846153846,0.11538461538461539,2.1128561182567203,25.0
pp_quantile_fixed,HOUSEHOLD_1_010_CA_2,1341.1345262661494,1311.7463094640116,29.388216802137794,0.0,0.9095747175318838,0.9487179487179487,0.05128205128205128,16.81726037774374,65.0
pp_quantile_fixed,HOUSEHOLD_1_013_CA_3,817.0513302603867,753.7181759438758,63.333154316510885,0.0,0.8944447428058152,0.9102564102564102,0.08974358974358974,9.663053537741998,120.0
pp_quantile_fixed,HOUSEHOLD_1_014_CA_2,1208.3989930306045,1153.1465676225826,55.25242540802189,0.0,0.911596119347165,0.9487179487179487,0.05128205128205128,14.783930354135673,125.0
pp_quantile_fixed,HOUSEHOLD_1_014_WI_3,475.7890025348456,454.6776245866001,21.111377948245526,0.0,0.8827145669541916,0.9615384615384616,0.038461538461538464,5.829200315212821,36.0
pp_quantile_fixed,HOUSEHOLD_1_015_WI_2,751.0,751.0,0.0,0.0,1.0,1.0,0.0,9.628205128205128,1.0
pp_quantile_fixed,HOUSEHOLD_1_020_WI_1,623.0423950430246,586.4417428697499,36.60065217327469,0.0,0.8983315217409036,0.9230769230769231,0.07692307692307693,7.518483882945511,72.0
pp_quantile_fixed,HOUSEHOLD_1_021_WI_2,971.1908212674621,621.3056425986571,349.88517866880505,0.0,0.621745752790481,0.7435897435897436,0.2564102564102564,7.965456956393039,185.0
pp_quantile_fixed,HOUSEHOLD_1_024_CA_2,810.0000144455379,740.1216901040306,69.87832434150731,0.0,0.8411856264965742,0.8974358974358975,0.10256410256410256,9.488739616718341,88.0
pp_quantile_fixed,HOUSEHOLD_1_026_CA_2,1088.7680310952367,739.6041666972059,349.1638643980308,0.0,0.5082199092985482,0.7435897435897436,0.2564102564102564,9.482104701246229,142.0
pp_quantile_fixed,HOUSEHOLD_1_029_CA_2,921.4453059507929,811.8106132017587,109.63469274903423,0.0,0.8125902688050698,0.8333333333333334,0.16666666666666666,10.407828374381522,117.0
pp_quantile_fixed,HOUSEHOLD_1_032_WI_1,565.4476265294932,531.8583751885856,33.58925134090761,0.0,0.8821429777512013,0.9358974358974359,0.0641025641025641,6.818697117802379,57.0
pp_quantile_fixed,HOUSEHOLD_1_033_TX_2,1033.4170830640126,962.53168472353,70.88539834048262,0.0,0.8711174575627588,0.9487179487179487,0.05128205128205128,12.34014980414782,110.0
pp_quantile_fixed,HOUSEHOLD_1_034_WI_1,453.64492965497175,445.6321308960803,8.01279875889145,0.0,0.9109689026789839,0.9743589743589743,0.02564102564102564,5.713232447385645,18.0
pp_quantile_fixed,HOUSEHOLD_1_043_CA_3,775.5131221049999,716.5794696648961,58.933652440103685,0.0,0.8690363279108807,0.9102564102564102,0.08974358974358974,9.186916277755078,90.0
pp_quantile_fixed,HOUSEHOLD_1_049_CA_1,2340.0,2340.0,0.0,0.0,1.0,1.0,0.0,30.0,0.0
pp_quantile_fixed,HOUSEHOLD_1_049_WI_1,468.0,468.0,0.0,0.0,1.0,1.0,0.0,6.0,0.0
pp_quantile_fixed,HOUSEHOLD_1_051_WI_1,1771.8892188510063,1596.915122630084,174.97409622092238,0.0,0.8674438664993013,0.8589743589743589,0.14102564102564102,20.473270802949795,264.0
pp_quantile_fixed,HOUSEHOLD_1_058_CA_3,1449.021678899387,1368.0607762316965,80.96090266769046,0.0,0.9277134797609907,0.8846153846153846,0.11538461538461539,17.539240720919185,224.0
pp_quantile_fixed,HOUSEHOLD_1_068_TX_1,255.0908370151479,248.73113155628434,6.359705458863562,0.0,0.8586732120252543,0.9743589743589743,0.02564102564102564,3.1888606609780044,9.0
pp_quantile_fixed,HOUSEHOLD_1_071_CA_1,1963.2548446680012,1638.0770522669495,325.17779240105165,0.0,0.8152398906812206,0.8076923076923077,0.19230769230769232,21.000987849576276,352.0
pp_quantile_fixed,HOUSEHOLD_1_071_TX_2,1981.437311386807,1568.4580854442895,412.9792259425176,0.0,0.7527070503338218,0.7692307692307693,0.23076923076923078,20.108436992875507,334.0
pp_quantile_fixed,HOUSEHOLD_1_079_WI_1,792.0668092003988,621.7731365388208,170.29367266157792,0.0,0.6931645537629226,0.8205128205128205,0.1794871794871795,7.971450468446421,111.0
pp_quantile_fixed,HOUSEHOLD_1_080_WI_1,372.99878095008853,364.84380142215593,8.154979527932568,0.0,0.9347601637765395,0.9615384615384616,0.038461538461538464,4.677484633617384,25.0
pp_quantile_fixed,HOUSEHOLD_1_080_WI_2,583.5478122788925,575.1105635670173,8.437248711875194,0.0,0.9625011168361103,0.9871794871794872,0.01282051282051282,7.373212353423298,45.0
pp_quantile_fixed,HOUSEHOLD_1_083_TX_1,2995.74977968169,2415.229950648261,580.5198290334292,0.0,0.7732344417838167,0.717948717948718,0.28205128205128205,30.964486546772577,512.0
pp_quantile_fixed,HOUSEHOLD_1_083_WI_3,4333.969681816276,3752.1307557802447,581.8389260360311,0.0,0.8187417675900215,0.8333333333333334,0.16666666666666666,48.10424045872109,642.0
pp_quantile_fixed,HOUSEHOLD_1_088_TX_3,544.8716415550314,520.7388721672706,24.132769387760682,0.0,0.9233880336896486,0.9487179487179487,0.05128205128205128,6.67613938675988,63.0
pp_quantile_fixed,HOUSEHOLD_1_091_WI_3,224.8900977026582,220.5853034811009,4.304794221557304,0.0,0.9426027437125692,0.9871794871794872,0.01282051282051282,2.8280167112961654,15.0
pp_quantile_fixed,HOUSEHOLD_1_093_CA_2,725.584041043484,646.2236951966147,79.36034584686935,0.0,0.8412793083062613,0.8974358974358975,0.10256410256410256,8.284919169187368,100.0
pp_quantile_fixed,HOUSEHOLD_1_095_TX_2,203.33595328926083,189.4024082742652,13.933545014995616,0.0,0.7856377690000674,0.9615384615384616,0.038461538461538464,2.4282360035162207,13.0
pp_quantile_fixed,HOUSEHOLD_1_095_TX_3,204.72482403303547,194.69273832279092,10.032085710244544,0.0,0.8456602198423917,0.9615384615384616,0.038461538461538464,2.4960607477280887,13.0
pp_quantile_fixed,HOUSEHOLD_1_096_WI_2,4449.565560710543,3360.0429018814525,1089.5226588290902,0.0,0.7374644195592555,0.6923076923076923,0.3076923076923077,43.07747310104426,830.0
pp_quantile_fixed,HOUSEHOLD_1_098_CA_4,235.0000472329903,232.4852724529392,2.51477478005111,0.0,0.961311157229983,0.9871794871794872,0.01282051282051282,2.980580416063323,13.0
pp_quantile_fixed,HOUSEHOLD_1_102_WI_3,992.0976439665369,854.8082382079928,137.28940575854415,0.0,0.7281397905771403,0.8589743589743589,0.14102564102564102,10.959079977025548,101.0
pp_quantile_fixed,HOUSEHOLD_1_106_TX_3,3047.1589953040357,2308.0897866259347,739.0692086781011,0.0,0.7572843321254183,0.7564102564102564,0.24358974358974358,29.590894700332495,609.0
pp_quantile_fixed,HOUSEHOLD_1_119_TX_2,1168.7378304433787,1142.9208805322487,25.816949911130074,0.0,0.9696271177516116,0.9358974358974359,0.0641025641025641,14.652831801695497,170.0
pp_quantile_fixed,HOUSEHOLD_1_120_CA_2,577.5489954821338,549.4174608549826,28.13153462715131,0.0,0.8392483735591353,0.9358974358974359,0.0641025641025641,7.043813600704905,35.0
pp_quantile_fixed,HOUSEHOLD_1_127_WI_1,355.13898811015065,311.9820000929559,43.15698801719473,0.0,0.7533886399017443,0.8846153846153846,0.11538461538461539,3.9997692319609732,35.0
pp_quantile_fixed,HOUSEHOLD_1_128_WI_2,1394.9357159373712,1212.4933224405079,182.44239349686336,0.0,0.7926790982990188,0.8076923076923077,0.19230769230769232,15.544786185134717,176.0
pp_quantile_fixed,HOUSEHOLD_1_131_CA_1,809.0554879388002,757.8573207267576,51.19816721204259,0.0,0.8138248465016633,0.9102564102564102,0.08974358974358974,9.716119496496892,55.0
pp_quantile_fixed,HOUSEHOLD_1_131_TX_1,914.3262782759314,889.9803131804933,24.345965095438036,0.0,0.9273254773270507,0.9615384615384616,0.038461538461538464,11.41000401513453,67.0
pp_quantile_fixed,HOUSEHOLD_1_136_WI_3,902.4702770997995,902.4702770997995,0.0,0.0,1.0,1.0,0.0,11.570131757689738,131.0
pp_quantile_fixed,HOUSEHOLD_1_145_CA_2,1617.1330488310728,1442.386961642759,174.74608718831377,0.0,0.8500033586366406,0.8333333333333334,0.16666666666666666,18.492140533881525,233.0
pp_quantile_fixed,HOUSEHOLD_1_155_WI_3,336.96407058988177,289.33747223317937,47.62659835670242,0.0,0.7198435390782211,0.9230769230769231,0.07692307692307693,3.709454772220248,34.0
pp_quantile_fixed,HOUSEHOLD_1_157_WI_1,615.6538540919871,615.6538540919871,0.0,0.0,1.0,1.0,0.0,7.89299812938445,23.0
pp_quantile_fixed,HOUSEHOLD_1_158_CA_3,703.1345682985395,659.5314435785025,43.603124720037094,0.0,0.8821537169728726,0.9230769230769231,0.07692307692307693,8.455531327929519,74.0
pp_quantile_fixed,HOUSEHOLD_1_160_WI_2,970.9603203372615,796.1052310347327,174.85508930252874,0.0,0.7224522392023353,0.782051282051282,0.21794871794871795,10.206477320958111,126.0
pp_quantile_fixed,HOUSEHOLD_1_161_CA_2,507.07870193329677,465.80268499924864,41.27601693404812,0.0,0.8853443974054219,0.9358974358974359,0.0641025641025641,5.971829294862162,72.0
pp_quantile_fixed,HOUSEHOLD_1_162_TX_1,959.9161114974941,943.7388518088717,16.177259688622343,0.0,0.9148565279546192,0.9615384615384616,0.038461538461538464,12.099216048831689,38.0
pp_quantile_fixed,HOUSEHOLD_1_163_CA_1,310.3258757813208,303.86329944543894,6.462576335881862,0.0,0.9412493060374376,0.9743589743589743,0.02564102564102564,3.895683326223576,22.0
pp_quantile_fixed,HOUSEHOLD_1_165_CA_1,386.5886157339029,369.54568820523866,17.042927528664194,0.0,0.9147853623566791,0.9743589743589743,0.02564102564102564,4.737765233400496,40.0
pp_quantile_fixed,HOUSEHOLD_1_165_TX_1,749.610131028845,740.9705665513545,8.639564477490467,0.0,0.977559572785739,0.9871794871794872,0.01282051282051282,9.499622648094288,77.0
pp_quantile_fixed,HOUSEHOLD_1_167_WI_1,531.8559475199527,508.3424892251505,23.513458294802252,0.0,0.8530408856574859,0.9487179487179487,0.05128205128205128,6.517211400322442,32.0
pp_quantile_fixed,HOUSEHOLD_1_175_TX_2,802.1571711579631,724.2503039544878,77.90686720347543,0.0,0.883721093726156,0.9230769230769231,0.07692307692307693,9.285260307108818,134.0
pp_quantile_fixed,HOUSEHOLD_1_175_WI_3,401.4499449357839,396.8325252479817,4.61741968780216,0.0,0.9720156382557444,0.9871794871794872,0.01282051282051282,5.087596477538227,33.0
pp_quantile_fixed,HOUSEHOLD_1_185_WI_3,656.5794819320727,562.3148427489504,94.2646391831223,0.0,0.7928249688283027,0.8717948717948718,0.1282051282051282,7.209164650627569,91.0
pp_quantile_fixed,HOUSEHOLD_1_186_WI_2,2132.7297587738926,1763.342590032979,369.38716874091386,0.0,0.8215520923956938,0.7948717948717948,0.20512820512820512,22.60695628247409,414.0
pp_quantile_fixed,HOUSEHOLD_1_188_TX_2,534.5175953473496,508.373583613442,26.14401173390761,0.0,0.8994461087157399,0.9487179487179487,0.05128205128205128,6.51761004632618,52.0
pp_quantile_fixed,HOUSEHOLD_1_190_WI_3,785.4068869786042,746.3023817600624,39.10450521854186,0.0,0.8815014993377519,0.9358974358974359,0.0641025641025641,9.567979253334133,66.0
pp_quantile_fixed,HOUSEHOLD_1_191_TX_3,1431.9476697196606,1400.9319347913486,31.01573492831193,0.0,0.9278703838876466,0.9615384615384616,0.038461538461538464,17.960665830658314,86.0
pp_quantile_fixed,HOUSEHOLD_1_194_CA_1,612.2292509067187,611.2041494953256,1.0251014113930612,0.0,0.9941422776491825,0.9871794871794872,0.01282051282051282,7.835950634555457,35.0
pp_quantile_fixed,HOUSEHOLD_1_195_CA_2,455.830812812112,453.34374465478413,2.487068157327883,0.0,0.9839543989849814,0.9871794871794872,0.01282051282051282,5.812099290445951,31.0
pp_quantile_fixed,HOUSEHOLD_1_201_TX_2,762.1039711074284,762.1039711074284,0.0,0.0,1.0,1.0,0.0,9.770563732146517,23.0
pp_quantile_fixed,HOUSEHOLD_1_205_WI_3,610.0337214775026,598.2065591204339,11.827162357068675,0.0,0.9577601344390405,0.9743589743589743,0.02564102564102564,7.669314860518384,56.0
pp_quantile_fixed,HOUSEHOLD_1_206_CA_4,538.471438088884,538.471438088884,0.0,0.0,1.0,1.0,0.0,6.903479975498513,8.0
pp_quantile_fixed,HOUSEHOLD_1_207_TX_1,413.67086055510873,412.785374770486,0.885485784622766,0.0,0.9936751015384088,0.9871794871794872,0.01282051282051282,5.292120189365205,28.0
pp_quantile_fixed,HOUSEHOLD_1_208_WI_3,1331.6220792849174,1242.8245285366584,88.79755074825894,0.0,0.8861569862201808,0.9102564102564102,0.08974358974358974,15.93364780175203,156.0
pp_quantile_fixed,HOUSEHOLD_1_211_TX_2,469.2207237663023,448.7777849369683,20.44293882933396,0.0,0.9165594333496573,0.9615384615384616,0.038461538461538464,5.753561345345748,49.0
pp_quantile_fixed,HOUSEHOLD_1_212_WI_2,790.5135698943432,738.670231733726,51.84333816061718,0.0,0.8941972690599648,0.9358974358974359,0.0641025641025641,9.47013117607341,98.0
pp_quantile_fixed,HOUSEHOLD_1_216_TX_1,218.34744887527373,218.34744887527373,0.0,0.0,1.0,1.0,0.0,2.7993262676317143,9.0
pp_quantile_fixed,HOUSEHOLD_1_217_WI_3,765.1173324576532,694.6714993505644,70.44583310708879,0.0,0.8260596713405215,0.8974358974358975,0.10256410256410256,8.906044863468775,81.0
pp_quantile_fixed,HOUSEHOLD_1_218_CA_1,878.8545165821471,830.4146024212783,48.439914160868724,0.0,0.8690813130787332,0.9230769230769231,0.07692307692307693,10.646341056683056,74.0
pp_quantile_fixed,HOUSEHOLD_1_219_TX_3,344.88353597984207,307.25882178321154,37.62471419663052,0.0,0.8679834589591912,0.9230769230769231,0.07692307692307693,3.9392156638873277,57.0
pp_quantile_fixed,HOUSEHOLD_1_220_TX_3,675.0018433671364,585.8640707802588,89.13777258687762,0.0,0.8379313225693134,0.8717948717948718,0.1282051282051282,7.511077830516138,110.0
pp_quantile_fixed,HOUSEHOLD_1_221_CA_2,598.2383130296801,547.7452755110311,50.49303751864901,0.0,0.8635323310306784,0.9358974358974359,0.0641025641025641,7.022375327064501,74.0
pp_quantile_fixed,HOUSEHOLD_1_224_WI_2,674.5300002835203,587.7884373290384,86.7415629544819,0.0,0.7331028832169788,0.8333333333333334,0.16666666666666666,7.535749196526133,65.0
pp_quantile_fixed,HOUSEHOLD_1_225_CA_4,915.090595415151,892.3415458137792,22.749049601371816,0.0,0.9215550013745799,0.9487179487179487,0.05128205128205128,11.440276228381785,58.0
pp_quantile_fixed,HOUSEHOLD_1_225_TX_2,1444.6847117306215,1306.6506757024756,138.03403602814583,0.0,0.8633326375958951,0.8589743589743589,0.14102564102564102,16.75193173977533,202.0
pp_quantile_fixed,HOUSEHOLD_1_230_TX_3,413.4091447556675,392.0752628922275,21.333881863439984,0.0,0.7629568681840002,0.9487179487179487,0.05128205128205128,5.026605934515737,18.0
pp_quantile_fixed,HOUSEHOLD_1_238_CA_3,1025.8808640229797,892.785656718871,133.09520730410873,0.0,0.8576521847014881,0.8589743589743589,0.14102564102564102,11.445969957934244,187.0
pp_quantile_fixed,HOUSEHOLD_1_244_CA_3,1019.8948429513607,861.4684513435882,158.42639160777253,0.0,0.7955788495383581,0.8333333333333334,0.16666666666666666,11.044467324917797,155.0
pp_quantile_fixed,HOUSEHOLD_1_246_CA_2,3128.7728981698097,2827.08086589375,301.69203227605976,0.0,0.8800429295125011,0.8461538461538461,0.15384615384615385,36.24462648581731,503.0
pp_quantile_fixed,HOUSEHOLD_1_248_CA_4,352.0897413343495,336.7116969731909,15.378044361158603,0.0,0.9067997311444934,0.9615384615384616,0.038461538461538464,4.316816627861422,33.0
pp_quantile_fixed,HOUSEHOLD_1_249_WI_3,386.03327475595637,362.24705434245027,23.7862204135061,0.0,0.8810688979324695,0.9230769230769231,0.07692307692307693,4.644193004390388,40.0
pp_quantile_fixed,HOUSEHOLD_1_264_TX_3,256.80289659164583,256.68324520564454,0.11965138600131375,0.0,0.9989595531652059,0.9871794871794872,0.01282051282051282,3.290810835969802,23.0
pp_quantile_fixed,HOUSEHOLD_1_265_CA_3,567.9532086966384,534.6452673378699,33.307941358768545,0.0,0.8693806221224761,0.9230769230769231,0.07692307692307693,6.8544265043316654,51.0
pp_quantile_fixed,HOUSEHOLD_1_272_CA_3,13183.0,13183.0,0.0,0.0,1.0,1.0,0.0,169.01282051282053,186.0
pp_quantile_fixed,HOUSEHOLD_1_298_TX_3,755.8023312901304,739.431025963985,16.371305326145382,0.0,0.9138352351255506,0.9743589743589743,0.02564102564102564,9.479884948256219,38.0
pp_quantile_fixed,HOUSEHOLD_1_304_CA_3,3683.633564364598,2959.472962622417,724.1606017421809,0.0,0.8189598495644548,0.8205128205128205,0.1794871794871795,37.94196105926176,800.0
pp_quantile_fixed,HOUSEHOLD_1_304_CA_4,811.6566588254788,616.7421576562992,194.91450116917954,0.0,0.7401139984410939,0.7307692307692307,0.2692307692307692,7.906950739183324,150.0
pp_quantile_fixed,HOUSEHOLD_1_309_TX_2,484.8369264352242,462.7669371494859,22.069989285738288,0.0,0.7793001071426171,0.9615384615384616,0.038461538461538464,5.932909450634434,20.0
pp_quantile_fixed,HOUSEHOLD_1_314_TX_3,526.1539475157535,500.1487034651052,26.005244050648315,0.0,0.9036842812938951,0.8974358974358975,0.10256410256410256,6.412162864937246,54.0
pp_quantile_fixed,HOUSEHOLD_1_317_CA_1,1003.1498881184117,967.6052169273145,35.5446711910972,0.0,0.9289106576178057,0.9358974358974359,0.0641025641025641,12.405195088811723,100.0
pp_quantile_fixed,HOUSEHOLD_1_317_TX_3,767.9868475362758,761.5314172480566,6.455430288219226,0.0,0.9795065705135898,0.9871794871794872,0.01282051282051282,9.763223298052008,63.0
pp_quantile_fixed,HOUSEHOLD_1_320_WI_3,402.19114979194467,366.3408235593371,35.85032623260759,0.0,0.7759354610462026,0.9102564102564102,0.08974358974358974,4.696677225119706,32.0
pp_quantile_fixed,HOUSEHOLD_1_332_WI_3,116.17892683795682,98.45853049717218,17.72039634078464,0.0,0.29118414636861456,0.9615384615384616,0.038461538461538464,1.2622888525278484,5.0
pp_quantile_fixed,HOUSEHOLD_1_333_WI_2,413.7645596203345,398.4674164145496,15.297143205784929,0.0,0.9304675308827958,0.9487179487179487,0.05128205128205128,5.108556620699353,44.0
pp_quantile_fixed,HOUSEHOLD_1_338_WI_1,546.0672378956023,499.93120360960233,46.136034285999955,0.0,0.8801661447116884,0.8974358974358975,0.10256410256410256,6.409374405251312,77.0
pp_quantile_fixed,HOUSEHOLD_1_342_TX_2,584.4026133241438,489.00946276063604,95.3931505635077,0.0,0.7386489025657323,0.8205128205128205,0.1794871794871795,6.269352086674821,73.0
pp_quantile_fixed,HOUSEHOLD_1_344_CA_1,729.4323905822964,729.4323905822964,0.0,0.0,1.0,1.0,0.0,9.351697315157647,45.0
pp_quantile_fixed,HOUSEHOLD_1_344_TX_1,1599.558017306866,1306.7096597042973,292.84835760256874,0.0,0.7952109387394625,0.7948717948717948,0.20512820512820512,16.75268794492689,286.0
pp_quantile_fixed,HOUSEHOLD_1_349_TX_2,889.6682689423972,866.9284326509534,22.739836291443805,0.0,0.9471166597873399,0.9487179487179487,0.05128205128205128,11.114467085268632,86.0
pp_quantile_fixed,HOUSEHOLD_1_361_WI_3,1396.1524073453595,1347.4726364681214,48.67977087723805,0.0,0.9440462403709908,0.9487179487179487,0.05128205128205128,17.27529021112976,174.0
pp_quantile_fixed,HOUSEHOLD_1_368_TX_3,380.02063965341523,380.02063965341523,0.0,0.0,1.0,1.0,0.0,4.872059482736093,4.0
pp_quantile_fixed,HOUSEHOLD_1_369_CA_1,965.903599013059,754.4199403160288,211.48365869703008,0.0,0.7623779115763708,0.7948717948717948,0.20512820512820512,9.672050516872165,178.0
pp_quantile_fixed,HOUSEHOLD_1_371_CA_1,753.4637593218524,704.5591950542831,48.90456426756933,0.0,0.9156817857455702,0.8974358974358975,0.10256410256410256,9.03281019300363,116.0
pp_quantile_fixed,HOUSEHOLD_1_377_TX_1,279.71683926338903,269.9798913064767,9.73694795691236,0.0,0.8854476710951488,0.9743589743589743,0.02564102564102564,3.4612806577753426,17.0
pp_quantile_fixed,HOUSEHOLD_1_380_CA_1,606.4048476603576,576.3642666310773,30.0405810292804,0.0,0.9103266237931927,0.9230769230769231,0.07692307692307693,7.389285469629196,67.0
pp_quantile_fixed,HOUSEHOLD_1_384_CA_2,551.8611158039635,534.9867985792653,16.874317224698228,0.0,0.9480790239240054,0.9615384615384616,0.038461538461538464,6.8588051099905805,65.0
pp_quantile_fixed,HOUSEHOLD_1_385_CA_3,2242.72881330695,1980.3644556245758,262.36435768237413,0.0,0.8526042934368685,0.8846153846153846,0.11538461538461539,25.389287892622768,356.0
pp_quantile_fixed,HOUSEHOLD_1_386_CA_2,678.8095262178458,437.73479156440646,241.07473465343938,0.0,0.6111697828170333,0.717948717948718,0.28205128205128205,5.61198450723598,124.0
pp_quantile_fixed,HOUSEHOLD_1_389_CA_1,3060.130768099851,2922.090124267394,138.04064383245716,0.0,0.9160847149954667,0.9102564102564102,0.08974358974358974,37.462693900864025,329.0
pp_quantile_fixed,HOUSEHOLD_1_390_WI_2,1262.4512724582792,1118.188752954753,144.2625195035261,0.0,0.8240700981664316,0.782051282051282,0.21794871794871795,14.335753243009654,164.0
pp_quantile_fixed,HOUSEHOLD_1_394_CA_3,748.9663671581966,700.2012129629884,48.76515419520814,0.0,0.8852584607171573,0.8846153846153846,0.11538461538461539,8.97693862773062,85.0
pp_quantile_fixed,HOUSEHOLD_1_395_CA_3,725.2286860459823,700.986670581478,24.242015464504263,0.0,0.9297332885086833,0.9358974358974359,0.0641025641025641,8.987008597198436,69.0
pp_quantile_fixed,HOUSEHOLD_1_396_TX_1,685.7298804868929,612.7572373512044,72.97264313568843,0.0,0.8661052419528653,0.9102564102564102,0.08974358974358974,7.855862017323133,109.0
pp_quantile_fixed,HOUSEHOLD_1_397_WI_1,1101.46769561099,857.452743107818,244.01495250317194,0.0,0.7162616831358466,0.7307692307692307,0.2692307692307692,10.992983885997667,172.0
pp_quantile_fixed,HOUSEHOLD_1_398_CA_4,335.54562190813994,305.22372399470805,30.321897913431858,0.0,0.7978540139104543,0.9230769230769231,0.07692307692307693,3.9131246665988213,30.0
pp_quantile_fixed,HOUSEHOLD_1_399_TX_3,2971.5722144585125,2339.455086975468,632.1171274830442,0.0,0.794767166401609,0.7948717948717948,0.20512820512820512,29.993013935582923,616.0
pp_quantile_fixed,HOUSEHOLD_1_401_CA_2,299.5808158540182,293.6474129782187,5.933402875799496,0.0,0.9460599738563683,0.9743589743589743,0.02564102564102564,3.764710422797676,22.0
pp_quantile_fixed,HOUSEHOLD_1_402_TX_2,320.31092863623,301.45168235962433,18.859246276605663,0.0,0.8603018794325507,0.9615384615384616,0.038461538461538464,3.864765158456722,27.0
pp_quantile_fixed,HOUSEHOLD_1_404_TX_2,603.4164687068162,571.7864327341688,31.63003597264745,0.0,0.8945665467578418,0.9230769230769231,0.07692307692307693,7.330595291463703,60.0
pp_quantile_fixed,HOUSEHOLD_1_407_CA_4,455.8288613741052,435.9828150419861,19.846046332119077,0.0,0.8797209313204905,0.9615384615384616,0.038461538461538464,5.589523269769052,33.0
pp_quantile_fixed,HOUSEHOLD_1_411_WI_3,1126.0806300291606,1078.4116841615692,47.66894586759133,0.0,0.9141100074457813,0.9487179487179487,0.05128205128205128,13.82579082258422,111.0
pp_quantile_fixed,HOUSEHOLD_1_415_CA_3,514.6494379779418,463.1110967126997,51.53834126524214,0.0,0.8337472862411544,0.8846153846153846,0.11538461538461539,5.937321752726919,62.0
pp_quantile_fixed,HOUSEHOLD_1_419_WI_2,433.765155806966,426.332218871858,7.432936935107994,0.0,0.9008941741985601,0.9743589743589743,0.02564102564102564,5.465797677844334,15.0
pp_quantile_fixed,HOUSEHOLD_1_421_WI_3,556.5813950820691,521.437480753587,35.1439143284821,0.0,0.8950927930493072,0.8974358974358975,0.10256410256410256,6.68509590709727,67.0
pp_quantile_fixed,HOUSEHOLD_1_423_CA_4,296.2328876199879,296.2328876199879,0.0,0.0,1.0,1.0,0.0,3.797857533589588,13.0
pp_quantile_fixed,HOUSEHOLD_1_425_CA_4,607.1804696504489,494.69852196505326,112.4819476853956,0.0,0.7256537861331815,0.8076923076923077,0.19230769230769232,6.342288743141708,82.0
pp_quantile_fixed,HOUSEHOLD_1_431_TX_2,1596.0159903124045,1337.947628712619,258.0683615997856,0.0,0.7432155605972283,0.7948717948717948,0.20512820512820512,17.15317472708486,201.0
pp_quantile_fixed,HOUSEHOLD_1_433_WI_1,276.4575819995332,276.4575819995332,0.0,0.0,1.0,1.0,0.0,3.54432797435299,15.0
pp_quantile_fixed,HOUSEHOLD_1_437_WI_1,1175.445506999609,952.4440680563805,223.00143894322852,0.0,0.8026535938555499,0.7948717948717948,0.20512820512820512,12.210821385338212,226.0
pp_quantile_fixed,HOUSEHOLD_1_439_WI_3,2178.87251450027,2153.87251450027,25.0,0.0,0.9489795918367347,0.9743589743589743,0.02564102564102564,27.613750185900898,98.0
pp_quantile_fixed,HOUSEHOLD_1_442_CA_4,368.37164822890315,310.1054822200453,58.26616600885784,0.0,0.7955573122496216,0.8717948717948718,0.1282051282051282,3.975711310513401,57.0
pp_quantile_fixed,HOUSEHOLD_1_445_TX_3,1066.5075991060394,737.6378193034789,328.86977980256063,0.0,0.6405794756256168,0.717948717948718,0.28205128205128205,9.45689511927537,183.0
pp_quantile_fixed,HOUSEHOLD_1_448_CA_4,1153.0218169293398,1041.0650979375787,111.95671899176125,0.0,0.8222909222352995,0.8589743589743589,0.14102564102564102,13.346988435097163,126.0
pp_quantile_fixed,HOUSEHOLD_1_450_TX_2,850.6452079487101,769.8495553989424,80.79565254976772,0.0,0.7786420478088555,0.8461538461538461,0.15384615384615385,9.869866094858235,73.0
pp_quantile_fixed,HOUSEHOLD_1_458_CA_2,997.4766341019326,801.9503070161669,195.5263270857657,0.0,0.7509218763238654,0.782051282051282,0.21794871794871795,10.28141419251496,157.0
pp_quantile_fixed,HOUSEHOLD_1_459_WI_2,12712.706528266988,9988.773800303752,2723.932727963236,0.0,0.7688644269865731,0.717948717948718,0.28205128205128205,128.06120256799682,2357.0
pp_quantile_fixed,HOUSEHOLD_1_462_WI_1,2807.212531648538,2713.398058284813,93.81447336372489,0.0,0.7739410280392172,0.9615384615384616,0.038461538461538464,34.78715459339504,83.0
pp_quantile_fixed,HOUSEHOLD_1_467_CA_1,503.5581711360431,482.12424691919915,21.433924216843955,0.0,0.9260899164936415,0.9358974358974359,0.0641025641025641,6.181080088707682,58.0
pp_quantile_fixed,HOUSEHOLD_1_473_WI_2,3183.616801092836,2636.0414174230336,547.5753836698025,0.0,0.8137498695000672,0.7948717948717948,0.20512820512820512,33.79540278747479,588.0
pp_quantile_fixed,HOUSEHOLD_1_474_TX_2,7530.589281068814,6053.667869581419,1476.9214114873946,0.0,0.6714301642964638,0.7948717948717948,0.20512820512820512,77.61112653309512,899.0
pp_quantile_fixed,HOUSEHOLD_1_481_CA_1,810.8786079685915,648.5907383866795,162.28786958191193,0.0,0.7630834020702015,0.8076923076923077,0.19230769230769232,8.315265876752301,137.0
pp_quantile_fixed,HOUSEHOLD_1_482_WI_1,561.5799988982574,496.76064694979186,64.81935194846554,0.0,0.7974395251610452,0.8717948717948718,0.1282051282051282,6.36872624294605,64.0
pp_quantile_fixed,HOUSEHOLD_1_491_TX_1,563.9942589031714,501.1574616974577,62.83679720571371,0.0,0.8178643559254675,0.8974358974358975,0.10256410256410256,6.4250956627879185,69.0
pp_quantile_fixed,HOUSEHOLD_1_491_WI_3,473.63145035488196,461.6449375593368,11.986512795545119,0.0,0.9520539488178196,0.9615384615384616,0.038461538461538464,5.918524840504318,50.0
pp_quantile_fixed,HOUSEHOLD_1_492_WI_2,649.1837026512366,643.7682528406107,5.415449810625876,0.0,0.9166853875288327,0.9743589743589743,0.02564102564102564,8.253439138982188,13.0
pp_quantile_fixed,HOUSEHOLD_1_494_CA_2,1148.5582333081888,898.3921154635617,250.16611784462708,0.0,0.771537791922715,0.8076923076923077,0.19230769230769232,11.517847634148227,219.0
pp_quantile_fixed,HOUSEHOLD_1_494_TX_1,1447.286970263808,1199.5997870264623,247.68718323734555,0.0,0.8267921795543037,0.8076923076923077,0.19230769230769232,15.379484449057209,286.0
pp_quantile_fixed,HOUSEHOLD_1_500_TX_3,140.72245272300668,135.42398942603316,5.298463296973523,0.0,0.8233845567675493,0.9743589743589743,0.02564102564102564,1.7362049926414507,6.0
pp_quantile_fixed,HOUSEHOLD_1_501_TX_3,384.9342996224033,384.9342996224033,0.0,0.0,1.0,1.0,0.0,4.935055123364145,7.0
pp_quantile_fixed,HOUSEHOLD_1_503_WI_1,635.3826227513408,576.383253578732,58.99936917260877,0.0,0.8703310567634973,0.9102564102564102,0.08974358974358974,7.389528892035026,91.0
pp_quantile_fixed,HOUSEHOLD_1_504_CA_3,602.5155529039562,592.0232500888717,10.492302815084443,0.0,0.9344231074057222,0.9743589743589743,0.02564102564102564,7.590041667806047,32.0
pp_quantile_fixed,HOUSEHOLD_1_504_WI_3,733.6298468946933,730.4304371177031,3.199409776990123,0.0,0.9085882920859965,0.9871794871794872,0.01282051282051282,9.364492783560296,7.0
pp_quantile_fixed,HOUSEHOLD_1_507_WI_3,1001.0,1001.0,0.0,0.0,1.0,1.0,0.0,12.833333333333334,11.0
pp_quantile_fixed,HOUSEHOLD_1_510_CA_4,784.0961639914203,629.2473642717562,154.8487997196642,0.0,0.7440515707112988,0.8205128205128205,0.1794871794871795,8.06727390091995,121.0
pp_quantile_fixed,HOUSEHOLD_1_510_TX_1,707.8740972494446,684.9905630800553,22.883534169389375,0.0,0.94132427136054,0.9743589743589743,0.02564102564102564,8.781930295898144,78.0
pp_quantile_fixed,HOUSEHOLD_1_520_CA_1,470.9717147532921,437.5714289097946,33.40028584349749,0.0,0.8807132648446518,0.9102564102564102,0.08974358974358974,5.609890114228135,56.0
pp_quantile_fixed,HOUSEHOLD_1_521_CA_2,2989.5957261112403,2295.2502225552885,694.3455035559517,0.0,0.6661800463673309,0.7692307692307693,0.23076923076923078,29.42628490455498,416.0
pp_quantile_fixed,HOUSEHOLD_1_521_TX_3,8555.43550419735,8323.562489232088,231.8730149652616,0.0,0.9455697147968869,0.9102564102564102,0.08974358974358974,106.7123396055396,852.0
pp_quantile_fixed,HOUSEHOLD_1_527_WI_2,637.0390498429518,499.00603690389954,138.0330129390523,0.0,0.5686468345654616,0.8076923076923077,0.19230769230769232,6.397513293639737,64.0
pp_quantile_fixed,HOUSEHOLD_1_529_CA_2,764.8855745217815,617.0365955079042,147.84897901387728,0.0,0.6887389915497321,0.8205128205128205,0.1794871794871795,7.910725583434669,95.0
pp_quantile_fixed,HOUSEHOLD_1_531_TX_1,480.02245845476045,456.7881435277354,23.234314927025093,0.0,0.9170203038320531,0.9358974358974359,0.0641025641025641,5.856258250355582,56.0
pp_quantile_fixed,HOUSEHOLD_1_533_WI_1,518.0909301945276,512.8230300170615,5.267900177466069,0.0,0.9729851272950458,0.9743589743589743,0.02564102564102564,6.574654230987967,39.0
pp_quantile_fixed,HOUSEHOLD_1_534_CA_2,642.2117854324159,625.0072861823514,17.204499250064433,0.0,0.9478651537876835,0.9615384615384616,0.038461538461538464,8.012913925414763,66.0
pp_quantile_fixed,HOUSEHOLD_1_534_CA_4,394.66535944789575,350.25011605948646,44.41524338840927,0.0,0.8025989182737366,0.8846153846153846,0.11538461538461539,4.49038610332675,45.0
pp_quantile_fixed,HOUSEHOLD_1_534_TX_1,537.6658176804095,502.8168189031614,34.84899877724814,0.0,0.8116270336364966,0.9230769230769231,0.07692307692307693,6.4463694731174535,37.0
pp_quantile_fixed,HOUSEHOLD_1_537_CA_3,1254.4530194858667,1180.9660652372058,73.48695424866087,0.0,0.9214043270067798,0.9102564102564102,0.08974358974358974,15.140590579964178,187.0
pp_quantile_fixed,HOUSEHOLD_1_537_TX_1,877.7811136775723,843.7699312163033,34.011182461268916,0.0,0.9364276963340767,0.9358974358974359,0.0641025641025641,10.817563220721837,107.0
pp_quantile_fixed,HOUSEHOLD_1_541_CA_2,1112.9416372636579,1069.8297340536722,43.111903209985805,0.0,0.9550917674895981,0.9487179487179487,0.05128205128205128,13.715765821200925,192.0
pp_quantile_fixed,HOUSEHOLD_2_001_WI_2,240.3784182395145,240.002741808224,0.3756764312905281,0.0,0.9916516348602104,0.9871794871794872,0.01282051282051282,3.076958228310564,9.0
pp_quantile_fixed,HOUSEHOLD_2_004_CA_4,240.9195105549777,240.9195105549777,0.0,0.0,1.0,1.0,0.0,3.0887116737817655,6.0
pp_quantile_fixed,HOUSEHOLD_2_008_WI_2,439.75382640532376,439.75382640532376,0.0,0.0,1.0,1.0,0.0,5.637869569299022,0.0
pp_quantile_fixed,HOUSEHOLD_2_009_CA_1,335.83164172449585,280.5369335044521,55.29470822004373,0.0,0.7164373937433653,0.8589743589743589,0.14102564102564102,3.596627352621181,39.0
pp_quantile_fixed,HOUSEHOLD_2_010_CA_3,364.7009583797075,357.98717758861216,6.713780791095378,0.0,0.9389656291718602,0.9615384615384616,0.038461538461538464,4.589579199854002,22.0
pp_quantile_fixed,HOUSEHOLD_2_013_WI_3,142.00806769852952,133.40527678760054,8.60279091092897,0.0,0.8279441817814206,0.9743589743589743,0.02564102564102564,1.710324061379494,10.0
pp_quantile_fixed,HOUSEHOLD_2_015_CA_1,527.6769372895926,502.2627625730266,25.414174716566063,0.0,0.8983433011337357,0.9487179487179487,0.05128205128205128,6.439266186833674,50.0
pp_quantile_fixed,HOUSEHOLD_2_017_CA_1,446.2330207686796,446.2330207686796,0.0,0.0,1.0,1.0,0.0,5.72093616370102,29.0
pp_quantile_fixed,HOUSEHOLD_2_021_CA_2,833.0437275500652,833.0437275500652,0.0,0.0,1.0,1.0,0.0,10.6800477891034,31.0
pp_quantile_fixed,HOUSEHOLD_2_029_WI_2,470.2798334316149,442.3865837140764,27.893249717538513,0.0,0.8813053203509,0.9358974358974359,0.0641025641025641,5.671622868129185,47.0
pp_quantile_fixed,HOUSEHOLD_2_032_WI_2,275.47741564296706,275.47741564296706,0.0,0.0,1.0,1.0,0.0,3.5317617390123983,7.0
pp_quantile_fixed,HOUSEHOLD_2_034_CA_2,180.1314773702591,161.86125849665117,18.27021887360792,0.0,0.7969975680710231,0.9487179487179487,0.05128205128205128,2.075144339700656,18.0
pp_quantile_fixed,HOUSEHOLD_2_034_CA_3,328.93251165909874,319.7468039132378,9.185707745860952,0.0,0.8687756036305577,0.9615384615384616,0.038461538461538464,4.099317998887664,14.0
pp_quantile_fixed,HOUSEHOLD_2_038_TX_1,260.4181356622081,254.76891615072373,5.649219511484393,0.0,0.8972869179730111,0.9743589743589743,0.02564102564102564,3.2662681557785094,11.0
pp_quantile_fixed,HOUSEHOLD_2_042_WI_2,355.13749031620154,355.13749031620154,0.0,0.0,1.0,1.0,0.0,4.553044747643609,2.0
pp_quantile_fixed,HOUSEHOLD_2_043_TX_2,178.83974082084382,164.220954981772,14.618785839071817,0.0,0.8280142842462139,0.9615384615384616,0.038461538461538464,2.1053968587406664,17.0
pp_quantile_fixed,HOUSEHOLD_2_045_CA_4,275.6776095215274,247.611867578769,28.065741942758407,0.0,0.7045711374446483,0.9358974358974359,0.0641025641025641,3.1745111228047307,19.0
pp_quantile_fixed,HOUSEHOLD_2_047_TX_2,807.2064002762384,785.8972899410647,21.309110335173596,0.0,0.8934544483241321,0.9358974358974359,0.0641025641025641,10.075606281295702,40.0
pp_quantile_fixed,HOUSEHOLD_2_057_WI_3,290.7503134920232,281.31808678766373,9.432226704359499,0.0,0.8427962215940084,0.9743589743589743,0.02564102564102564,3.606642138303381,12.0
pp_quantile_fixed,HOUSEHOLD_2_058_TX_2,502.118309861906,480.39812447445627,21.720185387449767,0.0,0.9012718846025011,0.9358974358974359,0.0641025641025641,6.1589503137750805,44.0
pp_quantile_fixed,HOUSEHOLD_2_063_TX_2,227.85274475794375,227.85274475794375,0.0,0.0,1.0,1.0,0.0,2.9211890353582532,12.0
pp_quantile_fixed,HOUSEHOLD_2_067_CA_2,1086.0563223228653,1036.6251304016598,49.431191921205524,0.0,0.9084607557014712,0.9102564102564102,0.08974358974358974,13.290065774380254,108.0
pp_quantile_fixed,HOUSEHOLD_2_073_WI_3,158.8950099542399,154.1500071288436,4.745002825396285,0.0,0.6836664783069143,0.9871794871794872,0.01282051282051282,1.9762821426774821,3.0
pp_quantile_fixed,HOUSEHOLD_2_075_CA_4,446.4439213053254,414.7479673692134,31.695953936111955,0.0,0.833179189809937,0.9230769230769231,0.07692307692307693,5.317281632938633,38.0
pp_quantile_fixed,HOUSEHOLD_2_075_WI_3,561.3047690487158,549.5458111342382,11.758957914477639,0.0,0.9364380653271478,0.9615384615384616,0.038461538461538464,7.045459117105618,37.0
pp_quantile_fixed,HOUSEHOLD_2_077_CA_3,275.3726875633186,272.86488674541295,2.5078008179056477,0.0,0.9442710929354301,0.9871794871794872,0.01282051282051282,3.4982677787873455,9.0
pp_quantile_fixed,HOUSEHOLD_2_079_TX_1,210.85329072916952,207.22576928254878,3.6275214466207295,0.0,0.9481782650482753,0.9871794871794872,0.01282051282051282,2.6567406318275486,14.0
pp_quantile_fixed,HOUSEHOLD_2_087_CA_3,233.6766292329338,233.6766292329338,0.0,0.0,1.0,1.0,0.0,2.995854220935049,7.0
pp_quantile_fixed,HOUSEHOLD_2_089_TX_2,551.4931682311974,493.2250468794262,58.268121351771185,0.0,0.7955504513972941,0.9102564102564102,0.08974358974358974,6.32339803691572,57.0
pp_quantile_fixed,HOUSEHOLD_2_095_CA_2,508.57895377544,475.30372714739747,33.27522662804258,0.0,0.8336238668597872,0.9615384615384616,0.038461538461538464,6.093637527530737,40.0
pp_quantile_fixed,HOUSEHOLD_2_095_TX_3,349.3400591337479,348.81927255937654,0.5207865743713436,0.0,0.9958337074050293,0.9871794871794872,0.01282051282051282,4.472041955889443,25.0
pp_quantile_fixed,HOUSEHOLD_2_110_CA_1,1059.6148502121132,926.1874426312017,133.42740758091136,0.0,0.8402066975078906,0.8846153846153846,0.11538461538461539,11.874197982451305,167.0
pp_quantile_fixed,HOUSEHOLD_2_120_TX_2,405.8681291068922,398.47623235083137,7.391896756060801,0.0,0.9577605899653668,0.9743589743589743,0.02564102564102564,5.108669645523479,35.0
pp_quantile_fixed,HOUSEHOLD_2_123_TX_1,536.3442551231234,512.3581399758616,23.986115147261835,0.0,0.885780404060658,0.9358974358974359,0.0641025641025641,6.568694102254636,42.0
pp_quantile_fixed,HOUSEHOLD_2_129_CA_2,326.13527824188554,326.13527824188554,0.0,0.0,1.0,1.0,0.0,4.181221515921609,14.0
pp_quantile_fixed,HOUSEHOLD_2_138_CA_3,229.35064162885803,229.35064162885803,0.0,0.0,1.0,1.0,0.0,2.940392841395616,4.0
pp_quantile_fixed,HOUSEHOLD_2_139_TX_2,385.2207793186126,321.8447651644693,63.376014154143256,0.0,0.7303148333866244,0.8589743589743589,0.14102564102564102,4.126214938006017,47.0
pp_quantile_fixed,HOUSEHOLD_2_143_CA_1,299.4629786174063,269.18277421416894,30.28020440323737,0.0,0.7247254145160239,0.9230769230769231,0.07692307692307693,3.451061207873961,22.0
pp_quantile_fixed,HOUSEHOLD_2_146_WI_1,588.3409170901704,508.58999727149035,79.75091981868005,0.0,0.6455514674725331,0.8717948717948718,0.1282051282051282,6.520384580403722,45.0
pp_quantile_fixed,HOUSEHOLD_2_147_CA_3,271.2817057856054,271.2817057856054,0.0,0.0,1.0,1.0,0.0,3.4779705869949415,5.0
pp_quantile_fixed,HOUSEHOLD_2_149_TX_1,218.07915018045568,218.07915018045568,0.0,0.0,1.0,1.0,0.0,2.795886540775073,6.0
pp_quantile_fixed,HOUSEHOLD_2_150_CA_2,334.8430749049602,282.7229717603144,52.12010314464578,0.0,0.6841205870021467,0.9230769230769231,0.07692307692307693,3.624653484106595,33.0
pp_quantile_fixed,HOUSEHOLD_2_158_TX_3,254.3570522989296,254.3570522989296,0.0,0.0,1.0,1.0,0.0,3.260987849986277,0.0
pp_quantile_fixed,HOUSEHOLD_2_159_CA_2,590.6903193681119,576.7006136943094,13.989705673802533,0.0,0.9391751927225976,0.9743589743589743,0.02564102564102564,7.393597611465505,46.0
pp_quantile_fixed,HOUSEHOLD_2_160_WI_1,400.6830135096225,384.03056471661404,16.652448793008475,0.0,0.9187685424731292,0.9487179487179487,0.05128205128205128,4.923468778418129,41.0
pp_quantile_fixed,HOUSEHOLD_2_164_CA_1,585.0,575.0,10.0,0.0,0.8333333333333334,0.9743589743589743,0.02564102564102564,7.371794871794871,12.0
pp_quantile_fixed,HOUSEHOLD_2_176_TX_2,2157.1607735152174,1735.848946769604,421.31182674561364,0.0,0.6459564481129297,0.717948717948718,0.28205128205128205,22.254473676533387,238.0
pp_quantile_fixed,HOUSEHOLD_2_179_CA_1,275.7278333354595,275.04066856863193,0.6871647668275616,0.0,0.995091680236946,0.9871794871794872,0.01282051282051282,3.5261624175465633,28.0
pp_quantile_fixed,HOUSEHOLD_2_184_WI_3,487.8656600268918,480.215148571351,7.650511455540814,0.0,0.9667369067150399,0.9743589743589743,0.02564102564102564,6.156604468863474,46.0
pp_quantile_fixed,HOUSEHOLD_2_190_WI_1,766.7118344959564,765.1276231370706,1.5842113588858453,0.0,0.9927990392777916,0.9871794871794872,0.01282051282051282,9.809328501757316,44.0
pp_quantile_fixed,HOUSEHOLD_2_193_TX_1,589.2507951501412,582.7871896452539,6.463605504887395,0.0,0.941239949955569,0.9743589743589743,0.02564102564102564,7.471630636477614,22.0
pp_quantile_fixed,HOUSEHOLD_2_203_CA_1,694.8264590803451,499.0843708566089,195.74208822373618,0.0,0.46372030623633925,0.782051282051282,0.21794871794871795,6.39851757508473,73.0
pp_quantile_fixed,HOUSEHOLD_2_207_WI_3,158.87510346460704,158.87510346460704,0.0,0.0,1.0,1.0,0.0,2.0368603008282955,3.0
pp_quantile_fixed,HOUSEHOLD_2_208_CA_3,276.1246612710427,274.2975095676028,1.8271517034399265,0.0,0.959396628812446,0.9871794871794872,0.01282051282051282,3.5166347380461898,9.0
pp_quantile_fixed,HOUSEHOLD_2_217_TX_1,1064.785853675799,968.5578399925546,96.22801368324451,0.0,0.7908086659059902,0.8589743589743589,0.14102564102564102,12.417408205032752,92.0
pp_quantile_fixed,HOUSEHOLD_2_218_CA_1,247.0,237.0,10.0,0.0,0.6666666666666666,0.9743589743589743,0.02564102564102564,3.0384615384615383,6.0
pp_quantile_fixed,HOUSEHOLD_2_224_TX_1,175.34187455139391,170.34187455139391,5.0,0.0,0.8333333333333334,0.9871794871794872,0.01282051282051282,2.1838701865563324,6.0
pp_quantile_fixed,HOUSEHOLD_2_226_TX_3,517.2847086455854,516.8685359627854,0.4161726828000267,0.0,0.9970273379799998,0.9871794871794872,0.01282051282051282,6.626519691830581,28.0
pp_quantile_fixed,HOUSEHOLD_2_226_WI_1,344.2501226420601,271.28516621940065,72.96495642265944,0.0,0.6258207362940541,0.8589743589743589,0.14102564102564102,3.4780149515307777,39.0
pp_quantile_fixed,HOUSEHOLD_2_234_WI_3,318.2588410009817,315.8484924622333,2.4103485387483925,0.0,0.9464366991389246,0.9871794871794872,0.01282051282051282,4.049339646951709,9.0
pp_quantile_fixed,HOUSEHOLD_2_237_CA_2,335.6238904635096,335.6238904635096,0.0,0.0,1.0,1.0,0.0,4.302870390557816,12.0
pp_quantile_fixed,HOUSEHOLD_2_238_CA_1,305.42385458446233,278.7131423670466,26.710712217415757,0.0,0.8219285852172281,0.9102564102564102,0.08974358974358974,3.5732454149621358,30.0
pp_quantile_fixed,HOUSEHOLD_2_241_CA_2,303.4781097528284,295.2740002883462,8.204109464482219,0.0,0.9088432281724198,0.9871794871794872,0.01282051282051282,3.785564106260849,18.0
pp_quantile_fixed,HOUSEHOLD_2_249_WI_1,512.0,512.0,0.0,0.0,1.0,1.0,0.0,6.564102564102564,7.0
pp_quantile_fixed,HOUSEHOLD_2_257_TX_1,318.4239133835556,300.0364466290979,18.387466754457726,0.0,0.900608287813742,0.9487179487179487,0.05128205128205128,3.84662111062946,37.0
pp_quantile_fixed,HOUSEHOLD_2_259_CA_2,691.5863239477801,640.9359665612675,50.65035738651262,0.0,0.8191058664767407,0.9230769230769231,0.07692307692307693,8.217127776426507,56.0
pp_quantile_fixed,HOUSEHOLD_2_259_TX_3,225.24261896097585,221.74849403952376,3.4941249214520975,0.0,0.941764584642465,0.9871794871794872,0.01282051282051282,2.842929410763125,12.0
pp_quantile_fixed,HOUSEHOLD_2_260_WI_1,221.4453672676139,219.58315154613763,1.8622157214762725,0.0,0.9767223034815466,0.9743589743589743,0.02564102564102564,2.815168609565867,16.0
pp_quantile_fixed,HOUSEHOLD_2_263_TX_2,494.59679061122483,476.2796823948928,18.31710821633201,0.0,0.8334808343969816,0.9615384615384616,0.038461538461538464,6.106149774293497,22.0
pp_quantile_fixed,HOUSEHOLD_2_263_TX_3,556.1887068496255,556.1887068496255,0.0,0.0,1.0,1.0,0.0,7.130624446790071,6.0
pp_quantile_fixed,HOUSEHOLD_2_264_WI_3,284.14336114326073,269.55838291206413,14.58497823119659,0.0,0.9142060104047258,0.9487179487179487,0.05128205128205128,3.455876704000822,34.0
pp_quantile_fixed,HOUSEHOLD_2_265_WI_1,338.39918230962184,309.68884302145364,28.71033928816822,0.0,0.7791512362448599,0.9615384615384616,0.038461538461538464,3.970369782326329,26.0
pp_quantile_fixed,HOUSEHOLD_2_275_CA_2,537.419347704058,502.45698019112774,34.96236751293033,0.0,0.8543234686961236,0.9230769230769231,0.07692307692307693,6.44175615629651,48.0
pp_quantile_fixed,HOUSEHOLD_2_280_TX_2,392.97209841265925,384.9154973777047,8.056601034954562,0.0,0.9462893264336363,0.9743589743589743,0.02564102564102564,4.934814068944932,30.0
pp_quantile_fixed,HOUSEHOLD_2_280_WI_3,223.56498935646744,217.38487104992925,6.180118306538178,0.0,0.9227485211682729,0.9743589743589743,0.02564102564102564,2.786985526281144,16.0
pp_quantile_fixed,HOUSEHOLD_2_288_TX_3,389.22237341736127,389.22237341736127,0.0,0.0,1.0,1.0,0.0,4.990030428427708,13.0
pp_quantile_fixed,HOUSEHOLD_2_294_CA_1,1422.2620468582031,1417.8136968224287,4.448350035774453,0.0,0.9920565177932599,0.9871794871794872,0.01282051282051282,18.177098677210626,112.0
pp_quantile_fixed,HOUSEHOLD_2_294_WI_3,799.9126125989862,737.5905298151613,62.32208278382501,0.0,0.8845887355855092,0.8846153846153846,0.11538461538461539,9.456288843784119,108.0
pp_quantile_fixed,HOUSEHOLD_2_307_TX_1,198.3476199966454,198.3476199966454,0.0,0.0,1.0,1.0,0.0,2.5429182050851975,3.0
pp_quantile_fixed,HOUSEHOLD_2_308_WI_3,283.37847021407197,249.50193387578784,33.87653633828411,0.0,0.6014525136672458,0.9358974358974359,0.0641025641025641,3.19874274199728,17.0
pp_quantile_fixed,HOUSEHOLD_2_311_TX_2,554.7683514069316,520.3305365579603,34.437814848971314,0.0,0.8233958212873267,0.9487179487179487,0.05128205128205128,6.670904314845645,39.0
pp_quantile_fixed,HOUSEHOLD_2_314_TX_1,387.4265339495058,363.646465322803,23.780068626702832,0.0,0.7621993137329717,0.9615384615384616,0.038461538461538464,4.6621341708051665,20.0
pp_quantile_fixed,HOUSEHOLD_2_316_CA_4,128.60688003910025,121.00239473618174,7.604485302918493,0.0,0.9155057188564611,0.9743589743589743,0.02564102564102564,1.5513127530279711,18.0
pp_quantile_fixed,HOUSEHOLD_2_326_TX_2,263.27171858204827,255.8388741736263,7.432844408421961,0.0,0.9008954078877073,0.9743589743589743,0.02564102564102564,3.279985566328542,15.0
pp_quantile_fixed,HOUSEHOLD_2_330_CA_2,435.59802999265526,435.59802999265526,0.0,0.0,1.0,1.0,0.0,5.584590128110965,16.0
pp_quantile_fixed,HOUSEHOLD_2_333_WI_2,425.8445301717045,425.8445301717045,0.0,0.0,1.0,1.0,0.0,5.4595452586115965,17.0
pp_quantile_fixed,HOUSEHOLD_2_337_CA_2,237.20671747125235,232.14961572253068,5.057101748721666,0.0,0.9610992173175256,0.9743589743589743,0.02564102564102564,2.9762771246478295,26.0
pp_quantile_fixed,HOUSEHOLD_2_338_WI_3,492.90220533074773,483.38007150820937,9.522133822538358,0.0,0.8268702941356662,0.9871794871794872,0.01282051282051282,6.1971804039514025,11.0
pp_quantile_fixed,HOUSEHOLD_2_342_CA_1,569.1188299349983,541.5969730140591,27.521856920939136,0.0,0.880339752517656,0.9358974358974359,0.0641025641025641,6.943550936077681,46.0
pp_quantile_fixed,HOUSEHOLD_2_345_CA_1,408.5151751457104,381.5156754381701,26.99949970754031,0.0,0.8650025014622983,0.9358974358974359,0.0641025641025641,4.891226608181668,40.0
pp_quantile_fixed,HOUSEHOLD_2_346_TX_3,581.807290903625,545.9741722252556,35.83311867836937,0.0,0.9166671658642572,0.9615384615384616,0.038461538461538464,6.999668874682764,86.0
pp_quantile_fixed,HOUSEHOLD_2_348_TX_1,648.1777888561387,588.354732293002,59.82305656313664,0.0,0.8240498336378335,0.8846153846153846,0.11538461538461539,7.543009388371821,68.0
pp_quantile_fixed,HOUSEHOLD_2_354_TX_1,381.563440396282,372.74073773401665,8.822702662265316,0.0,0.9197936121612245,0.9743589743589743,0.02564102564102564,4.778727406846367,22.0
pp_quantile_fixed,HOUSEHOLD_2_354_TX_2,908.9764199853698,825.8194987521417,83.1569212332281,0.0,0.6673723150670875,0.8846153846153846,0.11538461538461539,10.587429471181304,50.0
pp_quantile_fixed,HOUSEHOLD_2_355_CA_3,403.6005709174709,396.67463616374096,6.925934753729983,0.0,0.9522349327328967,0.9871794871794872,0.01282051282051282,5.085572258509499,29.0
pp_quantile_fixed,HOUSEHOLD_2_355_TX_2,266.37180821192584,266.37180821192584,0.0,0.0,1.0,1.0,0.0,3.415023182204177,21.0
pp_quantile_fixed,HOUSEHOLD_2_358_CA_4,172.36134771951296,172.36134771951296,0.0,0.0,1.0,1.0,0.0,2.209760868198884,1.0
pp_quantile_fixed,HOUSEHOLD_2_358_WI_2,333.1997866321076,328.34738856276994,4.852398069337676,0.0,0.939345024133279,0.9743589743589743,0.02564102564102564,4.209581904650896,16.0
pp_quantile_fixed,HOUSEHOLD_2_370_TX_2,188.50569085698152,173.5578662033222,14.947824653659335,0.0,0.8700189160551363,0.9615384615384616,0.038461538461538464,2.225100848760541,23.0
pp_quantile_fixed,HOUSEHOLD_2_373_WI_3,280.7910613264973,280.7910613264973,0.0,0.0,1.0,1.0,0.0,3.5998854016217603,10.0
pp_quantile_fixed,HOUSEHOLD_2_382_TX_3,583.5291593670552,563.343208217266,20.185951149789183,0.0,0.9061118551172597,0.9487179487179487,0.05128205128205128,7.222348823298282,43.0
pp_quantile_fixed,HOUSEHOLD_2_385_WI_1,237.5394262471896,235.64751707083752,1.8919091763520623,0.0,0.9747745443153059,0.9871794871794872,0.01282051282051282,3.0211220137286863,15.0
pp_quantile_fixed,HOUSEHOLD_2_392_CA_4,271.568038948874,263.7583814261398,7.809657522734216,0.0,0.8438068495453157,0.9743589743589743,0.02564102564102564,3.381517710591536,10.0
pp_quantile_fixed,HOUSEHOLD_2_396_TX_3,201.78836224856468,154.14799771545248,47.64036453311221,0.0,0.5462822425417885,0.8846153846153846,0.11538461538461539,1.9762563809673395,21.0
pp_quantile_fixed,HOUSEHOLD_2_396_WI_2,161.3554416287434,153.5274663656314,7.827975263112004,0.0,0.7390674912295999,0.9743589743589743,0.02564102564102564,1.9683008508414281,6.0
pp_quantile_fixed,HOUSEHOLD_2_397_WI_2,276.0116195369351,272.1287886477061,3.8828308892290075,0.0,0.8058584555385496,0.9871794871794872,0.01282051282051282,3.4888306236885396,4.0
pp_quantile_fixed,HOUSEHOLD_2_401_TX_3,632.70695292864,559.620444415745,73.08650851289491,0.0,0.8195394851533458,0.9102564102564102,0.08974358974358974,7.174621082253141,81.0
pp_quantile_fixed,HOUSEHOLD_2_405_CA_4,274.14366124411526,270.29542973296816,3.8482315111471244,0.0,0.9230353697770575,0.9871794871794872,0.01282051282051282,3.4653260222175404,10.0
pp_quantile_fixed,HOUSEHOLD_2_412_CA_1,287.1251003732591,283.1592307875159,3.9658695857431647,0.0,0.8678043471418945,0.9871794871794872,0.01282051282051282,3.6302465485578965,6.0
pp_quantile_fixed,HOUSEHOLD_2_417_TX_1,165.72958050850048,160.65841748442162,5.071163024078849,0.0,0.7971534790368461,0.9743589743589743,0.02564102564102564,2.0597233010823284,5.0
pp_quantile_fixed,HOUSEHOLD_2_418_CA_2,488.0835286236231,488.0835286236231,0.0,0.0,1.0,1.0,0.0,6.257481136200297,21.0
pp_quantile_fixed,HOUSEHOLD_2_420_CA_3,689.6112410985347,619.6112410985347,70.0,0.0,0.6111111111111112,0.9358974358974359,0.0641025641025641,7.943733860237624,36.0
pp_quantile_fixed,HOUSEHOLD_2_424_CA_1,282.9391159885393,259.56378729924126,23.37532868929802,0.0,0.7874970119154725,0.9358974358974359,0.0641025641025641,3.3277408628107854,22.0
pp_quantile_fixed,HOUSEHOLD_2_424_CA_4,282.5346368861218,266.8000682425662,15.734568643555576,0.0,0.6853086271288885,0.9487179487179487,0.05128205128205128,3.4205136954175157,10.0
pp_quantile_fixed,HOUSEHOLD_2_428_CA_4,161.50152173652788,161.50152173652788,0.0,0.0,1.0,1.0,0.0,2.0705323299554856,0.0
pp_quantile_fixed,HOUSEHOLD_2_429_WI_3,226.6544362936773,226.6544362936773,0.0,0.0,1.0,1.0,0.0,2.905826106329196,10.0
pp_quantile_fixed,HOUSEHOLD_2_432_TX_3,307.05907070108225,298.3808327845291,8.678237916553147,0.0,0.9357167561736803,0.9743589743589743,0.02564102564102564,3.8253952921093477,27.0
pp_quantile_fixed,HOUSEHOLD_2_436_CA_2,658.7513461583438,646.7023748315615,12.048971326782336,0.0,0.9365843614379877,0.9743589743589743,0.02564102564102564,8.291056087584122,38.0
pp_quantile_fixed,HOUSEHOLD_2_440_TX_2,1324.1596064079506,1182.224688938788,141.93491746916268,0.0,0.8094833322561575,0.8846153846153846,0.11538461538461539,15.156726781266512,149.0
pp_quantile_fixed,HOUSEHOLD_2_445_WI_2,289.8419583532045,289.8419583532045,0.0,0.0,1.0,1.0,0.0,3.7159225429898015,2.0
pp_quantile_fixed,HOUSEHOLD_2_446_CA_3,307.13224999649856,295.7146540432199,11.417595953278628,0.0,0.8243446776418673,0.9615384615384616,0.038461538461538464,3.7912135133746143,13.0
pp_quantile_fixed,HOUSEHOLD_2_451_TX_1,656.7029133946602,540.4870958378739,116.21581755678628,0.0,0.7743382183363373,0.8333333333333334,0.16666666666666666,6.929321741511203,103.0
pp_quantile_fixed,HOUSEHOLD_2_451_WI_2,608.7052611813616,534.1612535627488,74.54400761861278,0.0,0.8286344652445683,0.8461538461538461,0.15384615384615385,6.8482211995224205,87.0
pp_quantile_fixed,HOUSEHOLD_2_459_WI_3,133.18757029488282,130.28404210824928,2.903528186633535,0.0,0.9274117953341616,0.9871794871794872,0.01282051282051282,1.6703082321570422,8.0
pp_quantile_fixed,HOUSEHOLD_2_462_CA_4,286.3809509123949,277.4964032722068,8.8845476401881,0.0,0.8384627701783981,0.9615384615384616,0.038461538461538464,3.557646195797523,11.0
pp_quantile_fixed,HOUSEHOLD_2_462_TX_2,205.39739282580706,191.9428977815746,13.454495044232456,0.0,0.79300776855027,0.9358974358974359,0.0641025641025641,2.460806381815059,13.0
pp_quantile_fixed,HOUSEHOLD_2_465_CA_1,568.5781304135573,518.6270580500843,49.951072363473074,0.0,0.8864748355375611,0.9358974358974359,0.0641025641025641,6.6490648467959526,88.0
pp_quantile_fixed,HOUSEHOLD_2_468_TX_2,414.80945731962356,375.9241477696304,38.88530954999314,0.0,0.8148318592857471,0.9230769230769231,0.07692307692307693,4.8195403560209025,42.0
pp_quantile_fixed,HOUSEHOLD_2_470_WI_2,765.8412405036098,760.8412405036098,5.0,0.0,0.9772727272727273,0.9871794871794872,0.01282051282051282,9.754374878251408,44.0
pp_quantile_fixed,HOUSEHOLD_2_475_CA_3,463.16138221642507,463.16138221642507,0.0,0.0,1.0,1.0,0.0,5.937966438672116,20.0
pp_quantile_fixed,HOUSEHOLD_2_476_WI_2,298.60455330783344,264.2702881464843,34.334265161349144,0.0,0.6385866825121143,0.9230769230769231,0.07692307692307693,3.388080617262619,19.0
pp_quantile_fixed,HOUSEHOLD_2_478_TX_2,270.31858224228665,267.85186884133117,2.466713400955496,0.0,0.9620505630622233,0.9743589743589743,0.02564102564102564,3.4339983184786047,13.0
pp_quantile_fixed,HOUSEHOLD_2_480_TX_1,342.88054495425473,335.86467903216385,7.015865922090891,0.0,0.906455121038788,0.9743589743589743,0.02564102564102564,4.30595742348928,15.0
pp_quantile_fixed,HOUSEHOLD_2_483_TX_1,677.1474911187876,555.9864843517613,121.1610067670263,0.0,0.7527326392509668,0.8076923076923077,0.19230769230769232,7.128031850663606,98.0
pp_quantile_fixed,HOUSEHOLD_2_488_WI_3,265.5112073569401,265.5112073569401,0.0,0.0,1.0,1.0,0.0,3.403989837909488,14.0
pp_quantile_fixed,HOUSEHOLD_2_490_WI_1,719.5274559491015,571.0563555558788,148.47110039322274,0.0,0.7661872434752398,0.8461538461538461,0.15384615384615385,7.321235327639472,127.0
pp_quantile_fixed,HOUSEHOLD_2_491_TX_3,540.2173350679298,503.1162429115851,37.10109215634462,0.0,0.8097379889418225,0.9102564102564102,0.08974358974358974,6.4502082424562195,39.0
pp_quantile_fixed,HOUSEHOLD_2_505_CA_4,359.53751368606544,359.53751368606544,0.0,0.0,1.0,1.0,0.0,4.609455303667506,9.0
pp_quantile_fixed,HOUSEHOLD_2_507_CA_1,671.4790707189862,583.1443390237756,88.33473169521066,0.0,0.7363142337456398,0.8717948717948718,0.1282051282051282,7.47620947466379,67.0
pp_quantile_fixed,HOUSEHOLD_2_509_TX_1,368.7672196516025,368.44199481428114,0.32522483732132734,0.0,0.9981931953482148,0.9871794871794872,0.01282051282051282,4.7236153181318095,36.0
pp_quantile_fixed,HOUSEHOLD_2_509_WI_1,196.7093315850193,183.38569783827964,13.323633746739663,0.0,0.6669091563315084,0.9743589743589743,0.02564102564102564,2.3510986902343545,8.0
pp_quantile_fixed,HOUSEHOLD_2_509_WI_2,229.296837278919,224.48944514343503,4.807392135483967,0.0,0.9313229694930862,0.9871794871794872,0.01282051282051282,2.8780698095312185,14.0
pp_quantile_fixed,HOUSEHOLD_2_510_CA_2,587.346379937775,541.7975691955123,45.548810742262724,0.0,0.8401796114306571,0.9102564102564102,0.08974358974358974,6.946122681993748,57.0
pp_quantile_calibrated,FOODS_1_008_CA_1,423.3963006445244,418.68454732678634,4.711753317738054,0.0,0.9623059734580955,0.9743589743589743,0.02564102564102564,5.367750606753671,25.0
pp_quantile_calibrated,FOODS_1_010_CA_3,449.1720186509283,408.55439330464,40.617625346288314,0.0,0.8153744302441439,0.8974358974358975,0.10256410256410256,5.237876837238974,44.0
pp_quantile_calibrated,FOODS_1_010_WI_3,755.3682470925055,692.5937861838469,62.77446090865861,0.0,0.7717292330594233,0.9487179487179487,0.05128205128205128,8.879407515177524,55.0
pp_quantile_calibrated,FOODS_1_013_WI_1,1193.7130663919177,1120.5142212162891,73.19884517562859,0.0,0.8828818477189943,0.8846153846153846,0.11538461538461539,14.365566938670373,125.0
pp_quantile_calibrated,FOODS_1_014_WI_3,848.3110809605631,772.9882887182664,75.32279224229669,0.0,0.8268441557648352,0.9230769230769231,0.07692307692307693,9.9101062656188,87.0
pp_quantile_calibrated,FOODS_1_022_WI_3,317.5278022497296,317.5278022497296,0.0,0.0,1.0,1.0,0.0,4.070869259611918,1.0
pp_quantile_calibrated,FOODS_1_024_TX_1,574.913546308723,507.67686887590804,67.23667743281499,0.0,0.7462766889327738,0.8974358974358975,0.10256410256410256,6.508677806101385,53.0
pp_quantile_calibrated,FOODS_1_025_TX_1,555.8791789236537,527.1464517419266,28.73272718172708,0.0,0.8693966946285133,0.9358974358974359,0.0641025641025641,6.758287842845213,44.0
pp_quantile_calibrated,FOODS_1_025_WI_1,994.0452856003855,994.0452856003855,0.0,0.0,1.0,1.0,0.0,12.74417032821007,33.0
pp_quantile_calibrated,FOODS_1_032_CA_2,2292.6127348202344,1922.251689661387,370.3610451588475,0.0,0.8045588152196056,0.8076923076923077,0.19230769230769232,24.644252431556243,379.0
pp_quantile_calibrated,FOODS_1_040_TX_1,689.8881202581251,634.666825016472,55.221295241653095,0.0,0.7306278280894971,0.8974358974358975,0.10256410256410256,8.136754166877846,41.0
pp_quantile_calibrated,FOODS_1_043_CA_3,11807.398304250757,11807.398304250757,0.0,0.0,1.0,1.0,0.0,151.37690133654817,42.0
pp_quantile_calibrated,FOODS_1_045_CA_3,1595.140830894978,1595.140830894978,0.0,0.0,1.0,1.0,0.0,20.450523473012538,133.0
pp_quantile_calibrated,FOODS_1_045_WI_2,1020.082357949847,989.3937861886341,30.688571761213,0.0,0.9431693115533093,0.9487179487179487,0.05128205128205128,12.684535720367103,108.0
pp_quantile_calibrated,FOODS_1_046_WI_3,2286.2529719345107,2013.0441573476676,273.20881458684323,0.0,0.797623100306042,0.782051282051282,0.21794871794871795,25.8082584275342,270.0
pp_quantile_calibrated,FOODS_1_047_TX_2,682.0857544602128,675.1945935873048,6.89116087290806,0.0,0.9777704487970708,0.9743589743589743,0.02564102564102564,8.656340943426985,62.0
pp_quantile_calibrated,FOODS_1_054_CA_1,890.6734389863391,607.5524328800686,283.12100610627044,0.0,0.5774313341697456,0.7435897435897436,0.2564102564102564,7.789133754872675,134.0
pp_quantile_calibrated,FOODS_1_054_TX_3,586.2159967750918,569.9203242608131,16.295672514278642,0.0,0.9068818713469792,0.9615384615384616,0.038461538461538464,7.306670823856578,35.0
pp_quantile_calibrated,FOODS_1_055_WI_2,1480.8934702198358,1310.0680106732077,170.82545954662817,0.0,0.7487860889020174,0.8461538461538461,0.15384615384615385,16.795743726579587,136.0
pp_quantile_calibrated,FOODS_1_056_WI_1,946.5439768923303,946.5439768923303,0.0,0.0,1.0,1.0,0.0,12.135179190927312,1.0
pp_quantile_calibrated,FOODS_1_057_CA_2,1744.101189028659,1744.101189028659,0.0,0.0,1.0,1.0,0.0,22.360271654213577,3.0
pp_quantile_calibrated,FOODS_1_060_CA_4,572.8734333900096,572.8734333900096,0.0,0.0,1.0,1.0,0.0,7.344531197307815,39.0
pp_quantile_calibrated,FOODS_1_062_TX_2,474.8658387243015,443.3495430602957,31.516295664005813,0.0,0.8658881035574222,0.9743589743589743,0.02564102564102564,5.683968500773021,47.0
pp_quantile_calibrated,FOODS_1_064_WI_3,414.0025617023409,413.42430437905415,0.5782573232867838,0.0,0.9935749186301468,0.9871794871794872,0.01282051282051282,5.300311594603258,18.0
pp_quantile_calibrated,FOODS_1_066_WI_1,1174.8909948975663,1031.4090383417415,143.48195655582475,0.0,0.8291881469573515,0.8461538461538461,0.15384615384615385,13.223192799253097,168.0
pp_quantile_calibrated,FOODS_1_069_CA_3,2164.7753195293863,1734.598665281858,430.17665424752835,0.0,0.7344588554027602,0.782051282051282,0.21794871794871795,22.23844442669049,324.0
pp_quantile_calibrated,FOODS_1_078_TX_2,565.0131674315713,535.0131674315713,30.0,0.0,0.8604651162790697,0.9487179487179487,0.05128205128205128,6.859143172199633,43.0
pp_quantile_calibrated,FOODS_1_081_WI_1,504.1019719380404,442.29842382575066,61.80354811228969,0.0,0.8155117966797323,0.9102564102564102,0.08974358974358974,5.67049261315065,67.0
pp_quantile_calibrated,FOODS_1_083_WI_3,1451.972057482595,1430.1143589867036,21.857698495891267,0.0,0.9524832641393668,0.9615384615384616,0.038461538461538464,18.334799474188507,92.0
pp_quantile_calibrated,FOODS_1_085_CA_4,2950.0572466996905,2191.4822277275684,758.5750189721219,0.0,0.7807586650369591,0.717948717948718,0.28205128205128205,28.095925996507287,692.0
pp_quantile_calibrated,FOODS_1_086_CA_2,1405.049111486395,1271.4522933199194,133.59681816647569,0.0,0.8629776223933583,0.8589743589743589,0.14102564102564102,16.300670427178453,195.0
pp_quantile_calibrated,FOODS_1_086_WI_2,1722.522978805711,1386.7645296843236,335.75844912138746,0.0,0.7345783010898123,0.7564102564102564,0.24358974358974358,17.779032431850304,253.0
pp_quantile_calibrated,FOODS_1_089_CA_1,598.2937230975357,582.6451867568447,15.648536340690917,0.0,0.9021966478706818,0.9615384615384616,0.038461538461538464,7.4698100866262145,32.0
pp_quantile_calibrated,FOODS_1_091_TX_3,637.1878113875132,637.1878113875132,0.0,0.0,1.0,1.0,0.0,8.169074504968117,4.0
pp_quantile_calibrated,FOODS_1_094_WI_1,486.79913363802746,420.4547408798458,66.34439275818164,0.0,0.7989563855812677,0.8846153846153846,0.11538461538461539,5.390445395895459,66.0
pp_quantile_calibrated,FOODS_1_098_CA_2,505.7442324123527,505.7442324123527,0.0,0.0,1.0,1.0,0.0,6.483900415542983,13.0
pp_quantile_calibrated,FOODS_1_098_TX_1,369.65944323946735,288.9058495089171,80.75359373055026,0.0,0.7262590043032194,0.8846153846153846,0.11538461538461539,3.703921147550219,59.0
pp_quantile_calibrated,FOODS_1_099_CA_2,3417.6965949124487,2670.946945352762,746.7496495596863,0.0,0.7790681510178443,0.7435897435897436,0.2564102564102564,34.242909555804644,676.0
pp_quantile_calibrated,FOODS_1_099_TX_1,2785.2044520837976,2161.7699311301203,623.4345209536774,0.0,0.6867163211288053,0.6794871794871795,0.32051282051282054,27.714999117052823,398.0
pp_quantile_calibrated,FOODS_1_101_CA_1,1834.2725146419273,1834.2725146419273,0.0,0.0,1.0,1.0,0.0,23.51631429028112,0.0
pp_quantile_calibrated,FOODS_1_102_TX_2,579.1887768437188,498.29209210277486,80.89668474094393,0.0,0.7620685742913414,0.8461538461538461,0.15384615384615385,6.38836015516378,68.0
pp_quantile_calibrated,FOODS_1_106_CA_1,856.6629765454677,676.56257693856,180.10039960690773,0.0,0.6695405511799858,0.7692307692307693,0.23076923076923078,8.673879191520001,109.0
pp_quantile_calibrated,FOODS_1_107_TX_2,664.0051436260429,664.0051436260429,0.0,0.0,1.0,1.0,0.0,8.51288645674414,28.0
pp_quantile_calibrated,FOODS_1_111_WI_2,318.06244317413996,318.06244317413996,0.0,0.0,1.0,1.0,0.0,4.077723630437692,9.0
pp_quantile_calibrated,FOODS_1_119_WI_1,692.2843603601655,578.6370346085987,113.64732575156675,0.0,0.6448521070263539,0.8461538461538461,0.15384615384615385,7.41842352062306,64.0
pp_quantile_calibrated,FOODS_1_122_WI_3,960.2690752477006,805.4217832476658,154.84729200003488,0.0,0.693371699009832,0.782051282051282,0.21794871794871795,10.325920298046997,101.0
pp_quantile_calibrated,FOODS_1_131_CA_1,611.6099453671044,602.0300261212849,9.579919245819442,0.0,0.9669657957040709,0.9743589743589743,0.02564102564102564,7.718333668221601,58.0
pp_quantile_calibrated,FOODS_1_132_WI_3,470.93263566398133,403.9624709680159,66.97016469596542,0.0,0.7472823973737155,0.8717948717948718,0.1282051282051282,5.179006038051486,53.0
pp_quantile_calibrated,FOODS_1_134_CA_2,493.6615708196449,450.4843981691297,43.17717265051522,0.0,0.8671471610753378,0.9358974358974359,0.0641025641025641,5.775441002168329,65.0
pp_quantile_calibrated,FOODS_1_139_TX_3,1252.7634501831637,894.3721665091605,358.3912836740033,0.0,0.6146330283075233,0.7307692307692307,0.2692307692307692,11.466309827040519,186.0
pp_quantile_calibrated,FOODS_1_143_CA_1,1269.8271368582236,1123.6124700898865,146.21466676833722,0.0,0.7641698923091336,0.8974358974358975,0.10256410256410256,14.405288078075468,124.0
pp_quantile_calibrated,FOODS_1_143_WI_2,871.7820319767287,871.7820319767287,0.0,0.0,1.0,1.0,0.0,11.176692717650369,34.0
pp_quantile_calibrated,FOODS_1_147_TX_2,289.7366900678681,264.7546113199558,24.982078747912283,0.0,0.857245264297644,0.9358974358974359,0.0641025641025641,3.394289888717382,35.0
pp_quantile_calibrated,FOODS_1_149_CA_3,1386.6168511389867,1330.5995969559633,56.017254183023354,0.0,0.9144774745297354,0.9615384615384616,0.038461538461538464,17.05896919174312,131.0
pp_quantile_calibrated,FOODS_1_156_TX_3,505.2415110606685,449.53662043229235,55.70489062837609,0.0,0.767896289048433,0.8846153846153846,0.11538461538461539,5.76329000554221,48.0
pp_quantile_calibrated,FOODS_1_159_CA_4,717.8070958477064,709.5923956244133,8.214700223293141,0.0,0.8826471396672408,0.9871794871794872,0.01282051282051282,9.097338405441196,14.0
pp_quantile_calibrated,FOODS_1_161_CA_4,4487.8545312272245,4258.622498436814,229.2320327904107,0.0,0.8525839017425011,0.9230769230769231,0.07692307692307693,54.59772433893351,311.0
pp_quantile_calibrated,FOODS_1_161_WI_3,2960.8065345983123,2444.182363931482,516.6241706668304,0.0,0.788268782513594,0.717948717948718,0.28205128205128205,31.335671332454897,488.0
pp_quantile_calibrated,FOODS_1_168_WI_1,499.211056820732,466.4978177619266,32.71323905880534,0.0,0.7955422558824666,0.9230769230769231,0.07692307692307693,5.980741253358033,32.0
pp_quantile_calibrated,FOODS_1_174_TX_2,310.1744467886123,290.10814684784185,20.066299940770442,0.0,0.8783860609650277,0.9615384615384616,0.038461538461538464,3.7193352159979725,33.0
pp_quantile_calibrated,FOODS_1_175_CA_3,897.3946146588563,869.3719484587808,28.022666200075506,0.0,0.9332793661902964,0.9487179487179487,0.05128205128205128,11.14579421101001,84.0
pp_quantile_calibrated,FOODS_1_183_CA_2,1014.5010275772154,923.0521797315172,91.44884784569823,0.0,0.8684189239630241,0.8974358974358975,0.10256410256410256,11.83400230425022,139.0
pp_quantile_calibrated,FOODS_1_183_CA_4,720.5820362224316,655.0472627677647,65.53477345466695,0.0,0.855967530868864,0.8846153846153846,0.11538461538461539,8.398041830355957,91.0
pp_quantile_calibrated,FOODS_1_185_WI_1,966.4773894786588,811.7512045011741,154.72618497748462,0.0,0.7524381040360246,0.8333333333333334,0.16666666666666666,10.407066724374028,125.0
pp_quantile_calibrated,FOODS_1_191_TX_1,295.24497446842076,246.7728205925196,48.4721538759012,0.0,0.757639230620494,0.8974358974358975,0.10256410256410256,3.163754110160508,40.0
pp_quantile_calibrated,FOODS_1_192_CA_4,1522.5169301026056,1522.5169301026056,0.0,0.0,1.0,1.0,0.0,19.519447821828276,3.0
pp_quantile_calibrated,FOODS_1_203_WI_1,657.6108605337913,606.4187932358478,51.19206729794351,0.0,0.8103997507483575,0.9358974358974359,0.0641025641025641,7.774599913280101,54.0
pp_quantile_calibrated,FOODS_1_207_CA_4,641.5238157704999,501.241072272043,140.2827434984569,0.0,0.7222123891119664,0.7692307692307693,0.23076923076923078,6.4261675932313205,101.0
pp_quantile_calibrated,FOODS_1_208_WI_3,648.1629347566454,545.1594379709592,103.00349678568622,0.0,0.7517988029260573,0.8205128205128205,0.1794871794871795,6.989223563730246,83.0
pp_quantile_calibrated,FOODS_1_209_CA_4,885.5830172989857,885.5830172989857,0.0,0.0,1.0,1.0,0.0,11.353628426910074,1.0
pp_quantile_calibrated,FOODS_1_214_TX_3,539.5705500294046,522.654900255461,16.915649773943507,0.0,0.8219405286953315,0.9487179487179487,0.05128205128205128,6.7007038494289874,19.0
pp_quantile_calibrated,FOODS_1_215_CA_1,1355.441761782533,1216.6381231038229,138.80363867870994,0.0,0.745314424442734,0.8974358974358975,0.10256410256410256,15.597924655177216,109.0
pp_quantile_calibrated,FOODS_2_001_TX_1,673.2844972727996,584.6833203428769,88.60117692992276,0.0,0.7915266425178288,0.8974358974358975,0.10256410256410256,7.495940004395857,85.0
pp_quantile_calibrated,FOODS_2_002_CA_3,692.7552221869457,593.1700823395627,99.58513984738302,0.0,0.7786996892280377,0.8461538461538461,0.15384615384615385,7.604744645379008,90.0
pp_quantile_calibrated,FOODS_2_004_CA_1,689.3257882266485,604.9625249591014,84.36326326754701,0.0,0.8437717346897278,0.9102564102564102,0.08974358974358974,7.755929807167967,108.0
pp_quantile_calibrated,FOODS_2_009_CA_1,677.7404175237855,677.7404175237855,0.0,0.0,1.0,1.0,0.0,8.688979711843404,77.0
pp_quantile_calibrated,FOODS_2_009_WI_1,1079.293208586873,848.4637718981191,230.8294366887539,0.0,0.6816145700844775,0.782051282051282,0.21794871794871795,10.877740665360502,145.0
pp_quantile_calibrated,FOODS_2_012_CA_3,563.3040339802842,563.3040339802842,0.0,0.0,1.0,1.0,0.0,7.2218465894908235,28.0
pp_quantile_calibrated,FOODS_2_014_CA_3,735.2671367635369,619.3133078366463,115.95382892689054,0.0,0.7633595328022642,0.8205128205128205,0.1794871794871795,7.939914203033927,98.0
pp_quantile_calibrated,FOODS_2_014_TX_1,473.07478802760346,455.21401877474096,17.86076925286249,0.0,0.8768222810147415,0.9743589743589743,0.02564102564102564,5.8360771637787305,29.0
pp_quantile_calibrated,FOODS_2_015_CA_1,643.3199025006983,596.9309862562579,46.38891624444037,0.0,0.847905192641179,0.8974358974358975,0.10256410256410256,7.652961362259717,61.0
pp_quantile_calibrated,FOODS_2_017_WI_1,386.6506985078285,346.4929401876821,40.157758320146414,0.0,0.8215210741326827,0.9230769230769231,0.07692307692307693,4.44221718189336,45.0
pp_quantile_calibrated,FOODS_2_017_WI_3,393.32261514906344,393.32261514906344,0.0,0.0,1.0,1.0,0.0,5.042597630116198,2.0
pp_quantile_calibrated,FOODS_2_024_CA_4,742.3161633867944,682.7235286227487,59.5926347640457,0.0,0.8137730163623572,0.8846153846153846,0.11538461538461539,8.752865751573703,64.0
pp_quantile_calibrated,FOODS_2_024_TX_2,774.5704329018145,773.2884957374456,1.2819371643688626,0.0,0.9930706099223304,0.9871794871794872,0.01282051282051282,9.913955073556995,37.0
pp_quantile_calibrated,FOODS_2_029_TX_3,2180.9284417498407,1665.811598148378,515.1168436014628,0.0,0.6253695682898451,0.7948717948717948,0.20512820512820512,21.35655895062023,275.0
pp_quantile_calibrated,FOODS_2_031_TX_1,1333.6299616722672,1333.6299616722672,0.0,0.0,1.0,1.0,0.0,17.097820021439322,9.0
pp_quantile_calibrated,FOODS_2_034_WI_3,909.6644986828073,882.6311954207894,27.03330326201801,0.0,0.9405861466768835,0.9487179487179487,0.05128205128205128,11.315784556676787,91.0
pp_quantile_calibrated,FOODS_2_043_TX_2,635.1245356455516,611.332960125327,23.791575520224725,0.0,0.8300601748555376,0.9487179487179487,0.05128205128205128,7.8376020528888075,28.0
pp_quantile_calibrated,FOODS_2_045_TX_1,504.04031217961364,496.1306806249648,7.909631554648868,0.0,0.9011296055668891,0.9743589743589743,0.02564102564102564,6.3606497516021125,16.0
pp_quantile_calibrated,FOODS_2_046_CA_3,416.65490101615035,404.12490819711485,12.529992819035503,0.0,0.8681053387469947,0.9615384615384616,0.038461538461538464,5.181088566629677,19.0
pp_quantile_calibrated,FOODS_2_047_CA_4,576.5380805966206,479.4016039462289,97.13647665039178,0.0,0.7338726667112553,0.8076923076923077,0.19230769230769232,6.1461744095670365,73.0
pp_quantile_calibrated,FOODS_2_047_WI_3,801.78341846832,709.6302806718014,92.15313779651848,0.0,0.7475256498725521,0.8974358974358975,0.10256410256410256,9.09782411117694,73.0
pp_quantile_calibrated,FOODS_2_051_WI_3,760.1156504228286,691.9008736008866,68.21477682194198,0.0,0.8156357383190757,0.9230769230769231,0.07692307692307693,8.870524020524186,74.0
pp_quantile_calibrated,FOODS_2_055_TX_1,689.4520811959023,637.7786492006699,51.673431995232434,0.0,0.8912138273784581,0.8974358974358975,0.10256410256410256,8.176649348726537,95.0
pp_quantile_calibrated,FOODS_2_067_CA_2,1455.4468550239521,1455.4468550239521,0.0,0.0,1.0,1.0,0.0,18.659575064409644,15.0
pp_quantile_calibrated,FOODS_2_067_WI_3,925.7329957672697,925.7329957672697,0.0,0.0,1.0,1.0,0.0,11.868371740606023,0.0
pp_quantile_calibrated,FOODS_2_082_TX_3,1355.289634659392,1093.4956267775008,261.79400788189116,0.0,0.7407980119981276,0.7948717948717948,0.20512820512820512,14.01917470227565,202.0
pp_quantile_calibrated,FOODS_2_084_WI_1,604.0335322025178,574.9861210770221,29.047411125495746,0.0,0.9170073967842979,0.9358974358974359,0.0641025641025641,7.371616936884898,70.0
pp_quantile_calibrated,FOODS_2_085_TX_2,516.6052994107215,503.60018122607454,13.005118184646989,0.0,0.929702063866773,0.9615384615384616,0.038461538461538464,6.456412579821468,37.0
pp_quantile_calibrated,FOODS_2_087_WI_3,280.73715332776266,277.93449472607256,2.8026586016901156,0.0,0.9688593488701098,0.9871794871794872,0.01282051282051282,3.5632627528983662,18.0
pp_quantile_calibrated,FOODS_2_100_WI_3,1053.5573245714565,883.5373206548509,170.02000391660562,0.0,0.7535941972223107,0.8589743589743589,0.14102564102564102,11.327401546857063,138.0
pp_quantile_calibrated,FOODS_2_101_WI_1,557.6971732036068,465.893205027664,91.80396817594273,0.0,0.8046724081362921,0.8717948717948718,0.1282051282051282,5.972989808046974,94.0
pp_quantile_calibrated,FOODS_2_104_CA_2,628.9093020584412,607.971894379481,20.937407678960174,0.0,0.935577207141661,0.9487179487179487,0.05128205128205128,7.794511466403603,65.0
pp_quantile_calibrated,FOODS_2_105_TX_3,545.9588229181905,491.29017835146556,54.668644566725014,0.0,0.7937032280500943,0.9230769230769231,0.07692307692307693,6.298592030146994,53.0
pp_quantile_calibrated,FOODS_2_107_CA_1,721.0461081901307,634.456274220816,86.58983396931468,0.0,0.7913497976643018,0.8589743589743589,0.14102564102564102,8.134054797702769,83.0
pp_quantile_calibrated,FOODS_2_107_CA_3,1120.7513199452567,923.2464807007922,197.50483924446448,0.0,0.6680590937067824,0.8589743589743589,0.14102564102564102,11.836493342317848,119.0
pp_quantile_calibrated,FOODS_2_108_TX_1,421.5503199573719,382.3652649242861,39.18505503308583,0.0,0.8134044998424486,0.9102564102564102,0.08974358974358974,4.902118781080591,42.0
pp_quantile_calibrated,FOODS_2_108_WI_2,1051.4202337435063,834.3842397820622,217.03599396144398,0.0,0.6854550812152986,0.7307692307692307,0.2692307692307692,10.697233843359772,138.0
pp_quantile_calibrated,FOODS_2_116_TX_3,966.9276992947609,927.4790646521053,39.44863464265562,0.0,0.8961878035719588,0.9358974358974359,0.0641025641025641,11.890757239129556,76.0
pp_quantile_calibrated,FOODS_2_117_WI_2,2089.240515544337,1994.2679465274528,94.97256901688442,0.0,0.9155799386516583,0.8974358974358975,0.10256410256410256,25.567537775992985,225.0
pp_quantile_calibrated,FOODS_2_118_CA_2,275.0301914842378,230.43530023881254,44.594891245425224,0.0,0.7713082500234604,0.8974358974358975,0.10256410256410256,2.9542987210104172,39.0
pp_quantile_calibrated,FOODS_2_118_CA_4,335.6514500180932,235.53995873613405,100.11149128195913,0.0,0.6149558027616956,0.8205128205128205,0.1794871794871795,3.019743060719667,52.0
pp_quantile_calibrated,FOODS_2_124_CA_4,499.04192761975145,499.04192761975145,0.0,0.0,1.0,1.0,0.0,6.3979734310224545,21.0
pp_quantile_calibrated,FOODS_2_124_WI_2,477.6306766659841,477.6306766659841,0.0,0.0,1.0,1.0,0.0,6.1234702136664625,18.0
pp_quantile_calibrated,FOODS_2_128_TX_3,9161.87429882679,8456.245792960715,705.628505866075,0.0,0.5736383650356043,0.7948717948717948,0.20512820512820512,108.41340760206046,331.0
pp_quantile_calibrated,FOODS_2_129_TX_2,222.73710489902922,220.79379161438928,1.9433132846399426,0.0,0.9757085839420008,0.9743589743589743,0.02564102564102564,2.830689636081914,16.0
pp_quantile_calibrated,FOODS_2_130_WI_2,1770.118754415484,1656.2439668833824,113.87478753210158,0.0,0.8955277178604574,0.8974358974358975,0.10256410256410256,21.233897011325414,218.0
pp_quantile_calibrated,FOODS_2_132_TX_2,440.61503272200696,440.61503272200696,0.0,0.0,1.0,1.0,0.0,5.648910675923166,0.0
pp_quantile_calibrated,FOODS_2_133_TX_2,651.9448736362197,619.597903178956,32.346970457263694,0.0,0.8779359605386275,0.9487179487179487,0.05128205128205128,7.943562861268667,53.0
pp_quantile_calibrated,FOODS_2_133_TX_3,427.75574346723124,308.1576471091596,119.59809635807166,0.0,0.6013396788064278,0.8333333333333334,0.16666666666666666,3.950739065502046,60.0
pp_quantile_calibrated,FOODS_2_141_CA_3,905.3948209959392,788.1009140759384,117.29390692000081,0.0,0.82228195921212,0.8461538461538461,0.15384615384615385,10.10385787276844,132.0
pp_quantile_calibrated,FOODS_2_146_WI_1,734.9102146861238,612.9402821421639,121.96993254395989,0.0,0.7897070128552415,0.8846153846153846,0.11538461538461539,7.858208745412358,116.0
pp_quantile_calibrated,FOODS_2_148_CA_2,667.3135239823531,635.6183965345807,31.695127447772407,0.0,0.8907064570766469,0.9230769230769231,0.07692307692307693,8.148953801725394,58.0
pp_quantile_calibrated,FOODS_2_149_TX_1,1561.0886106395742,1195.254672325006,365.8339383145682,0.0,0.715304328159869,0.7435897435897436,0.2564102564102564,15.323777850320589,257.0
pp_quantile_calibrated,FOODS_2_155_CA_4,899.9695031801169,899.9695031801169,0.0,0.0,1.0,1.0,0.0,11.538070553591243,10.0
pp_quantile_calibrated,FOODS_2_159_CA_1,419.7824820878806,401.4790488798175,18.303433208063097,0.0,0.8779771119462461,0.9358974358974359,0.0641025641025641,5.147167293330994,30.0
pp_quantile_calibrated,FOODS_2_163_TX_3,723.7954351622641,604.0283980548842,119.76703710737988,0.0,0.6763053051151896,0.8461538461538461,0.15384615384615385,7.743953821216464,74.0
pp_quantile_calibrated,FOODS_2_165_CA_4,378.46876147339987,378.46876147339987,0.0,0.0,1.0,1.0,0.0,4.852163608633331,10.0
pp_quantile_calibrated,FOODS_2_165_TX_1,294.0,294.0,0.0,0.0,1.0,1.0,0.0,3.769230769230769,4.0
pp_quantile_calibrated,FOODS_2_166_TX_2,1613.491491704156,1613.491491704156,0.0,0.0,1.0,1.0,0.0,20.685788355181487,11.0
pp_quantile_calibrated,FOODS_2_169_TX_3,353.9649246604817,347.53432754267584,6.4305971178058385,0.0,0.9142587050959221,0.9871794871794872,0.01282051282051282,4.455568301829177,15.0
pp_quantile_calibrated,FOODS_2_172_CA_2,653.511075149881,519.3169147086265,134.19416044125438,0.0,0.7368741952132266,0.8461538461538461,0.15384615384615385,6.65790916293111,102.0
pp_quantile_calibrated,FOODS_2_176_WI_3,627.0515746972576,627.0515746972576,0.0,0.0,1.0,1.0,0.0,8.039122752528943,16.0
pp_quantile_calibrated,FOODS_2_177_WI_1,602.7768545339087,559.3951457965964,43.3817087373124,0.0,0.8153969840965429,0.9487179487179487,0.05128205128205128,7.171732638417902,47.0
pp_quantile_calibrated,FOODS_2_182_TX_3,537.152220666404,524.807038091194,12.345182575209996,0.0,0.9203536608050968,0.9743589743589743,0.02564102564102564,6.728295360143513,31.0
pp_quantile_calibrated,FOODS_2_183_CA_4,1092.641495851346,846.7596788291884,245.88181702215775,0.0,0.7824054716618073,0.8076923076923077,0.19230769230769232,10.855893318322927,226.0
pp_quantile_calibrated,FOODS_2_186_TX_1,378.31437748743633,374.89615742728284,3.418220060153514,0.0,0.9820093681044552,0.9871794871794872,0.01282051282051282,4.806360992657472,38.0
pp_quantile_calibrated,FOODS_2_187_CA_1,378.5452412466345,350.43509848524906,28.110142761385415,0.0,0.882874405160894,0.9487179487179487,0.05128205128205128,4.492757672887809,48.0
pp_quantile_calibrated,FOODS_2_192_CA_2,1010.7900751837227,941.3922579798301,69.39781720389264,0.0,0.8803485910277712,0.9102564102564102,0.08974358974358974,12.069131512561924,116.0
pp_quantile_calibrated,FOODS_2_192_TX_1,737.6484913563091,737.6484913563091,0.0,0.0,1.0,1.0,0.0,9.457031940465502,20.0
pp_quantile_calibrated,FOODS_2_198_CA_4,346.12109917452057,307.2316321299882,38.88946704453237,0.0,0.6111053295546764,0.9230769230769231,0.07692307692307693,3.9388670785895923,20.0
pp_quantile_calibrated,FOODS_2_200_TX_1,868.9332519880904,832.3574604839247,36.57579150416578,0.0,0.7561613899722281,0.9487179487179487,0.05128205128205128,10.67124949338365,30.0
pp_quantile_calibrated,FOODS_2_201_WI_3,829.2110975140358,715.7273045138317,113.4837930002042,0.0,0.816961624193219,0.8589743589743589,0.14102564102564102,9.175991083510663,124.0
pp_quantile_calibrated,FOODS_2_202_WI_3,657.7792262430603,634.008712378287,23.7705138647733,0.0,0.9135617677644607,0.9743589743589743,0.02564102564102564,8.128316825362655,55.0
pp_quantile_calibrated,FOODS_2_204_CA_4,1073.3999249919568,932.5959042719198,140.80402072003693,0.0,0.8323761658094798,0.8461538461538461,0.15384615384615385,11.956357747075895,168.0
pp_quantile_calibrated,FOODS_2_206_CA_3,1433.3831789105748,1334.771005084839,98.61217382573568,0.0,0.8904309179714047,0.9102564102564102,0.08974358974358974,17.112448783138962,180.0
pp_quantile_calibrated,FOODS_2_207_CA_3,333.4824289334754,333.4824289334754,0.0,0.0,1.0,1.0,0.0,4.275415755557376,13.0
pp_quantile_calibrated,FOODS_2_208_TX_1,1028.963944301169,997.1478970120605,31.816047289108553,0.0,0.951793867743775,0.9615384615384616,0.038461538461538464,12.78394739759052,132.0
pp_quantile_calibrated,FOODS_2_212_CA_2,821.4862899882287,748.2352555662102,73.25103442201848,0.0,0.870352151465454,0.8717948717948718,0.1282051282051282,9.592759686746284,113.0
pp_quantile_calibrated,FOODS_2_214_CA_3,768.0598765227977,768.0598765227977,0.0,0.0,1.0,1.0,0.0,9.846921493882022,36.0
pp_quantile_calibrated,FOODS_2_218_CA_4,406.0234192204258,376.98604970084085,29.037369519584935,0.0,0.8814801244098575,0.9487179487179487,0.05128205128205128,4.833154483344114,49.0
pp_quantile_calibrated,FOODS_2_219_TX_1,532.7182032924297,468.0661624370311,64.6520408553986,0.0,0.65972610076106,0.8589743589743589,0.14102564102564102,6.000848236372193,38.0
pp_quantile_calibrated,FOODS_2_224_TX_2,337.30779079812527,290.3144032490498,46.99338754907545,0.0,0.8226664620789607,0.8717948717948718,0.1282051282051282,3.721979528833972,53.0
pp_quantile_calibrated,FOODS_2_231_CA_1,1019.1818208773378,1011.0462782913344,8.13554258600341,0.0,0.9593222870699829,0.9871794871794872,0.01282051282051282,12.962131772965826,40.0
pp_quantile_calibrated,FOODS_2_234_WI_3,435.6024831033971,435.6024831033971,0.0,0.0,1.0,1.0,0.0,5.584647219274322,16.0
pp_quantile_calibrated,FOODS_2_235_CA_2,901.4413573590411,834.2711754516529,67.1701819073883,0.0,0.8419525131590865,0.9358974358974359,0.0641025641025641,10.695784300662217,85.0
pp_quantile_calibrated,FOODS_2_241_CA_3,3924.1847456216274,3088.558664928896,835.6260806927314,0.0,0.7931618612146704,0.782051282051282,0.21794871794871795,39.59690596062688,808.0
pp_quantile_calibrated,FOODS_2_241_WI_3,2195.0394323560217,1962.4129018195365,232.62653053648532,0.0,0.830199612747091,0.8461538461538461,0.15384615384615385,25.159139766917136,274.0
pp_quantile_calibrated,FOODS_2_242_CA_3,1144.7993869040874,1083.5711212666959,61.22826563739167,0.0,0.893516059761058,0.9230769230769231,0.07692307692307693,13.891937452137126,115.0
pp_quantile_calibrated,FOODS_2_242_WI_1,1161.8623245248987,846.8540694212346,315.00825510366417,0.0,0.6358286068165733,0.7948717948717948,0.20512820512820512,10.857103454118393,173.0
pp_quantile_calibrated,FOODS_2_250_WI_2,1299.1596116560077,1241.9456091355255,57.21400252048213,0.0,0.8060542287441284,0.9230769230769231,0.07692307692307693,15.922379604301609,59.0
pp_quantile_calibrated,FOODS_2_253_CA_1,637.4142571388645,521.4921902602354,115.92206687862915,0.0,0.7533573045135551,0.8333333333333334,0.16666666666666666,6.685797311028659,94.0
pp_quantile_calibrated,FOODS_2_254_TX_3,598.1231991648815,512.1075458413751,86.0156533235064,0.0,0.6626837124568377,0.8205128205128205,0.1794871794871795,6.5654813569407064,51.0
pp_quantile_calibrated,FOODS_2_254_WI_1,263.5073431012074,227.00153068651815,36.50581241468928,0.0,0.7295865747060054,0.9358974358974359,0.0641025641025641,2.9102760344425405,27.0
pp_quantile_calibrated,FOODS_2_255_TX_2,5880.999999999999,5880.999999999999,0.0,0.0,1.0,1.0,0.0,75.39743589743588,62.0
pp_quantile_calibrated,FOODS_2_261_WI_2,1079.9243690064131,1039.1908615575048,40.733507448908384,0.0,0.9084640282047003,0.9358974358974359,0.0641025641025641,13.322959763557755,89.0
pp_quantile_calibrated,FOODS_2_270_CA_3,518.3504435827539,508.9415674609609,9.408876121792913,0.0,0.8954569319800787,0.9743589743589743,0.02564102564102564,6.52489189052514,18.0
pp_quantile_calibrated,FOODS_2_270_WI_2,641.50379807486,622.6701459472101,18.833652127649827,0.0,0.8923791306991439,0.9615384615384616,0.038461538461538464,7.982950589066797,35.0
pp_quantile_calibrated,FOODS_2_271_WI_2,383.0354788938419,383.0354788938419,0.0,0.0,1.0,1.0,0.0,4.910711267869768,13.0
pp_quantile_calibrated,FOODS_2_273_TX_3,281.8430096082319,270.8620279530463,10.980981655185564,0.0,0.8627377293101804,0.9743589743589743,0.02564102564102564,3.4725901019621324,16.0
pp_quantile_calibrated,FOODS_2_274_CA_3,1741.2383567204374,1541.4018711975039,199.83648552293357,0.0,0.8420264936577602,0.8974358974358975,0.10256410256410256,19.76156245125005,253.0
pp_quantile_calibrated,FOODS_2_274_TX_2,1331.2729915172406,1272.4380211658954,58.83497035134518,0.0,0.9134779847774336,0.9615384615384616,0.038461538461538464,16.313307963665327,136.0
pp_quantile_calibrated,FOODS_2_278_CA_4,503.10204153297855,406.65864761555093,96.44339391742764,0.0,0.6785220202752412,0.8846153846153846,0.11538461538461539,5.213572405327576,60.0
pp_quantile_calibrated,FOODS_2_284_TX_3,391.1593302075527,384.86769260452905,6.291637603023683,0.0,0.9496668991758105,0.9871794871794872,0.01282051282051282,4.934201187237552,25.0
pp_quantile_calibrated,FOODS_2_284_WI_2,521.4975241618828,472.17803312624653,49.31949103563628,0.0,0.8138887130730706,0.9230769230769231,0.07692307692307693,6.053564527259571,53.0
pp_quantile_calibrated,FOODS_2_290_WI_1,758.3088569867468,596.8362994061869,161.47255758056,0.0,0.769324917742057,0.8076923076923077,0.19230769230769232,7.651747428284447,140.0
pp_quantile_calibrated,FOODS_2_298_TX_2,465.34813743449206,433.7294878862516,31.61864954824047,0.0,0.8457626851305343,0.9230769230769231,0.07692307692307693,5.5606344600801485,41.0
pp_quantile_calibrated,FOODS_2_306_TX_1,646.0158138493432,636.166826414083,9.848987435260241,0.0,0.9589625523530824,0.9871794871794872,0.01282051282051282,8.155984954026705,48.0
pp_quantile_calibrated,FOODS_2_309_TX_2,805.7819965057054,739.2743736188582,66.50762288684706,0.0,0.7624727754041176,0.8589743589743589,0.14102564102564102,9.477876584857157,56.0
pp_quantile_calibrated,FOODS_2_311_WI_3,768.722583101146,643.017604499911,125.70497860123493,0.0,0.7237253217555276,0.8205128205128205,0.1794871794871795,8.243815442306552,91.0
pp_quantile_calibrated,FOODS_2_312_CA_1,869.433664039,850.8682810486897,18.565382990310184,0.0,0.8802233355463859,0.9743589743589743,0.02564102564102564,10.908567705752432,31.0
pp_quantile_calibrated,FOODS_2_312_TX_2,672.88856013476,624.5846673494941,48.30389278526596,0.0,0.8639326963795325,0.8974358974358975,0.10256410256410256,8.007495735249924,71.0
pp_quantile_calibrated,FOODS_2_313_CA_4,825.5707217119751,825.5707217119751,0.0,0.0,1.0,1.0,0.0,10.5842400219484,2.0
pp_quantile_calibrated,FOODS_2_321_WI_1,458.5283840939627,393.88374696253464,64.64463713142808,0.0,0.8098687143193292,0.8974358974358975,0.10256410256410256,5.049791627724803,68.0
pp_quantile_calibrated,FOODS_2_325_WI_3,2751.724646882094,2190.0264134470735,561.6982334350207,0.0,0.7810143339434616,0.7692307692307693,0.23076923076923078,28.07726171085992,513.0
pp_quantile_calibrated,FOODS_2_326_WI_1,2813.2170122057314,2338.1952008175654,475.0218113881662,0.0,0.8165938952169242,0.8205128205128205,0.1794871794871795,29.976861548943145,518.0
pp_quantile_calibrated,FOODS_2_329_TX_3,405.8617336792947,405.8617336792947,0.0,0.0,1.0,1.0,0.0,5.203355559990958,19.0
pp_quantile_calibrated,FOODS_2_332_TX_2,613.4790939399525,589.9802550887715,23.498838851181006,0.0,0.8978311354296477,0.9615384615384616,0.038461538461538464,7.56384942421502,46.0
pp_quantile_calibrated,FOODS_2_332_WI_1,424.5671542379245,421.91189981928494,2.6552544186395455,0.0,0.9856472734127593,0.9871794871794872,0.01282051282051282,5.409126920760063,37.0
pp_quantile_calibrated,FOODS_2_338_TX_3,785.1642471464454,658.7520470706314,126.41220007581398,0.0,0.7893129998736435,0.8205128205128205,0.1794871794871795,8.445539065008095,120.0
pp_quantile_calibrated,FOODS_2_340_WI_2,832.1069374945107,759.4641271421442,72.6428103523665,0.0,0.8420808470600728,0.8589743589743589,0.14102564102564102,9.736719578745438,92.0
pp_quantile_calibrated,FOODS_2_342_CA_3,2429.927741818506,2010.4345393375197,419.4932024809862,0.0,0.8011880556962151,0.7948717948717948,0.20512820512820512,25.774801786378458,422.0
pp_quantile_calibrated,FOODS_2_347_WI_3,4138.813568844687,3069.8653926742422,1068.948176170445,0.0,0.6809109921879268,0.7307692307692307,0.2692307692307692,39.35724862402875,670.0
pp_quantile_calibrated,FOODS_2_350_WI_2,906.8342129238225,891.8597949643955,14.974417959426995,0.0,0.8967281520039518,0.9615384615384616,0.038461538461538464,11.434099935440969,29.0
pp_quantile_calibrated,FOODS_2_351_CA_1,691.7039136802337,594.3068265738767,97.39708710635696,0.0,0.625395818821704,0.8846153846153846,0.11538461538461539,7.6193182894086755,52.0
pp_quantile_calibrated,FOODS_2_354_CA_4,502.5314358614407,453.02991763167046,49.50151822977024,0.0,0.4789313870550502,0.9102564102564102,0.08974358974358974,5.808075867072698,19.0
pp_quantile_calibrated,FOODS_2_355_WI_2,1077.701707802289,886.8724639463128,190.8292438559763,0.0,0.7505500080314035,0.7948717948717948,0.20512820512820512,11.370159794183497,153.0
pp_quantile_calibrated,FOODS_2_356_CA_2,914.9588867793034,796.2128485246272,118.74603825467614,0.0,0.825373473154888,0.8974358974358975,0.10256410256410256,10.207857032367016,136.0
pp_quantile_calibrated,FOODS_2_370_CA_2,639.9334851915495,561.6294387252118,78.30404646633767,0.0,0.6667912916326056,0.8717948717948718,0.1282051282051282,7.200377419553997,47.0
pp_quantile_calibrated,FOODS_2_370_CA_3,858.0250921407526,843.7371147124885,14.28797742826406,0.0,0.9206223476207553,0.9743589743589743,0.02564102564102564,10.817142496313956,36.0
pp_quantile_calibrated,FOODS_2_371_WI_3,3356.7095932698844,2925.5383987789137,431.17119449097083,0.0,0.8626843329646589,0.8333333333333334,0.16666666666666666,37.50690254844761,628.0
pp_quantile_calibrated,FOODS_2_376_TX_1,643.0725731997197,622.00104457417,21.07152862554967,0.0,0.9103339207423418,0.9615384615384616,0.038461538461538464,7.974372366335513,47.0
pp_quantile_calibrated,FOODS_2_386_CA_2,579.0756640382123,537.9930636899819,41.08260034823032,0.0,0.8323159169459986,0.9358974358974359,0.0641025641025641,6.897346970384383,49.0
pp_quantile_calibrated,FOODS_2_387_WI_2,931.1027724229502,824.5173715100594,106.5854009128908,0.0,0.8079542325893859,0.8589743589743589,0.14102564102564102,10.57073553218025,111.0
pp_quantile_calibrated,FOODS_2_389_TX_2,671.1716346539479,671.1716346539479,0.0,0.0,1.0,1.0,0.0,8.604764546845486,3.0
pp_quantile_calibrated,FOODS_2_390_CA_4,828.3255070605361,828.3255070605361,0.0,0.0,1.0,1.0,0.0,10.619557782827385,4.0
pp_quantile_calibrated,FOODS_2_399_TX_2,799.3534373415152,720.2475815776464,79.10585576386885,0.0,0.8535076745113541,0.8589743589743589,0.14102564102564102,9.23394335355957,108.0
pp_quantile_calibrated,FOODS_3_003_WI_3,1150.2926810172107,1143.0413886629924,7.251292354218268,0.0,0.9573453390928338,0.9743589743589743,0.02564102564102564,14.654376777730672,34.0
pp_quantile_calibrated,FOODS_3_009_CA_4,362.24704175262235,331.7620652744944,30.48497647812795,0.0,0.8729792646744667,0.9230769230769231,0.07692307692307693,4.253359811211467,48.0
pp_quantile_calibrated,FOODS_3_009_TX_2,683.3194182787523,663.4505060337639,19.86891224498848,0.0,0.9477133888289777,0.9615384615384616,0.038461538461538464,8.505775718381589,76.0
pp_quantile_calibrated,FOODS_3_011_CA_1,986.4548451631714,702.5398628852447,283.9149822779267,0.0,0.7531174067148464,0.7692307692307693,0.23076923076923078,9.006921319041599,230.0
pp_quantile_calibrated,FOODS_3_014_CA_1,992.6579520345857,992.6579520345857,0.0,0.0,1.0,1.0,0.0,12.726384000443407,2.0
pp_quantile_calibrated,FOODS_3_019_TX_2,621.5044031007003,618.8045491648803,2.699853935819947,0.0,0.9887506086007503,0.9871794871794872,0.01282051282051282,7.933391655960004,48.0
pp_quantile_calibrated,FOODS_3_022_CA_1,436.57282907465964,436.57282907465964,0.0,0.0,1.0,1.0,0.0,5.597087552239226,29.0
pp_quantile_calibrated,FOODS_3_023_TX_1,672.7464058611664,571.5786723664585,101.1677334947079,0.0,0.7591244440602193,0.8589743589743589,0.14102564102564102,7.327931697005878,84.0
pp_quantile_calibrated,FOODS_3_023_TX_3,608.3546170386567,561.1983537108212,47.156263327835475,0.0,0.8428124555738817,0.8846153846153846,0.11538461538461539,7.194850688600271,60.0
pp_quantile_calibrated,FOODS_3_023_WI_2,577.3650759348869,555.9318461702281,21.433229764658826,0.0,0.9191198876805328,0.9487179487179487,0.05128205128205128,7.127331361156771,53.0
pp_quantile_calibrated,FOODS_3_024_TX_3,2682.7852293771984,2506.109745997253,176.67548337994532,0.0,0.8187943760205689,0.8974358974358975,0.10256410256410256,32.12961212816991,195.0
pp_quantile_calibrated,FOODS_3_024_WI_1,3859.462084042862,3859.462084042862,0.0,0.0,1.0,1.0,0.0,49.48028312875464,75.0
pp_quantile_calibrated,FOODS_3_026_CA_1,1121.8920846480523,943.7065083312962,178.18557631675606,0.0,0.7928074693991207,0.8461538461538461,0.15384615384615385,12.098801388862771,172.0
pp_quantile_calibrated,FOODS_3_030_TX_3,8403.083240400345,6800.863566911768,1602.2196734885767,0.0,0.8085759051984974,0.782051282051282,0.21794871794871795,87.19055855015088,1674.0
pp_quantile_calibrated,FOODS_3_034_CA_1,913.7643320229815,751.2350221774025,162.529309845579,0.0,0.772686279936253,0.8589743589743589,0.14102564102564102,9.631218233043622,143.0
pp_quantile_calibrated,FOODS_3_035_WI_1,794.87136007624,773.5475388564998,21.323821219740164,0.0,0.9300858320664256,0.9487179487179487,0.05128205128205128,9.917276139185896,61.0
pp_quantile_calibrated,FOODS_3_036_CA_4,656.982506524801,656.6291619138715,0.35334461092954683,0.0,0.992147897534899,0.9871794871794872,0.01282051282051282,8.418322588639379,9.0
pp_quantile_calibrated,FOODS_3_038_CA_4,485.9969385810879,415.95333830602755,70.04360027506033,0.0,0.7969750716664918,0.8846153846153846,0.11538461538461539,5.332735106487533,69.0
pp_quantile_calibrated,FOODS_3_038_WI_1,697.2314455349888,605.7232945641815,91.5081509708073,0.0,0.7458106917477575,0.8589743589743589,0.14102564102564102,7.765683263643353,72.0
pp_quantile_calibrated,FOODS_3_040_WI_1,1056.644599579472,887.5295295601564,169.11507001931557,0.0,0.6241887332904098,0.8205128205128205,0.1794871794871795,11.378583712309698,90.0
pp_quantile_calibrated,FOODS_3_048_TX_1,1131.6299749543546,1131.6299749543546,0.0,0.0,1.0,1.0,0.0,14.508076601978905,64.0
pp_quantile_calibrated,FOODS_3_048_TX_3,1033.8156545083004,1029.3325106507627,4.483143857537666,0.0,0.9917740479678208,0.9871794871794872,0.01282051282051282,13.196570649368754,109.0
pp_quantile_calibrated,FOODS_3_049_TX_1,506.6894883689042,506.6894883689042,0.0,0.0,1.0,1.0,0.0,6.496019081652618,28.0
pp_quantile_calibrated,FOODS_3_050_CA_2,540.5315662640502,507.4731074094058,33.05845885464433,0.0,0.9013180332697184,0.9358974358974359,0.0641025641025641,6.506065479607767,67.0
pp_quantile_calibrated,FOODS_3_053_CA_4,719.9004098960818,594.2445658139587,125.65584408212302,0.0,0.7176273166693865,0.8846153846153846,0.11538461538461539,7.6185200745379325,89.0
pp_quantile_calibrated,FOODS_3_054_WI_3,1638.0,1638.0,0.0,0.0,1.0,1.0,0.0,21.0,0.0
pp_quantile_calibrated,FOODS_3_057_WI_3,482.36557971077013,482.36557971077013,0.0,0.0,1.0,1.0,0.0,6.184174098856027,20.0
pp_quantile_calibrated,FOODS_3_066_CA_4,1708.9441133786504,1285.3272943247505,423.6168190538998,0.0,0.6952396985223742,0.7692307692307693,0.23076923076923078,16.47855505544552,278.0
pp_quantile_calibrated,FOODS_3_066_TX_3,1703.6246107126299,1321.8374268028697,381.7871839097601,0.0,0.6993801701497953,0.7435897435897436,0.2564102564102564,16.946633676959866,254.0
pp_quantile_calibrated,FOODS_3_067_CA_4,578.1744381771542,501.8360367701864,76.33840140696779,0.0,0.8245094220529476,0.8846153846153846,0.11538461538461539,6.433795343207518,87.0
pp_quantile_calibrated,FOODS_3_072_WI_3,515.265142440192,497.9870932942761,17.278049145915926,0.0,0.9040108380782448,0.9615384615384616,0.038461538461538464,6.384449914029181,36.0
pp_quantile_calibrated,FOODS_3_074_CA_2,1027.0294397324217,766.2556838686082,260.77375586381345,0.0,0.7150013597116792,0.7564102564102564,0.24358974358974358,9.82379081882831,183.0
pp_quantile_calibrated,FOODS_3_091_TX_1,378.03151679148596,333.1589900494906,44.872526741995316,0.0,0.8049020576434986,0.8846153846153846,0.11538461538461539,4.271269103198597,46.0
pp_quantile_calibrated,FOODS_3_091_WI_1,331.74350475094894,291.56060916805166,40.18289558289729,0.0,0.7228765821869153,0.8974358974358975,0.10256410256410256,3.737956527795534,29.0
pp_quantile_calibrated,FOODS_3_094_TX_2,780.3450302756653,693.4994405399407,86.84558973572464,0.0,0.8245543641702533,0.8717948717948718,0.1282051282051282,8.891018468460778,99.0
pp_quantile_calibrated,FOODS_3_101_WI_3,1798.0647259705759,1600.4130468217725,197.65167914880334,0.0,0.8578045473749616,0.8333333333333334,0.16666666666666666,20.518115984894518,278.0
pp_quantile_calibrated,FOODS_3_102_WI_2,752.8059133351442,647.165353880689,105.64055945445507,0.0,0.8079262555373543,0.8846153846153846,0.11538461538461539,8.29699171641909,110.0
pp_quantile_calibrated,FOODS_3_103_TX_1,379.8666866905712,373.8366924306086,6.029994259962628,0.0,0.9475652673046728,0.9743589743589743,0.02564102564102564,4.792778108084725,23.0
pp_quantile_calibrated,FOODS_3_103_WI_1,719.9227244754967,611.3596299200067,108.56309455549003,0.0,0.8415137305759269,0.8461538461538461,0.15384615384615385,7.837943973333419,137.0
pp_quantile_calibrated,FOODS_3_110_WI_1,397.46926111134024,397.46926111134024,0.0,0.0,1.0,1.0,0.0,5.095759757837696,24.0
pp_quantile_calibrated,FOODS_3_111_TX_1,394.32278787153007,364.1788540888523,30.143933782677784,0.0,0.6650674024146913,0.9230769230769231,0.07692307692307693,4.668959667805798,18.0
pp_quantile_calibrated,FOODS_3_111_WI_1,457.6907306124268,452.9863305333617,4.7044000790651275,0.0,0.9705974995058431,0.9743589743589743,0.02564102564102564,5.8075170581200215,32.0
pp_quantile_calibrated,FOODS_3_117_CA_4,696.9261877139875,607.4281406003859,89.49804711360156,0.0,0.7705178279138422,0.8461538461538461,0.15384615384615385,7.787540264107511,78.0
pp_quantile_calibrated,FOODS_3_120_TX_1,6757.450289666487,5228.474617674577,1528.975671991911,0.0,0.6750317381526225,0.7307692307692307,0.2692307692307692,67.03172586762278,941.0
pp_quantile_calibrated,FOODS_3_125_CA_1,1161.2044855083298,1146.2044855083298,15.0,0.0,0.9375,0.9871794871794872,0.01282051282051282,14.694929301388843,48.0
pp_quantile_calibrated,FOODS_3_126_WI_1,830.3070108990871,697.9661435359974,132.34086736308967,0.0,0.7882546122190566,0.8461538461538461,0.15384615384615385,8.948283891487145,125.0
pp_quantile_calibrated,FOODS_3_133_CA_1,3040.2729919697936,2300.965659930514,739.3073320392797,0.0,0.740593918582709,0.7307692307692307,0.2692307692307692,29.499559742698896,570.0
pp_quantile_calibrated,FOODS_3_133_CA_2,2309.191849906068,1903.7349631431352,405.4568867629326,0.0,0.8209903369700077,0.7948717948717948,0.20512820512820512,24.406858501835067,453.0
pp_quantile_calibrated,FOODS_3_133_TX_1,1641.4452310848842,1417.8890959712803,223.55613511360391,0.0,0.7775560844640758,0.8205128205128205,0.1794871794871795,18.178065332965133,201.0
pp_quantile_calibrated,FOODS_3_134_TX_1,1859.8077585518495,1392.1953582284282,467.6124003234212,0.0,0.7216592855217732,0.7948717948717948,0.20512820512820512,17.848658438826003,336.0
pp_quantile_calibrated,FOODS_3_136_CA_1,1888.2824979764866,1428.5708412946203,459.7116566818663,0.0,0.7521770044841692,0.7948717948717948,0.20512820512820512,18.315010785828466,371.0
pp_quantile_calibrated,FOODS_3_138_WI_3,1070.7913263371986,865.6388038150328,205.15252252216587,0.0,0.7543083562608792,0.782051282051282,0.21794871794871795,11.09793338224401,167.0
pp_quantile_calibrated,FOODS_3_141_TX_3,478.1223865118987,463.84461545866617,14.277771053232549,0.0,0.8702020813342496,0.9743589743589743,0.02564102564102564,5.946725839213669,22.0
pp_quantile_calibrated,FOODS_3_154_CA_1,574.4595607557691,574.4595607557691,0.0,0.0,1.0,1.0,0.0,7.364866163535501,30.0
pp_quantile_calibrated,FOODS_3_155_TX_1,276.2438620016245,259.8226276547464,16.421234346878126,0.0,0.817541840590243,0.9487179487179487,0.05128205128205128,3.331059328907005,18.0
pp_quantile_calibrated,FOODS_3_157_CA_2,828.0937978129275,828.0009117704074,0.09288604252020605,0.0,0.999690379858266,0.9871794871794872,0.01282051282051282,10.615396304748812,60.0
pp_quantile_calibrated,FOODS_3_158_WI_3,334.13815612874356,306.0423956217897,28.09576050695386,0.0,0.8062361344348009,0.9230769230769231,0.07692307692307693,3.9236204566896116,29.0
pp_quantile_calibrated,FOODS_3_160_CA_1,236.0,61.0,175.0,0.0,0.027777777777777776,0.8461538461538461,0.15384615384615385,0.782051282051282,36.0
pp_quantile_calibrated,FOODS_3_160_TX_1,624.0,624.0,0.0,0.0,1.0,1.0,0.0,8.0,0.0
pp_quantile_calibrated,FOODS_3_160_WI_2,99.75401029913174,37.80260769379242,61.95140260533932,0.0,0.04690149837939512,0.9230769230769231,0.07692307692307693,0.48464881658708225,13.0
pp_quantile_calibrated,FOODS_3_161_WI_1,634.5979648976918,634.5979648976918,0.0,0.0,1.0,1.0,0.0,8.135871344842203,19.0
pp_quantile_calibrated,FOODS_3_162_WI_2,647.2284885301892,647.2284885301892,0.0,0.0,1.0,1.0,0.0,8.297801135002427,61.0
pp_quantile_calibrated,FOODS_3_163_TX_2,491.2611302192773,386.1626876190478,105.09844260022948,0.0,0.7583943848270588,0.8333333333333334,0.16666666666666666,4.95080368742369,87.0
pp_quantile_calibrated,FOODS_3_169_TX_3,1212.8621847675236,1084.561781139602,128.30040362792155,0.0,0.8333760991845176,0.8205128205128205,0.1794871794871795,13.904638219738489,154.0
pp_quantile_calibrated,FOODS_3_171_WI_2,383.2115190278535,383.2115190278535,0.0,0.0,1.0,1.0,0.0,4.912968192664788,15.0
pp_quantile_calibrated,FOODS_3_172_CA_3,1127.2763701730635,1070.5611748976473,56.71519527541605,0.0,0.9316684394272096,0.9230769230769231,0.07692307692307693,13.725143267918556,166.0
pp_quantile_calibrated,FOODS_3_172_TX_3,1244.059507185887,1156.2939703337975,87.76553685208955,0.0,0.8486801088757077,0.9102564102564102,0.08974358974358974,14.824281670946121,116.0
pp_quantile_calibrated,FOODS_3_176_WI_3,566.9440371939501,555.5253161937987,11.418721000151342,0.0,0.9492501288882162,0.9871794871794872,0.01282051282051282,7.122119438382035,45.0
pp_quantile_calibrated,FOODS_3_178_WI_2,788.5966883440619,635.6889082083052,152.9077801357567,0.0,0.7386191792551167,0.8333333333333334,0.16666666666666666,8.149857797542374,117.0
pp_quantile_calibrated,FOODS_3_180_WI_1,585.7805045512564,556.4188124827878,29.36169206846869,0.0,0.9037321571525616,0.9487179487179487,0.05128205128205128,7.133574519010099,61.0
pp_quantile_calibrated,FOODS_3_184_WI_3,1725.9000000000017,1559.4000000000017,166.50000000000006,0.0,0.46290322580645143,0.8205128205128205,0.1794871794871795,19.992307692307715,62.0
pp_quantile_calibrated,FOODS_3_192_TX_2,950.8498672342714,880.6307251707332,70.21914206353827,0.0,0.8902825905257215,0.9230769230769231,0.07692307692307693,11.290137502188887,128.0
pp_quantile_calibrated,FOODS_3_197_WI_1,569.6748498848765,559.2019386830859,10.472911201790556,0.0,0.934544304988809,0.9615384615384616,0.038461538461538464,7.169255624142127,32.0
pp_quantile_calibrated,FOODS_3_198_TX_2,772.0,772.0,0.0,0.0,1.0,1.0,0.0,9.897435897435898,2.0
pp_quantile_calibrated,FOODS_3_198_WI_3,446.0191034635667,446.0191034635667,0.0,0.0,1.0,1.0,0.0,5.718193634148291,4.0
pp_quantile_calibrated,FOODS_3_199_CA_2,1447.226465281342,1382.9078348820867,64.31863039925508,0.0,0.7141394204477551,0.8974358974358975,0.10256410256410256,17.72958762669342,45.0
pp_quantile_calibrated,FOODS_3_199_TX_1,827.4451098668826,817.4451098668826,10.0,0.0,0.9259259259259259,0.9871794871794872,0.01282051282051282,10.48006551111388,27.0
pp_quantile_calibrated,FOODS_3_204_CA_2,614.4899496245638,537.8499288638161,76.64002076074773,0.0,0.7604999351226633,0.8846153846153846,0.11538461538461539,6.895511908510463,64.0
pp_quantile_calibrated,FOODS_3_204_CA_4,571.9231917897886,538.5144999714705,33.408691818318104,0.0,0.8578353539646039,0.9615384615384616,0.038461538461538464,6.904032050916289,47.0
pp_quantile_calibrated,FOODS_3_205_TX_1,1561.6126497254636,1561.6126497254636,0.0,0.0,1.0,1.0,0.0,20.020674996480302,10.0
pp_quantile_calibrated,FOODS_3_208_WI_3,594.8179293265026,516.1804763269917,78.63745299951097,0.0,0.8271704329681078,0.8589743589743589,0.14102564102564102,6.617698414448611,91.0
pp_quantile_calibrated,FOODS_3_209_TX_2,552.3314413487378,552.3314413487378,0.0,0.0,1.0,1.0,0.0,7.081172324983818,13.0
pp_quantile_calibrated,FOODS_3_210_TX_1,307.8505412230307,307.8505412230307,0.0,0.0,1.0,1.0,0.0,3.9468018105516753,0.0
pp_quantile_calibrated,FOODS_3_211_CA_1,846.113952343731,562.1644432264538,283.9495091172771,0.0,0.6056256817815596,0.7307692307692307,0.2692307692307692,7.2072364516212035,144.0
pp_quantile_calibrated,FOODS_3_215_CA_3,1004.5863921890433,896.7373008912647,107.84909129777866,0.0,0.8814845150573861,0.9102564102564102,0.08974358974358974,11.496632062708521,182.0
pp_quantile_calibrated,FOODS_3_215_CA_4,721.3669838908663,577.5597481426887,143.80723574817762,0.0,0.7260814557177568,0.8205128205128205,0.1794871794871795,7.404612155675496,105.0
pp_quantile_calibrated,FOODS_3_224_CA_1,731.2433843765718,503.66914882636866,227.57423555020313,0.0,0.7100965152226713,0.6794871794871795,0.32051282051282054,6.457296779825239,157.0
pp_quantile_calibrated,FOODS_3_229_CA_1,942.63002884001,914.080202974431,28.549825865579066,0.0,0.8880398985663567,0.9487179487179487,0.05128205128205128,11.718976961210654,51.0
pp_quantile_calibrated,FOODS_3_232_WI_3,606.3278721768035,588.778578327755,17.54929384904851,0.0,0.93618438600346,0.9743589743589743,0.02564102564102564,7.548443311894295,55.0
pp_quantile_calibrated,FOODS_3_237_WI_3,954.8674550273731,954.8674550273731,0.0,0.0,1.0,1.0,0.0,12.241890449068887,58.0
pp_quantile_calibrated,FOODS_3_239_CA_4,393.8235515775869,353.89909423716347,39.92445734042343,0.0,0.8548201551257331,0.9487179487179487,0.05128205128205128,4.537167874835429,55.0
pp_quantile_calibrated,FOODS_3_240_TX_3,718.3011007236656,684.566793461458,33.73430726220762,0.0,0.902219399239978,0.9743589743589743,0.02564102564102564,8.776497352069974,69.0
pp_quantile_calibrated,FOODS_3_243_WI_1,620.2742679893935,615.5794758788494,4.694792110544057,0.0,0.9505811356784836,0.9871794871794872,0.01282051282051282,7.892044562549351,19.0
pp_quantile_calibrated,FOODS_3_246_CA_2,877.0017356044634,739.5328295245074,137.46890607995599,0.0,0.8007697013333971,0.8461538461538461,0.15384615384615385,9.48119012210907,138.0
pp_quantile_calibrated,FOODS_3_246_TX_2,483.78539995524517,440.89336281718295,42.892037138062236,0.0,0.8546032639387721,0.8974358974358975,0.10256410256410256,5.652479010476704,59.0
pp_quantile_calibrated,FOODS_3_247_CA_3,871.7486826597856,741.0561620159208,130.69252064386475,0.0,0.6924881867203182,0.8589743589743589,0.14102564102564102,9.500720025845139,85.0
pp_quantile_calibrated,FOODS_3_255_WI_2,644.6201177163575,644.6201177163575,0.0,0.0,1.0,1.0,0.0,8.264360483543046,25.0
pp_quantile_calibrated,FOODS_3_256_WI_1,431.6133424497108,431.010807962919,0.6025344867918037,0.0,0.9866103447379599,0.9871794871794872,0.01282051282051282,5.5257795892681925,9.0
pp_quantile_calibrated,FOODS_3_257_TX_2,932.6001707843986,853.7480388938272,78.85213189057137,0.0,0.8955600902111637,0.9102564102564102,0.08974358974358974,10.94548767812599,151.0
pp_quantile_calibrated,FOODS_3_258_CA_3,2152.3384343291937,1758.6060577540854,393.732376575108,0.0,0.7515884059463042,0.8076923076923077,0.19230769230769232,22.546231509667763,317.0
pp_quantile_calibrated,FOODS_3_258_TX_1,1095.5274335110519,975.7919943681201,119.73543914293185,0.0,0.884313585369148,0.8333333333333334,0.16666666666666666,12.510153773950258,207.0
pp_quantile_calibrated,FOODS_3_258_TX_2,1385.3503628844842,1252.9036993889429,132.44666349554126,0.0,0.8744581388667856,0.8589743589743589,0.14102564102564102,16.062867940883883,211.0
pp_quantile_calibrated,FOODS_3_258_WI_2,2266.8334014482666,1808.070662151744,458.76273929652257,0.0,0.7422681239907176,0.7564102564102564,0.24358974358974358,23.180393104509537,356.0
pp_quantile_calibrated,FOODS_3_265_TX_3,663.6289964090489,631.5284869643943,32.10050944465459,0.0,0.9197487263883636,0.9230769230769231,0.07692307692307693,8.096519063646081,80.0
pp_quantile_calibrated,FOODS_3_265_WI_2,604.5166314578602,586.3090206890299,18.207610768830254,0.0,0.9464482036210873,0.9615384615384616,0.038461538461538464,7.516782316526025,68.0
pp_quantile_calibrated,FOODS_3_270_WI_3,425.54435038318593,421.300001020998,4.244349362187885,0.0,0.9726171008891105,0.9871794871794872,0.01282051282051282,5.401282064371769,31.0
pp_quantile_calibrated,FOODS_3_271_WI_2,906.1539945868502,898.5767141734393,7.577280413410925,0.0,0.9690723248432207,0.9743589743589743,0.02564102564102564,11.520214284274862,49.0
pp_quantile_calibrated,FOODS_3_277_CA_4,633.3630136669791,519.8408633188624,113.52215034811672,0.0,0.719698394202181,0.8333333333333334,0.16666666666666666,6.664626452805928,81.0
pp_quantile_calibrated,FOODS_3_278_WI_2,2787.0308455306804,2434.7028175261453,352.32802800453504,0.0,0.8402140462564467,0.8717948717948718,0.1282051282051282,31.214138686232634,441.0
pp_quantile_calibrated,FOODS_3_279_TX_3,352.38501643306705,347.2578467340739,5.127169698993148,0.0,0.9267547185858122,0.9743589743589743,0.02564102564102564,4.452023676077871,14.0
pp_quantile_calibrated,FOODS_3_280_WI_3,456.2847514564021,392.91402724729807,63.37072420910401,0.0,0.7922271337406426,0.8974358974358975,0.10256410256410256,5.037359323683309,61.0
pp_quantile_calibrated,FOODS_3_282_WI_3,13263.105227025031,9457.38390766926,3805.7213193557704,0.0,0.6666034761843389,0.6923076923076923,0.3076923076923077,121.24851163678538,2283.0
pp_quantile_calibrated,FOODS_3_286_TX_3,518.0285110538032,511.06259972373294,6.965911330070291,0.0,0.9590240509995865,0.9743589743589743,0.02564102564102564,6.55208461184273,34.0
pp_quantile_calibrated,FOODS_3_286_WI_3,783.4998649604197,750.2046689471359,33.2951960132838,0.0,0.9034921854687427,0.9615384615384616,0.038461538461538464,9.618008576245332,69.0
pp_quantile_calibrated,FOODS_3_289_TX_3,390.8286103039045,390.8286103039045,0.0,0.0,1.0,1.0,0.0,5.010623209024416,19.0
pp_quantile_calibrated,FOODS_3_295_TX_1,4755.361452550838,3746.5195815160755,1008.8418710347629,0.0,0.7041519439780753,0.7692307692307693,0.23076923076923078,48.03230232712917,682.0
pp_quantile_calibrated,FOODS_3_296_CA_4,722.8274845210149,643.0174328885663,79.81005163244859,0.0,0.7425482205404884,0.8717948717948718,0.1282051282051282,8.243813242161107,62.0
pp_quantile_calibrated,FOODS_3_300_WI_2,2006.7711249756235,1281.1111489024138,725.6599760732098,0.0,0.5436100779413775,0.6923076923076923,0.3076923076923077,16.424501909005304,318.0
pp_quantile_calibrated,FOODS_3_302_CA_4,1697.703856726127,1433.9444477317352,263.75940899439183,0.0,0.7439229038889399,0.7692307692307693,0.23076923076923078,18.383903176047887,206.0
pp_quantile_calibrated,FOODS_3_309_CA_2,247.16711443351292,234.3692707608166,12.797843672696327,0.0,0.8933513027275306,0.9615384615384616,0.038461538461538464,3.0047342405232897,24.0
pp_quantile_calibrated,FOODS_3_309_WI_1,346.0339075478625,336.9473567770794,9.086550770783104,0.0,0.9326922165127177,0.9743589743589743,0.02564102564102564,4.319837907398454,27.0
pp_quantile_calibrated,FOODS_3_316_TX_3,465.3400536178778,443.2009766357948,22.13907698208299,0.0,0.8074862871123218,0.9487179487179487,0.05128205128205128,5.68206380302301,23.0
pp_quantile_calibrated,FOODS_3_318_TX_2,4278.965969054905,3497.1184407784976,781.8475282764076,0.0,0.7109620967554869,0.7564102564102564,0.24358974358974358,44.83485180485253,541.0
pp_quantile_calibrated,FOODS_3_331_TX_1,769.0749330643761,644.4480922708284,124.62684079354766,0.0,0.8432366782471099,0.8461538461538461,0.15384615384615385,8.262155029113185,159.0
pp_quantile_calibrated,FOODS_3_335_TX_1,2109.0,2109.0,0.0,0.0,1.0,1.0,0.0,27.03846153846154,5.0
pp_quantile_calibrated,FOODS_3_337_CA_1,518.998905430229,504.43628843133087,14.562616998898124,0.0,0.928962843907814,0.9743589743589743,0.02564102564102564,6.4671319029657806,41.0
pp_quantile_calibrated,FOODS_3_346_WI_3,1341.9013769531734,1126.1972128124562,215.70416414071727,0.0,0.7955410766438699,0.8076923076923077,0.19230769230769232,14.4384258052879,211.0
pp_quantile_calibrated,FOODS_3_352_CA_1,855.0508830670319,814.66940802813,40.381475038901954,0.0,0.8164478407322637,0.9230769230769231,0.07692307692307693,10.44447959010423,44.0
pp_quantile_calibrated,FOODS_3_354_WI_2,682.3302322327172,661.0470358564032,21.283196376314013,0.0,0.9302190282743803,0.9487179487179487,0.05128205128205128,8.474961998159015,61.0
pp_quantile_calibrated,FOODS_3_356_CA_1,1117.7028600745587,982.5987856109671,135.10407446359164,0.0,0.8311199069205104,0.8846153846153846,0.11538461538461539,12.597420328345732,160.0
pp_quantile_calibrated,FOODS_3_356_TX_2,743.6863081358692,677.504483470432,66.18182466543723,0.0,0.8621211986136724,0.8846153846153846,0.11538461538461539,8.685954916287589,96.0
pp_quantile_calibrated,FOODS_3_363_WI_3,1851.4264099709737,1387.6899594589722,463.7364505120015,0.0,0.6198881553180315,0.7435897435897436,0.2564102564102564,17.79089691614067,244.0
pp_quantile_calibrated,FOODS_3_365_TX_1,373.5768172494386,372.81817662485656,0.7586406245820276,0.0,0.992014309214926,0.9871794871794872,0.01282051282051282,4.7797202131391865,19.0
pp_quantile_calibrated,FOODS_3_367_TX_1,1120.957028372426,962.401247999854,158.55578037257197,0.0,0.689106312994957,0.9102564102564102,0.08974358974358974,12.338477538459667,102.0
pp_quantile_calibrated,FOODS_3_370_CA_1,1770.282297777827,1755.6638565471865,14.618441230640364,0.0,0.9286905305822422,0.9743589743589743,0.02564102564102564,22.508510981374187,41.0
pp_quantile_calibrated,FOODS_3_372_TX_3,1884.1000700787504,1593.46186966922,290.63820040953027,0.0,0.8445785024547966,0.8333333333333334,0.16666666666666666,20.428998329092565,374.0
pp_quantile_calibrated,FOODS_3_380_TX_3,363.0655497259833,349.9668263710035,13.098723354979832,0.0,0.8809206967729106,0.9743589743589743,0.02564102564102564,4.486754184243635,22.0
pp_quantile_calibrated,FOODS_3_384_TX_1,324.16678683746005,306.16556820833245,18.00121862912759,0.0,0.8363525579170219,0.9487179487179487,0.05128205128205128,3.9251995924145184,22.0
pp_quantile_calibrated,FOODS_3_385_CA_4,677.5622991840653,604.577689035305,72.98461014876028,0.0,0.6894271908563392,0.9102564102564102,0.08974358974358974,7.750996013273141,47.0
pp_quantile_calibrated,FOODS_3_385_TX_3,537.1504591308964,533.6534885962831,3.496970534613286,0.0,0.9851192743207946,0.9871794871794872,0.01282051282051282,6.84171139226004,47.0
pp_quantile_calibrated,FOODS_3_387_CA_2,1030.2443786360304,963.799908880658,66.44446975537255,0.0,0.7342221209785097,0.9102564102564102,0.08974358974358974,12.356409088213564,50.0
pp_quantile_calibrated,FOODS_3_390_TX_2,981.6028014655831,805.665226020935,175.93757544464802,0.0,0.7606291490549005,0.8076923076923077,0.19230769230769232,10.329041359242757,147.0
pp_quantile_calibrated,FOODS_3_392_WI_2,712.2264076409232,606.4512305714828,105.77517706944033,0.0,0.7568386734035853,0.8589743589743589,0.14102564102564102,7.775015776557472,87.0
pp_quantile_calibrated,FOODS_3_392_WI_3,710.5898037824531,594.0750831672236,116.51472061522952,0.0,0.6933823141704486,0.8717948717948718,0.1282051282051282,7.616347220092611,76.0
pp_quantile_calibrated,FOODS_3_393_CA_3,3426.0173581695703,2771.6852139526927,654.3321442168776,0.0,0.790278158904847,0.7692307692307693,0.23076923076923078,35.53442581990632,624.0
pp_quantile_calibrated,FOODS_3_398_WI_3,450.75525491683914,450.4951304874068,0.26012442943233793,0.0,0.9981419683611976,0.9871794871794872,0.01282051282051282,5.775578595992395,28.0
pp_quantile_calibrated,FOODS_3_403_TX_1,2147.033490481435,1796.3830116777624,350.65047880367246,0.0,0.8255470254708097,0.8076923076923077,0.19230769230769232,23.030551431766185,402.0
pp_quantile_calibrated,FOODS_3_405_TX_3,724.5500568661882,665.9943586273214,58.555698238866896,0.0,0.801506107664858,0.9102564102564102,0.08974358974358974,8.538389213170786,59.0
pp_quantile_calibrated,FOODS_3_408_TX_2,368.51074472114254,368.51074472114254,0.0,0.0,1.0,1.0,0.0,4.724496727194135,8.0
pp_quantile_calibrated,FOODS_3_416_CA_4,665.5374611447617,548.7238625051162,116.81359863964546,0.0,0.7616049007354174,0.8076923076923077,0.19230769230769232,7.034921314168157,98.0
pp_quantile_calibrated,FOODS_3_416_WI_3,664.4215305746334,594.1143269151737,70.3072036594597,0.0,0.826401966272939,0.8589743589743589,0.14102564102564102,7.61685034506633,81.0
pp_quantile_calibrated,FOODS_3_417_CA_3,720.6624028647448,686.9698404189895,33.69256244575526,0.0,0.9064095487617908,0.9358974358974359,0.0641025641025641,8.807305646397301,72.0
pp_quantile_calibrated,FOODS_3_422_CA_1,896.3440287585961,815.9069025669004,80.43712619169577,0.0,0.86131529966949,0.8974358974358975,0.10256410256410256,10.46034490470385,116.0
pp_quantile_calibrated,FOODS_3_423_WI_2,656.5813347592681,598.654631125201,57.9267036340671,0.0,0.8604175816046576,0.8974358974358975,0.10256410256410256,7.675059373400013,83.0
pp_quantile_calibrated,FOODS_3_425_CA_1,532.3168747659062,523.8607276232068,8.456147142699315,0.0,0.9743753116887901,0.9871794871794872,0.01282051282051282,6.716163174656497,66.0
pp_quantile_calibrated,FOODS_3_427_WI_3,468.7122901727448,448.8545057077561,19.857784464988725,0.0,0.7663790062942503,0.9615384615384616,0.038461538461538464,5.754544944971232,17.0
pp_quantile_calibrated,FOODS_3_428_TX_3,295.038467202951,246.30062927679086,48.737837926160154,0.0,0.5938513506153321,0.9358974358974359,0.0641025641025641,3.1577003753434725,24.0
pp_quantile_calibrated,FOODS_3_434_CA_1,1226.0293390526854,995.5311029078659,230.4982361448194,0.0,0.7647977182195721,0.7948717948717948,0.20512820512820512,12.763219268049564,196.0
pp_quantile_calibrated,FOODS_3_434_WI_1,836.9921232893223,783.6725790416466,53.31954424767568,0.0,0.8498041007107727,0.9102564102564102,0.08974358974358974,10.047084346687777,71.0
pp_quantile_calibrated,FOODS_3_441_TX_2,15631.19999999998,15631.19999999998,0.0,0.0,1.0,1.0,0.0,200.39999999999975,0.0
pp_quantile_calibrated,FOODS_3_444_CA_4,7410.0,7410.0,0.0,0.0,1.0,1.0,0.0,95.0,0.0
pp_quantile_calibrated,FOODS_3_444_TX_2,29484.0,29484.0,0.0,0.0,1.0,1.0,0.0,378.0,0.0
pp_quantile_calibrated,FOODS_3_445_CA_3,1604.7191818885249,1468.7884822513233,135.93069963720166,0.0,0.7825108805804774,0.9615384615384616,0.038461538461538464,18.83062156732466,125.0
pp_quantile_calibrated,FOODS_3_449_WI_1,778.7460327581049,596.5172889070159,182.22874385108898,0.0,0.7678614728011606,0.782051282051282,0.21794871794871795,7.6476575500899475,157.0
pp_quantile_calibrated,FOODS_3_451_CA_4,1006.6312391236855,911.5283968180679,95.10284230561766,0.0,0.7886603504319608,0.9102564102564102,0.08974358974358974,11.686261497667537,90.0
pp_quantile_calibrated,FOODS_3_453_TX_2,276.53256099856605,272.1678807346379,4.364680263928173,0.0,0.9272553289345304,0.9871794871794872,0.01282051282051282,3.4893318042902295,12.0
pp_quantile_calibrated,FOODS_3_453_WI_2,197.7042873177976,176.9120775855293,20.792209732268297,0.0,0.8700486891733231,0.9230769230769231,0.07692307692307693,2.268103558788837,32.0
pp_quantile_calibrated,FOODS_3_454_CA_1,3959.198315170718,3959.198315170718,0.0,0.0,1.0,1.0,0.0,50.75895275859895,1.0
pp_quantile_calibrated,FOODS_3_455_TX_1,4740.282074332344,3247.822320282401,1492.4597540499426,0.0,0.7059192602857256,0.7051282051282052,0.2948717948717949,41.63874769592822,1015.0
pp_quantile_calibrated,FOODS_3_456_CA_4,297.88524807123844,286.81871628075874,11.066531790479708,0.0,0.926223121396802,0.9615384615384616,0.038461538461538464,3.6771630292404964,30.0
pp_quantile_calibrated,FOODS_3_457_TX_3,345.0988033011149,327.9387622693063,17.160041031808568,0.0,0.771199452909219,0.9743589743589743,0.02564102564102564,4.204343106016748,15.0
pp_quantile_calibrated,FOODS_3_458_TX_1,2426.3194820463495,2058.769234662663,367.55024738368655,0.0,0.8455671229480308,0.8461538461538461,0.15384615384615385,26.394477367470042,476.0
pp_quantile_calibrated,FOODS_3_458_WI_1,1874.3610098912768,1632.8618444273557,241.4991654639212,0.0,0.858772417857356,0.8076923076923077,0.19230769230769232,20.934126210607126,342.0
pp_quantile_calibrated,FOODS_3_464_TX_2,474.54240777552377,440.48350893413794,34.05889884138584,0.0,0.7802651687652526,0.9230769230769231,0.07692307692307693,5.647224473514589,31.0
pp_quantile_calibrated,FOODS_3_465_CA_3,576.3398017087426,556.179570230476,20.160231478266624,0.0,0.9177133409050342,0.9487179487179487,0.05128205128205128,7.130507310647128,49.0
pp_quantile_calibrated,FOODS_3_465_TX_2,506.86187229554355,506.86187229554355,0.0,0.0,1.0,1.0,0.0,6.498229131994148,27.0
pp_quantile_calibrated,FOODS_3_465_WI_3,741.6595506196741,683.5631852387617,58.0963653809124,0.0,0.8125923697389923,0.9230769230769231,0.07692307692307693,8.763630579984124,62.0
pp_quantile_calibrated,FOODS_3_468_TX_2,950.7917893923125,905.0469089295165,45.744880462795976,0.0,0.9448856861894023,0.9487179487179487,0.05128205128205128,11.603165499096365,166.0
pp_quantile_calibrated,FOODS_3_471_WI_3,745.644242192259,722.3527839732717,23.291458218987273,0.0,0.8964824079156121,0.9487179487179487,0.05128205128205128,9.260933127862458,45.0
pp_quantile_calibrated,FOODS_3_472_CA_1,417.61933318694014,370.44088868654376,47.17844450039636,0.0,0.7580592589723264,0.8846153846153846,0.11538461538461539,4.749242162647997,39.0
pp_quantile_calibrated,FOODS_3_474_CA_1,1573.981249638597,1017.2045262278165,556.7767234107807,0.0,0.6464909692629964,0.7435897435897436,0.2564102564102564,13.04108366958739,315.0
pp_quantile_calibrated,FOODS_3_476_TX_3,1562.0870423767008,1305.0927368982252,256.9943054784755,0.0,0.8015487988583201,0.8076923076923077,0.19230769230769232,16.731958165361863,259.0
pp_quantile_calibrated,FOODS_3_479_CA_3,1675.3905211116526,1501.4466758612743,173.94384525037816,0.0,0.7825701934370273,0.8333333333333334,0.16666666666666666,19.249316357195823,160.0
pp_quantile_calibrated,FOODS_3_479_TX_2,995.9712921302477,908.949992088477,87.02130004177067,0.0,0.8473310525582971,0.8846153846153846,0.11538461538461539,11.653205026775346,114.0
pp_quantile_calibrated,FOODS_3_479_TX_3,990.6760768792149,933.3313617187471,57.34471516046776,0.0,0.8841520905849136,0.9230769230769231,0.07692307692307693,11.965786688701886,99.0
pp_quantile_calibrated,FOODS_3_481_TX_2,396.34370348963597,388.08729076193305,8.256412727702926,0.0,0.9483974204518567,0.9871794871794872,0.01282051282051282,4.975478086691449,32.0
pp_quantile_calibrated,FOODS_3_498_TX_1,3625.728317529589,3198.4679646189693,427.26035291061936,0.0,0.73462089881328,0.9615384615384616,0.038461538461538464,41.00599954639704,322.0
pp_quantile_calibrated,FOODS_3_499_TX_1,3764.187216382977,3126.056745888107,638.1304704948701,0.0,0.8460481373956887,0.8589743589743589,0.14102564102564102,40.07765058830906,829.0
pp_quantile_calibrated,FOODS_3_502_TX_2,1022.431335100444,693.1216716217049,329.30966347873914,0.0,0.6848711354270438,0.7564102564102564,0.24358974358974358,8.886175277201344,209.0
pp_quantile_calibrated,FOODS_3_511_CA_1,7294.697027305213,5581.049918350883,1713.6471089543304,0.0,0.8129206212931953,0.782051282051282,0.21794871794871795,71.55192203013952,1832.0
pp_quantile_calibrated,FOODS_3_511_WI_2,4947.067622302077,3477.929825797288,1469.1377965047898,0.0,0.599689973704417,0.6794871794871795,0.32051282051282054,44.58884392047805,734.0
pp_quantile_calibrated,FOODS_3_512_CA_1,460.71549431031485,460.71549431031485,0.0,0.0,1.0,1.0,0.0,5.906608901414293,12.0
pp_quantile_calibrated,FOODS_3_513_CA_1,716.585389552146,573.0628422917637,143.52254726038234,0.0,0.7904780331965221,0.8205128205128205,0.1794871794871795,7.346959516561073,137.0
pp_quantile_calibrated,FOODS_3_514_CA_2,1228.6407812247487,944.6151165423286,284.02566468242014,0.0,0.7429631993824254,0.782051282051282,0.21794871794871795,12.110450212081135,221.0
pp_quantile_calibrated,FOODS_3_515_CA_1,1677.265745785354,1404.0662341457023,273.19951163965175,0.0,0.7124215666951035,0.7948717948717948,0.20512820512820512,18.000849155714132,190.0
pp_quantile_calibrated,FOODS_3_517_TX_1,423.0880697106744,421.8238003178476,1.2642693928268312,0.0,0.9851262424373313,0.9871794871794872,0.01282051282051282,5.407997439972405,17.0
pp_quantile_calibrated,FOODS_3_517_TX_3,313.57814364335775,313.57814364335775,0.0,0.0,1.0,1.0,0.0,4.020232610812279,17.0
pp_quantile_calibrated,FOODS_3_525_CA_4,897.9305900238679,825.5511786656562,72.37941135821174,0.0,0.6288235314963501,0.9102564102564102,0.08974358974358974,10.583989470072515,39.0
pp_quantile_calibrated,FOODS_3_531_CA_3,711.1710505493693,676.9501170844783,34.22093346489099,0.0,0.8799265492459966,0.9487179487179487,0.05128205128205128,8.678847654929209,57.0
pp_quantile_calibrated,FOODS_3_532_TX_3,1110.0252745824127,929.306764863427,180.71850971898573,0.0,0.7524403976452251,0.7692307692307693,0.23076923076923078,11.91418929312086,146.0
pp_quantile_calibrated,FOODS_3_532_WI_1,2364.81225685316,1989.5884324742742,375.22382437888547,0.0,0.8416777112325378,0.8333333333333334,0.16666666666666666,25.50754400608044,474.0
pp_quantile_calibrated,FOODS_3_533_TX_3,916.8679329240118,853.1589971524029,63.708935771608935,0.0,0.8841655713243474,0.9102564102564102,0.08974358974358974,10.937935860928242,110.0
pp_quantile_calibrated,FOODS_3_533_WI_3,1443.905233631407,1366.9072329633825,76.99800066802453,0.0,0.9153868124527202,0.9358974358974359,0.0641025641025641,17.524451704658752,182.0
pp_quantile_calibrated,FOODS_3_538_WI_1,1186.3370160431175,1121.6770718372845,64.65994420583307,0.0,0.9149211260449563,0.9358974358974359,0.0641025641025641,14.380475279965186,152.0
pp_quantile_calibrated,FOODS_3_544_TX_2,528.5397970741651,491.8539951704873,36.68580190367784,0.0,0.8756413494790581,0.9358974358974359,0.0641025641025641,6.305820450903683,59.0
pp_quantile_calibrated,FOODS_3_545_CA_2,727.5752422199189,693.6118180393685,33.96342418055043,0.0,0.834324760094876,0.9358974358974359,0.0641025641025641,8.89245920563293,41.0
pp_quantile_calibrated,FOODS_3_546_CA_1,3017.979363578833,2464.4853114564607,553.4940521223722,0.0,0.6518905332563698,0.7435897435897436,0.2564102564102564,31.595965531493086,318.0
pp_quantile_calibrated,FOODS_3_546_CA_3,1972.709208085762,1628.6844573017265,344.0247507840354,0.0,0.7794713135999773,0.8333333333333334,0.16666666666666666,20.88056996540675,312.0
pp_quantile_calibrated,FOODS_3_550_TX_1,325.7979055387267,325.7979055387267,0.0,0.0,1.0,1.0,0.0,4.17689622485547,14.0
pp_quantile_calibrated,FOODS_3_555_CA_3,9102.809721808328,6308.1691771967235,2794.6405446116037,0.0,0.7533415229822062,0.7692307692307693,0.23076923076923078,80.8739638102144,2266.0
pp_quantile_calibrated,FOODS_3_558_CA_4,546.0,546.0,0.0,0.0,1.0,1.0,0.0,7.0,0.0
pp_quantile_calibrated,FOODS_3_563_WI_1,1356.7732973479146,1356.7732973479146,0.0,0.0,1.0,1.0,0.0,17.394529453178393,11.0
pp_quantile_calibrated,FOODS_3_573_WI_2,1954.5740384193734,1895.5484779970159,59.025560422357586,0.0,0.9233434280229122,0.9615384615384616,0.038461538461538464,24.301903564064308,154.0
pp_quantile_calibrated,FOODS_3_575_CA_1,545.5825762402696,509.5686577958281,36.01391844444157,0.0,0.8614849290598401,0.9487179487179487,0.05128205128205128,6.532931510202924,52.0
pp_quantile_calibrated,FOODS_3_575_WI_1,464.21167126228283,446.9510822244403,17.26058903784251,0.0,0.9178067188674167,0.9743589743589743,0.02564102564102564,5.730142079800517,42.0
pp_quantile_calibrated,FOODS_3_575_WI_2,525.9499031437032,525.9499031437032,0.0,0.0,1.0,1.0,0.0,6.742947476201323,40.0
pp_quantile_calibrated,FOODS_3_578_WI_1,6742.600521736423,6742.600521736423,0.0,0.0,1.0,1.0,0.0,86.44359643251823,0.0
pp_quantile_calibrated,FOODS_3_580_CA_1,4371.8487198824205,4258.207437432006,113.641282450414,0.0,0.9199709278518211,0.9487179487179487,0.05128205128205128,54.59240304400008,284.0
pp_quantile_calibrated,FOODS_3_580_CA_3,6181.916008981548,5653.482340967599,528.4336680139482,0.0,0.8152329832119062,0.8333333333333334,0.16666666666666666,72.48054283291793,572.0
pp_quantile_calibrated,FOODS_3_582_CA_1,582.3436653542144,424.2157881783393,158.12787717587514,0.0,0.5208246146185601,0.8076923076923077,0.19230769230769232,5.43866395100435,66.0
pp_quantile_calibrated,FOODS_3_585_WI_1,423.084823110952,370.44104237944464,52.643780731507405,0.0,0.7894248770739704,0.8974358974358975,0.10256410256410256,4.749244133069803,50.0
pp_quantile_calibrated,FOODS_3_588_WI_3,778.6115308960711,739.736606884266,38.87492401180515,0.0,0.9145606065674612,0.9487179487179487,0.05128205128205128,9.483802652362385,91.0
pp_quantile_calibrated,FOODS_3_596_WI_1,941.6723658827324,746.271091067507,195.4012748152254,0.0,0.7542122329368234,0.7948717948717948,0.20512820512820512,9.567578090609064,159.0
pp_quantile_calibrated,FOODS_3_599_TX_3,1119.0612998760996,1119.0612998760996,0.0,0.0,1.0,1.0,0.0,14.346939742001277,2.0
pp_quantile_calibrated,FOODS_3_605_WI_3,1000.2785529474797,970.2785529474797,30.0,0.0,0.8421052631578947,0.9487179487179487,0.05128205128205128,12.439468627531792,38.0
pp_quantile_calibrated,FOODS_3_606_TX_3,612.0967527741999,513.1243042773649,98.97244849683499,0.0,0.6954693892405077,0.8461538461538461,0.15384615384615385,6.578516721504678,65.0
pp_quantile_calibrated,FOODS_3_608_CA_3,891.0711128972763,831.2310496360293,59.840063261246996,0.0,0.7653330852500118,0.9102564102564102,0.08974358974358974,10.656808328667042,51.0
pp_quantile_calibrated,FOODS_3_610_TX_1,551.9295397612651,551.9295397612651,0.0,0.0,1.0,1.0,0.0,7.07601974052904,16.0
pp_quantile_calibrated,FOODS_3_615_CA_4,736.2193234657642,646.1435731303368,90.07575033542741,0.0,0.8083494673714312,0.8461538461538461,0.15384615384615385,8.283891963209445,94.0
pp_quantile_calibrated,FOODS_3_618_WI_3,2146.504601855501,1782.2821454599946,364.22245639550624,0.0,0.5837457641194215,0.9102564102564102,0.08974358974358974,22.849771095640957,175.0
pp_quantile_calibrated,FOODS_3_625_TX_1,592.5081815447959,592.5081815447959,0.0,0.0,1.0,1.0,0.0,7.596258737753794,4.0
pp_quantile_calibrated,FOODS_3_626_WI_1,356.1194663612726,356.1194663612726,0.0,0.0,1.0,1.0,0.0,4.5656341841188794,19.0
pp_quantile_calibrated,FOODS_3_626_WI_2,640.6147405767962,615.6447169088207,24.97002366797552,0.0,0.7502997633202447,0.9615384615384616,0.038461538461538464,7.892880986010521,20.0
pp_quantile_calibrated,FOODS_3_628_WI_1,2399.4324043097363,1946.9776849766286,452.4547193331079,0.0,0.7266134626386055,0.7692307692307693,0.23076923076923078,24.961252371495238,331.0
pp_quantile_calibrated,FOODS_3_633_WI_1,805.6991791827344,777.0183902897246,28.68078889300973,0.0,0.9103725347093445,0.9358974358974359,0.0641025641025641,9.961774234483649,64.0
pp_quantile_calibrated,FOODS_3_634_CA_4,1787.076506474984,1521.6134223295696,265.4630841454144,0.0,0.7661118201361987,0.7692307692307693,0.23076923076923078,19.507864388840638,227.0
pp_quantile_calibrated,FOODS_3_638_TX_3,694.6931340837898,658.7979433952086,35.89519068858118,0.0,0.8619415742746879,0.9102564102564102,0.08974358974358974,8.446127479425751,52.0
pp_quantile_calibrated,FOODS_3_640_WI_2,1013.6200440926319,991.8626228808874,21.757421211744443,0.0,0.9469331189957453,0.9743589743589743,0.02564102564102564,12.71618747283189,82.0
pp_quantile_calibrated,FOODS_3_642_TX_3,765.3060472348809,730.2679687321299,35.03807850275101,0.0,0.8770593736745578,0.9615384615384616,0.038461538461538464,9.362409855540127,57.0
pp_quantile_calibrated,FOODS_3_644_WI_2,680.631380114587,680.631380114587,0.0,0.0,1.0,1.0,0.0,8.726043334802398,10.0
pp_quantile_calibrated,FOODS_3_646_CA_2,1323.796134288743,1205.793718219207,118.00241606953593,0.0,0.606658613101547,0.8589743589743589,0.14102564102564102,15.458893823323166,60.0
pp_quantile_calibrated,FOODS_3_646_WI_3,1322.7603909001957,1215.3255452577548,107.43484564244088,0.0,0.7530233433507106,0.8589743589743589,0.14102564102564102,15.58109673407378,87.0
pp_quantile_calibrated,FOODS_3_651_CA_2,1255.4139272131388,1045.606910424422,209.8070167887168,0.0,0.855305505662954,0.8333333333333334,0.16666666666666666,13.405216800313102,290.0
pp_quantile_calibrated,FOODS_3_657_CA_4,684.743192744295,652.9157878326255,31.82740491166955,0.0,0.8673858128680436,0.9230769230769231,0.07692307692307693,8.370715228623403,48.0
pp_quantile_calibrated,FOODS_3_658_WI_1,690.9571809062927,600.1422993199538,90.81488158633881,0.0,0.7578269824364299,0.8717948717948718,0.1282051282051282,7.694132042563511,75.0
pp_quantile_calibrated,FOODS_3_658_WI_3,496.09213666518855,495.5696510681539,0.5224855970346542,0.0,0.9972500758050808,0.9871794871794872,0.01282051282051282,6.3534570649763324,38.0
pp_quantile_calibrated,FOODS_3_662_WI_2,521.6602817771937,521.6602817771937,0.0,0.0,1.0,1.0,0.0,6.6879523304768425,11.0
pp_quantile_calibrated,FOODS_3_663_CA_1,3276.0,3276.0,0.0,0.0,1.0,1.0,0.0,42.0,0.0
pp_quantile_calibrated,FOODS_3_663_TX_2,751.0853508952287,637.7316093376738,113.35374155755488,0.0,0.7301101391486788,0.8333333333333334,0.16666666666666666,8.17604627355992,84.0
pp_quantile_calibrated,FOODS_3_667_TX_3,238.53476615609586,225.8187013806946,12.716064775401264,0.0,0.8043682342245959,0.9615384615384616,0.038461538461538464,2.895111556162751,13.0
pp_quantile_calibrated,FOODS_3_668_WI_3,3469.2202778843816,2721.0576784251293,748.1625994592523,0.0,0.7938946006999306,0.8076923076923077,0.19230769230769232,34.88535485160422,726.0
pp_quantile_calibrated,FOODS_3_669_TX_1,1791.4453636796136,1631.0244691904454,160.4208944891681,0.0,0.8166618348695222,0.8974358974358975,0.10256410256410256,20.91057011782622,175.0
pp_quantile_calibrated,FOODS_3_670_CA_4,568.7973008830094,560.3059050862454,8.491395796763985,0.0,0.919129563840343,0.9743589743589743,0.02564102564102564,7.183409039567248,21.0
pp_quantile_calibrated,FOODS_3_672_TX_2,4438.812247525573,3199.770204493907,1239.0420430316667,0.0,0.6878987297149454,0.6794871794871795,0.32051282051282054,41.02269492940906,794.0
pp_quantile_calibrated,FOODS_3_677_WI_2,647.218245995821,633.1563450010549,14.061900994766079,0.0,0.9629949973821944,0.9487179487179487,0.05128205128205128,8.117389038475062,76.0
pp_quantile_calibrated,FOODS_3_691_WI_1,609.0652322426912,592.9819876024436,16.083244640247585,0.0,0.8962371313532413,0.9487179487179487,0.05128205128205128,7.602333174390303,31.0
pp_quantile_calibrated,FOODS_3_693_WI_2,453.61991256033497,453.61991256033497,0.0,0.0,1.0,1.0,0.0,5.815639904619679,7.0
pp_quantile_calibrated,FOODS_3_694_WI_3,14895.530857412154,10984.59972183762,3910.931135574534,0.0,0.781206649758068,0.7692307692307693,0.23076923076923078,140.82820156202075,3575.0
pp_quantile_calibrated,FOODS_3_705_TX_2,616.5462883180379,598.9828687222163,17.56341959582165,0.0,0.9252620442730993,0.9871794871794872,0.01282051282051282,7.6792675477207215,47.0
pp_quantile_calibrated,FOODS_3_711_CA_3,8006.942995033331,6430.245013583555,1576.6979814497754,0.0,0.7030700599906261,0.7307692307692307,0.2692307692307692,82.4390386356866,1062.0
pp_quantile_calibrated,FOODS_3_712_CA_3,1123.8683398204103,853.5595625896558,270.3087772307546,0.0,0.6743267744207776,0.8205128205128205,0.1794871794871795,10.943071315251997,166.0
pp_quantile_calibrated,FOODS_3_718_TX_1,712.4673620451757,712.4673620451757,0.0,0.0,1.0,1.0,0.0,9.134196949297124,6.0
pp_quantile_calibrated,FOODS_3_723_WI_3,9869.128264169743,7314.293051387097,2554.8352127826456,0.0,0.784674655475546,0.7564102564102564,0.24358974358974358,93.77298783829612,2373.0
pp_quantile_calibrated,FOODS_3_727_WI_3,1821.1572223917367,1475.0479002889206,346.1093221028162,0.0,0.7604779777835182,0.7692307692307693,0.23076923076923078,18.91087051652462,289.0
pp_quantile_calibrated,FOODS_3_730_CA_3,790.4541848797331,739.7096305670784,50.744554312654735,0.0,0.8974857488633239,0.9487179487179487,0.05128205128205128,9.483456802142031,99.0
pp_quantile_calibrated,FOODS_3_734_TX_1,3572.479447367428,3428.17859470496,144.30085266246792,0.0,0.9439608339174881,0.9102564102564102,0.08974358974358974,43.95100762442256,515.0
pp_quantile_calibrated,FOODS_3_735_CA_4,367.2426786193676,352.7114158952184,14.531262724149174,0.0,0.8962052662560774,0.9743589743589743,0.02564102564102564,4.521941229425877,28.0
pp_quantile_calibrated,FOODS_3_745_TX_3,769.9349612037622,769.9349612037622,0.0,0.0,1.0,1.0,0.0,9.870961041073874,0.0
pp_quantile_calibrated,FOODS_3_746_CA_4,913.1138929002026,716.5422665988101,196.57162630139248,0.0,0.7645848786809671,0.7692307692307693,0.23076923076923078,9.18643931536936,167.0
pp_quantile_calibrated,FOODS_3_749_CA_1,2070.8944104247225,2000.8944104247225,70.0,0.0,0.8028169014084507,0.9743589743589743,0.02564102564102564,25.652492441342595,71.0
pp_quantile_calibrated,FOODS_3_750_CA_2,1690.0,1485.0,205.0,0.0,0.39705882352941174,0.8205128205128205,0.1794871794871795,19.03846153846154,68.0
pp_quantile_calibrated,FOODS_3_753_TX_2,1356.0973752176421,1155.90265560352,200.19471961412208,0.0,0.806575150131283,0.8333333333333334,0.16666666666666666,14.819264815429745,207.0
pp_quantile_calibrated,FOODS_3_755_TX_3,1245.6280407687252,1170.5358725674887,75.09216820123649,0.0,0.8555919842283912,0.9358974358974359,0.0641025641025641,15.00687016112165,104.0
pp_quantile_calibrated,FOODS_3_756_WI_3,3153.445515479262,2668.837353307759,484.6081621715034,0.0,0.8121673790032934,0.782051282051282,0.21794871794871795,34.21586350394563,516.0
pp_quantile_calibrated,FOODS_3_757_CA_3,9621.0,9076.0,545.0,0.0,0.6279863481228669,0.8846153846153846,0.11538461538461539,116.35897435897436,293.0
pp_quantile_calibrated,FOODS_3_763_TX_2,215.35057658650635,209.76186993875942,5.588706647746937,0.0,0.8882258670450612,0.9743589743589743,0.02564102564102564,2.689254742804608,10.0
pp_quantile_calibrated,FOODS_3_766_TX_3,319.54575106209376,319.54575106209376,0.0,0.0,1.0,1.0,0.0,4.0967403982319714,17.0
pp_quantile_calibrated,FOODS_3_768_CA_2,996.993391449865,711.3405043807463,285.6528870691187,0.0,0.6516428206474161,0.6794871794871795,0.32051282051282054,9.119750056163415,164.0
pp_quantile_calibrated,FOODS_3_770_WI_3,638.8056740594969,638.8056740594969,0.0,0.0,1.0,1.0,0.0,8.189816334096115,47.0
pp_quantile_calibrated,FOODS_3_774_WI_2,576.8571925855564,518.1250393778015,58.73215320775487,0.0,0.7602769256826332,0.8717948717948718,0.1282051282051282,6.642628709971814,49.0
pp_quantile_calibrated,FOODS_3_779_CA_1,632.5400465272554,632.5400465272554,0.0,0.0,1.0,1.0,0.0,8.109487775990454,27.0
pp_quantile_calibrated,FOODS_3_783_CA_1,1763.259645595544,1402.727832803683,360.53181279186106,0.0,0.7788148387779994,0.7948717948717948,0.20512820512820512,17.98369016414978,326.0
pp_quantile_calibrated,FOODS_3_783_TX_3,6171.59999999999,6171.59999999999,0.0,0.0,1.0,1.0,0.0,79.1230769230768,96.0
pp_quantile_calibrated,FOODS_3_786_CA_2,567.537448864979,431.3014396242687,136.23600924071022,0.0,0.6162365936881403,0.8076923076923077,0.19230769230769232,5.529505636208573,71.0
pp_quantile_calibrated,FOODS_3_788_WI_2,1513.1269235653854,1386.9797790474531,126.14714451793236,0.0,0.829530885786578,0.8461538461538461,0.15384615384615385,17.781792039069913,148.0
pp_quantile_calibrated,FOODS_3_791_CA_4,635.6332926041295,617.7933942903446,17.839898313784808,0.0,0.9326796290045857,0.9615384615384616,0.038461538461538464,7.920428131927495,53.0
pp_quantile_calibrated,FOODS_3_791_WI_2,1223.782233382314,1223.782233382314,0.0,0.0,1.0,1.0,0.0,15.689515812593768,37.0
pp_quantile_calibrated,FOODS_3_792_CA_1,1126.755775947385,975.2012931303926,151.55448281699248,0.0,0.8117335617180217,0.8717948717948718,0.1282051282051282,12.50258068115888,161.0
pp_quantile_calibrated,FOODS_3_793_WI_1,1242.6804524015129,1152.4263046873352,90.25414771417755,0.0,0.9190545760410964,0.9230769230769231,0.07692307692307693,14.774696213940196,223.0
pp_quantile_calibrated,FOODS_3_795_WI_2,1715.4673352853679,1523.8366769440734,191.63065834129452,0.0,0.8631209583276468,0.8461538461538461,0.15384615384615385,19.536367653129144,280.0
pp_quantile_calibrated,FOODS_3_799_TX_1,232.72839223388647,232.72839223388647,0.0,0.0,1.0,1.0,0.0,2.9836973363318777,6.0
pp_quantile_calibrated,FOODS_3_802_WI_3,538.8097222697955,530.5552768356897,8.254445434105886,0.0,0.9449703637726274,0.9743589743589743,0.02564102564102564,6.801990728662688,30.0
pp_quantile_calibrated,FOODS_3_805_TX_1,937.7864956703473,858.8721220507424,78.91437361960492,0.0,0.868476043967325,0.8846153846153846,0.11538461538461539,11.011181051932596,120.0
pp_quantile_calibrated,FOODS_3_806_CA_1,631.0576218883657,623.2659966216929,7.791625266672826,0.0,0.9257940450793065,0.9871794871794872,0.01282051282051282,7.9905897002781145,21.0
pp_quantile_calibrated,FOODS_3_806_CA_4,473.4289604131856,473.4289604131856,0.0,0.0,1.0,1.0,0.0,6.069602056579303,10.0
pp_quantile_calibrated,FOODS_3_809_CA_1,1137.6428689884524,855.615611687654,282.02725730079845,0.0,0.6951056677829206,0.8333333333333334,0.16666666666666666,10.969430919072487,185.0
pp_quantile_calibrated,FOODS_3_810_WI_2,1287.2805335622395,1254.9866010048884,32.293932557351056,0.0,0.8595915975767346,0.9487179487179487,0.05128205128205128,16.08957180775498,46.0
pp_quantile_calibrated,FOODS_3_813_TX_1,347.37496061008983,307.61606912519915,39.758891484890675,0.0,0.7054896927045136,0.9102564102564102,0.08974358974358974,3.9437957580153737,27.0
pp_quantile_calibrated,FOODS_3_814_CA_3,1096.4981132476762,896.1149258805308,200.38318736714535,0.0,0.8045042074466875,0.8076923076923077,0.19230769230769232,11.488652895904242,205.0
pp_quantile_calibrated,FOODS_3_818_CA_3,2627.957756659242,2402.0563682302704,225.90138842897147,0.0,0.8867662213388614,0.8974358974358975,0.10256410256410256,30.795594464490648,399.0
pp_quantile_calibrated,FOODS_3_821_TX_2,395.1819649410549,384.84052761423226,10.341437326822644,0.0,0.9602252410506821,0.9615384615384616,0.038461538461538464,4.9338529181311825,52.0
pp_quantile_calibrated,FOODS_3_824_TX_3,41.68901782442299,18.179108701603614,23.509909122819373,0.0,0.05960363508722499,0.9487179487179487,0.05128205128205128,0.2330654961744053,5.0
pp_quantile_calibrated,HOBBIES_1_004_WI_3,1599.8416425700073,1581.0174796521633,18.824162917844056,0.0,0.971904234450979,0.9871794871794872,0.01282051282051282,20.269454867335426,134.0
pp_quantile_calibrated,HOBBIES_1_005_WI_1,471.26027936238705,413.36389665038183,57.896382712005206,0.0,0.8190738040249836,0.8974358974358975,0.10256410256410256,5.299537136543357,64.0
pp_quantile_calibrated,HOBBIES_1_009_CA_1,1087.1887516595848,1087.1887516595848,0.0,0.0,1.0,1.0,0.0,13.938317328969037,28.0
pp_quantile_calibrated,HOBBIES_1_009_CA_4,1752.706364141389,1747.4143012634252,5.292062877963772,0.0,0.9922175545912298,0.9871794871794872,0.01282051282051282,22.402747452095195,136.0
pp_quantile_calibrated,HOBBIES_1_010_CA_3,425.6970065144609,370.84662145365604,54.850385060804825,0.0,0.7805984597567808,0.9102564102564102,0.08974358974358974,4.754443864790462,50.0
pp_quantile_calibrated,HOBBIES_1_012_TX_2,189.16908088777248,179.68485631264613,9.484224575126355,0.0,0.9051577542487366,0.9615384615384616,0.038461538461538464,2.303652004008284,20.0
pp_quantile_calibrated,HOBBIES_1_023_CA_3,741.0345882966864,510.2052164478108,230.82937184887555,0.0,0.6702437545016063,0.7948717948717948,0.20512820512820512,6.541092518561677,140.0
pp_quantile_calibrated,HOBBIES_1_026_CA_4,451.82014221362397,421.38860982432544,30.43153238929851,0.0,0.8968422630871236,0.9102564102564102,0.08974358974358974,5.402418074670839,59.0
pp_quantile_calibrated,HOBBIES_1_027_CA_1,362.8060942749585,351.5118533397462,11.294240935212336,0.0,0.933563288616398,0.9743589743589743,0.02564102564102564,4.506562222304439,34.0
pp_quantile_calibrated,HOBBIES_1_028_WI_3,211.20755344171548,198.72684286581335,12.480710575902116,0.0,0.9001543153927831,0.9487179487179487,0.05128205128205128,2.5477800367411967,25.0
pp_quantile_calibrated,HOBBIES_1_029_WI_3,214.54135499748114,205.2402015595262,9.301153437954914,0.0,0.8759846208272679,0.9358974358974359,0.0641025641025641,2.6312846353785413,15.0
pp_quantile_calibrated,HOBBIES_1_030_WI_2,1111.1561283786384,1050.7129685360194,60.44315984261901,0.0,0.8656818670164023,0.9358974358974359,0.0641025641025641,13.47067908379512,90.0
pp_quantile_calibrated,HOBBIES_1_032_CA_2,3960.526193505495,3220.4933013155173,740.0328921899779,0.0,0.7338011179172741,0.7948717948717948,0.20512820512820512,41.28837565789125,556.0
pp_quantile_calibrated,HOBBIES_1_043_TX_2,965.2945339667338,944.8990617480806,20.39547221865318,0.0,0.952568669258946,0.9615384615384616,0.038461538461538464,12.114090535231803,86.0
pp_quantile_calibrated,HOBBIES_1_043_WI_3,2026.0738272157419,1798.8738157849,227.2000114308418,0.0,0.7570053353680837,0.8461538461538461,0.15384615384615385,23.062484817755127,187.0
pp_quantile_calibrated,HOBBIES_1_045_CA_4,535.3542626033251,510.2593778697912,25.094884733533924,0.0,0.6415016466638012,0.9615384615384616,0.038461538461538464,6.5417868957665535,14.0
pp_quantile_calibrated,HOBBIES_1_050_TX_3,222.02482510221859,157.9915374857163,64.03328761650229,0.0,0.6950795827785605,0.8717948717948718,0.1282051282051282,2.0255325318681576,42.0
pp_quantile_calibrated,HOBBIES_1_054_CA_4,121.81852661678377,118.61093122852603,3.20759538825774,0.0,0.9506523786421887,0.9615384615384616,0.038461538461538464,1.5206529644682825,13.0
pp_quantile_calibrated,HOBBIES_1_057_WI_1,527.7488390011906,510.8800105028771,16.86882849831351,0.0,0.9503857985343721,0.9615384615384616,0.038461538461538464,6.54974372439586,68.0
pp_quantile_calibrated,HOBBIES_1_061_CA_4,235.33278648086957,224.10915754113677,11.22362893973281,0.0,0.7755274212053438,0.9743589743589743,0.02564102564102564,2.8731943274504714,10.0
pp_quantile_calibrated,HOBBIES_1_065_CA_4,142.20629210975687,142.20629210975687,0.0,0.0,1.0,1.0,0.0,1.8231575911507292,7.0
pp_quantile_calibrated,HOBBIES_1_070_WI_2,179.5437646029605,171.89719828148807,7.646566321472406,0.0,0.8470686735705518,0.9743589743589743,0.02564102564102564,2.2038102343780523,10.0
pp_quantile_calibrated,HOBBIES_1_073_CA_2,420.9489787854447,311.8457574109569,109.10322137448782,0.0,0.6171816793877621,0.8333333333333334,0.16666666666666666,3.9980225309097035,57.0
pp_quantile_calibrated,HOBBIES_1_074_TX_2,472.4802250067778,420.45518075126785,52.02504425550998,0.0,0.8492027702738841,0.9102564102564102,0.08974358974358974,5.3904510352726644,69.0
pp_quantile_calibrated,HOBBIES_1_086_CA_3,745.3982686820904,585.2343309198526,160.16393776223777,0.0,0.7114163283563283,0.7435897435897436,0.2564102564102564,7.503004242562213,111.0
pp_quantile_calibrated,HOBBIES_1_092_CA_3,261.411930784408,250.5890835421365,10.822847242271534,0.0,0.9344069864104755,0.9487179487179487,0.05128205128205128,3.2126805582325195,33.0
pp_quantile_calibrated,HOBBIES_1_092_TX_1,431.81709457813247,380.1379400263947,51.679154551737795,0.0,0.643592037574222,0.8846153846153846,0.11538461538461539,4.873563333671727,29.0
pp_quantile_calibrated,HOBBIES_1_103_CA_2,2310.7679315199407,1951.2100227001652,359.5579088197755,0.0,0.7939496224528507,0.8589743589743589,0.14102564102564102,25.015513111540578,349.0
pp_quantile_calibrated,HOBBIES_1_106_TX_3,538.3897192878628,518.3803862843432,20.009333003519618,0.0,0.8709075290095508,0.9487179487179487,0.05128205128205128,6.645902388260811,31.0
pp_quantile_calibrated,HOBBIES_1_106_WI_3,252.42455409437767,252.2221376208234,0.20241647355428327,0.0,0.9963197004808312,0.9871794871794872,0.01282051282051282,3.2336171489849153,11.0
pp_quantile_calibrated,HOBBIES_1_107_WI_2,500.36570067127184,476.57430486490665,23.79139580636521,0.0,0.9048344167745391,0.9102564102564102,0.08974358974358974,6.1099269854475216,50.0
pp_quantile_calibrated,HOBBIES_1_108_CA_3,444.20482396110907,356.32051790408576,87.88430605702331,0.0,0.7295867505937744,0.8333333333333334,0.16666666666666666,4.5682117680011,65.0
pp_quantile_calibrated,HOBBIES_1_109_CA_3,545.1132354269212,503.4347724849875,41.6784629419337,0.0,0.7548325709298017,0.9102564102564102,0.08974358974358974,6.454291954935737,34.0
pp_quantile_calibrated,HOBBIES_1_110_CA_3,396.4386489440263,378.6734130981701,17.76523584585619,0.0,0.8308072776585126,0.9615384615384616,0.038461538461538464,4.8547873474124374,21.0
pp_quantile_calibrated,HOBBIES_1_110_WI_3,175.9760236129989,163.10758753158157,12.868436081417315,0.0,0.7855260653097114,0.9871794871794872,0.01282051282051282,2.0911229170715586,12.0
pp_quantile_calibrated,HOBBIES_1_113_TX_2,605.4179351665308,592.3765389431525,13.041396223378294,0.0,0.8757962264440163,0.9743589743589743,0.02564102564102564,7.5945710120916985,21.0
pp_quantile_calibrated,HOBBIES_1_116_CA_1,371.53925643756065,312.7725602952051,58.76669614235554,0.0,0.7601359341128345,0.8974358974358975,0.10256410256410256,4.009904619169296,49.0
pp_quantile_calibrated,HOBBIES_1_116_WI_3,180.49742938660478,167.01926134330583,13.478168043298954,0.0,0.7549423992127463,0.9743589743589743,0.02564102564102564,2.1412725813244338,11.0
pp_quantile_calibrated,HOBBIES_1_117_CA_1,245.25357030091482,220.03328466288792,25.2202856380269,0.0,0.734523309073401,0.9230769230769231,0.07692307692307693,2.8209395469601017,19.0
pp_quantile_calibrated,HOBBIES_1_122_WI_3,356.5205861289254,356.5205861289254,0.0,0.0,1.0,1.0,0.0,4.570776745242633,8.0
pp_quantile_calibrated,HOBBIES_1_124_TX_3,286.4912825379164,277.64608710534617,8.84519543257024,0.0,0.9319600351340751,0.9743589743589743,0.02564102564102564,3.55956521929931,26.0
pp_quantile_calibrated,HOBBIES_1_133_WI_1,390.0,390.0,0.0,0.0,1.0,1.0,0.0,5.0,0.0
pp_quantile_calibrated,HOBBIES_1_134_CA_4,1628.401442671222,1414.7736297307329,213.62781294048904,0.0,0.81260718163115,0.8461538461538461,0.15384615384615385,18.13812345808632,228.0
pp_quantile_calibrated,HOBBIES_1_135_WI_1,449.44533523945154,431.7666970834838,17.678638155967754,0.0,0.9306720072314991,0.9487179487179487,0.05128205128205128,5.535470475429279,51.0
pp_quantile_calibrated,HOBBIES_1_137_TX_1,463.6423406536301,377.495855389356,86.14648526427408,0.0,0.641056311398858,0.8205128205128205,0.1794871794871795,4.839690453709692,48.0
pp_quantile_calibrated,HOBBIES_1_143_WI_1,182.63150354391485,151.27153033183365,31.359973212081204,0.0,0.7149093344356253,0.9230769230769231,0.07692307692307693,1.9393785939978672,22.0
pp_quantile_calibrated,HOBBIES_1_151_TX_1,302.8747106257094,255.00027463383984,47.87443599186956,0.0,0.819341750974077,0.8846153846153846,0.11538461538461539,3.2692342901774336,53.0
pp_quantile_calibrated,HOBBIES_1_152_CA_1,710.5321624442616,649.6453361732329,60.88682627102882,0.0,0.8260376392256319,0.8974358974358975,0.10256410256410256,8.328786361195293,70.0
pp_quantile_calibrated,HOBBIES_1_152_CA_3,553.0963412634342,509.35909655563484,43.73724470779935,0.0,0.8654238624375405,0.8974358974358975,0.10256410256410256,6.530244827636344,65.0
pp_quantile_calibrated,HOBBIES_1_155_CA_2,559.8020388124262,431.28226495336867,128.51977385905747,0.0,0.7641839011760413,0.8333333333333334,0.16666666666666666,5.52925980709447,109.0
pp_quantile_calibrated,HOBBIES_1_162_TX_1,222.81350655135438,222.81350655135438,0.0,0.0,1.0,1.0,0.0,2.856583417325056,6.0
pp_quantile_calibrated,HOBBIES_1_162_TX_2,289.92291400935744,275.70757462431715,14.21533938504028,0.0,0.8906512354996902,0.9487179487179487,0.05128205128205128,3.534712495183553,26.0
pp_quantile_calibrated,HOBBIES_1_170_TX_2,213.36090967200332,199.99067571804486,13.370233953958452,0.0,0.8089966578005935,0.9487179487179487,0.05128205128205128,2.5639830220262163,14.0
pp_quantile_calibrated,HOBBIES_1_173_CA_4,174.49757078661244,171.02182963431486,3.47574115229758,0.0,0.9652425884770242,0.9615384615384616,0.038461538461538464,2.192587559414293,20.0
pp_quantile_calibrated,HOBBIES_1_175_WI_1,244.07286542758933,244.07286542758933,0.0,0.0,1.0,1.0,0.0,3.1291393003537094,12.0
pp_quantile_calibrated,HOBBIES_1_176_TX_3,322.5075518072557,250.9566522530119,71.55089955424381,0.0,0.7299966054556838,0.8333333333333334,0.16666666666666666,3.217392977602717,53.0
pp_quantile_calibrated,HOBBIES_1_184_CA_1,262.50052481455776,258.40102941803633,4.0994953965214265,0.0,0.9180100920695715,0.9871794871794872,0.01282051282051282,3.312833710487645,10.0
pp_quantile_calibrated,HOBBIES_1_186_TX_1,146.05636121203568,140.85610529639706,5.200255915638632,0.0,0.9133290680726894,0.9871794871794872,0.01282051282051282,1.8058475037999624,12.0
pp_quantile_calibrated,HOBBIES_1_187_CA_2,204.45330973985904,192.0905279875057,12.362781752353339,0.0,0.887611074978606,0.9487179487179487,0.05128205128205128,2.4626990767628936,22.0
pp_quantile_calibrated,HOBBIES_1_190_TX_2,201.2273892632942,191.49931436794373,9.728074895350495,0.0,0.8231259109936274,0.9743589743589743,0.02564102564102564,2.4551194149736375,11.0
pp_quantile_calibrated,HOBBIES_1_194_TX_3,783.6768320849665,677.6817122947729,105.9951197901936,0.0,0.8203472545928921,0.8717948717948718,0.1282051282051282,8.688227080702216,118.0
pp_quantile_calibrated,HOBBIES_1_200_CA_4,434.3741701403208,374.8496896097104,59.52448053061039,0.0,0.7619020778775585,0.8846153846153846,0.11538461538461539,4.805765251406544,50.0
pp_quantile_calibrated,HOBBIES_1_209_CA_3,3258.8335236780504,2592.95777446634,665.8757492117102,0.0,0.7259770579375678,0.782051282051282,0.21794871794871795,33.243048390594105,486.0
pp_quantile_calibrated,HOBBIES_1_212_CA_2,266.1280637355302,266.1280637355302,0.0,0.0,1.0,1.0,0.0,3.411898253019618,6.0
pp_quantile_calibrated,HOBBIES_1_232_WI_3,1465.5639403689877,1454.0060362183276,11.557904150659972,0.0,0.9518420660389167,0.9743589743589743,0.02564102564102564,18.641103028440096,48.0
pp_quantile_calibrated,HOBBIES_1_239_TX_1,328.78581046618405,320.9478172206883,7.837993245495721,0.0,0.9020250844313035,0.9743589743589743,0.02564102564102564,4.11471560539344,16.0
pp_quantile_calibrated,HOBBIES_1_240_CA_2,632.1443038338086,503.36297608162903,128.7813277521796,0.0,0.7499391694132435,0.8076923076923077,0.19230769230769232,6.453371488226013,103.0
pp_quantile_calibrated,HOBBIES_1_242_TX_3,485.3986123584905,454.2749454906651,31.123666867825364,0.0,0.8552387587543007,0.9487179487179487,0.05128205128205128,5.824037762700835,43.0
pp_quantile_calibrated,HOBBIES_1_245_TX_1,65.51764052866552,47.79641327497379,17.721227253691737,0.0,0.6455754549261652,0.9358974358974359,0.0641025641025641,0.6127745291663306,10.0
pp_quantile_calibrated,HOBBIES_1_245_WI_1,308.2512020613915,283.21419304525745,25.037009016134032,0.0,0.8435186936491623,0.9358974358974359,0.0641025641025641,3.630951192887916,32.0
pp_quantile_calibrated,HOBBIES_1_252_TX_1,847.5805752565412,803.849887932192,43.73068732434925,0.0,0.8438189738416099,0.9743589743589743,0.02564102564102564,10.305767794002461,56.0
pp_quantile_calibrated,HOBBIES_1_257_CA_2,342.23428274415005,333.76208591663845,8.472196827511622,0.0,0.9108189807630355,0.9743589743589743,0.02564102564102564,4.279001101495365,19.0
pp_quantile_calibrated,HOBBIES_1_261_WI_3,1658.0971092497066,1309.034768826678,349.06234042302856,0.0,0.6099862118178452,0.9230769230769231,0.07692307692307693,16.78249703623946,179.0
pp_quantile_calibrated,HOBBIES_1_264_TX_2,331.65140429070505,305.96601280794073,25.685391482764338,0.0,0.8489094618660922,0.9230769230769231,0.07692307692307693,3.922641189845394,34.0
pp_quantile_calibrated,HOBBIES_1_267_CA_3,258.6275965768521,250.04301224316222,8.584584333689879,0.0,0.8773630809472875,0.9743589743589743,0.02564102564102564,3.2056796441431055,14.0
pp_quantile_calibrated,HOBBIES_1_267_WI_2,159.09874384699924,155.51697605896842,3.5817677880308163,0.0,0.8806077403989727,0.9871794871794872,0.01282051282051282,1.99380738537139,6.0
pp_quantile_calibrated,HOBBIES_1_277_CA_1,1030.0,1025.0,5.0,0.0,0.9411764705882353,0.9871794871794872,0.01282051282051282,13.14102564102564,17.0
pp_quantile_calibrated,HOBBIES_1_279_CA_4,508.84545985972034,496.7817739587556,12.063685900964751,0.0,0.9536012080732124,0.9615384615384616,0.038461538461538464,6.368997102035328,52.0
pp_quantile_calibrated,HOBBIES_1_279_TX_3,553.3875722280702,527.5254561153015,25.86211611276875,0.0,0.9271489686964259,0.9358974358974359,0.0641025641025641,6.763146873273096,71.0
pp_quantile_calibrated,HOBBIES_1_285_CA_4,171.26723345361424,171.26723345361424,0.0,0.0,1.0,1.0,0.0,2.1957337622258235,8.0
pp_quantile_calibrated,HOBBIES_1_287_WI_1,414.78371971687494,405.5785577795467,9.205161937328237,0.0,0.9515517792772199,0.9743589743589743,0.02564102564102564,5.199725099737778,38.0
pp_quantile_calibrated,HOBBIES_1_289_WI_1,442.7855947354338,356.1375327661314,86.64806196930236,0.0,0.7204901226796697,0.8846153846153846,0.11538461538461539,4.565865804693993,62.0
pp_quantile_calibrated,HOBBIES_1_290_CA_4,223.91066296145718,223.91066296145718,0.0,0.0,1.0,1.0,0.0,2.870649525146887,3.0
pp_quantile_calibrated,HOBBIES_1_296_CA_1,363.1938226638502,322.94676196831887,40.24706069553133,0.0,0.7764052183581591,0.8974358974358975,0.10256410256410256,4.140343102157934,36.0
pp_quantile_calibrated,HOBBIES_1_297_CA_1,779.2111769806494,604.388377305815,174.82279967483439,0.0,0.8013377276422335,0.8333333333333334,0.16666666666666666,7.74856893981814,176.0
pp_quantile_calibrated,HOBBIES_1_306_CA_4,486.3367610124607,445.2127583879948,41.12400262446591,0.0,0.8087255691885307,0.9358974358974359,0.0641025641025641,5.707855876769164,43.0
pp_quantile_calibrated,HOBBIES_1_306_WI_3,154.02990794178984,149.13455738598387,4.895350555805969,0.0,0.9424076405199299,0.9487179487179487,0.05128205128205128,1.9119815049485112,17.0
pp_quantile_calibrated,HOBBIES_1_309_WI_1,247.7207714590046,210.8211386058639,36.899632853140716,0.0,0.538754589335741,0.9230769230769231,0.07692307692307693,2.702835110331588,16.0
pp_quantile_calibrated,HOBBIES_1_312_TX_3,773.5964684085877,742.2827157980162,31.313752610571584,0.0,0.9142088969573381,0.9487179487179487,0.05128205128205128,9.516445074333541,73.0
pp_quantile_calibrated,HOBBIES_1_319_TX_1,1359.0888754941373,1262.1722038927728,96.91667160136434,0.0,0.8564197457757565,0.8974358974358975,0.10256410256410256,16.181694921702217,135.0
pp_quantile_calibrated,HOBBIES_1_323_CA_3,773.4487926266042,580.3926099635244,193.05618266307994,0.0,0.6782396955615334,0.782051282051282,0.21794871794871795,7.440930896968261,120.0
pp_quantile_calibrated,HOBBIES_1_328_TX_1,214.75195640829378,214.75195640829378,0.0,0.0,1.0,1.0,0.0,2.753230210362741,7.0
pp_quantile_calibrated,HOBBIES_1_332_WI_1,526.1626767911902,433.75475580350206,92.40792098768807,0.0,0.6970232098764325,0.8461538461538461,0.15384615384615385,5.560958407737206,61.0
pp_quantile_calibrated,HOBBIES_1_333_CA_2,447.16214630382547,353.3987512955621,93.76339500826336,0.0,0.706989390599177,0.8333333333333334,0.16666666666666666,4.530753221737975,64.0
pp_quantile_calibrated,HOBBIES_1_333_TX_1,167.1739620058862,167.1739620058862,0.0,0.0,1.0,1.0,0.0,2.1432559231523873,14.0
pp_quantile_calibrated,HOBBIES_1_334_TX_1,166.19483034244257,155.42797589008865,10.766854452353938,0.0,0.8042390099572011,0.9615384615384616,0.038461538461538464,1.992666357565239,11.0
pp_quantile_calibrated,HOBBIES_1_344_CA_3,598.985053674471,513.3505126772484,85.63454099722266,0.0,0.8138379543538636,0.8846153846153846,0.11538461538461539,6.581416829195492,92.0
pp_quantile_calibrated,HOBBIES_1_346_CA_4,359.3322972471675,342.8303153831279,16.501981864039603,0.0,0.8262949277469516,0.9615384615384616,0.038461538461538464,4.395260453629845,19.0
pp_quantile_calibrated,HOBBIES_1_348_CA_4,5724.945799041732,5010.517616560219,714.4281824815139,0.0,0.6548656123277711,0.782051282051282,0.21794871794871795,64.23740534051562,414.0
pp_quantile_calibrated,HOBBIES_1_352_CA_2,625.2601704788849,554.7123984509839,70.54777202790099,0.0,0.8340052422872918,0.8717948717948718,0.1282051282051282,7.111697416038255,85.0
pp_quantile_calibrated,HOBBIES_1_361_CA_4,251.76505334564956,211.24995690990642,40.515096435743146,0.0,0.7298993570950457,0.8717948717948718,0.1282051282051282,2.708332780896236,30.0
pp_quantile_calibrated,HOBBIES_1_362_WI_2,204.85172909424173,204.85172909424173,0.0,0.0,1.0,1.0,0.0,2.6263042191569452,4.0
pp_quantile_calibrated,HOBBIES_1_367_TX_1,325.5724944248985,278.3131201383702,47.25937428652828,0.0,0.8182331758210452,0.8974358974358975,0.10256410256410256,3.5681169248509,52.0
pp_quantile_calibrated,HOBBIES_1_368_CA_1,271.3121338020485,234.86227208312545,36.44986171892304,0.0,0.7790917471580423,0.8974358974358975,0.10256410256410256,3.01105477029648,33.0
pp_quantile_calibrated,HOBBIES_1_372_TX_1,452.84775126453894,386.45293502120415,66.39481624333476,0.0,0.7957082577128161,0.8846153846153846,0.11538461538461539,4.954524807964156,65.0
pp_quantile_calibrated,HOBBIES_1_373_TX_1,456.7111354164701,404.64495698206775,52.06617843440234,0.0,0.7736253111547724,0.8589743589743589,0.14102564102564102,5.187755858744459,46.0
pp_quantile_calibrated,HOBBIES_1_374_WI_3,163.09547903569674,142.53306896714807,20.562410068548672,0.0,0.7580892933111921,0.9358974358974359,0.0641025641025641,1.8273470380403598,17.0
pp_quantile_calibrated,HOBBIES_1_375_WI_1,133.71463962154732,117.13344919816421,16.58119042338311,0.0,0.5854702394154223,0.9487179487179487,0.05128205128205128,1.5017108871559515,8.0
pp_quantile_calibrated,HOBBIES_1_380_CA_2,496.23641329125667,471.203410625225,25.033002666031656,0.0,0.8145703506219877,0.9615384615384616,0.038461538461538464,6.041069366990064,27.0
pp_quantile_calibrated,HOBBIES_1_381_TX_2,2380.1982320693724,2317.4014472102413,62.796784859130916,0.0,0.9606289750099491,0.9743589743589743,0.02564102564102564,29.71027496423386,319.0
pp_quantile_calibrated,HOBBIES_1_385_CA_1,630.0,630.0,0.0,0.0,1.0,1.0,0.0,8.076923076923077,8.0
pp_quantile_calibrated,HOBBIES_1_386_CA_3,1248.0,1248.0,0.0,0.0,1.0,1.0,0.0,16.0,15.0
pp_quantile_calibrated,HOBBIES_1_386_WI_3,154.9764670102113,154.9764670102113,0.0,0.0,1.0,1.0,0.0,1.9868777821821964,6.0
pp_quantile_calibrated,HOBBIES_1_389_CA_3,181.19748524909107,163.9939970754301,17.203488173660975,0.0,0.836157255488943,0.9487179487179487,0.05128205128205128,2.1024871419926936,21.0
pp_quantile_calibrated,HOBBIES_1_390_TX_1,200.63025267510915,169.93714050614753,30.69311216896162,0.0,0.590758504413845,0.9102564102564102,0.08974358974358974,2.178681288540353,15.0
pp_quantile_calibrated,HOBBIES_1_393_TX_2,131.8287982290551,122.35810117906375,9.47069704999135,0.0,0.9003084521053544,0.9487179487179487,0.05128205128205128,1.5686936048597917,19.0
pp_quantile_calibrated,HOBBIES_1_398_TX_3,753.8428832855972,745.8744600628762,7.968423222720986,0.0,0.9531269222192883,0.9743589743589743,0.02564102564102564,9.562493077729183,34.0
pp_quantile_calibrated,HOBBIES_1_399_TX_3,383.274081684898,383.274081684898,0.0,0.0,1.0,1.0,0.0,4.913770278011513,5.0
pp_quantile_calibrated,HOBBIES_1_400_CA_3,1064.7670299029733,994.48796753899,70.2790623639833,0.0,0.8402748582636742,0.9102564102564102,0.08974358974358974,12.74984573767936,88.0
pp_quantile_calibrated,HOBBIES_1_405_TX_3,173.70265963900943,165.44215937328772,8.260500265721706,0.0,0.8164333274284066,0.9743589743589743,0.02564102564102564,2.1210533252985604,9.0
pp_quantile_calibrated,HOBBIES_1_406_CA_1,225.64422108571603,225.64422108571603,0.0,0.0,1.0,1.0,0.0,2.8928746293040515,7.0
pp_quantile_calibrated,HOBBIES_1_410_TX_1,178.3447964005911,178.3447964005911,0.0,0.0,1.0,1.0,0.0,2.286471748725527,5.0
pp_quantile_calibrated,HOBBIES_1_415_CA_1,540.3424180448544,463.8301015591792,76.5123164856752,0.0,0.7571037571883327,0.8717948717948718,0.1282051282051282,5.94653976357922,63.0
pp_quantile_calibrated,HOBBIES_1_418_TX_1,429.074330299367,412.66460468003214,16.40972561933483,0.0,0.8069444044784139,0.9743589743589743,0.02564102564102564,5.290571854872207,17.0
pp_quantile_calibrated,HOBBIES_1_419_CA_4,164.55911528136372,164.55911528136372,0.0,0.0,1.0,1.0,0.0,2.1097322471969706,5.0
pp_quantile_calibrated,HOBBIES_2_007_TX_3,573.5162322301611,563.0319228013584,10.484309428802753,0.0,0.9276944177323948,0.9743589743589743,0.02564102564102564,7.2183579846328,29.0
pp_quantile_calibrated,HOBBIES_2_008_WI_3,380.8947182212792,362.4254486260788,18.46926959520046,0.0,0.8055866358399952,0.9615384615384616,0.038461538461538464,4.646480110590754,19.0
pp_quantile_calibrated,HOBBIES_2_009_WI_2,160.1144392057416,157.2521835323901,2.8622556733515125,0.0,0.918221266475671,0.9743589743589743,0.02564102564102564,2.016053635030642,7.0
pp_quantile_calibrated,HOBBIES_2_012_TX_2,252.68792381972293,252.22777276257816,0.4601510571447731,0.0,0.9916336171428223,0.9871794871794872,0.01282051282051282,3.2336893943920275,11.0
pp_quantile_calibrated,HOBBIES_2_014_WI_1,171.20319837318158,164.48035857784078,6.722839795340793,0.0,0.8879526700776535,0.9743589743589743,0.02564102564102564,2.1087225458697536,12.0
pp_quantile_calibrated,HOBBIES_2_018_CA_2,301.9768810940508,299.86776258648115,2.109118507569656,0.0,0.9777987525518984,0.9871794871794872,0.01282051282051282,3.8444584946984763,19.0
pp_quantile_calibrated,HOBBIES_2_030_TX_2,213.5619963535106,206.4106447603462,7.151351593164406,0.0,0.8699754255788289,0.9743589743589743,0.02564102564102564,2.646290317440336,11.0
pp_quantile_calibrated,HOBBIES_2_030_WI_2,78.0,78.0,0.0,0.0,1.0,1.0,0.0,1.0,0.0
pp_quantile_calibrated,HOBBIES_2_031_CA_2,431.10609672079573,418.89732854476335,12.208768176032354,0.0,0.906086398645905,0.9615384615384616,0.038461538461538464,5.37047857108671,26.0
pp_quantile_calibrated,HOBBIES_2_035_CA_2,336.0448875302306,334.4195859365247,1.6253015937058723,0.0,0.9704490619326205,0.9871794871794872,0.01282051282051282,4.287430588929804,11.0
pp_quantile_calibrated,HOBBIES_2_038_CA_2,294.26215659368927,264.8211003286145,29.44105626507482,0.0,0.7735303364225014,0.9358974358974359,0.0641025641025641,3.395142311905314,26.0
pp_quantile_calibrated,HOBBIES_2_040_TX_1,348.73747473438965,348.73747473438965,0.0,0.0,1.0,1.0,0.0,4.470993265825508,7.0
pp_quantile_calibrated,HOBBIES_2_041_TX_2,424.73240043276456,365.15395483916205,59.578445593602524,0.0,0.7568226710465202,0.8974358974358975,0.10256410256410256,4.6814609594764365,49.0
pp_quantile_calibrated,HOBBIES_2_042_TX_2,813.7920474231212,813.7920474231212,0.0,0.0,1.0,1.0,0.0,10.433231377219503,30.0
pp_quantile_calibrated,HOBBIES_2_045_CA_4,240.43649972627207,234.1243191557817,6.31218057049038,0.0,0.9028895296847634,0.9743589743589743,0.02564102564102564,3.0015938353305347,13.0
pp_quantile_calibrated,HOBBIES_2_050_WI_2,119.57089378834209,119.57089378834209,0.0,0.0,1.0,1.0,0.0,1.5329601767736165,9.0
pp_quantile_calibrated,HOBBIES_2_056_WI_3,220.90551188874974,220.90551188874974,0.0,0.0,1.0,1.0,0.0,2.8321219472916632,3.0
pp_quantile_calibrated,HOBBIES_2_061_TX_3,185.1015150687823,162.4133209621332,22.68819410664909,0.0,0.5874873798791075,0.9487179487179487,0.05128205128205128,2.0822220636170923,11.0
pp_quantile_calibrated,HOBBIES_2_072_TX_2,222.60708268854526,219.6089465539519,2.998136134593359,0.0,0.900062128846888,0.9871794871794872,0.01282051282051282,2.815499314794255,6.0
pp_quantile_calibrated,HOBBIES_2_074_CA_1,158.7541509044333,157.4404184082185,1.3137324962147812,0.0,0.9624647858224348,0.9871794871794872,0.01282051282051282,2.018466902669468,7.0
pp_quantile_calibrated,HOBBIES_2_074_CA_3,224.7179472340468,214.7179472340468,10.0,0.0,0.8,0.9743589743589743,0.02564102564102564,2.7527941953082924,10.0
pp_quantile_calibrated,HOBBIES_2_076_TX_3,692.0199012164437,588.9827258609226,103.03717535552107,0.0,0.4973796324120924,0.8589743589743589,0.14102564102564102,7.551060587960547,41.0
pp_quantile_calibrated,HOBBIES_2_076_WI_1,674.786730192071,657.4753334694291,17.31139672264196,0.0,0.8177747713406109,0.9487179487179487,0.05128205128205128,8.429170941915757,19.0
pp_quantile_calibrated,HOBBIES_2_077_WI_1,156.0,156.0,0.0,0.0,1.0,1.0,0.0,2.0,0.0
pp_quantile_calibrated,HOBBIES_2_081_WI_3,736.4074997604457,736.4074997604457,0.0,0.0,1.0,1.0,0.0,9.441121791800587,10.0
pp_quantile_calibrated,HOBBIES_2_083_CA_1,624.1338957803757,624.1338957803757,0.0,0.0,1.0,1.0,0.0,8.00171661256892,7.0
pp_quantile_calibrated,HOBBIES_2_084_WI_3,109.47851861520404,102.96410371310004,6.514414902103994,0.0,0.8697117019579201,0.9743589743589743,0.02564102564102564,1.3200526117064109,10.0
pp_quantile_calibrated,HOBBIES_2_086_CA_4,196.65648757545017,196.65648757545017,0.0,0.0,1.0,1.0,0.0,2.521237020198079,3.0
pp_quantile_calibrated,HOBBIES_2_103_TX_1,279.2986703776263,245.2782439445717,34.02042643305461,0.0,0.8209451240365547,0.9102564102564102,0.08974358974358974,3.1445928710842526,38.0
pp_quantile_calibrated,HOBBIES_2_107_WI_3,574.5999999999997,574.5999999999997,0.0,0.0,1.0,1.0,0.0,7.366666666666663,4.0
pp_quantile_calibrated,HOBBIES_2_114_CA_4,164.83974144908052,158.86273217142755,5.977009277652954,0.0,0.8671775716077121,0.9871794871794872,0.01282051282051282,2.0367016945054814,9.0
pp_quantile_calibrated,HOBBIES_2_115_TX_1,596.9955226978456,545.744214570566,51.25130812727953,0.0,0.8169596138311445,0.9230769230769231,0.07692307692307693,6.9967206996226405,56.0
pp_quantile_calibrated,HOBBIES_2_116_CA_1,502.0463444024344,495.96216721546404,6.08417718697035,0.0,0.9446892983002697,0.9615384615384616,0.038461538461538464,6.35848932327518,22.0
pp_quantile_calibrated,HOBBIES_2_116_CA_2,346.1468843455681,317.05866487197244,29.088219473595665,0.0,0.7845317076029951,0.9487179487179487,0.05128205128205128,4.0648546778458,27.0
pp_quantile_calibrated,HOBBIES_2_117_TX_1,525.2364021853464,516.682250533567,8.554151651779405,0.0,0.9448119248272296,0.9743589743589743,0.02564102564102564,6.624131417097012,31.0
pp_quantile_calibrated,HOBBIES_2_118_WI_2,234.0,234.0,0.0,0.0,1.0,1.0,0.0,3.0,0.0
pp_quantile_calibrated,HOBBIES_2_122_CA_2,717.156337180376,717.156337180376,0.0,0.0,1.0,1.0,0.0,9.194312015133026,10.0
pp_quantile_calibrated,HOBBIES_2_122_TX_1,695.5284582708108,695.5284582708108,0.0,0.0,1.0,1.0,0.0,8.917031516292447,23.0
pp_quantile_calibrated,HOBBIES_2_123_TX_1,257.8252185194293,257.8252185194293,0.0,0.0,1.0,1.0,0.0,3.305451519479863,16.0
pp_quantile_calibrated,HOBBIES_2_124_TX_3,1657.1999999999955,1467.6999999999953,189.50000000000017,0.0,0.3887096774193543,0.9487179487179487,0.05128205128205128,18.816666666666606,62.0
pp_quantile_calibrated,HOBBIES_2_128_TX_1,245.68807201429593,231.17713080696686,14.510941207329074,0.0,0.7097811758534185,0.9743589743589743,0.02564102564102564,2.9638093693200878,10.0
pp_quantile_calibrated,HOBBIES_2_129_WI_1,1087.102197599252,1087.102197599252,0.0,0.0,1.0,1.0,0.0,13.93720766152887,24.0
pp_quantile_calibrated,HOBBIES_2_132_CA_1,716.5898579624894,660.1399377253213,56.44992023716817,0.0,0.7909262213438216,0.9487179487179487,0.05128205128205128,8.463332534940017,54.0
pp_quantile_calibrated,HOBBIES_2_133_CA_3,575.5007800702059,567.4151744947989,8.085605575407069,0.0,0.9460959628306196,0.9743589743589743,0.02564102564102564,7.274553519164088,30.0
pp_quantile_calibrated,HOBBIES_2_134_TX_3,490.70475737118477,479.8715488050879,10.833208566096847,0.0,0.7833358286780631,0.9743589743589743,0.02564102564102564,6.152199343654973,10.0
pp_quantile_calibrated,HOBBIES_2_137_CA_2,410.9586623930678,410.9586623930678,0.0,0.0,1.0,1.0,0.0,5.268700799911126,0.0
pp_quantile_calibrated,HOBBIES_2_144_WI_1,308.60537004920633,308.60537004920633,0.0,0.0,1.0,1.0,0.0,3.956479103194953,10.0
pp_quantile_calibrated,HOUSEHOLD_1_005_CA_4,401.86769702639515,295.29923649737873,106.56846052901642,0.0,0.6562307724870438,0.8205128205128205,0.1794871794871795,3.7858876474022916,62.0
pp_quantile_calibrated,HOUSEHOLD_1_006_CA_4,485.3366389702156,433.22960031957444,52.107038650641144,0.0,0.7995883128821494,0.9230769230769231,0.07692307692307693,5.55422564512275,52.0
pp_quantile_calibrated,HOUSEHOLD_1_006_WI_2,479.2006303552314,457.11800474247593,22.082625612755482,0.0,0.8972901134290443,0.9487179487179487,0.05128205128205128,5.860487240288153,43.0
pp_quantile_calibrated,HOUSEHOLD_1_008_WI_3,191.21605187300358,147.08179690263398,44.134254970369604,0.0,0.6469259602370431,0.8717948717948718,0.1282051282051282,1.8856640628542818,25.0
pp_quantile_calibrated,HOUSEHOLD_1_010_CA_2,1315.2930509896032,1282.1273136241352,33.16573736546792,0.0,0.8979515773370217,0.9358974358974359,0.0641025641025641,16.437529661847886,65.0
pp_quantile_calibrated,HOUSEHOLD_1_013_CA_3,758.1575583525222,680.5113529047146,77.64620544780762,0.0,0.8705896575869871,0.9102564102564102,0.08974358974358974,8.724504524419418,120.0
pp_quantile_calibrated,HOUSEHOLD_1_014_CA_2,1150.6619275761614,1093.2960553436224,57.365872232538955,0.0,0.9082146044279378,0.9487179487179487,0.05128205128205128,14.016616094149004,125.0
pp_quantile_calibrated,HOUSEHOLD_1_014_WI_3,444.4954644488922,421.45697251344217,23.03849193545004,0.0,0.8720083781363887,0.9615384615384616,0.038461538461538464,5.403294519403104,36.0
pp_quantile_calibrated,HOUSEHOLD_1_015_WI_2,751.0,751.0,0.0,0.0,1.0,1.0,0.0,9.628205128205128,1.0
pp_quantile_calibrated,HOUSEHOLD_1_020_WI_1,608.0192077367858,564.8155973867844,43.20361035000146,0.0,0.8799899712499959,0.8974358974358975,0.10256410256410256,7.2412256075228765,72.0
pp_quantile_calibrated,HOUSEHOLD_1_021_WI_2,940.0108554321776,578.7175605167162,361.29329491546144,0.0,0.6094126541454471,0.7435897435897436,0.2564102564102564,7.419455904060464,185.0
pp_quantile_calibrated,HOUSEHOLD_1_024_CA_2,741.398104152662,665.1244261632373,76.2736779894246,0.0,0.8266507318422168,0.8846153846153846,0.11538461538461539,8.527236232862018,88.0
pp_quantile_calibrated,HOUSEHOLD_1_026_CA_2,1019.6635176766056,657.2209530052875,362.44256467131805,0.0,0.48951751454743936,0.7307692307692307,0.2692307692307692,8.425909653913942,142.0
pp_quantile_calibrated,HOUSEHOLD_1_029_CA_2,900.0356523096287,780.8335448191408,119.20210749048793,0.0,0.7962357136914736,0.8205128205128205,0.1794871794871795,10.010686472040266,117.0
pp_quantile_calibrated,HOUSEHOLD_1_032_WI_1,536.6507743584154,494.40991362847865,42.240860729936855,0.0,0.8517864535791689,0.9230769230769231,0.07692307692307693,6.338588636262547,57.0
pp_quantile_calibrated,HOUSEHOLD_1_033_TX_2,921.4128342748933,841.1364843343962,80.27634994049704,0.0,0.8540430001081871,0.9358974358974359,0.0641025641025641,10.783801081210207,110.0
pp_quantile_calibrated,HOUSEHOLD_1_034_WI_1,438.9737662646558,428.28763611606007,10.686130148595744,0.0,0.8812652205711584,0.9615384615384616,0.038461538461538464,5.490867129693078,18.0
pp_quantile_calibrated,HOUSEHOLD_1_043_CA_3,707.1186014458631,637.7950388325891,69.32356261327396,0.0,0.845947638637169,0.8846153846153846,0.11538461538461539,8.17685947221268,90.0
pp_quantile_calibrated,HOUSEHOLD_1_049_CA_1,2340.0,2340.0,0.0,0.0,1.0,1.0,0.0,30.0,0.0
pp_quantile_calibrated,HOUSEHOLD_1_049_WI_1,468.0,468.0,0.0,0.0,1.0,1.0,0.0,6.0,0.0
pp_quantile_calibrated,HOUSEHOLD_1_051_WI_1,1607.463320920531,1414.5095347393321,192.95378618119886,0.0,0.8538228892566675,0.8333333333333334,0.16666666666666666,18.13473762486323,264.0
pp_quantile_calibrated,HOUSEHOLD_1_058_CA_3,1330.4531557309895,1234.9217961905974,95.53135954039213,0.0,0.9147041432675069,0.8717948717948718,0.1282051282051282,15.832330720392275,224.0
pp_quantile_calibrated,HOUSEHOLD_1_068_TX_1,220.64575402115187,213.16679695453635,7.4789570666155285,0.0,0.8338009540752105,0.9743589743589743,0.02564102564102564,2.7329076532632866,9.0
pp_quantile_calibrated,HOUSEHOLD_1_071_CA_1,1901.9047986622263,1553.8569264162543,348.047872245972,0.0,0.8022455271329705,0.7948717948717948,0.20512820512820512,19.921242646362234,352.0
pp_quantile_calibrated,HOUSEHOLD_1_071_TX_2,1946.9407837062927,1511.9851963468031,434.95558735948947,0.0,0.7395475524793477,0.7692307692307693,0.23076923076923078,19.384425594189786,334.0
pp_quantile_calibrated,HOUSEHOLD_1_079_WI_1,758.1231689337992,582.6554462667234,175.46772266707578,0.0,0.683841941140404,0.8076923076923077,0.19230769230769232,7.469941618804146,111.0
pp_quantile_calibrated,HOUSEHOLD_1_080_WI_1,340.80629210542423,326.78095007866506,14.025342026759159,0.0,0.8877972637859267,0.9615384615384616,0.038461538461538464,4.189499359982885,25.0
pp_quantile_calibrated,HOUSEHOLD_1_080_WI_2,544.9996685423177,529.9375381560229,15.062130386294879,0.0,0.9330571982831338,0.9743589743589743,0.02564102564102564,6.794071002000294,45.0
pp_quantile_calibrated,HOUSEHOLD_1_083_TX_1,2789.3351798118224,2189.7100306433817,599.6251491684407,0.0,0.7657714261060778,0.7307692307692307,0.2692307692307692,28.073205521068996,512.0
pp_quantile_calibrated,HOUSEHOLD_1_083_WI_3,4028.017557877997,3417.622065848679,610.3954920293179,0.0,0.8098456411123621,0.8205128205128205,0.1794871794871795,43.8156675108805,642.0
pp_quantile_calibrated,HOUSEHOLD_1_088_TX_3,505.5109831165485,476.82512866633004,28.685854450218464,0.0,0.908933795396132,0.9358974358974359,0.0641025641025641,6.113142675209359,63.0
pp_quantile_calibrated,HOUSEHOLD_1_091_WI_3,201.84127428845576,196.97889276211006,4.8623815263457,0.0,0.9351682463153906,0.9871794871794872,0.01282051282051282,2.525370420027052,15.0
pp_quantile_calibrated,HOUSEHOLD_1_093_CA_2,665.5760410691199,578.4427155647974,87.13332550432257,0.0,0.8257333489913549,0.8846153846153846,0.11538461538461539,7.4159322508307355,100.0
pp_quantile_calibrated,HOUSEHOLD_1_095_TX_2,180.38337523233622,163.99623088072568,16.387144351610548,0.0,0.7478900868982993,0.9487179487179487,0.05128205128205128,2.102515780522124,13.0
pp_quantile_calibrated,HOUSEHOLD_1_095_TX_3,172.9420437127745,157.59920197139016,15.342841741384344,0.0,0.7639562809017792,0.9487179487179487,0.05128205128205128,2.0205025893767967,13.0
pp_quantile_calibrated,HOUSEHOLD_1_096_WI_2,4242.658903599743,3066.691645256134,1175.967258343609,0.0,0.7166343955798532,0.6666666666666666,0.3333333333333333,39.31655955456582,830.0
pp_quantile_calibrated,HOUSEHOLD_1_098_CA_4,201.36222217280846,195.09993817789612,6.262283994912337,0.0,0.9036571693090409,0.9743589743589743,0.02564102564102564,2.501281258690976,13.0
pp_quantile_calibrated,HOUSEHOLD_1_102_WI_3,988.0548235371316,845.7222379154864,142.33258562164514,0.0,0.7181532957987224,0.8461538461538461,0.15384615384615385,10.842592793788286,101.0
pp_quantile_calibrated,HOUSEHOLD_1_106_TX_3,2851.87610068496,2069.4953866587803,782.3807140261799,0.0,0.7430605208452611,0.7307692307692307,0.2692307692307692,26.53199213665103,609.0
pp_quantile_calibrated,HOUSEHOLD_1_119_TX_2,1114.3430129425449,1070.4942717672184,43.84874117532647,0.0,0.9484132456760866,0.9102564102564102,0.08974358974358974,13.72428553547716,170.0
pp_quantile_calibrated,HOUSEHOLD_1_120_CA_2,533.4595253487978,499.79040808493863,33.669117263859135,0.0,0.8076050442065192,0.9230769230769231,0.07692307692307693,6.40756933442229,35.0
pp_quantile_calibrated,HOUSEHOLD_1_127_WI_1,337.24961598828554,288.40552334024363,48.844092648041936,0.0,0.720890899154046,0.8846153846153846,0.11538461538461539,3.697506709490303,35.0
pp_quantile_calibrated,HOUSEHOLD_1_128_WI_2,1282.862620090239,1091.229383184645,191.63323690559406,0.0,0.7822349580618249,0.7948717948717948,0.20512820512820512,13.99012029723904,176.0
pp_quantile_calibrated,HOUSEHOLD_1_131_CA_1,759.9644604988438,699.6093168720591,60.35514362678459,0.0,0.7805267504480559,0.8846153846153846,0.11538461538461539,8.96935021630845,55.0
pp_quantile_calibrated,HOUSEHOLD_1_131_TX_1,886.328843595436,858.6197730225521,27.709070572883885,0.0,0.917286356498854,0.9615384615384616,0.038461538461538464,11.007945807981438,67.0
pp_quantile_calibrated,HOUSEHOLD_1_136_WI_3,796.2829243901858,795.3103328136252,0.9725915765605997,0.0,0.9985151273640297,0.9871794871794872,0.01282051282051282,10.1962863181234,131.0
pp_quantile_calibrated,HOUSEHOLD_1_145_CA_2,1497.0085998031627,1309.489693288285,187.51890651487759,0.0,0.839039565223281,0.8333333333333334,0.16666666666666666,16.788329401131858,233.0
pp_quantile_calibrated,HOUSEHOLD_1_155_WI_3,310.9300520126036,260.4110281126059,50.51902389999773,0.0,0.702829271176484,0.9102564102564102,0.08974358974358974,3.3386029245205884,34.0
pp_quantile_calibrated,HOUSEHOLD_1_157_WI_1,573.8980444916923,573.8980444916923,0.0,0.0,1.0,1.0,0.0,7.357667237072978,23.0
pp_quantile_calibrated,HOUSEHOLD_1_158_CA_3,665.7250151534882,611.9091274834996,53.81588766998863,0.0,0.8545516549459767,0.8974358974358975,0.10256410256410256,7.84498881389102,74.0
pp_quantile_calibrated,HOUSEHOLD_1_160_WI_2,925.0573524430563,742.8625905308165,182.19476191223976,0.0,0.710801965218667,0.7692307692307693,0.23076923076923078,9.523879365779699,126.0
pp_quantile_calibrated,HOUSEHOLD_1_161_CA_2,472.157296683435,418.0278924000285,54.129404283406444,0.0,0.8496405436572043,0.9230769230769231,0.07692307692307693,5.359331953846519,72.0
pp_quantile_calibrated,HOUSEHOLD_1_162_TX_1,946.8331951647908,927.2759209340879,19.557274230702866,0.0,0.8970669777331428,0.9615384615384616,0.038461538461538464,11.888152832488307,38.0
pp_quantile_calibrated,HOUSEHOLD_1_163_CA_1,250.73460270116192,237.91707891228043,12.817523788881488,0.0,0.8834770564647138,0.9615384615384616,0.038461538461538464,3.0502189604138517,22.0
pp_quantile_calibrated,HOUSEHOLD_1_165_CA_1,357.8961245673507,334.3659452487958,23.530179318554865,0.0,0.8823491034072257,0.9615384615384616,0.038461538461538464,4.286742887805074,40.0
pp_quantile_calibrated,HOUSEHOLD_1_165_TX_1,708.4762984507896,694.7129327443795,13.763365706410156,0.0,0.9642509981651685,0.9743589743589743,0.02564102564102564,8.906576060825378,77.0
pp_quantile_calibrated,HOUSEHOLD_1_167_WI_1,491.681339014013,463.4209189821545,28.2604200318585,0.0,0.8233723748008843,0.9358974358974359,0.0641025641025641,5.941293833104544,32.0
pp_quantile_calibrated,HOUSEHOLD_1_175_TX_2,743.3107209053385,656.4106730940359,86.90004781130253,0.0,0.8702984361025335,0.8974358974358975,0.10256410256410256,8.415521449923537,134.0
pp_quantile_calibrated,HOUSEHOLD_1_175_WI_3,367.062226515898,360.3859860908871,6.676240425010853,0.0,0.959537936818116,0.9743589743589743,0.02564102564102564,4.620333155011373,33.0
pp_quantile_calibrated,HOUSEHOLD_1_185_WI_3,626.8817797174775,528.952145218316,97.92963449916141,0.0,0.784770034067777,0.8589743589743589,0.14102564102564102,6.7814377592091795,91.0
pp_quantile_calibrated,HOUSEHOLD_1_186_WI_2,2049.1119127058087,1638.9306895234174,410.1812231823914,0.0,0.8018448197186515,0.7435897435897436,0.2564102564102564,21.01193191696689,414.0
pp_quantile_calibrated,HOUSEHOLD_1_188_TX_2,481.3407150590939,451.30881814218066,30.03189691691322,0.0,0.8844927041657183,0.9358974358974359,0.0641025641025641,5.786010489002316,52.0
pp_quantile_calibrated,HOUSEHOLD_1_190_WI_3,761.7173672240688,718.2287564765273,43.48861074754143,0.0,0.8682163310680564,0.9358974358974359,0.0641025641025641,9.2080609804683,66.0
pp_quantile_calibrated,HOUSEHOLD_1_191_TX_3,1275.789467939246,1232.8667545312096,42.92271340803633,0.0,0.9001797362603807,0.9358974358974359,0.0641025641025641,15.805984032451406,86.0
pp_quantile_calibrated,HOUSEHOLD_1_194_CA_1,570.191888286346,565.9137082002668,4.278180086079253,0.0,0.9755532566509757,0.9871794871794872,0.01282051282051282,7.255303951285471,35.0
pp_quantile_calibrated,HOUSEHOLD_1_195_CA_2,414.94087330907064,406.3911837647646,8.54968954430602,0.0,0.9448407126173806,0.9743589743589743,0.02564102564102564,5.210143381599546,31.0
pp_quantile_calibrated,HOUSEHOLD_1_201_TX_2,737.8186063799865,737.8186063799865,0.0,0.0,1.0,1.0,0.0,9.459212902307518,23.0
pp_quantile_calibrated,HOUSEHOLD_1_205_WI_3,569.317854635183,556.1494715477679,13.168383087415076,0.0,0.9529700604020891,0.9615384615384616,0.038461538461538464,7.130121430099589,56.0
pp_quantile_calibrated,HOUSEHOLD_1_206_CA_4,505.59834894066506,505.59834894066506,0.0,0.0,1.0,1.0,0.0,6.482030114623911,8.0
pp_quantile_calibrated,HOUSEHOLD_1_207_TX_1,376.16595513412534,370.56843807662375,5.597517057501578,0.0,0.96001773530356,0.9487179487179487,0.05128205128205128,4.750877411238766,28.0
pp_quantile_calibrated,HOUSEHOLD_1_208_WI_3,1233.005613053716,1132.2343020463604,100.7713110073555,0.0,0.8708060115290314,0.9102564102564102,0.08974358974358974,14.515824385209749,156.0
pp_quantile_calibrated,HOUSEHOLD_1_211_TX_2,406.9178099257442,382.76468496673675,24.153124959007446,0.0,0.9014158164938473,0.9615384615384616,0.038461538461538464,4.907239550855599,49.0
pp_quantile_calibrated,HOUSEHOLD_1_212_WI_2,754.0934521747945,689.4714625294704,64.62198964532416,0.0,0.8681183884789302,0.8974358974358975,0.10256410256410256,8.8393777247368,98.0
pp_quantile_calibrated,HOUSEHOLD_1_216_TX_1,183.95806976171772,183.95806976171772,0.0,0.0,1.0,1.0,0.0,2.358436791816894,9.0
pp_quantile_calibrated,HOUSEHOLD_1_217_WI_3,709.0701270950033,634.753103996117,74.31702309888622,0.0,0.8165011775336143,0.8974358974358975,0.10256410256410256,8.137860307642526,81.0
pp_quantile_calibrated,HOUSEHOLD_1_218_CA_1,805.3128946781184,750.4726824368518,54.840212241266656,0.0,0.8517832101587388,0.9230769230769231,0.07692307692307693,9.621444646626305,74.0
pp_quantile_calibrated,HOUSEHOLD_1_219_TX_3,332.81316975152436,288.7190964888091,44.094073262715256,0.0,0.845283953464157,0.9102564102564102,0.08974358974358974,3.7015268780616553,57.0
pp_quantile_calibrated,HOUSEHOLD_1_220_TX_3,628.154177890939,526.33834498527,101.81583290566893,0.0,0.8148803038078747,0.8589743589743589,0.14102564102564102,6.747927499811155,110.0
pp_quantile_calibrated,HOUSEHOLD_1_221_CA_2,545.8363347085714,485.66980490667345,60.16652980189788,0.0,0.837387757292168,0.8974358974358975,0.10256410256410256,6.226535960341967,74.0
pp_quantile_calibrated,HOUSEHOLD_1_224_WI_2,634.7901838494099,539.2765443940057,95.51363945540427,0.0,0.7061118785987561,0.8333333333333334,0.16666666666666666,6.913801851205201,65.0
pp_quantile_calibrated,HOUSEHOLD_1_225_CA_4,827.4534294860588,798.5723630350067,28.88106645105209,0.0,0.9004101156860272,0.9358974358974359,0.0641025641025641,10.238107218397522,58.0
pp_quantile_calibrated,HOUSEHOLD_1_225_TX_2,1387.4170108271148,1246.3296197884745,141.08739103864042,0.0,0.8603095138231281,0.8461538461538461,0.15384615384615385,15.978584869083006,202.0
pp_quantile_calibrated,HOUSEHOLD_1_230_TX_3,366.49943030910777,342.2989701750647,24.20046013404303,0.0,0.7311059985106331,0.9487179487179487,0.05128205128205128,4.388448335577753,18.0
pp_quantile_calibrated,HOUSEHOLD_1_238_CA_3,972.1799414195757,831.9308610925789,140.24908032699682,0.0,0.8500009836074901,0.8333333333333334,0.16666666666666666,10.665780270417677,187.0
pp_quantile_calibrated,HOUSEHOLD_1_244_CA_3,971.1811814731716,791.5135379887291,179.6676434844424,0.0,0.7681707826007195,0.8205128205128205,0.1794871794871795,10.147609461393964,155.0
pp_quantile_calibrated,HOUSEHOLD_1_246_CA_2,2947.6703815420465,2587.514046964832,360.1563345772146,0.0,0.8567966860527974,0.8461538461538461,0.15384615384615385,33.17325701236964,503.0
pp_quantile_calibrated,HOUSEHOLD_1_248_CA_4,330.22500486243797,312.0759493306999,18.149055531738046,0.0,0.8900057240500724,0.9487179487179487,0.05128205128205128,4.000973709367948,33.0
pp_quantile_calibrated,HOUSEHOLD_1_249_WI_3,356.49952963149946,327.9161340972376,28.583395534261875,0.0,0.8570830223286908,0.8974358974358975,0.10256410256410256,4.204053001246636,40.0
pp_quantile_calibrated,HOUSEHOLD_1_264_TX_3,212.01040278997635,205.30373017136145,6.706672618614888,0.0,0.9416811076642183,0.9743589743589743,0.02564102564102564,2.632099104761044,23.0
pp_quantile_calibrated,HOUSEHOLD_1_265_CA_3,530.9874071146265,494.5538046009588,36.433602513667715,0.0,0.8571231273973815,0.9230769230769231,0.07692307692307693,6.3404333923199845,51.0
pp_quantile_calibrated,HOUSEHOLD_1_272_CA_3,13183.0,13183.0,0.0,0.0,1.0,1.0,0.0,169.01282051282053,186.0
pp_quantile_calibrated,HOUSEHOLD_1_298_TX_3,719.2308868421945,699.1664467085081,20.064440133686396,0.0,0.8943976835069137,0.9615384615384616,0.038461538461538464,8.963672393698822,38.0
pp_quantile_calibrated,HOUSEHOLD_1_304_CA_3,3645.747242925602,2834.6465360335164,811.100706892086,0.0,0.7972248232769785,0.7948717948717948,0.20512820512820512,36.341622256839955,800.0
pp_quantile_calibrated,HOUSEHOLD_1_304_CA_4,774.1863735598424,569.5890653302047,204.59730822963775,0.0,0.7272035890271498,0.7051282051282052,0.2948717948717949,7.302423914489803,150.0
pp_quantile_calibrated,HOUSEHOLD_1_309_TX_2,473.92654359245665,450.72103117839595,23.205512414060706,0.0,0.767944875859393,0.9615384615384616,0.038461538461538464,5.778474758697384,20.0
pp_quantile_calibrated,HOUSEHOLD_1_314_TX_3,490.2355307008592,453.50379866966585,36.73173203119334,0.0,0.8639565480326173,0.9102564102564102,0.08974358974358974,5.814151264995716,54.0
pp_quantile_calibrated,HOUSEHOLD_1_317_CA_1,929.609104438178,886.4837163625607,43.12538807561724,0.0,0.9137492238487654,0.9230769230769231,0.07692307692307693,11.36517585080206,100.0
pp_quantile_calibrated,HOUSEHOLD_1_317_TX_3,707.7074734058226,694.4676149244569,13.23985848136573,0.0,0.9579687032337596,0.9743589743589743,0.02564102564102564,8.903430960569962,63.0
pp_quantile_calibrated,HOUSEHOLD_1_320_WI_3,378.00754543168193,334.6557287592235,43.3518166724584,0.0,0.729051145797135,0.8974358974358975,0.10256410256410256,4.290458061015686,32.0
pp_quantile_calibrated,HOUSEHOLD_1_332_WI_3,91.8967527524601,72.27931156124605,19.617441191214052,0.0,0.2153023523514379,0.9615384615384616,0.038461538461538464,0.9266578405287955,5.0
pp_quantile_calibrated,HOUSEHOLD_1_333_WI_2,394.76498337916956,372.02081722107613,22.744166158093453,0.0,0.8966174265541208,0.9358974358974359,0.0641025641025641,4.769497656680463,44.0
pp_quantile_calibrated,HOUSEHOLD_1_338_WI_1,506.7518946290033,457.0752497508381,49.67664487816519,0.0,0.8709697535632073,0.8974358974358975,0.10256410256410256,5.859939099369719,77.0
pp_quantile_calibrated,HOUSEHOLD_1_342_TX_2,573.8928826251631,474.52871973369594,99.36416289146722,0.0,0.7277694167357062,0.8076923076923077,0.19230769230769232,6.083701535047384,73.0
pp_quantile_calibrated,HOUSEHOLD_1_344_CA_1,693.641095374999,693.641095374999,0.0,0.0,1.0,1.0,0.0,8.892834556089731,45.0
pp_quantile_calibrated,HOUSEHOLD_1_344_TX_1,1534.868090851161,1225.0115865329112,309.8565043182499,0.0,0.7833171298473776,0.782051282051282,0.21794871794871795,15.70527675042194,286.0
pp_quantile_calibrated,HOUSEHOLD_1_349_TX_2,825.7213799328424,794.0395715892408,31.68180834360154,0.0,0.9263213759451127,0.9358974358974359,0.0641025641025641,10.179994507554369,86.0
pp_quantile_calibrated,HOUSEHOLD_1_361_WI_3,1341.2794802341355,1277.1869668540785,64.09251338005696,0.0,0.9263304443907391,0.9230769230769231,0.07692307692307693,16.374191882744597,174.0
pp_quantile_calibrated,HOUSEHOLD_1_368_TX_3,335.7923424085556,335.7923424085556,0.0,0.0,1.0,1.0,0.0,4.3050300308789184,4.0
pp_quantile_calibrated,HOUSEHOLD_1_369_CA_1,937.5046585289313,709.9982571087612,227.50640142017008,0.0,0.7443748298649775,0.782051282051282,0.21794871794871795,9.10254175780463,178.0
pp_quantile_calibrated,HOUSEHOLD_1_371_CA_1,711.5239969793502,651.2439914164695,60.28000556288063,0.0,0.8960689559260678,0.8846153846153846,0.11538461538461539,8.349281941236788,116.0
pp_quantile_calibrated,HOUSEHOLD_1_377_TX_1,226.10635173870702,213.2786228983061,12.827728840400919,0.0,0.8490855430541068,0.9615384615384616,0.038461538461538464,2.7343413192090527,17.0
pp_quantile_calibrated,HOUSEHOLD_1_380_CA_1,560.7698949025338,519.0723517077372,41.697543194796644,0.0,0.8755297218065772,0.8974358974358975,0.10256410256410256,6.654773739842785,67.0
pp_quantile_calibrated,HOUSEHOLD_1_384_CA_2,504.7009316436034,483.9835699706466,20.717361672956756,0.0,0.9362542717755177,0.9487179487179487,0.05128205128205128,6.204917563726239,65.0
pp_quantile_calibrated,HOUSEHOLD_1_385_CA_3,2125.0634392632337,1859.3564647606665,265.70697450256716,0.0,0.8507264188187825,0.8846153846153846,0.11538461538461539,23.83790339436752,356.0
pp_quantile_calibrated,HOUSEHOLD_1_386_CA_2,659.8828646071985,404.34971021276016,255.53315439443833,0.0,0.5878497509767123,0.6923076923076923,0.3076923076923077,5.1839706437533355,124.0
pp_quantile_calibrated,HOUSEHOLD_1_389_CA_1,2737.1454052794998,2562.7778282813115,174.36757699818813,0.0,0.8940014729494297,0.8974358974358975,0.10256410256410256,32.856126003606555,329.0
pp_quantile_calibrated,HOUSEHOLD_1_390_WI_2,1233.6232702248687,1066.03902360587,167.58424661899883,0.0,0.7956289675378063,0.7564102564102564,0.24358974358974358,13.667166969306026,164.0
pp_quantile_calibrated,HOUSEHOLD_1_394_CA_3,714.0957258812925,652.6357494515337,61.45997642975887,0.0,0.8553882907535085,0.8846153846153846,0.11538461538461539,8.36712499296838,85.0
pp_quantile_calibrated,HOUSEHOLD_1_395_CA_3,740.216482799136,707.8904049317022,32.32607786743383,0.0,0.9063012235726556,0.9230769230769231,0.07692307692307693,9.075518011944899,69.0
pp_quantile_calibrated,HOUSEHOLD_1_396_TX_1,655.4044284499091,567.7228454223539,87.68158302755529,0.0,0.8391163614173297,0.8846153846153846,0.11538461538461539,7.2784980182353065,109.0
pp_quantile_calibrated,HOUSEHOLD_1_397_WI_1,1045.3584776048992,772.4379436302974,272.920533974602,0.0,0.6826505418899976,0.717948717948718,0.28205128205128205,9.903050559362786,172.0
pp_quantile_calibrated,HOUSEHOLD_1_398_CA_4,285.88985624193344,252.9793982628299,32.91045797910357,0.0,0.7805969468059762,0.9230769230769231,0.07692307692307693,3.2433256187542296,30.0
pp_quantile_calibrated,HOUSEHOLD_1_399_TX_3,2854.7542268471825,2137.3297704220395,717.4244564251433,0.0,0.7670699816801483,0.7692307692307693,0.23076923076923078,27.40166372335948,616.0
pp_quantile_calibrated,HOUSEHOLD_1_401_CA_2,270.4539110870681,261.1040329346723,9.349878152395764,0.0,0.9150011077054931,0.9615384615384616,0.038461538461538464,3.3474876017265682,22.0
pp_quantile_calibrated,HOUSEHOLD_1_402_TX_2,288.7939250293058,267.1271499330105,21.66677509629529,0.0,0.8395053696570719,0.9615384615384616,0.038461538461538464,3.4247070504232116,27.0
pp_quantile_calibrated,HOUSEHOLD_1_404_TX_2,553.1912735174894,513.6124146847425,39.57885883274702,0.0,0.86807047055751,0.9102564102564102,0.08974358974358974,6.584774547240288,60.0
pp_quantile_calibrated,HOUSEHOLD_1_407_CA_4,418.06276769815673,390.8625186795324,27.200249018624348,0.0,0.8351500059477313,0.9358974358974359,0.0641025641025641,5.011057931788877,33.0
pp_quantile_calibrated,HOUSEHOLD_1_411_WI_3,1094.4745683500892,1038.4073396702627,56.06722867982659,0.0,0.8989779663426549,0.9358974358974359,0.0641025641025641,13.312914611157213,111.0
pp_quantile_calibrated,HOUSEHOLD_1_415_CA_3,461.5047842399384,399.76496536492436,61.73981887501402,0.0,0.8008392939515676,0.8846153846153846,0.11538461538461539,5.125191863652876,62.0
pp_quantile_calibrated,HOUSEHOLD_1_419_WI_2,404.44700661802096,394.94017561602857,9.506831001992374,0.0,0.8732422533067684,0.9743589743589743,0.02564102564102564,5.063335584820879,15.0
pp_quantile_calibrated,HOUSEHOLD_1_421_WI_3,531.0618348006116,489.4659176125988,41.59591718801278,0.0,0.8758330830208573,0.8846153846153846,0.11538461538461539,6.275204071956395,67.0
pp_quantile_calibrated,HOUSEHOLD_1_423_CA_4,242.6233681124063,239.41083075494313,3.212537357463172,0.0,0.9505763483467203,0.9871794871794872,0.01282051282051282,3.0693696250633735,13.0
pp_quantile_calibrated,HOUSEHOLD_1_425_CA_4,571.5695948385951,454.9229452306754,116.64664960791971,0.0,0.7154959765660495,0.7948717948717948,0.20512820512820512,5.832345451675326,82.0
pp_quantile_calibrated,HOUSEHOLD_1_431_TX_2,1535.3571227691593,1249.250473404946,286.10664936421335,0.0,0.7153167668017778,0.782051282051282,0.21794871794871795,16.01603171031982,201.0
pp_quantile_calibrated,HOUSEHOLD_1_433_WI_1,226.96000752182175,225.16229054391863,1.7977169779031188,0.0,0.9760304402946252,0.9871794871794872,0.01282051282051282,2.8866960326143416,15.0
pp_quantile_calibrated,HOUSEHOLD_1_437_WI_1,1107.6306066886386,867.593904199151,240.03670248948754,0.0,0.787578139389834,0.7692307692307693,0.23076923076923078,11.122998771783987,226.0
pp_quantile_calibrated,HOUSEHOLD_1_439_WI_3,2076.0667709297236,2051.0667709297236,25.0,0.0,0.9489795918367347,0.9743589743589743,0.02564102564102564,26.295727832432355,98.0
pp_quantile_calibrated,HOUSEHOLD_1_442_CA_4,352.5655064764295,289.647382465197,62.918124011232514,0.0,0.7792346525921666,0.8717948717948718,0.1282051282051282,3.713427980323038,57.0
pp_quantile_calibrated,HOUSEHOLD_1_445_TX_3,1007.9135624947819,662.1769414749374,345.7366210198445,0.0,0.6221457693772191,0.7051282051282052,0.2948717948717949,8.489447967627402,183.0
pp_quantile_calibrated,HOUSEHOLD_1_448_CA_4,1093.024658454562,970.7255364623632,122.29912199219898,0.0,0.8058744095361922,0.8589743589743589,0.14102564102564102,12.445199185414912,126.0
pp_quantile_calibrated,HOUSEHOLD_1_450_TX_2,680.0572883957207,586.4590871794419,93.5982012162788,0.0,0.7435665720101952,0.8333333333333334,0.16666666666666666,7.5187062458902805,73.0
pp_quantile_calibrated,HOUSEHOLD_1_458_CA_2,957.1514226352721,738.8087047134837,218.3427179217883,0.0,0.7218564102907156,0.7564102564102564,0.24358974358974358,9.471906470685688,157.0
pp_quantile_calibrated,HOUSEHOLD_1_459_WI_2,12018.593873213773,9025.068884610107,2993.5249886036654,0.0,0.7459885457273088,0.7051282051282052,0.2948717948717949,115.70601134115522,2357.0
pp_quantile_calibrated,HOUSEHOLD_1_462_WI_1,2275.831906665459,2176.7810266190136,99.0508800464454,0.0,0.7613231806109749,0.9487179487179487,0.05128205128205128,27.907449059218123,83.0
pp_quantile_calibrated,HOUSEHOLD_1_467_CA_1,480.08487495299596,452.6610615363611,27.423813416634886,0.0,0.9054351261495349,0.9358974358974359,0.0641025641025641,5.80334694277386,58.0
pp_quantile_calibrated,HOUSEHOLD_1_473_WI_2,3076.991453599362,2500.136679075655,576.854774523707,0.0,0.8037908930191473,0.7692307692307693,0.23076923076923078,32.053034347123784,588.0
pp_quantile_calibrated,HOUSEHOLD_1_474_TX_2,6991.066128923247,5325.895794644426,1665.170334278821,0.0,0.6295505374240665,0.7307692307692307,0.2692307692307692,68.28071531595418,899.0
pp_quantile_calibrated,HOUSEHOLD_1_481_CA_1,768.600744928194,598.1744689377955,170.42627599039855,0.0,0.7512025168023378,0.782051282051282,0.21794871794871795,7.668903447920455,137.0
pp_quantile_calibrated,HOUSEHOLD_1_482_WI_1,538.9837505317498,473.383061087243,65.60068944450686,0.0,0.794997845485916,0.8461538461538461,0.15384615384615385,6.069013603682603,64.0
pp_quantile_calibrated,HOUSEHOLD_1_491_TX_1,532.1712526093634,467.1578824575952,65.01337015176817,0.0,0.8115554488354546,0.8974358974358975,0.10256410256410256,5.98920362125122,69.0
pp_quantile_calibrated,HOUSEHOLD_1_491_WI_3,433.14661056298144,417.1395862169173,16.007024346064167,0.0,0.9359719026157433,0.9487179487179487,0.05128205128205128,5.347943413037401,50.0
pp_quantile_calibrated,HOUSEHOLD_1_492_WI_2,608.6965947020371,600.3892086093255,8.307386092711626,0.0,0.8721940601121289,0.9743589743589743,0.02564102564102564,7.697297546273403,13.0
pp_quantile_calibrated,HOUSEHOLD_1_494_CA_2,1114.1116589858816,852.6088623523366,261.5027966335449,0.0,0.7611846606086348,0.8076923076923077,0.19230769230769232,10.930882850670981,219.0
pp_quantile_calibrated,HOUSEHOLD_1_494_TX_1,1407.2349727124008,1153.618699911015,253.61627280138572,0.0,0.8226459630759541,0.8076923076923077,0.19230769230769232,14.7899833321925,286.0
pp_quantile_calibrated,HOUSEHOLD_1_500_TX_3,127.40283865963964,120.72692325006585,6.67591540957379,0.0,0.7774694863475403,0.9743589743589743,0.02564102564102564,1.5477810673085366,6.0
pp_quantile_calibrated,HOUSEHOLD_1_501_TX_3,354.8007321944041,354.8007321944041,0.0,0.0,1.0,1.0,0.0,4.548727335825693,7.0
pp_quantile_calibrated,HOUSEHOLD_1_503_WI_1,604.418747304018,540.5002943064837,63.9184529975342,0.0,0.8595198835219027,0.8974358974358975,0.10256410256410256,6.929490952647227,91.0
pp_quantile_calibrated,HOUSEHOLD_1_504_CA_3,545.5572441297178,531.7656988205557,13.791545309162032,0.0,0.9138028418177373,0.9743589743589743,0.02564102564102564,6.817508959237894,32.0
pp_quantile_calibrated,HOUSEHOLD_1_504_WI_3,683.8616403688204,680.549995337775,3.3116450310453693,0.0,0.9053815705415609,0.9871794871794872,0.01282051282051282,8.724999940227885,7.0
pp_quantile_calibrated,HOUSEHOLD_1_507_WI_3,1001.0,1001.0,0.0,0.0,1.0,1.0,0.0,12.833333333333334,11.0
pp_quantile_calibrated,HOUSEHOLD_1_510_CA_4,770.0273841408535,588.7520014591393,181.2753826817143,0.0,0.7003712682946871,0.7948717948717948,0.20512820512820512,7.548102582809477,121.0
pp_quantile_calibrated,HOUSEHOLD_1_510_TX_1,658.2563613269374,625.8193223981771,32.43703892876027,0.0,0.9168281053108711,0.9743589743589743,0.02564102564102564,8.023324646130476,78.0
pp_quantile_calibrated,HOUSEHOLD_1_520_CA_1,434.4997122710621,396.67493794806796,37.824774322994124,0.0,0.8649115202750208,0.8846153846153846,0.11538461538461539,5.0855761275393325,56.0
pp_quantile_calibrated,HOUSEHOLD_1_521_CA_2,2767.060792057444,2011.8800272954816,755.1807647619623,0.0,0.636932324633672,0.7564102564102564,0.24358974358974358,25.793333683275403,416.0
pp_quantile_calibrated,HOUSEHOLD_1_521_TX_3,7872.246009837248,7570.914561991788,301.33144784545976,0.0,0.9292649183461362,0.8846153846153846,0.11538461538461539,97.06300720502293,852.0
pp_quantile_calibrated,HOUSEHOLD_1_527_WI_2,606.8840328314768,464.5840050777563,142.3000277537205,0.0,0.5553124132696234,0.8076923076923077,0.19230769230769232,5.956205193304568,64.0
pp_quantile_calibrated,HOUSEHOLD_1_529_CA_2,733.8359882810091,580.8834325341853,152.95255574682378,0.0,0.677994619480371,0.8205128205128205,0.1794871794871795,7.447223494028017,95.0
pp_quantile_calibrated,HOUSEHOLD_1_531_TX_1,443.3440765878317,416.45214780421543,26.89192878361629,0.0,0.9039573972013705,0.9358974358974359,0.0641025641025641,5.339130100054044,56.0
pp_quantile_calibrated,HOUSEHOLD_1_533_WI_1,474.7011998865587,467.41486539112606,7.2863344954326426,0.0,0.9626341820747044,0.9743589743589743,0.02564102564102564,5.9924982742452055,39.0
pp_quantile_calibrated,HOUSEHOLD_1_534_CA_2,546.3617455500934,511.52063838404837,34.84110716604498,0.0,0.8944208873756213,0.9487179487179487,0.05128205128205128,6.557956902359594,66.0
pp_quantile_calibrated,HOUSEHOLD_1_534_CA_4,354.467051711166,304.96856614245445,49.49848556871153,0.0,0.7800067308057266,0.8846153846153846,0.11538461538461539,3.9098534120827493,45.0
pp_quantile_calibrated,HOUSEHOLD_1_534_TX_1,495.2318288448761,452.1909226189083,43.040906225967746,0.0,0.7673464528326068,0.9102564102564102,0.08974358974358974,5.797319520755234,37.0
pp_quantile_calibrated,HOUSEHOLD_1_537_CA_3,1201.0811178853846,1119.6036805197693,81.4774373656152,0.0,0.9128583557587003,0.8974358974358975,0.10256410256410256,14.353893339997043,187.0
pp_quantile_calibrated,HOUSEHOLD_1_537_TX_1,858.0151614722171,817.7688038144079,40.2463576578092,0.0,0.9247731632564316,0.9487179487179487,0.05128205128205128,10.484215433518049,107.0
pp_quantile_calibrated,HOUSEHOLD_1_541_CA_2,1043.0648608804613,971.747721354573,71.31713952588828,0.0,0.9257113129938664,0.9230769230769231,0.07692307692307693,12.458304119930423,192.0
pp_quantile_calibrated,HOUSEHOLD_2_001_WI_2,224.74949583949902,222.83341302485437,1.9160828146446418,0.0,0.9574203818967857,0.9871794871794872,0.01282051282051282,2.856838628523774,9.0
pp_quantile_calibrated,HOUSEHOLD_2_004_CA_4,220.1573282372601,220.1573282372601,0.0,0.0,1.0,1.0,0.0,2.822529849195642,6.0
pp_quantile_calibrated,HOUSEHOLD_2_008_WI_2,419.86163876460125,419.86163876460125,0.0,0.0,1.0,1.0,0.0,5.382841522623093,0.0
pp_quantile_calibrated,HOUSEHOLD_2_009_CA_1,317.48948105404236,252.36080001425628,65.12868103978607,0.0,0.666006763898533,0.8589743589743589,0.14102564102564102,3.2353948719776446,39.0
pp_quantile_calibrated,HOUSEHOLD_2_010_CA_3,337.1535713472146,323.73360550959626,13.419965837618362,0.0,0.8780003105671057,0.9487179487179487,0.05128205128205128,4.150430839866619,22.0
pp_quantile_calibrated,HOUSEHOLD_2_013_WI_3,132.42795654138146,122.07967206245436,10.34828447892709,0.0,0.7930343104214582,0.9615384615384616,0.038461538461538464,1.565124000800697,10.0
pp_quantile_calibrated,HOUSEHOLD_2_015_CA_1,464.5845372694197,431.9875787683944,32.59695850102528,0.0,0.8696121659958989,0.9487179487179487,0.05128205128205128,5.538302291902492,50.0
pp_quantile_calibrated,HOUSEHOLD_2_017_CA_1,405.54023799661445,405.54023799661445,0.0,0.0,1.0,1.0,0.0,5.199233820469416,29.0
pp_quantile_calibrated,HOUSEHOLD_2_021_CA_2,788.3992437846015,788.3992437846015,0.0,0.0,1.0,1.0,0.0,10.107682612623096,31.0
pp_quantile_calibrated,HOUSEHOLD_2_029_WI_2,441.40653285679997,411.37120517848535,30.035327678314623,0.0,0.8721900949858952,0.9358974358974359,0.0641025641025641,5.2739898099805815,47.0
pp_quantile_calibrated,HOUSEHOLD_2_032_WI_2,259.3384744513283,259.3384744513283,0.0,0.0,1.0,1.0,0.0,3.324852236555491,7.0
pp_quantile_calibrated,HOUSEHOLD_2_034_CA_2,165.9455369642331,143.37870153218753,22.566835432045572,0.0,0.7492573840883825,0.9487179487179487,0.05128205128205128,1.8381884811818914,18.0
pp_quantile_calibrated,HOUSEHOLD_2_034_CA_3,292.0070588379154,280.4370725587938,11.569986279121595,0.0,0.8347144817268344,0.9615384615384616,0.038461538461538464,3.5953470840871,14.0
pp_quantile_calibrated,HOUSEHOLD_2_038_TX_1,228.265044268004,222.36779684295567,5.8972474250483415,0.0,0.8927773195445756,0.9743589743589743,0.02564102564102564,2.8508691902943033,11.0
pp_quantile_calibrated,HOUSEHOLD_2_042_WI_2,354.87897048581965,354.87897048581965,0.0,0.0,1.0,1.0,0.0,4.549730390843842,2.0
pp_quantile_calibrated,HOUSEHOLD_2_043_TX_2,151.6619571853521,133.8719945696682,17.789962615683894,0.0,0.7907063221684247,0.9487179487179487,0.05128205128205128,1.7163076226880538,17.0
pp_quantile_calibrated,HOUSEHOLD_2_045_CA_4,259.5532151235339,229.44095481968188,30.112260303852,0.0,0.6830288389068211,0.9230769230769231,0.07692307692307693,2.9415507028164343,19.0
pp_quantile_calibrated,HOUSEHOLD_2_047_TX_2,748.618690617659,725.5359122543168,23.08277836334217,0.0,0.8845861081832892,0.9358974358974359,0.0641025641025641,9.301742464798934,40.0
pp_quantile_calibrated,HOUSEHOLD_2_057_WI_3,261.0230946618566,250.67013899218117,10.352955669675445,0.0,0.8274507388387425,0.9615384615384616,0.038461538461538464,3.213719730668989,12.0
pp_quantile_calibrated,HOUSEHOLD_2_058_TX_2,471.9391308823697,441.488963683092,30.450167199277722,0.0,0.8615901490941922,0.9358974358974359,0.0641025641025641,5.660114919014,44.0
pp_quantile_calibrated,HOUSEHOLD_2_063_TX_2,202.92553434390828,201.74106803641078,1.1844663074974893,0.0,0.9802588948750418,0.9871794871794872,0.01282051282051282,2.5864239491847534,12.0
pp_quantile_calibrated,HOUSEHOLD_2_067_CA_2,1022.6336382348961,956.2436562347871,66.3899820001091,0.0,0.8770555888886868,0.8846153846153846,0.11538461538461539,12.259534054292143,108.0
pp_quantile_calibrated,HOUSEHOLD_2_073_WI_3,140.22924535776122,133.9570584029744,6.272186954786816,0.0,0.5818542030142123,0.9871794871794872,0.01282051282051282,1.717398184653518,3.0
pp_quantile_calibrated,HOUSEHOLD_2_075_CA_4,429.1683490688475,395.36375378546444,33.80459528338305,0.0,0.8220810774558787,0.9230769230769231,0.07692307692307693,5.068766074172621,38.0
pp_quantile_calibrated,HOUSEHOLD_2_075_WI_3,559.9910289326623,545.8233950206935,14.167633911968744,0.0,0.9234181950704393,0.9615384615384616,0.038461538461538464,6.997735833598635,37.0
pp_quantile_calibrated,HOUSEHOLD_2_077_CA_3,252.02609312101845,248.07871389968824,3.9473792213301984,0.0,0.9122804617482179,0.9871794871794872,0.01282051282051282,3.180496332047285,9.0
pp_quantile_calibrated,HOUSEHOLD_2_079_TX_1,194.27848925731806,187.14778017241207,7.130709084905993,0.0,0.8981327273584857,0.9615384615384616,0.038461538461538464,2.399330515030924,14.0
pp_quantile_calibrated,HOUSEHOLD_2_087_CA_3,202.44651776813703,202.44651776813703,0.0,0.0,1.0,1.0,0.0,2.595468176514577,7.0
pp_quantile_calibrated,HOUSEHOLD_2_089_TX_2,491.6810548248713,428.4421874770443,63.238867347827004,0.0,0.7781092373760456,0.8974358974358975,0.10256410256410256,5.492848557398004,57.0
pp_quantile_calibrated,HOUSEHOLD_2_095_CA_2,465.95859547599366,430.2845809119709,35.674014564022755,0.0,0.8216299271798861,0.9615384615384616,0.038461538461538464,5.516468986050909,40.0
pp_quantile_calibrated,HOUSEHOLD_2_095_TX_3,321.7127588438741,317.47176495846713,4.240993885406956,0.0,0.9660720489167443,0.9871794871794872,0.01282051282051282,4.070150832800861,25.0
pp_quantile_calibrated,HOUSEHOLD_2_110_CA_1,986.8110625164046,831.9863386138618,154.82472390254284,0.0,0.8145811689789907,0.8589743589743589,0.14102564102564102,10.666491520690537,167.0
pp_quantile_calibrated,HOUSEHOLD_2_120_TX_2,364.22268545919434,353.33570702559433,10.886978433599985,0.0,0.9377886946651429,0.9743589743589743,0.02564102564102564,4.529944961866594,35.0
pp_quantile_calibrated,HOUSEHOLD_2_123_TX_1,496.1602629550899,466.00797755951214,30.152285395577742,0.0,0.8564176885924869,0.9230769230769231,0.07692307692307693,5.974461250762976,42.0
pp_quantile_calibrated,HOUSEHOLD_2_129_CA_2,299.1505583375324,297.77227197019346,1.3782863673389523,0.0,0.9803101947523007,0.9871794871794872,0.01282051282051282,3.8175932303870956,14.0
pp_quantile_calibrated,HOUSEHOLD_2_138_CA_3,203.85151754704998,203.85151754704998,0.0,0.0,1.0,1.0,0.0,2.6134809941929484,4.0
pp_quantile_calibrated,HOUSEHOLD_2_139_TX_2,367.7430967880165,299.9779855439024,67.76511124411411,0.0,0.7116378244931315,0.8461538461538461,0.15384615384615385,3.84587160953721,47.0
pp_quantile_calibrated,HOUSEHOLD_2_143_CA_1,293.77687786714233,261.64602496252485,32.13085290461748,0.0,0.7079013372307502,0.9230769230769231,0.07692307692307693,3.354436217468267,22.0
pp_quantile_calibrated,HOUSEHOLD_2_146_WI_1,573.5556428424505,492.89465754484814,80.66098529760242,0.0,0.6415067320106559,0.8589743589743589,0.14102564102564102,6.319162276216002,45.0
pp_quantile_calibrated,HOUSEHOLD_2_147_CA_3,245.8091987212544,245.8091987212544,0.0,0.0,1.0,1.0,0.0,3.1513999836058257,5.0
pp_quantile_calibrated,HOUSEHOLD_2_149_TX_1,199.6697677195107,199.6697677195107,0.0,0.0,1.0,1.0,0.0,2.559868816916804,6.0
pp_quantile_calibrated,HOUSEHOLD_2_150_CA_2,311.7893722376515,253.41739183831407,58.37198039933743,0.0,0.6462304218221975,0.9102564102564102,0.08974358974358974,3.2489409210040265,33.0
pp_quantile_calibrated,HOUSEHOLD_2_158_TX_3,233.9920866560166,233.9920866560166,0.0,0.0,1.0,1.0,0.0,2.9998985468720076,0.0
pp_quantile_calibrated,HOUSEHOLD_2_159_CA_2,506.77281593147,486.99445755544514,19.778358376024883,0.0,0.9140071374955439,0.9743589743589743,0.02564102564102564,6.243518686608271,46.0
pp_quantile_calibrated,HOUSEHOLD_2_160_WI_1,369.40521327929036,346.4975569591426,22.90765632014775,0.0,0.8882553350236695,0.9487179487179487,0.05128205128205128,4.442276371271059,41.0
pp_quantile_calibrated,HOUSEHOLD_2_164_CA_1,585.0,575.0,10.0,0.0,0.8333333333333334,0.9743589743589743,0.02564102564102564,7.371794871794871,12.0
pp_quantile_calibrated,HOUSEHOLD_2_176_TX_2,2066.2417171152206,1631.773039464812,434.4686776504086,0.0,0.6349002708820095,0.7051282051282052,0.2948717948717949,20.920167172625796,238.0
pp_quantile_calibrated,HOUSEHOLD_2_179_CA_1,232.3958449694153,224.34151566631556,8.054329303099742,0.0,0.9424690764064304,0.9743589743589743,0.02564102564102564,2.8761732777732765,28.0
pp_quantile_calibrated,HOUSEHOLD_2_184_WI_3,454.92553393746,438.01608549102656,16.90944844643342,0.0,0.9264806589285505,0.9743589743589743,0.02564102564102564,5.615590839628545,46.0
pp_quantile_calibrated,HOUSEHOLD_2_190_WI_1,725.9879429711266,713.3412449208067,12.646698050319856,0.0,0.9425150088621824,0.9743589743589743,0.02564102564102564,9.145400575907779,44.0
pp_quantile_calibrated,HOUSEHOLD_2_193_TX_1,579.4503538314393,570.8057101028709,8.644643728568493,0.0,0.9214123297402864,0.9743589743589743,0.02564102564102564,7.31802192439578,22.0
pp_quantile_calibrated,HOUSEHOLD_2_203_CA_1,652.4998091794748,448.493499873599,204.0063093058759,0.0,0.44107860464143595,0.7692307692307693,0.23076923076923078,5.749916665046141,73.0
pp_quantile_calibrated,HOUSEHOLD_2_207_WI_3,147.2007718302281,147.2007718302281,0.0,0.0,1.0,1.0,0.0,1.8871893824388217,3.0
pp_quantile_calibrated,HOUSEHOLD_2_208_CA_3,213.42193103142557,206.30934172297407,7.112589308451498,0.0,0.841942459812189,0.9615384615384616,0.038461538461538464,2.6449915605509497,9.0
pp_quantile_calibrated,HOUSEHOLD_2_217_TX_1,1061.565696534688,961.1400807052148,100.42561582947303,0.0,0.7816834438489716,0.8589743589743589,0.14102564102564102,12.322308726989933,92.0
pp_quantile_calibrated,HOUSEHOLD_2_218_CA_1,247.0,237.0,10.0,0.0,0.6666666666666666,0.9743589743589743,0.02564102564102564,3.0384615384615383,6.0
pp_quantile_calibrated,HOUSEHOLD_2_224_TX_1,170.53584128258277,164.95564288581116,5.58019839677161,0.0,0.8139933867742797,0.9743589743589743,0.02564102564102564,2.1148159344334765,6.0
pp_quantile_calibrated,HOUSEHOLD_2_226_TX_3,470.1430121475491,465.1871804344729,4.955831713076195,0.0,0.9646012020494558,0.9871794871794872,0.01282051282051282,5.9639382106983705,28.0
pp_quantile_calibrated,HOUSEHOLD_2_226_WI_1,318.1086848978622,240.0549643893469,78.05372050851531,0.0,0.599724510212742,0.8205128205128205,0.1794871794871795,3.077627748581371,39.0
pp_quantile_calibrated,HOUSEHOLD_2_234_WI_3,282.40467616841966,277.27641393173593,5.128262236683718,0.0,0.886038616962584,0.9743589743589743,0.02564102564102564,3.55482581963764,9.0
pp_quantile_calibrated,HOUSEHOLD_2_237_CA_2,303.4849072938383,303.4849072938383,0.0,0.0,1.0,1.0,0.0,3.890832144792799,12.0
pp_quantile_calibrated,HOUSEHOLD_2_238_CA_1,282.1096222639319,245.45877948227732,36.65084278165459,0.0,0.7556610481223027,0.8846153846153846,0.11538461538461539,3.1469074292599655,30.0
pp_quantile_calibrated,HOUSEHOLD_2_241_CA_2,271.2004748915937,259.16601612720916,12.034458764384532,0.0,0.8662837915068385,0.9743589743589743,0.02564102564102564,3.3226412324001173,18.0
pp_quantile_calibrated,HOUSEHOLD_2_249_WI_1,512.0,512.0,0.0,0.0,1.0,1.0,0.0,6.564102564102564,7.0
pp_quantile_calibrated,HOUSEHOLD_2_257_TX_1,296.0299587215635,270.33085572966314,25.69910299190037,0.0,0.8610859297735115,0.9102564102564102,0.08974358974358974,3.465780201662348,37.0
pp_quantile_calibrated,HOUSEHOLD_2_259_CA_2,636.9451545252666,578.2814789144833,58.663675610783336,0.0,0.790486872818631,0.9102564102564102,0.08974358974358974,7.413865114288247,56.0
pp_quantile_calibrated,HOUSEHOLD_2_259_TX_3,194.3272750435986,188.7671811942849,5.560093849313725,0.0,0.9073317691781045,0.9743589743589743,0.02564102564102564,2.420092066593396,12.0
pp_quantile_calibrated,HOUSEHOLD_2_260_WI_1,198.2149160710629,192.46775681872955,5.747159252333338,0.0,0.9281605093458333,0.9743589743589743,0.02564102564102564,2.467535343829866,16.0
pp_quantile_calibrated,HOUSEHOLD_2_263_TX_2,455.4008118701149,432.17625154165466,23.22456032846027,0.0,0.7888676333776339,0.9487179487179487,0.05128205128205128,5.540721173610957,22.0
pp_quantile_calibrated,HOUSEHOLD_2_263_TX_3,474.5012129972601,474.5012129972601,0.0,0.0,1.0,1.0,0.0,6.083348884580258,6.0
pp_quantile_calibrated,HOUSEHOLD_2_264_WI_3,260.6314778380629,242.54470382297507,18.086774015087798,0.0,0.8936072116759541,0.9487179487179487,0.05128205128205128,3.1095474849099367,34.0
pp_quantile_calibrated,HOUSEHOLD_2_265_WI_1,304.4161456261553,272.74223448468734,31.673911141467958,0.0,0.7563545296810157,0.9615384615384616,0.038461538461538464,3.496695313906248,26.0
pp_quantile_calibrated,HOUSEHOLD_2_275_CA_2,510.66802950264844,472.6502928925453,38.01773661010315,0.0,0.8415927641245702,0.9102564102564102,0.08974358974358974,6.059619139648016,48.0
pp_quantile_calibrated,HOUSEHOLD_2_280_TX_2,349.4385197361649,339.2876331574552,10.150886578709674,0.0,0.9323274228086021,0.9615384615384616,0.038461538461538464,4.349841450736605,30.0
pp_quantile_calibrated,HOUSEHOLD_2_280_WI_3,199.86514551647394,190.80811971092675,9.057025805547191,0.0,0.88678717743066,0.9743589743589743,0.02564102564102564,2.4462579450118813,16.0
pp_quantile_calibrated,HOUSEHOLD_2_288_TX_3,363.1966946238737,363.1966946238737,0.0,0.0,1.0,1.0,0.0,4.656367879793253,13.0
pp_quantile_calibrated,HOUSEHOLD_2_294_CA_1,1318.8615931744384,1295.1504366962993,23.711156478139195,0.0,0.9576586491461799,0.9743589743589743,0.02564102564102564,16.604492778157685,112.0
pp_quantile_calibrated,HOUSEHOLD_2_294_WI_3,721.9974310202338,648.7180845536757,73.27934646655811,0.0,0.8642975065434109,0.8717948717948718,0.1282051282051282,8.316898519918919,108.0
pp_quantile_calibrated,HOUSEHOLD_2_307_TX_1,190.4561849171658,190.4561849171658,0.0,0.0,1.0,1.0,0.0,2.4417459604764846,3.0
pp_quantile_calibrated,HOUSEHOLD_2_308_WI_3,265.4753908671531,230.44230393281018,35.033086934342975,0.0,0.5878460360665533,0.9230769230769231,0.07692307692307693,2.9543885119591047,17.0
pp_quantile_calibrated,HOUSEHOLD_2_311_TX_2,520.4859597214402,484.173125704009,36.31283401743117,0.0,0.8137803383721478,0.9358974358974359,0.0641025641025641,6.207347765436013,39.0
pp_quantile_calibrated,HOUSEHOLD_2_314_TX_1,368.7066457070062,340.53466822718013,28.171977479826076,0.0,0.7182802252017393,0.9487179487179487,0.05128205128205128,4.365829079835643,20.0
pp_quantile_calibrated,HOUSEHOLD_2_316_CA_4,109.51475236156692,96.48022874116585,13.03452362040108,0.0,0.8551719597733213,0.9615384615384616,0.038461538461538464,1.2369260095021262,18.0
pp_quantile_calibrated,HOUSEHOLD_2_326_TX_2,234.60193025466896,226.15886721088856,8.443063043780384,0.0,0.8874258260829282,0.9743589743589743,0.02564102564102564,2.8994726565498534,15.0
pp_quantile_calibrated,HOUSEHOLD_2_330_CA_2,395.65286367473664,395.65286367473664,0.0,0.0,1.0,1.0,0.0,5.072472611214573,16.0
pp_quantile_calibrated,HOUSEHOLD_2_333_WI_2,405.7308778476765,405.7308778476765,0.0,0.0,1.0,1.0,0.0,5.201677921124057,17.0
pp_quantile_calibrated,HOUSEHOLD_2_337_CA_2,208.11393987477004,199.9794442076587,8.134495667111326,0.0,0.9374269564068359,0.9743589743589743,0.02564102564102564,2.563839028303317,26.0
pp_quantile_calibrated,HOUSEHOLD_2_338_WI_3,466.43251717568364,455.11292540723434,11.319591768449309,0.0,0.7941892405736489,0.9743589743589743,0.02564102564102564,5.8347810949645424,11.0
pp_quantile_calibrated,HOUSEHOLD_2_342_CA_1,516.0141195811907,486.48396024059116,29.530159340599536,0.0,0.8716080028669585,0.9358974358974359,0.0641025641025641,6.236973849238348,46.0
pp_quantile_calibrated,HOUSEHOLD_2_345_CA_1,371.6705261655193,334.98224786969104,36.688278295828226,0.0,0.8165586085208589,0.9102564102564102,0.08974358974358974,4.294644203457578,40.0
pp_quantile_calibrated,HOUSEHOLD_2_346_TX_3,534.1598588642008,490.7234579657243,43.436400898476464,0.0,0.8989851141895896,0.9358974358974359,0.0641025641025641,6.291326384175953,86.0
pp_quantile_calibrated,HOUSEHOLD_2_348_TX_1,614.2709200011938,548.2291890249246,66.04173097626912,0.0,0.805759614775679,0.8717948717948718,0.1282051282051282,7.028579346473393,68.0
pp_quantile_calibrated,HOUSEHOLD_2_354_TX_1,360.63198574728807,350.3184165411572,10.313569206130868,0.0,0.9062402799442648,0.9615384615384616,0.038461538461538464,4.491261750527657,22.0
pp_quantile_calibrated,HOUSEHOLD_2_354_TX_2,836.804603300119,746.8666523766829,89.9379509234361,0.0,0.6402481963062556,0.8846153846153846,0.11538461538461539,9.575213492008755,50.0
pp_quantile_calibrated,HOUSEHOLD_2_355_CA_3,367.0781233118074,356.2169783791019,10.861144932705562,0.0,0.9250955521882375,0.9743589743589743,0.02564102564102564,4.5668843381936135,29.0
pp_quantile_calibrated,HOUSEHOLD_2_355_TX_2,229.38614441070527,227.66421640305094,1.7219280076543164,0.0,0.9836006856413875,0.9871794871794872,0.01282051282051282,2.9187720051673196,21.0
pp_quantile_calibrated,HOUSEHOLD_2_358_CA_4,137.41194322080332,137.41194322080332,0.0,0.0,1.0,1.0,0.0,1.7616915797538888,1.0
pp_quantile_calibrated,HOUSEHOLD_2_358_WI_2,316.5692723518339,309.7318735064585,6.837398845375391,0.0,0.9145325144328076,0.9615384615384616,0.038461538461538464,3.9709214552110064,16.0
pp_quantile_calibrated,HOUSEHOLD_2_370_TX_2,164.28236109520319,148.67238380670904,15.609977288494159,0.0,0.8642610670565726,0.9615384615384616,0.038461538461538464,1.9060562026501158,23.0
pp_quantile_calibrated,HOUSEHOLD_2_373_WI_3,257.67671900246313,257.67671900246313,0.0,0.0,1.0,1.0,0.0,3.303547679518758,10.0
pp_quantile_calibrated,HOUSEHOLD_2_382_TX_3,508.62221373775196,484.8084956812512,23.813718056500782,0.0,0.8892385206674384,0.9358974358974359,0.0641025641025641,6.215493534375016,43.0
pp_quantile_calibrated,HOUSEHOLD_2_385_WI_1,201.6532619762432,196.86331850424287,4.789943472000331,0.0,0.9361340870399956,0.9615384615384616,0.038461538461538464,2.5238886987723443,15.0
pp_quantile_calibrated,HOUSEHOLD_2_392_CA_4,229.38308248261797,219.96491928367035,9.4181631989476,0.0,0.811636736021048,0.9615384615384616,0.038461538461538464,2.8200630677393637,10.0
pp_quantile_calibrated,HOUSEHOLD_2_396_TX_3,183.62339310259912,134.85928554072592,48.7641075618732,0.0,0.5355799279821599,0.8846153846153846,0.11538461538461539,1.7289651992400759,21.0
pp_quantile_calibrated,HOUSEHOLD_2_396_WI_2,155.43681154346416,147.60292821633678,7.833883327127367,0.0,0.738870555762421,0.9743589743589743,0.02564102564102564,1.8923452335427793,6.0
pp_quantile_calibrated,HOUSEHOLD_2_397_WI_2,260.11753891772685,255.11753891772685,5.0,0.0,0.75,0.9871794871794872,0.01282051282051282,3.2707376784323956,4.0
pp_quantile_calibrated,HOUSEHOLD_2_401_TX_3,614.0273884069766,528.2851466175921,85.74224178938451,0.0,0.7882907610138654,0.9102564102564102,0.08974358974358974,6.772886495097334,81.0
pp_quantile_calibrated,HOUSEHOLD_2_405_CA_4,265.28396576975325,260.28396576975325,5.0,0.0,0.9,0.9871794871794872,0.01282051282051282,3.336973920125042,10.0
pp_quantile_calibrated,HOUSEHOLD_2_412_CA_1,252.38923173354203,245.80532210315818,6.583909630383857,0.0,0.7805363456538714,0.9871794871794872,0.01282051282051282,3.151350283373823,6.0
pp_quantile_calibrated,HOUSEHOLD_2_417_TX_1,161.23845499955536,154.9854168415436,6.253038158011743,0.0,0.7498784736795303,0.9743589743589743,0.02564102564102564,1.9869925236095334,5.0
pp_quantile_calibrated,HOUSEHOLD_2_418_CA_2,442.40822474766753,442.40822474766753,0.0,0.0,1.0,1.0,0.0,5.671900317277789,21.0
pp_quantile_calibrated,HOUSEHOLD_2_420_CA_3,623.5917105768224,553.5917105768224,70.0,0.0,0.6111111111111112,0.9358974358974359,0.0641025641025641,7.097329622779774,36.0
pp_quantile_calibrated,HOUSEHOLD_2_424_CA_1,226.44179074225613,196.80809478883373,29.633695953422414,0.0,0.7306027640597962,0.9230769230769231,0.07692307692307693,2.5231807024209454,22.0
pp_quantile_calibrated,HOUSEHOLD_2_424_CA_4,238.59258343925848,218.56490061388752,20.027682825370974,0.0,0.5994463434925805,0.9487179487179487,0.05128205128205128,2.8021141104344554,10.0
pp_quantile_calibrated,HOUSEHOLD_2_428_CA_4,131.14994608618636,131.14994608618636,0.0,0.0,1.0,1.0,0.0,1.6814095652075174,0.0
pp_quantile_calibrated,HOUSEHOLD_2_429_WI_3,200.825110702631,200.39528191064653,0.4298287919844901,0.0,0.9914034241603101,0.9871794871794872,0.01282051282051282,2.5691702809057246,10.0
pp_quantile_calibrated,HOUSEHOLD_2_432_TX_3,256.8688139648332,244.98462048292703,11.884193481906147,0.0,0.9119689371710656,0.9615384615384616,0.038461538461538464,3.1408284677298335,27.0
pp_quantile_calibrated,HOUSEHOLD_2_436_CA_2,601.6365355928988,586.5502859277491,15.086249665149731,0.0,0.9205986859728962,0.9743589743589743,0.02564102564102564,7.519875460612168,38.0
pp_quantile_calibrated,HOUSEHOLD_2_440_TX_2,1244.2092758252006,1078.1980460321647,166.011229793036,0.0,0.777166134505992,0.8589743589743589,0.14102564102564102,13.82305187220724,149.0
pp_quantile_calibrated,HOUSEHOLD_2_445_WI_2,274.7221877381027,274.7221877381027,0.0,0.0,1.0,1.0,0.0,3.522079329975676,2.0
pp_quantile_calibrated,HOUSEHOLD_2_446_CA_3,267.3705390920379,253.86346146265493,13.507077629382993,0.0,0.7921988057018001,0.9615384615384616,0.038461538461538464,3.25465976234173,13.0
pp_quantile_calibrated,HOUSEHOLD_2_451_TX_1,629.5977348275414,505.37242551384037,124.22530931370106,0.0,0.758785807157862,0.8205128205128205,0.1794871794871795,6.479133660433851,103.0
pp_quantile_calibrated,HOUSEHOLD_2_451_WI_2,583.1541912385618,502.2359164311675,80.91827480739428,0.0,0.8139809774542659,0.8205128205128205,0.1794871794871795,6.438922005527788,87.0
pp_quantile_calibrated,HOUSEHOLD_2_459_WI_3,124.53284742496889,120.43512774356971,4.097719681399187,0.0,0.8975570079650204,0.9871794871794872,0.01282051282051282,1.5440400992765346,8.0
pp_quantile_calibrated,HOUSEHOLD_2_462_CA_4,260.88387101518913,248.0524216444406,12.831449370748542,0.0,0.7667009205318447,0.9487179487179487,0.05128205128205128,3.1801592518518027,11.0
pp_quantile_calibrated,HOUSEHOLD_2_462_TX_2,186.94750432927282,171.87495026404258,15.072554065230243,0.0,0.7681145528426117,0.9358974358974359,0.0641025641025641,2.2035250033851614,13.0
pp_quantile_calibrated,HOUSEHOLD_2_465_CA_1,539.3786511428873,486.38812670423914,52.99052443864811,0.0,0.8795669899121634,0.9230769230769231,0.07692307692307693,6.235745214156912,88.0
pp_quantile_calibrated,HOUSEHOLD_2_468_TX_2,398.08855219256003,351.15496810874146,46.93358408381856,0.0,0.7765067424580069,0.9102564102564102,0.08974358974358974,4.501986770624891,42.0
pp_quantile_calibrated,HOUSEHOLD_2_470_WI_2,715.44447632682,710.44447632682,5.0,0.0,0.9772727272727273,0.9871794871794872,0.01282051282051282,9.108262517010512,44.0
pp_quantile_calibrated,HOUSEHOLD_2_475_CA_3,440.7054813647766,440.7054813647766,0.0,0.0,1.0,1.0,0.0,5.650070273907392,20.0
pp_quantile_calibrated,HOUSEHOLD_2_476_WI_2,275.5477310144159,239.7062845591025,35.84144645531341,0.0,0.6227216162598589,0.9102564102564102,0.08974358974358974,3.073157494347468,19.0
pp_quantile_calibrated,HOUSEHOLD_2_478_TX_2,246.00898677144986,237.35547228354832,8.653514487901528,0.0,0.8668690078784381,0.9615384615384616,0.038461538461538464,3.0430188754301066,13.0
pp_quantile_calibrated,HOUSEHOLD_2_480_TX_1,313.88673239701126,306.12285519166977,7.763877205341498,0.0,0.8964816372621134,0.9743589743589743,0.02564102564102564,3.924651989636792,15.0
pp_quantile_calibrated,HOUSEHOLD_2_483_TX_1,646.6014233506064,516.7905832986876,129.81084005191877,0.0,0.7350799182613902,0.7692307692307693,0.23076923076923078,6.625520298701123,98.0
pp_quantile_calibrated,HOUSEHOLD_2_488_WI_3,242.0659932471861,237.8753557515085,4.190637495677598,0.0,0.9401337500617485,0.9743589743589743,0.02564102564102564,3.0496840480962626,14.0
pp_quantile_calibrated,HOUSEHOLD_2_490_WI_1,671.3280891171589,511.91105782067245,159.4170312964864,0.0,0.7489495570134072,0.8333333333333334,0.16666666666666666,6.562962279752211,127.0
pp_quantile_calibrated,HOUSEHOLD_2_491_TX_3,512.4517525035649,473.5171354046099,38.93461709895492,0.0,0.8003352969284363,0.9102564102564102,0.08974358974358974,6.070732505187307,39.0
pp_quantile_calibrated,HOUSEHOLD_2_505_CA_4,300.7344010998467,300.7344010998467,0.0,0.0,1.0,1.0,0.0,3.8555692448698298,9.0
pp_quantile_calibrated,HOUSEHOLD_2_507_CA_1,628.4976273314218,537.5056526575687,90.99197467385305,0.0,0.7283821651526774,0.8717948717948718,0.1282051282051282,6.891098110994471,67.0
pp_quantile_calibrated,HOUSEHOLD_2_509_TX_1,339.8546062020064,330.5239599762667,9.330646225739642,0.0,0.9481630765236686,0.9615384615384616,0.038461538461538464,4.237486666362394,36.0
pp_quantile_calibrated,HOUSEHOLD_2_509_WI_1,165.36256565792428,149.73586486084662,15.626700797077657,0.0,0.6093324800730586,0.9743589743589743,0.02564102564102564,1.9196905751390592,8.0
pp_quantile_calibrated,HOUSEHOLD_2_509_WI_2,190.85656615456148,184.33502947986668,6.521536674694792,0.0,0.906835190361503,0.9743589743589743,0.02564102564102564,2.3632696087162395,14.0
pp_quantile_calibrated,HOUSEHOLD_2_510_CA_2,551.7414813265598,502.74775066960615,48.993730656953645,0.0,0.828092173133496,0.9102564102564102,0.08974358974358974,6.445483982943669,57.0
