model,series_id,total_cost,holding_cost,stockout_cost,ordering_cost,fill_rate,cycle_service_level,stockout_rate,average_on_hand,total_demand
point_gbdt_safety,FOODS_1_008_CA_1,1612.845088492769,1612.845088492769,0.0,0.0,1.0,1.0,0.0,20.67750113452268,25.0
point_gbdt_safety,FOODS_1_010_CA_3,1458.4290830906402,1458.4290830906402,0.0,0.0,1.0,1.0,0.0,18.69780875757231,44.0
point_gbdt_safety,FOODS_1_010_WI_3,1796.090941328663,1796.090941328663,0.0,0.0,1.0,1.0,0.0,23.02680694011106,55.0
point_gbdt_safety,FOODS_1_013_WI_1,1848.5426561542547,1848.5426561542547,0.0,0.0,1.0,1.0,0.0,23.699264822490445,125.0
point_gbdt_safety,FOODS_1_014_WI_3,1632.0332171016134,1615.2791220059432,16.75409509567025,0.0,0.9614848388605282,0.9743589743589743,0.02564102564102564,20.70870669238389,87.0
point_gbdt_safety,FOODS_1_022_WI_3,1712.4247757847913,1712.4247757847913,0.0,0.0,1.0,1.0,0.0,21.95416379211271,1.0
point_gbdt_safety,FOODS_1_024_TX_1,1588.2552463049024,1588.2552463049024,0.0,0.0,1.0,1.0,0.0,20.362246747498748,53.0
point_gbdt_safety,FOODS_1_025_TX_1,1633.9523338042616,1633.9523338042616,0.0,0.0,1.0,1.0,0.0,20.94810684364438,44.0
point_gbdt_safety,FOODS_1_025_WI_1,2023.202749132857,2023.202749132857,0.0,0.0,1.0,1.0,0.0,25.938496783754577,33.0
point_gbdt_safety,FOODS_1_032_CA_2,2560.5765458276937,2221.9310891891055,338.6454566385883,0.0,0.821295273541642,0.8589743589743589,0.14102564102564102,28.486296015244942,379.0
point_gbdt_safety,FOODS_1_040_TX_1,1696.0649936493405,1696.0649936493405,0.0,0.0,1.0,1.0,0.0,21.744422995504365,41.0
point_gbdt_safety,FOODS_1_043_CA_3,13668.898331815604,13668.898331815604,0.0,0.0,1.0,1.0,0.0,175.24228630532826,42.0
point_gbdt_safety,FOODS_1_045_CA_3,2390.706627095946,2390.706627095946,0.0,0.0,1.0,1.0,0.0,30.650084962768535,133.0
point_gbdt_safety,FOODS_1_045_WI_2,1627.4899836637915,1627.4899836637915,0.0,0.0,1.0,1.0,0.0,20.86525620081784,108.0
point_gbdt_safety,FOODS_1_046_WI_3,2434.689742815026,2252.060328402779,182.62941441224734,0.0,0.8647189522872242,0.8205128205128205,0.1794871794871795,28.87256831285614,270.0
point_gbdt_safety,FOODS_1_047_TX_2,1768.2399565192409,1768.2399565192409,0.0,0.0,1.0,1.0,0.0,22.66974303229796,62.0
point_gbdt_safety,FOODS_1_054_CA_1,1457.154211280885,1290.6599983451495,166.49421293573553,0.0,0.7515011747227828,0.8461538461538461,0.15384615384615385,16.546923055707044,134.0
point_gbdt_safety,FOODS_1_054_TX_3,1640.8060240104935,1640.8060240104935,0.0,0.0,1.0,1.0,0.0,21.0359746668012,35.0
point_gbdt_safety,FOODS_1_055_WI_2,2099.422827970991,2020.4022110045385,79.02061696645268,0.0,0.8837932103434519,0.9358974358974359,0.0641025641025641,25.902592448776133,136.0
point_gbdt_safety,FOODS_1_056_WI_1,2161.5236525040946,2161.5236525040946,0.0,0.0,1.0,1.0,0.0,27.711841698770442,1.0
point_gbdt_safety,FOODS_1_057_CA_2,2574.760673406368,2574.760673406368,0.0,0.0,1.0,1.0,0.0,33.009752223158564,3.0
point_gbdt_safety,FOODS_1_060_CA_4,1680.2396213044303,1680.2396213044303,0.0,0.0,1.0,1.0,0.0,21.541533606467056,39.0
point_gbdt_safety,FOODS_1_062_TX_2,1582.6868706481591,1582.6868706481591,0.0,0.0,1.0,1.0,0.0,20.29085731600204,47.0
point_gbdt_safety,FOODS_1_064_WI_3,1649.087225308232,1649.087225308232,0.0,0.0,1.0,1.0,0.0,21.142143914208102,18.0
point_gbdt_safety,FOODS_1_066_WI_1,1577.6723746985674,1456.254589275104,121.41778542346333,0.0,0.8554550173530199,0.8589743589743589,0.14102564102564102,18.669930631732104,168.0
point_gbdt_safety,FOODS_1_069_CA_3,1963.0073269531154,1663.4959867817176,299.5113401713976,0.0,0.8151164566843224,0.782051282051282,0.21794871794871795,21.326871625406636,324.0
point_gbdt_safety,FOODS_1_078_TX_2,1720.7900391311587,1720.7900391311587,0.0,0.0,1.0,1.0,0.0,22.061410758091778,43.0
point_gbdt_safety,FOODS_1_081_WI_1,1525.860171936593,1525.860171936593,0.0,0.0,1.0,1.0,0.0,19.562309896622985,67.0
point_gbdt_safety,FOODS_1_083_WI_3,2496.9629142828467,2496.9629142828467,0.0,0.0,1.0,1.0,0.0,32.01234505490829,92.0
point_gbdt_safety,FOODS_1_085_CA_4,2857.3947720962146,2121.6756250522917,735.7191470439229,0.0,0.7873644083688085,0.7307692307692307,0.2692307692307692,27.200969551952458,692.0
point_gbdt_safety,FOODS_1_086_CA_2,2037.077340975575,2029.1334562369625,7.943884738612468,0.0,0.9918524259091154,0.9871794871794872,0.01282051282051282,26.01453149021747,195.0
point_gbdt_safety,FOODS_1_086_WI_2,1912.2338674282041,1639.3747074146681,272.85916001353604,0.0,0.7843010592778372,0.8076923076923077,0.19230769230769232,21.017624454034205,253.0
point_gbdt_safety,FOODS_1_089_CA_1,1611.69560015462,1611.69560015462,0.0,0.0,1.0,1.0,0.0,20.66276410454641,32.0
point_gbdt_safety,FOODS_1_091_TX_3,1915.755403964232,1915.755403964232,0.0,0.0,1.0,1.0,0.0,24.560966717490153,4.0
point_gbdt_safety,FOODS_1_094_WI_1,1495.9814448807654,1495.9814448807654,0.0,0.0,1.0,1.0,0.0,19.179249293343144,66.0
point_gbdt_safety,FOODS_1_098_CA_2,1649.3895595846739,1649.3895595846739,0.0,0.0,1.0,1.0,0.0,21.146019994675306,13.0
point_gbdt_safety,FOODS_1_098_TX_1,1351.3080294897845,1351.3080294897845,0.0,0.0,1.0,1.0,0.0,17.3244619165357,59.0
point_gbdt_safety,FOODS_1_099_CA_2,3454.443100975881,2705.0567484096327,749.386352566248,0.0,0.7782880613709325,0.7564102564102564,0.24358974358974358,34.68021472320042,676.0
point_gbdt_safety,FOODS_1_099_TX_1,2903.1524504917893,2299.2784684513435,603.8739820404459,0.0,0.6965457376681177,0.7307692307692307,0.2692307692307692,29.477929082709533,398.0
point_gbdt_safety,FOODS_1_101_CA_1,2970.4283694641294,2970.4283694641294,0.0,0.0,1.0,1.0,0.0,38.082414993129866,0.0
point_gbdt_safety,FOODS_1_102_TX_2,1425.2358226206138,1425.2358226206138,0.0,0.0,1.0,1.0,0.0,18.272254136161717,68.0
point_gbdt_safety,FOODS_1_106_CA_1,1524.0296069966466,1477.7738993919395,46.255707604707226,0.0,0.9151271420097115,0.9230769230769231,0.07692307692307693,18.945819222973583,109.0
point_gbdt_safety,FOODS_1_107_TX_2,1648.2895849739941,1648.2895849739941,0.0,0.0,1.0,1.0,0.0,21.13191775607685,28.0
point_gbdt_safety,FOODS_1_111_WI_2,1595.4225256458149,1595.4225256458149,0.0,0.0,1.0,1.0,0.0,20.454134944177113,9.0
point_gbdt_safety,FOODS_1_119_WI_1,1465.6144172010943,1462.6470310001114,2.967386200983011,0.0,0.990726918121928,0.9871794871794872,0.01282051282051282,18.75188501282194,64.0
point_gbdt_safety,FOODS_1_122_WI_3,1380.1459961424825,1352.2126538978252,27.933342244657293,0.0,0.9446864510006786,0.9358974358974359,0.0641025641025641,17.336059665356736,101.0
point_gbdt_safety,FOODS_1_131_CA_1,1466.7418177876236,1466.7418177876236,0.0,0.0,1.0,1.0,0.0,18.804382279328507,58.0
point_gbdt_safety,FOODS_1_132_WI_3,1324.5017691018745,1324.5017691018745,0.0,0.0,1.0,1.0,0.0,16.980791911562495,53.0
point_gbdt_safety,FOODS_1_134_CA_2,1481.3233590551133,1481.3233590551133,0.0,0.0,1.0,1.0,0.0,18.991325116091197,65.0
point_gbdt_safety,FOODS_1_139_TX_3,1404.067106468367,1164.1552090805899,239.911897387777,0.0,0.7420302178626053,0.8076923076923077,0.19230769230769232,14.925066783084485,186.0
point_gbdt_safety,FOODS_1_143_CA_1,2035.54244986314,1933.80212400247,101.74032586067003,0.0,0.8359027002247258,0.9230769230769231,0.07692307692307693,24.79233492310859,124.0
point_gbdt_safety,FOODS_1_143_WI_2,1996.5912529635202,1996.5912529635202,0.0,0.0,1.0,1.0,0.0,25.59732375594257,34.0
point_gbdt_safety,FOODS_1_147_TX_2,1422.1545929510585,1422.1545929510585,0.0,0.0,1.0,1.0,0.0,18.232751191680237,35.0
point_gbdt_safety,FOODS_1_149_CA_3,1693.5525507231603,1693.5525507231603,0.0,0.0,1.0,1.0,0.0,21.712212188758464,131.0
point_gbdt_safety,FOODS_1_156_TX_3,1501.6536263662108,1501.6536263662108,0.0,0.0,1.0,1.0,0.0,19.251969568797573,48.0
point_gbdt_safety,FOODS_1_159_CA_4,1855.122864110008,1855.122864110008,0.0,0.0,1.0,1.0,0.0,23.78362646294882,14.0
point_gbdt_safety,FOODS_1_161_CA_4,4643.4572838192535,4399.105472109667,244.3518117095868,0.0,0.8428605712478541,0.9102564102564102,0.08974358974358974,56.39878810397009,311.0
point_gbdt_safety,FOODS_1_161_WI_3,3133.984868756932,2650.3760711459995,483.6087976109327,0.0,0.8017996731102736,0.7435897435897436,0.2564102564102564,33.97918039930769,488.0
point_gbdt_safety,FOODS_1_168_WI_1,1521.0452697807088,1521.0452697807088,0.0,0.0,1.0,1.0,0.0,19.50058038180396,32.0
point_gbdt_safety,FOODS_1_174_TX_2,1425.4548523887997,1425.4548523887997,0.0,0.0,1.0,1.0,0.0,18.275062210112818,33.0
point_gbdt_safety,FOODS_1_175_CA_3,1830.276675580511,1830.276675580511,0.0,0.0,1.0,1.0,0.0,23.465085584365525,84.0
point_gbdt_safety,FOODS_1_183_CA_2,1815.983683621548,1815.983683621548,0.0,0.0,1.0,1.0,0.0,23.281842097712154,139.0
point_gbdt_safety,FOODS_1_183_CA_4,1506.05970857192,1506.05970857192,0.0,0.0,1.0,1.0,0.0,19.308457802204103,91.0
point_gbdt_safety,FOODS_1_185_WI_1,1569.8611616077392,1499.4930963621975,70.36806524554166,0.0,0.8874110956071334,0.9230769230769231,0.07692307692307693,19.22427046618202,125.0
point_gbdt_safety,FOODS_1_191_TX_1,1441.926730014232,1441.926730014232,0.0,0.0,1.0,1.0,0.0,18.48624012838759,40.0
point_gbdt_safety,FOODS_1_192_CA_4,2267.303960908652,2267.303960908652,0.0,0.0,1.0,1.0,0.0,29.06799949882887,3.0
point_gbdt_safety,FOODS_1_203_WI_1,1644.075385420034,1644.075385420034,0.0,0.0,1.0,1.0,0.0,21.077889556667103,54.0
point_gbdt_safety,FOODS_1_207_CA_4,1266.2481424372324,1232.9376731989682,33.31046923826413,0.0,0.9340386747757146,0.9487179487179487,0.05128205128205128,15.806893246140618,101.0
point_gbdt_safety,FOODS_1_208_WI_3,1435.8661697867246,1432.9679808682556,2.898188918468989,0.0,0.9930164122446531,0.9871794871794872,0.01282051282051282,18.37138437010584,83.0
point_gbdt_safety,FOODS_1_209_CA_4,2091.528078951261,2091.528078951261,0.0,0.0,1.0,1.0,0.0,26.81446255065719,1.0
point_gbdt_safety,FOODS_1_214_TX_3,1839.4383341489465,1839.4383341489465,0.0,0.0,1.0,1.0,0.0,23.582542745499314,19.0
point_gbdt_safety,FOODS_1_215_CA_1,1688.6121882892555,1606.9128877748856,81.6993005143699,0.0,0.8500930265791378,0.9487179487179487,0.05128205128205128,20.6014472791652,109.0
point_gbdt_safety,FOODS_2_001_TX_1,1594.230167099507,1577.632821747344,16.59734535216309,0.0,0.9609474227007927,0.9743589743589743,0.02564102564102564,20.226061817273642,85.0
point_gbdt_safety,FOODS_2_002_CA_3,1483.899034258022,1471.9311365903498,11.96789766767239,0.0,0.9734046718496169,0.9743589743589743,0.02564102564102564,18.870912007568588,90.0
point_gbdt_safety,FOODS_2_004_CA_1,1526.4560007192417,1509.2905962047387,17.165404514503138,0.0,0.9682122138620313,0.9615384615384616,0.038461538461538464,19.34987943852229,108.0
point_gbdt_safety,FOODS_2_009_CA_1,1630.5617641910844,1630.5617641910844,0.0,0.0,1.0,1.0,0.0,20.9046380024498,77.0
point_gbdt_safety,FOODS_2_009_WI_1,1715.1042944339417,1615.613271179803,99.49102325413875,0.0,0.8627710024080845,0.9358974358974359,0.0641025641025641,20.71299065615132,145.0
point_gbdt_safety,FOODS_2_012_CA_3,1747.0431502339882,1747.0431502339882,0.0,0.0,1.0,1.0,0.0,22.39798910556395,28.0
point_gbdt_safety,FOODS_2_014_CA_3,1632.8621415287348,1602.8792025062287,29.98293902250616,0.0,0.9388103285254976,0.9615384615384616,0.038461538461538464,20.54973336546447,98.0
point_gbdt_safety,FOODS_2_014_TX_1,1649.5594078761505,1649.5594078761505,0.0,0.0,1.0,1.0,0.0,21.148197536873724,29.0
point_gbdt_safety,FOODS_2_015_CA_1,1693.457859263956,1693.457859263956,0.0,0.0,1.0,1.0,0.0,21.710998195691744,61.0
point_gbdt_safety,FOODS_2_017_WI_1,1510.6081213348136,1510.6081213348136,0.0,0.0,1.0,1.0,0.0,19.366770786343764,45.0
point_gbdt_safety,FOODS_2_017_WI_3,1688.179668930086,1688.179668930086,0.0,0.0,1.0,1.0,0.0,21.643329088847256,2.0
point_gbdt_safety,FOODS_2_024_CA_4,1621.675902942747,1621.675902942747,0.0,0.0,1.0,1.0,0.0,20.790716704394193,64.0
point_gbdt_safety,FOODS_2_024_TX_2,1878.3769240516767,1878.3769240516767,0.0,0.0,1.0,1.0,0.0,24.08175543655996,37.0
point_gbdt_safety,FOODS_2_029_TX_3,2517.820748130771,2094.2420636575534,423.5786844732175,0.0,0.6919427749285691,0.8333333333333334,0.16666666666666666,26.84925722637889,275.0
point_gbdt_safety,FOODS_2_031_TX_1,2591.244428153167,2591.244428153167,0.0,0.0,1.0,1.0,0.0,33.22108241222009,9.0
point_gbdt_safety,FOODS_2_034_WI_3,1777.1381993089437,1777.1381993089437,0.0,0.0,1.0,1.0,0.0,22.78382306806338,91.0
point_gbdt_safety,FOODS_2_043_TX_2,1581.7613582570395,1581.7613582570395,0.0,0.0,1.0,1.0,0.0,20.278991772526147,28.0
point_gbdt_safety,FOODS_2_045_TX_1,2256.6461267191553,2256.6461267191553,0.0,0.0,1.0,1.0,0.0,28.93136059896353,16.0
point_gbdt_safety,FOODS_2_046_CA_3,1668.7652092343963,1668.7652092343963,0.0,0.0,1.0,1.0,0.0,21.394425759415338,19.0
point_gbdt_safety,FOODS_2_047_CA_4,1534.300506261268,1534.300506261268,0.0,0.0,1.0,1.0,0.0,19.670519311041897,73.0
point_gbdt_safety,FOODS_2_047_WI_3,1590.2076940757568,1577.9086563758146,12.299037699942073,0.0,0.9663040063015286,0.9743589743589743,0.02564102564102564,20.22959815866429,73.0
point_gbdt_safety,FOODS_2_051_WI_3,1500.2147084469093,1488.5887949563614,11.625913490547823,0.0,0.9685786121877087,0.9743589743589743,0.02564102564102564,19.084471730209764,74.0
point_gbdt_safety,FOODS_2_055_TX_1,1533.6758882221604,1533.6758882221604,0.0,0.0,1.0,1.0,0.0,19.662511387463596,95.0
point_gbdt_safety,FOODS_2_067_CA_2,3402.1199074083856,3402.1199074083856,0.0,0.0,1.0,1.0,0.0,43.6169218898511,15.0
point_gbdt_safety,FOODS_2_067_WI_3,2153.1913274073413,2153.1913274073413,0.0,0.0,1.0,1.0,0.0,27.605017018042837,0.0
point_gbdt_safety,FOODS_2_082_TX_3,1981.2198315641017,1903.1766144578417,78.04321710625999,0.0,0.922729488013604,0.9230769230769231,0.07692307692307693,24.399700185356945,202.0
point_gbdt_safety,FOODS_2_084_WI_1,1698.898446288711,1698.898446288711,0.0,0.0,1.0,1.0,0.0,21.78074931139373,70.0
point_gbdt_safety,FOODS_2_085_TX_2,1573.8477017001155,1573.8477017001155,0.0,0.0,1.0,1.0,0.0,20.17753463718097,37.0
point_gbdt_safety,FOODS_2_087_WI_3,1629.9660556921951,1629.9660556921951,0.0,0.0,1.0,1.0,0.0,20.897000714002502,18.0
point_gbdt_safety,FOODS_2_100_WI_3,1502.5895203921261,1367.6623835854302,134.9271368066959,0.0,0.804453424917832,0.8717948717948718,0.1282051282051282,17.534133122890132,138.0
point_gbdt_safety,FOODS_2_101_WI_1,1593.738261496668,1593.738261496668,0.0,0.0,1.0,1.0,0.0,20.432541814059846,94.0
point_gbdt_safety,FOODS_2_104_CA_2,1702.025003738083,1702.025003738083,0.0,0.0,1.0,1.0,0.0,21.820833381257472,65.0
point_gbdt_safety,FOODS_2_105_TX_3,1656.56314107628,1656.56314107628,0.0,0.0,1.0,1.0,0.0,21.237988988157436,53.0
point_gbdt_safety,FOODS_2_107_CA_1,1599.2617719067239,1599.2617719067239,0.0,0.0,1.0,1.0,0.0,20.503356050086204,83.0
point_gbdt_safety,FOODS_2_107_CA_3,1985.2097293652273,1852.973498712982,132.23623065224535,0.0,0.7777542341979069,0.8846153846153846,0.11538461538461539,23.756070496320284,119.0
point_gbdt_safety,FOODS_2_108_TX_1,1538.8642496940693,1538.8642496940693,0.0,0.0,1.0,1.0,0.0,19.729028842231656,42.0
point_gbdt_safety,FOODS_2_108_WI_2,1606.3316291408953,1537.6323286868028,68.69930045409251,0.0,0.9004357964433443,0.9358974358974359,0.0641025641025641,19.71323498316414,138.0
point_gbdt_safety,FOODS_2_116_TX_3,1854.4091125530715,1854.4091125530715,0.0,0.0,1.0,1.0,0.0,23.774475801962456,76.0
point_gbdt_safety,FOODS_2_117_WI_2,2552.6755521860437,2473.448748865944,79.22680332009992,0.0,0.9295761748265778,0.9102564102564102,0.08974358974358974,31.710881395717227,225.0
point_gbdt_safety,FOODS_2_118_CA_2,1446.052094351385,1446.052094351385,0.0,0.0,1.0,1.0,0.0,18.539129414761344,39.0
point_gbdt_safety,FOODS_2_118_CA_4,1304.3793519104206,1304.3793519104206,0.0,0.0,1.0,1.0,0.0,16.72281220397975,52.0
point_gbdt_safety,FOODS_2_124_CA_4,1686.252722953992,1686.252722953992,0.0,0.0,1.0,1.0,0.0,21.618624653256308,21.0
point_gbdt_safety,FOODS_2_124_WI_2,1717.6056910815018,1717.6056910815018,0.0,0.0,1.0,1.0,0.0,22.020585783096177,18.0
point_gbdt_safety,FOODS_2_128_TX_3,9177.75718555344,8534.650149437042,643.107036116399,0.0,0.6114156881471909,0.8076923076923077,0.19230769230769232,109.41859165944926,331.0
point_gbdt_safety,FOODS_2_129_TX_2,1597.9050080365162,1597.9050080365162,0.0,0.0,1.0,1.0,0.0,20.485961641493798,16.0
point_gbdt_safety,FOODS_2_130_WI_2,1789.049772245548,1789.049772245548,0.0,0.0,1.0,1.0,0.0,22.93653554160959,218.0
point_gbdt_safety,FOODS_2_132_TX_2,1593.275879421262,1593.275879421262,0.0,0.0,1.0,1.0,0.0,20.42661383873413,0.0
point_gbdt_safety,FOODS_2_133_TX_2,1482.4923799181286,1482.4923799181286,0.0,0.0,1.0,1.0,0.0,19.00631256305293,53.0
point_gbdt_safety,FOODS_2_133_TX_3,1257.376178928708,1230.2475949416173,27.128583987090735,0.0,0.9095713867096975,0.9487179487179487,0.05128205128205128,15.772405063354068,60.0
point_gbdt_safety,FOODS_2_141_CA_3,1736.0977617984431,1736.0977617984431,0.0,0.0,1.0,1.0,0.0,22.257663612800552,132.0
point_gbdt_safety,FOODS_2_146_WI_1,1506.62000766103,1501.421381922967,5.198625738063214,0.0,0.9910368521757531,0.9871794871794872,0.01282051282051282,19.248992075935472,116.0
point_gbdt_safety,FOODS_2_148_CA_2,1551.433330025874,1551.433330025874,0.0,0.0,1.0,1.0,0.0,19.890170897767614,58.0
point_gbdt_safety,FOODS_2_149_TX_1,1954.3147335167423,1740.846355533009,213.4683779837333,0.0,0.8338767486507912,0.8589743589743589,0.14102564102564102,22.318543019653962,257.0
point_gbdt_safety,FOODS_2_155_CA_4,2089.37471529596,2089.37471529596,0.0,0.0,1.0,1.0,0.0,26.78685532430718,10.0
point_gbdt_safety,FOODS_2_159_CA_1,1575.7717567619475,1575.7717567619475,0.0,0.0,1.0,1.0,0.0,20.20220200976856,30.0
point_gbdt_safety,FOODS_2_163_TX_3,1537.516569943084,1537.516569943084,0.0,0.0,1.0,1.0,0.0,19.711750896706207,74.0
point_gbdt_safety,FOODS_2_165_CA_4,1561.4730822478339,1561.4730822478339,0.0,0.0,1.0,1.0,0.0,20.018885669844025,10.0
point_gbdt_safety,FOODS_2_165_TX_1,1581.1365175751403,1581.1365175751403,0.0,0.0,1.0,1.0,0.0,20.27098099455308,4.0
point_gbdt_safety,FOODS_2_166_TX_2,2665.3592491362656,2665.3592491362656,0.0,0.0,1.0,1.0,0.0,34.17127242482392,11.0
point_gbdt_safety,FOODS_2_169_TX_3,1637.0893368384166,1637.0893368384166,0.0,0.0,1.0,1.0,0.0,20.98832483126175,15.0
point_gbdt_safety,FOODS_2_172_CA_2,1405.1704440047781,1366.0863285449914,39.08411545978673,0.0,0.9233644794906143,0.9743589743589743,0.02564102564102564,17.51392728903835,102.0
point_gbdt_safety,FOODS_2_176_WI_3,1708.7094299663536,1708.7094299663536,0.0,0.0,1.0,1.0,0.0,21.90653115341479,16.0
point_gbdt_safety,FOODS_2_177_WI_1,1726.3487159425258,1726.3487159425258,0.0,0.0,1.0,1.0,0.0,22.132675845416998,47.0
point_gbdt_safety,FOODS_2_182_TX_3,1640.8862724179526,1640.8862724179526,0.0,0.0,1.0,1.0,0.0,21.037003492537853,31.0
point_gbdt_safety,FOODS_2_183_CA_4,1921.8805787208837,1743.6959300278634,178.18464869302028,0.0,0.8423144701831679,0.8589743589743589,0.14102564102564102,22.355076025998248,226.0
point_gbdt_safety,FOODS_2_186_TX_1,1512.7629054262354,1512.7629054262354,0.0,0.0,1.0,1.0,0.0,19.394396223413274,38.0
point_gbdt_safety,FOODS_2_187_CA_1,1527.5042874596295,1527.5042874596295,0.0,0.0,1.0,1.0,0.0,19.58338830076448,48.0
point_gbdt_safety,FOODS_2_192_CA_2,1861.4690690114608,1861.4690690114608,0.0,0.0,1.0,1.0,0.0,23.8649880642495,116.0
point_gbdt_safety,FOODS_2_192_TX_1,1827.7094126055126,1827.7094126055126,0.0,0.0,1.0,1.0,0.0,23.432171956480932,20.0
point_gbdt_safety,FOODS_2_198_CA_4,1578.4461830622897,1578.4461830622897,0.0,0.0,1.0,1.0,0.0,20.236489526439613,20.0
point_gbdt_safety,FOODS_2_200_TX_1,1711.4447038795872,1711.4447038795872,0.0,0.0,1.0,1.0,0.0,21.941598767687015,30.0
point_gbdt_safety,FOODS_2_201_WI_3,1500.1138975197084,1465.8598084212044,34.25408909850397,0.0,0.9447514691959613,0.9358974358974359,0.0641025641025641,18.793074466938517,124.0
point_gbdt_safety,FOODS_2_202_WI_3,1534.2074701842935,1534.2074701842935,0.0,0.0,1.0,1.0,0.0,19.669326540824276,55.0
point_gbdt_safety,FOODS_2_204_CA_4,1875.0917750670192,1803.612439380732,71.47933568628716,0.0,0.9149055527544201,0.9102564102564102,0.08974358974358974,23.123236402317076,168.0
point_gbdt_safety,FOODS_2_206_CA_3,2209.0003640604905,2209.0003640604905,0.0,0.0,1.0,1.0,0.0,28.320517487955005,180.0
point_gbdt_safety,FOODS_2_207_CA_3,1873.6261074031904,1873.6261074031904,0.0,0.0,1.0,1.0,0.0,24.020847530810133,13.0
point_gbdt_safety,FOODS_2_208_TX_1,1856.1263357847522,1856.1263357847522,0.0,0.0,1.0,1.0,0.0,23.7964914844199,132.0
point_gbdt_safety,FOODS_2_212_CA_2,1836.322882637379,1836.322882637379,0.0,0.0,1.0,1.0,0.0,23.542601059453578,113.0
point_gbdt_safety,FOODS_2_214_CA_3,1782.9214515740616,1782.9214515740616,0.0,0.0,1.0,1.0,0.0,22.857967327872586,36.0
point_gbdt_safety,FOODS_2_218_CA_4,1570.899248241337,1570.899248241337,0.0,0.0,1.0,1.0,0.0,20.139733951812016,49.0
point_gbdt_safety,FOODS_2_219_TX_1,1531.4784669719443,1531.4784669719443,0.0,0.0,1.0,1.0,0.0,19.63433932015313,38.0
point_gbdt_safety,FOODS_2_224_TX_2,1483.6492537143934,1483.6492537143934,0.0,0.0,1.0,1.0,0.0,19.02114427838966,53.0
point_gbdt_safety,FOODS_2_231_CA_1,1849.7850444858846,1849.7850444858846,0.0,0.0,1.0,1.0,0.0,23.715192878024162,40.0
point_gbdt_safety,FOODS_2_234_WI_3,1566.4945279365265,1566.4945279365265,0.0,0.0,1.0,1.0,0.0,20.083263178673416,16.0
point_gbdt_safety,FOODS_2_235_CA_2,1581.146673807291,1581.146673807291,0.0,0.0,1.0,1.0,0.0,20.27111120265758,85.0
point_gbdt_safety,FOODS_2_241_CA_3,3802.07200745941,2709.9966137186484,1092.075393740762,0.0,0.7296843084800094,0.717948717948718,0.28205128205128205,34.743546329726264,808.0
point_gbdt_safety,FOODS_2_241_WI_3,2275.9727695622246,2062.0507988639333,213.92197069829143,0.0,0.843852576132634,0.8589743589743589,0.14102564102564102,26.43654870338376,274.0
point_gbdt_safety,FOODS_2_242_CA_3,1925.559253315638,1913.4278527326433,12.131400582994836,0.0,0.9789019120295741,0.9615384615384616,0.038461538461538464,24.53112631708517,115.0
point_gbdt_safety,FOODS_2_242_WI_1,1832.6734818575833,1624.2679348915883,208.4055469659951,0.0,0.7590687318312195,0.8974358974358975,0.10256410256410256,20.82394788322549,173.0
point_gbdt_safety,FOODS_2_250_WI_2,1694.9441454241173,1694.9441454241173,0.0,0.0,1.0,1.0,0.0,21.730053146463042,59.0
point_gbdt_safety,FOODS_2_253_CA_1,1457.8728882958403,1435.5541662643354,22.318722031504805,0.0,0.952513357379777,0.9615384615384616,0.038461538461538464,18.404540593132506,94.0
point_gbdt_safety,FOODS_2_254_TX_3,1652.3977738244826,1652.3977738244826,0.0,0.0,1.0,1.0,0.0,21.184586843903624,51.0
point_gbdt_safety,FOODS_2_254_WI_1,1373.0874521632,1373.0874521632,0.0,0.0,1.0,1.0,0.0,17.603685284143587,27.0
point_gbdt_safety,FOODS_2_255_TX_2,5880.999999999999,5880.999999999999,0.0,0.0,1.0,1.0,0.0,75.39743589743588,62.0
point_gbdt_safety,FOODS_2_261_WI_2,1810.1155029689987,1810.1155029689987,0.0,0.0,1.0,1.0,0.0,23.206609012423062,89.0
point_gbdt_safety,FOODS_2_270_CA_3,1676.0010567072425,1676.0010567072425,0.0,0.0,1.0,1.0,0.0,21.487193034708238,18.0
point_gbdt_safety,FOODS_2_270_WI_2,1401.8266793133746,1401.8266793133746,0.0,0.0,1.0,1.0,0.0,17.972136914274035,35.0
point_gbdt_safety,FOODS_2_271_WI_2,1614.4172014752526,1614.4172014752526,0.0,0.0,1.0,1.0,0.0,20.697656429169903,13.0
point_gbdt_safety,FOODS_2_273_TX_3,1560.097315773759,1560.097315773759,0.0,0.0,1.0,1.0,0.0,20.001247638125115,16.0
point_gbdt_safety,FOODS_2_274_CA_3,2522.802005951757,2432.9010058540516,89.90100009770558,0.0,0.9289320157330391,0.9358974358974359,0.0641025641025641,31.191038536590405,253.0
point_gbdt_safety,FOODS_2_274_TX_2,2438.908761172813,2438.908761172813,0.0,0.0,1.0,1.0,0.0,31.268061040677086,136.0
point_gbdt_safety,FOODS_2_278_CA_4,1526.246099309747,1511.699299214875,14.54680009487193,0.0,0.9515106663504269,0.9743589743589743,0.02564102564102564,19.38076024634455,60.0
point_gbdt_safety,FOODS_2_284_TX_3,1639.854324005519,1639.854324005519,0.0,0.0,1.0,1.0,0.0,21.02377338468614,25.0
point_gbdt_safety,FOODS_2_284_WI_2,1495.8143849099397,1495.8143849099397,0.0,0.0,1.0,1.0,0.0,19.17710749884538,53.0
point_gbdt_safety,FOODS_2_290_WI_1,1540.2271741479158,1479.6694763613173,60.55769778659844,0.0,0.9134890031620022,0.9358974358974359,0.0641025641025641,18.97012149181176,140.0
point_gbdt_safety,FOODS_2_298_TX_2,1823.302134765544,1823.302134765544,0.0,0.0,1.0,1.0,0.0,23.37566839443005,41.0
point_gbdt_safety,FOODS_2_306_TX_1,1565.1033057216814,1565.1033057216814,0.0,0.0,1.0,1.0,0.0,20.065426996431814,48.0
point_gbdt_safety,FOODS_2_309_TX_2,1510.5468039697284,1510.5468039697284,0.0,0.0,1.0,1.0,0.0,19.36598466627857,56.0
point_gbdt_safety,FOODS_2_311_WI_3,1551.0585408689751,1526.148827456184,24.909713412791028,0.0,0.9452533771147449,0.9487179487179487,0.05128205128205128,19.56601060841262,91.0
point_gbdt_safety,FOODS_2_312_CA_1,1700.8756431730367,1700.8756431730367,0.0,0.0,1.0,1.0,0.0,21.806097989397905,31.0
point_gbdt_safety,FOODS_2_312_TX_2,1648.5916784027872,1648.5916784027872,0.0,0.0,1.0,1.0,0.0,21.13579074875368,71.0
point_gbdt_safety,FOODS_2_313_CA_4,1891.407441339055,1891.407441339055,0.0,0.0,1.0,1.0,0.0,24.248813350500704,2.0
point_gbdt_safety,FOODS_2_321_WI_1,1363.4206522035058,1363.4206522035058,0.0,0.0,1.0,1.0,0.0,17.479751951326996,68.0
point_gbdt_safety,FOODS_2_325_WI_3,2892.1657531919727,2260.515850653301,631.6499025386718,0.0,0.7537427280550988,0.7435897435897436,0.2564102564102564,28.980972444273092,513.0
point_gbdt_safety,FOODS_2_326_WI_1,2394.315794981196,2094.8131636442045,299.5026313369918,0.0,0.884361918402706,0.7948717948717948,0.20512820512820512,26.856579021079543,518.0
point_gbdt_safety,FOODS_2_329_TX_3,1596.9429621902534,1596.9429621902534,0.0,0.0,1.0,1.0,0.0,20.473627720387864,19.0
point_gbdt_safety,FOODS_2_332_TX_2,1700.0906199883873,1700.0906199883873,0.0,0.0,1.0,1.0,0.0,21.79603358959471,46.0
point_gbdt_safety,FOODS_2_332_WI_1,1503.041426948916,1503.041426948916,0.0,0.0,1.0,1.0,0.0,19.269761883960463,37.0
point_gbdt_safety,FOODS_2_338_TX_3,1595.1533931469864,1585.8928863078597,9.260506839126776,0.0,0.9845658219347887,0.9871794871794872,0.01282051282051282,20.331960080869997,120.0
point_gbdt_safety,FOODS_2_340_WI_2,1760.376063235929,1760.376063235929,0.0,0.0,1.0,1.0,0.0,22.568923887640114,92.0
point_gbdt_safety,FOODS_2_342_CA_3,2771.6382987704023,2429.914801391747,341.72349737865545,0.0,0.8380457358394998,0.8205128205128205,0.1794871794871795,31.152753863996757,422.0
point_gbdt_safety,FOODS_2_347_WI_3,4096.040460120355,3023.465092772031,1072.575367348324,0.0,0.6798282485527392,0.7435897435897436,0.2564102564102564,38.76237298425681,670.0
point_gbdt_safety,FOODS_2_350_WI_2,1885.4779711483463,1885.4779711483463,0.0,0.0,1.0,1.0,0.0,24.172794501901876,29.0
point_gbdt_safety,FOODS_2_351_CA_1,1455.0734673673303,1455.0734673673303,0.0,0.0,1.0,1.0,0.0,18.6547880431709,52.0
point_gbdt_safety,FOODS_2_354_CA_4,1564.5137072429168,1564.5137072429168,0.0,0.0,1.0,1.0,0.0,20.057868041575855,19.0
point_gbdt_safety,FOODS_2_355_WI_2,1617.3687727751455,1600.457829372439,16.9109434027067,0.0,0.9778941916304488,0.9743589743589743,0.02564102564102564,20.518690120159473,153.0
point_gbdt_safety,FOODS_2_356_CA_2,1671.9935405817798,1669.155069881295,2.8384707004848764,0.0,0.9958257783816398,0.9871794871794872,0.01282051282051282,21.399423972837116,136.0
point_gbdt_safety,FOODS_2_370_CA_2,1479.9957767281874,1479.9957767281874,0.0,0.0,1.0,1.0,0.0,18.974304829848556,47.0
point_gbdt_safety,FOODS_2_370_CA_3,1818.3573878077846,1818.3573878077846,0.0,0.0,1.0,1.0,0.0,23.312274202663904,36.0
point_gbdt_safety,FOODS_2_371_WI_3,3737.031725437931,3392.197621515291,344.8341039226402,0.0,0.890180221680688,0.8717948717948718,0.1282051282051282,43.48971309634988,628.0
point_gbdt_safety,FOODS_2_376_TX_1,1637.1133944237183,1637.1133944237183,0.0,0.0,1.0,1.0,0.0,20.988633261842544,47.0
point_gbdt_safety,FOODS_2_386_CA_2,1556.82826555166,1556.82826555166,0.0,0.0,1.0,1.0,0.0,19.959336737841795,49.0
point_gbdt_safety,FOODS_2_387_WI_2,1679.3284882900005,1679.3284882900005,0.0,0.0,1.0,1.0,0.0,21.529852413974364,111.0
point_gbdt_safety,FOODS_2_389_TX_2,2176.3039906790723,2176.3039906790723,0.0,0.0,1.0,1.0,0.0,27.90133321383426,3.0
point_gbdt_safety,FOODS_2_390_CA_4,2567.0325309674454,2567.0325309674454,0.0,0.0,1.0,1.0,0.0,32.91067347394161,4.0
point_gbdt_safety,FOODS_2_399_TX_2,1671.064698792864,1671.064698792864,0.0,0.0,1.0,1.0,0.0,21.423906394780307,108.0
point_gbdt_safety,FOODS_3_003_WI_3,1424.8487602514483,1424.8487602514483,0.0,0.0,1.0,1.0,0.0,18.267291798095492,34.0
point_gbdt_safety,FOODS_3_009_CA_4,1537.3067534312734,1537.3067534312734,0.0,0.0,1.0,1.0,0.0,19.709060941426582,48.0
point_gbdt_safety,FOODS_3_009_TX_2,1799.232824917215,1799.232824917215,0.0,0.0,1.0,1.0,0.0,23.067087498938655,76.0
point_gbdt_safety,FOODS_3_011_CA_1,1652.7781075672906,1470.11921066671,182.65889690058074,0.0,0.8411661766081907,0.8717948717948718,0.1282051282051282,18.847682188034742,230.0
point_gbdt_safety,FOODS_3_014_CA_1,1958.2149376793343,1958.2149376793343,0.0,0.0,1.0,1.0,0.0,25.10531971383762,2.0
point_gbdt_safety,FOODS_3_019_TX_2,1776.560867427622,1776.560867427622,0.0,0.0,1.0,1.0,0.0,22.776421377277206,48.0
point_gbdt_safety,FOODS_3_022_CA_1,1632.797465122532,1632.797465122532,0.0,0.0,1.0,1.0,0.0,20.933300834904255,29.0
point_gbdt_safety,FOODS_3_023_TX_1,1448.919117470497,1448.919117470497,0.0,0.0,1.0,1.0,0.0,18.575886121416627,84.0
point_gbdt_safety,FOODS_3_023_TX_3,1552.1659865207946,1552.1659865207946,0.0,0.0,1.0,1.0,0.0,19.89956392975378,60.0
point_gbdt_safety,FOODS_3_023_WI_2,1578.6965519751145,1578.6965519751145,0.0,0.0,1.0,1.0,0.0,20.23969938429634,53.0
point_gbdt_safety,FOODS_3_024_TX_3,2662.4212903807097,2631.967466094803,30.453824285906705,0.0,0.9687653084247111,0.9615384615384616,0.038461538461538464,33.74317264224106,195.0
point_gbdt_safety,FOODS_3_024_WI_1,3920.687708318199,3920.687708318199,0.0,0.0,1.0,1.0,0.0,50.2652270297205,75.0
point_gbdt_safety,FOODS_3_026_CA_1,1771.8116102019537,1737.3074097829071,34.50420041904664,0.0,0.9598788367220388,0.9615384615384616,0.038461538461538464,22.27317192029368,172.0
point_gbdt_safety,FOODS_3_030_TX_3,6785.953672021693,4374.821632750877,2411.132039270816,0.0,0.7119316560010972,0.6923076923076923,0.3076923076923077,56.08745683013945,1674.0
point_gbdt_safety,FOODS_3_034_CA_1,1505.9386081344578,1454.4801262241617,51.45848191029607,0.0,0.9280300952303553,0.9615384615384616,0.038461538461538464,18.64718110543797,143.0
point_gbdt_safety,FOODS_3_035_WI_1,1756.3632379116395,1756.3632379116395,0.0,0.0,1.0,1.0,0.0,22.517477409123583,61.0
point_gbdt_safety,FOODS_3_036_CA_4,1858.3487663356946,1858.3487663356946,0.0,0.0,1.0,1.0,0.0,23.824984183790956,9.0
point_gbdt_safety,FOODS_3_038_CA_4,1533.9667653134711,1533.9667653134711,0.0,0.0,1.0,1.0,0.0,19.66624058094194,69.0
point_gbdt_safety,FOODS_3_038_WI_1,1570.051698006103,1570.051698006103,0.0,0.0,1.0,1.0,0.0,20.128867923155166,72.0
point_gbdt_safety,FOODS_3_040_WI_1,1224.7665761370454,1119.1968432515696,105.56973288547574,0.0,0.7654005935878316,0.8717948717948718,0.1282051282051282,14.348677477584225,90.0
point_gbdt_safety,FOODS_3_048_TX_1,2136.9855337019408,2136.9855337019408,0.0,0.0,1.0,1.0,0.0,27.397250432076163,64.0
point_gbdt_safety,FOODS_3_048_TX_3,1871.7374723802116,1871.7374723802116,0.0,0.0,1.0,1.0,0.0,23.996634261284765,109.0
point_gbdt_safety,FOODS_3_049_TX_1,1716.6940654930904,1716.6940654930904,0.0,0.0,1.0,1.0,0.0,22.00889827555244,28.0
point_gbdt_safety,FOODS_3_050_CA_2,1575.4677531864897,1575.4677531864897,0.0,0.0,1.0,1.0,0.0,20.19830452803192,67.0
point_gbdt_safety,FOODS_3_053_CA_4,1614.8563021471723,1575.7125073393609,39.1437948078115,0.0,0.9120364161622213,0.9615384615384616,0.038461538461538464,20.20144240178668,89.0
point_gbdt_safety,FOODS_3_054_WI_3,1638.8215417116512,1638.8215417116512,0.0,0.0,1.0,1.0,0.0,21.01053258604681,0.0
point_gbdt_safety,FOODS_3_057_WI_3,1596.6217039388055,1596.6217039388055,0.0,0.0,1.0,1.0,0.0,20.46950902485648,20.0
point_gbdt_safety,FOODS_3_066_CA_4,2030.5197987626525,1731.7755558935153,298.7442428691372,0.0,0.7850760842668077,0.8076923076923077,0.19230769230769232,22.202250716583528,278.0
point_gbdt_safety,FOODS_3_066_TX_3,1919.2288079101572,1669.426252309566,249.80255560059118,0.0,0.8033050743302432,0.8333333333333334,0.16666666666666666,21.40290067063546,254.0
point_gbdt_safety,FOODS_3_067_CA_4,1511.1228037034832,1511.1228037034832,0.0,0.0,1.0,1.0,0.0,19.373369278249786,87.0
point_gbdt_safety,FOODS_3_072_WI_3,1469.3579936504675,1469.3579936504675,0.0,0.0,1.0,1.0,0.0,18.837922995518813,36.0
point_gbdt_safety,FOODS_3_074_CA_2,1642.05242095572,1539.7186160611093,102.3338048946107,0.0,0.8881597760714637,0.8974358974358975,0.10256410256410256,19.73998225719371,183.0
point_gbdt_safety,FOODS_3_091_TX_1,1400.3925968655672,1400.3925968655672,0.0,0.0,1.0,1.0,0.0,17.953751241866247,46.0
point_gbdt_safety,FOODS_3_091_WI_1,1441.5934333533196,1441.5934333533196,0.0,0.0,1.0,1.0,0.0,18.48196709427333,29.0
point_gbdt_safety,FOODS_3_094_TX_2,1734.6670182464304,1734.6670182464304,0.0,0.0,1.0,1.0,0.0,22.239320746749108,99.0
point_gbdt_safety,FOODS_3_101_WI_3,1717.8214065415834,1501.8880502523575,215.93335628922588,0.0,0.8446522616624276,0.8205128205128205,0.1794871794871795,19.25497500323535,278.0
point_gbdt_safety,FOODS_3_102_WI_2,1616.766805203099,1612.5189079157508,4.2478972873482235,0.0,0.9922765503866396,0.9871794871794872,0.01282051282051282,20.673319332253214,110.0
point_gbdt_safety,FOODS_3_103_TX_1,1576.858060743455,1576.858060743455,0.0,0.0,1.0,1.0,0.0,20.21612898389045,23.0
point_gbdt_safety,FOODS_3_103_WI_1,1548.7707862121406,1517.4142767114618,31.35650950067877,0.0,0.9542240737216368,0.9358974358974359,0.0641025641025641,19.454029188608484,137.0
point_gbdt_safety,FOODS_3_110_WI_1,1581.4196806124012,1581.4196806124012,0.0,0.0,1.0,1.0,0.0,20.27461128990258,24.0
point_gbdt_safety,FOODS_3_111_TX_1,1567.986626559009,1567.986626559009,0.0,0.0,1.0,1.0,0.0,20.102392648192424,18.0
point_gbdt_safety,FOODS_3_111_WI_1,1613.4258923648135,1613.4258923648135,0.0,0.0,1.0,1.0,0.0,20.68494733801043,32.0
point_gbdt_safety,FOODS_3_117_CA_4,1432.945340383388,1432.945340383388,0.0,0.0,1.0,1.0,0.0,18.371094107479333,78.0
point_gbdt_safety,FOODS_3_120_TX_1,6138.967032091009,4277.42706441746,1861.5399676735487,0.0,0.6043485722266634,0.6794871794871795,0.32051282051282054,54.83880851817257,941.0
point_gbdt_safety,FOODS_3_125_CA_1,1940.481627972652,1940.481627972652,0.0,0.0,1.0,1.0,0.0,24.877969589392972,48.0
point_gbdt_safety,FOODS_3_126_WI_1,1755.6261450554143,1755.6261450554143,0.0,0.0,1.0,1.0,0.0,22.50802750071044,125.0
point_gbdt_safety,FOODS_3_133_CA_1,3012.392357132272,2125.3855316840118,887.0068254482603,0.0,0.688769534930435,0.7051282051282052,0.2948717948717949,27.24853245748733,570.0
point_gbdt_safety,FOODS_3_133_CA_2,2035.0815538431139,1550.3204721707825,484.7610816723313,0.0,0.7859774473852841,0.7564102564102564,0.24358974358974358,19.875903489369005,453.0
point_gbdt_safety,FOODS_3_133_TX_1,2417.0112668794427,2276.599882245323,140.41138463411986,0.0,0.8602871794685375,0.8589743589743589,0.14102564102564102,29.187177977504142,201.0
point_gbdt_safety,FOODS_3_134_TX_1,2166.7997709191764,1878.3551940088262,288.4445769103503,0.0,0.8283067994581249,0.8333333333333334,0.16666666666666666,24.081476846267,336.0
point_gbdt_safety,FOODS_3_136_CA_1,1787.9688644382627,1425.0503273977597,362.918537040503,0.0,0.8043565838056589,0.7435897435897436,0.2564102564102564,18.26987599227897,371.0
point_gbdt_safety,FOODS_3_138_WI_3,1544.4160801954151,1427.4201580897434,116.99592210567178,0.0,0.8598851232267404,0.8717948717948718,0.1282051282051282,18.300258437047994,167.0
point_gbdt_safety,FOODS_3_141_TX_3,1586.688655460021,1586.688655460021,0.0,0.0,1.0,1.0,0.0,20.342162249487448,22.0
point_gbdt_safety,FOODS_3_154_CA_1,1625.3767010003608,1625.3767010003608,0.0,0.0,1.0,1.0,0.0,20.838162833337957,30.0
point_gbdt_safety,FOODS_3_155_TX_1,1582.056939811124,1582.056939811124,0.0,0.0,1.0,1.0,0.0,20.282781279629795,18.0
point_gbdt_safety,FOODS_3_157_CA_2,1887.0073041058806,1887.0073041058806,0.0,0.0,1.0,1.0,0.0,24.19240133469078,60.0
point_gbdt_safety,FOODS_3_158_WI_3,1556.0697184164972,1556.0697184164972,0.0,0.0,1.0,1.0,0.0,19.949611774570478,29.0
point_gbdt_safety,FOODS_3_160_CA_1,1393.9030855981187,1313.9704800457396,79.93260555237916,0.0,0.5559299691534492,0.9358974358974359,0.0641025641025641,16.84577538520179,36.0
point_gbdt_safety,FOODS_3_160_TX_1,1546.5965983326662,1546.5965983326662,0.0,0.0,1.0,1.0,0.0,19.828161517085466,0.0
point_gbdt_safety,FOODS_3_160_WI_2,1391.266300755011,1391.266300755011,0.0,0.0,1.0,1.0,0.0,17.836747445577064,13.0
point_gbdt_safety,FOODS_3_161_WI_1,1747.527687642967,1747.527687642967,0.0,0.0,1.0,1.0,0.0,22.404201123627782,19.0
point_gbdt_safety,FOODS_3_162_WI_2,1653.7856519084603,1653.7856519084603,0.0,0.0,1.0,1.0,0.0,21.202380152672568,61.0
point_gbdt_safety,FOODS_3_163_TX_2,1353.7351137633716,1339.140727259191,14.594386504180683,0.0,0.9664496861972859,0.9743589743589743,0.02564102564102564,17.16847086229732,87.0
point_gbdt_safety,FOODS_3_169_TX_3,1862.0971795718776,1862.0971795718776,0.0,0.0,1.0,1.0,0.0,23.873040763742022,154.0
point_gbdt_safety,FOODS_3_171_WI_2,1603.7674581743624,1603.7674581743624,0.0,0.0,1.0,1.0,0.0,20.561121258645674,15.0
point_gbdt_safety,FOODS_3_172_CA_3,2050.9306697974494,2050.9306697974494,0.0,0.0,1.0,1.0,0.0,26.293982946121144,166.0
point_gbdt_safety,FOODS_3_172_TX_3,2086.076757686941,2067.9621234515794,18.114634235361713,0.0,0.9687678720079971,0.9871794871794872,0.01282051282051282,26.51233491604589,116.0
point_gbdt_safety,FOODS_3_176_WI_3,1577.229847108398,1577.229847108398,0.0,0.0,1.0,1.0,0.0,20.22089547574869,45.0
point_gbdt_safety,FOODS_3_178_WI_2,1546.3028054609408,1486.8181990529501,59.484606407990626,0.0,0.898316912123093,0.9230769230769231,0.07692307692307693,19.06177178273013,117.0
point_gbdt_safety,FOODS_3_180_WI_1,1590.7013158357038,1590.7013158357038,0.0,0.0,1.0,1.0,0.0,20.393606613278255,61.0
point_gbdt_safety,FOODS_3_184_WI_3,1737.6849206497632,1611.3972222741668,126.28769837559645,0.0,0.5926203278206567,0.8333333333333334,0.16666666666666666,20.658938747104703,62.0
point_gbdt_safety,FOODS_3_192_TX_2,1694.9212879131894,1694.9212879131894,0.0,0.0,1.0,1.0,0.0,21.729760101451145,128.0
point_gbdt_safety,FOODS_3_197_WI_1,1653.329411502436,1653.329411502436,0.0,0.0,1.0,1.0,0.0,21.196530916697895,32.0
point_gbdt_safety,FOODS_3_198_TX_2,1750.9485501872157,1750.9485501872157,0.0,0.0,1.0,1.0,0.0,22.448058335733535,2.0
point_gbdt_safety,FOODS_3_198_WI_3,1740.4847135175091,1740.4847135175091,0.0,0.0,1.0,1.0,0.0,22.31390658355781,4.0
point_gbdt_safety,FOODS_3_199_CA_2,1722.667398814168,1722.667398814168,0.0,0.0,1.0,1.0,0.0,22.085479471976516,45.0
point_gbdt_safety,FOODS_3_199_TX_1,1436.0720539378192,1436.0720539378192,0.0,0.0,1.0,1.0,0.0,18.41118017868999,27.0
point_gbdt_safety,FOODS_3_204_CA_2,1468.6590723920638,1468.6590723920638,0.0,0.0,1.0,1.0,0.0,18.82896246656492,64.0
point_gbdt_safety,FOODS_3_204_CA_4,1638.0189167489018,1638.0189167489018,0.0,0.0,1.0,1.0,0.0,21.000242522421818,47.0
point_gbdt_safety,FOODS_3_205_TX_1,2697.8259005146197,2697.8259005146197,0.0,0.0,1.0,1.0,0.0,34.58751154505923,10.0
point_gbdt_safety,FOODS_3_208_WI_3,1295.895771848471,1274.6409914462956,21.2547804021753,0.0,0.9532861969182961,0.9615384615384616,0.038461538461538464,16.341551172388407,91.0
point_gbdt_safety,FOODS_3_209_TX_2,1702.0977219253364,1702.0977219253364,0.0,0.0,1.0,1.0,0.0,21.821765665709442,13.0
point_gbdt_safety,FOODS_3_210_TX_1,1714.4145537637767,1714.4145537637767,0.0,0.0,1.0,1.0,0.0,21.979673766202264,0.0
point_gbdt_safety,FOODS_3_211_CA_1,1586.59247648133,1397.9766466694286,188.61582981190136,0.0,0.7380335697056926,0.8205128205128205,0.1794871794871795,17.92277752140293,144.0
point_gbdt_safety,FOODS_3_215_CA_3,1810.4081500223228,1776.5133531577237,33.89479686459911,0.0,0.9627529704784625,0.9871794871794872,0.01282051282051282,22.775812219970817,182.0
point_gbdt_safety,FOODS_3_215_CA_4,1574.276732303867,1501.5362681898782,72.74046411398878,0.0,0.8614467350209738,0.8974358974358975,0.10256410256410256,19.25046497679331,105.0
point_gbdt_safety,FOODS_3_224_CA_1,1402.9988074440284,1302.816884539394,100.18192290463432,0.0,0.8723797160450518,0.8589743589743589,0.14102564102564102,16.702780571017872,157.0
point_gbdt_safety,FOODS_3_229_CA_1,1843.028073287216,1843.028073287216,0.0,0.0,1.0,1.0,0.0,23.628565042143798,51.0
point_gbdt_safety,FOODS_3_232_WI_3,1690.7114816136484,1690.7114816136484,0.0,0.0,1.0,1.0,0.0,21.675788225816007,55.0
point_gbdt_safety,FOODS_3_237_WI_3,1769.3885412519462,1769.3885412519462,0.0,0.0,1.0,1.0,0.0,22.684468477589053,58.0
point_gbdt_safety,FOODS_3_239_CA_4,1500.7844587407358,1500.7844587407358,0.0,0.0,1.0,1.0,0.0,19.240826394112,55.0
point_gbdt_safety,FOODS_3_240_TX_3,1492.5425803382302,1492.5425803382302,0.0,0.0,1.0,1.0,0.0,19.135161286387568,69.0
point_gbdt_safety,FOODS_3_243_WI_1,1761.6415332024033,1761.6415332024033,0.0,0.0,1.0,1.0,0.0,22.585147861569272,19.0
point_gbdt_safety,FOODS_3_246_CA_2,1610.957123015617,1574.5635788749441,36.39354414067299,0.0,0.9472557331294594,0.9615384615384616,0.038461538461538464,20.18671254967877,138.0
point_gbdt_safety,FOODS_3_246_TX_2,1590.4963941658334,1590.4963941658334,0.0,0.0,1.0,1.0,0.0,20.390979412382478,59.0
point_gbdt_safety,FOODS_3_247_CA_3,1683.1300523924485,1625.2123873145472,57.91766507790136,0.0,0.8637231409931733,0.9358974358974359,0.0641025641025641,20.8360562476224,85.0
point_gbdt_safety,FOODS_3_255_WI_2,1676.6338211497518,1676.6338211497518,0.0,0.0,1.0,1.0,0.0,21.495305399355793,25.0
point_gbdt_safety,FOODS_3_256_WI_1,1668.0924707273925,1668.0924707273925,0.0,0.0,1.0,1.0,0.0,21.385800906761443,9.0
point_gbdt_safety,FOODS_3_257_TX_2,1552.1415841061844,1552.1415841061844,0.0,0.0,1.0,1.0,0.0,19.899251078284415,151.0
point_gbdt_safety,FOODS_3_258_CA_3,2734.544728481197,2399.3318090485204,335.2129194326768,0.0,0.788509199096103,0.8333333333333334,0.16666666666666666,30.760664218570774,317.0
point_gbdt_safety,FOODS_3_258_TX_1,1939.7610462748644,1909.769641368508,29.991404906356465,0.0,0.9710227971919261,0.9487179487179487,0.05128205128205128,24.48422617139113,207.0
point_gbdt_safety,FOODS_3_258_TX_2,2018.8633857677044,2000.1695790431013,18.693806724603057,0.0,0.9822807519198075,0.9871794871794872,0.01282051282051282,25.64319973132181,211.0
point_gbdt_safety,FOODS_3_258_WI_2,2221.657915696968,1871.5216251394195,350.1362905575484,0.0,0.8032942187878941,0.8333333333333334,0.16666666666666666,23.993866988966918,356.0
point_gbdt_safety,FOODS_3_265_TX_3,1699.4054147185902,1699.4054147185902,0.0,0.0,1.0,1.0,0.0,21.787248906648593,80.0
point_gbdt_safety,FOODS_3_265_WI_2,1655.4410750141406,1655.4410750141406,0.0,0.0,1.0,1.0,0.0,21.223603525822316,68.0
point_gbdt_safety,FOODS_3_270_WI_3,1530.9285937347586,1530.9285937347586,0.0,0.0,1.0,1.0,0.0,19.627289663266136,31.0
point_gbdt_safety,FOODS_3_271_WI_2,1960.5198396558071,1960.5198396558071,0.0,0.0,1.0,1.0,0.0,25.134869739177013,49.0
point_gbdt_safety,FOODS_3_277_CA_4,1521.8484169243045,1485.2146764423667,36.633740481937735,0.0,0.9095463197976846,0.9358974358974359,0.0641025641025641,19.04121380054316,81.0
point_gbdt_safety,FOODS_3_278_WI_2,2260.1097656928705,1900.435812538202,359.6739531546682,0.0,0.8368825609275881,0.8333333333333334,0.16666666666666666,24.36456169920772,441.0
point_gbdt_safety,FOODS_3_279_TX_3,1593.6604402935131,1593.6604402935131,0.0,0.0,1.0,1.0,0.0,20.43154410632709,14.0
point_gbdt_safety,FOODS_3_280_WI_3,1395.3908723453615,1392.710111633035,2.680760712326453,0.0,0.9912106206153231,0.9871794871794872,0.01282051282051282,17.855257841449166,61.0
point_gbdt_safety,FOODS_3_282_WI_3,14823.994687708095,12052.033103940319,2771.9615837677748,0.0,0.7571649948517061,0.7564102564102564,0.24358974358974358,154.51324492231177,2283.0
point_gbdt_safety,FOODS_3_286_TX_3,1652.6245166104559,1652.6245166104559,0.0,0.0,1.0,1.0,0.0,21.187493802698153,34.0
point_gbdt_safety,FOODS_3_286_WI_3,1586.2410831915245,1586.2410831915245,0.0,0.0,1.0,1.0,0.0,20.336424143481082,69.0
point_gbdt_safety,FOODS_3_289_TX_3,1613.5837842145652,1613.5837842145652,0.0,0.0,1.0,1.0,0.0,20.686971592494427,19.0
point_gbdt_safety,FOODS_3_295_TX_1,3813.1886376389593,2700.608624293789,1112.5800133451705,0.0,0.6737302013650526,0.7564102564102564,0.24358974358974358,34.623187490946016,682.0
point_gbdt_safety,FOODS_3_296_CA_4,1627.878758963867,1627.878758963867,0.0,0.0,1.0,1.0,0.0,20.870240499536756,62.0
point_gbdt_safety,FOODS_3_300_WI_2,2287.1778815998514,1622.5002648741226,664.6776167257287,0.0,0.5819637630655795,0.7564102564102564,0.24358974358974358,20.801285447104135,318.0
point_gbdt_safety,FOODS_3_302_CA_4,2357.0439625755525,2202.3895900715784,154.65437250397395,0.0,0.8498501237825495,0.8589743589743589,0.14102564102564102,28.235763975276647,206.0
point_gbdt_safety,FOODS_3_309_CA_2,1556.0987381282807,1556.0987381282807,0.0,0.0,1.0,1.0,0.0,19.949983822157446,24.0
point_gbdt_safety,FOODS_3_309_WI_1,1663.4891484339128,1663.4891484339128,0.0,0.0,1.0,1.0,0.0,21.326783954280934,27.0
point_gbdt_safety,FOODS_3_316_TX_3,1490.2902649952157,1490.2902649952157,0.0,0.0,1.0,1.0,0.0,19.10628544865661,23.0
point_gbdt_safety,FOODS_3_318_TX_2,4218.065004258621,3437.629216899014,780.4357873596074,0.0,0.7114839972792578,0.7564102564102564,0.24358974358974358,44.072169447423256,541.0
point_gbdt_safety,FOODS_3_331_TX_1,1585.972829382044,1520.0369952926221,65.9358340894218,0.0,0.917061843912677,0.9358974358974359,0.0641025641025641,19.48765378580285,159.0
point_gbdt_safety,FOODS_3_335_TX_1,2275.2998716116676,2275.2998716116676,0.0,0.0,1.0,1.0,0.0,29.170511174508558,5.0
point_gbdt_safety,FOODS_3_337_CA_1,1652.3454650143178,1652.3454650143178,0.0,0.0,1.0,1.0,0.0,21.18391621813228,41.0
point_gbdt_safety,FOODS_3_346_WI_3,1897.5218108840581,1753.5348203697056,143.98699051435267,0.0,0.8635194402707557,0.8717948717948718,0.1282051282051282,22.481215645765456,211.0
point_gbdt_safety,FOODS_3_352_CA_1,1295.9376592598078,1295.9376592598078,0.0,0.0,1.0,1.0,0.0,16.614585375125742,44.0
point_gbdt_safety,FOODS_3_354_WI_2,1565.215352845913,1565.215352845913,0.0,0.0,1.0,1.0,0.0,20.066863498024524,61.0
point_gbdt_safety,FOODS_3_356_CA_1,1609.8770702404818,1580.981857617389,28.89521262309259,0.0,0.9638809842211342,0.9615384615384616,0.038461538461538464,20.268998174581913,160.0
point_gbdt_safety,FOODS_3_356_TX_2,1532.0457400287241,1532.0457400287241,0.0,0.0,1.0,1.0,0.0,19.64161205165031,96.0
point_gbdt_safety,FOODS_3_363_WI_3,1933.6360141918149,1575.122010277625,358.51400391418986,0.0,0.7061360623654181,0.8076923076923077,0.19230769230769232,20.193871926636216,244.0
point_gbdt_safety,FOODS_3_365_TX_1,1613.3335223541553,1613.3335223541553,0.0,0.0,1.0,1.0,0.0,20.683763107104557,19.0
point_gbdt_safety,FOODS_3_367_TX_1,1679.7827028655379,1635.780647375584,44.00205548995391,0.0,0.9137214598236199,0.9871794871794872,0.01282051282051282,20.971546761225436,102.0
point_gbdt_safety,FOODS_3_370_CA_1,2845.032971009959,2845.032971009959,0.0,0.0,1.0,1.0,0.0,36.47478167961486,41.0
point_gbdt_safety,FOODS_3_372_TX_3,1881.0907825299814,1678.2964272401382,202.79435528984322,0.0,0.8915538207006186,0.8846153846153846,0.11538461538461539,21.516620862053053,374.0
point_gbdt_safety,FOODS_3_380_TX_3,1629.069277168571,1629.069277168571,0.0,0.0,1.0,1.0,0.0,20.88550355344322,22.0
point_gbdt_safety,FOODS_3_384_TX_1,1572.280670858782,1572.280670858782,0.0,0.0,1.0,1.0,0.0,20.157444498189513,22.0
point_gbdt_safety,FOODS_3_385_CA_4,1430.864279275867,1430.864279275867,0.0,0.0,1.0,1.0,0.0,18.34441383687009,47.0
point_gbdt_safety,FOODS_3_385_TX_3,1634.783317824966,1634.783317824966,0.0,0.0,1.0,1.0,0.0,20.95876048493546,47.0
point_gbdt_safety,FOODS_3_387_CA_2,1340.5168082419716,1329.7294484250478,10.787359816923825,0.0,0.9568505607323047,0.9743589743589743,0.02564102564102564,17.04781344134677,50.0
point_gbdt_safety,FOODS_3_390_TX_2,1502.407328213958,1468.0168743788302,34.3904538351277,0.0,0.9532102668909829,0.9358974358974359,0.0641025641025641,18.82072915870295,147.0
point_gbdt_safety,FOODS_3_392_WI_2,1414.031455942929,1414.031455942929,0.0,0.0,1.0,1.0,0.0,18.12860840952473,87.0
point_gbdt_safety,FOODS_3_392_WI_3,1490.4890721403629,1448.8868075667126,41.60226457365017,0.0,0.8905203563851313,0.9615384615384616,0.038461538461538464,18.57547189188093,76.0
point_gbdt_safety,FOODS_3_393_CA_3,3646.9676229845954,3075.504258489616,571.4633644949794,0.0,0.8168386652259682,0.8076923076923077,0.19230769230769232,39.4295417755079,624.0
point_gbdt_safety,FOODS_3_398_WI_3,1573.8701625022372,1573.8701625022372,0.0,0.0,1.0,1.0,0.0,20.17782259618253,28.0
point_gbdt_safety,FOODS_3_403_TX_1,2334.542913534528,2100.3093029897736,234.2336105447544,0.0,0.8834658654006198,0.8717948717948718,0.1282051282051282,26.927042346022738,402.0
point_gbdt_safety,FOODS_3_405_TX_3,1702.522635471115,1702.522635471115,0.0,0.0,1.0,1.0,0.0,21.827213275270708,59.0
point_gbdt_safety,FOODS_3_408_TX_2,1801.773432398198,1801.773432398198,0.0,0.0,1.0,1.0,0.0,23.09965938972049,8.0
point_gbdt_safety,FOODS_3_416_CA_4,1512.4020049956496,1512.4020049956496,0.0,0.0,1.0,1.0,0.0,19.38976929481602,98.0
point_gbdt_safety,FOODS_3_416_WI_3,1492.4269210163877,1492.4269210163877,0.0,0.0,1.0,1.0,0.0,19.133678474569074,81.0
point_gbdt_safety,FOODS_3_417_CA_3,1676.156646410054,1676.156646410054,0.0,0.0,1.0,1.0,0.0,21.48918777448787,72.0
point_gbdt_safety,FOODS_3_422_CA_1,1755.5087743015054,1755.5087743015054,0.0,0.0,1.0,1.0,0.0,22.506522747455197,116.0
point_gbdt_safety,FOODS_3_423_WI_2,1570.7596679945927,1570.7596679945927,0.0,0.0,1.0,1.0,0.0,20.13794446146914,83.0
point_gbdt_safety,FOODS_3_425_CA_1,1604.3604910836834,1604.3604910836834,0.0,0.0,1.0,1.0,0.0,20.568724244662608,66.0
point_gbdt_safety,FOODS_3_427_WI_3,1788.8053182359754,1788.8053182359754,0.0,0.0,1.0,1.0,0.0,22.933401515845837,17.0
point_gbdt_safety,FOODS_3_428_TX_3,1597.2093509510694,1597.2093509510694,0.0,0.0,1.0,1.0,0.0,20.477042960911145,24.0
point_gbdt_safety,FOODS_3_434_CA_1,1753.2253424296534,1630.4301570054251,122.79518542422824,0.0,0.8746987903834406,0.8974358974358975,0.10256410256410256,20.902950730838786,196.0
point_gbdt_safety,FOODS_3_434_WI_1,1880.2753714720386,1880.2753714720386,0.0,0.0,1.0,1.0,0.0,24.10609450605178,71.0
point_gbdt_safety,FOODS_3_441_TX_2,15631.19999999998,15631.19999999998,0.0,0.0,1.0,1.0,0.0,200.39999999999975,0.0
point_gbdt_safety,FOODS_3_444_CA_4,7410.0,7410.0,0.0,0.0,1.0,1.0,0.0,95.0,0.0
point_gbdt_safety,FOODS_3_444_TX_2,29484.0,29484.0,0.0,0.0,1.0,1.0,0.0,378.0,0.0
point_gbdt_safety,FOODS_3_445_CA_3,2101.0534572151714,2023.1910691389037,77.86238807626788,0.0,0.8754201790779714,0.9487179487179487,0.05128205128205128,25.938347040242355,125.0
point_gbdt_safety,FOODS_3_449_WI_1,1530.4026797833487,1432.8116457805595,97.59103400278924,0.0,0.8756802114614151,0.8974358974358975,0.10256410256410256,18.36938007410974,157.0
point_gbdt_safety,FOODS_3_451_CA_4,1478.6436818359828,1431.4544131276466,47.189268708336094,0.0,0.8951349584259197,0.9743589743589743,0.02564102564102564,18.351979655482648,90.0
point_gbdt_safety,FOODS_3_453_TX_2,1623.113818669976,1623.113818669976,0.0,0.0,1.0,1.0,0.0,20.809151521409948,12.0
point_gbdt_safety,FOODS_3_453_WI_2,1492.0172637060064,1492.0172637060064,0.0,0.0,1.0,1.0,0.0,19.12842645776931,32.0
point_gbdt_safety,FOODS_3_454_CA_1,5040.783646105246,5040.783646105246,0.0,0.0,1.0,1.0,0.0,64.62543136032366,1.0
point_gbdt_safety,FOODS_3_455_TX_1,4595.773352459337,2850.6266219945555,1745.1467304647813,0.0,0.6561287230611269,0.6538461538461539,0.34615384615384615,36.546495153776355,1015.0
point_gbdt_safety,FOODS_3_456_CA_4,1527.5915058091452,1527.5915058091452,0.0,0.0,1.0,1.0,0.0,19.584506484732632,30.0
point_gbdt_safety,FOODS_3_457_TX_3,1550.2681378797502,1550.2681378797502,0.0,0.0,1.0,1.0,0.0,19.875232536919874,15.0
point_gbdt_safety,FOODS_3_458_TX_1,2689.36270836669,2283.815938748912,405.5467696177786,0.0,0.8296021976395889,0.8333333333333334,0.16666666666666666,29.279691522421945,476.0
point_gbdt_safety,FOODS_3_458_WI_1,2097.234820177759,1857.1440200388329,240.09080013892606,0.0,0.8595960233105696,0.8076923076923077,0.19230769230769232,23.809538718446575,342.0
point_gbdt_safety,FOODS_3_464_TX_2,1665.1678700813586,1665.1678700813586,0.0,0.0,1.0,1.0,0.0,21.348306026684085,31.0
point_gbdt_safety,FOODS_3_465_CA_3,1479.1401854536641,1479.1401854536641,0.0,0.0,1.0,1.0,0.0,18.963335710944413,49.0
point_gbdt_safety,FOODS_3_465_TX_2,1646.1252392170268,1646.1252392170268,0.0,0.0,1.0,1.0,0.0,21.104169733551625,27.0
point_gbdt_safety,FOODS_3_465_WI_3,1496.6690917996289,1481.8576635522948,14.811428247334177,0.0,0.9522211992021478,0.9871794871794872,0.01282051282051282,18.99817517374737,62.0
point_gbdt_safety,FOODS_3_468_TX_2,1770.5790131511064,1770.5790131511064,0.0,0.0,1.0,1.0,0.0,22.699730937834698,166.0
point_gbdt_safety,FOODS_3_471_WI_3,1617.9369665215797,1617.9369665215797,0.0,0.0,1.0,1.0,0.0,20.742781622071536,45.0
point_gbdt_safety,FOODS_3_472_CA_1,1449.2705329758064,1449.2705329758064,0.0,0.0,1.0,1.0,0.0,18.580391448407774,39.0
point_gbdt_safety,FOODS_3_474_CA_1,1775.5760425923277,1364.6120291703598,410.9640134219678,0.0,0.7390704676685919,0.8461538461538461,0.15384615384615385,17.495026015004612,315.0
point_gbdt_safety,FOODS_3_476_TX_3,1788.4751472763553,1602.6714001250664,185.80374715128895,0.0,0.8565222029719777,0.8589743589743589,0.14102564102564102,20.547069232372646,259.0
point_gbdt_safety,FOODS_3_479_CA_3,2222.0304466112466,2163.850341677949,58.180104933297514,0.0,0.9272748688333781,0.9230769230769231,0.07692307692307693,27.741671047153194,160.0
point_gbdt_safety,FOODS_3_479_TX_2,1879.542373728034,1879.542373728034,0.0,0.0,1.0,1.0,0.0,24.096697099077357,114.0
point_gbdt_safety,FOODS_3_479_TX_3,1640.722650418572,1622.791555611194,17.931094807377868,0.0,0.9637755660457014,0.9743589743589743,0.02564102564102564,20.805019943733257,99.0
point_gbdt_safety,FOODS_3_481_TX_2,1550.0314474452862,1550.0314474452862,0.0,0.0,1.0,1.0,0.0,19.872198044170336,32.0
point_gbdt_safety,FOODS_3_498_TX_1,3151.1492536911082,2704.2191004573115,446.93015323379666,0.0,0.7224036315318033,0.9743589743589743,0.02564102564102564,34.66947564688861,322.0
point_gbdt_safety,FOODS_3_499_TX_1,3699.2294966482705,2704.806514149119,994.4229824991519,0.0,0.7600909571775266,0.7692307692307693,0.23076923076923078,34.67700659165537,829.0
point_gbdt_safety,FOODS_3_502_TX_2,1727.7006228117734,1481.842433143985,245.85818966778845,0.0,0.7647290051025948,0.8333333333333334,0.16666666666666666,18.997979912102373,209.0
point_gbdt_safety,FOODS_3_511_CA_1,7642.193883499936,5016.679352537983,2625.5145309619534,0.0,0.7133717760958566,0.717948717948718,0.28205128205128205,64.31640195561516,1832.0
point_gbdt_safety,FOODS_3_511_WI_2,4004.0773054379874,2551.0636653409356,1453.0136400970518,0.0,0.6040834768127924,0.6794871794871795,0.32051282051282054,32.70594442744789,734.0
point_gbdt_safety,FOODS_3_512_CA_1,1671.8061410604262,1671.8061410604262,0.0,0.0,1.0,1.0,0.0,21.43341206487726,12.0
point_gbdt_safety,FOODS_3_513_CA_1,1411.6158758303238,1390.4614149290642,21.15446090125964,0.0,0.9691175753266281,0.9743589743589743,0.02564102564102564,17.826428396526463,137.0
point_gbdt_safety,FOODS_3_514_CA_2,1898.6340942780644,1670.6585573882658,227.97553688979872,0.0,0.7936872969323088,0.8205128205128205,0.1794871794871795,21.418699453695716,221.0
point_gbdt_safety,FOODS_3_515_CA_1,1829.5188910255242,1672.286674904693,157.23221612083123,0.0,0.8344924040833356,0.8717948717948718,0.1282051282051282,21.439572755188372,190.0
point_gbdt_safety,FOODS_3_517_TX_1,1609.0918796138665,1609.0918796138665,0.0,0.0,1.0,1.0,0.0,20.629383071972647,17.0
point_gbdt_safety,FOODS_3_517_TX_3,1584.0586765400726,1584.0586765400726,0.0,0.0,1.0,1.0,0.0,20.308444571026573,17.0
point_gbdt_safety,FOODS_3_525_CA_4,1584.8281342492824,1584.8281342492824,0.0,0.0,1.0,1.0,0.0,20.318309413452337,39.0
point_gbdt_safety,FOODS_3_531_CA_3,1649.1122453010655,1649.1122453010655,0.0,0.0,1.0,1.0,0.0,21.142464683346994,57.0
point_gbdt_safety,FOODS_3_532_TX_3,1819.6306601445754,1810.4154387373171,9.215221407258198,0.0,0.9873764090311532,0.9871794871794872,0.01282051282051282,23.210454342786118,146.0
point_gbdt_safety,FOODS_3_532_WI_1,2217.160453543062,1962.987000508943,254.17345303411872,0.0,0.892753817285182,0.8717948717948718,0.1282051282051282,25.16650000652491,474.0
point_gbdt_safety,FOODS_3_533_TX_3,1627.2666442135792,1627.2666442135792,0.0,0.0,1.0,1.0,0.0,20.862392874533068,110.0
point_gbdt_safety,FOODS_3_533_WI_3,1700.1729901449535,1700.1729901449535,0.0,0.0,1.0,1.0,0.0,21.797089617242992,182.0
point_gbdt_safety,FOODS_3_538_WI_1,1888.035017126405,1888.035017126405,0.0,0.0,1.0,1.0,0.0,24.205577142646217,152.0
point_gbdt_safety,FOODS_3_544_TX_2,1562.9578133418108,1562.9578133418108,0.0,0.0,1.0,1.0,0.0,20.03792068386937,59.0
point_gbdt_safety,FOODS_3_545_CA_2,1694.5651563889671,1694.5651563889671,0.0,0.0,1.0,1.0,0.0,21.725194312679065,41.0
point_gbdt_safety,FOODS_3_546_CA_1,3068.7235917547696,2588.0532874580717,480.67030429669785,0.0,0.6976916325178001,0.782051282051282,0.21794871794871795,33.18017035202656,318.0
point_gbdt_safety,FOODS_3_546_CA_3,2472.4075104883086,2210.4408525240306,261.96665796427794,0.0,0.8320726551511038,0.8846153846153846,0.11538461538461539,28.338985288769624,312.0
point_gbdt_safety,FOODS_3_550_TX_1,1644.3511784124596,1644.3511784124596,0.0,0.0,1.0,1.0,0.0,21.0814253642623,14.0
point_gbdt_safety,FOODS_3_555_CA_3,9352.283266374145,6683.987246764481,2668.2960196096633,0.0,0.7644928491077084,0.7692307692307693,0.23076923076923078,85.69214418928821,2266.0
point_gbdt_safety,FOODS_3_558_CA_4,1606.993614664102,1606.993614664102,0.0,0.0,1.0,1.0,0.0,20.60248223928336,0.0
point_gbdt_safety,FOODS_3_563_WI_1,2176.1441467621044,2176.1441467621044,0.0,0.0,1.0,1.0,0.0,27.899283932847492,11.0
point_gbdt_safety,FOODS_3_573_WI_2,2094.2015234103824,2052.6034014548122,41.59812195557027,0.0,0.9459764649927659,0.9743589743589743,0.02564102564102564,26.315428223779644,154.0
point_gbdt_safety,FOODS_3_575_CA_1,1555.8260871841514,1555.8260871841514,0.0,0.0,1.0,1.0,0.0,19.94648829723271,52.0
point_gbdt_safety,FOODS_3_575_WI_1,1483.893239416831,1483.893239416831,0.0,0.0,1.0,1.0,0.0,19.02427230021578,42.0
point_gbdt_safety,FOODS_3_575_WI_2,1500.919996720101,1500.919996720101,0.0,0.0,1.0,1.0,0.0,19.242564060514116,40.0
point_gbdt_safety,FOODS_3_578_WI_1,6341.377669198166,6341.377669198166,0.0,0.0,1.0,1.0,0.0,81.29971370766879,0.0
point_gbdt_safety,FOODS_3_580_CA_1,3134.111819926726,2917.210374342846,216.90144558388,0.0,0.8472525031099437,0.8974358974358975,0.10256410256410256,37.400133004395464,284.0
point_gbdt_safety,FOODS_3_580_CA_3,5073.870912331467,4488.021665192192,585.8492471392744,0.0,0.7951576058953586,0.8076923076923077,0.19230769230769232,57.538739297335795,572.0
point_gbdt_safety,FOODS_3_582_CA_1,1407.259624845752,1342.6421791636274,64.6174456821245,0.0,0.8041895585390167,0.9358974358974359,0.0641025641025641,17.213361271328555,66.0
point_gbdt_safety,FOODS_3_585_WI_1,1413.43941558271,1413.43941558271,0.0,0.0,1.0,1.0,0.0,18.12101814849628,50.0
point_gbdt_safety,FOODS_3_588_WI_3,1706.3792037647129,1706.3792037647129,0.0,0.0,1.0,1.0,0.0,21.87665645852196,91.0
point_gbdt_safety,FOODS_3_596_WI_1,1554.640620171617,1475.6596754967818,78.98094467483529,0.0,0.9006528997800813,0.9230769230769231,0.07692307692307693,18.91871378842028,159.0
point_gbdt_safety,FOODS_3_599_TX_3,2475.3768404795983,2475.3768404795983,0.0,0.0,1.0,1.0,0.0,31.73560051896921,2.0
point_gbdt_safety,FOODS_3_605_WI_3,1508.634062962504,1508.634062962504,0.0,0.0,1.0,1.0,0.0,19.34146234567313,38.0
point_gbdt_safety,FOODS_3_606_TX_3,1577.6719703244917,1569.768231849145,7.903738475346707,0.0,0.9756808046912409,0.9743589743589743,0.02564102564102564,20.125233741655705,65.0
point_gbdt_safety,FOODS_3_608_CA_3,1793.2493843659006,1793.2493843659006,0.0,0.0,1.0,1.0,0.0,22.990376722639752,51.0
point_gbdt_safety,FOODS_3_610_TX_1,1935.5207872716842,1935.5207872716842,0.0,0.0,1.0,1.0,0.0,24.814369067585694,16.0
point_gbdt_safety,FOODS_3_615_CA_4,1585.8513226116486,1585.8513226116486,0.0,0.0,1.0,1.0,0.0,20.331427212969853,94.0
point_gbdt_safety,FOODS_3_618_WI_3,2392.245081136813,2094.147046316916,298.09803481989695,0.0,0.6593165316344035,0.9230769230769231,0.07692307692307693,26.84803905534508,175.0
point_gbdt_safety,FOODS_3_625_TX_1,1678.1710600255433,1678.1710600255433,0.0,0.0,1.0,1.0,0.0,21.515013590071067,4.0
point_gbdt_safety,FOODS_3_626_WI_1,1641.1078875438966,1641.1078875438966,0.0,0.0,1.0,1.0,0.0,21.03984471210124,19.0
point_gbdt_safety,FOODS_3_626_WI_2,1652.0820511224392,1652.0820511224392,0.0,0.0,1.0,1.0,0.0,21.18053911695435,20.0
point_gbdt_safety,FOODS_3_628_WI_1,2388.6606527365525,1949.2373040823675,439.42334865418513,0.0,0.73448740262587,0.8076923076923077,0.19230769230769232,24.99022184720984,331.0
point_gbdt_safety,FOODS_3_633_WI_1,1893.0978763809967,1893.0978763809967,0.0,0.0,1.0,1.0,0.0,24.270485594628163,64.0
point_gbdt_safety,FOODS_3_634_CA_4,2426.5906071060494,2258.4356481066134,168.15495899943608,0.0,0.8518458511018184,0.8846153846153846,0.11538461538461539,28.95430318085402,227.0
point_gbdt_safety,FOODS_3_638_TX_3,1568.158164642609,1568.158164642609,0.0,0.0,1.0,1.0,0.0,20.104591854392424,52.0
point_gbdt_safety,FOODS_3_640_WI_2,1902.4065540902266,1902.4065540902266,0.0,0.0,1.0,1.0,0.0,24.389827616541368,82.0
point_gbdt_safety,FOODS_3_642_TX_3,1764.1140919946874,1764.1140919946874,0.0,0.0,1.0,1.0,0.0,22.616847333265223,57.0
point_gbdt_safety,FOODS_3_644_WI_2,1877.1345458317778,1877.1345458317778,0.0,0.0,1.0,1.0,0.0,24.06582751066382,10.0
point_gbdt_safety,FOODS_3_646_CA_2,1392.889027766516,1320.5146233086366,72.37440445787942,0.0,0.7587519851404019,0.8974358974358975,0.10256410256410256,16.929674657803034,60.0
point_gbdt_safety,FOODS_3_646_WI_3,1446.6615982660094,1356.1092140687458,90.5523841972635,0.0,0.7918335995465207,0.8717948717948718,0.1282051282051282,17.38601556498392,87.0
point_gbdt_safety,FOODS_3_651_CA_2,1662.9605196428327,1486.8667903606515,176.0937292821812,0.0,0.8785560487709095,0.8589743589743589,0.14102564102564102,19.06239474821348,290.0
point_gbdt_safety,FOODS_3_657_CA_4,1763.488529793615,1763.488529793615,0.0,0.0,1.0,1.0,0.0,22.608827305046347,48.0
point_gbdt_safety,FOODS_3_658_WI_1,1674.900644430594,1643.199061629813,31.701582800780983,0.0,0.915462445864584,0.9615384615384616,0.038461538461538464,21.066654636279655,75.0
point_gbdt_safety,FOODS_3_658_WI_3,1571.8268038932652,1571.8268038932652,0.0,0.0,1.0,1.0,0.0,20.151625690939298,38.0
point_gbdt_safety,FOODS_3_662_WI_2,1655.6029866364456,1655.6029866364456,0.0,0.0,1.0,1.0,0.0,21.225679315851867,11.0
point_gbdt_safety,FOODS_3_663_CA_1,3462.117715756845,3462.117715756845,0.0,0.0,1.0,1.0,0.0,44.386124560985195,0.0
point_gbdt_safety,FOODS_3_663_TX_2,1508.8081845121387,1501.4166430763644,7.3915414357744424,0.0,0.9824010918195847,0.9743589743589743,0.02564102564102564,19.248931321491852,84.0
point_gbdt_safety,FOODS_3_667_TX_3,1624.131004106276,1624.131004106276,0.0,0.0,1.0,1.0,0.0,20.82219236033687,13.0
point_gbdt_safety,FOODS_3_668_WI_3,3572.6958711388606,2929.990528642244,642.7053424966166,0.0,0.8229461866400505,0.8205128205128205,0.1794871794871795,37.563981136439025,726.0
point_gbdt_safety,FOODS_3_669_TX_1,1969.6889458165017,1818.632896817914,151.0560489985878,0.0,0.8273645154301854,0.8846153846153846,0.11538461538461539,23.315806369460436,175.0
point_gbdt_safety,FOODS_3_670_CA_4,1766.6128683517534,1766.6128683517534,0.0,0.0,1.0,1.0,0.0,22.64888292758658,21.0
point_gbdt_safety,FOODS_3_672_TX_2,4148.604120414933,2772.443982232083,1376.1601381828502,0.0,0.6533601667045718,0.6410256410256411,0.358974358974359,35.544153618360035,794.0
point_gbdt_safety,FOODS_3_677_WI_2,1617.5738093011369,1617.5738093011369,0.0,0.0,1.0,1.0,0.0,20.738125760270986,76.0
point_gbdt_safety,FOODS_3_691_WI_1,1777.0626105025801,1777.0626105025801,0.0,0.0,1.0,1.0,0.0,22.782853980802308,31.0
point_gbdt_safety,FOODS_3_693_WI_2,1708.8608690471515,1708.8608690471515,0.0,0.0,1.0,1.0,0.0,21.908472680091684,7.0
point_gbdt_safety,FOODS_3_694_WI_3,13674.603752630423,9529.54606847214,4145.057684158282,0.0,0.7681086610261101,0.7564102564102564,0.24358974358974358,122.17366754451461,3575.0
point_gbdt_safety,FOODS_3_705_TX_2,1636.3532995809815,1636.3532995809815,0.0,0.0,1.0,1.0,0.0,20.97888845616643,47.0
point_gbdt_safety,FOODS_3_711_CA_3,7610.965815641419,5841.550314505492,1769.4155011359276,0.0,0.6667767417823112,0.782051282051282,0.21794871794871795,74.89167069878836,1062.0
point_gbdt_safety,FOODS_3_712_CA_3,1844.2952579427642,1679.9068377880465,164.38842015471772,0.0,0.8019416624641954,0.8974358974358975,0.10256410256410256,21.537267151128802,166.0
point_gbdt_safety,FOODS_3_718_TX_1,1613.8924117703127,1613.8924117703127,0.0,0.0,1.0,1.0,0.0,20.69092835602965,6.0
point_gbdt_safety,FOODS_3_723_WI_3,10462.538785178109,7395.374247720165,3067.164537457944,0.0,0.7414947713899752,0.717948717948718,0.28205128205128205,94.81249035538673,2373.0
point_gbdt_safety,FOODS_3_727_WI_3,1922.2628852147877,1637.164833661796,285.09805155299176,0.0,0.8027003103439503,0.7948717948717948,0.20512820512820512,20.989292739253795,289.0
point_gbdt_safety,FOODS_3_730_CA_3,1657.6999122900947,1657.6999122900947,0.0,0.0,1.0,1.0,0.0,21.25256297807814,99.0
point_gbdt_safety,FOODS_3_734_TX_1,3376.617347685381,3182.2726861893298,194.3446614960513,0.0,0.9245263450500771,0.8717948717948718,0.1282051282051282,40.79836777165807,515.0
point_gbdt_safety,FOODS_3_735_CA_4,1565.045177791248,1565.045177791248,0.0,0.0,1.0,1.0,0.0,20.06468176655446,28.0
point_gbdt_safety,FOODS_3_745_TX_3,1877.3913728708123,1877.3913728708123,0.0,0.0,1.0,1.0,0.0,24.069120165010414,0.0
point_gbdt_safety,FOODS_3_746_CA_4,1762.2892825243691,1684.318333866721,77.97094865764798,0.0,0.9066216183740744,0.9102564102564102,0.08974358974358974,21.59382479316309,167.0
point_gbdt_safety,FOODS_3_749_CA_1,2272.46034801403,2262.204739430812,10.255608583218034,0.0,0.971110961737414,0.9871794871794872,0.01282051282051282,29.00262486449759,71.0
point_gbdt_safety,FOODS_3_750_CA_2,1690.5753783820226,1487.0138243370782,203.56155404494433,0.0,0.4012895469266343,0.8205128205128205,0.1794871794871795,19.06427979919331,68.0
point_gbdt_safety,FOODS_3_753_TX_2,1700.820232845313,1632.6832321929987,68.13700065231444,0.0,0.9341671491281986,0.9487179487179487,0.05128205128205128,20.931836310166652,207.0
point_gbdt_safety,FOODS_3_755_TX_3,1741.5736725837294,1707.6408817732633,33.93279081046604,0.0,0.9347446330567961,0.9743589743589743,0.02564102564102564,21.89283181760594,104.0
point_gbdt_safety,FOODS_3_756_WI_3,2594.321260209643,1918.8973160367423,675.4239441729003,0.0,0.7382077735763952,0.7435897435897436,0.2564102564102564,24.601247641496695,516.0
point_gbdt_safety,FOODS_3_757_CA_3,9621.0,9076.0,545.0,0.0,0.6279863481228669,0.8846153846153846,0.11538461538461539,116.35897435897436,293.0
point_gbdt_safety,FOODS_3_763_TX_2,1531.303311355157,1531.303311355157,0.0,0.0,1.0,1.0,0.0,19.632093735322524,10.0
point_gbdt_safety,FOODS_3_766_TX_3,1576.9204366103017,1576.9204366103017,0.0,0.0,1.0,1.0,0.0,20.216928674491047,17.0
point_gbdt_safety,FOODS_3_768_CA_2,1429.4149853075255,1312.8055064052087,116.6094789023169,0.0,0.8577933184118086,0.8461538461538461,0.15384615384615385,16.830839825707805,164.0
point_gbdt_safety,FOODS_3_770_WI_3,1694.7238290779617,1694.7238290779617,0.0,0.0,1.0,1.0,0.0,21.727228577922585,47.0
point_gbdt_safety,FOODS_3_774_WI_2,1624.1575154827556,1624.1575154827556,0.0,0.0,1.0,1.0,0.0,20.822532249778916,49.0
point_gbdt_safety,FOODS_3_779_CA_1,1748.0976562901083,1748.0976562901083,0.0,0.0,1.0,1.0,0.0,22.411508413975746,27.0
point_gbdt_safety,FOODS_3_783_CA_1,2305.917293852184,2072.2074887498343,233.70980510234938,0.0,0.8566197514709513,0.8717948717948718,0.1282051282051282,26.566762676279925,326.0
point_gbdt_safety,FOODS_3_783_TX_3,6171.59999999999,6171.59999999999,0.0,0.0,1.0,1.0,0.0,79.1230769230768,96.0
point_gbdt_safety,FOODS_3_786_CA_2,1502.365273534481,1472.7169841289526,29.648289405528345,0.0,0.9164836918154131,0.9615384615384616,0.038461538461538464,18.880986976012213,71.0
point_gbdt_safety,FOODS_3_788_WI_2,1648.714474435033,1606.530518902577,42.18395553245621,0.0,0.9429946546858701,0.9487179487179487,0.05128205128205128,20.5965451141356,148.0
point_gbdt_safety,FOODS_3_791_CA_4,1609.0161800129013,1609.0161800129013,0.0,0.0,1.0,1.0,0.0,20.628412564267965,53.0
point_gbdt_safety,FOODS_3_791_WI_2,2159.443222886142,2159.443222886142,0.0,0.0,1.0,1.0,0.0,27.68516952418131,37.0
point_gbdt_safety,FOODS_3_792_CA_1,1659.0003139500848,1575.4797885583207,83.52052539176415,0.0,0.8962477945443924,0.9230769230769231,0.07692307692307693,20.198458827670777,161.0
point_gbdt_safety,FOODS_3_793_WI_1,1584.7681847403069,1578.9910560300757,5.7771287102311675,0.0,0.9948187186455325,0.9871794871794872,0.01282051282051282,20.243475077308663,223.0
point_gbdt_safety,FOODS_3_795_WI_2,2237.480364242092,2088.207858886279,149.27250535581288,0.0,0.8933767818887051,0.8717948717948718,0.1282051282051282,26.77189562674717,280.0
point_gbdt_safety,FOODS_3_799_TX_1,1642.555852649698,1642.555852649698,0.0,0.0,1.0,1.0,0.0,21.05840836730382,6.0
point_gbdt_safety,FOODS_3_802_WI_3,1639.213315597335,1639.213315597335,0.0,0.0,1.0,1.0,0.0,21.01555532817096,30.0
point_gbdt_safety,FOODS_3_805_TX_1,1589.9867580750413,1585.1433084865928,4.843449588448578,0.0,0.9919275840192524,0.9871794871794872,0.01282051282051282,20.32235010880247,120.0
point_gbdt_safety,FOODS_3_806_CA_1,1746.0527426158465,1746.0527426158465,0.0,0.0,1.0,1.0,0.0,22.38529157199803,21.0
point_gbdt_safety,FOODS_3_806_CA_4,1690.152197420557,1690.152197420557,0.0,0.0,1.0,1.0,0.0,21.668617915648166,10.0
point_gbdt_safety,FOODS_3_809_CA_1,1644.8177920305016,1459.6178030255835,185.19998900491814,0.0,0.7997837956703587,0.8846153846153846,0.11538461538461539,18.71304875673825,185.0
point_gbdt_safety,FOODS_3_810_WI_2,1720.1596026090588,1720.1596026090588,0.0,0.0,1.0,1.0,0.0,22.053328238577677,46.0
point_gbdt_safety,FOODS_3_813_TX_1,1493.9056878749598,1493.9056878749598,0.0,0.0,1.0,1.0,0.0,19.152637024037947,27.0
point_gbdt_safety,FOODS_3_814_CA_3,1903.3489433924285,1799.3076074815692,104.04133591085926,0.0,0.8984962576479422,0.9102564102564102,0.08974358974358974,23.068046249763707,205.0
point_gbdt_safety,FOODS_3_818_CA_3,2571.3459172777584,2478.2913787598286,93.05453851792976,0.0,0.9533561210436444,0.9358974358974359,0.0641025641025641,31.77296639435678,399.0
point_gbdt_safety,FOODS_3_821_TX_2,1470.722469167718,1470.722469167718,0.0,0.0,1.0,1.0,0.0,18.855416271381,52.0
point_gbdt_safety,FOODS_3_824_TX_3,1524.9085939173467,1524.9085939173467,0.0,0.0,1.0,1.0,0.0,19.550110178427524,5.0
point_gbdt_safety,HOBBIES_1_004_WI_3,2349.2520182576686,2349.2520182576686,0.0,0.0,1.0,1.0,0.0,30.11861561868806,134.0
point_gbdt_safety,HOBBIES_1_005_WI_1,1588.2668408752336,1588.2668408752336,0.0,0.0,1.0,1.0,0.0,20.362395395836327,64.0
point_gbdt_safety,HOBBIES_1_009_CA_1,1739.9594655949109,1739.9594655949109,0.0,0.0,1.0,1.0,0.0,22.307172635832192,28.0
point_gbdt_safety,HOBBIES_1_009_CA_4,2340.250708915995,2340.250708915995,0.0,0.0,1.0,1.0,0.0,30.00321421687173,136.0
point_gbdt_safety,HOBBIES_1_010_CA_3,1499.6213358449015,1499.6213358449015,0.0,0.0,1.0,1.0,0.0,19.225914562114124,50.0
point_gbdt_safety,HOBBIES_1_012_TX_2,1535.373468848344,1535.373468848344,0.0,0.0,1.0,1.0,0.0,19.684275241645434,20.0
point_gbdt_safety,HOBBIES_1_023_CA_3,1380.7731264178349,1236.283998188477,144.4891282293579,0.0,0.7935869596723458,0.8974358974358975,0.10256410256410256,15.849794848570218,140.0
point_gbdt_safety,HOBBIES_1_026_CA_4,1499.0654052322463,1499.0654052322463,0.0,0.0,1.0,1.0,0.0,19.21878724656726,59.0
point_gbdt_safety,HOBBIES_1_027_CA_1,1594.9079357492424,1594.9079357492424,0.0,0.0,1.0,1.0,0.0,20.4475376378108,34.0
point_gbdt_safety,HOBBIES_1_028_WI_3,1514.1967158265784,1514.1967158265784,0.0,0.0,1.0,1.0,0.0,19.412778408033056,25.0
point_gbdt_safety,HOBBIES_1_029_WI_3,1555.2849632748687,1555.2849632748687,0.0,0.0,1.0,1.0,0.0,19.939550811216264,15.0
point_gbdt_safety,HOBBIES_1_030_WI_2,1680.117056318816,1670.5578159522822,9.559240366533643,0.0,0.9787572436299252,0.9871794871794872,0.01282051282051282,21.41740789682413,90.0
point_gbdt_safety,HOBBIES_1_032_CA_2,3915.6456973649993,3199.164763071869,716.4809342931301,0.0,0.7422730452182985,0.8205128205128205,0.1794871794871795,41.01493285989576,556.0
point_gbdt_safety,HOBBIES_1_043_TX_2,1662.9687565530382,1662.9687565530382,0.0,0.0,1.0,1.0,0.0,21.32011226350049,86.0
point_gbdt_safety,HOBBIES_1_043_WI_3,1958.5834211405122,1741.973501019552,216.60992012096017,0.0,0.7683316362342671,0.8589743589743589,0.14102564102564102,22.33299360281477,187.0
point_gbdt_safety,HOBBIES_1_045_CA_4,1669.8114276751535,1669.8114276751535,0.0,0.0,1.0,1.0,0.0,21.40783881634812,14.0
point_gbdt_safety,HOBBIES_1_050_TX_3,1318.6376693437335,1318.6376693437335,0.0,0.0,1.0,1.0,0.0,16.90561114543248,42.0
point_gbdt_safety,HOBBIES_1_054_CA_4,1502.825026934302,1502.825026934302,0.0,0.0,1.0,1.0,0.0,19.266987524798743,13.0
point_gbdt_safety,HOBBIES_1_057_WI_1,1598.2302254168758,1598.2302254168758,0.0,0.0,1.0,1.0,0.0,20.490131095088152,68.0
point_gbdt_safety,HOBBIES_1_061_CA_4,1554.80418985952,1554.80418985952,0.0,0.0,1.0,1.0,0.0,19.933387049481023,10.0
point_gbdt_safety,HOBBIES_1_065_CA_4,1556.4296254985566,1556.4296254985566,0.0,0.0,1.0,1.0,0.0,19.954225967930213,7.0
point_gbdt_safety,HOBBIES_1_070_WI_2,1513.1268997582038,1513.1268997582038,0.0,0.0,1.0,1.0,0.0,19.39906281741287,10.0
point_gbdt_safety,HOBBIES_1_073_CA_2,1498.8497242511278,1497.0938916350512,1.7558326160764537,0.0,0.9938391838032405,0.9871794871794872,0.01282051282051282,19.193511431218607,57.0
point_gbdt_safety,HOBBIES_1_074_TX_2,1506.0400029408263,1506.0400029408263,0.0,0.0,1.0,1.0,0.0,19.308205165908028,69.0
point_gbdt_safety,HOBBIES_1_086_CA_3,1563.3284179078628,1552.9296304180184,10.398787489844494,0.0,0.9812634459642442,0.9743589743589743,0.02564102564102564,19.90935423612844,111.0
point_gbdt_safety,HOBBIES_1_092_CA_3,1498.6146223496314,1498.6146223496314,0.0,0.0,1.0,1.0,0.0,19.21300797884143,33.0
point_gbdt_safety,HOBBIES_1_092_TX_1,1576.9093015815288,1576.9093015815288,0.0,0.0,1.0,1.0,0.0,20.216785917711906,29.0
point_gbdt_safety,HOBBIES_1_103_CA_2,2369.6356742008084,2040.8632511935464,328.77242300726175,0.0,0.8115917346663257,0.8589743589743589,0.14102564102564102,26.164913476840336,349.0
point_gbdt_safety,HOBBIES_1_106_TX_3,1579.8343798581368,1579.8343798581368,0.0,0.0,1.0,1.0,0.0,20.254286921258164,31.0
point_gbdt_safety,HOBBIES_1_106_WI_3,1594.1451679288218,1594.1451679288218,0.0,0.0,1.0,1.0,0.0,20.437758563190023,11.0
point_gbdt_safety,HOBBIES_1_107_WI_2,1596.7711751566785,1596.7711751566785,0.0,0.0,1.0,1.0,0.0,20.47142532252152,50.0
point_gbdt_safety,HOBBIES_1_108_CA_3,1699.7579793601744,1699.7579793601744,0.0,0.0,1.0,1.0,0.0,21.79176896615608,65.0
point_gbdt_safety,HOBBIES_1_109_CA_3,1684.473063357322,1684.473063357322,0.0,0.0,1.0,1.0,0.0,21.59580850458105,34.0
point_gbdt_safety,HOBBIES_1_110_CA_3,1640.6038579845087,1640.6038579845087,0.0,0.0,1.0,1.0,0.0,21.03338279467319,21.0
point_gbdt_safety,HOBBIES_1_110_WI_3,1518.1150653059226,1518.1150653059226,0.0,0.0,1.0,1.0,0.0,19.46301365776824,12.0
point_gbdt_safety,HOBBIES_1_113_TX_2,1627.9920224787772,1627.9920224787772,0.0,0.0,1.0,1.0,0.0,20.87169259588176,21.0
point_gbdt_safety,HOBBIES_1_116_CA_1,1432.6915783285249,1432.6915783285249,0.0,0.0,1.0,1.0,0.0,18.3678407478016,49.0
point_gbdt_safety,HOBBIES_1_116_WI_3,1557.7640158078786,1557.7640158078786,0.0,0.0,1.0,1.0,0.0,19.971333535998443,11.0
point_gbdt_safety,HOBBIES_1_117_CA_1,1523.9171373834208,1523.9171373834208,0.0,0.0,1.0,1.0,0.0,19.537399197223344,19.0
point_gbdt_safety,HOBBIES_1_122_WI_3,1650.5273480861702,1650.5273480861702,0.0,0.0,1.0,1.0,0.0,21.160607026745772,8.0
point_gbdt_safety,HOBBIES_1_124_TX_3,1560.580864096073,1560.580864096073,0.0,0.0,1.0,1.0,0.0,20.00744697559068,26.0
point_gbdt_safety,HOBBIES_1_133_WI_1,1536.6190101273887,1536.6190101273887,0.0,0.0,1.0,1.0,0.0,19.700243719581906,0.0
point_gbdt_safety,HOBBIES_1_134_CA_4,1818.6067068167215,1731.8386369390464,86.76806987767499,0.0,0.9238876580020395,0.9102564102564102,0.08974358974358974,22.203059447936493,228.0
point_gbdt_safety,HOBBIES_1_135_WI_1,1594.8748870626425,1594.8748870626425,0.0,0.0,1.0,1.0,0.0,20.447113936700546,51.0
point_gbdt_safety,HOBBIES_1_137_TX_1,1497.402112684421,1497.402112684421,0.0,0.0,1.0,1.0,0.0,19.1974629831336,48.0
point_gbdt_safety,HOBBIES_1_143_WI_1,1446.781309349916,1446.781309349916,0.0,0.0,1.0,1.0,0.0,18.54847832499892,22.0
point_gbdt_safety,HOBBIES_1_151_TX_1,1439.9914793591952,1439.9914793591952,0.0,0.0,1.0,1.0,0.0,18.461429222553786,53.0
point_gbdt_safety,HOBBIES_1_152_CA_1,1682.7482313780474,1682.7482313780474,0.0,0.0,1.0,1.0,0.0,21.57369527407753,70.0
point_gbdt_safety,HOBBIES_1_152_CA_3,1660.5527865637434,1660.5527865637434,0.0,0.0,1.0,1.0,0.0,21.28913828927876,65.0
point_gbdt_safety,HOBBIES_1_155_CA_2,1489.7571409792722,1449.2893111806618,40.467829798610424,0.0,0.9257471012869534,0.9615384615384616,0.038461538461538464,18.58063219462387,109.0
point_gbdt_safety,HOBBIES_1_162_TX_1,1548.8824551960615,1548.8824551960615,0.0,0.0,1.0,1.0,0.0,19.85746737430848,6.0
point_gbdt_safety,HOBBIES_1_162_TX_2,1537.183897248389,1537.183897248389,0.0,0.0,1.0,1.0,0.0,19.707485862158833,26.0
point_gbdt_safety,HOBBIES_1_170_TX_2,1511.1783058386752,1511.1783058386752,0.0,0.0,1.0,1.0,0.0,19.37408084408558,14.0
point_gbdt_safety,HOBBIES_1_173_CA_4,1492.9976463594892,1492.9976463594892,0.0,0.0,1.0,1.0,0.0,19.1409954661473,20.0
point_gbdt_safety,HOBBIES_1_175_WI_1,1583.7093196963428,1583.7093196963428,0.0,0.0,1.0,1.0,0.0,20.3039656371326,12.0
point_gbdt_safety,HOBBIES_1_176_TX_3,1372.9450952052644,1372.9450952052644,0.0,0.0,1.0,1.0,0.0,17.601860194939288,53.0
point_gbdt_safety,HOBBIES_1_184_CA_1,1616.5635966212894,1616.5635966212894,0.0,0.0,1.0,1.0,0.0,20.725174315657558,10.0
point_gbdt_safety,HOBBIES_1_186_TX_1,1523.8959232001941,1523.8959232001941,0.0,0.0,1.0,1.0,0.0,19.53712722051531,12.0
point_gbdt_safety,HOBBIES_1_187_CA_2,1481.7055072834835,1481.7055072834835,0.0,0.0,1.0,1.0,0.0,18.99622445235235,22.0
point_gbdt_safety,HOBBIES_1_190_TX_2,1528.1164287657764,1528.1164287657764,0.0,0.0,1.0,1.0,0.0,19.591236266227902,11.0
point_gbdt_safety,HOBBIES_1_194_TX_3,1688.2280884707504,1688.2280884707504,0.0,0.0,1.0,1.0,0.0,21.64394985218911,118.0
point_gbdt_safety,HOBBIES_1_200_CA_4,1527.287032512017,1527.287032512017,0.0,0.0,1.0,1.0,0.0,19.580602980923295,50.0
point_gbdt_safety,HOBBIES_1_209_CA_3,4462.400026314069,3918.05985625698,544.3401700570893,0.0,0.7759916995649838,0.8333333333333334,0.16666666666666666,50.23153661867923,486.0
point_gbdt_safety,HOBBIES_1_212_CA_2,1597.031009832784,1597.031009832784,0.0,0.0,1.0,1.0,0.0,20.474756536317745,6.0
point_gbdt_safety,HOBBIES_1_232_WI_3,1651.216047895082,1651.216047895082,0.0,0.0,1.0,1.0,0.0,21.16943651147541,48.0
point_gbdt_safety,HOBBIES_1_239_TX_1,1527.2773325374446,1527.2773325374446,0.0,0.0,1.0,1.0,0.0,19.58047862227493,16.0
point_gbdt_safety,HOBBIES_1_240_CA_2,1484.5188075327953,1477.5582218675092,6.960585665286025,0.0,0.9864842996790562,0.9871794871794872,0.01282051282051282,18.943054126506528,103.0
point_gbdt_safety,HOBBIES_1_242_TX_3,1618.2499775360072,1618.2499775360072,0.0,0.0,1.0,1.0,0.0,20.746794583794966,43.0
point_gbdt_safety,HOBBIES_1_245_TX_1,1492.1605944509513,1492.1605944509513,0.0,0.0,1.0,1.0,0.0,19.130264031422453,10.0
point_gbdt_safety,HOBBIES_1_245_WI_1,1482.6546363171249,1482.6546363171249,0.0,0.0,1.0,1.0,0.0,19.00839277329647,32.0
point_gbdt_safety,HOBBIES_1_252_TX_1,1530.9614872087504,1530.9614872087504,0.0,0.0,1.0,1.0,0.0,19.627711374471158,56.0
point_gbdt_safety,HOBBIES_1_257_CA_2,1579.818248413635,1579.818248413635,0.0,0.0,1.0,1.0,0.0,20.254080107867114,19.0
point_gbdt_safety,HOBBIES_1_261_WI_3,2027.1887540678858,1741.9815669665438,285.20718710134213,0.0,0.6813327518420759,0.9615384615384616,0.038461538461538464,22.333097012391587,179.0
point_gbdt_safety,HOBBIES_1_264_TX_2,1498.682623210545,1498.682623210545,0.0,0.0,1.0,1.0,0.0,19.213879784750578,34.0
point_gbdt_safety,HOBBIES_1_267_CA_3,1608.5473645780958,1608.5473645780958,0.0,0.0,1.0,1.0,0.0,20.622402109975585,14.0
point_gbdt_safety,HOBBIES_1_267_WI_2,1533.9575543883168,1533.9575543883168,0.0,0.0,1.0,1.0,0.0,19.666122492157907,6.0
point_gbdt_safety,HOBBIES_1_277_CA_1,1751.8320923659849,1751.8320923659849,0.0,0.0,1.0,1.0,0.0,22.459385799563908,17.0
point_gbdt_safety,HOBBIES_1_279_CA_4,1578.1706097650838,1578.1706097650838,0.0,0.0,1.0,1.0,0.0,20.23295653544979,52.0
point_gbdt_safety,HOBBIES_1_279_TX_3,1520.7108414673648,1520.7108414673648,0.0,0.0,1.0,1.0,0.0,19.49629283932519,71.0
point_gbdt_safety,HOBBIES_1_285_CA_4,1552.781808107785,1552.781808107785,0.0,0.0,1.0,1.0,0.0,19.907459078304935,8.0
point_gbdt_safety,HOBBIES_1_287_WI_1,1628.7409753869506,1628.7409753869506,0.0,0.0,1.0,1.0,0.0,20.881294556242956,38.0
point_gbdt_safety,HOBBIES_1_289_WI_1,1394.7414777542808,1388.0307409852905,6.7107367689902375,0.0,0.9783524620355154,0.9871794871794872,0.01282051282051282,17.795265910067826,62.0
point_gbdt_safety,HOBBIES_1_290_CA_4,1622.9980790408626,1622.9980790408626,0.0,0.0,1.0,1.0,0.0,20.80766768001106,3.0
point_gbdt_safety,HOBBIES_1_296_CA_1,1552.383527498461,1552.383527498461,0.0,0.0,1.0,1.0,0.0,19.902352916646937,36.0
point_gbdt_safety,HOBBIES_1_297_CA_1,1465.9661609201187,1460.6152492831236,5.3509116369950505,0.0,0.9939194185943238,0.9871794871794872,0.01282051282051282,18.725836529270815,176.0
point_gbdt_safety,HOBBIES_1_306_CA_4,1548.5566595603439,1548.5566595603439,0.0,0.0,1.0,1.0,0.0,19.853290507183896,43.0
point_gbdt_safety,HOBBIES_1_306_WI_3,1528.8230958155111,1528.8230958155111,0.0,0.0,1.0,1.0,0.0,19.60029610019886,17.0
point_gbdt_safety,HOBBIES_1_309_WI_1,1423.0383906201462,1423.0383906201462,0.0,0.0,1.0,1.0,0.0,18.244081931027516,16.0
point_gbdt_safety,HOBBIES_1_312_TX_3,1487.0308963260036,1487.0308963260036,0.0,0.0,1.0,1.0,0.0,19.0644986708462,73.0
point_gbdt_safety,HOBBIES_1_319_TX_1,1937.3998149642348,1898.3730359274525,39.026779036782315,0.0,0.9421825495751374,0.9615384615384616,0.038461538461538464,24.33811584522375,135.0
point_gbdt_safety,HOBBIES_1_323_CA_3,1427.1041865527716,1347.2631410749416,79.84104547783005,0.0,0.8669315908702833,0.9102564102564102,0.08974358974358974,17.272604372755662,120.0
point_gbdt_safety,HOBBIES_1_328_TX_1,1565.8864674311699,1565.8864674311699,0.0,0.0,1.0,1.0,0.0,20.075467531168844,7.0
point_gbdt_safety,HOBBIES_1_332_WI_1,1501.9434544842593,1501.9434544842593,0.0,0.0,1.0,1.0,0.0,19.25568531390076,61.0
point_gbdt_safety,HOBBIES_1_333_CA_2,1302.308933693314,1302.308933693314,0.0,0.0,1.0,1.0,0.0,16.696268380683513,64.0
point_gbdt_safety,HOBBIES_1_333_TX_1,1532.9794301729264,1532.9794301729264,0.0,0.0,1.0,1.0,0.0,19.65358243811444,14.0
point_gbdt_safety,HOBBIES_1_334_TX_1,1531.3381555133333,1531.3381555133333,0.0,0.0,1.0,1.0,0.0,19.632540455299143,11.0
point_gbdt_safety,HOBBIES_1_344_CA_3,1682.6804082557012,1682.6804082557012,0.0,0.0,1.0,1.0,0.0,21.572825746867963,92.0
point_gbdt_safety,HOBBIES_1_346_CA_4,1622.8823563406945,1622.8823563406945,0.0,0.0,1.0,1.0,0.0,20.80618405564993,19.0
point_gbdt_safety,HOBBIES_1_348_CA_4,4766.353953308294,3993.0330959806724,773.3208573276213,0.0,0.626415044769265,0.8076923076923077,0.19230769230769232,51.19273199975221,414.0
point_gbdt_safety,HOBBIES_1_352_CA_2,1609.9519671232856,1609.9519671232856,0.0,0.0,1.0,1.0,0.0,20.640409834913918,85.0
point_gbdt_safety,HOBBIES_1_361_CA_4,1499.2514348911313,1499.2514348911313,0.0,0.0,1.0,1.0,0.0,19.22117224219399,30.0
point_gbdt_safety,HOBBIES_1_362_WI_2,1622.5548417617488,1622.5548417617488,0.0,0.0,1.0,1.0,0.0,20.80198515079165,4.0
point_gbdt_safety,HOBBIES_1_367_TX_1,1505.418096735592,1505.418096735592,0.0,0.0,1.0,1.0,0.0,19.300232009430665,52.0
point_gbdt_safety,HOBBIES_1_368_CA_1,1485.0057796330507,1485.0057796330507,0.0,0.0,1.0,1.0,0.0,19.038535636321164,33.0
point_gbdt_safety,HOBBIES_1_372_TX_1,1506.0017376234175,1506.0017376234175,0.0,0.0,1.0,1.0,0.0,19.307714584915608,65.0
point_gbdt_safety,HOBBIES_1_373_TX_1,1511.476420294019,1511.476420294019,0.0,0.0,1.0,1.0,0.0,19.377902824282295,46.0
point_gbdt_safety,HOBBIES_1_374_WI_3,1469.7280722840321,1469.7280722840321,0.0,0.0,1.0,1.0,0.0,18.842667593385027,17.0
point_gbdt_safety,HOBBIES_1_375_WI_1,1452.3763729719394,1452.3763729719394,0.0,0.0,1.0,1.0,0.0,18.62020990989666,8.0
point_gbdt_safety,HOBBIES_1_380_CA_2,1682.055908140073,1682.055908140073,0.0,0.0,1.0,1.0,0.0,21.56481933512914,27.0
point_gbdt_safety,HOBBIES_1_381_TX_2,2140.773694205909,2093.221003599129,47.55269060678046,0.0,0.9701864008734918,0.9615384615384616,0.038461538461538464,26.836166712809344,319.0
point_gbdt_safety,HOBBIES_1_385_CA_1,1541.020898076342,1541.020898076342,0.0,0.0,1.0,1.0,0.0,19.756678180465922,8.0
point_gbdt_safety,HOBBIES_1_386_CA_3,1691.3821404372145,1691.3821404372145,0.0,0.0,1.0,1.0,0.0,21.684386415861724,15.0
point_gbdt_safety,HOBBIES_1_386_WI_3,1583.781600241496,1583.781600241496,0.0,0.0,1.0,1.0,0.0,20.30489231078841,6.0
point_gbdt_safety,HOBBIES_1_389_CA_3,1611.656809431287,1611.656809431287,0.0,0.0,1.0,1.0,0.0,20.662266787580602,21.0
point_gbdt_safety,HOBBIES_1_390_TX_1,1451.8320780253584,1451.8320780253584,0.0,0.0,1.0,1.0,0.0,18.613231769555878,15.0
point_gbdt_safety,HOBBIES_1_393_TX_2,1503.9185932475189,1503.9185932475189,0.0,0.0,1.0,1.0,0.0,19.281007605737422,19.0
point_gbdt_safety,HOBBIES_1_398_TX_3,1735.8692608135252,1735.8692608135252,0.0,0.0,1.0,1.0,0.0,22.254734112993912,34.0
point_gbdt_safety,HOBBIES_1_399_TX_3,1789.3736979986868,1789.3736979986868,0.0,0.0,1.0,1.0,0.0,22.9406884358806,5.0
point_gbdt_safety,HOBBIES_1_400_CA_3,1499.508039779015,1498.1214695514584,1.386570227556696,0.0,0.9968487040282803,0.9871794871794872,0.01282051282051282,19.20668550706998,88.0
point_gbdt_safety,HOBBIES_1_405_TX_3,1524.4161307745526,1524.4161307745526,0.0,0.0,1.0,1.0,0.0,19.5437965483917,9.0
point_gbdt_safety,HOBBIES_1_406_CA_1,1636.945863406846,1636.945863406846,0.0,0.0,1.0,1.0,0.0,20.986485428292898,7.0
point_gbdt_safety,HOBBIES_1_410_TX_1,1562.6712165632578,1562.6712165632578,0.0,0.0,1.0,1.0,0.0,20.034246366195614,5.0
point_gbdt_safety,HOBBIES_1_415_CA_1,1358.5154655292745,1358.5154655292745,0.0,0.0,1.0,1.0,0.0,17.416864942683006,63.0
point_gbdt_safety,HOBBIES_1_418_TX_1,1800.5348328143532,1800.5348328143532,0.0,0.0,1.0,1.0,0.0,23.083779907876323,17.0
point_gbdt_safety,HOBBIES_1_419_CA_4,1568.202858679688,1568.202858679688,0.0,0.0,1.0,1.0,0.0,20.105164854867795,5.0
point_gbdt_safety,HOBBIES_2_007_TX_3,1714.7717561919094,1714.7717561919094,0.0,0.0,1.0,1.0,0.0,21.98425328451166,29.0
point_gbdt_safety,HOBBIES_2_008_WI_3,1551.2130491920163,1551.2130491920163,0.0,0.0,1.0,1.0,0.0,19.88734678451303,19.0
point_gbdt_safety,HOBBIES_2_009_WI_2,1528.1248876379373,1528.1248876379373,0.0,0.0,1.0,1.0,0.0,19.59134471330689,7.0
point_gbdt_safety,HOBBIES_2_012_TX_2,1587.8170798783788,1587.8170798783788,0.0,0.0,1.0,1.0,0.0,20.356629229209982,11.0
point_gbdt_safety,HOBBIES_2_014_WI_1,1532.6623873603605,1532.6623873603605,0.0,0.0,1.0,1.0,0.0,19.64951778667129,12.0
point_gbdt_safety,HOBBIES_2_018_CA_2,1548.491322098053,1548.491322098053,0.0,0.0,1.0,1.0,0.0,19.852452847410934,19.0
point_gbdt_safety,HOBBIES_2_030_TX_2,1545.5372052795587,1545.5372052795587,0.0,0.0,1.0,1.0,0.0,19.81457955486614,11.0
point_gbdt_safety,HOBBIES_2_030_WI_2,1516.454569017356,1516.454569017356,0.0,0.0,1.0,1.0,0.0,19.441725243812257,0.0
point_gbdt_safety,HOBBIES_2_031_CA_2,1622.5728166485567,1622.5728166485567,0.0,0.0,1.0,1.0,0.0,20.802215598058417,26.0
point_gbdt_safety,HOBBIES_2_035_CA_2,1589.651465358611,1589.651465358611,0.0,0.0,1.0,1.0,0.0,20.380146991777064,11.0
point_gbdt_safety,HOBBIES_2_038_CA_2,1526.319109390538,1526.319109390538,0.0,0.0,1.0,1.0,0.0,19.568193710135102,26.0
point_gbdt_safety,HOBBIES_2_040_TX_1,1778.0182332568054,1778.0182332568054,0.0,0.0,1.0,1.0,0.0,22.795105554574427,7.0
point_gbdt_safety,HOBBIES_2_041_TX_2,1314.5022440141604,1314.5022440141604,0.0,0.0,1.0,1.0,0.0,16.852592871976416,49.0
point_gbdt_safety,HOBBIES_2_042_TX_2,1763.8940936238507,1763.8940936238507,0.0,0.0,1.0,1.0,0.0,22.61402684133142,30.0
point_gbdt_safety,HOBBIES_2_045_CA_4,1548.9259035079585,1548.9259035079585,0.0,0.0,1.0,1.0,0.0,19.858024403948185,13.0
point_gbdt_safety,HOBBIES_2_050_WI_2,1532.1693638825254,1532.1693638825254,0.0,0.0,1.0,1.0,0.0,19.64319697285289,9.0
point_gbdt_safety,HOBBIES_2_056_WI_3,1590.289664852847,1590.289664852847,0.0,0.0,1.0,1.0,0.0,20.388329036574962,3.0
point_gbdt_safety,HOBBIES_2_061_TX_3,1477.2103335665888,1477.2103335665888,0.0,0.0,1.0,1.0,0.0,18.938594020084473,11.0
point_gbdt_safety,HOBBIES_2_072_TX_2,1540.9189773949583,1540.9189773949583,0.0,0.0,1.0,1.0,0.0,19.755371505063568,6.0
point_gbdt_safety,HOBBIES_2_074_CA_1,1560.545537160325,1560.545537160325,0.0,0.0,1.0,1.0,0.0,20.00699406615801,7.0
point_gbdt_safety,HOBBIES_2_074_CA_3,1612.1925205846637,1612.1925205846637,0.0,0.0,1.0,1.0,0.0,20.66913487929056,10.0
point_gbdt_safety,HOBBIES_2_076_TX_3,1501.6305618715146,1473.8976463814606,27.73291549005389,0.0,0.8647174854143712,0.9487179487179487,0.05128205128205128,18.896123671557188,41.0
point_gbdt_safety,HOBBIES_2_076_WI_1,1650.9117838045368,1650.9117838045368,0.0,0.0,1.0,1.0,0.0,21.165535689801754,19.0
point_gbdt_safety,HOBBIES_2_077_WI_1,1539.3111099000541,1539.3111099000541,0.0,0.0,1.0,1.0,0.0,19.734757819231465,0.0
point_gbdt_safety,HOBBIES_2_081_WI_3,1947.5885614796678,1947.5885614796678,0.0,0.0,1.0,1.0,0.0,24.969084121534202,10.0
point_gbdt_safety,HOBBIES_2_083_CA_1,1962.2465852188705,1962.2465852188705,0.0,0.0,1.0,1.0,0.0,25.15700750280603,7.0
point_gbdt_safety,HOBBIES_2_084_WI_3,1515.6240946031608,1515.6240946031608,0.0,0.0,1.0,1.0,0.0,19.43107813593796,10.0
point_gbdt_safety,HOBBIES_2_086_CA_4,1612.8917510950719,1612.8917510950719,0.0,0.0,1.0,1.0,0.0,20.67809937301374,3.0
point_gbdt_safety,HOBBIES_2_103_TX_1,1488.209243827483,1488.209243827483,0.0,0.0,1.0,1.0,0.0,19.07960569009594,38.0
point_gbdt_safety,HOBBIES_2_107_WI_3,1617.4438236513083,1617.4438236513083,0.0,0.0,1.0,1.0,0.0,20.736459277580877,4.0
point_gbdt_safety,HOBBIES_2_114_CA_4,1525.0130967237467,1525.0130967237467,0.0,0.0,1.0,1.0,0.0,19.551449957996752,9.0
point_gbdt_safety,HOBBIES_2_115_TX_1,1594.2296452855385,1594.2296452855385,0.0,0.0,1.0,1.0,0.0,20.43884160622485,56.0
point_gbdt_safety,HOBBIES_2_116_CA_1,1614.8009881029589,1614.8009881029589,0.0,0.0,1.0,1.0,0.0,20.702576770550756,22.0
point_gbdt_safety,HOBBIES_2_116_CA_2,1525.3391135670884,1525.3391135670884,0.0,0.0,1.0,1.0,0.0,19.555629661116516,27.0
point_gbdt_safety,HOBBIES_2_117_TX_1,1720.9363195210915,1720.9363195210915,0.0,0.0,1.0,1.0,0.0,22.0632861477063,31.0
point_gbdt_safety,HOBBIES_2_118_WI_2,1541.7247621061165,1541.7247621061165,0.0,0.0,1.0,1.0,0.0,19.765702078283546,0.0
point_gbdt_safety,HOBBIES_2_122_CA_2,2067.2272020477108,2067.2272020477108,0.0,0.0,1.0,1.0,0.0,26.502912846765522,10.0
point_gbdt_safety,HOBBIES_2_122_TX_1,1815.6844441860082,1815.6844441860082,0.0,0.0,1.0,1.0,0.0,23.278005694692414,23.0
point_gbdt_safety,HOBBIES_2_123_TX_1,1581.5692329962114,1581.5692329962114,0.0,0.0,1.0,1.0,0.0,20.27652862815656,16.0
point_gbdt_safety,HOBBIES_2_124_TX_3,1921.8461255627874,1757.8834495020005,163.96267606078692,0.0,0.471088141739397,0.9487179487179487,0.05128205128205128,22.536967301307698,62.0
point_gbdt_safety,HOBBIES_2_128_TX_1,1543.3026374840472,1543.3026374840472,0.0,0.0,1.0,1.0,0.0,19.78593124979548,10.0
point_gbdt_safety,HOBBIES_2_129_WI_1,1991.4751759359463,1991.4751759359463,0.0,0.0,1.0,1.0,0.0,25.531733024819825,24.0
point_gbdt_safety,HOBBIES_2_132_CA_1,1557.5106503258746,1557.5106503258746,0.0,0.0,1.0,1.0,0.0,19.968085260588136,54.0
point_gbdt_safety,HOBBIES_2_133_CA_3,1751.2250879618825,1751.2250879618825,0.0,0.0,1.0,1.0,0.0,22.451603691819006,30.0
point_gbdt_safety,HOBBIES_2_134_TX_3,1664.1191730200287,1664.1191730200287,0.0,0.0,1.0,1.0,0.0,21.33486119256447,10.0
point_gbdt_safety,HOBBIES_2_137_CA_2,1759.3342216918882,1759.3342216918882,0.0,0.0,1.0,1.0,0.0,22.555566944767797,0.0
point_gbdt_safety,HOBBIES_2_144_WI_1,1562.2133229109834,1562.2133229109834,0.0,0.0,1.0,1.0,0.0,20.0283759347562,10.0
point_gbdt_safety,HOUSEHOLD_1_005_CA_4,1429.313654269209,1407.965605793382,21.348048475827106,0.0,0.931135327497332,0.9487179487179487,0.05128205128205128,18.050841099915154,62.0
point_gbdt_safety,HOUSEHOLD_1_006_CA_4,1626.2105910567057,1626.2105910567057,0.0,0.0,1.0,1.0,0.0,20.848853731496227,52.0
point_gbdt_safety,HOUSEHOLD_1_006_WI_2,1537.2604759814349,1537.2604759814349,0.0,0.0,1.0,1.0,0.0,19.708467640787628,43.0
point_gbdt_safety,HOUSEHOLD_1_008_WI_3,1358.2559556966016,1358.2559556966016,0.0,0.0,1.0,1.0,0.0,17.413537893546174,25.0
point_gbdt_safety,HOUSEHOLD_1_010_CA_2,1803.6296998778762,1803.6296998778762,0.0,0.0,1.0,1.0,0.0,23.123457690742004,65.0
point_gbdt_safety,HOUSEHOLD_1_013_CA_3,1725.3948126970797,1720.004823879605,5.3899888174746735,0.0,0.9910166853042088,0.9871794871794872,0.01282051282051282,22.051343895892373,120.0
point_gbdt_safety,HOUSEHOLD_1_014_CA_2,1951.556500377765,1951.556500377765,0.0,0.0,1.0,1.0,0.0,25.019955133048267,125.0
point_gbdt_safety,HOUSEHOLD_1_014_WI_3,1569.4434261088363,1569.4434261088363,0.0,0.0,1.0,1.0,0.0,20.1210695654979,36.0
point_gbdt_safety,HOUSEHOLD_1_015_WI_2,1665.9934954272767,1665.9934954272767,0.0,0.0,1.0,1.0,0.0,21.358890967016368,1.0
point_gbdt_safety,HOUSEHOLD_1_020_WI_1,1576.9178169252218,1576.9178169252218,0.0,0.0,1.0,1.0,0.0,20.216895088784895,72.0
point_gbdt_safety,HOUSEHOLD_1_021_WI_2,1386.3231993286427,1111.2470797688595,275.07611955978325,0.0,0.7026204112867207,0.782051282051282,0.21794871794871795,14.246757432934096,185.0
point_gbdt_safety,HOUSEHOLD_1_024_CA_2,1685.0065937386598,1679.8813337593801,5.125259979279804,0.0,0.9883516818652732,0.9743589743589743,0.02564102564102564,21.53694017640231,88.0
point_gbdt_safety,HOUSEHOLD_1_026_CA_2,1509.079536681196,1335.184306960148,173.89522972104797,0.0,0.7550771412379605,0.8717948717948718,0.1282051282051282,17.117747525130103,142.0
point_gbdt_safety,HOUSEHOLD_1_029_CA_2,1484.6560528513146,1427.949942445014,56.70611040630078,0.0,0.9030664779379474,0.8974358974358975,0.10256410256410256,18.307050544166845,117.0
point_gbdt_safety,HOUSEHOLD_1_032_WI_1,1606.0408772392275,1606.0408772392275,0.0,0.0,1.0,1.0,0.0,20.590267656913174,57.0
point_gbdt_safety,HOUSEHOLD_1_033_TX_2,1844.10924073824,1841.1208117985323,2.988428939707717,0.0,0.994566492836895,0.9871794871794872,0.01282051282051282,23.604112971776054,110.0
point_gbdt_safety,HOUSEHOLD_1_034_WI_1,1615.4234438005594,1615.4234438005594,0.0,0.0,1.0,1.0,0.0,20.710556971802045,18.0
point_gbdt_safety,HOUSEHOLD_1_043_CA_3,1470.8373277945611,1470.8373277945611,0.0,0.0,1.0,1.0,0.0,18.85688881787899,90.0
point_gbdt_safety,HOUSEHOLD_1_049_CA_1,2340.0,2340.0,0.0,0.0,1.0,1.0,0.0,30.0,0.0
point_gbdt_safety,HOUSEHOLD_1_049_WI_1,1500.228218352218,1500.228218352218,0.0,0.0,1.0,1.0,0.0,19.23369510707972,0.0
point_gbdt_safety,HOUSEHOLD_1_051_WI_1,2026.4357304239775,1914.736573195137,111.69915722884056,0.0,0.9153794263417875,0.8846153846153846,0.11538461538461539,24.547904784553037,264.0
point_gbdt_safety,HOUSEHOLD_1_058_CA_3,2057.470345318993,2057.470345318993,0.0,0.0,1.0,1.0,0.0,26.377824939987093,224.0
point_gbdt_safety,HOUSEHOLD_1_068_TX_1,1549.4032747948263,1549.4032747948263,0.0,0.0,1.0,1.0,0.0,19.86414454865162,9.0
point_gbdt_safety,HOUSEHOLD_1_071_CA_1,2385.8331872313947,2058.8024744354548,327.0307127959398,0.0,0.8141870950023069,0.8076923076923077,0.19230769230769232,26.394903518403265,352.0
point_gbdt_safety,HOUSEHOLD_1_071_TX_2,1981.387988594172,1630.6445817106674,350.7434068835047,0.0,0.7899740078541888,0.7948717948717948,0.20512820512820512,20.905699765521376,334.0
point_gbdt_safety,HOUSEHOLD_1_079_WI_1,1592.3982479507335,1507.1395987492215,85.2586492015121,0.0,0.8463808122495278,0.8974358974358975,0.10256410256410256,19.322302548066943,111.0
point_gbdt_safety,HOUSEHOLD_1_080_WI_1,1615.4223382650184,1615.4223382650184,0.0,0.0,1.0,1.0,0.0,20.71054279826947,25.0
point_gbdt_safety,HOUSEHOLD_1_080_WI_2,1644.8926276175841,1644.8926276175841,0.0,0.0,1.0,1.0,0.0,21.088367020738257,45.0
point_gbdt_safety,HOUSEHOLD_1_083_TX_1,3087.9597183293804,2606.857227375267,481.1024909541132,0.0,0.8120693394710495,0.7692307692307693,0.23076923076923078,33.421246504811116,512.0
point_gbdt_safety,HOUSEHOLD_1_083_WI_3,4022.768029812113,3496.3212273226686,526.4468024894444,0.0,0.8359978808444096,0.8205128205128205,0.1794871794871795,44.82463111952139,642.0
point_gbdt_safety,HOUSEHOLD_1_088_TX_3,1554.4121777572923,1554.4121777572923,0.0,0.0,1.0,1.0,0.0,19.92836125329862,63.0
point_gbdt_safety,HOUSEHOLD_1_091_WI_3,1520.005476868221,1520.005476868221,0.0,0.0,1.0,1.0,0.0,19.48724970343873,15.0
point_gbdt_safety,HOUSEHOLD_1_093_CA_2,1540.1518227364727,1525.9083147300912,14.243508006381518,0.0,0.971512983987237,0.9743589743589743,0.02564102564102564,19.562927111924246,100.0
point_gbdt_safety,HOUSEHOLD_1_095_TX_2,1524.483605827333,1524.483605827333,0.0,0.0,1.0,1.0,0.0,19.544661613170934,13.0
point_gbdt_safety,HOUSEHOLD_1_095_TX_3,1516.3610458816752,1516.3610458816752,0.0,0.0,1.0,1.0,0.0,19.440526229252246,13.0
point_gbdt_safety,HOUSEHOLD_1_096_WI_2,3221.6919384652583,2082.0514184445246,1139.6405200207337,0.0,0.7253878265010281,0.7051282051282052,0.2948717948717949,26.69296690313493,830.0
point_gbdt_safety,HOUSEHOLD_1_098_CA_4,1485.0289912998787,1485.0289912998787,0.0,0.0,1.0,1.0,0.0,19.03883322179332,13.0
point_gbdt_safety,HOUSEHOLD_1_102_WI_3,1602.3426209539139,1573.085927146797,29.256693807116676,0.0,0.9420659528571947,0.9743589743589743,0.02564102564102564,20.16776829675381,101.0
point_gbdt_safety,HOUSEHOLD_1_106_TX_3,2731.9909114174643,1820.2097685203948,911.7811428970692,0.0,0.7005644850912746,0.6794871794871795,0.32051282051282054,23.336022673338395,609.0
point_gbdt_safety,HOUSEHOLD_1_119_TX_2,2003.3782131260048,2003.3782131260048,0.0,0.0,1.0,1.0,0.0,25.68433606571801,170.0
point_gbdt_safety,HOUSEHOLD_1_120_CA_2,1617.0835141645084,1617.0835141645084,0.0,0.0,1.0,1.0,0.0,20.731839925186005,35.0
point_gbdt_safety,HOUSEHOLD_1_127_WI_1,1506.8337593747763,1506.8337593747763,0.0,0.0,1.0,1.0,0.0,19.31838153044585,35.0
point_gbdt_safety,HOUSEHOLD_1_128_WI_2,1893.824485693132,1779.7670091342216,114.05747655891048,0.0,0.8703892311830562,0.8717948717948718,0.1282051282051282,22.817525758131044,176.0
point_gbdt_safety,HOUSEHOLD_1_131_CA_1,1525.6263958884645,1525.6263958884645,0.0,0.0,1.0,1.0,0.0,19.559312767800826,55.0
point_gbdt_safety,HOUSEHOLD_1_131_TX_1,1353.8865257939945,1353.8865257939945,0.0,0.0,1.0,1.0,0.0,17.357519561461466,67.0
point_gbdt_safety,HOUSEHOLD_1_136_WI_3,1805.0794237072655,1805.0794237072655,0.0,0.0,1.0,1.0,0.0,23.142043893682892,131.0
point_gbdt_safety,HOUSEHOLD_1_145_CA_2,2057.5836654815353,1982.2552147017902,75.32845077974486,0.0,0.9353403855967856,0.9102564102564102,0.08974358974358974,25.413528393612694,233.0
point_gbdt_safety,HOUSEHOLD_1_155_WI_3,1444.2457468830737,1444.2457468830737,0.0,0.0,1.0,1.0,0.0,18.51597111388556,34.0
point_gbdt_safety,HOUSEHOLD_1_157_WI_1,1705.503267106198,1705.503267106198,0.0,0.0,1.0,1.0,0.0,21.865426501361515,23.0
point_gbdt_safety,HOUSEHOLD_1_158_CA_3,1618.3299921168887,1618.3299921168887,0.0,0.0,1.0,1.0,0.0,20.747820411754983,74.0
point_gbdt_safety,HOUSEHOLD_1_160_WI_2,1574.8389131565377,1540.7425144688673,34.09639868767034,0.0,0.9458787322417932,0.9871794871794872,0.01282051282051282,19.753109159857274,126.0
point_gbdt_safety,HOUSEHOLD_1_161_CA_2,1599.8110191797155,1599.8110191797155,0.0,0.0,1.0,1.0,0.0,20.510397681791225,72.0
point_gbdt_safety,HOUSEHOLD_1_162_TX_1,2214.444961669325,2214.444961669325,0.0,0.0,1.0,1.0,0.0,28.390320021401603,38.0
point_gbdt_safety,HOUSEHOLD_1_163_CA_1,1565.5177905455207,1565.5177905455207,0.0,0.0,1.0,1.0,0.0,20.07074090442975,22.0
point_gbdt_safety,HOUSEHOLD_1_165_CA_1,1572.930456101105,1572.930456101105,0.0,0.0,1.0,1.0,0.0,20.165775078219294,40.0
point_gbdt_safety,HOUSEHOLD_1_165_TX_1,1831.8260563406939,1831.8260563406939,0.0,0.0,1.0,1.0,0.0,23.484949440265307,77.0
point_gbdt_safety,HOUSEHOLD_1_167_WI_1,1561.640074178474,1561.640074178474,0.0,0.0,1.0,1.0,0.0,20.021026592031717,32.0
point_gbdt_safety,HOUSEHOLD_1_175_TX_2,1514.2520850220792,1481.3203906292638,32.931694392815345,0.0,0.9508482173241563,0.9615384615384616,0.038461538461538464,18.991287059349535,134.0
point_gbdt_safety,HOUSEHOLD_1_175_WI_3,1482.2858835785994,1482.2858835785994,0.0,0.0,1.0,1.0,0.0,19.003665174084606,33.0
point_gbdt_safety,HOUSEHOLD_1_185_WI_3,1305.432154064178,1291.7211316569103,13.711022407267635,0.0,0.969865884819192,0.9743589743589743,0.02564102564102564,16.560527328934747,91.0
point_gbdt_safety,HOUSEHOLD_1_186_WI_2,1868.530262937374,1475.4794095886296,393.0508533487444,0.0,0.8101203607010897,0.7948717948717948,0.20512820512820512,18.916402687033713,414.0
point_gbdt_safety,HOUSEHOLD_1_188_TX_2,1652.8426296258774,1652.8426296258774,0.0,0.0,1.0,1.0,0.0,21.190290123408683,52.0
point_gbdt_safety,HOUSEHOLD_1_190_WI_3,1562.8980718263279,1562.8980718263279,0.0,0.0,1.0,1.0,0.0,20.037154767004203,66.0
point_gbdt_safety,HOUSEHOLD_1_191_TX_3,2243.108834466857,2243.108834466857,0.0,0.0,1.0,1.0,0.0,28.75780557008791,86.0
point_gbdt_safety,HOUSEHOLD_1_194_CA_1,1656.2715261076899,1656.2715261076899,0.0,0.0,1.0,1.0,0.0,21.234250334713973,35.0
point_gbdt_safety,HOUSEHOLD_1_195_CA_2,1677.4429092195253,1677.4429092195253,0.0,0.0,1.0,1.0,0.0,21.50567832332725,31.0
point_gbdt_safety,HOUSEHOLD_1_201_TX_2,1922.9215420497624,1922.9215420497624,0.0,0.0,1.0,1.0,0.0,24.65284028268926,23.0
point_gbdt_safety,HOUSEHOLD_1_205_WI_3,1727.4243047237212,1727.4243047237212,0.0,0.0,1.0,1.0,0.0,22.146465445175913,56.0
point_gbdt_safety,HOUSEHOLD_1_206_CA_4,1713.0183413213008,1713.0183413213008,0.0,0.0,1.0,1.0,0.0,21.961773606683344,8.0
point_gbdt_safety,HOUSEHOLD_1_207_TX_1,1675.9007068105834,1675.9007068105834,0.0,0.0,1.0,1.0,0.0,21.485906497571584,28.0
point_gbdt_safety,HOUSEHOLD_1_208_WI_3,1761.1904088855156,1761.1904088855156,0.0,0.0,1.0,1.0,0.0,22.57936421648097,156.0
point_gbdt_safety,HOUSEHOLD_1_211_TX_2,1555.001602363404,1555.001602363404,0.0,0.0,1.0,1.0,0.0,19.935917979017997,49.0
point_gbdt_safety,HOUSEHOLD_1_212_WI_2,1702.9336037451815,1702.9336037451815,0.0,0.0,1.0,1.0,0.0,21.8324820992972,98.0
point_gbdt_safety,HOUSEHOLD_1_216_TX_1,1525.8551477583194,1525.8551477583194,0.0,0.0,1.0,1.0,0.0,19.562245484081018,9.0
point_gbdt_safety,HOUSEHOLD_1_217_WI_3,1595.174139696013,1595.174139696013,0.0,0.0,1.0,1.0,0.0,20.450950508923246,81.0
point_gbdt_safety,HOUSEHOLD_1_218_CA_1,1733.8094729674756,1733.8094729674756,0.0,0.0,1.0,1.0,0.0,22.2283265765061,74.0
point_gbdt_safety,HOUSEHOLD_1_219_TX_3,1359.5269296219622,1359.5269296219622,0.0,0.0,1.0,1.0,0.0,17.429832431050798,57.0
point_gbdt_safety,HOUSEHOLD_1_220_TX_3,1605.6470792449607,1605.6470792449607,0.0,0.0,1.0,1.0,0.0,20.585218964678983,110.0
point_gbdt_safety,HOUSEHOLD_1_221_CA_2,1522.686256180879,1522.686256180879,0.0,0.0,1.0,1.0,0.0,19.521618668985628,74.0
point_gbdt_safety,HOUSEHOLD_1_224_WI_2,1527.843399458869,1527.843399458869,0.0,0.0,1.0,1.0,0.0,19.587735890498323,65.0
point_gbdt_safety,HOUSEHOLD_1_225_CA_4,1643.7639772971438,1643.7639772971438,0.0,0.0,1.0,1.0,0.0,21.073897144835176,58.0
point_gbdt_safety,HOUSEHOLD_1_225_TX_2,1976.6468810951583,1929.5520104725226,47.094870622635696,0.0,0.9533714152251132,0.9487179487179487,0.05128205128205128,24.737846288109264,202.0
point_gbdt_safety,HOUSEHOLD_1_230_TX_3,1460.556932151499,1460.556932151499,0.0,0.0,1.0,1.0,0.0,18.725088873737167,18.0
point_gbdt_safety,HOUSEHOLD_1_238_CA_3,1689.5708801320052,1672.295506843598,17.275373288407074,0.0,0.9815236649321849,0.9743589743589743,0.02564102564102564,21.439685985174336,187.0
point_gbdt_safety,HOUSEHOLD_1_244_CA_3,1439.9140164084185,1406.0546301106472,33.85938629777144,0.0,0.9563104692931982,0.9487179487179487,0.05128205128205128,18.026341411674963,155.0
point_gbdt_safety,HOUSEHOLD_1_246_CA_2,2860.3284600782263,2543.473096191437,316.8553638867891,0.0,0.874013771814398,0.8461538461538461,0.15384615384615385,32.608629438351755,503.0
point_gbdt_safety,HOUSEHOLD_1_248_CA_4,1523.9546262448823,1523.9546262448823,0.0,0.0,1.0,1.0,0.0,19.537879823652336,33.0
point_gbdt_safety,HOUSEHOLD_1_249_WI_3,1541.8535818176024,1541.8535818176024,0.0,0.0,1.0,1.0,0.0,19.767353613046186,40.0
point_gbdt_safety,HOUSEHOLD_1_264_TX_3,1548.5469566176512,1548.5469566176512,0.0,0.0,1.0,1.0,0.0,19.853166110482707,23.0
point_gbdt_safety,HOUSEHOLD_1_265_CA_3,1503.349913322824,1503.349913322824,0.0,0.0,1.0,1.0,0.0,19.273716837472104,51.0
point_gbdt_safety,HOUSEHOLD_1_272_CA_3,13183.0,13183.0,0.0,0.0,1.0,1.0,0.0,169.01282051282053,186.0
point_gbdt_safety,HOUSEHOLD_1_298_TX_3,1788.5937632078071,1788.5937632078071,0.0,0.0,1.0,1.0,0.0,22.930689271894963,38.0
point_gbdt_safety,HOUSEHOLD_1_304_CA_3,3381.66952580367,2381.729774256486,999.9397515471837,0.0,0.750015062113204,0.7307692307692307,0.2692307692307692,30.534997105852387,800.0
point_gbdt_safety,HOUSEHOLD_1_304_CA_4,1519.7472667294442,1418.3609633910896,101.38630333835465,0.0,0.8648182622155272,0.8589743589743589,0.14102564102564102,18.18411491527038,150.0
point_gbdt_safety,HOUSEHOLD_1_309_TX_2,1570.4092954127466,1570.4092954127466,0.0,0.0,1.0,1.0,0.0,20.133452505291622,20.0
point_gbdt_safety,HOUSEHOLD_1_314_TX_3,1598.323796892721,1598.323796892721,0.0,0.0,1.0,1.0,0.0,20.49133072939386,54.0
point_gbdt_safety,HOUSEHOLD_1_317_CA_1,1866.3759093029876,1866.3759093029876,0.0,0.0,1.0,1.0,0.0,23.927896273115227,100.0
point_gbdt_safety,HOUSEHOLD_1_317_TX_3,1745.9058610781706,1745.9058610781706,0.0,0.0,1.0,1.0,0.0,22.38340847536116,63.0
point_gbdt_safety,HOUSEHOLD_1_320_WI_3,1468.2207316886097,1468.2207316886097,0.0,0.0,1.0,1.0,0.0,18.823342713956535,32.0
point_gbdt_safety,HOUSEHOLD_1_332_WI_3,1550.6953771673993,1550.6953771673993,0.0,0.0,1.0,1.0,0.0,19.880709963684605,5.0
point_gbdt_safety,HOUSEHOLD_1_333_WI_2,1467.161797294311,1467.161797294311,0.0,0.0,1.0,1.0,0.0,18.80976663197835,44.0
point_gbdt_safety,HOUSEHOLD_1_338_WI_1,1484.6000090432517,1484.6000090432517,0.0,0.0,1.0,1.0,0.0,19.033333449272458,77.0
point_gbdt_safety,HOUSEHOLD_1_342_TX_2,1504.9693485912444,1494.6093397098125,10.360008881431888,0.0,0.9716164140234742,0.9743589743589743,0.02564102564102564,19.161658201407853,73.0
point_gbdt_safety,HOUSEHOLD_1_344_CA_1,1753.1891316546496,1753.1891316546496,0.0,0.0,1.0,1.0,0.0,22.476783739162176,45.0
point_gbdt_safety,HOUSEHOLD_1_344_TX_1,1944.8349110262789,1744.5869228124495,200.24798821382933,0.0,0.859966441808511,0.8461538461538461,0.15384615384615385,22.36649901041602,286.0
point_gbdt_safety,HOUSEHOLD_1_349_TX_2,1742.1441214507943,1742.1441214507943,0.0,0.0,1.0,1.0,0.0,22.33518104424095,86.0
point_gbdt_safety,HOUSEHOLD_1_361_WI_3,1729.1443650075005,1729.1443650075005,0.0,0.0,1.0,1.0,0.0,22.16851750009616,174.0
point_gbdt_safety,HOUSEHOLD_1_368_TX_3,1681.8353821822348,1681.8353821822348,0.0,0.0,1.0,1.0,0.0,21.56199207925942,4.0
point_gbdt_safety,HOUSEHOLD_1_369_CA_1,1494.7857524105762,1397.3568172402242,97.42893517035199,0.0,0.8905292863254473,0.9102564102564102,0.08974358974358974,17.914830990259286,178.0
point_gbdt_safety,HOUSEHOLD_1_371_CA_1,1670.3591765380186,1670.3591765380186,0.0,0.0,1.0,1.0,0.0,21.414861237666905,116.0
point_gbdt_safety,HOUSEHOLD_1_377_TX_1,1482.671500234734,1482.671500234734,0.0,0.0,1.0,1.0,0.0,19.008608977368382,17.0
point_gbdt_safety,HOUSEHOLD_1_380_CA_1,1542.3600623908549,1542.3600623908549,0.0,0.0,1.0,1.0,0.0,19.77384695372891,67.0
point_gbdt_safety,HOUSEHOLD_1_384_CA_2,1524.875828998295,1524.875828998295,0.0,0.0,1.0,1.0,0.0,19.549690115362758,65.0
point_gbdt_safety,HOUSEHOLD_1_385_CA_3,2803.533564948365,2585.1934925662254,218.34007238213957,0.0,0.877337037987562,0.9102564102564102,0.08974358974358974,33.14350631495161,356.0
point_gbdt_safety,HOUSEHOLD_1_386_CA_2,1325.5275985971768,1204.7180548115732,120.80954378560357,0.0,0.8051458971199943,0.8846153846153846,0.11538461538461539,15.44510326681504,124.0
point_gbdt_safety,HOUSEHOLD_1_389_CA_1,2505.572277336001,2322.7815027372103,182.79077459879068,0.0,0.8888809880858416,0.9102564102564102,0.08974358974358974,29.77925003509244,329.0
point_gbdt_safety,HOUSEHOLD_1_390_WI_2,1676.9670647824873,1637.421314308895,39.54575047359242,0.0,0.9517734750322043,0.9487179487179487,0.05128205128205128,20.992580952678143,164.0
point_gbdt_safety,HOUSEHOLD_1_394_CA_3,1596.8323691480934,1596.8323691480934,0.0,0.0,1.0,1.0,0.0,20.472209860872994,85.0
point_gbdt_safety,HOUSEHOLD_1_395_CA_3,1542.1977966952252,1542.1977966952252,0.0,0.0,1.0,1.0,0.0,19.771766624297758,69.0
point_gbdt_safety,HOUSEHOLD_1_396_TX_1,1583.328598369613,1583.328598369613,0.0,0.0,1.0,1.0,0.0,20.299084594482217,109.0
point_gbdt_safety,HOUSEHOLD_1_397_WI_1,1413.4352751704275,1253.5818367402333,159.8534384301942,0.0,0.8141239088020997,0.8333333333333334,0.16666666666666666,16.07156200949017,172.0
point_gbdt_safety,HOUSEHOLD_1_398_CA_4,1399.0849295386831,1399.0849295386831,0.0,0.0,1.0,1.0,0.0,17.936986276136963,30.0
point_gbdt_safety,HOUSEHOLD_1_399_TX_3,2418.139155590623,1559.4196553510014,858.7195002396213,0.0,0.7211949674546684,0.7307692307692307,0.2692307692307692,19.9925596839872,616.0
point_gbdt_safety,HOUSEHOLD_1_401_CA_2,1549.0766737716312,1549.0766737716312,0.0,0.0,1.0,1.0,0.0,19.859957356046554,22.0
point_gbdt_safety,HOUSEHOLD_1_402_TX_2,1537.2183015339888,1537.2183015339888,0.0,0.0,1.0,1.0,0.0,19.707926942743445,27.0
point_gbdt_safety,HOUSEHOLD_1_404_TX_2,1653.0348110205716,1653.0348110205716,0.0,0.0,1.0,1.0,0.0,21.192753987443226,60.0
point_gbdt_safety,HOUSEHOLD_1_407_CA_4,1448.5824032020196,1448.5824032020196,0.0,0.0,1.0,1.0,0.0,18.571569271820763,33.0
point_gbdt_safety,HOUSEHOLD_1_411_WI_3,1927.013087545299,1927.013087545299,0.0,0.0,1.0,1.0,0.0,24.7052959941705,111.0
point_gbdt_safety,HOUSEHOLD_1_415_CA_3,1622.9095000961825,1622.9095000961825,0.0,0.0,1.0,1.0,0.0,20.80653205251516,62.0
point_gbdt_safety,HOUSEHOLD_1_419_WI_2,1590.5506567449481,1590.5506567449481,0.0,0.0,1.0,1.0,0.0,20.391675086473693,15.0
point_gbdt_safety,HOUSEHOLD_1_421_WI_3,1627.4300434302424,1627.4300434302424,0.0,0.0,1.0,1.0,0.0,20.86448773628516,67.0
point_gbdt_safety,HOUSEHOLD_1_423_CA_4,1542.2823570542864,1542.2823570542864,0.0,0.0,1.0,1.0,0.0,19.772850731465212,13.0
point_gbdt_safety,HOUSEHOLD_1_425_CA_4,1503.5472601574234,1478.3568154286843,25.190444728739028,0.0,0.9385598909055146,0.9358974358974359,0.0641025641025641,18.953292505495952,82.0
point_gbdt_safety,HOUSEHOLD_1_431_TX_2,1867.6996709087218,1774.269017196195,93.43065371252692,0.0,0.907034175410421,0.8974358974358975,0.10256410256410256,22.7470386820025,201.0
point_gbdt_safety,HOUSEHOLD_1_433_WI_1,1522.0649371036093,1522.0649371036093,0.0,0.0,1.0,1.0,0.0,19.51365303978986,15.0
point_gbdt_safety,HOUSEHOLD_1_437_WI_1,1571.8935930389746,1435.9732191116761,135.92037392729847,0.0,0.8797164832501784,0.8717948717948718,0.1282051282051282,18.409913065534308,226.0
point_gbdt_safety,HOUSEHOLD_1_439_WI_3,2273.571942602285,2248.571942602285,25.0,0.0,0.9489795918367347,0.9743589743589743,0.02564102564102564,28.827845417978015,98.0
point_gbdt_safety,HOUSEHOLD_1_442_CA_4,1452.2348698709209,1452.2348698709209,0.0,0.0,1.0,1.0,0.0,18.618395767575908,57.0
point_gbdt_safety,HOUSEHOLD_1_445_TX_3,1460.2685534530508,1315.0141777777567,145.2543756752942,0.0,0.8412520484423015,0.8333333333333334,0.16666666666666666,16.859156125355856,183.0
point_gbdt_safety,HOUSEHOLD_1_448_CA_4,1730.681937615444,1728.839145674454,1.8427919409900184,0.0,0.9970749334269999,0.9871794871794872,0.01282051282051282,22.164604431723767,126.0
point_gbdt_safety,HOUSEHOLD_1_450_TX_2,1519.8121600553902,1519.8121600553902,0.0,0.0,1.0,1.0,0.0,19.484771282761415,73.0
point_gbdt_safety,HOUSEHOLD_1_458_CA_2,1508.9423789720677,1458.8392972079594,50.10308176410824,0.0,0.9361744181348939,0.9230769230769231,0.07692307692307693,18.703067912922556,157.0
point_gbdt_safety,HOUSEHOLD_1_459_WI_2,10788.75170495646,7587.606761988991,3201.144942967468,0.0,0.7283712394596972,0.6923076923076923,0.3076923076923077,97.27700976908963,2357.0
point_gbdt_safety,HOUSEHOLD_1_462_WI_1,2356.458110382507,2320.8904676831444,35.56764269936288,0.0,0.9142948368690051,0.9615384615384616,0.038461538461538464,29.755005995937747,83.0
point_gbdt_safety,HOUSEHOLD_1_467_CA_1,1575.081379858865,1575.081379858865,0.0,0.0,1.0,1.0,0.0,20.193351023831603,58.0
point_gbdt_safety,HOUSEHOLD_1_473_WI_2,3313.4775412112385,2649.594675889644,663.8828653215949,0.0,0.7741895015912942,0.7692307692307693,0.23076923076923078,33.96916251140569,588.0
point_gbdt_safety,HOUSEHOLD_1_474_TX_2,5003.705323382953,3147.110527915024,1856.594795467929,0.0,0.5869644503964562,0.7051282051282052,0.2948717948717949,40.34757087070543,899.0
point_gbdt_safety,HOUSEHOLD_1_481_CA_1,1519.085682558383,1446.9434397436232,72.1422428147599,0.0,0.8946828572047301,0.8974358974358975,0.10256410256410256,18.55055691979004,137.0
point_gbdt_safety,HOUSEHOLD_1_482_WI_1,1460.2299032145745,1458.0996783456026,2.1302248689718972,0.0,0.9933430472844629,0.9871794871794872,0.01282051282051282,18.69358561981542,64.0
point_gbdt_safety,HOUSEHOLD_1_491_TX_1,1401.5993265118625,1401.5993265118625,0.0,0.0,1.0,1.0,0.0,17.969222134767467,69.0
point_gbdt_safety,HOUSEHOLD_1_491_WI_3,1503.3945332487149,1503.3945332487149,0.0,0.0,1.0,1.0,0.0,19.274288887804037,50.0
point_gbdt_safety,HOUSEHOLD_1_492_WI_2,1614.0158154799196,1614.0158154799196,0.0,0.0,1.0,1.0,0.0,20.692510454870764,13.0
point_gbdt_safety,HOUSEHOLD_1_494_CA_2,1983.789191059816,1883.3597442721664,100.42944678764961,0.0,0.9082836102395894,0.8974358974358975,0.10256410256410256,24.145637747079057,219.0
point_gbdt_safety,HOUSEHOLD_1_494_TX_1,1811.2951879353213,1588.2362710252903,223.05891691003094,0.0,0.8440147434195587,0.8333333333333334,0.16666666666666666,20.36200347468321,286.0
point_gbdt_safety,HOUSEHOLD_1_500_TX_3,1508.2908275876214,1508.2908275876214,0.0,0.0,1.0,1.0,0.0,19.33706189214899,6.0
point_gbdt_safety,HOUSEHOLD_1_501_TX_3,1596.8830045883262,1596.8830045883262,0.0,0.0,1.0,1.0,0.0,20.47285903318367,7.0
point_gbdt_safety,HOUSEHOLD_1_503_WI_1,1405.8784375559103,1399.4449211767335,6.433516379176822,0.0,0.9858604035622487,0.9743589743589743,0.02564102564102564,17.941601553547866,91.0
point_gbdt_safety,HOUSEHOLD_1_504_CA_3,1707.2020472515767,1707.2020472515767,0.0,0.0,1.0,1.0,0.0,21.887205733994573,32.0
point_gbdt_safety,HOUSEHOLD_1_504_WI_3,1738.3836192737956,1738.3836192737956,0.0,0.0,1.0,1.0,0.0,22.286969477869174,7.0
point_gbdt_safety,HOUSEHOLD_1_507_WI_3,1486.2768634189954,1486.2768634189954,0.0,0.0,1.0,1.0,0.0,19.054831582294813,11.0
point_gbdt_safety,HOUSEHOLD_1_510_CA_4,1656.9408797025003,1600.1916598740588,56.74921982844147,0.0,0.9061996366472042,0.9358974358974359,0.0641025641025641,20.51527769069306,121.0
point_gbdt_safety,HOUSEHOLD_1_510_TX_1,1719.5579660003027,1719.5579660003027,0.0,0.0,1.0,1.0,0.0,22.04561494872183,78.0
point_gbdt_safety,HOUSEHOLD_1_520_CA_1,1560.8708853843914,1560.8708853843914,0.0,0.0,1.0,1.0,0.0,20.011165197235787,56.0
point_gbdt_safety,HOUSEHOLD_1_521_CA_2,3269.4824902953533,2578.0644059427564,691.4180843525967,0.0,0.6675874594458671,0.782051282051282,0.21794871794871795,33.052107768496874,416.0
point_gbdt_safety,HOUSEHOLD_1_521_TX_3,8232.49026534804,7414.536725380711,817.9535399673293,0.0,0.8079921267682325,0.782051282051282,0.21794871794871795,95.05816314590655,852.0
point_gbdt_safety,HOUSEHOLD_1_527_WI_2,1535.8838294810887,1468.7993014257727,67.08452805531599,0.0,0.7903608498271375,0.8974358974358975,0.10256410256410256,18.830760274689393,64.0
point_gbdt_safety,HOUSEHOLD_1_529_CA_2,1415.2189104299518,1365.5435379351488,49.675372494803014,0.0,0.8954202684319936,0.9358974358974359,0.0641025641025641,17.50696843506601,95.0
point_gbdt_safety,HOUSEHOLD_1_531_TX_1,1581.3656897094975,1581.3656897094975,0.0,0.0,1.0,1.0,0.0,20.273919098839713,56.0
point_gbdt_safety,HOUSEHOLD_1_533_WI_1,1570.4316215310812,1570.4316215310812,0.0,0.0,1.0,1.0,0.0,20.133738737577964,39.0
point_gbdt_safety,HOUSEHOLD_1_534_CA_2,1670.1713505255807,1670.1713505255807,0.0,0.0,1.0,1.0,0.0,21.41245321186642,66.0
point_gbdt_safety,HOUSEHOLD_1_534_CA_4,1520.2002472493891,1520.2002472493891,0.0,0.0,1.0,1.0,0.0,19.489746759607552,45.0
point_gbdt_safety,HOUSEHOLD_1_534_TX_1,1574.2979074079192,1574.2979074079192,0.0,0.0,1.0,1.0,0.0,20.183306505229734,37.0
point_gbdt_safety,HOUSEHOLD_1_537_CA_3,2290.259317215319,2290.259317215319,0.0,0.0,1.0,1.0,0.0,29.362298938657933,187.0
point_gbdt_safety,HOUSEHOLD_1_537_TX_1,1689.1717533160418,1689.1717533160418,0.0,0.0,1.0,1.0,0.0,21.656048119436434,107.0
point_gbdt_safety,HOUSEHOLD_1_541_CA_2,1903.5907716068302,1903.5907716068302,0.0,0.0,1.0,1.0,0.0,24.40500989239526,192.0
point_gbdt_safety,HOUSEHOLD_2_001_WI_2,1516.4833038779943,1516.4833038779943,0.0,0.0,1.0,1.0,0.0,19.442093639461465,9.0
point_gbdt_safety,HOUSEHOLD_2_004_CA_4,1639.04762693328,1639.04762693328,0.0,0.0,1.0,1.0,0.0,21.013431114529233,6.0
point_gbdt_safety,HOUSEHOLD_2_008_WI_2,1647.1941390022894,1647.1941390022894,0.0,0.0,1.0,1.0,0.0,21.117873576952427,0.0
point_gbdt_safety,HOUSEHOLD_2_009_CA_1,1421.864917622933,1421.864917622933,0.0,0.0,1.0,1.0,0.0,18.22903740542222,39.0
point_gbdt_safety,HOUSEHOLD_2_010_CA_3,1698.392860789802,1698.392860789802,0.0,0.0,1.0,1.0,0.0,21.774267446023103,22.0
point_gbdt_safety,HOUSEHOLD_2_013_WI_3,1490.2043370246477,1490.2043370246477,0.0,0.0,1.0,1.0,0.0,19.105183808008302,10.0
point_gbdt_safety,HOUSEHOLD_2_015_CA_1,1611.615099554207,1611.615099554207,0.0,0.0,1.0,1.0,0.0,20.661732045566758,50.0
point_gbdt_safety,HOUSEHOLD_2_017_CA_1,1597.7584147163743,1597.7584147163743,0.0,0.0,1.0,1.0,0.0,20.484082239953516,29.0
point_gbdt_safety,HOUSEHOLD_2_021_CA_2,1716.9909425876779,1716.9909425876779,0.0,0.0,1.0,1.0,0.0,22.012704392149715,31.0
point_gbdt_safety,HOUSEHOLD_2_029_WI_2,1544.8641265361812,1544.8641265361812,0.0,0.0,1.0,1.0,0.0,19.805950340207453,47.0
point_gbdt_safety,HOUSEHOLD_2_032_WI_2,1633.6854995575907,1633.6854995575907,0.0,0.0,1.0,1.0,0.0,20.94468589176398,7.0
point_gbdt_safety,HOUSEHOLD_2_034_CA_2,1450.28215941237,1450.28215941237,0.0,0.0,1.0,1.0,0.0,18.59336101810731,18.0
point_gbdt_safety,HOUSEHOLD_2_034_CA_3,1691.781541223619,1691.781541223619,0.0,0.0,1.0,1.0,0.0,21.689506938764346,14.0
point_gbdt_safety,HOUSEHOLD_2_038_TX_1,1552.3856743710346,1552.3856743710346,0.0,0.0,1.0,1.0,0.0,19.90238044065429,11.0
point_gbdt_safety,HOUSEHOLD_2_042_WI_2,1624.9176572162,1624.9176572162,0.0,0.0,1.0,1.0,0.0,20.83227765661795,2.0
point_gbdt_safety,HOUSEHOLD_2_043_TX_2,1424.493308238476,1424.493308238476,0.0,0.0,1.0,1.0,0.0,18.2627347210061,17.0
point_gbdt_safety,HOUSEHOLD_2_045_CA_4,1455.6806188402727,1455.6806188402727,0.0,0.0,1.0,1.0,0.0,18.662572036413753,19.0
point_gbdt_safety,HOUSEHOLD_2_047_TX_2,1712.3053772280307,1712.3053772280307,0.0,0.0,1.0,1.0,0.0,21.95263304138501,40.0
point_gbdt_safety,HOUSEHOLD_2_057_WI_3,1556.7560717725719,1556.7560717725719,0.0,0.0,1.0,1.0,0.0,19.958411176571435,12.0
point_gbdt_safety,HOUSEHOLD_2_058_TX_2,1584.6017908188242,1584.6017908188242,0.0,0.0,1.0,1.0,0.0,20.31540757460031,44.0
point_gbdt_safety,HOUSEHOLD_2_063_TX_2,1530.267746720114,1530.267746720114,0.0,0.0,1.0,1.0,0.0,19.618817265642488,12.0
point_gbdt_safety,HOUSEHOLD_2_067_CA_2,1493.4258527768372,1493.4258527768372,0.0,0.0,1.0,1.0,0.0,19.146485292010734,108.0
point_gbdt_safety,HOUSEHOLD_2_073_WI_3,1572.0024496636472,1572.0024496636472,0.0,0.0,1.0,1.0,0.0,20.15387755979035,3.0
point_gbdt_safety,HOUSEHOLD_2_075_CA_4,1456.7609653652178,1456.7609653652178,0.0,0.0,1.0,1.0,0.0,18.67642263288741,38.0
point_gbdt_safety,HOUSEHOLD_2_075_WI_3,1662.9541940789647,1662.9541940789647,0.0,0.0,1.0,1.0,0.0,21.319925565114932,37.0
point_gbdt_safety,HOUSEHOLD_2_077_CA_3,1597.0547092278557,1597.0547092278557,0.0,0.0,1.0,1.0,0.0,20.475060374716097,9.0
point_gbdt_safety,HOUSEHOLD_2_079_TX_1,1518.3027703112134,1518.3027703112134,0.0,0.0,1.0,1.0,0.0,19.465420132195042,14.0
point_gbdt_safety,HOUSEHOLD_2_087_CA_3,1750.9083988952195,1750.9083988952195,0.0,0.0,1.0,1.0,0.0,22.447543575579736,7.0
point_gbdt_safety,HOUSEHOLD_2_089_TX_2,1540.7546406391036,1540.7546406391036,0.0,0.0,1.0,1.0,0.0,19.75326462357825,57.0
point_gbdt_safety,HOUSEHOLD_2_095_CA_2,1574.5888743808184,1574.5888743808184,0.0,0.0,1.0,1.0,0.0,20.187036851036133,40.0
point_gbdt_safety,HOUSEHOLD_2_095_TX_3,1494.7759037708859,1494.7759037708859,0.0,0.0,1.0,1.0,0.0,19.16379363808828,25.0
point_gbdt_safety,HOUSEHOLD_2_110_CA_1,1680.0337970125436,1612.74102832,67.29276869254363,0.0,0.9194098578532411,0.9358974358974359,0.0641025641025641,20.67616702974359,167.0
point_gbdt_safety,HOUSEHOLD_2_120_TX_2,1581.8300592855173,1581.8300592855173,0.0,0.0,1.0,1.0,0.0,20.27987255494253,35.0
point_gbdt_safety,HOUSEHOLD_2_123_TX_1,1585.1060883804278,1585.1060883804278,0.0,0.0,1.0,1.0,0.0,20.321872927954203,42.0
point_gbdt_safety,HOUSEHOLD_2_129_CA_2,1548.638356496931,1548.638356496931,0.0,0.0,1.0,1.0,0.0,19.854337903806808,14.0
point_gbdt_safety,HOUSEHOLD_2_138_CA_3,1702.8529441781682,1702.8529441781682,0.0,0.0,1.0,1.0,0.0,21.83144800228421,4.0
point_gbdt_safety,HOUSEHOLD_2_139_TX_2,1373.4053705923686,1373.4053705923686,0.0,0.0,1.0,1.0,0.0,17.607761161440624,47.0
point_gbdt_safety,HOUSEHOLD_2_143_CA_1,1378.0452209813534,1378.0452209813534,0.0,0.0,1.0,1.0,0.0,17.667246422837863,22.0
point_gbdt_safety,HOUSEHOLD_2_146_WI_1,1469.3374495161333,1469.3374495161333,0.0,0.0,1.0,1.0,0.0,18.8376596091812,45.0
point_gbdt_safety,HOUSEHOLD_2_147_CA_3,1650.2999607972038,1650.2999607972038,0.0,0.0,1.0,1.0,0.0,21.157691805092355,5.0
point_gbdt_safety,HOUSEHOLD_2_149_TX_1,1572.031766252293,1572.031766252293,0.0,0.0,1.0,1.0,0.0,20.154253413490935,6.0
point_gbdt_safety,HOUSEHOLD_2_150_CA_2,1471.562496622661,1471.562496622661,0.0,0.0,1.0,1.0,0.0,18.86618585413668,33.0
point_gbdt_safety,HOUSEHOLD_2_158_TX_3,1611.3202304377007,1611.3202304377007,0.0,0.0,1.0,1.0,0.0,20.657951672278216,0.0
point_gbdt_safety,HOUSEHOLD_2_159_CA_2,1645.2468076442603,1645.2468076442603,0.0,0.0,1.0,1.0,0.0,21.09290779031103,46.0
point_gbdt_safety,HOUSEHOLD_2_160_WI_1,1550.6242729259948,1550.6242729259948,0.0,0.0,1.0,1.0,0.0,19.879798370846085,41.0
point_gbdt_safety,HOUSEHOLD_2_164_CA_1,1482.808228272019,1482.808228272019,0.0,0.0,1.0,1.0,0.0,19.01036190092332,12.0
point_gbdt_safety,HOUSEHOLD_2_176_TX_2,2122.4405328368293,1747.6890225466568,374.75151029017235,0.0,0.6850827644620401,0.7307692307692307,0.2692307692307692,22.406269519828932,238.0
point_gbdt_safety,HOUSEHOLD_2_179_CA_1,1555.897649239907,1555.897649239907,0.0,0.0,1.0,1.0,0.0,19.947405759485985,28.0
point_gbdt_safety,HOUSEHOLD_2_184_WI_3,1508.8324228656459,1508.8324228656459,0.0,0.0,1.0,1.0,0.0,19.344005421354435,46.0
point_gbdt_safety,HOUSEHOLD_2_190_WI_1,1634.9043018229424,1634.9043018229424,0.0,0.0,1.0,1.0,0.0,20.960311561832594,44.0
point_gbdt_safety,HOUSEHOLD_2_193_TX_1,1468.0111209520292,1468.0111209520292,0.0,0.0,1.0,1.0,0.0,18.820655396820886,22.0
point_gbdt_safety,HOUSEHOLD_2_203_CA_1,1401.3951982334038,1319.7737047263417,81.62149350706201,0.0,0.7763794698436657,0.9487179487179487,0.05128205128205128,16.920175701619765,73.0
point_gbdt_safety,HOUSEHOLD_2_207_WI_3,1632.935541332021,1632.935541332021,0.0,0.0,1.0,1.0,0.0,20.93507104271822,3.0
point_gbdt_safety,HOUSEHOLD_2_208_CA_3,1664.8693445582362,1664.8693445582362,0.0,0.0,1.0,1.0,0.0,21.344478776387643,9.0
point_gbdt_safety,HOUSEHOLD_2_217_TX_1,1322.5694035097333,1302.8928067899596,19.676596719773585,0.0,0.9572247897396227,0.9743589743589743,0.02564102564102564,16.70375393320461,92.0
point_gbdt_safety,HOUSEHOLD_2_218_CA_1,1477.7314666178436,1477.7314666178436,0.0,0.0,1.0,1.0,0.0,18.94527521304928,6.0
point_gbdt_safety,HOUSEHOLD_2_224_TX_1,1470.1061742553065,1470.1061742553065,0.0,0.0,1.0,1.0,0.0,18.847515054555213,6.0
point_gbdt_safety,HOUSEHOLD_2_226_TX_3,1577.481157886667,1577.481157886667,0.0,0.0,1.0,1.0,0.0,20.224117408803423,28.0
point_gbdt_safety,HOUSEHOLD_2_226_WI_1,1411.7602423461606,1411.7602423461606,0.0,0.0,1.0,1.0,0.0,18.09949028648924,39.0
point_gbdt_safety,HOUSEHOLD_2_234_WI_3,1584.372267105149,1584.372267105149,0.0,0.0,1.0,1.0,0.0,20.312464962886526,9.0
point_gbdt_safety,HOUSEHOLD_2_237_CA_2,1543.059304041884,1543.059304041884,0.0,0.0,1.0,1.0,0.0,19.782811590280563,12.0
point_gbdt_safety,HOUSEHOLD_2_238_CA_1,1551.6193133502986,1551.6193133502986,0.0,0.0,1.0,1.0,0.0,19.892555299362805,30.0
point_gbdt_safety,HOUSEHOLD_2_241_CA_2,1479.3044937387629,1479.3044937387629,0.0,0.0,1.0,1.0,0.0,18.965442227420038,18.0
point_gbdt_safety,HOUSEHOLD_2_249_WI_1,1468.8370779330232,1468.8370779330232,0.0,0.0,1.0,1.0,0.0,18.831244588884914,7.0
point_gbdt_safety,HOUSEHOLD_2_257_TX_1,1434.8841128811416,1434.8841128811416,0.0,0.0,1.0,1.0,0.0,18.395950165142843,37.0
point_gbdt_safety,HOUSEHOLD_2_259_CA_2,1592.9986468915304,1592.9986468915304,0.0,0.0,1.0,1.0,0.0,20.42305957553244,56.0
point_gbdt_safety,HOUSEHOLD_2_259_TX_3,1538.0946090105633,1538.0946090105633,0.0,0.0,1.0,1.0,0.0,19.71916165398158,12.0
point_gbdt_safety,HOUSEHOLD_2_260_WI_1,1534.72347420786,1534.72347420786,0.0,0.0,1.0,1.0,0.0,19.675941977023847,16.0
point_gbdt_safety,HOUSEHOLD_2_263_TX_2,1400.4666539215436,1400.4666539215436,0.0,0.0,1.0,1.0,0.0,17.95470069130184,22.0
point_gbdt_safety,HOUSEHOLD_2_263_TX_3,1696.7281189861262,1696.7281189861262,0.0,0.0,1.0,1.0,0.0,21.752924602386233,6.0
point_gbdt_safety,HOUSEHOLD_2_264_WI_3,1480.1270246777763,1480.1270246777763,0.0,0.0,1.0,1.0,0.0,18.975987495868928,34.0
point_gbdt_safety,HOUSEHOLD_2_265_WI_1,1493.5775626865645,1493.5775626865645,0.0,0.0,1.0,1.0,0.0,19.14843029085339,26.0
point_gbdt_safety,HOUSEHOLD_2_275_CA_2,1565.6645197913526,1565.6645197913526,0.0,0.0,1.0,1.0,0.0,20.072622048607084,48.0
point_gbdt_safety,HOUSEHOLD_2_280_TX_2,1538.6051948860209,1538.6051948860209,0.0,0.0,1.0,1.0,0.0,19.72570762674386,30.0
point_gbdt_safety,HOUSEHOLD_2_280_WI_3,1537.8312501463067,1537.8312501463067,0.0,0.0,1.0,1.0,0.0,19.715785258285983,16.0
point_gbdt_safety,HOUSEHOLD_2_288_TX_3,1582.936407595174,1582.936407595174,0.0,0.0,1.0,1.0,0.0,20.294056507630437,13.0
point_gbdt_safety,HOUSEHOLD_2_294_CA_1,2130.5619474170066,2130.5619474170066,0.0,0.0,1.0,1.0,0.0,27.314896761756497,112.0
point_gbdt_safety,HOUSEHOLD_2_294_WI_3,1441.956315233055,1438.973721867668,2.9825933653869896,0.0,0.9944766789529871,0.9871794871794872,0.01282051282051282,18.44838104958549,108.0
point_gbdt_safety,HOUSEHOLD_2_307_TX_1,1553.2768616187916,1553.2768616187916,0.0,0.0,1.0,1.0,0.0,19.913805918189635,3.0
point_gbdt_safety,HOUSEHOLD_2_308_WI_3,1494.3228623516345,1494.3228623516345,0.0,0.0,1.0,1.0,0.0,19.157985414764546,17.0
point_gbdt_safety,HOUSEHOLD_2_311_TX_2,1552.367110624276,1552.367110624276,0.0,0.0,1.0,1.0,0.0,19.902142443900974,39.0
point_gbdt_safety,HOUSEHOLD_2_314_TX_1,1416.2891035983566,1416.2891035983566,0.0,0.0,1.0,1.0,0.0,18.157552610235342,20.0
point_gbdt_safety,HOUSEHOLD_2_316_CA_4,1473.830386041382,1473.830386041382,0.0,0.0,1.0,1.0,0.0,18.8952613595049,18.0
point_gbdt_safety,HOUSEHOLD_2_326_TX_2,1519.7361898501629,1519.7361898501629,0.0,0.0,1.0,1.0,0.0,19.48379730577132,15.0
point_gbdt_safety,HOUSEHOLD_2_330_CA_2,1595.5122775426812,1595.5122775426812,0.0,0.0,1.0,1.0,0.0,20.455285609521553,16.0
point_gbdt_safety,HOUSEHOLD_2_333_WI_2,1576.2949769845318,1576.2949769845318,0.0,0.0,1.0,1.0,0.0,20.20890996134015,17.0
point_gbdt_safety,HOUSEHOLD_2_337_CA_2,1447.0135632715612,1447.0135632715612,0.0,0.0,1.0,1.0,0.0,18.55145593937899,26.0
point_gbdt_safety,HOUSEHOLD_2_338_WI_3,1616.476200565019,1616.476200565019,0.0,0.0,1.0,1.0,0.0,20.72405385339768,11.0
point_gbdt_safety,HOUSEHOLD_2_342_CA_1,1497.3171864694525,1497.3171864694525,0.0,0.0,1.0,1.0,0.0,19.1963741855058,46.0
point_gbdt_safety,HOUSEHOLD_2_345_CA_1,1591.0602489726587,1591.0602489726587,0.0,0.0,1.0,1.0,0.0,20.39820832016229,40.0
point_gbdt_safety,HOUSEHOLD_2_346_TX_3,1396.060053867181,1396.060053867181,0.0,0.0,1.0,1.0,0.0,17.898205818810013,86.0
point_gbdt_safety,HOUSEHOLD_2_348_TX_1,1487.4449100994195,1487.4449100994195,0.0,0.0,1.0,1.0,0.0,19.06980653973615,68.0
point_gbdt_safety,HOUSEHOLD_2_354_TX_1,1428.798514456685,1428.798514456685,0.0,0.0,1.0,1.0,0.0,18.317929672521604,22.0
point_gbdt_safety,HOUSEHOLD_2_354_TX_2,1513.1990506247334,1499.0173527727202,14.181697852013304,0.0,0.9432732085919469,0.9615384615384616,0.038461538461538464,19.21817118939385,50.0
point_gbdt_safety,HOUSEHOLD_2_355_CA_3,1662.7713144461736,1662.7713144461736,0.0,0.0,1.0,1.0,0.0,21.317580954438125,29.0
point_gbdt_safety,HOUSEHOLD_2_355_TX_2,1529.2583810925983,1529.2583810925983,0.0,0.0,1.0,1.0,0.0,19.605876680674335,21.0
point_gbdt_safety,HOUSEHOLD_2_358_CA_4,1599.5065319156952,1599.5065319156952,0.0,0.0,1.0,1.0,0.0,20.50649399891917,1.0
point_gbdt_safety,HOUSEHOLD_2_358_WI_2,1549.3821438933342,1549.3821438933342,0.0,0.0,1.0,1.0,0.0,19.86387363965813,16.0
point_gbdt_safety,HOUSEHOLD_2_370_TX_2,1501.6307896502399,1501.6307896502399,0.0,0.0,1.0,1.0,0.0,19.25167679038769,23.0
point_gbdt_safety,HOUSEHOLD_2_373_WI_3,1572.9233473306938,1572.9233473306938,0.0,0.0,1.0,1.0,0.0,20.1656839401371,10.0
point_gbdt_safety,HOUSEHOLD_2_382_TX_3,1579.421964039779,1579.421964039779,0.0,0.0,1.0,1.0,0.0,20.248999538971525,43.0
point_gbdt_safety,HOUSEHOLD_2_385_WI_1,1586.2832303996383,1586.2832303996383,0.0,0.0,1.0,1.0,0.0,20.336964492303057,15.0
point_gbdt_safety,HOUSEHOLD_2_392_CA_4,1521.6073861360853,1521.6073861360853,0.0,0.0,1.0,1.0,0.0,19.507787001744685,10.0
point_gbdt_safety,HOUSEHOLD_2_396_TX_3,1415.0690303697384,1415.0690303697384,0.0,0.0,1.0,1.0,0.0,18.141910645765876,21.0
point_gbdt_safety,HOUSEHOLD_2_396_WI_2,1524.2607955585463,1524.2607955585463,0.0,0.0,1.0,1.0,0.0,19.541805071263415,6.0
point_gbdt_safety,HOUSEHOLD_2_397_WI_2,1888.7846014830898,1888.7846014830898,0.0,0.0,1.0,1.0,0.0,24.21518719850115,4.0
point_gbdt_safety,HOUSEHOLD_2_401_TX_3,1241.0084907636754,1223.7099407173139,17.298550046361427,0.0,0.9572875307497248,0.9743589743589743,0.02564102564102564,15.688588983555306,81.0
point_gbdt_safety,HOUSEHOLD_2_405_CA_4,1447.4339488175565,1447.4339488175565,0.0,0.0,1.0,1.0,0.0,18.55684549766098,10.0
point_gbdt_safety,HOUSEHOLD_2_412_CA_1,1681.6512380241236,1681.6512380241236,0.0,0.0,1.0,1.0,0.0,21.559631256719534,6.0
point_gbdt_safety,HOUSEHOLD_2_417_TX_1,1496.5892588355546,1496.5892588355546,0.0,0.0,1.0,1.0,0.0,19.18704177994301,5.0
point_gbdt_safety,HOUSEHOLD_2_418_CA_2,1591.550141249698,1591.550141249698,0.0,0.0,1.0,1.0,0.0,20.404488990380745,21.0
point_gbdt_safety,HOUSEHOLD_2_420_CA_3,1578.0810433436013,1578.0810433436013,0.0,0.0,1.0,1.0,0.0,20.231808247994888,36.0
point_gbdt_safety,HOUSEHOLD_2_424_CA_1,1447.3291969538086,1447.3291969538086,0.0,0.0,1.0,1.0,0.0,18.55550252504883,22.0
point_gbdt_safety,HOUSEHOLD_2_424_CA_4,1523.3545583806783,1523.3545583806783,0.0,0.0,1.0,1.0,0.0,19.53018664590613,10.0
point_gbdt_safety,HOUSEHOLD_2_428_CA_4,1583.612596816353,1583.612596816353,0.0,0.0,1.0,1.0,0.0,20.302725600209655,0.0
point_gbdt_safety,HOUSEHOLD_2_429_WI_3,1534.2273693843445,1534.2273693843445,0.0,0.0,1.0,1.0,0.0,19.669581658773648,10.0
point_gbdt_safety,HOUSEHOLD_2_432_TX_3,1555.863781670856,1555.863781670856,0.0,0.0,1.0,1.0,0.0,19.94697155988277,27.0
point_gbdt_safety,HOUSEHOLD_2_436_CA_2,1722.069066330223,1722.069066330223,0.0,0.0,1.0,1.0,0.0,22.077808542695166,38.0
point_gbdt_safety,HOUSEHOLD_2_440_TX_2,1919.3326047761332,1807.4157580369522,111.91684673918107,0.0,0.8497760446453946,0.8974358974358975,0.10256410256410256,23.171996897909644,149.0
point_gbdt_safety,HOUSEHOLD_2_445_WI_2,1577.7448069910242,1577.7448069910242,0.0,0.0,1.0,1.0,0.0,20.22749752552595,2.0
point_gbdt_safety,HOUSEHOLD_2_446_CA_3,1720.4870282943775,1720.4870282943775,0.0,0.0,1.0,1.0,0.0,22.057526003774072,13.0
point_gbdt_safety,HOUSEHOLD_2_451_TX_1,1434.712307023325,1434.712307023325,0.0,0.0,1.0,1.0,0.0,18.393747525940064,103.0
point_gbdt_safety,HOUSEHOLD_2_451_WI_2,1588.5441492703956,1588.5441492703956,0.0,0.0,1.0,1.0,0.0,20.365950631671737,87.0
point_gbdt_safety,HOUSEHOLD_2_459_WI_3,1530.1695370530024,1530.1695370530024,0.0,0.0,1.0,1.0,0.0,19.617558167346186,8.0
point_gbdt_safety,HOUSEHOLD_2_462_CA_4,1591.7311432582324,1591.7311432582324,0.0,0.0,1.0,1.0,0.0,20.406809528951698,11.0
point_gbdt_safety,HOUSEHOLD_2_462_TX_2,1541.0284054331128,1541.0284054331128,0.0,0.0,1.0,1.0,0.0,19.75677442862965,13.0
point_gbdt_safety,HOUSEHOLD_2_465_CA_1,1551.400947325725,1551.400947325725,0.0,0.0,1.0,1.0,0.0,19.88975573494519,88.0
point_gbdt_safety,HOUSEHOLD_2_468_TX_2,1442.1853528698466,1442.1853528698466,0.0,0.0,1.0,1.0,0.0,18.489555806023674,42.0
point_gbdt_safety,HOUSEHOLD_2_470_WI_2,1482.283087595412,1482.283087595412,0.0,0.0,1.0,1.0,0.0,19.00362932814631,44.0
point_gbdt_safety,HOUSEHOLD_2_475_CA_3,1680.185731855393,1680.185731855393,0.0,0.0,1.0,1.0,0.0,21.540842716094783,20.0
point_gbdt_safety,HOUSEHOLD_2_476_WI_2,1482.8545024217697,1482.8545024217697,0.0,0.0,1.0,1.0,0.0,19.010955159253456,19.0
point_gbdt_safety,HOUSEHOLD_2_478_TX_2,1501.9603890686042,1501.9603890686042,0.0,0.0,1.0,1.0,0.0,19.255902423956464,13.0
point_gbdt_safety,HOUSEHOLD_2_480_TX_1,1555.822334412501,1555.822334412501,0.0,0.0,1.0,1.0,0.0,19.946440184775653,15.0
point_gbdt_safety,HOUSEHOLD_2_483_TX_1,1471.6400142042655,1471.6400142042655,0.0,0.0,1.0,1.0,0.0,18.867179669285456,98.0
point_gbdt_safety,HOUSEHOLD_2_488_WI_3,1485.829697736533,1485.829697736533,0.0,0.0,1.0,1.0,0.0,19.04909868892991,14.0
point_gbdt_safety,HOUSEHOLD_2_490_WI_1,1454.5032493025155,1395.0022904418427,59.50095886067288,0.0,0.9062977025816175,0.9487179487179487,0.05128205128205128,17.88464474925439,127.0
point_gbdt_safety,HOUSEHOLD_2_491_TX_3,1522.8768079295317,1522.8768079295317,0.0,0.0,1.0,1.0,0.0,19.524061640122202,39.0
point_gbdt_safety,HOUSEHOLD_2_505_CA_4,1573.1446097091673,1573.1446097091673,0.0,0.0,1.0,1.0,0.0,20.168520637297018,9.0
point_gbdt_safety,HOUSEHOLD_2_507_CA_1,1433.809325265178,1433.809325265178,0.0,0.0,1.0,1.0,0.0,18.38217083673305,67.0
point_gbdt_safety,HOUSEHOLD_2_509_TX_1,1605.5223554844906,1605.5223554844906,0.0,0.0,1.0,1.0,0.0,20.583619942108854,36.0
point_gbdt_safety,HOUSEHOLD_2_509_WI_1,1498.650211616445,1498.650211616445,0.0,0.0,1.0,1.0,0.0,19.213464251492884,8.0
point_gbdt_safety,HOUSEHOLD_2_509_WI_2,1502.450526843841,1502.450526843841,0.0,0.0,1.0,1.0,0.0,19.262186241587706,14.0
point_gbdt_safety,HOUSEHOLD_2_510_CA_2,1587.0833379376006,1587.0833379376006,0.0,0.0,1.0,1.0,0.0,20.34722228125129,57.0
pp_quantile_fixed,FOODS_1_008_CA_1,423.5735220862512,413.6583051262782,9.915216959973003,0.0,0.920678264320216,0.9615384615384616,0.038461538461538464,5.303311604183054,25.0
pp_quantile_fixed,FOODS_1_010_CA_3,375.68731670431333,320.19986391690287,55.48745278741044,0.0,0.7477843055117707,0.8717948717948718,0.1282051282051282,4.105126460473114,44.0
pp_quantile_fixed,FOODS_1_010_WI_3,844.9821138069531,777.7535318070586,67.22858199989443,0.0,0.755532429091293,0.9358974358974359,0.0641025641025641,9.97119912573152,55.0
pp_quantile_fixed,FOODS_1_013_WI_1,1019.752873185386,976.1981901598039,43.55468302558211,0.0,0.9303125071590687,0.9358974358974359,0.0641025641025641,12.515361412305177,125.0
pp_quantile_fixed,FOODS_1_014_WI_3,814.5175280281352,743.2182852192601,71.2992428088751,0.0,0.8360936946922412,0.9358974358974359,0.0641025641025641,9.528439554093078,87.0
pp_quantile_fixed,FOODS_1_022_WI_3,543.6932903469207,543.6932903469207,0.0,0.0,1.0,1.0,0.0,6.970426799319496,1.0
pp_quantile_fixed,FOODS_1_024_TX_1,564.1457420543663,511.42740463318836,52.71833742117796,0.0,0.8010628776559322,0.8974358974358975,0.10256410256410256,6.55676159786139,53.0
pp_quantile_fixed,FOODS_1_025_TX_1,552.3096432997925,525.357977275998,26.951666023794516,0.0,0.8774924271645704,0.9358974358974359,0.0641025641025641,6.735358683025615,44.0
pp_quantile_fixed,FOODS_1_025_WI_1,917.0940056506485,900.4605584953047,16.633447155343752,0.0,0.899191229361553,0.9615384615384616,0.038461538461538464,11.544366134555188,33.0
pp_quantile_fixed,FOODS_1_032_CA_2,2172.167907873726,1733.105001509198,439.0629063645279,0.0,0.7683045348999853,0.7564102564102564,0.24358974358974358,22.219294891143566,379.0
pp_quantile_fixed,FOODS_1_040_TX_1,672.8527370907585,640.5351942793857,32.31754281137283,0.0,0.8423534497006203,0.9230769230769231,0.07692307692307693,8.211989670248535,41.0
pp_quantile_fixed,FOODS_1_043_CA_3,16931.408362633658,16931.408362633658,0.0,0.0,1.0,1.0,0.0,217.06933798248278,42.0
pp_quantile_fixed,FOODS_1_045_CA_3,1552.5172763366245,1552.5172763366245,0.0,0.0,1.0,1.0,0.0,19.90406764534134,133.0
pp_quantile_fixed,FOODS_1_045_WI_2,937.5179977919584,890.7343678928754,46.783629899082996,0.0,0.9133636483350316,0.9358974358974359,0.0641025641025641,11.419671383241992,108.0
pp_quantile_fixed,FOODS_1_046_WI_3,2090.6644497707416,1828.873064585511,261.7913851852305,0.0,0.8060804554183478,0.782051282051282,0.21794871794871795,23.447090571609117,270.0
pp_quantile_fixed,FOODS_1_047_TX_2,755.3380206814302,755.3380206814302,0.0,0.0,1.0,1.0,0.0,9.683820777967053,62.0
pp_quantile_fixed,FOODS_1_054_CA_1,819.5444904216197,581.9064192910037,237.63807113061603,0.0,0.6453163117453491,0.7692307692307693,0.23076923076923078,7.460338708859021,134.0
pp_quantile_fixed,FOODS_1_054_TX_3,458.4550123182918,418.8091329516025,39.64587936668927,0.0,0.7734521179046328,0.9358974358974359,0.0641025641025641,5.369347858353878,35.0
pp_quantile_fixed,FOODS_1_055_WI_2,1395.9512548287755,1233.0793009036138,162.87195392516173,0.0,0.7604824206982915,0.8717948717948718,0.1282051282051282,15.808708985943767,136.0
pp_quantile_fixed,FOODS_1_056_WI_1,919.538518779521,919.538518779521,0.0,0.0,1.0,1.0,0.0,11.78895536896822,1.0
pp_quantile_fixed,FOODS_1_057_CA_2,1539.8730165775542,1539.8730165775542,0.0,0.0,1.0,1.0,0.0,19.741961750994285,3.0
pp_quantile_fixed,FOODS_1_060_CA_4,489.796826505176,489.796826505176,0.0,0.0,1.0,1.0,0.0,6.279446493656103,39.0
pp_quantile_fixed,FOODS_1_062_TX_2,477.9911018955454,451.7524044954587,26.23869740008675,0.0,0.8883459685102691,0.9743589743589743,0.02564102564102564,5.7916974935315215,47.0
pp_quantile_fixed,FOODS_1_064_WI_3,345.0102578829866,345.0102578829866,0.0,0.0,1.0,1.0,0.0,4.423208434397264,18.0
pp_quantile_fixed,FOODS_1_066_WI_1,1116.8714869444534,973.2573270718125,143.61415987264093,0.0,0.8290307620563798,0.8333333333333334,0.16666666666666666,12.477658039382211,168.0
pp_quantile_fixed,FOODS_1_069_CA_3,2122.431648653527,1764.070804402862,358.360844250665,0.0,0.7787896023144043,0.8076923076923077,0.19230769230769232,22.616292364139255,324.0
pp_quantile_fixed,FOODS_1_078_TX_2,649.378027872356,619.378027872356,30.0,0.0,0.8604651162790697,0.9487179487179487,0.05128205128205128,7.940743947081487,43.0
pp_quantile_fixed,FOODS_1_081_WI_1,594.5319747700232,524.1510396478143,70.38093512220898,0.0,0.789907656351615,0.8974358974358975,0.10256410256410256,6.719885123689926,67.0
pp_quantile_fixed,FOODS_1_083_WI_3,1720.493840764295,1696.519077458617,23.97476330567814,0.0,0.9478809493354824,0.9743589743589743,0.02564102564102564,21.750244582802782,92.0
pp_quantile_fixed,FOODS_1_085_CA_4,3224.379272081702,2635.372656009579,589.0066160721229,0.0,0.8297668739675946,0.782051282051282,0.21794871794871795,33.78682892319973,692.0
pp_quantile_fixed,FOODS_1_086_CA_2,1296.1790416945753,1202.8684185714849,93.31062312309044,0.0,0.9042967967968302,0.8717948717948718,0.1282051282051282,15.421389981685703,195.0
pp_quantile_fixed,FOODS_1_086_WI_2,1514.5565276147806,1075.535052641051,439.02147497372965,0.0,0.6529474506136524,0.6923076923076923,0.3076923076923077,13.788910931295524,253.0
pp_quantile_fixed,FOODS_1_089_CA_1,573.084736713879,547.1391304044878,25.945606309391273,0.0,0.8378399605663045,0.9358974358974359,0.0641025641025641,7.014604235954971,32.0
pp_quantile_fixed,FOODS_1_091_TX_3,577.168773859068,577.168773859068,0.0,0.0,1.0,1.0,0.0,7.399599664859846,4.0
pp_quantile_fixed,FOODS_1_094_WI_1,456.5593194591239,377.1585455207626,79.40077393836131,0.0,0.7593915941261778,0.8589743589743589,0.14102564102564102,4.835365968214905,66.0
pp_quantile_fixed,FOODS_1_098_CA_2,468.538008785654,468.538008785654,0.0,0.0,1.0,1.0,0.0,6.006897548534026,13.0
pp_quantile_fixed,FOODS_1_098_TX_1,390.0177882916548,308.90805425702575,81.10973403462907,0.0,0.7250517490351557,0.8846153846153846,0.11538461538461539,3.9603596699618686,59.0
pp_quantile_fixed,FOODS_1_099_CA_2,3700.471433597646,2967.886957155103,732.5844764425427,0.0,0.783259030638301,0.7564102564102564,0.24358974358974358,38.049832784039786,676.0
pp_quantile_fixed,FOODS_1_099_TX_1,2732.727152679795,2135.4961505122355,597.2310021675592,0.0,0.6998839185087643,0.7435897435897436,0.2564102564102564,27.378155775797893,398.0
pp_quantile_fixed,FOODS_1_101_CA_1,2210.3357684372604,2210.3357684372604,0.0,0.0,1.0,1.0,0.0,28.337638056887954,0.0
pp_quantile_fixed,FOODS_1_102_TX_2,598.5187566104199,516.7963061915303,81.72245041888962,0.0,0.7596398517091482,0.8333333333333334,0.16666666666666666,6.625593669122184,68.0
pp_quantile_fixed,FOODS_1_106_CA_1,840.102154345069,685.1662851263591,154.93586921870997,0.0,0.7157140014335597,0.7948717948717948,0.20512820512820512,8.78418314264563,109.0
pp_quantile_fixed,FOODS_1_107_TX_2,467.71542407415825,467.71542407415825,0.0,0.0,1.0,1.0,0.0,5.996351590694337,28.0
pp_quantile_fixed,FOODS_1_111_WI_2,351.03584532630435,351.03584532630435,0.0,0.0,1.0,1.0,0.0,4.50045955546544,9.0
pp_quantile_fixed,FOODS_1_119_WI_1,572.6038511516838,450.78140883549054,121.82244231619329,0.0,0.619304867761896,0.8461538461538461,0.15384615384615385,5.779248831224238,64.0
pp_quantile_fixed,FOODS_1_122_WI_3,878.6926650713218,703.91640485697,174.77626021435188,0.0,0.6539083956151448,0.7564102564102564,0.24358974358974358,9.024569293038077,101.0
pp_quantile_fixed,FOODS_1_131_CA_1,455.91710585297875,419.0600616518414,36.857044201137356,0.0,0.872906744134009,0.8846153846153846,0.11538461538461539,5.372564892972326,58.0
pp_quantile_fixed,FOODS_1_132_WI_3,394.7439660889179,327.84643908265735,66.8975270062605,0.0,0.7475565018631679,0.8846153846153846,0.11538461538461539,4.203159475418684,53.0
pp_quantile_fixed,FOODS_1_134_CA_2,369.23031097701977,313.60279960073325,55.627511376286535,0.0,0.828838426534503,0.9102564102564102,0.08974358974358974,4.020548712829913,65.0
pp_quantile_fixed,FOODS_1_139_TX_3,1136.3116302930662,804.4336651814874,331.87796511157865,0.0,0.6431419729983024,0.7564102564102564,0.24358974358974358,10.313252117711377,186.0
pp_quantile_fixed,FOODS_1_143_CA_1,1280.8034517913918,1126.577087823905,154.22636396748683,0.0,0.7512478000524406,0.9102564102564102,0.08974358974358974,14.443295997742371,124.0
pp_quantile_fixed,FOODS_1_143_WI_2,984.7543165927772,984.7543165927772,0.0,0.0,1.0,1.0,0.0,12.625055340933041,34.0
pp_quantile_fixed,FOODS_1_147_TX_2,270.108044468025,244.17273818298105,25.935306285043985,0.0,0.8517982497997486,0.9230769230769231,0.07692307692307693,3.1304197202946287,35.0
pp_quantile_fixed,FOODS_1_149_CA_3,1276.3626184723644,1189.211868199506,87.1507502728585,0.0,0.8669454194307504,0.9358974358974359,0.0641025641025641,15.246306002557768,131.0
pp_quantile_fixed,FOODS_1_156_TX_3,487.5080742901101,434.0072381118029,53.50083617830715,0.0,0.7770798492570535,0.8846153846153846,0.11538461538461539,5.564195360407729,48.0
pp_quantile_fixed,FOODS_1_159_CA_4,933.6535279973931,933.6535279973931,0.0,0.0,1.0,1.0,0.0,11.969917025607604,14.0
pp_quantile_fixed,FOODS_1_161_CA_4,4316.449922951136,4055.3587022916668,261.09122065946883,0.0,0.832095678032496,0.9102564102564102,0.08974358974358974,51.99177823450855,311.0
pp_quantile_fixed,FOODS_1_161_WI_3,2868.6652839514586,2291.5556034246106,577.1096805268479,0.0,0.763479639128341,0.6923076923076923,0.3076923076923077,29.37891799262321,488.0
pp_quantile_fixed,FOODS_1_168_WI_1,461.98376454841616,425.6523545352647,36.3314100131515,0.0,0.7729286874178032,0.9102564102564102,0.08974358974358974,5.45708146840083,32.0
pp_quantile_fixed,FOODS_1_174_TX_2,304.95189465152293,284.24440824791975,20.707486403603205,0.0,0.8745000824024047,0.9487179487179487,0.05128205128205128,3.6441590801015353,33.0
pp_quantile_fixed,FOODS_1_175_CA_3,865.4534908463667,799.7300183125095,65.72347253385716,0.0,0.8435155415860545,0.8717948717948718,0.1282051282051282,10.25294895272448,84.0
pp_quantile_fixed,FOODS_1_183_CA_2,1013.9442556235728,919.6163023019517,94.32795332162107,0.0,0.8642763261559409,0.8974358974358975,0.10256410256410256,11.789952593614766,139.0
pp_quantile_fixed,FOODS_1_183_CA_4,699.7490001280654,603.199486715883,96.54951341218238,0.0,0.7878032672259728,0.8589743589743589,0.14102564102564102,7.733326752767732,91.0
pp_quantile_fixed,FOODS_1_185_WI_1,914.6335393655977,722.5209191250743,192.1126202405233,0.0,0.6926198076151626,0.782051282051282,0.21794871794871795,9.263088706731722,125.0
pp_quantile_fixed,FOODS_1_191_TX_1,313.1061929644525,270.527314612069,42.57887835238349,0.0,0.7871056082380825,0.9102564102564102,0.08974358974358974,3.468298905282936,40.0
pp_quantile_fixed,FOODS_1_192_CA_4,1274.853379109679,1274.853379109679,0.0,0.0,1.0,1.0,0.0,16.34427409114973,3.0
pp_quantile_fixed,FOODS_1_203_WI_1,617.9037976555355,570.3780683376516,47.52572931788396,0.0,0.8239787803041336,0.9358974358974359,0.0641025641025641,7.3125393376622,54.0
pp_quantile_fixed,FOODS_1_207_CA_4,601.6824288434924,463.23210661361225,138.45032222988013,0.0,0.7258409460794454,0.782051282051282,0.21794871794871795,5.938873161712977,101.0
pp_quantile_fixed,FOODS_1_208_WI_3,562.5803260479727,473.8343493111458,88.74597673682688,0.0,0.7861542729233088,0.8461538461538461,0.15384615384615385,6.074799350142895,83.0
pp_quantile_fixed,FOODS_1_209_CA_4,974.2002224070517,974.2002224070517,0.0,0.0,1.0,1.0,0.0,12.489746441116047,1.0
pp_quantile_fixed,FOODS_1_214_TX_3,611.6947301849021,610.5947253822543,1.1000048026478115,0.0,0.9884210020773916,0.9871794871794872,0.01282051282051282,7.828137504900696,19.0
pp_quantile_fixed,FOODS_1_215_CA_1,1367.4394817510297,1205.538860944184,161.90062080684564,0.0,0.7029346407213842,0.8846153846153846,0.11538461538461539,15.455626422361334,109.0
pp_quantile_fixed,FOODS_2_001_TX_1,699.7293994419042,603.668074863691,96.06132457821316,0.0,0.7739733539336161,0.8846153846153846,0.11538461538461539,7.7393342931242435,85.0
pp_quantile_fixed,FOODS_2_002_CA_3,654.8330502769154,568.1928375264015,86.64021275051395,0.0,0.8074661938877468,0.8717948717948718,0.1282051282051282,7.284523558030789,90.0
pp_quantile_fixed,FOODS_2_004_CA_1,624.1164232708145,522.9487360703515,101.16768720046295,0.0,0.8126524311102538,0.8974358974358975,0.10256410256410256,6.704470975260917,108.0
pp_quantile_fixed,FOODS_2_009_CA_1,782.0999774336092,782.0999774336092,0.0,0.0,1.0,1.0,0.0,10.026922787610374,77.0
pp_quantile_fixed,FOODS_2_009_WI_1,1133.1126600487412,941.7619353734385,191.35072467530264,0.0,0.7360679659650998,0.8076923076923077,0.19230769230769232,12.073870966326135,145.0
pp_quantile_fixed,FOODS_2_012_CA_3,508.7004248181065,508.7004248181065,0.0,0.0,1.0,1.0,0.0,6.521800318180853,28.0
pp_quantile_fixed,FOODS_2_014_CA_3,826.1499177393281,707.2397884829458,118.9101292563823,0.0,0.7573262668237095,0.8461538461538461,0.15384615384615385,9.067176775422382,98.0
pp_quantile_fixed,FOODS_2_014_TX_1,447.8912350528489,434.1707661626517,13.720468890197202,0.0,0.9053760766193296,0.9743589743589743,0.02564102564102564,5.56629187388015,29.0
pp_quantile_fixed,FOODS_2_015_CA_1,660.6984181129586,611.6396199604243,49.058798152534344,0.0,0.8391514814671005,0.9230769230769231,0.07692307692307693,7.841533589236208,61.0
pp_quantile_fixed,FOODS_2_017_WI_1,407.61627679130004,374.2933665921471,33.322910199152965,0.0,0.8518981768926536,0.9358974358974359,0.0641025641025641,4.798632905027527,45.0
pp_quantile_fixed,FOODS_2_017_WI_3,377.62156915198864,377.62156915198864,0.0,0.0,1.0,1.0,0.0,4.841302168615239,2.0
pp_quantile_fixed,FOODS_2_024_CA_4,636.6123205220396,564.9952296394504,71.61709088258917,0.0,0.7761965909919089,0.8717948717948718,0.1282051282051282,7.243528585121159,64.0
pp_quantile_fixed,FOODS_2_024_TX_2,799.0259007810198,788.9465219545267,10.079378826493155,0.0,0.9455168712081451,0.9743589743589743,0.02564102564102564,10.114698999417008,37.0
pp_quantile_fixed,FOODS_2_029_TX_3,2003.8520592090006,1523.2604175013998,480.5916417076008,0.0,0.6504788060308357,0.8076923076923077,0.19230769230769232,19.52897971155641,275.0
pp_quantile_fixed,FOODS_2_031_TX_1,1660.710348575986,1660.710348575986,0.0,0.0,1.0,1.0,0.0,21.291158315076743,9.0
pp_quantile_fixed,FOODS_2_034_WI_3,953.557144131184,941.4843613725611,12.0727827586229,0.0,0.9734664115195101,0.9871794871794872,0.01282051282051282,12.070312325289246,91.0
pp_quantile_fixed,FOODS_2_043_TX_2,625.6396505101501,594.7794660199257,30.860184490224345,0.0,0.7795701107841119,0.9487179487179487,0.05128205128205128,7.625377769486227,28.0
pp_quantile_fixed,FOODS_2_045_TX_1,703.3557835985441,703.3557835985441,0.0,0.0,1.0,1.0,0.0,9.017381841006976,16.0
pp_quantile_fixed,FOODS_2_046_CA_3,459.72039838650693,456.11162671034975,3.6087716761571897,0.0,0.9620129297246611,0.9871794871794872,0.01282051282051282,5.8475849578249965,19.0
pp_quantile_fixed,FOODS_2_047_CA_4,574.9765851176072,496.71357287926236,78.26301223834483,0.0,0.7855807883880963,0.8461538461538461,0.15384615384615385,6.368122729221312,73.0
pp_quantile_fixed,FOODS_2_047_WI_3,682.8314309796172,603.0629903399191,79.768440639698,0.0,0.781456327014526,0.8974358974358975,0.10256410256410256,7.731576799229733,73.0
pp_quantile_fixed,FOODS_2_051_WI_3,697.7102346143622,620.0104040792739,77.69983053508821,0.0,0.7900004580132751,0.8974358974358975,0.10256410256410256,7.948851334349666,74.0
pp_quantile_fixed,FOODS_2_055_TX_1,665.5728101744276,597.5903533694368,67.9824568049907,0.0,0.8568790383052829,0.9102564102564102,0.08974358974358974,7.661414786787652,95.0
pp_quantile_fixed,FOODS_2_067_CA_2,2317.3978134432778,2317.3978134432778,0.0,0.0,1.0,1.0,0.0,29.71022837747792,15.0
pp_quantile_fixed,FOODS_2_067_WI_3,1091.18521904879,1091.18521904879,0.0,0.0,1.0,1.0,0.0,13.989554090369102,0.0
pp_quantile_fixed,FOODS_2_082_TX_3,1352.7346905455993,1159.8936441811509,192.84104636444852,0.0,0.8090682709262886,0.8333333333333334,0.16666666666666666,14.87043133565578,202.0
pp_quantile_fixed,FOODS_2_084_WI_1,626.8596236800834,603.961091558206,22.898532121877285,0.0,0.934575622508922,0.9358974358974359,0.0641025641025641,7.743090917412898,70.0
pp_quantile_fixed,FOODS_2_085_TX_2,448.57094162291617,429.0860802572544,19.48486136566175,0.0,0.8946764250504771,0.9615384615384616,0.038461538461538464,5.501103593041724,37.0
pp_quantile_fixed,FOODS_2_087_WI_3,391.0063342074044,391.0063342074044,0.0,0.0,1.0,1.0,0.0,5.012901720607749,18.0
pp_quantile_fixed,FOODS_2_100_WI_3,1013.8155096207413,831.7522055785489,182.06330404219233,0.0,0.7361401390692865,0.8461538461538461,0.15384615384615385,10.663489815109601,138.0
pp_quantile_fixed,FOODS_2_101_WI_1,621.2541440473378,562.7828391378525,58.47130490948528,0.0,0.8755929682776908,0.8846153846153846,0.11538461538461539,7.215164604331442,94.0
pp_quantile_fixed,FOODS_2_104_CA_2,598.9737126771155,576.2663936349973,22.707319042118268,0.0,0.9301313260242514,0.9487179487179487,0.05128205128205128,7.38803068762817,65.0
pp_quantile_fixed,FOODS_2_105_TX_3,602.7699794454364,564.7209820831984,38.04899736223809,0.0,0.8564188778783468,0.9358974358974359,0.0641025641025641,7.2400125908102355,53.0
pp_quantile_fixed,FOODS_2_107_CA_1,724.0621435015787,643.9645827292577,80.09756077232097,0.0,0.8069938294642868,0.8589743589743589,0.14102564102564102,8.255956188836636,83.0
pp_quantile_fixed,FOODS_2_107_CA_3,1252.867952210342,1048.3455484471897,204.52240376315245,0.0,0.6562648676249538,0.8461538461538461,0.15384615384615385,13.440327544194739,119.0
pp_quantile_fixed,FOODS_2_108_TX_1,410.10229477074824,376.54034155113186,33.56195321961637,0.0,0.840181175144684,0.9358974358974359,0.0641025641025641,4.827440276296563,42.0
pp_quantile_fixed,FOODS_2_108_WI_2,918.4383803152166,753.6956337282779,164.74274658693864,0.0,0.7612423962508136,0.782051282051282,0.21794871794871795,9.662764534977923,138.0
pp_quantile_fixed,FOODS_2_116_TX_3,901.5343482099099,855.2003173326202,46.334030877289756,0.0,0.8780683397966058,0.9230769230769231,0.07692307692307693,10.96410663246949,76.0
pp_quantile_fixed,FOODS_2_117_WI_2,2124.33238892895,1881.7086346425447,242.62375428640533,0.0,0.7843344406343065,0.8076923076923077,0.19230769230769232,24.124469674904418,225.0
pp_quantile_fixed,FOODS_2_118_CA_2,344.0157460868128,308.50948012230765,35.50626596450512,0.0,0.8179165847974097,0.9102564102564102,0.08974358974358974,3.9552497451577904,39.0
pp_quantile_fixed,FOODS_2_118_CA_4,361.335503222528,269.58189264444763,91.75361057808041,0.0,0.6471014977766137,0.8333333333333334,0.16666666666666666,3.4561781108262517,52.0
pp_quantile_fixed,FOODS_2_124_CA_4,502.0054194067285,502.0054194067285,0.0,0.0,1.0,1.0,0.0,6.435966915470878,21.0
pp_quantile_fixed,FOODS_2_124_WI_2,402.8046883168519,402.8046883168519,0.0,0.0,1.0,1.0,0.0,5.164162670728871,18.0
pp_quantile_fixed,FOODS_2_128_TX_3,9175.279340563287,8525.977691971506,649.3016485917815,0.0,0.60767271988412,0.8076923076923077,0.19230769230769232,109.307406307327,331.0
pp_quantile_fixed,FOODS_2_129_TX_2,234.4996772580698,234.38535267221567,0.11432458585411975,0.0,0.9985709426768234,0.9871794871794872,0.01282051282051282,3.00494041887456,16.0
pp_quantile_fixed,FOODS_2_130_WI_2,1312.8380369876293,1231.7609381962939,81.0770987913353,0.0,0.925617340558408,0.8974358974358975,0.10256410256410256,15.791806899952485,218.0
pp_quantile_fixed,FOODS_2_132_TX_2,507.8429211559151,507.8429211559151,0.0,0.0,1.0,1.0,0.0,6.510806681486091,0.0
pp_quantile_fixed,FOODS_2_133_TX_2,601.7116366949225,569.1356285888264,32.57600810609611,0.0,0.8770716675241657,0.9487179487179487,0.05128205128205128,7.296610622933672,53.0
pp_quantile_fixed,FOODS_2_133_TX_3,404.84570973621163,279.9133531998768,124.93235653633485,0.0,0.5835588115455506,0.8205128205128205,0.1794871794871795,3.5886327333317536,60.0
pp_quantile_fixed,FOODS_2_141_CA_3,762.2797492770915,671.914117386767,90.36563189032447,0.0,0.8630823759237509,0.8589743589743589,0.14102564102564102,8.614283556240602,132.0
pp_quantile_fixed,FOODS_2_146_WI_1,762.7068529998145,647.8956813103798,114.81117168943469,0.0,0.8020497039837333,0.8974358974358975,0.10256410256410256,8.306354888594614,116.0
pp_quantile_fixed,FOODS_2_148_CA_2,786.8665605759303,767.5470859643351,19.31947461159515,0.0,0.9333811220289822,0.9615384615384616,0.038461538461538464,9.840347255953015,58.0
pp_quantile_fixed,FOODS_2_149_TX_1,1488.8214820414908,1168.7784962142428,320.042985827248,0.0,0.750939310640274,0.7435897435897436,0.2564102564102564,14.984339695054395,257.0
pp_quantile_fixed,FOODS_2_155_CA_4,956.6019031199739,956.6019031199739,0.0,0.0,1.0,1.0,0.0,12.264126963076588,10.0
pp_quantile_fixed,FOODS_2_159_CA_1,398.16168305186636,383.1991493058401,14.962533746026265,0.0,0.9002497750264915,0.9615384615384616,0.038461538461538464,4.912809606485129,30.0
pp_quantile_fixed,FOODS_2_163_TX_3,783.8841647909618,678.8021375691769,105.08202722178491,0.0,0.7159945210222031,0.8589743589743589,0.14102564102564102,8.70259150729714,74.0
pp_quantile_fixed,FOODS_2_165_CA_4,394.212494237516,394.212494237516,0.0,0.0,1.0,1.0,0.0,5.054006336378411,10.0
pp_quantile_fixed,FOODS_2_165_TX_1,301.44285558730184,301.44285558730184,0.0,0.0,1.0,1.0,0.0,3.8646519947089977,4.0
pp_quantile_fixed,FOODS_2_166_TX_2,1885.0346714801515,1885.0346714801515,0.0,0.0,1.0,1.0,0.0,24.167111172822455,11.0
pp_quantile_fixed,FOODS_2_169_TX_3,364.976837474822,360.0558633337252,4.9209741410967744,0.0,0.9343870114520431,0.9871794871794872,0.01282051282051282,4.616100811970836,15.0
pp_quantile_fixed,FOODS_2_172_CA_2,567.8901032275924,454.5244568906783,113.36564633691401,0.0,0.7777144189472276,0.8846153846153846,0.11538461538461539,5.827236626803568,102.0
pp_quantile_fixed,FOODS_2_176_WI_3,526.2260414018183,526.2260414018183,0.0,0.0,1.0,1.0,0.0,6.746487710279721,16.0
pp_quantile_fixed,FOODS_2_177_WI_1,644.5643733130371,611.6978927081702,32.866480604866844,0.0,0.8601426357239709,0.9615384615384616,0.038461538461538464,7.842280675745772,47.0
pp_quantile_fixed,FOODS_2_182_TX_3,487.91100812473513,471.9116751135745,15.999333011160637,0.0,0.8967784967021895,0.9615384615384616,0.038461538461538464,6.050149680943263,31.0
pp_quantile_fixed,FOODS_2_183_CA_4,1067.0921687845312,828.0094337292737,239.08273505525756,0.0,0.7884223583581792,0.8076923076923077,0.19230769230769232,10.615505560631714,226.0
pp_quantile_fixed,FOODS_2_186_TX_1,273.690434275645,266.28902461051143,7.40140966513354,0.0,0.9610452122887709,0.9743589743589743,0.02564102564102564,3.413961853980916,38.0
pp_quantile_fixed,FOODS_2_187_CA_1,382.2680726615726,356.30251788270226,25.965554778870352,0.0,0.8918101884213735,0.9487179487179487,0.05128205128205128,4.567980998496183,48.0
pp_quantile_fixed,FOODS_2_192_CA_2,1022.0740657850481,986.4800254413102,35.59404034373788,0.0,0.93863096492459,0.9358974358974359,0.0641025641025641,12.647179813350132,116.0
pp_quantile_fixed,FOODS_2_192_TX_1,878.276276681823,878.276276681823,0.0,0.0,1.0,1.0,0.0,11.259952265151577,20.0
pp_quantile_fixed,FOODS_2_198_CA_4,397.8994198968512,363.8517696235921,34.04765027325914,0.0,0.6595234972674087,0.9230769230769231,0.07692307692307693,4.66476627722554,20.0
pp_quantile_fixed,FOODS_2_200_TX_1,838.9100147741087,794.1563461180128,44.75366865609592,0.0,0.7016422089593605,0.9358974358974359,0.0641025641025641,10.1814916168976,30.0
pp_quantile_fixed,FOODS_2_201_WI_3,748.5631354791341,616.5973920920903,131.96574338704374,0.0,0.7871520267950907,0.8461538461538461,0.15384615384615385,7.905094770411415,124.0
pp_quantile_fixed,FOODS_2_202_WI_3,507.4017829820496,475.8716160964802,31.53016688556943,0.0,0.8853448476888385,0.9487179487179487,0.05128205128205128,6.100918155083079,55.0
pp_quantile_fixed,FOODS_2_204_CA_4,1020.3873553133759,872.0179533438209,148.36940196955504,0.0,0.8233697595600534,0.8461538461538461,0.15384615384615385,11.179717350561805,168.0
pp_quantile_fixed,FOODS_2_206_CA_3,1305.0112891850788,1225.2883629009116,79.72292628416722,0.0,0.9114189707953699,0.9230769230769231,0.07692307692307693,15.708825165396302,180.0
pp_quantile_fixed,FOODS_2_207_CA_3,342.0950598529007,342.0950598529007,0.0,0.0,1.0,1.0,0.0,4.385834100678214,13.0
pp_quantile_fixed,FOODS_2_208_TX_1,808.0436763666218,772.4747383658023,35.56893800081946,0.0,0.9461076696957281,0.9487179487179487,0.05128205128205128,9.903522286741055,132.0
pp_quantile_fixed,FOODS_2_212_CA_2,827.4815869979219,769.409965180203,58.071621817718864,0.0,0.8972183684642144,0.8974358974358975,0.10256410256410256,9.864230322823115,113.0
pp_quantile_fixed,FOODS_2_214_CA_3,652.0399544720048,652.0399544720048,0.0,0.0,1.0,1.0,0.0,8.359486595794932,36.0
pp_quantile_fixed,FOODS_2_218_CA_4,439.6257081794436,413.28737546765063,26.338332711792987,0.0,0.8924966011763552,0.9358974358974359,0.0641025641025641,5.2985560957391105,49.0
pp_quantile_fixed,FOODS_2_219_TX_1,616.6550556074412,574.5190988536633,42.135956753777904,0.0,0.7782318065590637,0.9102564102564102,0.08974358974358974,7.365629472482863,38.0
pp_quantile_fixed,FOODS_2_224_TX_2,391.12008817070785,349.3642710122501,41.755817158457745,0.0,0.8424308786473291,0.9102564102564102,0.08974358974358974,4.4790291155416675,53.0
pp_quantile_fixed,FOODS_2_231_CA_1,1149.2819630574566,1139.9506905804406,9.331272477016004,0.0,0.95334363761492,0.9871794871794872,0.01282051282051282,14.61475244333898,40.0
pp_quantile_fixed,FOODS_2_234_WI_3,394.4163204023077,394.4163204023077,0.0,0.0,1.0,1.0,0.0,5.056619492337278,16.0
pp_quantile_fixed,FOODS_2_235_CA_2,1007.0224449715147,943.0632754406171,63.95916953089756,0.0,0.8495078363978882,0.9358974358974359,0.0641025641025641,12.090554813341244,85.0
pp_quantile_fixed,FOODS_2_241_CA_3,3637.8425429068457,2736.449456318557,901.3930865882884,0.0,0.7768828993593347,0.7564102564102564,0.24358974358974358,35.0826853374174,808.0
pp_quantile_fixed,FOODS_2_241_WI_3,1649.451308011698,1386.2735947785125,263.1777132331856,0.0,0.8078994793918353,0.8333333333333334,0.16666666666666666,17.772738394596313,274.0
pp_quantile_fixed,FOODS_2_242_CA_3,1218.22824071612,1138.8508540287817,79.37738668733823,0.0,0.8619523709785423,0.9102564102564102,0.08974358974358974,14.60065197472797,115.0
pp_quantile_fixed,FOODS_2_242_WI_1,1205.5089522950839,901.0948847068819,304.414067588202,0.0,0.6480762224413851,0.7948717948717948,0.20512820512820512,11.5524985218831,173.0
pp_quantile_fixed,FOODS_2_250_WI_2,1309.9634891166193,1261.9260634867567,48.037425629862575,0.0,0.8371612690513133,0.9487179487179487,0.05128205128205128,16.17853927547124,59.0
pp_quantile_fixed,FOODS_2_253_CA_1,594.9887885220095,476.1951668671618,118.7936216548477,0.0,0.747247613500324,0.8205128205128205,0.1794871794871795,6.105066241886689,94.0
pp_quantile_fixed,FOODS_2_254_TX_3,686.4625727830958,619.3986749178423,67.06389786525342,0.0,0.7370043220970454,0.8717948717948718,0.1282051282051282,7.94100865279285,51.0
pp_quantile_fixed,FOODS_2_254_WI_1,271.8698619497934,237.96330762423446,33.90655432555897,0.0,0.7488403383291927,0.9487179487179487,0.05128205128205128,3.050811636208134,27.0
pp_quantile_fixed,FOODS_2_255_TX_2,5880.999999999999,5880.999999999999,0.0,0.0,1.0,1.0,0.0,75.39743589743588,62.0
pp_quantile_fixed,FOODS_2_261_WI_2,827.0243681658776,792.7435522788842,34.28081588699339,0.0,0.9229644586809137,0.9487179487179487,0.05128205128205128,10.16337887537031,89.0
pp_quantile_fixed,FOODS_2_270_CA_3,508.1479462276577,496.9491626267079,11.198783600949834,0.0,0.8755690711005575,0.9615384615384616,0.038461538461538464,6.371143110598819,18.0
pp_quantile_fixed,FOODS_2_270_WI_2,576.5604163918462,549.2101594654328,27.3502569264134,0.0,0.843712817563352,0.9615384615384616,0.038461538461538464,7.041155890582472,35.0
pp_quantile_fixed,FOODS_2_271_WI_2,310.1112363466435,308.3409761621359,1.7702601845076193,0.0,0.9727652279306519,0.9871794871794872,0.01282051282051282,3.9530894379761015,13.0
pp_quantile_fixed,FOODS_2_273_TX_3,306.37140043130404,288.3872317400156,17.98416869128846,0.0,0.7751978913588943,0.9615384615384616,0.038461538461538464,3.6972722017950717,16.0
pp_quantile_fixed,FOODS_2_274_CA_3,1706.4751317507116,1501.6811362222118,204.79399552849975,0.0,0.8381075134162058,0.8846153846153846,0.11538461538461539,19.252322259259124,253.0
pp_quantile_fixed,FOODS_2_274_TX_2,1455.5654645732652,1433.1805779719778,22.38488660128752,0.0,0.9670810491157537,0.9743589743589743,0.02564102564102564,18.374109973999715,136.0
pp_quantile_fixed,FOODS_2_278_CA_4,529.1030013027807,439.7334443664884,89.36955693629233,0.0,0.7021014768790256,0.8846153846153846,0.11538461538461539,5.637608261108825,60.0
pp_quantile_fixed,FOODS_2_284_TX_3,416.9168455207545,404.29036832005585,12.62647720069869,0.0,0.8989881823944106,0.9871794871794872,0.01282051282051282,5.183209850257127,25.0
pp_quantile_fixed,FOODS_2_284_WI_2,482.5555912913841,426.7232088600569,55.83238243132716,0.0,0.7893117644100862,0.9102564102564102,0.08974358974358974,5.47081037000073,53.0
pp_quantile_fixed,FOODS_2_290_WI_1,812.4333154949119,664.4592088997273,147.9741065951846,0.0,0.7886084191497362,0.8461538461538461,0.15384615384615385,8.518707806406761,140.0
pp_quantile_fixed,FOODS_2_298_TX_2,799.1221692625991,786.2484408292628,12.873728433336229,0.0,0.9372013247154332,0.9615384615384616,0.038461538461538464,10.080108215759779,41.0
pp_quantile_fixed,FOODS_2_306_TX_1,565.4591570932104,537.9481970199735,27.510960073236895,0.0,0.8853709996948463,0.9487179487179487,0.05128205128205128,6.896771756666326,48.0
pp_quantile_fixed,FOODS_2_309_TX_2,817.1384636172324,758.5018465210416,58.63661709619092,0.0,0.7905835103707467,0.8717948717948718,0.1282051282051282,9.724382647705662,56.0
pp_quantile_fixed,FOODS_2_311_WI_3,738.8747628968318,629.7188390469828,109.15592384984903,0.0,0.7600968706596725,0.8589743589743589,0.14102564102564102,8.073318449320292,91.0
pp_quantile_fixed,FOODS_2_312_CA_1,557.2780099279179,547.7577321053632,9.520277822554757,0.0,0.9385788527577112,0.9615384615384616,0.038461538461538464,7.022535026991836,31.0
pp_quantile_fixed,FOODS_2_312_TX_2,706.0297681976863,669.5880957855628,36.441672412123495,0.0,0.8973474016559901,0.9230769230769231,0.07692307692307693,8.584462766481575,71.0
pp_quantile_fixed,FOODS_2_313_CA_4,754.236687706675,754.236687706675,0.0,0.0,1.0,1.0,0.0,9.66970112444455,2.0
pp_quantile_fixed,FOODS_2_321_WI_1,390.2381322628879,319.6904046563065,70.54772760658142,0.0,0.7925066835100546,0.8846153846153846,0.11538461538461539,4.0985949314911085,68.0
pp_quantile_fixed,FOODS_2_325_WI_3,2681.9881273730966,2010.8340511788851,671.1540761942114,0.0,0.7383414907624907,0.7435897435897436,0.2564102564102564,25.77992373306263,513.0
pp_quantile_fixed,FOODS_2_326_WI_1,2860.63308351033,2421.3923116083984,439.24077190193157,0.0,0.8304089683776326,0.8333333333333334,0.16666666666666666,31.043491174466645,518.0
pp_quantile_fixed,FOODS_2_329_TX_3,306.7424594110208,306.7424594110208,0.0,0.0,1.0,1.0,0.0,3.9325956334746253,19.0
pp_quantile_fixed,FOODS_2_332_TX_2,573.8504084485479,561.221921420127,12.628487028420885,0.0,0.9450935346590397,0.9615384615384616,0.038461538461538464,7.195152838719578,46.0
pp_quantile_fixed,FOODS_2_332_WI_1,373.74678391758084,359.82455998799236,13.922223929588476,0.0,0.924744735515738,0.9615384615384616,0.038461538461538464,4.61313538446144,37.0
pp_quantile_fixed,FOODS_2_338_TX_3,780.1645283688974,693.5409221243848,86.62360624451269,0.0,0.8556273229258122,0.8589743589743589,0.14102564102564102,8.891550283645959,120.0
pp_quantile_fixed,FOODS_2_340_WI_2,866.1632260675068,817.6523751979746,48.51085086953218,0.0,0.8945416285444953,0.9230769230769231,0.07692307692307693,10.482722758948393,92.0
pp_quantile_fixed,FOODS_2_342_CA_3,2404.5989794482102,1944.6200260259025,459.9789534223077,0.0,0.782000496008385,0.782051282051282,0.21794871794871795,24.931025974691057,422.0
pp_quantile_fixed,FOODS_2_347_WI_3,4117.156248205494,3039.4087590917625,1077.7474891137317,0.0,0.6782843316078413,0.7307692307692307,0.2692307692307692,38.966778962714905,670.0
pp_quantile_fixed,FOODS_2_350_WI_2,961.6152902734657,944.473878620683,17.141411652782715,0.0,0.8817833679118434,0.9487179487179487,0.05128205128205128,12.108639469495936,29.0
pp_quantile_fixed,FOODS_2_351_CA_1,567.2992959187526,479.8649485080337,87.43434741071891,0.0,0.6637140484203119,0.8974358974358975,0.10256410256410256,6.1521147244619705,52.0
pp_quantile_fixed,FOODS_2_354_CA_4,548.5014499165417,506.62613148665315,41.87531842988855,0.0,0.5592071744222258,0.9230769230769231,0.07692307692307693,6.495206813931451,19.0
pp_quantile_fixed,FOODS_2_355_WI_2,940.8210593931958,818.746745011889,122.07431438130683,0.0,0.8404257328348931,0.8589743589743589,0.14102564102564102,10.496753141178063,153.0
pp_quantile_fixed,FOODS_2_356_CA_2,964.9518119073781,854.666204665506,110.28560724187204,0.0,0.8378152834678352,0.8974358974358975,0.10256410256410256,10.957259034173154,136.0
pp_quantile_fixed,FOODS_2_370_CA_2,579.5887703376006,517.6110652277735,61.97770510982722,0.0,0.736265084639033,0.8974358974358975,0.10256410256410256,6.636039297791967,47.0
pp_quantile_fixed,FOODS_2_370_CA_3,753.8034092302555,711.7379663986493,42.065442831606184,0.0,0.7663030953799657,0.9102564102564102,0.08974358974358974,9.124845723059606,36.0
pp_quantile_fixed,FOODS_2_371_WI_3,3274.9593729146,2899.291401082845,375.6679718317548,0.0,0.8803605185249188,0.8717948717948718,0.1282051282051282,37.17040257798519,628.0
pp_quantile_fixed,FOODS_2_376_TX_1,599.5730786694403,569.4367075088404,30.136371160599936,0.0,0.8717601227208513,0.9487179487179487,0.05128205128205128,7.300470609087697,47.0
pp_quantile_fixed,FOODS_2_386_CA_2,704.7436906262157,673.6878730213982,31.05581760481746,0.0,0.8732415607966634,0.9358974358974359,0.0641025641025641,8.637024013094848,49.0
pp_quantile_fixed,FOODS_2_387_WI_2,766.3845523748221,702.315454869678,64.0690975051441,0.0,0.884560184675416,0.9102564102564102,0.08974358974358974,9.004044293201,111.0
pp_quantile_fixed,FOODS_2_389_TX_2,1134.5559080260034,1134.5559080260034,0.0,0.0,1.0,1.0,0.0,14.545588564435942,3.0
pp_quantile_fixed,FOODS_2_390_CA_4,1310.5378764452985,1310.5378764452985,0.0,0.0,1.0,1.0,0.0,16.801767646734596,4.0
pp_quantile_fixed,FOODS_2_399_TX_2,865.5500877911227,778.14171565164,87.40837213948274,0.0,0.8381326441861431,0.8589743589743589,0.14102564102564102,9.976175841687692,108.0
pp_quantile_fixed,FOODS_3_003_WI_3,1159.6707688063248,1138.317884058301,21.35288474802394,0.0,0.8743947955998592,0.9743589743589743,0.02564102564102564,14.593819026388474,34.0
pp_quantile_fixed,FOODS_3_009_CA_4,365.7739496673399,337.56346093448343,28.21048873285647,0.0,0.8824562969464314,0.9230769230769231,0.07692307692307693,4.327736678647224,48.0
pp_quantile_fixed,FOODS_3_009_TX_2,756.129188008658,737.171986368636,18.95720164002208,0.0,0.9501126272630996,0.9615384615384616,0.038461538461538464,9.450922902162,76.0
pp_quantile_fixed,FOODS_3_011_CA_1,1003.6842765583333,707.4568127649633,296.22746379337,0.0,0.7424109010492435,0.7564102564102564,0.24358974358974358,9.069959138012349,230.0
pp_quantile_fixed,FOODS_3_014_CA_1,1272.6307712678706,1272.6307712678706,0.0,0.0,1.0,1.0,0.0,16.315779118818853,2.0
pp_quantile_fixed,FOODS_3_019_TX_2,632.3845464226259,628.9460901656443,3.4384562569817145,0.0,0.9856730989292428,0.9871794871794872,0.01282051282051282,8.063411412380054,48.0
pp_quantile_fixed,FOODS_3_022_CA_1,359.1305641818832,359.1305641818832,0.0,0.0,1.0,1.0,0.0,4.604238002331836,29.0
pp_quantile_fixed,FOODS_3_023_TX_1,618.0918820348628,515.716704105311,102.37517792955184,0.0,0.75624957635821,0.8589743589743589,0.14102564102564102,6.611752616734757,84.0
pp_quantile_fixed,FOODS_3_023_TX_3,443.0079733419961,409.9420584782977,33.06591486369836,0.0,0.8897802837876722,0.9358974358974359,0.0641025641025641,5.255667416388432,60.0
pp_quantile_fixed,FOODS_3_023_WI_2,525.288673436736,501.36162082895504,23.927052607780936,0.0,0.9097092354423361,0.9487179487179487,0.05128205128205128,6.427713087550706,53.0
pp_quantile_fixed,FOODS_3_024_TX_3,2204.3049489879054,2122.0765815783275,82.22836740957786,0.0,0.9156632129132535,0.9358974358974359,0.0641025641025641,27.206110020234966,195.0
pp_quantile_fixed,FOODS_3_024_WI_1,3609.9739154739186,3609.9739154739186,0.0,0.0,1.0,1.0,0.0,46.281716865050235,75.0
pp_quantile_fixed,FOODS_3_026_CA_1,1081.098203334088,948.2794022717344,132.8188010623538,0.0,0.8455595336484258,0.8846153846153846,0.11538461538461539,12.157428234253006,172.0
pp_quantile_fixed,FOODS_3_030_TX_3,7916.59256766192,6397.12640331105,1519.4661643508698,0.0,0.8184628238529427,0.8076923076923077,0.19230769230769232,82.01444106809039,1674.0
pp_quantile_fixed,FOODS_3_034_CA_1,937.2129558948981,769.4097702374321,167.803185657466,0.0,0.765310229849698,0.8589743589743589,0.14102564102564102,9.864227823556822,143.0
pp_quantile_fixed,FOODS_3_035_WI_1,722.2340511354303,705.3147005794267,16.919350556003554,0.0,0.944526719488513,0.9615384615384616,0.038461538461538464,9.042496161274702,61.0
pp_quantile_fixed,FOODS_3_036_CA_4,634.0122443094265,632.3015941912729,1.7106501181535716,0.0,0.9619855529299206,0.9871794871794872,0.01282051282051282,8.10643069475991,9.0
pp_quantile_fixed,FOODS_3_038_CA_4,508.7405042565919,444.0971940410919,64.64331021550005,0.0,0.8126280863318839,0.8974358974358975,0.10256410256410256,5.693553769757588,69.0
pp_quantile_fixed,FOODS_3_038_WI_1,703.559687082801,608.0039425006535,95.5557445821475,0.0,0.7345673761607014,0.8717948717948718,0.1282051282051282,7.794922339751968,72.0
pp_quantile_fixed,FOODS_3_040_WI_1,1044.1105592196316,840.2495458869706,203.86101333266086,0.0,0.5469755259274204,0.7948717948717948,0.20512820512820512,10.772430075473983,90.0
pp_quantile_fixed,FOODS_3_048_TX_1,1065.6555496721153,1065.6555496721153,0.0,0.0,1.0,1.0,0.0,13.662250636821991,64.0
pp_quantile_fixed,FOODS_3_048_TX_3,974.116963316937,964.45369508933,9.663268227606991,0.0,0.9822692326098954,0.9743589743589743,0.02564102564102564,12.364790962683719,109.0
pp_quantile_fixed,FOODS_3_049_TX_1,563.0519029739701,557.0575940865796,5.994308887390503,0.0,0.9571835079472107,0.9871794871794872,0.01282051282051282,7.14176402675102,28.0
pp_quantile_fixed,FOODS_3_050_CA_2,508.5124578282863,459.4895140200456,49.02294380824071,0.0,0.8536628543037591,0.9102564102564102,0.08974358974358974,5.8908912053852,67.0
pp_quantile_fixed,FOODS_3_053_CA_4,681.3925504784308,564.0352086849979,117.357341793433,0.0,0.7362756364192518,0.8846153846153846,0.11538461538461539,7.23122062416664,89.0
pp_quantile_fixed,FOODS_3_054_WI_3,1638.0,1638.0,0.0,0.0,1.0,1.0,0.0,21.0,0.0
pp_quantile_fixed,FOODS_3_057_WI_3,368.86387985316605,359.73047676353985,9.133403089626215,0.0,0.908665969103738,0.9743589743589743,0.02564102564102564,4.611929189276152,20.0
pp_quantile_fixed,FOODS_3_066_CA_4,1710.3649042621955,1304.9187248830524,405.44617937914325,0.0,0.708312101166084,0.782051282051282,0.21794871794871795,16.729727242090416,278.0
pp_quantile_fixed,FOODS_3_066_TX_3,1713.586386435065,1358.86948664063,354.71689979443494,0.0,0.7206953544925709,0.8076923076923077,0.19230769230769232,17.421403674879873,254.0
pp_quantile_fixed,FOODS_3_067_CA_4,518.5745288418433,445.37814451860754,73.1963843232357,0.0,0.8317324498316421,0.8717948717948718,0.1282051282051282,5.70997621177702,87.0
pp_quantile_fixed,FOODS_3_072_WI_3,438.5055503090389,415.4171759286181,23.088374380420788,0.0,0.8717312534421067,0.9615384615384616,0.038461538461538464,5.325861229854079,36.0
pp_quantile_fixed,FOODS_3_074_CA_2,993.5275958434473,778.0531259756331,215.47446986781426,0.0,0.7645087761007493,0.8076923076923077,0.19230769230769232,9.97504007661068,183.0
pp_quantile_fixed,FOODS_3_091_TX_1,343.1626152038491,299.83657030581463,43.326044898034446,0.0,0.8116258917476763,0.8974358974358975,0.10256410256410256,3.84405859366429,46.0
pp_quantile_fixed,FOODS_3_091_WI_1,313.88987610730265,267.99275350217124,45.897122605131415,0.0,0.683468119964611,0.8846153846153846,0.11538461538461539,3.4358045320791186,29.0
pp_quantile_fixed,FOODS_3_094_TX_2,953.4832956266348,916.0235289926761,37.459766633958736,0.0,0.9243237037697803,0.9358974358974359,0.0641025641025641,11.743891397342,99.0
pp_quantile_fixed,FOODS_3_101_WI_3,1533.2610975374673,1285.566956929682,247.69414060778533,0.0,0.8218027765411616,0.782051282051282,0.21794871794871795,16.481627652944642,278.0
pp_quantile_fixed,FOODS_3_102_WI_2,748.0103503593525,667.8257918091676,80.1845585501849,0.0,0.8542098935451182,0.9230769230769231,0.07692307692307693,8.561869125758559,110.0
pp_quantile_fixed,FOODS_3_103_TX_1,329.7448331878791,319.0376766309774,10.707156556901737,0.0,0.9068942908095501,0.9487179487179487,0.05128205128205128,4.090226623474069,23.0
pp_quantile_fixed,FOODS_3_103_WI_1,747.4535175911067,649.9307940665767,97.52272352453,0.0,0.8576310605481313,0.8461538461538461,0.15384615384615385,8.332446077776625,137.0
pp_quantile_fixed,FOODS_3_110_WI_1,388.8323742418257,388.8323742418257,0.0,0.0,1.0,1.0,0.0,4.985030438997765,24.0
pp_quantile_fixed,FOODS_3_111_TX_1,404.18696346456784,373.06548213061706,31.121481333950783,0.0,0.6542057629561024,0.9230769230769231,0.07692307692307693,4.782890796546373,18.0
pp_quantile_fixed,FOODS_3_111_WI_1,437.1212576318703,433.07793111713966,4.0433265147306585,0.0,0.9747292092829334,0.9871794871794872,0.01282051282051282,5.552281168168457,32.0
pp_quantile_fixed,FOODS_3_117_CA_4,460.34303911344665,385.30559863002964,75.03744048341702,0.0,0.8075963064527769,0.8717948717948718,0.1282051282051282,4.939815367051662,78.0
pp_quantile_fixed,FOODS_3_120_TX_1,6355.498265243847,4886.850153383592,1468.6481118602542,0.0,0.6878537488075974,0.7564102564102564,0.24358974358974358,62.65192504337939,941.0
pp_quantile_fixed,FOODS_3_125_CA_1,1234.427706539351,1219.427706539351,15.0,0.0,0.9375,0.9871794871794872,0.01282051282051282,15.633688545376295,48.0
pp_quantile_fixed,FOODS_3_126_WI_1,885.0837533214359,798.4168604207748,86.66689290066111,0.0,0.8613329713589423,0.9102564102564102,0.08974358974358974,10.23611359513814,125.0
pp_quantile_fixed,FOODS_3_133_CA_1,2943.668763860489,2230.897273084702,712.7714907757869,0.0,0.7499047400786711,0.7564102564102564,0.24358974358974358,28.601247090829514,570.0
pp_quantile_fixed,FOODS_3_133_CA_2,2257.962466218951,1805.8277701319962,452.1346960869546,0.0,0.8003820326326911,0.7692307692307693,0.23076923076923078,23.151638078615335,453.0
pp_quantile_fixed,FOODS_3_133_TX_1,1757.654851153804,1544.0206388780175,213.63421227578658,0.0,0.7874286445017049,0.8205128205128205,0.1794871794871795,19.79513639587202,201.0
pp_quantile_fixed,FOODS_3_134_TX_1,1949.819253871161,1547.4206621525334,402.39859171862753,0.0,0.7604770287389122,0.782051282051282,0.21794871794871795,19.83872643785299,336.0
pp_quantile_fixed,FOODS_3_136_CA_1,1760.4974989374869,1296.8305466273732,463.66695231011363,0.0,0.7500447696441436,0.717948717948718,0.28205128205128205,16.626032649068886,371.0
pp_quantile_fixed,FOODS_3_138_WI_3,918.8075379915143,721.0527768521591,197.75476113935522,0.0,0.763167950731311,0.8076923076923077,0.19230769230769232,9.244266369899476,167.0
pp_quantile_fixed,FOODS_3_141_TX_3,393.76488992986543,376.7505845058941,17.014305423971315,0.0,0.8453244961457153,0.9615384615384616,0.038461538461538464,4.830135698793514,22.0
pp_quantile_fixed,FOODS_3_154_CA_1,541.988585460217,541.988585460217,0.0,0.0,1.0,1.0,0.0,6.94857160846432,30.0
pp_quantile_fixed,FOODS_3_155_TX_1,280.5409990854773,268.4868888226306,12.05411026284676,0.0,0.866065441523925,0.9615384615384616,0.038461538461538464,3.442139600290136,18.0
pp_quantile_fixed,FOODS_3_157_CA_2,821.2671697650312,821.2671697650312,0.0,0.0,1.0,1.0,0.0,10.529066279038862,60.0
pp_quantile_fixed,FOODS_3_158_WI_3,333.8038509634143,309.06400912209585,24.73984184131841,0.0,0.8293804010943558,0.9358974358974359,0.0641025641025641,3.962359091308921,29.0
pp_quantile_fixed,FOODS_3_160_CA_1,317.3981651127416,149.6658584263793,167.73230668636234,0.0,0.06815385174243141,0.8461538461538461,0.15384615384615385,1.9187930567484524,36.0
pp_quantile_fixed,FOODS_3_160_TX_1,624.0,624.0,0.0,0.0,1.0,1.0,0.0,8.0,0.0
pp_quantile_fixed,FOODS_3_160_WI_2,184.5159060124408,129.8986099118002,54.6172961006406,0.0,0.1597339061439907,0.9487179487179487,0.05128205128205128,1.6653667937410284,13.0
pp_quantile_fixed,FOODS_3_161_WI_1,567.4778072545652,567.4778072545652,0.0,0.0,1.0,1.0,0.0,7.275356503263656,19.0
pp_quantile_fixed,FOODS_3_162_WI_2,523.3585828693964,516.8781543910667,6.480428478329747,0.0,0.9787526935136729,0.9615384615384616,0.038461538461538464,6.626643005013675,61.0
pp_quantile_fixed,FOODS_3_163_TX_2,459.1075321419205,362.44006030263586,96.66747183928462,0.0,0.7777759268062422,0.8461538461538461,0.15384615384615385,4.646667439777382,87.0
pp_quantile_fixed,FOODS_3_169_TX_3,1084.4982624510694,1000.9181767536874,83.58008569738206,0.0,0.891454434159244,0.8589743589743589,0.14102564102564102,12.832284317354967,154.0
pp_quantile_fixed,FOODS_3_171_WI_2,319.75476243169993,319.75476243169993,0.0,0.0,1.0,1.0,0.0,4.09942003117564,15.0
pp_quantile_fixed,FOODS_3_172_CA_3,1117.4760184945972,1059.80272444177,57.67329405282737,0.0,0.9305141035508104,0.9230769230769231,0.07692307692307693,13.587214415920126,166.0
pp_quantile_fixed,FOODS_3_172_TX_3,1271.0902132012925,1194.5019904424564,76.58822275883611,0.0,0.8679513400709723,0.9102564102564102,0.08974358974358974,15.314128082595595,116.0
pp_quantile_fixed,FOODS_3_176_WI_3,467.86079340323965,441.62664017442074,26.234153228818915,0.0,0.8834037634274716,0.9743589743589743,0.02564102564102564,5.661880002236163,45.0
pp_quantile_fixed,FOODS_3_178_WI_2,803.54416056864,667.0951395817194,136.44902098692057,0.0,0.7667538102787682,0.8461538461538461,0.15384615384615385,8.552501789509224,117.0
pp_quantile_fixed,FOODS_3_180_WI_1,538.7385542794832,498.68328661790196,40.05526766158118,0.0,0.8686712535685863,0.9230769230769231,0.07692307692307693,6.393375469460281,61.0
pp_quantile_fixed,FOODS_3_184_WI_3,1725.9000000000017,1559.4000000000017,166.50000000000006,0.0,0.46290322580645143,0.8205128205128205,0.1794871794871795,19.992307692307715,62.0
pp_quantile_fixed,FOODS_3_192_TX_2,785.1110714241729,710.4722346753446,74.63883674882835,0.0,0.8833768175799557,0.9102564102564102,0.08974358974358974,9.108618393273648,128.0
pp_quantile_fixed,FOODS_3_197_WI_1,538.2662452976126,520.3226146002319,17.94363069738072,0.0,0.8878523081413705,0.9487179487179487,0.05128205128205128,6.670802751285024,32.0
pp_quantile_fixed,FOODS_3_198_TX_2,772.0,772.0,0.0,0.0,1.0,1.0,0.0,9.897435897435898,2.0
pp_quantile_fixed,FOODS_3_198_WI_3,633.7679261988507,633.7679261988507,0.0,0.0,1.0,1.0,0.0,8.125229823062188,4.0
pp_quantile_fixed,FOODS_3_199_CA_2,1467.8229110692482,1414.1060524643617,53.71685860488654,0.0,0.7612584062005042,0.9230769230769231,0.07692307692307693,18.129564775184125,45.0
pp_quantile_fixed,FOODS_3_199_TX_1,774.8740386831723,756.0715548011608,18.802483882011547,0.0,0.8607223416147293,0.9615384615384616,0.038461538461538464,9.693225061553344,27.0
pp_quantile_fixed,FOODS_3_204_CA_2,565.9722456525379,516.501228788495,49.471016864042845,0.0,0.8454030722998661,0.9358974358974359,0.0641025641025641,6.621810625493526,64.0
pp_quantile_fixed,FOODS_3_204_CA_4,664.8840575801303,648.0488931018352,16.835164478295077,0.0,0.9283610022200209,0.9743589743589743,0.02564102564102564,8.308319142331221,47.0
pp_quantile_fixed,FOODS_3_205_TX_1,1734.492496548257,1734.492496548257,0.0,0.0,1.0,1.0,0.0,22.237083289080218,10.0
pp_quantile_fixed,FOODS_3_208_WI_3,510.60321665400494,407.2163566851229,103.38685996888205,0.0,0.7727761319365231,0.7948717948717948,0.20512820512820512,5.22072252160414,91.0
pp_quantile_fixed,FOODS_3_209_TX_2,517.7339720158643,517.7339720158643,0.0,0.0,1.0,1.0,0.0,6.637615025844414,13.0
pp_quantile_fixed,FOODS_3_210_TX_1,284.3923338007643,284.3923338007643,0.0,0.0,1.0,1.0,0.0,3.64605556154826,0.0
pp_quantile_fixed,FOODS_3_211_CA_1,949.1019250604148,675.5156864012667,273.5862386591481,0.0,0.6200191129734054,0.7307692307692307,0.2692307692307692,8.660457517964959,144.0
pp_quantile_fixed,FOODS_3_215_CA_3,1010.1944022909373,899.5619813984467,110.63242089249061,0.0,0.8784259111071532,0.8974358974358975,0.10256410256410256,11.532845915364701,182.0
pp_quantile_fixed,FOODS_3_215_CA_4,735.554460781161,602.552210926674,133.00224985448696,0.0,0.7466623812295486,0.8333333333333334,0.16666666666666666,7.725028345213769,105.0
pp_quantile_fixed,FOODS_3_224_CA_1,703.6265745393107,502.52465254067346,201.10192199863727,0.0,0.7438192076450482,0.6923076923076923,0.3076923076923077,6.442623750521455,157.0
pp_quantile_fixed,FOODS_3_229_CA_1,973.8500392294292,942.4841929726687,31.36584625676056,0.0,0.8769966813460369,0.9358974358974359,0.0641025641025641,12.083130679136778,51.0
pp_quantile_fixed,FOODS_3_232_WI_3,574.4658420338742,552.7669642780429,21.698877755831283,0.0,0.9210949899787954,0.9615384615384616,0.038461538461538464,7.086755952282601,55.0
pp_quantile_fixed,FOODS_3_237_WI_3,833.1480356219209,826.5665936578395,6.581441964081449,0.0,0.9773053725376502,0.9743589743589743,0.02564102564102564,10.597007610997942,58.0
pp_quantile_fixed,FOODS_3_239_CA_4,401.5670273898785,352.31503964034073,49.25198774953779,0.0,0.8209018627289535,0.9358974358974359,0.0641025641025641,4.516859482568471,55.0
pp_quantile_fixed,FOODS_3_240_TX_3,633.1643737615844,584.8545815617883,48.309792199796135,0.0,0.8599716168121851,0.9358974358974359,0.0641025641025641,7.498135661048568,69.0
pp_quantile_fixed,FOODS_3_243_WI_1,564.0782593888412,556.9813207698353,7.096938619005897,0.0,0.9252953829578326,0.9871794871794872,0.01282051282051282,7.140786163715837,19.0
pp_quantile_fixed,FOODS_3_246_CA_2,939.5659183977544,816.2606999513655,123.30521844638895,0.0,0.8212967848603059,0.8589743589743589,0.14102564102564102,10.46488076860725,138.0
pp_quantile_fixed,FOODS_3_246_TX_2,455.0502306385914,429.9934873398904,25.056743298701036,0.0,0.9150618871230474,0.9487179487179487,0.05128205128205128,5.5127370171780825,59.0
pp_quantile_fixed,FOODS_3_247_CA_3,836.9335090114889,710.3213441205315,126.61216489095744,0.0,0.7020890237859825,0.8717948717948718,0.1282051282051282,9.106683898981174,85.0
pp_quantile_fixed,FOODS_3_255_WI_2,494.47844882257857,494.47844882257857,0.0,0.0,1.0,1.0,0.0,6.339467292597162,25.0
pp_quantile_fixed,FOODS_3_256_WI_1,356.90788802903006,354.12483072891297,2.7830573001171066,0.0,0.9381542822196197,0.9871794871794872,0.01282051282051282,4.5400619324219615,9.0
pp_quantile_fixed,FOODS_3_257_TX_2,787.8141672100876,713.1668459788135,74.64732123127402,0.0,0.9011293758526172,0.9102564102564102,0.08974358974358974,9.14316469203607,151.0
pp_quantile_fixed,FOODS_3_258_CA_3,2193.400276335164,1810.971570194532,382.42870614063224,0.0,0.7587200592172667,0.8076923076923077,0.19230769230769232,23.21758423326323,317.0
pp_quantile_fixed,FOODS_3_258_TX_1,1222.618597791297,1134.03281221956,88.58578557173708,0.0,0.9144098690128145,0.8717948717948718,0.1282051282051282,14.538882207943075,207.0
pp_quantile_fixed,FOODS_3_258_TX_2,1213.886685230995,1098.6077000204612,115.27898521053376,0.0,0.8907308197056553,0.8717948717948718,0.1282051282051282,14.084714102826425,211.0
pp_quantile_fixed,FOODS_3_258_WI_2,1993.1499858349825,1529.0689271553422,464.0810586796403,0.0,0.7392803041125616,0.7307692307692307,0.2692307692307692,19.60344778404285,356.0
pp_quantile_fixed,FOODS_3_265_TX_3,583.1223672376374,560.6397416467762,22.482625590861225,0.0,0.9437934360228468,0.9230769230769231,0.07692307692307693,7.18768899547149,80.0
pp_quantile_fixed,FOODS_3_265_WI_2,567.8590024948862,553.2014369026873,14.657565592198907,0.0,0.9568895129641208,0.9743589743589743,0.02564102564102564,7.092326114137017,68.0
pp_quantile_fixed,FOODS_3_270_WI_3,356.68773887694863,347.5362294234767,9.151509453471931,0.0,0.9409580035259876,0.9743589743589743,0.02564102564102564,4.455592684916368,31.0
pp_quantile_fixed,FOODS_3_271_WI_2,867.6435628070334,852.1193992717918,15.524163535241593,0.0,0.9366360672030956,0.9615384615384616,0.038461538461538464,10.92460768297169,49.0
pp_quantile_fixed,FOODS_3_277_CA_4,641.3804444848079,524.8078706573393,116.57257382746857,0.0,0.7121664843766209,0.8461538461538461,0.15384615384615385,6.728306034068453,81.0
pp_quantile_fixed,FOODS_3_278_WI_2,2667.4225005352955,2364.4997092983667,302.9227912369288,0.0,0.8626200493256558,0.8974358974358975,0.10256410256410256,30.314098837158546,441.0
pp_quantile_fixed,FOODS_3_279_TX_3,300.56103587276243,298.6094290944188,1.9516067783436508,0.0,0.9721199031665193,0.9871794871794872,0.01282051282051282,3.82832601403101,14.0
pp_quantile_fixed,FOODS_3_280_WI_3,432.11908553529463,357.2931564690218,74.82592906627278,0.0,0.7546690850286139,0.8717948717948718,0.1282051282051282,4.580681493192587,61.0
pp_quantile_fixed,FOODS_3_282_WI_3,14405.199530831549,11621.206262272455,2783.993268559093,0.0,0.7561109707788792,0.7564102564102564,0.24358974358974358,148.9898238752879,2283.0
pp_quantile_fixed,FOODS_3_286_TX_3,499.720312516228,498.66449145001013,1.0558210662178524,0.0,0.9937892878457774,0.9871794871794872,0.01282051282051282,6.3931345057693605,34.0
pp_quantile_fixed,FOODS_3_286_WI_3,590.897219985591,546.9689981282752,43.92822185731585,0.0,0.8726718207034323,0.9358974358974359,0.0641025641025641,7.012423052926605,69.0
pp_quantile_fixed,FOODS_3_289_TX_3,349.00308455361846,349.00308455361846,0.0,0.0,1.0,1.0,0.0,4.474398519918186,19.0
pp_quantile_fixed,FOODS_3_295_TX_1,4518.206421142036,3578.2432435030278,939.9631776390081,0.0,0.7243509742994111,0.782051282051282,0.21794871794871795,45.874913378243946,682.0
pp_quantile_fixed,FOODS_3_296_CA_4,669.9445881870262,593.4903393864863,76.45424880053986,0.0,0.7533733909660005,0.8589743589743589,0.14102564102564102,7.608850504954953,62.0
pp_quantile_fixed,FOODS_3_300_WI_2,1874.8209644510994,1136.6709602628328,738.1500041882665,0.0,0.5357547143470022,0.6923076923076923,0.3076923076923077,14.572704618754265,318.0
pp_quantile_fixed,FOODS_3_302_CA_4,1726.9160768743752,1537.737182582263,189.1788942921123,0.0,0.8163311705901822,0.8333333333333334,0.16666666666666666,19.714579263875166,206.0
pp_quantile_fixed,FOODS_3_309_CA_2,303.513836103569,295.3262391529256,8.1875969506434,0.0,0.9317700254113049,0.9743589743589743,0.02564102564102564,3.786233835293918,24.0
pp_quantile_fixed,FOODS_3_309_WI_1,394.64448822458723,391.5984057271838,3.046082497403466,0.0,0.9774364259451594,0.9871794871794872,0.01282051282051282,5.020492381117741,27.0
pp_quantile_fixed,FOODS_3_316_TX_3,390.1412583517958,368.9959289624059,21.145329389389893,0.0,0.8161275705270444,0.9358974358974359,0.0641025641025641,4.730717037979563,23.0
pp_quantile_fixed,FOODS_3_318_TX_2,4325.679508057578,3560.661071313075,765.0184367445027,0.0,0.7171835723680212,0.7564102564102564,0.24358974358974358,45.64950091427019,541.0
pp_quantile_fixed,FOODS_3_331_TX_1,785.8758486915751,663.3746957792323,122.50115291234282,0.0,0.84591049948133,0.8461538461538461,0.15384615384615385,8.50480379204144,159.0
pp_quantile_fixed,FOODS_3_335_TX_1,2109.0,2109.0,0.0,0.0,1.0,1.0,0.0,27.03846153846154,5.0
pp_quantile_fixed,FOODS_3_337_CA_1,482.57588315517813,475.25968198109587,7.316201174082266,0.0,0.9643112137849645,0.9743589743589743,0.02564102564102564,6.093072845911485,41.0
pp_quantile_fixed,FOODS_3_346_WI_3,1344.493273303195,1142.9536915739068,201.53958172928836,0.0,0.8089672211096792,0.8205128205128205,0.1794871794871795,14.653252456075728,211.0
pp_quantile_fixed,FOODS_3_352_CA_1,840.0109615253007,779.9704410345769,60.04052049072375,0.0,0.727088543223983,0.8974358974358975,0.10256410256410256,9.999621038904833,44.0
pp_quantile_fixed,FOODS_3_354_WI_2,621.2466928582954,571.5648467117159,49.681846146579616,0.0,0.8371087011587552,0.8974358974358975,0.10256410256410256,7.3277544450219985,61.0
pp_quantile_fixed,FOODS_3_356_CA_1,1112.5365972955026,1022.682074605245,89.85452269025764,0.0,0.8876818466371781,0.9230769230769231,0.07692307692307693,13.111308648785192,160.0
pp_quantile_fixed,FOODS_3_356_TX_2,686.8231314871933,632.6821476435517,54.14098384364158,0.0,0.88720628365908,0.9230769230769231,0.07692307692307693,8.111309585173741,96.0
pp_quantile_fixed,FOODS_3_363_WI_3,1750.3218388986807,1319.6041570188745,430.71768187980604,0.0,0.6469527197706507,0.7692307692307693,0.23076923076923078,16.918002013062495,244.0
pp_quantile_fixed,FOODS_3_365_TX_1,413.640051852201,413.640051852201,0.0,0.0,1.0,1.0,0.0,5.303077587848731,19.0
pp_quantile_fixed,FOODS_3_367_TX_1,1235.376603208597,1061.0504962816847,174.32610692691236,0.0,0.6581841040648776,0.8717948717948718,0.1282051282051282,13.603211490790828,102.0
pp_quantile_fixed,FOODS_3_370_CA_1,1659.8349791047463,1659.8349791047463,0.0,0.0,1.0,1.0,0.0,21.279935629548028,41.0
pp_quantile_fixed,FOODS_3_372_TX_3,1817.971461223065,1553.497646529672,264.473814693393,0.0,0.8585701525703779,0.8333333333333334,0.16666666666666666,19.916636493970152,374.0
pp_quantile_fixed,FOODS_3_380_TX_3,375.9498586038232,360.4471051497342,15.502753454088953,0.0,0.8590658776901005,0.9615384615384616,0.038461538461538464,4.6211167326889,22.0
pp_quantile_fixed,FOODS_3_384_TX_1,334.6009945079694,321.4321235669371,13.168870941032331,0.0,0.8802829914451606,0.9615384615384616,0.038461538461538464,4.120924661114578,22.0
pp_quantile_fixed,FOODS_3_385_CA_4,623.2345416546519,584.4278843946065,38.806657260045476,0.0,0.8348652882551256,0.9487179487179487,0.05128205128205128,7.4926651845462375,47.0
pp_quantile_fixed,FOODS_3_385_TX_3,526.5150542664552,510.4779059921315,16.037148274323705,0.0,0.9317568158539417,0.9615384615384616,0.038461538461538464,6.544588538360661,47.0
pp_quantile_fixed,FOODS_3_387_CA_2,1069.9698912432507,1018.5305666872688,51.439324555981955,0.0,0.7942427017760721,0.9230769230769231,0.07692307692307693,13.058084188298318,50.0
pp_quantile_fixed,FOODS_3_390_TX_2,932.4435877432677,789.4924493648508,142.95113837841689,0.0,0.8055086552674598,0.8333333333333334,0.16666666666666666,10.12169806878014,147.0
pp_quantile_fixed,FOODS_3_392_WI_2,652.8040631888271,520.2574633204824,132.54659986834469,0.0,0.695295172716449,0.8333333333333334,0.16666666666666666,6.669967478467724,87.0
pp_quantile_fixed,FOODS_3_392_WI_3,595.3034228904701,460.08938376143516,135.2140391290349,0.0,0.644173581239382,0.8461538461538461,0.15384615384615385,5.8985818430953225,76.0
pp_quantile_fixed,FOODS_3_393_CA_3,3294.5483046761883,2671.8563298547488,622.6919748214397,0.0,0.8004192388392822,0.782051282051282,0.21794871794871795,34.25456833147114,624.0
pp_quantile_fixed,FOODS_3_398_WI_3,358.6041000547697,347.00592528407896,11.598174770690708,0.0,0.9171558944950664,0.9743589743589743,0.02564102564102564,4.448793913898448,28.0
pp_quantile_fixed,FOODS_3_403_TX_1,2016.128200693538,1771.9423074020585,244.18589329147957,0.0,0.8785144809495127,0.8333333333333334,0.16666666666666666,22.717209069257162,402.0
pp_quantile_fixed,FOODS_3_405_TX_3,693.1704751582566,638.0252059712196,55.145269187037,0.0,0.8130668841117389,0.8974358974358975,0.10256410256410256,8.179810332964355,59.0
pp_quantile_fixed,FOODS_3_408_TX_2,381.90666250150184,381.90666250150184,0.0,0.0,1.0,1.0,0.0,4.896239262839767,8.0
pp_quantile_fixed,FOODS_3_416_CA_4,645.9364203005701,547.8313374761498,98.10508282442038,0.0,0.799785545256285,0.8461538461538461,0.15384615384615385,7.023478685591663,98.0
pp_quantile_fixed,FOODS_3_416_WI_3,587.4371490163203,491.93947369924166,95.49767531707863,0.0,0.7642032708220281,0.8461538461538461,0.15384615384615385,6.306916329477457,81.0
pp_quantile_fixed,FOODS_3_417_CA_3,597.9130867179347,533.0176250185536,64.89546169938099,0.0,0.8197348286128306,0.8974358974358975,0.10256410256410256,6.833559295109662,72.0
pp_quantile_fixed,FOODS_3_422_CA_1,905.3902784588802,849.3961844199434,55.9940940389367,0.0,0.9034584585535573,0.9358974358974359,0.0641025641025641,10.889694672050556,116.0
pp_quantile_fixed,FOODS_3_423_WI_2,706.4161944408211,630.2318778369188,76.18431660390232,0.0,0.8164233334845727,0.8717948717948718,0.1282051282051282,8.079895869704087,83.0
pp_quantile_fixed,FOODS_3_425_CA_1,478.93480593177065,468.4375079776689,10.497297954101805,0.0,0.9681900061996915,0.9743589743589743,0.02564102564102564,6.00560907663678,66.0
pp_quantile_fixed,FOODS_3_427_WI_3,921.7032353751496,917.5854044984239,4.117830876725641,0.0,0.9515549308620512,0.9871794871794872,0.01282051282051282,11.763915442287486,17.0
pp_quantile_fixed,FOODS_3_428_TX_3,270.70955187500743,230.51527830980822,40.1942735651992,0.0,0.6650477202900067,0.9358974358974359,0.0641025641025641,2.9553240808949774,24.0
pp_quantile_fixed,FOODS_3_434_CA_1,1164.2202723564578,952.0181819869935,212.2020903694643,0.0,0.7834672547250364,0.8076923076923077,0.19230769230769232,12.205361307525557,196.0
pp_quantile_fixed,FOODS_3_434_WI_1,949.3929903489844,908.9687970935239,40.42419325546051,0.0,0.8861290330832099,0.9230769230769231,0.07692307692307693,11.65344611658364,71.0
pp_quantile_fixed,FOODS_3_441_TX_2,15631.19999999998,15631.19999999998,0.0,0.0,1.0,1.0,0.0,200.39999999999975,0.0
pp_quantile_fixed,FOODS_3_444_CA_4,7410.0,7410.0,0.0,0.0,1.0,1.0,0.0,95.0,0.0
pp_quantile_fixed,FOODS_3_444_TX_2,29484.0,29484.0,0.0,0.0,1.0,1.0,0.0,378.0,0.0
pp_quantile_fixed,FOODS_3_445_CA_3,1225.7220886695159,1015.0038121908499,210.71827647866598,0.0,0.6628507576341345,0.8846153846153846,0.11538461538461539,13.012869387062178,125.0
pp_quantile_fixed,FOODS_3_449_WI_1,901.6918479017163,732.4796729036387,169.2121749980775,0.0,0.7844430891744236,0.8333333333333334,0.16666666666666666,9.390765037226137,157.0
pp_quantile_fixed,FOODS_3_451_CA_4,853.2416919675592,704.4553249865754,148.78636698098376,0.0,0.6693636289311472,0.8846153846153846,0.11538461538461539,9.031478525468916,90.0
pp_quantile_fixed,FOODS_3_453_TX_2,291.403353776419,291.403353776419,0.0,0.0,1.0,1.0,0.0,3.735940433031013,12.0
pp_quantile_fixed,FOODS_3_453_WI_2,310.2730231652629,304.8120705817445,5.460952583518415,0.0,0.96586904635301,0.9743589743589743,0.02564102564102564,3.907847058740314,32.0
pp_quantile_fixed,FOODS_3_454_CA_1,3933.863779890348,3933.863779890348,0.0,0.0,1.0,1.0,0.0,50.43415102423523,1.0
pp_quantile_fixed,FOODS_3_455_TX_1,4831.348113836028,3337.460218513137,1493.887895322891,0.0,0.7056378531383466,0.717948717948718,0.28205128205128205,42.78795151939919,1015.0
pp_quantile_fixed,FOODS_3_456_CA_4,331.2007595205152,315.7998257300202,15.400933790495,0.0,0.8973271080633667,0.9487179487179487,0.05128205128205128,4.048715714487439,30.0
pp_quantile_fixed,FOODS_3_457_TX_3,404.38602100596506,394.3115782019396,10.07444280402546,0.0,0.8656740959463272,0.9871794871794872,0.01282051282051282,5.055276643614611,15.0
pp_quantile_fixed,FOODS_3_458_TX_1,2468.517540750518,2082.572709218827,385.94483153169097,0.0,0.8378383060791215,0.8205128205128205,0.1794871794871795,26.699650118190092,476.0
pp_quantile_fixed,FOODS_3_458_WI_1,1601.3323401454238,1302.8995672198128,298.43277292561106,0.0,0.825477910569818,0.7948717948717948,0.20512820512820512,16.703840605382215,342.0
pp_quantile_fixed,FOODS_3_464_TX_2,561.2003536949559,534.2135301766596,26.98682351829636,0.0,0.8258914611722816,0.9358974358974359,0.0641025641025641,6.848891412521277,31.0
pp_quantile_fixed,FOODS_3_465_CA_3,522.2512497420627,492.25612590634466,29.99512383571804,0.0,0.8775709231195181,0.9230769230769231,0.07692307692307693,6.310975973158265,49.0
pp_quantile_fixed,FOODS_3_465_TX_2,426.114885564021,426.114885564021,0.0,0.0,1.0,1.0,0.0,5.463011353384885,27.0
pp_quantile_fixed,FOODS_3_465_WI_3,623.8134910221531,552.0685230464842,71.74496797566893,0.0,0.768564619433326,0.8974358974358975,0.10256410256410256,7.077801577519028,62.0
pp_quantile_fixed,FOODS_3_468_TX_2,1100.9800293733158,1077.9518200120783,23.02820936123741,0.0,0.9722551694442924,0.9487179487179487,0.05128205128205128,13.819895128359978,166.0
pp_quantile_fixed,FOODS_3_471_WI_3,459.39188265252284,434.6304710717487,24.76141158077418,0.0,0.8899492818632259,0.9358974358974359,0.0641025641025641,5.57218552656088,45.0
pp_quantile_fixed,FOODS_3_472_CA_1,376.85568461048746,318.4011113714926,58.454573238994826,0.0,0.7002329577487445,0.8589743589743589,0.14102564102564102,4.082065530403751,39.0
pp_quantile_fixed,FOODS_3_474_CA_1,1434.0787197543305,899.8427405407027,534.2359792136278,0.0,0.6608025528802363,0.7435897435897436,0.2564102564102564,11.53644539154747,315.0
pp_quantile_fixed,FOODS_3_476_TX_3,1394.900726789384,1166.6480130260093,228.25271376337466,0.0,0.8237430781750003,0.8076923076923077,0.19230769230769232,14.95702580802576,259.0
pp_quantile_fixed,FOODS_3_479_CA_3,1619.4068750274469,1442.6526566743692,176.7542183530776,0.0,0.779057227058653,0.8205128205128205,0.1794871794871795,18.49554688044063,160.0
pp_quantile_fixed,FOODS_3_479_TX_2,1135.7504936542628,1074.1662542548843,61.58423939937844,0.0,0.8919574747379325,0.9230769230769231,0.07692307692307693,13.771362234036978,114.0
pp_quantile_fixed,FOODS_3_479_TX_3,901.9147905095791,800.8367263553918,101.07806415418733,0.0,0.7958018905976013,0.8717948717948718,0.1282051282051282,10.267137517376817,99.0
pp_quantile_fixed,FOODS_3_481_TX_2,373.1369857428928,355.611567854341,17.525417888551846,0.0,0.8904661381965508,0.9743589743589743,0.02564102564102564,4.5591226647992436,32.0
pp_quantile_fixed,FOODS_3_498_TX_1,3379.4678336296897,2864.2421938441016,515.225639785588,0.0,0.6799840746673367,0.9615384615384616,0.038461538461538464,36.72105376723207,322.0
pp_quantile_fixed,FOODS_3_499_TX_1,4077.572478439402,3482.78247886363,594.7899995757721,0.0,0.8565042220565087,0.8589743589743589,0.14102564102564102,44.65105742132859,829.0
pp_quantile_fixed,FOODS_3_502_TX_2,1064.9488428673144,744.919219814902,320.0296230524125,0.0,0.6937515568876435,0.7692307692307693,0.23076923076923078,9.550246407883359,209.0
pp_quantile_fixed,FOODS_3_511_CA_1,7759.368438369129,5655.977515572718,2103.39092279641,0.0,0.7703721700003919,0.7564102564102564,0.24358974358974358,72.51253225093228,1832.0
pp_quantile_fixed,FOODS_3_511_WI_2,4797.267871988333,3468.079262937678,1329.188609050655,0.0,0.6378232672886499,0.6923076923076923,0.3076923076923077,44.46255465304715,734.0
pp_quantile_fixed,FOODS_3_512_CA_1,435.0379353565107,435.0379353565107,0.0,0.0,1.0,1.0,0.0,5.577409427647573,12.0
pp_quantile_fixed,FOODS_3_513_CA_1,678.3711138382661,556.2145509262778,122.15656291198829,0.0,0.8216692512233748,0.8333333333333334,0.16666666666666666,7.130955781106125,137.0
pp_quantile_fixed,FOODS_3_514_CA_2,1223.3811072654375,933.2827365185841,290.0983707468534,0.0,0.7374675377856531,0.7564102564102564,0.24358974358974358,11.965163288699797,221.0
pp_quantile_fixed,FOODS_3_515_CA_1,1478.3243797941957,1227.424026535682,250.90035325851372,0.0,0.7358943649910381,0.8076923076923077,0.19230769230769232,15.73620546840618,190.0
pp_quantile_fixed,FOODS_3_517_TX_1,382.21149495086536,371.0447048196381,11.166790131227241,0.0,0.8686259984561502,0.9743589743589743,0.02564102564102564,4.756983395123566,17.0
pp_quantile_fixed,FOODS_3_517_TX_3,282.52618528310535,280.9756670584093,1.5505182246960825,0.0,0.9817586091212225,0.9871794871794872,0.01282051282051282,3.602252141774478,17.0
pp_quantile_fixed,FOODS_3_525_CA_4,897.6604319698067,828.7556546709865,68.90477729882028,0.0,0.6466421676983576,0.9230769230769231,0.07692307692307693,10.625072495781877,39.0
pp_quantile_fixed,FOODS_3_531_CA_3,576.8147364799285,516.187256881975,60.62747959795339,0.0,0.7872720014106898,0.9102564102564102,0.08974358974358974,6.617785344640706,57.0
pp_quantile_fixed,FOODS_3_532_TX_3,1108.84910001031,970.7540321634465,138.09506784686351,0.0,0.8108286741823788,0.8589743589743589,0.14102564102564102,12.445564514915981,146.0
pp_quantile_fixed,FOODS_3_532_WI_1,2172.9310396688893,1837.1593382009892,335.7717014679003,0.0,0.8583241765958227,0.8461538461538461,0.15384615384615385,23.55332484873063,474.0
pp_quantile_fixed,FOODS_3_533_TX_3,844.1392295895589,771.2690402180392,72.87018937151969,0.0,0.8675087465972369,0.8974358974358975,0.10256410256410256,9.88806461817999,110.0
pp_quantile_fixed,FOODS_3_533_WI_3,1175.3620055103477,1097.9428928960388,77.41911261430894,0.0,0.914924052072188,0.9230769230769231,0.07692307692307693,14.076190934564599,182.0
pp_quantile_fixed,FOODS_3_538_WI_1,1092.94180485921,1038.5999871119652,54.34181774724469,0.0,0.9284976082273096,0.9230769230769231,0.07692307692307693,13.3153844501534,152.0
pp_quantile_fixed,FOODS_3_544_TX_2,437.49627745618545,402.07831522915814,35.417962227027324,0.0,0.8799391110948226,0.9358974358974359,0.0641025641025641,5.154850195245617,59.0
pp_quantile_fixed,FOODS_3_545_CA_2,615.0449540742036,579.5470618708681,35.49789220333543,0.0,0.826839550227632,0.9230769230769231,0.07692307692307693,7.430090536806001,41.0
pp_quantile_fixed,FOODS_3_546_CA_1,3019.696690132607,2391.7022788843988,627.9944112482083,0.0,0.6050349614791144,0.717948717948718,0.28205128205128205,30.662849729287164,318.0
pp_quantile_fixed,FOODS_3_546_CA_3,1524.2433948907967,1146.9828326481756,377.260562242621,0.0,0.75816630625473,0.7948717948717948,0.20512820512820512,14.704908110874047,312.0
pp_quantile_fixed,FOODS_3_550_TX_1,324.4341683658034,324.4341683658034,0.0,0.0,1.0,1.0,0.0,4.159412414946197,14.0
pp_quantile_fixed,FOODS_3_555_CA_3,9599.590344145385,7095.927456568248,2503.6628875771366,0.0,0.7790235756772166,0.7948717948717948,0.20512820512820512,90.97342893036216,2266.0
pp_quantile_fixed,FOODS_3_558_CA_4,546.0,546.0,0.0,0.0,1.0,1.0,0.0,7.0,0.0
pp_quantile_fixed,FOODS_3_563_WI_1,1085.515254796432,1085.515254796432,0.0,0.0,1.0,1.0,0.0,13.916862240979896,11.0
pp_quantile_fixed,FOODS_3_573_WI_2,1759.0157657417155,1639.1595676403936,119.85619810132195,0.0,0.8443425998684129,0.8974358974358975,0.10256410256410256,21.01486625179992,154.0
pp_quantile_fixed,FOODS_3_575_CA_1,625.2217941646521,587.2092823975984,38.012511767053795,0.0,0.8537980316651778,0.9487179487179487,0.05128205128205128,7.528324133302543,52.0
pp_quantile_fixed,FOODS_3_575_WI_1,475.8542255642904,461.80010841166643,14.054117152623986,0.0,0.9330756326065524,0.9743589743589743,0.02564102564102564,5.92051421040598,42.0
pp_quantile_fixed,FOODS_3_575_WI_2,483.6197773296231,483.6197773296231,0.0,0.0,1.0,1.0,0.0,6.200253555507989,40.0
pp_quantile_fixed,FOODS_3_578_WI_1,6233.994912688277,6233.994912688277,0.0,0.0,1.0,1.0,0.0,79.92301170113176,0.0
pp_quantile_fixed,FOODS_3_580_CA_1,2343.372973666953,2054.240097756159,289.13287591079416,0.0,0.7963852986543704,0.8589743589743589,0.14102564102564102,26.336411509694344,284.0
pp_quantile_fixed,FOODS_3_580_CA_3,6390.018171082515,5873.541970867308,516.4762002152072,0.0,0.8194139160086689,0.8205128205128205,0.1794871794871795,75.30182013932446,572.0
pp_quantile_fixed,FOODS_3_582_CA_1,540.79643807881,380.70796336699345,160.08847471181647,0.0,0.5148834099641926,0.8076923076923077,0.19230769230769232,4.880871325217865,66.0
pp_quantile_fixed,FOODS_3_585_WI_1,414.3348466886096,337.0227779209549,77.3120687676547,0.0,0.6907517249293812,0.8461538461538461,0.15384615384615385,4.320804845140448,50.0
pp_quantile_fixed,FOODS_3_588_WI_3,770.5414604106767,742.050727213539,28.490733197137725,0.0,0.9373830039623346,0.9615384615384616,0.038461538461538464,9.513470861712038,91.0
pp_quantile_fixed,FOODS_3_596_WI_1,936.3335222903701,774.9325220646602,161.40100022570982,0.0,0.7969798739299248,0.8076923076923077,0.19230769230769232,9.935032334162312,159.0
pp_quantile_fixed,FOODS_3_599_TX_3,1375.7704066779486,1375.7704066779486,0.0,0.0,1.0,1.0,0.0,17.638082136896777,2.0
pp_quantile_fixed,FOODS_3_605_WI_3,990.5710034414964,960.5710034414964,30.0,0.0,0.8421052631578947,0.9487179487179487,0.05128205128205128,12.31501286463457,38.0
pp_quantile_fixed,FOODS_3_606_TX_3,636.1576043103603,557.0841865467435,79.07341776361677,0.0,0.7566971761119484,0.8846153846153846,0.11538461538461539,7.14210495572748,65.0
pp_quantile_fixed,FOODS_3_608_CA_3,907.4060968585333,856.1488317790951,51.257265079438184,0.0,0.7989911173355366,0.9102564102564102,0.08974358974358974,10.976267074090963,51.0
pp_quantile_fixed,FOODS_3_610_TX_1,996.0632646740931,996.0632646740931,0.0,0.0,1.0,1.0,0.0,12.770041854796066,16.0
pp_quantile_fixed,FOODS_3_615_CA_4,716.4366785951777,628.3372067207864,88.0994718743913,0.0,0.8125543151608695,0.8589743589743589,0.14102564102564102,8.055605214369056,94.0
pp_quantile_fixed,FOODS_3_618_WI_3,1908.7746333254074,1536.6202395662392,372.1543937591682,0.0,0.574680692846665,0.8974358974358975,0.10256410256410256,19.700259481618453,175.0
pp_quantile_fixed,FOODS_3_625_TX_1,302.277768747881,302.277768747881,0.0,0.0,1.0,1.0,0.0,3.875356009588218,4.0
pp_quantile_fixed,FOODS_3_626_WI_1,428.12341705666086,428.12341705666086,0.0,0.0,1.0,1.0,0.0,5.488761757136678,19.0
pp_quantile_fixed,FOODS_3_626_WI_2,617.6652949723602,589.693262643675,27.972032328685312,0.0,0.7202796767131469,0.9487179487179487,0.05128205128205128,7.560170033893269,20.0
pp_quantile_fixed,FOODS_3_628_WI_1,2222.228635879027,1733.738844149132,488.4897917298948,0.0,0.7048400049970424,0.7692307692307693,0.23076923076923078,22.227421078835025,331.0
pp_quantile_fixed,FOODS_3_633_WI_1,993.4695573378282,951.5399875299045,41.929569807923734,0.0,0.8689700943502383,0.9230769230769231,0.07692307692307693,12.19923060935775,64.0
pp_quantile_fixed,FOODS_3_634_CA_4,1925.8065446276482,1687.1257783349627,238.6807662926857,0.0,0.7897085759535809,0.782051282051282,0.21794871794871795,21.62981767096106,227.0
pp_quantile_fixed,FOODS_3_638_TX_3,676.7034464601085,635.2587345343363,41.44471192577218,0.0,0.8405972618239532,0.9102564102564102,0.08974358974358974,8.14434275044021,52.0
pp_quantile_fixed,FOODS_3_640_WI_2,977.7607275104951,961.2797148165051,16.48101269399005,0.0,0.9598024080634389,0.9743589743589743,0.02564102564102564,12.324098907903911,82.0
pp_quantile_fixed,FOODS_3_642_TX_3,831.7131481770762,807.5864516293955,24.126696547680737,0.0,0.9153449243941026,0.9743589743589743,0.02564102564102564,10.353672456787121,57.0
pp_quantile_fixed,FOODS_3_644_WI_2,649.4449142533724,649.4449142533724,0.0,0.0,1.0,1.0,0.0,8.326216849402211,10.0
pp_quantile_fixed,FOODS_3_646_CA_2,1324.5114085725113,1206.95603893033,117.55536964218132,0.0,0.6081487678593956,0.8589743589743589,0.14102564102564102,15.473795370901666,60.0
pp_quantile_fixed,FOODS_3_646_WI_3,1351.8609574612242,1232.2428388285166,119.61811863270768,0.0,0.7250158192351548,0.8461538461538461,0.15384615384615385,15.79798511318611,87.0
pp_quantile_fixed,FOODS_3_651_CA_2,1253.2302429722115,1060.9599914524135,192.2702515197979,0.0,0.8673998265380704,0.8461538461538461,0.15384615384615385,13.60205117246684,290.0
pp_quantile_fixed,FOODS_3_657_CA_4,755.093965019583,727.3799762725664,27.7139887470166,0.0,0.8845250468874308,0.9358974358974359,0.0641025641025641,9.325384311186749,48.0
pp_quantile_fixed,FOODS_3_658_WI_1,743.7778313541011,640.3504172114618,103.42741414263921,0.0,0.7241935622862955,0.8717948717948718,0.1282051282051282,8.20962073348028,75.0
pp_quantile_fixed,FOODS_3_658_WI_3,423.4851050310346,423.4851050310346,0.0,0.0,1.0,1.0,0.0,5.429296218346598,38.0
pp_quantile_fixed,FOODS_3_662_WI_2,419.22959907940094,419.22959907940094,0.0,0.0,1.0,1.0,0.0,5.37473844973591,11.0
pp_quantile_fixed,FOODS_3_663_CA_1,3276.0,3276.0,0.0,0.0,1.0,1.0,0.0,42.0,0.0
pp_quantile_fixed,FOODS_3_663_TX_2,700.3509408966717,597.6217316580695,102.72920923860212,0.0,0.755406644669995,0.8461538461538461,0.15384615384615385,7.661817072539352,84.0
pp_quantile_fixed,FOODS_3_667_TX_3,302.59738735699693,290.1240539510689,12.47333340592801,0.0,0.8081025629857229,0.9615384615384616,0.038461538461538464,3.719539153218832,13.0
pp_quantile_fixed,FOODS_3_668_WI_3,3758.1872444988326,3004.4496207870534,753.7376237117793,0.0,0.7923587813466172,0.7948717948717948,0.20512820512820512,38.5185848818853,726.0
pp_quantile_fixed,FOODS_3_669_TX_1,1827.3641753485877,1652.8678391438873,174.49633620470038,0.0,0.8005756157660568,0.8974358974358975,0.10256410256410256,21.190613322357528,175.0
pp_quantile_fixed,FOODS_3_670_CA_4,651.8886627645609,651.8886627645609,0.0,0.0,1.0,1.0,0.0,8.357546958520011,21.0
pp_quantile_fixed,FOODS_3_672_TX_2,4488.045009438522,3358.6317309162705,1129.4132785222516,0.0,0.7155130280800375,0.7051282051282052,0.2948717948717949,43.05938116559321,794.0
pp_quantile_fixed,FOODS_3_677_WI_2,582.4754568488931,555.9262103086477,26.549246540245424,0.0,0.9301335617361963,0.9615384615384616,0.038461538461538464,7.127259106521124,76.0
pp_quantile_fixed,FOODS_3_691_WI_1,543.9236842033023,524.8168715647392,19.106812638563035,0.0,0.8767302410415287,0.9487179487179487,0.05128205128205128,6.728421430317169,31.0
pp_quantile_fixed,FOODS_3_693_WI_2,435.9570103986894,435.9570103986894,0.0,0.0,1.0,1.0,0.0,5.589192441008839,7.0
pp_quantile_fixed,FOODS_3_694_WI_3,14194.524169236698,10374.46653434131,3820.0576348953873,0.0,0.7862904819638944,0.7692307692307693,0.23076923076923078,133.00598120950397,3575.0
pp_quantile_fixed,FOODS_3_705_TX_2,553.8152062541001,533.9901724537219,19.825033800378105,0.0,0.9156381540409443,0.9487179487179487,0.05128205128205128,6.846027851970794,47.0
pp_quantile_fixed,FOODS_3_711_CA_3,8078.773434288337,6648.423550516437,1430.3498837719,0.0,0.7306309070109416,0.782051282051282,0.21794871794871795,85.23619936559534,1062.0
pp_quantile_fixed,FOODS_3_712_CA_3,1097.9286079217109,858.4322680215317,239.496339900179,0.0,0.7114501928913506,0.8333333333333334,0.16666666666666666,11.005541897711945,166.0
pp_quantile_fixed,FOODS_3_718_TX_1,774.8385920505983,774.8385920505983,0.0,0.0,1.0,1.0,0.0,9.933828103212798,6.0
pp_quantile_fixed,FOODS_3_723_WI_3,10539.648395715218,7954.633720907078,2585.01467480814,0.0,0.7821310851404853,0.7307692307692307,0.2692307692307692,101.98248360137279,2373.0
pp_quantile_fixed,FOODS_3_727_WI_3,1636.9980017082007,1282.0020027115693,354.99599899663133,0.0,0.7543280283760336,0.7692307692307693,0.23076923076923078,16.435923111686787,289.0
pp_quantile_fixed,FOODS_3_730_CA_3,718.3426649561715,689.0198907818195,29.322774174351913,0.0,0.9407620723750467,0.9743589743589743,0.02564102564102564,8.833588343356661,99.0
pp_quantile_fixed,FOODS_3_734_TX_1,3541.5586491086938,3372.4736511373003,169.08499797139342,0.0,0.9343359231179054,0.8846153846153846,0.11538461538461539,43.23684168124744,515.0
pp_quantile_fixed,FOODS_3_735_CA_4,363.7048508373968,350.74627745465773,12.958573382739056,0.0,0.907438761551864,0.9743589743589743,0.02564102564102564,4.496747146854586,28.0
pp_quantile_fixed,FOODS_3_745_TX_3,612.9409269242467,612.9409269242467,0.0,0.0,1.0,1.0,0.0,7.858217011849317,0.0
pp_quantile_fixed,FOODS_3_746_CA_4,956.199623220294,790.7232047199788,165.47641850031525,0.0,0.8018246485026166,0.8076923076923077,0.19230769230769232,10.13747698358947,167.0
pp_quantile_fixed,FOODS_3_749_CA_1,2200.7993330674053,2139.3025602143844,61.496772853020886,0.0,0.8267696539351524,0.9743589743589743,0.02564102564102564,27.426955900184414,71.0
pp_quantile_fixed,FOODS_3_750_CA_2,1690.0,1485.0,205.0,0.0,0.39705882352941174,0.8205128205128205,0.1794871794871795,19.03846153846154,68.0
pp_quantile_fixed,FOODS_3_753_TX_2,1238.882088839487,1091.4734454171453,147.4086434223419,0.0,0.8575761899301044,0.8717948717948718,0.1282051282051282,13.993249300219812,207.0
pp_quantile_fixed,FOODS_3_755_TX_3,1170.883810199994,1093.2995462074587,77.58426399253531,0.0,0.8507994923220473,0.9230769230769231,0.07692307692307693,14.016660848813572,104.0
pp_quantile_fixed,FOODS_3_756_WI_3,2502.885373372755,1954.1202688804046,548.7651044923505,0.0,0.7873003470959881,0.7692307692307693,0.23076923076923078,25.05282396000519,516.0
pp_quantile_fixed,FOODS_3_757_CA_3,9621.0,9076.0,545.0,0.0,0.6279863481228669,0.8846153846153846,0.11538461538461539,116.35897435897436,293.0
pp_quantile_fixed,FOODS_3_763_TX_2,221.57294405472433,216.69744142440592,4.8755026303184,0.0,0.9024899473936319,0.9871794871794872,0.01282051282051282,2.778172325953922,10.0
pp_quantile_fixed,FOODS_3_766_TX_3,272.9112668544986,269.92173532772415,2.9895315267744538,0.0,0.964829040861477,0.9871794871794872,0.01282051282051282,3.460535068304156,17.0
pp_quantile_fixed,FOODS_3_768_CA_2,913.1917971982916,661.3309111262162,251.86088607207552,0.0,0.6928525779608835,0.717948717948718,0.28205128205128205,8.478601424695078,164.0
pp_quantile_fixed,FOODS_3_770_WI_3,524.7003212859316,518.5922612517076,6.108060034224065,0.0,0.9740082551735145,0.9743589743589743,0.02564102564102564,6.64861873399625,47.0
pp_quantile_fixed,FOODS_3_774_WI_2,591.3887756790266,558.7552041397527,32.63357153927394,0.0,0.8668017488192901,0.9230769230769231,0.07692307692307693,7.163528258201957,49.0
pp_quantile_fixed,FOODS_3_779_CA_1,645.6845965716659,645.6845965716659,0.0,0.0,1.0,1.0,0.0,8.278007648354691,27.0
pp_quantile_fixed,FOODS_3_783_CA_1,1701.2176024625505,1416.800788001407,284.4168144611435,0.0,0.8255111567723046,0.8205128205128205,0.1794871794871795,18.164112666684705,326.0
pp_quantile_fixed,FOODS_3_783_TX_3,6171.59999999999,6171.59999999999,0.0,0.0,1.0,1.0,0.0,79.1230769230768,96.0
pp_quantile_fixed,FOODS_3_786_CA_2,616.2491265756663,506.5045115179793,109.74461505768694,0.0,0.6908602392741213,0.8461538461538461,0.15384615384615385,6.493647583563837,71.0
pp_quantile_fixed,FOODS_3_788_WI_2,1439.5467821369161,1278.4199005493863,161.12688158752974,0.0,0.7822609708276625,0.8461538461538461,0.15384615384615385,16.389998724992132,148.0
pp_quantile_fixed,FOODS_3_791_CA_4,531.7175980637753,513.2874577275572,18.430140336218088,0.0,0.930452300618045,0.9615384615384616,0.038461538461538464,6.58060843240458,53.0
pp_quantile_fixed,FOODS_3_791_WI_2,1218.3124862799025,1218.3124862799025,0.0,0.0,1.0,1.0,0.0,15.61939084974234,37.0
pp_quantile_fixed,FOODS_3_792_CA_1,1042.0117803126795,850.8395088727914,191.17227143988828,0.0,0.7625189174659773,0.8461538461538461,0.15384615384615385,10.908198831702453,161.0
pp_quantile_fixed,FOODS_3_793_WI_1,1103.4199282920374,1028.0761676761438,75.3437606158937,0.0,0.9324271205238621,0.9358974358974359,0.0641025641025641,13.180463688155688,223.0
pp_quantile_fixed,FOODS_3_795_WI_2,1633.0604161568265,1438.166441841818,194.89397431500865,0.0,0.8607900183464224,0.8461538461538461,0.15384615384615385,18.43803130566433,280.0
pp_quantile_fixed,FOODS_3_799_TX_1,260.6939856973188,260.6939856973188,0.0,0.0,1.0,1.0,0.0,3.3422305858630614,6.0
pp_quantile_fixed,FOODS_3_802_WI_3,442.35244693382214,433.5546444769618,8.797802456860344,0.0,0.941347983620931,0.9743589743589743,0.02564102564102564,5.558392877909767,30.0
pp_quantile_fixed,FOODS_3_805_TX_1,843.3026402817574,757.9400047199618,85.36263556179556,0.0,0.8577289407303408,0.8589743589743589,0.14102564102564102,9.717179547691819,120.0
pp_quantile_fixed,FOODS_3_806_CA_1,644.3032467861775,634.4050267708759,9.898220015301638,0.0,0.9057312379495082,0.9871794871794872,0.01282051282051282,8.133397779113794,21.0
pp_quantile_fixed,FOODS_3_806_CA_4,456.40700680127844,456.40700680127844,0.0,0.0,1.0,1.0,0.0,5.851371882067673,10.0
pp_quantile_fixed,FOODS_3_809_CA_1,1043.5112302167768,755.221842980719,288.28938723605785,0.0,0.6883357975826402,0.8076923076923077,0.19230769230769232,9.682331320265629,185.0
pp_quantile_fixed,FOODS_3_810_WI_2,1237.881664907884,1185.9062700984039,51.97539480948006,0.0,0.774020022567478,0.9230769230769231,0.07692307692307693,15.203926539723126,46.0
pp_quantile_fixed,FOODS_3_813_TX_1,368.75444152409193,321.68655881740705,47.06788270668486,0.0,0.6513490169875196,0.8974358974358975,0.10256410256410256,4.124186651505219,27.0
pp_quantile_fixed,FOODS_3_814_CA_3,1113.8403922759742,945.0456222914785,168.7947699844958,0.0,0.8353221756248822,0.8589743589743589,0.14102564102564102,12.115969516557417,205.0
pp_quantile_fixed,FOODS_3_818_CA_3,2262.6261264936516,2067.0191379338908,195.60698855976062,0.0,0.9019513841805712,0.8461538461538461,0.15384615384615385,26.500245358126804,399.0
pp_quantile_fixed,FOODS_3_821_TX_2,360.7900506593953,332.8640105664959,27.926040092899438,0.0,0.8925921534888482,0.9230769230769231,0.07692307692307693,4.267487314955075,52.0
pp_quantile_fixed,FOODS_3_824_TX_3,76.06567049712294,55.62510536293748,20.440565134185448,0.0,0.18237739463258218,0.9487179487179487,0.05128205128205128,0.7131423764479164,5.0
pp_quantile_fixed,HOBBIES_1_004_WI_3,1466.893393351718,1466.893393351718,0.0,0.0,1.0,1.0,0.0,18.806325555791258,134.0
pp_quantile_fixed,HOBBIES_1_005_WI_1,511.057105311666,483.62786372237593,27.429241589290072,0.0,0.9142836200334685,0.9358974358974359,0.0641025641025641,6.200357227209948,64.0
pp_quantile_fixed,HOBBIES_1_009_CA_1,866.1232100813328,851.4535659876071,14.669644093725704,0.0,0.8952168279019592,0.9615384615384616,0.038461538461538464,10.916071358815476,28.0
pp_quantile_fixed,HOBBIES_1_009_CA_4,1786.7502973753499,1786.7502973753499,0.0,0.0,1.0,1.0,0.0,22.90705509455577,136.0
pp_quantile_fixed,HOBBIES_1_010_CA_3,393.27260218475993,337.43749840172194,55.835103783037994,0.0,0.776659584867848,0.8974358974358975,0.10256410256410256,4.3261217743810505,50.0
pp_quantile_fixed,HOBBIES_1_012_TX_2,216.22749511847542,214.54974884132014,1.6777462771552898,0.0,0.9832225372284471,0.9743589743589743,0.02564102564102564,2.7506378056579504,20.0
pp_quantile_fixed,HOBBIES_1_023_CA_3,713.6199761733277,483.22645003669044,230.39352613663723,0.0,0.6708663912333753,0.7948717948717948,0.20512820512820512,6.195210897906287,140.0
pp_quantile_fixed,HOBBIES_1_026_CA_4,416.73156304970223,384.7386198052165,31.99294324448571,0.0,0.8915493449339467,0.8974358974358975,0.10256410256410256,4.932546407759186,59.0
pp_quantile_fixed,HOBBIES_1_027_CA_1,360.16115685783404,356.22726352099323,3.933893336840786,0.0,0.9768594509597602,0.9871794871794872,0.01282051282051282,4.567016198987092,34.0
pp_quantile_fixed,HOBBIES_1_028_WI_3,244.5736220255088,227.2022462308251,17.37137579468369,0.0,0.8610289936425305,0.9487179487179487,0.05128205128205128,2.912849310651604,25.0
pp_quantile_fixed,HOBBIES_1_029_WI_3,249.16073715473132,236.59849115368468,12.562246001046653,0.0,0.8325033866527112,0.9615384615384616,0.038461538461538464,3.0333139891498035,15.0
pp_quantile_fixed,HOBBIES_1_030_WI_2,940.6879797676878,868.7675050674828,71.920474700205,0.0,0.8401767228884334,0.9230769230769231,0.07692307692307693,11.1380449367626,90.0
pp_quantile_fixed,HOBBIES_1_032_CA_2,5388.551588732021,4962.154365986703,426.3972227453175,0.0,0.846619704048447,0.8717948717948718,0.1282051282051282,63.61736366649619,556.0
pp_quantile_fixed,HOBBIES_1_043_TX_2,696.3892189131952,658.4969837395937,37.89223517360155,0.0,0.9118785228520894,0.9487179487179487,0.05128205128205128,8.442269022302483,86.0
pp_quantile_fixed,HOBBIES_1_043_WI_3,1491.0697271854879,1268.2557102527885,222.8140169326993,0.0,0.7616962385746531,0.8461538461538461,0.15384615384615385,16.259688592984467,187.0
pp_quantile_fixed,HOBBIES_1_045_CA_4,453.2264174859328,427.96419537117714,25.262222114755666,0.0,0.6391111126463477,0.9615384615384616,0.038461538461538464,5.48672045347663,14.0
pp_quantile_fixed,HOBBIES_1_050_TX_3,243.38355626263998,184.44200391949454,58.94155234314544,0.0,0.719325941223117,0.8717948717948718,0.1282051282051282,2.3646410758909555,42.0
pp_quantile_fixed,HOBBIES_1_054_CA_4,112.11663331864371,109.1946742060837,2.9219591125599997,0.0,0.9550467828836923,0.9871794871794872,0.01282051282051282,1.3999317205908166,13.0
pp_quantile_fixed,HOBBIES_1_057_WI_1,534.4212580222345,506.60762672677913,27.81363129545534,0.0,0.9181952020721902,0.9487179487179487,0.05128205128205128,6.494969573420245,68.0
pp_quantile_fixed,HOBBIES_1_061_CA_4,202.1003122325208,195.03969182618297,7.060620406337819,0.0,0.8587875918732436,0.9871794871794872,0.01282051282051282,2.5005088695664486,10.0
pp_quantile_fixed,HOBBIES_1_065_CA_4,147.33685213445477,147.33685213445477,0.0,0.0,1.0,1.0,0.0,1.8889340017237792,7.0
pp_quantile_fixed,HOBBIES_1_070_WI_2,171.10287344545807,168.95512958054707,2.147743864911018,0.0,0.9570451227017797,0.9871794871794872,0.01282051282051282,2.1660914048788085,10.0
pp_quantile_fixed,HOBBIES_1_073_CA_2,501.12790507142745,421.1476471518917,79.98025791953577,0.0,0.7193675160718044,0.8974358974358975,0.10256410256410256,5.399328809639637,57.0
pp_quantile_fixed,HOBBIES_1_074_TX_2,436.60250421425513,393.9674683359944,42.635035878260716,0.0,0.8764201858601138,0.9358974358974359,0.0641025641025641,5.050864978666595,69.0
pp_quantile_fixed,HOBBIES_1_086_CA_3,798.8895179152069,655.7080378994697,143.1814800157372,0.0,0.7420153513229961,0.7692307692307693,0.23076923076923078,8.406513306403458,111.0
pp_quantile_fixed,HOBBIES_1_092_CA_3,234.9447463274687,224.43817829871023,10.506568028758455,0.0,0.9363238301287367,0.9487179487179487,0.05128205128205128,2.877412542291157,33.0
pp_quantile_fixed,HOBBIES_1_092_TX_1,381.5792398888611,348.9355085679872,32.64373132087389,0.0,0.7748708184767318,0.8974358974358975,0.10256410256410256,4.473532161128041,29.0
pp_quantile_fixed,HOBBIES_1_103_CA_2,2679.5489967412677,2354.8288780307757,324.72011871049176,0.0,0.8139139720856781,0.8589743589743589,0.14102564102564102,30.19011382090738,349.0
pp_quantile_fixed,HOBBIES_1_106_TX_3,445.4987274947104,422.4626101452072,23.03611734950321,0.0,0.8513798880677212,0.9358974358974359,0.0641025641025641,5.416187309553938,31.0
pp_quantile_fixed,HOBBIES_1_106_WI_3,234.5190724699871,229.17574614457587,5.343326325411217,0.0,0.9028486122652506,0.9743589743589743,0.02564102564102564,2.9381505915971267,11.0
pp_quantile_fixed,HOBBIES_1_107_WI_2,576.5365717146868,532.8653210471682,43.67125066751857,0.0,0.8253149973299257,0.8846153846153846,0.11538461538461539,6.8316066800919,50.0
pp_quantile_fixed,HOBBIES_1_108_CA_3,563.7913911781083,492.5911582807508,71.2002328973575,0.0,0.7809223603158232,0.8974358974358975,0.10256410256410256,6.3152712600096255,65.0
pp_quantile_fixed,HOBBIES_1_109_CA_3,499.6391436205285,452.41638797684055,47.22275564368796,0.0,0.7222190844488943,0.9102564102564102,0.08974358974358974,5.800210102267187,34.0
pp_quantile_fixed,HOBBIES_1_110_CA_3,368.4059438036952,346.5644372387367,21.84150656495854,0.0,0.7919856517622996,0.9615384615384616,0.038461538461538464,4.443133810753034,21.0
pp_quantile_fixed,HOBBIES_1_110_WI_3,170.81050513288832,161.37027471310014,9.440230419788168,0.0,0.842662826336864,0.9871794871794872,0.01282051282051282,2.068849675808976,12.0
pp_quantile_fixed,HOBBIES_1_113_TX_2,444.9234845039706,429.9234845039706,15.0,0.0,0.8571428571428571,0.9743589743589743,0.02564102564102564,5.5118395449227,21.0
pp_quantile_fixed,HOBBIES_1_116_CA_1,386.01816004624686,330.9189921982654,55.09916784798144,0.0,0.7751054373551778,0.8974358974358975,0.10256410256410256,4.242551182029044,49.0
pp_quantile_fixed,HOBBIES_1_116_WI_3,243.33056995333564,233.0320639885862,10.298505964749442,0.0,0.8127544370045556,0.9743589743589743,0.02564102564102564,2.9875905639562332,11.0
pp_quantile_fixed,HOBBIES_1_117_CA_1,313.06465033859604,287.4575992759245,25.60705106267156,0.0,0.7304520940771415,0.9358974358974359,0.0641025641025641,3.685353836870827,19.0
pp_quantile_fixed,HOBBIES_1_122_WI_3,394.39866275567874,394.39866275567874,0.0,0.0,1.0,1.0,0.0,5.056393112252292,8.0
pp_quantile_fixed,HOBBIES_1_124_TX_3,351.0389905107068,331.8821254404092,19.156865070297613,0.0,0.8526394994592491,0.9743589743589743,0.02564102564102564,4.25489904410781,26.0
pp_quantile_fixed,HOBBIES_1_133_WI_1,390.0,390.0,0.0,0.0,1.0,1.0,0.0,5.0,0.0
pp_quantile_fixed,HOBBIES_1_134_CA_4,1610.6759980333438,1435.4208815243098,175.25511650903394,0.0,0.8462674416587421,0.8589743589743589,0.14102564102564102,18.402831814414228,228.0
pp_quantile_fixed,HOBBIES_1_135_WI_1,464.29470938707414,453.47444678378974,10.820262603284414,0.0,0.9575675976341788,0.9615384615384616,0.038461538461538464,5.813774958766535,51.0
pp_quantile_fixed,HOBBIES_1_137_TX_1,424.8773314035951,371.1019708903137,53.77536051328146,0.0,0.7759359978613273,0.9230769230769231,0.07692307692307693,4.757717575516842,48.0
pp_quantile_fixed,HOBBIES_1_143_WI_1,223.04123862569986,193.41828987664076,29.62294874905911,0.0,0.7307004659176445,0.9358974358974359,0.0641025641025641,2.4797216650851377,22.0
pp_quantile_fixed,HOBBIES_1_151_TX_1,303.7957472832415,264.7523401398559,39.0434071433856,0.0,0.8526663881381675,0.9230769230769231,0.07692307692307693,3.3942607710237938,53.0
pp_quantile_fixed,HOBBIES_1_152_CA_1,724.6622406201022,653.5374834011849,71.12475721891741,0.0,0.7967864079459502,0.8974358974358975,0.10256410256410256,8.378685684630575,70.0
pp_quantile_fixed,HOBBIES_1_152_CA_3,538.3445950695109,496.0021300819989,42.34246498751198,0.0,0.8697154923461169,0.8846153846153846,0.11538461538461539,6.359001667717935,65.0
pp_quantile_fixed,HOBBIES_1_155_CA_2,626.9064799557902,507.4508005166347,119.45567943915556,0.0,0.7808152670841182,0.8333333333333334,0.16666666666666666,6.505779493803009,109.0
pp_quantile_fixed,HOBBIES_1_162_TX_1,144.22099273162814,141.10525300392754,3.1157397277006016,0.0,0.8961420090766467,0.9871794871794872,0.01282051282051282,1.8090417051785583,6.0
pp_quantile_fixed,HOBBIES_1_162_TX_2,298.65178706990855,280.72781223597644,17.92397483393208,0.0,0.8621232705082148,0.9358974358974359,0.0641025641025641,3.5990745158458517,26.0
pp_quantile_fixed,HOBBIES_1_170_TX_2,205.8529888697266,193.82280656771277,12.030182302013825,0.0,0.8281402528283739,0.9615384615384616,0.038461538461538464,2.484907776509138,14.0
pp_quantile_fixed,HOBBIES_1_173_CA_4,212.70833224570288,212.09116317303497,0.6171690726679069,0.0,0.993828309273321,0.9871794871794872,0.01282051282051282,2.7191174765773716,20.0
pp_quantile_fixed,HOBBIES_1_175_WI_1,275.50281506258176,275.50281506258176,0.0,0.0,1.0,1.0,0.0,3.532087372597202,12.0
pp_quantile_fixed,HOBBIES_1_176_TX_3,286.04285590028155,225.89522211045818,60.14763378982338,0.0,0.7730277970195344,0.8461538461538461,0.15384615384615385,2.89609259115972,53.0
pp_quantile_fixed,HOBBIES_1_184_CA_1,353.9578853265183,353.9578853265183,0.0,0.0,1.0,1.0,0.0,4.537921606750235,10.0
pp_quantile_fixed,HOBBIES_1_186_TX_1,147.66342584222127,146.82679968908104,0.8366261531402208,0.0,0.9860562307809962,0.9871794871794872,0.01282051282051282,1.8823948678087312,12.0
pp_quantile_fixed,HOBBIES_1_187_CA_2,204.7337420599189,199.69849161663177,5.035250443287147,0.0,0.9542249959701169,0.9743589743589743,0.02564102564102564,2.5602370720081,22.0
pp_quantile_fixed,HOBBIES_1_190_TX_2,175.9041481002634,168.18442111069814,7.719726989565256,0.0,0.8596413274624499,0.9743589743589743,0.02564102564102564,2.1562105270602325,11.0
pp_quantile_fixed,HOBBIES_1_194_TX_3,868.1282375556958,775.0495867340812,93.07865082161463,0.0,0.8422395748786192,0.8717948717948718,0.1282051282051282,9.936533163257451,118.0
pp_quantile_fixed,HOBBIES_1_200_CA_4,400.7121090658937,347.7899546078522,52.92215445804146,0.0,0.7883113821678341,0.8974358974358975,0.10256410256410256,4.458845571895542,50.0
pp_quantile_fixed,HOBBIES_1_209_CA_3,4348.907884653179,3796.154907094176,552.7529775590029,0.0,0.7725296388646079,0.8333333333333334,0.16666666666666666,48.66865265505354,486.0
pp_quantile_fixed,HOBBIES_1_212_CA_2,305.06607105775277,305.06607105775277,0.0,0.0,1.0,1.0,0.0,3.9111034750993943,6.0
pp_quantile_fixed,HOBBIES_1_232_WI_3,947.1691829191384,901.8852985820489,45.283884337089546,0.0,0.8113171485954602,0.9615384615384616,0.038461538461538464,11.56263203310319,48.0
pp_quantile_fixed,HOBBIES_1_239_TX_1,276.79238759605596,259.7216762683283,17.070711327727675,0.0,0.786616108403404,0.9487179487179487,0.05128205128205128,3.3297650803631833,16.0
pp_quantile_fixed,HOBBIES_1_240_CA_2,640.5731520972788,521.6044973096459,118.96865478763291,0.0,0.7689929033249846,0.8076923076923077,0.19230769230769232,6.687237144995461,103.0
pp_quantile_fixed,HOBBIES_1_242_TX_3,522.2560540528552,487.4061984546294,34.84985559822578,0.0,0.8379076483803451,0.9487179487179487,0.05128205128205128,6.248797416084993,43.0
pp_quantile_fixed,HOBBIES_1_245_TX_1,113.32177492671775,105.70931750475398,7.612457421963761,0.0,0.8477508515607248,0.9615384615384616,0.038461538461538464,1.3552476603173587,10.0
pp_quantile_fixed,HOBBIES_1_245_WI_1,335.1239795592619,305.69048507023683,29.433494489025094,0.0,0.8160406594435932,0.9358974358974359,0.0641025641025641,3.919108782951754,32.0
pp_quantile_fixed,HOBBIES_1_252_TX_1,695.8745977567737,626.3580754167858,69.51652233998783,0.0,0.7517267059286149,0.9230769230769231,0.07692307692307693,8.030231736112638,56.0
pp_quantile_fixed,HOBBIES_1_257_CA_2,291.93103730058806,276.4080161366526,15.523021163935468,0.0,0.836599777221732,0.9615384615384616,0.038461538461538464,3.543692514572469,19.0
pp_quantile_fixed,HOBBIES_1_261_WI_3,1598.9083826959757,1274.0974885143407,324.8108941816349,0.0,0.637082799797056,0.9487179487179487,0.05128205128205128,16.334583186081293,179.0
pp_quantile_fixed,HOBBIES_1_264_TX_2,314.0207342956581,293.8546148056805,20.166119489977564,0.0,0.8813757677060143,0.9358974358974359,0.0641025641025641,3.7673668564830836,34.0
pp_quantile_fixed,HOBBIES_1_267_CA_3,278.5025814960234,274.0958090897538,4.406772406269619,0.0,0.9370461084818625,0.9871794871794872,0.01282051282051282,3.514048834484023,14.0
pp_quantile_fixed,HOBBIES_1_267_WI_2,127.30813578879854,125.6545613585777,1.6535744302208433,0.0,0.944880852325972,0.9871794871794872,0.01282051282051282,1.6109559148535602,6.0
pp_quantile_fixed,HOBBIES_1_277_CA_1,1030.0,1025.0,5.0,0.0,0.9411764705882353,0.9871794871794872,0.01282051282051282,13.14102564102564,17.0
pp_quantile_fixed,HOBBIES_1_279_CA_4,421.98473784981854,388.27182604435467,33.71291180546385,0.0,0.8703349545943697,0.9358974358974359,0.0641025641025641,4.9778439236455725,52.0
pp_quantile_fixed,HOBBIES_1_279_TX_3,466.2970865800254,436.58779724461954,29.709289335405835,0.0,0.916311861027026,0.9230769230769231,0.07692307692307693,5.597279451854097,71.0
pp_quantile_fixed,HOBBIES_1_285_CA_4,204.15013379232735,204.15013379232735,0.0,0.0,1.0,1.0,0.0,2.6173094075939405,8.0
pp_quantile_fixed,HOBBIES_1_287_WI_1,401.369860324793,385.81730074736834,15.55255957742471,0.0,0.9181444232767121,0.9487179487179487,0.05128205128205128,4.946375650607286,38.0
pp_quantile_fixed,HOBBIES_1_289_WI_1,425.6084660044869,340.63671198528266,84.97175401920425,0.0,0.7258975676799864,0.8717948717948718,0.1282051282051282,4.367137333144649,62.0
pp_quantile_fixed,HOBBIES_1_290_CA_4,318.16006730389796,318.16006730389796,0.0,0.0,1.0,1.0,0.0,4.078975221844845,3.0
pp_quantile_fixed,HOBBIES_1_296_CA_1,361.86863330193114,320.87369987389474,40.99493342803643,0.0,0.772250369844242,0.8974358974358975,0.10256410256410256,4.1137653829986505,36.0
pp_quantile_fixed,HOBBIES_1_297_CA_1,809.4059779126462,639.9753804720274,169.4305974406188,0.0,0.8074652301811149,0.8333333333333334,0.16666666666666666,8.204812570154198,176.0
pp_quantile_fixed,HOBBIES_1_306_CA_4,410.0937484094394,371.8940172140613,38.19973119537812,0.0,0.822326831649404,0.9487179487179487,0.05128205128205128,4.767872015564889,43.0
pp_quantile_fixed,HOBBIES_1_306_WI_3,191.49611912948643,189.3529554184605,2.143163711025926,0.0,0.9747863092820479,0.9871794871794872,0.01282051282051282,2.4276019925443655,17.0
pp_quantile_fixed,HOBBIES_1_309_WI_1,218.01032472006136,185.40449739132703,32.60582732873434,0.0,0.5924271583908207,0.9358974358974359,0.0641025641025641,2.376980735786244,16.0
pp_quantile_fixed,HOBBIES_1_312_TX_3,736.1580894572834,694.7504863809178,41.407603076365646,0.0,0.8865545121195461,0.9358974358974359,0.0641025641025641,8.907057517704073,73.0
pp_quantile_fixed,HOBBIES_1_319_TX_1,1346.7915509964703,1255.2556503435087,91.53590065296166,0.0,0.8643912582919087,0.8974358974358975,0.10256410256410256,16.09302115825011,135.0
pp_quantile_fixed,HOBBIES_1_323_CA_3,786.3192592247976,583.0299561175444,203.2893031072532,0.0,0.6611844948212446,0.7692307692307693,0.23076923076923078,7.474743027148006,120.0
pp_quantile_fixed,HOBBIES_1_328_TX_1,186.37947156157645,186.37947156157645,0.0,0.0,1.0,1.0,0.0,2.3894804046355955,7.0
pp_quantile_fixed,HOBBIES_1_332_WI_1,544.0202366623998,468.20158560747973,75.81865105492008,0.0,0.7514142588363276,0.8846153846153846,0.11538461538461539,6.002584430865125,61.0
pp_quantile_fixed,HOBBIES_1_333_CA_2,416.66564789528695,342.0212321305078,74.6444157647791,0.0,0.7667362007350653,0.8589743589743589,0.14102564102564102,4.384887591416767,64.0
pp_quantile_fixed,HOBBIES_1_333_TX_1,179.15856616531195,179.15856616531195,0.0,0.0,1.0,1.0,0.0,2.2969046944270763,14.0
pp_quantile_fixed,HOBBIES_1_334_TX_1,194.65407479882487,185.98722974968928,8.666845049135592,0.0,0.8424209991066256,0.9743589743589743,0.02564102564102564,2.384451663457555,11.0
pp_quantile_fixed,HOBBIES_1_344_CA_3,617.0290468745317,556.6273805511998,60.40166632333179,0.0,0.8686920297318873,0.8974358974358975,0.10256410256410256,7.136248468605126,92.0
pp_quantile_fixed,HOBBIES_1_346_CA_4,328.6920050895172,320.3708430829971,8.32116200652008,0.0,0.9124088209839991,0.9743589743589743,0.02564102564102564,4.107318501064065,19.0
pp_quantile_fixed,HOBBIES_1_348_CA_4,6845.117196174574,6314.876395516196,530.240800658378,0.0,0.7438450238365325,0.8205128205128205,0.1794871794871795,80.95995378866918,414.0
pp_quantile_fixed,HOBBIES_1_352_CA_2,642.9531222859807,584.3184015744317,58.63472071154894,0.0,0.8620359512669437,0.8846153846153846,0.11538461538461539,7.491261558646561,85.0
pp_quantile_fixed,HOBBIES_1_361_CA_4,271.44098003688754,240.2161188876098,31.224861149277725,0.0,0.7918342590048151,0.9102564102564102,0.08974358974358974,3.0796938318924334,30.0
pp_quantile_fixed,HOBBIES_1_362_WI_2,212.13189178884338,212.13189178884338,0.0,0.0,1.0,1.0,0.0,2.7196396383185046,4.0
pp_quantile_fixed,HOBBIES_1_367_TX_1,356.3615120235819,308.59544543658063,47.76606658700128,0.0,0.8162843592807643,0.8974358974358975,0.10256410256410256,3.9563518645715465,52.0
pp_quantile_fixed,HOBBIES_1_368_CA_1,282.6201000374228,247.49695567135262,35.12314436607018,0.0,0.7871324583874535,0.9102564102564102,0.08974358974358974,3.1730378932224697,33.0
pp_quantile_fixed,HOBBIES_1_372_TX_1,501.9360615153972,449.83176091469574,52.10430060070149,0.0,0.8396790750747647,0.9102564102564102,0.08974358974358974,5.767073857880715,65.0
pp_quantile_fixed,HOBBIES_1_373_TX_1,350.3971325881359,302.5412569765499,47.85587561158599,0.0,0.7919309756018,0.8589743589743589,0.14102564102564102,3.8787340638019216,46.0
pp_quantile_fixed,HOBBIES_1_374_WI_3,170.940500335454,155.26526459774988,15.675235737704117,0.0,0.8155854619093633,0.9487179487179487,0.05128205128205128,1.9905803153557677,17.0
pp_quantile_fixed,HOBBIES_1_375_WI_1,145.15357873158877,134.07316375483424,11.080414976754513,0.0,0.7229896255811372,0.9615384615384616,0.038461538461538464,1.718886714805567,8.0
pp_quantile_fixed,HOBBIES_1_380_CA_2,465.4315412461307,443.3532091693653,22.078332076765356,0.0,0.8364567994313676,0.9615384615384616,0.038461538461538464,5.68401550217135,27.0
pp_quantile_fixed,HOBBIES_1_381_TX_2,2224.8761313982473,2170.865780060366,54.01035133788117,0.0,0.966137710759949,0.9487179487179487,0.05128205128205128,27.831612564876487,319.0
pp_quantile_fixed,HOBBIES_1_385_CA_1,630.0,630.0,0.0,0.0,1.0,1.0,0.0,8.076923076923077,8.0
pp_quantile_fixed,HOBBIES_1_386_CA_3,1248.0,1248.0,0.0,0.0,1.0,1.0,0.0,16.0,15.0
pp_quantile_fixed,HOBBIES_1_386_WI_3,201.70409667992902,201.70409667992902,0.0,0.0,1.0,1.0,0.0,2.5859499574349876,6.0
pp_quantile_fixed,HOBBIES_1_389_CA_3,182.30295363628608,174.43266303355992,7.870290602726153,0.0,0.9250448514026081,0.9871794871794872,0.01282051282051282,2.236316192737948,21.0
pp_quantile_fixed,HOBBIES_1_390_TX_1,196.71708878739017,163.59857098307077,33.1185178043194,0.0,0.5584197626090747,0.9102564102564102,0.08974358974358974,2.0974175767060355,15.0
pp_quantile_fixed,HOBBIES_1_393_TX_2,161.1074029066545,158.8381111273611,2.2692917792934075,0.0,0.976112718112701,0.9743589743589743,0.02564102564102564,2.036386040094373,19.0
pp_quantile_fixed,HOBBIES_1_398_TX_3,677.9227535174027,650.6342942831574,27.288459234245384,0.0,0.8394796515632624,0.9743589743589743,0.02564102564102564,8.34146531132253,34.0
pp_quantile_fixed,HOBBIES_1_399_TX_3,629.5469474893401,629.5469474893401,0.0,0.0,1.0,1.0,0.0,8.071114711401796,5.0
pp_quantile_fixed,HOBBIES_1_400_CA_3,1236.4025672945368,1178.0692561194235,58.33331117511321,0.0,0.8674242927838336,0.9358974358974359,0.0641025641025641,15.10345200153107,88.0
pp_quantile_fixed,HOBBIES_1_405_TX_3,194.87661779097743,190.64548908387707,4.231128707100369,0.0,0.9059749176199917,0.9871794871794872,0.01282051282051282,2.444172936972783,9.0
pp_quantile_fixed,HOBBIES_1_406_CA_1,293.2515620440338,293.2515620440338,0.0,0.0,1.0,1.0,0.0,3.759635410820946,7.0
pp_quantile_fixed,HOBBIES_1_410_TX_1,198.62696672630716,198.62696672630716,0.0,0.0,1.0,1.0,0.0,2.546499573414194,5.0
pp_quantile_fixed,HOBBIES_1_415_CA_1,429.9140609578983,342.39970700793594,87.51435394996236,0.0,0.7221766541271036,0.8333333333333334,0.16666666666666666,4.389739833435076,63.0
pp_quantile_fixed,HOBBIES_1_418_TX_1,424.81799441710166,419.81799441710166,5.0,0.0,0.9411764705882353,0.9871794871794872,0.01282051282051282,5.382281979706431,17.0
pp_quantile_fixed,HOBBIES_1_419_CA_4,199.93771945241156,199.93771945241156,0.0,0.0,1.0,1.0,0.0,2.563304095543738,5.0
pp_quantile_fixed,HOBBIES_2_007_TX_3,476.769806411204,462.3440677533052,14.425738657898846,0.0,0.9005121471869044,0.9615384615384616,0.038461538461538464,5.927488048119297,29.0
pp_quantile_fixed,HOBBIES_2_008_WI_3,342.4533549286749,325.345208934565,17.108145994109897,0.0,0.81991425269358,0.9615384615384616,0.038461538461538464,4.171092422238012,19.0
pp_quantile_fixed,HOBBIES_2_009_WI_2,213.10778852756658,213.10778852756658,0.0,0.0,1.0,1.0,0.0,2.7321511349688024,7.0
pp_quantile_fixed,HOBBIES_2_012_TX_2,241.16225983426605,238.89812646500985,2.2641333692562005,0.0,0.9588339387407964,0.9871794871794872,0.01282051282051282,3.062796493141152,11.0
pp_quantile_fixed,HOBBIES_2_014_WI_1,234.69081549525725,228.42197122672442,6.268844268532825,0.0,0.8955192621911197,0.9871794871794872,0.01282051282051282,2.928486810599031,12.0
pp_quantile_fixed,HOBBIES_2_018_CA_2,264.0447838828989,261.2486764965383,2.7961073863606423,0.0,0.970567290669888,0.9871794871794872,0.01282051282051282,3.3493420063658754,19.0
pp_quantile_fixed,HOBBIES_2_030_TX_2,154.7624421953335,141.10558488194656,13.656857313386944,0.0,0.7516935033929646,0.9487179487179487,0.05128205128205128,1.8090459600249558,11.0
pp_quantile_fixed,HOBBIES_2_030_WI_2,82.88253480929663,82.88253480929663,0.0,0.0,1.0,1.0,0.0,1.0625966001191876,0.0
pp_quantile_fixed,HOBBIES_2_031_CA_2,405.3830667710268,390.4074001848109,14.975666586215901,0.0,0.8848025647214162,0.9615384615384616,0.038461538461538464,5.005223079292447,26.0
pp_quantile_fixed,HOBBIES_2_035_CA_2,331.3545632412624,328.71754484002264,2.637018401239768,0.0,0.9520542108865496,0.9871794871794872,0.01282051282051282,4.214327497949008,11.0
pp_quantile_fixed,HOBBIES_2_038_CA_2,323.56147068302926,293.92993121272724,29.631539470302037,0.0,0.7720650809976767,0.9487179487179487,0.05128205128205128,3.768332451445221,26.0
pp_quantile_fixed,HOBBIES_2_040_TX_1,479.826202440504,479.826202440504,0.0,0.0,1.0,1.0,0.0,6.151617980006462,7.0
pp_quantile_fixed,HOBBIES_2_041_TX_2,392.2516035694504,311.0406700253808,81.21093354406963,0.0,0.6685268018609402,0.8846153846153846,0.11538461538461539,3.987700897761292,49.0
pp_quantile_fixed,HOBBIES_2_042_TX_2,651.1280015651033,642.3819820975804,8.746019467522972,0.0,0.9416932035498469,0.9743589743589743,0.02564102564102564,8.235666437148467,30.0
pp_quantile_fixed,HOBBIES_2_045_CA_4,225.51693053044914,224.64587426418538,0.87105626626375,0.0,0.9865991343651731,0.9743589743589743,0.02564102564102564,2.8800753110793,13.0
pp_quantile_fixed,HOBBIES_2_050_WI_2,143.12041937803943,143.12041937803943,0.0,0.0,1.0,1.0,0.0,1.834877171513326,9.0
pp_quantile_fixed,HOBBIES_2_056_WI_3,246.07366744043782,246.07366744043782,0.0,0.0,1.0,1.0,0.0,3.154790608210741,3.0
pp_quantile_fixed,HOBBIES_2_061_TX_3,192.6241850033194,170.5783214491041,22.04586355421531,0.0,0.5991661171960853,0.9487179487179487,0.05128205128205128,2.1869015570397963,11.0
pp_quantile_fixed,HOBBIES_2_072_TX_2,220.77813553654983,217.29869751985234,3.4794380166974737,0.0,0.8840187327767509,0.9871794871794872,0.01282051282051282,2.785880737434004,6.0
pp_quantile_fixed,HOBBIES_2_074_CA_1,276.7665609712341,276.7665609712341,0.0,0.0,1.0,1.0,0.0,3.5482892432209505,7.0
pp_quantile_fixed,HOBBIES_2_074_CA_3,239.98582461281077,229.98582461281077,10.0,0.0,0.8,0.9743589743589743,0.02564102564102564,2.9485362129847537,10.0
pp_quantile_fixed,HOBBIES_2_076_TX_3,677.8484252096516,571.8430991440856,106.00532606556607,0.0,0.48290084846065334,0.8589743589743589,0.14102564102564102,7.331321783898534,41.0
pp_quantile_fixed,HOBBIES_2_076_WI_1,483.66436874496446,449.42920577168195,34.235162973282485,0.0,0.6396298634391318,0.9358974358974359,0.0641025641025641,5.761912894508743,19.0
pp_quantile_fixed,HOBBIES_2_077_WI_1,156.0,156.0,0.0,0.0,1.0,1.0,0.0,2.0,0.0
pp_quantile_fixed,HOBBIES_2_081_WI_3,715.9436853481334,715.9436853481334,0.0,0.0,1.0,1.0,0.0,9.178765196770941,10.0
pp_quantile_fixed,HOBBIES_2_083_CA_1,798.1080516126533,798.1080516126533,0.0,0.0,1.0,1.0,0.0,10.23215450785453,7.0
pp_quantile_fixed,HOBBIES_2_084_WI_3,139.58701867823214,139.58701867823214,0.0,0.0,1.0,1.0,0.0,1.7895771625414376,10.0
pp_quantile_fixed,HOBBIES_2_086_CA_4,205.9921188004371,205.9921188004371,0.0,0.0,1.0,1.0,0.0,2.640924600005604,3.0
pp_quantile_fixed,HOBBIES_2_103_TX_1,270.15371848744206,241.9059254475468,28.247793039895267,0.0,0.8513274050531828,0.9230769230769231,0.07692307692307693,3.101358018558292,38.0
pp_quantile_fixed,HOBBIES_2_107_WI_3,574.5999999999997,574.5999999999997,0.0,0.0,1.0,1.0,0.0,7.366666666666663,4.0
pp_quantile_fixed,HOBBIES_2_114_CA_4,180.91456246053863,180.25500991506655,0.6595525454720841,0.0,0.985343276767287,0.9871794871794872,0.01282051282051282,2.3109616655777763,9.0
pp_quantile_fixed,HOBBIES_2_115_TX_1,508.27202702148384,445.69082818181295,62.581198839670876,0.0,0.7764957184297467,0.9358974358974359,0.0641025641025641,5.713984976689909,56.0
pp_quantile_fixed,HOBBIES_2_116_CA_1,370.61752657656524,355.2948971688203,15.32262940774498,0.0,0.8607033690205003,0.9487179487179487,0.05128205128205128,4.555062784215645,22.0
pp_quantile_fixed,HOBBIES_2_116_CA_2,343.10531438282567,314.8933248816179,28.211989501207768,0.0,0.7910222999910536,0.9487179487179487,0.05128205128205128,4.037093908738691,27.0
pp_quantile_fixed,HOBBIES_2_117_TX_1,529.7690937271933,522.5366964359962,7.232397291197099,0.0,0.9533393723148574,0.9743589743589743,0.02564102564102564,6.699188415846105,31.0
pp_quantile_fixed,HOBBIES_2_118_WI_2,234.0,234.0,0.0,0.0,1.0,1.0,0.0,3.0,0.0
pp_quantile_fixed,HOBBIES_2_122_CA_2,745.4427636212669,745.4427636212669,0.0,0.0,1.0,1.0,0.0,9.55695850796496,10.0
pp_quantile_fixed,HOBBIES_2_122_TX_1,603.9105815976367,593.2451280178435,10.665453579793125,0.0,0.9072569253931033,0.9615384615384616,0.038461538461538464,7.605706769459532,23.0
pp_quantile_fixed,HOBBIES_2_123_TX_1,268.4655863164932,263.6275538434893,4.838032473003935,0.0,0.9395245940874508,0.9743589743589743,0.02564102564102564,3.3798404338908883,16.0
pp_quantile_fixed,HOBBIES_2_124_TX_3,1657.1999999999955,1467.6999999999953,189.50000000000017,0.0,0.3887096774193543,0.9487179487179487,0.05128205128205128,18.816666666666606,62.0
pp_quantile_fixed,HOBBIES_2_128_TX_1,229.17333998020706,217.0753167719096,12.098023208297459,0.0,0.7580395358340508,0.9743589743589743,0.02564102564102564,2.783016881691149,10.0
pp_quantile_fixed,HOBBIES_2_129_WI_1,1109.0905183495795,1109.0905183495795,0.0,0.0,1.0,1.0,0.0,14.219109209609993,24.0
pp_quantile_fixed,HOBBIES_2_132_CA_1,625.8706342248522,597.6510518490852,28.219582375766954,0.0,0.8954830282379002,0.9615384615384616,0.038461538461538464,7.66219297242417,54.0
pp_quantile_fixed,HOBBIES_2_133_CA_3,634.331229713018,619.7783926312775,14.552837081740515,0.0,0.90298108612173,0.9487179487179487,0.05128205128205128,7.945876828606122,30.0
pp_quantile_fixed,HOBBIES_2_134_TX_3,495.09474764446793,492.49631213962965,2.5984355048382524,0.0,0.9480312899032348,0.9871794871794872,0.01282051282051282,6.314055283841406,10.0
pp_quantile_fixed,HOBBIES_2_137_CA_2,511.2059258869887,511.2059258869887,0.0,0.0,1.0,1.0,0.0,6.553922126756266,0.0
pp_quantile_fixed,HOBBIES_2_144_WI_1,297.16634231201283,297.16634231201283,0.0,0.0,1.0,1.0,0.0,3.809824901436062,10.0
pp_quantile_fixed,HOUSEHOLD_1_005_CA_4,415.0259320978055,317.5512262291158,97.47470586868971,0.0,0.6855654649397106,0.8333333333333334,0.16666666666666666,4.071169567039946,62.0
pp_quantile_fixed,HOUSEHOLD_1_006_CA_4,478.58908338652384,449.03983229649594,29.549251090027894,0.0,0.8863490342691235,0.9743589743589743,0.02564102564102564,5.756920926878153,52.0
pp_quantile_fixed,HOUSEHOLD_1_006_WI_2,417.2440428386606,382.557877019023,34.68616581963761,0.0,0.8386689961877322,0.9230769230769231,0.07692307692307693,4.9045881669105515,43.0
pp_quantile_fixed,HOUSEHOLD_1_008_WI_3,204.01604819634485,163.80825990705472,40.20778828929015,0.0,0.6783376936856789,0.8846153846153846,0.11538461538461539,2.1001058962442913,25.0
pp_quantile_fixed,HOUSEHOLD_1_010_CA_2,1279.9774000983223,1252.555306145587,27.422093952735267,0.0,0.9156243262992761,0.9487179487179487,0.05128205128205128,16.05840136084086,65.0
pp_quantile_fixed,HOUSEHOLD_1_013_CA_3,787.925839151236,725.1386321219912,62.787207029244776,0.0,0.8953546549512588,0.9230769230769231,0.07692307692307693,9.296649129769119,120.0
pp_quantile_fixed,HOUSEHOLD_1_014_CA_2,1085.367206165378,1025.0703251188033,60.29688104657474,0.0,0.9035249903254804,0.9615384615384616,0.038461538461538464,13.141927245112864,125.0
pp_quantile_fixed,HOUSEHOLD_1_014_WI_3,383.6612857853597,364.0370300654725,19.62425571988723,0.0,0.8909763571117375,0.9615384615384616,0.038461538461538464,4.667141411095801,36.0
pp_quantile_fixed,HOUSEHOLD_1_015_WI_2,751.0,751.0,0.0,0.0,1.0,1.0,0.0,9.628205128205128,1.0
pp_quantile_fixed,HOUSEHOLD_1_020_WI_1,531.4228653561984,481.00373356913275,50.41913178706564,0.0,0.8599468561470398,0.9102564102564102,0.08974358974358974,6.1667145329376,72.0
pp_quantile_fixed,HOUSEHOLD_1_021_WI_2,878.4571073416612,504.8494810112934,373.6076263303678,0.0,0.5960998634266295,0.7051282051282052,0.2948717948717949,6.47242924373453,185.0
pp_quantile_fixed,HOUSEHOLD_1_024_CA_2,823.3282358506738,746.8155625455425,76.5126733051312,0.0,0.8261075606701564,0.8846153846153846,0.11538461538461539,9.574558494173623,88.0
pp_quantile_fixed,HOUSEHOLD_1_026_CA_2,1163.205439349474,835.6575078401443,327.5479315093297,0.0,0.5386648851981272,0.7435897435897436,0.2564102564102564,10.713557792822362,142.0
pp_quantile_fixed,HOUSEHOLD_1_029_CA_2,898.7716844340625,755.4445323945419,143.32715203952074,0.0,0.7549963212999645,0.8076923076923077,0.19230769230769232,9.685186312750536,117.0
pp_quantile_fixed,HOUSEHOLD_1_032_WI_1,515.2643230359931,471.6777570660831,43.58656596991003,0.0,0.8470646808073332,0.9358974358974359,0.0641025641025641,6.0471507316164494,57.0
pp_quantile_fixed,HOUSEHOLD_1_033_TX_2,1057.7420940356203,979.1403458585258,78.60174817709448,0.0,0.8570877305871011,0.9358974358974359,0.0641025641025641,12.553081357160588,110.0
pp_quantile_fixed,HOUSEHOLD_1_034_WI_1,414.459016244685,404.1015784918415,10.357437752843488,0.0,0.884917358301739,0.9615384615384616,0.038461538461538464,5.1807894678441215,18.0
pp_quantile_fixed,HOUSEHOLD_1_043_CA_3,597.3142295796263,536.4713716908473,60.84285788877901,0.0,0.8647936491360465,0.9102564102564102,0.08974358974358974,6.877838098600606,90.0
pp_quantile_fixed,HOUSEHOLD_1_049_CA_1,2340.0,2340.0,0.0,0.0,1.0,1.0,0.0,30.0,0.0
pp_quantile_fixed,HOUSEHOLD_1_049_WI_1,468.0,468.0,0.0,0.0,1.0,1.0,0.0,6.0,0.0
pp_quantile_fixed,HOUSEHOLD_1_051_WI_1,1601.3225251434906,1428.6441657327528,172.67835941073776,0.0,0.8691830610524713,0.8461538461538461,0.15384615384615385,18.3159508427276,264.0
pp_quantile_fixed,HOUSEHOLD_1_058_CA_3,1335.614766077787,1278.7700463860117,56.84471969177526,0.0,0.9492457859894864,0.8974358974358975,0.10256410256410256,16.394487774179638,224.0
pp_quantile_fixed,HOUSEHOLD_1_068_TX_1,227.41722811682124,217.14832936818885,10.268898748632388,0.0,0.7718022500303914,0.9615384615384616,0.038461538461538464,2.7839529406178056,9.0
pp_quantile_fixed,HOUSEHOLD_1_071_CA_1,1818.317549791901,1456.101069701599,362.21648009030184,0.0,0.7941951817668739,0.782051282051282,0.21794871794871795,18.667962432071782,352.0
pp_quantile_fixed,HOUSEHOLD_1_071_TX_2,1746.473545607259,1324.8908377836226,421.58270782363627,0.0,0.7475552647762657,0.7692307692307693,0.23076923076923078,16.985779971584904,334.0
pp_quantile_fixed,HOUSEHOLD_1_079_WI_1,748.4528119866225,572.6434645168047,175.8093474698178,0.0,0.6832264009552832,0.8076923076923077,0.19230769230769232,7.3415828784205726,111.0
pp_quantile_fixed,HOUSEHOLD_1_080_WI_1,355.1398427708427,339.97330917073543,15.16653360010725,0.0,0.878667731199142,0.9487179487179487,0.05128205128205128,4.358632168855583,25.0
pp_quantile_fixed,HOUSEHOLD_1_080_WI_2,470.68950416435894,455.9054840313296,14.784020133029339,0.0,0.934293243853203,0.9615384615384616,0.038461538461538464,5.844942102965764,45.0
pp_quantile_fixed,HOUSEHOLD_1_083_TX_1,2775.3683123763494,2242.352400110478,533.0159122658716,0.0,0.7917906592711439,0.7307692307692307,0.2692307692307692,28.748107693724076,512.0
pp_quantile_fixed,HOUSEHOLD_1_083_WI_3,4006.0254962680883,3383.869884790993,622.1556114770949,0.0,0.8061820524993476,0.8205128205128205,0.1794871794871795,43.38294724091017,642.0
pp_quantile_fixed,HOUSEHOLD_1_088_TX_3,465.28795439916934,441.24456866964175,24.0433857295276,0.0,0.923671791334833,0.9615384615384616,0.038461538461538464,5.656981649610792,63.0
pp_quantile_fixed,HOUSEHOLD_1_091_WI_3,238.49645348164066,230.80046042783155,7.695993053809098,0.0,0.8973867592825454,0.9743589743589743,0.02564102564102564,2.9589802618952765,15.0
pp_quantile_fixed,HOUSEHOLD_1_093_CA_2,713.4092967120099,625.9631966392242,87.44610007278575,0.0,0.8251077998544284,0.8717948717948718,0.1282051282051282,8.025169187682362,100.0
pp_quantile_fixed,HOUSEHOLD_1_095_TX_2,195.39345146409056,183.8049311000877,11.588520364002859,0.0,0.8217150713230329,0.9487179487179487,0.05128205128205128,2.3564734756421504,13.0
pp_quantile_fixed,HOUSEHOLD_1_095_TX_3,165.53531001615295,158.48401349462415,7.051296521528807,0.0,0.891518515053403,0.9743589743589743,0.02564102564102564,2.0318463268541556,13.0
pp_quantile_fixed,HOUSEHOLD_1_096_WI_2,3969.8942610751324,3009.842101109674,960.0521599654585,0.0,0.7686621301288051,0.717948717948718,0.28205128205128205,38.58771924499582,830.0
pp_quantile_fixed,HOUSEHOLD_1_098_CA_4,165.25083190114592,154.10285995056202,11.147971950583901,0.0,0.8284927392217861,0.9615384615384616,0.038461538461538464,1.975677691673872,13.0
pp_quantile_fixed,HOUSEHOLD_1_102_WI_3,857.6415275530019,694.002504805552,163.63902274744981,0.0,0.6759623311931687,0.8461538461538461,0.15384615384615385,8.89746801032759,101.0
pp_quantile_fixed,HOUSEHOLD_1_106_TX_3,3085.240197089239,2239.1734438365434,846.0667532526953,0.0,0.7221455654342545,0.7307692307692307,0.2692307692307692,28.70735184405825,609.0
pp_quantile_fixed,HOUSEHOLD_1_119_TX_2,1101.672909175724,1047.6435393499892,54.02936982573479,0.0,0.9364360354991356,0.9230769230769231,0.07692307692307693,13.431327427563964,170.0
pp_quantile_fixed,HOUSEHOLD_1_120_CA_2,446.60255281200034,413.2955519547205,33.30700085727984,0.0,0.8096742808155438,0.9230769230769231,0.07692307692307693,5.298660922496417,35.0
pp_quantile_fixed,HOUSEHOLD_1_127_WI_1,360.45389829005643,324.5664553246593,35.88744296539715,0.0,0.7949288973405877,0.8974358974358975,0.10256410256410256,4.161108401598196,35.0
pp_quantile_fixed,HOUSEHOLD_1_128_WI_2,1280.6682032405447,1114.1675364484292,166.50066679211545,0.0,0.8107946968271414,0.8333333333333334,0.16666666666666666,14.284199185236272,176.0
pp_quantile_fixed,HOUSEHOLD_1_131_CA_1,599.5262197342399,532.2520902308373,67.27412950340255,0.0,0.7553668018058088,0.8846153846153846,0.11538461538461539,6.823744746549196,55.0
pp_quantile_fixed,HOUSEHOLD_1_131_TX_1,717.7193509005765,653.1581407192497,64.56121018132686,0.0,0.8072799696079795,0.8974358974358975,0.10256410256410256,8.373822316913458,67.0
pp_quantile_fixed,HOUSEHOLD_1_136_WI_3,869.2274017204486,869.2274017204486,0.0,0.0,1.0,1.0,0.0,11.143941047698059,131.0
pp_quantile_fixed,HOUSEHOLD_1_145_CA_2,1448.2172103700602,1309.54729412181,138.6699162482502,0.0,0.880970028971459,0.8717948717948718,0.1282051282051282,16.789067873356537,233.0
pp_quantile_fixed,HOUSEHOLD_1_155_WI_3,305.15802487449423,247.25658150753685,57.90144336695738,0.0,0.6594032743120154,0.9102564102564102,0.08974358974358974,3.1699561731735493,34.0
pp_quantile_fixed,HOUSEHOLD_1_157_WI_1,494.24531306126784,494.24531306126784,0.0,0.0,1.0,1.0,0.0,6.336478372580357,23.0
pp_quantile_fixed,HOUSEHOLD_1_158_CA_3,595.8798733177689,520.3699904959991,75.50988282176975,0.0,0.7959192356168385,0.8846153846153846,0.11538461538461539,6.671410134564091,74.0
pp_quantile_fixed,HOUSEHOLD_1_160_WI_2,932.1073912149067,786.6000284808925,145.50736273401412,0.0,0.7690359321682315,0.8205128205128205,0.1794871794871795,10.084615749755033,126.0
pp_quantile_fixed,HOUSEHOLD_1_161_CA_2,485.5091501086717,449.62255298101985,35.88659712765182,0.0,0.9003150079787449,0.9487179487179487,0.05128205128205128,5.76439170488487,72.0
pp_quantile_fixed,HOUSEHOLD_1_162_TX_1,1279.1762800606855,1267.117442922163,12.05883713852252,0.0,0.9365324361130394,0.9743589743589743,0.02564102564102564,16.245095422079014,38.0
pp_quantile_fixed,HOUSEHOLD_1_163_CA_1,317.019980280196,309.7579660283439,7.262014251852125,0.0,0.9339816886195261,0.9743589743589743,0.02564102564102564,3.9712559747223577,22.0
pp_quantile_fixed,HOUSEHOLD_1_165_CA_1,322.5106934218019,295.80450269283415,26.706190728967716,0.0,0.8664690463551615,0.9487179487179487,0.05128205128205128,3.7923654191388994,40.0
pp_quantile_fixed,HOUSEHOLD_1_165_TX_1,764.2437954619087,746.0950953920106,18.148700069898034,0.0,0.9528605192989661,0.9615384615384616,0.038461538461538464,9.565321735795008,77.0
pp_quantile_fixed,HOUSEHOLD_1_167_WI_1,459.93169754137466,430.66651031852297,29.2651872228517,0.0,0.8170925798571769,0.9358974358974359,0.0641025641025641,5.52136551690414,32.0
pp_quantile_fixed,HOUSEHOLD_1_175_TX_2,698.6894577181547,604.0167282866172,94.6727294315375,0.0,0.8586974187588993,0.8974358974358975,0.10256410256410256,7.743804208802785,134.0
pp_quantile_fixed,HOUSEHOLD_1_175_WI_3,299.6895352016498,285.2117541196827,14.477781081967066,0.0,0.9122558722305025,0.9487179487179487,0.05128205128205128,3.6565609502523424,33.0
pp_quantile_fixed,HOUSEHOLD_1_185_WI_3,505.3380337436119,387.5807844068065,117.75724933680539,0.0,0.7411928586004276,0.8461538461538461,0.15384615384615385,4.968984415471878,91.0
pp_quantile_fixed,HOUSEHOLD_1_186_WI_2,1879.6561388068317,1406.0708807252809,473.58525808155076,0.0,0.771214851168333,0.7435897435897436,0.2564102564102564,18.026549752888215,414.0
pp_quantile_fixed,HOUSEHOLD_1_188_TX_2,486.253900852505,464.591526803869,21.66237404863604,0.0,0.9166831767360152,0.9615384615384616,0.038461538461538464,5.956301625690628,52.0
pp_quantile_fixed,HOUSEHOLD_1_190_WI_3,529.772332577463,495.5143056709513,34.25802690651168,0.0,0.8961877972529949,0.9487179487179487,0.05128205128205128,6.352747508601939,66.0
pp_quantile_fixed,HOUSEHOLD_1_191_TX_3,1734.38421904194,1691.1653376776221,43.218881364317845,0.0,0.8994909735713538,0.9487179487179487,0.05128205128205128,21.68160689330285,86.0
pp_quantile_fixed,HOUSEHOLD_1_194_CA_1,460.15524547375696,460.15524547375696,0.0,0.0,1.0,1.0,0.0,5.899426224022525,35.0
pp_quantile_fixed,HOUSEHOLD_1_195_CA_2,411.1666562721383,396.166537140612,15.000119131526342,0.0,0.9032250378611204,0.9743589743589743,0.02564102564102564,5.079058168469384,31.0
pp_quantile_fixed,HOUSEHOLD_1_201_TX_2,760.5932349242435,760.5932349242435,0.0,0.0,1.0,1.0,0.0,9.751195319541583,23.0
pp_quantile_fixed,HOUSEHOLD_1_205_WI_3,603.2914370350092,589.5548573551533,13.73657967985582,0.0,0.9509407868576577,0.9743589743589743,0.02564102564102564,7.55839560711735,56.0
pp_quantile_fixed,HOUSEHOLD_1_206_CA_4,456.8753389506606,456.8753389506606,0.0,0.0,1.0,1.0,0.0,5.857376140393084,8.0
pp_quantile_fixed,HOUSEHOLD_1_207_TX_1,371.3677374743061,356.3426594773569,15.025077996949214,0.0,0.8926780143075056,0.9487179487179487,0.05128205128205128,4.568495634325089,28.0
pp_quantile_fixed,HOUSEHOLD_1_208_WI_3,1170.3855666999234,1083.9688573229212,86.41670937700215,0.0,0.8892093469525614,0.9102564102564102,0.08974358974358974,13.897036632345143,156.0
pp_quantile_fixed,HOUSEHOLD_1_211_TX_2,380.9303576327435,351.14272903367197,29.78762859907153,0.0,0.8784178424527692,0.9487179487179487,0.05128205128205128,4.501829859406051,49.0
pp_quantile_fixed,HOUSEHOLD_1_212_WI_2,744.0486740905553,685.3323581212829,58.71631596927237,0.0,0.8801707837361789,0.9102564102564102,0.08974358974358974,8.786312283606192,98.0
pp_quantile_fixed,HOUSEHOLD_1_216_TX_1,156.55802004769006,156.55802004769006,0.0,0.0,1.0,1.0,0.0,2.007154103175514,9.0
pp_quantile_fixed,HOUSEHOLD_1_217_WI_3,672.8845468679126,624.7104152329256,48.17413163498698,0.0,0.8810515268271926,0.9230769230769231,0.07692307692307693,8.00910788760161,81.0
pp_quantile_fixed,HOUSEHOLD_1_218_CA_1,747.6120044145894,690.3632386940644,57.248765720525,0.0,0.8452736061607432,0.9102564102564102,0.08974358974358974,8.850810752488005,74.0
pp_quantile_fixed,HOUSEHOLD_1_219_TX_3,313.9998775520305,271.78067194416303,42.219205607867494,0.0,0.8518624364636228,0.9230769230769231,0.07692307692307693,3.4843675890277312,57.0
pp_quantile_fixed,HOUSEHOLD_1_220_TX_3,686.5424472483053,615.9896219943314,70.55282525397386,0.0,0.8717221359018656,0.9102564102564102,0.08974358974358974,7.897302846081172,110.0
pp_quantile_fixed,HOUSEHOLD_1_221_CA_2,539.3876949241308,456.5554726626121,82.83222226151872,0.0,0.7761291290229225,0.8717948717948718,0.1282051282051282,5.853275290546309,74.0
pp_quantile_fixed,HOUSEHOLD_1_224_WI_2,576.8653317351038,516.5362830344061,60.3290487006978,0.0,0.8143721578440067,0.8717948717948718,0.1282051282051282,6.622260038902643,65.0
pp_quantile_fixed,HOUSEHOLD_1_225_CA_4,595.5316216536629,539.7275330621334,55.80408859152949,0.0,0.8075721083050706,0.9102564102564102,0.08974358974358974,6.919583757206838,58.0
pp_quantile_fixed,HOUSEHOLD_1_225_TX_2,1316.2167662835716,1164.8323336012427,151.38443268232885,0.0,0.8501144230868032,0.8461538461538461,0.15384615384615385,14.933747866682598,202.0
pp_quantile_fixed,HOUSEHOLD_1_230_TX_3,359.1449140845432,334.40327860245236,24.741635482090842,0.0,0.7250929390878795,0.9487179487179487,0.05128205128205128,4.287221520544261,18.0
pp_quantile_fixed,HOUSEHOLD_1_238_CA_3,912.4042338559544,746.4824928636626,165.9217409922918,0.0,0.8225435925216129,0.8076923076923077,0.19230769230769232,9.570288370046956,187.0
pp_quantile_fixed,HOUSEHOLD_1_244_CA_3,875.562702226546,732.7950475448711,142.76765468167494,0.0,0.815783671378484,0.8717948717948718,0.1282051282051282,9.39480830185732,155.0
pp_quantile_fixed,HOUSEHOLD_1_246_CA_2,2871.4851921069862,2562.1605300848223,309.3246620221641,0.0,0.8770080866711077,0.8461538461538461,0.15384615384615385,32.84821192416439,503.0
pp_quantile_fixed,HOUSEHOLD_1_248_CA_4,302.9534689905856,281.6249157322567,21.328553258328913,0.0,0.8707360408586127,0.9230769230769231,0.07692307692307693,3.6105758427212393,33.0
pp_quantile_fixed,HOUSEHOLD_1_249_WI_3,340.2298788156457,322.8241220223056,17.40575679334011,0.0,0.9129712160332992,0.9487179487179487,0.05128205128205128,4.138770795157764,40.0
pp_quantile_fixed,HOUSEHOLD_1_264_TX_3,282.4727548972723,278.7774317813768,3.6953231158955457,0.0,0.9678667555139517,0.9871794871794872,0.01282051282051282,3.5740696382227792,23.0
pp_quantile_fixed,HOUSEHOLD_1_265_CA_3,378.726761045875,332.609259605874,46.11750144000097,0.0,0.8191470531764667,0.8974358974358975,0.10256410256410256,4.264221276998384,51.0
pp_quantile_fixed,HOUSEHOLD_1_272_CA_3,13183.0,13183.0,0.0,0.0,1.0,1.0,0.0,169.01282051282053,186.0
pp_quantile_fixed,HOUSEHOLD_1_298_TX_3,741.3658101393736,718.9817674473571,22.384042692016415,0.0,0.8821892489893873,0.9487179487179487,0.05128205128205128,9.217714967273809,38.0
pp_quantile_fixed,HOUSEHOLD_1_304_CA_3,3319.8428064361974,2394.3366172658893,925.506189170308,0.0,0.7686234527074229,0.7692307692307693,0.23076923076923078,30.69662329828063,800.0
pp_quantile_fixed,HOUSEHOLD_1_304_CA_4,710.8060933280174,532.4115380617186,178.39455526629882,0.0,0.7621405929782682,0.7564102564102564,0.24358974358974358,6.825788949509213,150.0
pp_quantile_fixed,HOUSEHOLD_1_309_TX_2,381.63481168397476,357.767574213872,23.867237470102733,0.0,0.7613276252989727,0.9615384615384616,0.038461538461538464,4.586763771972718,20.0
pp_quantile_fixed,HOUSEHOLD_1_314_TX_3,453.1189740491944,431.9171930495397,21.20178099965468,0.0,0.9214748851864641,0.9358974358974359,0.0641025641025641,5.537399910891535,54.0
pp_quantile_fixed,HOUSEHOLD_1_317_CA_1,937.56607163422,892.0567579740327,45.509313660187246,0.0,0.9089813726796255,0.9102564102564102,0.08974358974358974,11.436625102231188,100.0
pp_quantile_fixed,HOUSEHOLD_1_317_TX_3,708.835125658343,694.7184349984393,14.116690659903739,0.0,0.9551851090161786,0.9743589743589743,0.02564102564102564,8.906646602544093,63.0
pp_quantile_fixed,HOUSEHOLD_1_320_WI_3,353.30453312647467,316.57412212815484,36.730410998319826,0.0,0.7704349312605011,0.9230769230769231,0.07692307692307693,4.058642591386601,32.0
pp_quantile_fixed,HOUSEHOLD_1_332_WI_3,109.59361712421385,91.35874346204307,18.23487366217078,0.0,0.27060505351316877,0.9615384615384616,0.038461538461538464,1.171265941821065,5.0
pp_quantile_fixed,HOUSEHOLD_1_333_WI_2,338.9162297646343,305.34344547087204,33.57278429376226,0.0,0.8473964350283532,0.8974358974358975,0.10256410256410256,3.9146595573188723,44.0
pp_quantile_fixed,HOUSEHOLD_1_338_WI_1,508.107562421555,466.466462705915,41.64109971563999,0.0,0.8918412994398961,0.9102564102564102,0.08974358974358974,5.980339265460448,77.0
pp_quantile_fixed,HOUSEHOLD_1_342_TX_2,559.1053909422146,476.3868954186297,82.71849552358486,0.0,0.7733739848668908,0.8589743589743589,0.14102564102564102,6.107524300238842,73.0
pp_quantile_fixed,HOUSEHOLD_1_344_CA_1,571.0471603039906,571.0471603039906,0.0,0.0,1.0,1.0,0.0,7.321117439794752,45.0
pp_quantile_fixed,HOUSEHOLD_1_344_TX_1,1563.0163936560277,1258.1072213694383,304.9091722865894,0.0,0.7867768025967907,0.782051282051282,0.21794871794871795,16.129579761146644,286.0
pp_quantile_fixed,HOUSEHOLD_1_349_TX_2,783.2786320414925,751.888465491588,31.390166549904546,0.0,0.9269996126746406,0.9230769230769231,0.07692307692307693,9.639595711430616,86.0
pp_quantile_fixed,HOUSEHOLD_1_361_WI_3,1175.4277886042382,1098.2076993048122,77.2200892994261,0.0,0.9112412766673263,0.9102564102564102,0.08974358974358974,14.079585888523233,174.0
pp_quantile_fixed,HOUSEHOLD_1_368_TX_3,372.6410365386021,372.6410365386021,0.0,0.0,1.0,1.0,0.0,4.777449186392335,4.0
pp_quantile_fixed,HOUSEHOLD_1_369_CA_1,944.8924471983244,703.3736978970315,241.51874930129281,0.0,0.7286306187625924,0.7692307692307693,0.23076923076923078,9.017611511500405,178.0
pp_quantile_fixed,HOUSEHOLD_1_371_CA_1,716.876667436548,667.5799748242376,49.296692612310395,0.0,0.9150057023925683,0.9102564102564102,0.08974358974358974,8.558717625951765,116.0
pp_quantile_fixed,HOUSEHOLD_1_377_TX_1,221.68621273941912,207.41674446011586,14.269468279303265,0.0,0.8321239025964322,0.9615384615384616,0.038461538461538464,2.659189031539947,17.0
pp_quantile_fixed,HOUSEHOLD_1_380_CA_1,487.07411914944976,420.3386953888538,66.73542376059595,0.0,0.8007897798191166,0.8717948717948718,0.1282051282051282,5.388957633190434,67.0
pp_quantile_fixed,HOUSEHOLD_1_384_CA_2,392.12556669874795,366.26308459369443,25.862482105053495,0.0,0.9204231319844508,0.9487179487179487,0.05128205128205128,4.695680571714031,65.0
pp_quantile_fixed,HOUSEHOLD_1_385_CA_3,1957.7175747215947,1699.4963233584763,258.22125136311854,0.0,0.854931881256675,0.8846153846153846,0.11538461538461539,21.788414402031748,356.0
pp_quantile_fixed,HOUSEHOLD_1_386_CA_2,595.7020392748141,348.05881496830773,247.64322430650628,0.0,0.6005754446669255,0.7051282051282052,0.2948717948717949,4.462292499593689,124.0
pp_quantile_fixed,HOUSEHOLD_1_389_CA_1,2797.905522572504,2603.3362970678245,194.5692255046796,0.0,0.8817208355594655,0.8846153846153846,0.11538461538461539,33.37610637266442,329.0
pp_quantile_fixed,HOUSEHOLD_1_390_WI_2,1096.4585039433036,932.2996551288818,164.15884881442187,0.0,0.7998062819336318,0.7692307692307693,0.23076923076923078,11.95255968113951,164.0
pp_quantile_fixed,HOUSEHOLD_1_394_CA_3,669.0189973336915,595.4517893822026,73.56720795148888,0.0,0.8269006871729674,0.8846153846153846,0.11538461538461539,7.633997299771829,85.0
pp_quantile_fixed,HOUSEHOLD_1_395_CA_3,613.3295801456852,563.6332551966183,49.69632494906693,0.0,0.8559526813070524,0.9102564102564102,0.08974358974358974,7.226067374315619,69.0
pp_quantile_fixed,HOUSEHOLD_1_396_TX_1,645.8535953615171,566.7937141890061,79.0598811725111,0.0,0.8549359978486035,0.8717948717948718,0.1282051282051282,7.266586079346232,109.0
pp_quantile_fixed,HOUSEHOLD_1_397_WI_1,911.8044154406218,671.2653100903913,240.53910535023059,0.0,0.7203033658718249,0.7435897435897436,0.2564102564102564,8.605965513979376,172.0
pp_quantile_fixed,HOUSEHOLD_1_398_CA_4,264.72779275516245,233.56695143316946,31.160841321993008,0.0,0.79226105785338,0.9230769230769231,0.07692307692307693,2.9944480952970443,30.0
pp_quantile_fixed,HOUSEHOLD_1_399_TX_3,2589.7436102998745,1752.429318423041,837.3142918768333,0.0,0.7281447104295996,0.7435897435897436,0.2564102564102564,22.46704254388514,616.0
pp_quantile_fixed,HOUSEHOLD_1_401_CA_2,263.9192205392338,247.2803600235038,16.638860515729988,0.0,0.848737631675182,0.9487179487179487,0.05128205128205128,3.1702610259423563,22.0
pp_quantile_fixed,HOUSEHOLD_1_402_TX_2,303.25744835534607,287.715114597437,15.542333757909113,0.0,0.8848716017932658,0.9615384615384616,0.038461538461538464,3.688655315351756,27.0
pp_quantile_fixed,HOUSEHOLD_1_404_TX_2,564.6283789319617,529.6379156456652,34.99046328629657,0.0,0.8833651223790114,0.8974358974358975,0.10256410256410256,6.790229687764938,60.0
pp_quantile_fixed,HOUSEHOLD_1_407_CA_4,352.90369054637944,297.9382744449687,54.96541610141069,0.0,0.6668762660520564,0.8974358974358975,0.10256410256410256,3.819721467243189,33.0
pp_quantile_fixed,HOUSEHOLD_1_411_WI_3,1055.2538594796144,1018.8251864007309,36.42867307888345,0.0,0.934362751209219,0.9615384615384616,0.038461538461538464,13.061861364111934,111.0
pp_quantile_fixed,HOUSEHOLD_1_415_CA_3,431.3700456070791,372.72689639434947,58.643149212729625,0.0,0.8108285509266787,0.8717948717948718,0.1282051282051282,4.7785499537737115,62.0
pp_quantile_fixed,HOUSEHOLD_1_419_WI_2,333.1291020052463,318.7944949213465,14.334607083899794,0.0,0.8088719055480027,0.9615384615384616,0.038461538461538464,4.087108909248032,15.0
pp_quantile_fixed,HOUSEHOLD_1_421_WI_3,532.7308001035813,491.86232654797595,40.86847355560528,0.0,0.878004556550432,0.9230769230769231,0.07692307692307693,6.305927263435589,67.0
pp_quantile_fixed,HOUSEHOLD_1_423_CA_4,277.8509985726936,273.83458444946456,4.016414123229044,0.0,0.9382090134887839,0.9871794871794872,0.01282051282051282,3.510699800634161,13.0
pp_quantile_fixed,HOUSEHOLD_1_425_CA_4,596.4524797032839,486.82824337275605,109.62423633052785,0.0,0.7326238138279809,0.8333333333333334,0.16666666666666666,6.241387735548154,82.0
pp_quantile_fixed,HOUSEHOLD_1_431_TX_2,1387.036664565704,1127.3307891337608,259.70587543194335,0.0,0.7415861936000564,0.782051282051282,0.21794871794871795,14.452958835048216,201.0
pp_quantile_fixed,HOUSEHOLD_1_433_WI_1,223.8426208050223,222.03264494599688,1.80997585902543,0.0,0.9758669885463276,0.9871794871794872,0.01282051282051282,2.846572371102524,15.0
pp_quantile_fixed,HOUSEHOLD_1_437_WI_1,1071.1886263690005,825.5878951018584,245.60073126714218,0.0,0.7826542201175732,0.8076923076923077,0.19230769230769232,10.58446019361357,226.0
pp_quantile_fixed,HOUSEHOLD_1_439_WI_3,1813.584471096242,1788.584471096242,25.0,0.0,0.9489795918367347,0.9743589743589743,0.02564102564102564,22.930570142259512,98.0
pp_quantile_fixed,HOUSEHOLD_1_442_CA_4,327.4987307669281,280.5230626965706,46.97566807035746,0.0,0.8351730944899738,0.8846153846153846,0.11538461538461539,3.5964495217509054,57.0
pp_quantile_fixed,HOUSEHOLD_1_445_TX_3,934.7528010869119,651.3429677359308,283.40983335098116,0.0,0.6902624772120425,0.7435897435897436,0.2564102564102564,8.35055086840937,183.0
pp_quantile_fixed,HOUSEHOLD_1_448_CA_4,968.2148175442035,887.1637892108387,81.05102833336477,0.0,0.8713475740740242,0.8974358974358975,0.10256410256410256,11.37389473347229,126.0
pp_quantile_fixed,HOUSEHOLD_1_450_TX_2,703.7789210466467,616.283354596277,87.49556645036967,0.0,0.7602861193140557,0.8333333333333334,0.16666666666666666,7.901068648670218,73.0
pp_quantile_fixed,HOUSEHOLD_1_458_CA_2,966.4165072127124,754.3169306751898,212.0995765375226,0.0,0.7298094566400987,0.7692307692307693,0.23076923076923078,9.670729880451152,157.0
pp_quantile_fixed,HOUSEHOLD_1_459_WI_2,12932.335789902447,10193.486124346655,2738.849665555792,0.0,0.7675986707207644,0.717948717948718,0.28205128205128205,130.68571954290584,2357.0
pp_quantile_fixed,HOUSEHOLD_1_462_WI_1,2128.054671429014,2028.3538147049196,99.70085672409428,0.0,0.7597569717491703,0.9487179487179487,0.05128205128205128,26.004536085960506,83.0
pp_quantile_fixed,HOUSEHOLD_1_467_CA_1,455.0473350888707,416.85930358894376,38.188031499926936,0.0,0.8683171327588726,0.9102564102564102,0.08974358974358974,5.344350046012099,58.0
pp_quantile_fixed,HOUSEHOLD_1_473_WI_2,3175.6641534408873,2533.3585170696747,642.3056363712126,0.0,0.7815286951118325,0.7564102564102564,0.24358974358974358,32.47895534704711,588.0
pp_quantile_fixed,HOUSEHOLD_1_474_TX_2,5929.234783241491,4291.416262912214,1637.8185203292774,0.0,0.6356354793483253,0.7435897435897436,0.2564102564102564,55.018157216823255,899.0
pp_quantile_fixed,HOUSEHOLD_1_481_CA_1,799.6166045082209,648.240164520024,151.3764399881969,0.0,0.7790124963675957,0.7948717948717948,0.20512820512820512,8.310771340000308,137.0
pp_quantile_fixed,HOUSEHOLD_1_482_WI_1,534.6092297999529,455.57175639826846,79.03747340168442,0.0,0.7530078956197362,0.8461538461538461,0.15384615384615385,5.840663543567544,64.0
pp_quantile_fixed,HOUSEHOLD_1_491_TX_1,557.4603070927526,488.058466549549,69.40184054320355,0.0,0.7988352448023086,0.8974358974358975,0.10256410256410256,6.25715982755832,69.0
pp_quantile_fixed,HOUSEHOLD_1_491_WI_3,413.816956602167,399.4656535177951,14.351303084371896,0.0,0.9425947876625125,0.9487179487179487,0.05128205128205128,5.121354532279424,50.0
pp_quantile_fixed,HOUSEHOLD_1_492_WI_2,430.56778252714935,408.81526553708295,21.75251699006642,0.0,0.6653458924605166,0.9487179487179487,0.05128205128205128,5.241221353039525,13.0
pp_quantile_fixed,HOUSEHOLD_1_494_CA_2,1113.641236789118,894.8296974706504,218.81153931846768,0.0,0.800172110211445,0.8076923076923077,0.19230769230769232,11.472175608598082,219.0
pp_quantile_fixed,HOUSEHOLD_1_494_TX_1,1358.8104191138773,1088.7939162505577,270.01650286331954,0.0,0.8111772707249513,0.7948717948717948,0.20512820512820512,13.958896362186637,286.0
pp_quantile_fixed,HOUSEHOLD_1_500_TX_3,117.26907276570127,111.07854139048217,6.190531375219099,0.0,0.7936489541593633,0.9743589743589743,0.02564102564102564,1.4240838639805407,6.0
pp_quantile_fixed,HOUSEHOLD_1_501_TX_3,250.29217058200618,250.29217058200618,0.0,0.0,1.0,1.0,0.0,3.208873981820592,7.0
pp_quantile_fixed,HOUSEHOLD_1_503_WI_1,596.2513372983155,519.6647452959797,76.58659200233583,0.0,0.831677819775086,0.8974358974358975,0.10256410256410256,6.662368529435637,91.0
pp_quantile_fixed,HOUSEHOLD_1_504_CA_3,501.4164946814385,489.65711278436316,11.759381897075357,0.0,0.926503863143279,0.9743589743589743,0.02564102564102564,6.27765529210722,32.0
pp_quantile_fixed,HOUSEHOLD_1_504_WI_3,489.1455237144237,488.4813530112393,0.6641707031843591,0.0,0.9810236941947326,0.9871794871794872,0.01282051282051282,6.262581448862043,7.0
pp_quantile_fixed,HOUSEHOLD_1_507_WI_3,1001.0,1001.0,0.0,0.0,1.0,1.0,0.0,12.833333333333334,11.0
pp_quantile_fixed,HOUSEHOLD_1_510_CA_4,772.682975750917,633.1581033673327,139.5248723835843,0.0,0.7693803762254805,0.8461538461538461,0.15384615384615385,8.11741158163247,121.0
pp_quantile_fixed,HOUSEHOLD_1_510_TX_1,663.6065599490927,635.0201107068912,28.586449242201475,0.0,0.9267014121994833,0.9743589743589743,0.02564102564102564,8.141283470601168,78.0
pp_quantile_fixed,HOUSEHOLD_1_520_CA_1,554.5290512128995,507.1984364478052,47.33061476509434,0.0,0.830962090124663,0.8974358974358975,0.10256410256410256,6.502544057023144,56.0
pp_quantile_fixed,HOUSEHOLD_1_521_CA_2,2317.4826845065286,1538.1215020098577,779.3611824966707,0.0,0.6253071237996776,0.7564102564102564,0.24358974358974358,19.719506436023817,416.0
pp_quantile_fixed,HOUSEHOLD_1_521_TX_3,7739.1981381064625,7323.619065856219,415.57907225024326,0.0,0.9024462271713044,0.8461538461538461,0.15384615384615385,93.89255212636178,852.0
pp_quantile_fixed,HOUSEHOLD_1_527_WI_2,712.3613520944425,572.2129643666401,140.14838772780246,0.0,0.5620362883506174,0.8076923076923077,0.19230769230769232,7.336063645726155,64.0
pp_quantile_fixed,HOUSEHOLD_1_529_CA_2,663.3653382685023,492.3904925413639,170.97484572713842,0.0,0.640052956363919,0.8205128205128205,0.1794871794871795,6.312698622325178,95.0
pp_quantile_fixed,HOUSEHOLD_1_531_TX_1,379.53234280258323,358.4252700418251,21.107072760758125,0.0,0.9246175972830066,0.9358974358974359,0.0641025641025641,4.595195769766988,56.0
pp_quantile_fixed,HOUSEHOLD_1_533_WI_1,404.1107465264689,384.7695242311276,19.34122229534129,0.0,0.9008142446392754,0.9487179487179487,0.05128205128205128,4.93294261834779,39.0
pp_quantile_fixed,HOUSEHOLD_1_534_CA_2,709.3437042909894,699.3437042909894,10.0,0.0,0.9696969696969697,0.9871794871794872,0.01282051282051282,8.965944926807557,66.0
pp_quantile_fixed,HOUSEHOLD_1_534_CA_4,391.3784155551514,351.29020408339295,40.0882114717584,0.0,0.8218301712366293,0.8974358974358975,0.10256410256410256,4.5037205651717045,45.0
pp_quantile_fixed,HOUSEHOLD_1_534_TX_1,495.6878250452832,450.9443064799649,44.74351856531831,0.0,0.7581431428901714,0.9102564102564102,0.08974358974358974,5.781337262563652,37.0
pp_quantile_fixed,HOUSEHOLD_1_537_CA_3,1180.2290939039476,1106.7342356496733,73.49485825427429,0.0,0.9213958735248404,0.9230769230769231,0.07692307692307693,14.188900457047094,187.0
pp_quantile_fixed,HOUSEHOLD_1_537_TX_1,759.059569885964,708.1117399316191,50.94782995434491,0.0,0.9047704113002899,0.9230769230769231,0.07692307692307693,9.078355640148963,107.0
pp_quantile_fixed,HOUSEHOLD_1_541_CA_2,1035.7889076474119,954.6414657568929,81.14744189051888,0.0,0.9154714146973761,0.9230769230769231,0.07692307692307693,12.238993150729396,192.0
pp_quantile_fixed,HOUSEHOLD_2_001_WI_2,173.12654392717764,167.09250567164682,6.034038255530825,0.0,0.8659102609882039,0.9743589743589743,0.02564102564102564,2.142211611174959,9.0
pp_quantile_fixed,HOUSEHOLD_2_004_CA_4,236.6717785126161,236.6717785126161,0.0,0.0,1.0,1.0,0.0,3.0342535706745655,6.0
pp_quantile_fixed,HOUSEHOLD_2_008_WI_2,412.1687026200186,412.1687026200186,0.0,0.0,1.0,1.0,0.0,5.284214136154085,0.0
pp_quantile_fixed,HOUSEHOLD_2_009_CA_1,317.5868078275622,275.934141188435,41.652666639127254,0.0,0.7863965813378089,0.8717948717948718,0.1282051282051282,3.5376171947235253,39.0
pp_quantile_fixed,HOUSEHOLD_2_010_CA_3,286.9084053300342,275.1398518209623,11.76855350907191,0.0,0.8930131499175281,0.9871794871794872,0.01282051282051282,3.527433997704645,22.0
pp_quantile_fixed,HOUSEHOLD_2_013_WI_3,133.97698228238278,127.06776949594632,6.909212786436447,0.0,0.8618157442712711,0.9743589743589743,0.02564102564102564,1.6290739678967476,10.0
pp_quantile_fixed,HOUSEHOLD_2_015_CA_1,498.8446722212185,473.12712999344103,25.71754222777745,0.0,0.8971298310888902,0.9487179487179487,0.05128205128205128,6.065732435813347,50.0
pp_quantile_fixed,HOUSEHOLD_2_017_CA_1,319.52699323239347,314.18899796154204,5.337995270851441,0.0,0.9631862395113694,0.9743589743589743,0.02564102564102564,4.028064076430026,29.0
pp_quantile_fixed,HOUSEHOLD_2_021_CA_2,524.9354851288649,524.9354851288649,0.0,0.0,1.0,1.0,0.0,6.72994211703673,31.0
pp_quantile_fixed,HOUSEHOLD_2_029_WI_2,466.2971740403914,425.6706585403278,40.62651550006361,0.0,0.8271212106380272,0.9230769230769231,0.07692307692307693,5.457316135132408,47.0
pp_quantile_fixed,HOUSEHOLD_2_032_WI_2,236.46481152304847,236.46481152304847,0.0,0.0,1.0,1.0,0.0,3.0316001477313907,7.0
pp_quantile_fixed,HOUSEHOLD_2_034_CA_2,178.77504970403936,155.7699453583614,23.005104345677935,0.0,0.7443877294924675,0.9615384615384616,0.038461538461538464,1.997050581517454,18.0
pp_quantile_fixed,HOUSEHOLD_2_034_CA_3,263.8316620332225,243.38916772698286,20.442494306239645,0.0,0.7079643670537193,0.9358974358974359,0.0641025641025641,3.120373945217729,14.0
pp_quantile_fixed,HOUSEHOLD_2_038_TX_1,199.88692099852776,192.66523278781793,7.221688210709822,0.0,0.8686965779870942,0.9743589743589743,0.02564102564102564,2.4700670870233066,11.0
pp_quantile_fixed,HOUSEHOLD_2_042_WI_2,282.2717795587453,282.2717795587453,0.0,0.0,1.0,1.0,0.0,3.618868968701863,2.0
pp_quantile_fixed,HOUSEHOLD_2_043_TX_2,134.218071573707,109.48986413872987,24.728207434977122,0.0,0.7090799125296808,0.9230769230769231,0.07692307692307693,1.4037162069067932,17.0
pp_quantile_fixed,HOUSEHOLD_2_045_CA_4,221.46192102539624,189.43546941482143,32.026451610574796,0.0,0.6628794567307916,0.9230769230769231,0.07692307692307693,2.4286598642925825,19.0
pp_quantile_fixed,HOUSEHOLD_2_047_TX_2,679.3331819171073,639.6691589979141,39.664022919193194,0.0,0.801679885404034,0.8974358974358975,0.10256410256410256,8.200886653819412,40.0
pp_quantile_fixed,HOUSEHOLD_2_057_WI_3,200.143496600393,186.96201362366884,13.181482976724164,0.0,0.7803086170545973,0.9487179487179487,0.05128205128205128,2.396948892611139,12.0
pp_quantile_fixed,HOUSEHOLD_2_058_TX_2,453.77216261971864,409.9572026774109,43.81495994230775,0.0,0.8008410911713284,0.8974358974358975,0.10256410256410256,5.255861572787319,44.0
pp_quantile_fixed,HOUSEHOLD_2_063_TX_2,201.68141630837653,199.36654504005614,2.31487126832038,0.0,0.9614188121946604,0.9871794871794872,0.01282051282051282,2.5559813466673864,12.0
pp_quantile_fixed,HOUSEHOLD_2_067_CA_2,781.2262998569454,687.4723469315439,93.7539529254014,0.0,0.826381568656664,0.8205128205128205,0.1794871794871795,8.813748037583897,108.0
pp_quantile_fixed,HOUSEHOLD_2_073_WI_3,160.27102804262307,156.79623802054212,3.474790022080967,0.0,0.7683473318612689,0.9871794871794872,0.01282051282051282,2.01020817975054,3.0
pp_quantile_fixed,HOUSEHOLD_2_075_CA_4,457.29037115634407,420.32676500575775,36.96360615058634,0.0,0.8054547044705982,0.9230769230769231,0.07692307692307693,5.388804679560997,38.0
pp_quantile_fixed,HOUSEHOLD_2_075_WI_3,485.1770713991831,473.1258705759167,12.051200823266406,0.0,0.9348583739282897,0.9615384615384616,0.038461538461538464,6.065716289434829,37.0
pp_quantile_fixed,HOUSEHOLD_2_077_CA_3,205.79158677595268,195.41061028574754,10.38097649020515,0.0,0.7693116335509966,0.9743589743589743,0.02564102564102564,2.5052642344326608,9.0
pp_quantile_fixed,HOUSEHOLD_2_079_TX_1,194.46699514631993,185.60524491441626,8.861750231903674,0.0,0.8734035681156618,0.9615384615384616,0.038461538461538464,2.379554421979696,14.0
pp_quantile_fixed,HOUSEHOLD_2_087_CA_3,233.98583216139795,233.98583216139795,0.0,0.0,1.0,1.0,0.0,2.9998183610435634,7.0
pp_quantile_fixed,HOUSEHOLD_2_089_TX_2,474.40681309156486,419.72403145993843,54.68278163162644,0.0,0.8081305907662231,0.9102564102564102,0.08974358974358974,5.381077326409467,57.0
pp_quantile_fixed,HOUSEHOLD_2_095_CA_2,465.2229364501394,429.008192227676,36.21474422246341,0.0,0.818926278887683,0.9615384615384616,0.038461538461538464,5.500105028559949,40.0
pp_quantile_fixed,HOUSEHOLD_2_095_TX_3,286.1914378390677,279.61611772817645,6.575320110891232,0.0,0.9473974391128701,0.9871794871794872,0.01282051282051282,3.5848220221561085,25.0
pp_quantile_fixed,HOUSEHOLD_2_110_CA_1,968.2821844076464,804.7666050382197,163.5155793694266,0.0,0.80417295883901,0.8333333333333334,0.16666666666666666,10.317520577413074,167.0
pp_quantile_fixed,HOUSEHOLD_2_120_TX_2,407.97149642846784,378.18226049385413,29.789235934613725,0.0,0.8297757946593501,0.9358974358974359,0.0641025641025641,4.848490519151976,35.0
pp_quantile_fixed,HOUSEHOLD_2_123_TX_1,411.1063905245381,367.8880329565478,43.218357567990246,0.0,0.7941982972952845,0.9102564102564102,0.08974358974358974,4.716513243032664,42.0
pp_quantile_fixed,HOUSEHOLD_2_129_CA_2,268.5639681996895,259.19965497084263,9.364313228846886,0.0,0.8662240967307587,0.9871794871794872,0.01282051282051282,3.323072499626188,14.0
pp_quantile_fixed,HOUSEHOLD_2_138_CA_3,196.6022584131333,196.6022584131333,0.0,0.0,1.0,1.0,0.0,2.52054177452735,4.0
pp_quantile_fixed,HOUSEHOLD_2_139_TX_2,306.293723594584,242.06905187652805,64.22467171805592,0.0,0.7267035246040173,0.8461538461538461,0.15384615384615385,3.103449383032411,47.0
pp_quantile_fixed,HOUSEHOLD_2_143_CA_1,276.16044936644147,255.42195280452924,20.738496561912253,0.0,0.811468213073525,0.9487179487179487,0.05128205128205128,3.2746404205708877,22.0
pp_quantile_fixed,HOUSEHOLD_2_146_WI_1,523.0791692232626,435.9055297290438,87.17363949421885,0.0,0.6125616022479162,0.8461538461538461,0.15384615384615385,5.588532432423638,45.0
pp_quantile_fixed,HOUSEHOLD_2_147_CA_3,207.98074708866469,207.98074708866469,0.0,0.0,1.0,1.0,0.0,2.66641983447006,5.0
pp_quantile_fixed,HOUSEHOLD_2_149_TX_1,182.18528399713597,182.18528399713597,0.0,0.0,1.0,1.0,0.0,2.335708769194051,6.0
pp_quantile_fixed,HOUSEHOLD_2_150_CA_2,322.14155649142964,285.56551378240783,36.576042709021785,0.0,0.7783270138847165,0.9487179487179487,0.05128205128205128,3.6610963305436903,33.0
pp_quantile_fixed,HOUSEHOLD_2_158_TX_3,234.45396457850524,234.45396457850524,0.0,0.0,1.0,1.0,0.0,3.005820058698785,0.0
pp_quantile_fixed,HOUSEHOLD_2_159_CA_2,567.3206835006729,560.7646701297683,6.556013370904532,0.0,0.9714955940395456,0.9871794871794872,0.01282051282051282,7.189290642689337,46.0
pp_quantile_fixed,HOUSEHOLD_2_160_WI_1,360.78843275363477,349.10445188834154,11.68398086529323,0.0,0.9430049713888136,0.9487179487179487,0.05128205128205128,4.475698101132584,41.0
pp_quantile_fixed,HOUSEHOLD_2_164_CA_1,585.0,575.0,10.0,0.0,0.8333333333333334,0.9743589743589743,0.02564102564102564,7.371794871794871,12.0
pp_quantile_fixed,HOUSEHOLD_2_176_TX_2,1795.2989020302891,1344.7148570424026,450.58404498788644,0.0,0.6213579453883308,0.7051282051282052,0.2948717948717949,17.23993406464619,238.0
pp_quantile_fixed,HOUSEHOLD_2_179_CA_1,306.0045277358591,303.4944675760654,2.5100601597936967,0.0,0.9820709988586165,0.9871794871794872,0.01282051282051282,3.890954712513659,28.0
pp_quantile_fixed,HOUSEHOLD_2_184_WI_3,371.3330738640268,319.1558147179358,52.177259146091004,0.0,0.7731423515387349,0.9102564102564102,0.08974358974358974,4.091741214332511,46.0
pp_quantile_fixed,HOUSEHOLD_2_190_WI_1,567.7646059575252,547.2973806552507,20.467225302274514,0.0,0.9069671577169341,0.9615384615384616,0.038461538461538464,7.016633085323726,44.0
pp_quantile_fixed,HOUSEHOLD_2_193_TX_1,538.3839823615455,518.4355670764885,19.94841528505697,0.0,0.8186507701358458,0.9615384615384616,0.038461538461538464,6.6466098343139555,22.0
pp_quantile_fixed,HOUSEHOLD_2_203_CA_1,608.4496916059232,419.0684491347015,189.38124247122175,0.0,0.4811472809007623,0.782051282051282,0.21794871794871795,5.3726724248038655,73.0
pp_quantile_fixed,HOUSEHOLD_2_207_WI_3,165.20698447403538,165.20698447403538,0.0,0.0,1.0,1.0,0.0,2.1180382624876333,3.0
pp_quantile_fixed,HOUSEHOLD_2_208_CA_3,186.24411340946625,181.2862347544748,4.957878654991448,0.0,0.8898249187779679,0.9871794871794872,0.01282051282051282,2.324182496852241,9.0
pp_quantile_fixed,HOUSEHOLD_2_217_TX_1,581.1499668409015,468.36509101495443,112.784875825947,0.0,0.7548154873348978,0.8461538461538461,0.15384615384615385,6.004680654037878,92.0
pp_quantile_fixed,HOUSEHOLD_2_218_CA_1,247.0,237.0,10.0,0.0,0.6666666666666666,0.9743589743589743,0.02564102564102564,3.0384615384615383,6.0
pp_quantile_fixed,HOUSEHOLD_2_224_TX_1,169.75919124057538,163.20818029129472,6.551010949280654,0.0,0.7816329683573114,0.9743589743589743,0.02564102564102564,2.092412567837112,6.0
pp_quantile_fixed,HOUSEHOLD_2_226_TX_3,400.88821594601455,399.4637227731833,1.4244931728312427,0.0,0.9898250487654912,0.9871794871794872,0.01282051282051282,5.121329779143376,28.0
pp_quantile_fixed,HOUSEHOLD_2_226_WI_1,340.78620356783404,275.69289896122183,65.09330460661224,0.0,0.6661881815045526,0.8717948717948718,0.1282051282051282,3.53452434565669,39.0
pp_quantile_fixed,HOUSEHOLD_2_234_WI_3,305.72330665136616,302.5756702653807,3.147636385985453,0.0,0.9300525247558787,0.9871794871794872,0.01282051282051282,3.8791752598125733,9.0
pp_quantile_fixed,HOUSEHOLD_2_237_CA_2,216.6553536630697,212.69793129260066,3.9574223704690192,0.0,0.934042960492183,0.9871794871794872,0.01282051282051282,2.726896555033342,12.0
pp_quantile_fixed,HOUSEHOLD_2_238_CA_1,341.4514664233472,313.196181969851,28.255284453496195,0.0,0.811631436976692,0.9102564102564102,0.08974358974358974,4.015335666280142,30.0
pp_quantile_fixed,HOUSEHOLD_2_241_CA_2,274.32584749617735,261.46946620198696,12.856381294190399,0.0,0.8571513189534401,0.9743589743589743,0.02564102564102564,3.3521726436152175,18.0
pp_quantile_fixed,HOUSEHOLD_2_249_WI_1,512.0,512.0,0.0,0.0,1.0,1.0,0.0,6.564102564102564,7.0
pp_quantile_fixed,HOUSEHOLD_2_257_TX_1,275.25342375811726,249.71569002984944,25.53773372826783,0.0,0.8619581960634171,0.9358974358974359,0.0641025641025641,3.20148320551089,37.0
pp_quantile_fixed,HOUSEHOLD_2_259_CA_2,558.1768981989497,495.2921585785559,62.884739620393795,0.0,0.7754116442128793,0.8846153846153846,0.11538461538461539,6.3498994689558454,56.0
pp_quantile_fixed,HOUSEHOLD_2_259_TX_3,187.552011336041,182.6276041589912,4.924407177049792,0.0,0.9179265470491701,0.9871794871794872,0.01282051282051282,2.3413795404998874,12.0
pp_quantile_fixed,HOUSEHOLD_2_260_WI_1,224.36038226443026,221.23380698233228,3.1265752820979786,0.0,0.9609178089737753,0.9743589743589743,0.02564102564102564,2.83633085874785,16.0
pp_quantile_fixed,HOUSEHOLD_2_263_TX_2,367.3400801702212,328.7478738490121,38.59220632120909,0.0,0.649161760716281,0.9230769230769231,0.07692307692307693,4.21471633139759,22.0
pp_quantile_fixed,HOUSEHOLD_2_263_TX_3,401.71243352868015,401.71243352868015,0.0,0.0,1.0,1.0,0.0,5.150159404213848,6.0
pp_quantile_fixed,HOUSEHOLD_2_264_WI_3,235.37950688936448,220.54771143496026,14.831795454404206,0.0,0.9127541443858577,0.9487179487179487,0.05128205128205128,2.82753476198667,34.0
pp_quantile_fixed,HOUSEHOLD_2_265_WI_1,328.7766710861416,293.7637414117603,35.0129296743813,0.0,0.7306697717355285,0.9487179487179487,0.05128205128205128,3.766201812971286,26.0
pp_quantile_fixed,HOUSEHOLD_2_275_CA_2,475.4987689777133,435.692894089267,39.80587488844633,0.0,0.8341421879648069,0.9102564102564102,0.08974358974358974,5.585806334477782,48.0
pp_quantile_fixed,HOUSEHOLD_2_280_TX_2,325.1717335350113,313.26705974179526,11.90467379321602,0.0,0.9206355080452265,0.9615384615384616,0.038461538461538464,4.016244355664042,30.0
pp_quantile_fixed,HOUSEHOLD_2_280_WI_3,220.61658731356945,217.35421662075794,3.262370692811518,0.0,0.959220366339856,0.9871794871794872,0.01282051282051282,2.786592520778948,16.0
pp_quantile_fixed,HOUSEHOLD_2_288_TX_3,268.9193518319846,268.9193518319846,0.0,0.0,1.0,1.0,0.0,3.4476839978459566,13.0
pp_quantile_fixed,HOUSEHOLD_2_294_CA_1,1292.613739281254,1258.3682042222688,34.2455350589854,0.0,0.9388472588232403,0.9487179487179487,0.05128205128205128,16.132925695157294,112.0
pp_quantile_fixed,HOUSEHOLD_2_294_WI_3,662.2869629245604,568.4022114768771,93.88475144768324,0.0,0.8261393491709569,0.8333333333333334,0.16666666666666666,7.2872078394471425,108.0
pp_quantile_fixed,HOUSEHOLD_2_307_TX_1,161.11765332585648,161.11765332585648,0.0,0.0,1.0,1.0,0.0,2.065610940075083,3.0
pp_quantile_fixed,HOUSEHOLD_2_308_WI_3,232.60827156208722,192.17057192991288,40.437699632174336,0.0,0.5242623572685372,0.9102564102564102,0.08974358974358974,2.4637252811527293,17.0
pp_quantile_fixed,HOUSEHOLD_2_311_TX_2,430.25732294068547,385.93327448067214,44.324048460013316,0.0,0.7726971873845471,0.9102564102564102,0.08974358974358974,4.94786249334195,39.0
pp_quantile_fixed,HOUSEHOLD_2_314_TX_1,330.5395736936736,307.6090651554609,22.930508538212727,0.0,0.7706949146178728,0.9487179487179487,0.05128205128205128,3.9437059635315497,20.0
pp_quantile_fixed,HOUSEHOLD_2_316_CA_4,140.24126250135402,127.64948436238754,12.591778138966475,0.0,0.8600913540114835,0.9743589743589743,0.02564102564102564,1.6365318507998403,18.0
pp_quantile_fixed,HOUSEHOLD_2_326_TX_2,199.6372411756615,190.59506391122522,9.042177264436287,0.0,0.8794376364741829,0.9615384615384616,0.038461538461538464,2.4435264604003235,15.0
pp_quantile_fixed,HOUSEHOLD_2_330_CA_2,321.8771888992789,309.84045782270755,12.036731076571353,0.0,0.8495408615428581,0.9743589743589743,0.02564102564102564,3.972313561829584,16.0
pp_quantile_fixed,HOUSEHOLD_2_333_WI_2,376.55740101813853,376.55740101813853,0.0,0.0,1.0,1.0,0.0,4.827658987412033,17.0
pp_quantile_fixed,HOUSEHOLD_2_337_CA_2,193.56092552462306,177.17103962145106,16.389885903172008,0.0,0.8739239545909846,0.9487179487179487,0.05128205128205128,2.2714235848903983,26.0
pp_quantile_fixed,HOUSEHOLD_2_338_WI_3,473.816652076799,462.0077547460916,11.808897330707406,0.0,0.7852927758053199,0.9743589743589743,0.02564102564102564,5.923176342898611,11.0
pp_quantile_fixed,HOUSEHOLD_2_342_CA_1,419.6651080033582,377.7773857781165,41.88772222524168,0.0,0.8178794685859058,0.8846153846153846,0.11538461538461539,4.843299817668161,46.0
pp_quantile_fixed,HOUSEHOLD_2_345_CA_1,380.64209084507365,350.8919190734691,29.7501717716045,0.0,0.8512491411419776,0.9358974358974359,0.0641025641025641,4.498614347095758,40.0
pp_quantile_fixed,HOUSEHOLD_2_346_TX_3,454.97305011494467,392.73583765650255,62.23721245844213,0.0,0.855262296608274,0.9102564102564102,0.08974358974358974,5.035074841750033,86.0
pp_quantile_fixed,HOUSEHOLD_2_348_TX_1,539.0593389406393,463.3998286306793,75.65951030996007,0.0,0.7774720285001175,0.8461538461538461,0.15384615384615385,5.941023443983068,68.0
pp_quantile_fixed,HOUSEHOLD_2_354_TX_1,311.0127220845929,289.17575958273284,21.836962501860047,0.0,0.8014821590739996,0.9358974358974359,0.0641025641025641,3.7073815331119593,22.0
pp_quantile_fixed,HOUSEHOLD_2_354_TX_2,882.5009285597705,791.2496107536507,91.2513178061198,0.0,0.6349947287755208,0.8846153846153846,0.11538461538461539,10.144225778892958,50.0
pp_quantile_fixed,HOUSEHOLD_2_355_CA_3,343.89486578670363,338.60937208412247,5.285493702581161,0.0,0.9635483192925437,0.9743589743589743,0.02564102564102564,4.341145795950288,29.0
pp_quantile_fixed,HOUSEHOLD_2_355_TX_2,267.1892986416552,266.17354692946617,1.0157517121890791,0.0,0.9903261741696279,0.9871794871794872,0.01282051282051282,3.412481370890592,21.0
pp_quantile_fixed,HOUSEHOLD_2_358_CA_4,194.9594562027058,194.9594562027058,0.0,0.0,1.0,1.0,0.0,2.4994802077269975,1.0
pp_quantile_fixed,HOUSEHOLD_2_358_WI_2,240.53071060053026,236.25221599597796,4.2784946045522965,0.0,0.9465188174430963,0.9871794871794872,0.01282051282051282,3.0288745640509993,16.0
pp_quantile_fixed,HOUSEHOLD_2_370_TX_2,229.98141094350822,218.1338796474787,11.847531296029521,0.0,0.8969779887301782,0.9743589743589743,0.02564102564102564,2.796588200608701,23.0
pp_quantile_fixed,HOUSEHOLD_2_373_WI_3,209.8922871674432,209.8922871674432,0.0,0.0,1.0,1.0,0.0,2.690926758556964,10.0
pp_quantile_fixed,HOUSEHOLD_2_382_TX_3,445.6767586130416,421.3182539097613,24.358504703280314,0.0,0.8867046292870683,0.9358974358974359,0.0641025641025641,5.401516075766171,43.0
pp_quantile_fixed,HOUSEHOLD_2_385_WI_1,245.45945797878898,245.45945797878898,0.0,0.0,1.0,1.0,0.0,3.146916127933192,15.0
pp_quantile_fixed,HOUSEHOLD_2_392_CA_4,163.9716370206539,147.96137059875363,16.01026642190027,0.0,0.6797946715619946,0.9615384615384616,0.038461538461538464,1.8969406487019695,10.0
pp_quantile_fixed,HOUSEHOLD_2_396_TX_3,210.51820824320035,165.1494349098002,45.368773333400156,0.0,0.5679164444438081,0.8846153846153846,0.11538461538461539,2.117300447561541,21.0
pp_quantile_fixed,HOUSEHOLD_2_396_WI_2,178.29418390063424,169.83947846120066,8.454705439433571,0.0,0.7181764853522142,0.9743589743589743,0.02564102564102564,2.177429211041034,6.0
pp_quantile_fixed,HOUSEHOLD_2_397_WI_2,209.4784937661776,209.4784937661776,0.0,0.0,1.0,1.0,0.0,2.6856217149509947,4.0
pp_quantile_fixed,HOUSEHOLD_2_401_TX_3,530.219550535656,416.56192805609305,113.657622479563,0.0,0.7193638951121901,0.8717948717948718,0.1282051282051282,5.34053753918068,81.0
pp_quantile_fixed,HOUSEHOLD_2_405_CA_4,235.62982764322646,231.07241704663483,4.557410596591636,0.0,0.9088517880681672,0.9743589743589743,0.02564102564102564,2.962466885213267,10.0
pp_quantile_fixed,HOUSEHOLD_2_412_CA_1,265.2510131756319,261.9650613690291,3.2859518066028093,0.0,0.8904682731132397,0.9871794871794872,0.01282051282051282,3.3585264278080658,6.0
pp_quantile_fixed,HOUSEHOLD_2_417_TX_1,155.48924825079925,147.72326094837803,7.765987302421213,0.0,0.6893605079031515,0.9743589743589743,0.02564102564102564,1.8938879608766415,5.0
pp_quantile_fixed,HOUSEHOLD_2_418_CA_2,339.0173972314657,339.0173972314657,0.0,0.0,1.0,1.0,0.0,4.346376887582894,21.0
pp_quantile_fixed,HOUSEHOLD_2_420_CA_3,693.8813526647727,623.8813526647727,70.0,0.0,0.6111111111111112,0.9358974358974359,0.0641025641025641,7.9984788803176,36.0
pp_quantile_fixed,HOUSEHOLD_2_424_CA_1,274.25629601613286,241.78436278134154,32.47193323479133,0.0,0.7048006069564425,0.9102564102564102,0.08974358974358974,3.099799522837712,22.0
pp_quantile_fixed,HOUSEHOLD_2_424_CA_4,259.7607424182621,241.4710414186681,18.289700999594032,0.0,0.6342059800081193,0.9487179487179487,0.05128205128205128,3.095782582290617,10.0
pp_quantile_fixed,HOUSEHOLD_2_428_CA_4,175.41650972720794,175.41650972720794,0.0,0.0,1.0,1.0,0.0,2.2489296118872812,0.0
pp_quantile_fixed,HOUSEHOLD_2_429_WI_3,179.06310887277652,178.1023686374201,0.9607402353564076,0.0,0.9807851952928719,0.9871794871794872,0.01282051282051282,2.283363700479745,10.0
pp_quantile_fixed,HOUSEHOLD_2_432_TX_3,320.31290046600543,315.8812426567137,4.431657809291711,0.0,0.9671729051163577,0.9871794871794872,0.01282051282051282,4.04975952123992,27.0
pp_quantile_fixed,HOUSEHOLD_2_436_CA_2,498.7809066107332,491.1824994185263,7.598407192206942,0.0,0.9600083831989108,0.9743589743589743,0.02564102564102564,6.297211531006747,38.0
pp_quantile_fixed,HOUSEHOLD_2_440_TX_2,1245.5647226696897,1056.0976466620903,189.46707600759947,0.0,0.7456817771710074,0.8589743589743589,0.14102564102564102,13.539713418744746,149.0
pp_quantile_fixed,HOUSEHOLD_2_445_WI_2,213.69782480794467,213.69782480794467,0.0,0.0,1.0,1.0,0.0,2.7397157026659573,2.0
pp_quantile_fixed,HOUSEHOLD_2_446_CA_3,243.4760633802508,230.27282750110726,13.203235879143524,0.0,0.7968732941670228,0.9615384615384616,0.038461538461538464,2.952215737193683,13.0
pp_quantile_fixed,HOUSEHOLD_2_451_TX_1,593.407909110643,480.4835331657159,112.92437594492708,0.0,0.780729367097229,0.8205128205128205,0.1794871794871795,6.160045296996358,103.0
pp_quantile_fixed,HOUSEHOLD_2_451_WI_2,635.7729634653172,544.3764293574758,91.3965341078414,0.0,0.789893025039445,0.8461538461538461,0.15384615384615385,6.97918499176251,87.0
pp_quantile_fixed,HOUSEHOLD_2_459_WI_3,168.66945627639564,168.66945627639564,0.0,0.0,1.0,1.0,0.0,2.162428926620457,8.0
pp_quantile_fixed,HOUSEHOLD_2_462_CA_4,271.4030496621131,265.8512980662871,5.551751595826038,0.0,0.8990590618940721,0.9743589743589743,0.02564102564102564,3.4083499752088087,11.0
pp_quantile_fixed,HOUSEHOLD_2_462_TX_2,185.53164237579878,170.62759349968675,14.904048876112018,0.0,0.7707069403675075,0.9487179487179487,0.05128205128205128,2.187533249995984,13.0
pp_quantile_fixed,HOUSEHOLD_2_465_CA_1,543.451516769115,471.46983512699103,71.98168164212397,0.0,0.836405268995173,0.8974358974358975,0.10256410256410256,6.044485065730655,88.0
pp_quantile_fixed,HOUSEHOLD_2_468_TX_2,376.5904569356011,308.3565573779447,68.2338995576564,0.0,0.6750766687730647,0.8717948717948718,0.1282051282051282,3.9532891971531368,42.0
pp_quantile_fixed,HOUSEHOLD_2_470_WI_2,472.6592613574559,438.63832628364315,34.02093507381271,0.0,0.8453593860281239,0.9102564102564102,0.08974358974358974,5.623568285687733,44.0
pp_quantile_fixed,HOUSEHOLD_2_475_CA_3,391.8590698521264,391.8590698521264,0.0,0.0,1.0,1.0,0.0,5.023834228873416,20.0
pp_quantile_fixed,HOUSEHOLD_2_476_WI_2,293.74718046596183,262.502382364209,31.244798101752846,0.0,0.6711073884026016,0.9230769230769231,0.07692307692307693,3.3654151585155,19.0
pp_quantile_fixed,HOUSEHOLD_2_478_TX_2,204.82737149596718,186.21682777556794,18.610543720399242,0.0,0.7136839427630886,0.9487179487179487,0.05128205128205128,2.3873952278918966,13.0
pp_quantile_fixed,HOUSEHOLD_2_480_TX_1,320.9041801638116,314.3332573665603,6.570922797251308,0.0,0.9123876960366493,0.9743589743589743,0.02564102564102564,4.029913555981542,15.0
pp_quantile_fixed,HOUSEHOLD_2_483_TX_1,670.1520831769673,560.991290494527,109.16079268244026,0.0,0.7772228720766525,0.8333333333333334,0.16666666666666666,7.192196031981116,98.0
pp_quantile_fixed,HOUSEHOLD_2_488_WI_3,199.21410730326835,186.59880151277946,12.615305790488877,0.0,0.8197813458501589,0.9615384615384616,0.038461538461538464,2.392292327086916,14.0
pp_quantile_fixed,HOUSEHOLD_2_490_WI_1,678.5554905066552,508.6137668216577,169.94172368499756,0.0,0.7323752382913425,0.8076923076923077,0.19230769230769232,6.52068931822638,127.0
pp_quantile_fixed,HOUSEHOLD_2_491_TX_3,428.62513477956827,393.4972711721051,35.127863607463176,0.0,0.819857109705317,0.9230769230769231,0.07692307692307693,5.044836809898784,39.0
pp_quantile_fixed,HOUSEHOLD_2_505_CA_4,208.87007437642148,206.63020107227973,2.2398733041417507,0.0,0.9502250376857388,0.9871794871794872,0.01282051282051282,2.649105141952304,9.0
pp_quantile_fixed,HOUSEHOLD_2_507_CA_1,664.4198946338565,581.0223718716243,83.39752276223228,0.0,0.7510521708590081,0.8846153846153846,0.11538461538461539,7.449004767584927,67.0
pp_quantile_fixed,HOUSEHOLD_2_509_TX_1,309.62097954401463,305.35692029343136,4.2640592505832675,0.0,0.9763107819412041,0.9871794871794872,0.01282051282051282,3.9148323114542483,36.0
pp_quantile_fixed,HOUSEHOLD_2_509_WI_1,194.94655758824382,181.7236160241082,13.222941564135617,0.0,0.6694264608966096,0.9743589743589743,0.02564102564102564,2.329789949027028,8.0
pp_quantile_fixed,HOUSEHOLD_2_509_WI_2,202.50482378125986,194.41490697231978,8.089916808940087,0.0,0.8844297598722844,0.9743589743589743,0.02564102564102564,2.4924988073374332,14.0
pp_quantile_fixed,HOUSEHOLD_2_510_CA_2,525.7247159162616,487.0788810805092,38.64583483575245,0.0,0.8644005795236755,0.9230769230769231,0.07692307692307693,6.244601039493707,57.0
pp_quantile_calibrated,FOODS_1_008_CA_1,383.7985232611355,369.6640631960477,14.134460065087767,0.0,0.8869243194792977,0.9487179487179487,0.05128205128205128,4.7392828614877915,25.0
pp_quantile_calibrated,FOODS_1_010_CA_3,327.2546975782322,266.97854595404044,60.27615162419177,0.0,0.7260174926173101,0.8461538461538461,0.15384615384615385,3.4228018712056465,44.0
pp_quantile_calibrated,FOODS_1_010_WI_3,774.4148672984467,703.3462726813267,71.06859461711997,0.0,0.7415687468468364,0.9358974358974359,0.0641025641025641,9.017259906170855,55.0
pp_quantile_calibrated,FOODS_1_013_WI_1,943.8534459814682,881.2536291790911,62.59981680237702,0.0,0.8998402931161968,0.8974358974358975,0.10256410256410256,11.29812345101399,125.0
pp_quantile_calibrated,FOODS_1_014_WI_3,779.9310397181353,705.5920716945046,74.33896802363064,0.0,0.8291058206353318,0.9358974358974359,0.0641025641025641,9.046052201211598,87.0
pp_quantile_calibrated,FOODS_1_022_WI_3,496.7536233316809,496.7536233316809,0.0,0.0,1.0,1.0,0.0,6.368636196560011,1.0
pp_quantile_calibrated,FOODS_1_024_TX_1,526.6607724111225,464.367496043586,62.29327636753652,0.0,0.7649310325753339,0.8974358974358975,0.10256410256410256,5.953429436456231,53.0
pp_quantile_calibrated,FOODS_1_025_TX_1,503.43804260370814,469.6115247087067,33.82651789500144,0.0,0.8462431004772661,0.9230769230769231,0.07692307692307693,6.020660573188548,44.0
pp_quantile_calibrated,FOODS_1_025_WI_1,881.3031364442126,865.3454897001393,15.957646744073264,0.0,0.903286989429859,0.9615384615384616,0.038461538461538464,11.09417294487358,33.0
pp_quantile_calibrated,FOODS_1_032_CA_2,2154.308835731882,1710.6565492836141,443.6522864482681,0.0,0.7658826984441858,0.7564102564102564,0.24358974358974358,21.931494221584796,379.0
pp_quantile_calibrated,FOODS_1_040_TX_1,593.4934984920184,546.9695476051295,46.523950886888855,0.0,0.7730538981127373,0.8974358974358975,0.10256410256410256,7.01243009750166,41.0
pp_quantile_calibrated,FOODS_1_043_CA_3,16660.357116927487,16660.357116927487,0.0,0.0,1.0,1.0,0.0,213.59432201189085,42.0
pp_quantile_calibrated,FOODS_1_045_CA_3,1505.0553167052617,1499.5774770579226,5.47783964733906,0.0,0.9917626471468585,0.9743589743589743,0.02564102564102564,19.225352269973367,133.0
pp_quantile_calibrated,FOODS_1_045_WI_2,831.3108341379971,773.0417525414259,58.26908159657112,0.0,0.8920942933396832,0.9230769230769231,0.07692307692307693,9.91079169924905,108.0
pp_quantile_calibrated,FOODS_1_046_WI_3,2028.8727697199424,1761.5039652104501,267.3688045094923,0.0,0.8019490336966724,0.782051282051282,0.21794871794871795,22.583384169364745,270.0
pp_quantile_calibrated,FOODS_1_047_TX_2,657.8080621128945,656.2985744224584,1.5094876904361065,0.0,0.995130684869561,0.9871794871794872,0.01282051282051282,8.414084287467416,62.0
pp_quantile_calibrated,FOODS_1_054_CA_1,770.9950933617033,518.2956817545221,252.69941160718116,0.0,0.6228366990937594,0.7692307692307693,0.23076923076923078,6.644816432750283,134.0
pp_quantile_calibrated,FOODS_1_054_TX_3,424.01790927033585,379.1269753195476,44.890933950788224,0.0,0.7434803774240674,0.9358974358974359,0.0641025641025641,4.860602247686508,35.0
pp_quantile_calibrated,FOODS_1_055_WI_2,1235.2736882254655,1063.8622027896145,171.41148543585106,0.0,0.7479242861237485,0.8589743589743589,0.14102564102564102,13.639259010123263,136.0
pp_quantile_calibrated,FOODS_1_056_WI_1,861.634325051441,861.634325051441,0.0,0.0,1.0,1.0,0.0,11.046593910915911,1.0
pp_quantile_calibrated,FOODS_1_057_CA_2,1415.9162873147745,1415.9162873147745,0.0,0.0,1.0,1.0,0.0,18.15277291429198,3.0
pp_quantile_calibrated,FOODS_1_060_CA_4,466.15997067634436,466.15997067634436,0.0,0.0,1.0,1.0,0.0,5.976409880465953,39.0
pp_quantile_calibrated,FOODS_1_062_TX_2,416.72872666044157,388.5551622600102,28.173564400431353,0.0,0.8801124919130581,0.9743589743589743,0.02564102564102564,4.9814764392309,47.0
pp_quantile_calibrated,FOODS_1_064_WI_3,304.0768218203337,304.0768218203337,0.0,0.0,1.0,1.0,0.0,3.8984207925683805,18.0
pp_quantile_calibrated,FOODS_1_066_WI_1,1051.3620819081334,897.6197983225925,153.74228358554103,0.0,0.8169734719219751,0.8333333333333334,0.16666666666666666,11.50794613234093,168.0
pp_quantile_calibrated,FOODS_1_069_CA_3,1860.2482650317347,1444.7726910697004,415.4755739620344,0.0,0.743533596319732,0.7692307692307693,0.23076923076923078,18.5227268085859,324.0
pp_quantile_calibrated,FOODS_1_078_TX_2,599.1721517202341,569.1721517202341,30.0,0.0,0.8604651162790697,0.9487179487179487,0.05128205128205128,7.297078868208129,43.0
pp_quantile_calibrated,FOODS_1_081_WI_1,542.0362737985249,466.1723319258185,75.86394187270633,0.0,0.7735404720217721,0.8974358974358975,0.10256410256410256,5.976568358023314,67.0
pp_quantile_calibrated,FOODS_1_083_WI_3,1693.6469324627242,1662.1535440393625,31.493388423361743,0.0,0.9315361121231266,0.9615384615384616,0.038461538461538464,21.309660821017467,92.0
pp_quantile_calibrated,FOODS_1_085_CA_4,3022.6278376599585,2398.07443833828,624.5533993216785,0.0,0.8194932371902662,0.782051282051282,0.21794871794871795,30.74454408126,692.0
pp_quantile_calibrated,FOODS_1_086_CA_2,1286.313933696809,1182.2864078087423,104.02752588806675,0.0,0.8933051016532648,0.8717948717948718,0.1282051282051282,15.15751804883003,195.0
pp_quantile_calibrated,FOODS_1_086_WI_2,1491.0061961682982,1033.4230736211498,457.58312254714843,0.0,0.6382742114251791,0.6666666666666666,0.3333333333333333,13.249013764373716,253.0
pp_quantile_calibrated,FOODS_1_089_CA_1,549.4339454577672,520.8861460390261,28.547799418741093,0.0,0.8215762536328681,0.9358974358974359,0.0641025641025641,6.678027513320848,32.0
pp_quantile_calibrated,FOODS_1_091_TX_3,549.2315879908762,549.2315879908762,0.0,0.0,1.0,1.0,0.0,7.041430615267643,4.0
pp_quantile_calibrated,FOODS_1_094_WI_1,431.1121993472669,343.5243593577411,87.58783998952578,0.0,0.734582303062043,0.8461538461538461,0.15384615384615385,4.404158453304373,66.0
pp_quantile_calibrated,FOODS_1_098_CA_2,448.26026232564783,448.26026232564783,0.0,0.0,1.0,1.0,0.0,5.746926440072408,13.0
pp_quantile_calibrated,FOODS_1_098_TX_1,345.08778652969846,260.8880353663519,84.19975116334655,0.0,0.7145771147005202,0.8717948717948718,0.1282051282051282,3.3447184021327168,59.0
pp_quantile_calibrated,FOODS_1_099_CA_2,3556.255541950203,2809.509884251709,746.7456576984941,0.0,0.7790693320418658,0.7564102564102564,0.24358974358974358,36.01935749040653,676.0
pp_quantile_calibrated,FOODS_1_099_TX_1,2676.5250366743926,2058.8002430981737,617.7247935762188,0.0,0.6895855308662215,0.7435897435897436,0.2564102564102564,26.394874911515046,398.0
pp_quantile_calibrated,FOODS_1_101_CA_1,2103.567182406329,2103.567182406329,0.0,0.0,1.0,1.0,0.0,26.96881003085037,0.0
pp_quantile_calibrated,FOODS_1_102_TX_2,534.389045245464,441.4354711910842,92.9535740543798,0.0,0.726607135134177,0.8333333333333334,0.16666666666666666,5.659429117834413,68.0
pp_quantile_calibrated,FOODS_1_106_CA_1,812.0071470875182,644.5144917283019,167.49265535921634,0.0,0.6926740268638232,0.782051282051282,0.21794871794871795,8.263006304208998,109.0
pp_quantile_calibrated,FOODS_1_107_TX_2,421.14114470382304,418.8361873487615,2.30495735506155,0.0,0.9835360188924175,0.9871794871794872,0.01282051282051282,5.369694709599506,28.0
pp_quantile_calibrated,FOODS_1_111_WI_2,325.67687399849234,325.67687399849234,0.0,0.0,1.0,1.0,0.0,4.17534453844221,9.0
pp_quantile_calibrated,FOODS_1_119_WI_1,526.7161497618114,397.59481228530785,129.12133747650356,0.0,0.5964958203859264,0.8333333333333334,0.16666666666666666,5.097369388273178,64.0
pp_quantile_calibrated,FOODS_1_122_WI_3,854.423125066375,669.5551656459729,184.86795942040206,0.0,0.6339248328308871,0.7564102564102564,0.24358974358974358,8.58404058520478,101.0
pp_quantile_calibrated,FOODS_1_131_CA_1,420.3907018979436,370.6880988614821,49.70260303646148,0.0,0.8286117136673743,0.8589743589743589,0.14102564102564102,4.752411523865155,58.0
pp_quantile_calibrated,FOODS_1_132_WI_3,360.25204404306214,288.8788318175782,71.37321222548397,0.0,0.7306671236774189,0.8717948717948718,0.1282051282051282,3.7035747668920282,53.0
pp_quantile_calibrated,FOODS_1_134_CA_2,337.21021331989346,272.6746980819624,64.5355152379311,0.0,0.801429183883289,0.9102564102564102,0.08974358974358974,3.495829462589261,65.0
pp_quantile_calibrated,FOODS_1_139_TX_3,1086.622202084724,722.6404701196566,363.98173196506747,0.0,0.608621793585949,0.6923076923076923,0.3076923076923077,9.264621411790468,186.0
pp_quantile_calibrated,FOODS_1_143_CA_1,1157.3308866764469,991.3848073573487,165.94607931909832,0.0,0.732345033356293,0.8846153846153846,0.11538461538461539,12.710061632786521,124.0
pp_quantile_calibrated,FOODS_1_143_WI_2,850.7074226684798,850.7074226684798,0.0,0.0,1.0,1.0,0.0,10.906505418826665,34.0
pp_quantile_calibrated,FOODS_1_147_TX_2,238.83430871864692,205.594682920775,33.23962579787191,0.0,0.8100592811550178,0.9230769230769231,0.07692307692307693,2.635829268215064,35.0
pp_quantile_calibrated,FOODS_1_149_CA_3,1227.5794739671437,1123.0509201202763,104.5285538468675,0.0,0.840414421607836,0.9230769230769231,0.07692307692307693,14.39808871949072,131.0
pp_quantile_calibrated,FOODS_1_156_TX_3,445.80000785913546,382.1956767841014,63.60433107503404,0.0,0.7349819538540249,0.8846153846153846,0.11538461538461539,4.899944574155146,48.0
pp_quantile_calibrated,FOODS_1_159_CA_4,584.4534793507315,584.4534793507315,0.0,0.0,1.0,1.0,0.0,7.492993325009379,14.0
pp_quantile_calibrated,FOODS_1_161_CA_4,4169.460664778538,3874.508699927209,294.95196485132874,0.0,0.810320279838374,0.9102564102564102,0.08974358974358974,49.67318846060524,311.0
pp_quantile_calibrated,FOODS_1_161_WI_3,2819.3915101501216,2203.4329527120503,615.9585574380715,0.0,0.7475579682630855,0.6923076923076923,0.3076923076923077,28.24914041938526,488.0
pp_quantile_calibrated,FOODS_1_168_WI_1,412.1714111544257,372.08531992975117,40.08609122467455,0.0,0.7494619298457841,0.9102564102564102,0.08974358974358974,4.7703246144839895,32.0
pp_quantile_calibrated,FOODS_1_174_TX_2,294.64965842614043,267.96082105214174,26.688837373998687,0.0,0.838249470460614,0.9487179487179487,0.05128205128205128,3.435395141694125,33.0
pp_quantile_calibrated,FOODS_1_175_CA_3,786.9255868296937,716.6604429698218,70.26514385987178,0.0,0.8327020384288767,0.8717948717948718,0.1282051282051282,9.187954397048998,84.0
pp_quantile_calibrated,FOODS_1_183_CA_2,963.6122037113781,852.1873330971412,111.424870614237,0.0,0.8396764451593712,0.8846153846153846,0.11538461538461539,10.925478629450527,139.0
pp_quantile_calibrated,FOODS_1_183_CA_4,657.2954455021458,554.1598610370055,103.13558446514027,0.0,0.7733283857909006,0.8461538461538461,0.15384615384615385,7.104613603038532,91.0
pp_quantile_calibrated,FOODS_1_185_WI_1,852.8849443336192,639.9309154482653,212.9540288853538,0.0,0.6592735537834339,0.7435897435897436,0.2564102564102564,8.204242505746992,125.0
pp_quantile_calibrated,FOODS_1_191_TX_1,269.0949259862356,223.12359162976395,45.97133435647164,0.0,0.7701433282176418,0.8974358974358975,0.10256410256410256,2.8605588670482556,40.0
pp_quantile_calibrated,FOODS_1_192_CA_4,1214.7510685276934,1214.7510685276934,0.0,0.0,1.0,1.0,0.0,15.573731647790941,3.0
pp_quantile_calibrated,FOODS_1_203_WI_1,563.0011298397872,507.8386407830096,55.162489056777524,0.0,0.795694484974898,0.9230769230769231,0.07692307692307693,6.51075180491038,54.0
pp_quantile_calibrated,FOODS_1_207_CA_4,568.2280122177694,411.13697209751604,157.0910401202534,0.0,0.6889286334252407,0.7564102564102564,0.24358974358974358,5.270986821763026,101.0
pp_quantile_calibrated,FOODS_1_208_WI_3,538.162857050051,436.68237534365784,101.48048170639314,0.0,0.7554687187797756,0.8461538461538461,0.15384615384615385,5.598491991585357,83.0
pp_quantile_calibrated,FOODS_1_209_CA_4,926.0592519977805,926.0592519977805,0.0,0.0,1.0,1.0,0.0,11.872554512792059,1.0
pp_quantile_calibrated,FOODS_1_214_TX_3,569.4704735786892,563.9850612092014,5.485412369487834,0.0,0.9422588171632861,0.9743589743589743,0.02564102564102564,7.230577707810274,19.0
pp_quantile_calibrated,FOODS_1_215_CA_1,1288.6067151722364,1108.6643775808905,179.94233759134596,0.0,0.6698305732268883,0.8589743589743589,0.14102564102564102,14.213645866421672,109.0
pp_quantile_calibrated,FOODS_2_001_TX_1,624.976087350156,525.602962389224,99.37312496093205,0.0,0.7661808824448657,0.8717948717948718,0.1282051282051282,6.738499517810564,85.0
pp_quantile_calibrated,FOODS_2_002_CA_3,602.0296315189823,500.70104722159476,101.32858429738755,0.0,0.7748253682280275,0.8333333333333334,0.16666666666666666,6.419244195148651,90.0
pp_quantile_calibrated,FOODS_2_004_CA_1,578.1513478657885,467.09279085333543,111.05855701245302,0.0,0.7943360055324944,0.8717948717948718,0.1282051282051282,5.988369113504301,108.0
pp_quantile_calibrated,FOODS_2_009_CA_1,731.0204706477691,724.8080646213356,6.2124060264335945,0.0,0.9838638804508217,0.9871794871794872,0.01282051282051282,9.292411084888917,77.0
pp_quantile_calibrated,FOODS_2_009_WI_1,1069.3307815712596,869.7918445797604,199.5389369914992,0.0,0.7247738800117253,0.8076923076923077,0.19230769230769232,11.151177494612313,145.0
pp_quantile_calibrated,FOODS_2_012_CA_3,455.4426757215507,455.4426757215507,0.0,0.0,1.0,1.0,0.0,5.839008663096804,28.0
pp_quantile_calibrated,FOODS_2_014_CA_3,776.1592486756006,644.1212286472982,132.03802002830247,0.0,0.7305346530034644,0.8333333333333334,0.16666666666666666,8.257964469837155,98.0
pp_quantile_calibrated,FOODS_2_014_TX_1,399.5294432568588,378.1725141924632,21.356929064395587,0.0,0.8527108340386511,0.9615384615384616,0.038461538461538464,4.848365566570041,29.0
pp_quantile_calibrated,FOODS_2_015_CA_1,581.2173989901501,524.9948350291934,56.22256396095672,0.0,0.8156637247181747,0.9102564102564102,0.08974358974358974,6.730703013194787,61.0
pp_quantile_calibrated,FOODS_2_017_WI_1,376.4621009177809,341.2962080592399,35.165892858540964,0.0,0.8437071428509291,0.9358974358974359,0.0641025641025641,4.375592411015896,45.0
pp_quantile_calibrated,FOODS_2_017_WI_3,376.20878515908737,376.20878515908737,0.0,0.0,1.0,1.0,0.0,4.823189553321633,2.0
pp_quantile_calibrated,FOODS_2_024_CA_4,597.5728826205079,519.2366861834631,78.33619643704478,0.0,0.7551993861342351,0.8717948717948718,0.1282051282051282,6.656880592095681,64.0
pp_quantile_calibrated,FOODS_2_024_TX_2,742.4138618764875,729.3329877857092,13.080874090778316,0.0,0.9292925724822794,0.9743589743589743,0.02564102564102564,9.350422920329605,37.0
pp_quantile_calibrated,FOODS_2_029_TX_3,1909.0075527268402,1410.2850525763229,498.72250015051736,0.0,0.63729272716326,0.7948717948717948,0.20512820512820512,18.080577597132343,275.0
pp_quantile_calibrated,FOODS_2_031_TX_1,1587.5266293501345,1587.5266293501345,0.0,0.0,1.0,1.0,0.0,20.352905504488906,9.0
pp_quantile_calibrated,FOODS_2_034_WI_3,896.3139347318202,873.6816615126256,22.63227321919448,0.0,0.9502587401775946,0.9615384615384616,0.038461538461538464,11.20104694246956,91.0
pp_quantile_calibrated,FOODS_2_043_TX_2,613.316229400261,577.942028386431,35.37420101382995,0.0,0.7473271356155003,0.9358974358974359,0.0641025641025641,7.4095131844414235,28.0
pp_quantile_calibrated,FOODS_2_045_TX_1,478.49446051001706,474.5835484566067,3.9109120534103425,0.0,0.9511135993323707,0.9871794871794872,0.01282051282051282,6.084404467392393,16.0
pp_quantile_calibrated,FOODS_2_046_CA_3,392.4757784004998,384.50976246088004,7.966015939619755,0.0,0.9161472006355815,0.9743589743589743,0.02564102564102564,4.929612339242052,19.0
pp_quantile_calibrated,FOODS_2_047_CA_4,551.5830751350487,469.9351568278556,81.6479183071931,0.0,0.7763070731309778,0.8461538461538461,0.15384615384615385,6.0248097029212255,73.0
pp_quantile_calibrated,FOODS_2_047_WI_3,640.7457271677783,551.3232304236448,89.42249674413361,0.0,0.7550068582352504,0.8717948717948718,0.1282051282051282,7.068246543892881,73.0
pp_quantile_calibrated,FOODS_2_051_WI_3,651.4078333132851,570.4407248706075,80.96710844267758,0.0,0.7811699771819525,0.8846153846153846,0.11538461538461539,7.31334262654625,74.0
pp_quantile_calibrated,FOODS_2_055_TX_1,617.1309684798392,539.423150245661,77.70781823417826,0.0,0.8364045931912037,0.8974358974358975,0.10256410256410256,6.91568141340591,95.0
pp_quantile_calibrated,FOODS_2_067_CA_2,2175.6086157490486,2175.6086157490486,0.0,0.0,1.0,1.0,0.0,27.892418150628828,15.0
pp_quantile_calibrated,FOODS_2_067_WI_3,1010.4815085327679,1010.4815085327679,0.0,0.0,1.0,1.0,0.0,12.954891135035485,0.0
pp_quantile_calibrated,FOODS_2_082_TX_3,1252.3685193934227,1039.001909656995,213.36660973642785,0.0,0.7887459309540319,0.8205128205128205,0.1794871794871795,13.320537303294808,202.0
pp_quantile_calibrated,FOODS_2_084_WI_1,598.358783980567,570.6900438593167,27.668740121250217,0.0,0.9209464567964282,0.9230769230769231,0.07692307692307693,7.316539023837393,70.0
pp_quantile_calibrated,FOODS_2_085_TX_2,390.3218670192802,366.90469508336867,23.417171935911544,0.0,0.873420692238316,0.9487179487179487,0.05128205128205128,4.703906347222675,37.0
pp_quantile_calibrated,FOODS_2_087_WI_3,268.3401539114877,265.1554021830918,3.184751728395905,0.0,0.9646138696844899,0.9743589743589743,0.02564102564102564,3.3994282331165615,18.0
pp_quantile_calibrated,FOODS_2_100_WI_3,975.6914310642067,789.7422779877829,185.9491530764237,0.0,0.7305084738022846,0.8461538461538461,0.15384615384615385,10.124900999843371,138.0
pp_quantile_calibrated,FOODS_2_101_WI_1,585.286590991908,512.4346354349752,72.85195555693286,0.0,0.8449958392405684,0.8717948717948718,0.1282051282051282,6.569674813268914,94.0
pp_quantile_calibrated,FOODS_2_104_CA_2,536.190961364093,510.216120635098,25.97484072899503,0.0,0.9200774131415537,0.9487179487179487,0.05128205128205128,6.5412323158345895,65.0
pp_quantile_calibrated,FOODS_2_105_TX_3,563.4195563990812,518.159634875416,45.25992152366514,0.0,0.8292078433069241,0.9358974358974359,0.0641025641025641,6.643072241992513,53.0
pp_quantile_calibrated,FOODS_2_107_CA_1,662.5659244574598,574.4755627772214,88.09036168023844,0.0,0.7877340682403895,0.8589743589743589,0.14102564102564102,7.365071317656684,83.0
pp_quantile_calibrated,FOODS_2_107_CA_3,1209.5445512587783,998.5736504929405,210.97090076583777,0.0,0.6454270575364072,0.8333333333333334,0.16666666666666666,12.802226288371031,119.0
pp_quantile_calibrated,FOODS_2_108_TX_1,362.54608672234633,324.1580355706601,38.3880511516862,0.0,0.8171997564205418,0.9102564102564102,0.08974358974358974,4.155872250905899,42.0
pp_quantile_calibrated,FOODS_2_108_WI_2,869.0320951372322,696.8209240896416,172.2111710475906,0.0,0.7504185926846513,0.7692307692307693,0.23076923076923078,8.933601590892842,138.0
pp_quantile_calibrated,FOODS_2_116_TX_3,844.460938371732,787.3611101991354,57.09982817259659,0.0,0.8497372942826406,0.8974358974358975,0.10256410256410256,10.094373207681222,76.0
pp_quantile_calibrated,FOODS_2_117_WI_2,2051.0741581691873,1778.1580160342917,272.9161421348957,0.0,0.7574078736578705,0.7948717948717948,0.20512820512820512,22.79689764146528,225.0
pp_quantile_calibrated,FOODS_2_118_CA_2,315.03921532075236,274.8541003733118,40.185114947440574,0.0,0.7939224874490227,0.9102564102564102,0.08974358974358974,3.5237705176065615,39.0
pp_quantile_calibrated,FOODS_2_118_CA_4,349.4871226068399,250.46045843607902,99.02666417076085,0.0,0.619128214727843,0.8205128205128205,0.1794871794871795,3.2110315184112697,52.0
pp_quantile_calibrated,FOODS_2_124_CA_4,449.2236676445064,449.2236676445064,0.0,0.0,1.0,1.0,0.0,5.759277790314185,21.0
pp_quantile_calibrated,FOODS_2_124_WI_2,350.65427085693557,350.65427085693557,0.0,0.0,1.0,1.0,0.0,4.495567575088917,18.0
pp_quantile_calibrated,FOODS_2_128_TX_3,9161.484162680745,8453.904976084468,707.5791865962768,0.0,0.5724597059841228,0.7948717948717948,0.20512820512820512,108.38339712928806,331.0
pp_quantile_calibrated,FOODS_2_129_TX_2,214.4845753922599,212.755288133319,1.7292872589409125,0.0,0.9783839092632386,0.9871794871794872,0.01282051282051282,2.7276318991451154,16.0
pp_quantile_calibrated,FOODS_2_130_WI_2,1282.3677056203442,1180.6600465448382,101.70765907550603,0.0,0.9066902210316459,0.8846153846153846,0.11538461538461539,15.136667263395362,218.0
pp_quantile_calibrated,FOODS_2_132_TX_2,495.6420737212309,495.6420737212309,0.0,0.0,1.0,1.0,0.0,6.354385560528601,0.0
pp_quantile_calibrated,FOODS_2_133_TX_2,580.6401559832552,545.4973307943599,35.142825188895415,0.0,0.867385565324923,0.9487179487179487,0.05128205128205128,6.993555523004614,53.0
pp_quantile_calibrated,FOODS_2_133_TX_3,385.8796292289703,247.939596406484,137.9400328224863,0.0,0.5401998905917123,0.7948717948717948,0.20512820512820512,3.1787127744421024,60.0
pp_quantile_calibrated,FOODS_2_141_CA_3,727.4783421487655,612.4589083198412,115.01943382892432,0.0,0.8257281305622358,0.8333333333333334,0.16666666666666666,7.85203728615181,132.0
pp_quantile_calibrated,FOODS_2_146_WI_1,704.8765888165098,577.8354353911719,127.04115342533782,0.0,0.7809635285770038,0.8717948717948718,0.1282051282051282,7.408146607579127,116.0
pp_quantile_calibrated,FOODS_2_148_CA_2,734.9223639248432,709.3278488495545,25.59451507528876,0.0,0.9117430514645215,0.9358974358974359,0.0641025641025641,9.093946780122494,58.0
pp_quantile_calibrated,FOODS_2_149_TX_1,1457.9140932233033,1129.1576111222123,328.75648210109097,0.0,0.7441583796878669,0.7435897435897436,0.2564102564102564,14.476379629771953,257.0
pp_quantile_calibrated,FOODS_2_155_CA_4,924.3241564465299,924.3241564465299,0.0,0.0,1.0,1.0,0.0,11.850309698032435,10.0
pp_quantile_calibrated,FOODS_2_159_CA_1,366.576150434035,349.64220044890476,16.933949985130266,0.0,0.8871070000991316,0.9487179487179487,0.05128205128205128,4.482592313447497,30.0
pp_quantile_calibrated,FOODS_2_163_TX_3,750.245218766415,637.4767920420392,112.76842672437574,0.0,0.695220468312498,0.8461538461538461,0.15384615384615385,8.172779385154348,74.0
pp_quantile_calibrated,FOODS_2_165_CA_4,370.2733343683074,370.2733343683074,0.0,0.0,1.0,1.0,0.0,4.747094030362915,10.0
pp_quantile_calibrated,FOODS_2_165_TX_1,294.0,294.0,0.0,0.0,1.0,1.0,0.0,3.769230769230769,4.0
pp_quantile_calibrated,FOODS_2_166_TX_2,1787.3734823696675,1787.3734823696675,0.0,0.0,1.0,1.0,0.0,22.91504464576497,11.0
pp_quantile_calibrated,FOODS_2_169_TX_3,321.623588676651,315.7703017600798,5.853286916571205,0.0,0.9219561744457173,0.9743589743589743,0.02564102564102564,4.048337202052305,15.0
pp_quantile_calibrated,FOODS_2_172_CA_2,546.8637636775214,420.3112883335881,126.55247534393331,0.0,0.7518578914824838,0.8717948717948718,0.1282051282051282,5.388606260687027,102.0
pp_quantile_calibrated,FOODS_2_176_WI_3,494.5006613743382,494.5006613743382,0.0,0.0,1.0,1.0,0.0,6.339752068901772,16.0
pp_quantile_calibrated,FOODS_2_177_WI_1,606.2739721997559,570.043602195566,36.230370004189936,0.0,0.8458282127481279,0.9615384615384616,0.038461538461538464,7.308251310199564,47.0
pp_quantile_calibrated,FOODS_2_182_TX_3,452.9501252753268,430.413892816097,22.536232459229772,0.0,0.854604951875937,0.9615384615384616,0.038461538461538464,5.518126830975603,31.0
pp_quantile_calibrated,FOODS_2_183_CA_4,1019.643962907958,768.9705526783309,250.6734102296271,0.0,0.7781651236905954,0.7948717948717948,0.20512820512820512,9.858596829209372,226.0
pp_quantile_calibrated,FOODS_2_186_TX_1,247.33829406452733,228.59311157236047,18.745182492166865,0.0,0.9013411447780693,0.9358974358974359,0.0641025641025641,2.930680917594365,38.0
pp_quantile_calibrated,FOODS_2_187_CA_1,342.1346657025878,312.9100354855556,29.224630217032193,0.0,0.8782307074290325,0.9487179487179487,0.05128205128205128,4.011667121609688,48.0
pp_quantile_calibrated,FOODS_2_192_CA_2,947.8998438499118,909.7733378334392,38.126506016472646,0.0,0.9342646447991851,0.9358974358974359,0.0641025641025641,11.663760741454348,116.0
pp_quantile_calibrated,FOODS_2_192_TX_1,832.1748633890694,832.1748633890694,0.0,0.0,1.0,1.0,0.0,10.66890850498807,20.0
pp_quantile_calibrated,FOODS_2_198_CA_4,357.1016834013897,319.2308600138948,37.87082338749489,0.0,0.6212917661250511,0.9230769230769231,0.07692307692307693,4.092703333511472,20.0
pp_quantile_calibrated,FOODS_2_200_TX_1,732.6862252758981,686.974483847168,45.71174142873011,0.0,0.6952550571417994,0.9358974358974359,0.0641025641025641,8.807365177527796,30.0
pp_quantile_calibrated,FOODS_2_201_WI_3,699.2872941163121,561.0575338290365,138.22976028727555,0.0,0.7770487737302008,0.8333333333333334,0.16666666666666666,7.193045305500468,124.0
pp_quantile_calibrated,FOODS_2_202_WI_3,483.90983899533114,440.5456576770355,43.364181318295685,0.0,0.8423120679334702,0.9230769230769231,0.07692307692307693,5.648021252269686,55.0
pp_quantile_calibrated,FOODS_2_204_CA_4,946.4399351077027,787.630987312452,158.80894779525065,0.0,0.8109417288151778,0.8333333333333334,0.16666666666666666,10.097833170672462,168.0
pp_quantile_calibrated,FOODS_2_206_CA_3,1257.3173396439008,1172.653532661042,84.66380698285886,0.0,0.905929103352379,0.9230769230769231,0.07692307692307693,15.034019649500538,180.0
pp_quantile_calibrated,FOODS_2_207_CA_3,279.41505214538046,279.41505214538046,0.0,0.0,1.0,1.0,0.0,3.5822442582741085,13.0
pp_quantile_calibrated,FOODS_2_208_TX_1,747.9622208127865,699.2091552243401,48.753065588446525,0.0,0.9261317188053841,0.9102564102564102,0.08974358974358974,8.96421993877359,132.0
pp_quantile_calibrated,FOODS_2_212_CA_2,784.5963489942382,713.0610716007529,71.53527739348525,0.0,0.8733888895690526,0.8589743589743589,0.14102564102564102,9.141808610266063,113.0
pp_quantile_calibrated,FOODS_2_214_CA_3,586.7681609537947,586.7681609537947,0.0,0.0,1.0,1.0,0.0,7.5226687301768544,36.0
pp_quantile_calibrated,FOODS_2_218_CA_4,420.12489354623244,387.8334671274736,32.29142641875879,0.0,0.8681982595152703,0.9230769230769231,0.07692307692307693,4.972223937531713,49.0
pp_quantile_calibrated,FOODS_2_219_TX_1,541.4281382908138,490.3949012588474,51.03323703196632,0.0,0.7314040156212298,0.8974358974358975,0.10256410256410256,6.2871141187031725,38.0
pp_quantile_calibrated,FOODS_2_224_TX_2,361.4771153056852,311.3306120711713,50.14650323451386,0.0,0.8107679123225893,0.8974358974358975,0.10256410256410256,3.991418103476555,53.0
pp_quantile_calibrated,FOODS_2_231_CA_1,1102.324416346879,1083.6075934490016,18.716822897877357,0.0,0.9064158855106133,0.9871794871794872,0.01282051282051282,13.892405044217968,40.0
pp_quantile_calibrated,FOODS_2_234_WI_3,351.1227895540462,351.1227895540462,0.0,0.0,1.0,1.0,0.0,4.501574225051875,16.0
pp_quantile_calibrated,FOODS_2_235_CA_2,961.2413860672182,892.0597398022927,69.18164626492548,0.0,0.8372196558472341,0.9358974358974359,0.0641025641025641,11.436663330798625,85.0
pp_quantile_calibrated,FOODS_2_241_CA_3,3521.5326535216964,2582.8951495580104,938.637503963686,0.0,0.7676639841674046,0.7564102564102564,0.24358974358974358,33.11404037894885,808.0
pp_quantile_calibrated,FOODS_2_241_WI_3,1601.773481739511,1332.721120460112,269.05236127939907,0.0,0.8036114151245263,0.8333333333333334,0.16666666666666666,17.086168211027076,274.0
pp_quantile_calibrated,FOODS_2_242_CA_3,1144.1800762351695,1054.0603366044586,90.11973963071087,0.0,0.8432700180335463,0.8846153846153846,0.11538461538461539,13.51359405903152,115.0
pp_quantile_calibrated,FOODS_2_242_WI_1,1146.9556411892681,825.0379629020757,321.9176782871924,0.0,0.6278408343500665,0.782051282051282,0.21794871794871795,10.577409780795843,173.0
pp_quantile_calibrated,FOODS_2_250_WI_2,1242.002678505983,1183.4389023719955,58.563776133987666,0.0,0.8014787249695333,0.9102564102564102,0.08974358974358974,15.172293620153788,59.0
pp_quantile_calibrated,FOODS_2_253_CA_1,572.5076819909328,441.82840876540536,130.67927322552748,0.0,0.7219589931371756,0.8076923076923077,0.19230769230769232,5.664466779043658,94.0
pp_quantile_calibrated,FOODS_2_254_TX_3,643.7631730370899,566.5170960839002,77.24607695318973,0.0,0.6970742080267069,0.8589743589743589,0.14102564102564102,7.2630396933833365,51.0
pp_quantile_calibrated,FOODS_2_254_WI_1,259.76223748263965,222.30396949484478,37.45826798779487,0.0,0.7225313482385566,0.9487179487179487,0.05128205128205128,2.8500508909595483,27.0
pp_quantile_calibrated,FOODS_2_255_TX_2,5880.999999999999,5880.999999999999,0.0,0.0,1.0,1.0,0.0,75.39743589743588,62.0
pp_quantile_calibrated,FOODS_2_261_WI_2,755.2939595094756,712.4079848084067,42.885974701068875,0.0,0.9036270231436655,0.9358974358974359,0.0641025641025641,9.13343570267188,89.0
pp_quantile_calibrated,FOODS_2_270_CA_3,498.04692089809055,485.56567079066923,12.481250107421316,0.0,0.8613194432508743,0.9615384615384616,0.038461538461538464,6.225200907572683,18.0
pp_quantile_calibrated,FOODS_2_270_WI_2,571.7388340879448,539.2075017229142,32.53133236503058,0.0,0.8141066721998254,0.9487179487179487,0.05128205128205128,6.912916688755311,35.0
pp_quantile_calibrated,FOODS_2_271_WI_2,267.6382603309401,261.16915514793635,6.469105183003752,0.0,0.9004753048768653,0.9743589743589743,0.02564102564102564,3.34832250189662,13.0
pp_quantile_calibrated,FOODS_2_273_TX_3,273.06970403499787,252.00787782688218,21.06182620811568,0.0,0.736727172398554,0.9615384615384616,0.038461538461538464,3.2308702285497715,16.0
pp_quantile_calibrated,FOODS_2_274_CA_3,1662.8430592951088,1453.4871983315002,209.35586096360862,0.0,0.8345012956809418,0.8846153846153846,0.11538461538461539,18.63445126066026,253.0
pp_quantile_calibrated,FOODS_2_274_TX_2,1343.529046167745,1310.8283201613626,32.70072600638237,0.0,0.9519106970494378,0.9743589743589743,0.02564102564102564,16.805491284120034,136.0
pp_quantile_calibrated,FOODS_2_278_CA_4,494.40724262147995,402.47107387859353,91.93616874288641,0.0,0.6935461041903787,0.8846153846153846,0.11538461538461539,5.159885562546071,60.0
pp_quantile_calibrated,FOODS_2_284_TX_3,361.1499604618201,345.3317334047252,15.818227057094928,0.0,0.8734541835432406,0.9743589743589743,0.02564102564102564,4.427329915445195,25.0
pp_quantile_calibrated,FOODS_2_284_WI_2,427.5618612229135,365.6386144156308,61.92324680728266,0.0,0.766327370538556,0.8974358974358975,0.10256410256410256,4.687674543790139,53.0
pp_quantile_calibrated,FOODS_2_290_WI_1,765.053322310366,594.8279180195284,170.2254042908376,0.0,0.7568208510130892,0.7948717948717948,0.20512820512820512,7.625998948968313,140.0
pp_quantile_calibrated,FOODS_2_298_TX_2,483.6116534128033,460.7953301676853,22.81632324511806,0.0,0.8887008622189364,0.9230769230769231,0.07692307692307693,5.907632438047247,41.0
pp_quantile_calibrated,FOODS_2_306_TX_1,525.2386622025052,482.2679936695795,42.970668532925785,0.0,0.8209555477794758,0.9102564102564102,0.08974358974358974,6.18292299576384,48.0
pp_quantile_calibrated,FOODS_2_309_TX_2,775.0282007233548,698.2132331252656,76.8149675980892,0.0,0.7256608300068244,0.8461538461538461,0.15384615384615385,8.951451706734174,56.0
pp_quantile_calibrated,FOODS_2_311_WI_3,699.3261593788781,584.0613370275685,115.26482235130958,0.0,0.746670720107012,0.8589743589743589,0.14102564102564102,7.487965859327801,91.0
pp_quantile_calibrated,FOODS_2_312_CA_1,517.4816423993041,501.69504424028514,15.786598159018919,0.0,0.8981509796192327,0.9615384615384616,0.038461538461538464,6.431987746670322,31.0
pp_quantile_calibrated,FOODS_2_312_TX_2,672.4632493500197,635.8016009732562,36.66164837676355,0.0,0.8967277510513703,0.9230769230769231,0.07692307692307693,8.151302576580207,71.0
pp_quantile_calibrated,FOODS_2_313_CA_4,596.4041437869467,596.4041437869467,0.0,0.0,1.0,1.0,0.0,7.646206971627523,2.0
pp_quantile_calibrated,FOODS_2_321_WI_1,355.48200879545976,278.11374160591174,77.36826718954802,0.0,0.7724462729719176,0.8589743589743589,0.14102564102564102,3.5655607898193815,68.0
pp_quantile_calibrated,FOODS_2_325_WI_3,2568.3754145671182,1857.7664440104736,710.6089705566444,0.0,0.7229594656699241,0.7307692307692307,0.2692307692307692,23.81751851295479,513.0
pp_quantile_calibrated,FOODS_2_326_WI_1,2731.5274411033347,2258.8324119414365,472.69502916189805,0.0,0.8174922667328578,0.8205128205128205,0.1794871794871795,28.95938989668508,518.0
pp_quantile_calibrated,FOODS_2_329_TX_3,288.79985762143014,287.64286640976815,1.156991211661973,0.0,0.9878211451404002,0.9871794871794872,0.01282051282051282,3.687729056535489,19.0
pp_quantile_calibrated,FOODS_2_332_TX_2,530.5756354252109,510.924499079976,19.651136345234885,0.0,0.9145602767598483,0.9615384615384616,0.038461538461538464,6.550314090768923,46.0
pp_quantile_calibrated,FOODS_2_332_WI_1,339.17357835235924,316.55046030734627,22.62311804501298,0.0,0.8777128754323623,0.9102564102564102,0.08974358974358974,4.0583392347095675,37.0
pp_quantile_calibrated,FOODS_2_338_TX_3,715.5669580965698,617.6577152551255,97.90924284144427,0.0,0.8368179285975929,0.8461538461538461,0.15384615384615385,7.918688657116993,120.0
pp_quantile_calibrated,FOODS_2_340_WI_2,773.1183909670766,719.9525099193465,53.165881047730025,0.0,0.884421997722326,0.9102564102564102,0.08974358974358974,9.230160383581365,92.0
pp_quantile_calibrated,FOODS_2_342_CA_3,2391.195980964754,1906.3200680585057,484.8759129062486,0.0,0.7702009891439582,0.782051282051282,0.21794871794871795,24.440000872544946,422.0
pp_quantile_calibrated,FOODS_2_347_WI_3,4007.219096770159,2922.0330558453056,1085.1860409248532,0.0,0.6760638683806409,0.7435897435897436,0.2564102564102564,37.46196225442699,670.0
pp_quantile_calibrated,FOODS_2_350_WI_2,937.345106032196,912.4601413762612,24.88496465593478,0.0,0.8283795540970015,0.9358974358974359,0.0641025641025641,11.698206940721297,29.0
pp_quantile_calibrated,FOODS_2_351_CA_1,522.1906269331632,429.34987163318874,92.84075529997453,0.0,0.642920171923175,0.8974358974358975,0.10256410256410256,5.50448553375883,52.0
pp_quantile_calibrated,FOODS_2_354_CA_4,480.88162194905965,438.7015100887538,42.18011186030583,0.0,0.5559988225230965,0.9230769230769231,0.07692307692307693,5.624378334471203,19.0
pp_quantile_calibrated,FOODS_2_355_WI_2,863.8654965185851,728.7915870590687,135.0739094595165,0.0,0.8234327980921354,0.8461538461538461,0.15384615384615385,9.343481885372675,153.0
pp_quantile_calibrated,FOODS_2_356_CA_2,928.8842939493456,803.7961398288033,125.08815412054226,0.0,0.8160468321756732,0.8974358974358975,0.10256410256410256,10.30507871575389,136.0
pp_quantile_calibrated,FOODS_2_370_CA_2,555.3251456450425,481.7867745375512,73.53837110749132,0.0,0.6870707612447178,0.8974358974358975,0.10256410256410256,6.176753519712195,47.0
pp_quantile_calibrated,FOODS_2_370_CA_3,703.0763139586746,652.4769969380242,50.59931702065049,0.0,0.7188926832186084,0.8974358974358975,0.10256410256410256,8.365089704333643,36.0
pp_quantile_calibrated,FOODS_2_371_WI_3,3219.3526635795515,2836.8888865313156,382.46377704823595,0.0,0.8781962493476954,0.8717948717948718,0.1282051282051282,36.37037034014507,628.0
pp_quantile_calibrated,FOODS_2_376_TX_1,548.7040313126745,515.5997060765608,33.104325236113695,0.0,0.8591305309101546,0.9487179487179487,0.05128205128205128,6.61025264200719,47.0
pp_quantile_calibrated,FOODS_2_386_CA_2,633.6494269473553,598.83389279243,34.81553415492531,0.0,0.8578957789594885,0.9358974358974359,0.0641025641025641,7.677357599902948,49.0
pp_quantile_calibrated,FOODS_2_387_WI_2,728.3706603063993,655.8114401801713,72.55922012622798,0.0,0.8692626664392288,0.8974358974358975,0.10256410256410256,8.407838976668863,111.0
pp_quantile_calibrated,FOODS_2_389_TX_2,705.9766792259438,705.9766792259438,0.0,0.0,1.0,1.0,0.0,9.05098306699928,3.0
pp_quantile_calibrated,FOODS_2_390_CA_4,896.8520797162818,896.8520797162818,0.0,0.0,1.0,1.0,0.0,11.498103586106177,4.0
pp_quantile_calibrated,FOODS_2_399_TX_2,800.4172859735636,706.6485777740877,93.76870819947592,0.0,0.8263542440750448,0.8589743589743589,0.14102564102564102,9.059597150949843,108.0
pp_quantile_calibrated,FOODS_3_003_WI_3,1132.1281567105348,1101.7928323684328,30.33532434210196,0.0,0.8215569156346944,0.9487179487179487,0.05128205128205128,14.125549132928626,34.0
pp_quantile_calibrated,FOODS_3_009_CA_4,339.7589962778698,304.3152023830636,35.443793894806234,0.0,0.8523175254383073,0.8974358974358975,0.10256410256410256,3.9014769536290204,48.0
pp_quantile_calibrated,FOODS_3_009_TX_2,688.4909991111559,660.0895563523549,28.40144275880111,0.0,0.9252593611610498,0.9615384615384616,0.038461538461538464,8.462686619901985,76.0
pp_quantile_calibrated,FOODS_3_011_CA_1,962.8572253420514,644.9058798886874,317.951345453364,0.0,0.7235205691709878,0.7564102564102564,0.24358974358974358,8.268024101137017,230.0
pp_quantile_calibrated,FOODS_3_014_CA_1,1117.341171334335,1117.341171334335,0.0,0.0,1.0,1.0,0.0,14.324886811978654,2.0
pp_quantile_calibrated,FOODS_3_019_TX_2,581.8260250295676,576.577288754892,5.248736274675645,0.0,0.9781302655221848,0.9871794871794872,0.01282051282051282,7.392016522498616,48.0
pp_quantile_calibrated,FOODS_3_022_CA_1,314.2528372739927,314.2528372739927,0.0,0.0,1.0,1.0,0.0,4.028882529153753,29.0
pp_quantile_calibrated,FOODS_3_023_TX_1,597.3891559094585,483.8305832928351,113.55857261662335,0.0,0.7296224461508968,0.8461538461538461,0.15384615384615385,6.202956196061988,84.0
pp_quantile_calibrated,FOODS_3_023_TX_3,402.8018458213773,363.6858613615128,39.11598445986449,0.0,0.869613385133785,0.9102564102564102,0.08974358974358974,4.662639248224523,60.0
pp_quantile_calibrated,FOODS_3_023_WI_2,489.5739863495123,462.83092199644767,26.74306435306468,0.0,0.8990827760261709,0.9358974358974359,0.0641025641025641,5.933729769185226,53.0
pp_quantile_calibrated,FOODS_3_024_TX_3,2200.919470151202,2109.8755798533457,91.0438902978562,0.0,0.9066216509765577,0.9358974358974359,0.0641025641025641,27.04968692119674,195.0
pp_quantile_calibrated,FOODS_3_024_WI_1,3498.4614888477745,3498.4614888477745,0.0,0.0,1.0,1.0,0.0,44.85207036984326,75.0
pp_quantile_calibrated,FOODS_3_026_CA_1,1034.1684173649107,885.9167539707278,148.251663394183,0.0,0.8276143448904848,0.8717948717948718,0.1282051282051282,11.357907102188818,172.0
pp_quantile_calibrated,FOODS_3_030_TX_3,7569.428241086642,5991.7127699007915,1577.7154711858502,0.0,0.8115035279347849,0.8076923076923077,0.19230769230769232,76.81683038334349,1674.0
pp_quantile_calibrated,FOODS_3_034_CA_1,901.4016813082992,719.7412523848566,181.66042892344268,0.0,0.7459294700371432,0.8589743589743589,0.14102564102564102,9.227451953652007,143.0
pp_quantile_calibrated,FOODS_3_035_WI_1,687.0839391597966,665.7932798119375,21.290659347859116,0.0,0.9301945595152159,0.9487179487179487,0.05128205128205128,8.535811279640225,61.0
pp_quantile_calibrated,FOODS_3_036_CA_4,601.851441132585,597.7771539584783,4.074287174106717,0.0,0.9094602850198508,0.9871794871794872,0.01282051282051282,7.663809666134337,9.0
pp_quantile_calibrated,FOODS_3_038_CA_4,479.27432448773357,412.03373884638756,67.24058564134603,0.0,0.8050997517642144,0.8974358974358975,0.10256410256410256,5.282483831363943,69.0
pp_quantile_calibrated,FOODS_3_038_WI_1,683.606432572347,578.9725594655552,104.63387310679185,0.0,0.7093503524811338,0.8461538461538461,0.15384615384615385,7.422725121353271,72.0
pp_quantile_calibrated,FOODS_3_040_WI_1,1067.6205691203897,839.7013895527106,227.9191795676792,0.0,0.4935129342940462,0.7564102564102564,0.24358974358974358,10.765402430162956,90.0
pp_quantile_calibrated,FOODS_3_048_TX_1,981.4155387425989,981.4155387425989,0.0,0.0,1.0,1.0,0.0,12.582250496699986,64.0
pp_quantile_calibrated,FOODS_3_048_TX_3,856.938186212604,835.8751184831457,21.063067729458353,0.0,0.9613521693037462,0.9358974358974359,0.0641025641025641,10.716347672860842,109.0
pp_quantile_calibrated,FOODS_3_049_TX_1,482.64504783423297,474.2654949024554,8.379552931777585,0.0,0.9401460504873029,0.9743589743589743,0.02564102564102564,6.080326857723787,28.0
pp_quantile_calibrated,FOODS_3_050_CA_2,460.16295627349274,402.5841647950059,57.578791478486835,0.0,0.8281230105119796,0.8974358974358975,0.10256410256410256,5.1613354460898195,67.0
pp_quantile_calibrated,FOODS_3_053_CA_4,663.9799449296918,533.7926973283869,130.18724760130482,0.0,0.7074443874127981,0.8589743589743589,0.14102564102564102,6.843496119594704,89.0
pp_quantile_calibrated,FOODS_3_054_WI_3,1638.0,1638.0,0.0,0.0,1.0,1.0,0.0,21.0,0.0
pp_quantile_calibrated,FOODS_3_057_WI_3,336.7490099886572,326.2111978915207,10.537812097136454,0.0,0.8946218790286355,0.9615384615384616,0.038461538461538464,4.182194844763086,20.0
pp_quantile_calibrated,FOODS_3_066_CA_4,1664.8431069308836,1255.197995976629,409.6451109542544,0.0,0.7052912870832702,0.7692307692307693,0.23076923076923078,16.092281999700372,278.0
pp_quantile_calibrated,FOODS_3_066_TX_3,1644.1581688389379,1269.6614337358094,374.49673510312834,0.0,0.7051206810211588,0.7692307692307693,0.23076923076923078,16.27771068892063,254.0
pp_quantile_calibrated,FOODS_3_067_CA_4,510.5657880226081,427.25337373893836,83.31241428366974,0.0,0.8084772085432879,0.8717948717948718,0.1282051282051282,5.4776073556274145,87.0
pp_quantile_calibrated,FOODS_3_072_WI_3,393.99732637632695,366.91685592010936,27.080470456217615,0.0,0.8495529419099022,0.9615384615384616,0.038461538461538464,4.704062255386018,36.0
pp_quantile_calibrated,FOODS_3_074_CA_2,945.6639049678981,710.3363586444862,235.32754632341204,0.0,0.7428114247831562,0.7948717948717948,0.20512820512820512,9.106876392878027,183.0
pp_quantile_calibrated,FOODS_3_091_TX_1,311.6391450518146,255.25101322675894,56.388131825055666,0.0,0.7548342094562798,0.8589743589743589,0.14102564102564102,3.2724488875225504,46.0
pp_quantile_calibrated,FOODS_3_091_WI_1,290.1639459968984,241.00828644369986,49.155659553198575,0.0,0.6609954513572511,0.8717948717948718,0.1282051282051282,3.0898498262012803,29.0
pp_quantile_calibrated,FOODS_3_094_TX_2,878.5964690037432,836.3960607676883,42.200408236054905,0.0,0.914746650028172,0.9358974358974359,0.0641025641025641,10.723026420098567,99.0
pp_quantile_calibrated,FOODS_3_101_WI_3,1475.7839769076174,1216.752717325309,259.0312595823084,0.0,0.8136465758400659,0.7692307692307693,0.23076923076923078,15.599393811862937,278.0
pp_quantile_calibrated,FOODS_3_102_WI_2,683.2209635033622,591.6128259097504,91.60813759361174,0.0,0.8334397498297968,0.9230769230769231,0.07692307692307693,7.5847798193557745,110.0
pp_quantile_calibrated,FOODS_3_103_TX_1,308.5011699698668,295.75450771676816,12.746662253098648,0.0,0.8891594586687074,0.9487179487179487,0.05128205128205128,3.791724457907284,23.0
pp_quantile_calibrated,FOODS_3_103_WI_1,698.9097045170208,593.0507766946655,105.8589278223553,0.0,0.8454614192374375,0.8461538461538461,0.15384615384615385,7.603215085829045,137.0
pp_quantile_calibrated,FOODS_3_110_WI_1,286.08883009869203,284.48641421070323,1.6024158879888262,0.0,0.9866465342667597,0.9871794871794872,0.01282051282051282,3.6472617206500413,24.0
pp_quantile_calibrated,FOODS_3_111_TX_1,404.04699831309193,372.8843507581189,31.16264755497303,0.0,0.6537483605002996,0.9230769230769231,0.07692307692307693,4.780568599463063,18.0
pp_quantile_calibrated,FOODS_3_111_WI_1,397.77229889021464,392.26628943631715,5.506009453897507,0.0,0.9655874409131406,0.9743589743589743,0.02564102564102564,5.029054992773297,32.0
pp_quantile_calibrated,FOODS_3_117_CA_4,446.47707397996106,357.4756788741982,89.00139510576287,0.0,0.771791294600608,0.8461538461538461,0.15384615384615385,4.583021524028182,78.0
pp_quantile_calibrated,FOODS_3_120_TX_1,6130.039471491986,4493.764273458477,1636.2751980335088,0.0,0.6522263128515391,0.7051282051282052,0.2948717948717949,57.61236248023688,941.0
pp_quantile_calibrated,FOODS_3_125_CA_1,1201.7818505516482,1184.5943769919031,17.18747355974502,0.0,0.9283855268343958,0.9743589743589743,0.02564102564102564,15.187107397332092,48.0
pp_quantile_calibrated,FOODS_3_126_WI_1,840.3403742386972,738.1654624802975,102.17491175839973,0.0,0.8365201411865605,0.8846153846153846,0.11538461538461539,9.463659775388429,125.0
pp_quantile_calibrated,FOODS_3_133_CA_1,2818.390668397749,2066.0938173391332,752.2968510586157,0.0,0.7360361926110119,0.7307692307692307,0.2692307692307692,26.48838227357863,570.0
pp_quantile_calibrated,FOODS_3_133_CA_2,2181.5004558747396,1701.5671032441755,479.93335263056423,0.0,0.7881088950858437,0.7564102564102564,0.24358974358974358,21.814962862104814,453.0
pp_quantile_calibrated,FOODS_3_133_TX_1,1644.3215548439412,1422.044461376218,222.27709346772318,0.0,0.7788287627186834,0.8205128205128205,0.1794871794871795,18.23133924841305,201.0
pp_quantile_calibrated,FOODS_3_134_TX_1,1937.3345167028647,1521.8055583483715,415.52895835449317,0.0,0.7526613343128018,0.782051282051282,0.21794871794871795,19.510327671132966,336.0
pp_quantile_calibrated,FOODS_3_136_CA_1,1708.8584438203038,1234.042552932048,474.8158908882557,0.0,0.7440345601680562,0.7051282051282052,0.2948717948717949,15.821058370923692,371.0
pp_quantile_calibrated,FOODS_3_138_WI_3,873.6689661079065,667.4123444017882,206.25662170611827,0.0,0.7529860817890799,0.7948717948717948,0.20512820512820512,8.556568517971645,167.0
pp_quantile_calibrated,FOODS_3_141_TX_3,369.63923225781,351.4567672357379,18.182465022072126,0.0,0.8347048634357079,0.9487179487179487,0.05128205128205128,4.505855990201768,22.0
pp_quantile_calibrated,FOODS_3_154_CA_1,527.9058464320533,527.9058464320533,0.0,0.0,1.0,1.0,0.0,6.768023672205811,30.0
pp_quantile_calibrated,FOODS_3_155_TX_1,250.58368077191932,237.77336821089196,12.810312561027374,0.0,0.8576631937663625,0.9615384615384616,0.038461538461538464,3.048376515524256,18.0
pp_quantile_calibrated,FOODS_3_157_CA_2,708.8188976277298,701.2541747026232,7.564722925106562,0.0,0.9747842569163114,0.9743589743589743,0.02564102564102564,8.990438137213118,60.0
pp_quantile_calibrated,FOODS_3_158_WI_3,302.9814173969645,273.09800403646636,29.883413360498146,0.0,0.7939074940655301,0.9358974358974359,0.0641025641025641,3.501256462005979,29.0
pp_quantile_calibrated,FOODS_3_160_CA_1,301.85610413266215,132.73611343022128,169.11999070244087,0.0,0.060444496097550635,0.8461538461538461,0.15384615384615385,1.701745043977196,36.0
pp_quantile_calibrated,FOODS_3_160_TX_1,624.0,624.0,0.0,0.0,1.0,1.0,0.0,8.0,0.0
pp_quantile_calibrated,FOODS_3_160_WI_2,138.8964921543435,80.35308630558,58.543405848763484,0.0,0.09933221771133094,0.9358974358974359,0.0641025641025641,1.0301677731484615,13.0
pp_quantile_calibrated,FOODS_3_161_WI_1,512.7515026443132,512.7515026443132,0.0,0.0,1.0,1.0,0.0,6.573737213388631,19.0
pp_quantile_calibrated,FOODS_3_162_WI_2,478.0053302326805,469.5719407975659,8.433389435114602,0.0,0.9723495428356898,0.9615384615384616,0.038461538461538464,6.020153087148281,61.0
pp_quantile_calibrated,FOODS_3_163_TX_2,437.3991096405004,324.368567250416,113.0305423900844,0.0,0.7401596726664726,0.8205128205128205,0.1794871794871795,4.158571375005333,87.0
pp_quantile_calibrated,FOODS_3_169_TX_3,1040.6303080405119,936.9102653059198,103.7200427345921,0.0,0.865298645799231,0.8333333333333334,0.16666666666666666,12.011670068024612,154.0
pp_quantile_calibrated,FOODS_3_171_WI_2,272.8791261230252,272.30602026442267,0.573105858602525,0.0,0.9923585885519663,0.9871794871794872,0.01282051282051282,3.4911028239028545,15.0
pp_quantile_calibrated,FOODS_3_172_CA_3,1071.031074452319,1009.0638724611758,61.96720199114317,0.0,0.9253407204925986,0.9230769230769231,0.07692307692307693,12.936716313604819,166.0
pp_quantile_calibrated,FOODS_3_172_TX_3,1201.1750676192582,1120.0139051793522,81.16116243990612,0.0,0.8600669613105068,0.9102564102564102,0.08974358974358974,14.359152630504514,116.0
pp_quantile_calibrated,FOODS_3_176_WI_3,451.78326087720274,424.7673363765072,27.01592450069554,0.0,0.8799292244413531,0.9615384615384616,0.038461538461538464,5.445735081750093,45.0
pp_quantile_calibrated,FOODS_3_178_WI_2,736.9430539044752,590.0160962016539,146.9269577028213,0.0,0.7488428073456046,0.8461538461538461,0.15384615384615385,7.56430892566223,117.0
pp_quantile_calibrated,FOODS_3_180_WI_1,484.8887068854337,437.8531525745509,47.035554310882766,0.0,0.8457850678331713,0.9102564102564102,0.08974358974358974,5.613501956083986,61.0
pp_quantile_calibrated,FOODS_3_184_WI_3,1725.9000000000017,1559.4000000000017,166.50000000000006,0.0,0.46290322580645143,0.8205128205128205,0.1794871794871795,19.992307692307715,62.0
pp_quantile_calibrated,FOODS_3_192_TX_2,753.8121910476277,668.4011116100595,85.41107943756826,0.0,0.8665451883787996,0.8974358974358975,0.10256410256410256,8.56924502064179,128.0
pp_quantile_calibrated,FOODS_3_197_WI_1,488.3305141592057,468.78941976766663,19.541094391539026,0.0,0.877868160052881,0.9487179487179487,0.05128205128205128,6.010120766252136,32.0
pp_quantile_calibrated,FOODS_3_198_TX_2,772.0,772.0,0.0,0.0,1.0,1.0,0.0,9.897435897435898,2.0
pp_quantile_calibrated,FOODS_3_198_WI_3,556.6149209765255,556.6149209765255,0.0,0.0,1.0,1.0,0.0,7.136088730468275,4.0
pp_quantile_calibrated,FOODS_3_199_CA_2,1446.5415640374,1381.8424329470672,64.69913109033257,0.0,0.7124483062651886,0.8974358974358975,0.10256410256410256,17.7159286275265,45.0
pp_quantile_calibrated,FOODS_3_199_TX_1,755.6770076360954,727.7197896561484,27.95721797994701,0.0,0.7929094964448369,0.9358974358974359,0.0641025641025641,9.329740893027543,27.0
pp_quantile_calibrated,FOODS_3_204_CA_2,517.3738919034638,456.7221238958837,60.65176800758006,0.0,0.8104632249763124,0.8974358974358975,0.10256410256410256,5.855411844819022,64.0
pp_quantile_calibrated,FOODS_3_204_CA_4,549.1376396693105,530.3601113109974,18.777528358313155,0.0,0.920095624007178,0.9743589743589743,0.02564102564102564,6.7994886065512485,47.0
pp_quantile_calibrated,FOODS_3_205_TX_1,1662.1796132864781,1662.1796132864781,0.0,0.0,1.0,1.0,0.0,21.309995042134336,10.0
pp_quantile_calibrated,FOODS_3_208_WI_3,482.0993111038524,369.60367661914637,112.49563448470604,0.0,0.7527568472863604,0.7948717948717948,0.20512820512820512,4.73850867460444,91.0
pp_quantile_calibrated,FOODS_3_209_TX_2,476.40016187537924,474.6223565063141,1.7778053690651596,0.0,0.9726491481682283,0.9871794871794872,0.01282051282051282,6.084902006491206,13.0
pp_quantile_calibrated,FOODS_3_210_TX_1,268.6930704124613,268.6930704124613,0.0,0.0,1.0,1.0,0.0,3.444782954005914,0.0
pp_quantile_calibrated,FOODS_3_211_CA_1,913.9308158404945,625.1058116537471,288.8250041867474,0.0,0.5988541608517398,0.7307692307692307,0.2692307692307692,8.014177072483937,144.0
pp_quantile_calibrated,FOODS_3_215_CA_3,970.0506062559037,851.7144058120466,118.33620044385718,0.0,0.8699602192924647,0.8974358974358975,0.10256410256410256,10.919415459128803,182.0
pp_quantile_calibrated,FOODS_3_215_CA_4,701.893527108924,567.0743161167509,134.81921099217317,0.0,0.7432015028720511,0.8333333333333334,0.16666666666666666,7.270183539958345,105.0
pp_quantile_calibrated,FOODS_3_224_CA_1,690.663376847313,470.43930698632283,220.22406986099017,0.0,0.719459783616573,0.6923076923076923,0.3076923076923077,6.031273166491318,157.0
pp_quantile_calibrated,FOODS_3_229_CA_1,918.4644694056336,875.2207507356673,43.24371866996632,0.0,0.830416789529544,0.9102564102564102,0.08974358974358974,11.220778855585477,51.0
pp_quantile_calibrated,FOODS_3_232_WI_3,547.5280009047548,517.5268215673084,30.001179337446356,0.0,0.890904802409286,0.9358974358974359,0.0641025641025641,6.634959250862928,55.0
pp_quantile_calibrated,FOODS_3_237_WI_3,770.4907435730029,759.7667500236035,10.723993549399324,0.0,0.963020711898623,0.9615384615384616,0.038461538461538464,9.740599359276969,58.0
pp_quantile_calibrated,FOODS_3_239_CA_4,373.56873919479705,322.2200595427256,51.34867965207142,0.0,0.8132775285379221,0.9230769230769231,0.07692307692307693,4.131026404393918,55.0
pp_quantile_calibrated,FOODS_3_240_TX_3,587.6883339733375,528.0739821736179,59.6143517997197,0.0,0.8272047773921167,0.9358974358974359,0.0641025641025641,6.7701792586361265,69.0
pp_quantile_calibrated,FOODS_3_243_WI_1,531.5975489583949,519.4170924374475,12.180456520947374,0.0,0.871784668200554,0.9743589743589743,0.02564102564102564,6.6591934927877885,19.0
pp_quantile_calibrated,FOODS_3_246_CA_2,890.4110782120633,751.1322937984063,139.278784413657,0.0,0.7981466892555694,0.8461538461538461,0.15384615384615385,9.629901202543671,138.0
pp_quantile_calibrated,FOODS_3_246_TX_2,428.72613098603915,397.4114240543373,31.314706931701856,0.0,0.8938484510789767,0.9230769230769231,0.07692307692307693,5.095018257106888,59.0
pp_quantile_calibrated,FOODS_3_247_CA_3,787.2403016875446,656.5969463434435,130.64335534410105,0.0,0.6926038697785858,0.8589743589743589,0.14102564102564102,8.417909568505687,85.0
pp_quantile_calibrated,FOODS_3_255_WI_2,453.07640479568306,453.07640479568306,0.0,0.0,1.0,1.0,0.0,5.808671856354911,25.0
pp_quantile_calibrated,FOODS_3_256_WI_1,339.82444266886984,336.5704235743461,3.2540190945237546,0.0,0.9276884645661387,0.9871794871794872,0.01282051282051282,4.315005430440334,9.0
pp_quantile_calibrated,FOODS_3_257_TX_2,729.6581266833036,630.8501121495046,98.80801453379905,0.0,0.8691284575711271,0.8974358974358975,0.10256410256410256,8.087821950634675,151.0
pp_quantile_calibrated,FOODS_3_258_CA_3,2053.734051544972,1665.6628348277684,388.0712167172034,0.0,0.7551601156358339,0.8076923076923077,0.19230769230769232,21.354651728561134,317.0
pp_quantile_calibrated,FOODS_3_258_TX_1,1185.3124871783803,1095.7269847731914,89.58550240518878,0.0,0.9134439590288032,0.8717948717948718,0.1282051282051282,14.047781856066555,207.0
pp_quantile_calibrated,FOODS_3_258_TX_2,1155.562796398064,1029.5255536167394,126.0372427813245,0.0,0.8805334191646212,0.8717948717948718,0.1282051282051282,13.199045559188967,211.0
pp_quantile_calibrated,FOODS_3_258_WI_2,1957.6067805028615,1475.835049683476,481.7717308193854,0.0,0.7293417242587722,0.717948717948718,0.28205128205128205,18.920962175429178,356.0
pp_quantile_calibrated,FOODS_3_265_TX_3,550.020545742628,517.5193822774238,32.50116346520413,0.0,0.9187470913369896,0.8974358974358975,0.10256410256410256,6.634863875351587,80.0
pp_quantile_calibrated,FOODS_3_265_WI_2,527.1559945553557,511.9215312808494,15.234463274506282,0.0,0.9551927550749815,0.9615384615384616,0.038461538461538464,6.5630965548826845,68.0
pp_quantile_calibrated,FOODS_3_270_WI_3,314.4554806140111,301.5785455694472,12.876935044563886,0.0,0.916922999712491,0.9615384615384616,0.038461538461538464,3.8663916098647078,31.0
pp_quantile_calibrated,FOODS_3_271_WI_2,824.1152834126483,803.6208447865472,20.494438626101132,0.0,0.9163492300975464,0.9487179487179487,0.05128205128205128,10.302831343417271,49.0
pp_quantile_calibrated,FOODS_3_277_CA_4,599.9092279975549,480.01469504334773,119.89453295420722,0.0,0.7039641161624512,0.8461538461538461,0.15384615384615385,6.154034551837792,81.0
pp_quantile_calibrated,FOODS_3_278_WI_2,2536.92611594538,2202.825706335677,334.1004096097032,0.0,0.8484805398595451,0.8846153846153846,0.11538461538461539,28.241355209431756,441.0
pp_quantile_calibrated,FOODS_3_279_TX_3,273.29424399323307,271.27338256684385,2.0208614263891977,0.0,0.9711305510515829,0.9871794871794872,0.01282051282051282,3.4778638790621006,14.0
pp_quantile_calibrated,FOODS_3_280_WI_3,385.0769031834428,307.18378830933625,77.89311487410656,0.0,0.7446127381176834,0.8589743589743589,0.14102564102564102,3.9382536962735415,61.0
pp_quantile_calibrated,FOODS_3_282_WI_3,14210.398248070916,11385.41494352819,2824.983304542725,0.0,0.7525200784456658,0.7564102564102564,0.24358974358974358,145.9668582503614,2283.0
pp_quantile_calibrated,FOODS_3_286_TX_3,467.5985673358792,464.1235625625573,3.4750047733218636,0.0,0.9795587954510481,0.9743589743589743,0.02564102564102564,5.95030208413535,34.0
pp_quantile_calibrated,FOODS_3_286_WI_3,540.1759744744197,486.13516928162414,54.04080519279562,0.0,0.8433599849484186,0.9358974358974359,0.0641025641025641,6.2325021702772325,69.0
pp_quantile_calibrated,FOODS_3_289_TX_3,315.84774258691056,315.84774258691056,0.0,0.0,1.0,1.0,0.0,4.0493300331655195,19.0
pp_quantile_calibrated,FOODS_3_295_TX_1,4394.864168461386,3383.248043426804,1011.616125034582,0.0,0.7033383797552546,0.7435897435897436,0.2564102564102564,43.37497491572826,682.0
pp_quantile_calibrated,FOODS_3_296_CA_4,628.7475200582996,547.7457503923932,81.00176966590641,0.0,0.7387039688196568,0.8589743589743589,0.14102564102564102,7.022381415287093,62.0
pp_quantile_calibrated,FOODS_3_300_WI_2,1846.105637073921,1097.5254081441046,748.5802289298163,0.0,0.5291948245724425,0.6923076923076923,0.3076923076923077,14.070838565950059,318.0
pp_quantile_calibrated,FOODS_3_302_CA_4,1667.8150359364822,1468.7237050889692,199.091330847513,0.0,0.8067074457791136,0.8205128205128205,0.1794871794871795,18.82979109088422,206.0
pp_quantile_calibrated,FOODS_3_309_CA_2,280.6199064934352,270.04996751914035,10.56993897429486,0.0,0.9119171752142096,0.9615384615384616,0.038461538461538464,3.46217907075821,24.0
pp_quantile_calibrated,FOODS_3_309_WI_1,368.23677543548774,362.9293261694624,5.307449266025355,0.0,0.9606855609924048,0.9743589743589743,0.02564102564102564,4.652940079095671,27.0
pp_quantile_calibrated,FOODS_3_316_TX_3,358.0903348580936,329.5828848200135,28.507450038080144,0.0,0.7521091301036509,0.9230769230769231,0.07692307692307693,4.225421600256583,23.0
pp_quantile_calibrated,FOODS_3_318_TX_2,4211.657159504122,3421.44239813256,790.2147613715626,0.0,0.7078688497702171,0.7435897435897436,0.2564102564102564,43.864646129904614,541.0
pp_quantile_calibrated,FOODS_3_331_TX_1,739.9589784529524,598.4064027217235,141.55257573122893,0.0,0.8219464456210956,0.8205128205128205,0.1794871794871795,7.671876957970814,159.0
pp_quantile_calibrated,FOODS_3_335_TX_1,2109.0,2109.0,0.0,0.0,1.0,1.0,0.0,27.03846153846154,5.0
pp_quantile_calibrated,FOODS_3_337_CA_1,425.9269627034305,417.8786098101374,8.048352893293096,0.0,0.9607397419839361,0.9743589743589743,0.02564102564102564,5.357418074488941,41.0
pp_quantile_calibrated,FOODS_3_346_WI_3,1324.2836144463593,1118.4599371027546,205.82367734360471,0.0,0.8049064669728865,0.8205128205128205,0.1794871794871795,14.339229962855828,211.0
pp_quantile_calibrated,FOODS_3_352_CA_1,834.005234807535,771.7455525995503,62.25968220798475,0.0,0.7170014445091603,0.8846153846153846,0.11538461538461539,9.894173751276286,44.0
pp_quantile_calibrated,FOODS_3_354_WI_2,587.3688199746134,523.8548100660737,63.51400990853976,0.0,0.7917573445621647,0.8717948717948718,0.1282051282051282,6.716087308539406,61.0
pp_quantile_calibrated,FOODS_3_356_CA_1,1033.4739602490006,942.1800112747214,91.29394897427909,0.0,0.8858825637821512,0.9230769230769231,0.07692307692307693,12.07923091377848,160.0
pp_quantile_calibrated,FOODS_3_356_TX_2,635.211037900043,570.2789355572323,64.93210234281068,0.0,0.8647247867858111,0.8974358974358975,0.10256410256410256,7.311268404579901,96.0
pp_quantile_calibrated,FOODS_3_363_WI_3,1728.2972356768441,1290.8530848004307,437.44415087641346,0.0,0.6414392205931037,0.7692307692307693,0.23076923076923078,16.549398523082445,244.0
pp_quantile_calibrated,FOODS_3_365_TX_1,388.10428752201943,386.29378943322047,1.8104980887989663,0.0,0.9809421253810635,0.9743589743589743,0.02564102564102564,4.952484479913083,19.0
pp_quantile_calibrated,FOODS_3_367_TX_1,1138.1739370882383,958.3260949666645,179.84784212157365,0.0,0.6473571723106399,0.8717948717948718,0.1282051282051282,12.28623198675211,102.0
pp_quantile_calibrated,FOODS_3_370_CA_1,1392.4370403916137,1388.1059257633083,4.331114628305297,0.0,0.9788726115692423,0.9871794871794872,0.01282051282051282,17.796229817478313,41.0
pp_quantile_calibrated,FOODS_3_372_TX_3,1832.884439108891,1547.235304963248,285.64913414564296,0.0,0.8472464523285331,0.8333333333333334,0.16666666666666666,19.836350063631382,374.0
pp_quantile_calibrated,FOODS_3_380_TX_3,338.2004180611657,322.21080661333,15.989611447835657,0.0,0.8546398959287668,0.9615384615384616,0.038461538461538464,4.130907777093975,22.0
pp_quantile_calibrated,FOODS_3_384_TX_1,302.0049497730509,285.1535689952787,16.8513807777722,0.0,0.8468056292929801,0.9487179487179487,0.05128205128205128,3.6558149871189576,22.0
pp_quantile_calibrated,FOODS_3_385_CA_4,605.136643383698,564.069110968947,41.067532414750985,0.0,0.8252445429159533,0.9358974358974359,0.0641025641025641,7.231655268832654,47.0
pp_quantile_calibrated,FOODS_3_385_TX_3,474.70589441566534,457.3983910713843,17.307503344281024,0.0,0.9263510495988042,0.9615384615384616,0.038461538461538464,5.864081936812619,47.0
pp_quantile_calibrated,FOODS_3_387_CA_2,1052.7688557006895,994.9876463548012,57.78120934588841,0.0,0.7688751626164464,0.9102564102564102,0.08974358974358974,12.756251876343605,50.0
pp_quantile_calibrated,FOODS_3_390_TX_2,850.6942918673378,696.7384260655305,153.95586580180742,0.0,0.7905362370043436,0.8205128205128205,0.1794871794871795,8.932543923917057,147.0
pp_quantile_calibrated,FOODS_3_392_WI_2,632.2043679136651,493.25873118932725,138.9456367243379,0.0,0.6805847431624416,0.8205128205128205,0.1794871794871795,6.323829887042657,87.0
pp_quantile_calibrated,FOODS_3_392_WI_3,553.23484184978,406.12296893522944,147.1118729145506,0.0,0.61286349233013,0.8205128205128205,0.1794871794871795,5.206704729938839,76.0
pp_quantile_calibrated,FOODS_3_393_CA_3,3234.7541846482563,2568.7208978839335,666.0332867643227,0.0,0.7865277927037427,0.7692307692307693,0.23076923076923078,32.932319203640176,624.0
pp_quantile_calibrated,FOODS_3_398_WI_3,322.0049703492001,303.03972685660625,18.965243492593842,0.0,0.8645339750529011,0.9615384615384616,0.038461538461538464,3.8851247032898235,28.0
pp_quantile_calibrated,FOODS_3_403_TX_1,2007.244227291308,1713.937314518827,293.30691277248116,0.0,0.8540761627997606,0.8076923076923077,0.19230769230769232,21.973555314343937,402.0
pp_quantile_calibrated,FOODS_3_405_TX_3,652.4230746471907,585.8997261471548,66.52334850003594,0.0,0.7744971237286917,0.8846153846153846,0.11538461538461539,7.511534950604548,59.0
pp_quantile_calibrated,FOODS_3_408_TX_2,357.33086524495445,357.33086524495445,0.0,0.0,1.0,1.0,0.0,4.581164939037878,8.0
pp_quantile_calibrated,FOODS_3_416_CA_4,610.5911849132506,505.62141960565407,104.96976530759653,0.0,0.7857759891681704,0.8333333333333334,0.16666666666666666,6.482325892380181,98.0
pp_quantile_calibrated,FOODS_3_416_WI_3,561.7388417775811,458.30501155457097,103.43383022301015,0.0,0.7446078266098516,0.8205128205128205,0.1794871794871795,5.875705276340653,81.0
pp_quantile_calibrated,FOODS_3_417_CA_3,553.8041488861056,481.62774095767594,72.17640792842968,0.0,0.7995099779765842,0.8846153846153846,0.11538461538461539,6.174714627662512,72.0
pp_quantile_calibrated,FOODS_3_422_CA_1,832.850139607249,771.0558254150963,61.79431419215277,0.0,0.8934580789790469,0.9230769230769231,0.07692307692307693,9.885331095065336,116.0
pp_quantile_calibrated,FOODS_3_423_WI_2,679.6693064133702,591.6455004334431,88.02380597992712,0.0,0.7878944434218624,0.8333333333333334,0.16666666666666666,7.58519872350568,83.0
pp_quantile_calibrated,FOODS_3_425_CA_1,445.41736783218937,430.5166992196257,14.90066861256369,0.0,0.9548464587498071,0.9743589743589743,0.02564102564102564,5.519444861790073,66.0
pp_quantile_calibrated,FOODS_3_427_WI_3,791.8722160754901,778.2906459227512,13.581570152738855,0.0,0.840216821732484,0.9743589743589743,0.02564102564102564,9.978085204137836,17.0
pp_quantile_calibrated,FOODS_3_428_TX_3,239.53880215944508,192.3929931997871,47.145808959657984,0.0,0.6071182586695167,0.9358974358974359,0.0641025641025641,2.466576835894706,24.0
pp_quantile_calibrated,FOODS_3_434_CA_1,1134.3976077103628,901.4080121615398,232.98959554882293,0.0,0.7622555147460991,0.7948717948717948,0.20512820512820512,11.556512976429998,196.0
pp_quantile_calibrated,FOODS_3_434_WI_1,922.5470686950273,877.4770326540657,45.070036040961554,0.0,0.8730421519972914,0.9230769230769231,0.07692307692307693,11.249705546846997,71.0
pp_quantile_calibrated,FOODS_3_441_TX_2,15631.19999999998,15631.19999999998,0.0,0.0,1.0,1.0,0.0,200.39999999999975,0.0
pp_quantile_calibrated,FOODS_3_444_CA_4,7410.0,7410.0,0.0,0.0,1.0,1.0,0.0,95.0,0.0
pp_quantile_calibrated,FOODS_3_444_TX_2,29484.0,29484.0,0.0,0.0,1.0,1.0,0.0,378.0,0.0
pp_quantile_calibrated,FOODS_3_445_CA_3,1120.4038637315161,889.9771096943562,230.42675403715995,0.0,0.6313171935405442,0.8589743589743589,0.14102564102564102,11.409962944799437,125.0
pp_quantile_calibrated,FOODS_3_449_WI_1,839.0769634912983,657.1946793331186,181.88228415817974,0.0,0.7683028227284334,0.7948717948717948,0.20512820512820512,8.42557281196306,157.0
pp_quantile_calibrated,FOODS_3_451_CA_4,793.3123143238496,631.7024521052597,161.6098622185899,0.0,0.640866972847578,0.8717948717948718,0.1282051282051282,8.098749385964867,90.0
pp_quantile_calibrated,FOODS_3_453_TX_2,261.92686381188594,261.0000348687806,0.9268289431053534,0.0,0.9845528509482442,0.9871794871794872,0.01282051282051282,3.3461542931894948,12.0
pp_quantile_calibrated,FOODS_3_453_WI_2,279.6372059183574,270.93808707777384,8.699118840583564,0.0,0.9456305072463527,0.9743589743589743,0.02564102564102564,3.4735652189458186,32.0
pp_quantile_calibrated,FOODS_3_454_CA_1,3585.3244601870088,3585.3244601870088,0.0,0.0,1.0,1.0,0.0,45.965698207525755,1.0
pp_quantile_calibrated,FOODS_3_455_TX_1,4767.687596474542,3216.002662844723,1551.6849336298192,0.0,0.694249274161612,0.717948717948718,0.28205128205128205,41.23080336980414,1015.0
pp_quantile_calibrated,FOODS_3_456_CA_4,305.175315812015,287.8932673348154,17.282048477199638,0.0,0.8847863434853358,0.9358974358974359,0.0641025641025641,3.6909393248053255,30.0
pp_quantile_calibrated,FOODS_3_457_TX_3,363.7581378625357,352.9977502194046,10.760387643131054,0.0,0.8565281647582526,0.9871794871794872,0.01282051282051282,4.525612182300059,15.0
pp_quantile_calibrated,FOODS_3_458_TX_1,2383.989172156649,1982.1979814523406,401.7911907043085,0.0,0.8311801719729796,0.8205128205128205,0.1794871794871795,25.412794634004367,476.0
pp_quantile_calibrated,FOODS_3_458_WI_1,1528.5783509109647,1211.2645655661659,317.3137853447989,0.0,0.8144363828392989,0.7564102564102564,0.24358974358974358,15.529032891873921,342.0
pp_quantile_calibrated,FOODS_3_464_TX_2,514.8325622875747,486.047892959396,28.784669328178694,0.0,0.8142924559472343,0.9358974358974359,0.0641025641025641,6.231383243069179,31.0
pp_quantile_calibrated,FOODS_3_465_CA_3,501.63183313305194,463.44752440390295,38.18430872914897,0.0,0.8441456786565348,0.9102564102564102,0.08974358974358974,5.941634928255166,49.0
pp_quantile_calibrated,FOODS_3_465_TX_2,384.86286703615207,384.86286703615207,0.0,0.0,1.0,1.0,0.0,4.934139320976309,27.0
pp_quantile_calibrated,FOODS_3_465_WI_3,578.0620491370614,494.4463175897847,83.61573154727672,0.0,0.7302718337184622,0.8846153846153846,0.11538461538461539,6.339055353715189,62.0
pp_quantile_calibrated,FOODS_3_468_TX_2,1086.2235073574604,1039.181711971647,47.04179538581343,0.0,0.9433231380893814,0.9615384615384616,0.038461538461538464,13.322842461174961,166.0
pp_quantile_calibrated,FOODS_3_471_WI_3,425.5656076797735,392.585423796333,32.98018388344056,0.0,0.8534214049624864,0.9230769230769231,0.07692307692307693,5.033146458927346,45.0
pp_quantile_calibrated,FOODS_3_472_CA_1,339.8000411282233,276.6110599177439,63.18898121047944,0.0,0.6759539425103619,0.8461538461538461,0.15384615384615385,3.5462956399710754,39.0
pp_quantile_calibrated,FOODS_3_474_CA_1,1404.6664584605924,857.793794582521,546.8726638780714,0.0,0.6527792610297959,0.7435897435897436,0.2564102564102564,10.99735634080155,315.0
pp_quantile_calibrated,FOODS_3_476_TX_3,1351.4977065592493,1095.0182094904567,256.47949706879274,0.0,0.8019463343098125,0.8076923076923077,0.19230769230769232,14.038694993467393,259.0
pp_quantile_calibrated,FOODS_3_479_CA_3,1612.7859592392563,1424.0736741069827,188.71228513227354,0.0,0.7641096435846582,0.8076923076923077,0.19230769230769232,18.25735479624337,160.0
pp_quantile_calibrated,FOODS_3_479_TX_2,959.8093492566694,868.3143273914784,91.495021865191,0.0,0.8394824177803667,0.8846153846153846,0.11538461538461539,11.132234966557416,114.0
pp_quantile_calibrated,FOODS_3_479_TX_3,832.9239673912361,715.9263196713792,116.99764771985686,0.0,0.763641115717461,0.8717948717948718,0.1282051282051282,9.178542559889477,99.0
pp_quantile_calibrated,FOODS_3_481_TX_2,327.26236910298184,305.36576944801516,21.896599654966657,0.0,0.8631462521564583,0.9487179487179487,0.05128205128205128,3.9149457621540407,32.0
pp_quantile_calibrated,FOODS_3_498_TX_1,3274.281014878072,2746.6173532221455,527.6636616559263,0.0,0.6722585952447664,0.9615384615384616,0.038461538461538464,35.21304299002751,322.0
pp_quantile_calibrated,FOODS_3_499_TX_1,3978.1996097306187,3325.5832709820043,652.6163387486146,0.0,0.8425533561523246,0.8461538461538461,0.15384615384615385,42.635682961307744,829.0
pp_quantile_calibrated,FOODS_3_502_TX_2,1010.7559579561533,674.2400084462149,336.5159495099384,0.0,0.6779751679330732,0.7692307692307693,0.23076923076923078,8.64410267238737,209.0
pp_quantile_calibrated,FOODS_3_511_CA_1,7648.275466709197,5442.73365745523,2205.5418092539667,0.0,0.7592203265006586,0.7435897435897436,0.2564102564102564,69.7786366340414,1832.0
pp_quantile_calibrated,FOODS_3_511_WI_2,4685.431389770617,3316.3743663212767,1369.0570234493405,0.0,0.6269599391146211,0.6794871794871795,0.32051282051282054,42.51762008104201,734.0
pp_quantile_calibrated,FOODS_3_512_CA_1,394.36836526999997,394.36836526999997,0.0,0.0,1.0,1.0,0.0,5.056004682948718,12.0
pp_quantile_calibrated,FOODS_3_513_CA_1,642.9576848395775,487.97954908801455,154.97813575156297,0.0,0.7737545463480832,0.8076923076923077,0.19230769230769232,6.256148065230955,137.0
pp_quantile_calibrated,FOODS_3_514_CA_2,1136.695607121239,833.5167612780242,303.1788458432147,0.0,0.7256300037617966,0.7564102564102564,0.24358974358974358,10.686112324077234,221.0
pp_quantile_calibrated,FOODS_3_515_CA_1,1405.811331445435,1134.2738132585773,271.5375181868575,0.0,0.7141710334875184,0.8076923076923077,0.19230769230769232,14.541971964853555,190.0
pp_quantile_calibrated,FOODS_3_517_TX_1,335.1105672485052,316.2540275598753,18.856539688629944,0.0,0.7781583566043535,0.9615384615384616,0.038461538461538464,4.054538814870196,17.0
pp_quantile_calibrated,FOODS_3_517_TX_3,259.0743560380165,256.3959003688402,2.6784556691762784,0.0,0.9684887568332201,0.9871794871794872,0.01282051282051282,3.2871269278056436,17.0
pp_quantile_calibrated,FOODS_3_525_CA_4,883.4331088059191,809.203801809618,74.22930699630109,0.0,0.6193368871984559,0.9102564102564102,0.08974358974358974,10.374407715507923,39.0
pp_quantile_calibrated,FOODS_3_531_CA_3,542.1329339967988,472.68842173425764,69.44451226254118,0.0,0.756335044692838,0.8717948717948718,0.1282051282051282,6.060107970952021,57.0
pp_quantile_calibrated,FOODS_3_532_TX_3,1067.0484880403917,910.4476037167296,156.600884323662,0.0,0.7854782406525177,0.8333333333333334,0.16666666666666666,11.672405175855507,146.0
pp_quantile_calibrated,FOODS_3_532_WI_1,2061.059823070969,1718.782612495365,342.27721057560404,0.0,0.8555792360440488,0.8461538461538461,0.15384615384615385,22.035674519171344,474.0
pp_quantile_calibrated,FOODS_3_533_TX_3,791.1937984520597,693.7559503281066,97.43784812395317,0.0,0.822840276138267,0.8846153846153846,0.11538461538461539,8.894307055488545,110.0
pp_quantile_calibrated,FOODS_3_533_WI_3,1165.0026587950147,1080.960895999086,84.04176279592869,0.0,0.9076464145099684,0.9230769230769231,0.07692307692307693,13.858473025629308,182.0
pp_quantile_calibrated,FOODS_3_538_WI_1,1021.9637804709104,951.7732132750454,70.19056719586504,0.0,0.9076439905317566,0.8846153846153846,0.11538461538461539,12.202220683013403,152.0
pp_quantile_calibrated,FOODS_3_544_TX_2,402.82383684389345,361.5784828275021,41.24535401639133,0.0,0.8601852406224022,0.9230769230769231,0.07692307692307693,4.635621574711566,59.0
pp_quantile_calibrated,FOODS_3_545_CA_2,572.389577953762,534.9869614230505,37.40261653071151,0.0,0.8175482120453097,0.9230769230769231,0.07692307692307693,6.858807197731417,41.0
pp_quantile_calibrated,FOODS_3_546_CA_1,3062.469786037861,2394.567092411417,667.9026936264439,0.0,0.5799354128135573,0.6923076923076923,0.3076923076923077,30.69957810783868,318.0
pp_quantile_calibrated,FOODS_3_546_CA_3,1448.1222103668704,1031.1503495686368,416.9718607982336,0.0,0.7327103456421579,0.7564102564102564,0.24358974358974358,13.219876276520985,312.0
pp_quantile_calibrated,FOODS_3_550_TX_1,286.5767481485843,286.5767481485843,0.0,0.0,1.0,1.0,0.0,3.674060873699798,14.0
pp_quantile_calibrated,FOODS_3_555_CA_3,8926.808988241006,6368.906927470131,2557.902060770875,0.0,0.77423635827265,0.782051282051282,0.21794871794871795,81.65265291628374,2266.0
pp_quantile_calibrated,FOODS_3_558_CA_4,546.0,546.0,0.0,0.0,1.0,1.0,0.0,7.0,0.0
pp_quantile_calibrated,FOODS_3_563_WI_1,1097.7917962150475,1097.7917962150475,0.0,0.0,1.0,1.0,0.0,14.074253797628813,11.0
pp_quantile_calibrated,FOODS_3_573_WI_2,1693.0922372848943,1552.875582888045,140.21665439684924,0.0,0.8179004488352607,0.8717948717948718,0.1282051282051282,19.908661319077503,154.0
pp_quantile_calibrated,FOODS_3_575_CA_1,564.9465241382757,522.1137634527257,42.8327606855499,0.0,0.835258612747885,0.9358974358974359,0.0641025641025641,6.693766198111868,52.0
pp_quantile_calibrated,FOODS_3_575_WI_1,419.45022416947995,404.70198543122837,14.748238738251601,0.0,0.9297702917226115,0.9743589743589743,0.02564102564102564,5.188486992708056,42.0
pp_quantile_calibrated,FOODS_3_575_WI_2,433.4758910826513,433.4758910826513,0.0,0.0,1.0,1.0,0.0,5.55738321900835,40.0
pp_quantile_calibrated,FOODS_3_578_WI_1,6168.7523582394,6168.7523582394,0.0,0.0,1.0,1.0,0.0,79.08656869537693,0.0
pp_quantile_calibrated,FOODS_3_580_CA_1,2193.5854068488143,1882.657079514797,310.928327334017,0.0,0.7810363892013964,0.8461538461538461,0.15384615384615385,24.13662922454868,284.0
pp_quantile_calibrated,FOODS_3_580_CA_3,5972.306795427793,5328.005294327217,644.3015011005764,0.0,0.7747197548599384,0.7948717948717948,0.20512820512820512,68.30776018368226,572.0
pp_quantile_calibrated,FOODS_3_582_CA_1,516.0794713582457,352.3925770919665,163.68689426627915,0.0,0.5039791082840025,0.8076923076923077,0.19230769230769232,4.5178535524611085,66.0
pp_quantile_calibrated,FOODS_3_585_WI_1,388.4142418035769,300.99784974100305,87.41639206257385,0.0,0.6503344317497046,0.8333333333333334,0.16666666666666666,3.8589467915513214,50.0
pp_quantile_calibrated,FOODS_3_588_WI_3,734.1466362399552,696.6300214957026,37.516614744252564,0.0,0.9175459016609833,0.9358974358974359,0.0641025641025641,8.931154121739777,91.0
pp_quantile_calibrated,FOODS_3_596_WI_1,882.4098701456239,707.3944168483856,175.0154532972383,0.0,0.7798547757267442,0.782051282051282,0.21794871794871795,9.069159190363917,159.0
pp_quantile_calibrated,FOODS_3_599_TX_3,1304.302480726046,1304.302480726046,0.0,0.0,1.0,1.0,0.0,16.72182667597495,2.0
pp_quantile_calibrated,FOODS_3_605_WI_3,945.8498022847255,915.8498022847255,30.0,0.0,0.8421052631578947,0.9487179487179487,0.05128205128205128,11.741664131855455,38.0
pp_quantile_calibrated,FOODS_3_606_TX_3,577.4039572701818,494.0095342666888,83.39442300349305,0.0,0.7434017753738675,0.8717948717948718,0.1282051282051282,6.333455567521651,65.0
pp_quantile_calibrated,FOODS_3_608_CA_3,878.7548023859539,822.2344645919686,56.52033779398529,0.0,0.7783516164941753,0.9102564102564102,0.08974358974358974,10.541467494768828,51.0
pp_quantile_calibrated,FOODS_3_610_TX_1,568.727872082357,564.1024999321861,4.625372150170861,0.0,0.9421828481228642,0.9871794871794872,0.01282051282051282,7.232083332463924,16.0
pp_quantile_calibrated,FOODS_3_615_CA_4,669.0558939229916,576.8514903462482,92.20440357674346,0.0,0.8038204179218223,0.8461538461538461,0.15384615384615385,7.395531927516002,94.0
pp_quantile_calibrated,FOODS_3_618_WI_3,1718.6522676217664,1339.5249740786949,379.1272935430717,0.0,0.5667116645222039,0.8974358974358975,0.10256410256410256,17.173397103573013,175.0
pp_quantile_calibrated,FOODS_3_625_TX_1,287.96052256346667,287.96052256346667,0.0,0.0,1.0,1.0,0.0,3.691801571326496,4.0
pp_quantile_calibrated,FOODS_3_626_WI_1,391.71923367082957,390.68051248142905,1.03872118940052,0.0,0.9890660927431525,0.9871794871794872,0.01282051282051282,5.00872451899268,19.0
pp_quantile_calibrated,FOODS_3_626_WI_2,597.8406123443617,568.7980129413895,29.042599402972215,0.0,0.7095740059702779,0.9487179487179487,0.05128205128205128,7.292282217197301,20.0
pp_quantile_calibrated,FOODS_3_628_WI_1,2107.572228360635,1602.1016370167908,505.4705913438441,0.0,0.694579703115502,0.7564102564102564,0.24358974358974358,20.539764577138346,331.0
pp_quantile_calibrated,FOODS_3_633_WI_1,911.8181031091259,866.4340547883618,45.38404832076413,0.0,0.8581748489976121,0.9102564102564102,0.08974358974358974,11.1081289075431,64.0
pp_quantile_calibrated,FOODS_3_634_CA_4,1794.3445305762573,1550.415746232943,243.92878434331425,0.0,0.7850847715036879,0.782051282051282,0.21794871794871795,19.8771249517044,227.0
pp_quantile_calibrated,FOODS_3_638_TX_3,600.0712279084958,554.8838784531986,45.18734945529716,0.0,0.826202502095011,0.8846153846153846,0.11538461538461539,7.11389587760511,52.0
pp_quantile_calibrated,FOODS_3_640_WI_2,918.515816993669,901.3597292702801,17.156087723388875,0.0,0.9581558836014905,0.9743589743589743,0.02564102564102564,11.555893965003591,82.0
pp_quantile_calibrated,FOODS_3_642_TX_3,710.6454887447719,675.5620970204295,35.08339172434235,0.0,0.8769003799145882,0.9615384615384616,0.038461538461538464,8.661052525902942,57.0
pp_quantile_calibrated,FOODS_3_644_WI_2,576.3963379837357,576.3963379837357,0.0,0.0,1.0,1.0,0.0,7.389696640817125,10.0
pp_quantile_calibrated,FOODS_3_646_CA_2,1313.7157228808144,1189.0126677956807,124.70305508513356,0.0,0.5843231497162215,0.8461538461538461,0.15384615384615385,15.243752151226676,60.0
pp_quantile_calibrated,FOODS_3_646_WI_3,1319.0230977121826,1190.1581791574702,128.8649185547125,0.0,0.7037588079202012,0.8333333333333334,0.16666666666666666,15.25843819432654,87.0
pp_quantile_calibrated,FOODS_3_651_CA_2,1214.6531975220842,1017.7312475256721,196.92194999641208,0.0,0.864191758623164,0.8461538461538461,0.15384615384615385,13.047836506739385,290.0
pp_quantile_calibrated,FOODS_3_657_CA_4,714.8673441507054,681.5110527173094,33.35629143339603,0.0,0.8610154523608498,0.9230769230769231,0.07692307692307693,8.737321188683454,48.0
pp_quantile_calibrated,FOODS_3_658_WI_1,710.1870531816089,599.3402643091644,110.84678887244456,0.0,0.7044085630068145,0.8461538461538461,0.15384615384615385,7.683849542425184,75.0
pp_quantile_calibrated,FOODS_3_658_WI_3,386.70019329209094,386.0600492067582,0.6401440853327411,0.0,0.9966308206035118,0.9871794871794872,0.01282051282051282,4.9494878103430535,38.0
pp_quantile_calibrated,FOODS_3_662_WI_2,359.69803987008356,359.69803987008356,0.0,0.0,1.0,1.0,0.0,4.611513331667738,11.0
pp_quantile_calibrated,FOODS_3_663_CA_1,3276.0,3276.0,0.0,0.0,1.0,1.0,0.0,42.0,0.0
pp_quantile_calibrated,FOODS_3_663_TX_2,604.5355548196549,491.71004870832365,112.82550611133118,0.0,0.7313678425920687,0.8461538461538461,0.15384615384615385,6.303974983440047,84.0
pp_quantile_calibrated,FOODS_3_667_TX_3,256.1682763440565,242.81993335745875,13.348342986597718,0.0,0.7946408771292659,0.9615384615384616,0.038461538461538464,3.1130760686853685,13.0
pp_quantile_calibrated,FOODS_3_668_WI_3,3694.032410662978,2923.5442864223096,770.4881242406681,0.0,0.7877443183910006,0.7948717948717948,0.20512820512820512,37.481337005414225,726.0
pp_quantile_calibrated,FOODS_3_669_TX_1,1774.0419214197634,1573.7633386769166,200.27858274284668,0.0,0.7711101911510324,0.8717948717948718,0.1282051282051282,20.17645305996047,175.0
pp_quantile_calibrated,FOODS_3_670_CA_4,552.087505828199,546.281933095086,5.805572733113085,0.0,0.9447088311132087,0.9743589743589743,0.02564102564102564,7.003614526860076,21.0
pp_quantile_calibrated,FOODS_3_672_TX_2,4423.286360799313,3252.3322229119185,1170.954137887395,0.0,0.7050493355447368,0.6923076923076923,0.3076923076923077,41.696566960409214,794.0
pp_quantile_calibrated,FOODS_3_677_WI_2,515.8615598286465,478.9459582643559,36.91560156429052,0.0,0.9028536800939724,0.9487179487179487,0.05128205128205128,6.140332798260973,76.0
pp_quantile_calibrated,FOODS_3_691_WI_1,493.34167788047523,460.68533506598516,32.656342814490074,0.0,0.7893139173258705,0.9358974358974359,0.0641025641025641,5.906222244435707,31.0
pp_quantile_calibrated,FOODS_3_693_WI_2,411.5066911581044,411.5066911581044,0.0,0.0,1.0,1.0,0.0,5.275726809719287,7.0
pp_quantile_calibrated,FOODS_3_694_WI_3,14100.04799279536,10151.564391281392,3948.483601513967,0.0,0.7791058125027152,0.7564102564102564,0.24358974358974358,130.1482614266845,3575.0
pp_quantile_calibrated,FOODS_3_705_TX_2,491.69468143173805,462.45418562126076,29.24049581047729,0.0,0.8755723582532879,0.9230769230769231,0.07692307692307693,5.928899815657189,47.0
pp_quantile_calibrated,FOODS_3_711_CA_3,7536.734613621133,5913.076234023152,1623.65837959798,0.0,0.6942262938610207,0.7435897435897436,0.2564102564102564,75.8086696669635,1062.0
pp_quantile_calibrated,FOODS_3_712_CA_3,1008.1171528910982,757.3706539699492,250.746498921149,0.0,0.6978957844323506,0.8333333333333334,0.16666666666666666,9.709880179101914,166.0
pp_quantile_calibrated,FOODS_3_718_TX_1,607.3720216988992,607.3720216988992,0.0,0.0,1.0,1.0,0.0,7.786820791011528,6.0
pp_quantile_calibrated,FOODS_3_723_WI_3,10293.124445849737,7533.700205788344,2759.424240061393,0.0,0.7674315853298447,0.7307692307692307,0.2692307692307692,96.58590007420953,2373.0
pp_quantile_calibrated,FOODS_3_727_WI_3,1598.7781517723995,1228.4891263386246,370.28902543377484,0.0,0.7437446190769724,0.7692307692307693,0.23076923076923078,15.74986059408493,289.0
pp_quantile_calibrated,FOODS_3_730_CA_3,694.1283135499312,650.7574150788986,43.37089847103261,0.0,0.9123820232908432,0.9487179487179487,0.05128205128205128,8.343043783062802,99.0
pp_quantile_calibrated,FOODS_3_734_TX_1,3531.9650054021586,3351.8334622332595,180.13154316889924,0.0,0.9300460026528546,0.8846153846153846,0.11538461538461539,42.97222387478538,515.0
pp_quantile_calibrated,FOODS_3_735_CA_4,315.63495826774005,297.24444461359496,18.390513654145106,0.0,0.8686391881846778,0.9487179487179487,0.05128205128205128,3.810826212994807,28.0
pp_quantile_calibrated,FOODS_3_745_TX_3,561.8640508060739,561.8640508060739,0.0,0.0,1.0,1.0,0.0,7.2033852667445375,0.0
pp_quantile_calibrated,FOODS_3_746_CA_4,921.2869822808041,746.336321836727,174.95066044407702,0.0,0.7904782509651772,0.7948717948717948,0.20512820512820512,9.56841438252214,167.0
pp_quantile_calibrated,FOODS_3_749_CA_1,2199.424059965295,2129.424059965295,70.0,0.0,0.8028169014084507,0.9743589743589743,0.02564102564102564,27.300308461093525,71.0
pp_quantile_calibrated,FOODS_3_750_CA_2,1690.0,1485.0,205.0,0.0,0.39705882352941174,0.8205128205128205,0.1794871794871795,19.03846153846154,68.0
pp_quantile_calibrated,FOODS_3_753_TX_2,1191.4124305978492,1016.4511042274853,174.9613263703638,0.0,0.8309552402218707,0.8461538461538461,0.15384615384615385,13.03142441317289,207.0
pp_quantile_calibrated,FOODS_3_755_TX_3,1074.2508024587553,973.916991698515,100.33381076024034,0.0,0.8070503639226148,0.9102564102564102,0.08974358974358974,12.48611527818609,104.0
pp_quantile_calibrated,FOODS_3_756_WI_3,2478.5206114767257,1878.6111101586846,599.9095013180412,0.0,0.7674769374736273,0.7435897435897436,0.2564102564102564,24.08475782254724,516.0
pp_quantile_calibrated,FOODS_3_757_CA_3,9621.0,9076.0,545.0,0.0,0.6279863481228669,0.8846153846153846,0.11538461538461539,116.35897435897436,293.0
pp_quantile_calibrated,FOODS_3_763_TX_2,207.03514677582422,202.0261654644637,5.008981311360503,0.0,0.8998203737727899,0.9743589743589743,0.02564102564102564,2.590079044416201,10.0
pp_quantile_calibrated,FOODS_3_766_TX_3,253.7001870454523,250.53052873458685,3.1696583108654597,0.0,0.9627099022251123,0.9871794871794872,0.01282051282051282,3.2119298555716265,17.0
pp_quantile_calibrated,FOODS_3_768_CA_2,903.0711059797752,630.5570014454577,272.51410453431754,0.0,0.6676657261776615,0.717948717948718,0.28205128205128205,8.084064121095611,164.0
pp_quantile_calibrated,FOODS_3_770_WI_3,476.88779905686357,467.72532470598435,9.162474350879233,0.0,0.961010747443067,0.9743589743589743,0.02564102564102564,5.996478521871595,47.0
pp_quantile_calibrated,FOODS_3_774_WI_2,530.4407494769929,486.0164787040213,44.424270772971525,0.0,0.8186764458246061,0.9102564102564102,0.08974358974358974,6.230980496205402,49.0
pp_quantile_calibrated,FOODS_3_779_CA_1,595.7720934776469,595.7720934776469,0.0,0.0,1.0,1.0,0.0,7.638103762533935,27.0
pp_quantile_calibrated,FOODS_3_783_CA_1,1671.9634359838717,1381.5721002501798,290.39133573369185,0.0,0.8218458062983487,0.8205128205128205,0.1794871794871795,17.712462823720255,326.0
pp_quantile_calibrated,FOODS_3_783_TX_3,6171.59999999999,6171.59999999999,0.0,0.0,1.0,1.0,0.0,79.1230769230768,96.0
pp_quantile_calibrated,FOODS_3_786_CA_2,564.0554293543585,446.4486191760241,117.60681017833429,0.0,0.6687132107652556,0.8205128205128205,0.1794871794871795,5.723700245846463,71.0
pp_quantile_calibrated,FOODS_3_788_WI_2,1346.078933608967,1177.4593386298686,168.61959497909842,0.0,0.7721356824606779,0.8461538461538461,0.15384615384615385,15.095632546536777,148.0
pp_quantile_calibrated,FOODS_3_791_CA_4,474.27162724757216,450.724875412266,23.546751835306175,0.0,0.9111443326969578,0.9615384615384616,0.038461538461538464,5.778524043747,53.0
pp_quantile_calibrated,FOODS_3_791_WI_2,1081.1882355781352,1081.1882355781352,0.0,0.0,1.0,1.0,0.0,13.861387635617117,37.0
pp_quantile_calibrated,FOODS_3_792_CA_1,993.8589535770136,767.0303561535121,226.82859742350144,0.0,0.7182253448155262,0.8205128205128205,0.1794871794871795,9.833722514788617,161.0
pp_quantile_calibrated,FOODS_3_793_WI_1,1064.693032603523,969.6059896767333,95.08704292678968,0.0,0.9147201408728344,0.8974358974358975,0.10256410256410256,12.430846021496581,223.0
pp_quantile_calibrated,FOODS_3_795_WI_2,1498.4072717353772,1290.3743311444114,208.03294059096586,0.0,0.8514050424350244,0.8076923076923077,0.19230769230769232,16.543260655697583,280.0
pp_quantile_calibrated,FOODS_3_799_TX_1,246.57824978985565,246.57824978985565,0.0,0.0,1.0,1.0,0.0,3.161259612690457,6.0
pp_quantile_calibrated,FOODS_3_802_WI_3,402.0921575903981,390.6627863616736,11.429371228724467,0.0,0.9238041918085036,0.9487179487179487,0.05128205128205128,5.008497261047098,30.0
pp_quantile_calibrated,FOODS_3_805_TX_1,776.4232501321274,665.7714925727295,110.65175755939788,0.0,0.8155804040676703,0.8205128205128205,0.1794871794871795,8.535531956060634,120.0
pp_quantile_calibrated,FOODS_3_806_CA_1,581.0365412297992,564.9261401061048,16.11040112369445,0.0,0.8465676083457672,0.9615384615384616,0.038461538461538464,7.242642821873138,21.0
pp_quantile_calibrated,FOODS_3_806_CA_4,402.0898803825424,402.0898803825424,0.0,0.0,1.0,1.0,0.0,5.154998466442851,10.0
pp_quantile_calibrated,FOODS_3_809_CA_1,990.1183764337864,682.3770387247475,307.7413377090389,0.0,0.6673066619361742,0.7948717948717948,0.20512820512820512,8.748423573394199,185.0
pp_quantile_calibrated,FOODS_3_810_WI_2,1226.7825569338268,1169.09804855181,57.684508382016645,0.0,0.7491977896434058,0.9102564102564102,0.08974358974358974,14.988436519895,46.0
pp_quantile_calibrated,FOODS_3_813_TX_1,333.619739946858,283.06519261318,50.55454733367801,0.0,0.625521871602385,0.8846153846153846,0.11538461538461539,3.629040930938205,27.0
pp_quantile_calibrated,FOODS_3_814_CA_3,1089.139701008344,908.1122764667684,181.02742454157564,0.0,0.8233878784960238,0.8333333333333334,0.16666666666666666,11.642465082907288,205.0
pp_quantile_calibrated,FOODS_3_818_CA_3,2258.7631522204338,2030.5778696100915,228.18528261034237,0.0,0.8856214122253924,0.8461538461538461,0.15384615384615385,26.03304961038579,399.0
pp_quantile_calibrated,FOODS_3_821_TX_2,333.4890048107389,298.69372300340143,34.795281807337474,0.0,0.866171993048702,0.9102564102564102,0.08974358974358974,3.829406705171813,52.0
pp_quantile_calibrated,FOODS_3_824_TX_3,50.35896397098105,27.623157182675786,22.73580678830526,0.0,0.09056772846778956,0.9487179487179487,0.05128205128205128,0.3541430408035357,5.0
pp_quantile_calibrated,HOBBIES_1_004_WI_3,1359.6894811412233,1351.628074913817,8.061406227406245,0.0,0.9879680504068563,0.9743589743589743,0.02564102564102564,17.328565062997654,134.0
pp_quantile_calibrated,HOBBIES_1_005_WI_1,471.76246495578533,436.202502954004,35.559962001781365,0.0,0.8888751187444333,0.9102564102564102,0.08974358974358974,5.59233978146159,64.0
pp_quantile_calibrated,HOBBIES_1_009_CA_1,804.8823766665766,772.2007227449812,32.6816539215954,0.0,0.7665596148457471,0.9615384615384616,0.038461538461538464,9.900009265961298,28.0
pp_quantile_calibrated,HOBBIES_1_009_CA_4,1709.2627826243079,1709.2627826243079,0.0,0.0,1.0,1.0,0.0,21.913625418260356,136.0
pp_quantile_calibrated,HOBBIES_1_010_CA_3,372.86115035911604,315.495368092179,57.36578226693705,0.0,0.7705368709322518,0.8974358974358975,0.10256410256410256,4.044812411438192,50.0
pp_quantile_calibrated,HOBBIES_1_012_TX_2,195.1911105001117,189.66907054811224,5.522039951999456,0.0,0.9447796004800054,0.9743589743589743,0.02564102564102564,2.431654750616824,20.0
pp_quantile_calibrated,HOBBIES_1_023_CA_3,670.8809071496119,425.3074993035982,245.5734078460137,0.0,0.6491808459342662,0.7564102564102564,0.24358974358974358,5.4526602474820285,140.0
pp_quantile_calibrated,HOBBIES_1_026_CA_4,408.43701572144465,363.97753222630377,44.459483495140866,0.0,0.8492898864571496,0.8461538461538461,0.15384615384615385,4.666378618285946,59.0
pp_quantile_calibrated,HOBBIES_1_027_CA_1,330.8404769242543,325.5599638657223,5.28051305853201,0.0,0.9689381584792235,0.9743589743589743,0.02564102564102564,4.173845690586183,34.0
pp_quantile_calibrated,HOBBIES_1_028_WI_3,219.58591000048872,199.07252570058688,20.513384299901844,0.0,0.8358929256007852,0.9487179487179487,0.05128205128205128,2.552211867956242,25.0
pp_quantile_calibrated,HOBBIES_1_029_WI_3,224.04109927073742,210.36521505033707,13.675884220400349,0.0,0.8176548770613288,0.9615384615384616,0.038461538461538464,2.6969899365427827,15.0
pp_quantile_calibrated,HOBBIES_1_030_WI_2,807.5905592490888,726.28298080351,81.30757844557883,0.0,0.8193164923431582,0.9230769230769231,0.07692307692307693,9.311320266711666,90.0
pp_quantile_calibrated,HOBBIES_1_032_CA_2,5005.360345808934,4543.555546334038,461.80479947489596,0.0,0.8338831656565123,0.8461538461538461,0.15384615384615385,58.25071213248766,556.0
pp_quantile_calibrated,HOBBIES_1_043_TX_2,549.5542005888101,487.6269853518,61.92721523701014,0.0,0.8559832203790461,0.9102564102564102,0.08974358974358974,6.251628017330769,86.0
pp_quantile_calibrated,HOBBIES_1_043_WI_3,1455.7779097863317,1217.0476830696164,238.73022671671544,0.0,0.7446735543136734,0.8461538461538461,0.15384615384615385,15.603175423969441,187.0
pp_quantile_calibrated,HOBBIES_1_045_CA_4,412.2488093741293,384.16492266353316,28.08388671059612,0.0,0.5988016184200554,0.9487179487179487,0.05128205128205128,4.925191316199143,14.0
pp_quantile_calibrated,HOBBIES_1_050_TX_3,231.37040263123384,168.70613173319575,62.66427089803808,0.0,0.7015987100093424,0.8717948717948718,0.1282051282051282,2.162899124784561,42.0
pp_quantile_calibrated,HOBBIES_1_054_CA_4,98.70316552144857,93.67663933226552,5.026526189183038,0.0,0.9226688278587224,0.9743589743589743,0.02564102564102564,1.2009825555418656,13.0
pp_quantile_calibrated,HOBBIES_1_057_WI_1,510.39768376097965,479.4108329907383,30.986850770241368,0.0,0.9088622036169371,0.9358974358974359,0.0641025641025641,6.146292730650491,68.0
pp_quantile_calibrated,HOBBIES_1_061_CA_4,182.65732141754827,173.98897654972654,8.668344867821736,0.0,0.8266331026435653,0.9871794871794872,0.01282051282051282,2.2306279044836734,10.0
pp_quantile_calibrated,HOBBIES_1_065_CA_4,130.74037483999342,130.74037483999342,0.0,0.0,1.0,1.0,0.0,1.6761586517947875,7.0
pp_quantile_calibrated,HOBBIES_1_070_WI_2,152.5137470331662,149.56405134648813,2.9496956866780577,0.0,0.9410060862664388,0.9871794871794872,0.01282051282051282,1.917487837775489,10.0
pp_quantile_calibrated,HOBBIES_1_073_CA_2,457.4194290989865,371.8267344298987,85.59269466908778,0.0,0.6996747555470605,0.8846153846153846,0.11538461538461539,4.767009415767932,57.0
pp_quantile_calibrated,HOBBIES_1_074_TX_2,408.97672083842326,357.2238075149023,51.75291332352093,0.0,0.8499915555839972,0.9102564102564102,0.08974358974358974,4.579792404037209,69.0
pp_quantile_calibrated,HOBBIES_1_086_CA_3,747.2735586535894,593.1743671717685,154.09919148182092,0.0,0.7223437991318542,0.7435897435897436,0.2564102564102564,7.604799579125237,111.0
pp_quantile_calibrated,HOBBIES_1_092_CA_3,219.80242054451574,200.94999645614362,18.852424088372125,0.0,0.8857428843128963,0.9230769230769231,0.07692307692307693,2.5762820058479954,33.0
pp_quantile_calibrated,HOBBIES_1_092_TX_1,367.29636472548765,332.49861090599194,34.797753819495696,0.0,0.7600154909000297,0.8974358974358975,0.10256410256410256,4.262802703922974,29.0
pp_quantile_calibrated,HOBBIES_1_103_CA_2,2527.0508460516266,2199.4275754970113,327.6232705546152,0.0,0.8122502747538022,0.8589743589743589,0.14102564102564102,28.197789429448864,349.0
pp_quantile_calibrated,HOBBIES_1_106_TX_3,420.29199606576327,389.8449623383908,30.447033727372435,0.0,0.8035675243395327,0.9102564102564102,0.08974358974358974,4.998012337671677,31.0
pp_quantile_calibrated,HOBBIES_1_106_WI_3,199.24325832625163,193.16478763828684,6.07847068796481,0.0,0.8894823511279125,0.9743589743589743,0.02564102564102564,2.476471636388293,11.0
pp_quantile_calibrated,HOBBIES_1_107_WI_2,530.2795712369884,482.50370958482927,47.77586165215921,0.0,0.8088965533913631,0.8717948717948718,0.1282051282051282,6.185944994677298,50.0
pp_quantile_calibrated,HOBBIES_1_108_CA_3,521.69656213639,438.2675109223054,83.42905121408455,0.0,0.743295227033586,0.8717948717948718,0.1282051282051282,5.618814242593659,65.0
pp_quantile_calibrated,HOBBIES_1_109_CA_3,465.0622775050096,412.88301760258895,52.17925990242067,0.0,0.6930631770445843,0.9102564102564102,0.08974358974358974,5.293372020546012,34.0
pp_quantile_calibrated,HOBBIES_1_110_CA_3,329.29956936143003,305.3547075962106,23.944861765219436,0.0,0.7719536974741006,0.9615384615384616,0.038461538461538464,3.9148039435411612,21.0
pp_quantile_calibrated,HOBBIES_1_110_WI_3,155.19448346153854,144.32499098135486,10.869492480183688,0.0,0.8188417919969385,0.9871794871794872,0.01282051282051282,1.8503203971968571,12.0
pp_quantile_calibrated,HOBBIES_1_113_TX_2,387.00694490531816,372.00694490531816,15.0,0.0,0.8571428571428571,0.9743589743589743,0.02564102564102564,4.769319806478438,21.0
pp_quantile_calibrated,HOBBIES_1_116_CA_1,357.57832801225777,300.4627397347311,57.11558827752669,0.0,0.7668751498876462,0.8974358974358975,0.10256410256410256,3.852086406855527,49.0
pp_quantile_calibrated,HOBBIES_1_116_WI_3,228.59127566773765,218.19107510285764,10.400200564880024,0.0,0.8109054442749087,0.9743589743589743,0.02564102564102564,2.797321475677662,11.0
pp_quantile_calibrated,HOBBIES_1_117_CA_1,276.4668262754656,250.16398945746113,26.302836818004472,0.0,0.7231280334946897,0.9230769230769231,0.07692307692307693,3.2072306340700143,19.0
pp_quantile_calibrated,HOBBIES_1_122_WI_3,374.45138131220176,374.45138131220176,0.0,0.0,1.0,1.0,0.0,4.800658734771817,8.0
pp_quantile_calibrated,HOBBIES_1_124_TX_3,314.6058215517879,292.39545472780026,22.210366823987666,0.0,0.8291510244308641,0.9615384615384616,0.038461538461538464,3.7486596759974393,26.0
pp_quantile_calibrated,HOBBIES_1_133_WI_1,390.0,390.0,0.0,0.0,1.0,1.0,0.0,5.0,0.0
pp_quantile_calibrated,HOBBIES_1_134_CA_4,1570.693638200391,1382.2568410139534,188.4367971864377,0.0,0.8347045638715458,0.8589743589743589,0.14102564102564102,17.721241551460942,228.0
pp_quantile_calibrated,HOBBIES_1_135_WI_1,418.46753092204733,405.5487857348919,12.918745187155416,0.0,0.949338254168018,0.9615384615384616,0.038461538461538464,5.199343406857588,51.0
pp_quantile_calibrated,HOBBIES_1_137_TX_1,374.5419894008868,317.9627778993485,56.57921150153828,0.0,0.7642532854102572,0.8974358974358975,0.10256410256410256,4.076445870504468,48.0
pp_quantile_calibrated,HOBBIES_1_143_WI_1,206.55275708902667,176.11543067425788,30.437326414768787,0.0,0.723297032593011,0.9230769230769231,0.07692307692307693,2.25789013684946,22.0
pp_quantile_calibrated,HOBBIES_1_151_TX_1,275.44968366787623,229.91874214348348,45.53094152439274,0.0,0.8281851263230462,0.8974358974358975,0.10256410256410256,2.9476761813267114,53.0
pp_quantile_calibrated,HOBBIES_1_152_CA_1,685.0623905820786,610.7706908737401,74.29169970833843,0.0,0.7877380008333188,0.8974358974358975,0.10256410256410256,7.830393472740258,70.0
pp_quantile_calibrated,HOBBIES_1_152_CA_3,523.7854611642526,471.2081394033373,52.57732176091533,0.0,0.8382236253510298,0.8846153846153846,0.11538461538461539,6.041129992350479,65.0
pp_quantile_calibrated,HOBBIES_1_155_CA_2,575.5336319806668,438.02686064743307,137.50677133323364,0.0,0.7476939975536997,0.7948717948717948,0.20512820512820512,5.615728982659398,109.0
pp_quantile_calibrated,HOBBIES_1_162_TX_1,121.48025024950402,116.6445393228076,4.835710926696429,0.0,0.8388096357767857,0.9871794871794872,0.01282051282051282,1.4954428118308667,6.0
pp_quantile_calibrated,HOBBIES_1_162_TX_2,285.99814412018054,262.7264135920885,23.271730528092043,0.0,0.8209866882454459,0.9358974358974359,0.0641025641025641,3.368287353744724,26.0
pp_quantile_calibrated,HOBBIES_1_170_TX_2,189.91682549948152,176.69444252391648,13.22238297556504,0.0,0.8111088146347851,0.9615384615384616,0.038461538461538464,2.2653133656912368,14.0
pp_quantile_calibrated,HOBBIES_1_173_CA_4,191.95405962977372,187.97380800564812,3.9802516241256036,0.0,0.9601974837587438,0.9615384615384616,0.038461538461538464,2.409920615457027,20.0
pp_quantile_calibrated,HOBBIES_1_175_WI_1,245.53116562218298,245.53116562218298,0.0,0.0,1.0,1.0,0.0,3.147835456694654,12.0
pp_quantile_calibrated,HOBBIES_1_176_TX_3,273.16258421947043,204.66276268245082,68.49982153701959,0.0,0.7415101074074734,0.8205128205128205,0.1794871794871795,2.6238815728519334,53.0
pp_quantile_calibrated,HOBBIES_1_184_CA_1,294.7853882884871,291.55807488151873,3.2273134069683973,0.0,0.9354537318606321,0.9871794871794872,0.01282051282051282,3.7379240369425477,10.0
pp_quantile_calibrated,HOBBIES_1_186_TX_1,130.7808087502775,127.82257584772331,2.95823290255417,0.0,0.950696118290764,0.9615384615384616,0.038461538461538464,1.638750972406709,12.0
pp_quantile_calibrated,HOBBIES_1_187_CA_2,187.2168448798543,177.187729815048,10.029115064806318,0.0,0.9088262266835788,0.9487179487179487,0.05128205128205128,2.2716375617313846,22.0
pp_quantile_calibrated,HOBBIES_1_190_TX_2,153.54730574185825,143.57897804252698,9.968327699331274,0.0,0.8187576781939768,0.9743589743589743,0.02564102564102564,1.840756128750346,11.0
pp_quantile_calibrated,HOBBIES_1_194_TX_3,790.4762536310129,693.1528934087148,97.32336022229809,0.0,0.8350451521655965,0.8589743589743589,0.14102564102564102,8.886575556521985,118.0
pp_quantile_calibrated,HOBBIES_1_200_CA_4,349.54993587510796,294.6873324607447,54.86260341436327,0.0,0.7805495863425469,0.8974358974358975,0.10256410256410256,3.7780427238557013,50.0
pp_quantile_calibrated,HOBBIES_1_209_CA_3,3952.413544972963,3340.1474044850233,612.2661404879395,0.0,0.7480386253136051,0.8076923076923077,0.19230769230769232,42.82240262160286,486.0
pp_quantile_calibrated,HOBBIES_1_212_CA_2,234.7385859535094,232.2241339994202,2.514451954089234,0.0,0.9161849348636922,0.9871794871794872,0.01282051282051282,2.9772324871720537,6.0
pp_quantile_calibrated,HOBBIES_1_232_WI_3,866.5519336167431,816.0370692948683,50.51486432187478,0.0,0.7895213986588551,0.9615384615384616,0.038461538461538464,10.462013708908568,48.0
pp_quantile_calibrated,HOBBIES_1_239_TX_1,241.80977544072357,218.92965067316476,22.88012476755882,0.0,0.7139984404055149,0.9358974358974359,0.0641025641025641,2.806790393245702,16.0
pp_quantile_calibrated,HOBBIES_1_240_CA_2,613.6581485127404,481.88516027964914,131.77298823309116,0.0,0.7441301199357453,0.7948717948717948,0.20512820512820512,6.178014875380117,103.0
pp_quantile_calibrated,HOBBIES_1_242_TX_3,483.530291229073,443.10620609311593,40.424085135957085,0.0,0.8119809993676413,0.9487179487179487,0.05128205128205128,5.680848796065589,43.0
pp_quantile_calibrated,HOBBIES_1_245_TX_1,104.62830494596471,94.97445623517667,9.65384871078804,0.0,0.8069230257842392,0.9615384615384616,0.038461538461538464,1.2176212337843164,10.0
pp_quantile_calibrated,HOBBIES_1_245_WI_1,313.87974201232487,283.14368059289603,30.736061419428857,0.0,0.8078996161285696,0.9230769230769231,0.07692307692307693,3.630047187088411,32.0
pp_quantile_calibrated,HOBBIES_1_252_TX_1,682.9482307599155,593.468908725407,89.47932203450847,0.0,0.6804309927338983,0.9102564102564102,0.08974358974358974,7.608575752889833,56.0
pp_quantile_calibrated,HOBBIES_1_257_CA_2,268.37169105942536,247.1234854399567,21.24820561946864,0.0,0.7763346776898038,0.9487179487179487,0.05128205128205128,3.1682498133327783,19.0
pp_quantile_calibrated,HOBBIES_1_261_WI_3,1441.7422038609607,1111.7504250132874,329.99177884767334,0.0,0.6312941018461751,0.9487179487179487,0.05128205128205128,14.253210577093428,179.0
pp_quantile_calibrated,HOBBIES_1_264_TX_2,286.0581074573975,261.65252438457117,24.405583072826353,0.0,0.8564377466304331,0.9230769230769231,0.07692307692307693,3.354519543391938,34.0
pp_quantile_calibrated,HOBBIES_1_267_CA_3,255.7406339704295,249.46972054533762,6.270913425091895,0.0,0.9104155224986873,0.9743589743589743,0.02564102564102564,3.1983297505812516,14.0
pp_quantile_calibrated,HOBBIES_1_267_WI_2,114.75764963168619,110.97640113490165,3.7812484967845394,0.0,0.8739583834405154,0.9743589743589743,0.02564102564102564,1.42277437352438,6.0
pp_quantile_calibrated,HOBBIES_1_277_CA_1,1030.0,1025.0,5.0,0.0,0.9411764705882353,0.9871794871794872,0.01282051282051282,13.14102564102564,17.0
pp_quantile_calibrated,HOBBIES_1_279_CA_4,392.8191289803899,352.353751911922,40.465377068467916,0.0,0.8443639343520465,0.9230769230769231,0.07692307692307693,4.51735579374259,52.0
pp_quantile_calibrated,HOBBIES_1_279_TX_3,425.9713314002624,388.614466881589,37.35686451867339,0.0,0.8947693957220468,0.8974358974358975,0.10256410256410256,4.982236754892167,71.0
pp_quantile_calibrated,HOBBIES_1_285_CA_4,180.20889188379428,180.20889188379428,0.0,0.0,1.0,1.0,0.0,2.3103704087665933,8.0
pp_quantile_calibrated,HOBBIES_1_287_WI_1,363.7777246608892,340.26593783580466,23.511786825084535,0.0,0.8762537535521866,0.9102564102564102,0.08974358974358974,4.362383818407752,38.0
pp_quantile_calibrated,HOBBIES_1_289_WI_1,412.8078478219853,321.1036611032063,91.704186718779,0.0,0.7041800428426483,0.8589743589743589,0.14102564102564102,4.116713603887261,62.0
pp_quantile_calibrated,HOBBIES_1_290_CA_4,247.59775137069212,247.59775137069212,0.0,0.0,1.0,1.0,0.0,3.174330145778104,3.0
pp_quantile_calibrated,HOBBIES_1_296_CA_1,314.6603666834217,266.89836964750316,47.761997035918554,0.0,0.7346555720226747,0.8846153846153846,0.11538461538461539,3.421773969839784,36.0
pp_quantile_calibrated,HOBBIES_1_297_CA_1,794.4116424482529,596.9998917226409,197.41175072561197,0.0,0.7756684650845319,0.782051282051282,0.21794871794871795,7.653844765674883,176.0
pp_quantile_calibrated,HOBBIES_1_306_CA_4,354.0489661790936,313.7598081988515,40.28915798024212,0.0,0.8126085675337574,0.9230769230769231,0.07692307692307693,4.022561643575019,43.0
pp_quantile_calibrated,HOBBIES_1_306_WI_3,168.95721070931862,165.3887417550604,3.5684689542582193,0.0,0.9580180123028446,0.9871794871794872,0.01282051282051282,2.120368484039236,17.0
pp_quantile_calibrated,HOBBIES_1_309_WI_1,201.62797684807924,166.41345320065147,35.21452364742778,0.0,0.5598184544071527,0.9230769230769231,0.07692307692307693,2.1335058102647624,16.0
pp_quantile_calibrated,HOBBIES_1_312_TX_3,624.5001747086995,571.3807120427872,53.11946266591231,0.0,0.854467225572843,0.8974358974358975,0.10256410256410256,7.325393744138298,73.0
pp_quantile_calibrated,HOBBIES_1_319_TX_1,1213.664342959897,1116.433232293656,97.2311106662413,0.0,0.855953910124087,0.8974358974358975,0.10256410256410256,14.313246567867383,135.0
pp_quantile_calibrated,HOBBIES_1_323_CA_3,760.0502444187739,543.7141271787401,216.33611724003381,0.0,0.6394398045999435,0.7564102564102564,0.24358974358974358,6.970693938188976,120.0
pp_quantile_calibrated,HOBBIES_1_328_TX_1,164.7794944356768,164.7794944356768,0.0,0.0,1.0,1.0,0.0,2.1125576209702155,7.0
pp_quantile_calibrated,HOBBIES_1_332_WI_1,510.6583186813492,426.2614663711183,84.39685231023093,0.0,0.723289008818915,0.8717948717948718,0.1282051282051282,5.464890594501516,61.0
pp_quantile_calibrated,HOBBIES_1_333_CA_2,393.61108348838434,309.7520433507868,83.85904013759756,0.0,0.7379404995700076,0.8333333333333334,0.16666666666666666,3.971180042958805,64.0
pp_quantile_calibrated,HOBBIES_1_333_TX_1,160.92587921634853,155.94158132692937,4.984297889419167,0.0,0.9287957444368692,0.9615384615384616,0.038461538461538464,1.9992510426529406,14.0
pp_quantile_calibrated,HOBBIES_1_334_TX_1,168.59967953998327,157.86119728787205,10.738482252111217,0.0,0.8047548681434324,0.9615384615384616,0.038461538461538464,2.023861503690667,11.0
pp_quantile_calibrated,HOBBIES_1_344_CA_3,558.9123249934894,495.07794290525266,63.83438208823668,0.0,0.8612296041560071,0.8846153846153846,0.11538461538461539,6.347153114169906,92.0
pp_quantile_calibrated,HOBBIES_1_346_CA_4,251.83063493685947,236.89368063924348,14.936954297615996,0.0,0.8427689021303579,0.9615384615384616,0.038461538461538464,3.0370984697338907,19.0
pp_quantile_calibrated,HOBBIES_1_348_CA_4,6121.045718185861,5483.819455095396,637.2262630904653,0.0,0.6921612255601618,0.8205128205128205,0.1794871794871795,70.30537762942815,414.0
pp_quantile_calibrated,HOBBIES_1_352_CA_2,591.964517125074,526.323669725704,65.6408473993701,0.0,0.8455509472955998,0.8717948717948718,0.1282051282051282,6.747739355457743,85.0
pp_quantile_calibrated,HOBBIES_1_361_CA_4,242.8994140436964,205.87977471800826,37.01963932568813,0.0,0.7532024044954125,0.8846153846153846,0.11538461538461539,2.639484291256516,30.0
pp_quantile_calibrated,HOBBIES_1_362_WI_2,198.6362375521253,198.6362375521253,0.0,0.0,1.0,1.0,0.0,2.5466184301554526,4.0
pp_quantile_calibrated,HOBBIES_1_367_TX_1,318.31444086420305,262.32492810531505,55.989512758888,0.0,0.784655720158123,0.8846153846153846,0.11538461538461539,3.3631401039142954,52.0
pp_quantile_calibrated,HOBBIES_1_368_CA_1,251.90567248722147,210.01854035777305,41.88713212944843,0.0,0.746138593154858,0.8974358974358975,0.10256410256410256,2.6925453892022184,33.0
pp_quantile_calibrated,HOBBIES_1_372_TX_1,443.60605765036416,387.25795650018176,56.34810115018243,0.0,0.8266212272302079,0.9102564102564102,0.08974358974358974,4.964845596156176,65.0
pp_quantile_calibrated,HOBBIES_1_373_TX_1,331.00097348683005,276.1700067722286,54.83096671460149,0.0,0.761604492545211,0.8461538461538461,0.15384615384615385,3.540641112464469,46.0
pp_quantile_calibrated,HOBBIES_1_374_WI_3,158.5049065865957,141.44375038692567,17.061156199670027,0.0,0.7992805152979997,0.9358974358974359,0.0641025641025641,1.8133814152169958,17.0
pp_quantile_calibrated,HOBBIES_1_375_WI_1,134.28943767009474,122.16811611912102,12.121321550973716,0.0,0.696966961225657,0.9615384615384616,0.038461538461538464,1.56625789896309,8.0
pp_quantile_calibrated,HOBBIES_1_380_CA_2,436.96794167706935,410.5164431451172,26.451498531952133,0.0,0.8040629738373916,0.9487179487179487,0.05128205128205128,5.263031322373298,27.0
pp_quantile_calibrated,HOBBIES_1_381_TX_2,2154.5844949341986,2003.4772890017728,151.1072059324258,0.0,0.9052619398542785,0.9102564102564102,0.08974358974358974,25.685606269253498,319.0
pp_quantile_calibrated,HOBBIES_1_385_CA_1,630.0,630.0,0.0,0.0,1.0,1.0,0.0,8.076923076923077,8.0
pp_quantile_calibrated,HOBBIES_1_386_CA_3,1248.0,1248.0,0.0,0.0,1.0,1.0,0.0,16.0,15.0
pp_quantile_calibrated,HOBBIES_1_386_WI_3,180.8400966373898,180.8400966373898,0.0,0.0,1.0,1.0,0.0,2.3184627774024333,6.0
pp_quantile_calibrated,HOBBIES_1_389_CA_3,165.54707928204618,156.22983052560235,9.317248756443824,0.0,0.9112642975576778,0.9871794871794872,0.01282051282051282,2.00294654520003,21.0
pp_quantile_calibrated,HOBBIES_1_390_TX_1,190.86310994670643,153.45537347922615,37.407736467480284,0.0,0.5012301804335962,0.9102564102564102,0.08974358974358974,1.967376583067002,15.0
pp_quantile_calibrated,HOBBIES_1_393_TX_2,141.3227899480196,136.79409823718026,4.528691710839321,0.0,0.9523295609385334,0.9615384615384616,0.038461538461538464,1.7537704902202598,19.0
pp_quantile_calibrated,HOBBIES_1_398_TX_3,558.2506787697172,528.9705213717098,29.28015739800742,0.0,0.827763780011721,0.9743589743589743,0.02564102564102564,6.781673350919356,34.0
pp_quantile_calibrated,HOBBIES_1_399_TX_3,497.9701391878432,497.9701391878432,0.0,0.0,1.0,1.0,0.0,6.384232553690297,5.0
pp_quantile_calibrated,HOBBIES_1_400_CA_3,1081.8201820820184,991.7651741295804,90.05500795243812,0.0,0.7953295273808226,0.9230769230769231,0.07692307692307693,12.714938129866415,88.0
pp_quantile_calibrated,HOBBIES_1_405_TX_3,180.68124933805822,174.27546298340584,6.40578635465237,0.0,0.8576491921188363,0.9743589743589743,0.02564102564102564,2.234300807479562,9.0
pp_quantile_calibrated,HOBBIES_1_406_CA_1,247.51767689761328,247.51767689761328,0.0,0.0,1.0,1.0,0.0,3.173303549969401,7.0
pp_quantile_calibrated,HOBBIES_1_410_TX_1,163.30816719453384,163.30816719453384,0.0,0.0,1.0,1.0,0.0,2.0936944512119724,5.0
pp_quantile_calibrated,HOBBIES_1_415_CA_1,410.2517798017757,314.671677293013,95.5801025087627,0.0,0.696571103146785,0.8205128205128205,0.1794871794871795,4.034252272987346,63.0
pp_quantile_calibrated,HOBBIES_1_418_TX_1,293.007743266849,279.4062071379539,13.601536128895066,0.0,0.8399819278953522,0.9743589743589743,0.02564102564102564,3.582130860742999,17.0
pp_quantile_calibrated,HOBBIES_1_419_CA_4,176.27458350806535,176.27458350806535,0.0,0.0,1.0,1.0,0.0,2.2599305577957094,5.0
pp_quantile_calibrated,HOBBIES_2_007_TX_3,447.6117172398901,430.00926551780594,17.60245172208416,0.0,0.8786037812270058,0.9615384615384616,0.038461538461538464,5.5129393015103325,29.0
pp_quantile_calibrated,HOBBIES_2_008_WI_3,326.0691018678783,306.2228953130154,19.846206554862945,0.0,0.7910925625803901,0.9487179487179487,0.05128205128205128,3.925934555295069,19.0
pp_quantile_calibrated,HOBBIES_2_009_WI_2,171.74892076109552,170.3583256565886,1.3905951045069331,0.0,0.960268711299802,0.9871794871794872,0.01282051282051282,2.1840810981613923,7.0
pp_quantile_calibrated,HOBBIES_2_012_TX_2,200.28124484732191,193.90129415061074,6.379950696711177,0.0,0.8840008964234332,0.9615384615384616,0.038461538461538464,2.4859140275719325,11.0
pp_quantile_calibrated,HOBBIES_2_014_WI_1,173.93054838770493,166.46442325417874,7.466125133526187,0.0,0.8755645811078968,0.9871794871794872,0.01282051282051282,2.134159272489471,12.0
pp_quantile_calibrated,HOBBIES_2_018_CA_2,231.98682871402858,224.97539857500414,7.011430139024446,0.0,0.9261954722207952,0.9487179487179487,0.05128205128205128,2.8842999817308224,19.0
pp_quantile_calibrated,HOBBIES_2_030_TX_2,148.01864144408884,133.5631815677096,14.455459876379258,0.0,0.7371734567931043,0.9487179487179487,0.05128205128205128,1.7123484816373025,11.0
pp_quantile_calibrated,HOBBIES_2_030_WI_2,78.0,78.0,0.0,0.0,1.0,1.0,0.0,1.0,0.0
pp_quantile_calibrated,HOBBIES_2_031_CA_2,361.8528407630703,341.1484687542769,20.704372008793364,0.0,0.8407355999323587,0.9615384615384616,0.038461538461538464,4.373698317362525,26.0
pp_quantile_calibrated,HOBBIES_2_035_CA_2,296.6276051061735,291.53501008612784,5.092595020045665,0.0,0.9074073632718971,0.9871794871794872,0.01282051282051282,3.7376283344375363,11.0
pp_quantile_calibrated,HOBBIES_2_038_CA_2,266.84839168657084,233.954051091167,32.894340595403804,0.0,0.746966610804586,0.9358974358974359,0.0641025641025641,2.999410911425218,26.0
pp_quantile_calibrated,HOBBIES_2_040_TX_1,376.5753906046405,376.16783983988176,0.40755076475873064,0.0,0.9883556924354648,0.9871794871794872,0.01282051282051282,4.822664613331818,7.0
pp_quantile_calibrated,HOBBIES_2_041_TX_2,367.21908462886324,275.73116717516297,91.48791745370028,0.0,0.6265799287604071,0.8717948717948718,0.1282051282051282,3.5350149637841404,49.0
pp_quantile_calibrated,HOBBIES_2_042_TX_2,602.4349651309478,591.4293424917582,11.00562263918965,0.0,0.9266291824054024,0.9743589743589743,0.02564102564102564,7.582427467843054,30.0
pp_quantile_calibrated,HOBBIES_2_045_CA_4,189.38312245361465,185.24197277530803,4.14114967830661,0.0,0.936290004949129,0.9743589743589743,0.02564102564102564,2.3748970868629233,13.0
pp_quantile_calibrated,HOBBIES_2_050_WI_2,107.64861695544226,107.64861695544226,0.0,0.0,1.0,1.0,0.0,1.3801104737877214,9.0
pp_quantile_calibrated,HOBBIES_2_056_WI_3,193.50286322943765,193.50286322943765,0.0,0.0,1.0,1.0,0.0,2.480805938838944,3.0
pp_quantile_calibrated,HOBBIES_2_061_TX_3,170.55659744232165,147.06295071620247,23.493646726119177,0.0,0.5728427867978332,0.9487179487179487,0.05128205128205128,1.8854224450795187,11.0
pp_quantile_calibrated,HOBBIES_2_072_TX_2,215.0,210.0,5.0,0.0,0.8333333333333334,0.9871794871794872,0.01282051282051282,2.6923076923076925,6.0
pp_quantile_calibrated,HOBBIES_2_074_CA_1,174.3307557174444,174.3307557174444,0.0,0.0,1.0,1.0,0.0,2.2350096886851847,7.0
pp_quantile_calibrated,HOBBIES_2_074_CA_3,219.45833991674243,209.45833991674243,10.0,0.0,0.8,0.9743589743589743,0.02564102564102564,2.6853633322659287,10.0
pp_quantile_calibrated,HOBBIES_2_076_TX_3,631.4457968642585,522.2006058446769,109.24519101958154,0.0,0.46709662917277306,0.8589743589743589,0.14102564102564102,6.694879562111243,41.0
pp_quantile_calibrated,HOBBIES_2_076_WI_1,451.8781640769894,412.77072190529447,39.10744217169494,0.0,0.5883427139821585,0.9102564102564102,0.08974358974358974,5.29193233211916,19.0
pp_quantile_calibrated,HOBBIES_2_077_WI_1,156.0,156.0,0.0,0.0,1.0,1.0,0.0,2.0,0.0
pp_quantile_calibrated,HOBBIES_2_081_WI_3,635.7960548667539,635.7960548667539,0.0,0.0,1.0,1.0,0.0,8.151231472650691,10.0
pp_quantile_calibrated,HOBBIES_2_083_CA_1,648.6581297179171,648.6581297179171,0.0,0.0,1.0,1.0,0.0,8.316129868178423,7.0
pp_quantile_calibrated,HOBBIES_2_084_WI_3,124.58759973739693,123.23624423660009,1.3513555007968447,0.0,0.9729728899840631,0.9871794871794872,0.01282051282051282,1.5799518491871807,10.0
pp_quantile_calibrated,HOBBIES_2_086_CA_4,198.73401844408886,198.73401844408886,0.0,0.0,1.0,1.0,0.0,2.5478720313344727,3.0
pp_quantile_calibrated,HOBBIES_2_103_TX_1,238.50580235692797,199.47143375162744,39.034368605300514,0.0,0.7945559547089447,0.8974358974358975,0.10256410256410256,2.5573260737388135,38.0
pp_quantile_calibrated,HOBBIES_2_107_WI_3,574.5999999999997,574.5999999999997,0.0,0.0,1.0,1.0,0.0,7.366666666666663,4.0
pp_quantile_calibrated,HOBBIES_2_114_CA_4,166.47219921078477,161.37291374243603,5.099285468348727,0.0,0.886682545147806,0.9871794871794872,0.01282051282051282,2.0688835095184106,9.0
pp_quantile_calibrated,HOBBIES_2_115_TX_1,468.37733255691194,385.6916529387895,82.68567961812245,0.0,0.7046940013638484,0.8974358974358975,0.10256410256410256,4.9447647812665325,56.0
pp_quantile_calibrated,HOBBIES_2_116_CA_1,321.23052462027414,305.0080470193044,16.22247760096972,0.0,0.8525229309002753,0.9487179487179487,0.05128205128205128,3.9103595771705693,22.0
pp_quantile_calibrated,HOBBIES_2_116_CA_2,320.44814364581373,290.28613489726,30.162008748553713,0.0,0.7765777129736762,0.9487179487179487,0.05128205128205128,3.721617114067436,27.0
pp_quantile_calibrated,HOBBIES_2_117_TX_1,485.5091197434175,475.99361389907074,9.515505844346741,0.0,0.938609639713892,0.9615384615384616,0.038461538461538464,6.102482229475266,31.0
pp_quantile_calibrated,HOBBIES_2_118_WI_2,234.0,234.0,0.0,0.0,1.0,1.0,0.0,3.0,0.0
pp_quantile_calibrated,HOBBIES_2_122_CA_2,569.6362422632303,569.6362422632303,0.0,0.0,1.0,1.0,0.0,7.3030287469644914,10.0
pp_quantile_calibrated,HOBBIES_2_122_TX_1,541.8049529820056,526.273409539604,15.531543442401631,0.0,0.8649431005008554,0.9487179487179487,0.05128205128205128,6.747094994097488,23.0
pp_quantile_calibrated,HOBBIES_2_123_TX_1,242.39346941320008,234.2253772111704,8.168092202029666,0.0,0.8978988474746292,0.9743589743589743,0.02564102564102564,3.0028894514252618,16.0
pp_quantile_calibrated,HOBBIES_2_124_TX_3,1657.1999999999955,1467.6999999999953,189.50000000000017,0.0,0.3887096774193543,0.9487179487179487,0.05128205128205128,18.816666666666606,62.0
pp_quantile_calibrated,HOBBIES_2_128_TX_1,207.42852179091398,193.63653212104794,13.791989669866027,0.0,0.7241602066026795,0.9743589743589743,0.02564102564102564,2.4825196425775378,10.0
pp_quantile_calibrated,HOBBIES_2_129_WI_1,932.9631537820404,932.9631537820404,0.0,0.0,1.0,1.0,0.0,11.961066074128723,24.0
pp_quantile_calibrated,HOBBIES_2_132_CA_1,576.3135143909636,542.8587159270796,33.45479846388405,0.0,0.8760933390226516,0.9487179487179487,0.05128205128205128,6.959727127270251,54.0
pp_quantile_calibrated,HOBBIES_2_133_CA_3,568.1596277547718,550.8571524331866,17.302475321585284,0.0,0.8846501645227648,0.9487179487179487,0.05128205128205128,7.062271185040854,30.0
pp_quantile_calibrated,HOBBIES_2_134_TX_3,475.6388128588013,471.7438112077281,3.8950016510732244,0.0,0.9220999669785355,0.9871794871794872,0.01282051282051282,6.047997579586258,10.0
pp_quantile_calibrated,HOBBIES_2_137_CA_2,481.50132290643154,481.50132290643154,0.0,0.0,1.0,1.0,0.0,6.173093883415789,0.0
pp_quantile_calibrated,HOBBIES_2_144_WI_1,258.4261748736711,258.4261748736711,0.0,0.0,1.0,1.0,0.0,3.3131560881239883,10.0
pp_quantile_calibrated,HOUSEHOLD_1_005_CA_4,384.0535181620493,281.2050135022307,102.84850465981859,0.0,0.6682306301296174,0.8076923076923077,0.19230769230769232,3.6051924807978297,62.0
pp_quantile_calibrated,HOUSEHOLD_1_006_CA_4,436.26740044575274,400.4326453381784,35.83475510757434,0.0,0.8621740188170219,0.9615384615384616,0.038461538461538464,5.13375186330998,52.0
pp_quantile_calibrated,HOUSEHOLD_1_006_WI_2,390.4075757495148,350.82337076222694,39.58420498728786,0.0,0.8158874186637775,0.9102564102564102,0.08974358974358974,4.497735522592653,43.0
pp_quantile_calibrated,HOUSEHOLD_1_008_WI_3,186.12297044092605,142.95554973407,43.16742070685606,0.0,0.6546606343451515,0.8461538461538461,0.15384615384615385,1.8327634581291024,25.0
pp_quantile_calibrated,HOUSEHOLD_1_010_CA_2,1230.085293417328,1196.869271632932,33.216021784396226,0.0,0.8977968560480116,0.9358974358974359,0.0641025641025641,15.344477841447846,65.0
pp_quantile_calibrated,HOUSEHOLD_1_013_CA_3,713.6589119731688,643.7407875235244,69.9181244496443,0.0,0.8834697925839261,0.9230769230769231,0.07692307692307693,8.253087019532364,120.0
pp_quantile_calibrated,HOUSEHOLD_1_014_CA_2,1028.360056543248,961.4208929631653,66.93916358008255,0.0,0.892897338271868,0.9615384615384616,0.038461538461538464,12.325908884143145,125.0
pp_quantile_calibrated,HOUSEHOLD_1_014_WI_3,346.9765134205713,326.0181661718799,20.958347248691368,0.0,0.8835647375072702,0.9615384615384616,0.038461538461538464,4.179720079126666,36.0
pp_quantile_calibrated,HOUSEHOLD_1_015_WI_2,751.0,751.0,0.0,0.0,1.0,1.0,0.0,9.628205128205128,1.0
pp_quantile_calibrated,HOUSEHOLD_1_020_WI_1,486.89908623400174,425.0803451631716,61.818741070830136,0.0,0.8282812748032495,0.8717948717948718,0.1282051282051282,5.449748014912457,72.0
pp_quantile_calibrated,HOUSEHOLD_1_021_WI_2,834.5833417164379,442.7065456115176,391.87679610492034,0.0,0.5763494096163023,0.6923076923076923,0.3076923076923077,5.675724943737405,185.0
pp_quantile_calibrated,HOUSEHOLD_1_024_CA_2,770.0124354388639,691.5718277131475,78.44060772571643,0.0,0.8217258915324627,0.8717948717948718,0.1282051282051282,8.866305483501892,88.0
pp_quantile_calibrated,HOUSEHOLD_1_026_CA_2,1104.9083072028664,774.0712033038503,330.83710389901603,0.0,0.5340322480295548,0.7435897435897436,0.2564102564102564,9.9239897859468,142.0
pp_quantile_calibrated,HOUSEHOLD_1_029_CA_2,865.1976232549769,715.5212082940965,149.67641496088038,0.0,0.7441428804087515,0.7948717948717948,0.20512820512820512,9.173348824283288,117.0
pp_quantile_calibrated,HOUSEHOLD_1_032_WI_1,480.25327442062644,428.3705909515452,51.88268346908126,0.0,0.8179554965997149,0.9230769230769231,0.07692307692307693,5.491930653224938,57.0
pp_quantile_calibrated,HOUSEHOLD_1_033_TX_2,994.6505111151267,903.6439187031676,91.00659241195913,0.0,0.8345334683418925,0.9230769230769231,0.07692307692307693,11.585178444912405,110.0
pp_quantile_calibrated,HOUSEHOLD_1_034_WI_1,393.2269060675596,380.5439629489936,12.682943118565934,0.0,0.8590784097937119,0.9615384615384616,0.038461538461538464,4.878768755756329,18.0
pp_quantile_calibrated,HOUSEHOLD_1_043_CA_3,553.6194422531663,471.62068815598343,81.99875409718284,0.0,0.8177805464507049,0.8846153846153846,0.11538461538461539,6.046419078922865,90.0
pp_quantile_calibrated,HOUSEHOLD_1_049_CA_1,2340.0,2340.0,0.0,0.0,1.0,1.0,0.0,30.0,0.0
pp_quantile_calibrated,HOUSEHOLD_1_049_WI_1,468.0,468.0,0.0,0.0,1.0,1.0,0.0,6.0,0.0
pp_quantile_calibrated,HOUSEHOLD_1_051_WI_1,1517.3819799067846,1327.4498850571504,189.93209484963432,0.0,0.8561120493563377,0.8333333333333334,0.16666666666666666,17.018588269963466,264.0
pp_quantile_calibrated,HOUSEHOLD_1_058_CA_3,1238.7209557575202,1157.1392967524987,81.58165900502141,0.0,0.9271592330312309,0.8846153846153846,0.11538461538461539,14.835119189134598,224.0
pp_quantile_calibrated,HOUSEHOLD_1_068_TX_1,207.8393519396514,196.59886268338926,11.240489256262165,0.0,0.7502113498608407,0.9615384615384616,0.038461538461538464,2.5204982395306317,9.0
pp_quantile_calibrated,HOUSEHOLD_1_071_CA_1,1776.2509655660197,1398.9758878284008,377.27507773761874,0.0,0.785639160376353,0.782051282051282,0.21794871794871795,17.935588305492317,352.0
pp_quantile_calibrated,HOUSEHOLD_1_071_TX_2,1672.8704038750082,1239.7865366834237,433.0838671915845,0.0,0.7406683429990512,0.7564102564102564,0.24358974358974358,15.894699188249023,334.0
pp_quantile_calibrated,HOUSEHOLD_1_079_WI_1,718.3888589234118,531.5041638881842,186.8846950352277,0.0,0.6632708197563464,0.7948717948717948,0.20512820512820512,6.814155947284412,111.0
pp_quantile_calibrated,HOUSEHOLD_1_080_WI_1,333.80024112706053,312.80192322313127,20.99831790392927,0.0,0.8320134567685659,0.9487179487179487,0.05128205128205128,4.010281066963222,25.0
pp_quantile_calibrated,HOUSEHOLD_1_080_WI_2,439.49529543338275,418.8460376894277,20.649257743955065,0.0,0.9082255211379776,0.9615384615384616,0.038461538461538464,5.369820996018304,45.0
pp_quantile_calibrated,HOUSEHOLD_1_083_TX_1,2732.4186294706788,2195.7306487452934,536.6879807253852,0.0,0.7903562575291464,0.7307692307692307,0.2692307692307692,28.150392932631966,512.0
pp_quantile_calibrated,HOUSEHOLD_1_083_WI_3,3946.862099858761,3321.7281332423468,625.1339666164143,0.0,0.8052542160073476,0.8205128205128205,0.1794871794871795,42.58625811849163,642.0
pp_quantile_calibrated,HOUSEHOLD_1_088_TX_3,432.18973068548615,397.8850989668009,34.304631718685236,0.0,0.8910964072422691,0.9358974358974359,0.0641025641025641,5.101091012394884,63.0
pp_quantile_calibrated,HOUSEHOLD_1_091_WI_3,210.69906415019017,199.2279467932981,11.471117356892089,0.0,0.8470517685747722,0.9487179487179487,0.05128205128205128,2.5542044460679243,15.0
pp_quantile_calibrated,HOUSEHOLD_1_093_CA_2,665.7231516749332,566.7919040069235,98.93124766800977,0.0,0.8021375046639804,0.8717948717948718,0.1282051282051282,7.266562871883634,100.0
pp_quantile_calibrated,HOUSEHOLD_1_095_TX_2,172.49709213243034,158.05996646643155,14.437125665998801,0.0,0.7778903743692491,0.9487179487179487,0.05128205128205128,2.026409826492712,13.0
pp_quantile_calibrated,HOUSEHOLD_1_095_TX_3,141.43327323550866,132.4130135812301,9.020259654278554,0.0,0.8612267745495608,0.9615384615384616,0.038461538461538464,1.6976027382208987,13.0
pp_quantile_calibrated,HOUSEHOLD_1_096_WI_2,3772.2993238052204,2741.500066604787,1030.799257200433,0.0,0.7516146368191727,0.717948717948718,0.28205128205128205,35.14743675134343,830.0
pp_quantile_calibrated,HOUSEHOLD_1_098_CA_4,155.60130353297023,143.05911550275397,12.54218803021626,0.0,0.807043261073596,0.9487179487179487,0.05128205128205128,1.8340912243942817,13.0
pp_quantile_calibrated,HOUSEHOLD_1_102_WI_3,804.7404463350631,634.3487565529178,170.39168978214522,0.0,0.6625907133026828,0.8205128205128205,0.1794871794871795,8.13267636606305,101.0
pp_quantile_calibrated,HOUSEHOLD_1_106_TX_3,2982.612738531794,2124.0258960058272,858.5868425259671,0.0,0.718033877659781,0.7307692307692307,0.2692307692307692,27.23110123084394,609.0
pp_quantile_calibrated,HOUSEHOLD_1_119_TX_2,1067.2789392281766,998.516648126059,68.7622911021176,0.0,0.9191031869386853,0.9230769230769231,0.07692307692307693,12.801495488795627,170.0
pp_quantile_calibrated,HOUSEHOLD_1_120_CA_2,422.76912213728997,386.2369660335203,36.532156103769694,0.0,0.7912448222641731,0.9102564102564102,0.08974358974358974,4.951755974788721,35.0
pp_quantile_calibrated,HOUSEHOLD_1_127_WI_1,329.4617218570198,287.5325423024195,41.92917955460038,0.0,0.7604046882594263,0.8974358974358975,0.10256410256410256,3.6863146449028137,35.0
pp_quantile_calibrated,HOUSEHOLD_1_128_WI_2,1134.3869307510058,960.0297616898013,174.35716906120444,0.0,0.8018668533395403,0.8205128205128205,0.1794871794871795,12.308073867817965,176.0
pp_quantile_calibrated,HOUSEHOLD_1_131_CA_1,532.6226577203638,461.00862225533285,71.6140354650309,0.0,0.7395853255817059,0.8589743589743589,0.14102564102564102,5.910366951991447,55.0
pp_quantile_calibrated,HOUSEHOLD_1_131_TX_1,697.6713973041406,624.0581744890629,73.61322281507763,0.0,0.7802590363729025,0.8846153846153846,0.11538461538461539,8.000745826782858,67.0
pp_quantile_calibrated,HOUSEHOLD_1_136_WI_3,795.1264951697501,794.5045883227381,0.6219068470119993,0.0,0.9990505238976917,0.9743589743589743,0.02564102564102564,10.185956260547924,131.0
pp_quantile_calibrated,HOUSEHOLD_1_145_CA_2,1397.4076543253968,1251.9101878968102,145.49746642858656,0.0,0.8751094708767497,0.8461538461538461,0.15384615384615385,16.05013061406167,233.0
pp_quantile_calibrated,HOUSEHOLD_1_155_WI_3,287.09485028712203,227.073445060641,60.021405226481,0.0,0.6469329104324646,0.9102564102564102,0.08974358974358974,2.9111980135979616,34.0
pp_quantile_calibrated,HOUSEHOLD_1_157_WI_1,475.7753640305842,475.7753640305842,0.0,0.0,1.0,1.0,0.0,6.099684154238259,23.0
pp_quantile_calibrated,HOUSEHOLD_1_158_CA_3,545.940710949699,464.4286677641596,81.51204318553935,0.0,0.7796971805796233,0.8717948717948718,0.1282051282051282,5.9542136892840976,74.0
pp_quantile_calibrated,HOUSEHOLD_1_160_WI_2,890.0551408863106,737.4996650947588,152.55547579155177,0.0,0.757848451124521,0.8205128205128205,0.1794871794871795,9.455123911471267,126.0
pp_quantile_calibrated,HOUSEHOLD_1_161_CA_2,448.4475540864782,403.12657563282664,45.32097845365155,0.0,0.8741083931843012,0.9230769230769231,0.07692307692307693,5.168289431190085,72.0
pp_quantile_calibrated,HOUSEHOLD_1_162_TX_1,1247.1989287067743,1232.8559950429726,14.342933663801638,0.0,0.9245108754536756,0.9743589743589743,0.02564102564102564,15.805846090294521,38.0
pp_quantile_calibrated,HOUSEHOLD_1_163_CA_1,282.36329189963465,273.2266053952708,9.136686504363883,0.0,0.916939213596692,0.9743589743589743,0.02564102564102564,3.5029051973752665,22.0
pp_quantile_calibrated,HOUSEHOLD_1_165_CA_1,304.16545589906406,275.74012972001094,28.42532617905313,0.0,0.8578733691047343,0.9487179487179487,0.05128205128205128,3.5351298682052685,40.0
pp_quantile_calibrated,HOUSEHOLD_1_165_TX_1,731.3308149604547,712.9464975234595,18.384317436995303,0.0,0.9522485261376745,0.9615384615384616,0.038461538461538464,9.140339711839223,77.0
pp_quantile_calibrated,HOUSEHOLD_1_167_WI_1,435.1608624532659,404.3048822497011,30.85598020356482,0.0,0.8071501237277199,0.9230769230769231,0.07692307692307693,5.183395926278219,32.0
pp_quantile_calibrated,HOUSEHOLD_1_175_TX_2,654.2245192182997,538.1808620833691,116.04365713493058,0.0,0.8268005117389097,0.8846153846153846,0.11538461538461539,6.899754642094476,134.0
pp_quantile_calibrated,HOUSEHOLD_1_175_WI_3,297.2544116985013,275.3829687121153,21.87144298638601,0.0,0.8674458000825089,0.9358974358974359,0.0641025641025641,3.5305508809245554,33.0
pp_quantile_calibrated,HOUSEHOLD_1_185_WI_3,473.2382222380969,348.7768275596571,124.46139467843983,0.0,0.7264584732341981,0.8333333333333334,0.16666666666666666,4.4714977892263725,91.0
pp_quantile_calibrated,HOUSEHOLD_1_186_WI_2,1889.268492746894,1368.5768125276943,520.6916802191996,0.0,0.7484581254979713,0.7051282051282052,0.2948717948717949,17.545856570867876,414.0
pp_quantile_calibrated,HOUSEHOLD_1_188_TX_2,456.3334111511969,433.66737576338755,22.66603538780938,0.0,0.9128229408161178,0.9615384615384616,0.038461538461538464,5.559838150812661,52.0
pp_quantile_calibrated,HOUSEHOLD_1_190_WI_3,481.89304720123357,441.71719683443746,40.17585036679614,0.0,0.8782549988884966,0.9230769230769231,0.07692307692307693,5.663040985056891,66.0
pp_quantile_calibrated,HOUSEHOLD_1_191_TX_3,1648.6057822534583,1583.4976947688701,65.10808748458822,0.0,0.8485858430590972,0.9358974358974359,0.0641025641025641,20.301252497036796,86.0
pp_quantile_calibrated,HOUSEHOLD_1_194_CA_1,423.03746879568513,423.03746879568513,0.0,0.0,1.0,1.0,0.0,5.423557292252373,35.0
pp_quantile_calibrated,HOUSEHOLD_1_195_CA_2,384.8927540394452,368.3902086199111,16.50254541953408,0.0,0.893531965035264,0.9743589743589743,0.02564102564102564,4.722951392562963,31.0
pp_quantile_calibrated,HOUSEHOLD_1_201_TX_2,704.2956752663838,704.2956752663838,0.0,0.0,1.0,1.0,0.0,9.029431734184408,23.0
pp_quantile_calibrated,HOUSEHOLD_1_205_WI_3,578.8298095080174,563.091913877829,15.737895630188365,0.0,0.9437932298921845,0.9743589743589743,0.02564102564102564,7.219127100997808,56.0
pp_quantile_calibrated,HOUSEHOLD_1_206_CA_4,425.7441019410967,425.7441019410967,0.0,0.0,1.0,1.0,0.0,5.458257717193547,8.0
pp_quantile_calibrated,HOUSEHOLD_1_207_TX_1,325.55931878021147,307.3362223506,18.223096429611452,0.0,0.8698350255027754,0.9487179487179487,0.05128205128205128,3.940207978853846,28.0
pp_quantile_calibrated,HOUSEHOLD_1_208_WI_3,1080.207112732254,973.3624666132564,106.8446461189977,0.0,0.8630196844628235,0.9102564102564102,0.08974358974358974,12.479005982221237,156.0
pp_quantile_calibrated,HOUSEHOLD_1_211_TX_2,334.43494238416673,301.4797957482189,32.95514663594783,0.0,0.8654891974042945,0.9487179487179487,0.05128205128205128,3.865125586515627,49.0
pp_quantile_calibrated,HOUSEHOLD_1_212_WI_2,689.9227151471947,610.8111111299382,79.1116040172565,0.0,0.8385477469035582,0.8846153846153846,0.11538461538461539,7.830911681153054,98.0
pp_quantile_calibrated,HOUSEHOLD_1_216_TX_1,122.48141368596926,122.4738827582608,0.007530927708454538,0.0,0.9998326460509231,0.9871794871794872,0.01282051282051282,1.5701779840802668,9.0
pp_quantile_calibrated,HOUSEHOLD_1_217_WI_3,643.9875633849688,586.8860300449857,57.101533339983135,0.0,0.8590085596543626,0.9102564102564102,0.08974358974358974,7.524179872371611,81.0
pp_quantile_calibrated,HOUSEHOLD_1_218_CA_1,672.7425104430234,605.9982872417536,66.74422320126982,0.0,0.8196102075641357,0.8974358974358975,0.10256410256410256,7.769208810791713,74.0
pp_quantile_calibrated,HOUSEHOLD_1_219_TX_3,280.006388116959,228.55982304474864,51.446565072210355,0.0,0.8194857365887356,0.8846153846153846,0.11538461538461539,2.9302541415993417,57.0
pp_quantile_calibrated,HOUSEHOLD_1_220_TX_3,653.8443274572682,574.618313710282,79.22601374698613,0.0,0.855952702278207,0.8846153846153846,0.11538461538461539,7.366901457824128,110.0
pp_quantile_calibrated,HOUSEHOLD_1_221_CA_2,499.8776663893789,404.0264643159275,95.85120207345139,0.0,0.7409426970987799,0.8589743589743589,0.14102564102564102,5.179826465588814,74.0
pp_quantile_calibrated,HOUSEHOLD_1_224_WI_2,533.1638877954731,469.419211625845,63.74467616962811,0.0,0.8038625348626828,0.8717948717948718,0.1282051282051282,6.018195020844167,65.0
pp_quantile_calibrated,HOUSEHOLD_1_225_CA_4,544.388782664679,484.9415490258231,59.447233638855785,0.0,0.7950095391763593,0.9102564102564102,0.08974358974358974,6.217199346484912,58.0
pp_quantile_calibrated,HOUSEHOLD_1_225_TX_2,1275.8839280916895,1118.1195294531747,157.76439863851482,0.0,0.8437976251103814,0.8333333333333334,0.16666666666666666,14.334865762220188,202.0
pp_quantile_calibrated,HOUSEHOLD_1_230_TX_3,326.63477011568864,296.7566435518826,29.878126563806056,0.0,0.6680208159577105,0.9487179487179487,0.05128205128205128,3.804572353229264,18.0
pp_quantile_calibrated,HOUSEHOLD_1_238_CA_3,899.4755332240553,713.002068751507,186.4734644725484,0.0,0.8005631396015526,0.7948717948717948,0.20512820512820512,9.14105216348086,187.0
pp_quantile_calibrated,HOUSEHOLD_1_244_CA_3,848.5973058462007,678.7412724090078,169.85603343719293,0.0,0.7808309245971704,0.8589743589743589,0.14102564102564102,8.70181118473087,155.0
pp_quantile_calibrated,HOUSEHOLD_1_246_CA_2,2830.642963967652,2485.521913187463,345.12105078018925,0.0,0.8627749301072807,0.8333333333333334,0.16666666666666666,31.86566555368542,503.0
pp_quantile_calibrated,HOUSEHOLD_1_248_CA_4,280.69361549819064,252.64750088349197,28.04611461469866,0.0,0.8300235477897051,0.9230769230769231,0.07692307692307693,3.239070524147333,33.0
pp_quantile_calibrated,HOUSEHOLD_1_249_WI_3,295.5591974548869,274.5455327786892,21.01366467619765,0.0,0.8949316766190117,0.9358974358974359,0.0641025641025641,3.519814522803708,40.0
pp_quantile_calibrated,HOUSEHOLD_1_264_TX_3,250.11095235919214,239.45256554593354,10.658386813258609,0.0,0.9073183755368817,0.9615384615384616,0.038461538461538464,3.0699046864863275,23.0
pp_quantile_calibrated,HOUSEHOLD_1_265_CA_3,351.9943660233728,301.88755367388313,50.10681234948965,0.0,0.803502696668668,0.8974358974358975,0.10256410256410256,3.870353252229271,51.0
pp_quantile_calibrated,HOUSEHOLD_1_272_CA_3,13183.0,13183.0,0.0,0.0,1.0,1.0,0.0,169.01282051282053,186.0
pp_quantile_calibrated,HOUSEHOLD_1_298_TX_3,691.820821452718,667.9549191250692,23.86590232764881,0.0,0.8743899877492168,0.9358974358974359,0.0641025641025641,8.563524604167554,38.0
pp_quantile_calibrated,HOUSEHOLD_1_304_CA_3,3292.8079211934737,2336.473887704341,956.3340334891329,0.0,0.7609164916277169,0.7564102564102564,0.24358974358974358,29.954793432106936,800.0
pp_quantile_calibrated,HOUSEHOLD_1_304_CA_4,683.0641900697711,494.72689773404016,188.33729233573098,0.0,0.7488836102190253,0.7307692307692307,0.2692307692307692,6.342652535051797,150.0
pp_quantile_calibrated,HOUSEHOLD_1_309_TX_2,365.10175333706025,337.34718478286686,27.75456855419337,0.0,0.7224543144580664,0.9615384615384616,0.038461538461538464,4.324963907472652,20.0
pp_quantile_calibrated,HOUSEHOLD_1_314_TX_3,416.21037464188504,383.27899138956343,32.9313832523216,0.0,0.8780319138802902,0.9102564102564102,0.08974358974358974,4.913833222943121,54.0
pp_quantile_calibrated,HOUSEHOLD_1_317_CA_1,855.8793877046169,791.5993421323312,64.28004557228567,0.0,0.8714399088554287,0.8974358974358975,0.10256410256410256,10.148709514517067,100.0
pp_quantile_calibrated,HOUSEHOLD_1_317_TX_3,644.207839590279,624.9044826287433,19.303356961535805,0.0,0.9387195017094101,0.9743589743589743,0.02564102564102564,8.011595931137734,63.0
pp_quantile_calibrated,HOUSEHOLD_1_320_WI_3,337.80405387110716,299.38094286218404,38.42311100892312,0.0,0.7598555561942305,0.9230769230769231,0.07692307692307693,3.838217216181847,32.0
pp_quantile_calibrated,HOUSEHOLD_1_332_WI_3,61.95442505806635,39.93462062726525,22.0198044308011,0.0,0.11920782276795608,0.9487179487179487,0.05128205128205128,0.5119823157341699,5.0
pp_quantile_calibrated,HOUSEHOLD_1_333_WI_2,317.3664453204852,276.59840323335203,40.76804208713316,0.0,0.8146907177857584,0.8846153846153846,0.11538461538461539,3.5461333747865647,44.0
pp_quantile_calibrated,HOUSEHOLD_1_338_WI_1,473.52474591508155,423.53394580938783,49.99080010569375,0.0,0.8701537659592371,0.8717948717948718,0.1282051282051282,5.429922382171639,77.0
pp_quantile_calibrated,HOUSEHOLD_1_342_TX_2,532.4976897165141,443.88169298288807,88.61599673362599,0.0,0.7572164473051343,0.8333333333333334,0.16666666666666666,5.690790935678052,73.0
pp_quantile_calibrated,HOUSEHOLD_1_344_CA_1,521.691558457695,516.4888000228207,5.202758434874317,0.0,0.9768766291783363,0.9871794871794872,0.01282051282051282,6.621651282343855,45.0
pp_quantile_calibrated,HOUSEHOLD_1_344_TX_1,1499.8825618426986,1172.3788675344451,327.5036943082534,0.0,0.7709764375466759,0.7692307692307693,0.23076923076923078,15.030498301723656,286.0
pp_quantile_calibrated,HOUSEHOLD_1_349_TX_2,719.6069322355222,675.1709171663659,44.436015069156305,0.0,0.8966604300717295,0.9102564102564102,0.08974358974358974,8.656037399568794,86.0
pp_quantile_calibrated,HOUSEHOLD_1_361_WI_3,1100.9533458701294,1016.7635788101313,84.18976705999809,0.0,0.9032301528045998,0.9102564102564102,0.08974358974358974,13.035430497565786,174.0
pp_quantile_calibrated,HOUSEHOLD_1_368_TX_3,356.5540254446567,356.5540254446567,0.0,0.0,1.0,1.0,0.0,4.571205454418676,4.0
pp_quantile_calibrated,HOUSEHOLD_1_369_CA_1,933.7849837196973,681.1221793799893,252.66280433970798,0.0,0.7161092086070696,0.7692307692307693,0.23076923076923078,8.732335633076787,178.0
pp_quantile_calibrated,HOUSEHOLD_1_371_CA_1,676.5138536458277,613.7894736769673,62.72437996886037,0.0,0.8918545172950683,0.8717948717948718,0.1282051282051282,7.869095816371376,116.0
pp_quantile_calibrated,HOUSEHOLD_1_377_TX_1,198.9047388171645,182.36177049537156,16.542968321792948,0.0,0.8053768432730242,0.9615384615384616,0.038461538461538464,2.3379714166073278,17.0
pp_quantile_calibrated,HOUSEHOLD_1_380_CA_1,458.8057150811414,386.3276940627422,72.4780210183992,0.0,0.7836476984525397,0.8717948717948718,0.1282051282051282,4.952919154650541,67.0
pp_quantile_calibrated,HOUSEHOLD_1_384_CA_2,342.57590543096836,314.4261962396556,28.14970919131275,0.0,0.9133855101805761,0.9102564102564102,0.08974358974358974,4.0311050799955845,65.0
pp_quantile_calibrated,HOUSEHOLD_1_385_CA_3,1858.9397845202589,1590.7862677222492,268.15351679800955,0.0,0.8493519568550508,0.8717948717948718,0.1282051282051282,20.394695740028837,356.0
pp_quantile_calibrated,HOUSEHOLD_1_386_CA_2,575.3728998147534,304.7563819637717,270.6165178509817,0.0,0.5635217454016425,0.6923076923076923,0.3076923076923077,3.9071331020996367,124.0
pp_quantile_calibrated,HOUSEHOLD_1_389_CA_1,2744.0350052152103,2547.1055511540117,196.92945406119847,0.0,0.8802860461634051,0.8846153846153846,0.11538461538461539,32.65519937376938,329.0
pp_quantile_calibrated,HOUSEHOLD_1_390_WI_2,1078.6008634433206,896.4868781833867,182.11398525993388,0.0,0.7779097740732515,0.7435897435897436,0.2564102564102564,11.493421515171624,164.0
pp_quantile_calibrated,HOUSEHOLD_1_394_CA_3,649.6026061080562,560.1062938881144,89.49631221994184,0.0,0.789420441835431,0.8461538461538461,0.15384615384615385,7.1808499216424915,85.0
pp_quantile_calibrated,HOUSEHOLD_1_395_CA_3,558.8140361438494,498.6002333613903,60.21380278245916,0.0,0.8254672383117126,0.8974358974358975,0.10256410256410256,6.392310684120388,69.0
pp_quantile_calibrated,HOUSEHOLD_1_396_TX_1,625.9830158800906,528.5125077538216,97.47050812626898,0.0,0.8211550309609744,0.8589743589743589,0.14102564102564102,6.775801381459252,109.0
pp_quantile_calibrated,HOUSEHOLD_1_397_WI_1,881.4672529986785,629.450563778509,252.01668922016955,0.0,0.7069573381160819,0.717948717948718,0.28205128205128205,8.069879022801398,172.0
pp_quantile_calibrated,HOUSEHOLD_1_398_CA_4,243.5353761535768,210.0082223225333,33.52715383104352,0.0,0.7764856411263765,0.9230769230769231,0.07692307692307693,2.692413106699145,30.0
pp_quantile_calibrated,HOUSEHOLD_1_399_TX_3,2552.0452283512996,1685.4488931987275,866.5963351525719,0.0,0.7186375535218924,0.717948717948718,0.28205128205128205,21.60831914357343,616.0
pp_quantile_calibrated,HOUSEHOLD_1_401_CA_2,251.09681191224172,231.30822267319363,19.78858923904808,0.0,0.8201037341904719,0.9487179487179487,0.05128205128205128,2.965490034271713,22.0
pp_quantile_calibrated,HOUSEHOLD_1_402_TX_2,263.1059172266225,244.37823930319198,18.727677923430555,0.0,0.8612764598264404,0.9615384615384616,0.038461538461538464,3.133054350040923,27.0
pp_quantile_calibrated,HOUSEHOLD_1_404_TX_2,536.0745439480894,497.5068553741839,38.56768857390552,0.0,0.8714410380869816,0.8974358974358975,0.10256410256410256,6.378293017617742,60.0
pp_quantile_calibrated,HOUSEHOLD_1_407_CA_4,340.38817707064203,279.99134339490513,60.39683367573689,0.0,0.6339585837834127,0.8974358974358975,0.10256410256410256,3.5896326076269887,33.0
pp_quantile_calibrated,HOUSEHOLD_1_411_WI_3,1001.6118873967387,961.785907185964,39.825980210774645,0.0,0.9282414770977033,0.9487179487179487,0.05128205128205128,12.330588553666205,111.0
pp_quantile_calibrated,HOUSEHOLD_1_415_CA_3,409.0382070025968,337.5469436146258,71.49126338797103,0.0,0.7693830213291257,0.8589743589743589,0.14102564102564102,4.327524918136228,62.0
pp_quantile_calibrated,HOUSEHOLD_1_419_WI_2,320.0975011405735,304.6726165732593,15.42488456731422,0.0,0.7943348724358104,0.9615384615384616,0.038461538461538464,3.9060591868366576,15.0
pp_quantile_calibrated,HOUSEHOLD_1_421_WI_3,485.2540590727214,439.6795968552603,45.57446221746115,0.0,0.8639568292016085,0.9102564102564102,0.08974358974358974,5.636917908400773,67.0
pp_quantile_calibrated,HOUSEHOLD_1_423_CA_4,224.97436662709322,218.63377793440927,6.340588692683959,0.0,0.9024524816510161,0.9743589743589743,0.02564102564102564,2.802997153005247,13.0
pp_quantile_calibrated,HOUSEHOLD_1_425_CA_4,555.4776796449263,442.2005876980454,113.27709194688092,0.0,0.7237144098856564,0.8205128205128205,0.1794871794871795,5.669238303821095,82.0
pp_quantile_calibrated,HOUSEHOLD_1_431_TX_2,1320.5180477733416,1047.909091323877,272.6089564494646,0.0,0.7287473070154581,0.782051282051282,0.21794871794871795,13.434731940049705,201.0
pp_quantile_calibrated,HOUSEHOLD_1_433_WI_1,207.31105133545634,204.68259962124765,2.6284517142086905,0.0,0.9649539771438841,0.9871794871794872,0.01282051282051282,2.624135892580098,15.0
pp_quantile_calibrated,HOUSEHOLD_1_437_WI_1,1034.5503929937086,778.7987993668384,255.7515936268701,0.0,0.7736711560824158,0.782051282051282,0.21794871794871795,9.984599991882543,226.0
pp_quantile_calibrated,HOUSEHOLD_1_439_WI_3,1701.9804002122733,1676.9804002122733,25.0,0.0,0.9489795918367347,0.9743589743589743,0.02564102564102564,21.49974872067017,98.0
pp_quantile_calibrated,HOUSEHOLD_1_442_CA_4,311.19416115447035,252.91589778272882,58.27826337174152,0.0,0.7955148653623104,0.8717948717948718,0.1282051282051282,3.242511510034985,57.0
pp_quantile_calibrated,HOUSEHOLD_1_445_TX_3,889.0647333652794,594.9392544635505,294.12547890172885,0.0,0.6785513891784384,0.717948717948718,0.28205128205128205,7.627426339276288,183.0
pp_quantile_calibrated,HOUSEHOLD_1_448_CA_4,863.3543050603738,759.3153681199947,104.0389369403791,0.0,0.8348588302533666,0.8846153846153846,0.11538461538461539,9.734812411794804,126.0
pp_quantile_calibrated,HOUSEHOLD_1_450_TX_2,651.2144548194592,551.6189836424413,99.59547117701791,0.0,0.7271356954054304,0.8205128205128205,0.1794871794871795,7.072038251826171,73.0
pp_quantile_calibrated,HOUSEHOLD_1_458_CA_2,933.0219678741537,706.8973726367315,226.12459523742217,0.0,0.711943190780354,0.7564102564102564,0.24358974358974358,9.062786828676044,157.0
pp_quantile_calibrated,HOUSEHOLD_1_459_WI_2,12410.033739184739,9591.690790131976,2818.3429490527624,0.0,0.7608533772547507,0.717948717948718,0.28205128205128205,122.97039474528174,2357.0
pp_quantile_calibrated,HOUSEHOLD_1_462_WI_1,2098.513872866905,1986.86914130598,111.6447315609246,0.0,0.7309765504556033,0.9487179487179487,0.05128205128205128,25.472681298794615,83.0
pp_quantile_calibrated,HOUSEHOLD_1_467_CA_1,431.6190299302254,381.98819196385557,49.63083796636984,0.0,0.8288591794263108,0.9102564102564102,0.08974358974358974,4.897284512357123,58.0
pp_quantile_calibrated,HOUSEHOLD_1_473_WI_2,3131.9566808179184,2475.266990717872,656.6896901000465,0.0,0.7766361598299162,0.7564102564102564,0.24358974358974358,31.734192188690667,588.0
pp_quantile_calibrated,HOUSEHOLD_1_474_TX_2,5616.762458095817,3924.1217270718384,1692.6407310239786,0.0,0.6234392144551771,0.7435897435897436,0.2564102564102564,50.30925291117742,899.0
pp_quantile_calibrated,HOUSEHOLD_1_481_CA_1,765.9061177713378,602.5591731017086,163.3469446696292,0.0,0.7615373070516362,0.7948717948717948,0.20512820512820512,7.725117603868059,137.0
pp_quantile_calibrated,HOUSEHOLD_1_482_WI_1,494.53260341018114,412.58578091852814,81.94682249165298,0.0,0.7439161797135844,0.8461538461538461,0.15384615384615385,5.289561293827284,64.0
pp_quantile_calibrated,HOUSEHOLD_1_491_TX_1,523.2822142108284,443.82495079092354,79.45726341990492,0.0,0.7696890915365076,0.8846153846153846,0.11538461538461539,5.690063471678507,69.0
pp_quantile_calibrated,HOUSEHOLD_1_491_WI_3,379.0414707531425,350.9329087076357,28.108562045506805,0.0,0.8875657518179727,0.9358974358974359,0.0641025641025641,4.499139855226098,50.0
pp_quantile_calibrated,HOUSEHOLD_1_492_WI_2,395.06619606580813,370.5401176334494,24.52607843235871,0.0,0.6226757164252507,0.9487179487179487,0.05128205128205128,4.750514328633967,13.0
pp_quantile_calibrated,HOUSEHOLD_1_494_CA_2,1095.1375308925644,849.5973197087026,245.5402111838618,0.0,0.7757623642156514,0.782051282051282,0.21794871794871795,10.892273329598751,219.0
pp_quantile_calibrated,HOUSEHOLD_1_494_TX_1,1339.556385767241,1062.6667658377758,276.8896199294653,0.0,0.8063708951542201,0.7948717948717948,0.20512820512820512,13.6239328953561,286.0
pp_quantile_calibrated,HOUSEHOLD_1_500_TX_3,102.33701858198047,94.64683792427384,7.690180657706636,0.0,0.7436606447431121,0.9743589743589743,0.02564102564102564,1.2134209990291518,6.0
pp_quantile_calibrated,HOUSEHOLD_1_501_TX_3,217.05512690756302,215.5166200801054,1.5385068274575975,0.0,0.9560426620726401,0.9871794871794872,0.01282051282051282,2.7630335907705823,7.0
pp_quantile_calibrated,HOUSEHOLD_1_503_WI_1,565.3930265860724,483.08986096154854,82.30316562452393,0.0,0.8191139217043429,0.8846153846153846,0.11538461538461539,6.193459755917289,91.0
pp_quantile_calibrated,HOUSEHOLD_1_504_CA_3,441.70652084006787,427.4062015596909,14.300319280376979,0.0,0.9106230044976439,0.9743589743589743,0.02564102564102564,5.479566686662704,32.0
pp_quantile_calibrated,HOUSEHOLD_1_504_WI_3,492.56801815681416,486.53823478693266,6.029783369881514,0.0,0.8277204751462425,0.9871794871794872,0.01282051282051282,6.237669676755547,7.0
pp_quantile_calibrated,HOUSEHOLD_1_507_WI_3,1001.0,1001.0,0.0,0.0,1.0,1.0,0.0,12.833333333333334,11.0
pp_quantile_calibrated,HOUSEHOLD_1_510_CA_4,734.9226083563917,586.0152162921479,148.9073920642438,0.0,0.7538720792326548,0.8461538461538461,0.15384615384615385,7.513015593489076,121.0
pp_quantile_calibrated,HOUSEHOLD_1_510_TX_1,606.4779469046158,571.4523374039528,35.02560950066304,0.0,0.9101907448700948,0.9743589743589743,0.02564102564102564,7.326312017999395,78.0
pp_quantile_calibrated,HOUSEHOLD_1_520_CA_1,512.4222229759646,459.32884940648296,53.09337356948167,0.0,0.8103808086804225,0.8974358974358975,0.10256410256410256,5.8888314026472175,56.0
pp_quantile_calibrated,HOUSEHOLD_1_521_CA_2,2261.974087494742,1467.2251925144235,794.7488949803187,0.0,0.617909185105616,0.7435897435897436,0.2564102564102564,18.810579391210556,416.0
pp_quantile_calibrated,HOUSEHOLD_1_521_TX_3,7671.629533964924,7219.607943807462,452.0215901574622,0.0,0.8938916455029431,0.8333333333333334,0.16666666666666666,92.55907620265977,852.0
pp_quantile_calibrated,HOUSEHOLD_1_527_WI_2,671.1824581592571,528.1072627454913,143.0751954137657,0.0,0.5528900143319821,0.8076923076923077,0.19230769230769232,6.770605932634504,64.0
pp_quantile_calibrated,HOUSEHOLD_1_529_CA_2,619.466929049822,439.9654803932653,179.50144865655676,0.0,0.6221022133546174,0.8076923076923077,0.19230769230769232,5.64058308196494,95.0
pp_quantile_calibrated,HOUSEHOLD_1_531_TX_1,325.1962073239389,294.283162442191,30.913044881747894,0.0,0.8895962682794717,0.9230769230769231,0.07692307692307693,3.7728610569511667,56.0
pp_quantile_calibrated,HOUSEHOLD_1_533_WI_1,372.8828602126503,349.9455943114094,22.937265901240906,0.0,0.8823729953782519,0.9230769230769231,0.07692307692307693,4.486481978351403,39.0
pp_quantile_calibrated,HOUSEHOLD_1_534_CA_2,568.8736738799448,555.1817668989551,13.691906980989703,0.0,0.9585093727848797,0.9743589743589743,0.02564102564102564,7.117714960243013,66.0
pp_quantile_calibrated,HOUSEHOLD_1_534_CA_4,343.42019983353293,297.2426615338381,46.177538299694874,0.0,0.7947664964458006,0.8846153846153846,0.11538461538461539,3.810803352997924,45.0
pp_quantile_calibrated,HOUSEHOLD_1_534_TX_1,453.10741862666873,398.54587523388017,54.561543392788536,0.0,0.7050727384173593,0.9102564102564102,0.08974358974358974,5.109562502998464,37.0
pp_quantile_calibrated,HOUSEHOLD_1_537_CA_3,1118.6692289166986,1025.0236638187669,93.64556509793178,0.0,0.8998443154032816,0.8717948717948718,0.1282051282051282,13.141329023317525,187.0
pp_quantile_calibrated,HOUSEHOLD_1_537_TX_1,728.7606942347254,672.8186829654701,55.942011269255275,0.0,0.8954354929546631,0.9230769230769231,0.07692307692307693,8.62588055083936,107.0
pp_quantile_calibrated,HOUSEHOLD_1_541_CA_2,977.3751023875649,878.9226102207632,98.4524921668017,0.0,0.8974453206595815,0.8974358974358975,0.10256410256410256,11.268238592573887,192.0
pp_quantile_calibrated,HOUSEHOLD_2_001_WI_2,162.3522333429672,155.43467201761712,6.917561325350087,0.0,0.8462764149922203,0.9743589743589743,0.02564102564102564,1.9927522053540656,9.0
pp_quantile_calibrated,HOUSEHOLD_2_004_CA_4,202.11956044539173,200.7747971125551,1.3447633328366293,0.0,0.9551745555721123,0.9871794871794872,0.01282051282051282,2.5740358604173728,6.0
pp_quantile_calibrated,HOUSEHOLD_2_008_WI_2,392.9098387563935,392.9098387563935,0.0,0.0,1.0,1.0,0.0,5.037305625081968,0.0
pp_quantile_calibrated,HOUSEHOLD_2_009_CA_1,303.97544922404677,255.2283528840167,48.7470963400301,0.0,0.7500148905639481,0.8717948717948718,0.1282051282051282,3.2721583703079062,39.0
pp_quantile_calibrated,HOUSEHOLD_2_010_CA_3,263.827123216051,248.48565185742567,15.341471358625341,0.0,0.8605320785579514,0.9743589743589743,0.02564102564102564,3.185713485351611,22.0
pp_quantile_calibrated,HOUSEHOLD_2_013_WI_3,125.44339830550318,117.48219920290727,7.961199102595911,0.0,0.8407760179480818,0.9743589743589743,0.02564102564102564,1.5061820410629136,10.0
pp_quantile_calibrated,HOUSEHOLD_2_015_CA_1,463.3202241795246,434.94092168248983,28.379302497034764,0.0,0.8864827900118609,0.9487179487179487,0.05128205128205128,5.576165662596024,50.0
pp_quantile_calibrated,HOUSEHOLD_2_017_CA_1,305.184975364184,297.2614017535672,7.923573610616805,0.0,0.9453546647543668,0.9743589743589743,0.02564102564102564,3.8110436122252205,29.0
pp_quantile_calibrated,HOUSEHOLD_2_021_CA_2,451.5191538749388,447.40848933361485,4.110664541323961,0.0,0.9734795836043616,0.9871794871794872,0.01282051282051282,5.736006273507883,31.0
pp_quantile_calibrated,HOUSEHOLD_2_029_WI_2,441.7899547630015,395.62239870025394,46.16755606274758,0.0,0.8035423146266061,0.9230769230769231,0.07692307692307693,5.07208203461864,47.0
pp_quantile_calibrated,HOUSEHOLD_2_032_WI_2,229.59615104752896,229.59615104752896,0.0,0.0,1.0,1.0,0.0,2.943540398045243,7.0
pp_quantile_calibrated,HOUSEHOLD_2_034_CA_2,160.58086838632346,135.03078715737087,25.550081228952607,0.0,0.7161102085671932,0.9615384615384616,0.038461538461538464,1.7311639379150112,18.0
pp_quantile_calibrated,HOUSEHOLD_2_034_CA_3,240.28867989981424,216.5296950447614,23.758984855052837,0.0,0.6605859306421024,0.9358974358974359,0.0641025641025641,2.776021731343095,14.0
pp_quantile_calibrated,HOUSEHOLD_2_038_TX_1,176.0487529104164,167.58503677028432,8.463716140132087,0.0,0.8461142519975984,0.9743589743589743,0.02564102564102564,2.1485261124395425,11.0
pp_quantile_calibrated,HOUSEHOLD_2_042_WI_2,260.5814599613722,260.5814599613722,0.0,0.0,1.0,1.0,0.0,3.340787948222721,2.0
pp_quantile_calibrated,HOUSEHOLD_2_043_TX_2,124.0451792814819,96.41076744968285,27.634411831799042,0.0,0.6748892725670701,0.9102564102564102,0.08974358974358974,1.236035480124139,17.0
pp_quantile_calibrated,HOUSEHOLD_2_045_CA_4,208.3915139412351,175.24207484171714,33.14943909951796,0.0,0.6510585357945478,0.9230769230769231,0.07692307692307693,2.246693267201502,19.0
pp_quantile_calibrated,HOUSEHOLD_2_047_TX_2,645.5563572566227,601.0995506001982,44.45680665642456,0.0,0.7777159667178772,0.8846153846153846,0.11538461538461539,7.706404494874336,40.0
pp_quantile_calibrated,HOUSEHOLD_2_057_WI_3,198.16385223509076,181.99385382908622,16.16999840600455,0.0,0.7305000265665909,0.9487179487179487,0.05128205128205128,2.3332545362703363,12.0
pp_quantile_calibrated,HOUSEHOLD_2_058_TX_2,416.54134514351375,368.6316069921312,47.90973815138255,0.0,0.7822284629482611,0.8974358974358975,0.10256410256410256,4.726046243488861,44.0
pp_quantile_calibrated,HOUSEHOLD_2_063_TX_2,180.53291918284503,176.83528249239458,3.6976366904504387,0.0,0.938372721825826,0.9743589743589743,0.02564102564102564,2.267119006312751,12.0
pp_quantile_calibrated,HOUSEHOLD_2_067_CA_2,707.398795719016,597.9811277586911,109.4176679603249,0.0,0.7973746889623613,0.8333333333333334,0.16666666666666666,7.6664247148550135,108.0
pp_quantile_calibrated,HOUSEHOLD_2_073_WI_3,140.77532000889224,135.57485391304422,5.200466095848018,0.0,0.6533022602767988,0.9871794871794872,0.01282051282051282,1.7381391527313361,3.0
pp_quantile_calibrated,HOUSEHOLD_2_075_CA_4,406.08106581889746,366.39278796110835,39.688277857789096,0.0,0.7911143270642679,0.9102564102564102,0.08974358974358974,4.6973434353988255,38.0
pp_quantile_calibrated,HOUSEHOLD_2_075_WI_3,446.12030492631413,430.8032913049121,15.317013621402058,0.0,0.9172053317762052,0.9615384615384616,0.038461538461538464,5.523119119293745,37.0
pp_quantile_calibrated,HOUSEHOLD_2_077_CA_3,185.98159589686472,173.94302767822248,12.038568218642238,0.0,0.7324762618079502,0.9615384615384616,0.038461538461538464,2.230038816387468,9.0
pp_quantile_calibrated,HOUSEHOLD_2_079_TX_1,191.38233061395857,178.54258899902672,12.839741614931865,0.0,0.8165751197866876,0.9615384615384616,0.038461538461538464,2.2890075512695733,14.0
pp_quantile_calibrated,HOUSEHOLD_2_087_CA_3,208.77257063504058,208.77257063504058,0.0,0.0,1.0,1.0,0.0,2.6765714183979563,7.0
pp_quantile_calibrated,HOUSEHOLD_2_089_TX_2,445.8607690961966,385.36169732855205,60.49907176764455,0.0,0.7877225552012471,0.8974358974358975,0.10256410256410256,4.9405345811352825,57.0
pp_quantile_calibrated,HOUSEHOLD_2_095_CA_2,398.1665470012001,357.64515767423904,40.5213893269611,0.0,0.7973930533651945,0.9487179487179487,0.05128205128205128,4.585194329156911,40.0
pp_quantile_calibrated,HOUSEHOLD_2_095_TX_3,265.75775625140267,256.5992367553689,9.158519496033772,0.0,0.9267318440317298,0.9871794871794872,0.01282051282051282,3.2897338045560116,25.0
pp_quantile_calibrated,HOUSEHOLD_2_110_CA_1,949.7357967870373,763.0442726496018,186.69152413743547,0.0,0.7764173363623528,0.8205128205128205,0.1794871794871795,9.782618880123099,167.0
pp_quantile_calibrated,HOUSEHOLD_2_120_TX_2,376.6275557560373,342.2617159886181,34.365839767419146,0.0,0.8036237727576049,0.9230769230769231,0.07692307692307693,4.387970717802796,35.0
pp_quantile_calibrated,HOUSEHOLD_2_123_TX_1,380.60498852522176,331.73381375958274,48.87117476563904,0.0,0.7672801201636236,0.9102564102564102,0.08974358974358974,4.252997612302343,42.0
pp_quantile_calibrated,HOUSEHOLD_2_129_CA_2,235.72884809975383,224.87560519223928,10.853242907514566,0.0,0.8449536727497919,0.9743589743589743,0.02564102564102564,2.883020579387683,14.0
pp_quantile_calibrated,HOUSEHOLD_2_138_CA_3,169.40505877601538,169.40505877601538,0.0,0.0,1.0,1.0,0.0,2.1718597278976333,4.0
pp_quantile_calibrated,HOUSEHOLD_2_139_TX_2,288.1572649511594,215.62527880860367,72.53198614255575,0.0,0.6913532504572095,0.8461538461538461,0.15384615384615385,2.7644266513923546,47.0
pp_quantile_calibrated,HOUSEHOLD_2_143_CA_1,274.0560415194591,250.9229325597073,23.1331089597518,0.0,0.7896990094568017,0.9487179487179487,0.05128205128205128,3.2169606738424013,22.0
pp_quantile_calibrated,HOUSEHOLD_2_146_WI_1,504.76508113001626,412.64906431881235,92.11601681120389,0.0,0.5905954808390939,0.8333333333333334,0.16666666666666666,5.290372619471953,45.0
pp_quantile_calibrated,HOUSEHOLD_2_147_CA_3,171.75082637679316,171.75082637679316,0.0,0.0,1.0,1.0,0.0,2.2019336714973483,5.0
pp_quantile_calibrated,HOUSEHOLD_2_149_TX_1,157.02929227138313,157.02929227138313,0.0,0.0,1.0,1.0,0.0,2.0131960547613224,6.0
pp_quantile_calibrated,HOUSEHOLD_2_150_CA_2,295.542185588817,253.44223799229923,42.0999475965178,0.0,0.7448488024453468,0.9230769230769231,0.07692307692307693,3.249259461439734,33.0
pp_quantile_calibrated,HOUSEHOLD_2_158_TX_3,213.8331421736208,213.8331421736208,0.0,0.0,1.0,1.0,0.0,2.741450540687446,0.0
pp_quantile_calibrated,HOUSEHOLD_2_159_CA_2,448.6388275143664,430.1745522501712,18.464275264195244,0.0,0.9197205423295859,0.9743589743589743,0.02564102564102564,5.515058362181682,46.0
pp_quantile_calibrated,HOUSEHOLD_2_160_WI_1,334.99072610446547,317.0437482717555,17.94697783271001,0.0,0.9124537666697072,0.9487179487179487,0.05128205128205128,4.064663439381481,41.0
pp_quantile_calibrated,HOUSEHOLD_2_164_CA_1,585.0,575.0,10.0,0.0,0.8333333333333334,0.9743589743589743,0.02564102564102564,7.371794871794871,12.0
pp_quantile_calibrated,HOUSEHOLD_2_176_TX_2,1768.2482391382368,1293.9575915106411,474.2906476275957,0.0,0.6014364305650457,0.6538461538461539,0.34615384615384615,16.589199891162064,238.0
pp_quantile_calibrated,HOUSEHOLD_2_179_CA_1,281.72111422398183,276.48878984601356,5.232324377968247,0.0,0.9626262544430839,0.9871794871794872,0.01282051282051282,3.5447280749488916,28.0
pp_quantile_calibrated,HOUSEHOLD_2_184_WI_3,342.723020407633,283.48685091712935,59.23616949050362,0.0,0.7424514369978104,0.9102564102564102,0.08974358974358974,3.6344468066298634,46.0
pp_quantile_calibrated,HOUSEHOLD_2_190_WI_1,542.3643124668794,517.2025732916019,25.161739175277525,0.0,0.8856284582941931,0.9487179487179487,0.05128205128205128,6.630802221687204,44.0
pp_quantile_calibrated,HOUSEHOLD_2_193_TX_1,534.9445848519251,513.964957371541,20.979627480384128,0.0,0.8092761138146898,0.9487179487179487,0.05128205128205128,6.589294325276167,22.0
pp_quantile_calibrated,HOUSEHOLD_2_203_CA_1,576.9002716410722,381.01903852667186,195.88123311440035,0.0,0.4633390873578072,0.7692307692307693,0.23076923076923078,4.8848594682906645,73.0
pp_quantile_calibrated,HOUSEHOLD_2_207_WI_3,148.7818391007873,148.7818391007873,0.0,0.0,1.0,1.0,0.0,1.9074594756511192,3.0
pp_quantile_calibrated,HOUSEHOLD_2_208_CA_3,163.33272330884344,153.35857370479445,9.974149604048987,0.0,0.7783522310211336,0.9615384615384616,0.038461538461538464,1.9661355603178776,9.0
pp_quantile_calibrated,HOUSEHOLD_2_217_TX_1,508.15844556319996,389.013194774852,119.14525078834797,0.0,0.7409885852427217,0.8461538461538461,0.15384615384615385,4.987348650959642,92.0
pp_quantile_calibrated,HOUSEHOLD_2_218_CA_1,247.0,237.0,10.0,0.0,0.6666666666666666,0.9743589743589743,0.02564102564102564,3.0384615384615383,6.0
pp_quantile_calibrated,HOUSEHOLD_2_224_TX_1,165.66997672221802,153.4532712592479,12.216705462970115,0.0,0.5927764845676629,0.9615384615384616,0.038461538461538464,1.9673496315288195,6.0
pp_quantile_calibrated,HOUSEHOLD_2_226_TX_3,373.11534352669804,368.2625950866941,4.852748440003927,0.0,0.9653375111428291,0.9615384615384616,0.038461538461538464,4.721315321624283,28.0
pp_quantile_calibrated,HOUSEHOLD_2_226_WI_1,314.30140449222074,246.58554526116163,67.7158592310591,0.0,0.6527391834304661,0.8717948717948718,0.1282051282051282,3.161353144373867,39.0
pp_quantile_calibrated,HOUSEHOLD_2_234_WI_3,280.9709101831855,275.43111800221266,5.539792180972847,0.0,0.8768935070894923,0.9743589743589743,0.02564102564102564,3.531168179515547,9.0
pp_quantile_calibrated,HOUSEHOLD_2_237_CA_2,199.64498956413541,195.05081971183074,4.594169852304688,0.0,0.9234305024615885,0.9871794871794872,0.01282051282051282,2.500651534767061,12.0
pp_quantile_calibrated,HOUSEHOLD_2_238_CA_1,317.74702019893164,284.51578812506875,33.23123207386291,0.0,0.7784584528409139,0.8846153846153846,0.11538461538461539,3.647638309295753,30.0
pp_quantile_calibrated,HOUSEHOLD_2_241_CA_2,258.6074929236624,242.72526508820874,15.882227835453659,0.0,0.8235308018282927,0.9615384615384616,0.038461538461538464,3.1118623729257533,18.0
pp_quantile_calibrated,HOUSEHOLD_2_249_WI_1,512.0,512.0,0.0,0.0,1.0,1.0,0.0,6.564102564102564,7.0
pp_quantile_calibrated,HOUSEHOLD_2_257_TX_1,252.95419492953567,221.63862517089223,31.315569758643434,0.0,0.8307266499532787,0.9102564102564102,0.08974358974358974,2.841520835524259,37.0
pp_quantile_calibrated,HOUSEHOLD_2_259_CA_2,537.337090245129,468.8349871980894,68.50210304703972,0.0,0.755349631974858,0.8846153846153846,0.11538461538461539,6.0107049640780685,56.0
pp_quantile_calibrated,HOUSEHOLD_2_259_TX_3,160.91916099683456,155.43815574141752,5.48100525541704,0.0,0.9086499124097159,0.9743589743589743,0.02564102564102564,1.9927968684797117,12.0
pp_quantile_calibrated,HOUSEHOLD_2_260_WI_1,203.8320853073187,196.59619537639634,7.23588993092235,0.0,0.9095513758634707,0.9743589743589743,0.02564102564102564,2.5204640432871326,16.0
pp_quantile_calibrated,HOUSEHOLD_2_263_TX_2,342.092842385419,302.86426197353524,39.22858041188377,0.0,0.6433765417101476,0.9230769230769231,0.07692307692307693,3.882875153506862,22.0
pp_quantile_calibrated,HOUSEHOLD_2_263_TX_3,315.3544039323555,315.3544039323555,0.0,0.0,1.0,1.0,0.0,4.043005178619943,6.0
pp_quantile_calibrated,HOUSEHOLD_2_264_WI_3,212.73162974175526,192.4416726681445,20.289957073610765,0.0,0.8806473113317014,0.9230769230769231,0.07692307692307693,2.467200931642878,34.0
pp_quantile_calibrated,HOUSEHOLD_2_265_WI_1,301.4164849859704,264.4900459927124,36.92643899325801,0.0,0.7159504692826306,0.9487179487179487,0.05128205128205128,3.3908980255475947,26.0
pp_quantile_calibrated,HOUSEHOLD_2_275_CA_2,422.4509361578462,377.5591903272506,44.89174583059561,0.0,0.812951059039185,0.9102564102564102,0.08974358974358974,4.840502440092956,48.0
pp_quantile_calibrated,HOUSEHOLD_2_280_TX_2,286.2070589546781,271.43281328193035,14.77424567274773,0.0,0.9015050288483484,0.9487179487179487,0.05128205128205128,3.4799078625888504,30.0
pp_quantile_calibrated,HOUSEHOLD_2_280_WI_3,182.45754867108235,176.63948728768221,5.818061383400122,0.0,0.9272742327074985,0.9871794871794872,0.01282051282051282,2.2646088113805414,16.0
pp_quantile_calibrated,HOUSEHOLD_2_288_TX_3,244.13219387637528,244.13219387637528,0.0,0.0,1.0,1.0,0.0,3.1298999214919907,13.0
pp_quantile_calibrated,HOUSEHOLD_2_294_CA_1,1209.7174167303447,1155.6024271489268,54.11498958141774,0.0,0.9033660900331826,0.9487179487179487,0.05128205128205128,14.815415732678549,112.0
pp_quantile_calibrated,HOUSEHOLD_2_294_WI_3,611.4218383208482,493.26750682432237,118.15433149652588,0.0,0.7811956824138409,0.7948717948717948,0.20512820512820512,6.32394239518362,108.0
pp_quantile_calibrated,HOUSEHOLD_2_307_TX_1,140.52586011791325,140.52586011791325,0.0,0.0,1.0,1.0,0.0,1.8016135912552982,3.0
pp_quantile_calibrated,HOUSEHOLD_2_308_WI_3,216.39871580908525,175.15967977733513,41.23903603175012,0.0,0.5148348702147045,0.9102564102564102,0.08974358974358974,2.2456369202222453,17.0
pp_quantile_calibrated,HOUSEHOLD_2_311_TX_2,395.38934327323386,345.22466628662653,50.16467698660732,0.0,0.7427452462225265,0.9102564102564102,0.08974358974358974,4.425957260084956,39.0
pp_quantile_calibrated,HOUSEHOLD_2_314_TX_1,299.73472977102637,271.3602084295779,28.374521341448506,0.0,0.7162547865855149,0.9487179487179487,0.05128205128205128,3.4789770311484345,20.0
pp_quantile_calibrated,HOUSEHOLD_2_316_CA_4,125.10453241345505,108.1966188802443,16.90791353321075,0.0,0.812134294075436,0.9615384615384616,0.038461538461538464,1.3871361394903114,18.0
pp_quantile_calibrated,HOUSEHOLD_2_326_TX_2,177.61801144825552,165.22620816448165,12.391803283773879,0.0,0.8347759562163481,0.9487179487179487,0.05128205128205128,2.118284720057457,15.0
pp_quantile_calibrated,HOUSEHOLD_2_330_CA_2,287.14801718257036,275.83156229846276,11.3164548841076,0.0,0.858544313948655,0.9743589743589743,0.02564102564102564,3.5363020807495227,16.0
pp_quantile_calibrated,HOUSEHOLD_2_333_WI_2,353.4426962017501,353.4426962017501,0.0,0.0,1.0,1.0,0.0,4.5313166179711555,17.0
pp_quantile_calibrated,HOUSEHOLD_2_337_CA_2,175.9775761492078,156.38309669814043,19.59447945106736,0.0,0.8492732349917895,0.9487179487179487,0.05128205128205128,2.0049114961300054,26.0
pp_quantile_calibrated,HOUSEHOLD_2_338_WI_3,427.5144897275684,413.352947529635,14.161542197933382,0.0,0.7425174145830294,0.9743589743589743,0.02564102564102564,5.299396763200448,11.0
pp_quantile_calibrated,HOUSEHOLD_2_342_CA_1,390.76136868725735,339.2247032527708,51.53666543448657,0.0,0.7759275415891888,0.8589743589743589,0.14102564102564102,4.349034657086805,46.0
pp_quantile_calibrated,HOUSEHOLD_2_345_CA_1,359.11473669112877,326.5559568229421,32.55877986818664,0.0,0.8372061006590668,0.9230769230769231,0.07692307692307693,4.18661483106336,40.0
pp_quantile_calibrated,HOUSEHOLD_2_346_TX_3,427.0305172546802,347.0334909796177,79.99702627506254,0.0,0.8139604040114825,0.8846153846153846,0.11538461538461539,4.449147320251509,86.0
pp_quantile_calibrated,HOUSEHOLD_2_348_TX_1,498.90202800676934,416.61495328063853,82.28707472613078,0.0,0.7579791919819683,0.8461538461538461,0.15384615384615385,5.341217349751776,68.0
pp_quantile_calibrated,HOUSEHOLD_2_354_TX_1,269.39541974481597,244.0574711770467,25.33794856776925,0.0,0.7696550130202795,0.9230769230769231,0.07692307692307693,3.1289419381672654,22.0
pp_quantile_calibrated,HOUSEHOLD_2_354_TX_2,685.066702967448,592.0954334387343,92.97126952871369,0.0,0.6281149218851452,0.8846153846153846,0.11538461538461539,7.590967095368389,50.0
pp_quantile_calibrated,HOUSEHOLD_2_355_CA_3,318.0547765847178,306.60702570700767,11.44775087771011,0.0,0.9210499939468269,0.9615384615384616,0.038461538461538464,3.930859303935996,29.0
pp_quantile_calibrated,HOUSEHOLD_2_355_TX_2,240.731327655766,238.17092663728138,2.560401018484626,0.0,0.9756152283953845,0.9871794871794872,0.01282051282051282,3.0534734184266843,21.0
pp_quantile_calibrated,HOUSEHOLD_2_358_CA_4,183.61108387268186,183.61108387268186,0.0,0.0,1.0,1.0,0.0,2.3539882547779727,1.0
pp_quantile_calibrated,HOUSEHOLD_2_358_WI_2,223.45190424645347,217.34083908575388,6.111065160699587,0.0,0.9236116854912552,0.9615384615384616,0.038461538461538464,2.7864210139199215,16.0
pp_quantile_calibrated,HOUSEHOLD_2_370_TX_2,202.52770869384017,188.27975580210017,14.24795289173999,0.0,0.8761047574631304,0.9743589743589743,0.02564102564102564,2.413843023103848,23.0
pp_quantile_calibrated,HOUSEHOLD_2_373_WI_3,177.29938127712973,177.29938127712973,0.0,0.0,1.0,1.0,0.0,2.2730689907324324,10.0
pp_quantile_calibrated,HOUSEHOLD_2_382_TX_3,397.30890333771947,368.4672321443205,28.841671193398952,0.0,0.8658526921237257,0.9230769230769231,0.07692307692307693,4.723938873645134,43.0
pp_quantile_calibrated,HOUSEHOLD_2_385_WI_1,227.5339336115642,226.95987096784273,0.5740626437214891,0.0,0.9923458314170468,0.9871794871794872,0.01282051282051282,2.909741935485163,15.0
pp_quantile_calibrated,HOUSEHOLD_2_392_CA_4,151.05460541571654,132.37788063681688,18.676724778899654,0.0,0.6264655044220069,0.9487179487179487,0.05128205128205128,1.6971523158566266,10.0
pp_quantile_calibrated,HOUSEHOLD_2_396_TX_3,193.92377653126906,146.8187512258268,47.10502530544227,0.0,0.5513807113767403,0.8846153846153846,0.11538461538461539,1.8822916823823947,21.0
pp_quantile_calibrated,HOUSEHOLD_2_396_WI_2,152.8317903593734,143.16360872784702,9.668181631526371,0.0,0.677727278949121,0.9743589743589743,0.02564102564102564,1.8354308811262439,6.0
pp_quantile_calibrated,HOUSEHOLD_2_397_WI_2,203.58167137593563,199.6271784052896,3.9544929706460197,0.0,0.802275351467699,0.9871794871794872,0.01282051282051282,2.5593228000678154,4.0
pp_quantile_calibrated,HOUSEHOLD_2_401_TX_3,521.2703930992334,397.30490808990356,123.96548500932985,0.0,0.6939123826930127,0.8717948717948718,0.1282051282051282,5.093652667819277,81.0
pp_quantile_calibrated,HOUSEHOLD_2_405_CA_4,232.6790999135192,226.16959987420978,6.509500039309422,0.0,0.8698099992138115,0.9743589743589743,0.02564102564102564,2.8996102547975613,10.0
pp_quantile_calibrated,HOUSEHOLD_2_412_CA_1,257.2884788868613,253.9991336837451,3.2893452031162185,0.0,0.8903551598961261,0.9871794871794872,0.01282051282051282,3.256399149791604,6.0
pp_quantile_calibrated,HOUSEHOLD_2_417_TX_1,147.48892179317812,137.61758542296184,9.871336370216294,0.0,0.6051465451913483,0.9743589743589743,0.02564102564102564,1.7643280182431005,5.0
pp_quantile_calibrated,HOUSEHOLD_2_418_CA_2,293.188776573725,293.188776573725,0.0,0.0,1.0,1.0,0.0,3.7588304688939105,21.0
pp_quantile_calibrated,HOUSEHOLD_2_420_CA_3,607.3296261712375,537.3296261712375,70.0,0.0,0.6111111111111112,0.9358974358974359,0.0641025641025641,6.888841361169711,36.0
pp_quantile_calibrated,HOUSEHOLD_2_424_CA_1,240.79400683179784,206.2977244520014,34.49628237979644,0.0,0.6863974329109415,0.9102564102564102,0.08974358974358974,2.6448426211795053,22.0
pp_quantile_calibrated,HOUSEHOLD_2_424_CA_4,242.955436416457,222.87180483352319,20.083631582933812,0.0,0.5983273683413237,0.9487179487179487,0.05128205128205128,2.857330831199015,10.0
pp_quantile_calibrated,HOUSEHOLD_2_428_CA_4,112.42096298654127,112.42096298654127,0.0,0.0,1.0,1.0,0.0,1.4412943972633496,0.0
pp_quantile_calibrated,HOUSEHOLD_2_429_WI_3,161.067345932612,158.7068099593604,2.3605359732515963,0.0,0.9527892805349681,0.9743589743589743,0.02564102564102564,2.034702691786672,10.0
pp_quantile_calibrated,HOUSEHOLD_2_432_TX_3,277.62643175836354,270.92263791768295,6.70379384068057,0.0,0.9503422678468106,0.9743589743589743,0.02564102564102564,3.473367152790807,27.0
pp_quantile_calibrated,HOUSEHOLD_2_436_CA_2,463.35116640364413,447.591438739375,15.759727664269114,0.0,0.9170540649248994,0.9743589743589743,0.02564102564102564,5.738351778709936,38.0
pp_quantile_calibrated,HOUSEHOLD_2_440_TX_2,1150.1800025865243,937.5615444715609,212.6184581149634,0.0,0.7146060964899821,0.8461538461538461,0.15384615384615385,12.020019800917447,149.0
pp_quantile_calibrated,HOUSEHOLD_2_445_WI_2,201.9325786995094,201.9325786995094,0.0,0.0,1.0,1.0,0.0,2.5888792140962744,2.0
pp_quantile_calibrated,HOUSEHOLD_2_446_CA_3,218.25427428613335,202.45421254752353,15.800061738609813,0.0,0.7569221270983105,0.9615384615384616,0.038461538461538464,2.5955668275323527,13.0
pp_quantile_calibrated,HOUSEHOLD_2_451_TX_1,569.2005332978825,442.325808229604,126.8747250682786,0.0,0.7536413105470319,0.8076923076923077,0.19230769230769232,5.6708436952513335,103.0
pp_quantile_calibrated,HOUSEHOLD_2_451_WI_2,597.7875613288095,501.2084058515865,96.57915547722291,0.0,0.7779789529259242,0.8333333333333334,0.16666666666666666,6.425748792969058,87.0
pp_quantile_calibrated,HOUSEHOLD_2_459_WI_3,164.59832248928961,164.59832248928961,0.0,0.0,1.0,1.0,0.0,2.1102349037088413,8.0
pp_quantile_calibrated,HOUSEHOLD_2_462_CA_4,237.41861791583133,225.06535450014624,12.353263415685092,0.0,0.7753952106239074,0.9615384615384616,0.038461538461538464,2.885453262822388,11.0
pp_quantile_calibrated,HOUSEHOLD_2_462_TX_2,176.1502577604833,159.96012790443575,16.190129856047548,0.0,0.75092107913773,0.9358974358974359,0.0641025641025641,2.050770870569689,13.0
pp_quantile_calibrated,HOUSEHOLD_2_465_CA_1,486.74386165108194,408.8370390908495,77.90682256023243,0.0,0.8229390396358354,0.8974358974358975,0.10256410256410256,5.241500501164737,88.0
pp_quantile_calibrated,HOUSEHOLD_2_468_TX_2,369.43956960675905,291.80058979234235,77.6389798144167,0.0,0.6302905723123015,0.8461538461538461,0.15384615384615385,3.7410332024659274,42.0
pp_quantile_calibrated,HOUSEHOLD_2_470_WI_2,450.5168776006621,403.36232573578275,47.154551864879366,0.0,0.785661127886912,0.8846153846153846,0.11538461538461539,5.1713118684074715,44.0
pp_quantile_calibrated,HOUSEHOLD_2_475_CA_3,354.30722772180485,353.6742055001187,0.6330222216861259,0.0,0.9936697777831387,0.9871794871794872,0.01282051282051282,4.534284685898958,20.0
pp_quantile_calibrated,HOUSEHOLD_2_476_WI_2,268.9863908944498,235.18118607747104,33.80520481697876,0.0,0.6441557387686447,0.9230769230769231,0.07692307692307693,3.0151434112496287,19.0
pp_quantile_calibrated,HOUSEHOLD_2_478_TX_2,169.7288881471771,148.6378636104576,21.091024536719477,0.0,0.6755226994350849,0.9230769230769231,0.07692307692307693,1.9056136360315077,13.0
pp_quantile_calibrated,HOUSEHOLD_2_480_TX_1,296.14948243072746,287.82814263269887,8.321339798028598,0.0,0.8890488026929521,0.9743589743589743,0.02564102564102564,3.6901043927269086,15.0
pp_quantile_calibrated,HOUSEHOLD_2_483_TX_1,627.7957238192199,507.0446911457186,120.75103267350133,0.0,0.7535693210744872,0.7948717948717948,0.20512820512820512,6.500572963406649,98.0
pp_quantile_calibrated,HOUSEHOLD_2_488_WI_3,174.03059111568308,160.40574882404027,13.624842291642796,0.0,0.8053593958336743,0.9615384615384616,0.038461538461538464,2.0564839592825677,14.0
pp_quantile_calibrated,HOUSEHOLD_2_490_WI_1,637.9991144679968,457.59881409658385,180.40030037141298,0.0,0.7159050387851764,0.782051282051282,0.21794871794871795,5.866651462776716,127.0
pp_quantile_calibrated,HOUSEHOLD_2_491_TX_3,389.57452795350514,349.70744693479844,39.86708101870667,0.0,0.7955534306732991,0.9102564102564102,0.08974358974358974,4.483428806856391,39.0
pp_quantile_calibrated,HOUSEHOLD_2_505_CA_4,191.232970302332,188.1553773893209,3.0775929130111024,0.0,0.9316090463775311,0.9871794871794872,0.01282051282051282,2.412248428068217,9.0
pp_quantile_calibrated,HOUSEHOLD_2_507_CA_1,625.6205847873465,537.9050462737902,87.7155385135563,0.0,0.7381625716013245,0.8717948717948718,0.1282051282051282,6.896218541971669,67.0
pp_quantile_calibrated,HOUSEHOLD_2_509_TX_1,280.69387107338764,271.652983565852,9.040887507535636,0.0,0.9497728471803575,0.9615384615384616,0.038461538461538464,3.482730558536564,36.0
pp_quantile_calibrated,HOUSEHOLD_2_509_WI_1,183.33494811285138,166.27012882272086,17.064819290130522,0.0,0.5733795177467369,0.9743589743589743,0.02564102564102564,2.131668318240011,8.0
pp_quantile_calibrated,HOUSEHOLD_2_509_WI_2,187.36603294344337,177.50893838942932,9.857094554014068,0.0,0.8591843635140847,0.9615384615384616,0.038461538461538464,2.275755620377299,14.0
pp_quantile_calibrated,HOUSEHOLD_2_510_CA_2,485.10391900390374,443.04852374366277,42.05539526024096,0.0,0.8524372096131896,0.9230769230769231,0.07692307692307693,5.680109278764907,57.0
