model,series_id,total_cost,holding_cost,stockout_cost,ordering_cost,fill_rate,cycle_service_level,stockout_rate,average_on_hand,total_demand
point_gbdt_safety,FOODS_1_008_CA_1,1132.4977128914054,1132.4977128914054,0.0,0.0,1.0,1.0,0.0,14.51920144732571,25.0
point_gbdt_safety,FOODS_1_010_CA_3,1021.3786811965062,1009.3454146582845,12.033266538221667,0.0,0.9453033339171742,0.9615384615384616,0.038461538461538464,12.940325828952366,44.0
point_gbdt_safety,FOODS_1_010_WI_3,1269.6338216058098,1269.6338216058098,0.0,0.0,1.0,1.0,0.0,16.27735668725397,55.0
point_gbdt_safety,FOODS_1_013_WI_1,1340.5535705239956,1339.022747813783,1.5308227102124405,0.0,0.9975506836636601,0.9871794871794872,0.01282051282051282,17.166958305304913,125.0
point_gbdt_safety,FOODS_1_014_WI_3,1168.4186641703095,1102.9038168230984,65.51484734721117,0.0,0.8493911555236525,0.9358974358974359,0.0641025641025641,14.139792523373057,87.0
point_gbdt_safety,FOODS_1_022_WI_3,1256.8178506861675,1256.8178506861675,0.0,0.0,1.0,1.0,0.0,16.113049367771378,1.0
point_gbdt_safety,FOODS_1_024_TX_1,1135.2528069063937,1135.2528069063937,0.0,0.0,1.0,1.0,0.0,14.554523165466586,53.0
point_gbdt_safety,FOODS_1_025_TX_1,1116.5741480946654,1116.5741480946654,0.0,0.0,1.0,1.0,0.0,14.315053180700838,44.0
point_gbdt_safety,FOODS_1_025_WI_1,1483.3603591006954,1483.3603591006954,0.0,0.0,1.0,1.0,0.0,19.017440501290967,33.0
point_gbdt_safety,FOODS_1_032_CA_2,1890.6460044528071,1406.1839809427718,484.46202351003524,0.0,0.7443472171451002,0.717948717948718,0.28205128205128205,18.02799975567656,379.0
point_gbdt_safety,FOODS_1_040_TX_1,1129.6463465266618,1097.8390645172767,31.807282009385034,0.0,0.8448425267834876,0.9230769230769231,0.07692307692307693,14.074859801503548,41.0
point_gbdt_safety,FOODS_1_043_CA_3,9865.60748292915,9865.60748292915,0.0,0.0,1.0,1.0,0.0,126.48214721704039,42.0
point_gbdt_safety,FOODS_1_045_CA_3,1732.953207828664,1732.953207828664,0.0,0.0,1.0,1.0,0.0,22.217348818316207,133.0
point_gbdt_safety,FOODS_1_045_WI_2,1191.090638928915,1160.5724664449408,30.518172483974304,0.0,0.943484865770418,0.9487179487179487,0.05128205128205128,14.879134185191548,108.0
point_gbdt_safety,FOODS_1_046_WI_3,1872.4989488983128,1606.82818838452,265.6707605137928,0.0,0.8032068440638571,0.7435897435897436,0.2564102564102564,20.600361389545128,270.0
point_gbdt_safety,FOODS_1_047_TX_2,1236.7093263063396,1236.7093263063396,0.0,0.0,1.0,1.0,0.0,15.855247773158199,62.0
point_gbdt_safety,FOODS_1_054_CA_1,1153.8404119531422,934.8019065672922,219.0385053858499,0.0,0.6730768576330598,0.8076923076923077,0.19230769230769232,11.984639827785799,134.0
point_gbdt_safety,FOODS_1_054_TX_3,1123.839388399136,1123.839388399136,0.0,0.0,1.0,1.0,0.0,14.40819728716841,35.0
point_gbdt_safety,FOODS_1_055_WI_2,1479.0232741036812,1376.696119516206,102.32715458747528,0.0,0.8495188903125364,0.9102564102564102,0.08974358974358974,17.64995025020777,136.0
point_gbdt_safety,FOODS_1_056_WI_1,1548.4764606741426,1548.4764606741426,0.0,0.0,1.0,1.0,0.0,19.85226231633516,1.0
point_gbdt_safety,FOODS_1_057_CA_2,1808.0104747616056,1808.0104747616056,0.0,0.0,1.0,1.0,0.0,23.179621471302635,3.0
point_gbdt_safety,FOODS_1_060_CA_4,1223.8910898787274,1223.8910898787274,0.0,0.0,1.0,1.0,0.0,15.690911408701632,39.0
point_gbdt_safety,FOODS_1_062_TX_2,1165.2967539467995,1165.2967539467995,0.0,0.0,1.0,1.0,0.0,14.939701973676916,47.0
point_gbdt_safety,FOODS_1_064_WI_3,1189.4453292352512,1189.4453292352512,0.0,0.0,1.0,1.0,0.0,15.24929909275963,18.0
point_gbdt_safety,FOODS_1_066_WI_1,1357.8680109019817,1140.276034683268,217.59197621871368,0.0,0.74096193307296,0.782051282051282,0.21794871794871795,14.61892352158036,168.0
point_gbdt_safety,FOODS_1_069_CA_3,1680.14270431565,1371.7644973837766,308.3782069318735,0.0,0.8096430821408188,0.8076923076923077,0.19230769230769232,17.586724325433035,324.0
point_gbdt_safety,FOODS_1_078_TX_2,1219.7287435565415,1219.7287435565415,0.0,0.0,1.0,1.0,0.0,15.637547994314636,43.0
point_gbdt_safety,FOODS_1_081_WI_1,1035.354458455689,1001.4945194630767,33.85993899261219,0.0,0.8989255552459338,0.9615384615384616,0.038461538461538464,12.8396733264497,67.0
point_gbdt_safety,FOODS_1_083_WI_3,1744.598417380591,1744.598417380591,0.0,0.0,1.0,1.0,0.0,22.366646376674243,92.0
point_gbdt_safety,FOODS_1_085_CA_4,3095.1207601955566,2106.028722677896,989.0920375176606,0.0,0.7141352492723524,0.6153846153846154,0.38461538461538464,27.000368239460204,692.0
point_gbdt_safety,FOODS_1_086_CA_2,1590.3366997863536,1501.2397757112376,89.09692407511592,0.0,0.9086185394101376,0.9102564102564102,0.08974358974358974,19.246663791169713,195.0
point_gbdt_safety,FOODS_1_086_WI_2,1556.1709272747921,1209.1509808887972,347.01994638599484,0.0,0.7256759317106761,0.782051282051282,0.21794871794871795,15.501935652420476,253.0
point_gbdt_safety,FOODS_1_089_CA_1,1094.4535600705044,1094.4535600705044,0.0,0.0,1.0,1.0,0.0,14.0314558983398,32.0
point_gbdt_safety,FOODS_1_091_TX_3,1427.7101049284804,1427.7101049284804,0.0,0.0,1.0,1.0,0.0,18.303975704211286,4.0
point_gbdt_safety,FOODS_1_094_WI_1,1093.9540233984342,1072.9545322767076,20.999491121726486,0.0,0.9363651784190107,0.9615384615384616,0.038461538461538464,13.755827336880866,66.0
point_gbdt_safety,FOODS_1_098_CA_2,1182.185020437335,1182.185020437335,0.0,0.0,1.0,1.0,0.0,15.156218210735064,13.0
point_gbdt_safety,FOODS_1_098_TX_1,978.8562272454867,939.7048512228129,39.1513760226738,0.0,0.8672834711095804,0.9358974358974359,0.0641025641025641,12.047498092600165,59.0
point_gbdt_safety,FOODS_1_099_CA_2,3105.2505597697623,2174.109565509768,931.1409942599944,0.0,0.7245144987396467,0.6794871794871795,0.32051282051282054,27.873199557817536,676.0
point_gbdt_safety,FOODS_1_099_TX_1,2571.356526006286,1901.8744364984668,669.4820895078194,0.0,0.6635768394433068,0.717948717948718,0.28205128205128205,24.38300559613419,398.0
point_gbdt_safety,FOODS_1_101_CA_1,1939.3060494904717,1939.3060494904717,0.0,0.0,1.0,1.0,0.0,24.862898070390663,0.0
point_gbdt_safety,FOODS_1_102_TX_2,1010.1517811678126,978.158876560896,31.992904606916515,0.0,0.9059032217443632,0.9102564102564102,0.08974358974358974,12.540498417447385,68.0
point_gbdt_safety,FOODS_1_106_CA_1,1174.0318818918486,1077.8172376352989,96.2146442565496,0.0,0.8234593683366062,0.8589743589743589,0.14102564102564102,13.818169713273063,109.0
point_gbdt_safety,FOODS_1_107_TX_2,1208.131540494389,1208.131540494389,0.0,0.0,1.0,1.0,0.0,15.488865903774217,28.0
point_gbdt_safety,FOODS_1_111_WI_2,1152.5728816409178,1152.5728816409178,0.0,0.0,1.0,1.0,0.0,14.776575405652792,9.0
point_gbdt_safety,FOODS_1_119_WI_1,1095.2214222549735,1055.1641315663694,40.057290688604006,0.0,0.8748209665981125,0.9230769230769231,0.07692307692307693,13.527745276491915,64.0
point_gbdt_safety,FOODS_1_122_WI_3,1051.957081873919,950.521323753318,101.43575812060081,0.0,0.7991371126324737,0.8717948717948718,0.1282051282051282,12.18617081735023,101.0
point_gbdt_safety,FOODS_1_131_CA_1,1062.4682618752138,1062.4682618752138,0.0,0.0,1.0,1.0,0.0,13.621387972759152,58.0
point_gbdt_safety,FOODS_1_132_WI_3,954.837304085801,922.8797420199668,31.957562065834146,0.0,0.8794054261666636,0.9230769230769231,0.07692307692307693,11.831791564358548,53.0
point_gbdt_safety,FOODS_1_134_CA_2,1022.7934181951825,1007.1670226125043,15.626395582678292,0.0,0.9519187828225283,0.9743589743589743,0.02564102564102564,12.912397725801338,65.0
point_gbdt_safety,FOODS_1_139_TX_3,1142.8870635663534,839.1083496761954,303.7787138901579,0.0,0.6733562216234862,0.7435897435897436,0.2564102564102564,10.757799354823018,186.0
point_gbdt_safety,FOODS_1_143_CA_1,1431.7124517554712,1354.792295350117,76.92015640535425,0.0,0.8759352316042673,0.9487179487179487,0.05128205128205128,17.369131991668166,124.0
point_gbdt_safety,FOODS_1_143_WI_2,1393.4302394212473,1393.4302394212473,0.0,0.0,1.0,1.0,0.0,17.86449024899035,34.0
point_gbdt_safety,FOODS_1_147_TX_2,1021.1246314386518,1021.1246314386518,0.0,0.0,1.0,1.0,0.0,13.091341428700664,35.0
point_gbdt_safety,FOODS_1_149_CA_3,1216.5115354303832,1205.1067943746714,11.404741055711902,0.0,0.982588181594333,0.9743589743589743,0.02564102564102564,15.450087107367581,131.0
point_gbdt_safety,FOODS_1_156_TX_3,1068.5506207671779,1068.5506207671779,0.0,0.0,1.0,1.0,0.0,13.699366932912536,48.0
point_gbdt_safety,FOODS_1_159_CA_4,1401.4969196953841,1401.4969196953841,0.0,0.0,1.0,1.0,0.0,17.9679092268639,14.0
point_gbdt_safety,FOODS_1_161_CA_4,3142.985647134907,2868.0330368456425,274.9526102892648,0.0,0.8231816011001513,0.8461538461538461,0.15384615384615385,36.76965431853388,311.0
point_gbdt_safety,FOODS_1_161_WI_3,2966.66234011247,2257.986865526783,708.6754745856872,0.0,0.7095592317271773,0.7051282051282052,0.2948717948717949,28.948549558035676,488.0
point_gbdt_safety,FOODS_1_168_WI_1,1047.9187903683273,1047.9187903683273,0.0,0.0,1.0,1.0,0.0,13.434856286773428,32.0
point_gbdt_safety,FOODS_1_174_TX_2,1019.5354755046399,1019.5354755046399,0.0,0.0,1.0,1.0,0.0,13.07096763467487,33.0
point_gbdt_safety,FOODS_1_175_CA_3,1334.2768171432128,1302.0422259592067,32.23459118400612,0.0,0.923250973371414,0.9358974358974359,0.0641025641025641,16.69284905075906,84.0
point_gbdt_safety,FOODS_1_183_CA_2,1248.2640421052542,1190.8450058737328,57.41903623152137,0.0,0.9173826816812641,0.8974358974358975,0.10256410256410256,15.267243665047857,139.0
point_gbdt_safety,FOODS_1_183_CA_4,1049.3897068143992,1020.7726055200319,28.617101294367444,0.0,0.9371052718805111,0.9615384615384616,0.038461538461538464,13.086828275897846,91.0
point_gbdt_safety,FOODS_1_185_WI_1,1235.9865628647901,1096.5290827153713,139.45748014941896,0.0,0.7768680317609297,0.8205128205128205,0.1794871794871795,14.05806516301758,125.0
point_gbdt_safety,FOODS_1_191_TX_1,1007.9072835373097,1004.4847178177532,3.4225657195565162,0.0,0.9828871714022174,0.9871794871794872,0.01282051282051282,12.878009202791707,40.0
point_gbdt_safety,FOODS_1_192_CA_4,1665.3219821575108,1665.3219821575108,0.0,0.0,1.0,1.0,0.0,21.35028182253219,3.0
point_gbdt_safety,FOODS_1_203_WI_1,1119.5030305901068,1119.5030305901068,0.0,0.0,1.0,1.0,0.0,14.352602956283421,54.0
point_gbdt_safety,FOODS_1_207_CA_4,989.4280649260796,906.0697338750425,83.35833105103714,0.0,0.8349339979187382,0.8846153846153846,0.11538461538461539,11.616278639423623,101.0
point_gbdt_safety,FOODS_1_208_WI_3,1020.9938659761957,969.2302915015953,51.76357447460045,0.0,0.8752684952419265,0.8974358974358975,0.10256410256410256,12.42602937822558,83.0
point_gbdt_safety,FOODS_1_209_CA_4,1558.3234166579923,1558.3234166579923,0.0,0.0,1.0,1.0,0.0,19.978505341769132,1.0
point_gbdt_safety,FOODS_1_214_TX_3,1266.3975062574048,1266.3975062574048,0.0,0.0,1.0,1.0,0.0,16.235865464838522,19.0
point_gbdt_safety,FOODS_1_215_CA_1,1283.967823759992,1144.307790079622,139.6600336803699,0.0,0.7437430574672111,0.8974358974358975,0.10256410256410256,14.670612693328488,109.0
point_gbdt_safety,FOODS_2_001_TX_1,1189.4885998070638,1128.6788739834776,60.80972582358623,0.0,0.856918292179797,0.9358974358974359,0.0641025641025641,14.470241974147148,85.0
point_gbdt_safety,FOODS_2_002_CA_3,1114.8341060455684,1049.5631871662554,65.270918879313,0.0,0.8549535136015267,0.8974358974358975,0.10256410256410256,13.455938297003273,90.0
point_gbdt_safety,FOODS_2_004_CA_1,1161.8767038436354,1095.612395138058,66.2643087055774,0.0,0.8772883172118937,0.9230769230769231,0.07692307692307693,14.04631275818023,108.0
point_gbdt_safety,FOODS_2_009_CA_1,1120.0998306759802,1120.0998306759802,0.0,0.0,1.0,1.0,0.0,14.360254239435644,77.0
point_gbdt_safety,FOODS_2_009_WI_1,1362.9170674241589,1200.2338962449041,162.68317117925477,0.0,0.7756094190630969,0.8333333333333334,0.16666666666666666,15.387614054421848,145.0
point_gbdt_safety,FOODS_2_012_CA_3,1319.620853613851,1319.620853613851,0.0,0.0,1.0,1.0,0.0,16.91821607197245,28.0
point_gbdt_safety,FOODS_2_014_CA_3,1255.6825892794113,1179.4720359442708,76.21055333514039,0.0,0.8444682584997135,0.8717948717948718,0.1282051282051282,15.121436358259883,98.0
point_gbdt_safety,FOODS_2_014_TX_1,1214.7050575646724,1214.7050575646724,0.0,0.0,1.0,1.0,0.0,15.573141763649646,29.0
point_gbdt_safety,FOODS_2_015_CA_1,1192.2487486403886,1181.9903827657247,10.258365874664026,0.0,0.9663660135256917,0.9743589743589743,0.02564102564102564,15.153722855970829,61.0
point_gbdt_safety,FOODS_2_017_WI_1,1073.4164488680346,1073.4164488680346,0.0,0.0,1.0,1.0,0.0,13.761749344461983,45.0
point_gbdt_safety,FOODS_2_017_WI_3,1259.9183886288176,1259.9183886288176,0.0,0.0,1.0,1.0,0.0,16.152799854215612,2.0
point_gbdt_safety,FOODS_2_024_CA_4,1159.0540632133527,1156.0673511751934,2.986712038159318,0.0,0.9906665248807521,0.9871794871794872,0.01282051282051282,14.821376297117864,64.0
point_gbdt_safety,FOODS_2_024_TX_2,1383.4342219519228,1383.4342219519228,0.0,0.0,1.0,1.0,0.0,17.736336178870804,37.0
point_gbdt_safety,FOODS_2_029_TX_3,1831.569661914479,1327.619837273799,503.94982464067994,0.0,0.6334910366249601,0.8333333333333334,0.16666666666666666,17.020767144535885,275.0
point_gbdt_safety,FOODS_2_031_TX_1,1863.9095258045934,1863.9095258045934,0.0,0.0,1.0,1.0,0.0,23.89627597185376,9.0
point_gbdt_safety,FOODS_2_034_WI_3,1246.4939347544919,1246.4939347544919,0.0,0.0,1.0,1.0,0.0,15.980691471211435,91.0
point_gbdt_safety,FOODS_2_043_TX_2,1160.0469447392657,1160.0469447392657,0.0,0.0,1.0,1.0,0.0,14.872396727426482,28.0
point_gbdt_safety,FOODS_2_045_TX_1,1285.3666693603036,1285.3666693603036,0.0,0.0,1.0,1.0,0.0,16.479059863593637,16.0
point_gbdt_safety,FOODS_2_046_CA_3,1214.9160810179126,1214.9160810179126,0.0,0.0,1.0,1.0,0.0,15.57584719253734,19.0
point_gbdt_safety,FOODS_2_047_CA_4,1109.0007156013899,1071.309300431246,37.69141517014391,0.0,0.8967358488489209,0.9358974358974359,0.0641025641025641,13.73473462091341,73.0
point_gbdt_safety,FOODS_2_047_WI_3,1147.2193108565154,1088.9600340031102,58.259276853405346,0.0,0.8403855428673827,0.9230769230769231,0.07692307692307693,13.961026076962952,73.0
point_gbdt_safety,FOODS_2_051_WI_3,1093.0481381771965,1042.3997750072454,50.64836316995109,0.0,0.8631125319731051,0.9230769230769231,0.07692307692307693,13.364099679580068,74.0
point_gbdt_safety,FOODS_2_055_TX_1,1051.858924911088,1051.858924911088,0.0,0.0,1.0,1.0,0.0,13.485370832193436,95.0
point_gbdt_safety,FOODS_2_067_CA_2,2077.299259402933,2077.299259402933,0.0,0.0,1.0,1.0,0.0,26.632041787217087,15.0
point_gbdt_safety,FOODS_2_067_WI_3,1580.8691716269125,1580.8691716269125,0.0,0.0,1.0,1.0,0.0,20.267553482396313,0.0
point_gbdt_safety,FOODS_2_082_TX_3,1559.389062677282,1413.4648117119352,145.92425096534686,0.0,0.8555205435986665,0.8974358974358975,0.10256410256410256,18.121343739896606,202.0
point_gbdt_safety,FOODS_2_084_WI_1,1212.5109647698373,1212.5109647698373,0.0,0.0,1.0,1.0,0.0,15.545012368844068,70.0
point_gbdt_safety,FOODS_2_085_TX_2,1110.1054499588279,1110.1054499588279,0.0,0.0,1.0,1.0,0.0,14.232121153318307,37.0
point_gbdt_safety,FOODS_2_087_WI_3,1192.561492955368,1192.561492955368,0.0,0.0,1.0,1.0,0.0,15.289249909684205,18.0
point_gbdt_safety,FOODS_2_100_WI_3,1158.864669493294,968.2870445771589,190.57762491613505,0.0,0.7238005435998043,0.8589743589743589,0.14102564102564102,12.413936468937935,138.0
point_gbdt_safety,FOODS_2_101_WI_1,1084.9328796967302,1047.7064864012373,37.226393295492954,0.0,0.9207949078819299,0.9487179487179487,0.05128205128205128,13.432134441041503,94.0
point_gbdt_safety,FOODS_2_104_CA_2,1161.3868636113164,1161.3868636113164,0.0,0.0,1.0,1.0,0.0,14.889575174504056,65.0
point_gbdt_safety,FOODS_2_105_TX_3,1153.0013425259237,1153.0013425259237,0.0,0.0,1.0,1.0,0.0,14.782068493922099,53.0
point_gbdt_safety,FOODS_2_107_CA_1,1145.9488788621118,1109.2000287861026,36.74885007600905,0.0,0.911448554033713,0.9358974358974359,0.0641025641025641,14.220513189565418,83.0
point_gbdt_safety,FOODS_2_107_CA_3,1528.7234463925065,1351.1989868215642,177.52445957094238,0.0,0.7016395637463153,0.8589743589743589,0.14102564102564102,17.3230639336098,119.0
point_gbdt_safety,FOODS_2_108_TX_1,1090.224120370208,1090.224120370208,0.0,0.0,1.0,1.0,0.0,13.977232312438565,42.0
point_gbdt_safety,FOODS_2_108_WI_2,1235.2808452591894,1110.5774768699175,124.70336838927197,0.0,0.819270480595258,0.8461538461538461,0.15384615384615385,14.238172780383557,138.0
point_gbdt_safety,FOODS_2_116_TX_3,1328.4616370107515,1328.4616370107515,0.0,0.0,1.0,1.0,0.0,17.031559448855788,76.0
point_gbdt_safety,FOODS_2_117_WI_2,1856.0390215645898,1656.8567144818626,199.18230708272714,0.0,0.8229490603709092,0.8717948717948718,0.1282051282051282,21.241752749767468,225.0
point_gbdt_safety,FOODS_2_118_CA_2,1004.5571131668681,1004.5571131668681,0.0,0.0,1.0,1.0,0.0,12.878937348293181,39.0
point_gbdt_safety,FOODS_2_118_CA_4,938.7256815701894,903.4854208976906,35.24026067249886,0.0,0.8644605358750044,0.9487179487179487,0.05128205128205128,11.583146421765264,52.0
point_gbdt_safety,FOODS_2_124_CA_4,1256.8548835917024,1256.8548835917024,0.0,0.0,1.0,1.0,0.0,16.11352414861157,21.0
point_gbdt_safety,FOODS_2_124_WI_2,1183.8167081150368,1183.8167081150368,0.0,0.0,1.0,1.0,0.0,15.177137283526113,18.0
point_gbdt_safety,FOODS_2_128_TX_3,6812.228970067587,6007.51518265207,804.7137874155177,0.0,0.5137681042806539,0.782051282051282,0.21794871794871795,77.01942541861628,331.0
point_gbdt_safety,FOODS_2_129_TX_2,1164.991756274481,1164.991756274481,0.0,0.0,1.0,1.0,0.0,14.935791747108732,16.0
point_gbdt_safety,FOODS_2_130_WI_2,1369.3894047979852,1302.0835943179598,67.30581048002534,0.0,0.9382515500183254,0.9230769230769231,0.07692307692307693,16.693379414332817,218.0
point_gbdt_safety,FOODS_2_132_TX_2,1185.5715074467357,1185.5715074467357,0.0,0.0,1.0,1.0,0.0,15.199634710855586,0.0
point_gbdt_safety,FOODS_2_133_TX_2,1090.5086417502548,1090.5086417502548,0.0,0.0,1.0,1.0,0.0,13.980880022439164,53.0
point_gbdt_safety,FOODS_2_133_TX_3,943.2111836873056,876.0099122652784,67.20127142202713,0.0,0.7759957619265763,0.8974358974358975,0.10256410256410256,11.230896311093314,60.0
point_gbdt_safety,FOODS_2_141_CA_3,1172.8269190648998,1123.8158301086612,49.01108895623867,0.0,0.9257407743087294,0.9230769230769231,0.07692307692307693,14.407895257803348,132.0
point_gbdt_safety,FOODS_2_146_WI_1,1132.4118606284528,1070.3002100608678,62.11165056758489,0.0,0.8929109472972674,0.9358974358974359,0.0641025641025641,13.721797564882921,116.0
point_gbdt_safety,FOODS_2_148_CA_2,1117.3395061284543,1117.3395061284543,0.0,0.0,1.0,1.0,0.0,14.324865463185311,58.0
point_gbdt_safety,FOODS_2_149_TX_1,1585.1153111569351,1270.8943419379796,314.2209692189557,0.0,0.7554700628646259,0.782051282051282,0.21794871794871795,16.29351720433307,257.0
point_gbdt_safety,FOODS_2_155_CA_4,1552.7543211845993,1552.7543211845993,0.0,0.0,1.0,1.0,0.0,19.907106681853836,10.0
point_gbdt_safety,FOODS_2_159_CA_1,1118.708640775985,1118.708640775985,0.0,0.0,1.0,1.0,0.0,14.342418471486988,30.0
point_gbdt_safety,FOODS_2_163_TX_3,1137.3275475714038,1116.0980561952292,21.229491376174536,0.0,0.9426229962806094,0.9615384615384616,0.038461538461538464,14.308949438400374,74.0
point_gbdt_safety,FOODS_2_165_CA_4,1131.3906363107196,1131.3906363107196,0.0,0.0,1.0,1.0,0.0,14.505008157829739,10.0
point_gbdt_safety,FOODS_2_165_TX_1,1187.7391987342037,1187.7391987342037,0.0,0.0,1.0,1.0,0.0,15.227425624797483,4.0
point_gbdt_safety,FOODS_2_166_TX_2,1938.9336388228282,1938.9336388228282,0.0,0.0,1.0,1.0,0.0,24.858123574651643,11.0
point_gbdt_safety,FOODS_2_169_TX_3,1237.662154535305,1237.662154535305,0.0,0.0,1.0,1.0,0.0,15.867463519683398,15.0
point_gbdt_safety,FOODS_2_172_CA_2,1037.9247478370264,941.9919614143231,95.93278642270334,0.0,0.8118964972103856,0.8974358974358975,0.10256410256410256,12.076820018132347,102.0
point_gbdt_safety,FOODS_2_176_WI_3,1267.6443134915096,1267.6443134915096,0.0,0.0,1.0,1.0,0.0,16.251850172968073,16.0
point_gbdt_safety,FOODS_2_177_WI_1,1235.7393622172342,1235.7393622172342,0.0,0.0,1.0,1.0,0.0,15.842812336118387,47.0
point_gbdt_safety,FOODS_2_182_TX_3,1222.9601860369226,1222.9601860369226,0.0,0.0,1.0,1.0,0.0,15.67897674406311,31.0
point_gbdt_safety,FOODS_2_183_CA_4,1570.3198470344007,1319.1179230794326,251.2019239549681,0.0,0.7776974124292317,0.8076923076923077,0.19230769230769232,16.91176824460811,226.0
point_gbdt_safety,FOODS_2_186_TX_1,1099.1857762941993,1099.1857762941993,0.0,0.0,1.0,1.0,0.0,14.092125337105118,38.0
point_gbdt_safety,FOODS_2_187_CA_1,1093.5852977597024,1093.5852977597024,0.0,0.0,1.0,1.0,0.0,14.020324330252594,48.0
point_gbdt_safety,FOODS_2_192_CA_2,1329.45915334106,1288.8282490002334,40.63090434082655,0.0,0.9299467166537474,0.9358974358974359,0.0641025641025641,16.52343908974658,116.0
point_gbdt_safety,FOODS_2_192_TX_1,1205.2896877422484,1205.2896877422484,0.0,0.0,1.0,1.0,0.0,15.45243189413139,20.0
point_gbdt_safety,FOODS_2_198_CA_4,1157.4103254596803,1157.4103254596803,0.0,0.0,1.0,1.0,0.0,14.838593916149748,20.0
point_gbdt_safety,FOODS_2_200_TX_1,1227.5475455613196,1227.5475455613196,0.0,0.0,1.0,1.0,0.0,15.737789045657943,30.0
point_gbdt_safety,FOODS_2_201_WI_3,1161.5744290723605,1069.4819964416697,92.09243263069095,0.0,0.8514638183375952,0.8846153846153846,0.11538461538461539,13.711307646688073,124.0
point_gbdt_safety,FOODS_2_202_WI_3,1095.5583544672334,1095.5583544672334,0.0,0.0,1.0,1.0,0.0,14.045619929067094,55.0
point_gbdt_safety,FOODS_2_204_CA_4,1386.6736777368728,1242.9285340186407,143.74514371823216,0.0,0.8288748289068666,0.8461538461538461,0.15384615384615385,15.934981205367189,168.0
point_gbdt_safety,FOODS_2_206_CA_3,1631.3588247081925,1590.6437778630386,40.715046845153786,0.0,0.9547610590609403,0.9358974358974359,0.0641025641025641,20.392868946962032,180.0
point_gbdt_safety,FOODS_2_207_CA_3,1280.2563520118742,1280.2563520118742,0.0,0.0,1.0,1.0,0.0,16.41354297451121,13.0
point_gbdt_safety,FOODS_2_208_TX_1,1251.8826078067705,1216.9173751822084,34.965232624562184,0.0,0.9470223748112694,0.9615384615384616,0.038461538461538464,15.601504810028313,132.0
point_gbdt_safety,FOODS_2_212_CA_2,1308.0799238815066,1279.5107832783335,28.569140603172993,0.0,0.949435149374915,0.9743589743589743,0.02564102564102564,16.403984401004276,113.0
point_gbdt_safety,FOODS_2_214_CA_3,1362.5445000129835,1362.5445000129835,0.0,0.0,1.0,1.0,0.0,17.468519230935687,36.0
point_gbdt_safety,FOODS_2_218_CA_4,1137.9133785589918,1137.9133785589918,0.0,0.0,1.0,1.0,0.0,14.588633058448613,49.0
point_gbdt_safety,FOODS_2_219_TX_1,1091.2531525235922,1091.2531525235922,0.0,0.0,1.0,1.0,0.0,13.990425032353746,38.0
point_gbdt_safety,FOODS_2_224_TX_2,1049.5588984366366,1049.5588984366366,0.0,0.0,1.0,1.0,0.0,13.455883313290213,53.0
point_gbdt_safety,FOODS_2_231_CA_1,1407.6036020199472,1407.6036020199472,0.0,0.0,1.0,1.0,0.0,18.04620002589676,40.0
point_gbdt_safety,FOODS_2_234_WI_3,1129.6096363405163,1129.6096363405163,0.0,0.0,1.0,1.0,0.0,14.482174824878415,16.0
point_gbdt_safety,FOODS_2_235_CA_2,1085.080035302769,1042.5405676673915,42.53946763537746,0.0,0.8999071349755824,0.9615384615384616,0.038461538461538464,13.365904713684507,85.0
point_gbdt_safety,FOODS_2_241_CA_3,3854.0927938023146,2478.628603494004,1375.4641903083107,0.0,0.6595385667553686,0.6282051282051282,0.3717948717948718,31.777289788384667,808.0
point_gbdt_safety,FOODS_2_241_WI_3,1693.2128398887785,1395.6965530798252,297.5162868089534,0.0,0.7828348271467493,0.8205128205128205,0.1794871794871795,17.89354555230545,274.0
point_gbdt_safety,FOODS_2_242_CA_3,1427.9955031323361,1366.5469654529948,61.44853767934137,0.0,0.8931329779489715,0.9230769230769231,0.07692307692307693,17.51983289042301,115.0
point_gbdt_safety,FOODS_2_242_WI_1,1442.5540025628713,1177.9787337848518,264.57526877801956,0.0,0.6941326372508445,0.8589743589743589,0.14102564102564102,15.102291458780151,173.0
point_gbdt_safety,FOODS_2_250_WI_2,1220.3836527612377,1213.9140896567883,6.469563104449332,0.0,0.9780692776120361,0.9743589743589743,0.02564102564102564,15.563001149446004,59.0
point_gbdt_safety,FOODS_2_253_CA_1,1097.0980113244989,1027.791476920509,69.30653440398997,0.0,0.852539288502149,0.9230769230769231,0.07692307692307693,13.176813806673193,94.0
point_gbdt_safety,FOODS_2_254_TX_3,1115.9907592983693,1087.9688441067551,28.021915191614237,0.0,0.8901101365034735,0.9358974358974359,0.0641025641025641,13.948318514189168,51.0
point_gbdt_safety,FOODS_2_254_WI_1,939.057640644307,939.057640644307,0.0,0.0,1.0,1.0,0.0,12.039200521080858,27.0
point_gbdt_safety,FOODS_2_255_TX_2,2503.000000000002,2493.0000000000023,9.999999999999432,0.0,0.9677419354838728,0.9743589743589743,0.02564102564102564,31.961538461538492,62.0
point_gbdt_safety,FOODS_2_261_WI_2,1255.6497298837933,1255.6497298837933,0.0,0.0,1.0,1.0,0.0,16.09807346004863,89.0
point_gbdt_safety,FOODS_2_270_CA_3,1196.3137612096582,1196.3137612096582,0.0,0.0,1.0,1.0,0.0,15.337355912944336,18.0
point_gbdt_safety,FOODS_2_270_WI_2,1021.6053955022949,1021.6053955022949,0.0,0.0,1.0,1.0,0.0,13.097505070542242,35.0
point_gbdt_safety,FOODS_2_271_WI_2,1166.8507706794587,1166.8507706794587,0.0,0.0,1.0,1.0,0.0,14.959625265121266,13.0
point_gbdt_safety,FOODS_2_273_TX_3,1137.5996123986502,1137.5996123986502,0.0,0.0,1.0,1.0,0.0,14.58461041536731,16.0
point_gbdt_safety,FOODS_2_274_CA_3,1988.963379893667,1797.8017451879193,191.1616347057477,0.0,0.8488840832365631,0.8846153846153846,0.11538461538461539,23.048740322922043,253.0
point_gbdt_safety,FOODS_2_274_TX_2,1625.4482679816765,1597.4072603702234,28.041007611452997,0.0,0.9587632241008045,0.9743589743589743,0.02564102564102564,20.47958026115671,136.0
point_gbdt_safety,FOODS_2_278_CA_4,1127.0940147545623,1077.1683203921652,49.925694362397124,0.0,0.8335810187920096,0.9358974358974359,0.0641025641025641,13.809850261438015,60.0
point_gbdt_safety,FOODS_2_284_TX_3,1214.0278105511063,1214.0278105511063,0.0,0.0,1.0,1.0,0.0,15.564459109629569,25.0
point_gbdt_safety,FOODS_2_284_WI_2,1120.8012323538815,1100.368418182564,20.432814171317464,0.0,0.922895040862953,0.9487179487179487,0.05128205128205128,14.107287412596975,53.0
point_gbdt_safety,FOODS_2_290_WI_1,1198.466992774408,1085.880482730049,112.58651004435912,0.0,0.8391621285080584,0.8974358974358975,0.10256410256410256,13.921544650385243,140.0
point_gbdt_safety,FOODS_2_298_TX_2,1231.5054077296334,1231.5054077296334,0.0,0.0,1.0,1.0,0.0,15.788530868328634,41.0
point_gbdt_safety,FOODS_2_306_TX_1,1136.655992630101,1136.655992630101,0.0,0.0,1.0,1.0,0.0,14.572512726026938,48.0
point_gbdt_safety,FOODS_2_309_TX_2,1117.7255877623813,1075.0949549320658,42.630632830315456,0.0,0.8477477398917305,0.9230769230769231,0.07692307692307693,13.783268652975202,56.0
point_gbdt_safety,FOODS_2_311_WI_3,1156.6561940617803,1083.1523050046358,73.50388905714462,0.0,0.8384529910831987,0.8846153846153846,0.11538461538461539,13.886568012879946,91.0
point_gbdt_safety,FOODS_2_312_CA_1,1247.7739368256691,1247.7739368256691,0.0,0.0,1.0,1.0,0.0,15.997101754175246,31.0
point_gbdt_safety,FOODS_2_312_TX_2,1150.4792315404948,1143.1625625764254,7.316668964069386,0.0,0.9793896648899455,0.9743589743589743,0.02564102564102564,14.655930289441352,71.0
point_gbdt_safety,FOODS_2_313_CA_4,1322.4524832993827,1322.4524832993827,0.0,0.0,1.0,1.0,0.0,16.954519016658754,2.0
point_gbdt_safety,FOODS_2_321_WI_1,1020.6601715173383,985.406034558474,35.254136958864315,0.0,0.8963113618856932,0.9230769230769231,0.07692307692307693,12.633410699467614,68.0
point_gbdt_safety,FOODS_2_325_WI_3,2647.8985698457955,1921.1115742551533,726.7869955906419,0.0,0.7166522434344476,0.7307692307692307,0.2692307692307692,24.62963556737376,513.0
point_gbdt_safety,FOODS_2_326_WI_1,2117.3864428791185,1614.6854939784423,502.70094890067594,0.0,0.8059069695364186,0.7564102564102564,0.24358974358974358,20.701096076646696,518.0
point_gbdt_safety,FOODS_2_329_TX_3,1171.4129395176121,1171.4129395176121,0.0,0.0,1.0,1.0,0.0,15.018114609200156,19.0
point_gbdt_safety,FOODS_2_332_TX_2,1266.7188186361777,1266.7188186361777,0.0,0.0,1.0,1.0,0.0,16.23998485430997,46.0
point_gbdt_safety,FOODS_2_332_WI_1,1072.980862265418,1072.980862265418,0.0,0.0,1.0,1.0,0.0,13.756164900838693,37.0
point_gbdt_safety,FOODS_2_338_TX_3,1203.904768596372,1133.942418190588,69.96235040578405,0.0,0.8833960826570266,0.9102564102564102,0.08974358974358974,14.537723310135743,120.0
point_gbdt_safety,FOODS_2_340_WI_2,1277.0659018879592,1245.1216662767747,31.94423561118441,0.0,0.9305560095409035,0.9358974358974359,0.0641025641025641,15.963098285599676,92.0
point_gbdt_safety,FOODS_2_342_CA_3,2248.6147867504797,1771.0788259586175,477.5359607918622,0.0,0.7736796394351365,0.782051282051282,0.21794871794871795,22.70613879434125,422.0
point_gbdt_safety,FOODS_2_347_WI_3,3675.433239695526,2593.487595983753,1081.9456437117728,0.0,0.677031151130814,0.7051282051282052,0.2948717948717949,33.24984097415068,670.0
point_gbdt_safety,FOODS_2_350_WI_2,1336.285606749056,1336.285606749056,0.0,0.0,1.0,1.0,0.0,17.131866753193023,29.0
point_gbdt_safety,FOODS_2_351_CA_1,1031.582253461647,1024.9817352509867,6.600518210660304,0.0,0.9746133914974604,0.9871794871794872,0.01282051282051282,13.140791477576753,52.0
point_gbdt_safety,FOODS_2_354_CA_4,1079.4145496392814,1079.4145496392814,0.0,0.0,1.0,1.0,0.0,13.83864807229848,19.0
point_gbdt_safety,FOODS_2_355_WI_2,1224.559972431559,1133.6528341297244,90.90713830183454,0.0,0.881167139474726,0.8974358974358975,0.10256410256410256,14.534010693970826,153.0
point_gbdt_safety,FOODS_2_356_CA_2,1235.9965342289036,1167.2881220813192,68.70841214758435,0.0,0.898958217430023,0.9230769230769231,0.07692307692307693,14.965232334375887,136.0
point_gbdt_safety,FOODS_2_370_CA_2,1025.678032859876,1008.4018251887292,17.276207671147006,0.0,0.9264842226759702,0.9615384615384616,0.038461538461538464,12.92822852806063,47.0
point_gbdt_safety,FOODS_2_370_CA_3,1288.7647979173187,1288.7647979173187,0.0,0.0,1.0,1.0,0.0,16.5226256143246,36.0
point_gbdt_safety,FOODS_2_371_WI_3,2898.9350818373177,2243.7171740576455,655.2179077796723,0.0,0.7913318765032891,0.7564102564102564,0.24358974358974358,28.76560479561084,628.0
point_gbdt_safety,FOODS_2_376_TX_1,1168.0544717978223,1168.0544717978223,0.0,0.0,1.0,1.0,0.0,14.975057330741311,47.0
point_gbdt_safety,FOODS_2_386_CA_2,1093.8933707278295,1089.516119835005,4.377250892824627,0.0,0.9821336698252056,0.9871794871794872,0.01282051282051282,13.968155382500063,49.0
point_gbdt_safety,FOODS_2_387_WI_2,1217.3462298320098,1217.3462298320098,0.0,0.0,1.0,1.0,0.0,15.60700294656423,111.0
point_gbdt_safety,FOODS_2_389_TX_2,1384.9396201506622,1384.9396201506622,0.0,0.0,1.0,1.0,0.0,17.755636155777722,3.0
point_gbdt_safety,FOODS_2_390_CA_4,1473.044614276685,1473.044614276685,0.0,0.0,1.0,1.0,0.0,18.885187362521602,4.0
point_gbdt_safety,FOODS_2_399_TX_2,1231.5704557163176,1205.9864684674242,25.583987248893507,0.0,0.9526222458353824,0.9615384615384616,0.038461538461538464,15.461364980351592,108.0
point_gbdt_safety,FOODS_3_003_WI_3,1017.5153456327965,1015.8651983898305,1.6501472429660424,0.0,0.9902932515119645,0.9871794871794872,0.01282051282051282,13.023912799869622,34.0
point_gbdt_safety,FOODS_3_009_CA_4,1136.9239898695453,1136.9239898695453,0.0,0.0,1.0,1.0,0.0,14.575948588071093,48.0
point_gbdt_safety,FOODS_3_009_TX_2,1271.8732680232924,1271.8732680232924,0.0,0.0,1.0,1.0,0.0,16.30606753876016,76.0
point_gbdt_safety,FOODS_3_011_CA_1,1310.553837581706,1044.985743591619,265.56809399008705,0.0,0.7690712226173156,0.782051282051282,0.21794871794871795,13.397253122969474,230.0
point_gbdt_safety,FOODS_3_014_CA_1,1424.5897481804661,1424.5897481804661,0.0,0.0,1.0,1.0,0.0,18.263971130518797,2.0
point_gbdt_safety,FOODS_3_019_TX_2,1299.816550597833,1299.816550597833,0.0,0.0,1.0,1.0,0.0,16.664314751254267,48.0
point_gbdt_safety,FOODS_3_022_CA_1,1187.7384882438043,1187.7384882438043,0.0,0.0,1.0,1.0,0.0,15.22741651594621,29.0
point_gbdt_safety,FOODS_3_023_TX_1,1068.7253959668592,1024.3043357542508,44.42106021260848,0.0,0.8942355709223607,0.9358974358974359,0.0641025641025641,13.132106868644241,84.0
point_gbdt_safety,FOODS_3_023_TX_3,1112.614118875858,1112.614118875858,0.0,0.0,1.0,1.0,0.0,14.264283575331511,60.0
point_gbdt_safety,FOODS_3_023_WI_2,1135.269239264497,1135.269239264497,0.0,0.0,1.0,1.0,0.0,14.55473383672432,53.0
point_gbdt_safety,FOODS_3_024_TX_3,1677.0050255247868,1674.724800808913,2.2802247158737643,0.0,0.9976613079837192,0.9743589743589743,0.02564102564102564,21.47083077960145,195.0
point_gbdt_safety,FOODS_3_024_WI_1,2369.890484313064,2318.0405512179586,51.849933095105456,0.0,0.8617335117463855,0.9743589743589743,0.02564102564102564,29.718468605358446,75.0
point_gbdt_safety,FOODS_3_026_CA_1,1333.7824411493193,1224.2302589571686,109.55218219215062,0.0,0.8726137416370342,0.8974358974358975,0.10256410256410256,15.69525973022011,172.0
point_gbdt_safety,FOODS_3_030_TX_3,6661.019223468812,4150.991307926963,2510.0279155418493,0.0,0.7001161391228377,0.6282051282051282,0.3717948717948718,53.2178372811149,1674.0
point_gbdt_safety,FOODS_3_034_CA_1,1158.992955101169,1053.6848719909913,105.30808311017768,0.0,0.8527159676780732,0.8974358974358975,0.10256410256410256,13.508780410140913,143.0
point_gbdt_safety,FOODS_3_035_WI_1,1239.395806595554,1239.395806595554,0.0,0.0,1.0,1.0,0.0,15.889689828148127,61.0
point_gbdt_safety,FOODS_3_036_CA_4,1359.054486786501,1359.054486786501,0.0,0.0,1.0,1.0,0.0,17.42377547162181,9.0
point_gbdt_safety,FOODS_3_038_CA_4,1101.041096444845,1072.8252804273864,28.21581601745848,0.0,0.9182150260363522,0.9615384615384616,0.038461538461538464,13.754170261889568,69.0
point_gbdt_safety,FOODS_3_038_WI_1,1122.3221823389492,1088.8862054368649,33.4359769020843,0.0,0.9071222863830992,0.9615384615384616,0.038461538461538464,13.960079556882883,72.0
point_gbdt_safety,FOODS_3_040_WI_1,986.9417099279428,827.0812121992849,159.8604977286579,0.0,0.6447544494918713,0.8333333333333334,0.16666666666666666,10.603605284606216,90.0
point_gbdt_safety,FOODS_3_048_TX_1,1480.520467868102,1480.520467868102,0.0,0.0,1.0,1.0,0.0,18.981031639334642,64.0
point_gbdt_safety,FOODS_3_048_TX_3,1376.827876756864,1376.827876756864,0.0,0.0,1.0,1.0,0.0,17.65163944560082,109.0
point_gbdt_safety,FOODS_3_049_TX_1,1260.0567139136303,1260.0567139136303,0.0,0.0,1.0,1.0,0.0,16.154573255302953,28.0
point_gbdt_safety,FOODS_3_050_CA_2,1119.484996112031,1119.484996112031,0.0,0.0,1.0,1.0,0.0,14.352371745026039,67.0
point_gbdt_safety,FOODS_3_053_CA_4,1237.6701101208685,1156.010741452283,81.65936866858561,0.0,0.8164958007447515,0.9230769230769231,0.07692307692307693,14.820650531439524,89.0
point_gbdt_safety,FOODS_3_054_WI_3,1178.0948820356887,1178.0948820356887,0.0,0.0,1.0,1.0,0.0,15.103780538919086,0.0
point_gbdt_safety,FOODS_3_057_WI_3,1144.773390545974,1144.773390545974,0.0,0.0,1.0,1.0,0.0,14.67658193007659,20.0
point_gbdt_safety,FOODS_3_066_CA_4,1761.6262747043284,1378.1333572799538,383.4929174243747,0.0,0.7241058148026082,0.7564102564102564,0.24358974358974358,17.66837637538402,278.0
point_gbdt_safety,FOODS_3_066_TX_3,1566.2099652144093,1283.9268551142554,282.2831101001539,0.0,0.7777298345668079,0.782051282051282,0.21794871794871795,16.46060070659302,254.0
point_gbdt_safety,FOODS_3_067_CA_4,1098.0181441762136,1065.0840263945452,32.934117781668505,0.0,0.9242893844099574,0.9487179487179487,0.05128205128205128,13.654923415314682,87.0
point_gbdt_safety,FOODS_3_072_WI_3,1038.7953125714384,1038.7953125714384,0.0,0.0,1.0,1.0,0.0,13.317888622710749,36.0
point_gbdt_safety,FOODS_3_074_CA_2,1235.8887768636725,1055.3725867401326,180.51619012353999,0.0,0.802714546313071,0.8333333333333334,0.16666666666666666,13.530417778719649,183.0
point_gbdt_safety,FOODS_3_091_TX_1,968.9274279601386,966.3026186175407,2.6248093425979313,0.0,0.9885877854669656,0.9871794871794872,0.01282051282051282,12.38849511048129,46.0
point_gbdt_safety,FOODS_3_091_WI_1,998.4610599943545,998.4610599943545,0.0,0.0,1.0,1.0,0.0,12.800782820440443,29.0
point_gbdt_safety,FOODS_3_094_TX_2,1209.6568399388666,1176.607867423184,33.04897251568258,0.0,0.933234398958217,0.9358974358974359,0.0641025641025641,15.084716249015178,99.0
point_gbdt_safety,FOODS_3_101_WI_3,1683.8982244661574,1352.2154427217588,331.68278174439877,0.0,0.7613792937090657,0.7692307692307693,0.23076923076923078,17.33609541950973,278.0
point_gbdt_safety,FOODS_3_102_WI_2,1214.281006755649,1157.1126932408993,57.168313514749784,0.0,0.896057611791364,0.9487179487179487,0.05128205128205128,14.834778118473068,110.0
point_gbdt_safety,FOODS_3_103_TX_1,1130.5055507241657,1130.5055507241657,0.0,0.0,1.0,1.0,0.0,14.493660906720073,23.0
point_gbdt_safety,FOODS_3_103_WI_1,1211.6220471763868,1118.4711484608738,93.1508987155131,0.0,0.8640132865466962,0.8589743589743589,0.14102564102564102,14.339373698216331,137.0
point_gbdt_safety,FOODS_3_110_WI_1,1098.6833010150567,1098.6833010150567,0.0,0.0,1.0,1.0,0.0,14.085683346346881,24.0
point_gbdt_safety,FOODS_3_111_TX_1,1104.842732199181,1104.842732199181,0.0,0.0,1.0,1.0,0.0,14.164650412810014,18.0
point_gbdt_safety,FOODS_3_111_WI_1,1180.2785870180148,1180.2785870180148,0.0,0.0,1.0,1.0,0.0,15.131776756641216,32.0
point_gbdt_safety,FOODS_3_117_CA_4,1030.5299943510468,997.9399962786541,32.58999807239274,0.0,0.91643590237848,0.9487179487179487,0.05128205128205128,12.794102516393002,78.0
point_gbdt_safety,FOODS_3_120_TX_1,5136.0788996393,2932.6073186979565,2203.4715809413433,0.0,0.5316744780145923,0.6153846153846154,0.38461538461538464,37.59752972689688,941.0
point_gbdt_safety,FOODS_3_125_CA_1,1453.397379785382,1453.397379785382,0.0,0.0,1.0,1.0,0.0,18.633299740838233,48.0
point_gbdt_safety,FOODS_3_126_WI_1,1254.2301036420074,1208.1965755125716,46.03352812943587,0.0,0.9263463549929026,0.9487179487179487,0.05128205128205128,15.48969968605861,125.0
point_gbdt_safety,FOODS_3_133_CA_1,2565.7666429078135,1629.3590464829017,936.4075964249118,0.0,0.6714359310789783,0.6666666666666666,0.3333333333333333,20.889218544652586,570.0
point_gbdt_safety,FOODS_3_133_CA_2,1878.5165197541362,1284.7288845300027,593.7876352241335,0.0,0.7378421036538042,0.6538461538461539,0.34615384615384615,16.470883135000033,453.0
point_gbdt_safety,FOODS_3_133_TX_1,1709.0585432727003,1470.194804895322,238.86373837737818,0.0,0.7623246384304695,0.8076923076923077,0.19230769230769232,18.84865134481182,201.0
point_gbdt_safety,FOODS_3_134_TX_1,1748.6268944058497,1349.3101007082298,399.3167936976199,0.0,0.7623114323228454,0.8205128205128205,0.1794871794871795,17.298847444977305,336.0
point_gbdt_safety,FOODS_3_136_CA_1,1759.8566506675256,1299.182667647893,460.6739830196327,0.0,0.7516582301780954,0.6923076923076923,0.3076923076923077,16.65618804676786,371.0
point_gbdt_safety,FOODS_3_138_WI_3,1214.2225527496184,1034.2861544316693,179.93639831794923,0.0,0.7845073074036536,0.8461538461538461,0.15384615384615385,13.260078902970118,167.0
point_gbdt_safety,FOODS_3_141_TX_3,1169.0726563768865,1169.0726563768865,0.0,0.0,1.0,1.0,0.0,14.988110979190852,22.0
point_gbdt_safety,FOODS_3_154_CA_1,1197.671330214806,1197.671330214806,0.0,0.0,1.0,1.0,0.0,15.354760643779564,30.0
point_gbdt_safety,FOODS_3_155_TX_1,1139.5672909858908,1139.5672909858908,0.0,0.0,1.0,1.0,0.0,14.609837063921677,18.0
point_gbdt_safety,FOODS_3_157_CA_2,1291.3036828638137,1291.3036828638137,0.0,0.0,1.0,1.0,0.0,16.555175421330944,60.0
point_gbdt_safety,FOODS_3_158_WI_3,1134.5667260296884,1134.5667260296884,0.0,0.0,1.0,1.0,0.0,14.545727256790878,29.0
point_gbdt_safety,FOODS_3_160_CA_1,1066.3233535194759,961.1109212591168,105.21243226035915,0.0,0.41548648744244915,0.9102564102564102,0.08974358974358974,12.321934887937395,36.0
point_gbdt_safety,FOODS_3_160_TX_1,1160.4966199133405,1160.4966199133405,0.0,0.0,1.0,1.0,0.0,14.878161793760777,0.0
point_gbdt_safety,FOODS_3_160_WI_2,1015.3236496502495,1015.3236496502495,0.0,0.0,1.0,1.0,0.0,13.016969867310891,13.0
point_gbdt_safety,FOODS_3_161_WI_1,1258.0780360393803,1258.0780360393803,0.0,0.0,1.0,1.0,0.0,16.129205590248464,19.0
point_gbdt_safety,FOODS_3_162_WI_2,1212.5067777028614,1212.5067777028614,0.0,0.0,1.0,1.0,0.0,15.544958688498223,61.0
point_gbdt_safety,FOODS_3_163_TX_2,991.4389012304993,929.0313736197413,62.407527610757896,0.0,0.856534419285614,0.8846153846153846,0.11538461538461539,11.91065863615053,87.0
point_gbdt_safety,FOODS_3_169_TX_3,1372.802236095799,1307.5789209016007,65.22331519419829,0.0,0.9152943958516906,0.8974358974358975,0.10256410256410256,16.76383231925129,154.0
point_gbdt_safety,FOODS_3_171_WI_2,1181.064009165352,1181.064009165352,0.0,0.0,1.0,1.0,0.0,15.141846271350667,15.0
point_gbdt_safety,FOODS_3_172_CA_3,1475.5943479462162,1410.26429962703,65.33004831918632,0.0,0.9212890984106189,0.9102564102564102,0.08974358974358974,18.080311533679872,166.0
point_gbdt_safety,FOODS_3_172_TX_3,1514.692779537124,1433.222560983199,81.47021855392495,0.0,0.8595341059415087,0.9102564102564102,0.08974358974358974,18.37464821773332,116.0
point_gbdt_safety,FOODS_3_176_WI_3,1126.8793102373093,1126.8793102373093,0.0,0.0,1.0,1.0,0.0,14.447170644068068,45.0
point_gbdt_safety,FOODS_3_178_WI_2,1211.6512773356783,1100.0488355184987,111.60244181717968,0.0,0.8092265951843082,0.8717948717948718,0.1282051282051282,14.103190198955112,117.0
point_gbdt_safety,FOODS_3_180_WI_1,1145.0087130638603,1145.0087130638603,0.0,0.0,1.0,1.0,0.0,14.679598885434107,61.0
point_gbdt_safety,FOODS_3_184_WI_3,1330.4015553754548,1168.8031107509091,161.59844462454558,0.0,0.4787146947595304,0.8205128205128205,0.1794871794871795,14.984655266037297,62.0
point_gbdt_safety,FOODS_3_192_TX_2,1235.239403050572,1196.0032479007602,39.2361551498119,0.0,0.9386935075784189,0.9615384615384616,0.038461538461538464,15.33337497308667,128.0
point_gbdt_safety,FOODS_3_197_WI_1,1197.9800915550143,1197.9800915550143,0.0,0.0,1.0,1.0,0.0,15.358719122500183,32.0
point_gbdt_safety,FOODS_3_198_TX_2,1249.0647311154398,1249.0647311154398,0.0,0.0,1.0,1.0,0.0,16.013650398915896,2.0
point_gbdt_safety,FOODS_3_198_WI_3,1229.9314144730943,1229.9314144730943,0.0,0.0,1.0,1.0,0.0,15.768351467603773,4.0
point_gbdt_safety,FOODS_3_199_CA_2,1197.2324954156945,1154.9735091284442,42.25898628725034,0.0,0.8121822831677763,0.9230769230769231,0.07692307692307693,14.807352681133901,45.0
point_gbdt_safety,FOODS_3_199_TX_1,1035.1994368769024,1035.1994368769024,0.0,0.0,1.0,1.0,0.0,13.27178765226798,27.0
point_gbdt_safety,FOODS_3_204_CA_2,1014.9130976790218,1014.9130976790218,0.0,0.0,1.0,1.0,0.0,13.01170638050028,64.0
point_gbdt_safety,FOODS_3_204_CA_4,1272.9921947827536,1272.9921947827536,0.0,0.0,1.0,1.0,0.0,16.320412753625046,47.0
point_gbdt_safety,FOODS_3_205_TX_1,1935.1984264784553,1935.1984264784553,0.0,0.0,1.0,1.0,0.0,24.810236236903272,10.0
point_gbdt_safety,FOODS_3_208_WI_3,976.5637171492865,906.1727069557123,70.39101019357419,0.0,0.8452944830910458,0.8717948717948718,0.1282051282051282,11.617598807124518,91.0
point_gbdt_safety,FOODS_3_209_TX_2,1258.0803977595422,1258.0803977595422,0.0,0.0,1.0,1.0,0.0,16.12923586871208,13.0
point_gbdt_safety,FOODS_3_210_TX_1,1254.3414806145124,1254.3414806145124,0.0,0.0,1.0,1.0,0.0,16.08130103351939,0.0
point_gbdt_safety,FOODS_3_211_CA_1,1278.7036788526602,1042.277970158621,236.42570869403932,0.0,0.6716309601471676,0.782051282051282,0.21794871794871795,13.362538078956678,144.0
point_gbdt_safety,FOODS_3_215_CA_3,1456.3781514520624,1353.7470053919533,102.63114606010905,0.0,0.8872185208130671,0.9230769230769231,0.07692307692307693,17.355730838358376,182.0
point_gbdt_safety,FOODS_3_215_CA_4,1211.9571569696834,1091.4882193249325,120.46893764475087,0.0,0.7705353568671413,0.8461538461538461,0.15384615384615385,13.993438709294006,105.0
point_gbdt_safety,FOODS_3_224_CA_1,1100.8927357520945,943.0048056580578,157.88793009403668,0.0,0.7988688788610998,0.7948717948717948,0.20512820512820512,12.08980520074433,157.0
point_gbdt_safety,FOODS_3_229_CA_1,1236.6558516483901,1236.6558516483901,0.0,0.0,1.0,1.0,0.0,15.854562200620386,51.0
point_gbdt_safety,FOODS_3_232_WI_3,1236.2023294363632,1236.2023294363632,0.0,0.0,1.0,1.0,0.0,15.848747813286709,55.0
point_gbdt_safety,FOODS_3_237_WI_3,1240.3946108190657,1240.3946108190657,0.0,0.0,1.0,1.0,0.0,15.902495010500843,58.0
point_gbdt_safety,FOODS_3_239_CA_4,1040.6449478172315,1033.238740135165,7.406207682066519,0.0,0.9730683357015762,0.9871794871794872,0.01282051282051282,13.246650514553398,55.0
point_gbdt_safety,FOODS_3_240_TX_3,1082.7639697069983,1057.1571678380287,25.606801868969633,0.0,0.9257773858870445,0.9743589743589743,0.02564102564102564,13.55329702356447,69.0
point_gbdt_safety,FOODS_3_243_WI_1,1275.2418465620128,1275.2418465620128,0.0,0.0,1.0,1.0,0.0,16.34925444310273,19.0
point_gbdt_safety,FOODS_3_246_CA_2,1204.5903964184408,1118.1696449519827,86.420751466458,0.0,0.8747525341065826,0.9102564102564102,0.08974358974358974,14.335508268615163,138.0
point_gbdt_safety,FOODS_3_246_TX_2,1131.175846285452,1131.175846285452,0.0,0.0,1.0,1.0,0.0,14.502254439557078,59.0
point_gbdt_safety,FOODS_3_247_CA_3,1240.3232249462087,1145.6824693258977,94.6407556203109,0.0,0.7773158691286802,0.8974358974358975,0.10256410256410256,14.688236786229458,85.0
point_gbdt_safety,FOODS_3_255_WI_2,1228.6820744594395,1228.6820744594395,0.0,0.0,1.0,1.0,0.0,15.752334287941531,25.0
point_gbdt_safety,FOODS_3_256_WI_1,1204.9979273907318,1204.9979273907318,0.0,0.0,1.0,1.0,0.0,15.448691376804254,9.0
point_gbdt_safety,FOODS_3_257_TX_2,1135.3619433768697,1076.9375336677288,58.4244097091409,0.0,0.9226166758819326,0.9230769230769231,0.07692307692307693,13.806891457278574,151.0
point_gbdt_safety,FOODS_3_258_CA_3,2157.459244554717,1721.4748370212444,435.98440753347256,0.0,0.7249309731650015,0.782051282051282,0.21794871794871795,22.070190218221082,317.0
point_gbdt_safety,FOODS_3_258_TX_1,1505.7391726151027,1383.9611251539884,121.7780474611142,0.0,0.8823400507622084,0.8333333333333334,0.16666666666666666,17.743091348128058,207.0
point_gbdt_safety,FOODS_3_258_TX_2,1520.8538771541328,1418.6817816172788,102.17209553685393,0.0,0.9031544118134086,0.8974358974358975,0.10256410256410256,18.188227969452292,211.0
point_gbdt_safety,FOODS_3_258_WI_2,1858.7503635542027,1356.4297040160598,502.32065953814293,0.0,0.7177973822819421,0.7435897435897436,0.2564102564102564,17.390124410462306,356.0
point_gbdt_safety,FOODS_3_265_TX_3,1251.151450837909,1251.151450837909,0.0,0.0,1.0,1.0,0.0,16.040403215870626,80.0
point_gbdt_safety,FOODS_3_265_WI_2,1183.9653878464967,1183.9653878464967,0.0,0.0,1.0,1.0,0.0,15.179043433929445,68.0
point_gbdt_safety,FOODS_3_270_WI_3,1090.6024408863834,1090.6024408863834,0.0,0.0,1.0,1.0,0.0,13.982082575466453,31.0
point_gbdt_safety,FOODS_3_271_WI_2,1507.5483378150716,1507.5483378150716,0.0,0.0,1.0,1.0,0.0,19.327542792500918,49.0
point_gbdt_safety,FOODS_3_277_CA_4,1139.7171119646557,1062.9510026051453,76.76610935951047,0.0,0.8104540509641717,0.8846153846153846,0.11538461538461539,13.627576956476222,81.0
point_gbdt_safety,FOODS_3_278_WI_2,2203.073100262426,1688.6724095564873,514.400690705939,0.0,0.7667117048952657,0.7948717948717948,0.20512820512820512,21.64964627636522,441.0
point_gbdt_safety,FOODS_3_279_TX_3,1168.0323190833913,1168.0323190833913,0.0,0.0,1.0,1.0,0.0,14.974773321581939,14.0
point_gbdt_safety,FOODS_3_280_WI_3,1023.7241731120406,983.0258984614389,40.69827465060168,0.0,0.8665630339324535,0.9102564102564102,0.08974358974358974,12.602896134121012,61.0
point_gbdt_safety,FOODS_3_282_WI_3,12112.67210245506,8799.771718378915,3312.9003840761443,0.0,0.7097765760774293,0.6923076923076923,0.3076923076923077,112.81758613306302,2283.0
point_gbdt_safety,FOODS_3_286_TX_3,1211.4073783015035,1211.4073783015035,0.0,0.0,1.0,1.0,0.0,15.53086382437825,34.0
point_gbdt_safety,FOODS_3_286_WI_3,1134.2195485578613,1134.2195485578613,0.0,0.0,1.0,1.0,0.0,14.541276263562326,69.0
point_gbdt_safety,FOODS_3_289_TX_3,1177.2077588603352,1177.2077588603352,0.0,0.0,1.0,1.0,0.0,15.092407164876091,19.0
point_gbdt_safety,FOODS_3_295_TX_1,3425.648971450468,2269.8155696112026,1155.8334018392652,0.0,0.6610459232142917,0.6794871794871795,0.32051282051282054,29.100199610400033,682.0
point_gbdt_safety,FOODS_3_296_CA_4,1219.5264169264965,1219.5264169264965,0.0,0.0,1.0,1.0,0.0,15.634954063160212,62.0
point_gbdt_safety,FOODS_3_300_WI_2,1871.8833411829332,1129.52018877988,742.3631524030533,0.0,0.5331049355955639,0.7051282051282052,0.2948717948717949,14.481028061280513,318.0
point_gbdt_safety,FOODS_3_302_CA_4,1672.0590586835265,1441.9945443770218,230.0645143065047,0.0,0.7766363938771799,0.8076923076923077,0.19230769230769232,18.48710954329515,206.0
point_gbdt_safety,FOODS_3_309_CA_2,1124.1131833931836,1124.1131833931836,0.0,0.0,1.0,1.0,0.0,14.411707479399789,24.0
point_gbdt_safety,FOODS_3_309_WI_1,1197.3164451403059,1197.3164451403059,0.0,0.0,1.0,1.0,0.0,15.350210835132126,27.0
point_gbdt_safety,FOODS_3_316_TX_3,1087.7821045891276,1087.7821045891276,0.0,0.0,1.0,1.0,0.0,13.945924417809328,23.0
point_gbdt_safety,FOODS_3_318_TX_2,3581.6420760209503,2684.7606445863444,896.8814314346058,0.0,0.6684357000241753,0.7051282051282052,0.2948717948717949,34.42000826392749,541.0
point_gbdt_safety,FOODS_3_331_TX_1,1241.71949782036,1108.3701149794565,133.34938284090336,0.0,0.8322649272441467,0.8461538461538461,0.15384615384615385,14.20987326896739,159.0
point_gbdt_safety,FOODS_3_335_TX_1,1599.0384782122092,1599.0384782122092,0.0,0.0,1.0,1.0,0.0,20.50049331041294,5.0
point_gbdt_safety,FOODS_3_337_CA_1,1167.7062512045138,1167.7062512045138,0.0,0.0,1.0,1.0,0.0,14.970592964160433,41.0
point_gbdt_safety,FOODS_3_346_WI_3,1453.2708872724445,1245.0488793674576,208.2220079049868,0.0,0.8026331678625717,0.8076923076923077,0.19230769230769232,15.96216512009561,211.0
point_gbdt_safety,FOODS_3_352_CA_1,951.1857767330478,914.4804430037716,36.70533372927622,0.0,0.8331575739578354,0.9358974358974359,0.0641025641025641,11.724108243638097,44.0
point_gbdt_safety,FOODS_3_354_WI_2,1070.7718192871682,1065.8093526124296,4.962466674738604,0.0,0.9837296174598734,0.9871794871794872,0.01282051282051282,13.664222469390124,61.0
point_gbdt_safety,FOODS_3_356_CA_1,1217.6739069915034,1177.991755427709,39.68215156379429,0.0,0.9503973105452571,0.9487179487179487,0.05128205128205128,15.102458402919346,160.0
point_gbdt_safety,FOODS_3_356_TX_2,1123.600860132606,1076.9627642919247,46.638095840681224,0.0,0.9028373003319142,0.9358974358974359,0.0641025641025641,13.807214926819547,96.0
point_gbdt_safety,FOODS_3_363_WI_3,1557.4352703971992,1114.8633610681331,442.57190932906616,0.0,0.637236139894208,0.7692307692307693,0.23076923076923078,14.293120013694015,244.0
point_gbdt_safety,FOODS_3_365_TX_1,1192.3735058996854,1192.3735058996854,0.0,0.0,1.0,1.0,0.0,15.286839819226735,19.0
point_gbdt_safety,FOODS_3_367_TX_1,1031.8954680182164,988.0730432699323,43.82242474828416,0.0,0.9140736769641487,0.9358974358974359,0.0641025641025641,12.667603118845287,102.0
point_gbdt_safety,FOODS_3_370_CA_1,1961.730362868224,1961.730362868224,0.0,0.0,1.0,1.0,0.0,25.150389267541332,41.0
point_gbdt_safety,FOODS_3_372_TX_3,1673.55830400774,1364.5276430160816,309.03066099165846,0.0,0.8347429620365462,0.8076923076923077,0.19230769230769232,17.493944141231815,374.0
point_gbdt_safety,FOODS_3_380_TX_3,1217.831666339266,1217.831666339266,0.0,0.0,1.0,1.0,0.0,15.61322649152905,22.0
point_gbdt_safety,FOODS_3_384_TX_1,1141.1327829092563,1141.1327829092563,0.0,0.0,1.0,1.0,0.0,14.629907473195594,22.0
point_gbdt_safety,FOODS_3_385_CA_4,1045.0150201449353,1039.1029285458558,5.912091599079439,0.0,0.9748421634081726,0.9871794871794872,0.01282051282051282,13.32183241725456,47.0
point_gbdt_safety,FOODS_3_385_TX_3,1181.0270487890114,1181.0270487890114,0.0,0.0,1.0,1.0,0.0,15.14137242037194,47.0
point_gbdt_safety,FOODS_3_387_CA_2,976.8152160024938,926.1894940727261,50.625721929767735,0.0,0.797497112280929,0.9358974358974359,0.0641025641025641,11.874224282983668,50.0
point_gbdt_safety,FOODS_3_390_TX_2,1208.337471634218,1105.2248956323963,103.11257600182167,0.0,0.8597107809499025,0.8717948717948718,0.1282051282051282,14.16954994400508,147.0
point_gbdt_safety,FOODS_3_392_WI_2,1056.3104944479114,1000.1825893625568,56.12790508535454,0.0,0.870970333137116,0.9102564102564102,0.08974358974358974,12.82285370977637,87.0
point_gbdt_safety,FOODS_3_392_WI_3,1114.1810481759755,1031.1577789578162,83.02326921815933,0.0,0.7815177125837912,0.9102564102564102,0.08974358974358974,13.219971525100208,76.0
point_gbdt_safety,FOODS_3_393_CA_3,2883.124647972899,2023.845393450857,859.2792545220416,0.0,0.7245899825249866,0.7435897435897436,0.2564102564102564,25.946735813472525,624.0
point_gbdt_safety,FOODS_3_398_WI_3,1122.9908046103717,1122.9908046103717,0.0,0.0,1.0,1.0,0.0,14.397318007825278,28.0
point_gbdt_safety,FOODS_3_403_TX_1,1977.0668479139051,1618.8370830320941,358.22976488181104,0.0,0.8217762363772084,0.7948717948717948,0.20512820512820512,20.75432157733454,402.0
point_gbdt_safety,FOODS_3_405_TX_3,1218.3932716212712,1218.3932716212712,0.0,0.0,1.0,1.0,0.0,15.620426559247067,59.0
point_gbdt_safety,FOODS_3_408_TX_2,1298.3856867879201,1298.3856867879201,0.0,0.0,1.0,1.0,0.0,16.645970343434872,8.0
point_gbdt_safety,FOODS_3_416_CA_4,1140.0885678933985,1096.992502958776,43.096064934622476,0.0,0.912048847072199,0.9358974358974359,0.0641025641025641,14.064006448189435,98.0
point_gbdt_safety,FOODS_3_416_WI_3,1116.421961082348,1073.0274619847412,43.394499097606705,0.0,0.8928530886478846,0.9230769230769231,0.07692307692307693,13.756762333137708,81.0
point_gbdt_safety,FOODS_3_417_CA_3,1218.3330215812416,1203.5056671125317,14.827354468709864,0.0,0.9588129042535836,0.9743589743589743,0.02564102564102564,15.429559834776047,72.0
point_gbdt_safety,FOODS_3_422_CA_1,1262.898576569622,1224.076623771396,38.82195279822611,0.0,0.933065598623748,0.9615384615384616,0.038461538461538464,15.693290048351232,116.0
point_gbdt_safety,FOODS_3_423_WI_2,1145.9139648963433,1107.848034701007,38.06593019533626,0.0,0.9082748669991898,0.9487179487179487,0.05128205128205128,14.203179932064192,83.0
point_gbdt_safety,FOODS_3_425_CA_1,1158.9275856864626,1158.9275856864626,0.0,0.0,1.0,1.0,0.0,14.858045970339264,66.0
point_gbdt_safety,FOODS_3_427_WI_3,1187.4610001693898,1187.4610001693898,0.0,0.0,1.0,1.0,0.0,15.223858976530638,17.0
point_gbdt_safety,FOODS_3_428_TX_3,1136.3543568416296,1136.3543568416296,0.0,0.0,1.0,1.0,0.0,14.568645600533713,24.0
point_gbdt_safety,FOODS_3_434_CA_1,1391.5052013582338,1189.161876224329,202.34332513390473,0.0,0.7935272192511177,0.8333333333333334,0.16666666666666666,15.24566507979909,196.0
point_gbdt_safety,FOODS_3_434_WI_1,1295.3302138215836,1275.5975678826103,19.732645938973334,0.0,0.9444150818620469,0.9871794871794872,0.01282051282051282,16.35381497285398,71.0
point_gbdt_safety,FOODS_3_441_TX_2,10865.399999999992,10865.399999999992,0.0,0.0,1.0,1.0,0.0,139.2999999999999,0.0
point_gbdt_safety,FOODS_3_444_CA_4,5561.400000000008,5561.400000000008,0.0,0.0,1.0,1.0,0.0,71.3000000000001,0.0
point_gbdt_safety,FOODS_3_444_TX_2,21317.39999999997,21317.39999999997,0.0,0.0,1.0,1.0,0.0,273.2999999999996,0.0
point_gbdt_safety,FOODS_3_445_CA_3,1496.235711911455,1358.4281607090118,137.80755120244305,0.0,0.7795079180760911,0.8717948717948718,0.1282051282051282,17.415745650115536,125.0
point_gbdt_safety,FOODS_3_449_WI_1,1161.0584620574366,1002.3418715010448,158.7165905563917,0.0,0.7978132604377176,0.8333333333333334,0.16666666666666666,12.850536814115959,157.0
point_gbdt_safety,FOODS_3_451_CA_4,1032.5026438114533,932.1734088271896,100.32923498426364,0.0,0.7770461444794141,0.9230769230769231,0.07692307692307693,11.950941138810123,90.0
point_gbdt_safety,FOODS_3_453_TX_2,1198.8926891350532,1198.8926891350532,0.0,0.0,1.0,1.0,0.0,15.370419091475041,12.0
point_gbdt_safety,FOODS_3_453_WI_2,1087.9182144105318,1087.9182144105318,0.0,0.0,1.0,1.0,0.0,13.94766941551964,32.0
point_gbdt_safety,FOODS_3_454_CA_1,3288.2749991850683,3288.2749991850683,0.0,0.0,1.0,1.0,0.0,42.15737178442395,1.0
point_gbdt_safety,FOODS_3_455_TX_1,3696.5123636511125,1954.4984504186584,1742.0139132324543,0.0,0.6567460269492701,0.6025641025641025,0.3974358974358974,25.057672441264852,1015.0
point_gbdt_safety,FOODS_3_456_CA_4,1084.7210423342042,1084.7210423342042,0.0,0.0,1.0,1.0,0.0,13.906680029925695,30.0
point_gbdt_safety,FOODS_3_457_TX_3,1114.9574405606145,1114.9574405606145,0.0,0.0,1.0,1.0,0.0,14.294326161033519,15.0
point_gbdt_safety,FOODS_3_458_TX_1,2216.0769670454056,1661.0830527878088,554.993914257597,0.0,0.7668092797236987,0.7564102564102564,0.24358974358974358,21.295936574202678,476.0
point_gbdt_safety,FOODS_3_458_WI_1,1696.1559499312073,1404.1867410506864,291.9692088805209,0.0,0.8292577725844907,0.7692307692307693,0.23076923076923078,18.00239411603444,342.0
point_gbdt_safety,FOODS_3_464_TX_2,1179.5415530637495,1179.5415530637495,0.0,0.0,1.0,1.0,0.0,15.122327603381404,31.0
point_gbdt_safety,FOODS_3_465_CA_3,1125.1472148057342,1125.1472148057342,0.0,0.0,1.0,1.0,0.0,14.424964292381206,49.0
point_gbdt_safety,FOODS_3_465_TX_2,1161.704338954156,1161.704338954156,0.0,0.0,1.0,1.0,0.0,14.893645371207127,27.0
point_gbdt_safety,FOODS_3_465_WI_3,1113.223494919246,1061.8044570654615,51.419037853784374,0.0,0.8341321359555343,0.9230769230769231,0.07692307692307693,13.612877654685404,62.0
point_gbdt_safety,FOODS_3_468_TX_2,1197.532632827654,1197.532632827654,0.0,0.0,1.0,1.0,0.0,15.35298247214941,166.0
point_gbdt_safety,FOODS_3_471_WI_3,1154.9338927163506,1154.9338927163506,0.0,0.0,1.0,1.0,0.0,14.806844778414751,45.0
point_gbdt_safety,FOODS_3_472_CA_1,1014.7479725832619,1013.6349162539317,1.1130563293301776,0.0,0.9942920188239478,0.9871794871794872,0.01282051282051282,12.99531943915297,39.0
point_gbdt_safety,FOODS_3_474_CA_1,1549.3324926902342,997.1007997934342,552.2316928967998,0.0,0.6493767029226668,0.7692307692307693,0.23076923076923078,12.783343587095311,315.0
point_gbdt_safety,FOODS_3_476_TX_3,1335.1728967638119,1064.378365929349,270.79453083446293,0.0,0.7908922541818819,0.7948717948717948,0.20512820512820512,13.645876486273705,259.0
point_gbdt_safety,FOODS_3_479_CA_3,1558.6671265380905,1433.7454120565171,124.92171448157353,0.0,0.8438478568980331,0.8589743589743589,0.14102564102564102,18.381351436622015,160.0
point_gbdt_safety,FOODS_3_479_TX_2,1347.3666048211007,1309.07990872257,38.286696098530726,0.0,0.9328303577218758,0.9358974358974359,0.0641025641025641,16.783075752853463,114.0
point_gbdt_safety,FOODS_3_479_TX_3,1191.7492771800728,1113.5639291720404,78.1853480080325,0.0,0.8420498020039747,0.9102564102564102,0.08974358974358974,14.276460630410774,99.0
point_gbdt_safety,FOODS_3_481_TX_2,1152.1273574124325,1152.1273574124325,0.0,0.0,1.0,1.0,0.0,14.770863556569648,32.0
point_gbdt_safety,FOODS_3_498_TX_1,2369.74845030772,1715.7683800820475,653.9800702256724,0.0,0.5938011986175947,0.8205128205128205,0.1794871794871795,21.997030513872403,322.0
point_gbdt_safety,FOODS_3_499_TX_1,3570.9760472779644,2387.7981161219914,1183.177931155973,0.0,0.7145529719768461,0.6794871794871795,0.32051282051282054,30.61279636053835,829.0
point_gbdt_safety,FOODS_3_502_TX_2,1399.2559215129477,1083.1853468116692,316.0705747012784,0.0,0.6975401199030828,0.782051282051282,0.21794871794871795,13.88699162579063,209.0
point_gbdt_safety,FOODS_3_511_CA_1,6686.530305915583,3889.8706106856016,2796.659695229981,0.0,0.6946878061976003,0.6282051282051282,0.3717948717948718,49.87013603443079,1832.0
point_gbdt_safety,FOODS_3_511_WI_2,4041.7933831580913,2523.6491402553993,1518.1442429026918,0.0,0.5863367185551248,0.6794871794871795,0.32051282051282054,32.3544761571205,734.0
point_gbdt_safety,FOODS_3_512_CA_1,1191.4884451442915,1191.4884451442915,0.0,0.0,1.0,1.0,0.0,15.275492886465276,12.0
point_gbdt_safety,FOODS_3_513_CA_1,1076.6397746519665,989.3792026942101,87.26057195775633,0.0,0.8726123037113046,0.8974358974358975,0.10256410256410256,12.684348752489873,137.0
point_gbdt_safety,FOODS_3_514_CA_2,1549.849245074225,1241.713740961008,308.1355041132173,0.0,0.7211443401690342,0.7692307692307693,0.23076923076923078,15.919406935397538,221.0
point_gbdt_safety,FOODS_3_515_CA_1,1396.5722034474916,1205.807182418019,190.76502102947248,0.0,0.7991947147058185,0.8205128205128205,0.1794871794871795,15.459066441256654,190.0
point_gbdt_safety,FOODS_3_517_TX_1,1166.2817208774209,1166.2817208774209,0.0,0.0,1.0,1.0,0.0,14.952329754838729,17.0
point_gbdt_safety,FOODS_3_517_TX_3,1158.569021414312,1158.569021414312,0.0,0.0,1.0,1.0,0.0,14.85344899249118,17.0
point_gbdt_safety,FOODS_3_525_CA_4,1158.99964633183,1137.536922036137,21.462724295693132,0.0,0.8899347472015736,0.9743589743589743,0.02564102564102564,14.583806692770986,39.0
point_gbdt_safety,FOODS_3_531_CA_3,1228.1235926105899,1228.1235926105899,0.0,0.0,1.0,1.0,0.0,15.745174264238331,57.0
point_gbdt_safety,FOODS_3_532_TX_3,1332.8740983564717,1229.5416706315552,103.33242772491647,0.0,0.8584487291439501,0.8846153846153846,0.11538461538461539,15.763354751686606,146.0
point_gbdt_safety,FOODS_3_532_WI_1,1918.382698716939,1521.9758887016446,396.4068100152946,0.0,0.8327397426095804,0.782051282051282,0.21794871794871795,19.51251139361083,474.0
point_gbdt_safety,FOODS_3_533_TX_3,1223.6862973591058,1178.0617539516695,45.62454340743626,0.0,0.9170462847137523,0.9358974358974359,0.0641025641025641,15.1033558198932,110.0
point_gbdt_safety,FOODS_3_533_WI_3,1285.9015130028624,1235.226457232593,50.675055770269424,0.0,0.9443131255271765,0.9487179487179487,0.05128205128205128,15.83623663118709,182.0
point_gbdt_safety,FOODS_3_538_WI_1,1399.6582412032126,1380.7260639535853,18.93217724962728,0.0,0.9750892404610167,0.9743589743589743,0.02564102564102564,17.701616204533146,152.0
point_gbdt_safety,FOODS_3_544_TX_2,1107.5795199502516,1107.5795199502516,0.0,0.0,1.0,1.0,0.0,14.199737435259635,59.0
point_gbdt_safety,FOODS_3_545_CA_2,1153.6749237923282,1153.6749237923282,0.0,0.0,1.0,1.0,0.0,14.790704151183695,41.0
point_gbdt_safety,FOODS_3_546_CA_1,2066.0699477267435,1418.8390681789438,647.2308795478,0.0,0.592936553743522,0.717948717948718,0.28205128205128205,18.190244463832613,318.0
point_gbdt_safety,FOODS_3_546_CA_3,1940.733207810958,1553.8620029399103,386.8712048710478,0.0,0.7520056379031745,0.8076923076923077,0.19230769230769232,19.92130772999885,312.0
point_gbdt_safety,FOODS_3_550_TX_1,1227.963567705326,1227.963567705326,0.0,0.0,1.0,1.0,0.0,15.743122662888796,14.0
point_gbdt_safety,FOODS_3_555_CA_3,8793.437234745004,5406.936294002695,3386.5009407423086,0.0,0.7011031826352773,0.717948717948718,0.28205128205128205,69.31969607695763,2266.0
point_gbdt_safety,FOODS_3_558_CA_4,1182.8009714289694,1182.8009714289694,0.0,0.0,1.0,1.0,0.0,15.164115018320121,0.0
point_gbdt_safety,FOODS_3_563_WI_1,1467.8412748738492,1467.8412748738492,0.0,0.0,1.0,1.0,0.0,18.818477882998067,11.0
point_gbdt_safety,FOODS_3_573_WI_2,1540.794888521295,1442.037624161358,98.75726435993681,0.0,0.8717438125195626,0.9102564102564102,0.08974358974358974,18.48766184822254,154.0
point_gbdt_safety,FOODS_3_575_CA_1,1118.2486457076552,1112.936560004979,5.312085702676352,0.0,0.9795689011435524,0.9743589743589743,0.02564102564102564,14.268417435961268,52.0
point_gbdt_safety,FOODS_3_575_WI_1,1113.1654820003048,1113.1654820003048,0.0,0.0,1.0,1.0,0.0,14.27135233333724,42.0
point_gbdt_safety,FOODS_3_575_WI_2,1135.0402127328582,1135.0402127328582,0.0,0.0,1.0,1.0,0.0,14.551797599139208,40.0
point_gbdt_safety,FOODS_3_578_WI_1,4665.678603969912,4665.678603969912,0.0,0.0,1.0,1.0,0.0,59.816392358588615,0.0
point_gbdt_safety,FOODS_3_580_CA_1,2535.1674148033962,2215.1414021670375,320.02601263635864,0.0,0.7746295685659446,0.8333333333333334,0.16666666666666666,28.39924874573125,284.0
point_gbdt_safety,FOODS_3_580_CA_3,4665.206607189788,3800.97024551879,864.2363616709977,0.0,0.6978194539611896,0.7692307692307693,0.23076923076923078,48.73038776306141,572.0
point_gbdt_safety,FOODS_3_582_CA_1,1066.2022910999506,967.8582357746274,98.34405532532327,0.0,0.701987711135384,0.8846153846153846,0.11538461538461539,12.40843892018753,66.0
point_gbdt_safety,FOODS_3_585_WI_1,1016.3152515814858,994.1576693209367,22.157582260548985,0.0,0.9113696709578041,0.9487179487179487,0.05128205128205128,12.745611145140215,50.0
point_gbdt_safety,FOODS_3_588_WI_3,1182.8751722435557,1172.0529893032217,10.82218294033396,0.0,0.9762149825487165,0.9871794871794872,0.01282051282051282,15.02632037568233,91.0
point_gbdt_safety,FOODS_3_596_WI_1,1246.9824852543647,1111.0916874534535,135.89079780091134,0.0,0.8290681788667781,0.8589743589743589,0.14102564102564102,14.244765223762224,159.0
point_gbdt_safety,FOODS_3_599_TX_3,1750.6263398535905,1750.6263398535905,0.0,0.0,1.0,1.0,0.0,22.44392743402039,2.0
point_gbdt_safety,FOODS_3_605_WI_3,1097.2770013572474,1097.2770013572474,0.0,0.0,1.0,1.0,0.0,14.067653863554455,38.0
point_gbdt_safety,FOODS_3_606_TX_3,1172.5998991888398,1126.4258954835561,46.17400370528374,0.0,0.8579261424452809,0.9358974358974359,0.0641025641025641,14.441357634404566,65.0
point_gbdt_safety,FOODS_3_608_CA_3,1343.4156049660044,1329.0897993051037,14.325805660900741,0.0,0.943820369957252,0.9743589743589743,0.02564102564102564,17.039612811603895,51.0
point_gbdt_safety,FOODS_3_610_TX_1,1389.540168486021,1389.540168486021,0.0,0.0,1.0,1.0,0.0,17.814617544692577,16.0
point_gbdt_safety,FOODS_3_615_CA_4,1148.502346096392,1112.2782965892388,36.22404950715328,0.0,0.9229275542400994,0.9358974358974359,0.0641025641025641,14.259978161400499,94.0
point_gbdt_safety,FOODS_3_618_WI_3,1763.55047478631,1516.3551872340058,247.1952875523041,0.0,0.717491099940224,0.9230769230769231,0.07692307692307693,19.44045111838469,175.0
point_gbdt_safety,FOODS_3_625_TX_1,1237.4688148163323,1237.4688148163323,0.0,0.0,1.0,1.0,0.0,15.864984805337594,4.0
point_gbdt_safety,FOODS_3_626_WI_1,1207.288529912467,1207.288529912467,0.0,0.0,1.0,1.0,0.0,15.47805807580086,19.0
point_gbdt_safety,FOODS_3_626_WI_2,1208.8825326704377,1208.8825326704377,0.0,0.0,1.0,1.0,0.0,15.498494008595356,20.0
point_gbdt_safety,FOODS_3_628_WI_1,2116.6997473343113,1585.1097299829646,531.5900173513468,0.0,0.6787975725973735,0.6923076923076923,0.3076923076923077,20.321919615166212,331.0
point_gbdt_safety,FOODS_3_633_WI_1,1264.307251411052,1257.4330727184952,6.874178692556789,0.0,0.97851819158576,0.9743589743589743,0.02564102564102564,16.120936829724297,64.0
point_gbdt_safety,FOODS_3_634_CA_4,1805.666916171606,1562.412847479766,243.2540686918401,0.0,0.78567923463274,0.782051282051282,0.21794871794871795,20.030933942048282,227.0
point_gbdt_safety,FOODS_3_638_TX_3,1104.0992844056873,1092.428896807069,11.67038759861839,0.0,0.9551138938514677,0.9743589743589743,0.02564102564102564,14.005498677013703,52.0
point_gbdt_safety,FOODS_3_640_WI_2,1299.3320269665076,1286.283990449106,13.048036517401371,0.0,0.9681755206892649,0.9743589743589743,0.02564102564102564,16.490820390373155,82.0
point_gbdt_safety,FOODS_3_642_TX_3,1288.5778772043857,1288.5778772043857,0.0,0.0,1.0,1.0,0.0,16.52022919492802,57.0
point_gbdt_safety,FOODS_3_644_WI_2,1368.9119983079686,1368.9119983079686,0.0,0.0,1.0,1.0,0.0,17.550153824461137,10.0
point_gbdt_safety,FOODS_3_646_CA_2,971.3372176695437,849.1469313691703,122.19028630037346,0.0,0.5926990456654218,0.8717948717948718,0.1282051282051282,10.886499120117568,60.0
point_gbdt_safety,FOODS_3_646_WI_3,1139.8361929672594,993.1034429218257,146.73275004543373,0.0,0.662683333228888,0.8589743589743589,0.14102564102564102,12.73209542207469,87.0
point_gbdt_safety,FOODS_3_651_CA_2,1524.0340075017507,1197.7132294136507,326.3207780881001,0.0,0.7749511875254481,0.782051282051282,0.21794871794871795,15.355297812995522,290.0
point_gbdt_safety,FOODS_3_657_CA_4,1273.3842664048682,1273.3842664048682,0.0,0.0,1.0,1.0,0.0,16.325439312882924,48.0
point_gbdt_safety,FOODS_3_658_WI_1,1243.445106189915,1169.8300595949581,73.61504659495677,0.0,0.8036932090801153,0.9102564102564102,0.08974358974358974,14.997821276858437,75.0
point_gbdt_safety,FOODS_3_658_WI_3,1140.0210902231267,1140.0210902231267,0.0,0.0,1.0,1.0,0.0,14.6156550028606,38.0
point_gbdt_safety,FOODS_3_662_WI_2,1215.5241408066138,1215.5241408066138,0.0,0.0,1.0,1.0,0.0,15.583642830854023,11.0
point_gbdt_safety,FOODS_3_663_CA_1,2496.0,2496.0,0.0,0.0,1.0,1.0,0.0,32.0,0.0
point_gbdt_safety,FOODS_3_663_TX_2,1135.4174901180238,1085.3601843194572,50.05730579856669,0.0,0.8808159385748413,0.9102564102564102,0.08974358974358974,13.914874157941759,84.0
point_gbdt_safety,FOODS_3_667_TX_3,1160.7915875608403,1160.7915875608403,0.0,0.0,1.0,1.0,0.0,14.881943430267183,13.0
point_gbdt_safety,FOODS_3_668_WI_3,2846.189794673611,1957.769841518777,888.4199531548336,0.0,0.755256211252112,0.7051282051282052,0.2948717948717949,25.099613352804834,726.0
point_gbdt_safety,FOODS_3_669_TX_1,1316.3290319057699,1100.4526916020154,215.87634030375452,0.0,0.7532841825099948,0.7948717948717948,0.20512820512820512,14.10836784105148,175.0
point_gbdt_safety,FOODS_3_670_CA_4,1283.891550584112,1283.891550584112,0.0,0.0,1.0,1.0,0.0,16.460148084411692,21.0
point_gbdt_safety,FOODS_3_672_TX_2,3350.616519422718,1901.7957727635094,1448.8207466592087,0.0,0.6350577464334487,0.6410256410256411,0.358974358974359,24.38199708671166,794.0
point_gbdt_safety,FOODS_3_677_WI_2,1165.605631738356,1153.9253925068376,11.680239231518215,0.0,0.96926252833811,0.9615384615384616,0.038461538461538464,14.7939152885492,76.0
point_gbdt_safety,FOODS_3_691_WI_1,1226.079710345069,1226.079710345069,0.0,0.0,1.0,1.0,0.0,15.718970645449604,31.0
point_gbdt_safety,FOODS_3_693_WI_2,1261.4881042200868,1261.4881042200868,0.0,0.0,1.0,1.0,0.0,16.172924413078036,7.0
point_gbdt_safety,FOODS_3_694_WI_3,12328.532982935103,7558.41245196406,4770.120530971042,0.0,0.7331401101554662,0.7051282051282052,0.2948717948717949,96.90272374312897,3575.0
point_gbdt_safety,FOODS_3_705_TX_2,1199.6994018453515,1199.6994018453515,0.0,0.0,1.0,1.0,0.0,15.380761562119892,47.0
point_gbdt_safety,FOODS_3_711_CA_3,5483.697877835393,3348.710081458947,2134.9877963764466,0.0,0.5979307351456787,0.6794871794871795,0.32051282051282054,42.93218053152496,1062.0
point_gbdt_safety,FOODS_3_712_CA_3,1420.8001974578397,1197.9191387680662,222.8810586897735,0.0,0.7314686039882247,0.8589743589743589,0.14102564102564102,15.35793767651367,166.0
point_gbdt_safety,FOODS_3_718_TX_1,1224.7326363038505,1224.7326363038505,0.0,0.0,1.0,1.0,0.0,15.701700465433982,6.0
point_gbdt_safety,FOODS_3_723_WI_3,9067.790498236865,5676.597759417606,3391.19273881926,0.0,0.7141851884686676,0.6538461538461539,0.34615384615384615,72.77689435150776,2373.0
point_gbdt_safety,FOODS_3_727_WI_3,1715.8398112119335,1351.6121829789204,364.2276282330132,0.0,0.7479393576242123,0.7692307692307693,0.23076923076923078,17.328361320242568,289.0
point_gbdt_safety,FOODS_3_730_CA_3,1114.3473092381307,1114.3473092381307,0.0,0.0,1.0,1.0,0.0,14.28650396459142,99.0
point_gbdt_safety,FOODS_3_734_TX_1,2728.0610362346647,2298.1426016629825,429.9184345716821,0.0,0.8330413846323564,0.8205128205128205,0.1794871794871795,29.463366687986955,515.0
point_gbdt_safety,FOODS_3_735_CA_4,1119.6268199176575,1119.6268199176575,0.0,0.0,1.0,1.0,0.0,14.354189998944326,28.0
point_gbdt_safety,FOODS_3_745_TX_3,1386.5094854095096,1386.5094854095096,0.0,0.0,1.0,1.0,0.0,17.77576263345525,0.0
point_gbdt_safety,FOODS_3_746_CA_4,1350.6766250043192,1203.4601402914957,147.21648471282361,0.0,0.8236928326792531,0.8205128205128205,0.1794871794871795,15.428976157583278,167.0
point_gbdt_safety,FOODS_3_749_CA_1,1947.4914942929254,1875.3920366857403,72.099457607185,0.0,0.7969029363177887,0.9743589743589743,0.02564102564102564,24.043487649817184,71.0
point_gbdt_safety,FOODS_3_750_CA_2,1297.0,1057.0,240.0,0.0,0.29411764705882354,0.782051282051282,0.21794871794871795,13.551282051282051,68.0
point_gbdt_safety,FOODS_3_753_TX_2,1379.3897224375955,1247.7822741598047,131.60744827779092,0.0,0.872843045142231,0.8974358974358975,0.10256410256410256,15.99720864307442,207.0
point_gbdt_safety,FOODS_3_755_TX_3,1286.0689860421035,1207.4925613935209,78.57642464858252,0.0,0.8488914910604183,0.9358974358974359,0.0641025641025641,15.480673864019499,104.0
point_gbdt_safety,FOODS_3_756_WI_3,2397.7158408627492,1614.458094907691,783.2577459550583,0.0,0.6964117263740084,0.6538461538461539,0.34615384615384615,20.698180703944757,516.0
point_gbdt_safety,FOODS_3_757_CA_3,6090.500000000007,5252.000000000007,838.5,0.0,0.42764505119453927,0.7948717948717948,0.20512820512820512,67.33333333333343,293.0
point_gbdt_safety,FOODS_3_763_TX_2,1105.2284719161426,1105.2284719161426,0.0,0.0,1.0,1.0,0.0,14.169595793796699,10.0
point_gbdt_safety,FOODS_3_766_TX_3,1151.7301866030805,1151.7301866030805,0.0,0.0,1.0,1.0,0.0,14.765771623116416,17.0
point_gbdt_safety,FOODS_3_768_CA_2,1153.9938298889556,995.8856961007397,158.10813378821598,0.0,0.8071852026972977,0.8333333333333334,0.16666666666666666,12.767765334624867,164.0
point_gbdt_safety,FOODS_3_770_WI_3,1230.7004643380928,1230.7004643380928,0.0,0.0,1.0,1.0,0.0,15.7782110812576,47.0
point_gbdt_safety,FOODS_3_774_WI_2,1086.9931756746391,1086.9931756746391,0.0,0.0,1.0,1.0,0.0,13.935809944546655,49.0
point_gbdt_safety,FOODS_3_779_CA_1,1262.3888816712881,1262.3888816712881,0.0,0.0,1.0,1.0,0.0,16.18447284193959,27.0
point_gbdt_safety,FOODS_3_783_CA_1,1761.9834209455703,1439.7531766525337,322.23024429303655,0.0,0.8023127335625543,0.8333333333333334,0.16666666666666666,18.45837405964787,326.0
point_gbdt_safety,FOODS_3_783_TX_3,3182.0,3052.0,130.0,0.0,0.7291666666666666,0.8974358974358975,0.10256410256410256,39.12820512820513,96.0
point_gbdt_safety,FOODS_3_786_CA_2,1103.2555381429165,1035.479641241851,67.77589690106558,0.0,0.8090819805603786,0.9230769230769231,0.07692307692307693,13.275380015921165,71.0
point_gbdt_safety,FOODS_3_788_WI_2,1251.928210309973,1168.6666486226577,83.26156168731531,0.0,0.8874843760982226,0.9230769230769231,0.07692307692307693,14.982905751572535,148.0
point_gbdt_safety,FOODS_3_791_CA_4,1155.2428775925184,1155.2428775925184,0.0,0.0,1.0,1.0,0.0,14.810806122981006,53.0
point_gbdt_safety,FOODS_3_791_WI_2,1558.3761124460466,1558.3761124460466,0.0,0.0,1.0,1.0,0.0,19.97918092879547,37.0
point_gbdt_safety,FOODS_3_792_CA_1,1278.9103813808736,1121.819519649522,157.0908617313517,0.0,0.8048560723834142,0.8589743589743589,0.14102564102564102,14.38230153396823,161.0
point_gbdt_safety,FOODS_3_793_WI_1,1177.5327969735774,1093.7313135466136,83.80148342696376,0.0,0.9248417188995841,0.9487179487179487,0.05128205128205128,14.022196327520687,223.0
point_gbdt_safety,FOODS_3_795_WI_2,1740.7811817880884,1507.6880318102926,233.09314997779586,0.0,0.833504892873003,0.7948717948717948,0.20512820512820512,19.329333741157598,280.0
point_gbdt_safety,FOODS_3_799_TX_1,1213.2985192970025,1213.2985192970025,0.0,0.0,1.0,1.0,0.0,15.555109221756442,6.0
point_gbdt_safety,FOODS_3_802_WI_3,1184.1569037419567,1184.1569037419567,0.0,0.0,1.0,1.0,0.0,15.181498765922523,30.0
point_gbdt_safety,FOODS_3_805_TX_1,1195.2166959108126,1139.1474249733342,56.069270937478564,0.0,0.9065512151042024,0.9358974358974359,0.0641025641025641,14.604454166324798,120.0
point_gbdt_safety,FOODS_3_806_CA_1,1255.4089030666391,1255.4089030666391,0.0,0.0,1.0,1.0,0.0,16.094985936751783,21.0
point_gbdt_safety,FOODS_3_806_CA_4,1254.0842205497063,1254.0842205497063,0.0,0.0,1.0,1.0,0.0,16.078002827560336,10.0
point_gbdt_safety,FOODS_3_809_CA_1,1350.5959874777407,1096.973247894692,253.62273958304877,0.0,0.725813254504812,0.8589743589743589,0.14102564102564102,14.063759588393486,185.0
point_gbdt_safety,FOODS_3_810_WI_2,1224.793737724218,1198.0159429539897,26.77779477022849,0.0,0.8835748053468326,0.9487179487179487,0.05128205128205128,15.35917875582038,46.0
point_gbdt_safety,FOODS_3_813_TX_1,1047.4522739681634,1047.4522739681634,0.0,0.0,1.0,1.0,0.0,13.428875307284146,27.0
point_gbdt_safety,FOODS_3_814_CA_3,1557.9906731337799,1382.0181430377565,175.97253009602338,0.0,0.8283194828331479,0.8589743589743589,0.14102564102564102,17.71818132099688,205.0
point_gbdt_safety,FOODS_3_818_CA_3,1978.2055132485582,1768.7193713018773,209.4861419466809,0.0,0.8949944150643203,0.8076923076923077,0.19230769230769232,22.675889375665093,399.0
point_gbdt_safety,FOODS_3_821_TX_2,1051.7388391595805,1051.7388391595805,0.0,0.0,1.0,1.0,0.0,13.483831271276673,52.0
point_gbdt_safety,FOODS_3_824_TX_3,1129.8408152355269,1129.8408152355269,0.0,0.0,1.0,1.0,0.0,14.485138656865729,5.0
point_gbdt_safety,HOBBIES_1_004_WI_3,1741.116727024028,1741.116727024028,0.0,0.0,1.0,1.0,0.0,22.32200932082087,134.0
point_gbdt_safety,HOBBIES_1_005_WI_1,1090.0398486745955,1089.2302454936619,0.8096031809336068,0.0,0.9974699900595825,0.9871794871794872,0.01282051282051282,13.964490326841819,64.0
point_gbdt_safety,HOBBIES_1_009_CA_1,1186.312782169824,1186.312782169824,0.0,0.0,1.0,1.0,0.0,15.209138232946461,28.0
point_gbdt_safety,HOBBIES_1_009_CA_4,1526.851492229649,1526.851492229649,0.0,0.0,1.0,1.0,0.0,19.575019131149347,136.0
point_gbdt_safety,HOBBIES_1_010_CA_3,1109.2023676401268,1099.1732450491083,10.029122591018389,0.0,0.9598835096359264,0.9743589743589743,0.02564102564102564,14.091964680116774,50.0
point_gbdt_safety,HOBBIES_1_012_TX_2,1148.6589898024447,1148.6589898024447,0.0,0.0,1.0,1.0,0.0,14.726397305159548,20.0
point_gbdt_safety,HOBBIES_1_023_CA_3,1190.7057779487172,998.1224899737842,192.58328797493303,0.0,0.724881017178667,0.8461538461538461,0.15384615384615385,12.79644217915108,140.0
point_gbdt_safety,HOBBIES_1_026_CA_4,1090.4760937376382,1090.4760937376382,0.0,0.0,1.0,1.0,0.0,13.98046274022613,59.0
point_gbdt_safety,HOBBIES_1_027_CA_1,1145.5641575800098,1145.5641575800098,0.0,0.0,1.0,1.0,0.0,14.686719968974485,34.0
point_gbdt_safety,HOBBIES_1_028_WI_3,1130.9394264569853,1130.9394264569853,0.0,0.0,1.0,1.0,0.0,14.499223416115196,25.0
point_gbdt_safety,HOBBIES_1_029_WI_3,1182.6963405867866,1182.6963405867866,0.0,0.0,1.0,1.0,0.0,15.162773597266495,15.0
point_gbdt_safety,HOBBIES_1_030_WI_2,1278.1627186199498,1219.2282908174518,58.934427802498064,0.0,0.8690346048833376,0.9358974358974359,0.0641025641025641,15.631131933557075,90.0
point_gbdt_safety,HOBBIES_1_032_CA_2,3156.5627167090233,2224.8596659650552,931.7030507439681,0.0,0.6648550177179972,0.7692307692307693,0.23076923076923078,28.52384187134686,556.0
point_gbdt_safety,HOBBIES_1_043_TX_2,1131.3248080577648,1118.4196851086213,12.90512294914345,0.0,0.9699880861647827,0.9871794871794872,0.01282051282051282,14.338713911648991,86.0
point_gbdt_safety,HOBBIES_1_043_WI_3,1451.9417441365551,1180.222234076876,271.7195100596791,0.0,0.709390898331894,0.8205128205128205,0.1794871794871795,15.131054283036873,187.0
point_gbdt_safety,HOBBIES_1_045_CA_4,1250.4405631291427,1250.4405631291427,0.0,0.0,1.0,1.0,0.0,16.031289270886443,14.0
point_gbdt_safety,HOBBIES_1_050_TX_3,949.3275423704802,947.3281261132514,1.9994162572287877,0.0,0.9904789702036725,0.9871794871794872,0.01282051282051282,12.145232386067326,42.0
point_gbdt_safety,HOBBIES_1_054_CA_4,1122.4059760261248,1122.4059760261248,0.0,0.0,1.0,1.0,0.0,14.389820205463138,13.0
point_gbdt_safety,HOBBIES_1_057_WI_1,1093.6527030050197,1093.6527030050197,0.0,0.0,1.0,1.0,0.0,14.021188500064355,68.0
point_gbdt_safety,HOBBIES_1_061_CA_4,1156.7455984348271,1156.7455984348271,0.0,0.0,1.0,1.0,0.0,14.830071774805475,10.0
point_gbdt_safety,HOBBIES_1_065_CA_4,1169.4141667240176,1169.4141667240176,0.0,0.0,1.0,1.0,0.0,14.992489316974584,7.0
point_gbdt_safety,HOBBIES_1_070_WI_2,1134.7011858722835,1134.7011858722835,0.0,0.0,1.0,1.0,0.0,14.547451100926711,10.0
point_gbdt_safety,HOBBIES_1_073_CA_2,1082.7706529748953,1045.8645085293388,36.90614444555656,0.0,0.8705047563313805,0.9487179487179487,0.05128205128205128,13.408519340119728,57.0
point_gbdt_safety,HOBBIES_1_074_TX_2,1058.891635584229,1058.891635584229,0.0,0.0,1.0,1.0,0.0,13.5755337895414,69.0
point_gbdt_safety,HOBBIES_1_086_CA_3,1160.80605313554,1100.6937617581866,60.11229137735336,0.0,0.8916895650858498,0.8846153846153846,0.11538461538461539,14.111458484079316,111.0
point_gbdt_safety,HOBBIES_1_092_CA_3,1153.6688484411136,1153.6688484411136,0.0,0.0,1.0,1.0,0.0,14.790626262065558,33.0
point_gbdt_safety,HOBBIES_1_092_TX_1,1136.417356869379,1136.417356869379,0.0,0.0,1.0,1.0,0.0,14.569453293197167,29.0
point_gbdt_safety,HOBBIES_1_103_CA_2,2014.8008278386628,1550.9680047222682,463.8328231163947,0.0,0.7341932245751319,0.7692307692307693,0.23076923076923078,19.88420518874703,349.0
point_gbdt_safety,HOBBIES_1_106_TX_3,1166.0901206044055,1166.0901206044055,0.0,0.0,1.0,1.0,0.0,14.949873341082121,31.0
point_gbdt_safety,HOBBIES_1_106_WI_3,1176.2920202999628,1176.2920202999628,0.0,0.0,1.0,1.0,0.0,15.0806669269226,11.0
point_gbdt_safety,HOBBIES_1_107_WI_2,1177.6779827124203,1177.6779827124203,0.0,0.0,1.0,1.0,0.0,15.09843567580026,50.0
point_gbdt_safety,HOBBIES_1_108_CA_3,1221.6119292603328,1221.6119292603328,0.0,0.0,1.0,1.0,0.0,15.661691400773497,65.0
point_gbdt_safety,HOBBIES_1_109_CA_3,1152.8571504226445,1152.8571504226445,0.0,0.0,1.0,1.0,0.0,14.78021987721339,34.0
point_gbdt_safety,HOBBIES_1_110_CA_3,1254.198022566503,1254.198022566503,0.0,0.0,1.0,1.0,0.0,16.079461827775678,21.0
point_gbdt_safety,HOBBIES_1_110_WI_3,1132.9316144070951,1132.9316144070951,0.0,0.0,1.0,1.0,0.0,14.52476428727045,12.0
point_gbdt_safety,HOBBIES_1_113_TX_2,1237.3767255662897,1237.3767255662897,0.0,0.0,1.0,1.0,0.0,15.863804173926791,21.0
point_gbdt_safety,HOBBIES_1_116_CA_1,1009.4429449518134,992.030335901237,17.412609050576382,0.0,0.9289281263241781,0.9487179487179487,0.05128205128205128,12.718337639759449,49.0
point_gbdt_safety,HOBBIES_1_116_WI_3,1159.6349661161096,1159.6349661161096,0.0,0.0,1.0,1.0,0.0,14.867114950206533,11.0
point_gbdt_safety,HOBBIES_1_117_CA_1,1125.8694176554832,1125.8694176554832,0.0,0.0,1.0,1.0,0.0,14.434223303275425,19.0
point_gbdt_safety,HOBBIES_1_122_WI_3,1224.5020000652376,1224.5020000652376,0.0,0.0,1.0,1.0,0.0,15.69874359057997,8.0
point_gbdt_safety,HOBBIES_1_124_TX_3,1134.8289373673263,1134.8289373673263,0.0,0.0,1.0,1.0,0.0,14.549088940606747,26.0
point_gbdt_safety,HOBBIES_1_133_WI_1,1161.4246381278624,1161.4246381278624,0.0,0.0,1.0,1.0,0.0,14.890059463177723,0.0
point_gbdt_safety,HOBBIES_1_134_CA_4,1545.4490423192074,1375.6432545742325,169.80578774497477,0.0,0.8510475546096713,0.8461538461538461,0.15384615384615385,17.63645198172093,228.0
point_gbdt_safety,HOBBIES_1_135_WI_1,1159.2360709754055,1159.2360709754055,0.0,0.0,1.0,1.0,0.0,14.862000909941097,51.0
point_gbdt_safety,HOBBIES_1_137_TX_1,1104.8607472251033,1104.8607472251033,0.0,0.0,1.0,1.0,0.0,14.164881374680812,48.0
point_gbdt_safety,HOBBIES_1_143_WI_1,1058.474668468268,1058.474668468268,0.0,0.0,1.0,1.0,0.0,13.570188057285486,22.0
point_gbdt_safety,HOBBIES_1_151_TX_1,1025.086358792639,1025.086358792639,0.0,0.0,1.0,1.0,0.0,13.142132805033834,53.0
point_gbdt_safety,HOBBIES_1_152_CA_1,1203.764375865454,1203.764375865454,0.0,0.0,1.0,1.0,0.0,15.432876613659667,70.0
point_gbdt_safety,HOBBIES_1_152_CA_3,1206.4519362845012,1206.4519362845012,0.0,0.0,1.0,1.0,0.0,15.467332516467964,65.0
point_gbdt_safety,HOBBIES_1_155_CA_2,1105.8212908668052,1017.769384233849,88.05190663295619,0.0,0.8384368685633832,0.8846153846153846,0.11538461538461539,13.0483254388955,109.0
point_gbdt_safety,HOBBIES_1_162_TX_1,1160.651751319343,1160.651751319343,0.0,0.0,1.0,1.0,0.0,14.880150657940295,6.0
point_gbdt_safety,HOBBIES_1_162_TX_2,1135.3296723953165,1135.3296723953165,0.0,0.0,1.0,1.0,0.0,14.555508620452775,26.0
point_gbdt_safety,HOBBIES_1_170_TX_2,1125.7661418996845,1125.7661418996845,0.0,0.0,1.0,1.0,0.0,14.43289925512416,14.0
point_gbdt_safety,HOBBIES_1_173_CA_4,1089.7284343074098,1089.7284343074098,0.0,0.0,1.0,1.0,0.0,13.97087736291551,20.0
point_gbdt_safety,HOBBIES_1_175_WI_1,1165.7962866083883,1165.7962866083883,0.0,0.0,1.0,1.0,0.0,14.946106238569081,12.0
point_gbdt_safety,HOBBIES_1_176_TX_3,963.4167269043879,963.4167269043879,0.0,0.0,1.0,1.0,0.0,12.351496498774205,53.0
point_gbdt_safety,HOBBIES_1_184_CA_1,1171.6090542464792,1171.6090542464792,0.0,0.0,1.0,1.0,0.0,15.020628900595888,10.0
point_gbdt_safety,HOBBIES_1_186_TX_1,1129.4008125914806,1129.4008125914806,0.0,0.0,1.0,1.0,0.0,14.479497597326676,12.0
point_gbdt_safety,HOBBIES_1_187_CA_2,1066.7908079217361,1066.7908079217361,0.0,0.0,1.0,1.0,0.0,13.676805229765847,22.0
point_gbdt_safety,HOBBIES_1_190_TX_2,1161.905975455927,1161.905975455927,0.0,0.0,1.0,1.0,0.0,14.896230454563169,11.0
point_gbdt_safety,HOBBIES_1_194_TX_3,1257.1376597035664,1220.018412271459,37.11924743210744,0.0,0.9370860213015129,0.9487179487179487,0.05128205128205128,15.641261695787936,118.0
point_gbdt_safety,HOBBIES_1_200_CA_4,1081.7706494204747,1070.881941767389,10.888707653085774,0.0,0.9564451693876569,0.9743589743589743,0.02564102564102564,13.729255663684475,50.0
point_gbdt_safety,HOBBIES_1_209_CA_3,2976.4948564217075,2177.9364483601507,798.5584080615567,0.0,0.6713751407154086,0.7307692307692307,0.2692307692307692,27.92226215846347,486.0
point_gbdt_safety,HOBBIES_1_212_CA_2,1174.4539223570364,1174.4539223570364,0.0,0.0,1.0,1.0,0.0,15.057101568679954,6.0
point_gbdt_safety,HOBBIES_1_232_WI_3,1168.7739457052237,1168.7739457052237,0.0,0.0,1.0,1.0,0.0,14.984281355195176,48.0
point_gbdt_safety,HOBBIES_1_239_TX_1,1126.1249853936151,1126.1249853936151,0.0,0.0,1.0,1.0,0.0,14.437499812738656,16.0
point_gbdt_safety,HOBBIES_1_240_CA_2,1105.2240220783597,1046.5762911113543,58.64773096700535,0.0,0.886120910743679,0.9102564102564102,0.08974358974358974,13.417644757837875,103.0
point_gbdt_safety,HOBBIES_1_242_TX_3,1161.6573853327895,1161.6573853327895,0.0,0.0,1.0,1.0,0.0,14.89304340170243,43.0
point_gbdt_safety,HOBBIES_1_245_TX_1,1109.0853806133898,1109.0853806133898,0.0,0.0,1.0,1.0,0.0,14.219043341197306,10.0
point_gbdt_safety,HOBBIES_1_245_WI_1,1065.1196625140462,1065.1196625140462,0.0,0.0,1.0,1.0,0.0,13.655380288641618,32.0
point_gbdt_safety,HOBBIES_1_252_TX_1,1049.0833149757257,1012.1832394697467,36.90007550597899,0.0,0.8682140160500751,0.9615384615384616,0.038461538461538464,12.976708198330085,56.0
point_gbdt_safety,HOBBIES_1_257_CA_2,1143.8625716931122,1143.8625716931122,0.0,0.0,1.0,1.0,0.0,14.66490476529631,19.0
point_gbdt_safety,HOBBIES_1_261_WI_3,1523.463113662864,1185.7558668179956,337.70724684486834,0.0,0.6226734672124377,0.9230769230769231,0.07692307692307693,15.201998292538406,179.0
point_gbdt_safety,HOBBIES_1_264_TX_2,1095.131776837873,1095.131776837873,0.0,0.0,1.0,1.0,0.0,14.040150985100937,34.0
point_gbdt_safety,HOBBIES_1_267_CA_3,1250.97871740493,1250.97871740493,0.0,0.0,1.0,1.0,0.0,16.03818868467859,14.0
point_gbdt_safety,HOBBIES_1_267_WI_2,1136.162871074335,1136.162871074335,0.0,0.0,1.0,1.0,0.0,14.566190654799167,6.0
point_gbdt_safety,HOBBIES_1_277_CA_1,1242.011720218193,1242.011720218193,0.0,0.0,1.0,1.0,0.0,15.923227182284526,17.0
point_gbdt_safety,HOBBIES_1_279_CA_4,1140.1829755415893,1140.1829755415893,0.0,0.0,1.0,1.0,0.0,14.6177304556614,52.0
point_gbdt_safety,HOBBIES_1_279_TX_3,1084.215708906079,1084.215708906079,0.0,0.0,1.0,1.0,0.0,13.900201396231783,71.0
point_gbdt_safety,HOBBIES_1_285_CA_4,1165.739788449049,1165.739788449049,0.0,0.0,1.0,1.0,0.0,14.945381903192937,8.0
point_gbdt_safety,HOBBIES_1_287_WI_1,1160.1578017120894,1160.1578017120894,0.0,0.0,1.0,1.0,0.0,14.873817970667814,38.0
point_gbdt_safety,HOBBIES_1_289_WI_1,1028.7540054595622,985.6960885690535,43.05791689050867,0.0,0.8611034939015849,0.9615384615384616,0.038461538461538464,12.63712934062889,62.0
point_gbdt_safety,HOBBIES_1_290_CA_4,1207.7281298878506,1207.7281298878506,0.0,0.0,1.0,1.0,0.0,15.483693972921161,3.0
point_gbdt_safety,HOBBIES_1_296_CA_1,1092.427797242904,1092.427797242904,0.0,0.0,1.0,1.0,0.0,14.005484580037232,36.0
point_gbdt_safety,HOBBIES_1_297_CA_1,1132.523502337834,1044.8395541031557,87.68394823467844,0.0,0.90035914973332,0.8974358974358975,0.10256410256410256,13.395378898758407,176.0
point_gbdt_safety,HOBBIES_1_306_CA_4,1135.2280084013778,1135.2280084013778,0.0,0.0,1.0,1.0,0.0,14.5542052359151,43.0
point_gbdt_safety,HOBBIES_1_306_WI_3,1156.466247353707,1156.466247353707,0.0,0.0,1.0,1.0,0.0,14.826490350688553,17.0
point_gbdt_safety,HOBBIES_1_309_WI_1,1033.5388555735585,1033.5388555735585,0.0,0.0,1.0,1.0,0.0,13.250498148378956,16.0
point_gbdt_safety,HOBBIES_1_312_TX_3,1005.6406586410851,1001.1045847221063,4.536073918978829,0.0,0.9875724002219758,0.9871794871794872,0.01282051282051282,12.834674163103927,73.0
point_gbdt_safety,HOBBIES_1_319_TX_1,1314.1656701860002,1215.7820031929978,98.38366699300241,0.0,0.8542464192696261,0.8974358974358975,0.10256410256410256,15.586948758884587,135.0
point_gbdt_safety,HOBBIES_1_323_CA_3,1130.159234044942,987.4560693225585,142.70316472238335,0.0,0.7621613921293611,0.8333333333333334,0.16666666666666666,12.659693196443058,120.0
point_gbdt_safety,HOBBIES_1_328_TX_1,1170.0718086938934,1170.0718086938934,0.0,0.0,1.0,1.0,0.0,15.000920624280685,7.0
point_gbdt_safety,HOBBIES_1_332_WI_1,1047.127564075487,1031.6078629702406,15.519701105246515,0.0,0.949115734081159,0.9615384615384616,0.038461538461538464,13.225741832951803,61.0
point_gbdt_safety,HOBBIES_1_333_CA_2,946.8736092650258,922.6484426057546,24.22516665927132,0.0,0.9242963541897771,0.9487179487179487,0.05128205128205128,11.828826187253263,64.0
point_gbdt_safety,HOBBIES_1_333_TX_1,1158.6686972970667,1158.6686972970667,0.0,0.0,1.0,1.0,0.0,14.854726888423933,14.0
point_gbdt_safety,HOBBIES_1_334_TX_1,1122.9476904732428,1122.9476904732428,0.0,0.0,1.0,1.0,0.0,14.396765262477471,11.0
point_gbdt_safety,HOBBIES_1_344_CA_3,1167.5991626181647,1127.992510199431,39.60665241873363,0.0,0.9138985816984051,0.9358974358974359,0.0641025641025641,14.461442438454245,92.0
point_gbdt_safety,HOBBIES_1_346_CA_4,1157.8051716263103,1157.8051716263103,0.0,0.0,1.0,1.0,0.0,14.843656046491159,19.0
point_gbdt_safety,HOBBIES_1_348_CA_4,4069.2462865176913,3164.9458248396722,904.3004616780188,0.0,0.5631398735854982,0.7051282051282052,0.2948717948717949,40.57622852358554,414.0
point_gbdt_safety,HOBBIES_1_352_CA_2,1179.4280705036392,1157.1673058677366,22.26076463590271,0.0,0.9476217302684641,0.9487179487179487,0.05128205128205128,14.835478280355597,85.0
point_gbdt_safety,HOBBIES_1_361_CA_4,1092.3468737114483,1092.3468737114483,0.0,0.0,1.0,1.0,0.0,14.004447098864722,30.0
point_gbdt_safety,HOBBIES_1_362_WI_2,1195.095725189059,1195.095725189059,0.0,0.0,1.0,1.0,0.0,15.321740066526399,4.0
point_gbdt_safety,HOBBIES_1_367_TX_1,1071.6963178346098,1069.8480964170715,1.8482214175382872,0.0,0.9928914560863913,0.9871794871794872,0.01282051282051282,13.7160012361163,52.0
point_gbdt_safety,HOBBIES_1_368_CA_1,1063.1850246078163,1063.1850246078163,0.0,0.0,1.0,1.0,0.0,13.630577238561747,33.0
point_gbdt_safety,HOBBIES_1_372_TX_1,1060.2540034955523,1042.4048945881955,17.849108907356825,0.0,0.9450796649004406,0.9487179487179487,0.05128205128205128,13.364165315233276,65.0
point_gbdt_safety,HOBBIES_1_373_TX_1,1075.1254604859855,1075.1254604859855,0.0,0.0,1.0,1.0,0.0,13.783659749820327,46.0
point_gbdt_safety,HOBBIES_1_374_WI_3,1087.0472043358436,1087.0472043358436,0.0,0.0,1.0,1.0,0.0,13.936502619690303,17.0
point_gbdt_safety,HOBBIES_1_375_WI_1,1079.9024445302664,1079.9024445302664,0.0,0.0,1.0,1.0,0.0,13.844903135003415,8.0
point_gbdt_safety,HOBBIES_1_380_CA_2,1209.068692553491,1209.068692553491,0.0,0.0,1.0,1.0,0.0,15.500880673762705,27.0
point_gbdt_safety,HOBBIES_1_381_TX_2,1559.2590713488783,1342.444590132026,216.81448121685236,0.0,0.8640661559768953,0.8974358974358975,0.10256410256410256,17.210828078615716,319.0
point_gbdt_safety,HOBBIES_1_385_CA_1,1155.7891617927417,1155.7891617927417,0.0,0.0,1.0,1.0,0.0,14.81780976657361,8.0
point_gbdt_safety,HOBBIES_1_386_CA_3,1063.4236554478837,1063.4236554478837,0.0,0.0,1.0,1.0,0.0,13.633636608306201,15.0
point_gbdt_safety,HOBBIES_1_386_WI_3,1185.5923779478446,1185.5923779478446,0.0,0.0,1.0,1.0,0.0,15.199902281382624,6.0
point_gbdt_safety,HOBBIES_1_389_CA_3,1132.2557438092347,1132.2557438092347,0.0,0.0,1.0,1.0,0.0,14.516099279605573,21.0
point_gbdt_safety,HOBBIES_1_390_TX_1,1061.5934928182046,1061.5934928182046,0.0,0.0,1.0,1.0,0.0,13.610172984848777,15.0
point_gbdt_safety,HOBBIES_1_393_TX_2,1120.0010340640497,1120.0010340640497,0.0,0.0,1.0,1.0,0.0,14.358987616205765,19.0
point_gbdt_safety,HOBBIES_1_398_TX_3,1314.6289276047028,1314.6289276047028,0.0,0.0,1.0,1.0,0.0,16.854217020573113,34.0
point_gbdt_safety,HOBBIES_1_399_TX_3,1285.5381587046118,1285.5381587046118,0.0,0.0,1.0,1.0,0.0,16.48125844493092,5.0
point_gbdt_safety,HOBBIES_1_400_CA_3,1082.1367709537658,1027.0064124946628,55.13035845910306,0.0,0.8747037307747657,0.9487179487179487,0.05128205128205128,13.166748878136701,88.0
point_gbdt_safety,HOBBIES_1_405_TX_3,1123.3928476599406,1123.3928476599406,0.0,0.0,1.0,1.0,0.0,14.402472405896674,9.0
point_gbdt_safety,HOBBIES_1_406_CA_1,1206.4651796217531,1206.4651796217531,0.0,0.0,1.0,1.0,0.0,15.46750230284299,7.0
point_gbdt_safety,HOBBIES_1_410_TX_1,1179.639706186837,1179.639706186837,0.0,0.0,1.0,1.0,0.0,15.12358597675432,5.0
point_gbdt_safety,HOBBIES_1_415_CA_1,936.6578137755613,913.970178889535,22.687634886026373,0.0,0.927975762266583,0.9743589743589743,0.02564102564102564,11.717566396019679,63.0
point_gbdt_safety,HOBBIES_1_418_TX_1,1315.7948235522372,1315.7948235522372,0.0,0.0,1.0,1.0,0.0,16.86916440451586,17.0
point_gbdt_safety,HOBBIES_1_419_CA_4,1181.6963082303141,1181.6963082303141,0.0,0.0,1.0,1.0,0.0,15.149952669619411,5.0
point_gbdt_safety,HOBBIES_2_007_TX_3,1327.2578730403475,1327.2578730403475,0.0,0.0,1.0,1.0,0.0,17.016126577440353,29.0
point_gbdt_safety,HOBBIES_2_008_WI_3,1155.8458221185376,1155.8458221185376,0.0,0.0,1.0,1.0,0.0,14.818536181006893,19.0
point_gbdt_safety,HOBBIES_2_009_WI_2,1143.6121156330248,1143.6121156330248,0.0,0.0,1.0,1.0,0.0,14.661693790166984,7.0
point_gbdt_safety,HOBBIES_2_012_TX_2,1181.5252646162314,1181.5252646162314,0.0,0.0,1.0,1.0,0.0,15.147759802772198,11.0
point_gbdt_safety,HOBBIES_2_014_WI_1,1154.0992231376233,1154.0992231376233,0.0,0.0,1.0,1.0,0.0,14.796143886379786,12.0
point_gbdt_safety,HOBBIES_2_018_CA_2,1122.2541650853202,1122.2541650853202,0.0,0.0,1.0,1.0,0.0,14.387873911350258,19.0
point_gbdt_safety,HOBBIES_2_030_TX_2,1158.8569886941962,1158.8569886941962,0.0,0.0,1.0,1.0,0.0,14.857140880694823,11.0
point_gbdt_safety,HOBBIES_2_030_WI_2,1150.9951502369477,1150.9951502369477,0.0,0.0,1.0,1.0,0.0,14.756348079960867,0.0
point_gbdt_safety,HOBBIES_2_031_CA_2,1174.800454852936,1174.800454852936,0.0,0.0,1.0,1.0,0.0,15.061544292986358,26.0
point_gbdt_safety,HOBBIES_2_035_CA_2,1158.0512678810576,1158.0512678810576,0.0,0.0,1.0,1.0,0.0,14.846811126680226,11.0
point_gbdt_safety,HOBBIES_2_038_CA_2,1120.1163756855142,1120.1163756855142,0.0,0.0,1.0,1.0,0.0,14.36046635494249,26.0
point_gbdt_safety,HOBBIES_2_040_TX_1,1311.069489782127,1311.069489782127,0.0,0.0,1.0,1.0,0.0,16.80858320233496,7.0
point_gbdt_safety,HOBBIES_2_041_TX_2,942.3804349203458,936.8301964491441,5.550238471201769,0.0,0.9773459654236664,0.9871794871794872,0.01282051282051282,12.010643544219796,49.0
point_gbdt_safety,HOBBIES_2_042_TX_2,1253.7664603224487,1253.7664603224487,0.0,0.0,1.0,1.0,0.0,16.073928978492933,30.0
point_gbdt_safety,HOBBIES_2_045_CA_4,1151.4610742546017,1151.4610742546017,0.0,0.0,1.0,1.0,0.0,14.762321464802586,13.0
point_gbdt_safety,HOBBIES_2_050_WI_2,1141.896544780687,1141.896544780687,0.0,0.0,1.0,1.0,0.0,14.63969929206009,9.0
point_gbdt_safety,HOBBIES_2_056_WI_3,1207.2912295061692,1207.2912295061692,0.0,0.0,1.0,1.0,0.0,15.478092685976529,3.0
point_gbdt_safety,HOBBIES_2_061_TX_3,1077.996906006487,1077.996906006487,0.0,0.0,1.0,1.0,0.0,13.82047315392932,11.0
point_gbdt_safety,HOBBIES_2_072_TX_2,1129.0863546104795,1129.0863546104795,0.0,0.0,1.0,1.0,0.0,14.475466084749737,6.0
point_gbdt_safety,HOBBIES_2_074_CA_1,1165.2231870115518,1165.2231870115518,0.0,0.0,1.0,1.0,0.0,14.938758807840408,7.0
point_gbdt_safety,HOBBIES_2_074_CA_3,1221.4020035513659,1221.4020035513659,0.0,0.0,1.0,1.0,0.0,15.659000045530332,10.0
point_gbdt_safety,HOBBIES_2_076_TX_3,1064.9787954481988,1006.7649707827063,58.21382466549245,0.0,0.7160301235829637,0.9102564102564102,0.08974358974358974,12.907243215162902,41.0
point_gbdt_safety,HOBBIES_2_076_WI_1,1181.1782772173713,1181.1782772173713,0.0,0.0,1.0,1.0,0.0,15.143311246376555,19.0
point_gbdt_safety,HOBBIES_2_077_WI_1,1171.2117015279048,1171.2117015279048,0.0,0.0,1.0,1.0,0.0,15.015534634973138,0.0
point_gbdt_safety,HOBBIES_2_081_WI_3,1327.3363752874106,1327.3363752874106,0.0,0.0,1.0,1.0,0.0,17.017133016505266,10.0
point_gbdt_safety,HOBBIES_2_083_CA_1,1430.223676695879,1430.223676695879,0.0,0.0,1.0,1.0,0.0,18.3362009832805,7.0
point_gbdt_safety,HOBBIES_2_084_WI_3,1121.8938610764571,1121.8938610764571,0.0,0.0,1.0,1.0,0.0,14.383254629185348,10.0
point_gbdt_safety,HOBBIES_2_086_CA_4,1230.9468142773226,1230.9468142773226,0.0,0.0,1.0,1.0,0.0,15.781369413811827,3.0
point_gbdt_safety,HOBBIES_2_103_TX_1,1064.0720444753074,1064.0720444753074,0.0,0.0,1.0,1.0,0.0,13.641949288144966,38.0
point_gbdt_safety,HOBBIES_2_107_WI_3,1169.829910424385,1169.829910424385,0.0,0.0,1.0,1.0,0.0,14.997819364415191,4.0
point_gbdt_safety,HOBBIES_2_114_CA_4,1126.6938487539755,1126.6938487539755,0.0,0.0,1.0,1.0,0.0,14.444792932743276,9.0
point_gbdt_safety,HOBBIES_2_115_TX_1,1173.5851298643718,1173.5851298643718,0.0,0.0,1.0,1.0,0.0,15.045963203389382,56.0
point_gbdt_safety,HOBBIES_2_116_CA_1,1233.3021791079955,1233.3021791079955,0.0,0.0,1.0,1.0,0.0,15.811566398820455,22.0
point_gbdt_safety,HOBBIES_2_116_CA_2,1081.970513831454,1081.970513831454,0.0,0.0,1.0,1.0,0.0,13.871416843992998,27.0
point_gbdt_safety,HOBBIES_2_117_TX_1,1268.1372705201968,1268.1372705201968,0.0,0.0,1.0,1.0,0.0,16.25817013487432,31.0
point_gbdt_safety,HOBBIES_2_118_WI_2,1169.5852480057667,1169.5852480057667,0.0,0.0,1.0,1.0,0.0,14.9946826667406,0.0
point_gbdt_safety,HOBBIES_2_122_CA_2,1376.5218054442228,1376.5218054442228,0.0,0.0,1.0,1.0,0.0,17.647715454413113,10.0
point_gbdt_safety,HOBBIES_2_122_TX_1,1298.005721505949,1298.005721505949,0.0,0.0,1.0,1.0,0.0,16.641098993666013,23.0
point_gbdt_safety,HOBBIES_2_123_TX_1,1184.6442499114962,1184.6442499114962,0.0,0.0,1.0,1.0,0.0,15.187746793737132,16.0
point_gbdt_safety,HOBBIES_2_124_TX_3,1516.0469247898764,1317.6105652097515,198.43635958012476,0.0,0.3598827110318556,0.9487179487179487,0.05128205128205128,16.89244314371476,62.0
point_gbdt_safety,HOBBIES_2_128_TX_1,1156.970156446475,1156.970156446475,0.0,0.0,1.0,1.0,0.0,14.832950723672756,10.0
point_gbdt_safety,HOBBIES_2_129_WI_1,1483.9087750829935,1483.9087750829935,0.0,0.0,1.0,1.0,0.0,19.024471475422995,24.0
point_gbdt_safety,HOBBIES_2_132_CA_1,1153.8087280160196,1153.8087280160196,0.0,0.0,1.0,1.0,0.0,14.792419589948969,54.0
point_gbdt_safety,HOBBIES_2_133_CA_3,1252.8878480689318,1252.8878480689318,0.0,0.0,1.0,1.0,0.0,16.06266471883246,30.0
point_gbdt_safety,HOBBIES_2_134_TX_3,1230.3839805857265,1230.3839805857265,0.0,0.0,1.0,1.0,0.0,15.774153597252903,10.0
point_gbdt_safety,HOBBIES_2_137_CA_2,1290.3510004282061,1290.3510004282061,0.0,0.0,1.0,1.0,0.0,16.54296154395136,0.0
point_gbdt_safety,HOBBIES_2_144_WI_1,1169.5610649216587,1169.5610649216587,0.0,0.0,1.0,1.0,0.0,14.994372627200752,10.0
point_gbdt_safety,HOUSEHOLD_1_005_CA_4,1066.1888876538974,1009.5612338953965,56.627653758500784,0.0,0.8173301491661265,0.9230769230769231,0.07692307692307693,12.943092742248673,62.0
point_gbdt_safety,HOUSEHOLD_1_006_CA_4,1174.9835171702853,1174.9835171702853,0.0,0.0,1.0,1.0,0.0,15.063891245772888,52.0
point_gbdt_safety,HOUSEHOLD_1_006_WI_2,1099.7172222497993,1099.7172222497993,0.0,0.0,1.0,1.0,0.0,14.0989387467923,43.0
point_gbdt_safety,HOUSEHOLD_1_008_WI_3,965.9170152268628,965.9170152268628,0.0,0.0,1.0,1.0,0.0,12.38355147726747,25.0
point_gbdt_safety,HOUSEHOLD_1_010_CA_2,1230.2980703595404,1219.5579994856755,10.74007087386482,0.0,0.9669536280804159,0.9615384615384616,0.038461538461538464,15.63535896776507,65.0
point_gbdt_safety,HOUSEHOLD_1_013_CA_3,1283.0941884200245,1225.4984275252896,57.5957608947348,0.0,0.9040070651754419,0.9230769230769231,0.07692307692307693,15.711518301606276,120.0
point_gbdt_safety,HOUSEHOLD_1_014_CA_2,1370.8765067582162,1358.4717406973152,12.404766060901125,0.0,0.9801523743025582,0.9871794871794872,0.01282051282051282,17.416304367914297,125.0
point_gbdt_safety,HOUSEHOLD_1_014_WI_3,1151.7200644131124,1151.7200644131124,0.0,0.0,1.0,1.0,0.0,14.765641851450159,36.0
point_gbdt_safety,HOUSEHOLD_1_015_WI_2,1199.5931945845568,1199.5931945845568,0.0,0.0,1.0,1.0,0.0,15.37939993057124,1.0
point_gbdt_safety,HOUSEHOLD_1_020_WI_1,1069.7338284978446,1069.7338284978446,0.0,0.0,1.0,1.0,0.0,13.71453626279288,72.0
point_gbdt_safety,HOUSEHOLD_1_021_WI_2,1146.4232145695842,815.4928888182742,330.93032575130985,0.0,0.6422374856742595,0.7435897435897436,0.2564102564102564,10.45503703613172,185.0
point_gbdt_safety,HOUSEHOLD_1_024_CA_2,1212.439571946738,1157.0593210567795,55.38025088995845,0.0,0.8741357934319126,0.9102564102564102,0.08974358974358974,14.834093859702302,88.0
point_gbdt_safety,HOUSEHOLD_1_026_CA_2,1209.3156463940202,979.28113639191,230.0345100021102,0.0,0.6760077323913941,0.8333333333333334,0.16666666666666666,12.554886363998845,142.0
point_gbdt_safety,HOUSEHOLD_1_029_CA_2,1102.1817798935665,992.422915565665,109.75886432790146,0.0,0.8123780096958949,0.8461538461538461,0.15384615384615385,12.723370712380321,117.0
point_gbdt_safety,HOUSEHOLD_1_032_WI_1,1148.0215602065173,1148.0215602065173,0.0,0.0,1.0,1.0,0.0,14.718225130852785,57.0
point_gbdt_safety,HOUSEHOLD_1_033_TX_2,1205.339564216058,1205.339564216058,0.0,0.0,1.0,1.0,0.0,15.453071336103308,110.0
point_gbdt_safety,HOUSEHOLD_1_034_WI_1,1209.256549865199,1209.256549865199,0.0,0.0,1.0,1.0,0.0,15.503289100835886,18.0
point_gbdt_safety,HOUSEHOLD_1_043_CA_3,1101.411040261657,1080.4096983584227,21.00134190323441,0.0,0.9533303513261456,0.9358974358974359,0.0641025641025641,13.851406389210547,90.0
point_gbdt_safety,HOUSEHOLD_1_049_CA_1,1716.0,1716.0,0.0,0.0,1.0,1.0,0.0,22.0,0.0
point_gbdt_safety,HOUSEHOLD_1_049_WI_1,1169.9356178398943,1169.9356178398943,0.0,0.0,1.0,1.0,0.0,14.999174587690954,0.0
point_gbdt_safety,HOUSEHOLD_1_051_WI_1,1619.3882122178297,1405.0343664082961,214.35384580953368,0.0,0.8376107228715653,0.8205128205128205,0.1794871794871795,18.01326110779867,264.0
point_gbdt_safety,HOUSEHOLD_1_058_CA_3,1517.770298989218,1446.1302945952173,71.64000439400073,0.0,0.9360357103624993,0.8974358974358975,0.10256410256410256,18.540131981989965,224.0
point_gbdt_safety,HOUSEHOLD_1_068_TX_1,1133.7108735928346,1133.7108735928346,0.0,0.0,1.0,1.0,0.0,14.534754789651725,9.0
point_gbdt_safety,HOUSEHOLD_1_071_CA_1,1883.747369393829,1455.6346227882939,428.11274660553516,0.0,0.756754121246855,0.782051282051282,0.21794871794871795,18.661982343439664,352.0
point_gbdt_safety,HOUSEHOLD_1_071_TX_2,1646.6477108308763,1219.9706282660293,426.6770825648472,0.0,0.7445047409791334,0.7692307692307693,0.23076923076923078,15.64064908033371,334.0
point_gbdt_safety,HOUSEHOLD_1_079_WI_1,1237.9877236514276,1106.3881553408596,131.59956831056797,0.0,0.7628836607016793,0.8461538461538461,0.15384615384615385,14.184463530011021,111.0
point_gbdt_safety,HOUSEHOLD_1_080_WI_1,1161.8274771257545,1161.8274771257545,0.0,0.0,1.0,1.0,0.0,14.895224065714801,25.0
point_gbdt_safety,HOUSEHOLD_1_080_WI_2,1201.1440615149966,1201.1440615149966,0.0,0.0,1.0,1.0,0.0,15.399282839935854,45.0
point_gbdt_safety,HOUSEHOLD_1_083_TX_1,2862.0771289460254,2200.8838878632846,661.193241082741,0.0,0.7417213902020543,0.7307692307692307,0.2692307692307692,28.21646010081134,512.0
point_gbdt_safety,HOUSEHOLD_1_083_WI_3,3348.9808660430735,2607.1551068762074,741.825759166866,0.0,0.7689016326582973,0.7692307692307693,0.23076923076923078,33.42506547277189,642.0
point_gbdt_safety,HOUSEHOLD_1_088_TX_3,1078.7149334633352,1078.7149334633352,0.0,0.0,1.0,1.0,0.0,13.829678634145324,63.0
point_gbdt_safety,HOUSEHOLD_1_091_WI_3,1113.0061796468676,1113.0061796468676,0.0,0.0,1.0,1.0,0.0,14.269309995472662,15.0
point_gbdt_safety,HOUSEHOLD_1_093_CA_2,1148.8059618618252,1092.6658060456896,56.140155816135504,0.0,0.887719688367729,0.9230769230769231,0.07692307692307693,14.008535974944738,100.0
point_gbdt_safety,HOUSEHOLD_1_095_TX_2,1121.5940313484286,1121.5940313484286,0.0,0.0,1.0,1.0,0.0,14.379410658313187,13.0
point_gbdt_safety,HOUSEHOLD_1_095_TX_3,1115.3057040622602,1115.3057040622602,0.0,0.0,1.0,1.0,0.0,14.298791077721285,13.0
point_gbdt_safety,HOUSEHOLD_1_096_WI_2,3266.852022000971,2049.4547904885935,1217.3972315123774,0.0,0.7066512695150898,0.6794871794871795,0.32051282051282054,26.27506141652043,830.0
point_gbdt_safety,HOUSEHOLD_1_098_CA_4,1098.6987551948068,1098.6987551948068,0.0,0.0,1.0,1.0,0.0,14.085881476856498,13.0
point_gbdt_safety,HOUSEHOLD_1_102_WI_3,1137.1943663595243,1098.2609827235,38.933383636024175,0.0,0.9229041908197541,0.9487179487179487,0.05128205128205128,14.080269009275643,101.0
point_gbdt_safety,HOUSEHOLD_1_106_TX_3,2440.5499214009546,1516.1674355124533,924.3824858885014,0.0,0.6964261130087023,0.7051282051282052,0.2948717948717949,19.438044045031454,609.0
point_gbdt_safety,HOUSEHOLD_1_119_TX_2,1434.897556206924,1381.7190444721982,53.178511734725795,0.0,0.9374370450179697,0.9487179487179487,0.05128205128205128,17.714346724002542,170.0
point_gbdt_safety,HOUSEHOLD_1_120_CA_2,1116.692734262535,1116.692734262535,0.0,0.0,1.0,1.0,0.0,14.316573516186345,35.0
point_gbdt_safety,HOUSEHOLD_1_127_WI_1,1049.2056774109853,1049.2056774109853,0.0,0.0,1.0,1.0,0.0,13.451354838602375,35.0
point_gbdt_safety,HOUSEHOLD_1_128_WI_2,1475.6501922518337,1311.8950501149739,163.7551421368599,0.0,0.8139146112081138,0.8333333333333334,0.16666666666666666,16.819167309166332,176.0
point_gbdt_safety,HOUSEHOLD_1_131_CA_1,1108.8130817127249,1079.029946260662,29.78313545206296,0.0,0.8916976892652255,0.9487179487179487,0.05128205128205128,13.833717259752076,55.0
point_gbdt_safety,HOUSEHOLD_1_131_TX_1,951.6060369271847,929.7050231600067,21.90101376717802,0.0,0.9346238395009612,0.9615384615384616,0.038461538461538464,11.919295168718035,67.0
point_gbdt_safety,HOUSEHOLD_1_136_WI_3,1191.1202625060066,1191.1202625060066,0.0,0.0,1.0,1.0,0.0,15.270772596230854,131.0
point_gbdt_safety,HOUSEHOLD_1_145_CA_2,1525.1371663510752,1354.5888290224605,170.5483373286147,0.0,0.8536065774003306,0.8333333333333334,0.16666666666666666,17.366523449005904,233.0
point_gbdt_safety,HOUSEHOLD_1_155_WI_3,1037.7645192897073,1037.7645192897073,0.0,0.0,1.0,1.0,0.0,13.304673324227016,34.0
point_gbdt_safety,HOUSEHOLD_1_157_WI_1,1228.9884000909587,1228.9884000909587,0.0,0.0,1.0,1.0,0.0,15.756261539627676,23.0
point_gbdt_safety,HOUSEHOLD_1_158_CA_3,1194.1968010416385,1172.2928770961096,21.903923945528945,0.0,0.9408002055526244,0.9743589743589743,0.02564102564102564,15.029395860206533,74.0
point_gbdt_safety,HOUSEHOLD_1_160_WI_2,1183.5594279614106,1141.886028135168,41.67339982624257,0.0,0.9338517463075515,0.9102564102564102,0.08974358974358974,14.639564463271386,126.0
point_gbdt_safety,HOUSEHOLD_1_161_CA_2,1115.309352267396,1113.5215457403629,1.7878065270332222,0.0,0.995033870758241,0.9871794871794872,0.01282051282051282,14.275917253081575,72.0
point_gbdt_safety,HOUSEHOLD_1_162_TX_1,1396.6910947574067,1396.6910947574067,0.0,0.0,1.0,1.0,0.0,17.90629608663342,38.0
point_gbdt_safety,HOUSEHOLD_1_163_CA_1,1140.263827826541,1140.263827826541,0.0,0.0,1.0,1.0,0.0,14.618767023417194,22.0
point_gbdt_safety,HOUSEHOLD_1_165_CA_1,1096.589978319602,1096.589978319602,0.0,0.0,1.0,1.0,0.0,14.058845875892334,40.0
point_gbdt_safety,HOUSEHOLD_1_165_TX_1,1316.241706254714,1316.241706254714,0.0,0.0,1.0,1.0,0.0,16.87489366993223,77.0
point_gbdt_safety,HOUSEHOLD_1_167_WI_1,1110.7186979387125,1110.7186979387125,0.0,0.0,1.0,1.0,0.0,14.23998330690657,32.0
point_gbdt_safety,HOUSEHOLD_1_175_TX_2,1157.066425648116,1071.4327113555496,85.63371429256627,0.0,0.8721884861304982,0.9230769230769231,0.07692307692307693,13.736316812250635,134.0
point_gbdt_safety,HOUSEHOLD_1_175_WI_3,1070.8340329327937,1070.8340329327937,0.0,0.0,1.0,1.0,0.0,13.72864144785633,33.0
point_gbdt_safety,HOUSEHOLD_1_185_WI_3,992.0582811235251,927.1364327350017,64.92184838852346,0.0,0.8573146189263221,0.9102564102564102,0.08974358974358974,11.88636452224361,91.0
point_gbdt_safety,HOUSEHOLD_1_186_WI_2,1909.4448507420186,1391.6003302205365,517.8445205214821,0.0,0.7498335649654674,0.6923076923076923,0.3076923076923077,17.84102987462226,414.0
point_gbdt_safety,HOUSEHOLD_1_188_TX_2,1190.4880618622235,1190.4880618622235,0.0,0.0,1.0,1.0,0.0,15.262667459772096,52.0
point_gbdt_safety,HOUSEHOLD_1_190_WI_3,1136.004639766389,1136.004639766389,0.0,0.0,1.0,1.0,0.0,14.564162048287036,66.0
point_gbdt_safety,HOUSEHOLD_1_191_TX_3,1630.1672652246093,1630.1672652246093,0.0,0.0,1.0,1.0,0.0,20.899580323392428,86.0
point_gbdt_safety,HOUSEHOLD_1_194_CA_1,1211.1888550999515,1211.1888550999515,0.0,0.0,1.0,1.0,0.0,15.528062244871174,35.0
point_gbdt_safety,HOUSEHOLD_1_195_CA_2,1215.8413335359699,1215.8413335359699,0.0,0.0,1.0,1.0,0.0,15.587709404307306,31.0
point_gbdt_safety,HOUSEHOLD_1_201_TX_2,1410.5542349490204,1410.5542349490204,0.0,0.0,1.0,1.0,0.0,18.08402865319257,23.0
point_gbdt_safety,HOUSEHOLD_1_205_WI_3,1189.0515743533736,1189.0515743533736,0.0,0.0,1.0,1.0,0.0,15.244250953248379,56.0
point_gbdt_safety,HOUSEHOLD_1_206_CA_4,1289.3755306484704,1289.3755306484704,0.0,0.0,1.0,1.0,0.0,16.530455521134236,8.0
point_gbdt_safety,HOUSEHOLD_1_207_TX_1,1208.0750486677427,1208.0750486677427,0.0,0.0,1.0,1.0,0.0,15.488141649586446,28.0
point_gbdt_safety,HOUSEHOLD_1_208_WI_3,1325.709187127697,1253.953680777357,71.75550635033997,0.0,0.9080057610893076,0.9230769230769231,0.07692307692307693,16.076329240735348,156.0
point_gbdt_safety,HOUSEHOLD_1_211_TX_2,1114.3609035841228,1114.3609035841228,0.0,0.0,1.0,1.0,0.0,14.286678251078497,49.0
point_gbdt_safety,HOUSEHOLD_1_212_WI_2,1220.794351478332,1220.794351478332,0.0,0.0,1.0,1.0,0.0,15.651209634337588,98.0
point_gbdt_safety,HOUSEHOLD_1_216_TX_1,1150.0212016581484,1150.0212016581484,0.0,0.0,1.0,1.0,0.0,14.74386155971985,9.0
point_gbdt_safety,HOUSEHOLD_1_217_WI_3,1143.2355840965427,1113.3673083881517,29.868275708390932,0.0,0.9262511710903927,0.9487179487179487,0.05128205128205128,14.27393985113015,81.0
point_gbdt_safety,HOUSEHOLD_1_218_CA_1,1223.5039188298224,1191.1811346447985,32.32278418502395,0.0,0.9126411238242595,0.9358974358974359,0.0641025641025641,15.271553008266647,74.0
point_gbdt_safety,HOUSEHOLD_1_219_TX_3,927.987308716444,920.5316735683052,7.455635148138704,0.0,0.9738398766731975,0.9871794871794872,0.01282051282051282,11.80168812267058,57.0
point_gbdt_safety,HOUSEHOLD_1_220_TX_3,1176.6892958575188,1128.3789553578995,48.310340499619414,0.0,0.9121630172734192,0.9230769230769231,0.07692307692307693,14.466396863562814,110.0
point_gbdt_safety,HOUSEHOLD_1_221_CA_2,1117.3280163325574,1084.3986359683713,32.92938036418594,0.0,0.9110016746913895,0.9743589743589743,0.02564102564102564,13.90254661497912,74.0
point_gbdt_safety,HOUSEHOLD_1_224_WI_2,1103.5511289337694,1079.8283700474913,23.722758886278186,0.0,0.9270068957345287,0.9358974358974359,0.0641025641025641,13.843953462147324,65.0
point_gbdt_safety,HOUSEHOLD_1_225_CA_4,1192.5458030165446,1180.2783782516128,12.267424764931736,0.0,0.9576985352933389,0.9615384615384616,0.038461538461538464,15.131774080148883,58.0
point_gbdt_safety,HOUSEHOLD_1_225_TX_2,1475.946450692734,1350.4553491811675,125.49110151156647,0.0,0.8757513846420135,0.8717948717948718,0.1282051282051282,17.313530117707277,202.0
point_gbdt_safety,HOUSEHOLD_1_230_TX_3,1044.330245791824,1044.330245791824,0.0,0.0,1.0,1.0,0.0,13.388849305023383,18.0
point_gbdt_safety,HOUSEHOLD_1_238_CA_3,1356.023010324928,1266.7130119844412,89.30999834048684,0.0,0.9044812851973402,0.8974358974358975,0.10256410256410256,16.23991041005694,187.0
point_gbdt_safety,HOUSEHOLD_1_244_CA_3,1139.3983440091902,1052.5457201642444,86.8526238449459,0.0,0.8879320982645859,0.9102564102564102,0.08974358974358974,13.494175899541593,155.0
point_gbdt_safety,HOUSEHOLD_1_246_CA_2,2134.7383494932305,1714.0923787089575,420.64597078427283,0.0,0.8327451408412434,0.7948717948717948,0.20512820512820512,21.975543316781508,503.0
point_gbdt_safety,HOUSEHOLD_1_248_CA_4,1085.2579096006837,1085.2579096006837,0.0,0.0,1.0,1.0,0.0,13.913562943598508,33.0
point_gbdt_safety,HOUSEHOLD_1_249_WI_3,1145.7901640931934,1145.7901640931934,0.0,0.0,1.0,1.0,0.0,14.689617488374275,40.0
point_gbdt_safety,HOUSEHOLD_1_264_TX_3,1097.8063918498513,1097.8063918498513,0.0,0.0,1.0,1.0,0.0,14.07444092115194,23.0
point_gbdt_safety,HOUSEHOLD_1_265_CA_3,1101.1332125463643,1101.1332125463643,0.0,0.0,1.0,1.0,0.0,14.117092468543133,51.0
point_gbdt_safety,HOUSEHOLD_1_272_CA_3,9275.699999999997,9037.199999999997,238.49999999999994,0.0,0.7435483870967743,0.9487179487179487,0.05128205128205128,115.86153846153843,186.0
point_gbdt_safety,HOUSEHOLD_1_298_TX_3,1266.9046549552002,1266.9046549552002,0.0,0.0,1.0,1.0,0.0,16.242367371220514,38.0
point_gbdt_safety,HOUSEHOLD_1_304_CA_3,3331.023177389293,2105.8143676559603,1225.2088097333324,0.0,0.693697797566667,0.6666666666666666,0.3333333333333333,26.997620098153337,800.0
point_gbdt_safety,HOUSEHOLD_1_304_CA_4,1178.908403249514,1023.499375394425,155.40902785508902,0.0,0.7927879628598813,0.7948717948717948,0.20512820512820512,13.12178686403109,150.0
point_gbdt_safety,HOUSEHOLD_1_309_TX_2,1099.147729484251,1099.147729484251,0.0,0.0,1.0,1.0,0.0,14.091637557490397,20.0
point_gbdt_safety,HOUSEHOLD_1_314_TX_3,1140.6076235889827,1140.6076235889827,0.0,0.0,1.0,1.0,0.0,14.623174661397215,54.0
point_gbdt_safety,HOUSEHOLD_1_317_CA_1,1305.7665549347182,1283.5618206986767,22.204734236041528,0.0,0.955590531527917,0.9743589743589743,0.02564102564102564,16.455920778188162,100.0
point_gbdt_safety,HOUSEHOLD_1_317_TX_3,1253.9969362286083,1253.9969362286083,0.0,0.0,1.0,1.0,0.0,16.076883797802672,63.0
point_gbdt_safety,HOUSEHOLD_1_320_WI_3,1054.3986128668676,1054.3986128668676,0.0,0.0,1.0,1.0,0.0,13.517930934190609,32.0
point_gbdt_safety,HOUSEHOLD_1_332_WI_3,1126.2479077694868,1126.2479077694868,0.0,0.0,1.0,1.0,0.0,14.439075740634447,5.0
point_gbdt_safety,HOUSEHOLD_1_333_WI_2,1030.0460258546973,1030.0460258546973,0.0,0.0,1.0,1.0,0.0,13.205718280188426,44.0
point_gbdt_safety,HOUSEHOLD_1_338_WI_1,1046.071307956805,1033.628502028947,12.4428059278579,0.0,0.9676810235640054,0.9743589743589743,0.02564102564102564,13.251647461909576,77.0
point_gbdt_safety,HOUSEHOLD_1_342_TX_2,1111.0125059040151,1062.0598075834,48.95269832061524,0.0,0.8658830182996843,0.9102564102564102,0.08974358974358974,13.61615137927436,73.0
point_gbdt_safety,HOUSEHOLD_1_344_CA_1,1203.9344797738295,1203.9344797738295,0.0,0.0,1.0,1.0,0.0,15.435057432997814,45.0
point_gbdt_safety,HOUSEHOLD_1_344_TX_1,1523.9762424657954,1215.7830995749496,308.1931428908459,0.0,0.7844803196567511,0.7692307692307693,0.23076923076923078,15.586962815063456,286.0
point_gbdt_safety,HOUSEHOLD_1_349_TX_2,1197.2761005633772,1195.5576765483152,1.7184240150621477,0.0,0.9960036650812509,0.9871794871794872,0.01282051282051282,15.327662519850195,86.0
point_gbdt_safety,HOUSEHOLD_1_361_WI_3,1268.064178849733,1195.6110534301208,72.45312541961215,0.0,0.9167205454946987,0.8974358974358975,0.10256410256410256,15.328346838847702,174.0
point_gbdt_safety,HOUSEHOLD_1_368_TX_3,1220.985487760149,1220.985487760149,0.0,0.0,1.0,1.0,0.0,15.65366009948909,4.0
point_gbdt_safety,HOUSEHOLD_1_369_CA_1,1190.2034247264867,1000.948060847934,189.25536387855266,0.0,0.7873535237319633,0.8076923076923077,0.19230769230769232,12.832667446768385,178.0
point_gbdt_safety,HOUSEHOLD_1_371_CA_1,1181.5076413054035,1157.726366167356,23.781275138047384,0.0,0.9589978014861251,0.9487179487179487,0.05128205128205128,14.842645720094307,116.0
point_gbdt_safety,HOUSEHOLD_1_377_TX_1,1074.8265435153367,1074.8265435153367,0.0,0.0,1.0,1.0,0.0,13.779827480965855,17.0
point_gbdt_safety,HOUSEHOLD_1_380_CA_1,1081.5343763710246,1064.6199449715111,16.914431399513443,0.0,0.9495091600014524,0.9487179487179487,0.05128205128205128,13.648973653480912,67.0
point_gbdt_safety,HOUSEHOLD_1_384_CA_2,1090.949250683274,1090.949250683274,0.0,0.0,1.0,1.0,0.0,13.986528854913768,65.0
point_gbdt_safety,HOUSEHOLD_1_385_CA_3,2211.2499096207757,1886.8084396330926,324.441469987683,0.0,0.8177295112428747,0.8589743589743589,0.14102564102564102,24.189851790167854,356.0
point_gbdt_safety,HOUSEHOLD_1_386_CA_2,1092.7474270436203,911.9516731770494,180.79575386657092,0.0,0.7083939453764986,0.8205128205128205,0.1794871794871795,11.69168811765448,124.0
point_gbdt_safety,HOUSEHOLD_1_389_CA_1,2030.446936684652,1729.7769926130352,300.6699440716169,0.0,0.8172219184974975,0.8333333333333334,0.16666666666666666,22.17662811042353,329.0
point_gbdt_safety,HOUSEHOLD_1_390_WI_2,1321.6859402497498,1216.798331511832,104.88760873791779,0.0,0.8720882820269296,0.8333333333333334,0.16666666666666666,15.599978609126051,164.0
point_gbdt_safety,HOUSEHOLD_1_394_CA_3,1193.2487605929803,1176.1011606834088,17.147599909571483,0.0,0.9596527060951259,0.9615384615384616,0.038461538461538464,15.078220008761651,85.0
point_gbdt_safety,HOUSEHOLD_1_395_CA_3,1066.267539966639,1058.90940724968,7.358132716958963,0.0,0.9786720790812784,0.9871794871794872,0.01282051282051282,13.575761631406154,69.0
point_gbdt_safety,HOUSEHOLD_1_396_TX_1,1152.3987182173735,1102.1872153692125,50.21150284816096,0.0,0.9078688021134661,0.9358974358974359,0.0641025641025641,14.130605325246314,109.0
point_gbdt_safety,HOUSEHOLD_1_397_WI_1,1134.8743928377057,917.615921954141,217.25847088356474,0.0,0.7473738710656224,0.7692307692307693,0.23076923076923078,11.764306691719757,172.0
point_gbdt_safety,HOUSEHOLD_1_398_CA_4,994.6696625514171,994.6696625514171,0.0,0.0,1.0,1.0,0.0,12.752175160915604,30.0
point_gbdt_safety,HOUSEHOLD_1_399_TX_3,2543.9011355670445,1568.2012965830838,975.6998389839606,0.0,0.6832143379922206,0.6923076923076923,0.3076923076923077,20.105144827988255,616.0
point_gbdt_safety,HOUSEHOLD_1_401_CA_2,1133.156637009948,1133.156637009948,0.0,0.0,1.0,1.0,0.0,14.527649192435232,22.0
point_gbdt_safety,HOUSEHOLD_1_402_TX_2,1133.883950392455,1133.883950392455,0.0,0.0,1.0,1.0,0.0,14.536973722980193,27.0
point_gbdt_safety,HOUSEHOLD_1_404_TX_2,1166.7752185304714,1166.7752185304714,0.0,0.0,1.0,1.0,0.0,14.958656647826556,60.0
point_gbdt_safety,HOUSEHOLD_1_407_CA_4,1045.1903407516804,1045.1903407516804,0.0,0.0,1.0,1.0,0.0,13.399876163483082,33.0
point_gbdt_safety,HOUSEHOLD_1_411_WI_3,1371.8322013616096,1371.8322013616096,0.0,0.0,1.0,1.0,0.0,17.58759232514884,111.0
point_gbdt_safety,HOUSEHOLD_1_415_CA_3,1144.280385156158,1135.9004592824606,8.379925873697296,0.0,0.9729679810525894,0.9743589743589743,0.02564102564102564,14.562826401057187,62.0
point_gbdt_safety,HOUSEHOLD_1_419_WI_2,1188.199900614089,1188.199900614089,0.0,0.0,1.0,1.0,0.0,15.233332059154987,15.0
point_gbdt_safety,HOUSEHOLD_1_421_WI_3,1114.8668062480137,1110.9665482336172,3.9002580143965915,0.0,0.9883574387629951,0.9871794871794872,0.01282051282051282,14.243160874789965,67.0
point_gbdt_safety,HOUSEHOLD_1_423_CA_4,1122.1819845603902,1122.1819845603902,0.0,0.0,1.0,1.0,0.0,14.386948520005003,13.0
point_gbdt_safety,HOUSEHOLD_1_425_CA_4,1092.2619828402503,1023.5235424744699,68.73844036578042,0.0,0.8323452674005356,0.8974358974358975,0.10256410256410256,13.122096698390639,82.0
point_gbdt_safety,HOUSEHOLD_1_431_TX_2,1441.1334117232186,1243.6976211314293,197.43579059178927,0.0,0.8035464770230952,0.8333333333333334,0.16666666666666666,15.944841296556787,201.0
point_gbdt_safety,HOUSEHOLD_1_433_WI_1,1112.0742953737306,1112.0742953737306,0.0,0.0,1.0,1.0,0.0,14.257362761201675,15.0
point_gbdt_safety,HOUSEHOLD_1_437_WI_1,1339.8168322900601,1135.8688599856541,203.94797230440602,0.0,0.8195150687571628,0.8205128205128205,0.1794871794871795,14.56242128186736,226.0
point_gbdt_safety,HOUSEHOLD_1_439_WI_3,1480.4851747374614,1460.8337484970941,19.651426240367318,0.0,0.9598950484890463,0.9743589743589743,0.02564102564102564,18.728637801244798,98.0
point_gbdt_safety,HOUSEHOLD_1_442_CA_4,1029.1696367082352,1029.1696367082352,0.0,0.0,1.0,1.0,0.0,13.19448252190045,57.0
point_gbdt_safety,HOUSEHOLD_1_445_TX_3,1273.7244552223447,1044.485042066269,229.23941315607573,0.0,0.7494651222337969,0.7948717948717948,0.20512820512820512,13.390833872644475,183.0
point_gbdt_safety,HOUSEHOLD_1_448_CA_4,1312.6476347545986,1241.3702346432397,71.27740011135882,0.0,0.8868612696645097,0.9102564102564102,0.08974358974358974,15.915003008246662,126.0
point_gbdt_safety,HOUSEHOLD_1_450_TX_2,1079.7651854761211,1066.0420407519546,13.723144724166545,0.0,0.9624023432214616,0.9743589743589743,0.02564102564102564,13.667205650666084,73.0
point_gbdt_safety,HOUSEHOLD_1_458_CA_2,1154.728349196343,1018.6161982465703,136.1121509497727,0.0,0.8266087249047481,0.8461538461538461,0.15384615384615385,13.059182028802184,157.0
point_gbdt_safety,HOUSEHOLD_1_459_WI_2,11273.152960664074,7336.061292127033,3937.0916685370407,0.0,0.6659234901538361,0.6538461538461539,0.34615384615384615,94.05206784778248,2357.0
point_gbdt_safety,HOUSEHOLD_1_462_WI_1,1516.03257382187,1468.8376584929356,47.19491532893439,0.0,0.886277312460399,0.9615384615384616,0.038461538461538464,18.831252031960712,83.0
point_gbdt_safety,HOUSEHOLD_1_467_CA_1,1118.9362803094907,1118.9362803094907,0.0,0.0,1.0,1.0,0.0,14.345336927044753,58.0
point_gbdt_safety,HOUSEHOLD_1_473_WI_2,2741.6163184826146,2005.7675616653935,735.8487568172213,0.0,0.7497113072050268,0.7307692307692307,0.2692307692307692,25.714968739299916,588.0
point_gbdt_safety,HOUSEHOLD_1_474_TX_2,4808.887190872873,3299.4914589846303,1509.395731888243,0.0,0.664205621381926,0.7051282051282052,0.2948717948717949,42.301172551085,899.0
point_gbdt_safety,HOUSEHOLD_1_481_CA_1,1220.7240959776186,1088.7016267325487,132.02246924506989,0.0,0.8072664682553724,0.8461538461538461,0.15384615384615385,13.957713163237804,137.0
point_gbdt_safety,HOUSEHOLD_1_482_WI_1,1047.9140051701768,1005.548043676206,42.365961493970765,0.0,0.8676063703313414,0.9102564102564102,0.08974358974358974,12.891641585592385,64.0
point_gbdt_safety,HOUSEHOLD_1_491_TX_1,986.3784746219477,953.7134020709558,32.66507255099194,0.0,0.9053186302869799,0.9487179487179487,0.05128205128205128,12.227094898345587,69.0
point_gbdt_safety,HOUSEHOLD_1_491_WI_3,1084.242885222914,1084.242885222914,0.0,0.0,1.0,1.0,0.0,13.90054981055018,50.0
point_gbdt_safety,HOUSEHOLD_1_492_WI_2,1141.4225930758066,1141.4225930758066,0.0,0.0,1.0,1.0,0.0,14.633622988151368,13.0
point_gbdt_safety,HOUSEHOLD_1_494_CA_2,1519.4298704972236,1320.9482678402242,198.48160265699954,0.0,0.818738262413699,0.8461538461538461,0.15384615384615385,16.935234203079798,219.0
point_gbdt_safety,HOUSEHOLD_1_494_TX_1,1568.4168509885524,1254.8459752435292,313.57087574502316,0.0,0.7807196673111726,0.782051282051282,0.21794871794871795,16.08776891337858,286.0
point_gbdt_safety,HOUSEHOLD_1_500_TX_3,1122.0671479488103,1122.0671479488103,0.0,0.0,1.0,1.0,0.0,14.385476255753979,6.0
point_gbdt_safety,HOUSEHOLD_1_501_TX_3,1168.290070963856,1168.290070963856,0.0,0.0,1.0,1.0,0.0,14.978077832869948,7.0
point_gbdt_safety,HOUSEHOLD_1_503_WI_1,1033.8573396887987,973.791336083024,60.066003605774725,0.0,0.8679868052620335,0.9230769230769231,0.07692307692307693,12.484504308756717,91.0
point_gbdt_safety,HOUSEHOLD_1_504_CA_3,1313.7317783822987,1313.7317783822987,0.0,0.0,1.0,1.0,0.0,16.842715107465366,32.0
point_gbdt_safety,HOUSEHOLD_1_504_WI_3,1267.7591479423052,1267.7591479423052,0.0,0.0,1.0,1.0,0.0,16.253322409516734,7.0
point_gbdt_safety,HOUSEHOLD_1_507_WI_3,1085.9130267542241,1085.9130267542241,0.0,0.0,1.0,1.0,0.0,13.921961881464412,11.0
point_gbdt_safety,HOUSEHOLD_1_510_CA_4,1286.9985934407164,1178.9708580311499,108.02773540956645,0.0,0.8214417596536092,0.9102564102564102,0.08974358974358974,15.115011000399358,121.0
point_gbdt_safety,HOUSEHOLD_1_510_TX_1,1218.3247501323945,1218.3247501323945,0.0,0.0,1.0,1.0,0.0,15.619548078620442,78.0
point_gbdt_safety,HOUSEHOLD_1_520_CA_1,1138.7157592378499,1138.7157592378499,0.0,0.0,1.0,1.0,0.0,14.598919990228845,56.0
point_gbdt_safety,HOUSEHOLD_1_521_CA_2,2435.1308244689835,1610.0576232039327,825.0732012650506,0.0,0.603330191699495,0.7435897435897436,0.2564102564102564,20.64176440005042,416.0
point_gbdt_safety,HOUSEHOLD_1_521_TX_3,4439.851226400626,3343.6247328904174,1096.226493510209,0.0,0.7426698372041762,0.6794871794871795,0.32051282051282054,42.86698375500535,852.0
point_gbdt_safety,HOUSEHOLD_1_527_WI_2,1133.4110965570837,1029.8268500582576,103.58424649882616,0.0,0.6762992296911683,0.8717948717948718,0.1282051282051282,13.202908334080226,64.0
point_gbdt_safety,HOUSEHOLD_1_529_CA_2,1121.268631760127,1023.2986203872986,97.97001137282841,0.0,0.793747344478256,0.8974358974358975,0.10256410256410256,13.119213081888443,95.0
point_gbdt_safety,HOUSEHOLD_1_531_TX_1,1121.765890246373,1121.765890246373,0.0,0.0,1.0,1.0,0.0,14.3816139775176,56.0
point_gbdt_safety,HOUSEHOLD_1_533_WI_1,1127.8138161594366,1127.8138161594366,0.0,0.0,1.0,1.0,0.0,14.459151489223546,39.0
point_gbdt_safety,HOUSEHOLD_1_534_CA_2,1189.85291747837,1189.85291747837,0.0,0.0,1.0,1.0,0.0,15.254524583056027,66.0
point_gbdt_safety,HOUSEHOLD_1_534_CA_4,1088.57770128444,1088.57770128444,0.0,0.0,1.0,1.0,0.0,13.95612437544154,45.0
point_gbdt_safety,HOUSEHOLD_1_534_TX_1,1093.4022824580939,1093.4022824580939,0.0,0.0,1.0,1.0,0.0,14.017977980231972,37.0
point_gbdt_safety,HOUSEHOLD_1_537_CA_3,1594.2823872205365,1510.4089009427041,83.87348627783237,0.0,0.9102957366012487,0.8974358974358975,0.10256410256410256,19.364216678752616,187.0
point_gbdt_safety,HOUSEHOLD_1_537_TX_1,1185.8791650183327,1185.8791650183327,0.0,0.0,1.0,1.0,0.0,15.203579038696574,107.0
point_gbdt_safety,HOUSEHOLD_1_541_CA_2,1226.3173983353208,1210.0647997744531,16.25259856086764,0.0,0.9830702098324297,0.9743589743589743,0.02564102564102564,15.513651279159657,192.0
point_gbdt_safety,HOUSEHOLD_2_001_WI_2,1130.0715005946304,1130.0715005946304,0.0,0.0,1.0,1.0,0.0,14.48809616146962,9.0
point_gbdt_safety,HOUSEHOLD_2_004_CA_4,1250.4922664139528,1250.4922664139528,0.0,0.0,1.0,1.0,0.0,16.031952133512217,6.0
point_gbdt_safety,HOUSEHOLD_2_008_WI_2,1232.398057372167,1232.398057372167,0.0,0.0,1.0,1.0,0.0,15.799975094514961,0.0
point_gbdt_safety,HOUSEHOLD_2_009_CA_1,990.6776114728425,990.6776114728425,0.0,0.0,1.0,1.0,0.0,12.700995018882596,39.0
point_gbdt_safety,HOUSEHOLD_2_010_CA_3,1214.83820997443,1214.83820997443,0.0,0.0,1.0,1.0,0.0,15.574848845826024,22.0
point_gbdt_safety,HOUSEHOLD_2_013_WI_3,1097.1498709257826,1097.1498709257826,0.0,0.0,1.0,1.0,0.0,14.066023986227982,10.0
point_gbdt_safety,HOUSEHOLD_2_015_CA_1,1139.4955626145597,1139.4955626145597,0.0,0.0,1.0,1.0,0.0,14.608917469417433,50.0
point_gbdt_safety,HOUSEHOLD_2_017_CA_1,1155.036463179463,1155.036463179463,0.0,0.0,1.0,1.0,0.0,14.808159784352089,29.0
point_gbdt_safety,HOUSEHOLD_2_021_CA_2,1225.5459145740067,1225.5459145740067,0.0,0.0,1.0,1.0,0.0,15.712127109923163,31.0
point_gbdt_safety,HOUSEHOLD_2_029_WI_2,1136.7192149188427,1136.7192149188427,0.0,0.0,1.0,1.0,0.0,14.573323268190292,47.0
point_gbdt_safety,HOUSEHOLD_2_032_WI_2,1221.7218674651206,1221.7218674651206,0.0,0.0,1.0,1.0,0.0,15.663100864937443,7.0
point_gbdt_safety,HOUSEHOLD_2_034_CA_2,1032.9666209720106,1032.9666209720106,0.0,0.0,1.0,1.0,0.0,13.243161807333468,18.0
point_gbdt_safety,HOUSEHOLD_2_034_CA_3,1198.0354707601118,1198.0354707601118,0.0,0.0,1.0,1.0,0.0,15.359429112309126,14.0
point_gbdt_safety,HOUSEHOLD_2_038_TX_1,1148.2654890131626,1148.2654890131626,0.0,0.0,1.0,1.0,0.0,14.721352423245675,11.0
point_gbdt_safety,HOUSEHOLD_2_042_WI_2,1214.8833768664758,1214.8833768664758,0.0,0.0,1.0,1.0,0.0,15.575427908544562,2.0
point_gbdt_safety,HOUSEHOLD_2_043_TX_2,1024.847307548505,1024.847307548505,0.0,0.0,1.0,1.0,0.0,13.139068045493653,17.0
point_gbdt_safety,HOUSEHOLD_2_045_CA_4,1064.630500382355,1064.630500382355,0.0,0.0,1.0,1.0,0.0,13.64910897926096,19.0
point_gbdt_safety,HOUSEHOLD_2_047_TX_2,1269.5742356274952,1269.5742356274952,0.0,0.0,1.0,1.0,0.0,16.276592764455067,40.0
point_gbdt_safety,HOUSEHOLD_2_057_WI_3,1127.7397723875165,1127.7397723875165,0.0,0.0,1.0,1.0,0.0,14.458202210096365,12.0
point_gbdt_safety,HOUSEHOLD_2_058_TX_2,1181.9065559305322,1181.9065559305322,0.0,0.0,1.0,1.0,0.0,15.15264815295554,44.0
point_gbdt_safety,HOUSEHOLD_2_063_TX_2,1137.1641319697421,1137.1641319697421,0.0,0.0,1.0,1.0,0.0,14.579027332945412,12.0
point_gbdt_safety,HOUSEHOLD_2_067_CA_2,1111.0613504883188,1065.819757878248,45.24159261007071,0.0,0.9162192729443135,0.9230769230769231,0.07692307692307693,13.66435587023395,108.0
point_gbdt_safety,HOUSEHOLD_2_073_WI_3,1189.5487295605947,1189.5487295605947,0.0,0.0,1.0,1.0,0.0,15.250624737956342,3.0
point_gbdt_safety,HOUSEHOLD_2_075_CA_4,1044.2340006561171,1044.2340006561171,0.0,0.0,1.0,1.0,0.0,13.387615393027144,38.0
point_gbdt_safety,HOUSEHOLD_2_075_WI_3,1219.0641160533328,1219.0641160533328,0.0,0.0,1.0,1.0,0.0,15.629027128888882,37.0
point_gbdt_safety,HOUSEHOLD_2_077_CA_3,1195.5347159000942,1195.5347159000942,0.0,0.0,1.0,1.0,0.0,15.32736815256531,9.0
point_gbdt_safety,HOUSEHOLD_2_079_TX_1,1117.0407619322948,1117.0407619322948,0.0,0.0,1.0,1.0,0.0,14.321035409388395,14.0
point_gbdt_safety,HOUSEHOLD_2_087_CA_3,1268.235328948185,1268.235328948185,0.0,0.0,1.0,1.0,0.0,16.2594272942075,7.0
point_gbdt_safety,HOUSEHOLD_2_089_TX_2,1104.6923749289294,1104.6923749289294,0.0,0.0,1.0,1.0,0.0,14.162722755499095,57.0
point_gbdt_safety,HOUSEHOLD_2_095_CA_2,1117.39636347936,1117.39636347936,0.0,0.0,1.0,1.0,0.0,14.325594403581537,40.0
point_gbdt_safety,HOUSEHOLD_2_095_TX_3,1096.624778328597,1096.624778328597,0.0,0.0,1.0,1.0,0.0,14.059292029853806,25.0
point_gbdt_safety,HOUSEHOLD_2_110_CA_1,1329.828042630437,1195.847104186978,133.98093844345914,0.0,0.8395437862952586,0.8974358974358975,0.10256410256410256,15.331373130602282,167.0
point_gbdt_safety,HOUSEHOLD_2_120_TX_2,1181.0390677131486,1181.0390677131486,0.0,0.0,1.0,1.0,0.0,15.141526509142931,35.0
point_gbdt_safety,HOUSEHOLD_2_123_TX_1,1142.92864659734,1142.92864659734,0.0,0.0,1.0,1.0,0.0,14.652931366632565,42.0
point_gbdt_safety,HOUSEHOLD_2_129_CA_2,1125.893174830817,1125.893174830817,0.0,0.0,1.0,1.0,0.0,14.434527882446373,14.0
point_gbdt_safety,HOUSEHOLD_2_138_CA_3,1229.416090157908,1229.416090157908,0.0,0.0,1.0,1.0,0.0,15.761744745614205,4.0
point_gbdt_safety,HOUSEHOLD_2_139_TX_2,956.5382302013686,956.5382302013686,0.0,0.0,1.0,1.0,0.0,12.263310643607289,47.0
point_gbdt_safety,HOUSEHOLD_2_143_CA_1,982.0490117919081,982.0490117919081,0.0,0.0,1.0,1.0,0.0,12.590371946050103,22.0
point_gbdt_safety,HOUSEHOLD_2_146_WI_1,999.7304918468938,985.2828415742616,14.447650272632089,0.0,0.9357882210105241,0.9743589743589743,0.02564102564102564,12.631831302234124,45.0
point_gbdt_safety,HOUSEHOLD_2_147_CA_3,1267.9202435872926,1267.9202435872926,0.0,0.0,1.0,1.0,0.0,16.255387738298623,5.0
point_gbdt_safety,HOUSEHOLD_2_149_TX_1,1180.691559893071,1180.691559893071,0.0,0.0,1.0,1.0,0.0,15.137071280680397,6.0
point_gbdt_safety,HOUSEHOLD_2_150_CA_2,1034.1343577462142,1034.1343577462142,0.0,0.0,1.0,1.0,0.0,13.25813279161813,33.0
point_gbdt_safety,HOUSEHOLD_2_158_TX_3,1211.0520007085463,1211.0520007085463,0.0,0.0,1.0,1.0,0.0,15.52630770139162,0.0
point_gbdt_safety,HOUSEHOLD_2_159_CA_2,1145.8547711308986,1145.8547711308986,0.0,0.0,1.0,1.0,0.0,14.69044578372947,46.0
point_gbdt_safety,HOUSEHOLD_2_160_WI_1,1106.3998609445307,1106.3998609445307,0.0,0.0,1.0,1.0,0.0,14.184613601852957,41.0
point_gbdt_safety,HOUSEHOLD_2_164_CA_1,1071.0882250614957,1071.0882250614957,0.0,0.0,1.0,1.0,0.0,13.731900321301227,12.0
point_gbdt_safety,HOUSEHOLD_2_176_TX_2,1681.6590331966013,1211.8413190918923,469.817714104709,0.0,0.6051951982313368,0.6794871794871795,0.32051282051282054,15.536427167844773,238.0
point_gbdt_safety,HOUSEHOLD_2_179_CA_1,1155.654340558885,1155.654340558885,0.0,0.0,1.0,1.0,0.0,14.816081289216473,28.0
point_gbdt_safety,HOUSEHOLD_2_184_WI_3,1072.9080284933418,1072.9080284933418,0.0,0.0,1.0,1.0,0.0,13.755231134530023,46.0
point_gbdt_safety,HOUSEHOLD_2_190_WI_1,1072.4109378691558,1072.4109378691558,0.0,0.0,1.0,1.0,0.0,13.748858177809689,44.0
point_gbdt_safety,HOUSEHOLD_2_193_TX_1,1077.1900251190684,1077.1900251190684,0.0,0.0,1.0,1.0,0.0,13.810128527167544,22.0
point_gbdt_safety,HOUSEHOLD_2_203_CA_1,1057.5467078338827,941.6097149655263,115.93699286835633,0.0,0.6823644031003936,0.8846153846153846,0.11538461538461539,12.071919422634952,73.0
point_gbdt_safety,HOUSEHOLD_2_207_WI_3,1209.0495014435182,1209.0495014435182,0.0,0.0,1.0,1.0,0.0,15.50063463389126,3.0
point_gbdt_safety,HOUSEHOLD_2_208_CA_3,1190.2545567320558,1190.2545567320558,0.0,0.0,1.0,1.0,0.0,15.259673804257126,9.0
point_gbdt_safety,HOUSEHOLD_2_217_TX_1,1002.2076792886471,932.209424108089,69.99825518055815,0.0,0.8478298800422649,0.9230769230769231,0.07692307692307693,11.951402873180628,92.0
point_gbdt_safety,HOUSEHOLD_2_218_CA_1,1073.7809713817387,1073.7809713817387,0.0,0.0,1.0,1.0,0.0,13.766422710022292,6.0
point_gbdt_safety,HOUSEHOLD_2_224_TX_1,1099.385419430294,1099.385419430294,0.0,0.0,1.0,1.0,0.0,14.094684864490947,6.0
point_gbdt_safety,HOUSEHOLD_2_226_TX_3,1132.5253979358085,1132.5253979358085,0.0,0.0,1.0,1.0,0.0,14.519556383792418,28.0
point_gbdt_safety,HOUSEHOLD_2_226_WI_1,996.6268708846053,996.6268708846053,0.0,0.0,1.0,1.0,0.0,12.777267575443657,39.0
point_gbdt_safety,HOUSEHOLD_2_234_WI_3,1176.6477994131567,1176.6477994131567,0.0,0.0,1.0,1.0,0.0,15.085228197604573,9.0
point_gbdt_safety,HOUSEHOLD_2_237_CA_2,1120.8258825403093,1120.8258825403093,0.0,0.0,1.0,1.0,0.0,14.369562596670631,12.0
point_gbdt_safety,HOUSEHOLD_2_238_CA_1,1094.6476135570742,1094.6476135570742,0.0,0.0,1.0,1.0,0.0,14.033943763552234,30.0
point_gbdt_safety,HOUSEHOLD_2_241_CA_2,1074.6397462566842,1074.6397462566842,0.0,0.0,1.0,1.0,0.0,13.777432644316464,18.0
point_gbdt_safety,HOUSEHOLD_2_249_WI_1,1081.2436479777825,1081.2436479777825,0.0,0.0,1.0,1.0,0.0,13.862098050997211,7.0
point_gbdt_safety,HOUSEHOLD_2_257_TX_1,1020.2706136166543,1020.2706136166543,0.0,0.0,1.0,1.0,0.0,13.080392482264799,37.0
point_gbdt_safety,HOUSEHOLD_2_259_CA_2,1128.7365537112235,1115.092325873999,13.644227837224445,0.0,0.9512706148670554,0.9615384615384616,0.038461538461538464,14.296055459923064,56.0
point_gbdt_safety,HOUSEHOLD_2_259_TX_3,1151.4197392279932,1151.4197392279932,0.0,0.0,1.0,1.0,0.0,14.761791528564016,12.0
point_gbdt_safety,HOUSEHOLD_2_260_WI_1,1146.4504653202584,1146.4504653202584,0.0,0.0,1.0,1.0,0.0,14.698082888721261,16.0
point_gbdt_safety,HOUSEHOLD_2_263_TX_2,965.6834617742435,965.6834617742435,0.0,0.0,1.0,1.0,0.0,12.380557202233891,22.0
point_gbdt_safety,HOUSEHOLD_2_263_TX_3,1170.1001298696938,1170.1001298696938,0.0,0.0,1.0,1.0,0.0,15.001283716278126,6.0
point_gbdt_safety,HOUSEHOLD_2_264_WI_3,1068.570649795384,1068.570649795384,0.0,0.0,1.0,1.0,0.0,13.699623715325437,34.0
point_gbdt_safety,HOUSEHOLD_2_265_WI_1,1072.8186937730698,1072.8186937730698,0.0,0.0,1.0,1.0,0.0,13.754085817603459,26.0
point_gbdt_safety,HOUSEHOLD_2_275_CA_2,1104.1704387380307,1104.1704387380307,0.0,0.0,1.0,1.0,0.0,14.156031265872189,48.0
point_gbdt_safety,HOUSEHOLD_2_280_TX_2,1127.120838186295,1127.120838186295,0.0,0.0,1.0,1.0,0.0,14.45026715623455,30.0
point_gbdt_safety,HOUSEHOLD_2_280_WI_3,1153.2348174673646,1153.2348174673646,0.0,0.0,1.0,1.0,0.0,14.78506176240211,16.0
point_gbdt_safety,HOUSEHOLD_2_288_TX_3,1174.717461680521,1174.717461680521,0.0,0.0,1.0,1.0,0.0,15.060480277955397,13.0
point_gbdt_safety,HOUSEHOLD_2_294_CA_1,1456.6539163473296,1456.6539163473296,0.0,0.0,1.0,1.0,0.0,18.675050209581148,112.0
point_gbdt_safety,HOUSEHOLD_2_294_WI_3,1066.4085618282472,1002.431706898946,63.97685492930133,0.0,0.881524342723516,0.8846153846153846,0.11538461538461539,12.851688549986488,108.0
point_gbdt_safety,HOUSEHOLD_2_307_TX_1,1168.0617808892805,1168.0617808892805,0.0,0.0,1.0,1.0,0.0,14.975151037042057,3.0
point_gbdt_safety,HOUSEHOLD_2_308_WI_3,1082.4906855977686,1082.4906855977686,0.0,0.0,1.0,1.0,0.0,13.878085712791904,17.0
point_gbdt_safety,HOUSEHOLD_2_311_TX_2,1136.2035605137,1136.2035605137,0.0,0.0,1.0,1.0,0.0,14.566712314278206,39.0
point_gbdt_safety,HOUSEHOLD_2_314_TX_1,1006.6069271428444,1006.6069271428444,0.0,0.0,1.0,1.0,0.0,12.905217014651852,20.0
point_gbdt_safety,HOUSEHOLD_2_316_CA_4,1066.8777373630899,1066.8777373630899,0.0,0.0,1.0,1.0,0.0,13.677919709783204,18.0
point_gbdt_safety,HOUSEHOLD_2_326_TX_2,1128.6865258560379,1128.6865258560379,0.0,0.0,1.0,1.0,0.0,14.470340075077408,15.0
point_gbdt_safety,HOUSEHOLD_2_330_CA_2,1167.0210877192994,1167.0210877192994,0.0,0.0,1.0,1.0,0.0,14.961808816914095,16.0
point_gbdt_safety,HOUSEHOLD_2_333_WI_2,1159.2160139584,1159.2160139584,0.0,0.0,1.0,1.0,0.0,14.861743768697437,17.0
point_gbdt_safety,HOUSEHOLD_2_337_CA_2,1045.9083618577579,1045.9083618577579,0.0,0.0,1.0,1.0,0.0,13.409081562278947,26.0
point_gbdt_safety,HOUSEHOLD_2_338_WI_3,1206.8235111664326,1206.8235111664326,0.0,0.0,1.0,1.0,0.0,15.472096297005546,11.0
point_gbdt_safety,HOUSEHOLD_2_342_CA_1,1018.9276689119454,1015.121629070514,3.8060398414313035,0.0,0.9834520006894292,0.9871794871794872,0.01282051282051282,13.014379859878385,46.0
point_gbdt_safety,HOUSEHOLD_2_345_CA_1,1143.7184630750562,1143.7184630750562,0.0,0.0,1.0,1.0,0.0,14.663057218910977,40.0
point_gbdt_safety,HOUSEHOLD_2_346_TX_3,1014.0007403599822,976.6093473144974,37.39139304548475,0.0,0.9130432719872448,0.9743589743589743,0.02564102564102564,12.520632657878172,86.0
point_gbdt_safety,HOUSEHOLD_2_348_TX_1,1035.6157082118261,1010.842217842707,24.773490369119244,0.0,0.9271367930320022,0.9615384615384616,0.038461538461538464,12.959515613368039,68.0
point_gbdt_safety,HOUSEHOLD_2_354_TX_1,1033.1267840115593,1033.1267840115593,0.0,0.0,1.0,1.0,0.0,13.245215179635375,22.0
point_gbdt_safety,HOUSEHOLD_2_354_TX_2,1110.8690719161893,1058.4636395158004,52.40543240038889,0.0,0.7903782703984444,0.9358974358974359,0.0641025641025641,13.57004666045898,50.0
point_gbdt_safety,HOUSEHOLD_2_355_CA_3,1180.8028117847748,1180.8028117847748,0.0,0.0,1.0,1.0,0.0,15.138497586984291,29.0
point_gbdt_safety,HOUSEHOLD_2_355_TX_2,1135.6951718483142,1135.6951718483142,0.0,0.0,1.0,1.0,0.0,14.560194510875823,21.0
point_gbdt_safety,HOUSEHOLD_2_358_CA_4,1191.0977005500347,1191.0977005500347,0.0,0.0,1.0,1.0,0.0,15.27048334038506,1.0
point_gbdt_safety,HOUSEHOLD_2_358_WI_2,1151.3768352239042,1151.3768352239042,0.0,0.0,1.0,1.0,0.0,14.761241477229541,16.0
point_gbdt_safety,HOUSEHOLD_2_370_TX_2,1080.993062868656,1080.993062868656,0.0,0.0,1.0,1.0,0.0,13.858885421393024,23.0
point_gbdt_safety,HOUSEHOLD_2_373_WI_3,1176.165348221804,1176.165348221804,0.0,0.0,1.0,1.0,0.0,15.079042925920563,10.0
point_gbdt_safety,HOUSEHOLD_2_382_TX_3,1138.4169549458156,1138.4169549458156,0.0,0.0,1.0,1.0,0.0,14.595089165971995,43.0
point_gbdt_safety,HOUSEHOLD_2_385_WI_1,1151.5775742500596,1151.5775742500596,0.0,0.0,1.0,1.0,0.0,14.763815054487944,15.0
point_gbdt_safety,HOUSEHOLD_2_392_CA_4,1144.5629823551064,1144.5629823551064,0.0,0.0,1.0,1.0,0.0,14.673884389168032,10.0
point_gbdt_safety,HOUSEHOLD_2_396_TX_3,1005.2076771288537,1005.2076771288537,0.0,0.0,1.0,1.0,0.0,12.887277911908381,21.0
point_gbdt_safety,HOUSEHOLD_2_396_WI_2,1157.0868294058012,1157.0868294058012,0.0,0.0,1.0,1.0,0.0,14.834446530843605,6.0
point_gbdt_safety,HOUSEHOLD_2_397_WI_2,1238.490068699955,1238.490068699955,0.0,0.0,1.0,1.0,0.0,15.878077803845576,4.0
point_gbdt_safety,HOUSEHOLD_2_401_TX_3,947.0649893105272,880.7835959083832,66.28139340214403,0.0,0.8363422385132246,0.9230769230769231,0.07692307692307693,11.29209738344081,81.0
point_gbdt_safety,HOUSEHOLD_2_405_CA_4,1076.6761383677474,1076.6761383677474,0.0,0.0,1.0,1.0,0.0,13.803540235483942,10.0
point_gbdt_safety,HOUSEHOLD_2_412_CA_1,1265.6941743109376,1265.6941743109376,0.0,0.0,1.0,1.0,0.0,16.226848388601763,6.0
point_gbdt_safety,HOUSEHOLD_2_417_TX_1,1111.7081109145095,1111.7081109145095,0.0,0.0,1.0,1.0,0.0,14.252668088647557,5.0
point_gbdt_safety,HOUSEHOLD_2_418_CA_2,1132.4251329544377,1132.4251329544377,0.0,0.0,1.0,1.0,0.0,14.518270935313303,21.0
point_gbdt_safety,HOUSEHOLD_2_420_CA_3,1138.181077550524,1138.181077550524,0.0,0.0,1.0,1.0,0.0,14.592065096801589,36.0
point_gbdt_safety,HOUSEHOLD_2_424_CA_1,1035.2763032450832,1035.2763032450832,0.0,0.0,1.0,1.0,0.0,13.272773118526707,22.0
point_gbdt_safety,HOUSEHOLD_2_424_CA_4,1106.3566429280124,1106.3566429280124,0.0,0.0,1.0,1.0,0.0,14.184059524718108,10.0
point_gbdt_safety,HOUSEHOLD_2_428_CA_4,1171.2253136003128,1171.2253136003128,0.0,0.0,1.0,1.0,0.0,15.015709148721958,0.0
point_gbdt_safety,HOUSEHOLD_2_429_WI_3,1146.7642395708165,1146.7642395708165,0.0,0.0,1.0,1.0,0.0,14.702105635523289,10.0
point_gbdt_safety,HOUSEHOLD_2_432_TX_3,1123.5050475438718,1123.5050475438718,0.0,0.0,1.0,1.0,0.0,14.403910865947074,27.0
point_gbdt_safety,HOUSEHOLD_2_436_CA_2,1258.2577042343162,1258.2577042343162,0.0,0.0,1.0,1.0,0.0,16.13150902864508,38.0
point_gbdt_safety,HOUSEHOLD_2_440_TX_2,1476.9520158193945,1308.3845339515055,168.5674818678889,0.0,0.7737349236672632,0.8846153846153846,0.11538461538461539,16.774160691685967,149.0
point_gbdt_safety,HOUSEHOLD_2_445_WI_2,1183.659562252926,1183.659562252926,0.0,0.0,1.0,1.0,0.0,15.17512259298623,2.0
point_gbdt_safety,HOUSEHOLD_2_446_CA_3,1229.9384337355202,1229.9384337355202,0.0,0.0,1.0,1.0,0.0,15.768441458147695,13.0
point_gbdt_safety,HOUSEHOLD_2_451_TX_1,1077.4743991985026,1022.9728358931113,54.501563305391244,0.0,0.8941717217371045,0.9230769230769231,0.07692307692307693,13.11503635760399,103.0
point_gbdt_safety,HOUSEHOLD_2_451_WI_2,1159.875321884589,1149.607952982451,10.267368902137974,0.0,0.9763968530985334,0.9871794871794872,0.01282051282051282,14.738563499775013,87.0
point_gbdt_safety,HOUSEHOLD_2_459_WI_3,1148.3147806908244,1148.3147806908244,0.0,0.0,1.0,1.0,0.0,14.721984367831082,8.0
point_gbdt_safety,HOUSEHOLD_2_462_CA_4,1172.685802261216,1172.685802261216,0.0,0.0,1.0,1.0,0.0,15.03443336232328,11.0
point_gbdt_safety,HOUSEHOLD_2_462_TX_2,1138.9097111487101,1138.9097111487101,0.0,0.0,1.0,1.0,0.0,14.60140655318859,13.0
point_gbdt_safety,HOUSEHOLD_2_465_CA_1,1134.859353521555,1105.3680382925736,29.49131522898142,0.0,0.9329742835704967,0.9743589743589743,0.02564102564102564,14.171385106315046,88.0
point_gbdt_safety,HOUSEHOLD_2_468_TX_2,1000.6843924714948,1000.6843924714948,0.0,0.0,1.0,1.0,0.0,12.829287082967882,42.0
point_gbdt_safety,HOUSEHOLD_2_470_WI_2,1082.8956100469945,1082.8956100469945,0.0,0.0,1.0,1.0,0.0,13.883277051884546,44.0
point_gbdt_safety,HOUSEHOLD_2_475_CA_3,1252.029099289417,1252.029099289417,0.0,0.0,1.0,1.0,0.0,16.05165511909509,20.0
point_gbdt_safety,HOUSEHOLD_2_476_WI_2,1056.2618932454943,1056.2618932454943,0.0,0.0,1.0,1.0,0.0,13.541819144173004,19.0
point_gbdt_safety,HOUSEHOLD_2_478_TX_2,1101.8286875384908,1101.8286875384908,0.0,0.0,1.0,1.0,0.0,14.126008814596036,13.0
point_gbdt_safety,HOUSEHOLD_2_480_TX_1,1147.0471440542458,1147.0471440542458,0.0,0.0,1.0,1.0,0.0,14.705732616080073,15.0
point_gbdt_safety,HOUSEHOLD_2_483_TX_1,1043.6220402188117,999.2652310190637,44.356809199747985,0.0,0.9094758995923512,0.9102564102564102,0.08974358974358974,12.81109270537261,98.0
point_gbdt_safety,HOUSEHOLD_2_488_WI_3,1085.3859354080091,1085.3859354080091,0.0,0.0,1.0,1.0,0.0,13.915204300102682,14.0
point_gbdt_safety,HOUSEHOLD_2_490_WI_1,1120.1524347237175,998.3269903398216,121.82544438389598,0.0,0.8081489064820536,0.8846153846153846,0.11538461538461539,12.799063978715662,127.0
point_gbdt_safety,HOUSEHOLD_2_491_TX_3,1066.7355739725076,1066.7355739725076,0.0,0.0,1.0,1.0,0.0,13.676097102211637,39.0
point_gbdt_safety,HOUSEHOLD_2_505_CA_4,1182.3746769422573,1182.3746769422573,0.0,0.0,1.0,1.0,0.0,15.158649704387914,9.0
point_gbdt_safety,HOUSEHOLD_2_507_CA_1,1000.2434285479986,984.3835517975438,15.859876750454838,0.0,0.9526570843270005,0.9615384615384616,0.038461538461538464,12.620301946122355,67.0
point_gbdt_safety,HOUSEHOLD_2_509_TX_1,1165.3759472827235,1165.3759472827235,0.0,0.0,1.0,1.0,0.0,14.940717272855428,36.0
point_gbdt_safety,HOUSEHOLD_2_509_WI_1,1105.8204171779828,1105.8204171779828,0.0,0.0,1.0,1.0,0.0,14.177184835615163,8.0
point_gbdt_safety,HOUSEHOLD_2_509_WI_2,1125.769490332565,1125.769490332565,0.0,0.0,1.0,1.0,0.0,14.432942183750834,14.0
point_gbdt_safety,HOUSEHOLD_2_510_CA_2,1099.5175644830863,1091.9339041807875,7.58366030229876,0.0,0.9733906656059692,0.9743589743589743,0.02564102564102564,13.999152617702403,57.0
pp_quantile_fixed,FOODS_1_008_CA_1,285.3488790416082,265.900607919284,19.448271122324176,0.0,0.8444138310214067,0.9358974358974359,0.0641025641025641,3.4089821528113338,25.0
pp_quantile_fixed,FOODS_1_010_CA_3,321.4918443787857,249.2975620997918,72.19428227899388,0.0,0.6718441714591187,0.8205128205128205,0.1794871794871795,3.196122591022972,44.0
pp_quantile_fixed,FOODS_1_010_WI_3,559.03666066808,522.5600555673501,36.47660510072987,0.0,0.8673577996337095,0.9230769230769231,0.07692307692307693,6.699487891889104,55.0
pp_quantile_fixed,FOODS_1_013_WI_1,880.3332550574773,772.185686641159,108.14756841631836,0.0,0.8269638905338906,0.8846153846153846,0.11538461538461539,9.899816495399474,125.0
pp_quantile_fixed,FOODS_1_014_WI_3,638.2806792736059,527.1813669669405,111.09931230666545,0.0,0.7445992820536428,0.8589743589743589,0.14102564102564102,6.758735473935134,87.0
pp_quantile_fixed,FOODS_1_022_WI_3,357.22084851942236,357.22084851942236,0.0,0.0,1.0,1.0,0.0,4.579754468197723,1.0
pp_quantile_fixed,FOODS_1_024_TX_1,491.09693703917685,415.44879039643234,75.64814664274454,0.0,0.7145352956877564,0.8974358974358975,0.10256410256410256,5.326266543544004,53.0
pp_quantile_fixed,FOODS_1_025_TX_1,409.54217320175655,362.7089072782485,46.83326592350804,0.0,0.787121518529509,0.8974358974358975,0.10256410256410256,4.6501141958749805,44.0
pp_quantile_fixed,FOODS_1_025_WI_1,681.2675580447299,667.8178312882992,13.449726756430689,0.0,0.9184865045064807,0.9487179487179487,0.05128205128205128,8.561767067798709,33.0
pp_quantile_fixed,FOODS_1_032_CA_2,1739.0719111760745,1239.2460251699727,499.82588600610177,0.0,0.736239637991503,0.7564102564102564,0.24358974358974358,15.887769553461188,379.0
pp_quantile_fixed,FOODS_1_040_TX_1,528.6779452158859,464.48158244207957,64.19636277380633,0.0,0.6868470108594813,0.8974358974358975,0.10256410256410256,5.954892082590764,41.0
pp_quantile_fixed,FOODS_1_043_CA_3,9212.229554389605,9212.229554389605,0.0,0.0,1.0,1.0,0.0,118.10550710755903,42.0
pp_quantile_fixed,FOODS_1_045_CA_3,1252.9248652834324,1248.7596075490592,4.165257734373302,0.0,0.993736454534777,0.9871794871794872,0.01282051282051282,16.00973855832127,133.0
pp_quantile_fixed,FOODS_1_045_WI_2,822.8406619439367,712.4559836281738,110.38467831576284,0.0,0.7955839290448836,0.8589743589743589,0.14102564102564102,9.134051072156074,108.0
pp_quantile_fixed,FOODS_1_046_WI_3,1748.9716469812915,1420.1023895866679,328.86925739462356,0.0,0.7563931426706492,0.717948717948718,0.28205128205128205,18.20644089213677,270.0
pp_quantile_fixed,FOODS_1_047_TX_2,539.279108856041,507.44136828679444,31.837740569246638,0.0,0.8972976110669463,0.9102564102564102,0.08974358974358974,6.505658567779416,62.0
pp_quantile_fixed,FOODS_1_054_CA_1,721.7360811653505,448.7860778905605,272.95000327479005,0.0,0.5926119354107612,0.7307692307692307,0.2692307692307692,5.753667665263596,134.0
pp_quantile_fixed,FOODS_1_054_TX_3,375.07249641213735,325.7830420555373,49.28945435660005,0.0,0.7183459751051426,0.9487179487179487,0.05128205128205128,4.176705667378683,35.0
pp_quantile_fixed,FOODS_1_055_WI_2,1083.817098708349,882.8559866443277,200.96111206402136,0.0,0.7044689528470274,0.8076923076923077,0.19230769230769232,11.318666495440098,136.0
pp_quantile_fixed,FOODS_1_056_WI_1,603.6221215183429,603.6221215183429,0.0,0.0,1.0,1.0,0.0,7.738745147671062,1.0
pp_quantile_fixed,FOODS_1_057_CA_2,1047.2069714557042,1047.2069714557042,0.0,0.0,1.0,1.0,0.0,13.425730403278259,3.0
pp_quantile_fixed,FOODS_1_060_CA_4,326.0770667755311,321.20050961007587,4.876557165455182,0.0,0.9749920145361273,0.9871794871794872,0.01282051282051282,4.117955251411229,39.0
pp_quantile_fixed,FOODS_1_062_TX_2,392.9522223545273,356.7761177262459,36.1761046282814,0.0,0.8460591292413557,0.9230769230769231,0.07692307692307693,4.574052791362127,47.0
pp_quantile_fixed,FOODS_1_064_WI_3,252.9091885446034,244.45110211039994,8.458086434203471,0.0,0.9060212618421836,0.9743589743589743,0.02564102564102564,3.1339884885948712,18.0
pp_quantile_fixed,FOODS_1_066_WI_1,998.5246333679219,723.8348808720309,274.68975249589096,0.0,0.6729883898858441,0.7564102564102564,0.24358974358974358,9.279934370154242,168.0
pp_quantile_fixed,FOODS_1_069_CA_3,1564.4952497755157,1085.9022686929443,478.5929810825713,0.0,0.7045722338996473,0.717948717948718,0.28205128205128205,13.92182395760185,324.0
pp_quantile_fixed,FOODS_1_078_TX_2,449.06045181444836,412.79914195954814,36.26130985490022,0.0,0.8313427448609292,0.9487179487179487,0.05128205128205128,5.292296691789079,43.0
pp_quantile_fixed,FOODS_1_081_WI_1,458.22646325946937,363.35401393845376,94.87244932101558,0.0,0.7167986587432371,0.8589743589743589,0.14102564102564102,4.658384794082741,67.0
pp_quantile_fixed,FOODS_1_083_WI_3,1114.0773115185248,1102.4059594645496,11.671352053975106,0.0,0.9746274955348366,0.9487179487179487,0.05128205128205128,14.133409736724994,92.0
pp_quantile_fixed,FOODS_1_085_CA_4,2833.647648046516,2021.4845056764468,812.1631423700695,0.0,0.765270768101136,0.6666666666666666,0.3333333333333333,25.916468021492907,692.0
pp_quantile_fixed,FOODS_1_086_CA_2,1060.7603805468386,897.5054488578935,163.25493168894516,0.0,0.8325590444215946,0.8333333333333334,0.16666666666666666,11.506480113562738,195.0
pp_quantile_fixed,FOODS_1_086_WI_2,1284.8644264086306,855.5547193761967,429.30970703243383,0.0,0.6606247375237677,0.6923076923076923,0.3076923076923077,10.968650248412777,253.0
pp_quantile_fixed,FOODS_1_089_CA_1,380.0256554476741,332.5043389818354,47.52131646583873,0.0,0.7029917720885079,0.8974358974358975,0.10256410256410256,4.262876140792762,32.0
pp_quantile_fixed,FOODS_1_091_TX_3,396.0253128292599,396.0253128292599,0.0,0.0,1.0,1.0,0.0,5.077247600375127,4.0
pp_quantile_fixed,FOODS_1_094_WI_1,368.6065620076986,284.2769846075413,84.32957740015728,0.0,0.7444558260601294,0.8333333333333334,0.16666666666666666,3.644576725737709,66.0
pp_quantile_fixed,FOODS_1_098_CA_2,262.69609874777177,262.69609874777177,0.0,0.0,1.0,1.0,0.0,3.36789870189451,13.0
pp_quantile_fixed,FOODS_1_098_TX_1,322.7663681689492,225.16143975921037,97.60492840973886,0.0,0.6691358358991903,0.8717948717948718,0.1282051282051282,2.8866851251180816,59.0
pp_quantile_fixed,FOODS_1_099_CA_2,3129.1052605382556,2257.2899349275544,871.8153256107009,0.0,0.7420664717128104,0.7051282051282052,0.2948717948717949,28.939614550353262,676.0
pp_quantile_fixed,FOODS_1_099_TX_1,2374.219507801528,1743.4336003625117,630.7859074390163,0.0,0.6830221570658209,0.717948717948718,0.28205128205128205,22.351712825160405,398.0
pp_quantile_fixed,FOODS_1_101_CA_1,1484.1852430357592,1484.1852430357592,0.0,0.0,1.0,1.0,0.0,19.02801593635589,0.0
pp_quantile_fixed,FOODS_1_102_TX_2,460.217048426266,360.58868423875384,99.62836418751216,0.0,0.7069753994484936,0.7948717948717948,0.20512820512820512,4.622931849214793,68.0
pp_quantile_fixed,FOODS_1_106_CA_1,679.0061884184961,518.4873257731749,160.51886264532124,0.0,0.7054699767975756,0.7435897435897436,0.2564102564102564,6.647273407348396,109.0
pp_quantile_fixed,FOODS_1_107_TX_2,326.84248286845445,320.55635605644477,6.28612681200968,0.0,0.9550990941999309,0.9743589743589743,0.02564102564102564,4.109696872518523,28.0
pp_quantile_fixed,FOODS_1_111_WI_2,194.24936220620742,191.96198227534182,2.2873799308656118,0.0,0.949169334869653,0.9871794871794872,0.01282051282051282,2.4610510548120748,9.0
pp_quantile_fixed,FOODS_1_119_WI_1,453.7732939011215,340.83726612241713,112.93602777870439,0.0,0.6470749131915488,0.8076923076923077,0.19230769230769232,4.369708540030989,64.0
pp_quantile_fixed,FOODS_1_122_WI_3,676.2308329290113,463.53678838437645,212.69404454463486,0.0,0.5788236741690399,0.7435897435897436,0.2564102564102564,5.942779338261237,101.0
pp_quantile_fixed,FOODS_1_131_CA_1,377.63590287696127,314.1673154865609,63.46858739040037,0.0,0.7811428021020677,0.8589743589743589,0.14102564102564102,4.02778609598155,58.0
pp_quantile_fixed,FOODS_1_132_WI_3,337.4647179081178,251.54824145583447,85.91647645228332,0.0,0.6757868813121385,0.8461538461538461,0.15384615384615385,3.2249774545619805,53.0
pp_quantile_fixed,FOODS_1_134_CA_2,353.70667738576907,273.1342530693114,80.57242431645766,0.0,0.7520848482570532,0.8846153846153846,0.11538461538461539,3.5017211931963,65.0
pp_quantile_fixed,FOODS_1_139_TX_3,1010.02577842832,624.7929459149857,385.2328325133343,0.0,0.5857711478351245,0.6923076923076923,0.3076923076923077,8.010165973269048,186.0
pp_quantile_fixed,FOODS_1_143_CA_1,1031.8758331675517,889.3898507293852,142.4859824381665,0.0,0.7701838992932798,0.8846153846153846,0.11538461538461539,11.402433983710067,124.0
pp_quantile_fixed,FOODS_1_143_WI_2,616.8204695174488,616.8204695174488,0.0,0.0,1.0,1.0,0.0,7.90795473740319,34.0
pp_quantile_fixed,FOODS_1_147_TX_2,248.69862451390463,215.50362691538137,33.194997598523265,0.0,0.8103142994370098,0.9358974358974359,0.0641025641025641,2.7628670117356586,35.0
pp_quantile_fixed,FOODS_1_149_CA_3,824.4205844394772,744.5283579712908,79.89222646818648,0.0,0.8780271351630741,0.8974358974358975,0.10256410256410256,9.545235358606293,131.0
pp_quantile_fixed,FOODS_1_156_TX_3,401.18503131102665,349.2470366975068,51.93799461351983,0.0,0.783591689110334,0.8717948717948718,0.1282051282051282,4.4775261115064975,48.0
pp_quantile_fixed,FOODS_1_159_CA_4,624.8791388828338,615.270160659475,9.608978223358786,0.0,0.8627288825234459,0.9871794871794872,0.01282051282051282,7.888078982813782,14.0
pp_quantile_fixed,FOODS_1_161_CA_4,2767.9356290274363,2462.61870073229,305.31692829514645,0.0,0.8036547084918672,0.8333333333333334,0.16666666666666666,31.57203462477295,311.0
pp_quantile_fixed,FOODS_1_161_WI_3,2729.8853359292316,1892.3464468492245,837.538889080007,0.0,0.6567463569344233,0.6794871794871795,0.32051282051282054,24.260851882682367,488.0
pp_quantile_fixed,FOODS_1_168_WI_1,337.47443123278373,292.04378941849217,45.430641814291576,0.0,0.7160584886606777,0.8974358974358975,0.10256410256410256,3.744151146390925,32.0
pp_quantile_fixed,FOODS_1_174_TX_2,250.26351450671413,215.3523797982769,34.911134708437224,0.0,0.7884173654034108,0.9230769230769231,0.07692307692307693,2.7609279461317553,33.0
pp_quantile_fixed,FOODS_1_175_CA_3,759.9268169643227,655.0359899907506,104.89082697357208,0.0,0.7502599357772093,0.8205128205128205,0.1794871794871795,8.397897307573727,84.0
pp_quantile_fixed,FOODS_1_183_CA_2,728.2760351583156,615.6501635657224,112.62587159259319,0.0,0.8379483861977077,0.8076923076923077,0.19230769230769232,7.892950814945159,139.0
pp_quantile_fixed,FOODS_1_183_CA_4,640.8319722159908,505.6019635073307,135.2300087086602,0.0,0.7027911896512963,0.8461538461538461,0.15384615384615385,6.482076455222189,91.0
pp_quantile_fixed,FOODS_1_185_WI_1,891.2570848180271,668.4441518869165,222.81293293111054,0.0,0.6434993073102231,0.7564102564102564,0.24358974358974358,8.569796819063033,125.0
pp_quantile_fixed,FOODS_1_191_TX_1,276.82054925538426,219.55695501066526,57.263594244719,0.0,0.713682028776405,0.8974358974358975,0.10256410256410256,2.8148327565469904,40.0
pp_quantile_fixed,FOODS_1_192_CA_4,1100.9879704016332,1085.9879704016332,15.0,0.0,0.0,0.9743589743589743,0.02564102564102564,13.922922697456837,3.0
pp_quantile_fixed,FOODS_1_203_WI_1,456.0163074615207,413.5947731552576,42.4215343062631,0.0,0.8428832062730996,0.9102564102564102,0.08974358974358974,5.302497091734072,54.0
pp_quantile_fixed,FOODS_1_207_CA_4,512.3685600587601,353.1765399133318,159.19202014542833,0.0,0.6847682769397458,0.7692307692307693,0.23076923076923078,4.527904357863228,101.0
pp_quantile_fixed,FOODS_1_208_WI_3,509.9982239131253,383.9259176618821,126.07230625124316,0.0,0.6962113102379682,0.782051282051282,0.21794871794871795,4.92212714951131,83.0
pp_quantile_fixed,FOODS_1_209_CA_4,707.4122054488696,707.4122054488696,0.0,0.0,1.0,1.0,0.0,9.069387249344482,1.0
pp_quantile_fixed,FOODS_1_214_TX_3,411.61581741168715,401.0778340580277,10.537983353659461,0.0,0.8890738594351635,0.9615384615384616,0.038461538461538464,5.142023513564458,19.0
pp_quantile_fixed,FOODS_1_215_CA_1,1002.1596608575162,820.6644463105414,181.49521454697486,0.0,0.6669812577119727,0.8717948717948718,0.1282051282051282,10.52133905526335,109.0
pp_quantile_fixed,FOODS_2_001_TX_1,595.6269402916074,476.1817195526755,119.44522073893194,0.0,0.7189524217907484,0.8589743589743589,0.14102564102564102,6.104893840418916,85.0
pp_quantile_fixed,FOODS_2_002_CA_3,582.8867732327238,436.79392831821684,146.092844914507,0.0,0.6753492335233179,0.782051282051282,0.21794871794871795,5.599922157925857,90.0
pp_quantile_fixed,FOODS_2_004_CA_1,553.8161410764462,427.9898126084218,125.82632846802437,0.0,0.7669882806147696,0.8589743589743589,0.14102564102564102,5.487048879595151,108.0
pp_quantile_fixed,FOODS_2_009_CA_1,550.3528723444721,499.62462529964955,50.72824704482254,0.0,0.8682383193640973,0.9358974358974359,0.0641025641025641,6.405443914098071,77.0
pp_quantile_fixed,FOODS_2_009_WI_1,993.7668890591733,733.2545222488251,260.5123668103483,0.0,0.6406725975029679,0.7435897435897436,0.2564102564102564,9.400699003190065,145.0
pp_quantile_fixed,FOODS_2_012_CA_3,370.95906179501566,369.54169386982454,1.4173679251910931,0.0,0.9898759433914922,0.9871794871794872,0.01282051282051282,4.737714023972109,28.0
pp_quantile_fixed,FOODS_2_014_CA_3,708.1169303921101,558.3585440857419,149.75838630636827,0.0,0.6943706401910851,0.782051282051282,0.21794871794871795,7.158442872894127,98.0
pp_quantile_fixed,FOODS_2_014_TX_1,330.22022964098494,317.3916711434455,12.82855849753949,0.0,0.9115271827755898,0.9487179487179487,0.05128205128205128,4.069123989018531,29.0
pp_quantile_fixed,FOODS_2_015_CA_1,533.1680290079753,463.85286717041043,69.31516183756483,0.0,0.7727371743030662,0.8974358974358975,0.10256410256410256,5.946831630389878,61.0
pp_quantile_fixed,FOODS_2_017_WI_1,347.957890013967,298.57278842533356,49.38510158863349,0.0,0.7805106596060735,0.9230769230769231,0.07692307692307693,3.827856261863251,45.0
pp_quantile_fixed,FOODS_2_017_WI_3,282.38649714024103,282.38649714024103,0.0,0.0,1.0,1.0,0.0,3.620339706926167,2.0
pp_quantile_fixed,FOODS_2_024_CA_4,526.4976468042831,430.34927546177596,96.14837134250718,0.0,0.6995363395546651,0.8846153846153846,0.11538461538461539,5.517298403356102,64.0
pp_quantile_fixed,FOODS_2_024_TX_2,551.7687102217474,544.3518862135418,7.416824008205558,0.0,0.959909059415105,0.9871794871794872,0.01282051282051282,6.978870336071048,37.0
pp_quantile_fixed,FOODS_2_029_TX_3,1621.2790896448132,1068.19337601269,553.0857136321233,0.0,0.597755844631183,0.7564102564102564,0.24358974358974358,13.694786871957563,275.0
pp_quantile_fixed,FOODS_2_031_TX_1,1209.6437506391148,1209.6437506391148,0.0,0.0,1.0,1.0,0.0,15.508253213321986,9.0
pp_quantile_fixed,FOODS_2_034_WI_3,657.6134258000832,618.7068259789527,38.906599821130484,0.0,0.9144909894041088,0.9615384615384616,0.038461538461538464,7.932138794601958,91.0
pp_quantile_fixed,FOODS_2_043_TX_2,462.90234622381206,419.26603499457775,43.636311229234316,0.0,0.6883120626483263,0.9102564102564102,0.08974358974358974,5.375205576853561,28.0
pp_quantile_fixed,FOODS_2_045_TX_1,366.77489008936897,350.7752681206954,15.999621968673585,0.0,0.8000047253915802,0.9615384615384616,0.038461538461538464,4.497118822060197,16.0
pp_quantile_fixed,FOODS_2_046_CA_3,342.4007166354425,322.87838531590165,19.522331319540847,0.0,0.7945017755837805,0.9487179487179487,0.05128205128205128,4.139466478408996,19.0
pp_quantile_fixed,FOODS_2_047_CA_4,498.2880159962315,390.6235834240568,107.66443257217468,0.0,0.7050289518570557,0.7948717948717948,0.20512820512820512,5.0079946592827795,73.0
pp_quantile_fixed,FOODS_2_047_WI_3,605.2829258028546,492.08099489973046,113.20193090312415,0.0,0.6898577235530845,0.8333333333333334,0.16666666666666666,6.3087307038426985,73.0
pp_quantile_fixed,FOODS_2_051_WI_3,554.524818533779,449.0741744334897,105.45064410028931,0.0,0.7149982591884072,0.8205128205128205,0.1794871794871795,5.757361210685765,74.0
pp_quantile_fixed,FOODS_2_055_TX_1,589.6751075981783,507.07306800674587,82.60203959143249,0.0,0.8261009692811948,0.8846153846153846,0.11538461538461539,6.500936769317255,95.0
pp_quantile_fixed,FOODS_2_067_CA_2,1532.193182129729,1532.193182129729,0.0,0.0,1.0,1.0,0.0,19.643502334996526,15.0
pp_quantile_fixed,FOODS_2_067_WI_3,729.5835143405835,729.5835143405835,0.0,0.0,1.0,1.0,0.0,9.35363479923825,0.0
pp_quantile_fixed,FOODS_2_082_TX_3,1126.2166228679964,900.0334288470228,226.18319402097356,0.0,0.7760562435435905,0.8333333333333334,0.16666666666666666,11.538890113423369,202.0
pp_quantile_fixed,FOODS_2_084_WI_1,526.2559851007859,481.6177551898685,44.63822991091738,0.0,0.8724622002545217,0.9102564102564102,0.08974358974358974,6.174586604998314,70.0
pp_quantile_fixed,FOODS_2_085_TX_2,311.99166198180825,276.68165374683525,35.310008234973,0.0,0.8091350906217676,0.9230769230769231,0.07692307692307693,3.5472006890619903,37.0
pp_quantile_fixed,FOODS_2_087_WI_3,238.63100763859964,233.35119850678169,5.279809131817952,0.0,0.9413354540909117,0.9743589743589743,0.02564102564102564,2.9916820321382267,18.0
pp_quantile_fixed,FOODS_2_100_WI_3,792.813255235151,540.883963673538,251.92929156161304,0.0,0.6348850846933144,0.7692307692307693,0.23076923076923078,6.934409790686384,138.0
pp_quantile_fixed,FOODS_2_101_WI_1,502.18933901462447,404.8596563419305,97.32968267269402,0.0,0.792915568781502,0.8589743589743589,0.14102564102564102,5.190508414640134,94.0
pp_quantile_fixed,FOODS_2_104_CA_2,479.9146633589432,430.37297144283644,49.541691916106736,0.0,0.8475640248735178,0.8846153846153846,0.11538461538461539,5.517602197985083,65.0
pp_quantile_fixed,FOODS_2_105_TX_3,479.4675147217498,412.01876184238296,67.44875287936688,0.0,0.7454764042288042,0.9102564102564102,0.08974358974358974,5.282291818492089,53.0
pp_quantile_fixed,FOODS_2_107_CA_1,603.3789043696095,491.4183476558658,111.96055671374373,0.0,0.7302155259909789,0.8205128205128205,0.1794871794871795,6.300235226357254,83.0
pp_quantile_fixed,FOODS_2_107_CA_3,969.6188336200005,740.0385056542065,229.58032796579408,0.0,0.6141507093011864,0.8333333333333334,0.16666666666666666,9.487673149412903,119.0
pp_quantile_fixed,FOODS_2_108_TX_1,331.26516475943544,282.85330350321,48.41186125622545,0.0,0.7694673273513073,0.8974358974358975,0.10256410256410256,3.6263244038873075,42.0
pp_quantile_fixed,FOODS_2_108_WI_2,807.989697221968,586.9436068656744,221.04609035629358,0.0,0.6796433473097194,0.7564102564102564,0.24358974358974358,7.5249180367394155,138.0
pp_quantile_fixed,FOODS_2_116_TX_3,631.8964636688584,597.7466649588745,34.14979870998383,0.0,0.9101321086579374,0.9358974358974359,0.0641025641025641,7.663418781524031,76.0
pp_quantile_fixed,FOODS_2_117_WI_2,1636.101904748416,1347.1584190348142,288.94348571360194,0.0,0.7431613460323538,0.7692307692307693,0.23076923076923078,17.271261782497618,225.0
pp_quantile_fixed,FOODS_2_118_CA_2,325.37556141562936,260.8755391489602,64.50002226666919,0.0,0.6692306550427222,0.8846153846153846,0.11538461538461539,3.3445581942174383,39.0
pp_quantile_fixed,FOODS_2_118_CA_4,337.7841920318282,229.28157388358926,108.5026181482389,0.0,0.582682237891389,0.8076923076923077,0.19230769230769232,2.9395073574819137,52.0
pp_quantile_fixed,FOODS_2_124_CA_4,403.42661123630324,402.5372824045543,0.8893288317489434,0.0,0.991530201602391,0.9871794871794872,0.01282051282051282,5.160734389801978,21.0
pp_quantile_fixed,FOODS_2_124_WI_2,306.3189382427448,305.5284742796394,0.7904639631054255,0.0,0.9912170670766065,0.9743589743589743,0.02564102564102564,3.9170317215338386,18.0
pp_quantile_fixed,FOODS_2_128_TX_3,6778.351535788375,5911.730375259307,866.6211605290682,0.0,0.4763618365383274,0.7564102564102564,0.24358974358974358,75.79141506742701,331.0
pp_quantile_fixed,FOODS_2_129_TX_2,197.42290251853987,191.85152811328706,5.57137440525282,0.0,0.9303578199343397,0.9871794871794872,0.01282051282051282,2.4596349758113725,16.0
pp_quantile_fixed,FOODS_2_130_WI_2,1198.3822925326913,1090.5065857414475,107.87570679124374,0.0,0.9010314616594093,0.8974358974358975,0.10256410256410256,13.98085366335189,218.0
pp_quantile_fixed,FOODS_2_132_TX_2,329.0312508113584,329.0312508113584,0.0,0.0,1.0,1.0,0.0,4.21834936937639,0.0
pp_quantile_fixed,FOODS_2_133_TX_2,443.6266914684795,382.4211944303279,61.205497038151606,0.0,0.7690358602333901,0.9102564102564102,0.08974358974358974,4.902835826029845,53.0
pp_quantile_fixed,FOODS_2_133_TX_3,382.98620390699296,232.24129041837116,150.74491348862182,0.0,0.49751695503792726,0.7692307692307693,0.23076923076923078,2.977452441261169,60.0
pp_quantile_fixed,FOODS_2_141_CA_3,607.435091500944,477.5251576228805,129.9099338780635,0.0,0.8031667668514189,0.7692307692307693,0.23076923076923078,6.122117405421545,132.0
pp_quantile_fixed,FOODS_2_146_WI_1,593.5961593311115,478.47159704105877,115.12456229005278,0.0,0.801509375361978,0.8589743589743589,0.14102564102564102,6.134251244116138,116.0
pp_quantile_fixed,FOODS_2_148_CA_2,534.7499201043197,486.31567428812474,48.43424581619493,0.0,0.8329853592545002,0.8846153846153846,0.11538461538461539,6.23481633702724,58.0
pp_quantile_fixed,FOODS_2_149_TX_1,1325.5658208616273,911.9202029003877,413.6456179612395,0.0,0.6780967953609031,0.7307692307692307,0.2692307692307692,11.691284652569074,257.0
pp_quantile_fixed,FOODS_2_155_CA_4,679.2839290862385,679.2839290862385,0.0,0.0,1.0,1.0,0.0,8.708768321618441,10.0
pp_quantile_fixed,FOODS_2_159_CA_1,289.26359691667585,258.71448970633463,30.549107210341248,0.0,0.7963392852643917,0.9230769230769231,0.07692307692307693,3.3168524321324955,30.0
pp_quantile_fixed,FOODS_2_163_TX_3,566.1299908864175,460.0422626691389,106.08772821727864,0.0,0.7132764102235714,0.8333333333333334,0.16666666666666666,5.897977726527421,74.0
pp_quantile_fixed,FOODS_2_165_CA_4,263.7130334323742,259.3482575830271,4.364775849347078,0.0,0.9127044830130584,0.9871794871794872,0.01282051282051282,3.32497766132086,10.0
pp_quantile_fixed,FOODS_2_165_TX_1,192.52613762246213,192.52613762246213,0.0,0.0,1.0,1.0,0.0,2.4682838156725913,4.0
pp_quantile_fixed,FOODS_2_166_TX_2,1402.698347370346,1386.8508333465027,15.84751402384347,0.0,0.7118633813846642,0.9871794871794872,0.01282051282051282,17.780138889057728,11.0
pp_quantile_fixed,FOODS_2_169_TX_3,297.12664913596814,297.12664913596814,0.0,0.0,1.0,1.0,0.0,3.809316014563694,15.0
pp_quantile_fixed,FOODS_2_172_CA_2,512.7812994081273,362.0039508058629,150.77734860226445,0.0,0.7043581399955599,0.8076923076923077,0.19230769230769232,4.641076292382858,102.0
pp_quantile_fixed,FOODS_2_176_WI_3,365.1762865279569,363.86492702932117,1.3113594986357269,0.0,0.9836080062670534,0.9871794871794872,0.01282051282051282,4.664934961914374,16.0
pp_quantile_fixed,FOODS_2_177_WI_1,471.58733811333786,418.2280242840393,53.35931382929854,0.0,0.7729390900880914,0.9358974358974359,0.0641025641025641,5.361897747231273,47.0
pp_quantile_fixed,FOODS_2_182_TX_3,356.4612081076868,332.466960557279,23.994247550407795,0.0,0.8451984029005949,0.9743589743589743,0.02564102564102564,4.262396930221525,31.0
pp_quantile_fixed,FOODS_2_183_CA_4,1038.0111315090803,736.5405310616794,301.4706004474009,0.0,0.7332118580111495,0.7692307692307693,0.23076923076923078,9.442827321303582,226.0
pp_quantile_fixed,FOODS_2_186_TX_1,242.31282505014593,222.86294910827988,19.44987594186607,0.0,0.8976322318849155,0.9358974358974359,0.0641025641025641,2.8572172962599987,38.0
pp_quantile_fixed,FOODS_2_187_CA_1,319.54421398567246,270.92904806939896,48.61516591627351,0.0,0.7974368086821938,0.8717948717948718,0.1282051282051282,3.4734493342230635,48.0
pp_quantile_fixed,FOODS_2_192_CA_2,812.5027355377214,738.5923157739822,73.91041976373916,0.0,0.8725682417866567,0.9102564102564102,0.08974358974358974,9.469132253512592,116.0
pp_quantile_fixed,FOODS_2_192_TX_1,437.3594783191021,428.235485467977,9.123992851125093,0.0,0.9087600714887489,0.9871794871794872,0.01282051282051282,5.490198531640731,20.0
pp_quantile_fixed,FOODS_2_198_CA_4,289.12576839817507,246.50862163130515,42.61714676686992,0.0,0.5738285323313008,0.9102564102564102,0.08974358974358974,3.1603669439910917,20.0
pp_quantile_fixed,FOODS_2_200_TX_1,524.5741326346597,471.06936382481183,53.50476880984789,0.0,0.6433015412676808,0.9358974358974359,0.0641025641025641,6.0393508182668185,30.0
pp_quantile_fixed,FOODS_2_201_WI_3,650.9022362432627,475.3858756408554,175.51636060240725,0.0,0.716909095802569,0.8076923076923077,0.19230769230769232,6.0946907133443,124.0
pp_quantile_fixed,FOODS_2_202_WI_3,448.66673880002213,382.5312963118672,66.13544248815495,0.0,0.7595074818612548,0.8589743589743589,0.14102564102564102,4.904247388613682,55.0
pp_quantile_fixed,FOODS_2_204_CA_4,859.669676012121,662.3063453971799,197.36333061494108,0.0,0.7650436540298321,0.8076923076923077,0.19230769230769232,8.491106992271538,168.0
pp_quantile_fixed,FOODS_2_206_CA_3,1035.700531532233,907.5615922681577,128.1389392640753,0.0,0.8576234008176943,0.8461538461538461,0.15384615384615385,11.635405029078944,180.0
pp_quantile_fixed,FOODS_2_207_CA_3,257.89540784371377,257.89540784371377,0.0,0.0,1.0,1.0,0.0,3.306351382611715,13.0
pp_quantile_fixed,FOODS_2_208_TX_1,678.7725246660252,570.069467755897,108.7030569101282,0.0,0.835298398621018,0.8205128205128205,0.1794871794871795,7.308582919947398,132.0
pp_quantile_fixed,FOODS_2_212_CA_2,717.4189728410804,605.5039017923744,111.91507104870598,0.0,0.8019202282323789,0.8333333333333334,0.16666666666666666,7.762870535799673,113.0
pp_quantile_fixed,FOODS_2_214_CA_3,448.51262955815923,444.82669446000835,3.6859350981508854,0.0,0.9795225827880506,0.9871794871794872,0.01282051282051282,5.702906339230877,36.0
pp_quantile_fixed,FOODS_2_218_CA_4,352.8122126535001,323.4163957353059,29.395816918194207,0.0,0.880017073803289,0.9487179487179487,0.05128205128205128,4.146364047888538,49.0
pp_quantile_fixed,FOODS_2_219_TX_1,466.45836506834775,404.7885657034391,61.66979936490865,0.0,0.6754221086057439,0.8589743589743589,0.14102564102564102,5.1895969961979365,38.0
pp_quantile_fixed,FOODS_2_224_TX_2,310.0153938444399,269.970589422047,40.04480442239294,0.0,0.8488875304815361,0.8846153846153846,0.11538461538461539,3.4611614028467566,53.0
pp_quantile_fixed,FOODS_2_231_CA_1,718.4066007639159,712.1608404313953,6.245760332520596,0.0,0.9687711983373971,0.9743589743589743,0.02564102564102564,9.130267185017889,40.0
pp_quantile_fixed,FOODS_2_234_WI_3,329.86185799822886,326.68248943801746,3.179368560211411,0.0,0.9602578929973573,0.9871794871794872,0.01282051282051282,4.188237044077147,16.0
pp_quantile_fixed,FOODS_2_235_CA_2,733.1858141246584,642.967087467895,90.21872665676332,0.0,0.7877206431605569,0.8974358974358975,0.10256410256410256,8.243167788049936,85.0
pp_quantile_fixed,FOODS_2_241_CA_3,3675.1585127651974,2402.2648586373675,1272.89365412783,0.0,0.6849273133346955,0.6794871794871795,0.32051282051282054,30.798267418427788,808.0
pp_quantile_fixed,FOODS_2_241_WI_3,1324.3370529218755,960.2690121078917,364.06804081398366,0.0,0.7342569045153403,0.7435897435897436,0.2564102564102564,12.311141180870408,274.0
pp_quantile_fixed,FOODS_2_242_CA_3,890.0070116470623,781.147508238043,108.8595034090193,0.0,0.8106791245060534,0.8717948717948718,0.1282051282051282,10.014711644077474,115.0
pp_quantile_fixed,FOODS_2_242_WI_1,1007.5088635550012,669.8428508309106,337.6660127240906,0.0,0.6096346673709936,0.7435897435897436,0.2564102564102564,8.587728856806546,173.0
pp_quantile_fixed,FOODS_2_250_WI_2,700.9792719658551,591.6197829864767,109.35948897937845,0.0,0.6292898678665138,0.8717948717948718,0.1282051282051282,7.584869012647137,59.0
pp_quantile_fixed,FOODS_2_253_CA_1,532.8113192258916,394.75319009699217,138.05812912889937,0.0,0.7062592997257461,0.7948717948717948,0.20512820512820512,5.060938334576822,94.0
pp_quantile_fixed,FOODS_2_254_TX_3,503.820842771416,404.69176247818484,99.12908029323117,0.0,0.6112585086539954,0.7948717948717948,0.20512820512820512,5.188355929207498,51.0
pp_quantile_fixed,FOODS_2_254_WI_1,195.44093029383816,144.5686939576536,50.87223633618454,0.0,0.6231686197319662,0.9102564102564102,0.08974358974358974,1.8534447943288923,27.0
pp_quantile_fixed,FOODS_2_255_TX_2,2503.000000000002,2493.0000000000023,9.999999999999432,0.0,0.9677419354838728,0.9743589743589743,0.02564102564102564,31.961538461538492,62.0
pp_quantile_fixed,FOODS_2_261_WI_2,627.0265877614318,541.7306568059246,85.29593095550723,0.0,0.8083237506617815,0.8589743589743589,0.14102564102564102,6.945264830845187,89.0
pp_quantile_fixed,FOODS_2_270_CA_3,385.8903021800648,361.74492070993995,24.145381470124832,0.0,0.7317179836652796,0.9615384615384616,0.038461538461538464,4.637755393717179,18.0
pp_quantile_fixed,FOODS_2_270_WI_2,447.5860842460914,413.468458421447,34.11762582464441,0.0,0.8050421381448891,0.9358974358974359,0.0641025641025641,5.300877672069833,35.0
pp_quantile_fixed,FOODS_2_271_WI_2,220.57296154561587,205.55025108631781,15.022710459298052,0.0,0.7688813775492608,0.9487179487179487,0.05128205128205128,2.6352596293117667,13.0
pp_quantile_fixed,FOODS_2_273_TX_3,273.0392521948552,249.2560737287344,23.78317846612076,0.0,0.7027102691734906,0.9615384615384616,0.038461538461538464,3.1955906888299284,16.0
pp_quantile_fixed,FOODS_2_274_CA_3,1497.7634570336563,1205.051777570594,292.7116794630623,0.0,0.7686073680133895,0.8076923076923077,0.19230769230769232,15.449381763725563,253.0
pp_quantile_fixed,FOODS_2_274_TX_2,988.7559080514651,910.9815298718702,77.77437817959488,0.0,0.8856259144417722,0.9230769230769231,0.07692307692307693,11.679250382972695,136.0
pp_quantile_fixed,FOODS_2_278_CA_4,443.75507702264383,338.1751844288967,105.57989259374708,0.0,0.6480670246875098,0.8589743589743589,0.14102564102564102,4.335579287549958,60.0
pp_quantile_fixed,FOODS_2_284_TX_3,314.83518464216354,312.2253464728251,2.6098381693384276,0.0,0.9791212946452926,0.9871794871794872,0.01282051282051282,4.0028890573439115,25.0
pp_quantile_fixed,FOODS_2_284_WI_2,422.50638093553357,338.920965327477,83.58541560805656,0.0,0.6845833373280884,0.8717948717948718,0.1282051282051282,4.3451405811215,53.0
pp_quantile_fixed,FOODS_2_290_WI_1,756.3045383583392,551.3120240971032,204.99251426123604,0.0,0.7071535510553771,0.7564102564102564,0.24358974358974358,7.068102873039784,140.0
pp_quantile_fixed,FOODS_2_298_TX_2,412.8835432305879,379.4895341047287,33.39400912585922,0.0,0.8371023945080037,0.9102564102564102,0.08974358974358974,4.865250437240111,41.0
pp_quantile_fixed,FOODS_2_306_TX_1,381.6771284730993,341.67289339152285,40.00423508157644,0.0,0.8333156871600983,0.9102564102564102,0.08974358974358974,4.380421710147729,48.0
pp_quantile_fixed,FOODS_2_309_TX_2,664.289530204676,558.5021580469052,105.78737215777082,0.0,0.62218795657939,0.8205128205128205,0.1794871794871795,7.160284077524425,56.0
pp_quantile_fixed,FOODS_2_311_WI_3,630.5243755301917,468.25970938175044,162.26466614844125,0.0,0.6433743601133158,0.8076923076923077,0.19230769230769232,6.003329607458339,91.0
pp_quantile_fixed,FOODS_2_312_CA_1,390.23301149504033,371.85487228953207,18.37813920550827,0.0,0.8814313599644628,0.9615384615384616,0.038461538461538464,4.767370157558103,31.0
pp_quantile_fixed,FOODS_2_312_TX_2,535.7691691165583,474.1021553357891,61.66701378076919,0.0,0.8262901020260023,0.8589743589743589,0.14102564102564102,6.078232760715245,71.0
pp_quantile_fixed,FOODS_2_313_CA_4,433.7855883586256,433.7855883586256,0.0,0.0,1.0,1.0,0.0,5.5613536969054564,2.0
pp_quantile_fixed,FOODS_2_321_WI_1,374.9747319757663,284.1124422616711,90.86228971409523,0.0,0.7327579714291317,0.8461538461538461,0.15384615384615385,3.642467208482963,68.0
pp_quantile_fixed,FOODS_2_325_WI_3,2364.987299379646,1575.6119359994123,789.3753633802337,0.0,0.692251320319597,0.6794871794871795,0.32051282051282054,20.20015302563349,513.0
pp_quantile_fixed,FOODS_2_326_WI_1,2179.3887279116943,1673.8128720495588,505.57585586213565,0.0,0.8047969668485964,0.7435897435897436,0.2564102564102564,21.459139385250754,518.0
pp_quantile_fixed,FOODS_2_329_TX_3,227.68349851456924,225.6625368724988,2.0209616420704357,0.0,0.9787267195571533,0.9871794871794872,0.01282051282051282,2.893109447083318,19.0
pp_quantile_fixed,FOODS_2_332_TX_2,438.0363933134269,438.0363933134269,0.0,0.0,1.0,1.0,0.0,5.615851196325986,46.0
pp_quantile_fixed,FOODS_2_332_WI_1,324.17062991975615,281.00707814783965,43.16355177191653,0.0,0.7666835039355864,0.8974358974358975,0.10256410256410256,3.602654848049226,37.0
pp_quantile_fixed,FOODS_2_338_TX_3,688.347717084247,557.1478080142573,131.1999090699897,0.0,0.7813334848833503,0.7948717948717948,0.20512820512820512,7.142920615567401,120.0
pp_quantile_fixed,FOODS_2_340_WI_2,716.4989103180146,635.290385823044,81.20852449497067,0.0,0.8234597293587593,0.8589743589743589,0.14102564102564102,8.144748536192871,92.0
pp_quantile_fixed,FOODS_2_342_CA_3,2065.2623607787027,1496.087031346502,569.1753294322008,0.0,0.7302486590368718,0.7435897435897436,0.2564102564102564,19.180602965980796,422.0
pp_quantile_fixed,FOODS_2_347_WI_3,3406.2700610612274,2233.317324356841,1172.9527367043868,0.0,0.6498648547151084,0.6923076923076923,0.3076923076923077,28.632273389190267,670.0
pp_quantile_fixed,FOODS_2_350_WI_2,702.2956471156974,658.0317258104798,44.26392130521761,0.0,0.6947315772053958,0.8974358974358975,0.10256410256410256,8.436304177057433,29.0
pp_quantile_fixed,FOODS_2_351_CA_1,436.423360204852,351.6341903062821,84.7891698985699,0.0,0.6738878080824235,0.9102564102564102,0.08974358974358974,4.508130644952335,52.0
pp_quantile_fixed,FOODS_2_354_CA_4,316.2724575324004,264.90118843207193,51.37126910032843,0.0,0.45924979894391116,0.8974358974358975,0.10256410256410256,3.396169082462461,19.0
pp_quantile_fixed,FOODS_2_355_WI_2,783.9624196937373,611.5160106184921,172.44640907524507,0.0,0.7745798574179803,0.7948717948717948,0.20512820512820512,7.839948854083232,153.0
pp_quantile_fixed,FOODS_2_356_CA_2,750.7467342101568,617.9173859515001,132.82934825865664,0.0,0.8046627231490343,0.8589743589743589,0.14102564102564102,7.922017768608976,136.0
pp_quantile_fixed,FOODS_2_370_CA_2,472.28641512276096,380.8729975402495,91.41341758251144,0.0,0.6110067336914407,0.8589743589743589,0.14102564102564102,4.8829871479519165,47.0
pp_quantile_fixed,FOODS_2_370_CA_3,606.6297680708682,545.8890891369824,60.74067893388574,0.0,0.6625517837006348,0.8974358974358975,0.10256410256410256,6.998578065858749,36.0
pp_quantile_fixed,FOODS_2_371_WI_3,2946.176156753625,2274.276733186704,671.8994235669209,0.0,0.7860192918576685,0.7564102564102564,0.24358974358974358,29.15739401521415,628.0
pp_quantile_fixed,FOODS_2_376_TX_1,390.9330848381867,363.8278162306423,27.10526860754434,0.0,0.8846584314572581,0.9358974358974359,0.0641025641025641,4.664459182444133,47.0
pp_quantile_fixed,FOODS_2_386_CA_2,501.00049234454696,444.9835084426645,56.016983901882455,0.0,0.7713592493800716,0.9102564102564102,0.08974358974358974,5.704916774905955,49.0
pp_quantile_fixed,FOODS_2_387_WI_2,571.2978947115297,491.35373761134474,79.94415710018491,0.0,0.8559564736933606,0.8333333333333334,0.16666666666666666,6.2994068924531375,111.0
pp_quantile_fixed,FOODS_2_389_TX_2,626.0272876316805,626.0272876316805,0.0,0.0,1.0,1.0,0.0,8.025990867072826,3.0
pp_quantile_fixed,FOODS_2_390_CA_4,701.3663611764562,701.3663611764562,0.0,0.0,1.0,1.0,0.0,8.991876425339182,4.0
pp_quantile_fixed,FOODS_2_399_TX_2,715.1349890759423,611.3304266029608,103.8045624729815,0.0,0.8077693287537379,0.8589743589743589,0.14102564102564102,7.83756957183283,108.0
pp_quantile_fixed,FOODS_3_003_WI_3,872.5123930907364,825.8084873433568,46.70390574737964,0.0,0.7252711426624726,0.9358974358974359,0.0641025641025641,10.587288299273805,34.0
pp_quantile_fixed,FOODS_3_009_CA_4,332.62422261727073,286.89908306152233,45.72513955574841,0.0,0.8094785851843816,0.8717948717948718,0.1282051282051282,3.67819337258362,48.0
pp_quantile_fixed,FOODS_3_009_TX_2,619.7152417244457,566.8927704146538,52.82247130979193,0.0,0.8609934965531791,0.9230769230769231,0.07692307692307693,7.2678560309571,76.0
pp_quantile_fixed,FOODS_3_011_CA_1,1006.3956418251423,670.8219803367956,335.5736614883468,0.0,0.7081968160970898,0.717948717948718,0.28205128205128205,8.600281799189688,230.0
pp_quantile_fixed,FOODS_3_014_CA_1,898.290770585047,898.290770585047,0.0,0.0,1.0,1.0,0.0,11.516548340833936,2.0
pp_quantile_fixed,FOODS_3_019_TX_2,491.92373655525756,491.92373655525756,0.0,0.0,1.0,1.0,0.0,6.306714571221251,48.0
pp_quantile_fixed,FOODS_3_022_CA_1,273.76813360345545,271.7597933913928,2.0083402120626292,0.0,0.986149377847844,0.9871794871794872,0.01282051282051282,3.4840999152742667,29.0
pp_quantile_fixed,FOODS_3_023_TX_1,492.01672117500095,369.4759210163216,122.54080015867936,0.0,0.7082361900983825,0.8205128205128205,0.1794871794871795,4.736870782260533,84.0
pp_quantile_fixed,FOODS_3_023_TX_3,360.29662164912963,313.53894287177485,46.75767877735477,0.0,0.8441410707421507,0.8846153846153846,0.11538461538461539,4.019730036817626,60.0
pp_quantile_fixed,FOODS_3_023_WI_2,407.419638783756,362.913942676689,44.505696107067,0.0,0.8320539769544641,0.9102564102564102,0.08974358974358974,4.652742854829346,53.0
pp_quantile_fixed,FOODS_3_024_TX_3,1494.4680483772304,1481.5330835573022,12.934964819928041,0.0,0.9867333694154584,0.9615384615384616,0.038461538461538464,18.994013891760286,195.0
pp_quantile_fixed,FOODS_3_024_WI_1,2330.0465300840647,2275.0465300840647,55.0,0.0,0.8533333333333334,0.9743589743589743,0.02564102564102564,29.167263206205956,75.0
pp_quantile_fixed,FOODS_3_026_CA_1,909.7829201477714,718.9413072539395,190.84161289383184,0.0,0.77809114779787,0.8205128205128205,0.1794871794871795,9.217196246845377,172.0
pp_quantile_fixed,FOODS_3_030_TX_3,7203.042412878792,4931.923926250958,2271.1184866278336,0.0,0.7286596790169851,0.6538461538461539,0.34615384615384615,63.229793926294334,1674.0
pp_quantile_fixed,FOODS_3_034_CA_1,786.0785267059932,592.2765889925769,193.80193771341632,0.0,0.7289483388623547,0.8333333333333334,0.16666666666666666,7.593289602468935,143.0
pp_quantile_fixed,FOODS_3_035_WI_1,531.1397356778175,484.56119574095555,46.5785399368619,0.0,0.8472834756168462,0.9487179487179487,0.05128205128205128,6.212323022319943,61.0
pp_quantile_fixed,FOODS_3_036_CA_4,477.9810430513199,465.04792147517287,12.933121576147002,0.0,0.7125972983078444,0.9743589743589743,0.02564102564102564,5.962152839425293,9.0
pp_quantile_fixed,FOODS_3_038_CA_4,423.1077797795472,341.97125918382335,81.1365205957238,0.0,0.7648216794326846,0.8717948717948718,0.1282051282051282,4.38424691261312,69.0
pp_quantile_fixed,FOODS_3_038_WI_1,518.2844042417985,417.91963192379546,100.36477231800305,0.0,0.7212089657833248,0.8461538461538461,0.15384615384615385,5.357943999023019,72.0
pp_quantile_fixed,FOODS_3_040_WI_1,844.4607267862455,632.1869108058145,212.27381598043095,0.0,0.5282804089323757,0.7564102564102564,0.24358974358974358,8.104960394946339,90.0
pp_quantile_fixed,FOODS_3_048_TX_1,794.0133131094086,783.1987656897951,10.814547419613527,0.0,0.9662045393137078,0.9743589743589743,0.02564102564102564,10.041009816535835,64.0
pp_quantile_fixed,FOODS_3_048_TX_3,765.2216305810433,718.0519047623233,47.1697258187201,0.0,0.9134500443693209,0.9102564102564102,0.08974358974358974,9.205793650799016,109.0
pp_quantile_fixed,FOODS_3_049_TX_1,387.79541296159715,376.75883492906206,11.036578032535092,0.0,0.9211672997676066,0.9743589743589743,0.02564102564102564,4.830241473449513,28.0
pp_quantile_fixed,FOODS_3_050_CA_2,426.6779765706633,368.4629535935863,58.21502297707702,0.0,0.8262238120087253,0.8974358974358975,0.10256410256410256,4.723884020430593,67.0
pp_quantile_fixed,FOODS_3_053_CA_4,592.9492904237487,454.1866698087498,138.76262061499892,0.0,0.6881738862584293,0.8717948717948718,0.1282051282051282,5.8229060231891,89.0
pp_quantile_fixed,FOODS_3_054_WI_3,1037.3999999999987,1037.3999999999987,0.0,0.0,1.0,1.0,0.0,13.299999999999983,0.0
pp_quantile_fixed,FOODS_3_057_WI_3,277.15762467265284,258.4292858641701,18.728338808482768,0.0,0.8127166119151724,0.9487179487179487,0.05128205128205128,3.313195972617565,20.0
pp_quantile_fixed,FOODS_3_066_CA_4,1473.083931406948,1031.503602129775,441.5803292771732,0.0,0.6823163098725373,0.717948717948718,0.28205128205128205,13.224405155509935,278.0
pp_quantile_fixed,FOODS_3_066_TX_3,1428.2464656746547,1085.9056766296926,342.3407890449622,0.0,0.7304403235866439,0.7564102564102564,0.24358974358974358,13.921867649098623,254.0
pp_quantile_fixed,FOODS_3_067_CA_4,460.8725922107975,363.1509396326992,97.72165257809831,0.0,0.7753525228089694,0.8461538461538461,0.15384615384615385,4.655781277342298,87.0
pp_quantile_fixed,FOODS_3_072_WI_3,287.8768998035599,255.64334915475993,32.23355064879997,0.0,0.8209247186177779,0.9230769230769231,0.07692307692307693,3.277478835317435,36.0
pp_quantile_fixed,FOODS_3_074_CA_2,875.561325884926,622.8868093475639,252.67451653736197,0.0,0.7238529873908613,0.7564102564102564,0.24358974358974358,7.985728324968768,183.0
pp_quantile_fixed,FOODS_3_091_TX_1,257.4393606486317,194.53245495219514,62.90690569643658,0.0,0.7264917143633192,0.8846153846153846,0.11538461538461539,2.4940058327204504,46.0
pp_quantile_fixed,FOODS_3_091_WI_1,268.4435995979587,212.89173331998504,55.55186627797367,0.0,0.6168836808415609,0.8846153846153846,0.11538461538461539,2.7293811964100647,29.0
pp_quantile_fixed,FOODS_3_094_TX_2,680.4456224663188,599.8292254120787,80.61639705424008,0.0,0.8371385918096159,0.8717948717948718,0.1282051282051282,7.6901182745138295,99.0
pp_quantile_fixed,FOODS_3_101_WI_3,1602.5471984298392,1238.3698151668254,364.1773832630139,0.0,0.7380018825445944,0.7564102564102564,0.24358974358974358,15.876536091882377,278.0
pp_quantile_fixed,FOODS_3_102_WI_2,653.5296852036499,521.5059654662357,132.02371973741418,0.0,0.7599568732047014,0.8461538461538461,0.15384615384615385,6.685973916233791,110.0
pp_quantile_fixed,FOODS_3_103_TX_1,242.39242383206368,224.77746048685805,17.614963345205645,0.0,0.8468264056938639,0.9487179487179487,0.05128205128205128,2.8817623139340776,23.0
pp_quantile_fixed,FOODS_3_103_WI_1,630.6813308656895,489.788721201043,140.8926096646465,0.0,0.7943173581538008,0.8205128205128205,0.1794871794871795,6.279342579500551,137.0
pp_quantile_fixed,FOODS_3_110_WI_1,260.87944720379824,253.6483672914637,7.23107991233455,0.0,0.9397410007305455,0.9615384615384616,0.038461538461538464,3.2519021447623553,24.0
pp_quantile_fixed,FOODS_3_111_TX_1,304.61524990568205,264.8305225441786,39.78472736150344,0.0,0.5579474737610729,0.9102564102564102,0.08974358974358974,3.3952631095407515,18.0
pp_quantile_fixed,FOODS_3_111_WI_1,352.39081543349414,334.56934710504925,17.821468328444915,0.0,0.8886158229472193,0.9487179487179487,0.05128205128205128,4.289350603910888,32.0
pp_quantile_fixed,FOODS_3_117_CA_4,472.332342953693,368.4727930417372,103.85954991195584,0.0,0.7336934617642158,0.8461538461538461,0.15384615384615385,4.724010167201759,78.0
pp_quantile_fixed,FOODS_3_120_TX_1,4966.22840663135,3007.0294745923784,1959.1989320389716,0.0,0.5835921504699316,0.6666666666666666,0.3333333333333333,38.55165993067152,941.0
pp_quantile_fixed,FOODS_3_125_CA_1,888.8692494082841,867.1357407066645,21.73350870161955,0.0,0.909443713743252,0.9615384615384616,0.038461538461538464,11.117124880854673,48.0
pp_quantile_fixed,FOODS_3_126_WI_1,637.7506042603833,537.9465622160462,99.80404204433708,0.0,0.8403135327290606,0.8461538461538461,0.15384615384615385,6.8967507976416185,125.0
pp_quantile_fixed,FOODS_3_133_CA_1,2532.4635862615746,1667.0979954191057,865.3655908424689,0.0,0.6963629505815898,0.6666666666666666,0.3333333333333333,21.37305122332187,570.0
pp_quantile_fixed,FOODS_3_133_CA_2,1899.310746638847,1352.0988768683615,547.2118697704854,0.0,0.7584053555097194,0.6666666666666666,0.3333333333333333,17.334600985491814,453.0
pp_quantile_fixed,FOODS_3_133_TX_1,1384.2513883004851,1109.2454754798935,275.0059128205917,0.0,0.7263622758004062,0.7692307692307693,0.23076923076923078,14.221095839485814,201.0
pp_quantile_fixed,FOODS_3_134_TX_1,1614.0453731776684,1115.2092115253033,498.8361616523649,0.0,0.7030737133021636,0.7307692307692307,0.2692307692307692,14.297553993914144,336.0
pp_quantile_fixed,FOODS_3_136_CA_1,1595.8584517351046,1052.860842218341,542.9976095167634,0.0,0.7072789167025534,0.6282051282051282,0.3717948717948718,13.498215925876167,371.0
pp_quantile_fixed,FOODS_3_138_WI_3,792.2021395051398,532.2838563175532,259.91828318758667,0.0,0.688720618937022,0.7564102564102564,0.24358974358974358,6.824152004071195,167.0
pp_quantile_fixed,FOODS_3_141_TX_3,301.47157098824397,282.77390402446645,18.69766696377752,0.0,0.8300212094202043,0.9615384615384616,0.038461538461538464,3.625306461852134,22.0
pp_quantile_fixed,FOODS_3_154_CA_1,342.731625484634,336.147350683493,6.58427480114097,0.0,0.9561048346590602,0.9871794871794872,0.01282051282051282,4.309581419019141,30.0
pp_quantile_fixed,FOODS_3_155_TX_1,244.57777778969535,227.09845820228335,17.479319587412007,0.0,0.8057853379176444,0.9487179487179487,0.05128205128205128,2.9115186949010687,18.0
pp_quantile_fixed,FOODS_3_157_CA_2,584.6773407012363,559.0027846177909,25.67455608344534,0.0,0.9144181463885155,0.9230769230769231,0.07692307692307693,7.166702366894755,60.0
pp_quantile_fixed,FOODS_3_158_WI_3,267.8404389097159,237.48079060670202,30.359648303013888,0.0,0.7906231151516284,0.9358974358974359,0.0641025641025641,3.0446255205987436,29.0
pp_quantile_fixed,FOODS_3_160_CA_1,242.3302251600561,67.89542383506112,174.434801324995,0.0,0.030917770416694492,0.8461538461538461,0.15384615384615385,0.8704541517315528,36.0
pp_quantile_fixed,FOODS_3_160_TX_1,468.0,468.0,0.0,0.0,1.0,1.0,0.0,6.0,0.0
pp_quantile_fixed,FOODS_3_160_WI_2,104.40086654232152,42.857082905683065,61.543783636638466,0.0,0.05317255943633132,0.9230769230769231,0.07692307692307693,0.5494497808420906,13.0
pp_quantile_fixed,FOODS_3_161_WI_1,399.90046689257355,398.0960377594935,1.804429133080001,0.0,0.9810060091254738,0.9871794871794872,0.01282051282051282,5.103795355890942,19.0
pp_quantile_fixed,FOODS_3_162_WI_2,437.1432423945098,423.14570506896445,13.997537325545334,0.0,0.954106434998212,0.9487179487179487,0.05128205128205128,5.424944936781595,61.0
pp_quantile_fixed,FOODS_3_163_TX_2,440.6341971779367,329.3774287327952,111.25676844514153,0.0,0.7442373139192149,0.8333333333333334,0.16666666666666666,4.222787547856348,87.0
pp_quantile_fixed,FOODS_3_169_TX_3,1052.2356460556116,872.9467954914999,179.2888505641116,0.0,0.7671573369297252,0.8205128205128205,0.1794871794871795,11.191625583224358,154.0
pp_quantile_fixed,FOODS_3_171_WI_2,247.83484356293474,243.1898178967838,4.645025666150917,0.0,0.9380663244513211,0.9871794871794872,0.01282051282051282,3.117818178163895,15.0
pp_quantile_fixed,FOODS_3_172_CA_3,822.4681821180002,699.2584325229129,123.2097495950873,0.0,0.8515545185601358,0.8205128205128205,0.1794871794871795,8.964851699011705,166.0
pp_quantile_fixed,FOODS_3_172_TX_3,937.4700341995066,815.3129323391323,122.15710186037427,0.0,0.7893843071372857,0.8589743589743589,0.14102564102564102,10.452729901783748,116.0
pp_quantile_fixed,FOODS_3_176_WI_3,349.17339046863555,303.63966969782956,45.533720770806,0.0,0.7976279076853067,0.9487179487179487,0.05128205128205128,3.892816278177302,45.0
pp_quantile_fixed,FOODS_3_178_WI_2,659.875790571114,507.85069271176576,152.02509785934822,0.0,0.740128037847268,0.8461538461538461,0.15384615384615385,6.510906316817509,117.0
pp_quantile_fixed,FOODS_3_180_WI_1,498.7009672928207,440.3395233550772,58.361443937743495,0.0,0.8086510034828082,0.9102564102564102,0.08974358974358974,5.645378504552271,61.0
pp_quantile_fixed,FOODS_3_184_WI_3,1299.0,1094.0,205.0,0.0,0.3387096774193548,0.782051282051282,0.21794871794871795,14.025641025641026,62.0
pp_quantile_fixed,FOODS_3_192_TX_2,707.2662945833354,562.3980530113832,144.86824157195213,0.0,0.7736433725438248,0.8076923076923077,0.19230769230769232,7.210231448863888,128.0
pp_quantile_fixed,FOODS_3_197_WI_1,431.10124818659847,404.6345583137614,26.46668987283709,0.0,0.8345831882947682,0.9230769230769231,0.07692307692307693,5.18762254248412,32.0
pp_quantile_fixed,FOODS_3_198_TX_2,616.0,616.0,0.0,0.0,1.0,1.0,0.0,7.897435897435898,2.0
pp_quantile_fixed,FOODS_3_198_WI_3,438.6346097630809,438.6346097630809,0.0,0.0,1.0,1.0,0.0,5.623520637988217,4.0
pp_quantile_fixed,FOODS_3_199_CA_2,1026.5800548867685,939.5272475476431,87.0528073391254,0.0,0.6130986340483316,0.8717948717948718,0.1282051282051282,12.045221122405682,45.0
pp_quantile_fixed,FOODS_3_199_TX_1,572.2451904737712,538.7901042899355,33.4550861838358,0.0,0.7521845467864013,0.9102564102564102,0.08974358974358974,6.907565439614557,27.0
pp_quantile_fixed,FOODS_3_204_CA_2,405.355465931107,346.4519449025698,58.90352102853722,0.0,0.8159264967858212,0.8846153846153846,0.11538461538461539,4.441691601314997,64.0
pp_quantile_fixed,FOODS_3_204_CA_4,502.62880311597814,466.8512755675243,35.77752754845385,0.0,0.847755201921473,0.9615384615384616,0.038461538461538464,5.985272763686209,47.0
pp_quantile_fixed,FOODS_3_205_TX_1,1225.442632480144,1225.442632480144,0.0,0.0,1.0,1.0,0.0,15.710802980514668,10.0
pp_quantile_fixed,FOODS_3_208_WI_3,453.22945308805953,325.33191383294303,127.8975392551165,0.0,0.718906507131612,0.7692307692307693,0.23076923076923078,4.170921972217219,91.0
pp_quantile_fixed,FOODS_3_209_TX_2,361.9143387987526,361.9143387987526,0.0,0.0,1.0,1.0,0.0,4.639927420496829,13.0
pp_quantile_fixed,FOODS_3_210_TX_1,215.29409514844048,215.29409514844048,0.0,0.0,1.0,1.0,0.0,2.7601807070312883,0.0
pp_quantile_fixed,FOODS_3_211_CA_1,798.512734325356,510.21798087559023,288.2947534497658,0.0,0.5995906202086587,0.7307692307692307,0.2692307692307692,6.54125616507167,144.0
pp_quantile_fixed,FOODS_3_215_CA_3,941.9157745179396,759.8960169399566,182.01975757798303,0.0,0.799978288375843,0.8589743589743589,0.14102564102564102,9.74225662743534,182.0
pp_quantile_fixed,FOODS_3_215_CA_4,692.6129368436291,516.7751298998323,175.83780694379672,0.0,0.6650708439165776,0.7435897435897436,0.2564102564102564,6.625322178202978,105.0
pp_quantile_fixed,FOODS_3_224_CA_1,672.3353009744058,416.54394867828967,255.79135229611612,0.0,0.6741511435718266,0.6666666666666666,0.3333333333333333,5.340307034337047,157.0
pp_quantile_fixed,FOODS_3_229_CA_1,526.7371118012018,448.44883210769933,78.28827969350243,0.0,0.6929871384568532,0.8846153846153846,0.11538461538461539,5.749344001380761,51.0
pp_quantile_fixed,FOODS_3_232_WI_3,460.7639656902222,416.8783309519385,43.88563473828374,0.0,0.8404158736789682,0.9358974358974359,0.0641025641025641,5.344593986563314,55.0
pp_quantile_fixed,FOODS_3_237_WI_3,632.243340354003,596.9141247194304,35.329215634572535,0.0,0.878175118501474,0.9230769230769231,0.07692307692307693,7.652745188710647,58.0
pp_quantile_fixed,FOODS_3_239_CA_4,347.319280505363,284.4505303590509,62.86875014631208,0.0,0.7713863631043197,0.9102564102564102,0.08974358974358974,3.646801671269883,55.0
pp_quantile_fixed,FOODS_3_240_TX_3,544.2804461060126,475.6073959810292,68.67305012498348,0.0,0.8009476807971493,0.9102564102564102,0.08974358974358974,6.097530717705502,69.0
pp_quantile_fixed,FOODS_3_243_WI_1,395.47327479918306,393.1433086073483,2.329966191834778,0.0,0.9754740400859497,0.9871794871794872,0.01282051282051282,5.040298828299337,19.0
pp_quantile_fixed,FOODS_3_246_CA_2,804.7259117559461,637.5858161040842,167.14009565186186,0.0,0.7577679773161422,0.8333333333333334,0.16666666666666666,8.17417712953954,138.0
pp_quantile_fixed,FOODS_3_246_TX_2,403.94445324380206,350.0726170513023,53.87183619249973,0.0,0.8173836061271195,0.8846153846153846,0.11538461538461539,4.488110475016696,59.0
pp_quantile_fixed,FOODS_3_247_CA_3,660.3540121842573,508.5073333653911,151.84667881886617,0.0,0.6427136968967855,0.8205128205128205,0.1794871794871795,6.519324786735783,85.0
pp_quantile_fixed,FOODS_3_255_WI_2,370.89654890675166,370.89654890675166,0.0,0.0,1.0,1.0,0.0,4.75508396034297,25.0
pp_quantile_fixed,FOODS_3_256_WI_1,258.6460649578975,247.096896585532,11.549168372365518,0.0,0.743351813947433,0.9615384615384616,0.038461538461538464,3.1679089305837436,9.0
pp_quantile_fixed,FOODS_3_257_TX_2,808.1697194364303,684.6162007601408,123.55351867628947,0.0,0.8363529553956431,0.8461538461538461,0.15384615384615385,8.777130778976165,151.0
pp_quantile_fixed,FOODS_3_258_CA_3,1778.921748467028,1309.7747050586481,469.14704340838,0.0,0.7040081745057539,0.782051282051282,0.21794871794871795,16.791983398187796,317.0
pp_quantile_fixed,FOODS_3_258_TX_1,1147.6406785556242,971.8587698023338,175.78190875329042,0.0,0.8301624070016518,0.782051282051282,0.21794871794871795,12.459727817978639,207.0
pp_quantile_fixed,FOODS_3_258_TX_2,1093.3818114934916,924.2630995175979,169.11871197589363,0.0,0.8396979033403852,0.8076923076923077,0.19230769230769232,11.84952691689228,211.0
pp_quantile_fixed,FOODS_3_258_WI_2,1779.2315761050515,1269.4269597657683,509.80461633928326,0.0,0.713592912168942,0.7307692307692307,0.2692307692307692,16.274704612381644,356.0
pp_quantile_fixed,FOODS_3_265_TX_3,500.0212274405513,467.56139602135147,32.45983141919983,0.0,0.9188504214520004,0.9102564102564102,0.08974358974358974,5.994376872068608,80.0
pp_quantile_fixed,FOODS_3_265_WI_2,450.3359396589324,405.40898213957047,44.926957519361885,0.0,0.8678618896489357,0.9230769230769231,0.07692307692307693,5.197551053071416,68.0
pp_quantile_fixed,FOODS_3_270_WI_3,275.7707445147417,252.42138160474826,23.349362909993406,0.0,0.8493589489677844,0.9487179487179487,0.05128205128205128,3.2361715590352342,31.0
pp_quantile_fixed,FOODS_3_271_WI_2,717.4037231783423,696.6882768631365,20.71544631520574,0.0,0.9154471578971194,0.9487179487179487,0.05128205128205128,8.931900985424827,49.0
pp_quantile_fixed,FOODS_3_277_CA_4,555.5359283163584,419.4319484968024,136.10397981955595,0.0,0.6639407905689976,0.8205128205128205,0.1794871794871795,5.377332673035928,81.0
pp_quantile_fixed,FOODS_3_278_WI_2,2141.9103072409034,1648.9067408456986,493.003566395205,0.0,0.7764156161472993,0.8076923076923077,0.19230769230769232,21.13983001084229,441.0
pp_quantile_fixed,FOODS_3_279_TX_3,238.83930627537578,235.21223245944907,3.6270738159267135,0.0,0.9481846597724755,0.9871794871794872,0.01282051282051282,3.0155414417878084,14.0
pp_quantile_fixed,FOODS_3_280_WI_3,352.97703282786125,260.00677886483965,92.9702539630216,0.0,0.6951794952032079,0.8205128205128205,0.1794871794871795,3.3334202418569183,61.0
pp_quantile_fixed,FOODS_3_282_WI_3,11958.645353207568,8484.996702129003,3473.648651078566,0.0,0.6956943801070025,0.6666666666666666,0.3333333333333333,108.78200900165389,2283.0
pp_quantile_fixed,FOODS_3_286_TX_3,369.88295225195276,356.3946615844191,13.488290667533622,0.0,0.9206571137203905,0.9615384615384616,0.038461538461538464,4.5691623280053735,34.0
pp_quantile_fixed,FOODS_3_286_WI_3,442.64652064567406,383.1655742307658,59.480946414908246,0.0,0.8275914596669326,0.8589743589743589,0.14102564102564102,4.91237915680469,69.0
pp_quantile_fixed,FOODS_3_289_TX_3,274.0419331581105,270.69569323569397,3.346239922416556,0.0,0.9647764218692993,0.9871794871794872,0.01282051282051282,3.4704576055858203,19.0
pp_quantile_fixed,FOODS_3_295_TX_1,3888.2971052862567,2760.43910114179,1127.8580041444666,0.0,0.669249852157048,0.7051282051282052,0.2948717948717949,35.39024488643321,682.0
pp_quantile_fixed,FOODS_3_296_CA_4,507.7126263597788,460.2692957619641,47.443330597814715,0.0,0.8469569980715653,0.9102564102564102,0.08974358974358974,5.9008884072046675,62.0
pp_quantile_fixed,FOODS_3_300_WI_2,1655.2988573343778,836.367091521853,818.9317658125249,0.0,0.4849485749606762,0.6538461538461539,0.34615384615384615,10.722655019510936,318.0
pp_quantile_fixed,FOODS_3_302_CA_4,1379.2705609063212,1141.820461168653,237.45009973766815,0.0,0.7694659225847881,0.782051282051282,0.21794871794871795,14.638723861136578,206.0
pp_quantile_fixed,FOODS_3_309_CA_2,266.84368218679225,255.828873919378,11.014808267414274,0.0,0.908209931104881,0.9615384615384616,0.038461538461538464,3.2798573579407435,24.0
pp_quantile_fixed,FOODS_3_309_WI_1,321.90263265475454,311.44969716207464,10.452935492679885,0.0,0.9225708482023712,0.9615384615384616,0.038461538461538464,3.992944835411213,27.0
pp_quantile_fixed,FOODS_3_316_TX_3,320.13506233535384,292.39587404677917,27.739188288574653,0.0,0.7587896670558727,0.9358974358974359,0.0641025641025641,3.748665051881784,23.0
pp_quantile_fixed,FOODS_3_318_TX_2,3452.235035465978,2497.914504597545,954.3205308684327,0.0,0.6472012824885647,0.6666666666666666,0.3333333333333333,32.02454493073776,541.0
pp_quantile_fixed,FOODS_3_331_TX_1,810.0666809696227,648.2407048703925,161.82597609923022,0.0,0.7964453130827291,0.8076923076923077,0.19230769230769232,8.310778267569134,159.0
pp_quantile_fixed,FOODS_3_335_TX_1,1563.0,1563.0,0.0,0.0,1.0,1.0,0.0,20.03846153846154,5.0
pp_quantile_fixed,FOODS_3_337_CA_1,364.62959110406945,339.5679503021219,25.061640801947537,0.0,0.8777480936490364,0.9487179487179487,0.05128205128205128,4.353435260283614,41.0
pp_quantile_fixed,FOODS_3_346_WI_3,1100.9562098736844,831.8600144260527,269.09619544763177,0.0,0.7449325161633822,0.7692307692307693,0.23076923076923078,10.664871979821188,211.0
pp_quantile_fixed,FOODS_3_352_CA_1,633.2338988162159,552.051530126073,81.18236869014285,0.0,0.6309892332266234,0.8717948717948718,0.1282051282051282,7.077583719565038,44.0
pp_quantile_fixed,FOODS_3_354_WI_2,515.9665743493032,435.9145075476942,80.05206680160896,0.0,0.7375342072078395,0.8589743589743589,0.14102564102564102,5.588647532662746,61.0
pp_quantile_fixed,FOODS_3_356_CA_1,849.3153586299242,729.7998899576111,119.5154686723131,0.0,0.8506056641596086,0.9102564102564102,0.08974358974358974,9.356408845610398,160.0
pp_quantile_fixed,FOODS_3_356_TX_2,587.5168687604389,492.491226886055,95.02564187438391,0.0,0.8020299127617001,0.8461538461538461,0.15384615384615385,6.313990088282757,96.0
pp_quantile_fixed,FOODS_3_363_WI_3,1408.5405035164,886.086939418109,522.4535640982908,0.0,0.5717593736899255,0.7307692307692307,0.2692307692307692,11.360088966898832,244.0
pp_quantile_fixed,FOODS_3_365_TX_1,320.4810694971475,308.63362668058335,11.847442816564154,0.0,0.8752900756151142,0.9615384615384616,0.038461538461538464,3.9568413676997864,19.0
pp_quantile_fixed,FOODS_3_367_TX_1,678.6487112429829,532.7520153475048,145.8966958954781,0.0,0.7139280472637685,0.8205128205128205,0.1794871794871795,6.830154042916727,102.0
pp_quantile_fixed,FOODS_3_370_CA_1,1136.4362996051793,1107.1298784099145,29.306421195264765,0.0,0.8570418478279769,0.9743589743589743,0.02564102564102564,14.193972800127108,41.0
pp_quantile_fixed,FOODS_3_372_TX_3,1528.1691048608561,1172.0649225741859,356.1041822866703,0.0,0.8095699559964331,0.7564102564102564,0.24358974358974358,15.026473366335717,374.0
pp_quantile_fixed,FOODS_3_380_TX_3,323.70684501243306,308.5544885943875,15.15235641804555,0.0,0.862251305290495,0.9743589743589743,0.02564102564102564,3.955826776851122,22.0
pp_quantile_fixed,FOODS_3_384_TX_1,279.66432306527577,256.83674620341,22.827576861865765,0.0,0.7924765739830385,0.9358974358974359,0.0641025641025641,3.292778797479615,22.0
pp_quantile_fixed,FOODS_3_385_CA_4,501.6106658937589,433.0200299573287,68.59063593643017,0.0,0.7081249534619992,0.8974358974358975,0.10256410256410256,5.551538845606778,47.0
pp_quantile_fixed,FOODS_3_385_TX_3,408.3037538567106,372.3111012555936,35.992652601117044,0.0,0.8468397761654592,0.9102564102564102,0.08974358974358974,4.773219246866584,47.0
pp_quantile_fixed,FOODS_3_387_CA_2,767.8822107738731,677.8286702165424,90.05354055733079,0.0,0.6397858377706769,0.8717948717948718,0.1282051282051282,8.690111156622338,50.0
pp_quantile_fixed,FOODS_3_390_TX_2,884.9346810186976,697.6831535696435,187.2515274490541,0.0,0.7452360170761169,0.8076923076923077,0.19230769230769232,8.94465581499543,147.0
pp_quantile_fixed,FOODS_3_392_WI_2,565.5223834518474,407.46314385991866,158.0592395919287,0.0,0.6366454262254513,0.782051282051282,0.21794871794871795,5.2238864597425465,87.0
pp_quantile_fixed,FOODS_3_392_WI_3,480.78386364471726,331.23419940263216,149.5496642420851,0.0,0.6064482519945129,0.7948717948717948,0.20512820512820512,4.246592300033746,76.0
pp_quantile_fixed,FOODS_3_393_CA_3,2966.494855697665,2105.5028996003066,860.9919560973585,0.0,0.7240410397123851,0.7435897435897436,0.2564102564102564,26.99362691795265,624.0
pp_quantile_fixed,FOODS_3_398_WI_3,298.18068345097873,264.05275185267374,34.127931598305004,0.0,0.7562290600121072,0.9487179487179487,0.05128205128205128,3.385291690418894,28.0
pp_quantile_fixed,FOODS_3_403_TX_1,1793.3937041694949,1411.987776302161,381.40592786733407,0.0,0.8102458070311771,0.7692307692307693,0.23076923076923078,18.102407388489244,402.0
pp_quantile_fixed,FOODS_3_405_TX_3,507.68253063802433,460.2717741383872,47.410756499637145,0.0,0.8392855711876707,0.8974358974358975,0.10256410256410256,5.900920181261374,59.0
pp_quantile_fixed,FOODS_3_408_TX_2,293.8427342962896,293.8427342962896,0.0,0.0,1.0,1.0,0.0,3.7672145422601235,8.0
pp_quantile_fixed,FOODS_3_416_CA_4,568.9819726875718,447.7139335300671,121.26803915750466,0.0,0.7525142058010108,0.8076923076923077,0.19230769230769232,5.73992222474445,98.0
pp_quantile_fixed,FOODS_3_416_WI_3,505.5196249939272,395.35421431903933,110.16541067488785,0.0,0.7279866403089188,0.8333333333333334,0.16666666666666666,5.068643773321017,81.0
pp_quantile_fixed,FOODS_3_417_CA_3,477.57280331245704,397.7616314915367,79.81117182092032,0.0,0.7783023004974434,0.8589743589743589,0.14102564102564102,5.0995080960453425,72.0
pp_quantile_fixed,FOODS_3_422_CA_1,737.4755598370353,649.397331482999,88.07822835403634,0.0,0.8481409855964891,0.8974358974358975,0.10256410256410256,8.325606813884603,116.0
pp_quantile_fixed,FOODS_3_423_WI_2,572.040639639004,479.5584543946932,92.48218524431087,0.0,0.7771513608570823,0.8461538461538461,0.15384615384615385,6.148185312752476,83.0
pp_quantile_fixed,FOODS_3_425_CA_1,375.8817655401922,350.657198404396,25.224567135796203,0.0,0.9235619177703145,0.9230769230769231,0.07692307692307693,4.495605107748667,66.0
pp_quantile_fixed,FOODS_3_427_WI_3,570.502765772812,541.0894470365681,29.41331873624388,0.0,0.6539609560441897,0.9358974358974359,0.0641025641025641,6.937044192776514,17.0
pp_quantile_fixed,FOODS_3_428_TX_3,261.01917476842834,211.67655602350956,49.34261874491877,0.0,0.5888115104590103,0.9358974358974359,0.0641025641025641,2.7138020003014045,24.0
pp_quantile_fixed,FOODS_3_434_CA_1,1044.6207991757249,796.832574884544,247.7882242911808,0.0,0.7471548731722645,0.782051282051282,0.21794871794871795,10.215802242109538,196.0
pp_quantile_fixed,FOODS_3_434_WI_1,651.3346754742677,578.9371926959464,72.39748277832132,0.0,0.7960634287934611,0.8974358974358975,0.10256410256410256,7.422271701230081,71.0
pp_quantile_fixed,FOODS_3_441_TX_2,10865.399999999992,10865.399999999992,0.0,0.0,1.0,1.0,0.0,139.2999999999999,0.0
pp_quantile_fixed,FOODS_3_444_CA_4,5561.400000000008,5561.400000000008,0.0,0.0,1.0,1.0,0.0,71.3000000000001,0.0
pp_quantile_fixed,FOODS_3_444_TX_2,21317.39999999997,21317.39999999997,0.0,0.0,1.0,1.0,0.0,273.2999999999996,0.0
pp_quantile_fixed,FOODS_3_445_CA_3,1120.6971326150365,858.8822752841222,261.81485733091426,0.0,0.5810962282705373,0.8076923076923077,0.19230769230769232,11.01131122159131,125.0
pp_quantile_fixed,FOODS_3_449_WI_1,710.7943194599267,499.33003717008535,211.4642822898413,0.0,0.7306187486753615,0.7435897435897436,0.2564102564102564,6.401667143206223,157.0
pp_quantile_fixed,FOODS_3_451_CA_4,607.859113416979,451.9123917115388,155.94672170544013,0.0,0.6534517295434663,0.8589743589743589,0.14102564102564102,5.793748611686395,90.0
pp_quantile_fixed,FOODS_3_453_TX_2,244.75349084669958,237.33388719891633,7.419603647783253,0.0,0.8763399392036124,0.9743589743589743,0.02564102564102564,3.0427421435758504,12.0
pp_quantile_fixed,FOODS_3_453_WI_2,246.8872504556477,224.17941538476984,22.707835070877852,0.0,0.8580760308070134,0.9358974358974359,0.0641025641025641,2.8740950690355107,32.0
pp_quantile_fixed,FOODS_3_454_CA_1,2707.129955624113,2707.129955624113,0.0,0.0,1.0,1.0,0.0,34.70679430287324,1.0
pp_quantile_fixed,FOODS_3_455_TX_1,3725.5929646372533,2006.3345589880323,1719.2584056492208,0.0,0.6612298708080354,0.6025641025641025,0.3974358974358974,25.722237935744005,1015.0
pp_quantile_fixed,FOODS_3_456_CA_4,276.89727682764317,251.40739143798342,25.489885389659758,0.0,0.8300674307356016,0.9230769230769231,0.07692307692307693,3.2231716851023515,30.0
pp_quantile_fixed,FOODS_3_457_TX_3,257.11299712451876,244.5857649015305,12.527232222988246,0.0,0.8329702370268234,0.9615384615384616,0.038461538461538464,3.1357149346350064,15.0
pp_quantile_fixed,FOODS_3_458_TX_1,1944.209142711583,1392.8897474457858,551.3193952657972,0.0,0.7683531952664719,0.7564102564102564,0.24358974358974358,17.85756086468956,476.0
pp_quantile_fixed,FOODS_3_458_WI_1,1388.4988177324942,1022.1072980040658,366.3915197284284,0.0,0.785735953375188,0.6923076923076923,0.3076923076923077,13.103939718000843,342.0
pp_quantile_fixed,FOODS_3_464_TX_2,413.461060368192,373.7258003841304,39.73525998406161,0.0,0.7436434839737961,0.9230769230769231,0.07692307692307693,4.791356415181159,31.0
pp_quantile_fixed,FOODS_3_465_CA_3,442.9826795222017,392.903275830666,50.079403691535674,0.0,0.7955942706467932,0.9102564102564102,0.08974358974358974,5.037221485008539,49.0
pp_quantile_fixed,FOODS_3_465_TX_2,290.3939537394898,283.3349460205187,7.0590077189711,0.0,0.9477110539335475,0.9743589743589743,0.02564102564102564,3.632499307955368,27.0
pp_quantile_fixed,FOODS_3_465_WI_3,518.9401724936258,416.758356086296,102.1818164073299,0.0,0.67038123739571,0.8589743589743589,0.14102564102564102,5.343055847260205,62.0
pp_quantile_fixed,FOODS_3_468_TX_2,725.9235502626111,717.5944150101211,8.32913525249003,0.0,0.9899648972861564,0.9871794871794872,0.01282051282051282,9.199928397565655,166.0
pp_quantile_fixed,FOODS_3_471_WI_3,369.8833539638236,322.26194646135747,47.62140750246611,0.0,0.7883492999890395,0.8974358974358975,0.10256410256410256,4.131563416171249,45.0
pp_quantile_fixed,FOODS_3_472_CA_1,292.19187934098073,236.2324684012539,55.95941093972684,0.0,0.7130286618475546,0.8589743589743589,0.14102564102564102,3.028621389759665,39.0
pp_quantile_fixed,FOODS_3_474_CA_1,1354.1793784770052,727.1512641742534,627.028114302752,0.0,0.6018869115538082,0.6923076923076923,0.3076923076923077,9.32245210479812,315.0
pp_quantile_fixed,FOODS_3_476_TX_3,1147.8307299283335,826.4767975796442,321.35393234868934,0.0,0.7518502452905873,0.7435897435897436,0.2564102564102564,10.595856379226207,259.0
pp_quantile_fixed,FOODS_3_479_CA_3,1291.1636755321456,1074.8628485122415,216.30082701990398,0.0,0.72962396622512,0.7692307692307693,0.23076923076923078,13.780292929644121,160.0
pp_quantile_fixed,FOODS_3_479_TX_2,882.0993214991163,751.5632380278579,130.53608347125837,0.0,0.7709893272434065,0.8333333333333334,0.16666666666666666,9.635426128562282,114.0
pp_quantile_fixed,FOODS_3_479_TX_3,741.7546376734967,598.1807978070746,143.5738398664222,0.0,0.7099518386536925,0.8333333333333334,0.16666666666666666,7.668984587270186,99.0
pp_quantile_fixed,FOODS_3_481_TX_2,296.72958074775966,265.6650412871961,31.06453946056353,0.0,0.805846628371478,0.9487179487179487,0.05128205128205128,3.4059620677845657,32.0
pp_quantile_fixed,FOODS_3_498_TX_1,2656.286948505819,2059.5812295346564,596.7057189711627,0.0,0.629375329831576,0.9102564102564102,0.08974358974358974,26.40488755813662,322.0
pp_quantile_fixed,FOODS_3_499_TX_1,3442.9282225695483,2497.068759820064,945.8594627494845,0.0,0.7718071259952992,0.7564102564102564,0.24358974358974358,32.013702048975176,829.0
pp_quantile_fixed,FOODS_3_502_TX_2,976.0156596827724,604.4112945446168,371.6043651381556,0.0,0.6443977367098991,0.7307692307692307,0.2692307692307692,7.74886275057201,209.0
pp_quantile_fixed,FOODS_3_511_CA_1,6660.923346529465,4255.626326448442,2405.2970200810223,0.0,0.7374129890741242,0.6923076923076923,0.3076923076923077,54.55931187754413,1832.0
pp_quantile_fixed,FOODS_3_511_WI_2,3999.924038032007,2621.925806638629,1377.9982313933779,0.0,0.6245236426721041,0.717948717948718,0.28205128205128205,33.614433418443966,734.0
pp_quantile_fixed,FOODS_3_512_CA_1,287.92998645362337,287.92998645362337,0.0,0.0,1.0,1.0,0.0,3.691410082738761,12.0
pp_quantile_fixed,FOODS_3_513_CA_1,627.7383810059495,470.0349678765075,157.70341312944197,0.0,0.769776039227092,0.8076923076923077,0.19230769230769232,6.026089331750096,137.0
pp_quantile_fixed,FOODS_3_514_CA_2,1081.499634345323,725.7639358291976,355.7356985161254,0.0,0.6780672411618774,0.7307692307692307,0.2692307692307692,9.304665843964072,221.0
pp_quantile_fixed,FOODS_3_515_CA_1,1112.6445223593432,837.5296585076818,275.11486385166154,0.0,0.7104054064719353,0.7692307692307693,0.23076923076923078,10.737559724457459,190.0
pp_quantile_fixed,FOODS_3_517_TX_1,274.70788203572334,253.74648326361122,20.96139877211212,0.0,0.7533953085633868,0.9358974358974359,0.0641025641025641,3.2531600418411695,17.0
pp_quantile_fixed,FOODS_3_517_TX_3,208.18175850651352,197.5431770198688,10.63858148664471,0.0,0.8748402178041799,0.9615384615384616,0.038461538461538464,2.5326048335880618,17.0
pp_quantile_fixed,FOODS_3_525_CA_4,440.53142075030127,361.54899518672806,78.9824255635732,0.0,0.594961920186804,0.9102564102564102,0.08974358974358974,4.635243528034975,39.0
pp_quantile_fixed,FOODS_3_531_CA_3,456.17374930481964,384.53417696542397,71.63957233939566,0.0,0.7486330795108924,0.8846153846153846,0.11538461538461539,4.929925345710564,57.0
pp_quantile_fixed,FOODS_3_532_TX_3,891.0376658027742,693.9040342466778,197.1336315560963,0.0,0.7299539293752105,0.8205128205128205,0.1794871794871795,8.8962055672651,146.0
pp_quantile_fixed,FOODS_3_532_WI_1,1768.9156744870081,1311.5114337529453,457.4042407340628,0.0,0.8070024300700157,0.7692307692307693,0.23076923076923078,16.814249150678787,474.0
pp_quantile_fixed,FOODS_3_533_TX_3,680.1747828710371,551.2214450337265,128.95333783731064,0.0,0.7655393857503443,0.8333333333333334,0.16666666666666666,7.0669416029964935,110.0
pp_quantile_fixed,FOODS_3_533_WI_3,916.6139028928746,750.5829754820481,166.03092741082656,0.0,0.817548431416674,0.7564102564102564,0.24358974358974358,9.622858660026258,182.0
pp_quantile_fixed,FOODS_3_538_WI_1,908.8665118904452,812.3494284935193,96.51708339692584,0.0,0.8730038376356238,0.8717948717948718,0.1282051282051282,10.414736262737428,152.0
pp_quantile_fixed,FOODS_3_544_TX_2,344.28975143989874,292.05730242306066,52.232449016838075,0.0,0.8229408507903794,0.8974358974358975,0.10256410256410256,3.7443243900392393,59.0
pp_quantile_fixed,FOODS_3_545_CA_2,486.88586851595613,425.0828650746195,61.80300344133659,0.0,0.6985219344325044,0.8974358974358975,0.10256410256410256,5.449780321469481,41.0
pp_quantile_fixed,FOODS_3_546_CA_1,1803.2824687448688,1038.222501085581,765.0599676592877,0.0,0.5188302090193159,0.6538461538461539,0.34615384615384615,13.310544885712575,318.0
pp_quantile_fixed,FOODS_3_546_CA_3,1321.5049139091122,864.4661591460443,457.0387547630679,0.0,0.7070264392544436,0.7435897435897436,0.2564102564102564,11.082899476231338,312.0
pp_quantile_fixed,FOODS_3_550_TX_1,269.88130988969067,269.88130988969067,0.0,0.0,1.0,1.0,0.0,3.4600167934575725,14.0
pp_quantile_fixed,FOODS_3_555_CA_3,9155.176864907771,6002.705679564278,3152.4711853434924,0.0,0.721758942158562,0.7435897435897436,0.2564102564102564,76.95776512261895,2266.0
pp_quantile_fixed,FOODS_3_558_CA_4,390.0,390.0,0.0,0.0,1.0,1.0,0.0,5.0,0.0
pp_quantile_fixed,FOODS_3_563_WI_1,714.139900491331,714.139900491331,0.0,0.0,1.0,1.0,0.0,9.15563974988886,11.0
pp_quantile_fixed,FOODS_3_573_WI_2,1284.2812469875098,1119.892237631575,164.38900935593475,0.0,0.7865077800572277,0.8846153846153846,0.11538461538461539,14.357592790148397,154.0
pp_quantile_fixed,FOODS_3_575_CA_1,434.3489921232766,374.9004622056447,59.44852991763187,0.0,0.7713518080091082,0.8974358974358975,0.10256410256410256,4.80641618212365,52.0
pp_quantile_fixed,FOODS_3_575_WI_1,326.25468578487954,306.7466283740398,19.50805741083974,0.0,0.9071044885198107,0.9358974358974359,0.0641025641025641,3.932649081718459,42.0
pp_quantile_fixed,FOODS_3_575_WI_2,343.340284593819,338.2462866364906,5.093997957328398,0.0,0.9745300102133581,0.9871794871794872,0.01282051282051282,4.336490854313982,40.0
pp_quantile_fixed,FOODS_3_578_WI_1,5108.627227313548,5108.627227313548,0.0,0.0,1.0,1.0,0.0,65.4952208629942,0.0
pp_quantile_fixed,FOODS_3_580_CA_1,2137.5730972599226,1787.2283758375677,350.344721422355,0.0,0.7532783651955246,0.8076923076923077,0.19230769230769232,22.913184305609843,284.0
pp_quantile_fixed,FOODS_3_580_CA_3,5455.917937176595,4686.947710543128,768.970226633467,0.0,0.7311292913868997,0.7948717948717948,0.20512820512820512,60.089073212091385,572.0
pp_quantile_fixed,FOODS_3_582_CA_1,456.5240810861944,300.34511227203217,156.17896881416226,0.0,0.5267303975328417,0.8333333333333334,0.16666666666666666,3.8505783624619507,66.0
pp_quantile_fixed,FOODS_3_585_WI_1,329.07000734373867,248.91165724100932,80.15835010272936,0.0,0.6793665995890825,0.8333333333333334,0.16666666666666666,3.191175092833453,50.0
pp_quantile_fixed,FOODS_3_588_WI_3,609.8096428717053,543.3036949871757,66.50594788452949,0.0,0.8538330815724626,0.9102564102564102,0.08974358974358974,6.965431987015074,91.0
pp_quantile_fixed,FOODS_3_596_WI_1,855.0747682557721,642.4904275545368,212.5843407012353,0.0,0.7325983135833518,0.7692307692307693,0.23076923076923078,8.237056763519703,159.0
pp_quantile_fixed,FOODS_3_599_TX_3,960.0910524085457,960.0910524085457,0.0,0.0,1.0,1.0,0.0,12.308859646263405,2.0
pp_quantile_fixed,FOODS_3_605_WI_3,673.2505687551313,635.5608874907365,37.68968126439483,0.0,0.8016332565031852,0.9487179487179487,0.05128205128205128,8.148216506291494,38.0
pp_quantile_fixed,FOODS_3_606_TX_3,545.7092738305173,432.6721686409667,113.03710518955057,0.0,0.6521935224936906,0.8205128205128205,0.1794871794871795,5.547079085140599,65.0
pp_quantile_fixed,FOODS_3_608_CA_3,642.3319000927443,571.4766997589883,70.85520033375593,0.0,0.7221364692793885,0.9102564102564102,0.08974358974358974,7.326624355884465,51.0
pp_quantile_fixed,FOODS_3_610_TX_1,473.90363268684,463.19571708860354,10.707915598236495,0.0,0.8661510550220438,0.9743589743589743,0.02564102564102564,5.938406629341071,16.0
pp_quantile_fixed,FOODS_3_615_CA_4,604.3855134187652,491.75631961907646,112.62919379968866,0.0,0.7603634174474709,0.8076923076923077,0.19230769230769232,6.30456820024457,94.0
pp_quantile_fixed,FOODS_3_618_WI_3,1304.6930044956987,1032.911245449397,271.7817590463017,0.0,0.6893922753756552,0.8974358974358975,0.10256410256410256,13.242451864735859,175.0
pp_quantile_fixed,FOODS_3_625_TX_1,207.87532078484642,207.87532078484642,0.0,0.0,1.0,1.0,0.0,2.6650682151903387,4.0
pp_quantile_fixed,FOODS_3_626_WI_1,280.56897375318044,280.56897375318044,0.0,0.0,1.0,1.0,0.0,3.597038125040775,19.0
pp_quantile_fixed,FOODS_3_626_WI_2,333.1408920265355,315.15728291976654,17.98360910676893,0.0,0.8201639089323107,0.9615384615384616,0.038461538461538464,4.0404779861508535,20.0
pp_quantile_fixed,FOODS_3_628_WI_1,1890.0650854072246,1301.8375336909219,588.2275517163027,0.0,0.6445754974523851,0.6666666666666666,0.3333333333333333,16.690224790909255,331.0
pp_quantile_fixed,FOODS_3_633_WI_1,660.2222602839727,596.8128466931144,63.409413590858264,0.0,0.801845582528568,0.8846153846153846,0.11538461538461539,7.651446752475825,64.0
pp_quantile_fixed,FOODS_3_634_CA_4,1515.1345011533801,1237.552640198153,277.581860955227,0.0,0.7554344837398881,0.7435897435897436,0.2564102564102564,15.86605948971991,227.0
pp_quantile_fixed,FOODS_3_638_TX_3,520.2078413340073,437.035741962571,83.17209937143629,0.0,0.6801073101098605,0.8461538461538461,0.15384615384615385,5.603022332853475,52.0
pp_quantile_fixed,FOODS_3_640_WI_2,694.6954563023859,636.7077479259254,57.987708376460475,0.0,0.8585665649354622,0.9102564102564102,0.08974358974358974,8.162919845204172,82.0
pp_quantile_fixed,FOODS_3_642_TX_3,613.8695233691019,564.2134234191573,49.65609994994465,0.0,0.8257680703510714,0.9358974358974359,0.0641025641025641,7.2335054284507345,57.0
pp_quantile_fixed,FOODS_3_644_WI_2,433.350483175943,433.350483175943,0.0,0.0,1.0,1.0,0.0,5.555775425332603,10.0
pp_quantile_fixed,FOODS_3_646_CA_2,934.7047615936733,784.2126975831288,150.49206401054448,0.0,0.4983597866315183,0.8333333333333334,0.16666666666666666,10.054008943373447,60.0
pp_quantile_fixed,FOODS_3_646_WI_3,1064.4922911270316,894.120712252364,170.37157887466756,0.0,0.60834119798927,0.8333333333333334,0.16666666666666666,11.463086054517488,87.0
pp_quantile_fixed,FOODS_3_651_CA_2,1360.426141188199,949.8354057992495,410.5907353889495,0.0,0.7168339755938279,0.7435897435897436,0.2564102564102564,12.177376997426276,290.0
pp_quantile_fixed,FOODS_3_657_CA_4,566.7099392392317,514.3116134422855,52.39832579694617,0.0,0.7816736425127243,0.9102564102564102,0.08974358974358974,6.593738633875455,48.0
pp_quantile_fixed,FOODS_3_658_WI_1,598.4819739640105,481.17239400875536,117.30957995525522,0.0,0.6871744534526527,0.8717948717948718,0.1282051282051282,6.168876846266095,75.0
pp_quantile_fixed,FOODS_3_658_WI_3,322.9986017580583,305.4614721103256,17.53712964773275,0.0,0.9076993176435116,0.9615384615384616,0.038461538461538464,3.9161727193631486,38.0
pp_quantile_fixed,FOODS_3_662_WI_2,278.6003622737875,278.6003622737875,0.0,0.0,1.0,1.0,0.0,3.571799516330609,11.0
pp_quantile_fixed,FOODS_3_663_CA_1,2496.0,2496.0,0.0,0.0,1.0,1.0,0.0,32.0,0.0
pp_quantile_fixed,FOODS_3_663_TX_2,654.2211522770847,514.0603529841111,140.1607992929736,0.0,0.6662838112072057,0.8461538461538461,0.15384615384615385,6.5905173459501425,84.0
pp_quantile_fixed,FOODS_3_667_TX_3,218.87744926703803,201.1110663911898,17.766382875848212,0.0,0.7266710326792583,0.9487179487179487,0.05128205128205128,2.578347005015254,13.0
pp_quantile_fixed,FOODS_3_668_WI_3,2972.403750039102,2022.998139742816,949.405610296286,0.0,0.7384557547393151,0.717948717948718,0.28205128205128205,25.93587358644636,726.0
pp_quantile_fixed,FOODS_3_669_TX_1,1163.9428519588885,925.2515742405656,238.69127771832282,0.0,0.7272099683219168,0.782051282051282,0.21794871794871795,11.86219966975084,175.0
pp_quantile_fixed,FOODS_3_670_CA_4,519.4477259937038,508.45304936396843,10.994676629735336,0.0,0.8952887940025205,0.9615384615384616,0.038461538461538464,6.518628837999596,21.0
pp_quantile_fixed,FOODS_3_672_TX_2,3383.8251650080847,2006.8557919370876,1376.9693730709969,0.0,0.6531563292012602,0.6538461538461539,0.34615384615384615,25.72892040944984,794.0
pp_quantile_fixed,FOODS_3_677_WI_2,472.25005419791773,412.53728101720236,59.712773180715374,0.0,0.8428611232086438,0.9230769230769231,0.07692307692307693,5.288939500220543,76.0
pp_quantile_fixed,FOODS_3_691_WI_1,378.1268725740533,350.473384149323,27.65348842473033,0.0,0.8215903972598043,0.9487179487179487,0.05128205128205128,4.49324851473491,31.0
pp_quantile_fixed,FOODS_3_693_WI_2,328.31018330037205,328.31018330037205,0.0,0.0,1.0,1.0,0.0,4.209104914107334,7.0
pp_quantile_fixed,FOODS_3_694_WI_3,13254.74026525395,8845.114088127122,4409.626177126828,0.0,0.7533076264544433,0.7435897435897436,0.2564102564102564,113.39889856573234,3575.0
pp_quantile_fixed,FOODS_3_705_TX_2,444.3812614728456,406.4081586502959,37.97310282254969,0.0,0.8384123284146822,0.8846153846153846,0.11538461538461539,5.210361008337126,47.0
pp_quantile_fixed,FOODS_3_711_CA_3,6351.792478122665,4724.483806003171,1627.308672119494,0.0,0.6935388564746716,0.8076923076923077,0.19230769230769232,60.57030520516886,1062.0
pp_quantile_fixed,FOODS_3_712_CA_3,943.9629147964546,666.7843611756028,277.17855362085174,0.0,0.6660499353965642,0.8205128205128205,0.1794871794871795,8.548517450969268,166.0
pp_quantile_fixed,FOODS_3_718_TX_1,481.703704708706,481.703704708706,0.0,0.0,1.0,1.0,0.0,6.175688521906488,6.0
pp_quantile_fixed,FOODS_3_723_WI_3,8998.71568507076,5800.008192234163,3198.7074928365964,0.0,0.7304081337685128,0.6794871794871795,0.32051282051282054,74.35907938761748,2373.0
pp_quantile_fixed,FOODS_3_727_WI_3,1443.3735972703255,1047.688049895397,395.68554737492855,0.0,0.7261691713668315,0.7307692307692307,0.2692307692307692,13.431898075582012,289.0
pp_quantile_fixed,FOODS_3_730_CA_3,433.5026534829171,389.52137771920377,43.98127576371331,0.0,0.9111489378510841,0.8974358974358975,0.10256410256410256,4.993863816912869,99.0
pp_quantile_fixed,FOODS_3_734_TX_1,2906.8512570363396,2505.940954046817,400.91030298952256,0.0,0.844306678450671,0.8076923076923077,0.19230769230769232,32.12744812880534,515.0
pp_quantile_fixed,FOODS_3_735_CA_4,311.54843072467065,286.9301242992121,24.61830642545857,0.0,0.8241549541038673,0.9615384615384616,0.038461538461538464,3.6785913371693857,28.0
pp_quantile_fixed,FOODS_3_745_TX_3,484.10644451919615,484.10644451919615,0.0,0.0,1.0,1.0,0.0,6.2064928784512325,0.0
pp_quantile_fixed,FOODS_3_746_CA_4,906.7563498673151,673.2718539929797,233.4844958743354,0.0,0.7203778492522929,0.7307692307692307,0.2692307692307692,8.631690435807432,167.0
pp_quantile_fixed,FOODS_3_749_CA_1,1601.6704187900136,1493.650191995851,108.02022679416264,0.0,0.6957176710023587,0.9615384615384616,0.038461538461538464,19.14936143584424,71.0
pp_quantile_fixed,FOODS_3_750_CA_2,1297.0,1057.0,240.0,0.0,0.29411764705882354,0.782051282051282,0.21794871794871795,13.551282051282051,68.0
pp_quantile_fixed,FOODS_3_753_TX_2,1023.2742358523611,845.2040773333803,178.07015851898086,0.0,0.8279515376628204,0.8205128205128205,0.1794871794871795,10.83594970940231,207.0
pp_quantile_fixed,FOODS_3_755_TX_3,881.8459619000911,767.7071412653441,114.13882063474689,0.0,0.7805022680101021,0.8974358974358975,0.10256410256410256,9.842399246991592,104.0
pp_quantile_fixed,FOODS_3_756_WI_3,2637.0163432992904,1774.9476328170413,862.0687104822491,0.0,0.6658648408983531,0.6282051282051282,0.3717948717948718,22.75573888226976,516.0
pp_quantile_fixed,FOODS_3_757_CA_3,6090.500000000007,5252.000000000007,838.5,0.0,0.42764505119453927,0.7948717948717948,0.20512820512820512,67.33333333333343,293.0
pp_quantile_fixed,FOODS_3_763_TX_2,183.51862120745463,175.22565665960232,8.292964547852307,0.0,0.8341407090429538,0.9743589743589743,0.02564102564102564,2.246482777687209,10.0
pp_quantile_fixed,FOODS_3_766_TX_3,212.00518499859123,202.1610821873834,9.844102811207813,0.0,0.8841870257504963,0.9743589743589743,0.02564102564102564,2.591808745992095,17.0
pp_quantile_fixed,FOODS_3_768_CA_2,816.2228761830652,549.2651463388203,266.95772984424485,0.0,0.6744417928728721,0.717948717948718,0.28205128205128205,7.041860850497696,164.0
pp_quantile_fixed,FOODS_3_770_WI_3,419.05750628820476,398.05196445177063,21.00554183643414,0.0,0.9106147155896419,0.9358974358974359,0.0641025641025641,5.1032303134842385,47.0
pp_quantile_fixed,FOODS_3_774_WI_2,440.01308836511134,378.34053743588504,61.6725509292263,0.0,0.7482753023296885,0.8717948717948718,0.1282051282051282,4.850519710716475,49.0
pp_quantile_fixed,FOODS_3_779_CA_1,396.02072863298457,396.02072863298457,0.0,0.0,1.0,1.0,0.0,5.077188828628008,27.0
pp_quantile_fixed,FOODS_3_783_CA_1,1520.0265195917634,1085.5809666027226,434.4455529890409,0.0,0.7334689858962938,0.7307692307692307,0.2692307692307692,13.917704700034905,326.0
pp_quantile_fixed,FOODS_3_783_TX_3,3182.0,3052.0,130.0,0.0,0.7291666666666666,0.8974358974358975,0.10256410256410256,39.12820512820513,96.0
pp_quantile_fixed,FOODS_3_786_CA_2,538.5619356673496,399.909473942061,138.65246172528867,0.0,0.609429685280877,0.8205128205128205,0.1794871794871795,5.1270445377187315,71.0
pp_quantile_fixed,FOODS_3_788_WI_2,937.3614244923883,748.5795608477475,188.78186364464082,0.0,0.7448893734531881,0.8076923076923077,0.19230769230769232,9.597173857022405,148.0
pp_quantile_fixed,FOODS_3_791_CA_4,401.9122321012843,365.8395326556177,36.07269944566663,0.0,0.8638766058654089,0.9102564102564102,0.08974358974358974,4.6902504186617655,53.0
pp_quantile_fixed,FOODS_3_791_WI_2,775.8359439973125,772.854421759358,2.9815222379544792,0.0,0.9838836635786244,0.9871794871794872,0.01282051282051282,9.908390022555873,37.0
pp_quantile_fixed,FOODS_3_792_CA_1,912.6722560609664,661.308024831722,251.36423122924435,0.0,0.6877462966096344,0.7564102564102564,0.24358974358974358,8.478308010663103,161.0
pp_quantile_fixed,FOODS_3_793_WI_1,1043.6224234766105,893.5825799205268,150.03984355608364,0.0,0.8654351178869205,0.8589743589743589,0.14102564102564102,11.456186922058036,223.0
pp_quantile_fixed,FOODS_3_795_WI_2,1381.6308345437214,1114.978992117225,266.6518424264963,0.0,0.8095343982667883,0.7564102564102564,0.24358974358974358,14.294602463041347,280.0
pp_quantile_fixed,FOODS_3_799_TX_1,203.7430692786456,203.7430692786456,0.0,0.0,1.0,1.0,0.0,2.612090631777508,6.0
pp_quantile_fixed,FOODS_3_802_WI_3,335.585182443688,306.74310815772094,28.842074285967033,0.0,0.8077195047602198,0.9358974358974359,0.0641025641025641,3.932603950740012,30.0
pp_quantile_fixed,FOODS_3_805_TX_1,765.1642768476956,625.5649959595995,139.5992808880962,0.0,0.7673345318531731,0.8205128205128205,0.1794871794871795,8.020064050764097,120.0
pp_quantile_fixed,FOODS_3_806_CA_1,415.62684943576744,385.0623744346558,30.564475001111667,0.0,0.7089097618941745,0.9358974358974359,0.0641025641025641,4.936697108136613,21.0
pp_quantile_fixed,FOODS_3_806_CA_4,306.0651336153249,302.37649067337543,3.6886429419494693,0.0,0.9262271411610106,0.9871794871794872,0.01282051282051282,3.876621675299685,10.0
pp_quantile_fixed,FOODS_3_809_CA_1,947.3396722708528,601.3682401848798,345.971432085973,0.0,0.6259768301773264,0.7564102564102564,0.24358974358974358,7.709849233139485,185.0
pp_quantile_fixed,FOODS_3_810_WI_2,940.5152995947293,865.23948142998,75.27581816474932,0.0,0.6727138340663074,0.8974358974358975,0.10256410256410256,11.092813864486923,46.0
pp_quantile_fixed,FOODS_3_813_TX_1,304.9964015224216,249.48386311596198,55.51253840645959,0.0,0.588796011804003,0.8717948717948718,0.1282051282051282,3.198511065589256,27.0
pp_quantile_fixed,FOODS_3_814_CA_3,1011.6146026518944,779.1668040593557,232.44779859253867,0.0,0.7732216599097184,0.7692307692307693,0.23076923076923078,9.98931800076097,205.0
pp_quantile_fixed,FOODS_3_818_CA_3,1789.1774640887443,1470.7939586882553,318.38350540048884,0.0,0.8404092704759454,0.7564102564102564,0.24358974358974358,18.85633280369558,399.0
pp_quantile_fixed,FOODS_3_821_TX_2,308.67948659448064,268.4855782506639,40.19390834381673,0.0,0.845408044831474,0.9102564102564102,0.08974358974358974,3.4421227980854345,52.0
pp_quantile_fixed,FOODS_3_824_TX_3,73.3409991119552,52.657159746951194,20.683839365004005,0.0,0.17264642539983982,0.9487179487179487,0.05128205128205128,0.6750917916275794,5.0
pp_quantile_fixed,HOBBIES_1_004_WI_3,1209.6047820055217,1196.6363281647848,12.968453840736789,0.0,0.980644098745169,0.9615384615384616,0.038461538461538464,15.341491386728011,134.0
pp_quantile_fixed,HOBBIES_1_005_WI_1,412.65092863482914,359.53309515355295,53.11783348127621,0.0,0.8340067703710119,0.8846153846153846,0.11538461538461539,4.609398655814782,64.0
pp_quantile_fixed,HOBBIES_1_009_CA_1,676.4728465825967,648.9663814832152,27.506465099381554,0.0,0.8035252492901318,0.9615384615384616,0.038461538461538464,8.320081813887374,28.0
pp_quantile_fixed,HOBBIES_1_009_CA_4,1256.785483855061,1228.9009132570272,27.884570598033793,0.0,0.9589932785323033,0.9615384615384616,0.038461538461538464,15.75513991355163,136.0
pp_quantile_fixed,HOBBIES_1_010_CA_3,361.7114406293813,291.60611472823575,70.1053259011455,0.0,0.7195786963954178,0.8717948717948718,0.1282051282051282,3.738539932413279,50.0
pp_quantile_fixed,HOBBIES_1_012_TX_2,200.67349963993667,191.31405466546704,9.35944497446961,0.0,0.9064055502553039,0.9487179487179487,0.05128205128205128,2.4527442905829107,20.0
pp_quantile_fixed,HOBBIES_1_023_CA_3,710.5724251910455,430.4506568645826,280.12176832646287,0.0,0.5998260452479102,0.7564102564102564,0.24358974358974358,5.518598164930546,140.0
pp_quantile_fixed,HOBBIES_1_026_CA_4,367.72668759833766,306.0460894555359,61.68059814280178,0.0,0.7909132266345702,0.8589743589743589,0.14102564102564102,3.923667813532511,59.0
pp_quantile_fixed,HOBBIES_1_027_CA_1,294.4657418486211,277.4961537460368,16.969588102584325,0.0,0.9001788935142098,0.9615384615384616,0.038461538461538464,3.5576429967440615,34.0
pp_quantile_fixed,HOBBIES_1_028_WI_3,230.8073644255358,206.64011196282948,24.16725246270633,0.0,0.8066619802983493,0.9487179487179487,0.05128205128205128,2.64923220465166,25.0
pp_quantile_fixed,HOBBIES_1_029_WI_3,189.34044863207248,186.1917988219218,3.1486498101506744,0.0,0.9580180025313243,0.9743589743589743,0.02564102564102564,2.3870743438707924,15.0
pp_quantile_fixed,HOBBIES_1_030_WI_2,861.7248361004861,705.8341783478345,155.8906577526516,0.0,0.6535763161052187,0.8333333333333334,0.16666666666666666,9.049156132664544,90.0
pp_quantile_fixed,HOBBIES_1_032_CA_2,3725.783621471387,2932.812704625161,792.9709168462257,0.0,0.7147586630049547,0.782051282051282,0.21794871794871795,37.60016287980976,556.0
pp_quantile_fixed,HOBBIES_1_043_TX_2,579.2349794739669,514.3512542507644,64.88372522320239,0.0,0.8491076157599944,0.9102564102564102,0.08974358974358974,6.5942468493687745,86.0
pp_quantile_fixed,HOBBIES_1_043_WI_3,1191.6959828093782,884.3657276344067,307.3302551749716,0.0,0.6713045399198164,0.782051282051282,0.21794871794871795,11.338022149159059,187.0
pp_quantile_fixed,HOBBIES_1_045_CA_4,331.43381400966945,324.50669049235785,6.927123517311598,0.0,0.9010410926098343,0.9743589743589743,0.02564102564102564,4.160342185799459,14.0
pp_quantile_fixed,HOBBIES_1_050_TX_3,215.07817579022887,145.62106329324476,69.45711249698411,0.0,0.6692518452524565,0.8589743589743589,0.14102564102564102,1.8669367088877533,42.0
pp_quantile_fixed,HOBBIES_1_054_CA_4,122.13102431931571,110.95255458785243,11.178469731463274,0.0,0.8280235425928727,0.9487179487179487,0.05128205128205128,1.4224686485622107,13.0
pp_quantile_fixed,HOBBIES_1_057_WI_1,410.42859744642436,366.83443951720307,43.59415792922129,0.0,0.8717818884434668,0.9102564102564102,0.08974358974358974,4.703005634835937,68.0
pp_quantile_fixed,HOBBIES_1_061_CA_4,170.39028783207834,169.94455103564704,0.44573679643130637,0.0,0.9910852640713739,0.9871794871794872,0.01282051282051282,2.178776295328808,10.0
pp_quantile_fixed,HOBBIES_1_065_CA_4,122.67261718737382,122.23126136749906,0.4413558198747536,0.0,0.9873898337178642,0.9871794871794872,0.01282051282051282,1.567067453429475,7.0
pp_quantile_fixed,HOBBIES_1_070_WI_2,145.164716175904,135.26764368474986,9.897072491154136,0.0,0.8020585501769173,0.9615384615384616,0.038461538461538464,1.7342005600608956,10.0
pp_quantile_fixed,HOBBIES_1_073_CA_2,396.2121067590566,299.9986830310605,96.21342372799612,0.0,0.6624090395508909,0.8717948717948718,0.1282051282051282,3.8461369619366734,57.0
pp_quantile_fixed,HOBBIES_1_074_TX_2,396.41827107187356,332.3162205705173,64.10205050135625,0.0,0.8141969550685326,0.8974358974358975,0.10256410256410256,4.260464366288684,69.0
pp_quantile_fixed,HOBBIES_1_086_CA_3,658.4078032077138,525.245668498322,133.16213470939184,0.0,0.7600682257488435,0.782051282051282,0.21794871794871795,6.733918826901563,111.0
pp_quantile_fixed,HOBBIES_1_092_CA_3,245.18928017205639,226.6306223704801,18.55865780157628,0.0,0.8875232860510529,0.9358974358974359,0.0641025641025641,2.9055207996215398,33.0
pp_quantile_fixed,HOBBIES_1_092_TX_1,316.3258531284649,282.24085155243785,34.08500157602707,0.0,0.7649310236136064,0.9230769230769231,0.07692307692307693,3.618472455800485,29.0
pp_quantile_fixed,HOBBIES_1_103_CA_2,2060.938311540176,1585.3759428276862,475.56236871248984,0.0,0.7274714219412666,0.7564102564102564,0.24358974358974358,20.32533260035495,349.0
pp_quantile_fixed,HOBBIES_1_106_TX_3,363.4536967115222,332.2692491041718,31.184447607350364,0.0,0.7988100154364493,0.9102564102564102,0.08974358974358974,4.259862168002202,31.0
pp_quantile_fixed,HOBBIES_1_106_WI_3,193.15349420008513,188.92173878273158,4.231755417353562,0.0,0.9230589924117535,0.9871794871794872,0.01282051282051282,2.4220735741375843,11.0
pp_quantile_fixed,HOBBIES_1_107_WI_2,452.33105921786597,400.18729198531594,52.14376723255004,0.0,0.7914249310697998,0.8846153846153846,0.11538461538461539,5.130606307504051,50.0
pp_quantile_fixed,HOBBIES_1_108_CA_3,400.35267447579105,340.21652595012335,60.13614852566769,0.0,0.8149656968440995,0.8589743589743589,0.14102564102564102,4.361750332693889,65.0
pp_quantile_fixed,HOBBIES_1_109_CA_3,317.1415094329991,262.4398567398506,54.701652693148475,0.0,0.6782255723932442,0.9102564102564102,0.08974358974358974,3.3646135479468025,34.0
pp_quantile_fixed,HOBBIES_1_110_CA_3,313.9257245296645,284.91545862947225,29.010265900192206,0.0,0.7237117533315027,0.9487179487179487,0.05128205128205128,3.6527622901214394,21.0
pp_quantile_fixed,HOBBIES_1_110_WI_3,146.7438521572859,133.6094677466287,13.134384410657184,0.0,0.7810935931557136,0.9615384615384616,0.038461538461538464,1.7129418941875474,12.0
pp_quantile_fixed,HOBBIES_1_113_TX_2,335.30817758748583,333.337125266447,1.971052321038842,0.0,0.9812280731329635,0.9871794871794872,0.01282051282051282,4.273552888031372,21.0
pp_quantile_fixed,HOBBIES_1_116_CA_1,309.60809488958387,230.28617989874837,79.32191499083548,0.0,0.6762370816700591,0.8589743589743589,0.14102564102564102,2.9523869217788254,49.0
pp_quantile_fixed,HOBBIES_1_116_WI_3,170.72664911836142,152.99947262954504,17.727176488816376,0.0,0.6776877002033387,0.9615384615384616,0.038461538461538464,1.9615317003787827,11.0
pp_quantile_fixed,HOBBIES_1_117_CA_1,176.0986279557402,164.4023431789815,11.696284776758677,0.0,0.8768812128762244,0.9487179487179487,0.05128205128205128,2.107722348448481,19.0
pp_quantile_fixed,HOBBIES_1_122_WI_3,338.0630966578841,338.0630966578841,0.0,0.0,1.0,1.0,0.0,4.334142264844668,8.0
pp_quantile_fixed,HOBBIES_1_124_TX_3,214.32486339012738,197.36194165594412,16.962921734183247,0.0,0.8695159866601289,0.9487179487179487,0.05128205128205128,2.5302813032813347,26.0
pp_quantile_fixed,HOBBIES_1_133_WI_1,312.0,312.0,0.0,0.0,1.0,1.0,0.0,4.0,0.0
pp_quantile_fixed,HOBBIES_1_134_CA_4,1296.1019950073342,1086.2440708208471,209.85792418648703,0.0,0.8159141015908008,0.7948717948717948,0.20512820512820512,13.926206036164707,228.0
pp_quantile_fixed,HOBBIES_1_135_WI_1,312.71643303004925,296.11943937186703,16.596993658182193,0.0,0.9349137503600699,0.9358974358974359,0.0641025641025641,3.7964030688700903,51.0
pp_quantile_fixed,HOBBIES_1_137_TX_1,338.631998388921,285.873073311104,52.75892507781698,0.0,0.7801711455090959,0.8589743589743589,0.14102564102564102,3.6650394014244103,48.0
pp_quantile_fixed,HOBBIES_1_143_WI_1,189.12809099575168,154.23528295413544,34.89280804161623,0.0,0.6827926541671252,0.9230769230769231,0.07692307692307693,1.977375422488916,22.0
pp_quantile_fixed,HOBBIES_1_151_TX_1,245.39448788102902,201.7337542821522,43.660733598876824,0.0,0.8352425147212196,0.8974358974358975,0.10256410256410256,2.5863301831045153,53.0
pp_quantile_fixed,HOBBIES_1_152_CA_1,602.0215765130469,520.9691849311338,81.05239158191304,0.0,0.7684217383373914,0.8846153846153846,0.11538461538461539,6.6790921145017155,70.0
pp_quantile_fixed,HOBBIES_1_152_CA_3,449.15456510090655,390.2060473199865,58.94851778092006,0.0,0.8186199452894767,0.8717948717948718,0.1282051282051282,5.00264163230752,65.0
pp_quantile_fixed,HOBBIES_1_155_CA_2,537.9931015270587,374.37825395487465,163.61484757218403,0.0,0.6997892705097541,0.7692307692307693,0.23076923076923078,4.799721204549675,109.0
pp_quantile_fixed,HOBBIES_1_162_TX_1,105.11967911828631,98.64525805465867,6.474421063627651,0.0,0.784185964545745,0.9743589743589743,0.02564102564102564,1.264682795572547,6.0
pp_quantile_fixed,HOBBIES_1_162_TX_2,239.09439416937118,222.5331815200985,16.561212649272687,0.0,0.8726060565440563,0.9358974358974359,0.0641025641025641,2.8529895066679294,26.0
pp_quantile_fixed,HOBBIES_1_170_TX_2,145.3747587140969,128.22608929003516,17.148669424061765,0.0,0.755019008227689,0.9487179487179487,0.05128205128205128,1.6439242216671175,14.0
pp_quantile_fixed,HOBBIES_1_173_CA_4,166.6108878131082,155.69095040979073,10.919937403317487,0.0,0.8908006259668252,0.9487179487179487,0.05128205128205128,1.9960378257665479,20.0
pp_quantile_fixed,HOBBIES_1_175_WI_1,206.41040328433718,206.41040328433718,0.0,0.0,1.0,1.0,0.0,2.6462872215940663,12.0
pp_quantile_fixed,HOBBIES_1_176_TX_3,288.37097767701084,208.76868978334647,79.60228789366434,0.0,0.6996140079484365,0.8205128205128205,0.1794871794871795,2.676521663889057,53.0
pp_quantile_fixed,HOBBIES_1_184_CA_1,231.6114004630256,221.78243463634175,9.828965826683852,0.0,0.803420683466323,0.9743589743589743,0.02564102564102564,2.843364546619766,10.0
pp_quantile_fixed,HOBBIES_1_186_TX_1,119.97299369103438,105.27094244365094,14.702051247383437,0.0,0.7549658125436093,0.9487179487179487,0.05128205128205128,1.349627467226294,12.0
pp_quantile_fixed,HOBBIES_1_187_CA_2,182.06167153863336,167.91870271736298,14.142968821270397,0.0,0.8714275561702691,0.9615384615384616,0.038461538461538464,2.152803880991833,22.0
pp_quantile_fixed,HOBBIES_1_190_TX_2,143.4811048581416,141.66514438552562,1.8159604726159828,0.0,0.9669825368615276,0.9871794871794872,0.01282051282051282,1.8162197998144312,11.0
pp_quantile_fixed,HOBBIES_1_194_TX_3,757.6349043330798,639.2318581400677,118.40304619301206,0.0,0.7993168708593016,0.8461538461538461,0.15384615384615385,8.19528023256497,118.0
pp_quantile_fixed,HOBBIES_1_200_CA_4,358.4231596328765,289.9241122144938,68.49904741838273,0.0,0.7260038103264691,0.8846153846153846,0.11538461538461539,3.716975797621715,50.0
pp_quantile_fixed,HOBBIES_1_209_CA_3,3424.1245107138575,2712.0796056856097,712.0449050282477,0.0,0.7069774053381697,0.7692307692307693,0.23076923076923078,34.77025135494372,486.0
pp_quantile_fixed,HOBBIES_1_212_CA_2,186.88946159162887,182.95432776224038,3.935133829388502,0.0,0.8688288723537166,0.9871794871794872,0.01282051282051282,2.3455683046441074,6.0
pp_quantile_fixed,HOBBIES_1_232_WI_3,723.1975411350137,698.4299736906353,24.767567444378457,0.0,0.8968018023150898,0.9615384615384616,0.038461538461538464,8.954230431931222,48.0
pp_quantile_fixed,HOBBIES_1_239_TX_1,191.0708476063981,173.8992904136169,17.171557192781183,0.0,0.7853555350902353,0.9487179487179487,0.05128205128205128,2.229478082225858,16.0
pp_quantile_fixed,HOBBIES_1_240_CA_2,564.8031408797508,432.3588097429688,132.44433113678195,0.0,0.7428265414819767,0.8205128205128205,0.1794871794871795,5.543061663371395,103.0
pp_quantile_fixed,HOBBIES_1_242_TX_3,401.67436354978145,365.29443698064557,36.37992656913585,0.0,0.8307910392133216,0.9102564102564102,0.08974358974358974,4.683262012572379,43.0
pp_quantile_fixed,HOBBIES_1_245_TX_1,102.84542525138106,91.39726843189732,11.448156819483744,0.0,0.7710368636103251,0.9487179487179487,0.05128205128205128,1.1717598516909913,10.0
pp_quantile_fixed,HOBBIES_1_245_WI_1,294.19124101688885,240.69204130009535,53.49919971679353,0.0,0.6656300017700405,0.8846153846153846,0.11538461538461539,3.085795401283274,32.0
pp_quantile_fixed,HOBBIES_1_252_TX_1,553.7381235920623,475.93884583663447,77.79927775542777,0.0,0.722145436587758,0.9230769230769231,0.07692307692307693,6.101780074828647,56.0
pp_quantile_fixed,HOBBIES_1_257_CA_2,235.94276736410293,207.82775356057581,28.115013803527123,0.0,0.7040524862786618,0.9358974358974359,0.0641025641025641,2.6644583789817413,19.0
pp_quantile_fixed,HOBBIES_1_261_WI_3,1205.1088399323662,826.918370274242,378.19046965812436,0.0,0.577440816024442,0.8974358974358975,0.10256410256410256,10.601517567618487,179.0
pp_quantile_fixed,HOBBIES_1_264_TX_2,277.57446722825597,238.81230741068063,38.76215981757535,0.0,0.7719872951907333,0.9102564102564102,0.08974358974358974,3.06169624885488,34.0
pp_quantile_fixed,HOBBIES_1_267_CA_3,241.18401942950948,234.54821525406263,6.635804175446847,0.0,0.9052027974936164,0.9615384615384616,0.038461538461538464,3.0070284006931107,14.0
pp_quantile_fixed,HOBBIES_1_267_WI_2,99.89164980243518,95.50251631889816,4.3891334835370195,0.0,0.8536955505487661,0.9871794871794872,0.01282051282051282,1.2243912348576687,6.0
pp_quantile_fixed,HOBBIES_1_277_CA_1,767.0,742.0,25.0,0.0,0.7058823529411765,0.9487179487179487,0.05128205128205128,9.512820512820513,17.0
pp_quantile_fixed,HOBBIES_1_279_CA_4,394.5306931848902,328.56212262576327,65.96857055912693,0.0,0.7462747286187424,0.8589743589743589,0.14102564102564102,4.212334905458503,52.0
pp_quantile_fixed,HOBBIES_1_279_TX_3,383.5545285224157,334.6752894544478,48.87923906796787,0.0,0.8623120026254425,0.8717948717948718,0.1282051282051282,4.290708839159588,71.0
pp_quantile_fixed,HOBBIES_1_285_CA_4,147.22909057339794,145.65873549689516,1.5703550765027696,0.0,0.9607411230874308,0.9871794871794872,0.01282051282051282,1.8674196858576302,8.0
pp_quantile_fixed,HOBBIES_1_287_WI_1,320.78797147323644,290.0976792013877,30.690292271848776,0.0,0.838472145937638,0.9230769230769231,0.07692307692307693,3.719201015402406,38.0
pp_quantile_fixed,HOBBIES_1_289_WI_1,381.3914685144489,282.49138428558814,98.90008422886075,0.0,0.6809674702294815,0.8717948717948718,0.1282051282051282,3.6216844139177966,62.0
pp_quantile_fixed,HOBBIES_1_290_CA_4,272.741041289986,272.741041289986,0.0,0.0,1.0,1.0,0.0,3.4966800165382823,3.0
pp_quantile_fixed,HOBBIES_1_296_CA_1,325.45066060833017,264.7921699352521,60.65849067307809,0.0,0.6630083851495662,0.8717948717948718,0.1282051282051282,3.394771409426309,36.0
pp_quantile_fixed,HOBBIES_1_297_CA_1,737.093133016848,524.1150294640422,212.9781035528058,0.0,0.7579794277809025,0.6923076923076923,0.3076923076923077,6.719423454667208,176.0
pp_quantile_fixed,HOBBIES_1_306_CA_4,305.80667077847215,257.5121091497033,48.29456162876887,0.0,0.7753741319592146,0.8974358974358975,0.10256410256410256,3.3014372967910677,43.0
pp_quantile_fixed,HOBBIES_1_306_WI_3,162.21949462994326,158.2744090027693,3.9450856271739654,0.0,0.9535872279156005,0.9743589743589743,0.02564102564102564,2.0291590897790934,17.0
pp_quantile_fixed,HOBBIES_1_309_WI_1,141.9101232237236,102.93490464952181,38.97521857420176,0.0,0.5128097678224779,0.9230769230769231,0.07692307692307693,1.3196782647374592,16.0
pp_quantile_fixed,HOBBIES_1_312_TX_3,541.9141963600017,472.89444323539317,69.01975312460851,0.0,0.8109047859599766,0.9102564102564102,0.08974358974358974,6.06274927224863,73.0
pp_quantile_fixed,HOBBIES_1_319_TX_1,1074.7171599175008,929.6602445826912,145.0569153348096,0.0,0.7851008661706526,0.8461538461538461,0.15384615384615385,11.918721084393477,135.0
pp_quantile_fixed,HOBBIES_1_323_CA_3,660.8442813707378,438.14673676639376,222.69754460434405,0.0,0.6288374256594266,0.7307692307692307,0.2692307692307692,5.617265855979407,120.0
pp_quantile_fixed,HOBBIES_1_328_TX_1,153.31224281555748,153.31224281555748,0.0,0.0,1.0,1.0,0.0,1.9655415745584293,7.0
pp_quantile_fixed,HOBBIES_1_332_WI_1,447.58225041742935,360.5909095540787,86.9913408633507,0.0,0.7147824889726206,0.8333333333333334,0.16666666666666666,4.622960378898445,61.0
pp_quantile_fixed,HOBBIES_1_333_CA_2,374.92889398350417,269.60084859575556,105.3280453877486,0.0,0.6708498581632856,0.8076923076923077,0.19230769230769232,3.45642113584302,64.0
pp_quantile_fixed,HOBBIES_1_333_TX_1,175.31501782438653,165.24849042018073,10.066527404205807,0.0,0.8561924656542027,0.9743589743589743,0.02564102564102564,2.118570390002317,14.0
pp_quantile_fixed,HOBBIES_1_334_TX_1,146.93105352828297,133.54556381826805,13.385489710014918,0.0,0.7566274598179106,0.9615384615384616,0.038461538461538464,1.7121226130547187,11.0
pp_quantile_fixed,HOBBIES_1_344_CA_3,527.2081230211945,417.75874467811394,109.44937834308053,0.0,0.7620665688193903,0.8461538461538461,0.15384615384615385,5.355881342027102,92.0
pp_quantile_fixed,HOBBIES_1_346_CA_4,241.48727463602214,223.60117612194912,17.886098514073016,0.0,0.8117252787992314,0.9615384615384616,0.038461538461538464,2.866681745153194,19.0
pp_quantile_fixed,HOBBIES_1_348_CA_4,4409.769214977382,3586.458702601074,823.3105123763081,0.0,0.6022654529583052,0.7435897435897436,0.2564102564102564,45.98023977693685,414.0
pp_quantile_fixed,HOBBIES_1_352_CA_2,558.3501190248285,484.42161453263617,73.92850449219227,0.0,0.82605057766543,0.8717948717948718,0.1282051282051282,6.210533519649181,85.0
pp_quantile_fixed,HOBBIES_1_361_CA_4,218.87997162905197,184.4397249983245,34.44024663072746,0.0,0.7703983557951503,0.9102564102564102,0.08974358974358974,2.364611858952878,30.0
pp_quantile_fixed,HOBBIES_1_362_WI_2,175.58071753353948,175.58071753353948,0.0,0.0,1.0,1.0,0.0,2.2510348401735834,4.0
pp_quantile_fixed,HOBBIES_1_367_TX_1,280.64373005832545,213.38100314711065,67.26272691121477,0.0,0.7412972041876356,0.8717948717948718,0.1282051282051282,2.7356538865014186,52.0
pp_quantile_fixed,HOBBIES_1_368_CA_1,238.0024612068854,200.15629849121547,37.84616271566995,0.0,0.7706293168747276,0.9358974358974359,0.0641025641025641,2.566106390913019,33.0
pp_quantile_fixed,HOBBIES_1_372_TX_1,405.7585003940366,327.8601921095961,77.89830828444052,0.0,0.7603128975863368,0.8589743589743589,0.14102564102564102,4.203335796276873,65.0
pp_quantile_fixed,HOBBIES_1_373_TX_1,302.96445915015113,227.8427554473999,75.1217037027512,0.0,0.67338389694456,0.7948717948717948,0.20512820512820512,2.9210609672743577,46.0
pp_quantile_fixed,HOBBIES_1_374_WI_3,125.66029589277366,102.0562489574428,23.604046935330864,0.0,0.7223053301725781,0.9358974358974359,0.0641025641025641,1.3084134481723437,17.0
pp_quantile_fixed,HOBBIES_1_375_WI_1,138.2770915585521,122.8884944526949,15.388597105857176,0.0,0.6152850723535706,0.9487179487179487,0.05128205128205128,1.5754935186242935,8.0
pp_quantile_fixed,HOBBIES_1_380_CA_2,364.15068895006834,344.8091736624928,19.341515287575536,0.0,0.8567295163883294,0.9487179487179487,0.05128205128205128,4.42063043157042,27.0
pp_quantile_fixed,HOBBIES_1_381_TX_2,1663.5809012980546,1514.7135090837357,148.8673922143188,0.0,0.9066662117778567,0.9487179487179487,0.05128205128205128,19.419403962611998,319.0
pp_quantile_fixed,HOBBIES_1_385_CA_1,411.0,401.0,10.0,0.0,0.75,0.9743589743589743,0.02564102564102564,5.141025641025641,8.0
pp_quantile_fixed,HOBBIES_1_386_CA_3,865.0,860.0,5.0,0.0,0.9333333333333333,0.9871794871794872,0.01282051282051282,11.025641025641026,15.0
pp_quantile_fixed,HOBBIES_1_386_WI_3,169.77783556182914,169.77783556182914,0.0,0.0,1.0,1.0,0.0,2.1766389174593477,6.0
pp_quantile_fixed,HOBBIES_1_389_CA_3,148.00803385728247,130.24948398119042,17.75854987609204,0.0,0.8308709535610281,0.9615384615384616,0.038461538461538464,1.669865179246031,21.0
pp_quantile_fixed,HOBBIES_1_390_TX_1,165.00769778580803,134.1363953135573,30.87130247225074,0.0,0.5883826337033234,0.9102564102564102,0.08974358974358974,1.7196973758148373,15.0
pp_quantile_fixed,HOBBIES_1_393_TX_2,133.28255852348448,127.31274618029758,5.969812343186905,0.0,0.9371598700717169,0.9615384615384616,0.038461538461538464,1.6322146946191998,19.0
pp_quantile_fixed,HOBBIES_1_398_TX_3,523.3599829379377,518.9207058502521,4.439277087685571,0.0,0.9738866053665556,0.9871794871794872,0.01282051282051282,6.65282956218272,34.0
pp_quantile_fixed,HOBBIES_1_399_TX_3,485.84840745668004,484.3190632407912,1.5293442158888526,0.0,0.9388262313644459,0.9871794871794872,0.01282051282051282,6.209218759497323,5.0
pp_quantile_fixed,HOBBIES_1_400_CA_3,1086.6680637097145,948.7978831044783,137.87018060523621,0.0,0.686658680442645,0.8846153846153846,0.11538461538461539,12.164075424416389,88.0
pp_quantile_fixed,HOBBIES_1_405_TX_3,159.89631247994245,145.27862766116192,14.617684818780539,0.0,0.6751625595826547,0.9743589743589743,0.02564102564102564,1.8625465084764348,9.0
pp_quantile_fixed,HOBBIES_1_406_CA_1,232.7858506474523,232.7858506474523,0.0,0.0,1.0,1.0,0.0,2.984433982659645,7.0
pp_quantile_fixed,HOBBIES_1_410_TX_1,152.5666924831282,152.5666924831282,0.0,0.0,1.0,1.0,0.0,1.9559832369631822,5.0
pp_quantile_fixed,HOBBIES_1_415_CA_1,413.02969089218414,309.2633807841009,103.76631010808326,0.0,0.6705831425140214,0.8333333333333334,0.16666666666666666,3.964915138257704,63.0
pp_quantile_fixed,HOBBIES_1_418_TX_1,440.382989529804,423.1502174357123,17.23277209409168,0.0,0.797261504775392,0.9743589743589743,0.02564102564102564,5.425002787637338,17.0
pp_quantile_fixed,HOBBIES_1_419_CA_4,172.75821507290246,172.75821507290246,0.0,0.0,1.0,1.0,0.0,2.214848911191057,5.0
pp_quantile_fixed,HOBBIES_2_007_TX_3,478.0821690650967,454.98155388666316,23.100615178433532,0.0,0.8406854125625274,0.9615384615384616,0.038461538461538464,5.83309684470081,29.0
pp_quantile_fixed,HOBBIES_2_008_WI_3,235.523637548301,217.75428406393712,17.769353484363865,0.0,0.8129541738488013,0.9487179487179487,0.05128205128205128,2.7917215905632964,19.0
pp_quantile_fixed,HOBBIES_2_009_WI_2,165.06728557078614,160.33948016596779,4.727805404818362,0.0,0.8649198455766182,0.9743589743589743,0.02564102564102564,2.0556343611021513,7.0
pp_quantile_fixed,HOBBIES_2_012_TX_2,191.10664435824341,188.93144978128782,2.1751945769555925,0.0,0.9604510076917165,0.9871794871794872,0.01282051282051282,2.4221980741190747,11.0
pp_quantile_fixed,HOBBIES_2_014_WI_1,221.70216793476087,212.73762794361684,8.964539991144015,0.0,0.8505910001475998,0.9871794871794872,0.01282051282051282,2.727405486456626,12.0
pp_quantile_fixed,HOBBIES_2_018_CA_2,227.82820064730174,213.50820772004337,14.31999292725836,0.0,0.8492632323446488,0.9615384615384616,0.038461538461538464,2.7372847143595305,19.0
pp_quantile_fixed,HOBBIES_2_030_TX_2,170.35209908873173,161.48859889925504,8.863500189476694,0.0,0.8388454511004237,0.9615384615384616,0.038461538461538464,2.0703666525545517,11.0
pp_quantile_fixed,HOBBIES_2_030_WI_2,103.93436896205853,103.93436896205853,0.0,0.0,1.0,1.0,0.0,1.3324919097699812,0.0
pp_quantile_fixed,HOBBIES_2_031_CA_2,303.56212602187645,266.0737334970153,37.4883925248611,0.0,0.7116277498087608,0.9487179487179487,0.05128205128205128,3.4112017115001967,26.0
pp_quantile_fixed,HOBBIES_2_035_CA_2,241.4134459639904,238.7629759771242,2.6504699868661996,0.0,0.9518096366024328,0.9871794871794872,0.01282051282051282,3.0610637945785153,11.0
pp_quantile_fixed,HOBBIES_2_038_CA_2,307.92465632557554,271.433445443469,36.49121088210655,0.0,0.7192983778299495,0.9230769230769231,0.07692307692307693,3.4799159672239615,26.0
pp_quantile_fixed,HOBBIES_2_040_TX_1,300.747992803113,298.8782620046142,1.8697307984987699,0.0,0.9465791200428922,0.9871794871794872,0.01282051282051282,3.831772589802746,7.0
pp_quantile_fixed,HOBBIES_2_041_TX_2,280.0493367991918,198.18974688139548,81.85958991779628,0.0,0.6658792248253212,0.8333333333333334,0.16666666666666666,2.5408941907871214,49.0
pp_quantile_fixed,HOBBIES_2_042_TX_2,528.1115895260601,518.740098438889,9.371491087171071,0.0,0.9375233927521928,0.9871794871794872,0.01282051282051282,6.65051408254986,30.0
pp_quantile_fixed,HOBBIES_2_045_CA_4,202.18793674173517,202.18793674173517,0.0,0.0,1.0,1.0,0.0,2.5921530351504507,13.0
pp_quantile_fixed,HOBBIES_2_050_WI_2,114.48195603763544,112.45408741327682,2.0278686243586197,0.0,0.9549362527920306,0.9871794871794872,0.01282051282051282,1.441719069400985,9.0
pp_quantile_fixed,HOBBIES_2_056_WI_3,192.96156741088424,192.96156741088424,0.0,0.0,1.0,1.0,0.0,2.4738662488574903,3.0
pp_quantile_fixed,HOBBIES_2_061_TX_3,163.6326357098293,137.63168595218443,26.000949757644875,0.0,0.5272554589519114,0.9487179487179487,0.05128205128205128,1.7645087942587747,11.0
pp_quantile_fixed,HOBBIES_2_072_TX_2,153.7723203214668,147.42086588714704,6.351454434319759,0.0,0.7882848521893413,0.9743589743589743,0.02564102564102564,1.8900111011172698,6.0
pp_quantile_fixed,HOBBIES_2_074_CA_1,191.9676622289278,191.9676622289278,0.0,0.0,1.0,1.0,0.0,2.4611238747298434,7.0
pp_quantile_fixed,HOBBIES_2_074_CA_3,151.35684267382777,141.71927473192432,9.637567941903452,0.0,0.8072486411619308,0.9743589743589743,0.02564102564102564,1.8169137786144143,10.0
pp_quantile_fixed,HOBBIES_2_076_TX_3,501.3848183149383,388.02742891722886,113.35738939770943,0.0,0.44703712488922237,0.8333333333333334,0.16666666666666666,4.97471062714396,41.0
pp_quantile_fixed,HOBBIES_2_076_WI_1,462.24952615290266,416.96026636205653,45.289259790846145,0.0,0.5232709495700406,0.8974358974358975,0.10256410256410256,5.3456444405391865,19.0
pp_quantile_fixed,HOBBIES_2_077_WI_1,86.87826313909491,86.87826313909491,0.0,0.0,1.0,1.0,0.0,1.1138238863986527,0.0
pp_quantile_fixed,HOBBIES_2_081_WI_3,487.44874061191086,487.44874061191086,0.0,0.0,1.0,1.0,0.0,6.249342828357832,10.0
pp_quantile_fixed,HOBBIES_2_083_CA_1,540.5773738339899,540.5773738339899,0.0,0.0,1.0,1.0,0.0,6.930479151717819,7.0
pp_quantile_fixed,HOBBIES_2_084_WI_3,122.19508140235531,118.41841152617792,3.776669876177392,0.0,0.9244666024764522,0.9871794871794872,0.01282051282051282,1.5181847631561272,10.0
pp_quantile_fixed,HOBBIES_2_086_CA_4,222.9138923934875,222.9138923934875,0.0,0.0,1.0,1.0,0.0,2.8578704153011216,3.0
pp_quantile_fixed,HOBBIES_2_103_TX_1,253.17479689685445,212.51261477538299,40.662182121471446,0.0,0.7859885151501502,0.9102564102564102,0.08974358974358974,2.7245207022485,38.0
pp_quantile_fixed,HOBBIES_2_107_WI_3,442.0,442.0,0.0,0.0,1.0,1.0,0.0,5.666666666666667,4.0
pp_quantile_fixed,HOBBIES_2_114_CA_4,137.57311214799086,136.30749652329604,1.2656156246948047,0.0,0.9718752083401154,0.9871794871794872,0.01282051282051282,1.7475320067089235,9.0
pp_quantile_fixed,HOBBIES_2_115_TX_1,394.1024676684715,345.69893588591617,48.40353178255535,0.0,0.827130243633731,0.9102564102564102,0.08974358974358974,4.432037639563028,56.0
pp_quantile_fixed,HOBBIES_2_116_CA_1,334.54351610239576,323.42833041257654,11.1151856898192,0.0,0.8989528573652801,0.9743589743589743,0.02564102564102564,4.146517056571494,22.0
pp_quantile_fixed,HOBBIES_2_116_CA_2,284.2873858195854,245.66596882922573,38.62141699035967,0.0,0.7139154297010395,0.9487179487179487,0.05128205128205128,3.1495637029387913,27.0
pp_quantile_fixed,HOBBIES_2_117_TX_1,374.2497252163663,357.1447906897446,17.10493452662174,0.0,0.8896455836992145,0.9358974358974359,0.0641025641025641,4.578779367817238,31.0
pp_quantile_fixed,HOBBIES_2_118_WI_2,156.0,156.0,0.0,0.0,1.0,1.0,0.0,2.0,0.0
pp_quantile_fixed,HOBBIES_2_122_CA_2,367.5319840155116,367.5319840155116,0.0,0.0,1.0,1.0,0.0,4.7119485130193794,10.0
pp_quantile_fixed,HOBBIES_2_122_TX_1,416.5241791735362,390.99710030694206,25.52707886659413,0.0,0.7780254011600511,0.9358974358974359,0.0641025641025641,5.012783337268488,23.0
pp_quantile_fixed,HOBBIES_2_123_TX_1,254.28556799698424,250.39764708144534,3.887920915538907,0.0,0.9514009885557637,0.9871794871794872,0.01282051282051282,3.2102262446339145,16.0
pp_quantile_fixed,HOBBIES_2_124_TX_3,1099.0,864.0,235.0,0.0,0.24193548387096775,0.9230769230769231,0.07692307692307693,11.076923076923077,62.0
pp_quantile_fixed,HOBBIES_2_128_TX_1,164.46539949000714,151.91742207929235,12.547977410714783,0.0,0.7490404517857043,0.9743589743589743,0.02564102564102564,1.947659257426825,10.0
pp_quantile_fixed,HOBBIES_2_129_WI_1,713.5446998991397,713.5446998991397,0.0,0.0,1.0,1.0,0.0,9.148008973065894,24.0
pp_quantile_fixed,HOBBIES_2_132_CA_1,586.6637725384363,536.6218003931236,50.041972145312705,0.0,0.8146593624247678,0.9487179487179487,0.05128205128205128,6.879766671706713,54.0
pp_quantile_fixed,HOBBIES_2_133_CA_3,437.2865486709847,408.060392757749,29.22615591323567,0.0,0.805158960578429,0.9487179487179487,0.05128205128205128,5.2315434968942185,30.0
pp_quantile_fixed,HOBBIES_2_134_TX_3,334.6369901304484,334.6369901304484,0.0,0.0,1.0,1.0,0.0,4.290217822185236,10.0
pp_quantile_fixed,HOBBIES_2_137_CA_2,393.9658323254065,393.9658323254065,0.0,0.0,1.0,1.0,0.0,5.0508440041718785,0.0
pp_quantile_fixed,HOBBIES_2_144_WI_1,215.50710600000411,214.34207795665705,1.1650280433470628,0.0,0.9766994391330588,0.9871794871794872,0.01282051282051282,2.7479753584186803,10.0
pp_quantile_fixed,HOUSEHOLD_1_005_CA_4,354.3454513684798,238.49921268307418,115.84623868540562,0.0,0.6263024558535302,0.8076923076923077,0.19230769230769232,3.0576822138855664,62.0
pp_quantile_fixed,HOUSEHOLD_1_006_CA_4,381.427154710278,336.1490312117904,45.278123498487595,0.0,0.8258533711596632,0.9102564102564102,0.08974358974358974,4.309602964253723,52.0
pp_quantile_fixed,HOUSEHOLD_1_006_WI_2,343.33698671947207,291.259473575821,52.07751314365109,0.0,0.757779008634181,0.9102564102564102,0.08974358974358974,3.734095815074628,43.0
pp_quantile_fixed,HOUSEHOLD_1_008_WI_3,173.59353719613438,125.07822537216586,48.5153118239685,0.0,0.611877505408252,0.8589743589743589,0.14102564102564102,1.6035669919508444,25.0
pp_quantile_fixed,HOUSEHOLD_1_010_CA_2,934.5315746434818,875.9824636488764,58.54911099460538,0.0,0.8198488892473681,0.9102564102564102,0.08974358974358974,11.230544405754825,65.0
pp_quantile_fixed,HOUSEHOLD_1_013_CA_3,625.4927096827786,520.3813447246515,105.11136495812708,0.0,0.8248143917364549,0.8461538461538461,0.15384615384615385,6.671555701598097,120.0
pp_quantile_fixed,HOUSEHOLD_1_014_CA_2,851.5123374946551,784.4560416972167,67.05629579743835,0.0,0.8927099267240987,0.8974358974358975,0.10256410256410256,10.057128739707906,125.0
pp_quantile_fixed,HOUSEHOLD_1_014_WI_3,250.571750866557,231.99227071750312,18.579480149053882,0.0,0.8967806658385895,0.9615384615384616,0.038461538461538464,2.9742598809936296,36.0
pp_quantile_fixed,HOUSEHOLD_1_015_WI_2,595.0,595.0,0.0,0.0,1.0,1.0,0.0,7.628205128205129,1.0
pp_quantile_fixed,HOUSEHOLD_1_020_WI_1,394.1676657368944,333.04504605100544,61.12261968588891,0.0,0.8302149453169753,0.8717948717948718,0.1282051282051282,4.269808282705198,72.0
pp_quantile_fixed,HOUSEHOLD_1_021_WI_2,779.493242495289,379.31447415257645,400.1787683427126,0.0,0.5673743044943648,0.6666666666666666,0.3333333333333333,4.863006078879185,185.0
pp_quantile_fixed,HOUSEHOLD_1_024_CA_2,610.5589150863932,502.7520310099049,107.8068840764883,0.0,0.7549843543716175,0.8333333333333334,0.16666666666666666,6.445538859101345,88.0
pp_quantile_fixed,HOUSEHOLD_1_026_CA_2,1025.3591656677418,684.798232231971,340.56093343577083,0.0,0.5203367134707452,0.7564102564102564,0.24358974358974358,8.779464515794501,142.0
pp_quantile_fixed,HOUSEHOLD_1_029_CA_2,599.099414970212,412.56593022661855,186.53348474359348,0.0,0.6811393423186436,0.7564102564102564,0.24358974358974358,5.289306797777161,117.0
pp_quantile_fixed,HOUSEHOLD_1_032_WI_1,386.5050036125484,345.15124459785324,41.35375901469518,0.0,0.8548990911765082,0.9102564102564102,0.08974358974358974,4.425015956382734,57.0
pp_quantile_fixed,HOUSEHOLD_1_033_TX_2,648.39259317306,586.9191741521837,61.473419020876364,0.0,0.8882301472347702,0.8974358974358975,0.10256410256410256,7.524604796822868,110.0
pp_quantile_fixed,HOUSEHOLD_1_034_WI_1,302.2717166893553,299.3005807453741,2.9711359439812157,0.0,0.9669873784002088,0.9871794871794872,0.01282051282051282,3.837186932633001,18.0
pp_quantile_fixed,HOUSEHOLD_1_043_CA_3,630.7801384491147,490.21734596597776,140.5627924831369,0.0,0.6876382389263624,0.782051282051282,0.21794871794871795,6.284837768794587,90.0
pp_quantile_fixed,HOUSEHOLD_1_049_CA_1,1716.0,1716.0,0.0,0.0,1.0,1.0,0.0,22.0,0.0
pp_quantile_fixed,HOUSEHOLD_1_049_WI_1,390.0,390.0,0.0,0.0,1.0,1.0,0.0,5.0,0.0
pp_quantile_fixed,HOUSEHOLD_1_051_WI_1,1373.8804784556796,1107.3681495555174,266.51232890016206,0.0,0.7980967205301803,0.7692307692307693,0.23076923076923078,14.19702755840407,264.0
pp_quantile_fixed,HOUSEHOLD_1_058_CA_3,1097.593426044729,961.9007210688163,135.69270497591268,0.0,0.8788457991286494,0.8461538461538461,0.15384615384615385,12.332060526523286,224.0
pp_quantile_fixed,HOUSEHOLD_1_068_TX_1,176.52737218687602,163.21101316208026,13.316359024795755,0.0,0.7040809105600944,0.9615384615384616,0.038461538461538464,2.0924488866933366,9.0
pp_quantile_fixed,HOUSEHOLD_1_071_CA_1,1611.0270633198097,1124.4779438844616,486.54911943534796,0.0,0.7235516366844613,0.7435897435897436,0.2564102564102564,14.416383895954636,352.0
pp_quantile_fixed,HOUSEHOLD_1_071_TX_2,1455.0074539427533,972.604817547997,482.4026363947564,0.0,0.7111361458714033,0.7307692307692307,0.2692307692307692,12.469292532666628,334.0
pp_quantile_fixed,HOUSEHOLD_1_079_WI_1,625.7080997902763,438.49364981082687,187.2144499794494,0.0,0.6626766667036948,0.7948717948717948,0.20512820512820512,5.621713459113165,111.0
pp_quantile_fixed,HOUSEHOLD_1_080_WI_1,281.9245133757697,257.7060948789791,24.21841849679061,0.0,0.8062526520256751,0.9487179487179487,0.05128205128205128,3.3039242933202453,25.0
pp_quantile_fixed,HOUSEHOLD_1_080_WI_2,297.24839266522946,295.3641632571443,1.8842294080851518,0.0,0.9916256470751771,0.9743589743589743,0.02564102564102564,3.7867200417582603,45.0
pp_quantile_fixed,HOUSEHOLD_1_083_TX_1,2609.9003092701446,1871.952445264356,737.9478640057886,0.0,0.7117391156227388,0.717948717948718,0.28205128205128205,23.999390323902,512.0
pp_quantile_fixed,HOUSEHOLD_1_083_WI_3,3374.0111620026364,2540.184660935133,833.8265010675037,0.0,0.7402409653995315,0.7435897435897436,0.2564102564102564,32.56647001198888,642.0
pp_quantile_fixed,HOUSEHOLD_1_088_TX_3,361.85688330582644,322.36159593360094,39.49528737222551,0.0,0.8746181353262682,0.8974358974358975,0.10256410256410256,4.1328409735077045,63.0
pp_quantile_fixed,HOUSEHOLD_1_091_WI_3,186.91143233117066,165.36080492447172,21.55062740669894,0.0,0.7126583012440141,0.9230769230769231,0.07692307692307693,2.1200103195445092,15.0
pp_quantile_fixed,HOUSEHOLD_1_093_CA_2,604.6838476156405,481.99132821581054,122.69251939983,0.0,0.75461496120034,0.8205128205128205,0.1794871794871795,6.179376002766801,100.0
pp_quantile_fixed,HOUSEHOLD_1_095_TX_2,147.1883128653177,138.03254184780636,9.155771017511354,0.0,0.8591419843459792,0.9615384615384616,0.038461538461538464,1.7696479724077738,13.0
pp_quantile_fixed,HOUSEHOLD_1_095_TX_3,141.6006577525459,126.82574981865272,14.774907933893186,0.0,0.7726937240939509,0.9615384615384616,0.038461538461538464,1.6259711515211888,13.0
pp_quantile_fixed,HOUSEHOLD_1_096_WI_2,3635.480621758786,2469.4416965000546,1166.0389252587315,0.0,0.719026764997896,0.7051282051282052,0.2948717948717949,31.65950892948788,830.0
pp_quantile_fixed,HOUSEHOLD_1_098_CA_4,149.7820165592786,134.46159653078308,15.320420028495514,0.0,0.7643012303308383,0.9615384615384616,0.038461538461538464,1.7238666221895267,13.0
pp_quantile_fixed,HOUSEHOLD_1_102_WI_3,608.3663886125967,456.68275159969926,151.68363701289738,0.0,0.6996363623506984,0.8333333333333334,0.16666666666666666,5.8549070717910165,101.0
pp_quantile_fixed,HOUSEHOLD_1_106_TX_3,2838.871582445358,1886.14693862458,952.724643820778,0.0,0.6871183435728151,0.6923076923076923,0.3076923076923077,24.181371008007435,609.0
pp_quantile_fixed,HOUSEHOLD_1_119_TX_2,986.6311577411202,877.2943729360854,109.33678480503472,0.0,0.8713684884646652,0.8717948717948718,0.1282051282051282,11.24736375559084,170.0
pp_quantile_fixed,HOUSEHOLD_1_120_CA_2,335.7104584976281,288.41986651314306,47.290591984485026,0.0,0.7297680458029427,0.8846153846153846,0.11538461538461539,3.6976905963223468,35.0
pp_quantile_fixed,HOUSEHOLD_1_127_WI_1,300.21321653943016,248.59185223645187,51.62136430297832,0.0,0.7050207754115525,0.8846153846153846,0.11538461538461539,3.18707502867246,35.0
pp_quantile_fixed,HOUSEHOLD_1_128_WI_2,1068.9726092666747,856.7429120206875,212.22969724598715,0.0,0.7588298894931964,0.782051282051282,0.21794871794871795,10.983883487444713,176.0
pp_quantile_fixed,HOUSEHOLD_1_131_CA_1,455.43984187421665,372.80836886863125,82.63147300558543,0.0,0.6995219163433257,0.8717948717948718,0.1282051282051282,4.779594472674759,55.0
pp_quantile_fixed,HOUSEHOLD_1_131_TX_1,502.9748019410039,419.8265200259625,83.14828191504134,0.0,0.7517961733879363,0.8589743589743589,0.14102564102564102,5.382391282384135,67.0
pp_quantile_fixed,HOUSEHOLD_1_136_WI_3,639.6667643371677,556.2149334595344,83.4518308776333,0.0,0.8725926246143003,0.9102564102564102,0.08974358974358974,7.130960685378647,131.0
pp_quantile_fixed,HOUSEHOLD_1_145_CA_2,1203.8383650294486,982.2675381592612,221.57082687018743,0.0,0.8098104490384658,0.7948717948717948,0.20512820512820512,12.593173566144374,233.0
pp_quantile_fixed,HOUSEHOLD_1_155_WI_3,251.06668251368137,190.32886863501633,60.73781387866502,0.0,0.6427187418902057,0.8717948717948718,0.1282051282051282,2.4401137004489275,34.0
pp_quantile_fixed,HOUSEHOLD_1_157_WI_1,298.08437315541835,296.2147526114488,1.8696205439695701,0.0,0.9837424300524384,0.9871794871794872,0.01282051282051282,3.7976250334801125,23.0
pp_quantile_fixed,HOUSEHOLD_1_158_CA_3,508.82615115768874,422.0071952524773,86.81895590521142,0.0,0.7653541732291582,0.8461538461538461,0.15384615384615385,5.410348657083042,74.0
pp_quantile_fixed,HOUSEHOLD_1_160_WI_2,706.0112698284214,576.6302987853411,129.3809710430803,0.0,0.794633379296698,0.7948717948717948,0.20512820512820512,7.392696138273604,126.0
pp_quantile_fixed,HOUSEHOLD_1_161_CA_2,431.6673589837096,361.31497173665406,70.35238724705556,0.0,0.8045767020915123,0.8717948717948718,0.1282051282051282,4.632243227393,72.0
pp_quantile_fixed,HOUSEHOLD_1_162_TX_1,615.9822118694461,579.869650419674,36.112561449772144,0.0,0.8099338871064624,0.9487179487179487,0.05128205128205128,7.434226287431718,38.0
pp_quantile_fixed,HOUSEHOLD_1_163_CA_1,230.45366566614882,215.70767848529124,14.745987180857586,0.0,0.8659455710831129,0.9615384615384616,0.038461538461538464,2.765483057503734,22.0
pp_quantile_fixed,HOUSEHOLD_1_165_CA_1,264.950542236042,224.66703866842366,40.28350356761837,0.0,0.7985824821619081,0.9230769230769231,0.07692307692307693,2.8803466495951753,40.0
pp_quantile_fixed,HOUSEHOLD_1_165_TX_1,597.887052487509,552.360438975075,45.52661351243404,0.0,0.8817490558118597,0.9230769230769231,0.07692307692307693,7.081544089424038,77.0
pp_quantile_fixed,HOUSEHOLD_1_167_WI_1,357.8852169087647,317.86863516671036,40.016581742054335,0.0,0.7498963641121604,0.9102564102564102,0.08974358974358974,4.075238912393723,32.0
pp_quantile_fixed,HOUSEHOLD_1_175_TX_2,608.4813193831025,472.12240409947685,136.3589152836256,0.0,0.7964792309199619,0.8461538461538461,0.15384615384615385,6.052851334608677,134.0
pp_quantile_fixed,HOUSEHOLD_1_175_WI_3,289.6371417877513,257.8086393384497,31.82850244930161,0.0,0.8070999851557478,0.9358974358974359,0.0641025641025641,3.3052389658775607,33.0
pp_quantile_fixed,HOUSEHOLD_1_185_WI_3,422.1458458631964,296.2275881875513,125.91825767564515,0.0,0.7232565765370437,0.8333333333333334,0.16666666666666666,3.7977895921480935,91.0
pp_quantile_fixed,HOUSEHOLD_1_186_WI_2,1955.0078979073837,1357.9293477397844,597.0785501675994,0.0,0.7115562559576815,0.6923076923076923,0.3076923076923077,17.409350612048517,414.0
pp_quantile_fixed,HOUSEHOLD_1_188_TX_2,404.29163439095447,367.1254636681119,37.16617072284257,0.0,0.8570531895275285,0.9230769230769231,0.07692307692307693,4.706736713693742,52.0
pp_quantile_fixed,HOUSEHOLD_1_190_WI_3,369.9804877412755,337.34689880401805,32.63358893725746,0.0,0.9011103365537653,0.9102564102564102,0.08974358974358974,4.324960241077155,66.0
pp_quantile_fixed,HOUSEHOLD_1_191_TX_3,1083.7575934301544,1068.588419754662,15.169173675492384,0.0,0.9647228519174595,0.9615384615384616,0.038461538461538464,13.69985153531618,86.0
pp_quantile_fixed,HOUSEHOLD_1_194_CA_1,313.32935831478403,313.32935831478403,0.0,0.0,1.0,1.0,0.0,4.017043055317744,35.0
pp_quantile_fixed,HOUSEHOLD_1_195_CA_2,318.424508418545,291.71397625763655,26.7105321609084,0.0,0.8276739860586555,0.9615384615384616,0.038461538461538464,3.739922772533802,31.0
pp_quantile_fixed,HOUSEHOLD_1_201_TX_2,553.6283294351937,553.6283294351937,0.0,0.0,1.0,1.0,0.0,7.097799095322996,23.0
pp_quantile_fixed,HOUSEHOLD_1_205_WI_3,422.9759464375847,391.5689912554662,31.406955182118487,0.0,0.8878323029210055,0.9358974358974359,0.0641025641025641,5.0201152725059766,56.0
pp_quantile_fixed,HOUSEHOLD_1_206_CA_4,310.22785028303224,310.22785028303224,0.0,0.0,1.0,1.0,0.0,3.9772801318337465,8.0
pp_quantile_fixed,HOUSEHOLD_1_207_TX_1,295.1783950032979,264.94120888713064,30.23718611616725,0.0,0.7840200991702339,0.8974358974358975,0.10256410256410256,3.3966821652196235,28.0
pp_quantile_fixed,HOUSEHOLD_1_208_WI_3,803.220625385546,686.2575832790976,116.96304210644833,0.0,0.8500473819148099,0.8846153846153846,0.11538461538461539,8.798174144603816,156.0
pp_quantile_fixed,HOUSEHOLD_1_211_TX_2,311.52171516772717,261.8013087041399,49.720406463587295,0.0,0.7970595654547458,0.8974358974358975,0.10256410256410256,3.35642703466846,49.0
pp_quantile_fixed,HOUSEHOLD_1_212_WI_2,575.1287096358609,505.7699447871318,69.3587648487291,0.0,0.8584515003087161,0.8974358974358975,0.10256410256410256,6.484230061373485,98.0
pp_quantile_fixed,HOUSEHOLD_1_216_TX_1,127.71038741960265,124.20908220277727,3.5013052168253833,0.0,0.9221932174038803,0.9615384615384616,0.038461538461538464,1.5924241308048368,9.0
pp_quantile_fixed,HOUSEHOLD_1_217_WI_3,553.686583304604,459.3222238519973,94.36435945260675,0.0,0.7670015815985018,0.8589743589743589,0.14102564102564102,5.888746459640991,81.0
pp_quantile_fixed,HOUSEHOLD_1_218_CA_1,619.4152936225832,532.9418617990468,86.47343182353642,0.0,0.7662880220985503,0.8589743589743589,0.14102564102564102,6.832587971782652,74.0
pp_quantile_fixed,HOUSEHOLD_1_219_TX_3,269.64974269318947,207.17214231651926,62.47760037667021,0.0,0.7807803495555431,0.8846153846153846,0.11538461538461539,2.656053106622042,57.0
pp_quantile_fixed,HOUSEHOLD_1_220_TX_3,600.4569994693311,498.1837266150618,102.27327285426932,0.0,0.8140485948104196,0.8461538461538461,0.15384615384615385,6.386970854039254,110.0
pp_quantile_fixed,HOUSEHOLD_1_221_CA_2,471.0489114097569,363.40478826905047,107.6441231407064,0.0,0.7090699374575503,0.8076923076923077,0.19230769230769232,4.659035747039108,74.0
pp_quantile_fixed,HOUSEHOLD_1_224_WI_2,523.5373644532066,430.07704656161195,93.46031789159466,0.0,0.7124297911027858,0.8333333333333334,0.16666666666666666,5.513808289251435,65.0
pp_quantile_fixed,HOUSEHOLD_1_225_CA_4,505.0403158945521,427.8668325028191,77.17348339173301,0.0,0.7338845400285068,0.8589743589743589,0.14102564102564102,5.485472211574604,58.0
pp_quantile_fixed,HOUSEHOLD_1_225_TX_2,1084.0423193022666,874.1466357602479,209.89568354201876,0.0,0.7921824915425557,0.7948717948717948,0.20512820512820512,11.20700815077241,202.0
pp_quantile_fixed,HOUSEHOLD_1_230_TX_3,252.81424042532083,218.79122660415482,34.023013821166025,0.0,0.6219665130981552,0.9358974358974359,0.0641025641025641,2.8050157256942927,18.0
pp_quantile_fixed,HOUSEHOLD_1_238_CA_3,789.8125888039283,602.0858468300946,187.72674197383373,0.0,0.7992227358568624,0.782051282051282,0.21794871794871795,7.719049318334546,187.0
pp_quantile_fixed,HOUSEHOLD_1_244_CA_3,758.2646333329619,552.9855803693266,205.27905296363537,0.0,0.7351238026275672,0.8076923076923077,0.19230769230769232,7.089558722683675,155.0
pp_quantile_fixed,HOUSEHOLD_1_246_CA_2,2147.8377822458306,1723.6212197963066,424.2165624495239,0.0,0.8313254224852787,0.7564102564102564,0.24358974358974358,22.097707946106496,503.0
pp_quantile_fixed,HOUSEHOLD_1_248_CA_4,237.22450700866307,202.0243387334153,35.200168275247755,0.0,0.7866656468166804,0.8846153846153846,0.11538461538461539,2.5900556247873756,33.0
pp_quantile_fixed,HOUSEHOLD_1_249_WI_3,273.64099748376447,248.30849478403042,25.332502699734025,0.0,0.8733374865013298,0.9230769230769231,0.07692307692307693,3.1834422408209027,40.0
pp_quantile_fixed,HOUSEHOLD_1_264_TX_3,207.32036381024744,189.88187478269333,17.438489027554105,0.0,0.8483609649777903,0.9358974358974359,0.0641025641025641,2.43438301003453,23.0
pp_quantile_fixed,HOUSEHOLD_1_265_CA_3,328.77034153335495,266.8574643532164,61.91287718013855,0.0,0.757204403215143,0.8461538461538461,0.15384615384615385,3.421249542989954,51.0
pp_quantile_fixed,HOUSEHOLD_1_272_CA_3,9275.699999999997,9037.199999999997,238.49999999999994,0.0,0.7435483870967743,0.9487179487179487,0.05128205128205128,115.86153846153843,186.0
pp_quantile_fixed,HOUSEHOLD_1_298_TX_3,533.5494441497895,498.1309860890331,35.41845806075629,0.0,0.8135870628381248,0.9358974358974359,0.0641025641025641,6.386294693449143,38.0
pp_quantile_fixed,HOUSEHOLD_1_304_CA_3,3470.3802546162906,2277.726896364446,1192.6533582518446,0.0,0.701836660437039,0.6666666666666666,0.3333333333333333,29.201626876467255,800.0
pp_quantile_fixed,HOUSEHOLD_1_304_CA_4,674.5119491571307,451.14649213585614,223.36545702127464,0.0,0.7021793906383005,0.7051282051282052,0.2948717948717949,5.78392938635713,150.0
pp_quantile_fixed,HOUSEHOLD_1_309_TX_2,261.977770168273,230.00148629012503,31.976283878148,0.0,0.6802371612185201,0.9230769230769231,0.07692307692307693,2.9487370037195517,20.0
pp_quantile_fixed,HOUSEHOLD_1_314_TX_3,402.53155902326256,355.01750556375856,47.51405345950402,0.0,0.8240220242240593,0.8846153846153846,0.11538461538461539,4.551506481586649,54.0
pp_quantile_fixed,HOUSEHOLD_1_317_CA_1,706.9623648891745,636.0425467416661,70.91981814750847,0.0,0.858160363704983,0.8974358974358975,0.10256410256410256,8.154391624893154,100.0
pp_quantile_fixed,HOUSEHOLD_1_317_TX_3,564.5831534364104,526.9446117334618,37.638541702948615,0.0,0.8805125660223853,0.9487179487179487,0.05128205128205128,6.755700150428997,63.0
pp_quantile_fixed,HOUSEHOLD_1_320_WI_3,287.5188529772058,233.2097169155926,54.30913606161321,0.0,0.6605678996149174,0.8974358974358975,0.10256410256410256,2.9898681655845203,32.0
pp_quantile_fixed,HOUSEHOLD_1_332_WI_3,78.91811223864744,58.266347096602885,20.65176514204456,0.0,0.17392939431821758,0.9487179487179487,0.05128205128205128,0.7470044499564472,5.0
pp_quantile_fixed,HOUSEHOLD_1_333_WI_2,302.45918374098835,231.27429502320243,71.18488871778595,0.0,0.6764323240100638,0.8717948717948718,0.1282051282051282,2.965055064400031,44.0
pp_quantile_fixed,HOUSEHOLD_1_338_WI_1,436.87415346059294,367.59883174439983,69.2753217161931,0.0,0.8200640994384595,0.8589743589743589,0.14102564102564102,4.712805535184613,77.0
pp_quantile_fixed,HOUSEHOLD_1_342_TX_2,472.3144480528509,362.3111804643972,110.00326758845371,0.0,0.6986211846891679,0.7948717948717948,0.20512820512820512,4.645015134158938,73.0
pp_quantile_fixed,HOUSEHOLD_1_344_CA_1,413.1454130095313,380.89770859966734,32.24770440986394,0.0,0.8566768692894936,0.9358974358974359,0.0641025641025641,4.8833039564059915,45.0
pp_quantile_fixed,HOUSEHOLD_1_344_TX_1,1344.4472721024463,946.4268454151832,398.0204266872631,0.0,0.7216640372816343,0.7307692307692307,0.2692307692307692,12.133677505322861,286.0
pp_quantile_fixed,HOUSEHOLD_1_349_TX_2,621.048352697802,565.2768462200414,55.771506477760575,0.0,0.8702988221447429,0.9102564102564102,0.08974358974358974,7.247139054103095,86.0
pp_quantile_fixed,HOUSEHOLD_1_361_WI_3,1007.6560973413727,852.3025216442621,155.35357569711067,0.0,0.8214326716125164,0.8461538461538461,0.15384615384615385,10.926955405695669,174.0
pp_quantile_fixed,HOUSEHOLD_1_368_TX_3,249.64012451787946,249.64012451787946,0.0,0.0,1.0,1.0,0.0,3.2005144168958903,4.0
pp_quantile_fixed,HOUSEHOLD_1_369_CA_1,819.1486199600929,538.1619213854533,280.9866985746396,0.0,0.6842846083431016,0.7307692307692307,0.2692307692307692,6.8995118126340165,178.0
pp_quantile_fixed,HOUSEHOLD_1_371_CA_1,545.7114148901017,465.3496727797252,80.36174211037644,0.0,0.861445272223489,0.8461538461538461,0.15384615384615385,5.966021445893913,116.0
pp_quantile_fixed,HOUSEHOLD_1_377_TX_1,177.24033649279886,156.75127237100082,20.489064121798037,0.0,0.7589521868023761,0.9487179487179487,0.05128205128205128,2.0096316970641133,17.0
pp_quantile_fixed,HOUSEHOLD_1_380_CA_1,405.2210241204965,328.40746296587196,76.81356115462452,0.0,0.7707057875981356,0.8589743589743589,0.14102564102564102,4.210352089306051,67.0
pp_quantile_fixed,HOUSEHOLD_1_384_CA_2,374.3526914612215,310.23613002970365,64.1165614315179,0.0,0.8027182725184064,0.8974358974358975,0.10256410256410256,3.977386282432098,65.0
pp_quantile_fixed,HOUSEHOLD_1_385_CA_3,1743.0567465712847,1392.942092866555,350.1146537047299,0.0,0.8033063743231854,0.8461538461538461,0.15384615384615385,17.858231959827627,356.0
pp_quantile_fixed,HOUSEHOLD_1_386_CA_2,592.9013298081,320.7899787883619,272.1113510197381,0.0,0.5611107241617127,0.717948717948718,0.28205128205128205,4.112692035748229,124.0
pp_quantile_fixed,HOUSEHOLD_1_389_CA_1,2162.0391573263087,1835.1440414553576,326.8951158709508,0.0,0.8012795648200908,0.8333333333333334,0.16666666666666666,23.527487710966124,329.0
pp_quantile_fixed,HOUSEHOLD_1_390_WI_2,959.5298074765728,766.1265674047377,193.40324007183514,0.0,0.7641423901562986,0.7307692307692307,0.2692307692307692,9.822135479547919,164.0
pp_quantile_fixed,HOUSEHOLD_1_394_CA_3,581.9522510485513,489.4916353425196,92.46061570603169,0.0,0.7824456101034549,0.8461538461538461,0.15384615384615385,6.275533786442559,85.0
pp_quantile_fixed,HOUSEHOLD_1_395_CA_3,436.99928982583555,369.1223805056777,67.87690932015785,0.0,0.8032553353038903,0.8974358974358975,0.10256410256410256,4.7323382116112525,69.0
pp_quantile_fixed,HOUSEHOLD_1_396_TX_1,519.0565269895988,407.17092179654855,111.88560519305025,0.0,0.7947053115723849,0.8461538461538461,0.15384615384615385,5.220140023032674,109.0
pp_quantile_fixed,HOUSEHOLD_1_397_WI_1,851.4250790513645,545.8372956660011,305.5877833853634,0.0,0.6446653681565542,0.7051282051282052,0.2948717948717949,6.997914047000013,172.0
pp_quantile_fixed,HOUSEHOLD_1_398_CA_4,244.95374691292866,203.8714268918872,41.082320021041454,0.0,0.7261178665263903,0.8974358974358975,0.10256410256410256,2.6137362422036823,30.0
pp_quantile_fixed,HOUSEHOLD_1_399_TX_3,2721.7239007876824,1683.1872589275797,1038.5366418601025,0.0,0.6628127786168498,0.6923076923076923,0.3076923076923077,21.579323832404867,616.0
pp_quantile_fixed,HOUSEHOLD_1_401_CA_2,227.10948636049534,208.1337049172946,18.97578144320073,0.0,0.8274928959709024,0.9615384615384616,0.038461538461538464,2.668380832273008,22.0
pp_quantile_fixed,HOUSEHOLD_1_402_TX_2,265.3379487725805,240.78290218710987,24.555046585470638,0.0,0.8181107660335508,0.9615384615384616,0.038461538461538464,3.0869602844501265,27.0
pp_quantile_fixed,HOUSEHOLD_1_404_TX_2,442.6854860586783,398.78173078090293,43.90375527777535,0.0,0.8536541490740821,0.9230769230769231,0.07692307692307693,5.112586292062858,60.0
pp_quantile_fixed,HOUSEHOLD_1_407_CA_4,273.89561393671295,216.473352893959,57.422261042753924,0.0,0.6519862967105823,0.8717948717948718,0.1282051282051282,2.7752993960763974,33.0
pp_quantile_fixed,HOUSEHOLD_1_411_WI_3,779.6933231063367,714.1733872095964,65.51993589674035,0.0,0.8819460614473147,0.8846153846153846,0.11538461538461539,9.156069066789698,111.0
pp_quantile_fixed,HOUSEHOLD_1_415_CA_3,453.0920902132476,353.633410923259,99.4586792899886,0.0,0.6791655506774562,0.8461538461538461,0.15384615384615385,4.53376167850332,62.0
pp_quantile_fixed,HOUSEHOLD_1_419_WI_2,216.2370999580385,210.9806944589924,5.25640549904611,0.0,0.9299145933460519,0.9743589743589743,0.02564102564102564,2.70488069819221,15.0
pp_quantile_fixed,HOUSEHOLD_1_421_WI_3,428.2559795260534,361.0035363489708,67.25244317708263,0.0,0.7992464382773653,0.8846153846153846,0.11538461538461539,4.628250466012446,67.0
pp_quantile_fixed,HOUSEHOLD_1_423_CA_4,188.16489051180892,178.0306676655194,10.13422284628952,0.0,0.8440888792878536,0.9615384615384616,0.038461538461538464,2.2824444572502487,13.0
pp_quantile_fixed,HOUSEHOLD_1_425_CA_4,524.2549564768105,399.56165972877017,124.69329674804035,0.0,0.6958700079316089,0.8205128205128205,0.1794871794871795,5.122585381138079,82.0
pp_quantile_fixed,HOUSEHOLD_1_431_TX_2,1147.6786853705648,825.7447979131254,321.9338874574395,0.0,0.6796677736741894,0.7307692307692307,0.2692307692307692,10.586471768116992,201.0
pp_quantile_fixed,HOUSEHOLD_1_433_WI_1,176.33903711328105,165.82748279727608,10.511554316004975,0.0,0.8598459424532671,0.9615384615384616,0.038461538461538464,2.125993369195847,15.0
pp_quantile_fixed,HOUSEHOLD_1_437_WI_1,927.4330221720688,660.7047867393937,266.7282354326751,0.0,0.7639573137763938,0.7692307692307693,0.23076923076923078,8.470574188966586,226.0
pp_quantile_fixed,HOUSEHOLD_1_439_WI_3,1089.0313910288066,1010.5313910288066,78.49999999999994,0.0,0.839795918367347,0.9487179487179487,0.05128205128205128,12.955530654215469,98.0
pp_quantile_fixed,HOUSEHOLD_1_442_CA_4,286.33915433027136,220.8136655252813,65.52548880499006,0.0,0.7700860041930174,0.8589743589743589,0.14102564102564102,2.8309444298112987,57.0
pp_quantile_fixed,HOUSEHOLD_1_445_TX_3,913.4188759238913,585.3297702346919,328.0891056891994,0.0,0.6414326713779241,0.7307692307692307,0.2692307692307692,7.50422782352169,183.0
pp_quantile_fixed,HOUSEHOLD_1_448_CA_4,802.1220085539615,666.9566561865831,135.16535236737832,0.0,0.785451821639082,0.8333333333333334,0.16666666666666666,8.55072636136645,126.0
pp_quantile_fixed,HOUSEHOLD_1_450_TX_2,549.3611351237689,430.46715817820296,118.89397694556595,0.0,0.6742630768614633,0.8076923076923077,0.19230769230769232,5.518809720233372,73.0
pp_quantile_fixed,HOUSEHOLD_1_458_CA_2,784.9824362911538,567.4580238676454,217.52441242350847,0.0,0.7228988376770593,0.7435897435897436,0.2564102564102564,7.275102870098017,157.0
pp_quantile_fixed,HOUSEHOLD_1_459_WI_2,12687.620035307693,9249.521363074611,3438.098672233081,0.0,0.7082648559836163,0.6923076923076923,0.3076923076923077,118.58360721890527,2357.0
pp_quantile_fixed,HOUSEHOLD_1_462_WI_1,1395.7184244771386,1299.5449402408067,96.1734842363318,0.0,0.7682566644907667,0.9487179487179487,0.05128205128205128,16.66083256718983,83.0
pp_quantile_fixed,HOUSEHOLD_1_467_CA_1,351.6120097760584,290.01377073697125,61.59823903908715,0.0,0.7875922791755616,0.8846153846153846,0.11538461538461539,3.718125265858606,58.0
pp_quantile_fixed,HOUSEHOLD_1_473_WI_2,2785.31317315903,2020.2281565284848,765.0850166305456,0.0,0.739767001146073,0.7307692307692307,0.2692307692307692,25.90036098113442,588.0
pp_quantile_fixed,HOUSEHOLD_1_474_TX_2,4265.827264720998,2863.704329342118,1402.1229353788801,0.0,0.6880705371793369,0.6923076923076923,0.3076923076923077,36.71415806848869,899.0
pp_quantile_fixed,HOUSEHOLD_1_481_CA_1,719.7034629701413,516.5414271428298,203.16203582731154,0.0,0.7034130863834868,0.7435897435897436,0.2564102564102564,6.622325989010638,137.0
pp_quantile_fixed,HOUSEHOLD_1_482_WI_1,414.9587176378993,314.6688482724576,100.28986936544173,0.0,0.6865941582329946,0.8076923076923077,0.19230769230769232,4.034216003493046,64.0
pp_quantile_fixed,HOUSEHOLD_1_491_TX_1,416.06594608287793,317.5714077783783,98.49453830449967,0.0,0.7145085846246386,0.8589743589743589,0.14102564102564102,4.071428304851003,69.0
pp_quantile_fixed,HOUSEHOLD_1_491_WI_3,288.91498706507747,259.4977036124604,29.417283452617077,0.0,0.8823308661895317,0.9102564102564102,0.08974358974358974,3.3268936360571844,50.0
pp_quantile_fixed,HOUSEHOLD_1_492_WI_2,285.3812628554952,252.10555824706736,33.275704608427844,0.0,0.488066082947264,0.9230769230769231,0.07692307692307693,3.2321225416290686,13.0
pp_quantile_fixed,HOUSEHOLD_1_494_CA_2,1033.0144233521469,745.025507913236,287.988915438911,0.0,0.7369964242567023,0.7692307692307693,0.23076923076923078,9.551609075810717,219.0
pp_quantile_fixed,HOUSEHOLD_1_494_TX_1,1172.3700381836952,793.5595198261633,378.810518357532,0.0,0.7350975396101175,0.717948717948718,0.28205128205128205,10.173839997771324,286.0
pp_quantile_fixed,HOUSEHOLD_1_500_TX_3,94.25434667247094,84.36521158561312,9.88913508685782,0.0,0.670362163771406,0.9743589743589743,0.02564102564102564,1.0816052767386297,6.0
pp_quantile_fixed,HOUSEHOLD_1_501_TX_3,195.2515506894866,195.2515506894866,0.0,0.0,1.0,1.0,0.0,2.5032250088395718,7.0
pp_quantile_fixed,HOUSEHOLD_1_503_WI_1,510.8020180674556,399.36669606361096,111.43532200384465,0.0,0.7550872043871547,0.8461538461538461,0.15384615384615385,5.1200858469693715,91.0
pp_quantile_fixed,HOUSEHOLD_1_504_CA_3,400.6849439915903,390.1896890001458,10.495254991444485,0.0,0.934404656303472,0.9743589743589743,0.02564102564102564,5.002431910258279,32.0
pp_quantile_fixed,HOUSEHOLD_1_504_WI_3,325.5852930996934,315.75336981412136,9.831923285572008,0.0,0.7190879061265141,0.9871794871794872,0.01282051282051282,4.048120125822068,7.0
pp_quantile_fixed,HOUSEHOLD_1_507_WI_3,767.0,767.0,0.0,0.0,1.0,1.0,0.0,9.833333333333334,11.0
pp_quantile_fixed,HOUSEHOLD_1_510_CA_4,709.462047511744,532.0431105883354,177.4189369234087,0.0,0.706745558804283,0.7948717948717948,0.20512820512820512,6.821065520363274,121.0
pp_quantile_fixed,HOUSEHOLD_1_510_TX_1,516.1696435760605,476.2678924893817,39.90175108667874,0.0,0.8976878177264647,0.9230769230769231,0.07692307692307693,6.10599862165874,78.0
pp_quantile_fixed,HOUSEHOLD_1_520_CA_1,422.7078023559576,368.0627435477111,54.6450588082465,0.0,0.8048390756848339,0.8461538461538461,0.15384615384615385,4.718753122406552,56.0
pp_quantile_fixed,HOUSEHOLD_1_521_CA_2,2031.6536155744707,1118.0663912527107,913.5872243217599,0.0,0.5607753729222307,0.6666666666666666,0.3333333333333333,14.33418450323988,416.0
pp_quantile_fixed,HOUSEHOLD_1_521_TX_3,4362.371524564878,3621.1552241628933,741.2163004019845,0.0,0.8260055632859191,0.7435897435897436,0.2564102564102564,46.42506697644735,852.0
pp_quantile_fixed,HOUSEHOLD_1_527_WI_2,537.6407258740542,380.411169774327,157.22955609972715,0.0,0.5086576371883527,0.7948717948717948,0.20512820512820512,4.877066279158038,64.0
pp_quantile_fixed,HOUSEHOLD_1_529_CA_2,560.4815542569588,383.7735598409195,176.70799441603936,0.0,0.6279831696504435,0.8589743589743589,0.14102564102564102,4.920173844114353,95.0
pp_quantile_fixed,HOUSEHOLD_1_531_TX_1,305.144870948011,269.3919832341645,35.75288771384645,0.0,0.8723111153076913,0.9358974358974359,0.0641025641025641,3.453743374796981,56.0
pp_quantile_fixed,HOUSEHOLD_1_533_WI_1,312.2672588560116,276.7841929809332,35.48306587507844,0.0,0.8180355596149824,0.9102564102564102,0.08974358974358974,3.548515294627349,39.0
pp_quantile_fixed,HOUSEHOLD_1_534_CA_2,504.4725565363872,470.5575361988301,33.91502033755707,0.0,0.8972272110983119,0.9487179487179487,0.05128205128205128,6.032788925626027,66.0
pp_quantile_fixed,HOUSEHOLD_1_534_CA_4,316.73588903677836,255.2464661051649,61.48942293161344,0.0,0.7267136758594959,0.8717948717948718,0.1282051282051282,3.272390591091858,45.0
pp_quantile_fixed,HOUSEHOLD_1_534_TX_1,319.36587526533094,259.68127767195165,59.684597593379266,0.0,0.6773805535493013,0.8846153846153846,0.11538461538461539,3.329247149640406,37.0
pp_quantile_fixed,HOUSEHOLD_1_537_CA_3,1006.3914201771441,890.7906441498999,115.60077602724428,0.0,0.8763628063879739,0.8717948717948718,0.1282051282051282,11.420392873716665,187.0
pp_quantile_fixed,HOUSEHOLD_1_537_TX_1,618.6089761230357,529.6934581514183,88.91551797161748,0.0,0.8338027701465094,0.8589743589743589,0.14102564102564102,6.7909417711720295,107.0
pp_quantile_fixed,HOUSEHOLD_1_541_CA_2,831.1287233013552,707.6466877345929,123.4820355667623,0.0,0.871372879617956,0.8589743589743589,0.14102564102564102,9.072393432494781,192.0
pp_quantile_fixed,HOUSEHOLD_2_001_WI_2,127.9340357442846,113.91353338053923,14.020502363745367,0.0,0.6884332808056585,0.9487179487179487,0.05128205128205128,1.4604299151351183,9.0
pp_quantile_fixed,HOUSEHOLD_2_004_CA_4,207.8069842010028,204.66616138595634,3.1408228150464534,0.0,0.8953059061651182,0.9871794871794872,0.01282051282051282,2.623925145973799,6.0
pp_quantile_fixed,HOUSEHOLD_2_008_WI_2,271.62750840900486,271.62750840900486,0.0,0.0,1.0,1.0,0.0,3.482403953961601,0.0
pp_quantile_fixed,HOUSEHOLD_2_009_CA_1,288.40627013612163,232.1071105989946,56.299159537127046,0.0,0.7112863613480664,0.8717948717948718,0.1282051282051282,2.9757321871665976,39.0
pp_quantile_fixed,HOUSEHOLD_2_010_CA_3,222.82134800214098,209.48630262664835,13.335045375492625,0.0,0.8787723147682489,0.9615384615384616,0.038461538461538464,2.685721828546774,22.0
pp_quantile_fixed,HOUSEHOLD_2_013_WI_3,115.84625673310038,105.83491803239737,10.011338700703,0.0,0.79977322598594,0.9615384615384616,0.038461538461538464,1.356857923492274,10.0
pp_quantile_fixed,HOUSEHOLD_2_015_CA_1,394.08134442174804,350.3332665935996,43.748077828148425,0.0,0.8250076886874064,0.9487179487179487,0.05128205128205128,4.491452135815379,50.0
pp_quantile_fixed,HOUSEHOLD_2_017_CA_1,258.2547732681091,233.66989503584364,24.584878232265474,0.0,0.8304491156395484,0.9487179487179487,0.05128205128205128,2.9957678850749185,29.0
pp_quantile_fixed,HOUSEHOLD_2_021_CA_2,412.6977735928067,399.5089771756276,13.188796417179125,0.0,0.9149109908569089,0.9615384615384616,0.038461538461538464,5.121909963790097,31.0
pp_quantile_fixed,HOUSEHOLD_2_029_WI_2,280.7040747386979,263.8382919120257,16.8657828266722,0.0,0.928230711375863,0.9487179487179487,0.05128205128205128,3.3825422040003295,47.0
pp_quantile_fixed,HOUSEHOLD_2_032_WI_2,154.40710894801455,153.4161516973854,0.9909572506291608,0.0,0.9716869356963097,0.9871794871794872,0.01282051282051282,1.9668737397100693,7.0
pp_quantile_fixed,HOUSEHOLD_2_034_CA_2,169.89846207087612,137.00771846695199,32.89074360392415,0.0,0.6345472932897317,0.9487179487179487,0.05128205128205128,1.756509211114769,18.0
pp_quantile_fixed,HOUSEHOLD_2_034_CA_3,193.7181679343124,183.02211974377218,10.696048190540207,0.0,0.8471993115637113,0.9743589743589743,0.02564102564102564,2.346437432612464,14.0
pp_quantile_fixed,HOUSEHOLD_2_038_TX_1,150.4134974477744,147.40832464059886,3.005172807175527,0.0,0.9453604944149905,0.9871794871794872,0.01282051282051282,1.8898503159051137,11.0
pp_quantile_fixed,HOUSEHOLD_2_042_WI_2,206.06387021796544,206.06387021796544,0.0,0.0,1.0,1.0,0.0,2.641844489973916,2.0
pp_quantile_fixed,HOUSEHOLD_2_043_TX_2,124.03062216556827,92.41665067365973,31.613971491908536,0.0,0.6280709236246055,0.9230769230769231,0.07692307692307693,1.1848288547905095,17.0
pp_quantile_fixed,HOUSEHOLD_2_045_CA_4,185.64140157015183,138.06474434225967,47.57665722789216,0.0,0.49919308181166144,0.8717948717948718,0.1282051282051282,1.770060824900765,19.0
pp_quantile_fixed,HOUSEHOLD_2_047_TX_2,501.0304195956695,478.0363169145698,22.99410268109973,0.0,0.8850294865945013,0.9615384615384616,0.038461538461538464,6.1286707296739715,40.0
pp_quantile_fixed,HOUSEHOLD_2_057_WI_3,150.95990233353493,130.11861919801035,20.84128313552457,0.0,0.6526452810745905,0.9358974358974359,0.0641025641025641,1.6681874256155174,12.0
pp_quantile_fixed,HOUSEHOLD_2_058_TX_2,284.6683204306301,253.05237772959154,31.61594270103854,0.0,0.8562911695407339,0.9102564102564102,0.08974358974358974,3.244261252943481,44.0
pp_quantile_fixed,HOUSEHOLD_2_063_TX_2,141.01388225888923,135.59158671016843,5.422295548720809,0.0,0.9096284075213199,0.9743589743589743,0.02564102564102564,1.7383536757713902,12.0
pp_quantile_fixed,HOUSEHOLD_2_067_CA_2,695.1975938924477,524.2491265726867,170.948467319761,0.0,0.6834287642226649,0.7948717948717948,0.20512820512820512,6.7211426483677785,108.0
pp_quantile_fixed,HOUSEHOLD_2_073_WI_3,128.3782359695909,122.85922893327316,5.519007036317737,0.0,0.6320661975788175,0.9871794871794872,0.01282051282051282,1.5751183196573482,3.0
pp_quantile_fixed,HOUSEHOLD_2_075_CA_4,355.8510475172197,306.8426060789624,49.0084414382573,0.0,0.7420608345354879,0.8974358974358975,0.10256410256410256,3.933879565114902,38.0
pp_quantile_fixed,HOUSEHOLD_2_075_WI_3,388.87724925129504,375.0737210079979,13.803528243297158,0.0,0.9253863338200153,0.9615384615384616,0.038461538461538464,4.808637448820486,37.0
pp_quantile_fixed,HOUSEHOLD_2_077_CA_3,165.7365233615817,150.84671184774845,14.889811513833253,0.0,0.6691152996925944,0.9615384615384616,0.038461538461538464,1.9339322031762622,9.0
pp_quantile_fixed,HOUSEHOLD_2_079_TX_1,180.49919499792446,163.29126647798634,17.207928519938136,0.0,0.7541724497151695,0.9358974358974359,0.0641025641025641,2.0934777753587994,14.0
pp_quantile_fixed,HOUSEHOLD_2_087_CA_3,182.40050893224787,182.40050893224787,0.0,0.0,1.0,1.0,0.0,2.338468063233947,7.0
pp_quantile_fixed,HOUSEHOLD_2_089_TX_2,400.16803431766687,331.80918718877604,68.35884712889082,0.0,0.7601443960389795,0.8974358974358975,0.10256410256410256,4.253963938317641,57.0
pp_quantile_fixed,HOUSEHOLD_2_095_CA_2,342.02554884026506,305.86840267905933,36.157146161205745,0.0,0.8192142691939711,0.9102564102564102,0.08974358974358974,3.921389777936658,40.0
pp_quantile_fixed,HOUSEHOLD_2_095_TX_3,209.10063282774138,188.90947134982576,20.1911614779156,0.0,0.8384707081766752,0.9487179487179487,0.05128205128205128,2.4219162993567407,25.0
pp_quantile_fixed,HOUSEHOLD_2_110_CA_1,871.8956564333529,642.0093846871573,229.88627174619558,0.0,0.724687099705155,0.7948717948717948,0.20512820512820512,8.230889547271248,167.0
pp_quantile_fixed,HOUSEHOLD_2_120_TX_2,272.8448784562566,261.07628172394493,11.768596732311673,0.0,0.9327508758153619,0.9487179487179487,0.05128205128205128,3.347131816973653,35.0
pp_quantile_fixed,HOUSEHOLD_2_123_TX_1,340.31819460147716,294.2230806118848,46.09511398959235,0.0,0.7804994571924174,0.8846153846153846,0.11538461538461539,3.7720907770754466,42.0
pp_quantile_fixed,HOUSEHOLD_2_129_CA_2,212.63721056190306,189.8524263903306,22.78478417157246,0.0,0.6745030832632504,0.9487179487179487,0.05128205128205128,2.4340054665427,14.0
pp_quantile_fixed,HOUSEHOLD_2_138_CA_3,131.8247158026713,131.8247158026713,0.0,0.0,1.0,1.0,0.0,1.6900604590086066,4.0
pp_quantile_fixed,HOUSEHOLD_2_139_TX_2,278.6006550617276,200.2025438969962,78.39811116473143,0.0,0.6663910163202917,0.8461538461538461,0.15384615384615385,2.5666992807307203,47.0
pp_quantile_fixed,HOUSEHOLD_2_143_CA_1,240.51193230882149,208.8328667335093,31.679065575312194,0.0,0.7120084947698891,0.9102564102564102,0.08974358974358974,2.6773444453014013,22.0
pp_quantile_fixed,HOUSEHOLD_2_146_WI_1,413.79137436070624,316.63658692111096,97.15478743959527,0.0,0.5682009447129099,0.8333333333333334,0.16666666666666666,4.0594434220655256,45.0
pp_quantile_fixed,HOUSEHOLD_2_147_CA_3,162.91424380232743,162.91424380232743,0.0,0.0,1.0,1.0,0.0,2.08864415131189,5.0
pp_quantile_fixed,HOUSEHOLD_2_149_TX_1,135.78000964698867,134.49495694340214,1.285052703586519,0.0,0.9571649098804493,0.9871794871794872,0.01282051282051282,1.724294319787207,6.0
pp_quantile_fixed,HOUSEHOLD_2_150_CA_2,277.60793718813414,214.17719077812077,63.430746410013384,0.0,0.6155712338787067,0.8846153846153846,0.11538461538461539,2.7458614202323175,33.0
pp_quantile_fixed,HOUSEHOLD_2_158_TX_3,196.60287779239218,196.60287779239218,0.0,0.0,1.0,1.0,0.0,2.5205497152870793,0.0
pp_quantile_fixed,HOUSEHOLD_2_159_CA_2,370.31940639839195,338.49018320594064,31.829223192451312,0.0,0.8616120730762987,0.9487179487179487,0.05128205128205128,4.339617733409495,46.0
pp_quantile_fixed,HOUSEHOLD_2_160_WI_1,289.3884202937264,257.94709574571255,31.441324548013885,0.0,0.8466276851316397,0.9230769230769231,0.07692307692307693,3.307014048021956,41.0
pp_quantile_fixed,HOUSEHOLD_2_164_CA_1,393.0,368.0,25.0,0.0,0.5833333333333334,0.9358974358974359,0.0641025641025641,4.717948717948718,12.0
pp_quantile_fixed,HOUSEHOLD_2_176_TX_2,1565.8228861895223,1053.5808672044336,512.2420189850886,0.0,0.5695445218612701,0.6666666666666666,0.3333333333333333,13.507447015441457,238.0
pp_quantile_fixed,HOUSEHOLD_2_179_CA_1,255.92089386965137,247.05368666274046,8.867207206910908,0.0,0.9366628056649221,0.9615384615384616,0.038461538461538464,3.1673549572146213,28.0
pp_quantile_fixed,HOUSEHOLD_2_184_WI_3,351.3208459659811,275.80907799514847,75.51176797083261,0.0,0.671687965344206,0.8846153846153846,0.11538461538461539,3.5360138204506213,46.0
pp_quantile_fixed,HOUSEHOLD_2_190_WI_1,446.42854316850963,405.73137578167393,40.697167386835716,0.0,0.815012875514383,0.9487179487179487,0.05128205128205128,5.201684304893256,44.0
pp_quantile_fixed,HOUSEHOLD_2_193_TX_1,357.08318054317624,327.9741794447813,29.109001098394934,0.0,0.7353727172873188,0.9358974358974359,0.0641025641025641,4.204797172368991,22.0
pp_quantile_fixed,HOUSEHOLD_2_203_CA_1,527.2470503031085,314.74645549873725,212.50059480437125,0.0,0.417806589577065,0.7564102564102564,0.24358974358974358,4.035210967932529,73.0
pp_quantile_fixed,HOUSEHOLD_2_207_WI_3,130.99430959592655,130.99430959592655,0.0,0.0,1.0,1.0,0.0,1.679414225588802,3.0
pp_quantile_fixed,HOUSEHOLD_2_208_CA_3,129.89301476824957,118.10757599577946,11.785438772470116,0.0,0.7381013606117752,0.9487179487179487,0.05128205128205128,1.5141996922535828,9.0
pp_quantile_fixed,HOUSEHOLD_2_217_TX_1,525.0734172882526,384.1017424703179,140.97167481793474,0.0,0.6935398373523158,0.7948717948717948,0.20512820512820512,4.924381313722025,92.0
pp_quantile_fixed,HOUSEHOLD_2_218_CA_1,192.0,177.0,15.0,0.0,0.5,0.9743589743589743,0.02564102564102564,2.269230769230769,6.0
pp_quantile_fixed,HOUSEHOLD_2_224_TX_1,110.28398492587576,98.14401004941618,12.139974876459569,0.0,0.595334170784681,0.9615384615384616,0.038461538461538464,1.2582565390950793,6.0
pp_quantile_fixed,HOUSEHOLD_2_226_TX_3,284.5497468295193,265.29520794120793,19.254538888311323,0.0,0.8624675793692048,0.9487179487179487,0.05128205128205128,3.401220614630871,28.0
pp_quantile_fixed,HOUSEHOLD_2_226_WI_1,285.470611133224,212.1704710174694,73.30014011575463,0.0,0.6241018455602327,0.8205128205128205,0.1794871794871795,2.7201342438137104,39.0
pp_quantile_fixed,HOUSEHOLD_2_234_WI_3,205.07690562365255,194.6994028618704,10.377502761782143,0.0,0.7693888275159524,0.9615384615384616,0.038461538461538464,2.4961461905368,9.0
pp_quantile_fixed,HOUSEHOLD_2_237_CA_2,164.9547318812302,156.96605185372667,7.988680027503539,0.0,0.8668553328749411,0.9743589743589743,0.02564102564102564,2.012385280175983,12.0
pp_quantile_fixed,HOUSEHOLD_2_238_CA_1,280.08644899315914,228.57545429804753,51.51099469511159,0.0,0.6565933686992561,0.8589743589743589,0.14102564102564102,2.9304545422826607,30.0
pp_quantile_fixed,HOUSEHOLD_2_241_CA_2,227.42954304760835,205.39728392099357,22.032259126614765,0.0,0.7551971208153915,0.9615384615384616,0.038461538461538464,2.63329851180761,18.0
pp_quantile_fixed,HOUSEHOLD_2_249_WI_1,356.0,356.0,0.0,0.0,1.0,1.0,0.0,4.564102564102564,7.0
pp_quantile_fixed,HOUSEHOLD_2_257_TX_1,233.5291130809617,187.92768830603202,45.60142477492968,0.0,0.7535058120274071,0.8974358974358975,0.10256410256410256,2.4093293372568207,37.0
pp_quantile_fixed,HOUSEHOLD_2_259_CA_2,564.343549781051,480.48106462252304,83.86248515852795,0.0,0.7004911244338288,0.8846153846153846,0.11538461538461539,6.1600136490067054,56.0
pp_quantile_fixed,HOUSEHOLD_2_259_TX_3,171.37806705552916,163.23815540438645,8.139911651142715,0.0,0.8643348058142881,0.9743589743589743,0.02564102564102564,2.0927968641588004,12.0
pp_quantile_fixed,HOUSEHOLD_2_260_WI_1,186.96857480622702,175.18784806380566,11.780726742421372,0.0,0.8527409157197328,0.9487179487179487,0.05128205128205128,2.2459980521000724,16.0
pp_quantile_fixed,HOUSEHOLD_2_263_TX_2,312.4560492458706,264.9543468029813,47.50170244288928,0.0,0.5681663414282793,0.9230769230769231,0.07692307692307693,3.396850600038222,22.0
pp_quantile_fixed,HOUSEHOLD_2_263_TX_3,224.96315560237812,218.66344778778353,6.2997078145945995,0.0,0.7900097395135134,0.9743589743589743,0.02564102564102564,2.8033775357408146,6.0
pp_quantile_fixed,HOUSEHOLD_2_264_WI_3,228.23706363560976,196.35260158452814,31.88446205108161,0.0,0.8124443408759906,0.9358974358974359,0.0641025641025641,2.5173410459554892,34.0
pp_quantile_fixed,HOUSEHOLD_2_265_WI_1,250.3550198650238,206.58678151624542,43.768238348778354,0.0,0.6633212434709357,0.9487179487179487,0.05128205128205128,2.6485484809775053,26.0
pp_quantile_fixed,HOUSEHOLD_2_275_CA_2,396.56543582857427,335.1825111253249,61.3829247032494,0.0,0.7442378137364609,0.8717948717948718,0.1282051282051282,4.297211681093908,48.0
pp_quantile_fixed,HOUSEHOLD_2_280_TX_2,245.1226027350354,231.78783200404942,13.334770730985976,0.0,0.9111015284600935,0.9743589743589743,0.02564102564102564,2.9716388718467877,30.0
pp_quantile_fixed,HOUSEHOLD_2_280_WI_3,180.40572332342185,177.81829672302896,2.5874266003928947,0.0,0.9676571674950888,0.9871794871794872,0.01282051282051282,2.279721752859346,16.0
pp_quantile_fixed,HOUSEHOLD_2_288_TX_3,205.015542317041,205.015542317041,0.0,0.0,1.0,1.0,0.0,2.628404388680013,13.0
pp_quantile_fixed,HOUSEHOLD_2_294_CA_1,902.8887446810966,852.6903192656406,50.198425415455915,0.0,0.9103599546152573,0.9487179487179487,0.05128205128205128,10.931927170072315,112.0
pp_quantile_fixed,HOUSEHOLD_2_294_WI_3,571.6731825524354,430.1431302288628,141.53005232357256,0.0,0.7379073105119026,0.782051282051282,0.21794871794871795,5.514655515754651,108.0
pp_quantile_fixed,HOUSEHOLD_2_307_TX_1,122.09374395345351,121.58693304649861,0.5068109069548932,0.0,0.9662126062030071,0.9871794871794872,0.01282051282051282,1.5588068339294694,3.0
pp_quantile_fixed,HOUSEHOLD_2_308_WI_3,182.6976489010293,138.09595738887566,44.601691512153664,0.0,0.47527421750407456,0.9102564102564102,0.08974358974358974,1.7704609921650725,17.0
pp_quantile_fixed,HOUSEHOLD_2_311_TX_2,303.0262685553964,264.11433859693386,38.91192995846259,0.0,0.8004516412386534,0.8974358974358975,0.10256410256410256,3.3860812640632547,39.0
pp_quantile_fixed,HOUSEHOLD_2_314_TX_1,217.1365532538627,184.73117941659157,32.40537383727114,0.0,0.6759462616272887,0.9230769230769231,0.07692307692307693,2.368348454058866,20.0
pp_quantile_fixed,HOUSEHOLD_2_316_CA_4,131.45810509222738,119.80547969870885,11.65262539351853,0.0,0.8705263845164608,0.9743589743589743,0.02564102564102564,1.5359676884449853,18.0
pp_quantile_fixed,HOUSEHOLD_2_326_TX_2,174.11093706433917,160.93104713403903,13.179889930300146,0.0,0.8242681342626648,0.9487179487179487,0.05128205128205128,2.0632185530005005,15.0
pp_quantile_fixed,HOUSEHOLD_2_330_CA_2,227.17931312989558,222.68078646294157,4.498526666954015,0.0,0.9437684166630749,0.9871794871794872,0.01282051282051282,2.85488187773002,16.0
pp_quantile_fixed,HOUSEHOLD_2_333_WI_2,259.1579280577112,252.91759182264644,6.240336235064756,0.0,0.9265842795874735,0.9743589743589743,0.02564102564102564,3.2425332284954673,17.0
pp_quantile_fixed,HOUSEHOLD_2_337_CA_2,180.60468246233438,158.7501960755062,21.854486386828185,0.0,0.8318885662551678,0.9487179487179487,0.05128205128205128,2.0352589240449515,26.0
pp_quantile_fixed,HOUSEHOLD_2_338_WI_3,328.9235966744763,309.98867699877724,18.93491967569906,0.0,0.655728733169108,0.9615384615384616,0.038461538461538464,3.974213807676631,11.0
pp_quantile_fixed,HOUSEHOLD_2_342_CA_1,341.20270884878295,266.2877348320628,74.91497401672012,0.0,0.6742827216664342,0.8205128205128205,0.1794871794871795,3.41394531835978,46.0
pp_quantile_fixed,HOUSEHOLD_2_345_CA_1,327.2962560858867,287.0643605752221,40.231895510664565,0.0,0.7988405224466771,0.9358974358974359,0.0641025641025641,3.68031231506695,40.0
pp_quantile_fixed,HOUSEHOLD_2_346_TX_3,433.3734500127776,324.63851454138614,108.73493547139144,0.0,0.7471280570432757,0.8974358974358975,0.10256410256410256,4.162032237710079,86.0
pp_quantile_fixed,HOUSEHOLD_2_348_TX_1,407.5458749105256,319.82622309663185,87.71965181389373,0.0,0.7420010240767831,0.8589743589743589,0.14102564102564102,4.100336193546562,68.0
pp_quantile_fixed,HOUSEHOLD_2_354_TX_1,235.12995491619273,200.58070397100877,34.54925094518394,0.0,0.6859159004983278,0.8974358974358975,0.10256410256410256,2.571547486807805,22.0
pp_quantile_fixed,HOUSEHOLD_2_354_TX_2,534.2883517329922,428.36607155383723,105.922280179155,0.0,0.5763108792833801,0.8589743589743589,0.14102564102564102,5.491872712228682,50.0
pp_quantile_fixed,HOUSEHOLD_2_355_CA_3,244.09857098301813,229.91905870746368,14.179512275554451,0.0,0.90221026016859,0.9615384615384616,0.038461538461538464,2.947680239839278,29.0
pp_quantile_fixed,HOUSEHOLD_2_355_TX_2,182.8538362263979,176.33932184293596,6.514514383461956,0.0,0.9379570058717908,0.9615384615384616,0.038461538461538464,2.260760536447897,21.0
pp_quantile_fixed,HOUSEHOLD_2_358_CA_4,133.13788293402226,133.13788293402226,0.0,0.0,1.0,1.0,0.0,1.7068959350515673,1.0
pp_quantile_fixed,HOUSEHOLD_2_358_WI_2,166.53766427870195,157.47927809509684,9.058386183605096,0.0,0.8867701727049363,0.9743589743589743,0.02564102564102564,2.0189651037832927,16.0
pp_quantile_fixed,HOUSEHOLD_2_370_TX_2,177.25547445610374,161.85132651705135,15.404147939052407,0.0,0.8660508874865007,0.9615384615384616,0.038461538461538464,2.0750170066288636,23.0
pp_quantile_fixed,HOUSEHOLD_2_373_WI_3,162.70070243740608,162.2335204237628,0.4671820136432947,0.0,0.9906563597271341,0.9871794871794872,0.01282051282051282,2.0799169285097796,10.0
pp_quantile_fixed,HOUSEHOLD_2_382_TX_3,308.401339472415,287.1183609350084,21.282978537406535,0.0,0.9010094021515976,0.9358974358974359,0.0641025641025641,3.6810046273719026,43.0
pp_quantile_fixed,HOUSEHOLD_2_385_WI_1,192.85543335944885,185.52043063707606,7.335002722372803,0.0,0.902199963701696,0.9615384615384616,0.038461538461538464,2.3784670594496933,15.0
pp_quantile_fixed,HOUSEHOLD_2_392_CA_4,134.66508787209395,118.86842081402429,15.796667058069664,0.0,0.6840666588386067,0.9615384615384616,0.038461538461538464,1.5239541130003114,10.0
pp_quantile_fixed,HOUSEHOLD_2_396_TX_3,183.0931040350664,132.39720248145733,50.69590155360906,0.0,0.517181889965628,0.8846153846153846,0.11538461538461539,1.6974000318135556,21.0
pp_quantile_fixed,HOUSEHOLD_2_396_WI_2,156.24113654551064,144.9365516840339,11.304584861476727,0.0,0.6231805046174425,0.9743589743589743,0.02564102564102564,1.8581609190260757,6.0
pp_quantile_fixed,HOUSEHOLD_2_397_WI_2,154.4486574719957,153.18783671721872,1.2608207547769634,0.0,0.9369589622611518,0.9871794871794872,0.01282051282051282,1.963946624579727,4.0
pp_quantile_fixed,HOUSEHOLD_2_401_TX_3,437.57155925419937,299.3729647670824,138.19859448711696,0.0,0.6587689025009458,0.8333333333333334,0.16666666666666666,3.838114932911313,81.0
pp_quantile_fixed,HOUSEHOLD_2_405_CA_4,199.2359548979696,188.0673187910378,11.168636106931826,0.0,0.7766272778613634,0.9615384615384616,0.038461538461538464,2.4111194716799718,10.0
pp_quantile_fixed,HOUSEHOLD_2_412_CA_1,209.73369596854693,203.12047695160425,6.613219016942692,0.0,0.7795593661019103,0.9743589743589743,0.02564102564102564,2.604108678866721,6.0
pp_quantile_fixed,HOUSEHOLD_2_417_TX_1,109.1306758677874,97.49512250297488,11.635553364812528,0.0,0.5345778654074989,0.9615384615384616,0.038461538461538464,1.2499374679868573,5.0
pp_quantile_fixed,HOUSEHOLD_2_418_CA_2,234.44219721503063,233.625842378144,0.8163548368866191,0.0,0.9922251920296513,0.9871794871794872,0.01282051282051282,2.9952031074121024,21.0
pp_quantile_fixed,HOUSEHOLD_2_420_CA_3,391.7399360481461,316.9396265210115,74.80030952713454,0.0,0.5844427248492525,0.9358974358974359,0.0641025641025641,4.063328545141173,36.0
pp_quantile_fixed,HOUSEHOLD_2_424_CA_1,222.7194210336713,182.9892481194757,39.7301729141956,0.0,0.6388166098709491,0.8974358974358975,0.10256410256410256,2.3460160015317397,22.0
pp_quantile_fixed,HOUSEHOLD_2_424_CA_4,200.52745403963684,176.73831829780255,23.789135741834286,0.0,0.5242172851633142,0.9487179487179487,0.05128205128205128,2.265875875612853,10.0
pp_quantile_fixed,HOUSEHOLD_2_428_CA_4,104.49833530907956,104.49833530907956,0.0,0.0,1.0,1.0,0.0,1.339722247552302,0.0
pp_quantile_fixed,HOUSEHOLD_2_429_WI_3,153.82271683890562,142.99977420255283,10.822942636352792,0.0,0.7835411472729442,0.9615384615384616,0.038461538461538464,1.833330438494267,10.0
pp_quantile_fixed,HOUSEHOLD_2_432_TX_3,231.99745222433037,217.20914552116352,14.788306703166851,0.0,0.8904569873839492,0.9615384615384616,0.038461538461538464,2.7847326348867116,27.0
pp_quantile_fixed,HOUSEHOLD_2_436_CA_2,376.36747291945744,358.3701721578859,17.99730076157152,0.0,0.9052773644127814,0.9615384615384616,0.038461538461538464,4.594489386639563,38.0
pp_quantile_fixed,HOUSEHOLD_2_440_TX_2,987.1792225064664,762.9749089819641,224.2043135245024,0.0,0.6990546127187888,0.8076923076923077,0.19230769230769232,9.781729602332872,149.0
pp_quantile_fixed,HOUSEHOLD_2_445_WI_2,145.76957097330535,145.76957097330535,0.0,0.0,1.0,1.0,0.0,1.8688406535039148,2.0
pp_quantile_fixed,HOUSEHOLD_2_446_CA_3,166.28380921441993,156.6118984740648,9.671910740355154,0.0,0.8512013732253053,0.9743589743589743,0.02564102564102564,2.0078448522316,13.0
pp_quantile_fixed,HOUSEHOLD_2_451_TX_1,503.66780349374744,375.04388100722,128.62392248652742,0.0,0.7502448107057721,0.7948717948717948,0.20512820512820512,4.808254884707949,103.0
pp_quantile_fixed,HOUSEHOLD_2_451_WI_2,505.9279694184445,417.7549390697445,88.17303034869998,0.0,0.7973033785087356,0.8717948717948718,0.1282051282051282,5.355832552176212,87.0
pp_quantile_fixed,HOUSEHOLD_2_459_WI_3,121.76642914148582,118.55597954733662,3.210449594149203,0.0,0.9197387601462699,0.9871794871794872,0.01282051282051282,1.5199484557350849,8.0
pp_quantile_fixed,HOUSEHOLD_2_462_CA_4,202.7687149697426,187.7330642662308,15.035650703511793,0.0,0.726624532663422,0.9487179487179487,0.05128205128205128,2.406834157259369,11.0
pp_quantile_fixed,HOUSEHOLD_2_462_TX_2,166.14279427992685,145.119817114178,21.02297716574884,0.0,0.6765695820654025,0.9230769230769231,0.07692307692307693,1.8605104758227948,13.0
pp_quantile_fixed,HOUSEHOLD_2_465_CA_1,469.0683135929262,378.0207079323693,91.04760566055691,0.0,0.7930736234987343,0.8461538461538461,0.15384615384615385,4.846419332466273,88.0
pp_quantile_fixed,HOUSEHOLD_2_468_TX_2,310.55455803278994,235.05055211783068,75.50400591495927,0.0,0.6404571146906701,0.8333333333333334,0.16666666666666666,3.013468616895265,42.0
pp_quantile_fixed,HOUSEHOLD_2_470_WI_2,426.072902880837,358.10727167837746,67.96563120245952,0.0,0.6910653127160932,0.8589743589743589,0.14102564102564102,4.591118867671506,44.0
pp_quantile_fixed,HOUSEHOLD_2_475_CA_3,276.75887328000965,266.2882500831162,10.470623196893442,0.0,0.8952937680310656,0.9743589743589743,0.02564102564102564,3.413951924142516,20.0
pp_quantile_fixed,HOUSEHOLD_2_476_WI_2,219.50107191704927,179.07087196284422,40.430199954205065,0.0,0.574418947850473,0.8974358974358975,0.10256410256410256,2.295780409780054,19.0
pp_quantile_fixed,HOUSEHOLD_2_478_TX_2,152.65818792574683,131.08780504158725,21.570382884159578,0.0,0.6681479556283142,0.9358974358974359,0.0641025641025641,1.6806128851485544,13.0
pp_quantile_fixed,HOUSEHOLD_2_480_TX_1,234.87419619334904,229.37325706288766,5.500939130461386,0.0,0.9266541449271816,0.9871794871794872,0.01282051282051282,2.940682782857534,15.0
pp_quantile_fixed,HOUSEHOLD_2_483_TX_1,564.0418973358683,420.05962298579504,143.98227435007323,0.0,0.7061586237753606,0.782051282051282,0.21794871794871795,5.385379781869167,98.0
pp_quantile_fixed,HOUSEHOLD_2_488_WI_3,152.6950179716823,136.96521396526921,15.729804006413078,0.0,0.7752885141940988,0.9487179487179487,0.05128205128205128,1.7559642816060155,14.0
pp_quantile_fixed,HOUSEHOLD_2_490_WI_1,568.5048889093373,383.05502830824884,185.4498606010884,0.0,0.7079529754313568,0.782051282051282,0.21794871794871795,4.910961901387806,127.0
pp_quantile_fixed,HOUSEHOLD_2_491_TX_3,323.2012842549175,279.4289335333232,43.772350721594336,0.0,0.7755264065559265,0.9230769230769231,0.07692307692307693,3.5824222247861948,39.0
pp_quantile_fixed,HOUSEHOLD_2_505_CA_4,174.42430643105237,174.42430643105237,0.0,0.0,1.0,1.0,0.0,2.236209056808364,9.0
pp_quantile_fixed,HOUSEHOLD_2_507_CA_1,482.67064614903586,400.5704565378235,82.10018961121241,0.0,0.7549248071307092,0.8589743589743589,0.14102564102564102,5.135518673561839,67.0
pp_quantile_fixed,HOUSEHOLD_2_509_TX_1,201.61447110622095,192.27590185598712,9.338569250233837,0.0,0.948119059720923,0.9615384615384616,0.038461538461538464,2.465075664820348,36.0
pp_quantile_fixed,HOUSEHOLD_2_509_WI_1,153.76937187304276,136.03061075694717,17.738761116095578,0.0,0.5565309720976106,0.9743589743589743,0.02564102564102564,1.7439821891916303,8.0
pp_quantile_fixed,HOUSEHOLD_2_509_WI_2,134.7894697507553,122.24797375971049,12.54149599104481,0.0,0.8208357715565028,0.9358974358974359,0.0641025641025641,1.567281714868083,14.0
pp_quantile_fixed,HOUSEHOLD_2_510_CA_2,423.8596009474356,361.4313554116461,62.42824553578945,0.0,0.7809535244358264,0.8974358974358975,0.10256410256410256,4.633735325790335,57.0
pp_quantile_calibrated,FOODS_1_008_CA_1,384.51606168931204,377.9068584238596,6.609203265452441,0.0,0.9471263738763804,0.9743589743589743,0.02564102564102564,4.844959723382815,25.0
pp_quantile_calibrated,FOODS_1_010_CA_3,496.69922204971544,419.15570729549154,77.54351475422392,0.0,0.6475294783898913,0.8205128205128205,0.1794871794871795,5.373791119172968,44.0
pp_quantile_calibrated,FOODS_1_010_WI_3,631.9772731915072,599.7393180796714,32.23795511183576,0.0,0.8827710723205973,0.9615384615384616,0.038461538461538464,7.688965616406044,55.0
pp_quantile_calibrated,FOODS_1_013_WI_1,901.7040814444001,790.5513780314199,111.15270341298032,0.0,0.8221556745392316,0.8846153846153846,0.11538461538461539,10.135274077325896,125.0
pp_quantile_calibrated,FOODS_1_014_WI_3,690.4884842394496,571.2272422607052,119.26124197874434,0.0,0.7258362253362199,0.8461538461538461,0.15384615384615385,7.323426182829555,87.0
pp_quantile_calibrated,FOODS_1_022_WI_3,836.0534223593212,836.0534223593212,0.0,0.0,1.0,1.0,0.0,10.718633619991298,1.0
pp_quantile_calibrated,FOODS_1_024_TX_1,464.61304477414143,392.28865018803145,72.32439458610999,0.0,0.7270777562788303,0.9102564102564102,0.08974358974358974,5.0293416690773265,53.0
pp_quantile_calibrated,FOODS_1_025_TX_1,424.82324129874723,376.49469359024056,48.32854770850669,0.0,0.7803247831431513,0.8974358974358975,0.10256410256410256,4.826855046028725,44.0
pp_quantile_calibrated,FOODS_1_025_WI_1,664.5775669559986,651.1483292166898,13.429237739308766,0.0,0.9186106803678256,0.9743589743589743,0.02564102564102564,8.348055502778076,33.0
pp_quantile_calibrated,FOODS_1_032_CA_2,1899.561283218838,1452.5589417648223,447.0023414540159,0.0,0.7641148593910208,0.7692307692307693,0.23076923076923078,18.62255053544644,379.0
pp_quantile_calibrated,FOODS_1_040_TX_1,642.6831834367401,564.3313388092429,78.35184462749726,0.0,0.617795879865867,0.8846153846153846,0.11538461538461539,7.235017164221063,41.0
pp_quantile_calibrated,FOODS_1_043_CA_3,9082.2031151996,9082.2031151996,0.0,0.0,1.0,1.0,0.0,116.43850147691795,42.0
pp_quantile_calibrated,FOODS_1_045_CA_3,1313.4230899127517,1303.2128069214896,10.210282991262112,0.0,0.9846461909905833,0.9743589743589743,0.02564102564102564,16.707856498993458,133.0
pp_quantile_calibrated,FOODS_1_045_WI_2,1013.4392868174888,891.6986254791987,121.74066133829008,0.0,0.7745543308550183,0.8461538461538461,0.15384615384615385,11.432033659989726,108.0
pp_quantile_calibrated,FOODS_1_046_WI_3,1686.8775608203646,1354.1827037405267,332.6948570798378,0.0,0.753559365126046,0.717948717948718,0.28205128205128205,17.361316714622138,270.0
pp_quantile_calibrated,FOODS_1_047_TX_2,525.0530938352201,496.294609857845,28.758483977375164,0.0,0.9072306968471768,0.9102564102564102,0.08974358974358974,6.36275140843391,62.0
pp_quantile_calibrated,FOODS_1_054_CA_1,694.224106622193,409.40143869040367,284.8226679317892,0.0,0.5748915404003145,0.717948717948718,0.28205128205128205,5.2487363934667135,134.0
pp_quantile_calibrated,FOODS_1_054_TX_3,407.119431523088,356.4777681104517,50.64166341263629,0.0,0.7106190662135069,0.9487179487179487,0.05128205128205128,4.570227796287842,35.0
pp_quantile_calibrated,FOODS_1_055_WI_2,1188.9787336704171,1073.8010965182914,115.17763715212567,0.0,0.8306211218351092,0.8205128205128205,0.1794871794871795,13.76668072459348,136.0
pp_quantile_calibrated,FOODS_1_056_WI_1,700.3374379914557,700.3374379914557,0.0,0.0,1.0,1.0,0.0,8.978685102454559,1.0
pp_quantile_calibrated,FOODS_1_057_CA_2,1337.9509788972507,1326.862157923632,11.088820973618887,0.0,0.2607452684254075,0.9743589743589743,0.02564102564102564,17.01105330671323,3.0
pp_quantile_calibrated,FOODS_1_060_CA_4,329.00668491707114,321.91364146702216,7.093043450048988,0.0,0.963625418204877,0.9743589743589743,0.02564102564102564,4.127097967525925,39.0
pp_quantile_calibrated,FOODS_1_062_TX_2,446.73702544274954,405.80672604119434,40.930299401555175,0.0,0.8258285131848716,0.9230769230769231,0.07692307692307693,5.202650333861466,47.0
pp_quantile_calibrated,FOODS_1_064_WI_3,264.25924620510636,253.98229279603618,10.276953409070174,0.0,0.8858116287881092,0.9615384615384616,0.038461538461538464,3.256183240974823,18.0
pp_quantile_calibrated,FOODS_1_066_WI_1,979.1849728601956,698.183064295208,281.00190856498745,0.0,0.665473918375015,0.7435897435897436,0.2564102564102564,8.951064926861642,168.0
pp_quantile_calibrated,FOODS_1_069_CA_3,1592.3703454657307,1074.7206037174224,517.6497417483082,0.0,0.6804631223775875,0.7051282051282052,0.2948717948717949,13.778469278428492,324.0
pp_quantile_calibrated,FOODS_1_078_TX_2,619.3766914805882,586.5675370314488,32.809154449139456,0.0,0.8473992816319096,0.9743589743589743,0.02564102564102564,7.520096628608317,43.0
pp_quantile_calibrated,FOODS_1_081_WI_1,449.6583075284233,354.1073017126963,95.55100581572697,0.0,0.7147731169679793,0.8717948717948718,0.1282051282051282,4.539837201444825,67.0
pp_quantile_calibrated,FOODS_1_083_WI_3,1139.831858417004,1118.178712912758,21.65314550424597,0.0,0.9529279445559871,0.9358974358974359,0.0641025641025641,14.33562452452254,92.0
pp_quantile_calibrated,FOODS_1_085_CA_4,2833.9453215683757,1980.3045002245324,853.6408213438432,0.0,0.7532829996116058,0.6666666666666666,0.3333333333333333,25.388519233647852,692.0
pp_quantile_calibrated,FOODS_1_086_CA_2,1149.219192968167,992.4625084710042,156.75668449716267,0.0,0.8392239133362434,0.8461538461538461,0.15384615384615385,12.723878313730824,195.0
pp_quantile_calibrated,FOODS_1_086_WI_2,1320.6844471044394,878.0037446139752,442.6807024904643,0.0,0.6500547806399493,0.6923076923076923,0.3076923076923077,11.256458264281733,253.0
pp_quantile_calibrated,FOODS_1_089_CA_1,441.4453238087078,396.5466481616672,44.89867564704064,0.0,0.719383277205996,0.9102564102564102,0.08974358974358974,5.0839313866880405,32.0
pp_quantile_calibrated,FOODS_1_091_TX_3,604.0260802839625,604.0260802839625,0.0,0.0,1.0,1.0,0.0,7.7439241062046476,4.0
pp_quantile_calibrated,FOODS_1_094_WI_1,393.03346797652534,303.41039035445294,89.62307762207243,0.0,0.7284149162967503,0.8205128205128205,0.1794871794871795,3.8898767994160632,66.0
pp_quantile_calibrated,FOODS_1_098_CA_2,242.58083527579961,240.54749914435638,2.033336131443244,0.0,0.968717905670104,0.9871794871794872,0.01282051282051282,3.0839422967225176,13.0
pp_quantile_calibrated,FOODS_1_098_TX_1,348.8519255667324,248.44823857107716,100.40368699565525,0.0,0.6596485186587957,0.8461538461538461,0.15384615384615385,3.1852338278343226,59.0
pp_quantile_calibrated,FOODS_1_099_CA_2,3079.1877328417413,2185.067503804738,894.1202290370034,0.0,0.7354673878588748,0.7051282051282052,0.2948717948717949,28.01368594621459,676.0
pp_quantile_calibrated,FOODS_1_099_TX_1,2406.8571748403056,1773.804116343365,633.0530584969404,0.0,0.6818828851774169,0.717948717948718,0.28205128205128205,22.741078414658524,398.0
pp_quantile_calibrated,FOODS_1_101_CA_1,2144.949402208477,2144.949402208477,0.0,0.0,1.0,1.0,0.0,27.49935131036509,0.0
pp_quantile_calibrated,FOODS_1_102_TX_2,438.3664088921457,334.2221627847404,104.14424610740531,0.0,0.6936933938017491,0.7948717948717948,0.20512820512820512,4.284899522881288,68.0
pp_quantile_calibrated,FOODS_1_106_CA_1,767.2244137249435,597.9030748175389,169.32133890740457,0.0,0.6893186442065972,0.7435897435897436,0.2564102564102564,7.665424036122294,109.0
pp_quantile_calibrated,FOODS_1_107_TX_2,337.5889809754156,327.46384445684083,10.12513651857478,0.0,0.9276775962958944,0.9743589743589743,0.02564102564102564,4.198254416113344,28.0
pp_quantile_calibrated,FOODS_1_111_WI_2,317.21459089593213,316.19860735247795,1.015983543454162,0.0,0.9774225879232409,0.9871794871794872,0.01282051282051282,4.053828299390743,9.0
pp_quantile_calibrated,FOODS_1_119_WI_1,496.54682777160684,378.0971146883759,118.44971308323095,0.0,0.6298446466149032,0.8076923076923077,0.19230769230769232,4.847398906261229,64.0
pp_quantile_calibrated,FOODS_1_122_WI_3,748.2747298420952,526.5006339835388,221.77409585855645,0.0,0.560843374537512,0.7307692307692307,0.2692307692307692,6.750008127994088,101.0
pp_quantile_calibrated,FOODS_1_131_CA_1,391.76388035919575,321.31229444481403,70.45158591438174,0.0,0.7570634968469595,0.8333333333333334,0.16666666666666666,4.119388390318129,58.0
pp_quantile_calibrated,FOODS_1_132_WI_3,395.86708186479734,308.3683290432571,87.49875282154025,0.0,0.6698160270885273,0.8461538461538461,0.15384615384615385,3.953440115939194,53.0
pp_quantile_calibrated,FOODS_1_134_CA_2,354.0646749857917,267.4096984919461,86.65497649384567,0.0,0.7333693030958595,0.8589743589743589,0.14102564102564102,3.4283294678454626,65.0
pp_quantile_calibrated,FOODS_1_139_TX_3,1077.3818359545608,688.9209419510778,388.4608940034829,0.0,0.5823001139747496,0.6666666666666666,0.3333333333333333,8.832319768603561,186.0
pp_quantile_calibrated,FOODS_1_143_CA_1,964.3820313755703,818.9969636144364,145.38506776113383,0.0,0.7655079552239777,0.8846153846153846,0.11538461538461539,10.499961071979953,124.0
pp_quantile_calibrated,FOODS_1_143_WI_2,626.3378127676376,626.3378127676376,0.0,0.0,1.0,1.0,0.0,8.029971958559457,34.0
pp_quantile_calibrated,FOODS_1_147_TX_2,266.14849680057085,233.19720534517796,32.951291455392905,0.0,0.8117069059691834,0.9358974358974359,0.0641025641025641,2.989707760835615,35.0
pp_quantile_calibrated,FOODS_1_149_CA_3,1037.432993056706,928.8436649930221,108.58932806368375,0.0,0.8342147663149867,0.8589743589743589,0.14102564102564102,11.908252115295156,131.0
pp_quantile_calibrated,FOODS_1_156_TX_3,408.09204425346775,350.8637841842357,57.228260069232014,0.0,0.7615489163781999,0.8589743589743589,0.14102564102564102,4.4982536433876374,48.0
pp_quantile_calibrated,FOODS_1_159_CA_4,678.9212889423206,678.9212889423206,0.0,0.0,1.0,1.0,0.0,8.704119089004111,14.0
pp_quantile_calibrated,FOODS_1_161_CA_4,2785.601982981118,2450.70257334556,334.89940963555824,0.0,0.7846306047359755,0.8205128205128205,0.1794871794871795,31.41926376084051,311.0
pp_quantile_calibrated,FOODS_1_161_WI_3,2737.186079682469,1877.746899434555,859.439180247914,0.0,0.6477708277672485,0.6666666666666666,0.3333333333333333,24.07367819787891,488.0
pp_quantile_calibrated,FOODS_1_168_WI_1,445.11413150400244,397.6603591222476,47.453772381754824,0.0,0.7034139226140323,0.8974358974358975,0.10256410256410256,5.098209732336508,32.0
pp_quantile_calibrated,FOODS_1_174_TX_2,274.1706724593636,233.44315238529248,40.727520074071094,0.0,0.7531665450056297,0.9230769230769231,0.07692307692307693,2.99286092801657,33.0
pp_quantile_calibrated,FOODS_1_175_CA_3,873.5261008953689,757.081544682472,116.44455621289693,0.0,0.7227510566359596,0.8076923076923077,0.19230769230769232,9.706173649775282,84.0
pp_quantile_calibrated,FOODS_1_183_CA_2,809.6095893006842,737.3867489294149,72.22284037126926,0.0,0.8960822440701162,0.8717948717948718,0.1282051282051282,9.453676268325832,139.0
pp_quantile_calibrated,FOODS_1_183_CA_4,621.1189651036547,482.8141931843054,138.30477191934926,0.0,0.6960334683091225,0.8461538461538461,0.15384615384615385,6.189925553644941,91.0
pp_quantile_calibrated,FOODS_1_185_WI_1,1090.2922158490694,852.3411256759367,237.95109017313266,0.0,0.6192782557229878,0.717948717948718,0.28205128205128205,10.927450329178676,125.0
pp_quantile_calibrated,FOODS_1_191_TX_1,279.4875258853455,219.64620970857976,59.841316176765766,0.0,0.7007934191161711,0.8846153846153846,0.11538461538461539,2.8159770475458945,40.0
pp_quantile_calibrated,FOODS_1_192_CA_4,1068.4626766061997,1063.4083531388662,5.0543234673335125,0.0,0.6630451021777658,0.9743589743589743,0.02564102564102564,13.633440424857259,3.0
pp_quantile_calibrated,FOODS_1_203_WI_1,459.18087649005054,408.8566583823246,50.324218107725905,0.0,0.8136140070084226,0.9102564102564102,0.08974358974358974,5.2417520305426235,54.0
pp_quantile_calibrated,FOODS_1_207_CA_4,532.6461665375047,363.4458953600735,169.20027117743115,0.0,0.6649499580644928,0.7307692307692307,0.2692307692307692,4.659562761026583,101.0
pp_quantile_calibrated,FOODS_1_208_WI_3,501.24412098312035,373.19245425170277,128.05166673141758,0.0,0.6914417669122469,0.782051282051282,0.21794871794871795,4.7845186442526,83.0
pp_quantile_calibrated,FOODS_1_209_CA_4,954.7945717161558,954.7945717161558,0.0,0.0,1.0,1.0,0.0,12.240956047643023,1.0
pp_quantile_calibrated,FOODS_1_214_TX_3,673.732502630836,673.732502630836,0.0,0.0,1.0,1.0,0.0,8.637596187574822,19.0
pp_quantile_calibrated,FOODS_1_215_CA_1,941.1657650740949,743.8402568391027,197.32550823499218,0.0,0.6379348472752437,0.8589743589743589,0.14102564102564102,9.536413549219265,109.0
pp_quantile_calibrated,FOODS_2_001_TX_1,623.8257962074845,505.47149007581515,118.35430613166935,0.0,0.7215192796901897,0.8461538461538461,0.15384615384615385,6.480403718920707,85.0
pp_quantile_calibrated,FOODS_2_002_CA_3,605.7631073585678,474.4121483160506,131.35095904251722,0.0,0.7081089799055174,0.782051282051282,0.21794871794871795,6.082207029692957,90.0
pp_quantile_calibrated,FOODS_2_004_CA_1,578.1893463514459,445.6985244327245,132.49082191872134,0.0,0.754646626076442,0.8461538461538461,0.15384615384615385,5.714083646573392,108.0
pp_quantile_calibrated,FOODS_2_009_CA_1,547.4128387341752,489.4276574795698,57.98518125460542,0.0,0.8493891395984273,0.9230769230769231,0.07692307692307693,6.274713557430382,77.0
pp_quantile_calibrated,FOODS_2_009_WI_1,1027.3104482003403,753.102031574297,274.20841662604323,0.0,0.6217814943089058,0.7307692307692307,0.2692307692307692,9.655154250952526,145.0
pp_quantile_calibrated,FOODS_2_012_CA_3,505.8714333331927,500.77876125871757,5.0926720744751375,0.0,0.9636237708966061,0.9743589743589743,0.02564102564102564,6.420240528957917,28.0
pp_quantile_calibrated,FOODS_2_014_CA_3,751.5158081714554,620.7058544643351,130.8099537071204,0.0,0.7330409108017951,0.8205128205128205,0.1794871794871795,7.957767364927372,98.0
pp_quantile_calibrated,FOODS_2_014_TX_1,337.0968542527345,318.44030194531905,18.656552307415456,0.0,0.8713341220178245,0.9487179487179487,0.05128205128205128,4.0825679736579366,29.0
pp_quantile_calibrated,FOODS_2_015_CA_1,506.59427289659186,437.88374669598284,68.710526200609,0.0,0.7747195862275115,0.9102564102564102,0.08974358974358974,5.613894188410036,61.0
pp_quantile_calibrated,FOODS_2_017_WI_1,365.8643151964635,314.5623426899204,51.30197250654313,0.0,0.7719912333042528,0.9102564102564102,0.08974358974358974,4.032850547306672,45.0
pp_quantile_calibrated,FOODS_2_017_WI_3,386.2509656579444,386.2509656579444,0.0,0.0,1.0,1.0,0.0,4.951935457153133,2.0
pp_quantile_calibrated,FOODS_2_024_CA_4,529.4274933342158,428.34568157802266,101.08181175619319,0.0,0.6841193382618963,0.8717948717948718,0.1282051282051282,5.491611302282342,64.0
pp_quantile_calibrated,FOODS_2_024_TX_2,610.8470781067268,609.8045877133035,1.0424903934233676,0.0,0.9943649167923062,0.9871794871794872,0.01282051282051282,7.818007534785942,37.0
pp_quantile_calibrated,FOODS_2_029_TX_3,1606.1987857143354,1009.3736460106674,596.8251397036681,0.0,0.5659453529427868,0.717948717948718,0.28205128205128205,12.94068776936753,275.0
pp_quantile_calibrated,FOODS_2_031_TX_1,1316.3879056964504,1316.3879056964504,0.0,0.0,1.0,1.0,0.0,16.876768021749363,9.0
pp_quantile_calibrated,FOODS_2_034_WI_3,613.1988098358587,577.2733044128659,35.92550542299282,0.0,0.9210428452241917,0.9358974358974359,0.0641025641025641,7.400939800164947,91.0
pp_quantile_calibrated,FOODS_2_043_TX_2,453.7339605100134,401.65297058821017,52.0809899218032,0.0,0.6279929291299771,0.8974358974358975,0.10256410256410256,5.149397058823207,28.0
pp_quantile_calibrated,FOODS_2_045_TX_1,1555.171132369997,1555.171132369997,0.0,0.0,1.0,1.0,0.0,19.938091440640985,16.0
pp_quantile_calibrated,FOODS_2_046_CA_3,513.7470212098881,486.17708069361805,27.56994051627008,0.0,0.709790099828736,0.9358974358974359,0.0641025641025641,6.233039496072026,19.0
pp_quantile_calibrated,FOODS_2_047_CA_4,490.05906280588454,392.24996979288557,97.80909301299894,0.0,0.7320298821561673,0.8205128205128205,0.1794871794871795,5.028845766575456,73.0
pp_quantile_calibrated,FOODS_2_047_WI_3,684.187314490396,581.9817165374669,102.20559795292911,0.0,0.71998466314266,0.8717948717948718,0.1282051282051282,7.461304058172653,73.0
pp_quantile_calibrated,FOODS_2_051_WI_3,619.9281422130985,487.17909641757694,132.74904579552157,0.0,0.641218795147239,0.7948717948717948,0.20512820512820512,6.2458858515073965,74.0
pp_quantile_calibrated,FOODS_2_055_TX_1,568.8393998122498,470.0299025412222,98.80949727102754,0.0,0.7919800057452052,0.8846153846153846,0.11538461538461539,6.026024391554131,95.0
pp_quantile_calibrated,FOODS_2_067_CA_2,1406.474480773326,1406.474480773326,0.0,0.0,1.0,1.0,0.0,18.03172411247854,15.0
pp_quantile_calibrated,FOODS_2_067_WI_3,687.7765442756347,687.7765442756347,0.0,0.0,1.0,1.0,0.0,8.817648003533778,0.0
pp_quantile_calibrated,FOODS_2_082_TX_3,1295.6481596905571,1079.541970606809,216.1061890837482,0.0,0.7860334761547048,0.8461538461538461,0.15384615384615385,13.840281674446269,202.0
pp_quantile_calibrated,FOODS_2_084_WI_1,557.1540470363989,508.2220121274171,48.93203490898177,0.0,0.8601941859743378,0.9102564102564102,0.08974358974358974,6.515666822146373,70.0
pp_quantile_calibrated,FOODS_2_085_TX_2,338.5173603603743,297.6737834378884,40.84357692248591,0.0,0.7792239085271031,0.9102564102564102,0.08974358974358974,3.816330556896005,37.0
pp_quantile_calibrated,FOODS_2_087_WI_3,385.22334263514875,384.5603031481885,0.6630394869602663,0.0,0.9926328945893305,0.9871794871794872,0.01282051282051282,4.930260296771648,18.0
pp_quantile_calibrated,FOODS_2_100_WI_3,822.522204832434,566.9766356779154,255.54556915451855,0.0,0.6296441026746108,0.7692307692307693,0.23076923076923078,7.268931226639941,138.0
pp_quantile_calibrated,FOODS_2_101_WI_1,483.39396353413986,382.50709345049336,100.88687008364647,0.0,0.7853470849284117,0.8717948717948718,0.1282051282051282,4.9039370955191455,94.0
pp_quantile_calibrated,FOODS_2_104_CA_2,503.11563654388266,453.5695566391201,49.546079904762564,0.0,0.8475505233699614,0.8974358974358975,0.10256410256410256,5.814994315886155,65.0
pp_quantile_calibrated,FOODS_2_105_TX_3,441.8656790546997,384.0131555868742,57.852523467825506,0.0,0.781688590687451,0.9102564102564102,0.08974358974358974,4.923245584447105,53.0
pp_quantile_calibrated,FOODS_2_107_CA_1,601.7191154137836,483.73777854832224,117.98133686546129,0.0,0.7157076220109367,0.8205128205128205,0.1794871794871795,6.201766391645157,83.0
pp_quantile_calibrated,FOODS_2_107_CA_3,1055.0875240515759,824.0408063704517,231.0467176811241,0.0,0.6116861887712199,0.8333333333333334,0.16666666666666666,10.564625722698098,119.0
pp_quantile_calibrated,FOODS_2_108_TX_1,382.21845720805584,330.7106469166504,51.50781029140546,0.0,0.7547247128980692,0.8974358974358975,0.10256410256410256,4.2398800886750045,42.0
pp_quantile_calibrated,FOODS_2_108_WI_2,840.9262450865615,606.1622720316059,234.76397305495556,0.0,0.6597623578913687,0.7435897435897436,0.2564102564102564,7.7713111798923835,138.0
pp_quantile_calibrated,FOODS_2_116_TX_3,695.3926376215828,668.6267042985618,26.765933323021063,0.0,0.9295633333604709,0.9487179487179487,0.05128205128205128,8.572137234596946,76.0
pp_quantile_calibrated,FOODS_2_117_WI_2,1638.6922236193873,1329.4003296815085,309.29189393787874,0.0,0.7250738720552189,0.7564102564102564,0.24358974358974358,17.04359397027575,225.0
pp_quantile_calibrated,FOODS_2_118_CA_2,309.9477894641546,245.6137356691289,64.33405379502567,0.0,0.6700817754101248,0.8846153846153846,0.11538461538461539,3.1488940470401143,39.0
pp_quantile_calibrated,FOODS_2_118_CA_4,338.1189999935251,222.97107698948628,115.1479230040388,0.0,0.5571233730613893,0.782051282051282,0.21794871794871795,2.85860355114726,52.0
pp_quantile_calibrated,FOODS_2_124_CA_4,403.69215684953105,400.20954086616257,3.482615983368449,0.0,0.9668322287298243,0.9871794871794872,0.01282051282051282,5.130891549566186,21.0
pp_quantile_calibrated,FOODS_2_124_WI_2,364.43549023652133,356.45457218917295,7.980918047348373,0.0,0.9113231328072402,0.9743589743589743,0.02564102564102564,4.569930412681704,18.0
pp_quantile_calibrated,FOODS_2_128_TX_3,6768.179186786223,5874.075120717349,894.1040660688743,0.0,0.4597558513179007,0.7435897435897436,0.2564102564102564,75.30865539381216,331.0
pp_quantile_calibrated,FOODS_2_129_TX_2,316.5716594850314,314.81324116388953,1.758418321141848,0.0,0.9780197709857269,0.9871794871794872,0.01282051282051282,4.03606719440884,16.0
pp_quantile_calibrated,FOODS_2_130_WI_2,1221.8009239174125,1105.9606038621941,115.84032005521848,0.0,0.893724477013561,0.8974358974358975,0.10256410256410256,14.178982100797361,218.0
pp_quantile_calibrated,FOODS_2_132_TX_2,645.4277995427111,645.4277995427111,0.0,0.0,1.0,1.0,0.0,8.274715378752706,0.0
pp_quantile_calibrated,FOODS_2_133_TX_2,471.071057515337,395.54062279246165,75.53043472287536,0.0,0.7149794916117911,0.8717948717948718,0.1282051282051282,5.07103362554438,53.0
pp_quantile_calibrated,FOODS_2_133_TX_3,465.31130198189743,306.89929210897753,158.4120098729199,0.0,0.47195996709026705,0.7692307692307693,0.23076923076923078,3.9346063090894554,60.0
pp_quantile_calibrated,FOODS_2_141_CA_3,664.4007993671776,539.3531842953726,125.04761507180497,0.0,0.8105339165578712,0.7692307692307693,0.23076923076923078,6.914784414043238,132.0
pp_quantile_calibrated,FOODS_2_146_WI_1,628.24681365482,505.6188337031796,122.62797995164043,0.0,0.7885724483592407,0.8589743589743589,0.14102564102564102,6.482292739784354,116.0
pp_quantile_calibrated,FOODS_2_148_CA_2,502.0468287221063,450.7806377194323,51.26619100267397,0.0,0.8232200310252622,0.8717948717948718,0.1282051282051282,5.779238945120928,58.0
pp_quantile_calibrated,FOODS_2_149_TX_1,1480.1709113009392,1060.9524412047085,419.21847009623065,0.0,0.6737599454504041,0.7307692307692307,0.2692307692307692,13.60195437441934,257.0
pp_quantile_calibrated,FOODS_2_155_CA_4,891.7189297065053,891.7189297065053,0.0,0.0,1.0,1.0,0.0,11.432293970596222,10.0
pp_quantile_calibrated,FOODS_2_159_CA_1,304.44421104746266,271.9758627043027,32.46834834315997,0.0,0.7835443443789335,0.9230769230769231,0.07692307692307693,3.4868700346705475,30.0
pp_quantile_calibrated,FOODS_2_163_TX_3,559.5961955876642,458.24231462315925,101.35388096450491,0.0,0.7260705919878245,0.8333333333333334,0.16666666666666666,5.874901469527683,74.0
pp_quantile_calibrated,FOODS_2_165_CA_4,459.74727259885117,458.29864344002976,1.4486291588214062,0.0,0.9710274168235719,0.9871794871794872,0.01282051282051282,5.875623633846535,10.0
pp_quantile_calibrated,FOODS_2_165_TX_1,382.6604386098837,382.6604386098837,0.0,0.0,1.0,1.0,0.0,4.905903059101074,4.0
pp_quantile_calibrated,FOODS_2_166_TX_2,1907.1097092221428,1884.3071126869156,22.802596535227142,0.0,0.5854073357231429,0.9871794871794872,0.01282051282051282,24.1577834959861,11.0
pp_quantile_calibrated,FOODS_2_169_TX_3,303.26211197971406,301.97812270262256,1.2839892770915018,0.0,0.9828801429721133,0.9871794871794872,0.01282051282051282,3.8715143936233662,15.0
pp_quantile_calibrated,FOODS_2_172_CA_2,486.1869240716783,344.3758450360886,141.81107903558964,0.0,0.7219390607145301,0.8333333333333334,0.16666666666666666,4.41507493636011,102.0
pp_quantile_calibrated,FOODS_2_176_WI_3,340.30512049484787,336.7860874159791,3.5190330788687607,0.0,0.9560120865141405,0.9871794871794872,0.01282051282051282,4.317770351486912,16.0
pp_quantile_calibrated,FOODS_2_177_WI_1,460.23597326312904,403.83203223066386,56.40394103246517,0.0,0.7599832296490844,0.9358974358974359,0.0641025641025641,5.177333746546973,47.0
pp_quantile_calibrated,FOODS_2_182_TX_3,367.60251057349194,339.79261018935495,27.809900384137002,0.0,0.8205812878442774,0.9487179487179487,0.05128205128205128,4.3563155152481405,31.0
pp_quantile_calibrated,FOODS_2_183_CA_4,1386.3575972782787,1137.0576582193248,249.29993905895378,0.0,0.7793805849035808,0.8076923076923077,0.19230769230769232,14.57766228486314,226.0
pp_quantile_calibrated,FOODS_2_186_TX_1,245.64121101729768,225.23440032112924,20.40681069616843,0.0,0.892595733178061,0.9358974358974359,0.0641025641025641,2.8876205169375546,38.0
pp_quantile_calibrated,FOODS_2_187_CA_1,307.722027830446,255.68138942228293,52.04063840816309,0.0,0.7831640066326538,0.8846153846153846,0.11538461538461539,3.2779665310549095,48.0
pp_quantile_calibrated,FOODS_2_192_CA_2,850.0395241130531,766.9778738857209,83.06165022733217,0.0,0.8567902582287374,0.8846153846153846,0.11538461538461539,9.83304966520155,116.0
pp_quantile_calibrated,FOODS_2_192_TX_1,366.7635575175099,355.71680006456893,11.04675745294097,0.0,0.8895324254705903,0.9871794871794872,0.01282051282051282,4.560471795699602,20.0
pp_quantile_calibrated,FOODS_2_198_CA_4,329.56392796179165,286.89803179857904,42.665896163212615,0.0,0.5733410383678739,0.9102564102564102,0.08974358974358974,3.6781798948535775,20.0
pp_quantile_calibrated,FOODS_2_200_TX_1,544.7022207508811,500.0236912493777,44.67852950150339,0.0,0.7021431366566441,0.9487179487179487,0.05128205128205128,6.410560144222791,30.0
pp_quantile_calibrated,FOODS_2_201_WI_3,723.9040790797497,551.1885781065544,172.7155009731954,0.0,0.7214266113335559,0.8076923076923077,0.19230769230769232,7.066520232135312,124.0
pp_quantile_calibrated,FOODS_2_202_WI_3,432.1410381275597,364.74309320827314,67.39794491928652,0.0,0.7549165639298672,0.8717948717948718,0.1282051282051282,4.676193502670168,55.0
pp_quantile_calibrated,FOODS_2_204_CA_4,838.185318707597,630.0853954244274,208.09992328316966,0.0,0.7522619960914647,0.782051282051282,0.21794871794871795,8.078017890056762,168.0
pp_quantile_calibrated,FOODS_2_206_CA_3,1121.1232180162272,1007.1416368743481,113.98158114187893,0.0,0.8733537987312456,0.8717948717948718,0.1282051282051282,12.912072267619848,180.0
pp_quantile_calibrated,FOODS_2_207_CA_3,467.1176655588421,467.1176655588421,0.0,0.0,1.0,1.0,0.0,5.988688019985155,13.0
pp_quantile_calibrated,FOODS_2_208_TX_1,861.8657430996421,745.0812004482568,116.7845426513853,0.0,0.8230537232554769,0.8076923076923077,0.19230769230769232,9.55232308266996,132.0
pp_quantile_calibrated,FOODS_2_212_CA_2,868.7195755253588,781.1023458138884,87.61722971147032,0.0,0.8449252571478401,0.8461538461538461,0.15384615384615385,10.014132638639595,113.0
pp_quantile_calibrated,FOODS_2_214_CA_3,533.7381014453385,525.1136470722325,8.624454373105994,0.0,0.9520863645938556,0.9871794871794872,0.01282051282051282,6.732226244515802,36.0
pp_quantile_calibrated,FOODS_2_218_CA_4,378.11938301107773,343.11931021051464,35.00007280056312,0.0,0.8571425599977017,0.9358974358974359,0.0641025641025641,4.398965515519419,49.0
pp_quantile_calibrated,FOODS_2_219_TX_1,459.0029886321197,405.2562659610037,53.746722671116,0.0,0.7171225122572843,0.8717948717948718,0.1282051282051282,5.195593153346201,38.0
pp_quantile_calibrated,FOODS_2_224_TX_2,328.23732622720286,283.75014496776055,44.487181259442316,0.0,0.8321238443039912,0.8846153846153846,0.11538461538461539,3.6378223713815454,53.0
pp_quantile_calibrated,FOODS_2_231_CA_1,717.1102210919018,717.1102210919018,0.0,0.0,1.0,1.0,0.0,9.19372078322951,40.0
pp_quantile_calibrated,FOODS_2_234_WI_3,392.32247675225136,387.937231249692,4.385245502559378,0.0,0.9451844312180078,0.9871794871794872,0.01282051282051282,4.973554246790923,16.0
pp_quantile_calibrated,FOODS_2_235_CA_2,715.411311354417,615.9747859871504,99.43652536726654,0.0,0.7660317050181964,0.8846153846153846,0.11538461538461539,7.897112640860903,85.0
pp_quantile_calibrated,FOODS_2_241_CA_3,3552.124640445736,2253.2210353096457,1298.9036051360904,0.0,0.6784892066494825,0.6666666666666666,0.3333333333333333,28.887449170636483,808.0
pp_quantile_calibrated,FOODS_2_241_WI_3,1364.4851958160816,984.3115534059793,380.17364241010233,0.0,0.7225009909415312,0.7435897435897436,0.2564102564102564,12.619378889820249,274.0
pp_quantile_calibrated,FOODS_2_242_CA_3,943.9477519766128,833.1023308159214,110.84542116069144,0.0,0.8072253545031454,0.8717948717948718,0.1282051282051282,10.680799113024634,115.0
pp_quantile_calibrated,FOODS_2_242_WI_1,1061.7380684133095,718.0730332990155,343.6650351142941,0.0,0.6026993813707583,0.7692307692307693,0.23076923076923078,9.206064529474558,173.0
pp_quantile_calibrated,FOODS_2_250_WI_2,1074.0996185377935,988.7113671954165,85.38825134237698,0.0,0.7105483005343154,0.8974358974358975,0.10256410256410256,12.675786758915596,59.0
pp_quantile_calibrated,FOODS_2_253_CA_1,675.8597305857085,568.7414376676606,107.11829291804784,0.0,0.7720887384722387,0.8461538461538461,0.15384615384615385,7.2915568931751364,94.0
pp_quantile_calibrated,FOODS_2_254_TX_3,507.48845687383414,403.9772542467745,103.51120262705962,0.0,0.5940737151880014,0.782051282051282,0.21794871794871795,5.17919556726634,51.0
pp_quantile_calibrated,FOODS_2_254_WI_1,205.36515075592598,153.24657383795875,52.11857691796723,0.0,0.6139364672743168,0.9102564102564102,0.08974358974358974,1.9646996645892147,27.0
pp_quantile_calibrated,FOODS_2_255_TX_2,2503.000000000002,2493.0000000000023,9.999999999999432,0.0,0.9677419354838728,0.9743589743589743,0.02564102564102564,31.961538461538492,62.0
pp_quantile_calibrated,FOODS_2_261_WI_2,757.1424776705633,680.5748518398617,76.56762583070162,0.0,0.8279379194815694,0.8717948717948718,0.1282051282051282,8.725318613331561,89.0
pp_quantile_calibrated,FOODS_2_270_CA_3,648.5883794760975,636.7185288217213,11.86985065437625,0.0,0.8681127705069306,0.9615384615384616,0.038461538461538464,8.16305806181694,18.0
pp_quantile_calibrated,FOODS_2_270_WI_2,448.9243395854042,403.886215080836,45.03812450456818,0.0,0.7426392885453248,0.9230769230769231,0.07692307692307693,5.178028398472256,35.0
pp_quantile_calibrated,FOODS_2_271_WI_2,378.09293303450335,378.09293303450335,0.0,0.0,1.0,1.0,0.0,4.847345295314145,13.0
pp_quantile_calibrated,FOODS_2_273_TX_3,266.4945404977438,240.9701374764567,25.524403021287114,0.0,0.6809449622339111,0.9487179487179487,0.05128205128205128,3.08936073687765,16.0
pp_quantile_calibrated,FOODS_2_274_CA_3,1649.4216380214953,1383.0190986737446,266.4025393477506,0.0,0.7894051072349798,0.8589743589743589,0.14102564102564102,17.731014085560826,253.0
pp_quantile_calibrated,FOODS_2_274_TX_2,1103.918199985731,1018.9611117081959,84.95708827753519,0.0,0.875063105474213,0.9358974358974359,0.0641025641025641,13.063603996258921,136.0
pp_quantile_calibrated,FOODS_2_278_CA_4,456.1724262480751,345.77531185085206,110.39711439722304,0.0,0.6320096186759232,0.8589743589743589,0.14102564102564102,4.4330168186006675,60.0
pp_quantile_calibrated,FOODS_2_284_TX_3,324.1142281609086,324.1142281609086,0.0,0.0,1.0,1.0,0.0,4.1553106174475465,25.0
pp_quantile_calibrated,FOODS_2_284_WI_2,446.4490375346239,357.8768705584315,88.57216697619245,0.0,0.6657654076370095,0.8717948717948718,0.1282051282051282,4.588165007159378,53.0
pp_quantile_calibrated,FOODS_2_290_WI_1,756.4698103764996,531.0468688045733,225.42294157192634,0.0,0.6779672263258195,0.7307692307692307,0.2692307692307692,6.808293189802221,140.0
pp_quantile_calibrated,FOODS_2_298_TX_2,1484.526813736806,1467.2786432655703,17.248170471235646,0.0,0.9158625830671432,0.9615384615384616,0.038461538461538464,18.811264657250902,41.0
pp_quantile_calibrated,FOODS_2_306_TX_1,336.9310968210151,304.6307912183871,32.300305602628015,0.0,0.8654153933223833,0.9230769230769231,0.07692307692307693,3.9055229643382963,48.0
pp_quantile_calibrated,FOODS_2_309_TX_2,640.8780283626406,530.6313158393959,110.2467125232447,0.0,0.6062617409884118,0.8205128205128205,0.1794871794871795,6.802965587684564,56.0
pp_quantile_calibrated,FOODS_2_311_WI_3,672.3982244043681,518.5567583656057,153.84146603876243,0.0,0.6618868878268958,0.8076923076923077,0.19230769230769232,6.648163568789816,91.0
pp_quantile_calibrated,FOODS_2_312_CA_1,383.66706767262355,362.79376370607304,20.87330396655053,0.0,0.8653335227964482,0.9487179487179487,0.05128205128205128,4.6512020987958085,31.0
pp_quantile_calibrated,FOODS_2_312_TX_2,582.323288109073,519.8604169422705,62.4628711668025,0.0,0.8240482502343591,0.8589743589743589,0.14102564102564102,6.664877140285519,71.0
pp_quantile_calibrated,FOODS_2_313_CA_4,745.3971909490239,745.3971909490239,0.0,0.0,1.0,1.0,0.0,9.556374242936203,2.0
pp_quantile_calibrated,FOODS_2_321_WI_1,377.2343074025548,281.6991482313456,95.5351591712092,0.0,0.7190142377317376,0.8205128205128205,0.1794871794871795,3.6115275414275074,68.0
pp_quantile_calibrated,FOODS_2_325_WI_3,2368.247403417417,1570.4714117717458,797.7759916456713,0.0,0.688976221580635,0.6666666666666666,0.3333333333333333,20.134248868868536,513.0
pp_quantile_calibrated,FOODS_2_326_WI_1,2108.628596356346,1621.8114046663338,486.8171916900121,0.0,0.8120396943281807,0.7435897435897436,0.2564102564102564,20.79245390597864,518.0
pp_quantile_calibrated,FOODS_2_329_TX_3,229.39056331360368,224.78675888488783,4.603804428715854,0.0,0.9515389007503594,0.9871794871794872,0.01282051282051282,2.8818815241652285,19.0
pp_quantile_calibrated,FOODS_2_332_TX_2,394.9544176054053,389.83579148710646,5.1186261182988435,0.0,0.9777451038334831,0.9743589743589743,0.02564102564102564,4.9978947626552115,46.0
pp_quantile_calibrated,FOODS_2_332_WI_1,331.1993096177722,292.5995175634159,38.59979205435634,0.0,0.7913524753818575,0.9230769230769231,0.07692307692307693,3.7512758661976395,37.0
pp_quantile_calibrated,FOODS_2_338_TX_3,759.621624687544,645.5234405784771,114.09818410906692,0.0,0.8098363598182218,0.8205128205128205,0.1794871794871795,8.275941545877911,120.0
pp_quantile_calibrated,FOODS_2_340_WI_2,765.036497053324,685.2285289471918,79.80796810613221,0.0,0.8265044171605822,0.8717948717948718,0.1282051282051282,8.784981140348613,92.0
pp_quantile_calibrated,FOODS_2_342_CA_3,2066.2484600663056,1489.3479341909097,576.9005258753962,0.0,0.726587428495073,0.7307692307692307,0.2692307692307692,19.09420428449884,422.0
pp_quantile_calibrated,FOODS_2_347_WI_3,3484.4133589329595,2303.6329263605708,1180.7804325723887,0.0,0.647528229082869,0.6923076923076923,0.3076923076923077,29.533755466161164,670.0
pp_quantile_calibrated,FOODS_2_350_WI_2,691.2112491087247,641.5580198798409,49.65322922888384,0.0,0.6575639363525253,0.8846153846153846,0.11538461538461539,8.225102818972319,29.0
pp_quantile_calibrated,FOODS_2_351_CA_1,408.98653942023225,318.72433285690965,90.26220656332256,0.0,0.652837667064144,0.8974358974358975,0.10256410256410256,4.086209395601406,52.0
pp_quantile_calibrated,FOODS_2_354_CA_4,596.2120611174462,563.8486832939208,32.36337782352536,0.0,0.6593328650155225,0.9358974358974359,0.0641025641025641,7.2288292729989845,19.0
pp_quantile_calibrated,FOODS_2_355_WI_2,911.3211520038876,753.9469328659047,157.37421913798292,0.0,0.794282066486297,0.7948717948717948,0.20512820512820512,9.665986318793651,153.0
pp_quantile_calibrated,FOODS_2_356_CA_2,751.8870167109002,608.4592426045969,143.42777410630333,0.0,0.789076802784848,0.8589743589743589,0.14102564102564102,7.800759520571755,136.0
pp_quantile_calibrated,FOODS_2_370_CA_2,486.21779546962125,389.460306305712,96.7574891639093,0.0,0.5882660035578327,0.8461538461538461,0.15384615384615385,4.99308085007323,47.0
pp_quantile_calibrated,FOODS_2_370_CA_3,796.2864509653634,753.3625632335493,42.92388773181416,0.0,0.7615339570454769,0.9102564102564102,0.08974358974358974,9.658494400430119,36.0
pp_quantile_calibrated,FOODS_2_371_WI_3,2923.120970616817,2222.1838359500625,700.9371346667543,0.0,0.7767716131634539,0.7564102564102564,0.24358974358974358,28.489536358334135,628.0
pp_quantile_calibrated,FOODS_2_376_TX_1,400.46359916518946,370.9617968783738,29.501802286815675,0.0,0.8744604158007844,0.9102564102564102,0.08974358974358974,4.755920472799664,47.0
pp_quantile_calibrated,FOODS_2_386_CA_2,474.29446242573067,416.07503290306266,58.21942952266798,0.0,0.7623696754176816,0.9102564102564102,0.08974358974358974,5.334295293629008,49.0
pp_quantile_calibrated,FOODS_2_387_WI_2,1048.581465681228,1020.5038497703266,28.077615910901564,0.0,0.9494097010614386,0.9487179487179487,0.05128205128205128,13.083382689363162,111.0
pp_quantile_calibrated,FOODS_2_389_TX_2,2382.038364857454,2382.038364857454,0.0,0.0,1.0,1.0,0.0,30.538953395608385,3.0
pp_quantile_calibrated,FOODS_2_390_CA_4,1524.0316585768312,1524.0316585768312,0.0,0.0,1.0,1.0,0.0,19.538867417651684,4.0
pp_quantile_calibrated,FOODS_2_399_TX_2,711.8526890401758,607.3792838583679,104.47340518180792,0.0,0.8065307311448001,0.8461538461538461,0.15384615384615385,7.786913895620101,108.0
pp_quantile_calibrated,FOODS_3_003_WI_3,864.9324426256521,816.68835686093,48.244085764722215,0.0,0.7162112602075164,0.9358974358974359,0.0641025641025641,10.470363549499101,34.0
pp_quantile_calibrated,FOODS_3_009_CA_4,336.07491881569103,285.686169361204,50.38874945448703,0.0,0.7900468772729708,0.8589743589743589,0.14102564102564102,3.662643196938513,48.0
pp_quantile_calibrated,FOODS_3_009_TX_2,619.3046508322067,560.2725363770113,59.03211445519535,0.0,0.844652330381065,0.9102564102564102,0.08974358974358974,7.182981235602709,76.0
pp_quantile_calibrated,FOODS_3_011_CA_1,1011.7570788553097,694.9703959044134,316.7866829508963,0.0,0.7245333191731336,0.7307692307692307,0.2692307692307692,8.909876870569402,230.0
pp_quantile_calibrated,FOODS_3_014_CA_1,790.6935381585808,790.6935381585808,0.0,0.0,1.0,1.0,0.0,10.13709664305873,2.0
pp_quantile_calibrated,FOODS_3_019_TX_2,488.35510623776634,488.35510623776634,0.0,0.0,1.0,1.0,0.0,6.260962900484183,48.0
pp_quantile_calibrated,FOODS_3_022_CA_1,274.215707816489,270.78804735281994,3.4276604636690244,0.0,0.976360962319524,0.9871794871794872,0.01282051282051282,3.4716416327284607,29.0
pp_quantile_calibrated,FOODS_3_023_TX_1,536.0896825324438,406.54939282817475,129.54028970426907,0.0,0.6915707387993594,0.8205128205128205,0.1794871794871795,5.212171702925318,84.0
pp_quantile_calibrated,FOODS_3_023_TX_3,364.42843987729907,315.1195233622429,49.308916515056175,0.0,0.8356369449498128,0.8846153846153846,0.11538461538461539,4.039993889259525,60.0
pp_quantile_calibrated,FOODS_3_023_WI_2,423.82554861425376,375.3955882799568,48.42996033429696,0.0,0.8172454327007662,0.8974358974358975,0.10256410256410256,4.812763952307138,53.0
pp_quantile_calibrated,FOODS_3_024_TX_3,1506.7583573707236,1488.7473141335913,18.011043237132363,0.0,0.9815271351414028,0.9615384615384616,0.038461538461538464,19.086504027353733,195.0
pp_quantile_calibrated,FOODS_3_024_WI_1,2253.3169074771745,2198.3169074771745,55.0,0.0,0.8533333333333334,0.9743589743589743,0.02564102564102564,28.18355009586121,75.0
pp_quantile_calibrated,FOODS_3_026_CA_1,962.8938199393726,758.3839163521411,204.50990358723152,0.0,0.7621977865264749,0.8076923076923077,0.19230769230769232,9.722870722463348,172.0
pp_quantile_calibrated,FOODS_3_030_TX_3,7023.605715965985,4692.881369276933,2330.7243466890523,0.0,0.721538309834044,0.6538461538461539,0.34615384615384615,60.16514575996067,1674.0
pp_quantile_calibrated,FOODS_3_034_CA_1,804.7846494309158,603.1699681256727,201.61468130524315,0.0,0.7180214247479116,0.8205128205128205,0.1794871794871795,7.732948309303495,143.0
pp_quantile_calibrated,FOODS_3_035_WI_1,539.1415135843006,489.75406354027155,49.38745004402907,0.0,0.8380739342818719,0.9358974358974359,0.0641025641025641,6.278898250516302,61.0
pp_quantile_calibrated,FOODS_3_036_CA_4,554.4478349900271,547.0544538099111,7.393381180115917,0.0,0.8357026404418685,0.9871794871794872,0.01282051282051282,7.013518638588605,9.0
pp_quantile_calibrated,FOODS_3_038_CA_4,437.72654021790675,356.00760150186943,81.71893871603729,0.0,0.7631335109680079,0.8717948717948718,0.1282051282051282,4.564200019254736,69.0
pp_quantile_calibrated,FOODS_3_038_WI_1,564.857754103322,471.5545652453054,93.30318885801663,0.0,0.7408244753943982,0.8717948717948718,0.1282051282051282,6.045571349298787,72.0
pp_quantile_calibrated,FOODS_3_040_WI_1,1155.7565775308433,940.5771345956581,215.17944293518514,0.0,0.5218234601440331,0.7564102564102564,0.24358974358974358,12.058681212764848,90.0
pp_quantile_calibrated,FOODS_3_048_TX_1,789.1778536929179,776.1296037944451,13.048249898472859,0.0,0.9592242190672723,0.9743589743589743,0.02564102564102564,9.950379535826219,64.0
pp_quantile_calibrated,FOODS_3_048_TX_3,775.9220912066424,726.6002974356451,49.32179377099742,0.0,0.9095012958330322,0.9230769230769231,0.07692307692307693,9.315388428662116,109.0
pp_quantile_calibrated,FOODS_3_049_TX_1,344.1394197693252,338.1775742800404,5.961845489284743,0.0,0.9574153893622519,0.9871794871794872,0.01282051282051282,4.335609926667185,28.0
pp_quantile_calibrated,FOODS_3_050_CA_2,513.0824241144143,457.8292644675778,55.25315964683645,0.0,0.8350651950840703,0.8974358974358975,0.10256410256410256,5.869605954712536,67.0
pp_quantile_calibrated,FOODS_3_053_CA_4,613.2167208829115,469.39948366535106,143.8172372175605,0.0,0.676815197263909,0.8589743589743589,0.14102564102564102,6.017942098273731,89.0
pp_quantile_calibrated,FOODS_3_054_WI_3,1037.3999999999987,1037.3999999999987,0.0,0.0,1.0,1.0,0.0,13.299999999999983,0.0
pp_quantile_calibrated,FOODS_3_057_WI_3,299.37585300917635,278.15750807591877,21.218344933257555,0.0,0.7878165506674245,0.9358974358974359,0.0641025641025641,3.566121898409215,20.0
pp_quantile_calibrated,FOODS_3_066_CA_4,1614.381339004061,1220.7269412944927,393.6543977095681,0.0,0.716795397331246,0.7435897435897436,0.2564102564102564,15.650345401211444,278.0
pp_quantile_calibrated,FOODS_3_066_TX_3,1386.3900328569825,1034.2431022560718,352.14693060091065,0.0,0.7227189522827475,0.7564102564102564,0.24358974358974358,13.25952695200092,254.0
pp_quantile_calibrated,FOODS_3_067_CA_4,502.3329967597899,415.4464731100338,86.88652364975607,0.0,0.8002608651729745,0.8589743589743589,0.14102564102564102,5.326236834744023,87.0
pp_quantile_calibrated,FOODS_3_072_WI_3,279.3034776285288,240.83897333314135,38.46450429538746,0.0,0.7863083094700696,0.9230769230769231,0.07692307692307693,3.087679145296684,36.0
pp_quantile_calibrated,FOODS_3_074_CA_2,1095.7089113466513,869.3457339214721,226.36317742517934,0.0,0.752608549262099,0.7948717948717948,0.20512820512820512,11.14545812719836,183.0
pp_quantile_calibrated,FOODS_3_091_TX_1,302.6315610394159,235.79765061886064,66.83391042055526,0.0,0.7094177807801946,0.8717948717948718,0.1282051282051282,3.0230468028059057,46.0
pp_quantile_calibrated,FOODS_3_091_WI_1,301.7139622690686,243.54172944222975,58.17223282683884,0.0,0.5988121874011114,0.8717948717948718,0.1282051282051282,3.122329864643971,29.0
pp_quantile_calibrated,FOODS_3_094_TX_2,813.9279628872255,756.4131554990123,57.514807388213214,0.0,0.8838084699228015,0.8974358974358975,0.10256410256410256,9.697604557679645,99.0
pp_quantile_calibrated,FOODS_3_101_WI_3,1634.3876984977423,1246.7956076462208,387.5920908515217,0.0,0.721156769171567,0.7435897435897436,0.2564102564102564,15.984559072387446,278.0
pp_quantile_calibrated,FOODS_3_102_WI_2,664.7828369253037,548.1182058745551,116.66463105074865,0.0,0.7878824889986389,0.8717948717948718,0.1282051282051282,7.027156485571219,110.0
pp_quantile_calibrated,FOODS_3_103_TX_1,302.7827123477337,283.3289311365758,19.453781211157892,0.0,0.8308366851203661,0.9487179487179487,0.05128205128205128,3.6324221940586643,23.0
pp_quantile_calibrated,FOODS_3_103_WI_1,634.5381903414327,483.8604650634179,150.67772527801475,0.0,0.7800325178423142,0.7948717948717948,0.20512820512820512,6.203339295684845,137.0
pp_quantile_calibrated,FOODS_3_110_WI_1,411.9637670937977,402.21190395786874,9.751863135928946,0.0,0.9187344738672588,0.9743589743589743,0.02564102564102564,5.156562871254727,24.0
pp_quantile_calibrated,FOODS_3_111_TX_1,304.2651761365945,263.0607636918216,41.2044124447729,0.0,0.5421731950580789,0.8974358974358975,0.10256410256410256,3.3725738934848923,18.0
pp_quantile_calibrated,FOODS_3_111_WI_1,382.1776769703866,362.11505367923496,20.06262329115163,0.0,0.8746086044303023,0.9358974358974359,0.0641025641025641,4.64250068819532,32.0
pp_quantile_calibrated,FOODS_3_117_CA_4,470.800057038435,353.2932042596144,117.50685277882059,0.0,0.6987003774902038,0.8333333333333334,0.16666666666666666,4.529400054610441,78.0
pp_quantile_calibrated,FOODS_3_120_TX_1,4880.941862240466,2799.3179670291347,2081.6238952113313,0.0,0.5575719670114067,0.6410256410256411,0.358974358974359,35.88869188498891,941.0
pp_quantile_calibrated,FOODS_3_125_CA_1,931.8047544346526,906.6113342550292,25.193420179623445,0.0,0.8950274159182356,0.9487179487179487,0.05128205128205128,11.623222234038836,48.0
pp_quantile_calibrated,FOODS_3_126_WI_1,781.2439279452408,699.9415314156079,81.30239652963297,0.0,0.8699161655525872,0.8846153846153846,0.11538461538461539,8.973609377123179,125.0
pp_quantile_calibrated,FOODS_3_133_CA_1,2515.073599983267,1618.9217655811767,896.1518344020902,0.0,0.6855607598589157,0.6538461538461539,0.34615384615384615,20.755407251040726,570.0
pp_quantile_calibrated,FOODS_3_133_CA_2,2002.1265514194736,1444.3436971238946,557.782854295579,0.0,0.7537382541741374,0.6794871794871795,0.32051282051282054,18.517226886203776,453.0
pp_quantile_calibrated,FOODS_3_133_TX_1,1358.0427723933751,1069.7733158093913,288.2694565839838,0.0,0.7131647198169316,0.7692307692307693,0.23076923076923078,13.715042510376811,201.0
pp_quantile_calibrated,FOODS_3_134_TX_1,1623.0560426536395,1113.2474618121098,509.80858084152965,0.0,0.6965425114038515,0.7307692307692307,0.2692307692307692,14.27240335656551,336.0
pp_quantile_calibrated,FOODS_3_136_CA_1,1601.5755122505188,1140.9942665119406,460.58124573857833,0.0,0.7517082233215211,0.7051282051282052,0.2948717948717949,14.628131621947956,371.0
pp_quantile_calibrated,FOODS_3_138_WI_3,830.7404936195919,555.9913714280569,274.749122191535,0.0,0.6709591350999582,0.7307692307692307,0.2692307692307692,7.128094505487909,167.0
pp_quantile_calibrated,FOODS_3_141_TX_3,288.7701815312267,280.3906131715358,8.379568359690875,0.0,0.923822105820992,0.9743589743589743,0.02564102564102564,3.5947514509171254,22.0
pp_quantile_calibrated,FOODS_3_154_CA_1,364.0345730203486,355.33299248793423,8.701580532414393,0.0,0.9419894631172373,0.9871794871794872,0.01282051282051282,4.555551185742747,30.0
pp_quantile_calibrated,FOODS_3_155_TX_1,244.68730815879542,226.8046454749918,17.88266268380363,0.0,0.8013037479577374,0.9487179487179487,0.05128205128205128,2.907751865063997,18.0
pp_quantile_calibrated,FOODS_3_157_CA_2,537.7375213986504,511.03941103841186,26.698110360238605,0.0,0.9110062987992047,0.9230769230769231,0.07692307692307693,6.55178732100528,60.0
pp_quantile_calibrated,FOODS_3_158_WI_3,295.6076561750171,262.3977007013188,33.20995547369831,0.0,0.7709658243193221,0.9230769230769231,0.07692307692307693,3.3640730859143435,29.0
pp_quantile_calibrated,FOODS_3_160_CA_1,498.42698953805365,346.48104036029963,151.94594917775402,0.0,0.15585583790136653,0.8717948717948718,0.1282051282051282,4.442064620003841,36.0
pp_quantile_calibrated,FOODS_3_160_TX_1,468.0,468.0,0.0,0.0,1.0,1.0,0.0,6.0,0.0
pp_quantile_calibrated,FOODS_3_160_WI_2,369.4648493649133,330.5211925314314,38.94365683348192,0.0,0.40086681794643203,0.9487179487179487,0.05128205128205128,4.237451186300403,13.0
pp_quantile_calibrated,FOODS_3_161_WI_1,402.9641448374921,401.2067829569689,1.7573618805232094,0.0,0.9815014538892294,0.9871794871794872,0.01282051282051282,5.143676704576524,19.0
pp_quantile_calibrated,FOODS_3_162_WI_2,437.94388576762606,421.19410960846693,16.74977615915914,0.0,0.945082701117511,0.9487179487179487,0.05128205128205128,5.3999244821598325,61.0
pp_quantile_calibrated,FOODS_3_163_TX_2,450.4595295709469,335.63342290960105,114.82610666134588,0.0,0.7360319387095496,0.8333333333333334,0.16666666666666666,4.302992601405141,87.0
pp_quantile_calibrated,FOODS_3_169_TX_3,1164.1199727278834,966.7564322227269,197.36354050515644,0.0,0.7436837136296669,0.8076923076923077,0.19230769230769232,12.394313233624704,154.0
pp_quantile_calibrated,FOODS_3_171_WI_2,240.3268662112598,233.57755893949164,6.749307271768181,0.0,0.9100092363764243,0.9743589743589743,0.02564102564102564,2.9945840889678417,15.0
pp_quantile_calibrated,FOODS_3_172_CA_3,910.6811091792121,783.5292953332787,127.15181384593333,0.0,0.8468050435591165,0.8076923076923077,0.19230769230769232,10.045247376067676,166.0
pp_quantile_calibrated,FOODS_3_172_TX_3,1028.4475900997104,921.6649416890648,106.78264841064552,0.0,0.815891985498887,0.8717948717948718,0.1282051282051282,11.816217201141857,116.0
pp_quantile_calibrated,FOODS_3_176_WI_3,351.5024614986727,302.73827134673394,48.76419015193873,0.0,0.7832702659913834,0.9358974358974359,0.0641025641025641,3.8812598890606913,45.0
pp_quantile_calibrated,FOODS_3_178_WI_2,669.6132163251949,510.437493857643,159.17572246755194,0.0,0.7279047479187145,0.8333333333333334,0.16666666666666666,6.544070434072347,117.0
pp_quantile_calibrated,FOODS_3_180_WI_1,477.94001293374106,411.32477302760344,66.61523990613759,0.0,0.7815893773569259,0.8846153846153846,0.11538461538461539,5.273394525994916,61.0
pp_quantile_calibrated,FOODS_3_184_WI_3,1299.0,1094.0,205.0,0.0,0.3387096774193548,0.782051282051282,0.21794871794871795,14.025641025641026,62.0
pp_quantile_calibrated,FOODS_3_192_TX_2,839.0534669700005,714.2765770534068,124.77688991659376,0.0,0.8050361095053222,0.8205128205128205,0.1794871794871795,9.157392013505214,128.0
pp_quantile_calibrated,FOODS_3_197_WI_1,526.195025752165,498.70189242798875,27.493133324176213,0.0,0.8281679167238987,0.9230769230769231,0.07692307692307693,6.393614005487035,32.0
pp_quantile_calibrated,FOODS_3_198_TX_2,1353.8018604999033,1353.8018604999033,0.0,0.0,1.0,1.0,0.0,17.35643410897312,2.0
pp_quantile_calibrated,FOODS_3_198_WI_3,1307.6611905184973,1307.6611905184973,0.0,0.0,1.0,1.0,0.0,16.764887057929453,4.0
pp_quantile_calibrated,FOODS_3_199_CA_2,1019.4176425183663,929.382072646509,90.03556987185728,0.0,0.5998419116806343,0.8717948717948718,0.1282051282051282,11.915154777519346,45.0
pp_quantile_calibrated,FOODS_3_199_TX_1,578.3253085581064,540.3032505243971,38.02205803370924,0.0,0.7183551256762278,0.9230769230769231,0.07692307692307693,6.926964750312783,27.0
pp_quantile_calibrated,FOODS_3_204_CA_2,388.1505273496287,328.6723277177627,59.478199631866,0.0,0.8141306261504188,0.8846153846153846,0.11538461538461539,4.213747791253368,64.0
pp_quantile_calibrated,FOODS_3_204_CA_4,440.84068346595694,400.32117858832,40.51950487763698,0.0,0.8275765749887788,0.9487179487179487,0.05128205128205128,5.132322802414358,47.0
pp_quantile_calibrated,FOODS_3_205_TX_1,1179.2402307427562,1179.2402307427562,0.0,0.0,1.0,1.0,0.0,15.118464496702003,10.0
pp_quantile_calibrated,FOODS_3_208_WI_3,468.3120011235047,333.840392895881,134.47160822762368,0.0,0.7044580038953325,0.7692307692307693,0.23076923076923078,4.28000503712668,91.0
pp_quantile_calibrated,FOODS_3_209_TX_2,394.6768890706584,394.6768890706584,0.0,0.0,1.0,1.0,0.0,5.059960116290492,13.0
pp_quantile_calibrated,FOODS_3_210_TX_1,461.3074059315744,461.3074059315744,0.0,0.0,1.0,1.0,0.0,5.914197511943262,0.0
pp_quantile_calibrated,FOODS_3_211_CA_1,812.6775485980788,526.4523640453651,286.22518455271376,0.0,0.6024650214545643,0.717948717948718,0.28205128205128205,6.749389282632886,144.0
pp_quantile_calibrated,FOODS_3_215_CA_3,930.8529882674432,747.7361180047207,183.11687026272244,0.0,0.7987726700409643,0.8589743589743589,0.14102564102564102,9.58636048724001,182.0
pp_quantile_calibrated,FOODS_3_215_CA_4,695.6898891632288,516.0142867524753,179.67560241075347,0.0,0.6577607573128507,0.7435897435897436,0.2564102564102564,6.615567778877889,105.0
pp_quantile_calibrated,FOODS_3_224_CA_1,678.893373298568,425.9356999094073,252.9576733891607,0.0,0.6777609256189037,0.6794871794871795,0.32051282051282054,5.460714101402657,157.0
pp_quantile_calibrated,FOODS_3_229_CA_1,492.51438876281406,424.2926726994264,68.22171606338763,0.0,0.7324638585749504,0.8846153846153846,0.11538461538461539,5.4396496499926466,51.0
pp_quantile_calibrated,FOODS_3_232_WI_3,461.45607058993926,409.93956540008577,51.51650518985346,0.0,0.8126672538550783,0.8974358974358975,0.10256410256410256,5.255635453847254,55.0
pp_quantile_calibrated,FOODS_3_237_WI_3,642.4296127408574,612.8482529151712,29.581359825686153,0.0,0.8979953109459099,0.9487179487179487,0.05128205128205128,7.857028883527836,58.0
pp_quantile_calibrated,FOODS_3_239_CA_4,355.7174147581936,290.3624539477745,65.35496081041913,0.0,0.7623455970530213,0.8974358974358975,0.10256410256410256,3.7225955634330066,55.0
pp_quantile_calibrated,FOODS_3_240_TX_3,522.9305252966715,444.84917492590733,78.08135037076413,0.0,0.773677245302133,0.8846153846153846,0.11538461538461539,5.703194550332145,69.0
pp_quantile_calibrated,FOODS_3_243_WI_1,395.24983449232536,390.45175298946515,4.798081502860185,0.0,0.9494938789172612,0.9871794871794872,0.01282051282051282,5.005791704993143,19.0
pp_quantile_calibrated,FOODS_3_246_CA_2,851.1099262956344,672.3758967085035,178.73402958713083,0.0,0.7409651745114045,0.8205128205128205,0.1794871794871795,8.620203803955174,138.0
pp_quantile_calibrated,FOODS_3_246_TX_2,439.9251461325753,386.25935863404544,53.6657874985299,0.0,0.8180820762761698,0.8717948717948718,0.1282051282051282,4.952043059410839,59.0
pp_quantile_calibrated,FOODS_3_247_CA_3,780.6237157754705,632.8855847367419,147.73813103872865,0.0,0.6523808681441678,0.8333333333333334,0.16666666666666666,8.113917753035151,85.0
pp_quantile_calibrated,FOODS_3_255_WI_2,362.584005086562,362.584005086562,0.0,0.0,1.0,1.0,0.0,4.648512885725154,25.0
pp_quantile_calibrated,FOODS_3_256_WI_1,262.66308759864023,249.62432185633915,13.038765742301093,0.0,0.7102496501710868,0.9615384615384616,0.038461538461538464,3.2003118186710147,9.0
pp_quantile_calibrated,FOODS_3_257_TX_2,911.8362462581463,775.760666421429,136.0755798367172,0.0,0.8197674439248779,0.8333333333333334,0.16666666666666666,9.9456495695055,151.0
pp_quantile_calibrated,FOODS_3_258_CA_3,1735.5962875188025,1266.3615520708825,469.2347354479199,0.0,0.7039528482978423,0.782051282051282,0.21794871794871795,16.23540451372926,317.0
pp_quantile_calibrated,FOODS_3_258_TX_1,1170.931574292729,988.8778543812609,182.05371991146805,0.0,0.8241026860758763,0.782051282051282,0.21794871794871795,12.677921210016166,207.0
pp_quantile_calibrated,FOODS_3_258_TX_2,1180.551926408607,1026.1525362297311,154.39939017887576,0.0,0.8536498671290277,0.8333333333333334,0.16666666666666666,13.155801746535015,211.0
pp_quantile_calibrated,FOODS_3_258_WI_2,1740.0887877492023,1208.4508118889946,531.6379758602078,0.0,0.7013269798538158,0.717948717948718,0.28205128205128205,15.492959126781983,356.0
pp_quantile_calibrated,FOODS_3_265_TX_3,568.8177819306887,533.0286837484829,35.789098182205876,0.0,0.9105272545444854,0.9102564102564102,0.08974358974358974,6.833701073698498,80.0
pp_quantile_calibrated,FOODS_3_265_WI_2,467.4263361529976,415.76131847880265,51.66501767419496,0.0,0.8480440656641325,0.9230769230769231,0.07692307692307693,5.330273313830803,68.0
pp_quantile_calibrated,FOODS_3_270_WI_3,267.54468833476164,240.86136354299438,26.683324791767284,0.0,0.8278495174724692,0.9487179487179487,0.05128205128205128,3.0879661992691587,31.0
pp_quantile_calibrated,FOODS_3_271_WI_2,780.7336859335537,780.5765993366189,0.15708659693483007,0.0,0.9993588302165924,0.9871794871794872,0.01282051282051282,10.007392299187421,49.0
pp_quantile_calibrated,FOODS_3_277_CA_4,585.1493638739836,446.1315249900953,139.01783888388834,0.0,0.6567460768299053,0.8076923076923077,0.19230769230769232,5.719634935770452,81.0
pp_quantile_calibrated,FOODS_3_278_WI_2,2250.5802682561184,1747.5179996126578,503.0622686434604,0.0,0.7718538464201993,0.7948717948717948,0.20512820512820512,22.404076918111,441.0
pp_quantile_calibrated,FOODS_3_279_TX_3,245.38845118729162,241.4790480233423,3.909403163949321,0.0,0.9441513833721525,0.9871794871794872,0.01282051282051282,3.095885231068491,14.0
pp_quantile_calibrated,FOODS_3_280_WI_3,371.04456952450596,275.1468670098264,95.89770251467955,0.0,0.6855813032305589,0.8076923076923077,0.19230769230769232,3.527523936023415,61.0
pp_quantile_calibrated,FOODS_3_282_WI_3,11859.281533466014,8369.564138851312,3489.717394614702,0.0,0.6942866934196494,0.6666666666666666,0.3333333333333333,107.3021043442476,2283.0
pp_quantile_calibrated,FOODS_3_286_TX_3,392.8850965464328,377.22670585213234,15.65839069430048,0.0,0.9078918194452913,0.9615384615384616,0.038461538461538464,4.836239818617082,34.0
pp_quantile_calibrated,FOODS_3_286_WI_3,464.27173030751453,400.20740518930836,64.06432511820617,0.0,0.8143063040051994,0.8717948717948718,0.1282051282051282,5.130864169093697,69.0
pp_quantile_calibrated,FOODS_3_289_TX_3,326.22292404323423,326.22292404323423,0.0,0.0,1.0,1.0,0.0,4.182345180041464,19.0
pp_quantile_calibrated,FOODS_3_295_TX_1,3792.9966360979224,2613.565105429475,1179.4315306684475,0.0,0.6541256508303673,0.7051282051282052,0.2948717948717949,33.50724494140353,682.0
pp_quantile_calibrated,FOODS_3_296_CA_4,493.5746590036357,445.06222029360225,48.51243871003343,0.0,0.8435082622256985,0.8974358974358975,0.10256410256410256,5.705925901200029,62.0
pp_quantile_calibrated,FOODS_3_300_WI_2,1682.0929150973875,857.1965986599134,824.896316437474,0.0,0.4811972852594503,0.6538461538461539,0.34615384615384615,10.989699982819403,318.0
pp_quantile_calibrated,FOODS_3_302_CA_4,1432.454690865907,1180.9276912042155,251.52699966169138,0.0,0.7557990294546686,0.7692307692307693,0.23076923076923078,15.140098605182251,206.0
pp_quantile_calibrated,FOODS_3_309_CA_2,326.00048094827116,313.71370424542806,12.28677670284311,0.0,0.897610194142974,0.9615384615384616,0.038461538461538464,4.0219705672490775,24.0
pp_quantile_calibrated,FOODS_3_309_WI_1,402.0074431823125,390.0865430626603,11.920900119652202,0.0,0.9116970361507244,0.9615384615384616,0.038461538461538464,5.001109526444363,27.0
pp_quantile_calibrated,FOODS_3_316_TX_3,362.2441690172609,330.9416552409439,31.302513776317024,0.0,0.7278042280320258,0.9230769230769231,0.07692307692307693,4.2428417338582545,23.0
pp_quantile_calibrated,FOODS_3_318_TX_2,3398.512819896286,2451.738463619926,946.7743562763603,0.0,0.6499909958312902,0.6666666666666666,0.3333333333333333,31.432544405383663,541.0
pp_quantile_calibrated,FOODS_3_331_TX_1,892.0456990715711,721.1101718706796,170.9355272008916,0.0,0.7849867582378721,0.8076923076923077,0.19230769230769232,9.24500220347025,159.0
pp_quantile_calibrated,FOODS_3_335_TX_1,2575.941023610397,2575.941023610397,0.0,0.0,1.0,1.0,0.0,33.024884918082016,5.0
pp_quantile_calibrated,FOODS_3_337_CA_1,406.4891360988908,389.1388995338754,17.350236565015393,0.0,0.9153646996828517,0.9743589743589743,0.02564102564102564,4.9889602504343005,41.0
pp_quantile_calibrated,FOODS_3_346_WI_3,1178.0289959196957,901.1239258219549,276.9050700977407,0.0,0.7375307392438478,0.7692307692307693,0.23076923076923078,11.552870843871217,211.0
pp_quantile_calibrated,FOODS_3_352_CA_1,771.4014024570231,689.808042762325,81.59335969469808,0.0,0.6291210922968269,0.8717948717948718,0.1282051282051282,8.843692855927245,44.0
pp_quantile_calibrated,FOODS_3_354_WI_2,545.8090557667755,471.7197981847413,74.08925758203415,0.0,0.7570844013703798,0.8589743589743589,0.14102564102564102,6.047689720317196,61.0
pp_quantile_calibrated,FOODS_3_356_CA_1,793.3928283240984,660.3297704006957,133.0630579234027,0.0,0.8336711775957466,0.8846153846153846,0.11538461538461539,8.465766287188407,160.0
pp_quantile_calibrated,FOODS_3_356_TX_2,585.7546865961244,485.7724596535353,99.98222694258915,0.0,0.7917036938696058,0.8333333333333334,0.16666666666666666,6.227852046840196,96.0
pp_quantile_calibrated,FOODS_3_363_WI_3,1388.3415444038387,863.079072752471,525.2624716513678,0.0,0.5694569904496984,0.717948717948718,0.28205128205128205,11.065116317339372,244.0
pp_quantile_calibrated,FOODS_3_365_TX_1,324.5045960978331,319.2803344678279,5.2242616300051825,0.0,0.945007772315735,0.9743589743589743,0.02564102564102564,4.0933376213824095,19.0
pp_quantile_calibrated,FOODS_3_367_TX_1,682.7976120063034,521.4445019228494,161.353110083454,0.0,0.6836213527775412,0.7948717948717948,0.20512820512820512,6.685185922087813,102.0
pp_quantile_calibrated,FOODS_3_370_CA_1,1551.1857552306474,1519.1215189618083,32.064236268838954,0.0,0.8435890913715173,0.9615384615384616,0.038461538461538464,19.475916909766774,41.0
pp_quantile_calibrated,FOODS_3_372_TX_3,1615.1316942748397,1283.38564818537,331.74604608946976,0.0,0.8225956972783585,0.782051282051282,0.21794871794871795,16.45366215622269,374.0
pp_quantile_calibrated,FOODS_3_380_TX_3,380.4869137438071,363.6390202902243,16.847893453582806,0.0,0.8468373322401562,0.9743589743589743,0.02564102564102564,4.662038721669543,22.0
pp_quantile_calibrated,FOODS_3_384_TX_1,277.3016933859391,251.70258274484672,25.599110641092366,0.0,0.7672808123537057,0.9230769230769231,0.07692307692307693,3.2269561890364966,22.0
pp_quantile_calibrated,FOODS_3_385_CA_4,496.99625266733335,418.8393048571667,78.1569478101666,0.0,0.6674172433609932,0.8846153846153846,0.11538461538461539,5.369734677655984,47.0
pp_quantile_calibrated,FOODS_3_385_TX_3,417.2813844614903,377.6225337189654,39.658850742524876,0.0,0.8312389330105323,0.9102564102564102,0.08974358974358974,4.841314534858531,47.0
pp_quantile_calibrated,FOODS_3_387_CA_2,756.4733306363612,660.9466612727222,95.52666936363909,0.0,0.6178933225454436,0.8589743589743589,0.14102564102564102,8.47367514452208,50.0
pp_quantile_calibrated,FOODS_3_390_TX_2,908.5983549210966,735.8986086458592,172.6997462752374,0.0,0.7650343588092009,0.8076923076923077,0.19230769230769232,9.434597546741784,147.0
pp_quantile_calibrated,FOODS_3_392_WI_2,555.8006928631622,391.01589219149116,164.7848006716711,0.0,0.6211843662720204,0.782051282051282,0.21794871794871795,5.013024258865271,87.0
pp_quantile_calibrated,FOODS_3_392_WI_3,475.9244230113741,327.40906944528655,148.5153535660875,0.0,0.6091701221945066,0.7948717948717948,0.20512820512820512,4.1975521723754685,76.0
pp_quantile_calibrated,FOODS_3_393_CA_3,3027.155674085353,2135.66142727272,891.494246812633,0.0,0.7142646644831304,0.7307692307692307,0.2692307692307692,27.38027470862462,624.0
pp_quantile_calibrated,FOODS_3_398_WI_3,338.89679027577694,311.9554406809796,26.941349594797327,0.0,0.8075617886085905,0.9358974358974359,0.0641025641025641,3.999428726679226,28.0
pp_quantile_calibrated,FOODS_3_403_TX_1,1745.8657933879101,1358.06285529796,387.80293808995015,0.0,0.8070632148806219,0.7692307692307693,0.23076923076923078,17.411062247409742,402.0
pp_quantile_calibrated,FOODS_3_405_TX_3,491.3842687751655,437.4383387063025,53.94593006886298,0.0,0.8171324404445324,0.8974358974358975,0.10256410256410256,5.608183829567981,59.0
pp_quantile_calibrated,FOODS_3_408_TX_2,250.4707646472599,249.9478148603609,0.5229497868990074,0.0,0.9869262553275249,0.9871794871794872,0.01282051282051282,3.204459164876422,8.0
pp_quantile_calibrated,FOODS_3_416_CA_4,603.4684265449234,473.11918450830444,130.349242036619,0.0,0.7339811387007776,0.8076923076923077,0.19230769230769232,6.0656305706192875,98.0
pp_quantile_calibrated,FOODS_3_416_WI_3,512.6944729511679,392.33603218540947,120.35844076575842,0.0,0.702818664775905,0.8205128205128205,0.1794871794871795,5.029949130582173,81.0
pp_quantile_calibrated,FOODS_3_417_CA_3,510.40440998885964,422.1370473757035,88.26736261315614,0.0,0.754812881630122,0.8333333333333334,0.16666666666666666,5.412013427893634,72.0
pp_quantile_calibrated,FOODS_3_422_CA_1,747.8832804376339,655.2431952312528,92.64008520638106,0.0,0.840275715161412,0.8846153846153846,0.11538461538461539,8.400553785016061,116.0
pp_quantile_calibrated,FOODS_3_423_WI_2,582.3093364317796,484.5692786139285,97.7400578178511,0.0,0.7644817883907203,0.8333333333333334,0.16666666666666666,6.2124266488965185,83.0
pp_quantile_calibrated,FOODS_3_425_CA_1,354.1109237746497,320.8653686733695,33.24555510128014,0.0,0.8992558936324844,0.8974358974358975,0.10256410256410256,4.113658572735507,66.0
pp_quantile_calibrated,FOODS_3_427_WI_3,485.54046103984797,454.2915419327715,31.248919107076464,0.0,0.6323656575638064,0.9358974358974359,0.0641025641025641,5.824250537599634,17.0
pp_quantile_calibrated,FOODS_3_428_TX_3,281.6651237211377,227.6906757403935,53.97444798074421,0.0,0.5502129334937983,0.9358974358974359,0.0641025641025641,2.919111227440942,24.0
pp_quantile_calibrated,FOODS_3_434_CA_1,1088.514269851321,842.5767835273314,245.93748632398956,0.0,0.7490433813020515,0.7948717948717948,0.20512820512820512,10.802266455478607,196.0
pp_quantile_calibrated,FOODS_3_434_WI_1,675.3397278975024,598.9999608179255,76.33976707957683,0.0,0.7849584025927413,0.8846153846153846,0.11538461538461539,7.679486677152891,71.0
pp_quantile_calibrated,FOODS_3_441_TX_2,10865.399999999992,10865.399999999992,0.0,0.0,1.0,1.0,0.0,139.2999999999999,0.0
pp_quantile_calibrated,FOODS_3_444_CA_4,5561.400000000008,5561.400000000008,0.0,0.0,1.0,1.0,0.0,71.3000000000001,0.0
pp_quantile_calibrated,FOODS_3_444_TX_2,21317.39999999997,21317.39999999997,0.0,0.0,1.0,1.0,0.0,273.2999999999996,0.0
pp_quantile_calibrated,FOODS_3_445_CA_3,1117.8212063525423,860.3743911897128,257.4468151628294,0.0,0.588085095739473,0.8333333333333334,0.16666666666666666,11.030440912688626,125.0
pp_quantile_calibrated,FOODS_3_449_WI_1,711.6498290695716,493.6168816016187,218.032947467953,0.0,0.7222510223338179,0.7307692307692307,0.2692307692307692,6.328421558995111,157.0
pp_quantile_calibrated,FOODS_3_451_CA_4,560.7875832266255,399.2773591930386,161.51022403358692,0.0,0.6410883910364734,0.8461538461538461,0.15384615384615385,5.118940502474854,90.0
pp_quantile_calibrated,FOODS_3_453_TX_2,218.2326051009072,218.2326051009072,0.0,0.0,1.0,1.0,0.0,2.797853911550092,12.0
pp_quantile_calibrated,FOODS_3_453_WI_2,240.49354752727706,215.293332819982,25.200214707295054,0.0,0.8424986580794059,0.9230769230769231,0.07692307692307693,2.760170933589513,32.0
pp_quantile_calibrated,FOODS_3_454_CA_1,2416.8381070765636,2416.8381070765636,0.0,0.0,1.0,1.0,0.0,30.98510393687902,1.0
pp_quantile_calibrated,FOODS_3_455_TX_1,3723.149577795928,1957.7749389021149,1765.374638893813,0.0,0.6521429282967857,0.5897435897435898,0.41025641025641024,25.099678703873266,1015.0
pp_quantile_calibrated,FOODS_3_456_CA_4,297.3677803311557,269.2129124160946,28.154867915061136,0.0,0.812300880566259,0.9230769230769231,0.07692307692307693,3.4514475950781356,30.0
pp_quantile_calibrated,FOODS_3_457_TX_3,306.9924091909558,291.2087719317458,15.783637259210007,0.0,0.7895515032105332,0.9487179487179487,0.05128205128205128,3.733445793996741,15.0
pp_quantile_calibrated,FOODS_3_458_TX_1,1882.351035747593,1325.4626581139526,556.8883776336405,0.0,0.7660132867085544,0.7564102564102564,0.24358974358974358,16.99311100146093,476.0
pp_quantile_calibrated,FOODS_3_458_WI_1,1356.3899579738973,1010.3083073877604,346.0816505861368,0.0,0.7976130698326686,0.717948717948718,0.28205128205128205,12.952670607535389,342.0
pp_quantile_calibrated,FOODS_3_464_TX_2,406.3990003595554,365.0968026659392,41.30219769361616,0.0,0.7335342084282828,0.9102564102564102,0.08974358974358974,4.680728239306913,31.0
pp_quantile_calibrated,FOODS_3_465_CA_3,556.0402534329492,503.69425112514745,52.34600230780166,0.0,0.7863428477232585,0.9102564102564102,0.08974358974358974,6.457618604168557,49.0
pp_quantile_calibrated,FOODS_3_465_TX_2,297.15035492930537,291.55581628200144,5.594538647303948,0.0,0.9585589729829337,0.9743589743589743,0.02564102564102564,3.73789508053848,27.0
pp_quantile_calibrated,FOODS_3_465_WI_3,517.4922506814888,408.61022923885326,108.88202144263553,0.0,0.6487676727656918,0.8589743589743589,0.14102564102564102,5.238592682549401,62.0
pp_quantile_calibrated,FOODS_3_468_TX_2,687.3577153192629,672.3241386929378,15.033576626325083,0.0,0.9818872570767168,0.9615384615384616,0.038461538461538464,8.619540239653048,166.0
pp_quantile_calibrated,FOODS_3_471_WI_3,391.07428053348923,337.10259347139646,53.97168706209278,0.0,0.7601258352795877,0.8974358974358975,0.10256410256410256,4.32182812142816,45.0
pp_quantile_calibrated,FOODS_3_472_CA_1,298.0517217298154,238.06962764675407,59.982094083061384,0.0,0.6923995175227622,0.8589743589743589,0.14102564102564102,3.052174713419924,39.0
pp_quantile_calibrated,FOODS_3_474_CA_1,1457.9506809517738,888.366324926541,569.5843560252328,0.0,0.6383591390315982,0.7307692307692307,0.2692307692307692,11.389311858032576,315.0
pp_quantile_calibrated,FOODS_3_476_TX_3,1276.0000047789244,942.3139198885227,333.68608489040184,0.0,0.7423273475749793,0.7307692307692307,0.2692307692307692,12.080947690878496,259.0
pp_quantile_calibrated,FOODS_3_479_CA_3,1238.7945857370282,1031.5479466215847,207.2466391154436,0.0,0.7409417011056955,0.7948717948717948,0.20512820512820512,13.224973674635702,160.0
pp_quantile_calibrated,FOODS_3_479_TX_2,993.022862392782,854.869157801576,138.15370459120606,0.0,0.7576250796645507,0.8333333333333334,0.16666666666666666,10.959860997456103,114.0
pp_quantile_calibrated,FOODS_3_479_TX_3,754.0389746443693,603.6471633240759,150.3918113202934,0.0,0.6961781589489022,0.7948717948717948,0.20512820512820512,7.739066196462511,99.0
pp_quantile_calibrated,FOODS_3_481_TX_2,286.2557770350055,257.2537021451217,29.002074889883836,0.0,0.818737031938226,0.9358974358974359,0.0641025641025641,3.298124386475919,32.0
pp_quantile_calibrated,FOODS_3_498_TX_1,2484.997217775708,1858.8621227211602,626.135095054548,0.0,0.6110962142518336,0.8846153846153846,0.11538461538461539,23.83156567591231,322.0
pp_quantile_calibrated,FOODS_3_499_TX_1,3480.4107346390465,2415.9357008488023,1064.475033790244,0.0,0.7431905829215334,0.7307692307692307,0.2692307692307692,30.973534626266694,829.0
pp_quantile_calibrated,FOODS_3_502_TX_2,1070.517605010485,733.8397562816256,336.6778487288595,0.0,0.6778202404508522,0.7564102564102564,0.24358974358974358,9.408202003610585,209.0
pp_quantile_calibrated,FOODS_3_511_CA_1,6678.733537086927,4171.409163700739,2507.324373386188,0.0,0.7262746317263986,0.6666666666666666,0.3333333333333333,53.479604662829985,1832.0
pp_quantile_calibrated,FOODS_3_511_WI_2,3862.047018014023,2430.679401488351,1431.367616525672,0.0,0.6099815758785636,0.7051282051282052,0.2948717948717949,31.16255642933783,734.0
pp_quantile_calibrated,FOODS_3_512_CA_1,294.61472374538556,294.61472374538556,0.0,0.0,1.0,1.0,0.0,3.7771118428895583,12.0
pp_quantile_calibrated,FOODS_3_513_CA_1,711.3047699876677,549.8472301022509,161.45753988541668,0.0,0.7642955622110705,0.782051282051282,0.21794871794871795,7.049323462849371,137.0
pp_quantile_calibrated,FOODS_3_514_CA_2,1210.3711346317968,857.5201453689732,352.85098926282365,0.0,0.6806778377712004,0.7564102564102564,0.24358974358974358,10.993848017550938,221.0
pp_quantile_calibrated,FOODS_3_515_CA_1,1322.9071868564668,1096.412765416264,226.49442144020287,0.0,0.7615848195366285,0.8076923076923077,0.19230769230769232,14.056573915593127,190.0
pp_quantile_calibrated,FOODS_3_517_TX_1,303.1417434523108,279.53688242133927,23.604861030971502,0.0,0.7222957525768059,0.9358974358974359,0.0641025641025641,3.583806184888965,17.0
pp_quantile_calibrated,FOODS_3_517_TX_3,205.62964293412216,193.35039160201316,12.279251332108988,0.0,0.8555382196222472,0.9615384615384616,0.038461538461538464,2.478851174384784,17.0
pp_quantile_calibrated,FOODS_3_525_CA_4,431.19191556488227,350.03408570060316,81.15782986427908,0.0,0.5838060006960047,0.8974358974358975,0.10256410256410256,4.487616483341066,39.0
pp_quantile_calibrated,FOODS_3_531_CA_3,528.1034106542318,472.93448233907714,55.16892831515469,0.0,0.8064248129292819,0.9102564102564102,0.08974358974358974,6.063262594090732,57.0
pp_quantile_calibrated,FOODS_3_532_TX_3,1012.3447663719584,887.2032874472172,125.14147892474114,0.0,0.8285733165414505,0.8589743589743589,0.14102564102564102,11.37440112111817,146.0
pp_quantile_calibrated,FOODS_3_532_WI_1,1790.672082380213,1361.2280267639458,429.4440556162673,0.0,0.8187999765332206,0.7692307692307693,0.23076923076923078,17.451641368768534,474.0
pp_quantile_calibrated,FOODS_3_533_TX_3,687.2636635000806,570.9387100800298,116.32495342005083,0.0,0.7885000846908167,0.8333333333333334,0.16666666666666666,7.319727052308074,110.0
pp_quantile_calibrated,FOODS_3_533_WI_3,1053.7981537543283,899.2886358922237,154.50951786210453,0.0,0.8302093210306545,0.7948717948717948,0.20512820512820512,11.52934148579774,182.0
pp_quantile_calibrated,FOODS_3_538_WI_1,944.6923632875067,835.8781539442201,108.81420934328659,0.0,0.8568234087588334,0.8461538461538461,0.15384615384615385,10.716386589028463,152.0
pp_quantile_calibrated,FOODS_3_544_TX_2,349.5017463914712,292.93871262393907,56.56303376753215,0.0,0.8082609024829419,0.8717948717948718,0.1282051282051282,3.755624520819732,59.0
pp_quantile_calibrated,FOODS_3_545_CA_2,501.3012867757493,430.65215970137575,70.64912707437352,0.0,0.6553701118323242,0.8846153846153846,0.11538461538461539,5.521181534633023,41.0
pp_quantile_calibrated,FOODS_3_546_CA_1,1827.498147267252,1085.6451033738354,741.8530438934168,0.0,0.5334257585575994,0.6410256410256411,0.358974358974359,13.918526966331223,318.0
pp_quantile_calibrated,FOODS_3_546_CA_3,1323.9465605645355,846.3648223521461,477.5817382123893,0.0,0.6938578601202632,0.717948717948718,0.28205128205128205,10.850831055796744,312.0
pp_quantile_calibrated,FOODS_3_550_TX_1,291.1154765129836,291.06265378753096,0.05282272545264366,0.0,0.9992453896363909,0.9871794871794872,0.01282051282051282,3.7315724844555254,14.0
pp_quantile_calibrated,FOODS_3_555_CA_3,8989.683261559063,5773.359595968928,3216.3236655901346,0.0,0.7161232422250543,0.7307692307692307,0.2692307692307692,74.01743071755037,2266.0
pp_quantile_calibrated,FOODS_3_558_CA_4,565.1638619210152,565.1638619210152,0.0,0.0,1.0,1.0,0.0,7.245690537448913,0.0
pp_quantile_calibrated,FOODS_3_563_WI_1,634.8910737166965,634.8910737166965,0.0,0.0,1.0,1.0,0.0,8.139629150214057,11.0
pp_quantile_calibrated,FOODS_3_573_WI_2,1299.5869109800137,1122.4348393524215,177.15207162759233,0.0,0.7699323745096204,0.8717948717948718,0.1282051282051282,14.390190248107968,154.0
pp_quantile_calibrated,FOODS_3_575_CA_1,531.0953102333443,468.36156531338867,62.73374491995561,0.0,0.7587163656924785,0.8846153846153846,0.11538461538461539,6.004635452735752,52.0
pp_quantile_calibrated,FOODS_3_575_WI_1,344.66057046979273,320.15736491978186,24.503205550010865,0.0,0.8833180688094722,0.9358974358974359,0.0641025641025641,4.104581601535664,42.0
pp_quantile_calibrated,FOODS_3_575_WI_2,391.6286478075027,385.67389371584056,5.954754091662142,0.0,0.9702262295416892,0.9743589743589743,0.02564102564102564,4.944537098921033,40.0
pp_quantile_calibrated,FOODS_3_578_WI_1,5111.8427445846055,5111.8427445846055,0.0,0.0,1.0,1.0,0.0,65.53644544339238,0.0
pp_quantile_calibrated,FOODS_3_580_CA_1,2067.0467986964513,1689.6467980233247,377.40000067312656,0.0,0.7342253516386433,0.7948717948717948,0.20512820512820512,21.66213843619647,284.0
pp_quantile_calibrated,FOODS_3_580_CA_3,5025.687952716413,4203.020568485029,822.6673842313842,0.0,0.712354061457558,0.8076923076923077,0.19230769230769232,53.8848790831414,572.0
pp_quantile_calibrated,FOODS_3_582_CA_1,490.8676144416603,335.9415128045822,154.9261016370781,0.0,0.530526964736127,0.8205128205128205,0.1794871794871795,4.306942471853618,66.0
pp_quantile_calibrated,FOODS_3_585_WI_1,364.6171634900358,282.50020052103577,82.11696296900006,0.0,0.6715321481239998,0.8333333333333334,0.16666666666666666,3.621797442577382,50.0
pp_quantile_calibrated,FOODS_3_588_WI_3,675.6569136642286,613.2758082527913,62.38110541143725,0.0,0.8628986694254126,0.9102564102564102,0.08974358974358974,7.862510362215273,91.0
pp_quantile_calibrated,FOODS_3_596_WI_1,867.6540185706854,649.0902934916874,218.56372507899806,0.0,0.7250770753723296,0.7692307692307693,0.23076923076923078,8.321670429380607,159.0
pp_quantile_calibrated,FOODS_3_599_TX_3,908.5829058698406,908.5829058698406,0.0,0.0,1.0,1.0,0.0,11.648498793203085,2.0
pp_quantile_calibrated,FOODS_3_605_WI_3,646.5102004604728,601.3166234310851,45.193577029387725,0.0,0.7621390682663803,0.9230769230769231,0.07692307692307693,7.709187479885706,38.0
pp_quantile_calibrated,FOODS_3_606_TX_3,511.5985346885191,407.97073746840084,103.62779722011828,0.0,0.681145239322713,0.8333333333333334,0.16666666666666666,5.230394070107703,65.0
pp_quantile_calibrated,FOODS_3_608_CA_3,655.2835365908873,580.5504473175369,74.73308927335043,0.0,0.7069290616731355,0.8974358974358975,0.10256410256410256,7.442954452788934,51.0
pp_quantile_calibrated,FOODS_3_610_TX_1,402.4363678565763,386.7077642335055,15.72860362307078,0.0,0.8033924547116152,0.9615384615384616,0.038461538461538464,4.957791849147506,16.0
pp_quantile_calibrated,FOODS_3_615_CA_4,674.8084544738482,555.3193745238032,119.48907995004505,0.0,0.7457679149999041,0.8076923076923077,0.19230769230769232,7.119479160561579,94.0
pp_quantile_calibrated,FOODS_3_618_WI_3,1494.8319144807483,1227.8643927916303,266.967521689118,0.0,0.6948942609267222,0.9102564102564102,0.08974358974358974,15.741851189636286,175.0
pp_quantile_calibrated,FOODS_3_625_TX_1,261.0446617432556,261.0446617432556,0.0,0.0,1.0,1.0,0.0,3.346726432605841,4.0
pp_quantile_calibrated,FOODS_3_626_WI_1,260.318388232267,260.318388232267,0.0,0.0,1.0,1.0,0.0,3.337415233747013,19.0
pp_quantile_calibrated,FOODS_3_626_WI_2,463.96544483907724,445.8258955273158,18.13954931176141,0.0,0.8186045068823858,0.9615384615384616,0.038461538461538464,5.715716609324562,20.0
pp_quantile_calibrated,FOODS_3_628_WI_1,2038.777563727381,1468.8447456518807,569.9328180755003,0.0,0.6556297171749242,0.6923076923076923,0.3076923076923077,18.831342892972827,331.0
pp_quantile_calibrated,FOODS_3_633_WI_1,686.5059755458836,621.3031227518472,65.20285279403645,0.0,0.7962410850186361,0.8717948717948718,0.1282051282051282,7.965424650664708,64.0
pp_quantile_calibrated,FOODS_3_634_CA_4,1714.8222482773008,1462.544813256573,252.27743502072786,0.0,0.7777291321403279,0.782051282051282,0.21794871794871795,18.75057452893042,227.0
pp_quantile_calibrated,FOODS_3_638_TX_3,526.7813941659999,455.700686813661,71.08070735233895,0.0,0.7266126640294656,0.8461538461538461,0.15384615384615385,5.842316497611038,52.0
pp_quantile_calibrated,FOODS_3_640_WI_2,770.8956568410157,709.5520204952896,61.34363634572602,0.0,0.8503813747665219,0.9102564102564102,0.08974358974358974,9.096820775580637,82.0
pp_quantile_calibrated,FOODS_3_642_TX_3,646.2686981316762,593.5547471182891,52.713951013387,0.0,0.8150387683740806,0.9358974358974359,0.0641025641025641,7.609676245106271,57.0
pp_quantile_calibrated,FOODS_3_644_WI_2,546.3112835620764,546.3112835620764,0.0,0.0,1.0,1.0,0.0,7.003990814898415,10.0
pp_quantile_calibrated,FOODS_3_646_CA_2,930.6078158370144,773.2875088987057,157.32030693830865,0.0,0.47559897687230446,0.8333333333333334,0.16666666666666666,9.913942421778279,60.0
pp_quantile_calibrated,FOODS_3_646_WI_3,1058.0079448547476,886.4841507189235,171.52379413582412,0.0,0.6056924272739677,0.8333333333333334,0.16666666666666666,11.365181419473378,87.0
pp_quantile_calibrated,FOODS_3_651_CA_2,1325.0640803550805,917.8721446926321,407.19193566244826,0.0,0.7191779754052082,0.7435897435897436,0.2564102564102564,11.767591598623488,290.0
pp_quantile_calibrated,FOODS_3_657_CA_4,550.4426786194257,491.41736399355653,59.0253146258692,0.0,0.7540611890588783,0.8974358974358975,0.10256410256410256,6.3002226153020064,48.0
pp_quantile_calibrated,FOODS_3_658_WI_1,626.20085570076,507.74046359211314,118.46039210864686,0.0,0.6841056210436084,0.8717948717948718,0.1282051282051282,6.50949312297581,75.0
pp_quantile_calibrated,FOODS_3_658_WI_3,362.46309083433243,342.84024888439785,19.622841949934564,0.0,0.8967218844740287,0.9615384615384616,0.038461538461538464,4.395387806210229,38.0
pp_quantile_calibrated,FOODS_3_662_WI_2,262.29826478968505,262.29826478968505,0.0,0.0,1.0,1.0,0.0,3.3627982665344236,11.0
pp_quantile_calibrated,FOODS_3_663_CA_1,3317.259867144751,3317.259867144751,0.0,0.0,1.0,1.0,0.0,42.528972655701935,0.0
pp_quantile_calibrated,FOODS_3_663_TX_2,631.6474399559415,483.88664471762837,147.7607952383131,0.0,0.6481885827659212,0.8333333333333334,0.16666666666666666,6.203674932277287,84.0
pp_quantile_calibrated,FOODS_3_667_TX_3,300.2059262523245,280.8324366924981,19.373489559826417,0.0,0.701946314464209,0.9487179487179487,0.05128205128205128,3.600415855032027,13.0
pp_quantile_calibrated,FOODS_3_668_WI_3,2904.422491828354,1939.5427389479908,964.8797528803633,0.0,0.7341929055425997,0.717948717948718,0.28205128205128205,24.865932550615266,726.0
pp_quantile_calibrated,FOODS_3_669_TX_1,1243.926016382596,999.8802122138645,244.04580416873134,0.0,0.7210905095214498,0.7692307692307693,0.23076923076923078,12.81897707966493,175.0
pp_quantile_calibrated,FOODS_3_670_CA_4,481.24507560018213,464.5190663694543,16.726009230727787,0.0,0.8407046739930687,0.9487179487179487,0.05128205128205128,5.9553726457622345,21.0
pp_quantile_calibrated,FOODS_3_672_TX_2,3316.2597744654367,1898.515604368091,1417.744170097346,0.0,0.6428855994717013,0.6282051282051282,0.3717948717948718,24.339943645744757,794.0
pp_quantile_calibrated,FOODS_3_677_WI_2,509.9321839103875,447.60990890694325,62.32227500344422,0.0,0.835994013148831,0.9102564102564102,0.08974358974358974,5.738588575730041,76.0
pp_quantile_calibrated,FOODS_3_691_WI_1,398.9134985201015,379.3501662174672,19.563332302634304,0.0,0.8737849528862303,0.9615384615384616,0.038461538461538464,4.863463669454707,31.0
pp_quantile_calibrated,FOODS_3_693_WI_2,321.21802143660665,321.21802143660665,0.0,0.0,1.0,1.0,0.0,4.118179762007777,7.0
pp_quantile_calibrated,FOODS_3_694_WI_3,13008.45063362047,8525.955966284002,4482.494667336468,0.0,0.7492310675615962,0.7307692307692307,0.2692307692307692,109.30712777287182,3575.0
pp_quantile_calibrated,FOODS_3_705_TX_2,466.5057074711644,424.4772751436131,42.028432327551265,0.0,0.821155607116803,0.8846153846153846,0.11538461538461539,5.44201634799504,47.0
pp_quantile_calibrated,FOODS_3_711_CA_3,6403.2875121887555,4611.954139160518,1791.333373028238,0.0,0.6626490822922338,0.7564102564102564,0.24358974358974358,59.12761716872459,1062.0
pp_quantile_calibrated,FOODS_3_712_CA_3,979.7323895412593,687.6522406400212,292.0801489012381,0.0,0.6480962061430866,0.7948717948717948,0.20512820512820512,8.81605436717976,166.0
pp_quantile_calibrated,FOODS_3_718_TX_1,677.1141923093969,677.1141923093969,0.0,0.0,1.0,1.0,0.0,8.680951183453807,6.0
pp_quantile_calibrated,FOODS_3_723_WI_3,9672.765787749364,6407.957769442194,3264.8080183071693,0.0,0.7248370823171371,0.6538461538461539,0.34615384615384615,82.15330473643839,2373.0
pp_quantile_calibrated,FOODS_3_727_WI_3,1569.8713747171116,1216.012436877972,353.8589378391396,0.0,0.75511492191063,0.7435897435897436,0.2564102564102564,15.589903036897077,289.0
pp_quantile_calibrated,FOODS_3_730_CA_3,536.6034896974234,531.9248601545606,4.678629542862716,0.0,0.9905482231457318,0.9871794871794872,0.01282051282051282,6.819549489161034,99.0
pp_quantile_calibrated,FOODS_3_734_TX_1,2821.7574057199427,2401.873174740124,419.88423097981877,0.0,0.836938162726284,0.8076923076923077,0.19230769230769232,30.793245830001588,515.0
pp_quantile_calibrated,FOODS_3_735_CA_4,305.9892260135921,276.3545420192351,29.634683994356998,0.0,0.7883236857545928,0.9358974358974359,0.0641025641025641,3.543006948964553,28.0
pp_quantile_calibrated,FOODS_3_745_TX_3,704.5051292475632,704.5051292475632,0.0,0.0,1.0,1.0,0.0,9.032117041635425,0.0
pp_quantile_calibrated,FOODS_3_746_CA_4,981.7997338717172,762.9013815825336,218.89835228918352,0.0,0.7378462846836126,0.7564102564102564,0.24358974358974358,9.780786943365817,167.0
pp_quantile_calibrated,FOODS_3_749_CA_1,1528.6105005145357,1416.8336859976107,111.77681451692493,0.0,0.685135733755141,0.9615384615384616,0.038461538461538464,18.164534435866805,71.0
pp_quantile_calibrated,FOODS_3_750_CA_2,1297.0,1057.0,240.0,0.0,0.29411764705882354,0.782051282051282,0.21794871794871795,13.551282051282051,68.0
pp_quantile_calibrated,FOODS_3_753_TX_2,1541.61132186344,1410.8509550573265,130.7603668061135,0.0,0.87366148134675,0.8846153846153846,0.11538461538461539,18.08783275714521,207.0
pp_quantile_calibrated,FOODS_3_755_TX_3,839.2233870989734,720.3111249289236,118.91226217004977,0.0,0.7713225727499042,0.8974358974358975,0.10256410256410256,9.234758011909276,104.0
pp_quantile_calibrated,FOODS_3_756_WI_3,2685.6132965580914,1872.0140469328394,813.599249625252,0.0,0.6846514536336233,0.6538461538461539,0.34615384615384615,24.000180088882555,516.0
pp_quantile_calibrated,FOODS_3_757_CA_3,6090.500000000007,5252.000000000007,838.5,0.0,0.42764505119453927,0.7948717948717948,0.20512820512820512,67.33333333333343,293.0
pp_quantile_calibrated,FOODS_3_763_TX_2,227.37869564555325,218.59852045292772,8.780175192625528,0.0,0.8243964961474894,0.9615384615384616,0.038461538461538464,2.802545134011894,10.0
pp_quantile_calibrated,FOODS_3_766_TX_3,251.32674403971,240.67431698528426,10.652427054425734,0.0,0.874677328771462,0.9615384615384616,0.038461538461538464,3.0855681664780032,17.0
pp_quantile_calibrated,FOODS_3_768_CA_2,856.2517923428045,606.8819631508297,249.3698291919748,0.0,0.6958904522049089,0.7692307692307693,0.23076923076923078,7.780537989113202,164.0
pp_quantile_calibrated,FOODS_3_770_WI_3,441.65769964858265,415.6216418415908,26.036057806991852,0.0,0.8892082646510986,0.9230769230769231,0.07692307692307693,5.328482587712703,47.0
pp_quantile_calibrated,FOODS_3_774_WI_2,533.2883856302362,500.819056823811,32.46932880642527,0.0,0.8674721273207132,0.9358974358974359,0.0641025641025641,6.420757138766808,49.0
pp_quantile_calibrated,FOODS_3_779_CA_1,374.9062902388369,374.9062902388369,0.0,0.0,1.0,1.0,0.0,4.806490900497909,27.0
pp_quantile_calibrated,FOODS_3_783_CA_1,1551.496897444109,1095.1526340459886,456.3442633981203,0.0,0.7200341942342819,0.717948717948718,0.28205128205128205,14.040418385204983,326.0
pp_quantile_calibrated,FOODS_3_783_TX_3,3182.0,3052.0,130.0,0.0,0.7291666666666666,0.8974358974358975,0.10256410256410256,39.12820512820513,96.0
pp_quantile_calibrated,FOODS_3_786_CA_2,536.2630251025105,401.4220703698607,134.84095473264975,0.0,0.6201663246967613,0.8333333333333334,0.16666666666666666,5.146436799613599,71.0
pp_quantile_calibrated,FOODS_3_788_WI_2,1167.6453997435651,971.6862934635778,195.9591062799873,0.0,0.7351903969189361,0.782051282051282,0.21794871794871795,12.457516582866383,148.0
pp_quantile_calibrated,FOODS_3_791_CA_4,456.5940844337251,418.4769858402067,38.11709859351839,0.0,0.8561618920999305,0.9102564102564102,0.08974358974358974,5.365089562053932,53.0
pp_quantile_calibrated,FOODS_3_791_WI_2,716.618929564255,707.9406693881788,8.678260176076318,0.0,0.9530904855347225,0.9871794871794872,0.01282051282051282,9.076162428053575,37.0
pp_quantile_calibrated,FOODS_3_792_CA_1,945.9734422887882,665.9657213450275,280.0077209437606,0.0,0.6521643218089931,0.7435897435897436,0.2564102564102564,8.538022068525994,161.0
pp_quantile_calibrated,FOODS_3_793_WI_1,1091.1242133267424,943.6048312641555,147.51938206258683,0.0,0.867695621468532,0.8461538461538461,0.15384615384615385,12.097497836719942,223.0
pp_quantile_calibrated,FOODS_3_795_WI_2,1536.6504585857565,1261.486839212478,275.16361937327866,0.0,0.8034545575905152,0.7435897435897436,0.2564102564102564,16.172908195031766,280.0
pp_quantile_calibrated,FOODS_3_799_TX_1,165.39746455881416,165.39746455881416,0.0,0.0,1.0,1.0,0.0,2.120480314856592,6.0
pp_quantile_calibrated,FOODS_3_802_WI_3,324.874372347205,288.4854249246214,36.38894742258361,0.0,0.7574070171827759,0.9230769230769231,0.07692307692307693,3.698531088777197,30.0
pp_quantile_calibrated,FOODS_3_805_TX_1,741.8812947207124,604.9564132022433,136.92488151846908,0.0,0.771791864135885,0.8333333333333334,0.16666666666666666,7.755851451310812,120.0
pp_quantile_calibrated,FOODS_3_806_CA_1,368.3639500694204,332.6424508179178,35.7214992515026,0.0,0.6597952452237847,0.9230769230769231,0.07692307692307693,4.264646805357921,21.0
pp_quantile_calibrated,FOODS_3_806_CA_4,310.11030775073345,309.883000580734,0.22730716999945333,0.0,0.9954538566000111,0.9871794871794872,0.01282051282051282,3.9728589818042823,10.0
pp_quantile_calibrated,FOODS_3_809_CA_1,953.5326420739183,598.6052867884324,354.9273552854859,0.0,0.6162947510427179,0.7435897435897436,0.2564102564102564,7.674426753697851,185.0
pp_quantile_calibrated,FOODS_3_810_WI_2,1403.9220691590954,1323.7445109973132,80.17755816178217,0.0,0.6514019210357297,0.8846153846153846,0.11538461538461539,16.97108347432453,46.0
pp_quantile_calibrated,FOODS_3_813_TX_1,354.24388589538984,296.8691325003752,57.37475339501464,0.0,0.5750018267035952,0.8717948717948718,0.1282051282051282,3.8060145192355797,27.0
pp_quantile_calibrated,FOODS_3_814_CA_3,1063.801907286932,821.4168027087849,242.38510457814715,0.0,0.763526727240832,0.7692307692307693,0.23076923076923078,10.530984650112627,205.0
pp_quantile_calibrated,FOODS_3_818_CA_3,1912.4114137651034,1577.5462746308576,334.8651391342458,0.0,0.8321477999327089,0.7564102564102564,0.24358974358974358,20.22495223885715,399.0
pp_quantile_calibrated,FOODS_3_821_TX_2,316.0541751793181,268.4678071853225,47.5863679939956,0.0,0.8169755077154015,0.8846153846153846,0.11538461538461539,3.441894963914391,52.0
pp_quantile_calibrated,FOODS_3_824_TX_3,337.097025732415,336.88038586169966,0.21663987071534052,0.0,0.9913344051713864,0.9871794871794872,0.01282051282051282,4.3189793059192265,5.0
pp_quantile_calibrated,HOBBIES_1_004_WI_3,1377.481725823371,1357.133131074348,20.34859474902296,0.0,0.9696289630611596,0.9487179487179487,0.05128205128205128,17.399142706081385,134.0
pp_quantile_calibrated,HOBBIES_1_005_WI_1,476.2173710716765,422.0475288220484,54.16984224962811,0.0,0.8307192429699122,0.8846153846153846,0.11538461538461539,5.410865754128825,64.0
pp_quantile_calibrated,HOBBIES_1_009_CA_1,604.5646530844031,557.5460493760193,47.018603708383836,0.0,0.6641528306544011,0.9487179487179487,0.05128205128205128,7.148026274051529,28.0
pp_quantile_calibrated,HOBBIES_1_009_CA_4,1193.5493947724422,1144.4184071432594,49.13098762918285,0.0,0.9277485476041429,0.9230769230769231,0.07692307692307693,14.672030860811018,136.0
pp_quantile_calibrated,HOBBIES_1_010_CA_3,383.5405297024081,313.39929496759004,70.14123473481806,0.0,0.7194350610607277,0.8589743589743589,0.14102564102564102,4.0179396790716675,50.0
pp_quantile_calibrated,HOBBIES_1_012_TX_2,196.24925180450904,190.32426142639335,5.924990378115707,0.0,0.9407500962188429,0.9743589743589743,0.02564102564102564,2.4400546336717097,20.0
pp_quantile_calibrated,HOBBIES_1_023_CA_3,796.0393729892164,508.23040593187017,287.8089670573463,0.0,0.5888443327752196,0.7435897435897436,0.2564102564102564,6.515774435023976,140.0
pp_quantile_calibrated,HOBBIES_1_026_CA_4,469.8277152117999,437.2140750576886,32.61364015411127,0.0,0.8894452876131822,0.9102564102564102,0.08974358974358974,5.605308654585751,59.0
pp_quantile_calibrated,HOBBIES_1_027_CA_1,360.2215768122057,346.5554614556104,13.666115356595284,0.0,0.9196110861376748,0.9743589743589743,0.02564102564102564,4.44301873661039,34.0
pp_quantile_calibrated,HOBBIES_1_028_WI_3,255.11636179893247,229.24004797413883,25.876313824793648,0.0,0.7929894894016507,0.9358974358974359,0.0641025641025641,2.938974974027421,25.0
pp_quantile_calibrated,HOBBIES_1_029_WI_3,221.6683929587258,221.6683929587258,0.0,0.0,1.0,1.0,0.0,2.841902473829818,15.0
pp_quantile_calibrated,HOBBIES_1_030_WI_2,818.6789199723869,658.2972161024062,160.38170386998067,0.0,0.6435962136222653,0.8333333333333334,0.16666666666666666,8.439707898748797,90.0
pp_quantile_calibrated,HOBBIES_1_032_CA_2,3513.427407780317,2646.1470324642664,867.2803753160507,0.0,0.6880286419726436,0.782051282051282,0.21794871794871795,33.92496195467008,556.0
pp_quantile_calibrated,HOBBIES_1_043_TX_2,574.3781652595418,500.7067108959715,73.67145436357029,0.0,0.8286710363637899,0.9102564102564102,0.08974358974358974,6.4193168063586095,86.0
pp_quantile_calibrated,HOBBIES_1_043_WI_3,1183.5525833362076,863.8594066255412,319.6931767106663,0.0,0.6580821639458114,0.782051282051282,0.21794871794871795,11.075120597763348,187.0
pp_quantile_calibrated,HOBBIES_1_045_CA_4,455.78912517674155,451.59268565264927,4.196439524092277,0.0,0.9400508639415389,0.9871794871794872,0.01282051282051282,5.789649816059606,14.0
pp_quantile_calibrated,HOBBIES_1_050_TX_3,252.13230563643802,177.7179961322443,74.41430950419371,0.0,0.6456461452181252,0.8461538461538461,0.15384615384615385,2.278435847849286,42.0
pp_quantile_calibrated,HOBBIES_1_054_CA_4,132.65881255054035,122.9978835525608,9.660928997979546,0.0,0.851370323108007,0.9615384615384616,0.038461538461538464,1.5768959429815486,13.0
pp_quantile_calibrated,HOBBIES_1_057_WI_1,493.46288818320113,462.91848786037104,30.544400322830107,0.0,0.9101635284622643,0.9230769230769231,0.07692307692307693,5.934852408466296,68.0
pp_quantile_calibrated,HOBBIES_1_061_CA_4,180.26734400672146,179.3419959012402,0.9253481054812562,0.0,0.981493037890375,0.9871794871794872,0.01282051282051282,2.2992563577082077,10.0
pp_quantile_calibrated,HOBBIES_1_065_CA_4,147.42684201476638,147.42684201476638,0.0,0.0,1.0,1.0,0.0,1.8900877181380304,7.0
pp_quantile_calibrated,HOBBIES_1_070_WI_2,157.77348793395322,148.58549043252603,9.187997501427185,0.0,0.8162400499714563,0.9615384615384616,0.038461538461538464,1.9049421850323849,10.0
pp_quantile_calibrated,HOBBIES_1_073_CA_2,502.0276778378431,413.8994456635035,88.1282321743396,0.0,0.6907781327216155,0.8846153846153846,0.11538461538461539,5.3064031495320965,57.0
pp_quantile_calibrated,HOBBIES_1_074_TX_2,364.37850723515584,308.93227623486115,55.446231000294674,0.0,0.8392862869556675,0.9102564102564102,0.08974358974358974,3.9606702081392453,69.0
pp_quantile_calibrated,HOBBIES_1_086_CA_3,787.650546123881,656.7684758163201,130.8820703075609,0.0,0.7641764498962865,0.7948717948717948,0.20512820512820512,8.420108664311796,111.0
pp_quantile_calibrated,HOBBIES_1_092_CA_3,283.2653292944533,262.80236775464556,20.462961539807715,0.0,0.8759820512738926,0.9487179487179487,0.05128205128205128,3.3692611250595585,33.0
pp_quantile_calibrated,HOBBIES_1_092_TX_1,331.4542545007205,297.3066024439754,34.1476520567451,0.0,0.7644989513327924,0.9230769230769231,0.07692307692307693,3.811623108256095,29.0
pp_quantile_calibrated,HOBBIES_1_103_CA_2,1966.249450491367,1485.0572048431386,481.19224564822844,0.0,0.72424513143368,0.7692307692307693,0.23076923076923078,19.039194933886392,349.0
pp_quantile_calibrated,HOBBIES_1_106_TX_3,348.12365468786254,316.5139917156516,31.60966297221089,0.0,0.7960666905018653,0.9230769230769231,0.07692307692307693,4.057871688662201,31.0
pp_quantile_calibrated,HOBBIES_1_106_WI_3,195.6230570234048,193.98880527653338,1.6342517468714224,0.0,0.9702863318750651,0.9871794871794872,0.01282051282051282,2.4870359650837615,11.0
pp_quantile_calibrated,HOBBIES_1_107_WI_2,491.97732678918527,440.2282008698789,51.749125919306366,0.0,0.7930034963227746,0.8974358974358975,0.10256410256410256,5.643951293203576,50.0
pp_quantile_calibrated,HOBBIES_1_108_CA_3,674.1094207806623,669.3819079128162,4.72751286784602,0.0,0.9854538065604739,0.9871794871794872,0.01282051282051282,8.581819332215593,65.0
pp_quantile_calibrated,HOBBIES_1_109_CA_3,454.69754159042196,407.57606056620557,47.12148102421638,0.0,0.7228148175046095,0.9102564102564102,0.08974358974358974,5.225334109823148,34.0
pp_quantile_calibrated,HOBBIES_1_110_CA_3,407.7430846795973,383.8077827821192,23.93530189747812,0.0,0.7720447438335417,0.9615384615384616,0.038461538461538464,4.920612599770759,21.0
pp_quantile_calibrated,HOBBIES_1_110_WI_3,205.06147884152213,189.9730933805592,15.088385460962943,0.0,0.7485269089839509,0.9743589743589743,0.02564102564102564,2.435552479237938,12.0
pp_quantile_calibrated,HOBBIES_1_113_TX_2,414.76798928428997,412.2707783633256,2.4972109209643856,0.0,0.9762170388479583,0.9871794871794872,0.01282051282051282,5.285522799529815,21.0
pp_quantile_calibrated,HOBBIES_1_116_CA_1,331.0339752845413,249.24666890940222,81.78730637513911,0.0,0.6661742596933097,0.8333333333333334,0.16666666666666666,3.1954701142231055,49.0
pp_quantile_calibrated,HOBBIES_1_116_WI_3,193.47080392059547,174.56556190809476,18.9052420125007,0.0,0.6562683270454418,0.9615384615384616,0.038461538461538464,2.2380200244627533,11.0
pp_quantile_calibrated,HOBBIES_1_117_CA_1,227.5919834820032,217.78396655918104,9.80801692282217,0.0,0.8967577166018719,0.9615384615384616,0.038461538461538464,2.792102135374116,19.0
pp_quantile_calibrated,HOBBIES_1_122_WI_3,432.2198675708073,432.2198675708073,0.0,0.0,1.0,1.0,0.0,5.541280353471889,8.0
pp_quantile_calibrated,HOBBIES_1_124_TX_3,356.02264561602635,338.48705686790936,17.535588748116968,0.0,0.8651108557837156,0.9615384615384616,0.038461538461538464,4.339577652152684,26.0
pp_quantile_calibrated,HOBBIES_1_133_WI_1,312.0,312.0,0.0,0.0,1.0,1.0,0.0,4.0,0.0
pp_quantile_calibrated,HOBBIES_1_134_CA_4,1350.0686656463222,1129.6716837249362,220.39698192138601,0.0,0.8066693141040474,0.7948717948717948,0.20512820512820512,14.482970304165848,228.0
pp_quantile_calibrated,HOBBIES_1_135_WI_1,416.759939462706,410.79391668106473,5.966022781641236,0.0,0.9766038322288579,0.9743589743589743,0.02564102564102564,5.266588675398266,51.0
pp_quantile_calibrated,HOBBIES_1_137_TX_1,362.33010162329856,320.18163854815,42.14846307514857,0.0,0.8243814038535476,0.8717948717948718,0.1282051282051282,4.104892801899359,48.0
pp_quantile_calibrated,HOBBIES_1_143_WI_1,214.8785090226864,178.40438910834501,36.47411991434138,0.0,0.6684170916878056,0.9230769230769231,0.07692307692307693,2.287235757799295,22.0
pp_quantile_calibrated,HOBBIES_1_151_TX_1,266.21000524549936,225.13317872907027,41.07682651642911,0.0,0.8449931074851732,0.9102564102564102,0.08974358974358974,2.8863228042188496,53.0
pp_quantile_calibrated,HOBBIES_1_152_CA_1,614.1908749444871,537.1987446940955,76.99213025039163,0.0,0.780022484998881,0.8846153846153846,0.11538461538461539,6.887163393514045,70.0
pp_quantile_calibrated,HOBBIES_1_152_CA_3,545.5882541414226,495.9418005115385,49.64645362988405,0.0,0.8472416811388184,0.8717948717948718,0.1282051282051282,6.358228211686391,65.0
pp_quantile_calibrated,HOBBIES_1_155_CA_2,667.558058737325,521.2702676973971,146.28779103992795,0.0,0.731582034789123,0.8076923076923077,0.19230769230769232,6.68295214996663,109.0
pp_quantile_calibrated,HOBBIES_1_162_TX_1,164.39860990751328,161.7799544057234,2.6186555017898794,0.0,0.9127114832736707,0.9871794871794872,0.01282051282051282,2.0741019795605564,6.0
pp_quantile_calibrated,HOBBIES_1_162_TX_2,231.44091529344504,216.65272957927436,14.788185714170673,0.0,0.8862447252756103,0.9358974358974359,0.0641025641025641,2.7775990971701843,26.0
pp_quantile_calibrated,HOBBIES_1_170_TX_2,184.19888430845793,169.1758887837167,15.022995524741262,0.0,0.7853857782179821,0.9487179487179487,0.05128205128205128,2.168921651073291,14.0
pp_quantile_calibrated,HOBBIES_1_173_CA_4,246.49408833652888,246.3571200369011,0.1369682996277577,0.0,0.9986303170037225,0.9871794871794872,0.01282051282051282,3.1584246158577067,20.0
pp_quantile_calibrated,HOBBIES_1_175_WI_1,196.3229895267047,195.782419939976,0.5405695867287164,0.0,0.9909905068878547,0.9871794871794872,0.01282051282051282,2.510031024871487,12.0
pp_quantile_calibrated,HOBBIES_1_176_TX_3,365.4648533588661,281.86231353906135,83.60253981980472,0.0,0.6845187176611143,0.8205128205128205,0.1794871794871795,3.6136194043469403,53.0
pp_quantile_calibrated,HOBBIES_1_184_CA_1,338.208219196084,338.208219196084,0.0,0.0,1.0,1.0,0.0,4.336002810206205,10.0
pp_quantile_calibrated,HOBBIES_1_186_TX_1,127.88608040965156,120.4233210998507,7.462759309800853,0.0,0.8756206781699859,0.9615384615384616,0.038461538461538464,1.543888732049368,12.0
pp_quantile_calibrated,HOBBIES_1_187_CA_2,206.93241237574836,192.03271069303932,14.899701682709035,0.0,0.8645481665208269,0.9615384615384616,0.038461538461538464,2.46195782939794,22.0
pp_quantile_calibrated,HOBBIES_1_190_TX_2,179.5199440895543,177.2238096509587,2.296134438595565,0.0,0.9582521011164442,0.9743589743589743,0.02564102564102564,2.27210012373024,11.0
pp_quantile_calibrated,HOBBIES_1_194_TX_3,852.8259015772734,735.945453515312,116.88044806196139,0.0,0.8018975456576926,0.8589743589743589,0.14102564102564102,9.43519812199118,118.0
pp_quantile_calibrated,HOBBIES_1_200_CA_4,341.2765868600266,271.0389576061373,70.23762925388932,0.0,0.7190494829844427,0.8717948717948718,0.1282051282051282,3.4748584308479136,50.0
pp_quantile_calibrated,HOBBIES_1_209_CA_3,3231.066715510498,2434.2088467873627,796.8578687231351,0.0,0.6720749511427427,0.7435897435897436,0.2564102564102564,31.207805728043112,486.0
pp_quantile_calibrated,HOBBIES_1_212_CA_2,249.3929278728902,248.78532641590056,0.607601456989646,0.0,0.9797466181003451,0.9871794871794872,0.01282051282051282,3.18955546687052,6.0
pp_quantile_calibrated,HOBBIES_1_232_WI_3,666.513099107927,636.6941127603454,29.8189863475816,0.0,0.8757542235517434,0.9487179487179487,0.05128205128205128,8.162745035389044,48.0
pp_quantile_calibrated,HOBBIES_1_239_TX_1,203.11787402144068,182.33805479762532,20.77981922381537,0.0,0.7402522597023079,0.9358974358974359,0.0641025641025641,2.3376673692003247,16.0
pp_quantile_calibrated,HOBBIES_1_240_CA_2,519.0499625420217,396.9697058826357,122.08025665938597,0.0,0.7629509579429398,0.8076923076923077,0.19230769230769232,5.089355203623534,103.0
pp_quantile_calibrated,HOBBIES_1_242_TX_3,403.0517960632923,365.15400352587517,37.89779253741713,0.0,0.8237311975003855,0.9230769230769231,0.07692307692307693,4.681461583665066,43.0
pp_quantile_calibrated,HOBBIES_1_245_TX_1,109.36290405420162,97.7492077195541,11.613696334647525,0.0,0.7677260733070496,0.9615384615384616,0.038461538461538464,1.253194970763514,10.0
pp_quantile_calibrated,HOBBIES_1_245_WI_1,300.9381032865624,245.73018900654844,55.20791428001398,0.0,0.6549505357499126,0.8717948717948718,0.1282051282051282,3.150387038545493,32.0
pp_quantile_calibrated,HOBBIES_1_252_TX_1,641.9696517613809,558.3835690762393,83.58608268514158,0.0,0.7014782761244944,0.9230769230769231,0.07692307692307693,7.158763706105631,56.0
pp_quantile_calibrated,HOBBIES_1_257_CA_2,302.4921658978979,294.9716448962902,7.520521001607734,0.0,0.9208366210357081,0.9743589743589743,0.02564102564102564,3.781687755080643,19.0
pp_quantile_calibrated,HOBBIES_1_261_WI_3,1231.1414358970524,834.6597287934778,396.48170710357454,0.0,0.5570036792138832,0.8589743589743589,0.14102564102564102,10.700765753762536,179.0
pp_quantile_calibrated,HOBBIES_1_264_TX_2,273.7636536010038,241.50442740195848,32.25922619904534,0.0,0.8102398458879687,0.9358974358974359,0.0641025641025641,3.0962106077174165,34.0
pp_quantile_calibrated,HOBBIES_1_267_CA_3,368.7510273539264,368.7510273539264,0.0,0.0,1.0,1.0,0.0,4.727577273768287,14.0
pp_quantile_calibrated,HOBBIES_1_267_WI_2,87.02268706931412,80.67184451750398,6.350842551810125,0.0,0.7883052482729959,0.9615384615384616,0.038461538461538464,1.0342544168910768,6.0
pp_quantile_calibrated,HOBBIES_1_277_CA_1,767.0,742.0,25.0,0.0,0.7058823529411765,0.9487179487179487,0.05128205128205128,9.512820512820513,17.0
pp_quantile_calibrated,HOBBIES_1_279_CA_4,413.7495262034689,347.49559521665265,66.25393098681629,0.0,0.745177188512245,0.8589743589743589,0.14102564102564102,4.455071733546829,52.0
pp_quantile_calibrated,HOBBIES_1_279_TX_3,383.98063009652356,324.98641388023503,58.994216216288535,0.0,0.8338191092498914,0.8461538461538461,0.15384615384615385,4.166492485644039,71.0
pp_quantile_calibrated,HOBBIES_1_285_CA_4,328.8780046445317,328.8780046445317,0.0,0.0,1.0,1.0,0.0,4.216384674929894,8.0
pp_quantile_calibrated,HOBBIES_1_287_WI_1,367.28173070853336,339.6456849727422,27.636045735791175,0.0,0.8545471277063623,0.9230769230769231,0.07692307692307693,4.3544318586249,38.0
pp_quantile_calibrated,HOBBIES_1_289_WI_1,415.89173119993166,314.9634393447368,100.92829185519486,0.0,0.6744248649832424,0.8589743589743589,0.14102564102564102,4.0379928121120106,62.0
pp_quantile_calibrated,HOBBIES_1_290_CA_4,263.6295943930662,263.6295943930662,0.0,0.0,1.0,1.0,0.0,3.3798665947829,3.0
pp_quantile_calibrated,HOBBIES_1_296_CA_1,345.6475925982297,280.52878555290465,65.11880704532508,0.0,0.6382288497481939,0.8589743589743589,0.14102564102564102,3.5965228917039056,36.0
pp_quantile_calibrated,HOBBIES_1_297_CA_1,807.7112893115557,665.9700637421173,141.74122556943837,0.0,0.8389304254892747,0.7948717948717948,0.20512820512820512,8.538077740283555,176.0
pp_quantile_calibrated,HOBBIES_1_306_CA_4,399.6972525702438,363.86615628097195,35.831096289271855,0.0,0.8333437381894332,0.9230769230769231,0.07692307692307693,4.664950721550922,43.0
pp_quantile_calibrated,HOBBIES_1_306_WI_3,196.24403993932373,196.24403993932373,0.0,0.0,1.0,1.0,0.0,2.51594922999133,17.0
pp_quantile_calibrated,HOBBIES_1_309_WI_1,153.78587544518297,114.16161576559877,39.6242596795842,0.0,0.5046967540051974,0.9230769230769231,0.07692307692307693,1.4636104585333176,16.0
pp_quantile_calibrated,HOBBIES_1_312_TX_3,543.302883333205,457.7747263546823,85.52815697852274,0.0,0.7656762822506226,0.8974358974358975,0.10256410256410256,5.868906748136952,73.0
pp_quantile_calibrated,HOBBIES_1_319_TX_1,1072.9346040836508,912.2908967364772,160.64370734717357,0.0,0.7620093224486317,0.8333333333333334,0.16666666666666666,11.696037137647144,135.0
pp_quantile_calibrated,HOBBIES_1_323_CA_3,621.090434001924,387.92008573263547,233.17034826928847,0.0,0.6113827528845193,0.717948717948718,0.28205128205128205,4.973334432469685,120.0
pp_quantile_calibrated,HOBBIES_1_328_TX_1,176.35487740344524,176.35487740344524,0.0,0.0,1.0,1.0,0.0,2.2609599667108364,7.0
pp_quantile_calibrated,HOBBIES_1_332_WI_1,477.46309799578296,409.19976290509214,68.26333509069083,0.0,0.7761857865878989,0.8589743589743589,0.14102564102564102,5.246150806475541,61.0
pp_quantile_calibrated,HOBBIES_1_333_CA_2,400.98793395499865,302.0187919138232,98.96914204117547,0.0,0.6907214311213267,0.8205128205128205,0.1794871794871795,3.872035793766964,64.0
pp_quantile_calibrated,HOBBIES_1_333_TX_1,172.27611132039843,164.9432012085238,7.332910111874642,0.0,0.8952441412589336,0.9871794871794872,0.01282051282051282,2.114656425750305,14.0
pp_quantile_calibrated,HOBBIES_1_334_TX_1,158.82692263815838,144.6980576279044,14.128865010253973,0.0,0.7431115452681095,0.9615384615384616,0.038461538461538464,1.8551033029218513,11.0
pp_quantile_calibrated,HOBBIES_1_344_CA_3,587.3426080963299,487.48830562384535,99.85430247248453,0.0,0.7829254294076423,0.8461538461538461,0.15384615384615385,6.249850072100581,92.0
pp_quantile_calibrated,HOBBIES_1_346_CA_4,213.28171305503102,193.91812750561738,19.363585549413635,0.0,0.7961727836903828,0.9615384615384616,0.038461538461538464,2.4861298398156073,19.0
pp_quantile_calibrated,HOBBIES_1_348_CA_4,5421.5211259647385,4669.6217517221285,751.8993742426101,0.0,0.6367635873224106,0.782051282051282,0.21794871794871795,59.86694553489908,414.0
pp_quantile_calibrated,HOBBIES_1_352_CA_2,612.4371509442033,524.1408389837296,88.2963119604737,0.0,0.792243971857709,0.8333333333333334,0.16666666666666666,6.719754345945252,85.0
pp_quantile_calibrated,HOBBIES_1_361_CA_4,268.2839580885759,242.56737111643716,25.716586972138717,0.0,0.8285560868524086,0.9358974358974359,0.0641025641025641,3.109838091236374,30.0
pp_quantile_calibrated,HOBBIES_1_362_WI_2,160.44750555690308,160.44750555690308,0.0,0.0,1.0,1.0,0.0,2.057019302011578,4.0
pp_quantile_calibrated,HOBBIES_1_367_TX_1,290.5007646371736,222.38195227024923,68.11881236692437,0.0,0.7380045678195217,0.8589743589743589,0.14102564102564102,2.8510506701314005,52.0
pp_quantile_calibrated,HOBBIES_1_368_CA_1,238.8188953458975,197.14113989749154,41.67775544840595,0.0,0.7474075427369337,0.9102564102564102,0.08974358974358974,2.5274505115063017,33.0
pp_quantile_calibrated,HOBBIES_1_372_TX_1,486.21105474040166,411.622344607363,74.58871013303863,0.0,0.7704962765137273,0.8846153846153846,0.11538461538461539,5.277209546248244,65.0
pp_quantile_calibrated,HOBBIES_1_373_TX_1,384.7845734362404,332.60912397206465,52.17544946417577,0.0,0.7731502197209749,0.8333333333333334,0.16666666666666666,4.264219538103393,46.0
pp_quantile_calibrated,HOBBIES_1_374_WI_3,176.1137973017046,157.0838900841708,19.02990721753379,0.0,0.7761187386172496,0.9487179487179487,0.05128205128205128,2.0138960267201385,17.0
pp_quantile_calibrated,HOBBIES_1_375_WI_1,137.24385245036055,120.74234970479768,16.50150274556287,0.0,0.5874624313609282,0.9358974358974359,0.0641025641025641,1.547978842369201,8.0
pp_quantile_calibrated,HOBBIES_1_380_CA_2,370.3015631346724,348.80070089905956,21.50086223561285,0.0,0.8407343538102752,0.9615384615384616,0.038461538461538464,4.471803857680251,27.0
pp_quantile_calibrated,HOBBIES_1_381_TX_2,1549.106988374807,1380.5851229860216,168.5218653887855,0.0,0.8943436580634573,0.9358974358974359,0.0641025641025641,17.69980926905156,319.0
pp_quantile_calibrated,HOBBIES_1_385_CA_1,411.0,401.0,10.0,0.0,0.75,0.9743589743589743,0.02564102564102564,5.141025641025641,8.0
pp_quantile_calibrated,HOBBIES_1_386_CA_3,865.0,860.0,5.0,0.0,0.9333333333333333,0.9871794871794872,0.01282051282051282,11.025641025641026,15.0
pp_quantile_calibrated,HOBBIES_1_386_WI_3,177.3662802277425,177.3662802277425,0.0,0.0,1.0,1.0,0.0,2.273926669586442,6.0
pp_quantile_calibrated,HOBBIES_1_389_CA_3,321.308136022948,307.0906821404981,14.217453882449966,0.0,0.8645956773100003,0.9743589743589743,0.02564102564102564,3.937060027442283,21.0
pp_quantile_calibrated,HOBBIES_1_390_TX_1,212.16999168636434,179.93809763020604,32.2318940561583,0.0,0.570241412584556,0.9102564102564102,0.08974358974358974,2.3068986875667443,15.0
pp_quantile_calibrated,HOBBIES_1_393_TX_2,196.77773412118304,196.77773412118304,0.0,0.0,1.0,1.0,0.0,2.5227914630920902,19.0
pp_quantile_calibrated,HOBBIES_1_398_TX_3,626.9371419029873,619.2591735319435,7.6779683710438285,0.0,0.9548354801703303,0.9743589743589743,0.02564102564102564,7.939220173486455,34.0
pp_quantile_calibrated,HOBBIES_1_399_TX_3,418.41801397918175,418.41801397918175,0.0,0.0,1.0,1.0,0.0,5.364333512553612,5.0
pp_quantile_calibrated,HOBBIES_1_400_CA_3,1017.1186428508786,872.8525689757262,144.2660738751524,0.0,0.6721225593746536,0.8717948717948718,0.1282051282051282,11.190417550970848,88.0
pp_quantile_calibrated,HOBBIES_1_405_TX_3,169.96398087904655,160.79920009049437,9.164780788552173,0.0,0.7963382046988406,0.9871794871794872,0.01282051282051282,2.0615282062883895,9.0
pp_quantile_calibrated,HOBBIES_1_406_CA_1,306.66843734235505,306.66843734235505,0.0,0.0,1.0,1.0,0.0,3.9316466325942954,7.0
pp_quantile_calibrated,HOBBIES_1_410_TX_1,230.90640074429638,230.90640074429638,0.0,0.0,1.0,1.0,0.0,2.9603384710807226,5.0
pp_quantile_calibrated,HOBBIES_1_415_CA_1,494.5710438006744,384.55009412689407,110.02094967378031,0.0,0.6507271438927609,0.8333333333333334,0.16666666666666666,4.930129411883257,63.0
pp_quantile_calibrated,HOBBIES_1_418_TX_1,357.3016687743164,341.34511309246426,15.956555681852116,0.0,0.8122758155076222,0.9743589743589743,0.02564102564102564,4.376219398621337,17.0
pp_quantile_calibrated,HOBBIES_1_419_CA_4,168.89808182905944,168.89808182905944,0.0,0.0,1.0,1.0,0.0,2.16536002344948,5.0
pp_quantile_calibrated,HOBBIES_2_007_TX_3,470.89318007149507,459.4224190748638,11.470760996631242,0.0,0.9208913034715087,0.9743589743589743,0.02564102564102564,5.890031013780305,29.0
pp_quantile_calibrated,HOBBIES_2_008_WI_3,268.47982424753354,258.6157161417083,9.864108105825267,0.0,0.8961672830965761,0.9743589743589743,0.02564102564102564,3.315586104380875,19.0
pp_quantile_calibrated,HOBBIES_2_009_WI_2,313.99441805132176,312.36989523707854,1.62452281424323,0.0,0.9535850624501935,0.9871794871794872,0.01282051282051282,4.004742246629212,7.0
pp_quantile_calibrated,HOBBIES_2_012_TX_2,236.74297533687823,232.85391938466867,3.8890559522095636,0.0,0.9292898917780079,0.9871794871794872,0.01282051282051282,2.9853066587778034,11.0
pp_quantile_calibrated,HOBBIES_2_014_WI_1,202.5955741439769,191.7894095087273,10.806164635249607,0.0,0.8198972560791732,0.9743589743589743,0.02564102564102564,2.4588385834452215,12.0
pp_quantile_calibrated,HOBBIES_2_018_CA_2,212.15744473277744,199.67888552542354,12.47855920735391,0.0,0.8686467451857482,0.9743589743589743,0.02564102564102564,2.5599857118644045,19.0
pp_quantile_calibrated,HOBBIES_2_030_TX_2,158.5863863319151,147.47407756112165,11.112308770793437,0.0,0.7979580223492103,0.9615384615384616,0.038461538461538464,1.8906933020656622,11.0
pp_quantile_calibrated,HOBBIES_2_030_WI_2,255.86779114470215,255.86779114470215,0.0,0.0,1.0,1.0,0.0,3.280356296726951,0.0
pp_quantile_calibrated,HOBBIES_2_031_CA_2,283.92330590070515,264.4214157930795,19.50189010762561,0.0,0.8499854607105722,0.9615384615384616,0.038461538461538464,3.390018151193327,26.0
pp_quantile_calibrated,HOBBIES_2_035_CA_2,254.60736358032804,248.24902084719506,6.358342733132987,0.0,0.8843937684884913,0.9743589743589743,0.02564102564102564,3.1826797544512186,11.0
pp_quantile_calibrated,HOBBIES_2_038_CA_2,337.01269948909334,288.6831663776227,48.329533111470674,0.0,0.6282343606809948,0.9102564102564102,0.08974358974358974,3.701066235610547,26.0
pp_quantile_calibrated,HOBBIES_2_040_TX_1,253.6361457763298,246.4985176659555,7.137628110374326,0.0,0.7960677682750192,0.9871794871794872,0.01282051282051282,3.1602374059737883,7.0
pp_quantile_calibrated,HOBBIES_2_041_TX_2,311.55810636772054,222.74538687204813,88.81271949567241,0.0,0.6374991040992963,0.8333333333333334,0.16666666666666666,2.855710088103181,49.0
pp_quantile_calibrated,HOBBIES_2_042_TX_2,553.9951927440821,540.9602666365967,13.034926107485516,0.0,0.9131004926167632,0.9871794871794872,0.01282051282051282,6.935388033802521,30.0
pp_quantile_calibrated,HOBBIES_2_045_CA_4,232.525452767483,232.525452767483,0.0,0.0,1.0,1.0,0.0,2.981095548301064,13.0
pp_quantile_calibrated,HOBBIES_2_050_WI_2,100.40881386080864,97.4027457269513,3.006068133857347,0.0,0.9331984859142811,0.9871794871794872,0.01282051282051282,1.2487531503455294,9.0
pp_quantile_calibrated,HOBBIES_2_056_WI_3,347.1059179392249,347.1059179392249,0.0,0.0,1.0,1.0,0.0,4.450075871015704,3.0
pp_quantile_calibrated,HOBBIES_2_061_TX_3,180.42464225329635,153.18720677862007,27.237435474676282,0.0,0.5047739004604312,0.9487179487179487,0.05128205128205128,1.963938548443847,11.0
pp_quantile_calibrated,HOBBIES_2_072_TX_2,250.7396314094737,250.54118300742402,0.19844840204968683,0.0,0.9933850532650105,0.9871794871794872,0.01282051282051282,3.2120664488131285,6.0
pp_quantile_calibrated,HOBBIES_2_074_CA_1,540.4786941284948,540.4786941284948,0.0,0.0,1.0,1.0,0.0,6.929214027288395,7.0
pp_quantile_calibrated,HOBBIES_2_074_CA_3,145.11915274260446,133.9555922763355,11.163560466268967,0.0,0.7767287906746206,0.9615384615384616,0.038461538461538464,1.7173793881581474,10.0
pp_quantile_calibrated,HOBBIES_2_076_TX_3,807.0657612746434,694.6234920169538,112.44226925768956,0.0,0.45150112557224603,0.8589743589743589,0.14102564102564102,8.905429384832741,41.0
pp_quantile_calibrated,HOBBIES_2_076_WI_1,508.739266374744,469.7192402427864,39.02002613195759,0.0,0.589262882821499,0.9230769230769231,0.07692307692307693,6.022041541574184,19.0
pp_quantile_calibrated,HOBBIES_2_077_WI_1,296.7066976179951,296.7066976179951,0.0,0.0,1.0,1.0,0.0,3.8039320207435265,0.0
pp_quantile_calibrated,HOBBIES_2_081_WI_3,592.1988630590168,592.1988630590168,0.0,0.0,1.0,1.0,0.0,7.592293116141241,10.0
pp_quantile_calibrated,HOBBIES_2_083_CA_1,478.63311447591155,478.63311447591155,0.0,0.0,1.0,1.0,0.0,6.136321980460404,7.0
pp_quantile_calibrated,HOBBIES_2_084_WI_3,153.7343605984792,148.624401533246,5.109959065233234,0.0,0.8978008186953353,0.9743589743589743,0.02564102564102564,1.9054410452980255,10.0
pp_quantile_calibrated,HOBBIES_2_086_CA_4,195.11475817499317,195.11475817499317,0.0,0.0,1.0,1.0,0.0,2.5014712586537584,3.0
pp_quantile_calibrated,HOBBIES_2_103_TX_1,278.53431914278565,233.28758213122427,45.24673701156137,0.0,0.761859278886519,0.8974358974358975,0.10256410256410256,2.990866437579798,38.0
pp_quantile_calibrated,HOBBIES_2_107_WI_3,512.3077922842175,512.3077922842175,0.0,0.0,1.0,1.0,0.0,6.5680486190284295,4.0
pp_quantile_calibrated,HOBBIES_2_114_CA_4,223.33652424453368,223.33652424453368,0.0,0.0,1.0,1.0,0.0,2.8632887723658165,9.0
pp_quantile_calibrated,HOBBIES_2_115_TX_1,443.5360834588102,390.8146225266286,52.721460932181586,0.0,0.8117090680993515,0.8974358974358975,0.10256410256410256,5.01044387854652,56.0
pp_quantile_calibrated,HOBBIES_2_116_CA_1,320.6067671271079,313.27342288535993,7.3333442417479855,0.0,0.9333332341659273,0.9615384615384616,0.038461538461538464,4.016325934427692,22.0
pp_quantile_calibrated,HOBBIES_2_116_CA_2,300.18336354343796,258.7031073638669,41.48025617957107,0.0,0.6927388431142885,0.9358974358974359,0.0641025641025641,3.31670650466496,27.0
pp_quantile_calibrated,HOBBIES_2_117_TX_1,458.6238227747059,436.5259353403625,22.09788743434344,0.0,0.8574329842945584,0.9230769230769231,0.07692307692307693,5.596486350517468,31.0
pp_quantile_calibrated,HOBBIES_2_118_WI_2,301.976603560318,301.976603560318,0.0,0.0,1.0,1.0,0.0,3.871494917439974,0.0
pp_quantile_calibrated,HOBBIES_2_122_CA_2,478.35821432994476,478.35821432994476,0.0,0.0,1.0,1.0,0.0,6.132797619614676,10.0
pp_quantile_calibrated,HOBBIES_2_122_TX_1,436.79283251175684,412.55716150525103,24.235671006505832,0.0,0.7892550347260362,0.9358974358974359,0.0641025641025641,5.289194378272449,23.0
pp_quantile_calibrated,HOBBIES_2_123_TX_1,233.9763695504344,233.9763695504344,0.0,0.0,1.0,1.0,0.0,2.99969704551839,16.0
pp_quantile_calibrated,HOBBIES_2_124_TX_3,1099.0,864.0,235.0,0.0,0.24193548387096775,0.9230769230769231,0.07692307692307693,11.076923076923077,62.0
pp_quantile_calibrated,HOBBIES_2_128_TX_1,164.17611613703278,153.55113941896258,10.624976718070203,0.0,0.787500465638596,0.9743589743589743,0.02564102564102564,1.9686043515251612,10.0
pp_quantile_calibrated,HOBBIES_2_129_WI_1,599.48117256951,594.6432970116272,4.837875557882825,0.0,0.9596843703509764,0.9871794871794872,0.01282051282051282,7.623632012969579,24.0
pp_quantile_calibrated,HOBBIES_2_132_CA_1,576.4511308131129,517.9007401618921,58.55039065122068,0.0,0.7831467012917753,0.9230769230769231,0.07692307692307693,6.639753078998617,54.0
pp_quantile_calibrated,HOBBIES_2_133_CA_3,680.7776371023265,649.7011597633707,31.076477338955733,0.0,0.7928234844069617,0.9358974358974359,0.0641025641025641,8.329502048248342,30.0
pp_quantile_calibrated,HOBBIES_2_134_TX_3,380.7581982111894,380.7581982111894,0.0,0.0,1.0,1.0,0.0,4.881515361681915,10.0
pp_quantile_calibrated,HOBBIES_2_137_CA_2,481.01018939987904,481.01018939987904,0.0,0.0,1.0,1.0,0.0,6.166797299998449,0.0
pp_quantile_calibrated,HOBBIES_2_144_WI_1,245.28169930746537,245.28169930746537,0.0,0.0,1.0,1.0,0.0,3.1446371706085303,10.0
pp_quantile_calibrated,HOUSEHOLD_1_005_CA_4,444.02078149454087,323.862711916272,120.15806957826882,0.0,0.6123933239410683,0.7948717948717948,0.20512820512820512,4.152086050208616,62.0
pp_quantile_calibrated,HOUSEHOLD_1_006_CA_4,389.67950512266606,340.8813323880101,48.798172734655985,0.0,0.8123147202513231,0.8974358974358975,0.10256410256410256,4.370273492153975,52.0
pp_quantile_calibrated,HOUSEHOLD_1_006_WI_2,387.2480536881289,331.9447472866111,55.30330640151779,0.0,0.7427753190627079,0.9102564102564102,0.08974358974358974,4.255701888289886,43.0
pp_quantile_calibrated,HOUSEHOLD_1_008_WI_3,197.27482915098426,152.1825913326061,45.092237818378166,0.0,0.6392620974529747,0.8589743589743589,0.14102564102564102,1.95105886323854,25.0
pp_quantile_calibrated,HOUSEHOLD_1_010_CA_2,914.3045016403363,853.4076347773728,60.89686686296349,0.0,0.8126250250370354,0.8974358974358975,0.10256410256410256,10.94112352278683,65.0
pp_quantile_calibrated,HOUSEHOLD_1_013_CA_3,707.8968049126482,590.1184779423377,117.77832697031054,0.0,0.8037027883828157,0.8205128205128205,0.1794871794871795,7.565621512081252,120.0
pp_quantile_calibrated,HOUSEHOLD_1_014_CA_2,1094.2165220299291,1059.2046461841219,35.01187584580734,0.0,0.9439809986467083,0.9615384615384616,0.038461538461538464,13.57954674595028,125.0
pp_quantile_calibrated,HOUSEHOLD_1_014_WI_3,349.559797056418,337.1490667562035,12.410730300214476,0.0,0.9310514983321418,0.9871794871794872,0.01282051282051282,4.32242393277184,36.0
pp_quantile_calibrated,HOUSEHOLD_1_015_WI_2,595.0,595.0,0.0,0.0,1.0,1.0,0.0,7.628205128205129,1.0
pp_quantile_calibrated,HOUSEHOLD_1_020_WI_1,408.2297183903358,357.8037355708068,50.42598281952902,0.0,0.8599278255013083,0.8589743589743589,0.14102564102564102,4.587227379112908,72.0
pp_quantile_calibrated,HOUSEHOLD_1_021_WI_2,789.7784388657979,371.8319968152517,417.9464420505461,0.0,0.5481660085940042,0.6538461538461539,0.34615384615384615,4.767076882246817,185.0
pp_quantile_calibrated,HOUSEHOLD_1_024_CA_2,624.6739331358159,513.1335426126144,111.54039052320151,0.0,0.7464991124472693,0.8076923076923077,0.19230769230769232,6.578635161700185,88.0
pp_quantile_calibrated,HOUSEHOLD_1_026_CA_2,1026.1044186927963,693.2885567858405,332.81586190695583,0.0,0.5312452649197805,0.7564102564102564,0.24358974358974358,8.888314830587698,142.0
pp_quantile_calibrated,HOUSEHOLD_1_029_CA_2,792.6315978353691,611.6180736196192,181.01352421574998,0.0,0.6905751722807693,0.782051282051282,0.21794871794871795,7.8412573540976815,117.0
pp_quantile_calibrated,HOUSEHOLD_1_032_WI_1,458.9320249248416,419.7321339933535,39.199890931488106,0.0,0.8624565230474102,0.9102564102564102,0.08974358974358974,5.381181205042994,57.0
pp_quantile_calibrated,HOUSEHOLD_1_033_TX_2,925.9488856779726,873.5610286350357,52.38785704293701,0.0,0.9047493508310236,0.9487179487179487,0.05128205128205128,11.199500367115842,110.0
pp_quantile_calibrated,HOUSEHOLD_1_034_WI_1,295.27989855441064,291.60969778570467,3.6702007687059623,0.0,0.9592199914588228,0.9871794871794872,0.01282051282051282,3.738585869047496,18.0
pp_quantile_calibrated,HOUSEHOLD_1_043_CA_3,675.6576210069013,531.2511149707802,144.40650603612113,0.0,0.6790966532530641,0.7564102564102564,0.24358974358974358,6.8109117303946185,90.0
pp_quantile_calibrated,HOUSEHOLD_1_049_CA_1,2683.8825576790255,2683.8825576790255,0.0,0.0,1.0,1.0,0.0,34.408750739474684,0.0
pp_quantile_calibrated,HOUSEHOLD_1_049_WI_1,390.0,390.0,0.0,0.0,1.0,1.0,0.0,5.0,0.0
pp_quantile_calibrated,HOUSEHOLD_1_051_WI_1,1573.7016583689206,1353.681475547954,220.02018282096643,0.0,0.8333180433174496,0.8076923076923077,0.19230769230769232,17.354890712153257,264.0
pp_quantile_calibrated,HOUSEHOLD_1_058_CA_3,1338.8776098824214,1245.1847109658356,93.69289891658582,0.0,0.916345625967334,0.8589743589743589,0.14102564102564102,15.963906550844046,224.0
pp_quantile_calibrated,HOUSEHOLD_1_068_TX_1,213.28142532098576,198.79076901348074,14.490656307505015,0.0,0.6779854153887774,0.9615384615384616,0.038461538461538464,2.5485996027369326,9.0
pp_quantile_calibrated,HOUSEHOLD_1_071_CA_1,1632.6617053732011,1127.5424024663819,505.11930290681926,0.0,0.713000396075671,0.717948717948718,0.28205128205128205,14.455671826492075,352.0
pp_quantile_calibrated,HOUSEHOLD_1_071_TX_2,1610.7796644762827,1115.6992330490227,495.08043142726007,0.0,0.7035446518399641,0.7307692307692307,0.2692307692307692,14.303836321141317,334.0
pp_quantile_calibrated,HOUSEHOLD_1_079_WI_1,680.6813753109456,497.2959030265813,183.38547228436425,0.0,0.6695757256137581,0.7948717948717948,0.20512820512820512,6.375588500340786,111.0
pp_quantile_calibrated,HOUSEHOLD_1_080_WI_1,300.6209633405697,273.3253809334681,27.295582407101545,0.0,0.7816353407431876,0.9487179487179487,0.05128205128205128,3.5041715504290787,25.0
pp_quantile_calibrated,HOUSEHOLD_1_080_WI_2,424.8435092013098,422.1706891810673,2.67282002024253,0.0,0.9881207999100332,0.9871794871794872,0.01282051282051282,5.412444733090607,45.0
pp_quantile_calibrated,HOUSEHOLD_1_083_TX_1,2788.1970887588886,2037.7773330640537,750.4197556948351,0.0,0.706867282931705,0.717948717948718,0.28205128205128205,26.125350423898123,512.0
pp_quantile_calibrated,HOUSEHOLD_1_083_WI_3,3252.5126349282455,2397.346404492933,855.1662304353129,0.0,0.7335930746307436,0.7307692307692307,0.2692307692307692,30.735210314011958,642.0
pp_quantile_calibrated,HOUSEHOLD_1_088_TX_3,427.6176294252236,381.90065050556774,45.71697891965585,0.0,0.8548667335883942,0.8846153846153846,0.11538461538461539,4.896162185968818,63.0
pp_quantile_calibrated,HOUSEHOLD_1_091_WI_3,178.98773481356983,161.4735976546245,17.514137158945328,0.0,0.7664781712140624,0.9358974358974359,0.0641025641025641,2.0701743289054426,15.0
pp_quantile_calibrated,HOUSEHOLD_1_093_CA_2,599.1660408875995,471.3746072747016,127.79143361289793,0.0,0.7444171327742041,0.8205128205128205,0.1794871794871795,6.043264195829508,100.0
pp_quantile_calibrated,HOUSEHOLD_1_095_TX_2,154.24928199180903,142.2901035311047,11.959178460704337,0.0,0.8160126390660871,0.9615384615384616,0.038461538461538464,1.8242320965526244,13.0
pp_quantile_calibrated,HOUSEHOLD_1_095_TX_3,165.60713389668754,149.14319697586188,16.463936920825653,0.0,0.7467086627565285,0.9615384615384616,0.038461538461538464,1.9120922689213062,13.0
pp_quantile_calibrated,HOUSEHOLD_1_096_WI_2,3799.889224874933,2548.1206155191844,1251.7686093557486,0.0,0.6983690097937955,0.6666666666666666,0.3333333333333333,32.668213019476724,830.0
pp_quantile_calibrated,HOUSEHOLD_1_098_CA_4,186.75878975570978,170.1150982841652,16.643691471544578,0.0,0.7439432081300834,0.9615384615384616,0.038461538461538464,2.1809627985149387,13.0
pp_quantile_calibrated,HOUSEHOLD_1_102_WI_3,818.7870190606809,687.3745352533792,131.41248380730167,0.0,0.7397772597875214,0.8461538461538461,0.15384615384615385,8.812494041709991,101.0
pp_quantile_calibrated,HOUSEHOLD_1_106_TX_3,2712.541057184877,1824.479260229799,888.061796955078,0.0,0.7083540896699251,0.7051282051282052,0.2948717948717949,23.390759746535885,609.0
pp_quantile_calibrated,HOUSEHOLD_1_119_TX_2,1156.755501961271,1089.8805752417998,66.87492671947119,0.0,0.9213236156241514,0.9230769230769231,0.07692307692307693,13.97282788771538,170.0
pp_quantile_calibrated,HOUSEHOLD_1_120_CA_2,399.23466113013495,349.04283938201337,50.1918217481216,0.0,0.7131895900107336,0.8846153846153846,0.11538461538461539,4.474908197205299,35.0
pp_quantile_calibrated,HOUSEHOLD_1_127_WI_1,351.0497416893286,305.9948384756811,45.054903213647506,0.0,0.7425434102077286,0.8846153846153846,0.11538461538461539,3.923010749688219,35.0
pp_quantile_calibrated,HOUSEHOLD_1_128_WI_2,1084.9661114716948,867.237129063212,217.7289824084828,0.0,0.7525807018085423,0.782051282051282,0.21794871794871795,11.11842473157964,176.0
pp_quantile_calibrated,HOUSEHOLD_1_131_CA_1,528.8917641099863,454.4363239493126,74.45544016067369,0.0,0.7292529448702775,0.8717948717948718,0.1282051282051282,5.82610671729888,55.0
pp_quantile_calibrated,HOUSEHOLD_1_131_TX_1,500.15670393246637,410.51093894906114,89.64576498340526,0.0,0.7324007015420738,0.8333333333333334,0.16666666666666666,5.262960755757194,67.0
pp_quantile_calibrated,HOUSEHOLD_1_136_WI_3,648.4113371528867,548.1789148169064,100.23242233598029,0.0,0.8469734010137705,0.8846153846153846,0.11538461538461539,7.0279348053449535,131.0
pp_quantile_calibrated,HOUSEHOLD_1_145_CA_2,1261.600955752619,1025.6094129172038,235.99154283541515,0.0,0.7974321520726051,0.7948717948717948,0.20512820512820512,13.148838627143638,233.0
pp_quantile_calibrated,HOUSEHOLD_1_155_WI_3,273.48983043274825,210.3750419072464,63.11478852550185,0.0,0.6287365380852833,0.8717948717948718,0.1282051282051282,2.6971159218877747,34.0
pp_quantile_calibrated,HOUSEHOLD_1_157_WI_1,282.83572792167496,279.08143071840044,3.7542972032745103,0.0,0.9673539373628303,0.9743589743589743,0.02564102564102564,3.5779670604923135,23.0
pp_quantile_calibrated,HOUSEHOLD_1_158_CA_3,562.0887408828879,480.4796339853819,81.60910689750605,0.0,0.7794348462229567,0.8717948717948718,0.1282051282051282,6.159995307504896,74.0
pp_quantile_calibrated,HOUSEHOLD_1_160_WI_2,807.6646133485164,715.6335713777684,92.03104197074799,0.0,0.8539189809988127,0.8589743589743589,0.14102564102564102,9.174789376638056,126.0
pp_quantile_calibrated,HOUSEHOLD_1_161_CA_2,548.111671703027,503.6997030024528,44.41196870057425,0.0,0.8766334202761826,0.9358974358974359,0.0641025641025641,6.457688500031446,72.0
pp_quantile_calibrated,HOUSEHOLD_1_162_TX_1,677.5871514653317,639.9236764379374,37.66347502739422,0.0,0.8017711840663463,0.9487179487179487,0.05128205128205128,8.204149697922274,38.0
pp_quantile_calibrated,HOUSEHOLD_1_163_CA_1,291.7855648587965,279.54811475091486,12.237450107881633,0.0,0.8887504535647124,0.9615384615384616,0.038461538461538464,3.5839501891142933,22.0
pp_quantile_calibrated,HOUSEHOLD_1_165_CA_1,332.3792997814709,298.73772642146815,33.641573360002724,0.0,0.8317921331999865,0.9358974358974359,0.0641025641025641,3.829970851557284,40.0
pp_quantile_calibrated,HOUSEHOLD_1_165_TX_1,723.4710383609734,690.0860570635327,33.384981297440675,0.0,0.9132857628637905,0.9487179487179487,0.05128205128205128,8.847257141840164,77.0
pp_quantile_calibrated,HOUSEHOLD_1_167_WI_1,375.1857382308247,331.7615755885047,43.42416264232004,0.0,0.7285989834854998,0.9102564102564102,0.08974358974358974,4.253353533185957,32.0
pp_quantile_calibrated,HOUSEHOLD_1_175_TX_2,625.4777310368115,483.2419998977532,142.23573113905826,0.0,0.7877078639715548,0.8461538461538461,0.15384615384615385,6.1954102550994,134.0
pp_quantile_calibrated,HOUSEHOLD_1_175_WI_3,278.3523615590316,241.99720741310625,36.3551541459253,0.0,0.7796657324489377,0.9102564102564102,0.08974358974358974,3.102528300168029,33.0
pp_quantile_calibrated,HOUSEHOLD_1_185_WI_3,423.1621155948203,308.2806251207131,114.88149047410715,0.0,0.747513207749215,0.8333333333333334,0.16666666666666666,3.9523157066758094,91.0
pp_quantile_calibrated,HOUSEHOLD_1_186_WI_2,1972.75498758808,1362.2257388102842,610.5292487777958,0.0,0.7050583339237702,0.6923076923076923,0.3076923076923077,17.464432548849796,414.0
pp_quantile_calibrated,HOUSEHOLD_1_188_TX_2,404.83750168536835,366.08474369482286,38.75275799054546,0.0,0.8509509308055944,0.9230769230769231,0.07692307692307693,4.693394149933626,52.0
pp_quantile_calibrated,HOUSEHOLD_1_190_WI_3,370.3157547120547,331.55225491140766,38.763499800647025,0.0,0.8825348490889484,0.9102564102564102,0.08974358974358974,4.250669934761636,66.0
pp_quantile_calibrated,HOUSEHOLD_1_191_TX_3,1009.1688251416945,979.3022433233024,29.866581818392046,0.0,0.9305428329804837,0.9487179487179487,0.05128205128205128,12.555156965683365,86.0
pp_quantile_calibrated,HOUSEHOLD_1_194_CA_1,353.1995275723139,351.30084847389395,1.8986790984199642,0.0,0.9891504051518859,0.9871794871794872,0.01282051282051282,4.503857031716589,35.0
pp_quantile_calibrated,HOUSEHOLD_1_195_CA_2,319.1404272316905,292.2045693392224,26.93585789246811,0.0,0.826220271661496,0.9615384615384616,0.038461538461538464,3.7462124274259283,31.0
pp_quantile_calibrated,HOUSEHOLD_1_201_TX_2,624.0854714006242,624.0854714006242,0.0,0.0,1.0,1.0,0.0,8.00109578718749,23.0
pp_quantile_calibrated,HOUSEHOLD_1_205_WI_3,534.8418528554604,528.2919023348842,6.5499505205762,0.0,0.9766073195693706,0.9871794871794872,0.01282051282051282,6.772973106857489,56.0
pp_quantile_calibrated,HOUSEHOLD_1_206_CA_4,268.6613170071768,267.7631672462826,0.898149760894229,0.0,0.9775462559776442,0.9871794871794872,0.01282051282051282,3.4328611185420845,8.0
pp_quantile_calibrated,HOUSEHOLD_1_207_TX_1,313.8397371040614,300.0066056225766,13.83313148148475,0.0,0.9011919179893947,0.9358974358974359,0.0641025641025641,3.846238533622777,28.0
pp_quantile_calibrated,HOUSEHOLD_1_208_WI_3,917.234857168507,790.8771915799692,126.35766558853774,0.0,0.8380029928352081,0.8589743589743589,0.14102564102564102,10.13945117410217,156.0
pp_quantile_calibrated,HOUSEHOLD_1_211_TX_2,334.20957026022893,279.6313475210114,54.578222739217566,0.0,0.7772317439215609,0.8974358974358975,0.10256410256410256,3.585017275910402,49.0
pp_quantile_calibrated,HOUSEHOLD_1_212_WI_2,579.6811939062246,521.2268978355189,58.4542960707057,0.0,0.8807055182230495,0.8846153846153846,0.11538461538461539,6.682396126096396,98.0
pp_quantile_calibrated,HOUSEHOLD_1_216_TX_1,205.4401324458705,205.4401324458705,0.0,0.0,1.0,1.0,0.0,2.6338478518701343,9.0
pp_quantile_calibrated,HOUSEHOLD_1_217_WI_3,565.8055009550787,468.5714872865089,97.23401366856987,0.0,0.7599160156331607,0.8461538461538461,0.15384615384615385,6.007326760083448,81.0
pp_quantile_calibrated,HOUSEHOLD_1_218_CA_1,651.1661658057246,554.997786633934,96.1683791717907,0.0,0.7400854616978629,0.8461538461538461,0.15384615384615385,7.115356238896589,74.0
pp_quantile_calibrated,HOUSEHOLD_1_219_TX_3,309.0229266843126,241.25601170338354,67.76691498092907,0.0,0.7622213509441085,0.8846153846153846,0.11538461538461539,3.0930257910690195,57.0
pp_quantile_calibrated,HOUSEHOLD_1_220_TX_3,629.4828332819076,538.4862271308914,90.99660615101618,0.0,0.8345516251799705,0.8589743589743589,0.14102564102564102,6.903669578601172,110.0
pp_quantile_calibrated,HOUSEHOLD_1_221_CA_2,554.1256363262593,466.47239556957805,87.6532407566812,0.0,0.763099349306267,0.8589743589743589,0.14102564102564102,5.980415327815103,74.0
pp_quantile_calibrated,HOUSEHOLD_1_224_WI_2,580.1487965912897,496.67628790003045,83.4725086912593,0.0,0.7431615117192022,0.8589743589743589,0.14102564102564102,6.367644716667057,65.0
pp_quantile_calibrated,HOUSEHOLD_1_225_CA_4,516.4898938213023,430.3459719692817,86.14392185202057,0.0,0.7029519936137222,0.8589743589743589,0.14102564102564102,5.517256050888228,58.0
pp_quantile_calibrated,HOUSEHOLD_1_225_TX_2,1170.5815818427448,968.4841315262984,202.09745031644644,0.0,0.7999035145381719,0.7948717948717948,0.20512820512820512,12.416463224696132,202.0
pp_quantile_calibrated,HOUSEHOLD_1_230_TX_3,253.89258163553376,217.77161061985032,36.12097101568342,0.0,0.5986558776035176,0.9358974358974359,0.0641025641025641,2.791943725895517,18.0
pp_quantile_calibrated,HOUSEHOLD_1_238_CA_3,874.9300435999004,695.1265236939466,179.80351990595375,0.0,0.8076967701540603,0.7948717948717948,0.20512820512820512,8.911878508896752,187.0
pp_quantile_calibrated,HOUSEHOLD_1_244_CA_3,845.1625509152861,625.9672524707707,219.19529844451534,0.0,0.7171673568457867,0.7948717948717948,0.20512820512820512,8.025221185522701,155.0
pp_quantile_calibrated,HOUSEHOLD_1_246_CA_2,2235.1473998572196,1785.5391819820634,449.6082178751563,0.0,0.8212293368289637,0.7307692307692307,0.2692307692307692,22.89152797412902,503.0
pp_quantile_calibrated,HOUSEHOLD_1_248_CA_4,276.6575307394876,242.16817580219353,34.48935493729404,0.0,0.7909736064406422,0.8974358974358975,0.10256410256410256,3.1047202025922247,33.0
pp_quantile_calibrated,HOUSEHOLD_1_249_WI_3,312.5644300996189,287.0721662331018,25.4922638665171,0.0,0.8725386806674145,0.9102564102564102,0.08974358974358974,3.6804123876038695,40.0
pp_quantile_calibrated,HOUSEHOLD_1_264_TX_3,189.96401802063846,172.25644763409724,17.70757038654123,0.0,0.8460211270735544,0.9487179487179487,0.05128205128205128,2.208415995308939,23.0
pp_quantile_calibrated,HOUSEHOLD_1_265_CA_3,342.6737495511529,283.1314050207804,59.5423445303725,0.0,0.7665006096848137,0.8717948717948718,0.1282051282051282,3.629889807958723,51.0
pp_quantile_calibrated,HOUSEHOLD_1_272_CA_3,9275.699999999997,9037.199999999997,238.49999999999994,0.0,0.7435483870967743,0.9487179487179487,0.05128205128205128,115.86153846153843,186.0
pp_quantile_calibrated,HOUSEHOLD_1_298_TX_3,561.4510880355241,524.6052097321822,36.84587830334195,0.0,0.8060743247192529,0.9230769230769231,0.07692307692307693,6.725707817079258,38.0
pp_quantile_calibrated,HOUSEHOLD_1_304_CA_3,3486.9738945767367,2277.6231845951233,1209.3507099816136,0.0,0.6976623225045965,0.6666666666666666,0.3333333333333333,29.200297238399017,800.0
pp_quantile_calibrated,HOUSEHOLD_1_304_CA_4,799.2427269156929,598.1738953328471,201.0688315828457,0.0,0.7319082245562056,0.7307692307692307,0.2692307692307692,7.668896094010861,150.0
pp_quantile_calibrated,HOUSEHOLD_1_309_TX_2,266.91503518128076,244.38751559466738,22.52751958661338,0.0,0.7747248041338661,0.9230769230769231,0.07692307692307693,3.13317327685471,20.0
pp_quantile_calibrated,HOUSEHOLD_1_314_TX_3,427.8616129011578,381.11785606120435,46.74375683995347,0.0,0.826874974666839,0.8717948717948718,0.1282051282051282,4.8861263597590305,54.0
pp_quantile_calibrated,HOUSEHOLD_1_317_CA_1,751.4097123642578,676.8344865536691,74.5752258105887,0.0,0.8508495483788227,0.8846153846153846,0.11538461538461539,8.677365212226526,100.0
pp_quantile_calibrated,HOUSEHOLD_1_317_TX_3,565.6121834667906,523.8405962373777,41.771587229412965,0.0,0.8673917865732922,0.9487179487179487,0.05128205128205128,6.71590507996638,63.0
pp_quantile_calibrated,HOUSEHOLD_1_320_WI_3,280.9126936537954,231.21295049017843,49.699743163616944,0.0,0.6893766052273941,0.9102564102564102,0.08974358974358974,2.9642685960279285,32.0
pp_quantile_calibrated,HOUSEHOLD_1_332_WI_3,220.39131423231115,210.78773439645167,9.603579835859467,0.0,0.6158568065656214,0.9743589743589743,0.02564102564102564,2.7024068512365598,5.0
pp_quantile_calibrated,HOUSEHOLD_1_333_WI_2,307.26995919392374,232.96202063268677,74.30793856123695,0.0,0.6622366429034684,0.8589743589743589,0.14102564102564102,2.986692572213933,44.0
pp_quantile_calibrated,HOUSEHOLD_1_338_WI_1,439.02458716932114,363.90478672027757,75.11980044904358,0.0,0.8048836351972893,0.8589743589743589,0.14102564102564102,4.665445983593302,77.0
pp_quantile_calibrated,HOUSEHOLD_1_342_TX_2,569.6562831929463,466.939023339657,102.71725985328929,0.0,0.7185828497170156,0.8076923076923077,0.19230769230769232,5.986397735123808,73.0
pp_quantile_calibrated,HOUSEHOLD_1_344_CA_1,445.058983541961,424.1085988550587,20.95038468690232,0.0,0.9068871791693229,0.9615384615384616,0.038461538461538464,5.437289728911009,45.0
pp_quantile_calibrated,HOUSEHOLD_1_344_TX_1,1447.615581022508,1111.5845147287052,336.0310662938027,0.0,0.7650132403539841,0.7692307692307693,0.23076923076923078,14.251083522162888,286.0
pp_quantile_calibrated,HOUSEHOLD_1_349_TX_2,661.5756973994833,604.2090134417006,57.366683957782726,0.0,0.8665891070749239,0.9102564102564102,0.08974358974358974,7.746269403098725,86.0
pp_quantile_calibrated,HOUSEHOLD_1_361_WI_3,1010.0325946659048,839.9855123220782,170.04708234382662,0.0,0.8045435835128429,0.8205128205128205,0.1794871794871795,10.769045029770233,174.0
pp_quantile_calibrated,HOUSEHOLD_1_368_TX_3,273.94068733929436,273.94068733929436,0.0,0.0,1.0,1.0,0.0,3.5120600940935174,4.0
pp_quantile_calibrated,HOUSEHOLD_1_369_CA_1,930.8808134584103,639.5867649284359,291.2940485299745,0.0,0.6727033162584557,0.7051282051282052,0.2948717948717949,8.199830319595332,178.0
pp_quantile_calibrated,HOUSEHOLD_1_371_CA_1,712.8669890092228,644.6350148019218,68.23197420730109,0.0,0.8823586651598256,0.8717948717948718,0.1282051282051282,8.26455147181951,116.0
pp_quantile_calibrated,HOUSEHOLD_1_377_TX_1,234.79772056500556,222.6675321212261,12.13018844377947,0.0,0.857291900661418,0.9615384615384616,0.038461538461538464,2.8547119502721294,17.0
pp_quantile_calibrated,HOUSEHOLD_1_380_CA_1,423.68811064894754,337.54506583973716,86.14304480921038,0.0,0.7428565826590736,0.8461538461538461,0.15384615384615385,4.327500844099195,67.0
pp_quantile_calibrated,HOUSEHOLD_1_384_CA_2,415.952224752842,345.9921933182049,69.96003143463713,0.0,0.7847383648165012,0.8717948717948718,0.1282051282051282,4.435797350233396,65.0
pp_quantile_calibrated,HOUSEHOLD_1_385_CA_3,1805.849832549431,1451.2415409702833,354.6082915791477,0.0,0.8007818586634002,0.8461538461538461,0.15384615384615385,18.6056607816703,356.0
pp_quantile_calibrated,HOUSEHOLD_1_386_CA_2,629.0232573171148,352.9753310062529,276.04792631086195,0.0,0.5547614091760292,0.717948717948718,0.28205128205128205,4.525324756490422,124.0
pp_quantile_calibrated,HOUSEHOLD_1_389_CA_1,2225.343217651844,1921.100517790174,304.2426998616699,0.0,0.8150500304792282,0.8461538461538461,0.15384615384615385,24.629493817822745,329.0
pp_quantile_calibrated,HOUSEHOLD_1_390_WI_2,1146.5569480703412,936.3502146458384,210.20673342450286,0.0,0.7436503250920697,0.717948717948718,0.28205128205128205,12.004489931356902,164.0
pp_quantile_calibrated,HOUSEHOLD_1_394_CA_3,650.422668110277,552.1124619674387,98.31020614283827,0.0,0.768681867899204,0.8589743589743589,0.14102564102564102,7.078364897018444,85.0
pp_quantile_calibrated,HOUSEHOLD_1_395_CA_3,530.4432789518819,460.195801474282,70.2474774775999,0.0,0.7963841232533336,0.8846153846153846,0.11538461538461539,5.899946172747205,69.0
pp_quantile_calibrated,HOUSEHOLD_1_396_TX_1,580.0111347432514,473.5127862213877,106.49834852186366,0.0,0.8045901861984154,0.8589743589743589,0.14102564102564102,6.070676746428048,109.0
pp_quantile_calibrated,HOUSEHOLD_1_397_WI_1,898.5346173156672,577.3098258574994,321.22479145816783,0.0,0.6264828006300374,0.6794871794871795,0.32051282051282054,7.401408023814095,172.0
pp_quantile_calibrated,HOUSEHOLD_1_398_CA_4,261.3051520377434,218.90544328999155,42.39970874775186,0.0,0.7173352750149876,0.8974358974358975,0.10256410256410256,2.8064800421793787,30.0
pp_quantile_calibrated,HOUSEHOLD_1_399_TX_3,2682.7483263125046,1612.903983103307,1069.8443432091976,0.0,0.6526479405164942,0.6923076923076923,0.3076923076923077,20.67825619363214,616.0
pp_quantile_calibrated,HOUSEHOLD_1_401_CA_2,256.90799019819144,236.2341056015265,20.673884596664955,0.0,0.812055594575773,0.9487179487179487,0.05128205128205128,3.02864237950675,22.0
pp_quantile_calibrated,HOUSEHOLD_1_402_TX_2,282.39993229068585,256.9564146350961,25.443517655589766,0.0,0.8115294988474832,0.9487179487179487,0.05128205128205128,3.294313008142258,27.0
pp_quantile_calibrated,HOUSEHOLD_1_404_TX_2,464.7021338541307,416.2481408558229,48.4539929983078,0.0,0.8384866900056408,0.9230769230769231,0.07692307692307693,5.336514626356704,60.0
pp_quantile_calibrated,HOUSEHOLD_1_407_CA_4,308.93312778864214,251.69723656367802,57.235891224964135,0.0,0.6531158107577931,0.8846153846153846,0.11538461538461539,3.226887648252282,33.0
pp_quantile_calibrated,HOUSEHOLD_1_411_WI_3,823.4629452702721,764.9243375274806,58.53860774279154,0.0,0.8945250310940694,0.8974358974358975,0.10256410256410256,9.80672227599334,111.0
pp_quantile_calibrated,HOUSEHOLD_1_415_CA_3,633.9083923859357,568.2065311173162,65.70186126861955,0.0,0.7880585120367111,0.9102564102564102,0.08974358974358974,7.284699116888669,62.0
pp_quantile_calibrated,HOUSEHOLD_1_419_WI_2,265.44048856764914,260.67834125429783,4.762147313351301,0.0,0.9365047024886494,0.9871794871794872,0.01282051282051282,3.3420300160807415,15.0
pp_quantile_calibrated,HOUSEHOLD_1_421_WI_3,471.4384779642399,408.990839578815,62.44763838542489,0.0,0.8135891391479854,0.8846153846153846,0.11538461538461539,5.2434723022925,67.0
pp_quantile_calibrated,HOUSEHOLD_1_423_CA_4,153.457858188733,141.95581442203598,11.502043766697039,0.0,0.8230454805123533,0.9487179487179487,0.05128205128205128,1.819946338744051,13.0
pp_quantile_calibrated,HOUSEHOLD_1_425_CA_4,584.4069948955188,458.847805766384,125.55918912913475,0.0,0.6937580752947934,0.8205128205128205,0.1794871794871795,5.882664176492103,82.0
pp_quantile_calibrated,HOUSEHOLD_1_431_TX_2,1262.5574545803784,955.3088579601276,307.2485966202506,0.0,0.6942800033629346,0.7435897435897436,0.2564102564102564,12.247549461027278,201.0
pp_quantile_calibrated,HOUSEHOLD_1_433_WI_1,205.61780661365628,199.01036817755843,6.607438436097848,0.0,0.9119008208520287,0.9743589743589743,0.02564102564102564,2.5514149766353644,15.0
pp_quantile_calibrated,HOUSEHOLD_1_437_WI_1,1032.799735625524,810.2993083134512,222.5004273120727,0.0,0.8030969669804665,0.7948717948717948,0.20512820512820512,10.388452670685272,226.0
pp_quantile_calibrated,HOUSEHOLD_1_439_WI_3,998.0107982085881,951.108359856453,46.90243835213501,0.0,0.9042807380568674,0.9743589743589743,0.02564102564102564,12.193696921236578,98.0
pp_quantile_calibrated,HOUSEHOLD_1_442_CA_4,365.9452292519421,305.7726809550272,60.17254829691492,0.0,0.7888682515897723,0.8589743589743589,0.14102564102564102,3.920162576346503,57.0
pp_quantile_calibrated,HOUSEHOLD_1_445_TX_3,911.424443469271,579.6866426570131,331.7378008122579,0.0,0.6374450264346908,0.7435897435897436,0.2564102564102564,7.43188003406427,183.0
pp_quantile_calibrated,HOUSEHOLD_1_448_CA_4,893.5183406713284,754.0630237443326,139.45531692699575,0.0,0.7786423540841337,0.8205128205128205,0.1794871794871795,9.667474663388878,126.0
pp_quantile_calibrated,HOUSEHOLD_1_450_TX_2,487.8017861400547,377.66761626364166,110.13416987641298,0.0,0.6982625482838,0.7948717948717948,0.20512820512820512,4.841892516200534,73.0
pp_quantile_calibrated,HOUSEHOLD_1_458_CA_2,798.1281140693583,567.4267410777454,230.70137299161286,0.0,0.7061129006476269,0.7307692307692307,0.2692307692307692,7.274701808689044,157.0
pp_quantile_calibrated,HOUSEHOLD_1_459_WI_2,12489.764117483668,8955.8015371277,3533.9625803559684,0.0,0.7001304556337744,0.6923076923076923,0.3076923076923077,114.8179684247141,2357.0
pp_quantile_calibrated,HOUSEHOLD_1_462_WI_1,1280.690043579756,1178.3336130486057,102.35643053115048,0.0,0.7533579987201193,0.9487179487179487,0.05128205128205128,15.106841192930842,83.0
pp_quantile_calibrated,HOUSEHOLD_1_467_CA_1,455.10715272676384,420.45300230221807,34.65415042454575,0.0,0.880502929570532,0.9487179487179487,0.05128205128205128,5.390423106438694,58.0
pp_quantile_calibrated,HOUSEHOLD_1_473_WI_2,2930.0607916854447,2165.0276123840426,765.0331793014021,0.0,0.7397846328906795,0.7307692307692307,0.2692307692307692,27.75676426133388,588.0
pp_quantile_calibrated,HOUSEHOLD_1_474_TX_2,5933.418789223968,4707.586031966629,1225.8327572573394,0.0,0.7272897091752305,0.7307692307692307,0.2692307692307692,60.35366707649524,899.0
pp_quantile_calibrated,HOUSEHOLD_1_481_CA_1,814.2873067614939,627.387645270402,186.899661491092,0.0,0.7271537788451212,0.7692307692307693,0.23076923076923078,8.043431349620539,137.0
pp_quantile_calibrated,HOUSEHOLD_1_482_WI_1,486.07654891077175,381.7234680821093,104.3530808286624,0.0,0.67389662241043,0.8076923076923077,0.19230769230769232,4.893890616437299,64.0
pp_quantile_calibrated,HOUSEHOLD_1_491_TX_1,487.8346811015524,386.03193589997466,101.80274520157776,0.0,0.7049195791258616,0.8589743589743589,0.14102564102564102,4.949127383333009,69.0
pp_quantile_calibrated,HOUSEHOLD_1_491_WI_3,289.84387091543874,255.2716678161783,34.57220309926045,0.0,0.8617111876029583,0.9102564102564102,0.08974358974358974,3.272713689951004,50.0
pp_quantile_calibrated,HOUSEHOLD_1_492_WI_2,384.98002674944644,359.6609812533707,25.319045496075717,0.0,0.6104762231372967,0.9358974358974359,0.0641025641025641,4.61103822119706,13.0
pp_quantile_calibrated,HOUSEHOLD_1_494_CA_2,1087.8401145402484,805.0476569178068,282.79245762244165,0.0,0.7417420478333867,0.782051282051282,0.21794871794871795,10.321123806638548,219.0
pp_quantile_calibrated,HOUSEHOLD_1_494_TX_1,1283.5794575268103,899.8909172526413,383.68854027416893,0.0,0.7316863354726092,0.717948717948718,0.28205128205128205,11.537063041700529,286.0
pp_quantile_calibrated,HOUSEHOLD_1_500_TX_3,99.18023715013393,88.06347741377425,11.116759736359683,0.0,0.629441342121344,0.9743589743589743,0.02564102564102564,1.129018941202234,6.0
pp_quantile_calibrated,HOUSEHOLD_1_501_TX_3,268.7584852913407,267.9246851060301,0.8338001853106336,0.0,0.9761771375625533,0.9871794871794872,0.01282051282051282,3.434931860333719,7.0
pp_quantile_calibrated,HOUSEHOLD_1_503_WI_1,519.8050701609529,405.69708132705364,114.10798883389936,0.0,0.7492132113540673,0.8333333333333334,0.16666666666666666,5.201244632398123,91.0
pp_quantile_calibrated,HOUSEHOLD_1_504_CA_3,404.56676521811016,394.296658183743,10.27010703436721,0.0,0.9358118310352049,0.9743589743589743,0.02564102564102564,5.055085361330038,32.0
pp_quantile_calibrated,HOUSEHOLD_1_504_WI_3,450.78870397012724,440.78870397012724,10.0,0.0,0.7142857142857143,0.9871794871794872,0.01282051282051282,5.651137230386246,7.0
pp_quantile_calibrated,HOUSEHOLD_1_507_WI_3,767.0,767.0,0.0,0.0,1.0,1.0,0.0,9.833333333333334,11.0
pp_quantile_calibrated,HOUSEHOLD_1_510_CA_4,868.7176131851079,688.6211569331077,180.09645625200017,0.0,0.7023199070214874,0.782051282051282,0.21794871794871795,8.82847637093728,121.0
pp_quantile_calibrated,HOUSEHOLD_1_510_TX_1,495.27492722200435,462.90176589810494,32.37316132389942,0.0,0.9169918940412836,0.9487179487179487,0.05128205128205128,5.934638024334679,78.0
pp_quantile_calibrated,HOUSEHOLD_1_520_CA_1,424.4420928329534,365.81408235555114,58.62801047740224,0.0,0.7906142482949919,0.8461538461538461,0.15384615384615385,4.689924132763476,56.0
pp_quantile_calibrated,HOUSEHOLD_1_521_CA_2,2046.156031322293,1162.869855569042,883.2861757532511,0.0,0.5753431847340139,0.717948717948718,0.28205128205128205,14.908587891910797,416.0
pp_quantile_calibrated,HOUSEHOLD_1_521_TX_3,4642.641650438177,3801.74075359804,840.9008968401371,0.0,0.802605423276963,0.7307692307692307,0.2692307692307692,48.740266071769746,852.0
pp_quantile_calibrated,HOUSEHOLD_1_527_WI_2,614.8114905248067,456.206249848152,158.6052406766547,0.0,0.5043586228854541,0.7948717948717948,0.20512820512820512,5.848798074976308,64.0
pp_quantile_calibrated,HOUSEHOLD_1_529_CA_2,552.6957157255863,370.31540581640104,182.3803099091852,0.0,0.6160414528227679,0.8333333333333334,0.16666666666666666,4.747633407902577,95.0
pp_quantile_calibrated,HOUSEHOLD_1_531_TX_1,344.3029533835316,308.8055770294644,35.49737635406715,0.0,0.8732236558783316,0.9358974358974359,0.0641025641025641,3.959045859352108,56.0
pp_quantile_calibrated,HOUSEHOLD_1_533_WI_1,343.6123826942031,308.11059416588637,35.50178852831674,0.0,0.8179395460086321,0.9102564102564102,0.08974358974358974,3.950135822639569,39.0
pp_quantile_calibrated,HOUSEHOLD_1_534_CA_2,499.1999085395492,452.54588266061415,46.65402587893504,0.0,0.8586241640032272,0.9230769230769231,0.07692307692307693,5.801870290520695,66.0
pp_quantile_calibrated,HOUSEHOLD_1_534_CA_4,417.72474700327183,360.08229973753635,57.642447265735484,0.0,0.7438113454856201,0.8846153846153846,0.11538461538461539,4.616439740224825,45.0
pp_quantile_calibrated,HOUSEHOLD_1_534_TX_1,377.18629184739086,329.06269169771264,48.12360014967824,0.0,0.7398724316233609,0.8846153846153846,0.11538461538461539,4.2187524576629825,37.0
pp_quantile_calibrated,HOUSEHOLD_1_537_CA_3,1106.605957497996,987.4307824044936,119.17517509350247,0.0,0.8725399196860936,0.8846153846153846,0.11538461538461539,12.659369005185814,187.0
pp_quantile_calibrated,HOUSEHOLD_1_537_TX_1,831.2572056948688,788.8028490768298,42.45435661803903,0.0,0.9206460623961887,0.9487179487179487,0.05128205128205128,10.112857039446537,107.0
pp_quantile_calibrated,HOUSEHOLD_1_541_CA_2,869.9937193456587,726.9752303483523,143.01848899730643,0.0,0.8510224072944724,0.8461538461538461,0.15384615384615385,9.32019526087631,192.0
pp_quantile_calibrated,HOUSEHOLD_2_001_WI_2,151.71101877514235,139.41869741856374,12.292321356578608,0.0,0.7268373031871421,0.9615384615384616,0.038461538461538464,1.787419197673894,9.0
pp_quantile_calibrated,HOUSEHOLD_2_004_CA_4,194.5190920889439,190.54575031760282,3.97334177134107,0.0,0.8675552742886309,0.9871794871794872,0.01282051282051282,2.442894234841062,6.0
pp_quantile_calibrated,HOUSEHOLD_2_008_WI_2,288.6298169221158,288.6298169221158,0.0,0.0,1.0,1.0,0.0,3.700382268232254,0.0
pp_quantile_calibrated,HOUSEHOLD_2_009_CA_1,311.32390028208266,260.1871785065454,51.136721775537225,0.0,0.7377604011510912,0.8846153846153846,0.11538461538461539,3.335733057776223,39.0
pp_quantile_calibrated,HOUSEHOLD_2_010_CA_3,324.58892399087847,310.6679358906665,13.92098810021194,0.0,0.873445562725346,0.9743589743589743,0.02564102564102564,3.9829222550085452,22.0
pp_quantile_calibrated,HOUSEHOLD_2_013_WI_3,140.99003132113592,129.8070888192877,11.18294250184821,0.0,0.7763411499630358,0.9615384615384616,0.038461538461538464,1.6641934464011245,10.0
pp_quantile_calibrated,HOUSEHOLD_2_015_CA_1,417.20568364719213,370.1529390089245,47.052744638267654,0.0,0.8117890214469294,0.9358974358974359,0.0641025641025641,4.745550500114416,50.0
pp_quantile_calibrated,HOUSEHOLD_2_017_CA_1,279.9127366938161,252.60058053886948,27.31215615494662,0.0,0.8116403023796784,0.9487179487179487,0.05128205128205128,3.2384689812675576,29.0
pp_quantile_calibrated,HOUSEHOLD_2_021_CA_2,582.4712230960936,563.7993022532863,18.671920842807268,0.0,0.8795359945625337,0.9615384615384616,0.038461538461538464,7.2281961827344405,31.0
pp_quantile_calibrated,HOUSEHOLD_2_029_WI_2,349.34795322711005,329.7703133246723,19.577639902437713,0.0,0.9166908940321801,0.9487179487179487,0.05128205128205128,4.227824529803491,47.0
pp_quantile_calibrated,HOUSEHOLD_2_032_WI_2,190.09206029578561,190.09206029578561,0.0,0.0,1.0,1.0,0.0,2.4370776960998155,7.0
pp_quantile_calibrated,HOUSEHOLD_2_034_CA_2,214.51428225898388,185.8375894779667,28.676692781017184,0.0,0.6813700802109202,0.9615384615384616,0.038461538461538464,2.3825331984354707,18.0
pp_quantile_calibrated,HOUSEHOLD_2_034_CA_3,283.6052940489163,274.07935668017166,9.525937368744648,0.0,0.8639151804465051,0.9743589743589743,0.02564102564102564,3.5138379061560467,14.0
pp_quantile_calibrated,HOUSEHOLD_2_038_TX_1,181.18825796591045,179.05497092079264,2.1332870451178088,0.0,0.9612129628160399,0.9871794871794872,0.01282051282051282,2.2955765502665724,11.0
pp_quantile_calibrated,HOUSEHOLD_2_042_WI_2,411.0484752016957,411.0484752016957,0.0,0.0,1.0,1.0,0.0,5.269852246175586,2.0
pp_quantile_calibrated,HOUSEHOLD_2_043_TX_2,149.31696143726953,119.12605979191973,30.190901645349786,0.0,0.6448129218194143,0.9358974358974359,0.0641025641025641,1.5272571768194838,17.0
pp_quantile_calibrated,HOUSEHOLD_2_045_CA_4,205.80674199502246,170.586713583317,35.22002841170547,0.0,0.6292628588241529,0.9102564102564102,0.08974358974358974,2.187009148504064,19.0
pp_quantile_calibrated,HOUSEHOLD_2_047_TX_2,501.02778555531165,483.2264265657385,17.801358989573174,0.0,0.9109932050521341,0.9743589743589743,0.02564102564102564,6.195210596996647,40.0
pp_quantile_calibrated,HOUSEHOLD_2_057_WI_3,172.0665414873373,156.20832351388728,15.858217973450031,0.0,0.7356963671091661,0.9487179487179487,0.05128205128205128,2.0026708142806062,12.0
pp_quantile_calibrated,HOUSEHOLD_2_058_TX_2,403.49974177035,393.45352004478934,10.046221725560667,0.0,0.9543353557929062,0.9487179487179487,0.05128205128205128,5.044275898010119,44.0
pp_quantile_calibrated,HOUSEHOLD_2_063_TX_2,159.70975827814388,156.5817071906361,3.128051087507764,0.0,0.9478658152082039,0.9871794871794872,0.01282051282051282,2.0074577844953345,12.0
pp_quantile_calibrated,HOUSEHOLD_2_067_CA_2,733.9801576821435,551.2593874171162,182.72077026502734,0.0,0.6616282032129123,0.782051282051282,0.21794871794871795,7.067428043809182,108.0
pp_quantile_calibrated,HOUSEHOLD_2_073_WI_3,200.32555403307936,200.32555403307936,0.0,0.0,1.0,1.0,0.0,2.5682763337574275,3.0
pp_quantile_calibrated,HOUSEHOLD_2_075_CA_4,421.9062435558284,371.79829685784534,50.10794669798305,0.0,0.7362739647474577,0.8974358974358975,0.10256410256410256,4.766644831510837,38.0
pp_quantile_calibrated,HOUSEHOLD_2_075_WI_3,438.1850488863002,421.48533656002024,16.699712326279954,0.0,0.9097312847228112,0.9615384615384616,0.038461538461538464,5.4036581610259,37.0
pp_quantile_calibrated,HOUSEHOLD_2_077_CA_3,392.97010843424766,388.8261602035117,4.143948230735992,0.0,0.9079122615392001,0.9871794871794872,0.01282051282051282,4.984950771839893,9.0
pp_quantile_calibrated,HOUSEHOLD_2_079_TX_1,158.24125253433965,142.76161687639907,15.479635657940578,0.0,0.7788623477437061,0.9487179487179487,0.05128205128205128,1.8302771394410138,14.0
pp_quantile_calibrated,HOUSEHOLD_2_087_CA_3,215.08019856327695,215.08019856327695,0.0,0.0,1.0,1.0,0.0,2.7574384431189354,7.0
pp_quantile_calibrated,HOUSEHOLD_2_089_TX_2,449.12493292515387,378.003489285872,71.12144363928186,0.0,0.7504510749498882,0.8974358974358975,0.10256410256410256,4.846198580588102,57.0
pp_quantile_calibrated,HOUSEHOLD_2_095_CA_2,330.3670378810284,297.20410148507943,33.16293639594898,0.0,0.834185318020255,0.9230769230769231,0.07692307692307693,3.810308993398454,40.0
pp_quantile_calibrated,HOUSEHOLD_2_095_TX_3,236.8529207225662,214.06031536564225,22.792605356923946,0.0,0.8176591571446085,0.9358974358974359,0.0641025641025641,2.744363017508234,25.0
pp_quantile_calibrated,HOUSEHOLD_2_110_CA_1,928.4431204744305,713.7987426092087,214.64437786522183,0.0,0.7429408648320697,0.8076923076923077,0.19230769230769232,9.151265930887291,167.0
pp_quantile_calibrated,HOUSEHOLD_2_120_TX_2,275.26780036869235,266.49236110137923,8.775439267313123,0.0,0.9498546327582109,0.9615384615384616,0.038461538461538464,3.4165687320689644,35.0
pp_quantile_calibrated,HOUSEHOLD_2_123_TX_1,348.3648061651852,299.9360578935236,48.428748271661604,0.0,0.7693869129920875,0.8846153846153846,0.11538461538461539,3.845334075557995,42.0
pp_quantile_calibrated,HOUSEHOLD_2_129_CA_2,240.90018911229174,220.88345891854013,20.016730193751606,0.0,0.7140467115178343,0.9487179487179487,0.05128205128205128,2.8318392169043607,14.0
pp_quantile_calibrated,HOUSEHOLD_2_138_CA_3,264.6801368482651,264.6801368482651,0.0,0.0,1.0,1.0,0.0,3.3933350877982704,4.0
pp_quantile_calibrated,HOUSEHOLD_2_139_TX_2,354.19176988326353,274.82901294557405,79.36275693768945,0.0,0.6622861406906831,0.8461538461538461,0.15384615384615385,3.523448883917616,47.0
pp_quantile_calibrated,HOUSEHOLD_2_143_CA_1,339.26119146823214,306.3210405754959,32.94015089273623,0.0,0.700544082793307,0.9102564102564102,0.08974358974358974,3.927192827890973,22.0
pp_quantile_calibrated,HOUSEHOLD_2_146_WI_1,484.4945896295377,397.9905487493311,86.50404088020659,0.0,0.6155375960879708,0.8205128205128205,0.1794871794871795,5.102442932683732,45.0
pp_quantile_calibrated,HOUSEHOLD_2_147_CA_3,353.8705763306306,353.8705763306306,0.0,0.0,1.0,1.0,0.0,4.536802260649111,5.0
pp_quantile_calibrated,HOUSEHOLD_2_149_TX_1,165.8824843998982,165.8824843998982,0.0,0.0,1.0,1.0,0.0,2.1266985179474127,6.0
pp_quantile_calibrated,HOUSEHOLD_2_150_CA_2,273.7035907994739,205.62195597491234,68.08163482456152,0.0,0.5873840313662938,0.8846153846153846,0.11538461538461539,2.6361789227552865,33.0
pp_quantile_calibrated,HOUSEHOLD_2_158_TX_3,284.5283725062799,284.5283725062799,0.0,0.0,1.0,1.0,0.0,3.6477996475164085,0.0
pp_quantile_calibrated,HOUSEHOLD_2_159_CA_2,385.76030593565685,348.25638697219347,37.50391896346338,0.0,0.8369394827675506,0.9358974358974359,0.0641025641025641,4.46482547400248,46.0
pp_quantile_calibrated,HOUSEHOLD_2_160_WI_1,281.0031972166314,247.6824997919373,33.32069742469409,0.0,0.8374600125624679,0.9230769230769231,0.07692307692307693,3.175416663999196,41.0
pp_quantile_calibrated,HOUSEHOLD_2_164_CA_1,430.9908295106039,410.7396831994293,20.251146311174576,0.0,0.662480894813757,0.9358974358974359,0.0641025641025641,5.265893374351657,12.0
pp_quantile_calibrated,HOUSEHOLD_2_176_TX_2,1589.7020523377373,1123.748133355533,465.9539189822043,0.0,0.608442084888904,0.6794871794871795,0.32051282051282054,14.40702735071196,238.0
pp_quantile_calibrated,HOUSEHOLD_2_179_CA_1,246.52609870798346,237.76210851858468,8.763990189398775,0.0,0.937400070075723,0.9743589743589743,0.02564102564102564,3.0482321604946754,28.0
pp_quantile_calibrated,HOUSEHOLD_2_184_WI_3,367.8854887786662,290.2951139899814,77.59037478868477,0.0,0.6626505443970228,0.8717948717948718,0.1282051282051282,3.721732230640787,46.0
pp_quantile_calibrated,HOUSEHOLD_2_190_WI_1,458.3954219787956,415.31382889184823,43.08159308694736,0.0,0.8041745768775119,0.9487179487179487,0.05128205128205128,5.324536267844208,44.0
pp_quantile_calibrated,HOUSEHOLD_2_193_TX_1,351.459691953227,317.6435183898683,33.81617356335866,0.0,0.6925802403331031,0.9102564102564102,0.08974358974358974,4.072352799870107,22.0
pp_quantile_calibrated,HOUSEHOLD_2_203_CA_1,562.414801820647,346.32080863307937,216.09399318756758,0.0,0.40796166249981486,0.7435897435897436,0.2564102564102564,4.440010367090761,73.0
pp_quantile_calibrated,HOUSEHOLD_2_207_WI_3,185.22339794576445,185.22339794576445,0.0,0.0,1.0,1.0,0.0,2.374658948022621,3.0
pp_quantile_calibrated,HOUSEHOLD_2_208_CA_3,350.0910391617401,350.0910391617401,0.0,0.0,1.0,1.0,0.0,4.488346655919745,9.0
pp_quantile_calibrated,HOUSEHOLD_2_217_TX_1,550.4424458204752,405.3685688027748,145.0738770177004,0.0,0.68462200648326,0.782051282051282,0.21794871794871795,5.197032933368908,92.0
pp_quantile_calibrated,HOUSEHOLD_2_218_CA_1,297.15243426906045,291.7117464753387,5.440687793721759,0.0,0.8186437402092747,0.9743589743589743,0.02564102564102564,3.7398941855812655,6.0
pp_quantile_calibrated,HOUSEHOLD_2_224_TX_1,205.39170632154716,194.61534982374585,10.776356497801306,0.0,0.6407881167399565,0.9615384615384616,0.038461538461538464,2.495068587483921,6.0
pp_quantile_calibrated,HOUSEHOLD_2_226_TX_3,382.7388013911884,377.1858276610194,5.552973730168986,0.0,0.9603359019273644,0.9743589743589743,0.02564102564102564,4.835715739243838,28.0
pp_quantile_calibrated,HOUSEHOLD_2_226_WI_1,326.73390198619234,254.23806706062112,72.49583492557119,0.0,0.6282264875611734,0.8333333333333334,0.16666666666666666,3.2594623982130915,39.0
pp_quantile_calibrated,HOUSEHOLD_2_234_WI_3,245.68215284977057,244.54234566117316,1.139807188597426,0.0,0.9746709513645015,0.9871794871794872,0.01282051282051282,3.1351582777073483,9.0
pp_quantile_calibrated,HOUSEHOLD_2_237_CA_2,186.15705128203194,177.22187807213984,8.935173209892112,0.0,0.8510804465017981,0.9743589743589743,0.02564102564102564,2.2720753598992287,12.0
pp_quantile_calibrated,HOUSEHOLD_2_238_CA_1,358.523922074184,311.46038820084294,47.063533873341036,0.0,0.6862431075110597,0.8717948717948718,0.1282051282051282,3.993081900010807,30.0
pp_quantile_calibrated,HOUSEHOLD_2_241_CA_2,262.88924341949905,244.11341249558478,18.775830923914274,0.0,0.7913796564009525,0.9615384615384616,0.038461538461538464,3.1296591345587794,18.0
pp_quantile_calibrated,HOUSEHOLD_2_249_WI_1,356.0,356.0,0.0,0.0,1.0,1.0,0.0,4.564102564102564,7.0
pp_quantile_calibrated,HOUSEHOLD_2_257_TX_1,291.55168136828,242.4925790333259,49.05910233495413,0.0,0.734815663054302,0.8846153846153846,0.11538461538461539,3.1088792183759733,37.0
pp_quantile_calibrated,HOUSEHOLD_2_259_CA_2,674.161697174833,599.7426520288395,74.41904514599341,0.0,0.7342176959071665,0.8846153846153846,0.11538461538461539,7.689008359344096,56.0
pp_quantile_calibrated,HOUSEHOLD_2_259_TX_3,195.24451277666788,184.8017667984224,10.442745978245485,0.0,0.8259542336959086,0.9615384615384616,0.038461538461538464,2.3692534204925946,12.0
pp_quantile_calibrated,HOUSEHOLD_2_260_WI_1,210.74448694164658,195.432784603713,15.311702337933578,0.0,0.8086037207758303,0.9487179487179487,0.05128205128205128,2.5055485205604233,16.0
pp_quantile_calibrated,HOUSEHOLD_2_263_TX_2,298.7628537499001,250.9665694921369,47.79628425776318,0.0,0.5654883249294257,0.9230769230769231,0.07692307692307693,3.2175201216940628,22.0
pp_quantile_calibrated,HOUSEHOLD_2_263_TX_3,518.403657366713,518.403657366713,0.0,0.0,1.0,1.0,0.0,6.646200735470679,6.0
pp_quantile_calibrated,HOUSEHOLD_2_264_WI_3,209.0294016000667,182.75038603944813,26.27901556061856,0.0,0.8454175555257731,0.9102564102564102,0.08974358974358974,2.342953667172412,34.0
pp_quantile_calibrated,HOUSEHOLD_2_265_WI_1,282.07189233194754,238.022693403831,44.04919892811651,0.0,0.6611600082452576,0.9487179487179487,0.05128205128205128,3.0515729923568076,26.0
pp_quantile_calibrated,HOUSEHOLD_2_275_CA_2,482.65097382288195,439.6182381108591,43.0327357120228,0.0,0.8206969345332383,0.8846153846153846,0.11538461538461539,5.6361312578315275,48.0
pp_quantile_calibrated,HOUSEHOLD_2_280_TX_2,228.5440340019214,212.99263474060288,15.551399261318522,0.0,0.8963240049245431,0.9487179487179487,0.05128205128205128,2.7306748043667035,30.0
pp_quantile_calibrated,HOUSEHOLD_2_280_WI_3,187.38299936959817,187.38299936959817,0.0,0.0,1.0,1.0,0.0,2.402346145764079,16.0
pp_quantile_calibrated,HOUSEHOLD_2_288_TX_3,233.7815144948916,233.7815144948916,0.0,0.0,1.0,1.0,0.0,2.9971989037806614,13.0
pp_quantile_calibrated,HOUSEHOLD_2_294_CA_1,1044.2209308759032,1012.6317119846518,31.589218891251445,0.0,0.9435906805513367,0.9615384615384616,0.038461538461538464,12.982457845957075,112.0
pp_quantile_calibrated,HOUSEHOLD_2_294_WI_3,584.9893067518178,439.6721657086424,145.31714104317538,0.0,0.730894183253379,0.782051282051282,0.21794871794871795,5.636822637290288,108.0
pp_quantile_calibrated,HOUSEHOLD_2_307_TX_1,134.8841551371472,134.8841551371472,0.0,0.0,1.0,1.0,0.0,1.7292840402198357,3.0
pp_quantile_calibrated,HOUSEHOLD_2_308_WI_3,186.54326299360454,140.489682913195,46.05358008040955,0.0,0.4581931755245935,0.8974358974358975,0.10256410256410256,1.8011497809383974,17.0
pp_quantile_calibrated,HOUSEHOLD_2_311_TX_2,309.08563001688015,267.5418921543491,41.54373786253106,0.0,0.7869551904485587,0.9102564102564102,0.08974358974358974,3.4300242583890914,39.0
pp_quantile_calibrated,HOUSEHOLD_2_314_TX_1,311.8506112286546,274.37544934962705,37.47516187902754,0.0,0.6252483812097246,0.9230769230769231,0.07692307692307693,3.5176339660208598,20.0
pp_quantile_calibrated,HOUSEHOLD_2_316_CA_4,181.31215092269645,168.59288554207689,12.719265380619548,0.0,0.8586748291042272,0.9743589743589743,0.02564102564102564,2.1614472505394473,18.0
pp_quantile_calibrated,HOUSEHOLD_2_326_TX_2,189.45104818175798,174.89070076839727,14.560347413360716,0.0,0.8058620344885237,0.9487179487179487,0.05128205128205128,2.2421884713897087,15.0
pp_quantile_calibrated,HOUSEHOLD_2_330_CA_2,218.18337294203846,212.9348945904671,5.248478351571362,0.0,0.934394020605358,0.9743589743589743,0.02564102564102564,2.7299345460316298,16.0
pp_quantile_calibrated,HOUSEHOLD_2_333_WI_2,471.72787958218794,471.72787958218794,0.0,0.0,1.0,1.0,0.0,6.047793327976769,17.0
pp_quantile_calibrated,HOUSEHOLD_2_337_CA_2,191.20499245013275,167.42656610893908,23.77842634119368,0.0,0.817089028144664,0.9358974358974359,0.0641025641025641,2.146494437294091,26.0
pp_quantile_calibrated,HOUSEHOLD_2_338_WI_3,318.2072706947716,308.9324124858037,9.274858208967874,0.0,0.8313662143824022,0.9871794871794872,0.01282051282051282,3.9606719549462013,11.0
pp_quantile_calibrated,HOUSEHOLD_2_342_CA_1,361.63198157265487,286.67602016499507,74.95596140765979,0.0,0.6741045156188705,0.8333333333333334,0.16666666666666666,3.675333591858911,46.0
pp_quantile_calibrated,HOUSEHOLD_2_345_CA_1,315.69871534048855,272.58065101077955,43.11806432970901,0.0,0.7844096783514549,0.9358974358974359,0.0641025641025641,3.49462373090743,40.0
pp_quantile_calibrated,HOUSEHOLD_2_346_TX_3,441.17640668894325,337.9965044732801,103.17990221566318,0.0,0.7600467390333414,0.8974358974358975,0.10256410256410256,4.333288518888206,86.0
pp_quantile_calibrated,HOUSEHOLD_2_348_TX_1,445.68038307945767,355.39455763099477,90.2858254484629,0.0,0.7344534545633445,0.8461538461538461,0.15384615384615385,4.556340482448651,68.0
pp_quantile_calibrated,HOUSEHOLD_2_354_TX_1,227.71362149873048,193.22912417976852,34.48449731896195,0.0,0.6865045698276186,0.9102564102564102,0.08974358974358974,2.477296463843186,22.0
pp_quantile_calibrated,HOUSEHOLD_2_354_TX_2,572.3595094552846,464.6662101192481,107.69329933603657,0.0,0.5692268026558537,0.8589743589743589,0.14102564102564102,5.957259104092924,50.0
pp_quantile_calibrated,HOUSEHOLD_2_355_CA_3,424.2835875433569,424.2835875433569,0.0,0.0,1.0,1.0,0.0,5.43953317363278,29.0
pp_quantile_calibrated,HOUSEHOLD_2_355_TX_2,204.8867484576722,202.16183515771732,2.724913299954892,0.0,0.9740484447623343,0.9743589743589743,0.02564102564102564,2.5918183994579143,21.0
pp_quantile_calibrated,HOUSEHOLD_2_358_CA_4,200.97356118224448,200.97356118224448,0.0,0.0,1.0,1.0,0.0,2.576584117721083,1.0
pp_quantile_calibrated,HOUSEHOLD_2_358_WI_2,172.89932600331818,162.4520281791184,10.447297824199776,0.0,0.8694087771975028,0.9615384615384616,0.038461538461538464,2.0827183099886972,16.0
pp_quantile_calibrated,HOUSEHOLD_2_370_TX_2,174.8203956156704,159.10069168164728,15.719703934023123,0.0,0.8633069223128425,0.9615384615384616,0.038461538461538464,2.0397524574570163,23.0
pp_quantile_calibrated,HOUSEHOLD_2_373_WI_3,169.1746104029471,168.0863597210235,1.088250681923597,0.0,0.9782349863615281,0.9871794871794872,0.01282051282051282,2.1549533297567116,10.0
pp_quantile_calibrated,HOUSEHOLD_2_382_TX_3,327.45192644276557,299.18836513207356,28.263561310692022,0.0,0.8685415752991069,0.8974358974358975,0.10256410256410256,3.83574827092402,43.0
pp_quantile_calibrated,HOUSEHOLD_2_385_WI_1,249.1487310721375,248.59306513535378,0.5556659367837335,0.0,0.9925911208428836,0.9871794871794872,0.01282051282051282,3.1870905786583816,15.0
pp_quantile_calibrated,HOUSEHOLD_2_392_CA_4,164.94867836146335,154.77662139705654,10.17205696440681,0.0,0.7965588607118639,0.9743589743589743,0.02564102564102564,1.9843156589366224,10.0
pp_quantile_calibrated,HOUSEHOLD_2_396_TX_3,202.6699951315134,149.73146561534466,52.93852951616873,0.0,0.4958235284174407,0.8846153846153846,0.11538461538461539,1.9196341745557008,21.0
pp_quantile_calibrated,HOUSEHOLD_2_396_WI_2,167.98862721808456,156.3256611667088,11.662966051375756,0.0,0.6112344649541415,0.9743589743589743,0.02564102564102564,2.0041751431629335,6.0
pp_quantile_calibrated,HOUSEHOLD_2_397_WI_2,240.46017352392425,240.46017352392425,0.0,0.0,1.0,1.0,0.0,3.0828227374862083,4.0
pp_quantile_calibrated,HOUSEHOLD_2_401_TX_3,424.84194073694243,280.40596855656054,144.4359721803819,0.0,0.643367969924983,0.8076923076923077,0.19230769230769232,3.594948314827699,81.0
pp_quantile_calibrated,HOUSEHOLD_2_405_CA_4,199.5926851213672,186.75047698423742,12.842208137129774,0.0,0.7431558372574045,0.9615384615384616,0.038461538461538464,2.3942368844133,10.0
pp_quantile_calibrated,HOUSEHOLD_2_412_CA_1,221.42715633075292,216.90636089020447,4.520795440548446,0.0,0.8493068186483851,0.9871794871794872,0.01282051282051282,2.780850780643647,6.0
pp_quantile_calibrated,HOUSEHOLD_2_417_TX_1,191.08932802793223,185.17167321570375,5.917654812228479,0.0,0.7632938075108608,0.9743589743589743,0.02564102564102564,2.3739958104577403,5.0
pp_quantile_calibrated,HOUSEHOLD_2_418_CA_2,267.32024057975275,264.52904897680077,2.791191602951959,0.0,0.973417222829029,0.9871794871794872,0.01282051282051282,3.391398063805138,21.0
pp_quantile_calibrated,HOUSEHOLD_2_420_CA_3,375.0947202950108,292.74053881933486,82.35418147567592,0.0,0.5424767695795782,0.9102564102564102,0.08974358974358974,3.7530838310171135,36.0
pp_quantile_calibrated,HOUSEHOLD_2_424_CA_1,253.93496886613303,210.96964975987052,42.9653191062625,0.0,0.6094061899430682,0.8846153846153846,0.11538461538461539,2.7047390994855194,22.0
pp_quantile_calibrated,HOUSEHOLD_2_424_CA_4,311.2347457555937,298.4972656185698,12.737480137023853,0.0,0.7452503972595229,0.9615384615384616,0.038461538461538464,3.826888020750895,10.0
pp_quantile_calibrated,HOUSEHOLD_2_428_CA_4,260.317101986982,260.317101986982,0.0,0.0,1.0,1.0,0.0,3.337398743422846,0.0
pp_quantile_calibrated,HOUSEHOLD_2_429_WI_3,144.74821777082198,135.73188002612082,9.016337744701165,0.0,0.8196732451059768,0.9615384615384616,0.038461538461538464,1.74015230802719,10.0
pp_quantile_calibrated,HOUSEHOLD_2_432_TX_3,249.8399595450776,233.77381357717906,16.066145967898542,0.0,0.8809915113488997,0.9487179487179487,0.05128205128205128,2.9971001740663983,27.0
pp_quantile_calibrated,HOUSEHOLD_2_436_CA_2,411.9442689320493,390.6248414685163,21.319427463532996,0.0,0.8877924870340369,0.9615384615384616,0.038461538461538464,5.008010788057901,38.0
pp_quantile_calibrated,HOUSEHOLD_2_440_TX_2,1079.3469105964293,848.6496817550723,230.697228841357,0.0,0.6903392901458295,0.8076923076923077,0.19230769230769232,10.880124125065029,149.0
pp_quantile_calibrated,HOUSEHOLD_2_445_WI_2,249.2143284921958,249.2143284921958,0.0,0.0,1.0,1.0,0.0,3.1950554934896895,2.0
pp_quantile_calibrated,HOUSEHOLD_2_446_CA_3,481.7604015294076,481.7604015294076,0.0,0.0,1.0,1.0,0.0,6.1764154042231745,13.0
pp_quantile_calibrated,HOUSEHOLD_2_451_TX_1,537.0330443689256,402.4959862550262,134.53705811389938,0.0,0.7387629939535935,0.782051282051282,0.21794871794871795,5.160204951987516,103.0
pp_quantile_calibrated,HOUSEHOLD_2_451_WI_2,530.6438815115578,444.0785495114821,86.56533200007564,0.0,0.8009992367814353,0.8846153846153846,0.11538461538461539,5.693314737326694,87.0
pp_quantile_calibrated,HOUSEHOLD_2_459_WI_3,204.72636259399295,204.72636259399295,0.0,0.0,1.0,1.0,0.0,2.624696956333243,8.0
pp_quantile_calibrated,HOUSEHOLD_2_462_CA_4,330.2198041352296,324.7767996541932,5.443004481036384,0.0,0.9010362821629748,0.9743589743589743,0.02564102564102564,4.1638051237717075,11.0
pp_quantile_calibrated,HOUSEHOLD_2_462_TX_2,218.07665003358335,194.9106978059276,23.165952227655723,0.0,0.6436007349591427,0.9358974358974359,0.0641025641025641,2.498855100075995,13.0
pp_quantile_calibrated,HOUSEHOLD_2_465_CA_1,498.45652655643016,412.89962463427787,85.55690192215229,0.0,0.805552495631472,0.8717948717948718,0.1282051282051282,5.293584931208691,88.0
pp_quantile_calibrated,HOUSEHOLD_2_468_TX_2,328.05913940125333,251.33979104198266,76.71934835927067,0.0,0.6346697697177588,0.8333333333333334,0.16666666666666666,3.2223050133587523,42.0
pp_quantile_calibrated,HOUSEHOLD_2_470_WI_2,448.1587289205818,373.5649902957349,74.59373862484688,0.0,0.6609375517052415,0.8589743589743589,0.14102564102564102,4.789294747381216,44.0
pp_quantile_calibrated,HOUSEHOLD_2_475_CA_3,413.3407006226222,400.6066455229352,12.73405509968697,0.0,0.8726594490031303,0.9743589743589743,0.02564102564102564,5.135982634909426,20.0
pp_quantile_calibrated,HOUSEHOLD_2_476_WI_2,254.15295153723838,213.71872157913126,40.43422995810711,0.0,0.5743765267567673,0.8974358974358975,0.10256410256410256,2.739983609988862,19.0
pp_quantile_calibrated,HOUSEHOLD_2_478_TX_2,231.65390730118955,213.00068803316287,18.653219268026664,0.0,0.7130273958765129,0.9358974358974359,0.0641025641025641,2.730778051707216,13.0
pp_quantile_calibrated,HOUSEHOLD_2_480_TX_1,264.4895749503572,259.44253170094487,5.047043249412377,0.0,0.932706090007835,0.9871794871794872,0.01282051282051282,3.3261863038582677,15.0
pp_quantile_calibrated,HOUSEHOLD_2_483_TX_1,589.4680881789823,458.35288250625536,131.11520567272692,0.0,0.7324179476066798,0.7948717948717948,0.20512820512820512,5.876319006490453,98.0
pp_quantile_calibrated,HOUSEHOLD_2_488_WI_3,156.51999825967806,144.0816234894918,12.438374770186286,0.0,0.8223089318544817,0.9615384615384616,0.038461538461538464,1.8472003011473306,14.0
pp_quantile_calibrated,HOUSEHOLD_2_490_WI_1,633.6500827197931,432.74859705611755,200.90148566367554,0.0,0.6836197076162589,0.7692307692307693,0.23076923076923078,5.548058936616892,127.0
pp_quantile_calibrated,HOUSEHOLD_2_491_TX_3,361.11420342390284,315.4665917296804,45.64761169422246,0.0,0.765909683619372,0.9102564102564102,0.08974358974358974,4.0444434837138505,39.0
pp_quantile_calibrated,HOUSEHOLD_2_505_CA_4,179.83689642038348,179.83689642038348,0.0,0.0,1.0,1.0,0.0,2.3056012361587626,9.0
pp_quantile_calibrated,HOUSEHOLD_2_507_CA_1,572.1821336850286,501.7236277623085,70.45850592272006,0.0,0.7896761017232237,0.8846153846153846,0.11538461538461539,6.432354202080878,67.0
pp_quantile_calibrated,HOUSEHOLD_2_509_TX_1,255.48424832622612,241.23167674016022,14.252571586065908,0.0,0.9208190467440782,0.9487179487179487,0.05128205128205128,3.0927138043610287,36.0
pp_quantile_calibrated,HOUSEHOLD_2_509_WI_1,232.09202555532016,221.73296646488984,10.359059090430334,0.0,0.7410235227392417,0.9743589743589743,0.02564102564102564,2.8427303392934595,8.0
pp_quantile_calibrated,HOUSEHOLD_2_509_WI_2,183.19825020007107,181.62053229266385,1.5777179074072278,0.0,0.9774611727513253,0.9871794871794872,0.01282051282051282,2.3284683627264595,14.0
pp_quantile_calibrated,HOUSEHOLD_2_510_CA_2,470.3819268382404,405.52095573455443,64.86097110368598,0.0,0.7724176452502247,0.8974358974358975,0.10256410256410256,5.198986611981467,57.0
