model,series_id,total_cost,holding_cost,stockout_cost,ordering_cost,fill_rate,cycle_service_level,stockout_rate,average_on_hand,total_demand
point_gbdt_safety,FOODS_1_008_CA_1,1612.845088492769,1612.845088492769,0.0,0.0,1.0,1.0,0.0,20.67750113452268,25.0
point_gbdt_safety,FOODS_1_010_CA_3,1458.4290830906402,1458.4290830906402,0.0,0.0,1.0,1.0,0.0,18.69780875757231,44.0
point_gbdt_safety,FOODS_1_010_WI_3,1796.090941328663,1796.090941328663,0.0,0.0,1.0,1.0,0.0,23.02680694011106,55.0
point_gbdt_safety,FOODS_1_013_WI_1,1848.5426561542547,1848.5426561542547,0.0,0.0,1.0,1.0,0.0,23.699264822490445,125.0
point_gbdt_safety,FOODS_1_014_WI_3,1645.4364931781497,1615.2791220059432,30.157371172206453,0.0,0.9614848388605282,0.9743589743589743,0.02564102564102564,20.70870669238389,87.0
point_gbdt_safety,FOODS_1_022_WI_3,1712.4247757847913,1712.4247757847913,0.0,0.0,1.0,1.0,0.0,21.95416379211271,1.0
point_gbdt_safety,FOODS_1_024_TX_1,1588.2552463049024,1588.2552463049024,0.0,0.0,1.0,1.0,0.0,20.362246747498748,53.0
point_gbdt_safety,FOODS_1_025_TX_1,1633.9523338042616,1633.9523338042616,0.0,0.0,1.0,1.0,0.0,20.94810684364438,44.0
point_gbdt_safety,FOODS_1_025_WI_1,2023.202749132857,2023.202749132857,0.0,0.0,1.0,1.0,0.0,25.938496783754577,33.0
point_gbdt_safety,FOODS_1_032_CA_2,2831.4929111385645,2221.9310891891055,609.5618219494589,0.0,0.821295273541642,0.8589743589743589,0.14102564102564102,28.486296015244942,379.0
point_gbdt_safety,FOODS_1_040_TX_1,1696.0649936493405,1696.0649936493405,0.0,0.0,1.0,1.0,0.0,21.744422995504365,41.0
point_gbdt_safety,FOODS_1_043_CA_3,13668.898331815604,13668.898331815604,0.0,0.0,1.0,1.0,0.0,175.24228630532826,42.0
point_gbdt_safety,FOODS_1_045_CA_3,2390.706627095946,2390.706627095946,0.0,0.0,1.0,1.0,0.0,30.650084962768535,133.0
point_gbdt_safety,FOODS_1_045_WI_2,1627.4899836637915,1627.4899836637915,0.0,0.0,1.0,1.0,0.0,20.86525620081784,108.0
point_gbdt_safety,FOODS_1_046_WI_3,2580.793274344824,2252.060328402779,328.7329459420452,0.0,0.8647189522872242,0.8205128205128205,0.1794871794871795,28.87256831285614,270.0
point_gbdt_safety,FOODS_1_047_TX_2,1768.2399565192409,1768.2399565192409,0.0,0.0,1.0,1.0,0.0,22.66974303229796,62.0
point_gbdt_safety,FOODS_1_054_CA_1,1590.3495816294735,1290.6599983451495,299.68958328432393,0.0,0.7515011747227828,0.8461538461538461,0.15384615384615385,16.546923055707044,134.0
point_gbdt_safety,FOODS_1_054_TX_3,1640.8060240104935,1640.8060240104935,0.0,0.0,1.0,1.0,0.0,21.0359746668012,35.0
point_gbdt_safety,FOODS_1_055_WI_2,2162.639321544153,2020.4022110045385,142.23711053961483,0.0,0.8837932103434519,0.9358974358974359,0.0641025641025641,25.902592448776133,136.0
point_gbdt_safety,FOODS_1_056_WI_1,2161.5236525040946,2161.5236525040946,0.0,0.0,1.0,1.0,0.0,27.711841698770442,1.0
point_gbdt_safety,FOODS_1_057_CA_2,2574.760673406368,2574.760673406368,0.0,0.0,1.0,1.0,0.0,33.009752223158564,3.0
point_gbdt_safety,FOODS_1_060_CA_4,1680.2396213044303,1680.2396213044303,0.0,0.0,1.0,1.0,0.0,21.541533606467056,39.0
point_gbdt_safety,FOODS_1_062_TX_2,1582.6868706481591,1582.6868706481591,0.0,0.0,1.0,1.0,0.0,20.29085731600204,47.0
point_gbdt_safety,FOODS_1_064_WI_3,1649.087225308232,1649.087225308232,0.0,0.0,1.0,1.0,0.0,21.142143914208102,18.0
point_gbdt_safety,FOODS_1_066_WI_1,1674.8066030373382,1456.254589275104,218.552013762234,0.0,0.8554550173530199,0.8589743589743589,0.14102564102564102,18.669930631732104,168.0
point_gbdt_safety,FOODS_1_069_CA_3,2202.6163990902332,1663.4959867817176,539.1204123085157,0.0,0.8151164566843224,0.782051282051282,0.21794871794871795,21.326871625406636,324.0
point_gbdt_safety,FOODS_1_078_TX_2,1720.7900391311587,1720.7900391311587,0.0,0.0,1.0,1.0,0.0,22.061410758091778,43.0
point_gbdt_safety,FOODS_1_081_WI_1,1525.860171936593,1525.860171936593,0.0,0.0,1.0,1.0,0.0,19.562309896622985,67.0
point_gbdt_safety,FOODS_1_083_WI_3,2496.9629142828467,2496.9629142828467,0.0,0.0,1.0,1.0,0.0,32.01234505490829,92.0
point_gbdt_safety,FOODS_1_085_CA_4,3445.9700897313533,2121.6756250522917,1324.2944646790613,0.0,0.7873644083688085,0.7307692307692307,0.2692307692307692,27.200969551952458,692.0
point_gbdt_safety,FOODS_1_086_CA_2,2043.4324487664649,2029.1334562369625,14.298992529502442,0.0,0.9918524259091154,0.9871794871794872,0.01282051282051282,26.01453149021747,195.0
point_gbdt_safety,FOODS_1_086_WI_2,2130.521195439033,1639.3747074146681,491.1464880243649,0.0,0.7843010592778372,0.8076923076923077,0.19230769230769232,21.017624454034205,253.0
point_gbdt_safety,FOODS_1_089_CA_1,1611.69560015462,1611.69560015462,0.0,0.0,1.0,1.0,0.0,20.66276410454641,32.0
point_gbdt_safety,FOODS_1_091_TX_3,1915.755403964232,1915.755403964232,0.0,0.0,1.0,1.0,0.0,24.560966717490153,4.0
point_gbdt_safety,FOODS_1_094_WI_1,1495.9814448807654,1495.9814448807654,0.0,0.0,1.0,1.0,0.0,19.179249293343144,66.0
point_gbdt_safety,FOODS_1_098_CA_2,1649.3895595846739,1649.3895595846739,0.0,0.0,1.0,1.0,0.0,21.146019994675306,13.0
point_gbdt_safety,FOODS_1_098_TX_1,1351.3080294897845,1351.3080294897845,0.0,0.0,1.0,1.0,0.0,17.3244619165357,59.0
point_gbdt_safety,FOODS_1_099_CA_2,4053.952183028879,2705.0567484096327,1348.8954346192463,0.0,0.7782880613709325,0.7564102564102564,0.24358974358974358,34.68021472320042,676.0
point_gbdt_safety,FOODS_1_099_TX_1,3386.251636124146,2299.2784684513435,1086.9731676728024,0.0,0.6965457376681177,0.7307692307692307,0.2692307692307692,29.477929082709533,398.0
point_gbdt_safety,FOODS_1_101_CA_1,2970.4283694641294,2970.4283694641294,0.0,0.0,1.0,1.0,0.0,38.082414993129866,0.0
point_gbdt_safety,FOODS_1_102_TX_2,1425.2358226206138,1425.2358226206138,0.0,0.0,1.0,1.0,0.0,18.272254136161717,68.0
point_gbdt_safety,FOODS_1_106_CA_1,1561.0341730804125,1477.7738993919395,83.260273688473,0.0,0.9151271420097115,0.9230769230769231,0.07692307692307693,18.945819222973583,109.0
point_gbdt_safety,FOODS_1_107_TX_2,1648.2895849739941,1648.2895849739941,0.0,0.0,1.0,1.0,0.0,21.13191775607685,28.0
point_gbdt_safety,FOODS_1_111_WI_2,1595.4225256458149,1595.4225256458149,0.0,0.0,1.0,1.0,0.0,20.454134944177113,9.0
point_gbdt_safety,FOODS_1_119_WI_1,1467.9883261618809,1462.6470310001114,5.34129516176942,0.0,0.990726918121928,0.9871794871794872,0.01282051282051282,18.75188501282194,64.0
point_gbdt_safety,FOODS_1_122_WI_3,1402.4926699382083,1352.2126538978252,50.28001604038313,0.0,0.9446864510006786,0.9358974358974359,0.0641025641025641,17.336059665356736,101.0
point_gbdt_safety,FOODS_1_131_CA_1,1466.7418177876236,1466.7418177876236,0.0,0.0,1.0,1.0,0.0,18.804382279328507,58.0
point_gbdt_safety,FOODS_1_132_WI_3,1324.5017691018745,1324.5017691018745,0.0,0.0,1.0,1.0,0.0,16.980791911562495,53.0
point_gbdt_safety,FOODS_1_134_CA_2,1481.3233590551133,1481.3233590551133,0.0,0.0,1.0,1.0,0.0,18.991325116091197,65.0
point_gbdt_safety,FOODS_1_139_TX_3,1595.9966243785884,1164.1552090805899,431.8414152979986,0.0,0.7420302178626053,0.8076923076923077,0.19230769230769232,14.925066783084485,186.0
point_gbdt_safety,FOODS_1_143_CA_1,2116.9347105516763,1933.80212400247,183.13258654920605,0.0,0.8359027002247258,0.9230769230769231,0.07692307692307693,24.79233492310859,124.0
point_gbdt_safety,FOODS_1_143_WI_2,1996.5912529635202,1996.5912529635202,0.0,0.0,1.0,1.0,0.0,25.59732375594257,34.0
point_gbdt_safety,FOODS_1_147_TX_2,1422.1545929510585,1422.1545929510585,0.0,0.0,1.0,1.0,0.0,18.232751191680237,35.0
point_gbdt_safety,FOODS_1_149_CA_3,1693.5525507231603,1693.5525507231603,0.0,0.0,1.0,1.0,0.0,21.712212188758464,131.0
point_gbdt_safety,FOODS_1_156_TX_3,1501.6536263662108,1501.6536263662108,0.0,0.0,1.0,1.0,0.0,19.251969568797573,48.0
point_gbdt_safety,FOODS_1_159_CA_4,1855.122864110008,1855.122864110008,0.0,0.0,1.0,1.0,0.0,23.78362646294882,14.0
point_gbdt_safety,FOODS_1_161_CA_4,4838.938733186923,4399.105472109667,439.8332610772562,0.0,0.8428605712478541,0.9102564102564102,0.08974358974358974,56.39878810397009,311.0
point_gbdt_safety,FOODS_1_161_WI_3,3520.8719068456785,2650.3760711459995,870.4958356996789,0.0,0.8017996731102736,0.7435897435897436,0.2564102564102564,33.97918039930769,488.0
point_gbdt_safety,FOODS_1_168_WI_1,1521.0452697807088,1521.0452697807088,0.0,0.0,1.0,1.0,0.0,19.50058038180396,32.0
point_gbdt_safety,FOODS_1_174_TX_2,1425.4548523887997,1425.4548523887997,0.0,0.0,1.0,1.0,0.0,18.275062210112818,33.0
point_gbdt_safety,FOODS_1_175_CA_3,1830.276675580511,1830.276675580511,0.0,0.0,1.0,1.0,0.0,23.465085584365525,84.0
point_gbdt_safety,FOODS_1_183_CA_2,1815.983683621548,1815.983683621548,0.0,0.0,1.0,1.0,0.0,23.281842097712154,139.0
point_gbdt_safety,FOODS_1_183_CA_4,1506.05970857192,1506.05970857192,0.0,0.0,1.0,1.0,0.0,19.308457802204103,91.0
point_gbdt_safety,FOODS_1_185_WI_1,1626.1556138041726,1499.4930963621975,126.66251744197498,0.0,0.8874110956071334,0.9230769230769231,0.07692307692307693,19.22427046618202,125.0
point_gbdt_safety,FOODS_1_191_TX_1,1441.926730014232,1441.926730014232,0.0,0.0,1.0,1.0,0.0,18.48624012838759,40.0
point_gbdt_safety,FOODS_1_192_CA_4,2267.303960908652,2267.303960908652,0.0,0.0,1.0,1.0,0.0,29.06799949882887,3.0
point_gbdt_safety,FOODS_1_203_WI_1,1644.075385420034,1644.075385420034,0.0,0.0,1.0,1.0,0.0,21.077889556667103,54.0
point_gbdt_safety,FOODS_1_207_CA_4,1292.8965178278436,1232.9376731989682,59.95884462887544,0.0,0.9340386747757146,0.9487179487179487,0.05128205128205128,15.806893246140618,101.0
point_gbdt_safety,FOODS_1_208_WI_3,1438.1847209214998,1432.9679808682556,5.21674005324418,0.0,0.9930164122446531,0.9871794871794872,0.01282051282051282,18.37138437010584,83.0
point_gbdt_safety,FOODS_1_209_CA_4,2091.528078951261,2091.528078951261,0.0,0.0,1.0,1.0,0.0,26.81446255065719,1.0
point_gbdt_safety,FOODS_1_214_TX_3,1839.4383341489465,1839.4383341489465,0.0,0.0,1.0,1.0,0.0,23.582542745499314,19.0
point_gbdt_safety,FOODS_1_215_CA_1,1753.9716287007514,1606.9128877748856,147.0587409258658,0.0,0.8500930265791378,0.9487179487179487,0.05128205128205128,20.6014472791652,109.0
point_gbdt_safety,FOODS_2_001_TX_1,1607.5080433812375,1577.632821747344,29.87522163389356,0.0,0.9609474227007927,0.9743589743589743,0.02564102564102564,20.226061817273642,85.0
point_gbdt_safety,FOODS_2_002_CA_3,1493.47335239216,1471.9311365903498,21.5422158018103,0.0,0.9734046718496169,0.9743589743589743,0.02564102564102564,18.870912007568588,90.0
point_gbdt_safety,FOODS_2_004_CA_1,1540.1883243308444,1509.2905962047387,30.897728126105648,0.0,0.9682122138620313,0.9615384615384616,0.038461538461538464,19.34987943852229,108.0
point_gbdt_safety,FOODS_2_009_CA_1,1630.5617641910844,1630.5617641910844,0.0,0.0,1.0,1.0,0.0,20.9046380024498,77.0
point_gbdt_safety,FOODS_2_009_WI_1,1794.6971130372526,1615.613271179803,179.08384185744976,0.0,0.8627710024080845,0.9358974358974359,0.0641025641025641,20.71299065615132,145.0
point_gbdt_safety,FOODS_2_012_CA_3,1747.0431502339882,1747.0431502339882,0.0,0.0,1.0,1.0,0.0,22.39798910556395,28.0
point_gbdt_safety,FOODS_2_014_CA_3,1656.8484927467398,1602.8792025062287,53.969290240511086,0.0,0.9388103285254976,0.9615384615384616,0.038461538461538464,20.54973336546447,98.0
point_gbdt_safety,FOODS_2_014_TX_1,1649.5594078761505,1649.5594078761505,0.0,0.0,1.0,1.0,0.0,21.148197536873724,29.0
point_gbdt_safety,FOODS_2_015_CA_1,1693.457859263956,1693.457859263956,0.0,0.0,1.0,1.0,0.0,21.710998195691744,61.0
point_gbdt_safety,FOODS_2_017_WI_1,1510.6081213348136,1510.6081213348136,0.0,0.0,1.0,1.0,0.0,19.366770786343764,45.0
point_gbdt_safety,FOODS_2_017_WI_3,1688.179668930086,1688.179668930086,0.0,0.0,1.0,1.0,0.0,21.643329088847256,2.0
point_gbdt_safety,FOODS_2_024_CA_4,1621.675902942747,1621.675902942747,0.0,0.0,1.0,1.0,0.0,20.790716704394193,64.0
point_gbdt_safety,FOODS_2_024_TX_2,1878.3769240516767,1878.3769240516767,0.0,0.0,1.0,1.0,0.0,24.08175543655996,37.0
point_gbdt_safety,FOODS_2_029_TX_3,2856.6836957093446,2094.2420636575534,762.4416320517914,0.0,0.6919427749285691,0.8333333333333334,0.16666666666666666,26.84925722637889,275.0
point_gbdt_safety,FOODS_2_031_TX_1,2591.244428153167,2591.244428153167,0.0,0.0,1.0,1.0,0.0,33.22108241222009,9.0
point_gbdt_safety,FOODS_2_034_WI_3,1777.1381993089437,1777.1381993089437,0.0,0.0,1.0,1.0,0.0,22.78382306806338,91.0
point_gbdt_safety,FOODS_2_043_TX_2,1581.7613582570395,1581.7613582570395,0.0,0.0,1.0,1.0,0.0,20.278991772526147,28.0
point_gbdt_safety,FOODS_2_045_TX_1,2256.6461267191553,2256.6461267191553,0.0,0.0,1.0,1.0,0.0,28.93136059896353,16.0
point_gbdt_safety,FOODS_2_046_CA_3,1668.7652092343963,1668.7652092343963,0.0,0.0,1.0,1.0,0.0,21.394425759415338,19.0
point_gbdt_safety,FOODS_2_047_CA_4,1534.300506261268,1534.300506261268,0.0,0.0,1.0,1.0,0.0,19.670519311041897,73.0
point_gbdt_safety,FOODS_2_047_WI_3,1600.0469242357103,1577.9086563758146,22.13826785989573,0.0,0.9663040063015286,0.9743589743589743,0.02564102564102564,20.22959815866429,73.0
point_gbdt_safety,FOODS_2_051_WI_3,1509.5154392393474,1488.5887949563614,20.926644282986082,0.0,0.9685786121877087,0.9743589743589743,0.02564102564102564,19.084471730209764,74.0
point_gbdt_safety,FOODS_2_055_TX_1,1533.6758882221604,1533.6758882221604,0.0,0.0,1.0,1.0,0.0,19.662511387463596,95.0
point_gbdt_safety,FOODS_2_067_CA_2,3402.1199074083856,3402.1199074083856,0.0,0.0,1.0,1.0,0.0,43.6169218898511,15.0
point_gbdt_safety,FOODS_2_067_WI_3,2153.1913274073413,2153.1913274073413,0.0,0.0,1.0,1.0,0.0,27.605017018042837,0.0
point_gbdt_safety,FOODS_2_082_TX_3,2043.6544052491097,1903.1766144578417,140.47779079126798,0.0,0.922729488013604,0.9230769230769231,0.07692307692307693,24.399700185356945,202.0
point_gbdt_safety,FOODS_2_084_WI_1,1698.898446288711,1698.898446288711,0.0,0.0,1.0,1.0,0.0,21.78074931139373,70.0
point_gbdt_safety,FOODS_2_085_TX_2,1573.8477017001155,1573.8477017001155,0.0,0.0,1.0,1.0,0.0,20.17753463718097,37.0
point_gbdt_safety,FOODS_2_087_WI_3,1629.9660556921951,1629.9660556921951,0.0,0.0,1.0,1.0,0.0,20.897000714002502,18.0
point_gbdt_safety,FOODS_2_100_WI_3,1610.531229837483,1367.6623835854302,242.8688462520526,0.0,0.804453424917832,0.8717948717948718,0.1282051282051282,17.534133122890132,138.0
point_gbdt_safety,FOODS_2_101_WI_1,1593.738261496668,1593.738261496668,0.0,0.0,1.0,1.0,0.0,20.432541814059846,94.0
point_gbdt_safety,FOODS_2_104_CA_2,1702.025003738083,1702.025003738083,0.0,0.0,1.0,1.0,0.0,21.820833381257472,65.0
point_gbdt_safety,FOODS_2_105_TX_3,1656.56314107628,1656.56314107628,0.0,0.0,1.0,1.0,0.0,21.237988988157436,53.0
point_gbdt_safety,FOODS_2_107_CA_1,1599.2617719067239,1599.2617719067239,0.0,0.0,1.0,1.0,0.0,20.503356050086204,83.0
point_gbdt_safety,FOODS_2_107_CA_3,2090.9987138870238,1852.973498712982,238.02521517404165,0.0,0.7777542341979069,0.8846153846153846,0.11538461538461539,23.756070496320284,119.0
point_gbdt_safety,FOODS_2_108_TX_1,1538.8642496940693,1538.8642496940693,0.0,0.0,1.0,1.0,0.0,19.729028842231656,42.0
point_gbdt_safety,FOODS_2_108_WI_2,1661.2910695041694,1537.6323286868028,123.65874081736652,0.0,0.9004357964433443,0.9358974358974359,0.0641025641025641,19.71323498316414,138.0
point_gbdt_safety,FOODS_2_116_TX_3,1854.4091125530715,1854.4091125530715,0.0,0.0,1.0,1.0,0.0,23.774475801962456,76.0
point_gbdt_safety,FOODS_2_117_WI_2,2616.0569948421235,2473.448748865944,142.60824597617986,0.0,0.9295761748265778,0.9102564102564102,0.08974358974358974,31.710881395717227,225.0
point_gbdt_safety,FOODS_2_118_CA_2,1446.052094351385,1446.052094351385,0.0,0.0,1.0,1.0,0.0,18.539129414761344,39.0
point_gbdt_safety,FOODS_2_118_CA_4,1304.3793519104206,1304.3793519104206,0.0,0.0,1.0,1.0,0.0,16.72281220397975,52.0
point_gbdt_safety,FOODS_2_124_CA_4,1686.252722953992,1686.252722953992,0.0,0.0,1.0,1.0,0.0,21.618624653256308,21.0
point_gbdt_safety,FOODS_2_124_WI_2,1717.6056910815018,1717.6056910815018,0.0,0.0,1.0,1.0,0.0,22.020585783096177,18.0
point_gbdt_safety,FOODS_2_128_TX_3,9692.24281444656,8534.650149437042,1157.592665009518,0.0,0.6114156881471909,0.8076923076923077,0.19230769230769232,109.41859165944926,331.0
point_gbdt_safety,FOODS_2_129_TX_2,1597.9050080365162,1597.9050080365162,0.0,0.0,1.0,1.0,0.0,20.485961641493798,16.0
point_gbdt_safety,FOODS_2_130_WI_2,1789.049772245548,1789.049772245548,0.0,0.0,1.0,1.0,0.0,22.93653554160959,218.0
point_gbdt_safety,FOODS_2_132_TX_2,1593.275879421262,1593.275879421262,0.0,0.0,1.0,1.0,0.0,20.42661383873413,0.0
point_gbdt_safety,FOODS_2_133_TX_2,1482.4923799181286,1482.4923799181286,0.0,0.0,1.0,1.0,0.0,19.00631256305293,53.0
point_gbdt_safety,FOODS_2_133_TX_3,1279.0790461183806,1230.2475949416173,48.83145117676332,0.0,0.9095713867096975,0.9487179487179487,0.05128205128205128,15.772405063354068,60.0
point_gbdt_safety,FOODS_2_141_CA_3,1736.0977617984431,1736.0977617984431,0.0,0.0,1.0,1.0,0.0,22.257663612800552,132.0
point_gbdt_safety,FOODS_2_146_WI_1,1510.7789082514807,1501.421381922967,9.357526328513785,0.0,0.9910368521757531,0.9871794871794872,0.01282051282051282,19.248992075935472,116.0
point_gbdt_safety,FOODS_2_148_CA_2,1551.433330025874,1551.433330025874,0.0,0.0,1.0,1.0,0.0,19.890170897767614,58.0
point_gbdt_safety,FOODS_2_149_TX_1,2125.089435903729,1740.846355533009,384.2430803707199,0.0,0.8338767486507912,0.8589743589743589,0.14102564102564102,22.318543019653962,257.0
point_gbdt_safety,FOODS_2_155_CA_4,2089.37471529596,2089.37471529596,0.0,0.0,1.0,1.0,0.0,26.78685532430718,10.0
point_gbdt_safety,FOODS_2_159_CA_1,1575.7717567619475,1575.7717567619475,0.0,0.0,1.0,1.0,0.0,20.20220200976856,30.0
point_gbdt_safety,FOODS_2_163_TX_3,1537.516569943084,1537.516569943084,0.0,0.0,1.0,1.0,0.0,19.711750896706207,74.0
point_gbdt_safety,FOODS_2_165_CA_4,1561.4730822478339,1561.4730822478339,0.0,0.0,1.0,1.0,0.0,20.018885669844025,10.0
point_gbdt_safety,FOODS_2_165_TX_1,1581.1365175751403,1581.1365175751403,0.0,0.0,1.0,1.0,0.0,20.27098099455308,4.0
point_gbdt_safety,FOODS_2_166_TX_2,2665.3592491362656,2665.3592491362656,0.0,0.0,1.0,1.0,0.0,34.17127242482392,11.0
point_gbdt_safety,FOODS_2_169_TX_3,1637.0893368384166,1637.0893368384166,0.0,0.0,1.0,1.0,0.0,20.98832483126175,15.0
point_gbdt_safety,FOODS_2_172_CA_2,1436.4377363726076,1366.0863285449914,70.35140782761611,0.0,0.9233644794906143,0.9743589743589743,0.02564102564102564,17.51392728903835,102.0
point_gbdt_safety,FOODS_2_176_WI_3,1708.7094299663536,1708.7094299663536,0.0,0.0,1.0,1.0,0.0,21.90653115341479,16.0
point_gbdt_safety,FOODS_2_177_WI_1,1726.3487159425258,1726.3487159425258,0.0,0.0,1.0,1.0,0.0,22.132675845416998,47.0
point_gbdt_safety,FOODS_2_182_TX_3,1640.8862724179526,1640.8862724179526,0.0,0.0,1.0,1.0,0.0,21.037003492537853,31.0
point_gbdt_safety,FOODS_2_183_CA_4,2064.4282976752997,1743.6959300278634,320.7323676474365,0.0,0.8423144701831679,0.8589743589743589,0.14102564102564102,22.355076025998248,226.0
point_gbdt_safety,FOODS_2_186_TX_1,1512.7629054262354,1512.7629054262354,0.0,0.0,1.0,1.0,0.0,19.394396223413274,38.0
point_gbdt_safety,FOODS_2_187_CA_1,1527.5042874596295,1527.5042874596295,0.0,0.0,1.0,1.0,0.0,19.58338830076448,48.0
point_gbdt_safety,FOODS_2_192_CA_2,1861.4690690114608,1861.4690690114608,0.0,0.0,1.0,1.0,0.0,23.8649880642495,116.0
point_gbdt_safety,FOODS_2_192_TX_1,1827.7094126055126,1827.7094126055126,0.0,0.0,1.0,1.0,0.0,23.432171956480932,20.0
point_gbdt_safety,FOODS_2_198_CA_4,1578.4461830622897,1578.4461830622897,0.0,0.0,1.0,1.0,0.0,20.236489526439613,20.0
point_gbdt_safety,FOODS_2_200_TX_1,1711.4447038795872,1711.4447038795872,0.0,0.0,1.0,1.0,0.0,21.941598767687015,30.0
point_gbdt_safety,FOODS_2_201_WI_3,1527.5171687985116,1465.8598084212044,61.65736037730714,0.0,0.9447514691959613,0.9358974358974359,0.0641025641025641,18.793074466938517,124.0
point_gbdt_safety,FOODS_2_202_WI_3,1534.2074701842935,1534.2074701842935,0.0,0.0,1.0,1.0,0.0,19.669326540824276,55.0
point_gbdt_safety,FOODS_2_204_CA_4,1932.2752436160488,1803.612439380732,128.66280423531688,0.0,0.9149055527544201,0.9102564102564102,0.08974358974358974,23.123236402317076,168.0
point_gbdt_safety,FOODS_2_206_CA_3,2209.0003640604905,2209.0003640604905,0.0,0.0,1.0,1.0,0.0,28.320517487955005,180.0
point_gbdt_safety,FOODS_2_207_CA_3,1873.6261074031904,1873.6261074031904,0.0,0.0,1.0,1.0,0.0,24.020847530810133,13.0
point_gbdt_safety,FOODS_2_208_TX_1,1856.1263357847522,1856.1263357847522,0.0,0.0,1.0,1.0,0.0,23.7964914844199,132.0
point_gbdt_safety,FOODS_2_212_CA_2,1836.322882637379,1836.322882637379,0.0,0.0,1.0,1.0,0.0,23.542601059453578,113.0
point_gbdt_safety,FOODS_2_214_CA_3,1782.9214515740616,1782.9214515740616,0.0,0.0,1.0,1.0,0.0,22.857967327872586,36.0
point_gbdt_safety,FOODS_2_218_CA_4,1570.899248241337,1570.899248241337,0.0,0.0,1.0,1.0,0.0,20.139733951812016,49.0
point_gbdt_safety,FOODS_2_219_TX_1,1531.4784669719443,1531.4784669719443,0.0,0.0,1.0,1.0,0.0,19.63433932015313,38.0
point_gbdt_safety,FOODS_2_224_TX_2,1483.6492537143934,1483.6492537143934,0.0,0.0,1.0,1.0,0.0,19.02114427838966,53.0
point_gbdt_safety,FOODS_2_231_CA_1,1849.7850444858846,1849.7850444858846,0.0,0.0,1.0,1.0,0.0,23.715192878024162,40.0
point_gbdt_safety,FOODS_2_234_WI_3,1566.4945279365265,1566.4945279365265,0.0,0.0,1.0,1.0,0.0,20.083263178673416,16.0
point_gbdt_safety,FOODS_2_235_CA_2,1581.146673807291,1581.146673807291,0.0,0.0,1.0,1.0,0.0,20.27111120265758,85.0
point_gbdt_safety,FOODS_2_241_CA_3,4675.73232245202,2709.9966137186484,1965.7357087333714,0.0,0.7296843084800094,0.717948717948718,0.28205128205128205,34.743546329726264,808.0
point_gbdt_safety,FOODS_2_241_WI_3,2447.1103461208577,2062.0507988639333,385.0595472569246,0.0,0.843852576132634,0.8589743589743589,0.14102564102564102,26.43654870338376,274.0
point_gbdt_safety,FOODS_2_242_CA_3,1935.264373782034,1913.4278527326433,21.836521049390704,0.0,0.9789019120295741,0.9615384615384616,0.038461538461538464,24.53112631708517,115.0
point_gbdt_safety,FOODS_2_242_WI_1,1999.3979194303795,1624.2679348915883,375.1299845387912,0.0,0.7590687318312195,0.8974358974358975,0.10256410256410256,20.82394788322549,173.0
point_gbdt_safety,FOODS_2_250_WI_2,1694.9441454241173,1694.9441454241173,0.0,0.0,1.0,1.0,0.0,21.730053146463042,59.0
point_gbdt_safety,FOODS_2_253_CA_1,1475.727865921044,1435.5541662643354,40.17369965670865,0.0,0.952513357379777,0.9615384615384616,0.038461538461538464,18.404540593132506,94.0
point_gbdt_safety,FOODS_2_254_TX_3,1652.3977738244826,1652.3977738244826,0.0,0.0,1.0,1.0,0.0,21.184586843903624,51.0
point_gbdt_safety,FOODS_2_254_WI_1,1373.0874521632,1373.0874521632,0.0,0.0,1.0,1.0,0.0,17.603685284143587,27.0
point_gbdt_safety,FOODS_2_255_TX_2,5880.999999999999,5880.999999999999,0.0,0.0,1.0,1.0,0.0,75.39743589743588,62.0
point_gbdt_safety,FOODS_2_261_WI_2,1810.1155029689987,1810.1155029689987,0.0,0.0,1.0,1.0,0.0,23.206609012423062,89.0
point_gbdt_safety,FOODS_2_270_CA_3,1676.0010567072425,1676.0010567072425,0.0,0.0,1.0,1.0,0.0,21.487193034708238,18.0
point_gbdt_safety,FOODS_2_270_WI_2,1401.8266793133746,1401.8266793133746,0.0,0.0,1.0,1.0,0.0,17.972136914274035,35.0
point_gbdt_safety,FOODS_2_271_WI_2,1614.4172014752526,1614.4172014752526,0.0,0.0,1.0,1.0,0.0,20.697656429169903,13.0
point_gbdt_safety,FOODS_2_273_TX_3,1560.097315773759,1560.097315773759,0.0,0.0,1.0,1.0,0.0,20.001247638125115,16.0
point_gbdt_safety,FOODS_2_274_CA_3,2594.7228060299217,2432.9010058540516,161.82180017587004,0.0,0.9289320157330391,0.9358974358974359,0.0641025641025641,31.191038536590405,253.0
point_gbdt_safety,FOODS_2_274_TX_2,2438.908761172813,2438.908761172813,0.0,0.0,1.0,1.0,0.0,31.268061040677086,136.0
point_gbdt_safety,FOODS_2_278_CA_4,1537.8835393856446,1511.699299214875,26.184240170769474,0.0,0.9515106663504269,0.9743589743589743,0.02564102564102564,19.38076024634455,60.0
point_gbdt_safety,FOODS_2_284_TX_3,1639.854324005519,1639.854324005519,0.0,0.0,1.0,1.0,0.0,21.02377338468614,25.0
point_gbdt_safety,FOODS_2_284_WI_2,1495.8143849099397,1495.8143849099397,0.0,0.0,1.0,1.0,0.0,19.17710749884538,53.0
point_gbdt_safety,FOODS_2_290_WI_1,1588.6733323771944,1479.6694763613173,109.00385601587719,0.0,0.9134890031620022,0.9358974358974359,0.0641025641025641,18.97012149181176,140.0
point_gbdt_safety,FOODS_2_298_TX_2,1823.302134765544,1823.302134765544,0.0,0.0,1.0,1.0,0.0,23.37566839443005,41.0
point_gbdt_safety,FOODS_2_306_TX_1,1565.1033057216814,1565.1033057216814,0.0,0.0,1.0,1.0,0.0,20.065426996431814,48.0
point_gbdt_safety,FOODS_2_309_TX_2,1510.5468039697284,1510.5468039697284,0.0,0.0,1.0,1.0,0.0,19.36598466627857,56.0
point_gbdt_safety,FOODS_2_311_WI_3,1570.986311599208,1526.148827456184,44.83748414302385,0.0,0.9452533771147449,0.9487179487179487,0.05128205128205128,19.56601060841262,91.0
point_gbdt_safety,FOODS_2_312_CA_1,1700.8756431730367,1700.8756431730367,0.0,0.0,1.0,1.0,0.0,21.806097989397905,31.0
point_gbdt_safety,FOODS_2_312_TX_2,1648.5916784027872,1648.5916784027872,0.0,0.0,1.0,1.0,0.0,21.13579074875368,71.0
point_gbdt_safety,FOODS_2_313_CA_4,1891.407441339055,1891.407441339055,0.0,0.0,1.0,1.0,0.0,24.248813350500704,2.0
point_gbdt_safety,FOODS_2_321_WI_1,1363.4206522035058,1363.4206522035058,0.0,0.0,1.0,1.0,0.0,17.479751951326996,68.0
point_gbdt_safety,FOODS_2_325_WI_3,3397.4856752229102,2260.515850653301,1136.969824569609,0.0,0.7537427280550988,0.7435897435897436,0.2564102564102564,28.980972444273092,513.0
point_gbdt_safety,FOODS_2_326_WI_1,2633.9179000507897,2094.8131636442045,539.1047364065853,0.0,0.884361918402706,0.7948717948717948,0.20512820512820512,26.856579021079543,518.0
point_gbdt_safety,FOODS_2_329_TX_3,1596.9429621902534,1596.9429621902534,0.0,0.0,1.0,1.0,0.0,20.473627720387864,19.0
point_gbdt_safety,FOODS_2_332_TX_2,1700.0906199883873,1700.0906199883873,0.0,0.0,1.0,1.0,0.0,21.79603358959471,46.0
point_gbdt_safety,FOODS_2_332_WI_1,1503.041426948916,1503.041426948916,0.0,0.0,1.0,1.0,0.0,19.269761883960463,37.0
point_gbdt_safety,FOODS_2_338_TX_3,1602.5617986182879,1585.8928863078597,16.668912310428198,0.0,0.9845658219347887,0.9871794871794872,0.01282051282051282,20.331960080869997,120.0
point_gbdt_safety,FOODS_2_340_WI_2,1760.376063235929,1760.376063235929,0.0,0.0,1.0,1.0,0.0,22.568923887640114,92.0
point_gbdt_safety,FOODS_2_342_CA_3,3045.0170966733267,2429.914801391747,615.1022952815798,0.0,0.8380457358394998,0.8205128205128205,0.1794871794871795,31.152753863996757,422.0
point_gbdt_safety,FOODS_2_347_WI_3,4954.100753999014,3023.465092772031,1930.6356612269833,0.0,0.6798282485527392,0.7435897435897436,0.2564102564102564,38.76237298425681,670.0
point_gbdt_safety,FOODS_2_350_WI_2,1885.4779711483463,1885.4779711483463,0.0,0.0,1.0,1.0,0.0,24.172794501901876,29.0
point_gbdt_safety,FOODS_2_351_CA_1,1455.0734673673303,1455.0734673673303,0.0,0.0,1.0,1.0,0.0,18.6547880431709,52.0
point_gbdt_safety,FOODS_2_354_CA_4,1564.5137072429168,1564.5137072429168,0.0,0.0,1.0,1.0,0.0,20.057868041575855,19.0
point_gbdt_safety,FOODS_2_355_WI_2,1630.897527497311,1600.457829372439,30.43969812487206,0.0,0.9778941916304488,0.9743589743589743,0.02564102564102564,20.518690120159473,153.0
point_gbdt_safety,FOODS_2_356_CA_2,1674.2643171421678,1669.155069881295,5.1092472608727775,0.0,0.9958257783816398,0.9871794871794872,0.01282051282051282,21.399423972837116,136.0
point_gbdt_safety,FOODS_2_370_CA_2,1479.9957767281874,1479.9957767281874,0.0,0.0,1.0,1.0,0.0,18.974304829848556,47.0
point_gbdt_safety,FOODS_2_370_CA_3,1818.3573878077846,1818.3573878077846,0.0,0.0,1.0,1.0,0.0,23.312274202663904,36.0
point_gbdt_safety,FOODS_2_371_WI_3,4012.8990085760433,3392.197621515291,620.7013870607524,0.0,0.890180221680688,0.8717948717948718,0.1282051282051282,43.48971309634988,628.0
point_gbdt_safety,FOODS_2_376_TX_1,1637.1133944237183,1637.1133944237183,0.0,0.0,1.0,1.0,0.0,20.988633261842544,47.0
point_gbdt_safety,FOODS_2_386_CA_2,1556.82826555166,1556.82826555166,0.0,0.0,1.0,1.0,0.0,19.959336737841795,49.0
point_gbdt_safety,FOODS_2_387_WI_2,1679.3284882900005,1679.3284882900005,0.0,0.0,1.0,1.0,0.0,21.529852413974364,111.0
point_gbdt_safety,FOODS_2_389_TX_2,2176.3039906790723,2176.3039906790723,0.0,0.0,1.0,1.0,0.0,27.90133321383426,3.0
point_gbdt_safety,FOODS_2_390_CA_4,2567.0325309674454,2567.0325309674454,0.0,0.0,1.0,1.0,0.0,32.91067347394161,4.0
point_gbdt_safety,FOODS_2_399_TX_2,1671.064698792864,1671.064698792864,0.0,0.0,1.0,1.0,0.0,21.423906394780307,108.0
point_gbdt_safety,FOODS_3_003_WI_3,1424.8487602514483,1424.8487602514483,0.0,0.0,1.0,1.0,0.0,18.267291798095492,34.0
point_gbdt_safety,FOODS_3_009_CA_4,1537.3067534312734,1537.3067534312734,0.0,0.0,1.0,1.0,0.0,19.709060941426582,48.0
point_gbdt_safety,FOODS_3_009_TX_2,1799.232824917215,1799.232824917215,0.0,0.0,1.0,1.0,0.0,23.067087498938655,76.0
point_gbdt_safety,FOODS_3_011_CA_1,1798.9052250877553,1470.11921066671,328.78601442104537,0.0,0.8411661766081907,0.8717948717948718,0.1282051282051282,18.847682188034742,230.0
point_gbdt_safety,FOODS_3_014_CA_1,1958.2149376793343,1958.2149376793343,0.0,0.0,1.0,1.0,0.0,25.10531971383762,2.0
point_gbdt_safety,FOODS_3_019_TX_2,1776.560867427622,1776.560867427622,0.0,0.0,1.0,1.0,0.0,22.776421377277206,48.0
point_gbdt_safety,FOODS_3_022_CA_1,1632.797465122532,1632.797465122532,0.0,0.0,1.0,1.0,0.0,20.933300834904255,29.0
point_gbdt_safety,FOODS_3_023_TX_1,1448.919117470497,1448.919117470497,0.0,0.0,1.0,1.0,0.0,18.575886121416627,84.0
point_gbdt_safety,FOODS_3_023_TX_3,1552.1659865207946,1552.1659865207946,0.0,0.0,1.0,1.0,0.0,19.89956392975378,60.0
point_gbdt_safety,FOODS_3_023_WI_2,1578.6965519751145,1578.6965519751145,0.0,0.0,1.0,1.0,0.0,20.23969938429634,53.0
point_gbdt_safety,FOODS_3_024_TX_3,2686.7843498094353,2631.967466094803,54.81688371463207,0.0,0.9687653084247111,0.9615384615384616,0.038461538461538464,33.74317264224106,195.0
point_gbdt_safety,FOODS_3_024_WI_1,3920.687708318199,3920.687708318199,0.0,0.0,1.0,1.0,0.0,50.2652270297205,75.0
point_gbdt_safety,FOODS_3_026_CA_1,1799.414970537191,1737.3074097829071,62.10756075428395,0.0,0.9598788367220388,0.9615384615384616,0.038461538461538464,22.27317192029368,172.0
point_gbdt_safety,FOODS_3_030_TX_3,8714.859303438345,4374.821632750877,4340.037670687469,0.0,0.7119316560010972,0.6923076923076923,0.3076923076923077,56.08745683013945,1674.0
point_gbdt_safety,FOODS_3_034_CA_1,1547.1053936626947,1454.4801262241617,92.62526743853293,0.0,0.9280300952303553,0.9615384615384616,0.038461538461538464,18.64718110543797,143.0
point_gbdt_safety,FOODS_3_035_WI_1,1756.3632379116395,1756.3632379116395,0.0,0.0,1.0,1.0,0.0,22.517477409123583,61.0
point_gbdt_safety,FOODS_3_036_CA_4,1858.3487663356946,1858.3487663356946,0.0,0.0,1.0,1.0,0.0,23.824984183790956,9.0
point_gbdt_safety,FOODS_3_038_CA_4,1533.9667653134711,1533.9667653134711,0.0,0.0,1.0,1.0,0.0,19.66624058094194,69.0
point_gbdt_safety,FOODS_3_038_WI_1,1570.051698006103,1570.051698006103,0.0,0.0,1.0,1.0,0.0,20.128867923155166,72.0
point_gbdt_safety,FOODS_3_040_WI_1,1309.222362445426,1119.1968432515696,190.02551919385633,0.0,0.7654005935878316,0.8717948717948718,0.1282051282051282,14.348677477584225,90.0
point_gbdt_safety,FOODS_3_048_TX_1,2136.9855337019408,2136.9855337019408,0.0,0.0,1.0,1.0,0.0,27.397250432076163,64.0
point_gbdt_safety,FOODS_3_048_TX_3,1871.7374723802116,1871.7374723802116,0.0,0.0,1.0,1.0,0.0,23.996634261284765,109.0
point_gbdt_safety,FOODS_3_049_TX_1,1716.6940654930904,1716.6940654930904,0.0,0.0,1.0,1.0,0.0,22.00889827555244,28.0
point_gbdt_safety,FOODS_3_050_CA_2,1575.4677531864897,1575.4677531864897,0.0,0.0,1.0,1.0,0.0,20.19830452803192,67.0
point_gbdt_safety,FOODS_3_053_CA_4,1646.1713379934215,1575.7125073393609,70.4588306540607,0.0,0.9120364161622213,0.9615384615384616,0.038461538461538464,20.20144240178668,89.0
point_gbdt_safety,FOODS_3_054_WI_3,1638.8215417116512,1638.8215417116512,0.0,0.0,1.0,1.0,0.0,21.01053258604681,0.0
point_gbdt_safety,FOODS_3_057_WI_3,1596.6217039388055,1596.6217039388055,0.0,0.0,1.0,1.0,0.0,20.46950902485648,20.0
point_gbdt_safety,FOODS_3_066_CA_4,2269.5151930579623,1731.7755558935153,537.739637164447,0.0,0.7850760842668077,0.8076923076923077,0.19230769230769232,22.202250716583528,278.0
point_gbdt_safety,FOODS_3_066_TX_3,2119.07085239063,1669.426252309566,449.6446000810641,0.0,0.8033050743302432,0.8333333333333334,0.16666666666666666,21.40290067063546,254.0
point_gbdt_safety,FOODS_3_067_CA_4,1511.1228037034832,1511.1228037034832,0.0,0.0,1.0,1.0,0.0,19.373369278249786,87.0
point_gbdt_safety,FOODS_3_072_WI_3,1469.3579936504675,1469.3579936504675,0.0,0.0,1.0,1.0,0.0,18.837922995518813,36.0
point_gbdt_safety,FOODS_3_074_CA_2,1723.9194648714085,1539.7186160611093,184.20084881029925,0.0,0.8881597760714637,0.8974358974358975,0.10256410256410256,19.73998225719371,183.0
point_gbdt_safety,FOODS_3_091_TX_1,1400.3925968655672,1400.3925968655672,0.0,0.0,1.0,1.0,0.0,17.953751241866247,46.0
point_gbdt_safety,FOODS_3_091_WI_1,1441.5934333533196,1441.5934333533196,0.0,0.0,1.0,1.0,0.0,18.48196709427333,29.0
point_gbdt_safety,FOODS_3_094_TX_2,1734.6670182464304,1734.6670182464304,0.0,0.0,1.0,1.0,0.0,22.239320746749108,99.0
point_gbdt_safety,FOODS_3_101_WI_3,1890.568091572964,1501.8880502523575,388.6800413206066,0.0,0.8446522616624276,0.8205128205128205,0.1794871794871795,19.25497500323535,278.0
point_gbdt_safety,FOODS_3_102_WI_2,1620.1651230329776,1612.5189079157508,7.646215117226802,0.0,0.9922765503866396,0.9871794871794872,0.01282051282051282,20.673319332253214,110.0
point_gbdt_safety,FOODS_3_103_TX_1,1576.858060743455,1576.858060743455,0.0,0.0,1.0,1.0,0.0,20.21612898389045,23.0
point_gbdt_safety,FOODS_3_103_WI_1,1573.8559938126834,1517.4142767114618,56.44171710122178,0.0,0.9542240737216368,0.9358974358974359,0.0641025641025641,19.454029188608484,137.0
point_gbdt_safety,FOODS_3_110_WI_1,1581.4196806124012,1581.4196806124012,0.0,0.0,1.0,1.0,0.0,20.27461128990258,24.0
point_gbdt_safety,FOODS_3_111_TX_1,1567.986626559009,1567.986626559009,0.0,0.0,1.0,1.0,0.0,20.102392648192424,18.0
point_gbdt_safety,FOODS_3_111_WI_1,1613.4258923648135,1613.4258923648135,0.0,0.0,1.0,1.0,0.0,20.68494733801043,32.0
point_gbdt_safety,FOODS_3_117_CA_4,1432.945340383388,1432.945340383388,0.0,0.0,1.0,1.0,0.0,18.371094107479333,78.0
point_gbdt_safety,FOODS_3_120_TX_1,7628.199006229848,4277.42706441746,3350.771941812388,0.0,0.6043485722266634,0.6794871794871795,0.32051282051282054,54.83880851817257,941.0
point_gbdt_safety,FOODS_3_125_CA_1,1940.481627972652,1940.481627972652,0.0,0.0,1.0,1.0,0.0,24.877969589392972,48.0
point_gbdt_safety,FOODS_3_126_WI_1,1755.6261450554143,1755.6261450554143,0.0,0.0,1.0,1.0,0.0,22.50802750071044,125.0
point_gbdt_safety,FOODS_3_133_CA_1,3721.99781749088,2125.3855316840118,1596.6122858068684,0.0,0.688769534930435,0.7051282051282052,0.2948717948717949,27.24853245748733,570.0
point_gbdt_safety,FOODS_3_133_CA_2,2422.890419180979,1550.3204721707825,872.5699470101963,0.0,0.7859774473852841,0.7564102564102564,0.24358974358974358,19.875903489369005,453.0
point_gbdt_safety,FOODS_3_133_TX_1,2529.3403745867386,2276.599882245323,252.74049234141575,0.0,0.8602871794685375,0.8589743589743589,0.14102564102564102,29.187177977504142,201.0
point_gbdt_safety,FOODS_3_134_TX_1,2397.555432447457,1878.3551940088262,519.2002384386305,0.0,0.8283067994581249,0.8333333333333334,0.16666666666666666,24.081476846267,336.0
point_gbdt_safety,FOODS_3_136_CA_1,2078.303694070665,1425.0503273977597,653.2533666729054,0.0,0.8043565838056589,0.7435897435897436,0.2564102564102564,18.26987599227897,371.0
point_gbdt_safety,FOODS_3_138_WI_3,1638.0128178799525,1427.4201580897434,210.5926597902092,0.0,0.8598851232267404,0.8717948717948718,0.1282051282051282,18.300258437047994,167.0
point_gbdt_safety,FOODS_3_141_TX_3,1586.688655460021,1586.688655460021,0.0,0.0,1.0,1.0,0.0,20.342162249487448,22.0
point_gbdt_safety,FOODS_3_154_CA_1,1625.3767010003608,1625.3767010003608,0.0,0.0,1.0,1.0,0.0,20.838162833337957,30.0
point_gbdt_safety,FOODS_3_155_TX_1,1582.056939811124,1582.056939811124,0.0,0.0,1.0,1.0,0.0,20.282781279629795,18.0
point_gbdt_safety,FOODS_3_157_CA_2,1887.0073041058806,1887.0073041058806,0.0,0.0,1.0,1.0,0.0,24.19240133469078,60.0
point_gbdt_safety,FOODS_3_158_WI_3,1556.0697184164972,1556.0697184164972,0.0,0.0,1.0,1.0,0.0,19.949611774570478,29.0
point_gbdt_safety,FOODS_3_160_CA_1,1457.849170040022,1313.9704800457396,143.87868999428247,0.0,0.5559299691534492,0.9358974358974359,0.0641025641025641,16.84577538520179,36.0
point_gbdt_safety,FOODS_3_160_TX_1,1546.5965983326662,1546.5965983326662,0.0,0.0,1.0,1.0,0.0,19.828161517085466,0.0
point_gbdt_safety,FOODS_3_160_WI_2,1391.266300755011,1391.266300755011,0.0,0.0,1.0,1.0,0.0,17.836747445577064,13.0
point_gbdt_safety,FOODS_3_161_WI_1,1747.527687642967,1747.527687642967,0.0,0.0,1.0,1.0,0.0,22.404201123627782,19.0
point_gbdt_safety,FOODS_3_162_WI_2,1653.7856519084603,1653.7856519084603,0.0,0.0,1.0,1.0,0.0,21.202380152672568,61.0
point_gbdt_safety,FOODS_3_163_TX_2,1365.4106229667161,1339.140727259191,26.26989570752523,0.0,0.9664496861972859,0.9743589743589743,0.02564102564102564,17.16847086229732,87.0
point_gbdt_safety,FOODS_3_169_TX_3,1862.0971795718776,1862.0971795718776,0.0,0.0,1.0,1.0,0.0,23.873040763742022,154.0
point_gbdt_safety,FOODS_3_171_WI_2,1603.7674581743624,1603.7674581743624,0.0,0.0,1.0,1.0,0.0,20.561121258645674,15.0
point_gbdt_safety,FOODS_3_172_CA_3,2050.9306697974494,2050.9306697974494,0.0,0.0,1.0,1.0,0.0,26.293982946121144,166.0
point_gbdt_safety,FOODS_3_172_TX_3,2100.5684650752305,2067.9621234515794,32.60634162365108,0.0,0.9687678720079971,0.9871794871794872,0.01282051282051282,26.51233491604589,116.0
point_gbdt_safety,FOODS_3_176_WI_3,1577.229847108398,1577.229847108398,0.0,0.0,1.0,1.0,0.0,20.22089547574869,45.0
point_gbdt_safety,FOODS_3_178_WI_2,1593.8904905873333,1486.8181990529501,107.07229153438313,0.0,0.898316912123093,0.9230769230769231,0.07692307692307693,19.06177178273013,117.0
point_gbdt_safety,FOODS_3_180_WI_1,1590.7013158357038,1590.7013158357038,0.0,0.0,1.0,1.0,0.0,20.393606613278255,61.0
point_gbdt_safety,FOODS_3_184_WI_3,1838.7150793502403,1611.3972222741668,227.3178570760736,0.0,0.5926203278206567,0.8333333333333334,0.16666666666666666,20.658938747104703,62.0
point_gbdt_safety,FOODS_3_192_TX_2,1694.9212879131894,1694.9212879131894,0.0,0.0,1.0,1.0,0.0,21.729760101451145,128.0
point_gbdt_safety,FOODS_3_197_WI_1,1653.329411502436,1653.329411502436,0.0,0.0,1.0,1.0,0.0,21.196530916697895,32.0
point_gbdt_safety,FOODS_3_198_TX_2,1750.9485501872157,1750.9485501872157,0.0,0.0,1.0,1.0,0.0,22.448058335733535,2.0
point_gbdt_safety,FOODS_3_198_WI_3,1740.4847135175091,1740.4847135175091,0.0,0.0,1.0,1.0,0.0,22.31390658355781,4.0
point_gbdt_safety,FOODS_3_199_CA_2,1722.667398814168,1722.667398814168,0.0,0.0,1.0,1.0,0.0,22.085479471976516,45.0
point_gbdt_safety,FOODS_3_199_TX_1,1436.0720539378192,1436.0720539378192,0.0,0.0,1.0,1.0,0.0,18.41118017868999,27.0
point_gbdt_safety,FOODS_3_204_CA_2,1468.6590723920638,1468.6590723920638,0.0,0.0,1.0,1.0,0.0,18.82896246656492,64.0
point_gbdt_safety,FOODS_3_204_CA_4,1638.0189167489018,1638.0189167489018,0.0,0.0,1.0,1.0,0.0,21.000242522421818,47.0
point_gbdt_safety,FOODS_3_205_TX_1,2697.8259005146197,2697.8259005146197,0.0,0.0,1.0,1.0,0.0,34.58751154505923,10.0
point_gbdt_safety,FOODS_3_208_WI_3,1312.8995961702112,1274.6409914462956,38.25860472391554,0.0,0.9532861969182961,0.9615384615384616,0.038461538461538464,16.341551172388407,91.0
point_gbdt_safety,FOODS_3_209_TX_2,1702.0977219253364,1702.0977219253364,0.0,0.0,1.0,1.0,0.0,21.821765665709442,13.0
point_gbdt_safety,FOODS_3_210_TX_1,1714.4145537637767,1714.4145537637767,0.0,0.0,1.0,1.0,0.0,21.979673766202264,0.0
point_gbdt_safety,FOODS_3_211_CA_1,1737.4851403308512,1397.9766466694286,339.50849366142245,0.0,0.7380335697056926,0.8205128205128205,0.1794871794871795,17.92277752140293,144.0
point_gbdt_safety,FOODS_3_215_CA_3,1837.523987514002,1776.5133531577237,61.010634356278395,0.0,0.9627529704784625,0.9871794871794872,0.01282051282051282,22.775812219970817,182.0
point_gbdt_safety,FOODS_3_215_CA_4,1632.469103595058,1501.5362681898782,130.9328354051798,0.0,0.8614467350209738,0.8974358974358975,0.10256410256410256,19.25046497679331,105.0
point_gbdt_safety,FOODS_3_224_CA_1,1483.1443457677358,1302.816884539394,180.32746122834178,0.0,0.8723797160450518,0.8589743589743589,0.14102564102564102,16.702780571017872,157.0
point_gbdt_safety,FOODS_3_229_CA_1,1843.028073287216,1843.028073287216,0.0,0.0,1.0,1.0,0.0,23.628565042143798,51.0
point_gbdt_safety,FOODS_3_232_WI_3,1690.7114816136484,1690.7114816136484,0.0,0.0,1.0,1.0,0.0,21.675788225816007,55.0
point_gbdt_safety,FOODS_3_237_WI_3,1769.3885412519462,1769.3885412519462,0.0,0.0,1.0,1.0,0.0,22.684468477589053,58.0
point_gbdt_safety,FOODS_3_239_CA_4,1500.7844587407358,1500.7844587407358,0.0,0.0,1.0,1.0,0.0,19.240826394112,55.0
point_gbdt_safety,FOODS_3_240_TX_3,1492.5425803382302,1492.5425803382302,0.0,0.0,1.0,1.0,0.0,19.135161286387568,69.0
point_gbdt_safety,FOODS_3_243_WI_1,1761.6415332024033,1761.6415332024033,0.0,0.0,1.0,1.0,0.0,22.585147861569272,19.0
point_gbdt_safety,FOODS_3_246_CA_2,1640.0719583281555,1574.5635788749441,65.50837945321138,0.0,0.9472557331294594,0.9615384615384616,0.038461538461538464,20.18671254967877,138.0
point_gbdt_safety,FOODS_3_246_TX_2,1590.4963941658334,1590.4963941658334,0.0,0.0,1.0,1.0,0.0,20.390979412382478,59.0
point_gbdt_safety,FOODS_3_247_CA_3,1729.4641844547696,1625.2123873145472,104.25179714022245,0.0,0.8637231409931733,0.9358974358974359,0.0641025641025641,20.8360562476224,85.0
point_gbdt_safety,FOODS_3_255_WI_2,1676.6338211497518,1676.6338211497518,0.0,0.0,1.0,1.0,0.0,21.495305399355793,25.0
point_gbdt_safety,FOODS_3_256_WI_1,1668.0924707273925,1668.0924707273925,0.0,0.0,1.0,1.0,0.0,21.385800906761443,9.0
point_gbdt_safety,FOODS_3_257_TX_2,1552.1415841061844,1552.1415841061844,0.0,0.0,1.0,1.0,0.0,19.899251078284415,151.0
point_gbdt_safety,FOODS_3_258_CA_3,3002.7150640273385,2399.3318090485204,603.3832549788183,0.0,0.788509199096103,0.8333333333333334,0.16666666666666666,30.760664218570774,317.0
point_gbdt_safety,FOODS_3_258_TX_1,1963.7541701999496,1909.769641368508,53.98452883144164,0.0,0.9710227971919261,0.9487179487179487,0.05128205128205128,24.48422617139113,207.0
point_gbdt_safety,FOODS_3_258_TX_2,2033.8184311473867,2000.1695790431013,33.6488521042855,0.0,0.9822807519198075,0.9871794871794872,0.01282051282051282,25.64319973132181,211.0
point_gbdt_safety,FOODS_3_258_WI_2,2501.7669481430066,1871.5216251394195,630.2453230035871,0.0,0.8032942187878941,0.8333333333333334,0.16666666666666666,23.993866988966918,356.0
point_gbdt_safety,FOODS_3_265_TX_3,1699.4054147185902,1699.4054147185902,0.0,0.0,1.0,1.0,0.0,21.787248906648593,80.0
point_gbdt_safety,FOODS_3_265_WI_2,1655.4410750141406,1655.4410750141406,0.0,0.0,1.0,1.0,0.0,21.223603525822316,68.0
point_gbdt_safety,FOODS_3_270_WI_3,1530.9285937347586,1530.9285937347586,0.0,0.0,1.0,1.0,0.0,19.627289663266136,31.0
point_gbdt_safety,FOODS_3_271_WI_2,1960.5198396558071,1960.5198396558071,0.0,0.0,1.0,1.0,0.0,25.134869739177013,49.0
point_gbdt_safety,FOODS_3_277_CA_4,1551.1554093098546,1485.2146764423667,65.94073286748792,0.0,0.9095463197976846,0.9358974358974359,0.0641025641025641,19.04121380054316,81.0
point_gbdt_safety,FOODS_3_278_WI_2,2547.8489282166047,1900.435812538202,647.4131156784027,0.0,0.8368825609275881,0.8333333333333334,0.16666666666666666,24.36456169920772,441.0
point_gbdt_safety,FOODS_3_279_TX_3,1593.6604402935131,1593.6604402935131,0.0,0.0,1.0,1.0,0.0,20.43154410632709,14.0
point_gbdt_safety,FOODS_3_280_WI_3,1397.5354809152227,1392.710111633035,4.825369282187616,0.0,0.9912106206153231,0.9871794871794872,0.01282051282051282,17.855257841449166,61.0
point_gbdt_safety,FOODS_3_282_WI_3,17041.563954722315,12052.033103940319,4989.530850781995,0.0,0.7571649948517061,0.7564102564102564,0.24358974358974358,154.51324492231177,2283.0
point_gbdt_safety,FOODS_3_286_TX_3,1652.6245166104559,1652.6245166104559,0.0,0.0,1.0,1.0,0.0,21.187493802698153,34.0
point_gbdt_safety,FOODS_3_286_WI_3,1586.2410831915245,1586.2410831915245,0.0,0.0,1.0,1.0,0.0,20.336424143481082,69.0
point_gbdt_safety,FOODS_3_289_TX_3,1613.5837842145652,1613.5837842145652,0.0,0.0,1.0,1.0,0.0,20.686971592494427,19.0
point_gbdt_safety,FOODS_3_295_TX_1,4703.252648315096,2700.608624293789,2002.6440240213067,0.0,0.6737302013650526,0.7564102564102564,0.24358974358974358,34.623187490946016,682.0
point_gbdt_safety,FOODS_3_296_CA_4,1627.878758963867,1627.878758963867,0.0,0.0,1.0,1.0,0.0,20.870240499536756,62.0
point_gbdt_safety,FOODS_3_300_WI_2,2818.9199749804343,1622.5002648741226,1196.4197101063116,0.0,0.5819637630655795,0.7564102564102564,0.24358974358974358,20.801285447104135,318.0
point_gbdt_safety,FOODS_3_302_CA_4,2480.7674605787315,2202.3895900715784,278.3778705071531,0.0,0.8498501237825495,0.8589743589743589,0.14102564102564102,28.235763975276647,206.0
point_gbdt_safety,FOODS_3_309_CA_2,1556.0987381282807,1556.0987381282807,0.0,0.0,1.0,1.0,0.0,19.949983822157446,24.0
point_gbdt_safety,FOODS_3_309_WI_1,1663.4891484339128,1663.4891484339128,0.0,0.0,1.0,1.0,0.0,21.326783954280934,27.0
point_gbdt_safety,FOODS_3_316_TX_3,1490.2902649952157,1490.2902649952157,0.0,0.0,1.0,1.0,0.0,19.10628544865661,23.0
point_gbdt_safety,FOODS_3_318_TX_2,4842.413634146307,3437.629216899014,1404.7844172472933,0.0,0.7114839972792578,0.7564102564102564,0.24358974358974358,44.072169447423256,541.0
point_gbdt_safety,FOODS_3_331_TX_1,1638.7214966535814,1520.0369952926221,118.68450136095925,0.0,0.917061843912677,0.9358974358974359,0.0641025641025641,19.48765378580285,159.0
point_gbdt_safety,FOODS_3_335_TX_1,2275.2998716116676,2275.2998716116676,0.0,0.0,1.0,1.0,0.0,29.170511174508558,5.0
point_gbdt_safety,FOODS_3_337_CA_1,1652.3454650143178,1652.3454650143178,0.0,0.0,1.0,1.0,0.0,21.18391621813228,41.0
point_gbdt_safety,FOODS_3_346_WI_3,2012.7114032955403,1753.5348203697056,259.1765829258348,0.0,0.8635194402707557,0.8717948717948718,0.1282051282051282,22.481215645765456,211.0
point_gbdt_safety,FOODS_3_352_CA_1,1295.9376592598078,1295.9376592598078,0.0,0.0,1.0,1.0,0.0,16.614585375125742,44.0
point_gbdt_safety,FOODS_3_354_WI_2,1565.215352845913,1565.215352845913,0.0,0.0,1.0,1.0,0.0,20.066863498024524,61.0
point_gbdt_safety,FOODS_3_356_CA_1,1632.9932403389557,1580.981857617389,52.01138272156666,0.0,0.9638809842211342,0.9615384615384616,0.038461538461538464,20.268998174581913,160.0
point_gbdt_safety,FOODS_3_356_TX_2,1532.0457400287241,1532.0457400287241,0.0,0.0,1.0,1.0,0.0,19.64161205165031,96.0
point_gbdt_safety,FOODS_3_363_WI_3,2220.4472173231666,1575.122010277625,645.3252070455418,0.0,0.7061360623654181,0.8076923076923077,0.19230769230769232,20.193871926636216,244.0
point_gbdt_safety,FOODS_3_365_TX_1,1613.3335223541553,1613.3335223541553,0.0,0.0,1.0,1.0,0.0,20.683763107104557,19.0
point_gbdt_safety,FOODS_3_367_TX_1,1714.9843472575012,1635.780647375584,79.20369988191703,0.0,0.9137214598236199,0.9871794871794872,0.01282051282051282,20.971546761225436,102.0
point_gbdt_safety,FOODS_3_370_CA_1,2845.032971009959,2845.032971009959,0.0,0.0,1.0,1.0,0.0,36.47478167961486,41.0
point_gbdt_safety,FOODS_3_372_TX_3,2043.326266761856,1678.2964272401382,365.0298395217178,0.0,0.8915538207006186,0.8846153846153846,0.11538461538461539,21.516620862053053,374.0
point_gbdt_safety,FOODS_3_380_TX_3,1629.069277168571,1629.069277168571,0.0,0.0,1.0,1.0,0.0,20.88550355344322,22.0
point_gbdt_safety,FOODS_3_384_TX_1,1572.280670858782,1572.280670858782,0.0,0.0,1.0,1.0,0.0,20.157444498189513,22.0
point_gbdt_safety,FOODS_3_385_CA_4,1430.864279275867,1430.864279275867,0.0,0.0,1.0,1.0,0.0,18.34441383687009,47.0
point_gbdt_safety,FOODS_3_385_TX_3,1634.783317824966,1634.783317824966,0.0,0.0,1.0,1.0,0.0,20.95876048493546,47.0
point_gbdt_safety,FOODS_3_387_CA_2,1349.1466960955108,1329.7294484250478,19.417247670462885,0.0,0.9568505607323047,0.9743589743589743,0.02564102564102564,17.04781344134677,50.0
point_gbdt_safety,FOODS_3_390_TX_2,1529.91969128206,1468.0168743788302,61.90281690322986,0.0,0.9532102668909829,0.9358974358974359,0.0641025641025641,18.82072915870295,147.0
point_gbdt_safety,FOODS_3_392_WI_2,1414.031455942929,1414.031455942929,0.0,0.0,1.0,1.0,0.0,18.12860840952473,87.0
point_gbdt_safety,FOODS_3_392_WI_3,1523.770883799283,1448.8868075667126,74.8840762325703,0.0,0.8905203563851313,0.9615384615384616,0.038461538461538464,18.57547189188093,76.0
point_gbdt_safety,FOODS_3_393_CA_3,4104.138314580579,3075.504258489616,1028.634056090963,0.0,0.8168386652259682,0.8076923076923077,0.19230769230769232,39.4295417755079,624.0
point_gbdt_safety,FOODS_3_398_WI_3,1573.8701625022372,1573.8701625022372,0.0,0.0,1.0,1.0,0.0,20.17782259618253,28.0
point_gbdt_safety,FOODS_3_403_TX_1,2521.9298019703315,2100.3093029897736,421.62049898055795,0.0,0.8834658654006198,0.8717948717948718,0.1282051282051282,26.927042346022738,402.0
point_gbdt_safety,FOODS_3_405_TX_3,1702.522635471115,1702.522635471115,0.0,0.0,1.0,1.0,0.0,21.827213275270708,59.0
point_gbdt_safety,FOODS_3_408_TX_2,1801.773432398198,1801.773432398198,0.0,0.0,1.0,1.0,0.0,23.09965938972049,8.0
point_gbdt_safety,FOODS_3_416_CA_4,1512.4020049956496,1512.4020049956496,0.0,0.0,1.0,1.0,0.0,19.38976929481602,98.0
point_gbdt_safety,FOODS_3_416_WI_3,1492.4269210163877,1492.4269210163877,0.0,0.0,1.0,1.0,0.0,19.133678474569074,81.0
point_gbdt_safety,FOODS_3_417_CA_3,1676.156646410054,1676.156646410054,0.0,0.0,1.0,1.0,0.0,21.48918777448787,72.0
point_gbdt_safety,FOODS_3_422_CA_1,1755.5087743015054,1755.5087743015054,0.0,0.0,1.0,1.0,0.0,22.506522747455197,116.0
point_gbdt_safety,FOODS_3_423_WI_2,1570.7596679945927,1570.7596679945927,0.0,0.0,1.0,1.0,0.0,20.13794446146914,83.0
point_gbdt_safety,FOODS_3_425_CA_1,1604.3604910836834,1604.3604910836834,0.0,0.0,1.0,1.0,0.0,20.568724244662608,66.0
point_gbdt_safety,FOODS_3_427_WI_3,1788.8053182359754,1788.8053182359754,0.0,0.0,1.0,1.0,0.0,22.933401515845837,17.0
point_gbdt_safety,FOODS_3_428_TX_3,1597.2093509510694,1597.2093509510694,0.0,0.0,1.0,1.0,0.0,20.477042960911145,24.0
point_gbdt_safety,FOODS_3_434_CA_1,1851.461490769036,1630.4301570054251,221.03133376361083,0.0,0.8746987903834406,0.8974358974358975,0.10256410256410256,20.902950730838786,196.0
point_gbdt_safety,FOODS_3_434_WI_1,1880.2753714720386,1880.2753714720386,0.0,0.0,1.0,1.0,0.0,24.10609450605178,71.0
point_gbdt_safety,FOODS_3_441_TX_2,15631.19999999998,15631.19999999998,0.0,0.0,1.0,1.0,0.0,200.39999999999975,0.0
point_gbdt_safety,FOODS_3_444_CA_4,7410.0,7410.0,0.0,0.0,1.0,1.0,0.0,95.0,0.0
point_gbdt_safety,FOODS_3_444_TX_2,29484.0,29484.0,0.0,0.0,1.0,1.0,0.0,378.0,0.0
point_gbdt_safety,FOODS_3_445_CA_3,2163.343367676186,2023.1910691389037,140.15229853728218,0.0,0.8754201790779714,0.9487179487179487,0.05128205128205128,25.938347040242355,125.0
point_gbdt_safety,FOODS_3_449_WI_1,1608.47550698558,1432.8116457805595,175.66386120502062,0.0,0.8756802114614151,0.8974358974358975,0.10256410256410256,18.36938007410974,157.0
point_gbdt_safety,FOODS_3_451_CA_4,1516.3950968026516,1431.4544131276466,84.94068367500498,0.0,0.8951349584259197,0.9743589743589743,0.02564102564102564,18.351979655482648,90.0
point_gbdt_safety,FOODS_3_453_TX_2,1623.113818669976,1623.113818669976,0.0,0.0,1.0,1.0,0.0,20.809151521409948,12.0
point_gbdt_safety,FOODS_3_453_WI_2,1492.0172637060064,1492.0172637060064,0.0,0.0,1.0,1.0,0.0,19.12842645776931,32.0
point_gbdt_safety,FOODS_3_454_CA_1,5040.783646105246,5040.783646105246,0.0,0.0,1.0,1.0,0.0,64.62543136032366,1.0
point_gbdt_safety,FOODS_3_455_TX_1,5991.890736831162,2850.6266219945555,3141.2641148366065,0.0,0.6561287230611269,0.6538461538461539,0.34615384615384615,36.546495153776355,1015.0
point_gbdt_safety,FOODS_3_456_CA_4,1527.5915058091452,1527.5915058091452,0.0,0.0,1.0,1.0,0.0,19.584506484732632,30.0
point_gbdt_safety,FOODS_3_457_TX_3,1550.2681378797502,1550.2681378797502,0.0,0.0,1.0,1.0,0.0,19.875232536919874,15.0
point_gbdt_safety,FOODS_3_458_TX_1,3013.8001240609133,2283.815938748912,729.9841853120015,0.0,0.8296021976395889,0.8333333333333334,0.16666666666666666,29.279691522421945,476.0
point_gbdt_safety,FOODS_3_458_WI_1,2289.3074602888996,1857.1440200388329,432.1634402500669,0.0,0.8595960233105696,0.8076923076923077,0.19230769230769232,23.809538718446575,342.0
point_gbdt_safety,FOODS_3_464_TX_2,1665.1678700813586,1665.1678700813586,0.0,0.0,1.0,1.0,0.0,21.348306026684085,31.0
point_gbdt_safety,FOODS_3_465_CA_3,1479.1401854536641,1479.1401854536641,0.0,0.0,1.0,1.0,0.0,18.963335710944413,49.0
point_gbdt_safety,FOODS_3_465_TX_2,1646.1252392170268,1646.1252392170268,0.0,0.0,1.0,1.0,0.0,21.104169733551625,27.0
point_gbdt_safety,FOODS_3_465_WI_3,1508.5182343974964,1481.8576635522948,26.66057084520152,0.0,0.9522211992021478,0.9871794871794872,0.01282051282051282,18.99817517374737,62.0
point_gbdt_safety,FOODS_3_468_TX_2,1770.5790131511064,1770.5790131511064,0.0,0.0,1.0,1.0,0.0,22.699730937834698,166.0
point_gbdt_safety,FOODS_3_471_WI_3,1617.9369665215797,1617.9369665215797,0.0,0.0,1.0,1.0,0.0,20.742781622071536,45.0
point_gbdt_safety,FOODS_3_472_CA_1,1449.2705329758064,1449.2705329758064,0.0,0.0,1.0,1.0,0.0,18.580391448407774,39.0
point_gbdt_safety,FOODS_3_474_CA_1,2104.347253329902,1364.6120291703598,739.7352241595421,0.0,0.7390704676685919,0.8461538461538461,0.15384615384615385,17.495026015004612,315.0
point_gbdt_safety,FOODS_3_476_TX_3,1937.1181449973865,1602.6714001250664,334.4467448723201,0.0,0.8565222029719777,0.8589743589743589,0.14102564102564102,20.547069232372646,259.0
point_gbdt_safety,FOODS_3_479_CA_3,2268.5745305578844,2163.850341677949,104.72418887993553,0.0,0.9272748688333781,0.9230769230769231,0.07692307692307693,27.741671047153194,160.0
point_gbdt_safety,FOODS_3_479_TX_2,1879.542373728034,1879.542373728034,0.0,0.0,1.0,1.0,0.0,24.096697099077357,114.0
point_gbdt_safety,FOODS_3_479_TX_3,1655.0675262644743,1622.791555611194,32.27597065328016,0.0,0.9637755660457014,0.9743589743589743,0.02564102564102564,20.805019943733257,99.0
point_gbdt_safety,FOODS_3_481_TX_2,1550.0314474452862,1550.0314474452862,0.0,0.0,1.0,1.0,0.0,19.872198044170336,32.0
point_gbdt_safety,FOODS_3_498_TX_1,3508.6933762781455,2704.2191004573115,804.474275820834,0.0,0.7224036315318033,0.9743589743589743,0.02564102564102564,34.66947564688861,322.0
point_gbdt_safety,FOODS_3_499_TX_1,4494.767882647592,2704.806514149119,1789.9613684984733,0.0,0.7600909571775266,0.7692307692307693,0.23076923076923078,34.67700659165537,829.0
point_gbdt_safety,FOODS_3_502_TX_2,1924.3871745460042,1481.842433143985,442.5447414020192,0.0,0.7647290051025948,0.8333333333333334,0.16666666666666666,18.997979912102373,209.0
point_gbdt_safety,FOODS_3_511_CA_1,9742.605508269498,5016.679352537983,4725.926155731516,0.0,0.7133717760958566,0.717948717948718,0.28205128205128205,64.31640195561516,1832.0
point_gbdt_safety,FOODS_3_511_WI_2,5166.488217515629,2551.0636653409356,2615.4245521746934,0.0,0.6040834768127924,0.6794871794871795,0.32051282051282054,32.70594442744789,734.0
point_gbdt_safety,FOODS_3_512_CA_1,1671.8061410604262,1671.8061410604262,0.0,0.0,1.0,1.0,0.0,21.43341206487726,12.0
point_gbdt_safety,FOODS_3_513_CA_1,1428.5394445513316,1390.4614149290642,38.07802962226735,0.0,0.9691175753266281,0.9743589743589743,0.02564102564102564,17.826428396526463,137.0
point_gbdt_safety,FOODS_3_514_CA_2,2081.0145237899033,1670.6585573882658,410.3559664016377,0.0,0.7936872969323088,0.8205128205128205,0.1794871794871795,21.418699453695716,221.0
point_gbdt_safety,FOODS_3_515_CA_1,1955.3046639221893,1672.286674904693,283.01798901749623,0.0,0.8344924040833356,0.8717948717948718,0.1282051282051282,21.439572755188372,190.0
point_gbdt_safety,FOODS_3_517_TX_1,1609.0918796138665,1609.0918796138665,0.0,0.0,1.0,1.0,0.0,20.629383071972647,17.0
point_gbdt_safety,FOODS_3_517_TX_3,1584.0586765400726,1584.0586765400726,0.0,0.0,1.0,1.0,0.0,20.308444571026573,17.0
point_gbdt_safety,FOODS_3_525_CA_4,1584.8281342492824,1584.8281342492824,0.0,0.0,1.0,1.0,0.0,20.318309413452337,39.0
point_gbdt_safety,FOODS_3_531_CA_3,1649.1122453010655,1649.1122453010655,0.0,0.0,1.0,1.0,0.0,21.142464683346994,57.0
point_gbdt_safety,FOODS_3_532_TX_3,1827.0028372703819,1810.4154387373171,16.587398533064757,0.0,0.9873764090311532,0.9871794871794872,0.01282051282051282,23.210454342786118,146.0
point_gbdt_safety,FOODS_3_532_WI_1,2420.499215970357,1962.987000508943,457.5122154614137,0.0,0.892753817285182,0.8717948717948718,0.1282051282051282,25.16650000652491,474.0
point_gbdt_safety,FOODS_3_533_TX_3,1627.2666442135792,1627.2666442135792,0.0,0.0,1.0,1.0,0.0,20.862392874533068,110.0
point_gbdt_safety,FOODS_3_533_WI_3,1700.1729901449535,1700.1729901449535,0.0,0.0,1.0,1.0,0.0,21.797089617242992,182.0
point_gbdt_safety,FOODS_3_538_WI_1,1888.035017126405,1888.035017126405,0.0,0.0,1.0,1.0,0.0,24.205577142646217,152.0
point_gbdt_safety,FOODS_3_544_TX_2,1562.9578133418108,1562.9578133418108,0.0,0.0,1.0,1.0,0.0,20.03792068386937,59.0
point_gbdt_safety,FOODS_3_545_CA_2,1694.5651563889671,1694.5651563889671,0.0,0.0,1.0,1.0,0.0,21.725194312679065,41.0
point_gbdt_safety,FOODS_3_546_CA_1,3453.259835192128,2588.0532874580717,865.2065477340561,0.0,0.6976916325178001,0.782051282051282,0.21794871794871795,33.18017035202656,318.0
point_gbdt_safety,FOODS_3_546_CA_3,2681.980836859731,2210.4408525240306,471.5399843357003,0.0,0.8320726551511038,0.8846153846153846,0.11538461538461539,28.338985288769624,312.0
point_gbdt_safety,FOODS_3_550_TX_1,1644.3511784124596,1644.3511784124596,0.0,0.0,1.0,1.0,0.0,21.0814253642623,14.0
point_gbdt_safety,FOODS_3_555_CA_3,11486.920082061875,6683.987246764481,4802.9328352973935,0.0,0.7644928491077084,0.7692307692307693,0.23076923076923078,85.69214418928821,2266.0
point_gbdt_safety,FOODS_3_558_CA_4,1606.993614664102,1606.993614664102,0.0,0.0,1.0,1.0,0.0,20.60248223928336,0.0
point_gbdt_safety,FOODS_3_563_WI_1,2176.1441467621044,2176.1441467621044,0.0,0.0,1.0,1.0,0.0,27.899283932847492,11.0
point_gbdt_safety,FOODS_3_573_WI_2,2127.4800209748387,2052.6034014548122,74.87661952002648,0.0,0.9459764649927659,0.9743589743589743,0.02564102564102564,26.315428223779644,154.0
point_gbdt_safety,FOODS_3_575_CA_1,1555.8260871841514,1555.8260871841514,0.0,0.0,1.0,1.0,0.0,19.94648829723271,52.0
point_gbdt_safety,FOODS_3_575_WI_1,1483.893239416831,1483.893239416831,0.0,0.0,1.0,1.0,0.0,19.02427230021578,42.0
point_gbdt_safety,FOODS_3_575_WI_2,1500.919996720101,1500.919996720101,0.0,0.0,1.0,1.0,0.0,19.242564060514116,40.0
point_gbdt_safety,FOODS_3_578_WI_1,6341.377669198166,6341.377669198166,0.0,0.0,1.0,1.0,0.0,81.29971370766879,0.0
point_gbdt_safety,FOODS_3_580_CA_1,3307.63297639383,2917.210374342846,390.422602050984,0.0,0.8472525031099437,0.8974358974358975,0.10256410256410256,37.400133004395464,284.0
point_gbdt_safety,FOODS_3_580_CA_3,5542.550310042886,4488.021665192192,1054.528644850694,0.0,0.7951576058953586,0.8076923076923077,0.19230769230769232,57.538739297335795,572.0
point_gbdt_safety,FOODS_3_582_CA_1,1458.9535813914515,1342.6421791636274,116.31140222782409,0.0,0.8041895585390167,0.9358974358974359,0.0641025641025641,17.213361271328555,66.0
point_gbdt_safety,FOODS_3_585_WI_1,1413.43941558271,1413.43941558271,0.0,0.0,1.0,1.0,0.0,18.12101814849628,50.0
point_gbdt_safety,FOODS_3_588_WI_3,1706.3792037647129,1706.3792037647129,0.0,0.0,1.0,1.0,0.0,21.87665645852196,91.0
point_gbdt_safety,FOODS_3_596_WI_1,1617.8253759114853,1475.6596754967818,142.1657004147035,0.0,0.9006528997800813,0.9230769230769231,0.07692307692307693,18.91871378842028,159.0
point_gbdt_safety,FOODS_3_599_TX_3,2475.3768404795983,2475.3768404795983,0.0,0.0,1.0,1.0,0.0,31.73560051896921,2.0
point_gbdt_safety,FOODS_3_605_WI_3,1508.634062962504,1508.634062962504,0.0,0.0,1.0,1.0,0.0,19.34146234567313,38.0
point_gbdt_safety,FOODS_3_606_TX_3,1583.9949611047691,1569.768231849145,14.226729255624072,0.0,0.9756808046912409,0.9743589743589743,0.02564102564102564,20.125233741655705,65.0
point_gbdt_safety,FOODS_3_608_CA_3,1793.2493843659006,1793.2493843659006,0.0,0.0,1.0,1.0,0.0,22.990376722639752,51.0
point_gbdt_safety,FOODS_3_610_TX_1,1935.5207872716842,1935.5207872716842,0.0,0.0,1.0,1.0,0.0,24.814369067585694,16.0
point_gbdt_safety,FOODS_3_615_CA_4,1585.8513226116486,1585.8513226116486,0.0,0.0,1.0,1.0,0.0,20.331427212969853,94.0
point_gbdt_safety,FOODS_3_618_WI_3,2630.723508992731,2094.147046316916,536.5764626758146,0.0,0.6593165316344035,0.9230769230769231,0.07692307692307693,26.84803905534508,175.0
point_gbdt_safety,FOODS_3_625_TX_1,1678.1710600255433,1678.1710600255433,0.0,0.0,1.0,1.0,0.0,21.515013590071067,4.0
point_gbdt_safety,FOODS_3_626_WI_1,1641.1078875438966,1641.1078875438966,0.0,0.0,1.0,1.0,0.0,21.03984471210124,19.0
point_gbdt_safety,FOODS_3_626_WI_2,1652.0820511224392,1652.0820511224392,0.0,0.0,1.0,1.0,0.0,21.18053911695435,20.0
point_gbdt_safety,FOODS_3_628_WI_1,2740.199331659901,1949.2373040823675,790.9620275775333,0.0,0.73448740262587,0.8076923076923077,0.19230769230769232,24.99022184720984,331.0
point_gbdt_safety,FOODS_3_633_WI_1,1893.0978763809967,1893.0978763809967,0.0,0.0,1.0,1.0,0.0,24.270485594628163,64.0
point_gbdt_safety,FOODS_3_634_CA_4,2561.114574305598,2258.4356481066134,302.6789261989849,0.0,0.8518458511018184,0.8846153846153846,0.11538461538461539,28.95430318085402,227.0
point_gbdt_safety,FOODS_3_638_TX_3,1568.158164642609,1568.158164642609,0.0,0.0,1.0,1.0,0.0,20.104591854392424,52.0
point_gbdt_safety,FOODS_3_640_WI_2,1902.4065540902266,1902.4065540902266,0.0,0.0,1.0,1.0,0.0,24.389827616541368,82.0
point_gbdt_safety,FOODS_3_642_TX_3,1764.1140919946874,1764.1140919946874,0.0,0.0,1.0,1.0,0.0,22.616847333265223,57.0
point_gbdt_safety,FOODS_3_644_WI_2,1877.1345458317778,1877.1345458317778,0.0,0.0,1.0,1.0,0.0,24.06582751066382,10.0
point_gbdt_safety,FOODS_3_646_CA_2,1450.7885513328197,1320.5146233086366,130.27392802418296,0.0,0.7587519851404019,0.8974358974358975,0.10256410256410256,16.929674657803034,60.0
point_gbdt_safety,FOODS_3_646_WI_3,1519.1035056238202,1356.1092140687458,162.9942915550743,0.0,0.7918335995465207,0.8717948717948718,0.1282051282051282,17.38601556498392,87.0
point_gbdt_safety,FOODS_3_651_CA_2,1803.8355030685775,1486.8667903606515,316.9687127079261,0.0,0.8785560487709095,0.8589743589743589,0.14102564102564102,19.06239474821348,290.0
point_gbdt_safety,FOODS_3_657_CA_4,1763.488529793615,1763.488529793615,0.0,0.0,1.0,1.0,0.0,22.608827305046347,48.0
point_gbdt_safety,FOODS_3_658_WI_1,1700.2619106712189,1643.199061629813,57.06284904140577,0.0,0.915462445864584,0.9615384615384616,0.038461538461538464,21.066654636279655,75.0
point_gbdt_safety,FOODS_3_658_WI_3,1571.8268038932652,1571.8268038932652,0.0,0.0,1.0,1.0,0.0,20.151625690939298,38.0
point_gbdt_safety,FOODS_3_662_WI_2,1655.6029866364456,1655.6029866364456,0.0,0.0,1.0,1.0,0.0,21.225679315851867,11.0
point_gbdt_safety,FOODS_3_663_CA_1,3462.117715756845,3462.117715756845,0.0,0.0,1.0,1.0,0.0,44.386124560985195,0.0
point_gbdt_safety,FOODS_3_663_TX_2,1514.7214176607583,1501.4166430763644,13.304774584393996,0.0,0.9824010918195847,0.9743589743589743,0.02564102564102564,19.248931321491852,84.0
point_gbdt_safety,FOODS_3_667_TX_3,1624.131004106276,1624.131004106276,0.0,0.0,1.0,1.0,0.0,20.82219236033687,13.0
point_gbdt_safety,FOODS_3_668_WI_3,4086.8601451361537,2929.990528642244,1156.86961649391,0.0,0.8229461866400505,0.8205128205128205,0.1794871794871795,37.563981136439025,726.0
point_gbdt_safety,FOODS_3_669_TX_1,2090.533785015372,1818.632896817914,271.9008881974581,0.0,0.8273645154301854,0.8846153846153846,0.11538461538461539,23.315806369460436,175.0
point_gbdt_safety,FOODS_3_670_CA_4,1766.6128683517534,1766.6128683517534,0.0,0.0,1.0,1.0,0.0,22.64888292758658,21.0
point_gbdt_safety,FOODS_3_672_TX_2,5249.532230961213,2772.443982232083,2477.08824872913,0.0,0.6533601667045718,0.6410256410256411,0.358974358974359,35.544153618360035,794.0
point_gbdt_safety,FOODS_3_677_WI_2,1617.5738093011369,1617.5738093011369,0.0,0.0,1.0,1.0,0.0,20.738125760270986,76.0
point_gbdt_safety,FOODS_3_691_WI_1,1777.0626105025801,1777.0626105025801,0.0,0.0,1.0,1.0,0.0,22.782853980802308,31.0
point_gbdt_safety,FOODS_3_693_WI_2,1708.8608690471515,1708.8608690471515,0.0,0.0,1.0,1.0,0.0,21.908472680091684,7.0
point_gbdt_safety,FOODS_3_694_WI_3,16990.649899957047,9529.54606847214,7461.1038314849075,0.0,0.7681086610261101,0.7564102564102564,0.24358974358974358,122.17366754451461,3575.0
point_gbdt_safety,FOODS_3_705_TX_2,1636.3532995809815,1636.3532995809815,0.0,0.0,1.0,1.0,0.0,20.97888845616643,47.0
point_gbdt_safety,FOODS_3_711_CA_3,9026.49821655016,5841.550314505492,3184.9479020446697,0.0,0.6667767417823112,0.782051282051282,0.21794871794871795,74.89167069878836,1062.0
point_gbdt_safety,FOODS_3_712_CA_3,1975.8059940665385,1679.9068377880465,295.8991562784919,0.0,0.8019416624641954,0.8974358974358975,0.10256410256410256,21.537267151128802,166.0
point_gbdt_safety,FOODS_3_718_TX_1,1613.8924117703127,1613.8924117703127,0.0,0.0,1.0,1.0,0.0,20.69092835602965,6.0
point_gbdt_safety,FOODS_3_723_WI_3,12916.270415144463,7395.374247720165,5520.896167424299,0.0,0.7414947713899752,0.717948717948718,0.28205128205128205,94.81249035538673,2373.0
point_gbdt_safety,FOODS_3_727_WI_3,2150.341326457181,1637.164833661796,513.1764927953852,0.0,0.8027003103439503,0.7948717948717948,0.20512820512820512,20.989292739253795,289.0
point_gbdt_safety,FOODS_3_730_CA_3,1657.6999122900947,1657.6999122900947,0.0,0.0,1.0,1.0,0.0,21.25256297807814,99.0
point_gbdt_safety,FOODS_3_734_TX_1,3532.0930768822222,3182.2726861893298,349.8203906928923,0.0,0.9245263450500771,0.8717948717948718,0.1282051282051282,40.79836777165807,515.0
point_gbdt_safety,FOODS_3_735_CA_4,1565.045177791248,1565.045177791248,0.0,0.0,1.0,1.0,0.0,20.06468176655446,28.0
point_gbdt_safety,FOODS_3_745_TX_3,1877.3913728708123,1877.3913728708123,0.0,0.0,1.0,1.0,0.0,24.069120165010414,0.0
point_gbdt_safety,FOODS_3_746_CA_4,1824.6660414504875,1684.318333866721,140.34770758376635,0.0,0.9066216183740744,0.9102564102564102,0.08974358974358974,21.59382479316309,167.0
point_gbdt_safety,FOODS_3_749_CA_1,2280.6648348806043,2262.204739430812,18.460095449792462,0.0,0.971110961737414,0.9871794871794872,0.01282051282051282,29.00262486449759,71.0
point_gbdt_safety,FOODS_3_750_CA_2,1853.4246216179781,1487.0138243370782,366.4107972808998,0.0,0.4012895469266343,0.8205128205128205,0.1794871794871795,19.06427979919331,68.0
point_gbdt_safety,FOODS_3_753_TX_2,1755.3298333671646,1632.6832321929987,122.646601174166,0.0,0.9341671491281986,0.9487179487179487,0.05128205128205128,20.931836310166652,207.0
point_gbdt_safety,FOODS_3_755_TX_3,1768.7199052321023,1707.6408817732633,61.07902345883887,0.0,0.9347446330567961,0.9743589743589743,0.02564102564102564,21.89283181760594,104.0
point_gbdt_safety,FOODS_3_756_WI_3,3134.6604155479627,1918.8973160367423,1215.7630995112204,0.0,0.7382077735763952,0.7435897435897436,0.2564102564102564,24.601247641496695,516.0
point_gbdt_safety,FOODS_3_757_CA_3,10057.0,9076.0,981.0,0.0,0.6279863481228669,0.8846153846153846,0.11538461538461539,116.35897435897436,293.0
point_gbdt_safety,FOODS_3_763_TX_2,1531.303311355157,1531.303311355157,0.0,0.0,1.0,1.0,0.0,19.632093735322524,10.0
point_gbdt_safety,FOODS_3_766_TX_3,1576.9204366103017,1576.9204366103017,0.0,0.0,1.0,1.0,0.0,20.216928674491047,17.0
point_gbdt_safety,FOODS_3_768_CA_2,1522.702568429379,1312.8055064052087,209.8970620241704,0.0,0.8577933184118086,0.8461538461538461,0.15384615384615385,16.830839825707805,164.0
point_gbdt_safety,FOODS_3_770_WI_3,1694.7238290779617,1694.7238290779617,0.0,0.0,1.0,1.0,0.0,21.727228577922585,47.0
point_gbdt_safety,FOODS_3_774_WI_2,1624.1575154827556,1624.1575154827556,0.0,0.0,1.0,1.0,0.0,20.822532249778916,49.0
point_gbdt_safety,FOODS_3_779_CA_1,1748.0976562901083,1748.0976562901083,0.0,0.0,1.0,1.0,0.0,22.411508413975746,27.0
point_gbdt_safety,FOODS_3_783_CA_1,2492.885137934063,2072.2074887498343,420.67764918422887,0.0,0.8566197514709513,0.8717948717948718,0.1282051282051282,26.566762676279925,326.0
point_gbdt_safety,FOODS_3_783_TX_3,6171.59999999999,6171.59999999999,0.0,0.0,1.0,1.0,0.0,79.1230769230768,96.0
point_gbdt_safety,FOODS_3_786_CA_2,1526.0839050589036,1472.7169841289526,53.36692092995102,0.0,0.9164836918154131,0.9615384615384616,0.038461538461538464,18.880986976012213,71.0
point_gbdt_safety,FOODS_3_788_WI_2,1682.4616388609982,1606.530518902577,75.93111995842118,0.0,0.9429946546858701,0.9487179487179487,0.05128205128205128,20.5965451141356,148.0
point_gbdt_safety,FOODS_3_791_CA_4,1609.0161800129013,1609.0161800129013,0.0,0.0,1.0,1.0,0.0,20.628412564267965,53.0
point_gbdt_safety,FOODS_3_791_WI_2,2159.443222886142,2159.443222886142,0.0,0.0,1.0,1.0,0.0,27.68516952418131,37.0
point_gbdt_safety,FOODS_3_792_CA_1,1725.816734263496,1575.4797885583207,150.33694570517548,0.0,0.8962477945443924,0.9230769230769231,0.07692307692307693,20.198458827670777,161.0
point_gbdt_safety,FOODS_3_793_WI_1,1589.3898877084919,1578.9910560300757,10.398831678416101,0.0,0.9948187186455325,0.9871794871794872,0.01282051282051282,20.243475077308663,223.0
point_gbdt_safety,FOODS_3_795_WI_2,2356.898368526742,2088.207858886279,268.6905096404632,0.0,0.8933767818887051,0.8717948717948718,0.1282051282051282,26.77189562674717,280.0
point_gbdt_safety,FOODS_3_799_TX_1,1642.555852649698,1642.555852649698,0.0,0.0,1.0,1.0,0.0,21.05840836730382,6.0
point_gbdt_safety,FOODS_3_802_WI_3,1639.213315597335,1639.213315597335,0.0,0.0,1.0,1.0,0.0,21.01555532817096,30.0
point_gbdt_safety,FOODS_3_805_TX_1,1593.8615177458003,1585.1433084865928,8.718209259207441,0.0,0.9919275840192524,0.9871794871794872,0.01282051282051282,20.32235010880247,120.0
point_gbdt_safety,FOODS_3_806_CA_1,1746.0527426158465,1746.0527426158465,0.0,0.0,1.0,1.0,0.0,22.38529157199803,21.0
point_gbdt_safety,FOODS_3_806_CA_4,1690.152197420557,1690.152197420557,0.0,0.0,1.0,1.0,0.0,21.668617915648166,10.0
point_gbdt_safety,FOODS_3_809_CA_1,1792.9777832344362,1459.6178030255835,333.3599802088527,0.0,0.7997837956703587,0.8846153846153846,0.11538461538461539,18.71304875673825,185.0
point_gbdt_safety,FOODS_3_810_WI_2,1720.1596026090588,1720.1596026090588,0.0,0.0,1.0,1.0,0.0,22.053328238577677,46.0
point_gbdt_safety,FOODS_3_813_TX_1,1493.9056878749598,1493.9056878749598,0.0,0.0,1.0,1.0,0.0,19.152637024037947,27.0
point_gbdt_safety,FOODS_3_814_CA_3,1986.582012121116,1799.3076074815692,187.27440463954667,0.0,0.8984962576479422,0.9102564102564102,0.08974358974358974,23.068046249763707,205.0
point_gbdt_safety,FOODS_3_818_CA_3,2645.789548092102,2478.2913787598286,167.49816933227356,0.0,0.9533561210436444,0.9358974358974359,0.0641025641025641,31.77296639435678,399.0
point_gbdt_safety,FOODS_3_821_TX_2,1470.722469167718,1470.722469167718,0.0,0.0,1.0,1.0,0.0,18.855416271381,52.0
point_gbdt_safety,FOODS_3_824_TX_3,1524.9085939173467,1524.9085939173467,0.0,0.0,1.0,1.0,0.0,19.550110178427524,5.0
point_gbdt_safety,HOBBIES_1_004_WI_3,2349.2520182576686,2349.2520182576686,0.0,0.0,1.0,1.0,0.0,30.11861561868806,134.0
point_gbdt_safety,HOBBIES_1_005_WI_1,1588.2668408752336,1588.2668408752336,0.0,0.0,1.0,1.0,0.0,20.362395395836327,64.0
point_gbdt_safety,HOBBIES_1_009_CA_1,1739.9594655949109,1739.9594655949109,0.0,0.0,1.0,1.0,0.0,22.307172635832192,28.0
point_gbdt_safety,HOBBIES_1_009_CA_4,2340.250708915995,2340.250708915995,0.0,0.0,1.0,1.0,0.0,30.00321421687173,136.0
point_gbdt_safety,HOBBIES_1_010_CA_3,1499.6213358449015,1499.6213358449015,0.0,0.0,1.0,1.0,0.0,19.225914562114124,50.0
point_gbdt_safety,HOBBIES_1_012_TX_2,1535.373468848344,1535.373468848344,0.0,0.0,1.0,1.0,0.0,19.684275241645434,20.0
point_gbdt_safety,HOBBIES_1_023_CA_3,1496.3644290013212,1236.283998188477,260.0804308128442,0.0,0.7935869596723458,0.8974358974358975,0.10256410256410256,15.849794848570218,140.0
point_gbdt_safety,HOBBIES_1_026_CA_4,1499.0654052322463,1499.0654052322463,0.0,0.0,1.0,1.0,0.0,19.21878724656726,59.0
point_gbdt_safety,HOBBIES_1_027_CA_1,1594.9079357492424,1594.9079357492424,0.0,0.0,1.0,1.0,0.0,20.4475376378108,34.0
point_gbdt_safety,HOBBIES_1_028_WI_3,1514.1967158265784,1514.1967158265784,0.0,0.0,1.0,1.0,0.0,19.412778408033056,25.0
point_gbdt_safety,HOBBIES_1_029_WI_3,1555.2849632748687,1555.2849632748687,0.0,0.0,1.0,1.0,0.0,19.939550811216264,15.0
point_gbdt_safety,HOBBIES_1_030_WI_2,1687.7644486120428,1670.5578159522822,17.206632659760558,0.0,0.9787572436299252,0.9871794871794872,0.01282051282051282,21.41740789682413,90.0
point_gbdt_safety,HOBBIES_1_032_CA_2,4488.830444799503,3199.164763071869,1289.6656817276341,0.0,0.7422730452182985,0.8205128205128205,0.1794871794871795,41.01493285989576,556.0
point_gbdt_safety,HOBBIES_1_043_TX_2,1662.9687565530382,1662.9687565530382,0.0,0.0,1.0,1.0,0.0,21.32011226350049,86.0
point_gbdt_safety,HOBBIES_1_043_WI_3,2131.8713572372803,1741.973501019552,389.8978562177283,0.0,0.7683316362342671,0.8589743589743589,0.14102564102564102,22.33299360281477,187.0
point_gbdt_safety,HOBBIES_1_045_CA_4,1669.8114276751535,1669.8114276751535,0.0,0.0,1.0,1.0,0.0,21.40783881634812,14.0
point_gbdt_safety,HOBBIES_1_050_TX_3,1318.6376693437335,1318.6376693437335,0.0,0.0,1.0,1.0,0.0,16.90561114543248,42.0
point_gbdt_safety,HOBBIES_1_054_CA_4,1502.825026934302,1502.825026934302,0.0,0.0,1.0,1.0,0.0,19.266987524798743,13.0
point_gbdt_safety,HOBBIES_1_057_WI_1,1598.2302254168758,1598.2302254168758,0.0,0.0,1.0,1.0,0.0,20.490131095088152,68.0
point_gbdt_safety,HOBBIES_1_061_CA_4,1554.80418985952,1554.80418985952,0.0,0.0,1.0,1.0,0.0,19.933387049481023,10.0
point_gbdt_safety,HOBBIES_1_065_CA_4,1556.4296254985566,1556.4296254985566,0.0,0.0,1.0,1.0,0.0,19.954225967930213,7.0
point_gbdt_safety,HOBBIES_1_070_WI_2,1513.1268997582038,1513.1268997582038,0.0,0.0,1.0,1.0,0.0,19.39906281741287,10.0
point_gbdt_safety,HOBBIES_1_073_CA_2,1500.254390343989,1497.0938916350512,3.1604987089376166,0.0,0.9938391838032405,0.9871794871794872,0.01282051282051282,19.193511431218607,57.0
point_gbdt_safety,HOBBIES_1_074_TX_2,1506.0400029408263,1506.0400029408263,0.0,0.0,1.0,1.0,0.0,19.308205165908028,69.0
point_gbdt_safety,HOBBIES_1_086_CA_3,1571.6474478997384,1552.9296304180184,18.71781748172009,0.0,0.9812634459642442,0.9743589743589743,0.02564102564102564,19.90935423612844,111.0
point_gbdt_safety,HOBBIES_1_092_CA_3,1498.6146223496314,1498.6146223496314,0.0,0.0,1.0,1.0,0.0,19.21300797884143,33.0
point_gbdt_safety,HOBBIES_1_092_TX_1,1576.9093015815288,1576.9093015815288,0.0,0.0,1.0,1.0,0.0,20.216785917711906,29.0
point_gbdt_safety,HOBBIES_1_103_CA_2,2632.6536126066176,2040.8632511935464,591.7903614130712,0.0,0.8115917346663257,0.8589743589743589,0.14102564102564102,26.164913476840336,349.0
point_gbdt_safety,HOBBIES_1_106_TX_3,1579.8343798581368,1579.8343798581368,0.0,0.0,1.0,1.0,0.0,20.254286921258164,31.0
point_gbdt_safety,HOBBIES_1_106_WI_3,1594.1451679288218,1594.1451679288218,0.0,0.0,1.0,1.0,0.0,20.437758563190023,11.0
point_gbdt_safety,HOBBIES_1_107_WI_2,1596.7711751566785,1596.7711751566785,0.0,0.0,1.0,1.0,0.0,20.47142532252152,50.0
point_gbdt_safety,HOBBIES_1_108_CA_3,1699.7579793601744,1699.7579793601744,0.0,0.0,1.0,1.0,0.0,21.79176896615608,65.0
point_gbdt_safety,HOBBIES_1_109_CA_3,1684.473063357322,1684.473063357322,0.0,0.0,1.0,1.0,0.0,21.59580850458105,34.0
point_gbdt_safety,HOBBIES_1_110_CA_3,1640.6038579845087,1640.6038579845087,0.0,0.0,1.0,1.0,0.0,21.03338279467319,21.0
point_gbdt_safety,HOBBIES_1_110_WI_3,1518.1150653059226,1518.1150653059226,0.0,0.0,1.0,1.0,0.0,19.46301365776824,12.0
point_gbdt_safety,HOBBIES_1_113_TX_2,1627.9920224787772,1627.9920224787772,0.0,0.0,1.0,1.0,0.0,20.87169259588176,21.0
point_gbdt_safety,HOBBIES_1_116_CA_1,1432.6915783285249,1432.6915783285249,0.0,0.0,1.0,1.0,0.0,18.3678407478016,49.0
point_gbdt_safety,HOBBIES_1_116_WI_3,1557.7640158078786,1557.7640158078786,0.0,0.0,1.0,1.0,0.0,19.971333535998443,11.0
point_gbdt_safety,HOBBIES_1_117_CA_1,1523.9171373834208,1523.9171373834208,0.0,0.0,1.0,1.0,0.0,19.537399197223344,19.0
point_gbdt_safety,HOBBIES_1_122_WI_3,1650.5273480861702,1650.5273480861702,0.0,0.0,1.0,1.0,0.0,21.160607026745772,8.0
point_gbdt_safety,HOBBIES_1_124_TX_3,1560.580864096073,1560.580864096073,0.0,0.0,1.0,1.0,0.0,20.00744697559068,26.0
point_gbdt_safety,HOBBIES_1_133_WI_1,1536.6190101273887,1536.6190101273887,0.0,0.0,1.0,1.0,0.0,19.700243719581906,0.0
point_gbdt_safety,HOBBIES_1_134_CA_4,1888.0211627188614,1731.8386369390464,156.18252577981497,0.0,0.9238876580020395,0.9102564102564102,0.08974358974358974,22.203059447936493,228.0
point_gbdt_safety,HOBBIES_1_135_WI_1,1594.8748870626425,1594.8748870626425,0.0,0.0,1.0,1.0,0.0,20.447113936700546,51.0
point_gbdt_safety,HOBBIES_1_137_TX_1,1497.402112684421,1497.402112684421,0.0,0.0,1.0,1.0,0.0,19.1974629831336,48.0
point_gbdt_safety,HOBBIES_1_143_WI_1,1446.781309349916,1446.781309349916,0.0,0.0,1.0,1.0,0.0,18.54847832499892,22.0
point_gbdt_safety,HOBBIES_1_151_TX_1,1439.9914793591952,1439.9914793591952,0.0,0.0,1.0,1.0,0.0,18.461429222553786,53.0
point_gbdt_safety,HOBBIES_1_152_CA_1,1682.7482313780474,1682.7482313780474,0.0,0.0,1.0,1.0,0.0,21.57369527407753,70.0
point_gbdt_safety,HOBBIES_1_152_CA_3,1660.5527865637434,1660.5527865637434,0.0,0.0,1.0,1.0,0.0,21.28913828927876,65.0
point_gbdt_safety,HOBBIES_1_155_CA_2,1522.1314048181605,1449.2893111806618,72.84209363749876,0.0,0.9257471012869534,0.9615384615384616,0.038461538461538464,18.58063219462387,109.0
point_gbdt_safety,HOBBIES_1_162_TX_1,1548.8824551960615,1548.8824551960615,0.0,0.0,1.0,1.0,0.0,19.85746737430848,6.0
point_gbdt_safety,HOBBIES_1_162_TX_2,1537.183897248389,1537.183897248389,0.0,0.0,1.0,1.0,0.0,19.707485862158833,26.0
point_gbdt_safety,HOBBIES_1_170_TX_2,1511.1783058386752,1511.1783058386752,0.0,0.0,1.0,1.0,0.0,19.37408084408558,14.0
point_gbdt_safety,HOBBIES_1_173_CA_4,1492.9976463594892,1492.9976463594892,0.0,0.0,1.0,1.0,0.0,19.1409954661473,20.0
point_gbdt_safety,HOBBIES_1_175_WI_1,1583.7093196963428,1583.7093196963428,0.0,0.0,1.0,1.0,0.0,20.3039656371326,12.0
point_gbdt_safety,HOBBIES_1_176_TX_3,1372.9450952052644,1372.9450952052644,0.0,0.0,1.0,1.0,0.0,17.601860194939288,53.0
point_gbdt_safety,HOBBIES_1_184_CA_1,1616.5635966212894,1616.5635966212894,0.0,0.0,1.0,1.0,0.0,20.725174315657558,10.0
point_gbdt_safety,HOBBIES_1_186_TX_1,1523.8959232001941,1523.8959232001941,0.0,0.0,1.0,1.0,0.0,19.53712722051531,12.0
point_gbdt_safety,HOBBIES_1_187_CA_2,1481.7055072834835,1481.7055072834835,0.0,0.0,1.0,1.0,0.0,18.99622445235235,22.0
point_gbdt_safety,HOBBIES_1_190_TX_2,1528.1164287657764,1528.1164287657764,0.0,0.0,1.0,1.0,0.0,19.591236266227902,11.0
point_gbdt_safety,HOBBIES_1_194_TX_3,1688.2280884707504,1688.2280884707504,0.0,0.0,1.0,1.0,0.0,21.64394985218911,118.0
point_gbdt_safety,HOBBIES_1_200_CA_4,1527.287032512017,1527.287032512017,0.0,0.0,1.0,1.0,0.0,19.580602980923295,50.0
point_gbdt_safety,HOBBIES_1_209_CA_3,4897.87216235974,3918.05985625698,979.8123061027607,0.0,0.7759916995649838,0.8333333333333334,0.16666666666666666,50.23153661867923,486.0
point_gbdt_safety,HOBBIES_1_212_CA_2,1597.031009832784,1597.031009832784,0.0,0.0,1.0,1.0,0.0,20.474756536317745,6.0
point_gbdt_safety,HOBBIES_1_232_WI_3,1651.216047895082,1651.216047895082,0.0,0.0,1.0,1.0,0.0,21.16943651147541,48.0
point_gbdt_safety,HOBBIES_1_239_TX_1,1527.2773325374446,1527.2773325374446,0.0,0.0,1.0,1.0,0.0,19.58047862227493,16.0
point_gbdt_safety,HOBBIES_1_240_CA_2,1490.087276065024,1477.5582218675092,12.529054197514846,0.0,0.9864842996790562,0.9871794871794872,0.01282051282051282,18.943054126506528,103.0
point_gbdt_safety,HOBBIES_1_242_TX_3,1618.2499775360072,1618.2499775360072,0.0,0.0,1.0,1.0,0.0,20.746794583794966,43.0
point_gbdt_safety,HOBBIES_1_245_TX_1,1492.1605944509513,1492.1605944509513,0.0,0.0,1.0,1.0,0.0,19.130264031422453,10.0
point_gbdt_safety,HOBBIES_1_245_WI_1,1482.6546363171249,1482.6546363171249,0.0,0.0,1.0,1.0,0.0,19.00839277329647,32.0
point_gbdt_safety,HOBBIES_1_252_TX_1,1530.9614872087504,1530.9614872087504,0.0,0.0,1.0,1.0,0.0,19.627711374471158,56.0
point_gbdt_safety,HOBBIES_1_257_CA_2,1579.818248413635,1579.818248413635,0.0,0.0,1.0,1.0,0.0,20.254080107867114,19.0
point_gbdt_safety,HOBBIES_1_261_WI_3,2255.3545037489594,1741.9815669665438,513.3729367824158,0.0,0.6813327518420759,0.9615384615384616,0.038461538461538464,22.333097012391587,179.0
point_gbdt_safety,HOBBIES_1_264_TX_2,1498.682623210545,1498.682623210545,0.0,0.0,1.0,1.0,0.0,19.213879784750578,34.0
point_gbdt_safety,HOBBIES_1_267_CA_3,1608.5473645780958,1608.5473645780958,0.0,0.0,1.0,1.0,0.0,20.622402109975585,14.0
point_gbdt_safety,HOBBIES_1_267_WI_2,1533.9575543883168,1533.9575543883168,0.0,0.0,1.0,1.0,0.0,19.666122492157907,6.0
point_gbdt_safety,HOBBIES_1_277_CA_1,1751.8320923659849,1751.8320923659849,0.0,0.0,1.0,1.0,0.0,22.459385799563908,17.0
point_gbdt_safety,HOBBIES_1_279_CA_4,1578.1706097650838,1578.1706097650838,0.0,0.0,1.0,1.0,0.0,20.23295653544979,52.0
point_gbdt_safety,HOBBIES_1_279_TX_3,1520.7108414673648,1520.7108414673648,0.0,0.0,1.0,1.0,0.0,19.49629283932519,71.0
point_gbdt_safety,HOBBIES_1_285_CA_4,1552.781808107785,1552.781808107785,0.0,0.0,1.0,1.0,0.0,19.907459078304935,8.0
point_gbdt_safety,HOBBIES_1_287_WI_1,1628.7409753869506,1628.7409753869506,0.0,0.0,1.0,1.0,0.0,20.881294556242956,38.0
point_gbdt_safety,HOBBIES_1_289_WI_1,1400.110067169473,1388.0307409852905,12.079326184182428,0.0,0.9783524620355154,0.9871794871794872,0.01282051282051282,17.795265910067826,62.0
point_gbdt_safety,HOBBIES_1_290_CA_4,1622.9980790408626,1622.9980790408626,0.0,0.0,1.0,1.0,0.0,20.80766768001106,3.0
point_gbdt_safety,HOBBIES_1_296_CA_1,1552.383527498461,1552.383527498461,0.0,0.0,1.0,1.0,0.0,19.902352916646937,36.0
point_gbdt_safety,HOBBIES_1_297_CA_1,1470.2468902297146,1460.6152492831236,9.63164094659109,0.0,0.9939194185943238,0.9871794871794872,0.01282051282051282,18.725836529270815,176.0
point_gbdt_safety,HOBBIES_1_306_CA_4,1548.5566595603439,1548.5566595603439,0.0,0.0,1.0,1.0,0.0,19.853290507183896,43.0
point_gbdt_safety,HOBBIES_1_306_WI_3,1528.8230958155111,1528.8230958155111,0.0,0.0,1.0,1.0,0.0,19.60029610019886,17.0
point_gbdt_safety,HOBBIES_1_309_WI_1,1423.0383906201462,1423.0383906201462,0.0,0.0,1.0,1.0,0.0,18.244081931027516,16.0
point_gbdt_safety,HOBBIES_1_312_TX_3,1487.0308963260036,1487.0308963260036,0.0,0.0,1.0,1.0,0.0,19.0644986708462,73.0
point_gbdt_safety,HOBBIES_1_319_TX_1,1968.6212381936607,1898.3730359274525,70.24820226620817,0.0,0.9421825495751374,0.9615384615384616,0.038461538461538464,24.33811584522375,135.0
point_gbdt_safety,HOBBIES_1_323_CA_3,1490.9770229350356,1347.2631410749416,143.7138818600941,0.0,0.8669315908702833,0.9102564102564102,0.08974358974358974,17.272604372755662,120.0
point_gbdt_safety,HOBBIES_1_328_TX_1,1565.8864674311699,1565.8864674311699,0.0,0.0,1.0,1.0,0.0,20.075467531168844,7.0
point_gbdt_safety,HOBBIES_1_332_WI_1,1501.9434544842593,1501.9434544842593,0.0,0.0,1.0,1.0,0.0,19.25568531390076,61.0
point_gbdt_safety,HOBBIES_1_333_CA_2,1302.308933693314,1302.308933693314,0.0,0.0,1.0,1.0,0.0,16.696268380683513,64.0
point_gbdt_safety,HOBBIES_1_333_TX_1,1532.9794301729264,1532.9794301729264,0.0,0.0,1.0,1.0,0.0,19.65358243811444,14.0
point_gbdt_safety,HOBBIES_1_334_TX_1,1531.3381555133333,1531.3381555133333,0.0,0.0,1.0,1.0,0.0,19.632540455299143,11.0
point_gbdt_safety,HOBBIES_1_344_CA_3,1682.6804082557012,1682.6804082557012,0.0,0.0,1.0,1.0,0.0,21.572825746867963,92.0
point_gbdt_safety,HOBBIES_1_346_CA_4,1622.8823563406945,1622.8823563406945,0.0,0.0,1.0,1.0,0.0,20.80618405564993,19.0
point_gbdt_safety,HOBBIES_1_348_CA_4,5385.01063917039,3993.0330959806724,1391.9775431897183,0.0,0.626415044769265,0.8076923076923077,0.19230769230769232,51.19273199975221,414.0
point_gbdt_safety,HOBBIES_1_352_CA_2,1609.9519671232856,1609.9519671232856,0.0,0.0,1.0,1.0,0.0,20.640409834913918,85.0
point_gbdt_safety,HOBBIES_1_361_CA_4,1499.2514348911313,1499.2514348911313,0.0,0.0,1.0,1.0,0.0,19.22117224219399,30.0
point_gbdt_safety,HOBBIES_1_362_WI_2,1622.5548417617488,1622.5548417617488,0.0,0.0,1.0,1.0,0.0,20.80198515079165,4.0
point_gbdt_safety,HOBBIES_1_367_TX_1,1505.418096735592,1505.418096735592,0.0,0.0,1.0,1.0,0.0,19.300232009430665,52.0
point_gbdt_safety,HOBBIES_1_368_CA_1,1485.0057796330507,1485.0057796330507,0.0,0.0,1.0,1.0,0.0,19.038535636321164,33.0
point_gbdt_safety,HOBBIES_1_372_TX_1,1506.0017376234175,1506.0017376234175,0.0,0.0,1.0,1.0,0.0,19.307714584915608,65.0
point_gbdt_safety,HOBBIES_1_373_TX_1,1511.476420294019,1511.476420294019,0.0,0.0,1.0,1.0,0.0,19.377902824282295,46.0
point_gbdt_safety,HOBBIES_1_374_WI_3,1469.7280722840321,1469.7280722840321,0.0,0.0,1.0,1.0,0.0,18.842667593385027,17.0
point_gbdt_safety,HOBBIES_1_375_WI_1,1452.3763729719394,1452.3763729719394,0.0,0.0,1.0,1.0,0.0,18.62020990989666,8.0
point_gbdt_safety,HOBBIES_1_380_CA_2,1682.055908140073,1682.055908140073,0.0,0.0,1.0,1.0,0.0,21.56481933512914,27.0
point_gbdt_safety,HOBBIES_1_381_TX_2,2178.8158466913337,2093.221003599129,85.59484309220483,0.0,0.9701864008734918,0.9615384615384616,0.038461538461538464,26.836166712809344,319.0
point_gbdt_safety,HOBBIES_1_385_CA_1,1541.020898076342,1541.020898076342,0.0,0.0,1.0,1.0,0.0,19.756678180465922,8.0
point_gbdt_safety,HOBBIES_1_386_CA_3,1691.3821404372145,1691.3821404372145,0.0,0.0,1.0,1.0,0.0,21.684386415861724,15.0
point_gbdt_safety,HOBBIES_1_386_WI_3,1583.781600241496,1583.781600241496,0.0,0.0,1.0,1.0,0.0,20.30489231078841,6.0
point_gbdt_safety,HOBBIES_1_389_CA_3,1611.656809431287,1611.656809431287,0.0,0.0,1.0,1.0,0.0,20.662266787580602,21.0
point_gbdt_safety,HOBBIES_1_390_TX_1,1451.8320780253584,1451.8320780253584,0.0,0.0,1.0,1.0,0.0,18.613231769555878,15.0
point_gbdt_safety,HOBBIES_1_393_TX_2,1503.9185932475189,1503.9185932475189,0.0,0.0,1.0,1.0,0.0,19.281007605737422,19.0
point_gbdt_safety,HOBBIES_1_398_TX_3,1735.8692608135252,1735.8692608135252,0.0,0.0,1.0,1.0,0.0,22.254734112993912,34.0
point_gbdt_safety,HOBBIES_1_399_TX_3,1789.3736979986868,1789.3736979986868,0.0,0.0,1.0,1.0,0.0,22.9406884358806,5.0
point_gbdt_safety,HOBBIES_1_400_CA_3,1500.6172959610606,1498.1214695514584,2.495826409602053,0.0,0.9968487040282803,0.9871794871794872,0.01282051282051282,19.20668550706998,88.0
point_gbdt_safety,HOBBIES_1_405_TX_3,1524.4161307745526,1524.4161307745526,0.0,0.0,1.0,1.0,0.0,19.5437965483917,9.0
point_gbdt_safety,HOBBIES_1_406_CA_1,1636.945863406846,1636.945863406846,0.0,0.0,1.0,1.0,0.0,20.986485428292898,7.0
point_gbdt_safety,HOBBIES_1_410_TX_1,1562.6712165632578,1562.6712165632578,0.0,0.0,1.0,1.0,0.0,20.034246366195614,5.0
point_gbdt_safety,HOBBIES_1_415_CA_1,1358.5154655292745,1358.5154655292745,0.0,0.0,1.0,1.0,0.0,17.416864942683006,63.0
point_gbdt_safety,HOBBIES_1_418_TX_1,1800.5348328143532,1800.5348328143532,0.0,0.0,1.0,1.0,0.0,23.083779907876323,17.0
point_gbdt_safety,HOBBIES_1_419_CA_4,1568.202858679688,1568.202858679688,0.0,0.0,1.0,1.0,0.0,20.105164854867795,5.0
point_gbdt_safety,HOBBIES_2_007_TX_3,1714.7717561919094,1714.7717561919094,0.0,0.0,1.0,1.0,0.0,21.98425328451166,29.0
point_gbdt_safety,HOBBIES_2_008_WI_3,1551.2130491920163,1551.2130491920163,0.0,0.0,1.0,1.0,0.0,19.88734678451303,19.0
point_gbdt_safety,HOBBIES_2_009_WI_2,1528.1248876379373,1528.1248876379373,0.0,0.0,1.0,1.0,0.0,19.59134471330689,7.0
point_gbdt_safety,HOBBIES_2_012_TX_2,1587.8170798783788,1587.8170798783788,0.0,0.0,1.0,1.0,0.0,20.356629229209982,11.0
point_gbdt_safety,HOBBIES_2_014_WI_1,1532.6623873603605,1532.6623873603605,0.0,0.0,1.0,1.0,0.0,19.64951778667129,12.0
point_gbdt_safety,HOBBIES_2_018_CA_2,1548.491322098053,1548.491322098053,0.0,0.0,1.0,1.0,0.0,19.852452847410934,19.0
point_gbdt_safety,HOBBIES_2_030_TX_2,1545.5372052795587,1545.5372052795587,0.0,0.0,1.0,1.0,0.0,19.81457955486614,11.0
point_gbdt_safety,HOBBIES_2_030_WI_2,1516.454569017356,1516.454569017356,0.0,0.0,1.0,1.0,0.0,19.441725243812257,0.0
point_gbdt_safety,HOBBIES_2_031_CA_2,1622.5728166485567,1622.5728166485567,0.0,0.0,1.0,1.0,0.0,20.802215598058417,26.0
point_gbdt_safety,HOBBIES_2_035_CA_2,1589.651465358611,1589.651465358611,0.0,0.0,1.0,1.0,0.0,20.380146991777064,11.0
point_gbdt_safety,HOBBIES_2_038_CA_2,1526.319109390538,1526.319109390538,0.0,0.0,1.0,1.0,0.0,19.568193710135102,26.0
point_gbdt_safety,HOBBIES_2_040_TX_1,1778.0182332568054,1778.0182332568054,0.0,0.0,1.0,1.0,0.0,22.795105554574427,7.0
point_gbdt_safety,HOBBIES_2_041_TX_2,1314.5022440141604,1314.5022440141604,0.0,0.0,1.0,1.0,0.0,16.852592871976416,49.0
point_gbdt_safety,HOBBIES_2_042_TX_2,1763.8940936238507,1763.8940936238507,0.0,0.0,1.0,1.0,0.0,22.61402684133142,30.0
point_gbdt_safety,HOBBIES_2_045_CA_4,1548.9259035079585,1548.9259035079585,0.0,0.0,1.0,1.0,0.0,19.858024403948185,13.0
point_gbdt_safety,HOBBIES_2_050_WI_2,1532.1693638825254,1532.1693638825254,0.0,0.0,1.0,1.0,0.0,19.64319697285289,9.0
point_gbdt_safety,HOBBIES_2_056_WI_3,1590.289664852847,1590.289664852847,0.0,0.0,1.0,1.0,0.0,20.388329036574962,3.0
point_gbdt_safety,HOBBIES_2_061_TX_3,1477.2103335665888,1477.2103335665888,0.0,0.0,1.0,1.0,0.0,18.938594020084473,11.0
point_gbdt_safety,HOBBIES_2_072_TX_2,1540.9189773949583,1540.9189773949583,0.0,0.0,1.0,1.0,0.0,19.755371505063568,6.0
point_gbdt_safety,HOBBIES_2_074_CA_1,1560.545537160325,1560.545537160325,0.0,0.0,1.0,1.0,0.0,20.00699406615801,7.0
point_gbdt_safety,HOBBIES_2_074_CA_3,1612.1925205846637,1612.1925205846637,0.0,0.0,1.0,1.0,0.0,20.66913487929056,10.0
point_gbdt_safety,HOBBIES_2_076_TX_3,1523.8168942635575,1473.8976463814606,49.919247882097004,0.0,0.8647174854143712,0.9487179487179487,0.05128205128205128,18.896123671557188,41.0
point_gbdt_safety,HOBBIES_2_076_WI_1,1650.9117838045368,1650.9117838045368,0.0,0.0,1.0,1.0,0.0,21.165535689801754,19.0
point_gbdt_safety,HOBBIES_2_077_WI_1,1539.3111099000541,1539.3111099000541,0.0,0.0,1.0,1.0,0.0,19.734757819231465,0.0
point_gbdt_safety,HOBBIES_2_081_WI_3,1947.5885614796678,1947.5885614796678,0.0,0.0,1.0,1.0,0.0,24.969084121534202,10.0
point_gbdt_safety,HOBBIES_2_083_CA_1,1962.2465852188705,1962.2465852188705,0.0,0.0,1.0,1.0,0.0,25.15700750280603,7.0
point_gbdt_safety,HOBBIES_2_084_WI_3,1515.6240946031608,1515.6240946031608,0.0,0.0,1.0,1.0,0.0,19.43107813593796,10.0
point_gbdt_safety,HOBBIES_2_086_CA_4,1612.8917510950719,1612.8917510950719,0.0,0.0,1.0,1.0,0.0,20.67809937301374,3.0
point_gbdt_safety,HOBBIES_2_103_TX_1,1488.209243827483,1488.209243827483,0.0,0.0,1.0,1.0,0.0,19.07960569009594,38.0
point_gbdt_safety,HOBBIES_2_107_WI_3,1617.4438236513083,1617.4438236513083,0.0,0.0,1.0,1.0,0.0,20.736459277580877,4.0
point_gbdt_safety,HOBBIES_2_114_CA_4,1525.0130967237467,1525.0130967237467,0.0,0.0,1.0,1.0,0.0,19.551449957996752,9.0
point_gbdt_safety,HOBBIES_2_115_TX_1,1594.2296452855385,1594.2296452855385,0.0,0.0,1.0,1.0,0.0,20.43884160622485,56.0
point_gbdt_safety,HOBBIES_2_116_CA_1,1614.8009881029589,1614.8009881029589,0.0,0.0,1.0,1.0,0.0,20.702576770550756,22.0
point_gbdt_safety,HOBBIES_2_116_CA_2,1525.3391135670884,1525.3391135670884,0.0,0.0,1.0,1.0,0.0,19.555629661116516,27.0
point_gbdt_safety,HOBBIES_2_117_TX_1,1720.9363195210915,1720.9363195210915,0.0,0.0,1.0,1.0,0.0,22.0632861477063,31.0
point_gbdt_safety,HOBBIES_2_118_WI_2,1541.7247621061165,1541.7247621061165,0.0,0.0,1.0,1.0,0.0,19.765702078283546,0.0
point_gbdt_safety,HOBBIES_2_122_CA_2,2067.2272020477108,2067.2272020477108,0.0,0.0,1.0,1.0,0.0,26.502912846765522,10.0
point_gbdt_safety,HOBBIES_2_122_TX_1,1815.6844441860082,1815.6844441860082,0.0,0.0,1.0,1.0,0.0,23.278005694692414,23.0
point_gbdt_safety,HOBBIES_2_123_TX_1,1581.5692329962114,1581.5692329962114,0.0,0.0,1.0,1.0,0.0,20.27652862815656,16.0
point_gbdt_safety,HOBBIES_2_124_TX_3,2053.016266411417,1757.8834495020005,295.1328169094165,0.0,0.471088141739397,0.9487179487179487,0.05128205128205128,22.536967301307698,62.0
point_gbdt_safety,HOBBIES_2_128_TX_1,1543.3026374840472,1543.3026374840472,0.0,0.0,1.0,1.0,0.0,19.78593124979548,10.0
point_gbdt_safety,HOBBIES_2_129_WI_1,1991.4751759359463,1991.4751759359463,0.0,0.0,1.0,1.0,0.0,25.531733024819825,24.0
point_gbdt_safety,HOBBIES_2_132_CA_1,1557.5106503258746,1557.5106503258746,0.0,0.0,1.0,1.0,0.0,19.968085260588136,54.0
point_gbdt_safety,HOBBIES_2_133_CA_3,1751.2250879618825,1751.2250879618825,0.0,0.0,1.0,1.0,0.0,22.451603691819006,30.0
point_gbdt_safety,HOBBIES_2_134_TX_3,1664.1191730200287,1664.1191730200287,0.0,0.0,1.0,1.0,0.0,21.33486119256447,10.0
point_gbdt_safety,HOBBIES_2_137_CA_2,1759.3342216918882,1759.3342216918882,0.0,0.0,1.0,1.0,0.0,22.555566944767797,0.0
point_gbdt_safety,HOBBIES_2_144_WI_1,1562.2133229109834,1562.2133229109834,0.0,0.0,1.0,1.0,0.0,20.0283759347562,10.0
point_gbdt_safety,HOUSEHOLD_1_005_CA_4,1446.392093049871,1407.965605793382,38.42648725648879,0.0,0.931135327497332,0.9487179487179487,0.05128205128205128,18.050841099915154,62.0
point_gbdt_safety,HOUSEHOLD_1_006_CA_4,1626.2105910567057,1626.2105910567057,0.0,0.0,1.0,1.0,0.0,20.848853731496227,52.0
point_gbdt_safety,HOUSEHOLD_1_006_WI_2,1537.2604759814349,1537.2604759814349,0.0,0.0,1.0,1.0,0.0,19.708467640787628,43.0
point_gbdt_safety,HOUSEHOLD_1_008_WI_3,1358.2559556966016,1358.2559556966016,0.0,0.0,1.0,1.0,0.0,17.413537893546174,25.0
point_gbdt_safety,HOUSEHOLD_1_010_CA_2,1803.6296998778762,1803.6296998778762,0.0,0.0,1.0,1.0,0.0,23.123457690742004,65.0
point_gbdt_safety,HOUSEHOLD_1_013_CA_3,1729.7068037510594,1720.004823879605,9.701979871454412,0.0,0.9910166853042088,0.9871794871794872,0.01282051282051282,22.051343895892373,120.0
point_gbdt_safety,HOUSEHOLD_1_014_CA_2,1951.556500377765,1951.556500377765,0.0,0.0,1.0,1.0,0.0,25.019955133048267,125.0
point_gbdt_safety,HOUSEHOLD_1_014_WI_3,1569.4434261088363,1569.4434261088363,0.0,0.0,1.0,1.0,0.0,20.1210695654979,36.0
point_gbdt_safety,HOUSEHOLD_1_015_WI_2,1665.9934954272767,1665.9934954272767,0.0,0.0,1.0,1.0,0.0,21.358890967016368,1.0
point_gbdt_safety,HOUSEHOLD_1_020_WI_1,1576.9178169252218,1576.9178169252218,0.0,0.0,1.0,1.0,0.0,20.216895088784895,72.0
point_gbdt_safety,HOUSEHOLD_1_021_WI_2,1606.3840949764694,1111.2470797688595,495.1370152076098,0.0,0.7026204112867207,0.782051282051282,0.21794871794871795,14.246757432934096,185.0
point_gbdt_safety,HOUSEHOLD_1_024_CA_2,1689.1068017220837,1679.8813337593801,9.225467962703647,0.0,0.9883516818652732,0.9743589743589743,0.02564102564102564,21.53694017640231,88.0
point_gbdt_safety,HOUSEHOLD_1_026_CA_2,1648.1957204580344,1335.184306960148,313.01141349788634,0.0,0.7550771412379605,0.8717948717948718,0.1282051282051282,17.117747525130103,142.0
point_gbdt_safety,HOUSEHOLD_1_029_CA_2,1530.0209411763553,1427.949942445014,102.0709987313414,0.0,0.9030664779379474,0.8974358974358975,0.10256410256410256,18.307050544166845,117.0
point_gbdt_safety,HOUSEHOLD_1_032_WI_1,1606.0408772392275,1606.0408772392275,0.0,0.0,1.0,1.0,0.0,20.590267656913174,57.0
point_gbdt_safety,HOUSEHOLD_1_033_TX_2,1846.4999838900062,1841.1208117985323,5.37917209147389,0.0,0.994566492836895,0.9871794871794872,0.01282051282051282,23.604112971776054,110.0
point_gbdt_safety,HOUSEHOLD_1_034_WI_1,1615.4234438005594,1615.4234438005594,0.0,0.0,1.0,1.0,0.0,20.710556971802045,18.0
point_gbdt_safety,HOUSEHOLD_1_043_CA_3,1470.8373277945611,1470.8373277945611,0.0,0.0,1.0,1.0,0.0,18.85688881787899,90.0
point_gbdt_safety,HOUSEHOLD_1_049_CA_1,2340.0,2340.0,0.0,0.0,1.0,1.0,0.0,30.0,0.0
point_gbdt_safety,HOUSEHOLD_1_049_WI_1,1500.228218352218,1500.228218352218,0.0,0.0,1.0,1.0,0.0,19.23369510707972,0.0
point_gbdt_safety,HOUSEHOLD_1_051_WI_1,2115.79505620705,1914.736573195137,201.058483011913,0.0,0.9153794263417875,0.8846153846153846,0.11538461538461539,24.547904784553037,264.0
point_gbdt_safety,HOUSEHOLD_1_058_CA_3,2057.470345318993,2057.470345318993,0.0,0.0,1.0,1.0,0.0,26.377824939987093,224.0
point_gbdt_safety,HOUSEHOLD_1_068_TX_1,1549.4032747948263,1549.4032747948263,0.0,0.0,1.0,1.0,0.0,19.86414454865162,9.0
point_gbdt_safety,HOUSEHOLD_1_071_CA_1,2647.457757468146,2058.8024744354548,588.6552830326916,0.0,0.8141870950023069,0.8076923076923077,0.19230769230769232,26.394903518403265,352.0
point_gbdt_safety,HOUSEHOLD_1_071_TX_2,2261.9827141009755,1630.6445817106674,631.3381323903084,0.0,0.7899740078541888,0.7948717948717948,0.20512820512820512,20.905699765521376,334.0
point_gbdt_safety,HOUSEHOLD_1_079_WI_1,1660.6051673119432,1507.1395987492215,153.46556856272178,0.0,0.8463808122495278,0.8974358974358975,0.10256410256410256,19.322302548066943,111.0
point_gbdt_safety,HOUSEHOLD_1_080_WI_1,1615.4223382650184,1615.4223382650184,0.0,0.0,1.0,1.0,0.0,20.71054279826947,25.0
point_gbdt_safety,HOUSEHOLD_1_080_WI_2,1644.8926276175841,1644.8926276175841,0.0,0.0,1.0,1.0,0.0,21.088367020738257,45.0
point_gbdt_safety,HOUSEHOLD_1_083_TX_1,3472.8417110926707,2606.857227375267,865.9844837174037,0.0,0.8120693394710495,0.7692307692307693,0.23076923076923078,33.421246504811116,512.0
point_gbdt_safety,HOUSEHOLD_1_083_WI_3,4443.925471803668,3496.3212273226686,947.6042444809999,0.0,0.8359978808444096,0.8205128205128205,0.1794871794871795,44.82463111952139,642.0
point_gbdt_safety,HOUSEHOLD_1_088_TX_3,1554.4121777572923,1554.4121777572923,0.0,0.0,1.0,1.0,0.0,19.92836125329862,63.0
point_gbdt_safety,HOUSEHOLD_1_091_WI_3,1520.005476868221,1520.005476868221,0.0,0.0,1.0,1.0,0.0,19.48724970343873,15.0
point_gbdt_safety,HOUSEHOLD_1_093_CA_2,1551.546629141578,1525.9083147300912,25.638314411486732,0.0,0.971512983987237,0.9743589743589743,0.02564102564102564,19.562927111924246,100.0
point_gbdt_safety,HOUSEHOLD_1_095_TX_2,1524.483605827333,1524.483605827333,0.0,0.0,1.0,1.0,0.0,19.544661613170934,13.0
point_gbdt_safety,HOUSEHOLD_1_095_TX_3,1516.3610458816752,1516.3610458816752,0.0,0.0,1.0,1.0,0.0,19.440526229252246,13.0
point_gbdt_safety,HOUSEHOLD_1_096_WI_2,4133.404354481845,2082.0514184445246,2051.3529360373204,0.0,0.7253878265010281,0.7051282051282052,0.2948717948717949,26.69296690313493,830.0
point_gbdt_safety,HOUSEHOLD_1_098_CA_4,1485.0289912998787,1485.0289912998787,0.0,0.0,1.0,1.0,0.0,19.03883322179332,13.0
point_gbdt_safety,HOUSEHOLD_1_102_WI_3,1625.7479759996072,1573.085927146797,52.66204885281002,0.0,0.9420659528571947,0.9743589743589743,0.02564102564102564,20.16776829675381,101.0
point_gbdt_safety,HOUSEHOLD_1_106_TX_3,3461.4158257351196,1820.2097685203948,1641.2060572147248,0.0,0.7005644850912746,0.6794871794871795,0.32051282051282054,23.336022673338395,609.0
point_gbdt_safety,HOUSEHOLD_1_119_TX_2,2003.3782131260048,2003.3782131260048,0.0,0.0,1.0,1.0,0.0,25.68433606571801,170.0
point_gbdt_safety,HOUSEHOLD_1_120_CA_2,1617.0835141645084,1617.0835141645084,0.0,0.0,1.0,1.0,0.0,20.731839925186005,35.0
point_gbdt_safety,HOUSEHOLD_1_127_WI_1,1506.8337593747763,1506.8337593747763,0.0,0.0,1.0,1.0,0.0,19.31838153044585,35.0
point_gbdt_safety,HOUSEHOLD_1_128_WI_2,1985.0704669402603,1779.7670091342216,205.30345780603886,0.0,0.8703892311830562,0.8717948717948718,0.1282051282051282,22.817525758131044,176.0
point_gbdt_safety,HOUSEHOLD_1_131_CA_1,1525.6263958884645,1525.6263958884645,0.0,0.0,1.0,1.0,0.0,19.559312767800826,55.0
point_gbdt_safety,HOUSEHOLD_1_131_TX_1,1353.8865257939945,1353.8865257939945,0.0,0.0,1.0,1.0,0.0,17.357519561461466,67.0
point_gbdt_safety,HOUSEHOLD_1_136_WI_3,1805.0794237072655,1805.0794237072655,0.0,0.0,1.0,1.0,0.0,23.142043893682892,131.0
point_gbdt_safety,HOUSEHOLD_1_145_CA_2,2117.846426105331,1982.2552147017902,135.59121140354074,0.0,0.9353403855967856,0.9102564102564102,0.08974358974358974,25.413528393612694,233.0
point_gbdt_safety,HOUSEHOLD_1_155_WI_3,1444.2457468830737,1444.2457468830737,0.0,0.0,1.0,1.0,0.0,18.51597111388556,34.0
point_gbdt_safety,HOUSEHOLD_1_157_WI_1,1705.503267106198,1705.503267106198,0.0,0.0,1.0,1.0,0.0,21.865426501361515,23.0
point_gbdt_safety,HOUSEHOLD_1_158_CA_3,1618.3299921168887,1618.3299921168887,0.0,0.0,1.0,1.0,0.0,20.747820411754983,74.0
point_gbdt_safety,HOUSEHOLD_1_160_WI_2,1602.1160321066739,1540.7425144688673,61.37351763780661,0.0,0.9458787322417932,0.9871794871794872,0.01282051282051282,19.753109159857274,126.0
point_gbdt_safety,HOUSEHOLD_1_161_CA_2,1599.8110191797155,1599.8110191797155,0.0,0.0,1.0,1.0,0.0,20.510397681791225,72.0
point_gbdt_safety,HOUSEHOLD_1_162_TX_1,2214.444961669325,2214.444961669325,0.0,0.0,1.0,1.0,0.0,28.390320021401603,38.0
point_gbdt_safety,HOUSEHOLD_1_163_CA_1,1565.5177905455207,1565.5177905455207,0.0,0.0,1.0,1.0,0.0,20.07074090442975,22.0
point_gbdt_safety,HOUSEHOLD_1_165_CA_1,1572.930456101105,1572.930456101105,0.0,0.0,1.0,1.0,0.0,20.165775078219294,40.0
point_gbdt_safety,HOUSEHOLD_1_165_TX_1,1831.8260563406939,1831.8260563406939,0.0,0.0,1.0,1.0,0.0,23.484949440265307,77.0
point_gbdt_safety,HOUSEHOLD_1_167_WI_1,1561.640074178474,1561.640074178474,0.0,0.0,1.0,1.0,0.0,20.021026592031717,32.0
point_gbdt_safety,HOUSEHOLD_1_175_TX_2,1540.5974405363313,1481.3203906292638,59.27704990706762,0.0,0.9508482173241563,0.9615384615384616,0.038461538461538464,18.991287059349535,134.0
point_gbdt_safety,HOUSEHOLD_1_175_WI_3,1482.2858835785994,1482.2858835785994,0.0,0.0,1.0,1.0,0.0,19.003665174084606,33.0
point_gbdt_safety,HOUSEHOLD_1_185_WI_3,1316.400971989992,1291.7211316569103,24.679840333081742,0.0,0.969865884819192,0.9743589743589743,0.02564102564102564,16.560527328934747,91.0
point_gbdt_safety,HOUSEHOLD_1_186_WI_2,2182.970945616369,1475.4794095886296,707.4915360277398,0.0,0.8101203607010897,0.7948717948717948,0.20512820512820512,18.916402687033713,414.0
point_gbdt_safety,HOUSEHOLD_1_188_TX_2,1652.8426296258774,1652.8426296258774,0.0,0.0,1.0,1.0,0.0,21.190290123408683,52.0
point_gbdt_safety,HOUSEHOLD_1_190_WI_3,1562.8980718263279,1562.8980718263279,0.0,0.0,1.0,1.0,0.0,20.037154767004203,66.0
point_gbdt_safety,HOUSEHOLD_1_191_TX_3,2243.108834466857,2243.108834466857,0.0,0.0,1.0,1.0,0.0,28.75780557008791,86.0
point_gbdt_safety,HOUSEHOLD_1_194_CA_1,1656.2715261076899,1656.2715261076899,0.0,0.0,1.0,1.0,0.0,21.234250334713973,35.0
point_gbdt_safety,HOUSEHOLD_1_195_CA_2,1677.4429092195253,1677.4429092195253,0.0,0.0,1.0,1.0,0.0,21.50567832332725,31.0
point_gbdt_safety,HOUSEHOLD_1_201_TX_2,1922.9215420497624,1922.9215420497624,0.0,0.0,1.0,1.0,0.0,24.65284028268926,23.0
point_gbdt_safety,HOUSEHOLD_1_205_WI_3,1727.4243047237212,1727.4243047237212,0.0,0.0,1.0,1.0,0.0,22.146465445175913,56.0
point_gbdt_safety,HOUSEHOLD_1_206_CA_4,1713.0183413213008,1713.0183413213008,0.0,0.0,1.0,1.0,0.0,21.961773606683344,8.0
point_gbdt_safety,HOUSEHOLD_1_207_TX_1,1675.9007068105834,1675.9007068105834,0.0,0.0,1.0,1.0,0.0,21.485906497571584,28.0
point_gbdt_safety,HOUSEHOLD_1_208_WI_3,1761.1904088855156,1761.1904088855156,0.0,0.0,1.0,1.0,0.0,22.57936421648097,156.0
point_gbdt_safety,HOUSEHOLD_1_211_TX_2,1555.001602363404,1555.001602363404,0.0,0.0,1.0,1.0,0.0,19.935917979017997,49.0
point_gbdt_safety,HOUSEHOLD_1_212_WI_2,1702.9336037451815,1702.9336037451815,0.0,0.0,1.0,1.0,0.0,21.8324820992972,98.0
point_gbdt_safety,HOUSEHOLD_1_216_TX_1,1525.8551477583194,1525.8551477583194,0.0,0.0,1.0,1.0,0.0,19.562245484081018,9.0
point_gbdt_safety,HOUSEHOLD_1_217_WI_3,1595.174139696013,1595.174139696013,0.0,0.0,1.0,1.0,0.0,20.450950508923246,81.0
point_gbdt_safety,HOUSEHOLD_1_218_CA_1,1733.8094729674756,1733.8094729674756,0.0,0.0,1.0,1.0,0.0,22.2283265765061,74.0
point_gbdt_safety,HOUSEHOLD_1_219_TX_3,1359.5269296219622,1359.5269296219622,0.0,0.0,1.0,1.0,0.0,17.429832431050798,57.0
point_gbdt_safety,HOUSEHOLD_1_220_TX_3,1605.6470792449607,1605.6470792449607,0.0,0.0,1.0,1.0,0.0,20.585218964678983,110.0
point_gbdt_safety,HOUSEHOLD_1_221_CA_2,1522.686256180879,1522.686256180879,0.0,0.0,1.0,1.0,0.0,19.521618668985628,74.0
point_gbdt_safety,HOUSEHOLD_1_224_WI_2,1527.843399458869,1527.843399458869,0.0,0.0,1.0,1.0,0.0,19.587735890498323,65.0
point_gbdt_safety,HOUSEHOLD_1_225_CA_4,1643.7639772971438,1643.7639772971438,0.0,0.0,1.0,1.0,0.0,21.073897144835176,58.0
point_gbdt_safety,HOUSEHOLD_1_225_TX_2,2014.322777593267,1929.5520104725226,84.77076712074425,0.0,0.9533714152251132,0.9487179487179487,0.05128205128205128,24.737846288109264,202.0
point_gbdt_safety,HOUSEHOLD_1_230_TX_3,1460.556932151499,1460.556932151499,0.0,0.0,1.0,1.0,0.0,18.725088873737167,18.0
point_gbdt_safety,HOUSEHOLD_1_238_CA_3,1703.3911787627308,1672.295506843598,31.095671919132734,0.0,0.9815236649321849,0.9743589743589743,0.02564102564102564,21.439685985174336,187.0
point_gbdt_safety,HOUSEHOLD_1_244_CA_3,1467.0015254466357,1406.0546301106472,60.946895335988586,0.0,0.9563104692931982,0.9487179487179487,0.05128205128205128,18.026341411674963,155.0
point_gbdt_safety,HOUSEHOLD_1_246_CA_2,3113.8127511876573,2543.473096191437,570.3396549962204,0.0,0.874013771814398,0.8461538461538461,0.15384615384615385,32.608629438351755,503.0
point_gbdt_safety,HOUSEHOLD_1_248_CA_4,1523.9546262448823,1523.9546262448823,0.0,0.0,1.0,1.0,0.0,19.537879823652336,33.0
point_gbdt_safety,HOUSEHOLD_1_249_WI_3,1541.8535818176024,1541.8535818176024,0.0,0.0,1.0,1.0,0.0,19.767353613046186,40.0
point_gbdt_safety,HOUSEHOLD_1_264_TX_3,1548.5469566176512,1548.5469566176512,0.0,0.0,1.0,1.0,0.0,19.853166110482707,23.0
point_gbdt_safety,HOUSEHOLD_1_265_CA_3,1503.349913322824,1503.349913322824,0.0,0.0,1.0,1.0,0.0,19.273716837472104,51.0
point_gbdt_safety,HOUSEHOLD_1_272_CA_3,13183.0,13183.0,0.0,0.0,1.0,1.0,0.0,169.01282051282053,186.0
point_gbdt_safety,HOUSEHOLD_1_298_TX_3,1788.5937632078071,1788.5937632078071,0.0,0.0,1.0,1.0,0.0,22.930689271894963,38.0
point_gbdt_safety,HOUSEHOLD_1_304_CA_3,4181.621327041417,2381.729774256486,1799.8915527849308,0.0,0.750015062113204,0.7307692307692307,0.2692307692307692,30.534997105852387,800.0
point_gbdt_safety,HOUSEHOLD_1_304_CA_4,1600.8563094001279,1418.3609633910896,182.49534600903837,0.0,0.8648182622155272,0.8589743589743589,0.14102564102564102,18.18411491527038,150.0
point_gbdt_safety,HOUSEHOLD_1_309_TX_2,1570.4092954127466,1570.4092954127466,0.0,0.0,1.0,1.0,0.0,20.133452505291622,20.0
point_gbdt_safety,HOUSEHOLD_1_314_TX_3,1598.323796892721,1598.323796892721,0.0,0.0,1.0,1.0,0.0,20.49133072939386,54.0
point_gbdt_safety,HOUSEHOLD_1_317_CA_1,1866.3759093029876,1866.3759093029876,0.0,0.0,1.0,1.0,0.0,23.927896273115227,100.0
point_gbdt_safety,HOUSEHOLD_1_317_TX_3,1745.9058610781706,1745.9058610781706,0.0,0.0,1.0,1.0,0.0,22.38340847536116,63.0
point_gbdt_safety,HOUSEHOLD_1_320_WI_3,1468.2207316886097,1468.2207316886097,0.0,0.0,1.0,1.0,0.0,18.823342713956535,32.0
point_gbdt_safety,HOUSEHOLD_1_332_WI_3,1550.6953771673993,1550.6953771673993,0.0,0.0,1.0,1.0,0.0,19.880709963684605,5.0
point_gbdt_safety,HOUSEHOLD_1_333_WI_2,1467.161797294311,1467.161797294311,0.0,0.0,1.0,1.0,0.0,18.80976663197835,44.0
point_gbdt_safety,HOUSEHOLD_1_338_WI_1,1484.6000090432517,1484.6000090432517,0.0,0.0,1.0,1.0,0.0,19.033333449272458,77.0
point_gbdt_safety,HOUSEHOLD_1_342_TX_2,1513.2573556963898,1494.6093397098125,18.6480159865774,0.0,0.9716164140234742,0.9743589743589743,0.02564102564102564,19.161658201407853,73.0
point_gbdt_safety,HOUSEHOLD_1_344_CA_1,1753.1891316546496,1753.1891316546496,0.0,0.0,1.0,1.0,0.0,22.476783739162176,45.0
point_gbdt_safety,HOUSEHOLD_1_344_TX_1,2105.0333015973424,1744.5869228124495,360.4463787848928,0.0,0.859966441808511,0.8461538461538461,0.15384615384615385,22.36649901041602,286.0
point_gbdt_safety,HOUSEHOLD_1_349_TX_2,1742.1441214507943,1742.1441214507943,0.0,0.0,1.0,1.0,0.0,22.33518104424095,86.0
point_gbdt_safety,HOUSEHOLD_1_361_WI_3,1729.1443650075005,1729.1443650075005,0.0,0.0,1.0,1.0,0.0,22.16851750009616,174.0
point_gbdt_safety,HOUSEHOLD_1_368_TX_3,1681.8353821822348,1681.8353821822348,0.0,0.0,1.0,1.0,0.0,21.56199207925942,4.0
point_gbdt_safety,HOUSEHOLD_1_369_CA_1,1572.7289005468579,1397.3568172402242,175.37208330663358,0.0,0.8905292863254473,0.9102564102564102,0.08974358974358974,17.914830990259286,178.0
point_gbdt_safety,HOUSEHOLD_1_371_CA_1,1670.3591765380186,1670.3591765380186,0.0,0.0,1.0,1.0,0.0,21.414861237666905,116.0
point_gbdt_safety,HOUSEHOLD_1_377_TX_1,1482.671500234734,1482.671500234734,0.0,0.0,1.0,1.0,0.0,19.008608977368382,17.0
point_gbdt_safety,HOUSEHOLD_1_380_CA_1,1542.3600623908549,1542.3600623908549,0.0,0.0,1.0,1.0,0.0,19.77384695372891,67.0
point_gbdt_safety,HOUSEHOLD_1_384_CA_2,1524.875828998295,1524.875828998295,0.0,0.0,1.0,1.0,0.0,19.549690115362758,65.0
point_gbdt_safety,HOUSEHOLD_1_385_CA_3,2978.2056228540764,2585.1934925662254,393.0121302878512,0.0,0.877337037987562,0.9102564102564102,0.08974358974358974,33.14350631495161,356.0
point_gbdt_safety,HOUSEHOLD_1_386_CA_2,1422.1752336256595,1204.7180548115732,217.45717881408643,0.0,0.8051458971199943,0.8846153846153846,0.11538461538461539,15.44510326681504,124.0
point_gbdt_safety,HOUSEHOLD_1_389_CA_1,2651.8048970150335,2322.7815027372103,329.02339427782323,0.0,0.8888809880858416,0.9102564102564102,0.08974358974358974,29.77925003509244,329.0
point_gbdt_safety,HOUSEHOLD_1_390_WI_2,1708.6036651613613,1637.421314308895,71.18235085246636,0.0,0.9517734750322043,0.9487179487179487,0.05128205128205128,20.992580952678143,164.0
point_gbdt_safety,HOUSEHOLD_1_394_CA_3,1596.8323691480934,1596.8323691480934,0.0,0.0,1.0,1.0,0.0,20.472209860872994,85.0
point_gbdt_safety,HOUSEHOLD_1_395_CA_3,1542.1977966952252,1542.1977966952252,0.0,0.0,1.0,1.0,0.0,19.771766624297758,69.0
point_gbdt_safety,HOUSEHOLD_1_396_TX_1,1583.328598369613,1583.328598369613,0.0,0.0,1.0,1.0,0.0,20.299084594482217,109.0
point_gbdt_safety,HOUSEHOLD_1_397_WI_1,1541.318025914583,1253.5818367402333,287.73618917434953,0.0,0.8141239088020997,0.8333333333333334,0.16666666666666666,16.07156200949017,172.0
point_gbdt_safety,HOUSEHOLD_1_398_CA_4,1399.0849295386831,1399.0849295386831,0.0,0.0,1.0,1.0,0.0,17.936986276136963,30.0
point_gbdt_safety,HOUSEHOLD_1_399_TX_3,3105.1147557823197,1559.4196553510014,1545.6951004313182,0.0,0.7211949674546684,0.7307692307692307,0.2692307692307692,19.9925596839872,616.0
point_gbdt_safety,HOUSEHOLD_1_401_CA_2,1549.0766737716312,1549.0766737716312,0.0,0.0,1.0,1.0,0.0,19.859957356046554,22.0
point_gbdt_safety,HOUSEHOLD_1_402_TX_2,1537.2183015339888,1537.2183015339888,0.0,0.0,1.0,1.0,0.0,19.707926942743445,27.0
point_gbdt_safety,HOUSEHOLD_1_404_TX_2,1653.0348110205716,1653.0348110205716,0.0,0.0,1.0,1.0,0.0,21.192753987443226,60.0
point_gbdt_safety,HOUSEHOLD_1_407_CA_4,1448.5824032020196,1448.5824032020196,0.0,0.0,1.0,1.0,0.0,18.571569271820763,33.0
point_gbdt_safety,HOUSEHOLD_1_411_WI_3,1927.013087545299,1927.013087545299,0.0,0.0,1.0,1.0,0.0,24.7052959941705,111.0
point_gbdt_safety,HOUSEHOLD_1_415_CA_3,1622.9095000961825,1622.9095000961825,0.0,0.0,1.0,1.0,0.0,20.80653205251516,62.0
point_gbdt_safety,HOUSEHOLD_1_419_WI_2,1590.5506567449481,1590.5506567449481,0.0,0.0,1.0,1.0,0.0,20.391675086473693,15.0
point_gbdt_safety,HOUSEHOLD_1_421_WI_3,1627.4300434302424,1627.4300434302424,0.0,0.0,1.0,1.0,0.0,20.86448773628516,67.0
point_gbdt_safety,HOUSEHOLD_1_423_CA_4,1542.2823570542864,1542.2823570542864,0.0,0.0,1.0,1.0,0.0,19.772850731465212,13.0
point_gbdt_safety,HOUSEHOLD_1_425_CA_4,1523.6996159404146,1478.3568154286843,45.342800511730246,0.0,0.9385598909055146,0.9358974358974359,0.0641025641025641,18.953292505495952,82.0
point_gbdt_safety,HOUSEHOLD_1_431_TX_2,1942.4441938787434,1774.269017196195,168.17517668254845,0.0,0.907034175410421,0.8974358974358975,0.10256410256410256,22.7470386820025,201.0
point_gbdt_safety,HOUSEHOLD_1_433_WI_1,1522.0649371036093,1522.0649371036093,0.0,0.0,1.0,1.0,0.0,19.51365303978986,15.0
point_gbdt_safety,HOUSEHOLD_1_437_WI_1,1680.6298921808134,1435.9732191116761,244.65667306913724,0.0,0.8797164832501784,0.8717948717948718,0.1282051282051282,18.409913065534308,226.0
point_gbdt_safety,HOUSEHOLD_1_439_WI_3,2293.571942602285,2248.571942602285,45.0,0.0,0.9489795918367347,0.9743589743589743,0.02564102564102564,28.827845417978015,98.0
point_gbdt_safety,HOUSEHOLD_1_442_CA_4,1452.2348698709209,1452.2348698709209,0.0,0.0,1.0,1.0,0.0,18.618395767575908,57.0
point_gbdt_safety,HOUSEHOLD_1_445_TX_3,1576.4720539932862,1315.0141777777567,261.45787621552955,0.0,0.8412520484423015,0.8333333333333334,0.16666666666666666,16.859156125355856,183.0
point_gbdt_safety,HOUSEHOLD_1_448_CA_4,1732.156171168236,1728.839145674454,3.317025493782033,0.0,0.9970749334269999,0.9871794871794872,0.01282051282051282,22.164604431723767,126.0
point_gbdt_safety,HOUSEHOLD_1_450_TX_2,1519.8121600553902,1519.8121600553902,0.0,0.0,1.0,1.0,0.0,19.484771282761415,73.0
point_gbdt_safety,HOUSEHOLD_1_458_CA_2,1549.024844383354,1458.8392972079594,90.18554717539483,0.0,0.9361744181348939,0.9230769230769231,0.07692307692307693,18.703067912922556,157.0
point_gbdt_safety,HOUSEHOLD_1_459_WI_2,13349.667659330433,7587.606761988991,5762.060897341443,0.0,0.7283712394596972,0.6923076923076923,0.3076923076923077,97.27700976908963,2357.0
point_gbdt_safety,HOUSEHOLD_1_462_WI_1,2384.9122245419976,2320.8904676831444,64.02175685885318,0.0,0.9142948368690051,0.9615384615384616,0.038461538461538464,29.755005995937747,83.0
point_gbdt_safety,HOUSEHOLD_1_467_CA_1,1575.081379858865,1575.081379858865,0.0,0.0,1.0,1.0,0.0,20.193351023831603,58.0
point_gbdt_safety,HOUSEHOLD_1_473_WI_2,3844.5838334685145,2649.594675889644,1194.9891575788706,0.0,0.7741895015912942,0.7692307692307693,0.23076923076923078,33.96916251140569,588.0
point_gbdt_safety,HOUSEHOLD_1_474_TX_2,6488.981159757296,3147.110527915024,3341.8706318422724,0.0,0.5869644503964562,0.7051282051282052,0.2948717948717949,40.34757087070543,899.0
point_gbdt_safety,HOUSEHOLD_1_481_CA_1,1576.799476810191,1446.9434397436232,129.8560370665678,0.0,0.8946828572047301,0.8974358974358975,0.10256410256410256,18.55055691979004,137.0
point_gbdt_safety,HOUSEHOLD_1_482_WI_1,1461.934083109752,1458.0996783456026,3.834404764149415,0.0,0.9933430472844629,0.9871794871794872,0.01282051282051282,18.69358561981542,64.0
point_gbdt_safety,HOUSEHOLD_1_491_TX_1,1401.5993265118625,1401.5993265118625,0.0,0.0,1.0,1.0,0.0,17.969222134767467,69.0
point_gbdt_safety,HOUSEHOLD_1_491_WI_3,1503.3945332487149,1503.3945332487149,0.0,0.0,1.0,1.0,0.0,19.274288887804037,50.0
point_gbdt_safety,HOUSEHOLD_1_492_WI_2,1614.0158154799196,1614.0158154799196,0.0,0.0,1.0,1.0,0.0,20.692510454870764,13.0
point_gbdt_safety,HOUSEHOLD_1_494_CA_2,2064.1327484899357,1883.3597442721664,180.7730042177693,0.0,0.9082836102395894,0.8974358974358975,0.10256410256410256,24.145637747079057,219.0
point_gbdt_safety,HOUSEHOLD_1_494_TX_1,1989.742321463346,1588.2362710252903,401.5060504380557,0.0,0.8440147434195587,0.8333333333333334,0.16666666666666666,20.36200347468321,286.0
point_gbdt_safety,HOUSEHOLD_1_500_TX_3,1508.2908275876214,1508.2908275876214,0.0,0.0,1.0,1.0,0.0,19.33706189214899,6.0
point_gbdt_safety,HOUSEHOLD_1_501_TX_3,1596.8830045883262,1596.8830045883262,0.0,0.0,1.0,1.0,0.0,20.47285903318367,7.0
point_gbdt_safety,HOUSEHOLD_1_503_WI_1,1411.0252506592517,1399.4449211767335,11.58032948251828,0.0,0.9858604035622487,0.9743589743589743,0.02564102564102564,17.941601553547866,91.0
point_gbdt_safety,HOUSEHOLD_1_504_CA_3,1707.2020472515767,1707.2020472515767,0.0,0.0,1.0,1.0,0.0,21.887205733994573,32.0
point_gbdt_safety,HOUSEHOLD_1_504_WI_3,1738.3836192737956,1738.3836192737956,0.0,0.0,1.0,1.0,0.0,22.286969477869174,7.0
point_gbdt_safety,HOUSEHOLD_1_507_WI_3,1486.2768634189954,1486.2768634189954,0.0,0.0,1.0,1.0,0.0,19.054831582294813,11.0
point_gbdt_safety,HOUSEHOLD_1_510_CA_4,1702.3402555652535,1600.1916598740588,102.14859569119464,0.0,0.9061996366472042,0.9358974358974359,0.0641025641025641,20.51527769069306,121.0
point_gbdt_safety,HOUSEHOLD_1_510_TX_1,1719.5579660003027,1719.5579660003027,0.0,0.0,1.0,1.0,0.0,22.04561494872183,78.0
point_gbdt_safety,HOUSEHOLD_1_520_CA_1,1560.8708853843914,1560.8708853843914,0.0,0.0,1.0,1.0,0.0,20.011165197235787,56.0
point_gbdt_safety,HOUSEHOLD_1_521_CA_2,3822.6169577774303,2578.0644059427564,1244.552551834674,0.0,0.6675874594458671,0.782051282051282,0.21794871794871795,33.052107768496874,416.0
point_gbdt_safety,HOUSEHOLD_1_521_TX_3,8886.853097321904,7414.536725380711,1472.3163719411928,0.0,0.8079921267682325,0.782051282051282,0.21794871794871795,95.05816314590655,852.0
point_gbdt_safety,HOUSEHOLD_1_527_WI_2,1589.5514519253416,1468.7993014257727,120.75215049956877,0.0,0.7903608498271375,0.8974358974358975,0.10256410256410256,18.830760274689393,64.0
point_gbdt_safety,HOUSEHOLD_1_529_CA_2,1454.9592084257943,1365.5435379351488,89.41567049064543,0.0,0.8954202684319936,0.9358974358974359,0.0641025641025641,17.50696843506601,95.0
point_gbdt_safety,HOUSEHOLD_1_531_TX_1,1581.3656897094975,1581.3656897094975,0.0,0.0,1.0,1.0,0.0,20.273919098839713,56.0
point_gbdt_safety,HOUSEHOLD_1_533_WI_1,1570.4316215310812,1570.4316215310812,0.0,0.0,1.0,1.0,0.0,20.133738737577964,39.0
point_gbdt_safety,HOUSEHOLD_1_534_CA_2,1670.1713505255807,1670.1713505255807,0.0,0.0,1.0,1.0,0.0,21.41245321186642,66.0
point_gbdt_safety,HOUSEHOLD_1_534_CA_4,1520.2002472493891,1520.2002472493891,0.0,0.0,1.0,1.0,0.0,19.489746759607552,45.0
point_gbdt_safety,HOUSEHOLD_1_534_TX_1,1574.2979074079192,1574.2979074079192,0.0,0.0,1.0,1.0,0.0,20.183306505229734,37.0
point_gbdt_safety,HOUSEHOLD_1_537_CA_3,2290.259317215319,2290.259317215319,0.0,0.0,1.0,1.0,0.0,29.362298938657933,187.0
point_gbdt_safety,HOUSEHOLD_1_537_TX_1,1689.1717533160418,1689.1717533160418,0.0,0.0,1.0,1.0,0.0,21.656048119436434,107.0
point_gbdt_safety,HOUSEHOLD_1_541_CA_2,1903.5907716068302,1903.5907716068302,0.0,0.0,1.0,1.0,0.0,24.40500989239526,192.0
point_gbdt_safety,HOUSEHOLD_2_001_WI_2,1516.4833038779943,1516.4833038779943,0.0,0.0,1.0,1.0,0.0,19.442093639461465,9.0
point_gbdt_safety,HOUSEHOLD_2_004_CA_4,1639.04762693328,1639.04762693328,0.0,0.0,1.0,1.0,0.0,21.013431114529233,6.0
point_gbdt_safety,HOUSEHOLD_2_008_WI_2,1647.1941390022894,1647.1941390022894,0.0,0.0,1.0,1.0,0.0,21.117873576952427,0.0
point_gbdt_safety,HOUSEHOLD_2_009_CA_1,1421.864917622933,1421.864917622933,0.0,0.0,1.0,1.0,0.0,18.22903740542222,39.0
point_gbdt_safety,HOUSEHOLD_2_010_CA_3,1698.392860789802,1698.392860789802,0.0,0.0,1.0,1.0,0.0,21.774267446023103,22.0
point_gbdt_safety,HOUSEHOLD_2_013_WI_3,1490.2043370246477,1490.2043370246477,0.0,0.0,1.0,1.0,0.0,19.105183808008302,10.0
point_gbdt_safety,HOUSEHOLD_2_015_CA_1,1611.615099554207,1611.615099554207,0.0,0.0,1.0,1.0,0.0,20.661732045566758,50.0
point_gbdt_safety,HOUSEHOLD_2_017_CA_1,1597.7584147163743,1597.7584147163743,0.0,0.0,1.0,1.0,0.0,20.484082239953516,29.0
point_gbdt_safety,HOUSEHOLD_2_021_CA_2,1716.9909425876779,1716.9909425876779,0.0,0.0,1.0,1.0,0.0,22.012704392149715,31.0
point_gbdt_safety,HOUSEHOLD_2_029_WI_2,1544.8641265361812,1544.8641265361812,0.0,0.0,1.0,1.0,0.0,19.805950340207453,47.0
point_gbdt_safety,HOUSEHOLD_2_032_WI_2,1633.6854995575907,1633.6854995575907,0.0,0.0,1.0,1.0,0.0,20.94468589176398,7.0
point_gbdt_safety,HOUSEHOLD_2_034_CA_2,1450.28215941237,1450.28215941237,0.0,0.0,1.0,1.0,0.0,18.59336101810731,18.0
point_gbdt_safety,HOUSEHOLD_2_034_CA_3,1691.781541223619,1691.781541223619,0.0,0.0,1.0,1.0,0.0,21.689506938764346,14.0
point_gbdt_safety,HOUSEHOLD_2_038_TX_1,1552.3856743710346,1552.3856743710346,0.0,0.0,1.0,1.0,0.0,19.90238044065429,11.0
point_gbdt_safety,HOUSEHOLD_2_042_WI_2,1624.9176572162,1624.9176572162,0.0,0.0,1.0,1.0,0.0,20.83227765661795,2.0
point_gbdt_safety,HOUSEHOLD_2_043_TX_2,1424.493308238476,1424.493308238476,0.0,0.0,1.0,1.0,0.0,18.2627347210061,17.0
point_gbdt_safety,HOUSEHOLD_2_045_CA_4,1455.6806188402727,1455.6806188402727,0.0,0.0,1.0,1.0,0.0,18.662572036413753,19.0
point_gbdt_safety,HOUSEHOLD_2_047_TX_2,1712.3053772280307,1712.3053772280307,0.0,0.0,1.0,1.0,0.0,21.95263304138501,40.0
point_gbdt_safety,HOUSEHOLD_2_057_WI_3,1556.7560717725719,1556.7560717725719,0.0,0.0,1.0,1.0,0.0,19.958411176571435,12.0
point_gbdt_safety,HOUSEHOLD_2_058_TX_2,1584.6017908188242,1584.6017908188242,0.0,0.0,1.0,1.0,0.0,20.31540757460031,44.0
point_gbdt_safety,HOUSEHOLD_2_063_TX_2,1530.267746720114,1530.267746720114,0.0,0.0,1.0,1.0,0.0,19.618817265642488,12.0
point_gbdt_safety,HOUSEHOLD_2_067_CA_2,1493.4258527768372,1493.4258527768372,0.0,0.0,1.0,1.0,0.0,19.146485292010734,108.0
point_gbdt_safety,HOUSEHOLD_2_073_WI_3,1572.0024496636472,1572.0024496636472,0.0,0.0,1.0,1.0,0.0,20.15387755979035,3.0
point_gbdt_safety,HOUSEHOLD_2_075_CA_4,1456.7609653652178,1456.7609653652178,0.0,0.0,1.0,1.0,0.0,18.67642263288741,38.0
point_gbdt_safety,HOUSEHOLD_2_075_WI_3,1662.9541940789647,1662.9541940789647,0.0,0.0,1.0,1.0,0.0,21.319925565114932,37.0
point_gbdt_safety,HOUSEHOLD_2_077_CA_3,1597.0547092278557,1597.0547092278557,0.0,0.0,1.0,1.0,0.0,20.475060374716097,9.0
point_gbdt_safety,HOUSEHOLD_2_079_TX_1,1518.3027703112134,1518.3027703112134,0.0,0.0,1.0,1.0,0.0,19.465420132195042,14.0
point_gbdt_safety,HOUSEHOLD_2_087_CA_3,1750.9083988952195,1750.9083988952195,0.0,0.0,1.0,1.0,0.0,22.447543575579736,7.0
point_gbdt_safety,HOUSEHOLD_2_089_TX_2,1540.7546406391036,1540.7546406391036,0.0,0.0,1.0,1.0,0.0,19.75326462357825,57.0
point_gbdt_safety,HOUSEHOLD_2_095_CA_2,1574.5888743808184,1574.5888743808184,0.0,0.0,1.0,1.0,0.0,20.187036851036133,40.0
point_gbdt_safety,HOUSEHOLD_2_095_TX_3,1494.7759037708859,1494.7759037708859,0.0,0.0,1.0,1.0,0.0,19.16379363808828,25.0
point_gbdt_safety,HOUSEHOLD_2_110_CA_1,1733.8680119665785,1612.74102832,121.12698364657854,0.0,0.9194098578532411,0.9358974358974359,0.0641025641025641,20.67616702974359,167.0
point_gbdt_safety,HOUSEHOLD_2_120_TX_2,1581.8300592855173,1581.8300592855173,0.0,0.0,1.0,1.0,0.0,20.27987255494253,35.0
point_gbdt_safety,HOUSEHOLD_2_123_TX_1,1585.1060883804278,1585.1060883804278,0.0,0.0,1.0,1.0,0.0,20.321872927954203,42.0
point_gbdt_safety,HOUSEHOLD_2_129_CA_2,1548.638356496931,1548.638356496931,0.0,0.0,1.0,1.0,0.0,19.854337903806808,14.0
point_gbdt_safety,HOUSEHOLD_2_138_CA_3,1702.8529441781682,1702.8529441781682,0.0,0.0,1.0,1.0,0.0,21.83144800228421,4.0
point_gbdt_safety,HOUSEHOLD_2_139_TX_2,1373.4053705923686,1373.4053705923686,0.0,0.0,1.0,1.0,0.0,17.607761161440624,47.0
point_gbdt_safety,HOUSEHOLD_2_143_CA_1,1378.0452209813534,1378.0452209813534,0.0,0.0,1.0,1.0,0.0,17.667246422837863,22.0
point_gbdt_safety,HOUSEHOLD_2_146_WI_1,1469.3374495161333,1469.3374495161333,0.0,0.0,1.0,1.0,0.0,18.8376596091812,45.0
point_gbdt_safety,HOUSEHOLD_2_147_CA_3,1650.2999607972038,1650.2999607972038,0.0,0.0,1.0,1.0,0.0,21.157691805092355,5.0
point_gbdt_safety,HOUSEHOLD_2_149_TX_1,1572.031766252293,1572.031766252293,0.0,0.0,1.0,1.0,0.0,20.154253413490935,6.0
point_gbdt_safety,HOUSEHOLD_2_150_CA_2,1471.562496622661,1471.562496622661,0.0,0.0,1.0,1.0,0.0,18.86618585413668,33.0
point_gbdt_safety,HOUSEHOLD_2_158_TX_3,1611.3202304377007,1611.3202304377007,0.0,0.0,1.0,1.0,0.0,20.657951672278216,0.0
point_gbdt_safety,HOUSEHOLD_2_159_CA_2,1645.2468076442603,1645.2468076442603,0.0,0.0,1.0,1.0,0.0,21.09290779031103,46.0
point_gbdt_safety,HOUSEHOLD_2_160_WI_1,1550.6242729259948,1550.6242729259948,0.0,0.0,1.0,1.0,0.0,19.879798370846085,41.0
point_gbdt_safety,HOUSEHOLD_2_164_CA_1,1482.808228272019,1482.808228272019,0.0,0.0,1.0,1.0,0.0,19.01036190092332,12.0
point_gbdt_safety,HOUSEHOLD_2_176_TX_2,2422.241741068967,1747.6890225466568,674.5527185223102,0.0,0.6850827644620401,0.7307692307692307,0.2692307692307692,22.406269519828932,238.0
point_gbdt_safety,HOUSEHOLD_2_179_CA_1,1555.897649239907,1555.897649239907,0.0,0.0,1.0,1.0,0.0,19.947405759485985,28.0
point_gbdt_safety,HOUSEHOLD_2_184_WI_3,1508.8324228656459,1508.8324228656459,0.0,0.0,1.0,1.0,0.0,19.344005421354435,46.0
point_gbdt_safety,HOUSEHOLD_2_190_WI_1,1634.9043018229424,1634.9043018229424,0.0,0.0,1.0,1.0,0.0,20.960311561832594,44.0
point_gbdt_safety,HOUSEHOLD_2_193_TX_1,1468.0111209520292,1468.0111209520292,0.0,0.0,1.0,1.0,0.0,18.820655396820886,22.0
point_gbdt_safety,HOUSEHOLD_2_203_CA_1,1466.6923930390533,1319.7737047263417,146.91868831271162,0.0,0.7763794698436657,0.9487179487179487,0.05128205128205128,16.920175701619765,73.0
point_gbdt_safety,HOUSEHOLD_2_207_WI_3,1632.935541332021,1632.935541332021,0.0,0.0,1.0,1.0,0.0,20.93507104271822,3.0
point_gbdt_safety,HOUSEHOLD_2_208_CA_3,1664.8693445582362,1664.8693445582362,0.0,0.0,1.0,1.0,0.0,21.344478776387643,9.0
point_gbdt_safety,HOUSEHOLD_2_217_TX_1,1338.310680885552,1302.8928067899596,35.41787409559245,0.0,0.9572247897396227,0.9743589743589743,0.02564102564102564,16.70375393320461,92.0
point_gbdt_safety,HOUSEHOLD_2_218_CA_1,1477.7314666178436,1477.7314666178436,0.0,0.0,1.0,1.0,0.0,18.94527521304928,6.0
point_gbdt_safety,HOUSEHOLD_2_224_TX_1,1470.1061742553065,1470.1061742553065,0.0,0.0,1.0,1.0,0.0,18.847515054555213,6.0
point_gbdt_safety,HOUSEHOLD_2_226_TX_3,1577.481157886667,1577.481157886667,0.0,0.0,1.0,1.0,0.0,20.224117408803423,28.0
point_gbdt_safety,HOUSEHOLD_2_226_WI_1,1411.7602423461606,1411.7602423461606,0.0,0.0,1.0,1.0,0.0,18.09949028648924,39.0
point_gbdt_safety,HOUSEHOLD_2_234_WI_3,1584.372267105149,1584.372267105149,0.0,0.0,1.0,1.0,0.0,20.312464962886526,9.0
point_gbdt_safety,HOUSEHOLD_2_237_CA_2,1543.059304041884,1543.059304041884,0.0,0.0,1.0,1.0,0.0,19.782811590280563,12.0
point_gbdt_safety,HOUSEHOLD_2_238_CA_1,1551.6193133502986,1551.6193133502986,0.0,0.0,1.0,1.0,0.0,19.892555299362805,30.0
point_gbdt_safety,HOUSEHOLD_2_241_CA_2,1479.3044937387629,1479.3044937387629,0.0,0.0,1.0,1.0,0.0,18.965442227420038,18.0
point_gbdt_safety,HOUSEHOLD_2_249_WI_1,1468.8370779330232,1468.8370779330232,0.0,0.0,1.0,1.0,0.0,18.831244588884914,7.0
point_gbdt_safety,HOUSEHOLD_2_257_TX_1,1434.8841128811416,1434.8841128811416,0.0,0.0,1.0,1.0,0.0,18.395950165142843,37.0
point_gbdt_safety,HOUSEHOLD_2_259_CA_2,1592.9986468915304,1592.9986468915304,0.0,0.0,1.0,1.0,0.0,20.42305957553244,56.0
point_gbdt_safety,HOUSEHOLD_2_259_TX_3,1538.0946090105633,1538.0946090105633,0.0,0.0,1.0,1.0,0.0,19.71916165398158,12.0
point_gbdt_safety,HOUSEHOLD_2_260_WI_1,1534.72347420786,1534.72347420786,0.0,0.0,1.0,1.0,0.0,19.675941977023847,16.0
point_gbdt_safety,HOUSEHOLD_2_263_TX_2,1400.4666539215436,1400.4666539215436,0.0,0.0,1.0,1.0,0.0,17.95470069130184,22.0
point_gbdt_safety,HOUSEHOLD_2_263_TX_3,1696.7281189861262,1696.7281189861262,0.0,0.0,1.0,1.0,0.0,21.752924602386233,6.0
point_gbdt_safety,HOUSEHOLD_2_264_WI_3,1480.1270246777763,1480.1270246777763,0.0,0.0,1.0,1.0,0.0,18.975987495868928,34.0
point_gbdt_safety,HOUSEHOLD_2_265_WI_1,1493.5775626865645,1493.5775626865645,0.0,0.0,1.0,1.0,0.0,19.14843029085339,26.0
point_gbdt_safety,HOUSEHOLD_2_275_CA_2,1565.6645197913526,1565.6645197913526,0.0,0.0,1.0,1.0,0.0,20.072622048607084,48.0
point_gbdt_safety,HOUSEHOLD_2_280_TX_2,1538.6051948860209,1538.6051948860209,0.0,0.0,1.0,1.0,0.0,19.72570762674386,30.0
point_gbdt_safety,HOUSEHOLD_2_280_WI_3,1537.8312501463067,1537.8312501463067,0.0,0.0,1.0,1.0,0.0,19.715785258285983,16.0
point_gbdt_safety,HOUSEHOLD_2_288_TX_3,1582.936407595174,1582.936407595174,0.0,0.0,1.0,1.0,0.0,20.294056507630437,13.0
point_gbdt_safety,HOUSEHOLD_2_294_CA_1,2130.5619474170066,2130.5619474170066,0.0,0.0,1.0,1.0,0.0,27.314896761756497,112.0
point_gbdt_safety,HOUSEHOLD_2_294_WI_3,1444.3423899253646,1438.973721867668,5.368668057696581,0.0,0.9944766789529871,0.9871794871794872,0.01282051282051282,18.44838104958549,108.0
point_gbdt_safety,HOUSEHOLD_2_307_TX_1,1553.2768616187916,1553.2768616187916,0.0,0.0,1.0,1.0,0.0,19.913805918189635,3.0
point_gbdt_safety,HOUSEHOLD_2_308_WI_3,1494.3228623516345,1494.3228623516345,0.0,0.0,1.0,1.0,0.0,19.157985414764546,17.0
point_gbdt_safety,HOUSEHOLD_2_311_TX_2,1552.367110624276,1552.367110624276,0.0,0.0,1.0,1.0,0.0,19.902142443900974,39.0
point_gbdt_safety,HOUSEHOLD_2_314_TX_1,1416.2891035983566,1416.2891035983566,0.0,0.0,1.0,1.0,0.0,18.157552610235342,20.0
point_gbdt_safety,HOUSEHOLD_2_316_CA_4,1473.830386041382,1473.830386041382,0.0,0.0,1.0,1.0,0.0,18.8952613595049,18.0
point_gbdt_safety,HOUSEHOLD_2_326_TX_2,1519.7361898501629,1519.7361898501629,0.0,0.0,1.0,1.0,0.0,19.48379730577132,15.0
point_gbdt_safety,HOUSEHOLD_2_330_CA_2,1595.5122775426812,1595.5122775426812,0.0,0.0,1.0,1.0,0.0,20.455285609521553,16.0
point_gbdt_safety,HOUSEHOLD_2_333_WI_2,1576.2949769845318,1576.2949769845318,0.0,0.0,1.0,1.0,0.0,20.20890996134015,17.0
point_gbdt_safety,HOUSEHOLD_2_337_CA_2,1447.0135632715612,1447.0135632715612,0.0,0.0,1.0,1.0,0.0,18.55145593937899,26.0
point_gbdt_safety,HOUSEHOLD_2_338_WI_3,1616.476200565019,1616.476200565019,0.0,0.0,1.0,1.0,0.0,20.72405385339768,11.0
point_gbdt_safety,HOUSEHOLD_2_342_CA_1,1497.3171864694525,1497.3171864694525,0.0,0.0,1.0,1.0,0.0,19.1963741855058,46.0
point_gbdt_safety,HOUSEHOLD_2_345_CA_1,1591.0602489726587,1591.0602489726587,0.0,0.0,1.0,1.0,0.0,20.39820832016229,40.0
point_gbdt_safety,HOUSEHOLD_2_346_TX_3,1396.060053867181,1396.060053867181,0.0,0.0,1.0,1.0,0.0,17.898205818810013,86.0
point_gbdt_safety,HOUSEHOLD_2_348_TX_1,1487.4449100994195,1487.4449100994195,0.0,0.0,1.0,1.0,0.0,19.06980653973615,68.0
point_gbdt_safety,HOUSEHOLD_2_354_TX_1,1428.798514456685,1428.798514456685,0.0,0.0,1.0,1.0,0.0,18.317929672521604,22.0
point_gbdt_safety,HOUSEHOLD_2_354_TX_2,1524.5444089063442,1499.0173527727202,25.527056133623947,0.0,0.9432732085919469,0.9615384615384616,0.038461538461538464,19.21817118939385,50.0
point_gbdt_safety,HOUSEHOLD_2_355_CA_3,1662.7713144461736,1662.7713144461736,0.0,0.0,1.0,1.0,0.0,21.317580954438125,29.0
point_gbdt_safety,HOUSEHOLD_2_355_TX_2,1529.2583810925983,1529.2583810925983,0.0,0.0,1.0,1.0,0.0,19.605876680674335,21.0
point_gbdt_safety,HOUSEHOLD_2_358_CA_4,1599.5065319156952,1599.5065319156952,0.0,0.0,1.0,1.0,0.0,20.50649399891917,1.0
point_gbdt_safety,HOUSEHOLD_2_358_WI_2,1549.3821438933342,1549.3821438933342,0.0,0.0,1.0,1.0,0.0,19.86387363965813,16.0
point_gbdt_safety,HOUSEHOLD_2_370_TX_2,1501.6307896502399,1501.6307896502399,0.0,0.0,1.0,1.0,0.0,19.25167679038769,23.0
point_gbdt_safety,HOUSEHOLD_2_373_WI_3,1572.9233473306938,1572.9233473306938,0.0,0.0,1.0,1.0,0.0,20.1656839401371,10.0
point_gbdt_safety,HOUSEHOLD_2_382_TX_3,1579.421964039779,1579.421964039779,0.0,0.0,1.0,1.0,0.0,20.248999538971525,43.0
point_gbdt_safety,HOUSEHOLD_2_385_WI_1,1586.2832303996383,1586.2832303996383,0.0,0.0,1.0,1.0,0.0,20.336964492303057,15.0
point_gbdt_safety,HOUSEHOLD_2_392_CA_4,1521.6073861360853,1521.6073861360853,0.0,0.0,1.0,1.0,0.0,19.507787001744685,10.0
point_gbdt_safety,HOUSEHOLD_2_396_TX_3,1415.0690303697384,1415.0690303697384,0.0,0.0,1.0,1.0,0.0,18.141910645765876,21.0
point_gbdt_safety,HOUSEHOLD_2_396_WI_2,1524.2607955585463,1524.2607955585463,0.0,0.0,1.0,1.0,0.0,19.541805071263415,6.0
point_gbdt_safety,HOUSEHOLD_2_397_WI_2,1888.7846014830898,1888.7846014830898,0.0,0.0,1.0,1.0,0.0,24.21518719850115,4.0
point_gbdt_safety,HOUSEHOLD_2_401_TX_3,1254.8473308007644,1223.7099407173139,31.13739008345057,0.0,0.9572875307497248,0.9743589743589743,0.02564102564102564,15.688588983555306,81.0
point_gbdt_safety,HOUSEHOLD_2_405_CA_4,1447.4339488175565,1447.4339488175565,0.0,0.0,1.0,1.0,0.0,18.55684549766098,10.0
point_gbdt_safety,HOUSEHOLD_2_412_CA_1,1681.6512380241236,1681.6512380241236,0.0,0.0,1.0,1.0,0.0,21.559631256719534,6.0
point_gbdt_safety,HOUSEHOLD_2_417_TX_1,1496.5892588355546,1496.5892588355546,0.0,0.0,1.0,1.0,0.0,19.18704177994301,5.0
point_gbdt_safety,HOUSEHOLD_2_418_CA_2,1591.550141249698,1591.550141249698,0.0,0.0,1.0,1.0,0.0,20.404488990380745,21.0
point_gbdt_safety,HOUSEHOLD_2_420_CA_3,1578.0810433436013,1578.0810433436013,0.0,0.0,1.0,1.0,0.0,20.231808247994888,36.0
point_gbdt_safety,HOUSEHOLD_2_424_CA_1,1447.3291969538086,1447.3291969538086,0.0,0.0,1.0,1.0,0.0,18.55550252504883,22.0
point_gbdt_safety,HOUSEHOLD_2_424_CA_4,1523.3545583806783,1523.3545583806783,0.0,0.0,1.0,1.0,0.0,19.53018664590613,10.0
point_gbdt_safety,HOUSEHOLD_2_428_CA_4,1583.612596816353,1583.612596816353,0.0,0.0,1.0,1.0,0.0,20.302725600209655,0.0
point_gbdt_safety,HOUSEHOLD_2_429_WI_3,1534.2273693843445,1534.2273693843445,0.0,0.0,1.0,1.0,0.0,19.669581658773648,10.0
point_gbdt_safety,HOUSEHOLD_2_432_TX_3,1555.863781670856,1555.863781670856,0.0,0.0,1.0,1.0,0.0,19.94697155988277,27.0
point_gbdt_safety,HOUSEHOLD_2_436_CA_2,1722.069066330223,1722.069066330223,0.0,0.0,1.0,1.0,0.0,22.077808542695166,38.0
point_gbdt_safety,HOUSEHOLD_2_440_TX_2,2008.866082167478,1807.4157580369522,201.45032413052593,0.0,0.8497760446453946,0.8974358974358975,0.10256410256410256,23.171996897909644,149.0
point_gbdt_safety,HOUSEHOLD_2_445_WI_2,1577.7448069910242,1577.7448069910242,0.0,0.0,1.0,1.0,0.0,20.22749752552595,2.0
point_gbdt_safety,HOUSEHOLD_2_446_CA_3,1720.4870282943775,1720.4870282943775,0.0,0.0,1.0,1.0,0.0,22.057526003774072,13.0
point_gbdt_safety,HOUSEHOLD_2_451_TX_1,1434.712307023325,1434.712307023325,0.0,0.0,1.0,1.0,0.0,18.393747525940064,103.0
point_gbdt_safety,HOUSEHOLD_2_451_WI_2,1588.5441492703956,1588.5441492703956,0.0,0.0,1.0,1.0,0.0,20.365950631671737,87.0
point_gbdt_safety,HOUSEHOLD_2_459_WI_3,1530.1695370530024,1530.1695370530024,0.0,0.0,1.0,1.0,0.0,19.617558167346186,8.0
point_gbdt_safety,HOUSEHOLD_2_462_CA_4,1591.7311432582324,1591.7311432582324,0.0,0.0,1.0,1.0,0.0,20.406809528951698,11.0
point_gbdt_safety,HOUSEHOLD_2_462_TX_2,1541.0284054331128,1541.0284054331128,0.0,0.0,1.0,1.0,0.0,19.75677442862965,13.0
point_gbdt_safety,HOUSEHOLD_2_465_CA_1,1551.400947325725,1551.400947325725,0.0,0.0,1.0,1.0,0.0,19.88975573494519,88.0
point_gbdt_safety,HOUSEHOLD_2_468_TX_2,1442.1853528698466,1442.1853528698466,0.0,0.0,1.0,1.0,0.0,18.489555806023674,42.0
point_gbdt_safety,HOUSEHOLD_2_470_WI_2,1482.283087595412,1482.283087595412,0.0,0.0,1.0,1.0,0.0,19.00362932814631,44.0
point_gbdt_safety,HOUSEHOLD_2_475_CA_3,1680.185731855393,1680.185731855393,0.0,0.0,1.0,1.0,0.0,21.540842716094783,20.0
point_gbdt_safety,HOUSEHOLD_2_476_WI_2,1482.8545024217697,1482.8545024217697,0.0,0.0,1.0,1.0,0.0,19.010955159253456,19.0
point_gbdt_safety,HOUSEHOLD_2_478_TX_2,1501.9603890686042,1501.9603890686042,0.0,0.0,1.0,1.0,0.0,19.255902423956464,13.0
point_gbdt_safety,HOUSEHOLD_2_480_TX_1,1555.822334412501,1555.822334412501,0.0,0.0,1.0,1.0,0.0,19.946440184775653,15.0
point_gbdt_safety,HOUSEHOLD_2_483_TX_1,1471.6400142042655,1471.6400142042655,0.0,0.0,1.0,1.0,0.0,18.867179669285456,98.0
point_gbdt_safety,HOUSEHOLD_2_488_WI_3,1485.829697736533,1485.829697736533,0.0,0.0,1.0,1.0,0.0,19.04909868892991,14.0
point_gbdt_safety,HOUSEHOLD_2_490_WI_1,1502.1040163910538,1395.0022904418427,107.10172594921119,0.0,0.9062977025816175,0.9487179487179487,0.05128205128205128,17.88464474925439,127.0
point_gbdt_safety,HOUSEHOLD_2_491_TX_3,1522.8768079295317,1522.8768079295317,0.0,0.0,1.0,1.0,0.0,19.524061640122202,39.0
point_gbdt_safety,HOUSEHOLD_2_505_CA_4,1573.1446097091673,1573.1446097091673,0.0,0.0,1.0,1.0,0.0,20.168520637297018,9.0
point_gbdt_safety,HOUSEHOLD_2_507_CA_1,1433.809325265178,1433.809325265178,0.0,0.0,1.0,1.0,0.0,18.38217083673305,67.0
point_gbdt_safety,HOUSEHOLD_2_509_TX_1,1605.5223554844906,1605.5223554844906,0.0,0.0,1.0,1.0,0.0,20.583619942108854,36.0
point_gbdt_safety,HOUSEHOLD_2_509_WI_1,1498.650211616445,1498.650211616445,0.0,0.0,1.0,1.0,0.0,19.213464251492884,8.0
point_gbdt_safety,HOUSEHOLD_2_509_WI_2,1502.450526843841,1502.450526843841,0.0,0.0,1.0,1.0,0.0,19.262186241587706,14.0
point_gbdt_safety,HOUSEHOLD_2_510_CA_2,1587.0833379376006,1587.0833379376006,0.0,0.0,1.0,1.0,0.0,20.34722228125129,57.0
pp_quantile_fixed,FOODS_1_008_CA_1,533.3699148283409,527.1998661469881,6.170048681352778,0.0,0.9725775614162099,0.9871794871794872,0.01282051282051282,6.758972642910105,25.0
pp_quantile_fixed,FOODS_1_010_CA_3,531.4731206117822,448.83502140685613,82.638099204926,0.0,0.7913179313006918,0.8974358974358975,0.10256410256410256,5.754295146241745,44.0
pp_quantile_fixed,FOODS_1_010_WI_3,1037.82408424913,930.6366820713321,107.18740217779798,0.0,0.783459793580206,0.9358974358974359,0.0641025641025641,11.931239513735026,55.0
pp_quantile_fixed,FOODS_1_013_WI_1,1245.519375012828,1192.6547661440034,52.86460886882465,0.0,0.9530092365610447,0.9615384615384616,0.038461538461538464,15.290445719794915,125.0
pp_quantile_fixed,FOODS_1_014_WI_3,939.333695097971,821.9380688151157,117.39562628285532,0.0,0.8500694428060597,0.9358974358974359,0.0641025641025641,10.53766754891174,87.0
pp_quantile_fixed,FOODS_1_022_WI_3,638.2986897100726,638.2986897100726,0.0,0.0,1.0,1.0,0.0,8.18331653474452,1.0
pp_quantile_fixed,FOODS_1_024_TX_1,671.3789581633686,610.955731012139,60.42322715122949,0.0,0.8733265678171291,0.9230769230769231,0.07692307692307693,7.832765782206911,53.0
pp_quantile_fixed,FOODS_1_025_TX_1,658.6634911979927,634.8999590915074,23.763532106485236,0.0,0.9399910805391787,0.9615384615384616,0.038461538461538464,8.139743065275736,44.0
pp_quantile_fixed,FOODS_1_025_WI_1,986.7901251153681,967.2433869018957,19.546738213472345,0.0,0.9341860666213052,0.9743589743589743,0.02564102564102564,12.400556242331996,33.0
pp_quantile_fixed,FOODS_1_032_CA_2,2590.059443128973,1816.2679799742873,773.7914631546856,0.0,0.7731482078115843,0.7564102564102564,0.24358974358974358,23.285486922747275,379.0
pp_quantile_fixed,FOODS_1_040_TX_1,901.637042481775,894.6085344931616,7.028507988613381,0.0,0.9809525528763864,0.9871794871794872,0.01282051282051282,11.469340185809765,41.0
pp_quantile_fixed,FOODS_1_043_CA_3,17473.510854045995,17473.510854045995,0.0,0.0,1.0,1.0,0.0,224.0193699236666,42.0
pp_quantile_fixed,FOODS_1_045_CA_3,1676.1170976244427,1676.1170976244427,0.0,0.0,1.0,1.0,0.0,21.488680738774907,133.0
pp_quantile_fixed,FOODS_1_045_WI_2,1187.8024881492356,1144.9395804418434,42.862907707392196,0.0,0.9559023583257281,0.9615384615384616,0.038461538461538464,14.678712569767223,108.0
pp_quantile_fixed,FOODS_1_046_WI_3,2414.757047101711,1963.6112633356381,451.14578376607284,0.0,0.8143432988616984,0.782051282051282,0.21794871794871795,25.174503376097924,270.0
pp_quantile_fixed,FOODS_1_047_TX_2,1025.6607004173472,1025.6607004173472,0.0,0.0,1.0,1.0,0.0,13.14949615919676,62.0
pp_quantile_fixed,FOODS_1_054_CA_1,1112.9566257390236,725.5494886037475,387.4071371352761,0.0,0.6787668846307826,0.7948717948717948,0.20512820512820512,9.301916520560866,134.0
pp_quantile_fixed,FOODS_1_054_TX_3,552.0857499335226,498.8894058959756,53.19634403754697,0.0,0.8311227173411208,0.9487179487179487,0.05128205128205128,6.396018024307379,35.0
pp_quantile_fixed,FOODS_1_055_WI_2,1949.3297515037907,1750.5053878219308,198.82436368186004,0.0,0.8375617943775654,0.9102564102564102,0.08974358974358974,22.44237676694783,136.0
pp_quantile_fixed,FOODS_1_056_WI_1,1035.3469062356837,1035.3469062356837,0.0,0.0,1.0,1.0,0.0,13.273678285072869,1.0
pp_quantile_fixed,FOODS_1_057_CA_2,1779.1108853510366,1779.1108853510366,0.0,0.0,1.0,1.0,0.0,22.809113914756878,3.0
pp_quantile_fixed,FOODS_1_060_CA_4,537.0705381628401,537.0705381628401,0.0,0.0,1.0,1.0,0.0,6.885519720036411,39.0
pp_quantile_fixed,FOODS_1_062_TX_2,618.4110230852714,578.1468889663558,40.264134118915564,0.0,0.9048129217046913,0.9743589743589743,0.02564102564102564,7.4121396021327675,47.0
pp_quantile_fixed,FOODS_1_064_WI_3,437.78183819794657,437.78183819794657,0.0,0.0,1.0,1.0,0.0,5.612587669204443,18.0
pp_quantile_fixed,FOODS_1_066_WI_1,1332.9517656068574,1125.1547375352384,207.79702807161902,0.0,0.8625681031272362,0.8589743589743589,0.14102564102564102,14.425060737631261,168.0
pp_quantile_fixed,FOODS_1_069_CA_3,3025.6191961862723,2684.5850426870084,341.03415349926377,0.0,0.8830472724625296,0.9102564102564102,0.08974358974358974,34.41775695752575,324.0
pp_quantile_fixed,FOODS_1_078_TX_2,788.6315695903539,743.255743232125,45.37582635822885,0.0,0.882749802691915,0.9487179487179487,0.05128205128205128,9.528919785027243,43.0
pp_quantile_fixed,FOODS_1_081_WI_1,756.9448217640371,649.9979628458514,106.9468589181857,0.0,0.8226420250113007,0.9230769230769231,0.07692307692307693,8.333307215972454,67.0
pp_quantile_fixed,FOODS_1_083_WI_3,1783.147520578962,1767.0599970524022,16.08752352655972,0.0,0.9805706237601935,0.9871794871794872,0.01282051282051282,22.65461534682567,92.0
pp_quantile_fixed,FOODS_1_085_CA_4,4043.349711340416,3111.106222108995,932.243489231421,0.0,0.8503141475222509,0.7948717948717948,0.20512820512820512,39.88597720652558,692.0
pp_quantile_fixed,FOODS_1_086_CA_2,1399.6961119431994,1256.7875294072726,142.90858253592688,0.0,0.918570608241637,0.8974358974358975,0.10256410256410256,16.11266063342657,195.0
pp_quantile_fixed,FOODS_1_086_WI_2,1884.1330299047327,1163.3787696529812,720.7542602517515,0.0,0.6834632146456954,0.7051282051282052,0.2948717948717949,14.915112431448478,253.0
pp_quantile_fixed,FOODS_1_089_CA_1,654.3611586419834,617.0269624787384,37.334196163244954,0.0,0.8703673744331772,0.9487179487179487,0.05128205128205128,7.910602083060748,32.0
pp_quantile_fixed,FOODS_1_091_TX_3,708.2362674211554,708.2362674211554,0.0,0.0,1.0,1.0,0.0,9.07995214642507,4.0
pp_quantile_fixed,FOODS_1_094_WI_1,583.5218220502196,470.07386674536133,113.44795530485828,0.0,0.8090101762544474,0.8974358974358975,0.10256410256410256,6.02658803519694,66.0
pp_quantile_fixed,FOODS_1_098_CA_2,552.9478999160426,552.9478999160426,0.0,0.0,1.0,1.0,0.0,7.0890756399492645,13.0
pp_quantile_fixed,FOODS_1_098_TX_1,540.6845043799482,405.8110447809987,134.8734595989495,0.0,0.7460010177044266,0.8974358974358975,0.10256410256410256,5.202705702320496,59.0
pp_quantile_fixed,FOODS_1_099_CA_2,4535.655727319474,3281.6125246496154,1254.0432026698588,0.0,0.7938785005473604,0.7564102564102564,0.24358974358974358,42.071955444225836,676.0
pp_quantile_fixed,FOODS_1_099_TX_1,3291.0099850110664,2289.7718301806344,1001.2381548304318,0.0,0.7204806937938493,0.7307692307692307,0.2692307692307692,29.35604910487993,398.0
pp_quantile_fixed,FOODS_1_101_CA_1,3012.274747977121,3012.274747977121,0.0,0.0,1.0,1.0,0.0,38.6189070253477,0.0
pp_quantile_fixed,FOODS_1_102_TX_2,778.0134243021037,671.345058635867,106.6683656662367,0.0,0.8257052848590904,0.8717948717948718,0.1282051282051282,8.606987931229064,68.0
pp_quantile_fixed,FOODS_1_106_CA_1,1004.9235097945116,771.2433753066565,233.68013448785507,0.0,0.7617939505730326,0.8205128205128205,0.1794871794871795,9.88773558085457,109.0
pp_quantile_fixed,FOODS_1_107_TX_2,572.8497610611502,572.8497610611502,0.0,0.0,1.0,1.0,0.0,7.344227705912181,28.0
pp_quantile_fixed,FOODS_1_111_WI_2,429.0752351039247,429.0752351039247,0.0,0.0,1.0,1.0,0.0,5.500964552614419,9.0
pp_quantile_fixed,FOODS_1_119_WI_1,752.9860886186891,559.9817150266581,193.00437359203096,0.0,0.6649229625138351,0.8589743589743589,0.14102564102564102,7.179252756752027,64.0
pp_quantile_fixed,FOODS_1_122_WI_3,1073.5120225138867,790.9577392103207,282.5542833035661,0.0,0.689159204286506,0.7692307692307693,0.23076923076923078,10.140483836029754,101.0
pp_quantile_fixed,FOODS_1_131_CA_1,553.8762896455299,533.7776218906496,20.098667754880328,0.0,0.9614968050672792,0.9615384615384616,0.038461538461538464,6.843302844751918,58.0
pp_quantile_fixed,FOODS_1_132_WI_3,519.7982110275324,411.18964925757854,108.60856176995382,0.0,0.7723090948218997,0.8717948717948718,0.1282051282051282,5.271662169968955,53.0
pp_quantile_fixed,FOODS_1_134_CA_2,478.1138482736485,392.1036917031155,86.01015657053298,0.0,0.8529740913324223,0.9230769230769231,0.07692307692307693,5.026970406450198,65.0
pp_quantile_fixed,FOODS_1_139_TX_3,1522.4997780273911,1013.0682969252604,509.43148110213065,0.0,0.6956801188159315,0.782051282051282,0.21794871794871795,12.988055088785389,186.0
pp_quantile_fixed,FOODS_1_143_CA_1,1637.612995221968,1394.076146316193,243.53684890577517,0.0,0.7817770171095204,0.9230769230769231,0.07692307692307693,17.872771106617858,124.0
pp_quantile_fixed,FOODS_1_143_WI_2,1670.4932809735462,1670.4932809735462,0.0,0.0,1.0,1.0,0.0,21.416580525301875,34.0
pp_quantile_fixed,FOODS_1_147_TX_2,343.87659188352603,323.4520168792949,20.42457500423113,0.0,0.9351600793516472,0.9615384615384616,0.038461538461538464,4.146820729221729,35.0
pp_quantile_fixed,FOODS_1_149_CA_3,1395.7861256526983,1311.68921044832,84.0969152043784,0.0,0.928670979470417,0.9487179487179487,0.05128205128205128,16.816528339081025,131.0
pp_quantile_fixed,FOODS_1_156_TX_3,623.1058728078685,576.7033020878758,46.40257071999271,0.0,0.8925866418518688,0.9358974358974359,0.0641025641025641,7.3936320780496905,48.0
pp_quantile_fixed,FOODS_1_159_CA_4,1674.9852506321097,1674.9852506321097,0.0,0.0,1.0,1.0,0.0,21.47416987989884,14.0
pp_quantile_fixed,FOODS_1_161_CA_4,4820.2556112837965,4443.00288874616,377.25272253763603,0.0,0.8652187486467895,0.9230769230769231,0.07692307692307693,56.961575496745645,311.0
pp_quantile_fixed,FOODS_1_161_WI_3,3409.8709842584376,2488.997110565163,920.8738736932744,0.0,0.7903292637310395,0.717948717948718,0.28205128205128205,31.910219366220037,488.0
pp_quantile_fixed,FOODS_1_168_WI_1,612.9373692744454,561.0576836122557,51.879685662189694,0.0,0.8198622025618414,0.9358974358974359,0.0641025641025641,7.19304722579815,32.0
pp_quantile_fixed,FOODS_1_174_TX_2,336.5427637388898,318.34726897106043,18.195494767829345,0.0,0.9387357078524264,0.9743589743589743,0.02564102564102564,4.081375243218724,33.0
pp_quantile_fixed,FOODS_1_175_CA_3,1128.1891443183106,1026.2369105310204,101.95223378729028,0.0,0.8651425479004098,0.8974358974358975,0.10256410256410256,13.156883468346415,84.0
pp_quantile_fixed,FOODS_1_183_CA_2,1188.1459088079068,1079.9044950824064,108.24141372550059,0.0,0.9134760881490803,0.9358974358974359,0.0641025641025641,13.844929424133415,139.0
pp_quantile_fixed,FOODS_1_183_CA_4,858.2759684198559,708.196700068576,150.0792683512799,0.0,0.8167530300961174,0.8846153846153846,0.11538461538461539,9.07944487267405,91.0
pp_quantile_fixed,FOODS_1_185_WI_1,1184.387771588537,902.4366468028484,281.9511247856885,0.0,0.7493767779682768,0.8461538461538461,0.15384615384615385,11.569700600036517,125.0
pp_quantile_fixed,FOODS_1_191_TX_1,432.2596744029182,366.9545873904294,65.3050870124888,0.0,0.8185969805208645,0.9230769230769231,0.07692307692307693,4.704545992184992,40.0
pp_quantile_fixed,FOODS_1_192_CA_4,1395.0580002736565,1395.0580002736565,0.0,0.0,1.0,1.0,0.0,17.88535897786739,3.0
pp_quantile_fixed,FOODS_1_203_WI_1,768.4636729535958,710.4096952414216,58.05397771217426,0.0,0.8805473709626044,0.9615384615384616,0.038461538461538464,9.10781660565925,54.0
pp_quantile_fixed,FOODS_1_207_CA_4,782.513814084371,589.8044284707648,192.70938561360623,0.0,0.7879984756726004,0.8717948717948718,0.1282051282051282,7.561595236804678,101.0
pp_quantile_fixed,FOODS_1_208_WI_3,701.7467592934931,571.2887570260156,130.4580022674776,0.0,0.8253574266834303,0.8589743589743589,0.14102564102564102,7.324214833666866,83.0
pp_quantile_fixed,FOODS_1_209_CA_4,1098.681610432983,1098.681610432983,0.0,0.0,1.0,1.0,0.0,14.08566167221773,1.0
pp_quantile_fixed,FOODS_1_214_TX_3,814.5630533180846,814.5630533180846,0.0,0.0,1.0,1.0,0.0,10.443116068180572,19.0
pp_quantile_fixed,FOODS_1_215_CA_1,1777.8464986033,1550.1078028161724,227.73869578712757,0.0,0.7678504630100635,0.9230769230769231,0.07692307692307693,19.8731769591817,109.0
pp_quantile_fixed,FOODS_2_001_TX_1,927.8969557494922,764.1607664245693,163.73618932492303,0.0,0.7859657655883359,0.8974358974358975,0.10256410256410256,9.796932902879092,85.0
pp_quantile_fixed,FOODS_2_002_CA_3,876.2058118544807,745.6805855660056,130.5252262884751,0.0,0.8388577453228703,0.8846153846153846,0.11538461538461539,9.560007507256481,90.0
pp_quantile_fixed,FOODS_2_004_CA_1,799.51085469623,653.0161490585609,146.49470563766909,0.0,0.8492852822657725,0.9102564102564102,0.08974358974358974,8.37200191100719,108.0
pp_quantile_fixed,FOODS_2_009_CA_1,916.5635023427449,916.5635023427449,0.0,0.0,1.0,1.0,0.0,11.750814132599293,77.0
pp_quantile_fixed,FOODS_2_009_WI_1,1412.033432185011,1097.0796921077738,314.9537400772371,0.0,0.758656137871849,0.8333333333333334,0.16666666666666666,14.065124257791972,145.0
pp_quantile_fixed,FOODS_2_012_CA_3,634.2468275257461,634.2468275257461,0.0,0.0,1.0,1.0,0.0,8.131369583663412,28.0
pp_quantile_fixed,FOODS_2_014_CA_3,1007.9313649654991,841.1535390829235,166.7778258825756,0.0,0.8109094944641999,0.8589743589743589,0.14102564102564102,10.784019731832354,98.0
pp_quantile_fixed,FOODS_2_014_TX_1,555.101357921082,550.4441633880397,4.657194533042368,0.0,0.9821563427852783,0.9871794871794872,0.01282051282051282,7.056976453692816,29.0
pp_quantile_fixed,FOODS_2_015_CA_1,850.8274577871645,788.3111780229232,62.51627976424124,0.0,0.8861269949649522,0.9358974358974359,0.0641025641025641,10.106553564396451,61.0
pp_quantile_fixed,FOODS_2_017_WI_1,493.6341844426387,440.28768365796014,53.346500784678554,0.0,0.8682802449761025,0.9358974358974359,0.0641025641025641,5.644713893050771,45.0
pp_quantile_fixed,FOODS_2_017_WI_3,380.4471371377924,380.4471371377924,0.0,0.0,1.0,1.0,0.0,4.877527399202467,2.0
pp_quantile_fixed,FOODS_2_024_CA_4,765.2996503560285,663.3136934072326,101.9859569487959,0.0,0.822941046963896,0.8846153846153846,0.11538461538461539,8.504021710349136,64.0
pp_quantile_fixed,FOODS_2_024_TX_2,913.4274024777641,906.089903541503,7.337498936261083,0.0,0.9779654686598765,0.9871794871794872,0.01282051282051282,11.616537224891063,37.0
pp_quantile_fixed,FOODS_2_029_TX_3,2571.136741503492,1760.8815969227996,810.2551445806924,0.0,0.672624184007801,0.8205128205128205,0.1794871794871795,22.575405088753843,275.0
pp_quantile_fixed,FOODS_2_031_TX_1,1807.0777870276977,1807.0777870276977,0.0,0.0,1.0,1.0,0.0,23.167663936252534,9.0
pp_quantile_fixed,FOODS_2_034_WI_3,1107.9403757765094,1099.8110044960272,8.129371280482296,0.0,0.9900740277405587,0.9871794871794872,0.01282051282051282,14.1001410832824,91.0
pp_quantile_fixed,FOODS_2_043_TX_2,826.6371764218734,787.3393038244498,39.297872597423634,0.0,0.8440560611213348,0.9487179487179487,0.05128205128205128,10.094093638774996,28.0
pp_quantile_fixed,FOODS_2_045_TX_1,1370.4281571398055,1370.4281571398055,0.0,0.0,1.0,1.0,0.0,17.569591758202634,16.0
pp_quantile_fixed,FOODS_2_046_CA_3,602.5440483254412,602.5440483254412,0.0,0.0,1.0,1.0,0.0,7.7249236964800145,19.0
pp_quantile_fixed,FOODS_2_047_CA_4,676.8265439495806,550.1119499741136,126.71459397546703,0.0,0.807131516019076,0.8589743589743589,0.14102564102564102,7.052717307360431,73.0
pp_quantile_fixed,FOODS_2_047_WI_3,857.7198533796244,727.0836787335832,130.63617464604127,0.0,0.801162595668126,0.9102564102564102,0.08974358974358974,9.321585624789527,73.0
pp_quantile_fixed,FOODS_2_051_WI_3,857.0938902806656,728.9963957848286,128.09749449583705,0.0,0.8076614196759203,0.9102564102564102,0.08974358974358974,9.346107638267032,74.0
pp_quantile_fixed,FOODS_2_055_TX_1,865.2909073785609,763.9765679443544,101.31433943420647,0.0,0.8815036965681796,0.9358974358974359,0.0641025641025641,9.79457138390198,95.0
pp_quantile_fixed,FOODS_2_067_CA_2,2862.282458957498,2862.282458957498,0.0,0.0,1.0,1.0,0.0,36.69592896099356,15.0
pp_quantile_fixed,FOODS_2_067_WI_3,1252.5926400808332,1252.5926400808332,0.0,0.0,1.0,1.0,0.0,16.058880001036325,0.0
pp_quantile_fixed,FOODS_2_082_TX_3,1700.437776038826,1423.5005314313787,276.9372446074474,0.0,0.8476692823941433,0.8717948717948718,0.1282051282051282,18.250006813222804,202.0
pp_quantile_fixed,FOODS_2_084_WI_1,704.8686867569666,674.2445051502277,30.62418160673888,0.0,0.9513901879258112,0.9487179487179487,0.05128205128205128,8.644160322438816,70.0
pp_quantile_fixed,FOODS_2_085_TX_2,575.8903037921184,554.9799023872201,20.910401404898224,0.0,0.9372060017870925,0.9743589743589743,0.02564102564102564,7.115126953682309,37.0
pp_quantile_fixed,FOODS_2_087_WI_3,746.4782647580644,746.4782647580644,0.0,0.0,1.0,1.0,0.0,9.570234163564928,18.0
pp_quantile_fixed,FOODS_2_100_WI_3,1229.6386303180452,915.9137395653322,313.7248907527131,0.0,0.7474034696032905,0.8589743589743589,0.14102564102564102,11.742483840581182,138.0
pp_quantile_fixed,FOODS_2_101_WI_1,779.9346732042218,709.9045709570047,70.03010224721704,0.0,0.9172221013626276,0.9487179487179487,0.05128205128205128,9.101340653294931,94.0
pp_quantile_fixed,FOODS_2_104_CA_2,742.8669978424741,713.7569016394175,29.11009620305657,0.0,0.9502391517896469,0.9615384615384616,0.038461538461538464,9.15072950819766,65.0
pp_quantile_fixed,FOODS_2_105_TX_3,707.6069393091889,665.0780710382977,42.52886827089118,0.0,0.9108409470211926,0.9487179487179487,0.05128205128205128,8.526641936388431,53.0
pp_quantile_fixed,FOODS_2_107_CA_1,900.5217569637056,785.1202308420308,115.40152612167483,0.0,0.8455133519120819,0.8846153846153846,0.11538461538461539,10.06564398515424,83.0
pp_quantile_fixed,FOODS_2_107_CA_3,1494.8783602744736,1149.9526227104664,344.92573756400725,0.0,0.6779404878020474,0.8589743589743589,0.14102564102564102,14.742982342441877,119.0
pp_quantile_fixed,FOODS_2_108_TX_1,537.3149763204613,487.79468124961795,49.52029507084336,0.0,0.8689939283840123,0.9358974358974359,0.0641025641025641,6.253777964738692,42.0
pp_quantile_fixed,FOODS_2_108_WI_2,1127.8428579390325,858.1922421408899,269.65061579814244,0.0,0.7828900033831381,0.8076923076923077,0.19230769230769232,11.002464642831923,138.0
pp_quantile_fixed,FOODS_2_116_TX_3,1093.6991885644586,1023.1969900131875,70.50219855127108,0.0,0.8969266103051592,0.9358974358974359,0.0641025641025641,13.117910128374199,76.0
pp_quantile_fixed,FOODS_2_117_WI_2,2419.0779870979504,2100.1454577566724,318.93252934127815,0.0,0.8425024546462823,0.8589743589743589,0.14102564102564102,26.924941766111186,225.0
pp_quantile_fixed,FOODS_2_118_CA_2,424.5827996511887,377.5153772536471,47.06742239754157,0.0,0.8659047794941835,0.9230769230769231,0.07692307692307693,4.839940734021117,39.0
pp_quantile_fixed,FOODS_2_118_CA_4,465.0305769033574,326.0570707964622,138.9735061068952,0.0,0.7030480638741555,0.8717948717948718,0.1282051282051282,4.1802188563649,52.0
pp_quantile_fixed,FOODS_2_124_CA_4,621.0646058169913,621.0646058169913,0.0,0.0,1.0,1.0,0.0,7.9623667412434775,21.0
pp_quantile_fixed,FOODS_2_124_WI_2,517.3601860966229,517.3601860966229,0.0,0.0,1.0,1.0,0.0,6.632822898674653,18.0
pp_quantile_fixed,FOODS_2_128_TX_3,9657.549314516556,8698.605483867534,958.9438306490229,0.0,0.6780987476841145,0.8205128205128205,0.1794871794871795,111.52058312650684,331.0
pp_quantile_fixed,FOODS_2_129_TX_2,293.16708919769957,293.16708919769957,0.0,0.0,1.0,1.0,0.0,3.758552425611533,16.0
pp_quantile_fixed,FOODS_2_130_WI_2,1426.758565148748,1349.2644474493995,77.49411769934846,0.0,0.9605024884305053,0.9358974358974359,0.0641025641025641,17.298262146787174,218.0
pp_quantile_fixed,FOODS_2_132_TX_2,533.7193129011249,533.7193129011249,0.0,0.0,1.0,1.0,0.0,6.842555293604166,0.0
pp_quantile_fixed,FOODS_2_133_TX_2,665.8084972706558,616.4122241777603,49.396273092895534,0.0,0.8964438719226508,0.9487179487179487,0.05128205128205128,7.902720822791799,53.0
pp_quantile_fixed,FOODS_2_133_TX_3,565.0431162477429,379.03155630504136,186.01155994270152,0.0,0.6555341482542564,0.8461538461538461,0.15384615384615385,4.85937892698771,60.0
pp_quantile_fixed,FOODS_2_141_CA_3,909.0387706302936,819.527114008606,89.51165662168759,0.0,0.9246534876921821,0.9102564102564102,0.08974358974358974,10.506757871905204,132.0
pp_quantile_fixed,FOODS_2_146_WI_1,973.7847605175768,811.1525857258457,162.63217479173113,0.0,0.8442220547971925,0.9102564102564102,0.08974358974358974,10.39939212469033,116.0
pp_quantile_fixed,FOODS_2_148_CA_2,918.1106565468781,918.1106565468781,0.0,0.0,1.0,1.0,0.0,11.770649442908693,58.0
pp_quantile_fixed,FOODS_2_149_TX_1,1822.1230175689032,1266.2670327526741,555.855984816229,0.0,0.7596818050945832,0.7692307692307693,0.23076923076923078,16.234192727598387,257.0
pp_quantile_fixed,FOODS_2_155_CA_4,1021.1573964668607,1021.1573964668607,0.0,0.0,1.0,1.0,0.0,13.091761493164881,10.0
pp_quantile_fixed,FOODS_2_159_CA_1,472.4692492839381,452.63378700186524,19.835462282072875,0.0,0.9265353248812116,0.9615384615384616,0.038461538461538464,5.802997269254683,30.0
pp_quantile_fixed,FOODS_2_163_TX_3,946.782418692606,785.5242998914671,161.25811880113898,0.0,0.7578706924907823,0.8717948717948718,0.1282051282051282,10.07082435758291,74.0
pp_quantile_fixed,FOODS_2_165_CA_4,595.835005352786,595.835005352786,0.0,0.0,1.0,1.0,0.0,7.6389103250357175,10.0
pp_quantile_fixed,FOODS_2_165_TX_1,332.9797032825385,332.9797032825385,0.0,0.0,1.0,1.0,0.0,4.26897055490434,4.0
pp_quantile_fixed,FOODS_2_166_TX_2,2080.3570497011324,2080.3570497011324,0.0,0.0,1.0,1.0,0.0,26.671244226937596,11.0
pp_quantile_fixed,FOODS_2_169_TX_3,455.4840319348432,449.98260447257695,5.501427462266251,0.0,0.9592486854646946,0.9871794871794872,0.01282051282051282,5.769007749648423,15.0
pp_quantile_fixed,FOODS_2_172_CA_2,717.9115000733279,545.3395925594097,172.5719075139183,0.0,0.8120131726427906,0.9102564102564102,0.08974358974358974,6.991533237941149,102.0
pp_quantile_fixed,FOODS_2_176_WI_3,595.7632819367703,595.7632819367703,0.0,0.0,1.0,1.0,0.0,7.637990794061158,16.0
pp_quantile_fixed,FOODS_2_177_WI_1,745.917435178355,698.8677719271578,47.0496632511972,0.0,0.8887714816756568,0.9743589743589743,0.02564102564102564,8.959843229835357,47.0
pp_quantile_fixed,FOODS_2_182_TX_3,594.4232648924225,577.0512816968385,17.371983195584022,0.0,0.9377348272559713,0.9743589743589743,0.02564102564102564,7.398093355087673,31.0
pp_quantile_fixed,FOODS_2_183_CA_4,1363.399905340615,960.7877600056788,402.61214533493626,0.0,0.8020589255973765,0.8205128205128205,0.1794871794871795,12.3177917949446,226.0
pp_quantile_fixed,FOODS_2_186_TX_1,370.0617109208431,370.0617109208431,0.0,0.0,1.0,1.0,0.0,4.7443809092415785,38.0
pp_quantile_fixed,FOODS_2_187_CA_1,478.09280970157823,443.0874826769942,35.00532702458399,0.0,0.9189691504060556,0.9487179487179487,0.05128205128205128,5.680608752269157,48.0
pp_quantile_fixed,FOODS_2_192_CA_2,1194.8457968539385,1139.8934006570555,54.95239619688299,0.0,0.9473636051753994,0.9358974358974359,0.0641025641025641,14.614017957141737,116.0
pp_quantile_fixed,FOODS_2_192_TX_1,1001.6844669989656,1001.6844669989656,0.0,0.0,1.0,1.0,0.0,12.84210855126879,20.0
pp_quantile_fixed,FOODS_2_198_CA_4,506.18059156190316,458.6582442812854,47.522347280617744,0.0,0.7359869595521237,0.9358974358974359,0.0641025641025641,5.8802339010421205,20.0
pp_quantile_fixed,FOODS_2_200_TX_1,1003.6751787644637,938.0111575080698,65.66402125639391,0.0,0.7567999212726152,0.9487179487179487,0.05128205128205128,12.025784070616279,30.0
pp_quantile_fixed,FOODS_2_201_WI_3,950.4431871879951,731.3374386482938,219.10574853970132,0.0,0.8036686841042103,0.8461538461538461,0.15384615384615385,9.376121008311458,124.0
pp_quantile_fixed,FOODS_2_202_WI_3,586.6318552264224,562.0742386681928,24.557616558229654,0.0,0.9503886534177178,0.9743589743589743,0.02564102564102564,7.206079982925549,55.0
pp_quantile_fixed,FOODS_2_204_CA_4,1273.3216022154522,1043.8390436427574,229.4825585726948,0.0,0.848225821049805,0.8461538461538461,0.15384615384615385,13.382551841573813,168.0
pp_quantile_fixed,FOODS_2_206_CA_3,1456.2721201768638,1330.5580233806527,125.71409679621112,0.0,0.9223987056813512,0.9230769230769231,0.07692307692307693,17.058436197187856,180.0
pp_quantile_fixed,FOODS_2_207_CA_3,473.69151276843866,473.69151276843866,0.0,0.0,1.0,1.0,0.0,6.0729681124158805,13.0
pp_quantile_fixed,FOODS_2_208_TX_1,981.1857302066354,954.172806732962,27.012923473673354,0.0,0.9772618489278843,0.9743589743589743,0.02564102564102564,12.232984701704641,132.0
pp_quantile_fixed,FOODS_2_212_CA_2,960.1895036026153,901.1666602093276,59.022843393287715,0.0,0.9419637724746432,0.9615384615384616,0.038461538461538464,11.553418720632404,113.0
pp_quantile_fixed,FOODS_2_214_CA_3,883.2012938606294,883.2012938606294,0.0,0.0,1.0,1.0,0.0,11.323093511033711,36.0
pp_quantile_fixed,FOODS_2_218_CA_4,504.9130985831486,472.96948151705055,31.94361706609805,0.0,0.9275654941811836,0.9487179487179487,0.05128205128205128,6.063711301500648,49.0
pp_quantile_fixed,FOODS_2_219_TX_1,919.3758160435441,889.1376413373386,30.238174706205534,0.0,0.9115842844847791,0.9615384615384616,0.038461538461538464,11.39920052996588,38.0
pp_quantile_fixed,FOODS_2_224_TX_2,476.9785318111369,432.02453079971497,44.95400101142196,0.0,0.9057568112968093,0.9358974358974359,0.0641025641025641,5.538776035893782,53.0
pp_quantile_fixed,FOODS_2_231_CA_1,1268.09328688381,1268.09328688381,0.0,0.0,1.0,1.0,0.0,16.257606242100128,40.0
pp_quantile_fixed,FOODS_2_234_WI_3,552.364065605871,552.364065605871,0.0,0.0,1.0,1.0,0.0,7.081590584690654,16.0
pp_quantile_fixed,FOODS_2_235_CA_2,1156.6739824904773,1074.3878260028068,82.28615648767048,0.0,0.8924363967481432,0.9487179487179487,0.05128205128205128,13.774202897471882,85.0
pp_quantile_fixed,FOODS_2_241_CA_3,4518.938003666062,3058.9637676218035,1459.9742360442583,0.0,0.7992334658905035,0.7692307692307693,0.23076923076923078,39.217484200279536,808.0
pp_quantile_fixed,FOODS_2_241_WI_3,1947.6640108405252,1495.0928599871597,452.57115085336545,0.0,0.8164756079264536,0.8461538461538461,0.15384615384615385,19.16785717932256,274.0
pp_quantile_fixed,FOODS_2_242_CA_3,1430.251761567512,1326.0449361264446,104.20682544106737,0.0,0.8993170768685339,0.9230769230769231,0.07692307692307693,17.000576104185185,115.0
pp_quantile_fixed,FOODS_2_242_WI_1,1564.0218592357733,1068.9291913668364,495.0926678689369,0.0,0.682021407919758,0.8333333333333334,0.16666666666666666,13.70422040213893,173.0
pp_quantile_fixed,FOODS_2_250_WI_2,1492.5651964312133,1426.776912289373,65.78828414184028,0.0,0.8761049262865531,0.9615384615384616,0.038461538461538464,18.292011696017603,59.0
pp_quantile_fixed,FOODS_2_253_CA_1,717.7569992611836,546.716825936905,171.0401733242786,0.0,0.7978248542266211,0.8205128205128205,0.1794871794871795,7.009190076114167,94.0
pp_quantile_fixed,FOODS_2_254_TX_3,830.3830235322419,735.4425396369286,94.9404838953132,0.0,0.7931579871561802,0.8974358974358975,0.10256410256410256,9.42875050816575,51.0
pp_quantile_fixed,FOODS_2_254_WI_1,326.69576253680555,278.4501339348486,48.24562860195693,0.0,0.8014583185104653,0.9487179487179487,0.05128205128205128,3.569873511985239,27.0
pp_quantile_fixed,FOODS_2_255_TX_2,5880.999999999999,5880.999999999999,0.0,0.0,1.0,1.0,0.0,75.39743589743588,62.0
pp_quantile_fixed,FOODS_2_261_WI_2,997.7448592632745,966.4148190076115,31.33004025566297,0.0,0.9608863417532298,0.9615384615384616,0.038461538461538464,12.38993357702066,89.0
pp_quantile_fixed,FOODS_2_270_CA_3,821.424197588947,819.1290864858779,2.295111103069072,0.0,0.9858326475119193,0.9871794871794872,0.01282051282051282,10.501654954947153,18.0
pp_quantile_fixed,FOODS_2_270_WI_2,600.8910196007464,570.3124287122241,30.578590888522278,0.0,0.9029251082904054,0.9743589743589743,0.02564102564102564,7.311697804002874,35.0
pp_quantile_fixed,FOODS_2_271_WI_2,423.6995488799664,423.6995488799664,0.0,0.0,1.0,1.0,0.0,5.4320454984611075,13.0
pp_quantile_fixed,FOODS_2_273_TX_3,418.0233243255085,396.73138774176726,21.291936583741236,0.0,0.8521393292795747,0.9743589743589743,0.02564102564102564,5.08629984284317,16.0
pp_quantile_fixed,FOODS_2_274_CA_3,1950.369161381439,1598.1626849965312,352.2064763849078,0.0,0.8453199488867335,0.8974358974358975,0.10256410256410256,20.489265192263222,253.0
pp_quantile_fixed,FOODS_2_274_TX_2,1683.6902260589497,1680.5344520349736,3.155774023976079,0.0,0.9974217532483856,0.9871794871794872,0.01282051282051282,21.545313487627865,136.0
pp_quantile_fixed,FOODS_2_278_CA_4,666.6472520007607,515.0218520191731,151.62539998158752,0.0,0.7192122222563194,0.8974358974358975,0.10256410256410256,6.6028442566560654,60.0
pp_quantile_fixed,FOODS_2_284_TX_3,536.0305087526592,524.7931492744281,11.237359478231184,0.0,0.9500561800967503,0.9871794871794872,0.01282051282051282,6.728117298390103,25.0
pp_quantile_fixed,FOODS_2_284_WI_2,637.0768253594168,556.0604495395485,81.01637581986837,0.0,0.8301543483860202,0.9358974358974359,0.0641025641025641,7.128980122301903,53.0
pp_quantile_fixed,FOODS_2_290_WI_1,1014.7589254558125,819.7881677084657,194.97075774734677,0.0,0.8452613033751216,0.8846153846153846,0.11538461538461539,10.5101047142111,140.0
pp_quantile_fixed,FOODS_2_298_TX_2,1672.7889825328152,1672.7889825328152,0.0,0.0,1.0,1.0,0.0,21.446012596574555,41.0
pp_quantile_fixed,FOODS_2_306_TX_1,743.3769474542053,729.1184893673569,14.258458086848384,0.0,0.9669943099841473,0.9871794871794872,0.01282051282051282,9.34767294060714,48.0
pp_quantile_fixed,FOODS_2_309_TX_2,962.2668470661687,930.8886154531476,31.37823161302102,0.0,0.9377416039424187,0.9358974358974359,0.0641025641025641,11.934469428886509,56.0
pp_quantile_fixed,FOODS_2_311_WI_3,896.4294387490943,721.940810424624,174.48862832447026,0.0,0.7869491717649936,0.8589743589743589,0.14102564102564102,9.255651415700308,91.0
pp_quantile_fixed,FOODS_2_312_CA_1,685.7851038749765,681.8242748396697,3.9608290353068316,0.0,0.9858034801601906,0.9871794871794872,0.01282051282051282,8.741336856918842,31.0
pp_quantile_fixed,FOODS_2_312_TX_2,809.3565177596581,744.5534208905401,64.80309686911806,0.0,0.89858670286523,0.9230769230769231,0.07692307692307693,9.545556678083848,71.0
pp_quantile_fixed,FOODS_2_313_CA_4,1107.723199891094,1107.723199891094,0.0,0.0,1.0,1.0,0.0,14.201579485783258,2.0
pp_quantile_fixed,FOODS_2_321_WI_1,524.4764032405891,411.8793567760724,112.59704646451667,0.0,0.8160178979337962,0.8974358974358975,0.10256410256410256,5.280504574052211,68.0
pp_quantile_fixed,FOODS_2_325_WI_3,3566.8701591290805,2460.1858449856068,1106.6843141434738,0.0,0.7603022927997674,0.7692307692307693,0.23076923076923078,31.540844166482138,513.0
pp_quantile_fixed,FOODS_2_326_WI_1,3417.8698354130806,2747.6717721254827,670.198063287598,0.0,0.8562423716671819,0.8461538461538461,0.15384615384615385,35.22656118109593,518.0
pp_quantile_fixed,FOODS_2_329_TX_3,351.2510192872622,351.2510192872622,0.0,0.0,1.0,1.0,0.0,4.503218195990541,19.0
pp_quantile_fixed,FOODS_2_332_TX_2,668.7534301550446,668.7534301550446,0.0,0.0,1.0,1.0,0.0,8.573761925064675,46.0
pp_quantile_fixed,FOODS_2_332_WI_1,467.6510257381151,467.6510257381151,0.0,0.0,1.0,1.0,0.0,5.995525971001475,37.0
pp_quantile_fixed,FOODS_2_338_TX_3,966.8739912524677,851.5797917612986,115.29419949116914,0.0,0.8932461115822508,0.8974358974358975,0.10256410256410256,10.917689637965367,120.0
pp_quantile_fixed,FOODS_2_340_WI_2,1086.0397229953383,1015.4783000716925,70.56142292364567,0.0,0.9147808901888337,0.9358974358974359,0.0641025641025641,13.0189525650217,92.0
pp_quantile_fixed,FOODS_2_342_CA_3,2773.3865744141603,2028.106023526047,745.2805508881135,0.0,0.80377026042967,0.8076923076923077,0.19230769230769232,26.001359275974963,422.0
pp_quantile_fixed,FOODS_2_347_WI_3,5191.470604944376,3278.303911059696,1913.16669388468,0.0,0.682725258062242,0.7435897435897436,0.2564102564102564,42.029537321278156,670.0
pp_quantile_fixed,FOODS_2_350_WI_2,1470.8620461117623,1470.8620461117623,0.0,0.0,1.0,1.0,0.0,18.857205719381568,29.0
pp_quantile_fixed,FOODS_2_351_CA_1,712.7956629262217,578.7457464471964,134.04991647902523,0.0,0.7135685545319975,0.8974358974358975,0.10256410256410256,7.419817262143544,52.0
pp_quantile_fixed,FOODS_2_354_CA_4,716.0098864773486,658.4380282390101,57.571858238338436,0.0,0.6633224664424653,0.9358974358974359,0.0641025641025641,8.441513182551413,19.0
pp_quantile_fixed,FOODS_2_355_WI_2,1165.6239491147896,1001.1206688704056,164.50328024438414,0.0,0.8805350179779347,0.8974358974358975,0.10256410256410256,12.834880370133405,153.0
pp_quantile_fixed,FOODS_2_356_CA_2,1105.2019296068142,959.9770053346573,145.2249242721569,0.0,0.8813521860521595,0.9358974358974359,0.0641025641025641,12.307397504290478,136.0
pp_quantile_fixed,FOODS_2_370_CA_2,729.3535204649562,629.3455292335229,100.00799123143325,0.0,0.7635744888145786,0.9102564102564102,0.08974358974358974,8.068532426070806,47.0
pp_quantile_fixed,FOODS_2_370_CA_3,877.788193257444,832.7923432411125,44.99585001633163,0.0,0.8611239197026801,0.9358974358974359,0.0641025641025641,10.676824913347597,36.0
pp_quantile_fixed,FOODS_2_371_WI_3,3675.8338807037244,3024.096430185898,651.7374505178262,0.0,0.8846890568793655,0.8717948717948718,0.1282051282051282,38.77046705366536,628.0
pp_quantile_fixed,FOODS_2_376_TX_1,731.3514442699176,687.7906108526872,43.56083341723033,0.0,0.8970193063422451,0.9615384615384616,0.038461538461538464,8.817828344265221,47.0
pp_quantile_fixed,FOODS_2_386_CA_2,884.3773406709099,842.0118485626267,42.3654921082832,0.0,0.9039331244710131,0.9615384615384616,0.038461538461538464,10.795023699520856,49.0
pp_quantile_fixed,FOODS_2_387_WI_2,880.6462667891694,795.4439497083649,85.20231708080452,0.0,0.91471239531451,0.9230769230769231,0.07692307692307693,10.197999355235448,111.0
pp_quantile_fixed,FOODS_2_389_TX_2,2092.9909004711103,2092.9909004711103,0.0,0.0,1.0,1.0,0.0,26.83321667270654,3.0
pp_quantile_fixed,FOODS_2_390_CA_4,2151.0661370142825,2151.0661370142825,0.0,0.0,1.0,1.0,0.0,27.577770987362594,4.0
pp_quantile_fixed,FOODS_2_399_TX_2,1098.1910952366916,963.753235201598,134.43786003509348,0.0,0.86168944440834,0.8717948717948718,0.1282051282051282,12.355810707712795,108.0
pp_quantile_fixed,FOODS_3_003_WI_3,1220.191185544342,1214.09277553658,6.098410007762219,0.0,0.9800705555301888,0.9871794871794872,0.01282051282051282,15.565291994058716,34.0
pp_quantile_fixed,FOODS_3_009_CA_4,438.32790410838743,409.33116721720495,28.996736891182472,0.0,0.9328779238630035,0.9615384615384616,0.038461538461538464,5.247835477143653,48.0
pp_quantile_fixed,FOODS_3_009_TX_2,908.2991487184692,899.260896939004,9.03825177946511,0.0,0.9867861816089691,0.9743589743589743,0.02564102564102564,11.52898585819236,76.0
pp_quantile_fixed,FOODS_3_011_CA_1,1301.5539172458243,846.550456393737,455.0034608520874,0.0,0.7801915648057549,0.7948717948717948,0.20512820512820512,10.853210979406885,230.0
pp_quantile_fixed,FOODS_3_014_CA_1,1583.2099711349406,1583.2099711349406,0.0,0.0,1.0,1.0,0.0,20.29756373249924,2.0
pp_quantile_fixed,FOODS_3_019_TX_2,734.0114797882778,734.0114797882778,0.0,0.0,1.0,1.0,0.0,9.410403587029203,48.0
pp_quantile_fixed,FOODS_3_022_CA_1,448.8860179976642,448.8860179976642,0.0,0.0,1.0,1.0,0.0,5.7549489486880026,29.0
pp_quantile_fixed,FOODS_3_023_TX_1,743.4550820958337,593.3503052939152,150.10477680191852,0.0,0.8014487079339703,0.8846153846153846,0.11538461538461539,7.6070551960758355,84.0
pp_quantile_fixed,FOODS_3_023_TX_3,553.7455529323721,505.56082988586473,48.184723046507415,0.0,0.9107690313953566,0.9487179487179487,0.05128205128205128,6.48154910110083,60.0
pp_quantile_fixed,FOODS_3_023_WI_2,606.6415370487717,573.7104846377875,32.9310524109842,0.0,0.9309621542746662,0.9615384615384616,0.038461538461538464,7.355262623561379,53.0
pp_quantile_fixed,FOODS_3_024_TX_3,2272.3271232581856,2156.0519443187472,116.27517893943812,0.0,0.9337463367866449,0.9358974358974359,0.0641025641025641,27.641691593830092,195.0
pp_quantile_fixed,FOODS_3_024_WI_1,3832.9987687262237,3832.9987687262237,0.0,0.0,1.0,1.0,0.0,49.141009855464404,75.0
pp_quantile_fixed,FOODS_3_026_CA_1,1265.4147335630362,1078.5025475662337,186.91218599680246,0.0,0.8792556938005153,0.9102564102564102,0.08974358974358974,13.826955738028637,172.0
pp_quantile_fixed,FOODS_3_030_TX_3,9935.066210283487,7409.72461905785,2525.341591225636,0.0,0.8323814156892582,0.7948717948717948,0.20512820512820512,94.99646947510064,1674.0
pp_quantile_fixed,FOODS_3_034_CA_1,1124.2574159354583,872.0977575095355,252.15965842592277,0.0,0.8040717494748075,0.8846153846153846,0.11538461538461539,11.180740480891481,143.0
pp_quantile_fixed,FOODS_3_035_WI_1,785.7761178040973,773.5262126558728,12.249905148224522,0.0,0.9776868758684435,0.9871794871794872,0.01282051282051282,9.917002726357342,61.0
pp_quantile_fixed,FOODS_3_036_CA_4,851.056981127204,851.056981127204,0.0,0.0,1.0,1.0,0.0,10.910986937528257,9.0
pp_quantile_fixed,FOODS_3_038_CA_4,621.2257983710834,514.2180315162288,107.00776685485457,0.0,0.8276847554672229,0.8974358974358975,0.10256410256410256,6.592538865592678,69.0
pp_quantile_fixed,FOODS_3_038_WI_1,806.6913684900918,667.372290930946,139.31907755914585,0.0,0.7850014235198367,0.8846153846153846,0.11538461538461539,8.556055011935204,72.0
pp_quantile_fixed,FOODS_3_040_WI_1,1167.3329059175949,885.2676411670438,282.0652647505509,0.0,0.6517712780857398,0.8205128205128205,0.1794871794871795,11.349585143167229,90.0
pp_quantile_fixed,FOODS_3_048_TX_1,1235.628794976101,1235.628794976101,0.0,0.0,1.0,1.0,0.0,15.84139480738591,64.0
pp_quantile_fixed,FOODS_3_048_TX_3,1248.437168422833,1248.437168422833,0.0,0.0,1.0,1.0,0.0,16.005604723369654,109.0
pp_quantile_fixed,FOODS_3_049_TX_1,715.0972697856397,715.0972697856397,0.0,0.0,1.0,1.0,0.0,9.167913715200509,28.0
pp_quantile_fixed,FOODS_3_050_CA_2,631.8115839890305,574.3713367470832,57.44024724194726,0.0,0.904742541887318,0.9487179487179487,0.05128205128205128,7.363735086501067,67.0
pp_quantile_fixed,FOODS_3_053_CA_4,816.0309712390273,639.6245743270356,176.4063969119917,0.0,0.7797672947415835,0.9102564102564102,0.08974358974358974,8.200315055474816,89.0
pp_quantile_fixed,FOODS_3_054_WI_3,1638.0,1638.0,0.0,0.0,1.0,1.0,0.0,21.0,0.0
pp_quantile_fixed,FOODS_3_057_WI_3,441.1654706854594,436.67066179539637,4.494808890063036,0.0,0.9750288394996499,0.9871794871794872,0.01282051282051282,5.598341817889697,20.0
pp_quantile_fixed,FOODS_3_066_CA_4,2133.035822378063,1418.3488531660053,714.6869692120581,0.0,0.7143537293317115,0.782051282051282,0.21794871794871795,18.183959655974427,278.0
pp_quantile_fixed,FOODS_3_066_TX_3,2108.4226450900787,1541.1396325713922,567.2830125186865,0.0,0.7518447014353952,0.8205128205128205,0.1794871794871795,19.75820041758195,254.0
pp_quantile_fixed,FOODS_3_067_CA_4,614.7086142056403,501.7290431232505,112.97957108238977,0.0,0.8557093600480334,0.8974358974358975,0.10256410256410256,6.432423629785263,87.0
pp_quantile_fixed,FOODS_3_072_WI_3,543.0514979431031,515.8639699312142,27.18752801188886,0.0,0.9160878765065159,0.9743589743589743,0.02564102564102564,6.613640640143772,36.0
pp_quantile_fixed,FOODS_3_074_CA_2,1272.6610803213935,935.0499300180929,337.6111503033004,0.0,0.7950144806901637,0.8205128205128205,0.1794871794871795,11.987819615616576,183.0
pp_quantile_fixed,FOODS_3_091_TX_1,438.77031788699196,396.159613803019,42.61070408397299,0.0,0.8970755940000652,0.9230769230769231,0.07692307692307693,5.078969407731013,46.0
pp_quantile_fixed,FOODS_3_091_WI_1,411.6880238302699,340.80393615407513,70.88408767619475,0.0,0.7284134571793305,0.8974358974358975,0.10256410256410256,4.369281232744553,29.0
pp_quantile_fixed,FOODS_3_094_TX_2,1127.256948872421,1076.8956786988415,50.36127017357954,0.0,0.9434778112529971,0.9487179487179487,0.05128205128205128,13.806354855113353,99.0
pp_quantile_fixed,FOODS_3_101_WI_3,1831.7870051548564,1426.7511803691257,405.0358247857307,0.0,0.8381151779433531,0.7948717948717948,0.20512820512820512,18.291681799604174,278.0
pp_quantile_fixed,FOODS_3_102_WI_2,933.2680518731781,826.485730950567,106.78232092261115,0.0,0.8921390697751403,0.9230769230769231,0.07692307692307693,10.595970909622654,110.0
pp_quantile_fixed,FOODS_3_103_TX_1,388.0555600409963,376.12489874488205,11.930661296114247,0.0,0.9423639550912356,0.9743589743589743,0.02564102564102564,4.822114086472847,23.0
pp_quantile_fixed,FOODS_3_103_WI_1,930.9890973356436,774.2435378542024,156.74555948144118,0.0,0.8728746476225132,0.8717948717948718,0.1282051282051282,9.926199203259005,137.0
pp_quantile_fixed,FOODS_3_110_WI_1,621.5249171848654,621.5249171848654,0.0,0.0,1.0,1.0,0.0,7.968268169036737,24.0
pp_quantile_fixed,FOODS_3_111_TX_1,460.9144083171392,405.04394031170784,55.87046800543132,0.0,0.655120567867708,0.9230769230769231,0.07692307692307693,5.19287102963728,18.0
pp_quantile_fixed,FOODS_3_111_WI_1,525.783269886963,523.7709407414485,2.0123291455145154,0.0,0.9930127460225191,0.9871794871794872,0.01282051282051282,6.715012060787801,32.0
pp_quantile_fixed,FOODS_3_117_CA_4,550.7411521690217,455.56259804247264,95.17855412654909,0.0,0.8644180140647449,0.9102564102564102,0.08974358974358974,5.840546128749649,78.0
pp_quantile_fixed,FOODS_3_120_TX_1,8121.257431441263,5884.715220343763,2236.5422110975005,0.0,0.7359142506674341,0.7948717948717948,0.20512820512820512,75.44506692748413,941.0
pp_quantile_fixed,FOODS_3_125_CA_1,1309.633969545414,1294.7482498774257,14.885719667988251,0.0,0.9655423155833605,0.9871794871794872,0.01282051282051282,16.59933653689007,48.0
pp_quantile_fixed,FOODS_3_126_WI_1,1050.185666841328,954.6100298258293,95.57563701549856,0.0,0.9150438782084458,0.9487179487179487,0.05128205128205128,12.23859012597217,125.0
pp_quantile_fixed,FOODS_3_133_CA_1,3723.5363453578534,2582.8389589796207,1140.6973863782327,0.0,0.7776418350139898,0.7692307692307693,0.23076923076923078,33.11331998691821,570.0
pp_quantile_fixed,FOODS_3_133_CA_2,2723.7689260599514,2010.0016366604284,713.7672893995231,0.0,0.8249283077263864,0.782051282051282,0.21794871794871795,25.769251752056775,453.0
pp_quantile_fixed,FOODS_3_133_TX_1,2152.2977546525044,1798.87054484706,353.4272098054442,0.0,0.8046284080677477,0.8333333333333334,0.16666666666666666,23.062442882654615,201.0
pp_quantile_fixed,FOODS_3_134_TX_1,2299.5739673374674,1612.1640025883285,687.4099647491388,0.0,0.772681889963909,0.8076923076923077,0.19230769230769232,20.668769263952928,336.0
pp_quantile_fixed,FOODS_3_136_CA_1,2228.8795926271105,1434.4152573502172,794.464335276893,0.0,0.7620651885963183,0.717948717948718,0.28205128205128205,18.389939196797656,371.0
pp_quantile_fixed,FOODS_3_138_WI_3,1152.1001213630539,826.7482493525614,325.35187201049246,0.0,0.7835316886157735,0.8205128205128205,0.1794871794871795,10.599336530161043,167.0
pp_quantile_fixed,FOODS_3_141_TX_3,454.7164069176775,428.29603170769207,26.420375209985437,0.0,0.8665637615657302,0.9743589743589743,0.02564102564102564,5.490974765483232,22.0
pp_quantile_fixed,FOODS_3_154_CA_1,587.9830581116183,587.9830581116183,0.0,0.0,1.0,1.0,0.0,7.538244334764338,30.0
pp_quantile_fixed,FOODS_3_155_TX_1,349.2267640710087,331.0116624780944,18.21510159291429,0.0,0.8875611012783069,0.9615384615384616,0.038461538461538464,4.243739262539672,18.0
pp_quantile_fixed,FOODS_3_157_CA_2,1072.117263999901,1072.117263999901,0.0,0.0,1.0,1.0,0.0,13.74509312820386,60.0
pp_quantile_fixed,FOODS_3_158_WI_3,407.5912009185854,381.57634307325935,26.014857845326077,0.0,0.9003262151520074,0.9487179487179487,0.05128205128205128,4.89200439837512,29.0
pp_quantile_fixed,FOODS_3_160_CA_1,480.45645026542434,183.5339606878549,296.9224895775695,0.0,0.08357256303219295,0.8589743589743589,0.14102564102564102,2.3529994959981395,36.0
pp_quantile_fixed,FOODS_3_160_TX_1,624.0,624.0,0.0,0.0,1.0,1.0,0.0,8.0,0.0
pp_quantile_fixed,FOODS_3_160_WI_2,314.5841573516568,230.4070194637461,84.1771378879107,0.0,0.28053728300931025,0.9487179487179487,0.05128205128205128,2.953936146971104,13.0
pp_quantile_fixed,FOODS_3_161_WI_1,676.9304164750672,676.9304164750672,0.0,0.0,1.0,1.0,0.0,8.678595083013683,19.0
pp_quantile_fixed,FOODS_3_162_WI_2,620.9200522717865,620.9200522717865,0.0,0.0,1.0,1.0,0.0,7.96051349066393,61.0
pp_quantile_fixed,FOODS_3_163_TX_2,600.960004645869,463.41531295872016,137.5446916871489,0.0,0.8243362813701801,0.8717948717948718,0.1282051282051282,5.941221961009233,87.0
pp_quantile_fixed,FOODS_3_169_TX_3,1259.276186242216,1168.2587129663616,91.01747327585447,0.0,0.9343308273622984,0.9102564102564102,0.08974358974358974,14.977675807261047,154.0
pp_quantile_fixed,FOODS_3_171_WI_2,425.7000805874323,425.7000805874323,0.0,0.0,1.0,1.0,0.0,5.457693340864517,15.0
pp_quantile_fixed,FOODS_3_172_CA_3,1250.8171934848663,1162.4633327677138,88.35386071715246,0.0,0.940860869667234,0.9358974358974359,0.0641025641025641,14.903376061124536,166.0
pp_quantile_fixed,FOODS_3_172_TX_3,1465.3859104033793,1343.9896922893263,121.39621811405299,0.0,0.8837200975919033,0.9230769230769231,0.07692307692307693,17.230637080632388,116.0
pp_quantile_fixed,FOODS_3_176_WI_3,545.08645840328,500.6793591701618,44.40709923311819,0.0,0.8903528413997082,0.9743589743589743,0.02564102564102564,6.418966143207202,45.0
pp_quantile_fixed,FOODS_3_178_WI_2,1033.9390078963547,826.0513422971403,207.88766559921436,0.0,0.8025758161450955,0.8589743589743589,0.14102564102564102,10.590401824322312,117.0
pp_quantile_fixed,FOODS_3_180_WI_1,687.2561724480507,640.2857225946904,46.97044985336039,0.0,0.9144436250394163,0.9487179487179487,0.05128205128205128,8.208791315316542,61.0
pp_quantile_fixed,FOODS_3_184_WI_3,1859.1000000000017,1559.4000000000017,299.7000000000001,0.0,0.46290322580645143,0.8205128205128205,0.1794871794871795,19.992307692307715,62.0
pp_quantile_fixed,FOODS_3_192_TX_2,891.9876106807635,796.4177782123361,95.56983246842739,0.0,0.9170400759822679,0.9230769230769231,0.07692307692307693,10.210484336055591,128.0
pp_quantile_fixed,FOODS_3_197_WI_1,668.6390542675271,642.0913883112116,26.547665956315395,0.0,0.9078206043183493,0.9615384615384616,0.038461538461538464,8.231940875784764,32.0
pp_quantile_fixed,FOODS_3_198_TX_2,772.0,772.0,0.0,0.0,1.0,1.0,0.0,9.897435897435898,2.0
pp_quantile_fixed,FOODS_3_198_WI_3,801.6359560726904,801.6359560726904,0.0,0.0,1.0,1.0,0.0,10.27738405221398,4.0
pp_quantile_fixed,FOODS_3_199_CA_2,1551.6245193604052,1494.4703548192151,57.154164541190084,0.0,0.8588786060711356,0.9487179487179487,0.05128205128205128,19.159876343836093,45.0
pp_quantile_fixed,FOODS_3_199_TX_1,801.1100779436699,799.929513037102,1.1805649065679162,0.0,0.9951417082034242,0.9871794871794872,0.01282051282051282,10.255506577398743,27.0
pp_quantile_fixed,FOODS_3_204_CA_2,699.7952249932879,642.4300079746133,57.365217018674585,0.0,0.9004076093425788,0.9358974358974359,0.0641025641025641,8.236282153520683,64.0
pp_quantile_fixed,FOODS_3_204_CA_4,1141.29033162244,1117.979545529574,23.31078609286608,0.0,0.9448917586457066,0.9743589743589743,0.02564102564102564,14.333071096532999,47.0
pp_quantile_fixed,FOODS_3_205_TX_1,1898.366529487771,1898.366529487771,0.0,0.0,1.0,1.0,0.0,24.338032429330397,10.0
pp_quantile_fixed,FOODS_3_208_WI_3,648.6704199015637,495.36566021454246,153.30475968702126,0.0,0.8128147012368484,0.8333333333333334,0.16666666666666666,6.350841797622339,91.0
pp_quantile_fixed,FOODS_3_209_TX_2,622.8854840035528,622.8854840035528,0.0,0.0,1.0,1.0,0.0,7.985711333378883,13.0
pp_quantile_fixed,FOODS_3_210_TX_1,335.1782614933424,335.1782614933424,0.0,0.0,1.0,1.0,0.0,4.297157198632595,0.0
pp_quantile_fixed,FOODS_3_211_CA_1,1220.9594627540914,783.3637890669825,437.59567368710907,0.0,0.6623490172167368,0.7692307692307693,0.23076923076923078,10.04312550085875,144.0
pp_quantile_fixed,FOODS_3_215_CA_3,1166.4652510831208,994.2839235484814,172.1813275346394,0.0,0.8948831944232971,0.9230769230769231,0.07692307692307693,12.747229789083095,182.0
pp_quantile_fixed,FOODS_3_215_CA_4,906.3709901889273,673.508000546521,232.8629896424063,0.0,0.7535841379445436,0.8333333333333334,0.16666666666666666,8.634717955724629,105.0
pp_quantile_fixed,FOODS_3_224_CA_1,864.7632673629003,575.8975343742732,288.86573298862703,0.0,0.7955656525204338,0.7435897435897436,0.2564102564102564,7.383301722747092,157.0
pp_quantile_fixed,FOODS_3_229_CA_1,981.1879691889702,952.4676926375519,28.72027655141831,0.0,0.9374285913912455,0.9487179487179487,0.05128205128205128,12.211124264583999,51.0
pp_quantile_fixed,FOODS_3_232_WI_3,636.43145944337,625.8897701385755,10.541689304794499,0.0,0.978703657970112,0.9743589743589743,0.02564102564102564,8.02422782228943,55.0
pp_quantile_fixed,FOODS_3_237_WI_3,969.3100423166572,969.3100423166572,0.0,0.0,1.0,1.0,0.0,12.427051824572528,58.0
pp_quantile_fixed,FOODS_3_239_CA_4,501.85711570103035,420.7516286009834,81.10548710004699,0.0,0.8361505311110162,0.9358974358974359,0.0641025641025641,5.394251648730556,55.0
pp_quantile_fixed,FOODS_3_240_TX_3,778.1969254044536,731.9357140045454,46.261211399908234,0.0,0.9255052956523216,0.9743589743589743,0.02564102564102564,9.38379120518648,69.0
pp_quantile_fixed,FOODS_3_243_WI_1,709.2728416984295,709.2728416984295,0.0,0.0,1.0,1.0,0.0,9.093241560236276,19.0
pp_quantile_fixed,FOODS_3_246_CA_2,1139.1752186852518,974.7306629639169,164.44455572133506,0.0,0.8675969760697786,0.8974358974358975,0.10256410256410256,12.496546961075857,138.0
pp_quantile_fixed,FOODS_3_246_TX_2,521.4802546476169,498.0336053558117,23.44664929180523,0.0,0.955844351616186,0.9615384615384616,0.038461538461538464,6.3850462225104065,59.0
pp_quantile_fixed,FOODS_3_247_CA_3,1031.6744351223904,818.284823949984,213.3896111724064,0.0,0.721059331800776,0.8717948717948718,0.1282051282051282,10.490831076281847,85.0
pp_quantile_fixed,FOODS_3_255_WI_2,577.2825368763675,577.2825368763675,0.0,0.0,1.0,1.0,0.0,7.401058165081635,25.0
pp_quantile_fixed,FOODS_3_256_WI_1,409.3583799511434,409.3583799511434,0.0,0.0,1.0,1.0,0.0,5.248184358347992,9.0
pp_quantile_fixed,FOODS_3_257_TX_2,952.5561781851044,892.1056403962849,60.45053778881951,0.0,0.9555183680729805,0.9487179487179487,0.05128205128205128,11.43725179995237,151.0
pp_quantile_fixed,FOODS_3_258_CA_3,2769.6476739055397,2101.589040928058,668.0586329774817,0.0,0.7658399463801326,0.8076923076923077,0.19230769230769232,26.94344924266741,317.0
pp_quantile_fixed,FOODS_3_258_TX_1,1366.4999005409948,1210.6444671122943,155.85543342870054,0.0,0.916341688980837,0.8717948717948718,0.1282051282051282,15.52108291169608,207.0
pp_quantile_fixed,FOODS_3_258_TX_2,1409.9641885470871,1241.191742422973,168.77244612411408,0.0,0.911125620787723,0.8846153846153846,0.11538461538461539,15.912714646448372,211.0
pp_quantile_fixed,FOODS_3_258_WI_2,2420.497771231863,1648.838285311593,771.6594859202701,0.0,0.7591574638201406,0.7564102564102564,0.24358974358974358,21.138952375789653,356.0
pp_quantile_fixed,FOODS_3_265_TX_3,665.3034243831265,647.9683062123996,17.335118170726908,0.0,0.9759234469851016,0.9615384615384616,0.038461538461538464,8.307285977082046,80.0
pp_quantile_fixed,FOODS_3_265_WI_2,660.1618198658151,635.8550334561636,24.30678640965148,0.0,0.9602830287423996,0.9743589743589743,0.02564102564102564,8.151987608412353,68.0
pp_quantile_fixed,FOODS_3_270_WI_3,446.134066746988,443.0728818586696,3.0611848883184365,0.0,0.9890280111529806,0.9871794871794872,0.01282051282051282,5.680421562290635,31.0
pp_quantile_fixed,FOODS_3_271_WI_2,970.6168846741866,954.6536781755453,15.963206498641247,0.0,0.9638022528375482,0.9743589743589743,0.02564102564102564,12.239149720199299,49.0
pp_quantile_fixed,FOODS_3_277_CA_4,812.2658019185071,614.3942218853228,197.8715800331843,0.0,0.7285712208049598,0.8461538461538461,0.15384615384615385,7.8768489985297805,81.0
pp_quantile_fixed,FOODS_3_278_WI_2,3167.1333502014477,2713.641968330487,453.4913818709605,0.0,0.8857416523378785,0.9230769230769231,0.07692307692307693,34.79028164526265,441.0
pp_quantile_fixed,FOODS_3_279_TX_3,360.1101273261493,356.84655185809476,3.2635754680545945,0.0,0.9740986073963922,0.9871794871794872,0.01282051282051282,4.574955793052497,14.0
pp_quantile_fixed,FOODS_3_280_WI_3,586.0118842203432,462.3670808092537,123.64480341108944,0.0,0.7747817788504746,0.8846153846153846,0.11538461538461539,5.927783087298124,61.0
pp_quantile_fixed,FOODS_3_282_WI_3,16956.412653626234,12092.78889976094,4863.623753865291,0.0,0.7632927554453063,0.7564102564102564,0.24358974358974358,155.03575512514027,2283.0
pp_quantile_fixed,FOODS_3_286_TX_3,579.5548792315259,579.5548792315259,0.0,0.0,1.0,1.0,0.0,7.4301907593785375,34.0
pp_quantile_fixed,FOODS_3_286_WI_3,737.4890127095869,678.0787658377521,59.4102468718347,0.0,0.9043313254881888,0.9615384615384616,0.038461538461538464,8.693317510740412,69.0
pp_quantile_fixed,FOODS_3_289_TX_3,415.3137684870363,415.3137684870363,0.0,0.0,1.0,1.0,0.0,5.324535493423543,19.0
pp_quantile_fixed,FOODS_3_295_TX_1,5648.299595907554,4094.5576046045867,1553.741991302967,0.0,0.7468651040562125,0.7948717948717948,0.20512820512820512,52.49432826416137,682.0
pp_quantile_fixed,FOODS_3_296_CA_4,779.0927630421183,676.230460848749,102.86230219336932,0.0,0.8156589566427073,0.9102564102564102,0.08974358974358974,8.669621292932678,62.0
pp_quantile_fixed,FOODS_3_300_WI_2,2508.3690111311903,1217.2478126618898,1291.1211984693005,0.0,0.5488744938961214,0.7051282051282052,0.2948717948717949,15.605741187972948,318.0
pp_quantile_fixed,FOODS_3_302_CA_4,1985.367103797955,1680.5298656715954,304.83723812635964,0.0,0.8355786202123194,0.8461538461538461,0.15384615384615385,21.545254688097376,206.0
pp_quantile_fixed,FOODS_3_309_CA_2,359.2153196962545,353.0540764702416,6.161243226012861,0.0,0.971475725805496,0.9871794871794872,0.01282051282051282,4.526334313721047,24.0
pp_quantile_fixed,FOODS_3_309_WI_1,451.5451659191926,451.5451659191926,0.0,0.0,1.0,1.0,0.0,5.789040588707597,27.0
pp_quantile_fixed,FOODS_3_316_TX_3,500.1113421565423,464.2921276017626,35.81921455477972,0.0,0.8269603161604845,0.9615384615384616,0.038461538461538464,5.952463174381572,23.0
pp_quantile_fixed,FOODS_3_318_TX_2,5128.753241232448,3842.426823749759,1286.326417482689,0.0,0.7358130175636292,0.7692307692307693,0.23076923076923078,49.26188235576614,541.0
pp_quantile_fixed,FOODS_3_331_TX_1,1004.3215378196752,822.7952862778632,181.526251541812,0.0,0.873147273555687,0.8846153846153846,0.11538461538461539,10.54865751638286,159.0
pp_quantile_fixed,FOODS_3_335_TX_1,2541.1466492213526,2541.1466492213526,0.0,0.0,1.0,1.0,0.0,32.57880319514555,5.0
pp_quantile_fixed,FOODS_3_337_CA_1,601.1988584701343,590.6654425459452,10.533415924189077,0.0,0.9714541573870215,0.9743589743589743,0.02564102564102564,7.57263387879417,41.0
pp_quantile_fixed,FOODS_3_346_WI_3,1539.2897034173966,1191.9412005162164,347.3485029011801,0.0,0.8170887293832649,0.8205128205128205,0.1794871794871795,15.281297442515596,211.0
pp_quantile_fixed,FOODS_3_352_CA_1,939.3818363039552,839.2978816027921,100.08395470116312,0.0,0.7472627406536284,0.9102564102564102,0.08974358974358974,10.760229251317847,44.0
pp_quantile_fixed,FOODS_3_354_WI_2,733.8305273633421,674.8570007237212,58.973526639620886,0.0,0.8925800971955904,0.9102564102564102,0.08974358974358974,8.652012829791298,61.0
pp_quantile_fixed,FOODS_3_356_CA_1,1346.7564798913463,1186.4530143112702,160.30346558007625,0.0,0.8886781489027248,0.9230769230769231,0.07692307692307693,15.21093608091372,160.0
pp_quantile_fixed,FOODS_3_356_TX_2,866.0014151817508,788.5523147072155,77.44910047453531,0.0,0.9103598374137323,0.9487179487179487,0.05128205128205128,10.109645060348916,96.0
pp_quantile_fixed,FOODS_3_363_WI_3,2128.1828404516245,1377.1063014557599,751.0765389958644,0.0,0.6579797181257447,0.7692307692307693,0.23076923076923078,17.655208993022562,244.0
pp_quantile_fixed,FOODS_3_365_TX_1,504.8591429593412,504.8591429593412,0.0,0.0,1.0,1.0,0.0,6.4725531148633495,19.0
pp_quantile_fixed,FOODS_3_367_TX_1,1568.0933828669786,1274.184637099317,293.90874576766174,0.0,0.6798379675733534,0.8717948717948718,0.1282051282051282,16.33570047563227,102.0
pp_quantile_fixed,FOODS_3_370_CA_1,2427.5683282733016,2427.5683282733016,0.0,0.0,1.0,1.0,0.0,31.122670875298738,41.0
pp_quantile_fixed,FOODS_3_372_TX_3,2112.8274996381774,1665.422984563092,447.4045150750854,0.0,0.8670812492349717,0.8461538461538461,0.15384615384615385,21.35157672516785,374.0
pp_quantile_fixed,FOODS_3_380_TX_3,470.30196898439715,444.14970154452516,26.152267439871977,0.0,0.8679178412127677,0.9615384615384616,0.038461538461538464,5.694226942878528,22.0
pp_quantile_fixed,FOODS_3_384_TX_1,410.11341834651336,399.6664860649187,10.446932281594684,0.0,0.9472377157495218,0.9743589743589743,0.02564102564102564,5.123929308524598,22.0
pp_quantile_fixed,FOODS_3_385_CA_4,708.4364275942735,640.4207013508958,68.01572624337769,0.0,0.8392063209376414,0.9487179487179487,0.05128205128205128,8.210521812190972,47.0
pp_quantile_fixed,FOODS_3_385_TX_3,641.5319492217964,617.23836057986,24.29358864193631,0.0,0.9425683483642168,0.9743589743589743,0.02564102564102564,7.913312315126411,47.0
pp_quantile_fixed,FOODS_3_387_CA_2,1114.0883916115276,1044.3283926544234,69.75999895710422,0.0,0.844977780095324,0.9358974358974359,0.0641025641025641,13.388825546851582,50.0
pp_quantile_fixed,FOODS_3_390_TX_2,1243.0363165840872,998.4989365063384,244.53738007774874,0.0,0.8151644897371514,0.8333333333333334,0.16666666666666666,12.801268416747929,147.0
pp_quantile_fixed,FOODS_3_392_WI_2,791.2406333715683,575.6932862901234,215.5473470814449,0.0,0.7247160318244638,0.8461538461538461,0.15384615384615385,7.380683157565684,87.0
pp_quantile_fixed,FOODS_3_392_WI_3,792.4070761585057,582.0341571620585,210.37291899644717,0.0,0.6924372529291708,0.8717948717948718,0.1282051282051282,7.461976373872544,76.0
pp_quantile_fixed,FOODS_3_393_CA_3,3976.716827182948,2996.2700561517513,980.4467710311967,0.0,0.8254190222522799,0.8205128205128205,0.1794871794871795,38.4137186686122,624.0
pp_quantile_fixed,FOODS_3_398_WI_3,481.08124694711967,468.67304276272114,12.408204184398517,0.0,0.950761094506355,0.9871794871794872,0.01282051282051282,6.00862875336822,28.0
pp_quantile_fixed,FOODS_3_403_TX_1,2239.343473468722,1941.2909640156588,298.05250945306346,0.0,0.917619538570187,0.8846153846153846,0.11538461538461539,24.888345692508445,402.0
pp_quantile_fixed,FOODS_3_405_TX_3,814.5814999641358,751.6211023542043,62.96039760993153,0.0,0.8814305129756468,0.9487179487179487,0.05128205128205128,9.636167978900055,59.0
pp_quantile_fixed,FOODS_3_408_TX_2,476.8209082680253,476.8209082680253,0.0,0.0,1.0,1.0,0.0,6.113088567538786,8.0
pp_quantile_fixed,FOODS_3_416_CA_4,785.0490761021771,633.1727839576546,151.8762921445225,0.0,0.8278046574325142,0.8589743589743589,0.14102564102564102,8.117599794328905,98.0
pp_quantile_fixed,FOODS_3_416_WI_3,705.6776328745594,562.3519749651714,143.32565790938807,0.0,0.8033941592463811,0.8589743589743589,0.14102564102564102,7.209640704681685,81.0
pp_quantile_fixed,FOODS_3_417_CA_3,744.4561644549426,653.855739820632,90.60042463431053,0.0,0.8601845298853232,0.9102564102564102,0.08974358974358974,8.382765895136307,72.0
pp_quantile_fixed,FOODS_3_422_CA_1,1086.824474078505,1006.9158973599968,79.90857671850826,0.0,0.9234592177025782,0.9487179487179487,0.05128205128205128,12.909178171282012,116.0
pp_quantile_fixed,FOODS_3_423_WI_2,858.3099392131196,737.4396503595499,120.8702888535697,0.0,0.838192384399505,0.8974358974358975,0.10256410256410256,9.4543544917891,83.0
pp_quantile_fixed,FOODS_3_425_CA_1,547.3221274406767,544.2791254937563,3.043001946920448,0.0,0.9948771010994606,0.9743589743589743,0.02564102564102564,6.977937506330209,66.0
pp_quantile_fixed,FOODS_3_427_WI_3,1321.1054300999597,1321.1054300999597,0.0,0.0,1.0,1.0,0.0,16.937249103845637,17.0
pp_quantile_fixed,FOODS_3_428_TX_3,368.51581209549624,321.1916470981894,47.324164997306895,0.0,0.7809066435309866,0.9487179487179487,0.05128205128205128,4.117841629463967,24.0
pp_quantile_fixed,FOODS_3_434_CA_1,1429.942177885792,1086.0458323682046,343.8963455175874,0.0,0.8050474231759709,0.8205128205128205,0.1794871794871795,13.923664517541084,196.0
pp_quantile_fixed,FOODS_3_434_WI_1,1058.7202682497589,994.8030692595231,63.91719899023569,0.0,0.8999730845223229,0.9487179487179487,0.05128205128205128,12.75388550332722,71.0
pp_quantile_fixed,FOODS_3_441_TX_2,15631.19999999998,15631.19999999998,0.0,0.0,1.0,1.0,0.0,200.39999999999975,0.0
pp_quantile_fixed,FOODS_3_444_CA_4,7410.0,7410.0,0.0,0.0,1.0,1.0,0.0,95.0,0.0
pp_quantile_fixed,FOODS_3_444_TX_2,29484.0,29484.0,0.0,0.0,1.0,1.0,0.0,378.0,0.0
pp_quantile_fixed,FOODS_3_445_CA_3,1642.2369393141064,1344.989431352188,297.2475079619185,0.0,0.735779992922739,0.9230769230769231,0.07692307692307693,17.243454248104975,125.0
pp_quantile_fixed,FOODS_3_449_WI_1,1150.2665632974376,883.2450269954974,267.02153630194016,0.0,0.8110250981585704,0.8461538461538461,0.15384615384615385,11.323654192249966,157.0
pp_quantile_fixed,FOODS_3_451_CA_4,1069.0382003820337,855.3711094981047,213.6670908839289,0.0,0.7362134680445322,0.8974358974358975,0.10256410256410256,10.966296275616727,90.0
pp_quantile_fixed,FOODS_3_453_TX_2,359.4891042336426,359.4891042336426,0.0,0.0,1.0,1.0,0.0,4.608834669662085,12.0
pp_quantile_fixed,FOODS_3_453_WI_2,384.1720523260527,384.1720523260527,0.0,0.0,1.0,1.0,0.0,4.925282722128881,32.0
pp_quantile_fixed,FOODS_3_454_CA_1,4908.713021161863,4908.713021161863,0.0,0.0,1.0,1.0,0.0,62.93221822002389,1.0
pp_quantile_fixed,FOODS_3_455_TX_1,6079.234894930546,3598.3060212542837,2480.9288736762624,0.0,0.7284150110918158,0.7307692307692307,0.2692307692307692,46.13212847761902,1015.0
pp_quantile_fixed,FOODS_3_456_CA_4,404.15693321494416,389.21576388064494,14.941169334299214,0.0,0.9446623357988918,0.9743589743589743,0.02564102564102564,4.989945690777499,30.0
pp_quantile_fixed,FOODS_3_457_TX_3,471.4521673774191,465.1498097298643,6.30235764755481,0.0,0.9533158692773718,0.9871794871794872,0.01282051282051282,5.963459099100824,15.0
pp_quantile_fixed,FOODS_3_458_TX_1,2970.5356101601456,2307.338645250143,663.1969649100025,0.0,0.8451921183683467,0.8461538461538461,0.15384615384615385,29.581264682694144,476.0
pp_quantile_fixed,FOODS_3_458_WI_1,1967.707414579534,1498.5000680225105,469.2073465570235,0.0,0.8475609660308565,0.8076923076923077,0.19230769230769232,19.21153933362193,342.0
pp_quantile_fixed,FOODS_3_464_TX_2,672.9706156488376,630.8665782314805,42.10403741735704,0.0,0.8490894716223762,0.9487179487179487,0.05128205128205128,8.08803305424975,31.0
pp_quantile_fixed,FOODS_3_465_CA_3,676.8824111619933,636.1546703479936,40.727740813999695,0.0,0.9076468462267581,0.9487179487179487,0.05128205128205128,8.155829107025559,49.0
pp_quantile_fixed,FOODS_3_465_TX_2,510.95145112252555,510.95145112252555,0.0,0.0,1.0,1.0,0.0,6.550659629775969,27.0
pp_quantile_fixed,FOODS_3_465_WI_3,764.0651440836417,675.6406854899695,88.42445859367213,0.0,0.8415332283267525,0.9230769230769231,0.07692307692307693,8.662060070384225,62.0
pp_quantile_fixed,FOODS_3_468_TX_2,1203.5221373351578,1201.0667226563212,2.455414678836597,0.0,0.9983564828120236,0.9871794871794872,0.01282051282051282,15.398291316106683,166.0
pp_quantile_fixed,FOODS_3_471_WI_3,541.7907058163003,522.8174945477328,18.973211268567386,0.0,0.9531525647689695,0.9743589743589743,0.02564102564102564,6.7027883916376005,45.0
pp_quantile_fixed,FOODS_3_472_CA_1,500.14863762341344,411.9742744905673,88.1743631328461,0.0,0.7487909882255098,0.8846153846153846,0.11538461538461539,5.281721467827786,39.0
pp_quantile_fixed,FOODS_3_474_CA_1,1901.9734563076645,985.8407585151316,916.1326977925328,0.0,0.6768491365811172,0.7692307692307693,0.23076923076923078,12.638984083527328,315.0
pp_quantile_fixed,FOODS_3_476_TX_3,1693.792496068483,1345.934389219225,347.85810684925787,0.0,0.8507687229303913,0.8589743589743589,0.14102564102564102,17.25556909255417,259.0
pp_quantile_fixed,FOODS_3_479_CA_3,1752.9413305999872,1479.7303488641355,273.21098173585165,0.0,0.8102701515723252,0.8461538461538461,0.15384615384615385,18.97090190851456,160.0
pp_quantile_fixed,FOODS_3_479_TX_2,1564.596926021294,1529.936655850077,34.66027017121703,0.0,0.9662180602619717,0.9743589743589743,0.02564102564102564,19.614572510898423,114.0
pp_quantile_fixed,FOODS_3_479_TX_3,1104.4575666294706,979.8275519883438,124.63001464112685,0.0,0.8601234403578824,0.8846153846153846,0.11538461538461539,12.561891692158254,99.0
pp_quantile_fixed,FOODS_3_481_TX_2,466.52647795690734,456.39595552056556,10.130522436341781,0.0,0.9648245748738133,0.9743589743589743,0.02564102564102564,5.85123019898161,32.0
pp_quantile_fixed,FOODS_3_498_TX_1,4034.9550472708247,3152.325774389984,882.6292728808407,0.0,0.6954350335124774,0.9743589743589743,0.02564102564102564,40.41443300499979,322.0
pp_quantile_fixed,FOODS_3_499_TX_1,4921.736499300376,3920.5260364901,1001.2104628102757,0.0,0.8658074704717497,0.8589743589743589,0.14102564102564102,50.26315431397564,829.0
pp_quantile_fixed,FOODS_3_502_TX_2,1406.568794772056,889.866248524807,516.702546247249,0.0,0.7253043347967841,0.8076923076923077,0.19230769230769232,11.408541647753935,209.0
pp_quantile_fixed,FOODS_3_511_CA_1,9570.654849700577,6152.294379914241,3418.3604697863357,0.0,0.7926758569998583,0.7948717948717948,0.20512820512820512,78.8755689732595,1832.0
pp_quantile_fixed,FOODS_3_511_WI_2,6014.641741446377,3765.628536990466,2249.013204455911,0.0,0.6595499236367075,0.7051282051282052,0.2948717948717949,48.2772889357752,734.0
pp_quantile_fixed,FOODS_3_512_CA_1,518.2005386008993,518.2005386008993,0.0,0.0,1.0,1.0,0.0,6.643596648729479,12.0
pp_quantile_fixed,FOODS_3_513_CA_1,859.1068437465888,733.53266612542,125.5741776211688,0.0,0.8981555737054592,0.9102564102564102,0.08974358974358974,9.404264950325897,137.0
pp_quantile_fixed,FOODS_3_514_CA_2,1622.8046985118817,1132.6871632815746,490.117535230307,0.0,0.753585955138106,0.7948717948717948,0.20512820512820512,14.521630298481726,221.0
pp_quantile_fixed,FOODS_3_515_CA_1,1788.9403395905679,1411.6134974672807,377.3268421232871,0.0,0.7793410279980776,0.8461538461538461,0.15384615384615385,18.097608941888215,190.0
pp_quantile_fixed,FOODS_3_517_TX_1,492.8777973159498,492.8777973159498,0.0,0.0,1.0,1.0,0.0,6.318946119435254,17.0
pp_quantile_fixed,FOODS_3_517_TX_3,330.55841443610547,330.55841443610547,0.0,0.0,1.0,1.0,0.0,4.237928390206481,17.0
pp_quantile_fixed,FOODS_3_525_CA_4,997.7627770841347,892.9024848571892,104.86029222694552,0.0,0.7012527286981609,0.9358974358974359,0.0641025641025641,11.447467754579348,39.0
pp_quantile_fixed,FOODS_3_531_CA_3,680.5572781647309,603.1691324809308,77.38814568380006,0.0,0.8491459148463937,0.9358974358974359,0.0641025641025641,7.732937595909369,57.0
pp_quantile_fixed,FOODS_3_532_TX_3,1310.0233045195591,1109.7292611988275,200.29404332073167,0.0,0.8475692212170992,0.8846153846153846,0.11538461538461539,14.227298220497788,146.0
pp_quantile_fixed,FOODS_3_532_WI_1,2654.8820194667237,2073.9127896122363,580.9692298544875,0.0,0.86381405769937,0.8461538461538461,0.15384615384615385,26.588625507849184,474.0
pp_quantile_fixed,FOODS_3_533_TX_3,1037.9835537101324,967.6847298197061,70.29882389042626,0.0,0.9289910869793674,0.9487179487179487,0.05128205128205128,12.406214484868027,110.0
pp_quantile_fixed,FOODS_3_533_WI_3,1248.2116480112209,1132.698785959296,115.51286205192493,0.0,0.9294793271966271,0.9358974358974359,0.0641025641025641,14.52177930717046,182.0
pp_quantile_fixed,FOODS_3_538_WI_1,1294.7335322777083,1227.8417693322976,66.89176294541052,0.0,0.9511025124668052,0.9487179487179487,0.05128205128205128,15.741561145285868,152.0
pp_quantile_fixed,FOODS_3_544_TX_2,548.1343464267078,505.3606248597691,42.77372156693872,0.0,0.9194468520396635,0.9487179487179487,0.05128205128205128,6.4789823699970395,59.0
pp_quantile_fixed,FOODS_3_545_CA_2,730.7643971568621,673.7251987694121,57.0391983874499,0.0,0.8454222265922766,0.9358974358974359,0.0641025641025641,8.637502548325797,41.0
pp_quantile_fixed,FOODS_3_546_CA_1,3395.2991380103076,2408.5790143251816,986.720123685126,0.0,0.6552340588102286,0.7564102564102564,0.24358974358974358,30.879218132374124,318.0
pp_quantile_fixed,FOODS_3_546_CA_3,2056.660220770293,1458.4730019208068,598.1872188494864,0.0,0.7869703636575903,0.8333333333333334,0.16666666666666666,18.698371819497524,312.0
pp_quantile_fixed,FOODS_3_550_TX_1,402.0869207747295,402.0869207747295,0.0,0.0,1.0,1.0,0.0,5.154960522752942,14.0
pp_quantile_fixed,FOODS_3_555_CA_3,13022.202187065775,8625.686866839724,4396.515320226052,0.0,0.7844211375784028,0.7948717948717948,0.20512820512820512,110.58572906204775,2266.0
pp_quantile_fixed,FOODS_3_558_CA_4,546.0,546.0,0.0,0.0,1.0,1.0,0.0,7.0,0.0
pp_quantile_fixed,FOODS_3_563_WI_1,1333.2923123309458,1333.2923123309458,0.0,0.0,1.0,1.0,0.0,17.093491183730073,11.0
pp_quantile_fixed,FOODS_3_573_WI_2,1964.0081347441132,1821.5646208256321,142.44351391848124,0.0,0.8972269019347178,0.9487179487179487,0.05128205128205128,23.353392574687593,154.0
pp_quantile_fixed,FOODS_3_575_CA_1,773.167257256704,722.0976321825932,51.06962507411085,0.0,0.8908768694997632,0.9487179487179487,0.05128205128205128,9.257661951058887,52.0
pp_quantile_fixed,FOODS_3_575_WI_1,587.2391709318993,573.8953077167054,13.343863215193895,0.0,0.9646987745629791,0.9743589743589743,0.02564102564102564,7.3576321502141715,42.0
pp_quantile_fixed,FOODS_3_575_WI_2,583.907549823567,583.907549823567,0.0,0.0,1.0,1.0,0.0,7.48599422850727,40.0
pp_quantile_fixed,FOODS_3_578_WI_1,6364.480021585982,6364.480021585982,0.0,0.0,1.0,1.0,0.0,81.59589771264079,0.0
pp_quantile_fixed,FOODS_3_580_CA_1,2840.0797691412,2398.1042176253727,441.97555151582725,0.0,0.827083117560318,0.8717948717948718,0.1282051282051282,30.74492586699196,284.0
pp_quantile_fixed,FOODS_3_580_CA_3,7548.169865601278,7078.683788401234,469.4860772000435,0.0,0.9088022383061299,0.8974358974358975,0.10256410256410256,90.75235626155428,572.0
pp_quantile_fixed,FOODS_3_582_CA_1,716.248642892619,447.89832133304105,268.350321559578,0.0,0.5482317818862323,0.8333333333333334,0.16666666666666666,5.742286170936424,66.0
pp_quantile_fixed,FOODS_3_585_WI_1,521.5088948137438,418.72273489367444,102.78615992006944,0.0,0.7715863112887346,0.8846153846153846,0.11538461538461539,5.368240190944544,50.0
pp_quantile_fixed,FOODS_3_588_WI_3,899.7657054888261,858.1864077052935,41.5792977835326,0.0,0.9492316266379333,0.9743589743589743,0.02564102564102564,11.002389842375559,91.0
pp_quantile_fixed,FOODS_3_596_WI_1,1157.0565052598654,904.5260492138784,252.53045604598702,0.0,0.8235286820083947,0.8205128205128205,0.1794871794871795,11.596487810434338,159.0
pp_quantile_fixed,FOODS_3_599_TX_3,1642.5694529524433,1642.5694529524433,0.0,0.0,1.0,1.0,0.0,21.05858273015953,2.0
pp_quantile_fixed,FOODS_3_605_WI_3,1104.0134057550379,1050.0134057550379,54.0,0.0,0.8421052631578947,0.9487179487179487,0.05128205128205128,13.461710330192792,38.0
pp_quantile_fixed,FOODS_3_606_TX_3,812.2815119624322,685.5049788514765,126.77653311095568,0.0,0.78328797758811,0.8974358974358975,0.10256410256410256,8.788525369890724,65.0
pp_quantile_fixed,FOODS_3_608_CA_3,998.408726821646,925.092711451027,73.31601537061914,0.0,0.840270119018259,0.9230769230769231,0.07692307692307693,11.860162967320859,51.0
pp_quantile_fixed,FOODS_3_610_TX_1,1895.9689641827244,1895.9689641827244,0.0,0.0,1.0,1.0,0.0,24.30729441259903,16.0
pp_quantile_fixed,FOODS_3_615_CA_4,875.7584720876204,731.9571768421838,143.80129524543656,0.0,0.830022109638964,0.8717948717948718,0.1282051282051282,9.384066369771586,94.0
pp_quantile_fixed,FOODS_3_618_WI_3,2582.8861087980335,1938.1106392535835,644.7754695444501,0.0,0.5906187494955872,0.8974358974358975,0.10256410256410256,24.847572298122866,175.0
pp_quantile_fixed,FOODS_3_625_TX_1,331.3344156122627,331.3344156122627,0.0,0.0,1.0,1.0,0.0,4.2478771232341375,4.0
pp_quantile_fixed,FOODS_3_626_WI_1,513.1626301592794,513.1626301592794,0.0,0.0,1.0,1.0,0.0,6.579008078965121,19.0
pp_quantile_fixed,FOODS_3_626_WI_2,792.0633301819227,745.567713457722,46.49561672420071,0.0,0.7416910181988849,0.9487179487179487,0.05128205128205128,9.558560428945153,20.0
pp_quantile_fixed,FOODS_3_628_WI_1,2919.9253115835045,2101.774565079911,818.1507465035932,0.0,0.7253606087601232,0.782051282051282,0.21794871794871795,26.945827757434756,331.0
pp_quantile_fixed,FOODS_3_633_WI_1,1184.942575349333,1121.9054723412958,63.037103008037306,0.0,0.8905605850554907,0.9230769230769231,0.07692307692307693,14.383403491555073,64.0
pp_quantile_fixed,FOODS_3_634_CA_4,2372.8628099679127,1962.1302956233415,410.73251434457137,0.0,0.798956184853367,0.7948717948717948,0.20512820512820512,25.155516610555658,227.0
pp_quantile_fixed,FOODS_3_638_TX_3,858.7774421689522,797.2136482970236,61.56379387192858,0.0,0.8684534318975885,0.9230769230769231,0.07692307692307693,10.22068779867979,52.0
pp_quantile_fixed,FOODS_3_640_WI_2,1119.581380198731,1092.3458274553848,27.235552743346346,0.0,0.9630954569873356,0.9743589743589743,0.02564102564102564,14.004433685325447,82.0
pp_quantile_fixed,FOODS_3_642_TX_3,1223.8810876027135,1223.8810876027135,0.0,0.0,1.0,1.0,0.0,15.690783174393763,57.0
pp_quantile_fixed,FOODS_3_644_WI_2,795.5420667926439,795.5420667926439,0.0,0.0,1.0,1.0,0.0,10.199257266572358,10.0
pp_quantile_fixed,FOODS_3_646_CA_2,1430.6400012437246,1244.7720034824263,185.86799776129837,0.0,0.6558000041457438,0.8717948717948718,0.1282051282051282,15.958615429261876,60.0
pp_quantile_fixed,FOODS_3_646_WI_3,1503.532451896673,1321.5083180770164,182.02413381965656,0.0,0.7675298418650619,0.8717948717948718,0.1282051282051282,16.942414334320723,87.0
pp_quantile_fixed,FOODS_3_651_CA_2,1477.268919648613,1147.9285814287878,329.3403382198253,0.0,0.8738159623678832,0.8589743589743589,0.14102564102564102,14.717033095240868,290.0
pp_quantile_fixed,FOODS_3_657_CA_4,873.8994295614096,831.2582578151275,42.641171746282126,0.0,0.9012935839206433,0.9487179487179487,0.05128205128205128,10.657157151475994,48.0
pp_quantile_fixed,FOODS_3_658_WI_1,902.0614423486854,742.601845919234,159.45959642945132,0.0,0.7637635608452573,0.8974358974358975,0.10256410256410256,9.520536486144026,75.0
pp_quantile_fixed,FOODS_3_658_WI_3,504.73665753291556,504.73665753291556,0.0,0.0,1.0,1.0,0.0,6.470982788883533,38.0
pp_quantile_fixed,FOODS_3_662_WI_2,538.2927174980344,538.2927174980344,0.0,0.0,1.0,1.0,0.0,6.901188685872237,11.0
pp_quantile_fixed,FOODS_3_663_CA_1,3292.689182244358,3292.689182244358,0.0,0.0,1.0,1.0,0.0,42.21396387492767,0.0
pp_quantile_fixed,FOODS_3_663_TX_2,1023.1746520985071,874.6087442108478,148.5659078876593,0.0,0.8034842488258476,0.8461538461538461,0.15384615384615385,11.212932618087793,84.0
pp_quantile_fixed,FOODS_3_667_TX_3,434.6994790912491,415.3975134509896,19.301965640259468,0.0,0.8350259346986371,0.9615384615384616,0.038461538461538464,5.325609146807559,13.0
pp_quantile_fixed,FOODS_3_668_WI_3,4463.628283742483,3167.2023629652795,1296.4259207772036,0.0,0.8015877072578507,0.8076923076923077,0.19230769230769232,40.60515849955487,726.0
pp_quantile_fixed,FOODS_3_669_TX_1,2043.353533925969,1796.070368186342,247.283165739627,0.0,0.8429948154034115,0.8974358974358975,0.10256410256410256,23.02654318187618,175.0
pp_quantile_fixed,FOODS_3_670_CA_4,882.002183942714,882.002183942714,0.0,0.0,1.0,1.0,0.0,11.307720306957872,21.0
pp_quantile_fixed,FOODS_3_672_TX_2,5572.900737722302,3661.863881919483,1911.036855802819,0.0,0.7325725082839604,0.7307692307692307,0.2692307692307692,46.94697284512158,794.0
pp_quantile_fixed,FOODS_3_677_WI_2,726.7256540361121,716.2558883502327,10.46976568587942,0.0,0.9846933250206441,0.9743589743589743,0.02564102564102564,9.182767799361958,76.0
pp_quantile_fixed,FOODS_3_691_WI_1,704.5342172380066,704.5342172380066,0.0,0.0,1.0,1.0,0.0,9.032489964589828,31.0
pp_quantile_fixed,FOODS_3_693_WI_2,484.85764887985863,484.85764887985863,0.0,0.0,1.0,1.0,0.0,6.2161237035879315,7.0
pp_quantile_fixed,FOODS_3_694_WI_3,17514.503947043304,10959.833141923584,6554.670805119719,0.0,0.7962806276575068,0.7948717948717948,0.20512820512820512,140.5106813067126,3575.0
pp_quantile_fixed,FOODS_3_705_TX_2,694.5905258582753,673.714826772984,20.87569908529137,0.0,0.9506484655194056,0.9615384615384616,0.038461538461538464,8.637369574012615,47.0
pp_quantile_fixed,FOODS_3_711_CA_3,10068.558580611456,8237.27697467648,1831.281605934976,0.0,0.8084032636602871,0.8333333333333334,0.16666666666666666,105.60611505995487,1062.0
pp_quantile_fixed,FOODS_3_712_CA_3,1451.148335469527,1060.5554961246964,390.5928393448304,0.0,0.7385590098093505,0.8333333333333334,0.16666666666666666,13.596865334932005,166.0
pp_quantile_fixed,FOODS_3_718_TX_1,1122.2003652732844,1122.2003652732844,0.0,0.0,1.0,1.0,0.0,14.387184170170313,6.0
pp_quantile_fixed,FOODS_3_723_WI_3,12856.691388478457,8831.539408735514,4025.151979742943,0.0,0.8115300847617669,0.782051282051282,0.21794871794871795,113.22486421455788,2373.0
pp_quantile_fixed,FOODS_3_727_WI_3,1974.20606598564,1390.26816296542,583.9379030202199,0.0,0.7754948469741562,0.782051282051282,0.21794871794871795,17.823950807248973,289.0
pp_quantile_fixed,FOODS_3_730_CA_3,814.5395886117482,787.9881865974442,26.55140201430407,0.0,0.9702004466730594,0.9871794871794872,0.01282051282051282,10.102412648685181,99.0
pp_quantile_fixed,FOODS_3_734_TX_1,3686.027244148541,3419.0979197282168,266.929324420324,0.0,0.9424100702437274,0.9102564102564102,0.08974358974358974,43.83458871446432,515.0
pp_quantile_fixed,FOODS_3_735_CA_4,483.93396540271965,474.0912718006652,9.842693602054464,0.0,0.9609416920553394,0.9871794871794872,0.01282051282051282,6.078093228213656,28.0
pp_quantile_fixed,FOODS_3_745_TX_3,715.0946791605928,715.0946791605928,0.0,0.0,1.0,1.0,0.0,9.167880502058882,0.0
pp_quantile_fixed,FOODS_3_746_CA_4,1197.3133430937328,909.2384233845853,288.0749197091476,0.0,0.8083333867537275,0.7948717948717948,0.20512820512820512,11.65690286390494,167.0
pp_quantile_fixed,FOODS_3_749_CA_1,1942.5703568875688,1924.5703568875688,18.0,0.0,0.971830985915493,0.9871794871794872,0.01282051282051282,24.67397893445601,71.0
pp_quantile_fixed,FOODS_3_750_CA_2,1854.0,1485.0,369.0,0.0,0.39705882352941174,0.8205128205128205,0.1794871794871795,19.03846153846154,68.0
pp_quantile_fixed,FOODS_3_753_TX_2,1461.6401004929548,1271.1950333298328,190.44506716312196,0.0,0.8977750578834557,0.9102564102564102,0.08974358974358974,16.297372222177344,207.0
pp_quantile_fixed,FOODS_3_755_TX_3,1464.668150194965,1381.9086230365942,82.75952715837062,0.0,0.9115817017538775,0.9743589743589743,0.02564102564102564,17.716777218417874,104.0
pp_quantile_fixed,FOODS_3_756_WI_3,2958.7788538258437,2124.1364879348357,834.6423658910081,0.0,0.8202751150105495,0.8205128205128205,0.1794871794871795,27.232519076087637,516.0
pp_quantile_fixed,FOODS_3_757_CA_3,10057.0,9076.0,981.0,0.0,0.6279863481228669,0.8846153846153846,0.11538461538461539,116.35897435897436,293.0
pp_quantile_fixed,FOODS_3_763_TX_2,262.34559691390376,254.0502154310822,8.295381482821542,0.0,0.9078290946353162,0.9871794871794872,0.01282051282051282,3.257054043988233,10.0
pp_quantile_fixed,FOODS_3_766_TX_3,314.12668300120146,309.39398267573506,4.7327003254663875,0.0,0.9690673181342065,0.9871794871794872,0.01282051282051282,3.9665895214837827,17.0
pp_quantile_fixed,FOODS_3_768_CA_2,1151.7174809602802,750.4348709737255,401.28260998655475,0.0,0.7281283130172393,0.7692307692307693,0.23076923076923078,9.620959884278532,164.0
pp_quantile_fixed,FOODS_3_770_WI_3,622.3265955026052,622.3265955026052,0.0,0.0,1.0,1.0,0.0,7.978546096187246,47.0
pp_quantile_fixed,FOODS_3_774_WI_2,722.6412879733742,706.3473764439925,16.29391152938176,0.0,0.9630523548086581,0.9615384615384616,0.038461538461538464,9.055735595435802,49.0
pp_quantile_fixed,FOODS_3_779_CA_1,745.5096027597046,745.5096027597046,0.0,0.0,1.0,1.0,0.0,9.557815419996214,27.0
pp_quantile_fixed,FOODS_3_783_CA_1,1977.7001529527463,1487.258163503862,490.44198944888427,0.0,0.8328418577202167,0.8333333333333334,0.16666666666666666,19.067412352613616,326.0
pp_quantile_fixed,FOODS_3_783_TX_3,6171.59999999999,6171.59999999999,0.0,0.0,1.0,1.0,0.0,79.1230769230768,96.0
pp_quantile_fixed,FOODS_3_786_CA_2,803.3943983989154,634.1579937294093,169.2364046695061,0.0,0.7351542962918527,0.8846153846153846,0.11538461538461539,8.130230688838582,71.0
pp_quantile_fixed,FOODS_3_788_WI_2,1870.548804542097,1607.4941858941907,263.0546186479063,0.0,0.802511547561632,0.8461538461538461,0.15384615384615385,20.60889981915629,148.0
pp_quantile_fixed,FOODS_3_791_CA_4,662.810930234316,648.0564790258405,14.754451208475412,0.0,0.9690682364602192,0.9871794871794872,0.01282051282051282,8.308416397767186,53.0
pp_quantile_fixed,FOODS_3_791_WI_2,1513.4261968224237,1513.4261968224237,0.0,0.0,1.0,1.0,0.0,19.40289995926184,37.0
pp_quantile_fixed,FOODS_3_792_CA_1,1326.1421093426752,1073.5973617054758,252.54474763719952,0.0,0.8257110092220845,0.8846153846153846,0.11538461538461539,13.764068739813792,161.0
pp_quantile_fixed,FOODS_3_793_WI_1,1296.7889131893533,1191.8148923359217,104.9740208534316,0.0,0.9476960533864317,0.9487179487179487,0.05128205128205128,15.279678106870792,223.0
pp_quantile_fixed,FOODS_3_795_WI_2,2058.8108135700973,1747.6852827281195,311.1255308419777,0.0,0.87653748776112,0.8589743589743589,0.14102564102564102,22.40622157343743,280.0
pp_quantile_fixed,FOODS_3_799_TX_1,291.42204573626145,291.42204573626145,0.0,0.0,1.0,1.0,0.0,3.7361800735418136,6.0
pp_quantile_fixed,FOODS_3_802_WI_3,530.2544794465285,522.047629409646,8.206850036882573,0.0,0.9696042591226572,0.9871794871794872,0.01282051282051282,6.692918325764692,30.0
pp_quantile_fixed,FOODS_3_805_TX_1,1110.1551775614673,997.6356931796793,112.51948438178816,0.0,0.895815292239085,0.9102564102564102,0.08974358974358974,12.790201194611273,120.0
pp_quantile_fixed,FOODS_3_806_CA_1,783.2532922460274,783.2532922460274,0.0,0.0,1.0,1.0,0.0,10.04170887494907,21.0
pp_quantile_fixed,FOODS_3_806_CA_4,565.0412596387483,565.0412596387483,0.0,0.0,1.0,1.0,0.0,7.244118713317286,10.0
pp_quantile_fixed,FOODS_3_809_CA_1,1400.5285393328895,926.373093435781,474.1554458971085,0.0,0.715221954416151,0.8461538461538461,0.15384615384615385,11.876578120971551,185.0
pp_quantile_fixed,FOODS_3_810_WI_2,1736.3020659730687,1663.2991641771362,73.00290179593243,0.0,0.8236644884156222,0.9358974358974359,0.0641025641025641,21.324348258681233,46.0
pp_quantile_fixed,FOODS_3_813_TX_1,472.3023956836516,400.13219946879417,72.17019621485741,0.0,0.7030033077577884,0.9102564102564102,0.08974358974358974,5.129899993189669,27.0
pp_quantile_fixed,FOODS_3_814_CA_3,1317.2859092614767,1037.2932199228405,279.9926893386363,0.0,0.8482424448029071,0.8717948717948718,0.1282051282051282,13.298631024651801,205.0
pp_quantile_fixed,FOODS_3_818_CA_3,2381.4729088225085,2146.662187997034,234.81072082547473,0.0,0.9346113280909288,0.8589743589743589,0.14102564102564102,27.521310102526076,399.0
pp_quantile_fixed,FOODS_3_821_TX_2,441.4883734610818,414.3040212793392,27.18435218174256,0.0,0.9419137773894389,0.9615384615384616,0.038461538461538464,5.311590016401785,52.0
pp_quantile_fixed,FOODS_3_824_TX_3,147.14551289826352,118.79482842511727,28.35068447314623,0.0,0.36998478948563934,0.9615384615384616,0.038461538461538464,1.5230106208348368,5.0
pp_quantile_fixed,HOBBIES_1_004_WI_3,1723.2205301552178,1723.2205301552178,0.0,0.0,1.0,1.0,0.0,22.09257089942587,134.0
pp_quantile_fixed,HOBBIES_1_005_WI_1,629.426558332711,594.6640076582769,34.762550674434095,0.0,0.9396483495235519,0.9615384615384616,0.038461538461538464,7.623897534080473,64.0
pp_quantile_fixed,HOBBIES_1_009_CA_1,1050.855378259681,1050.855378259681,0.0,0.0,1.0,1.0,0.0,13.472504849483089,28.0
pp_quantile_fixed,HOBBIES_1_009_CA_4,1941.7253268774398,1941.7253268774398,0.0,0.0,1.0,1.0,0.0,24.893914447146663,136.0
pp_quantile_fixed,HOBBIES_1_010_CA_3,476.7597539251931,381.7670096577613,94.99274426743179,0.0,0.7889050127390405,0.9102564102564102,0.08974358974358974,4.894448841766171,50.0
pp_quantile_fixed,HOBBIES_1_012_TX_2,284.3031587010736,284.3031587010736,0.0,0.0,1.0,1.0,0.0,3.6449122910394047,20.0
pp_quantile_fixed,HOBBIES_1_023_CA_3,972.9773431552662,607.8149443880015,365.1623987672646,0.0,0.7101885724069329,0.8076923076923077,0.19230769230769232,7.792499287025661,140.0
pp_quantile_fixed,HOBBIES_1_026_CA_4,474.0287234894637,447.65714972420767,26.371573765256,0.0,0.9503360192744709,0.9487179487179487,0.05128205128205128,5.7391942272334315,59.0
pp_quantile_fixed,HOBBIES_1_027_CA_1,431.6234471855482,429.39027017732315,2.233177008225006,0.0,0.9927020359208333,0.9871794871794872,0.01282051282051282,5.5050034638118355,34.0
pp_quantile_fixed,HOBBIES_1_028_WI_3,306.3454365067794,286.3881906951341,19.957245811645294,0.0,0.911301129726021,0.9743589743589743,0.02564102564102564,3.671643470450437,25.0
pp_quantile_fixed,HOBBIES_1_029_WI_3,306.02074701767424,288.90031920488775,17.120427812786488,0.0,0.8731820162015815,0.9615384615384616,0.038461538461538464,3.7038502462165095,15.0
pp_quantile_fixed,HOBBIES_1_030_WI_2,1268.1481740798843,1187.6066222900797,80.54155178980464,0.0,0.9005659854446857,0.9358974358974359,0.0641025641025641,15.225725926795894,90.0
pp_quantile_fixed,HOBBIES_1_032_CA_2,6460.130403469964,5820.082678754875,640.0477247150889,0.0,0.8720927808323163,0.8974358974358975,0.10256410256410256,74.61644459942147,556.0
pp_quantile_fixed,HOBBIES_1_043_TX_2,1094.3512403992754,1083.9755403400602,10.375700059215117,0.0,0.9865947027658719,0.9871794871794872,0.01282051282051282,13.897122312052053,86.0
pp_quantile_fixed,HOBBIES_1_043_WI_3,1791.523577600241,1432.3999145111422,359.12366308909884,0.0,0.7866169559779568,0.8846153846153846,0.11538461538461539,18.36410146809157,187.0
pp_quantile_fixed,HOBBIES_1_045_CA_4,559.8309939732746,524.5169867117401,35.31400726153457,0.0,0.719730101098932,0.9743589743589743,0.02564102564102564,6.724576752714616,14.0
pp_quantile_fixed,HOBBIES_1_050_TX_3,313.4450441256012,218.1193568917892,95.325687233812,0.0,0.7478156422385925,0.8974358974358975,0.10256410256410256,2.796402011433195,42.0
pp_quantile_fixed,HOBBIES_1_054_CA_4,144.09319859417988,143.83694289956676,0.25625569461312914,0.0,0.997809780387922,0.9871794871794872,0.01282051282051282,1.8440633705072662,13.0
pp_quantile_fixed,HOBBIES_1_057_WI_1,600.874666118907,563.714491410475,37.160174708432045,0.0,0.9392807602803398,0.9487179487179487,0.05128205128205128,7.227108864236859,68.0
pp_quantile_fixed,HOBBIES_1_061_CA_4,248.92588225468324,242.00457358461728,6.921308670065972,0.0,0.9230965703326003,0.9871794871794872,0.01282051282051282,3.102622738264324,10.0
pp_quantile_fixed,HOBBIES_1_065_CA_4,180.6548246524801,180.6548246524801,0.0,0.0,1.0,1.0,0.0,2.316087495544617,7.0
pp_quantile_fixed,HOBBIES_1_070_WI_2,208.71619844714374,207.73728604866525,0.978912398478486,0.0,0.9891231955724613,0.9871794871794872,0.01282051282051282,2.663298539085452,10.0
pp_quantile_fixed,HOBBIES_1_073_CA_2,652.7657820993211,529.0060901425438,123.7596919567772,0.0,0.7587530371212919,0.9102564102564102,0.08974358974358974,6.782129360801844,57.0
pp_quantile_fixed,HOBBIES_1_074_TX_2,525.3953153697994,475.65398454728916,49.74133082251029,0.0,0.9199012386110945,0.9487179487179487,0.05128205128205128,6.098128007016528,69.0
pp_quantile_fixed,HOBBIES_1_086_CA_3,1014.7349283657883,791.3240677848069,223.4108605809814,0.0,0.7763655049239426,0.8076923076923077,0.19230769230769232,10.145180356215473,111.0
pp_quantile_fixed,HOBBIES_1_092_CA_3,297.3139134296741,297.3139134296741,0.0,0.0,1.0,1.0,0.0,3.811716838841975,33.0
pp_quantile_fixed,HOBBIES_1_092_TX_1,433.27143502537604,382.2671996428415,51.004235382534524,0.0,0.8045814736301359,0.9230769230769231,0.07692307692307693,4.900861533882583,29.0
pp_quantile_fixed,HOBBIES_1_103_CA_2,3281.901786592036,2707.856919551995,574.044867040041,0.0,0.8172413667494298,0.8589743589743589,0.14102564102564102,34.7161143532307,349.0
pp_quantile_fixed,HOBBIES_1_106_TX_3,506.054790079428,492.20946415396276,13.845325925465247,0.0,0.9503751758943898,0.9615384615384616,0.038461538461538464,6.310377745563625,31.0
pp_quantile_fixed,HOBBIES_1_106_WI_3,302.1030869258621,301.36589086836125,0.7371960575008663,0.0,0.9925535751767588,0.9871794871794872,0.01282051282051282,3.863665267543093,11.0
pp_quantile_fixed,HOBBIES_1_107_WI_2,708.9987990347652,654.0888943367282,54.90990469803689,0.0,0.8779779895599179,0.9102564102564102,0.08974358974358974,8.38575505559908,50.0
pp_quantile_fixed,HOBBIES_1_108_CA_3,688.9744193844944,603.3764606680819,85.5979587164124,0.0,0.8536787030488676,0.9230769230769231,0.07692307692307693,7.735595649590794,65.0
pp_quantile_fixed,HOBBIES_1_109_CA_3,602.7883558432778,535.6308110160772,67.15754482720061,0.0,0.7805308992575144,0.9230769230769231,0.07692307692307693,6.867061679693298,34.0
pp_quantile_fixed,HOBBIES_1_110_CA_3,481.1523723193045,449.72519431831654,31.427178000987976,0.0,0.8337186349154075,0.9743589743589743,0.02564102564102564,5.765707619465597,21.0
pp_quantile_fixed,HOBBIES_1_110_WI_3,207.30791351478626,195.46084217659143,11.847071338194834,0.0,0.8903048950167145,0.9871794871794872,0.01282051282051282,2.5059082330332236,12.0
pp_quantile_fixed,HOBBIES_1_113_TX_2,568.4702385218453,544.97723185047,23.493006671375227,0.0,0.8756983774001311,0.9743589743589743,0.02564102564102564,6.986887587826539,21.0
pp_quantile_fixed,HOBBIES_1_116_CA_1,486.15359161215565,394.234203032152,91.91938858000368,0.0,0.791566012290241,0.9102564102564102,0.08974358974358974,5.054284654258359,49.0
pp_quantile_fixed,HOBBIES_1_116_WI_3,281.3051837117179,263.13397353563903,18.1712101760789,0.0,0.8164524224638495,0.9743589743589743,0.02564102564102564,3.3735124812261414,11.0
pp_quantile_fixed,HOBBIES_1_117_CA_1,389.82136830257986,351.3743970128566,38.446971289723244,0.0,0.7751639105864138,0.9487179487179487,0.05128205128205128,4.50479996170329,19.0
pp_quantile_fixed,HOBBIES_1_122_WI_3,439.2680623620867,439.2680623620867,0.0,0.0,1.0,1.0,0.0,5.631641825154958,8.0
pp_quantile_fixed,HOBBIES_1_124_TX_3,434.9981552970138,411.50840448376226,23.489750813251504,0.0,0.8996164495160192,0.9743589743589743,0.02564102564102564,5.27574877543285,26.0
pp_quantile_fixed,HOBBIES_1_133_WI_1,390.0,390.0,0.0,0.0,1.0,1.0,0.0,5.0,0.0
pp_quantile_fixed,HOBBIES_1_134_CA_4,1809.7694904512068,1541.7643311735992,268.0051592776075,0.0,0.8693931972331348,0.8717948717948718,0.1282051282051282,19.7662093740205,228.0
pp_quantile_fixed,HOBBIES_1_135_WI_1,563.7292175943022,551.8072822103259,11.921935383976354,0.0,0.9740262845665003,0.9743589743589743,0.02564102564102564,7.074452336029819,51.0
pp_quantile_fixed,HOBBIES_1_137_TX_1,576.3204453937024,484.42176535184956,91.89868004185283,0.0,0.7872715739771925,0.9230769230769231,0.07692307692307693,6.21053545322884,48.0
pp_quantile_fixed,HOBBIES_1_143_WI_1,280.6582354828389,230.26868733108734,50.38954815175156,0.0,0.7455073325669113,0.9358974358974359,0.0641025641025641,2.952162658090863,22.0
pp_quantile_fixed,HOBBIES_1_151_TX_1,380.4313843902079,336.18377456516345,44.24760982504445,0.0,0.9072377152514792,0.9358974358974359,0.0641025641025641,4.31004839186107,53.0
pp_quantile_fixed,HOBBIES_1_152_CA_1,861.6432243336467,745.6707535704322,115.97247076321443,0.0,0.815916713074263,0.8974358974358975,0.10256410256410256,9.559881456031182,70.0
pp_quantile_fixed,HOBBIES_1_152_CA_3,628.1521694161346,567.9981280248253,60.15404139130935,0.0,0.8971725788182746,0.9230769230769231,0.07692307692307693,7.282027282369555,65.0
pp_quantile_fixed,HOBBIES_1_155_CA_2,856.6666685070704,684.9189859305679,171.7476825765025,0.0,0.8249259097079484,0.8846153846153846,0.11538461538461539,8.781012640135486,109.0
pp_quantile_fixed,HOBBIES_1_162_TX_1,218.6758189095302,218.6758189095302,0.0,0.0,1.0,1.0,0.0,2.8035361398657717,6.0
pp_quantile_fixed,HOBBIES_1_162_TX_2,348.10198355648896,326.19354390275123,21.90843965373775,0.0,0.9063741895139412,0.9615384615384616,0.038461538461538464,4.181968511573734,26.0
pp_quantile_fixed,HOBBIES_1_170_TX_2,232.46237032311316,215.09996460427266,17.362405718840517,0.0,0.8622031292155514,0.9743589743589743,0.02564102564102564,2.7576918539009316,14.0
pp_quantile_fixed,HOBBIES_1_173_CA_4,272.5906369826328,272.5906369826328,0.0,0.0,1.0,1.0,0.0,3.4947517561876,20.0
pp_quantile_fixed,HOBBIES_1_175_WI_1,345.19376269267167,345.19376269267167,0.0,0.0,1.0,1.0,0.0,4.425561060162457,12.0
pp_quantile_fixed,HOBBIES_1_176_TX_3,363.0561709296943,284.31502168478573,78.74114924490854,0.0,0.8349242154194789,0.8846153846153846,0.11538461538461539,3.6450643805741763,53.0
pp_quantile_fixed,HOBBIES_1_184_CA_1,519.3552182089949,519.3552182089949,0.0,0.0,1.0,1.0,0.0,6.658400233448652,10.0
pp_quantile_fixed,HOBBIES_1_186_TX_1,190.43245695322602,190.43245695322602,0.0,0.0,1.0,1.0,0.0,2.44144175581059,12.0
pp_quantile_fixed,HOBBIES_1_187_CA_2,263.02113200983723,263.02113200983723,0.0,0.0,1.0,1.0,0.0,3.3720657949979134,22.0
pp_quantile_fixed,HOBBIES_1_190_TX_2,224.82959612669902,219.0290501006392,5.800546026059802,0.0,0.9414086259993959,0.9871794871794872,0.01282051282051282,2.80806474487999,11.0
pp_quantile_fixed,HOBBIES_1_194_TX_3,1091.7455252269215,939.4849075904757,152.26061763644583,0.0,0.8566284203046649,0.8974358974358975,0.10256410256410256,12.044678302441996,118.0
pp_quantile_fixed,HOBBIES_1_200_CA_4,548.9377276793109,469.5070463631092,79.43068131620169,0.0,0.8234873748528851,0.9230769230769231,0.07692307692307693,6.019321107219349,50.0
pp_quantile_fixed,HOBBIES_1_209_CA_3,5502.6907977648625,4721.982824702828,780.707973062034,0.0,0.8215116659666132,0.8333333333333334,0.16666666666666666,60.53824134234395,486.0
pp_quantile_fixed,HOBBIES_1_212_CA_2,482.5258934566127,482.5258934566127,0.0,0.0,1.0,1.0,0.0,6.186229403289906,6.0
pp_quantile_fixed,HOBBIES_1_232_WI_3,1189.5136492795357,1126.8341854180014,62.67946386153433,0.0,0.8549086484686704,0.9615384615384616,0.038461538461538464,14.446592120743608,48.0
pp_quantile_fixed,HOBBIES_1_239_TX_1,367.7559057465399,355.77575691892486,11.98014882761503,0.0,0.9168045220304512,0.9871794871794872,0.01282051282051282,4.561227652806729,16.0
pp_quantile_fixed,HOBBIES_1_240_CA_2,771.4470245144117,603.3990463003221,168.04797821408968,0.0,0.8187184701034631,0.8333333333333334,0.16666666666666666,7.735885208978488,103.0
pp_quantile_fixed,HOBBIES_1_242_TX_3,626.7942151446902,578.0749517852663,48.71926335942385,0.0,0.8741104305958041,0.9615384615384616,0.038461538461538464,7.411217330580337,43.0
pp_quantile_fixed,HOBBIES_1_245_TX_1,139.2423634103276,132.0290993522922,7.213264058035393,0.0,0.9198526215773846,0.9871794871794872,0.01282051282051282,1.692680760926823,10.0
pp_quantile_fixed,HOBBIES_1_245_WI_1,405.66177145690693,357.3707223261153,48.29104913079163,0.0,0.8323227460736402,0.9358974358974359,0.0641025641025641,4.581675927257889,32.0
pp_quantile_fixed,HOBBIES_1_252_TX_1,810.804363914272,753.1327613811109,57.67160253316116,0.0,0.8855722171961088,0.9743589743589743,0.02564102564102564,9.655548222834755,56.0
pp_quantile_fixed,HOBBIES_1_257_CA_2,357.9076601425634,346.31892656439453,11.588733578168835,0.0,0.932229628197843,0.9743589743589743,0.02564102564102564,4.439986238005058,19.0
pp_quantile_fixed,HOBBIES_1_261_WI_3,2209.193398985325,1648.7670549716784,560.4263440136467,0.0,0.6521251744173515,0.9487179487179487,0.05128205128205128,21.138039166303567,179.0
pp_quantile_fixed,HOBBIES_1_264_TX_2,361.52091905678367,347.09045196648157,14.430467090302077,0.0,0.9528416108160062,0.9743589743589743,0.02564102564102564,4.449877589313866,34.0
pp_quantile_fixed,HOBBIES_1_267_CA_3,326.6027303222587,325.3814476587336,1.2212826635251117,0.0,0.9903072804482134,0.9871794871794872,0.01282051282051282,4.171557021265815,14.0
pp_quantile_fixed,HOBBIES_1_267_WI_2,162.24469541112694,162.24469541112694,0.0,0.0,1.0,1.0,0.0,2.0800601975785504,6.0
pp_quantile_fixed,HOBBIES_1_277_CA_1,1034.0,1025.0,9.0,0.0,0.9411764705882353,0.9871794871794872,0.01282051282051282,13.14102564102564,17.0
pp_quantile_fixed,HOBBIES_1_279_CA_4,497.6628311403255,461.7359796358715,35.92685150445403,0.0,0.9232332232810812,0.9487179487179487,0.05128205128205128,5.919692046613737,52.0
pp_quantile_fixed,HOBBIES_1_279_TX_3,578.215091242506,544.2905042905983,33.92458695190774,0.0,0.9469098795744793,0.9487179487179487,0.05128205128205128,6.978083388341004,71.0
pp_quantile_fixed,HOBBIES_1_285_CA_4,252.0326176093927,252.0326176093927,0.0,0.0,1.0,1.0,0.0,3.2311874052486242,8.0
pp_quantile_fixed,HOBBIES_1_287_WI_1,493.5097240586478,489.80886295640494,3.7008611022428894,0.0,0.9891787687068919,0.9743589743589743,0.02564102564102564,6.279600807133397,38.0
pp_quantile_fixed,HOBBIES_1_289_WI_1,535.8270767239056,398.6088274515103,137.21824927239535,0.0,0.7540891590100441,0.8974358974358975,0.10256410256410256,5.11036958271167,62.0
pp_quantile_fixed,HOBBIES_1_290_CA_4,459.2846991703096,459.2846991703096,0.0,0.0,1.0,1.0,0.0,5.888265373978328,3.0
pp_quantile_fixed,HOBBIES_1_296_CA_1,484.4526307322383,435.0231795501483,49.429451182089934,0.0,0.8474399654873768,0.9230769230769231,0.07692307692307693,5.577220250642927,36.0
pp_quantile_fixed,HOBBIES_1_297_CA_1,1005.103030260479,786.6304054030625,218.4726248574166,0.0,0.8620753630950653,0.9102564102564102,0.08974358974358974,10.08500519747516,176.0
pp_quantile_fixed,HOBBIES_1_306_CA_4,553.1648892592912,491.33470350735143,61.83018575193972,0.0,0.8402320781603625,0.9487179487179487,0.05128205128205128,6.2991628654788645,43.0
pp_quantile_fixed,HOBBIES_1_306_WI_3,238.83776565122653,238.83776565122653,0.0,0.0,1.0,1.0,0.0,3.0620226365541865,17.0
pp_quantile_fixed,HOBBIES_1_309_WI_1,274.4875837457728,225.18840130134737,49.29918244442544,0.0,0.6576445663581567,0.9358974358974359,0.0641025641025641,2.88703078591471,16.0
pp_quantile_fixed,HOBBIES_1_312_TX_3,1033.822919157569,988.5144840364023,45.30843512116677,0.0,0.9310373894654995,0.9615384615384616,0.038461538461538464,12.673262615851312,73.0
pp_quantile_fixed,HOBBIES_1_319_TX_1,1694.595500383858,1550.3336352563338,144.26186512752423,0.0,0.8812659546275521,0.9102564102564102,0.08974358974358974,19.876072246876074,135.0
pp_quantile_fixed,HOBBIES_1_323_CA_3,982.4462987568509,663.4940840418052,318.95221471504567,0.0,0.7046738752638466,0.782051282051282,0.21794871794871795,8.506334410792375,120.0
pp_quantile_fixed,HOBBIES_1_328_TX_1,229.57942581337733,229.57942581337733,0.0,0.0,1.0,1.0,0.0,2.943325971966376,7.0
pp_quantile_fixed,HOBBIES_1_332_WI_1,659.7926965306831,554.200649150946,105.5920473797371,0.0,0.8076647588711527,0.9102564102564102,0.08974358974358974,7.105136527576231,61.0
pp_quantile_fixed,HOBBIES_1_333_CA_2,516.4593119549261,412.139979874799,104.31933208012703,0.0,0.8188900484720018,0.8974358974358975,0.10256410256410256,5.283845895830757,64.0
pp_quantile_fixed,HOBBIES_1_333_TX_1,248.85928079735592,248.85928079735592,0.0,0.0,1.0,1.0,0.0,3.1905035999661018,14.0
pp_quantile_fixed,HOBBIES_1_334_TX_1,253.03072265190195,244.88829549417014,8.142427157731824,0.0,0.9177532610330119,0.9871794871794872,0.01282051282051282,3.1395935319765402,11.0
pp_quantile_fixed,HOBBIES_1_344_CA_3,779.0682623391784,681.8682730397466,97.19998929943189,0.0,0.8826087085755654,0.9230769230769231,0.07692307692307693,8.741900936407006,92.0
pp_quantile_fixed,HOBBIES_1_346_CA_4,573.4663996982079,573.4663996982079,0.0,0.0,1.0,1.0,0.0,7.352133329464203,19.0
pp_quantile_fixed,HOBBIES_1_348_CA_4,8348.141470396276,7944.034515333703,404.10695506257264,0.0,0.8915440270900234,0.9230769230769231,0.07692307692307693,101.8465963504321,414.0
pp_quantile_fixed,HOBBIES_1_352_CA_2,787.653220116536,707.3327789119041,80.32044120463186,0.0,0.8950059592096316,0.9230769230769231,0.07692307692307693,9.068368960409028,85.0
pp_quantile_fixed,HOBBIES_1_361_CA_4,344.0099285263854,308.66637989276296,35.34354863362245,0.0,0.8690979680236206,0.9358974358974359,0.0641025641025641,3.9572612806764482,30.0
pp_quantile_fixed,HOBBIES_1_362_WI_2,270.97340499256904,270.97340499256904,0.0,0.0,1.0,1.0,0.0,3.474018012725244,4.0
pp_quantile_fixed,HOBBIES_1_367_TX_1,495.74362645580266,423.72833751271924,72.01528894308339,0.0,0.8461211774720441,0.9230769230769231,0.07692307692307693,5.4324145834964,52.0
pp_quantile_fixed,HOBBIES_1_368_CA_1,380.35183534785295,340.8475319762519,39.50430337160107,0.0,0.8669888775366967,0.9487179487179487,0.05128205128205128,4.369840153541691,33.0
pp_quantile_fixed,HOBBIES_1_372_TX_1,654.7660889465068,576.2560298433755,78.51005910313131,0.0,0.8657947707638781,0.9230769230769231,0.07692307692307693,7.387897818504814,65.0
pp_quantile_fixed,HOBBIES_1_373_TX_1,447.3540226408053,375.89487523178514,71.45914740902015,0.0,0.8273933637463281,0.8846153846153846,0.11538461538461539,4.819165067074168,46.0
pp_quantile_fixed,HOBBIES_1_374_WI_3,211.31481207525064,185.68419476607667,25.630617309173964,0.0,0.8324796254302356,0.9487179487179487,0.05128205128205128,2.3805665995650855,17.0
pp_quantile_fixed,HOBBIES_1_375_WI_1,178.70614410922326,162.50866081825427,16.197483290969,0.0,0.7750349542920972,0.9743589743589743,0.02564102564102564,2.0834443694647984,8.0
pp_quantile_fixed,HOBBIES_1_380_CA_2,556.4896880421678,547.8275457906035,8.662142251564312,0.0,0.9643533240676366,0.9871794871794872,0.01282051282051282,7.023430074238506,27.0
pp_quantile_fixed,HOBBIES_1_381_TX_2,2804.8181323539197,2804.8181323539197,0.0,0.0,1.0,1.0,0.0,35.95920682505025,319.0
pp_quantile_fixed,HOBBIES_1_385_CA_1,630.0,630.0,0.0,0.0,1.0,1.0,0.0,8.076923076923077,8.0
pp_quantile_fixed,HOBBIES_1_386_CA_3,1248.0,1248.0,0.0,0.0,1.0,1.0,0.0,16.0,15.0
pp_quantile_fixed,HOBBIES_1_386_WI_3,243.43209676500757,243.43209676500757,0.0,0.0,1.0,1.0,0.0,3.120924317500097,6.0
pp_quantile_fixed,HOBBIES_1_389_CA_3,220.22459082597356,211.2671170944501,8.957473731523471,0.0,0.9526059590924684,0.9871794871794872,0.01282051282051282,2.708552783262181,21.0
pp_quantile_fixed,HOBBIES_1_390_TX_1,229.33813015086483,185.16598529046908,44.172144860395754,0.0,0.6727989269600314,0.9230769230769231,0.07692307692307693,2.3739228883393473,15.0
pp_quantile_fixed,HOBBIES_1_393_TX_2,207.53161143074675,207.53161143074675,0.0,0.0,1.0,1.0,0.0,2.6606616850095737,19.0
pp_quantile_fixed,HOBBIES_1_398_TX_3,1355.3878041046305,1355.3878041046305,0.0,0.0,1.0,1.0,0.0,17.376766719290135,34.0
pp_quantile_fixed,HOBBIES_1_399_TX_3,893.6644587615956,893.6644587615956,0.0,0.0,1.0,1.0,0.0,11.457236650789687,5.0
pp_quantile_fixed,HOBBIES_1_400_CA_3,1667.9728317765018,1647.8201626712546,20.152669105247334,0.0,0.9745547107256979,0.9871794871794872,0.01282051282051282,21.12589952142634,88.0
pp_quantile_fixed,HOBBIES_1_405_TX_3,230.44185991572795,229.0227770113729,1.4190829043550406,0.0,0.9824804579709254,0.9871794871794872,0.01282051282051282,2.936189448863755,9.0
pp_quantile_fixed,HOBBIES_1_406_CA_1,407.5183324469048,407.5183324469048,0.0,0.0,1.0,1.0,0.0,5.224594005729549,7.0
pp_quantile_fixed,HOBBIES_1_410_TX_1,296.54113904584136,296.54113904584136,0.0,0.0,1.0,1.0,0.0,3.801809474946684,5.0
pp_quantile_fixed,HOBBIES_1_415_CA_1,545.6557975018837,415.7391234412612,129.91667406062254,0.0,0.7708700633851454,0.8846153846153846,0.11538461538461539,5.329988762067451,63.0
pp_quantile_fixed,HOBBIES_1_418_TX_1,754.9254504320901,745.9254504320901,9.0,0.0,0.9411764705882353,0.9871794871794872,0.01282051282051282,9.563146800411412,17.0
pp_quantile_fixed,HOBBIES_1_419_CA_4,279.65168456015755,279.65168456015755,0.0,0.0,1.0,1.0,0.0,3.585278007181507,5.0
pp_quantile_fixed,HOBBIES_2_007_TX_3,563.4280170057149,543.0147723438274,20.413244661887482,0.0,0.9217883346287836,0.9743589743589743,0.02564102564102564,6.96172785056189,29.0
pp_quantile_fixed,HOBBIES_2_008_WI_3,381.9811076482279,361.5547758909948,20.42633175723315,0.0,0.8805477675015606,0.9615384615384616,0.038461538461538464,4.635317639628139,19.0
pp_quantile_fixed,HOBBIES_2_009_WI_2,308.7873864504052,308.7873864504052,0.0,0.0,1.0,1.0,0.0,3.958812646800067,7.0
pp_quantile_fixed,HOBBIES_2_012_TX_2,449.4602539666127,449.4602539666127,0.0,0.0,1.0,1.0,0.0,5.762310948289906,11.0
pp_quantile_fixed,HOBBIES_2_014_WI_1,379.8485967551016,379.8485967551016,0.0,0.0,1.0,1.0,0.0,4.8698538045525845,12.0
pp_quantile_fixed,HOBBIES_2_018_CA_2,362.4045735065307,362.4045735065307,0.0,0.0,1.0,1.0,0.0,4.646212480852958,19.0
pp_quantile_fixed,HOBBIES_2_030_TX_2,177.89776544774358,156.19039151041943,21.707373937324146,0.0,0.7807335965926854,0.9487179487179487,0.05128205128205128,2.002440916800249,11.0
pp_quantile_fixed,HOBBIES_2_030_WI_2,107.52992313160412,107.52992313160412,0.0,0.0,1.0,1.0,0.0,1.3785887580974887,0.0
pp_quantile_fixed,HOBBIES_2_031_CA_2,487.24330738145323,480.91044704754347,6.332860333909773,0.0,0.9729364942995308,0.9743589743589743,0.02564102564102564,6.165518551891583,26.0
pp_quantile_fixed,HOBBIES_2_035_CA_2,407.20691933888685,407.20691933888685,0.0,0.0,1.0,1.0,0.0,5.2206015299857285,11.0
pp_quantile_fixed,HOBBIES_2_038_CA_2,497.93649756646283,459.41225037519627,38.52424719126655,0.0,0.8353664649945874,0.9487179487179487,0.05128205128205128,5.88990064583585,26.0
pp_quantile_fixed,HOBBIES_2_040_TX_1,764.8134944180179,764.8134944180179,0.0,0.0,1.0,1.0,0.0,9.805301210487409,7.0
pp_quantile_fixed,HOBBIES_2_041_TX_2,494.00343323293544,384.8208949282804,109.18253830465507,0.0,0.7524205480620068,0.8974358974358975,0.10256410256410256,4.933601217029236,49.0
pp_quantile_fixed,HOBBIES_2_042_TX_2,744.4413957725424,736.833132149001,7.60826362354131,0.0,0.9718212458387359,0.9871794871794872,0.01282051282051282,9.446578617294884,30.0
pp_quantile_fixed,HOBBIES_2_045_CA_4,320.0260871927337,320.0260871927337,0.0,0.0,1.0,1.0,0.0,4.102898553752996,13.0
pp_quantile_fixed,HOBBIES_2_050_WI_2,214.53335609596502,214.53335609596502,0.0,0.0,1.0,1.0,0.0,2.750427642255962,9.0
pp_quantile_fixed,HOBBIES_2_056_WI_3,361.27957761520463,361.27957761520463,0.0,0.0,1.0,1.0,0.0,4.631789456605188,3.0
pp_quantile_fixed,HOBBIES_2_061_TX_3,281.53129819592226,250.66505015590934,30.866248040012916,0.0,0.6882197167675463,0.9615384615384616,0.038461538461538464,3.213654489178325,11.0
pp_quantile_fixed,HOBBIES_2_072_TX_2,340.9024545159755,340.9024545159755,0.0,0.0,1.0,1.0,0.0,4.370544288666352,6.0
pp_quantile_fixed,HOBBIES_2_074_CA_1,538.1749678654205,538.1749678654205,0.0,0.0,1.0,1.0,0.0,6.899679075197699,7.0
pp_quantile_fixed,HOBBIES_2_074_CA_3,297.84124912591153,283.1347325798425,14.706516546069025,0.0,0.836594260599233,0.9743589743589743,0.02564102564102564,3.6299324689723393,10.0
pp_quantile_fixed,HOBBIES_2_076_TX_3,856.3941040215086,679.9170092121286,176.47709480938,0.0,0.5217422904894852,0.8717948717948718,0.1282051282051282,8.716884733488829,41.0
pp_quantile_fixed,HOBBIES_2_076_WI_1,626.2841688892462,584.22950924818,42.054659641066195,0.0,0.7540663178885018,0.9358974358974359,0.0641025641025641,7.490121913438204,19.0
pp_quantile_fixed,HOBBIES_2_077_WI_1,212.87976674081585,212.87976674081585,0.0,0.0,1.0,1.0,0.0,2.7292277787284083,0.0
pp_quantile_fixed,HOBBIES_2_081_WI_3,1300.4021867670444,1300.4021867670444,0.0,0.0,1.0,1.0,0.0,16.6718229072698,10.0
pp_quantile_fixed,HOBBIES_2_083_CA_1,1097.0078954021212,1097.0078954021212,0.0,0.0,1.0,1.0,0.0,14.064203787206683,7.0
pp_quantile_fixed,HOBBIES_2_084_WI_3,177.69398956468385,177.69398956468385,0.0,0.0,1.0,1.0,0.0,2.2781280713421004,10.0
pp_quantile_fixed,HOBBIES_2_086_CA_4,231.3079862467438,231.3079862467438,0.0,0.0,1.0,1.0,0.0,2.965487003163382,3.0
pp_quantile_fixed,HOBBIES_2_103_TX_1,368.4367203328068,341.2736440143712,27.163076318435568,0.0,0.9205758002384924,0.9615384615384616,0.038461538461538464,4.375303128389374,38.0
pp_quantile_fixed,HOBBIES_2_107_WI_3,574.5999999999997,574.5999999999997,0.0,0.0,1.0,1.0,0.0,7.366666666666663,4.0
pp_quantile_fixed,HOBBIES_2_114_CA_4,268.86949182939463,268.86949182939463,0.0,0.0,1.0,1.0,0.0,3.447044767043521,9.0
pp_quantile_fixed,HOBBIES_2_115_TX_1,649.6553221708888,589.9394820454447,59.715840125444075,0.0,0.8815161902272936,0.9615384615384616,0.038461538461538464,7.563326692890317,56.0
pp_quantile_fixed,HOBBIES_2_116_CA_1,486.52526963802734,462.1839901996954,24.341279438331902,0.0,0.8770642452609501,0.9615384615384616,0.038461538461538464,5.9254357717909665,22.0
pp_quantile_fixed,HOBBIES_2_116_CA_2,407.86921666206297,364.1077048503344,43.76151181172857,0.0,0.8199114740258083,0.9487179487179487,0.05128205128205128,4.6680474980812106,27.0
pp_quantile_fixed,HOBBIES_2_117_TX_1,623.7917858666312,618.6674973185632,5.12428854806809,0.0,0.9816333743796842,0.9871794871794872,0.01282051282051282,7.93163458100722,31.0
pp_quantile_fixed,HOBBIES_2_118_WI_2,234.0,234.0,0.0,0.0,1.0,1.0,0.0,3.0,0.0
pp_quantile_fixed,HOBBIES_2_122_CA_2,1106.35897692462,1106.35897692462,0.0,0.0,1.0,1.0,0.0,14.18408944775154,10.0
pp_quantile_fixed,HOBBIES_2_122_TX_1,801.795320113907,800.11542717567,1.6798929382369838,0.0,0.9918845751775992,0.9871794871794872,0.01282051282051282,10.257890091995769,23.0
pp_quantile_fixed,HOBBIES_2_123_TX_1,326.3981961559039,326.3981961559039,0.0,0.0,1.0,1.0,0.0,4.184592258409024,16.0
pp_quantile_fixed,HOBBIES_2_124_TX_3,1808.7999999999956,1467.6999999999953,341.1000000000003,0.0,0.3887096774193543,0.9487179487179487,0.05128205128205128,18.816666666666606,62.0
pp_quantile_fixed,HOBBIES_2_128_TX_1,281.5670088317106,265.888846318422,15.678162513288587,0.0,0.8257981942967934,0.9743589743589743,0.02564102564102564,3.4088313630566924,10.0
pp_quantile_fixed,HOBBIES_2_129_WI_1,1859.1209716429016,1859.1209716429016,0.0,0.0,1.0,1.0,0.0,23.834884251832072,24.0
pp_quantile_fixed,HOBBIES_2_132_CA_1,772.883588814964,740.9351184558051,31.948470359158943,0.0,0.9342624066683973,0.9615384615384616,0.038461538461538464,9.499168185330834,54.0
pp_quantile_fixed,HOBBIES_2_133_CA_3,831.8051463403749,815.5087372566832,16.29640908369178,0.0,0.9396429293196601,0.9743589743589743,0.02564102564102564,10.455240221239528,30.0
pp_quantile_fixed,HOBBIES_2_134_TX_3,534.0108597856939,534.0013140034309,0.009545782262962987,0.0,0.9998939357526337,0.9871794871794872,0.01282051282051282,6.846170692351679,10.0
pp_quantile_fixed,HOBBIES_2_137_CA_2,570.6151318481014,570.6151318481014,0.0,0.0,1.0,1.0,0.0,7.315578613437198,0.0
pp_quantile_fixed,HOBBIES_2_144_WI_1,388.76733438451885,388.76733438451885,0.0,0.0,1.0,1.0,0.0,4.984196594673318,10.0
pp_quantile_fixed,HOUSEHOLD_1_005_CA_4,566.9795571270736,403.7590982202776,163.22045890679595,0.0,0.7074902170129105,0.8589743589743589,0.14102564102564102,5.176398695131764,62.0
pp_quantile_fixed,HOUSEHOLD_1_006_CA_4,577.5567678028572,546.9959303039742,30.560837498882975,0.0,0.934699065173327,0.9743589743589743,0.02564102564102564,7.012768337230439,52.0
pp_quantile_fixed,HOUSEHOLD_1_006_WI_2,493.8168165013621,449.01465902955533,44.80215747180676,0.0,0.8842321512356415,0.9358974358974359,0.0641025641025641,5.7565981926866066,43.0
pp_quantile_fixed,HOUSEHOLD_1_008_WI_3,269.1111322796205,207.39179006213556,61.719342217484964,0.0,0.7256918123667336,0.8974358974358975,0.10256410256410256,2.658869103360712,25.0
pp_quantile_fixed,HOUSEHOLD_1_010_CA_2,1411.8660098332455,1383.3643809123014,28.50162892094403,0.0,0.9512792668018051,0.9615384615384616,0.038461538461538464,17.73544078092694,65.0
pp_quantile_fixed,HOUSEHOLD_1_013_CA_3,976.8698423827514,889.524172443549,87.34566993920234,0.0,0.9191243796859238,0.9487179487179487,0.05128205128205128,11.404156056968576,120.0
pp_quantile_fixed,HOUSEHOLD_1_014_CA_2,1289.1962775753739,1194.1439466588592,95.0523309165147,0.0,0.9155090391853202,0.9743589743589743,0.02564102564102564,15.309537777677683,125.0
pp_quantile_fixed,HOUSEHOLD_1_014_WI_3,470.5956886447591,440.07475785265694,30.520930792102135,0.0,0.9057995963206724,0.9615384615384616,0.038461538461538464,5.641984075034063,36.0
pp_quantile_fixed,HOUSEHOLD_1_015_WI_2,751.0,751.0,0.0,0.0,1.0,1.0,0.0,9.628205128205128,1.0
pp_quantile_fixed,HOUSEHOLD_1_020_WI_1,666.7020818872883,612.1109364205879,54.5911454667004,0.0,0.9157544051439809,0.9487179487179487,0.05128205128205128,7.847576107956256,72.0
pp_quantile_fixed,HOUSEHOLD_1_021_WI_2,1238.6441110035025,631.9193947972298,606.7247162062727,0.0,0.6356007710472836,0.7307692307692307,0.2692307692307692,8.101530702528587,185.0
pp_quantile_fixed,HOUSEHOLD_1_024_CA_2,988.3537561991197,857.5715081639904,130.78224803512936,0.0,0.8348708989455438,0.8846153846153846,0.11538461538461539,10.994506514922953,88.0
pp_quantile_fixed,HOUSEHOLD_1_026_CA_2,1538.427763728732,960.6825076148093,577.7452561139228,0.0,0.5479301595352718,0.7564102564102564,0.24358974358974358,12.316442405318067,142.0
pp_quantile_fixed,HOUSEHOLD_1_029_CA_2,1069.960012950031,834.8284857957881,235.13152715424275,0.0,0.7767032030823905,0.8205128205128205,0.1794871794871795,10.702929305074207,117.0
pp_quantile_fixed,HOUSEHOLD_1_032_WI_1,635.5536185673321,579.0213357997067,56.532282767625496,0.0,0.8898006183866949,0.9487179487179487,0.05128205128205128,7.4233504589705985,57.0
pp_quantile_fixed,HOUSEHOLD_1_033_TX_2,1302.2511678355165,1185.699717301678,116.55145053383845,0.0,0.8822712620870319,0.9487179487179487,0.05128205128205128,15.20127842694459,110.0
pp_quantile_fixed,HOUSEHOLD_1_034_WI_1,461.57065146952016,452.64356631132785,8.92708515819233,0.0,0.9448945360605412,0.9871794871794872,0.01282051282051282,5.803122645017024,18.0
pp_quantile_fixed,HOUSEHOLD_1_043_CA_3,746.2285035493329,697.0249562405817,49.20354730875124,0.0,0.9392548798657392,0.9358974358974359,0.0641025641025641,8.936217387699765,90.0
pp_quantile_fixed,HOUSEHOLD_1_049_CA_1,2340.0,2340.0,0.0,0.0,1.0,1.0,0.0,30.0,0.0
pp_quantile_fixed,HOUSEHOLD_1_049_WI_1,468.0,468.0,0.0,0.0,1.0,1.0,0.0,6.0,0.0
pp_quantile_fixed,HOUSEHOLD_1_051_WI_1,1930.532229424342,1655.224721076658,275.307508347684,0.0,0.884129836554005,0.8589743589743589,0.14102564102564102,21.22082975739305,264.0
pp_quantile_fixed,HOUSEHOLD_1_058_CA_3,1624.2117803176495,1592.0287937365956,32.18298658105393,0.0,0.9840362169736835,0.9871794871794872,0.01282051282051282,20.410625560725585,224.0
pp_quantile_fixed,HOUSEHOLD_1_068_TX_1,276.80520850531906,261.81891658524796,14.986291920071107,0.0,0.8149840503694925,0.9743589743589743,0.02564102564102564,3.3566527767339482,9.0
pp_quantile_fixed,HOUSEHOLD_1_071_CA_1,2170.9134912050154,1573.1347785728126,597.7787126322029,0.0,0.8113072245479157,0.7948717948717948,0.20512820512820512,20.168394597087342,352.0
pp_quantile_fixed,HOUSEHOLD_1_071_TX_2,2216.690770621768,1497.7375542804714,718.9532163412964,0.0,0.7608272733395554,0.782051282051282,0.21794871794871795,19.2017635164163,334.0
pp_quantile_fixed,HOUSEHOLD_1_079_WI_1,939.2146708198036,659.459785519871,279.7548852999326,0.0,0.7199650797798474,0.8333333333333334,0.16666666666666666,8.454612634870141,111.0
pp_quantile_fixed,HOUSEHOLD_1_080_WI_1,405.4026678035522,398.51566638109256,6.887001422459688,0.0,0.969391104789068,0.9871794871794872,0.01282051282051282,5.1091752100140075,25.0
pp_quantile_fixed,HOUSEHOLD_1_080_WI_2,539.3725142597717,532.4320967531409,6.940417506630865,0.0,0.9828631666502942,0.9871794871794872,0.01282051282051282,6.826052522476165,45.0
pp_quantile_fixed,HOUSEHOLD_1_083_TX_1,3281.805098465167,2335.595902840847,946.2091956243198,0.0,0.7946594627551389,0.7307692307692307,0.2692307692307692,29.943537215908293,512.0
pp_quantile_fixed,HOUSEHOLD_1_083_WI_3,4617.3114100454995,3508.153387888279,1109.1580221572203,0.0,0.8080377254833471,0.8205128205128205,0.1794871794871795,44.97632548574717,642.0
pp_quantile_fixed,HOUSEHOLD_1_088_TX_3,523.6884372448595,517.3508284926774,6.337608752182179,0.0,0.9888225595199609,0.9743589743589743,0.02564102564102564,6.632702929393299,63.0
pp_quantile_fixed,HOUSEHOLD_1_091_WI_3,306.43721342340945,300.2905063059128,6.146707117496645,0.0,0.9544688361666915,0.9871794871794872,0.01282051282051282,3.849878285973241,15.0
pp_quantile_fixed,HOUSEHOLD_1_093_CA_2,902.4936176461506,768.671525651192,133.82209199495858,0.0,0.8513087866722683,0.9102564102564102,0.08974358974358974,9.854763149374257,100.0
pp_quantile_fixed,HOUSEHOLD_1_095_TX_2,249.56087327262887,237.0179922907927,12.54288098183617,0.0,0.8927958890441352,0.9615384615384616,0.038461538461538464,3.038692208856317,13.0
pp_quantile_fixed,HOUSEHOLD_1_095_TX_3,224.3117699938615,216.51201192981694,7.799758064044575,0.0,0.9333354011620122,0.9871794871794872,0.01282051282051282,2.775795024741243,13.0
pp_quantile_fixed,HOUSEHOLD_1_096_WI_2,5026.382265264969,3552.9779273730524,1473.4043378919164,0.0,0.80275711674807,0.7307692307692307,0.2692307692307692,45.55099906888529,830.0
pp_quantile_fixed,HOUSEHOLD_1_098_CA_4,197.94034639394525,181.967057965133,15.973288428812248,0.0,0.863476167275109,0.9743589743589743,0.02564102564102564,2.332910999552987,13.0
pp_quantile_fixed,HOUSEHOLD_1_102_WI_3,1085.0308563241592,814.7902167036531,270.2406396205063,0.0,0.7027055669741404,0.8461538461538461,0.15384615384615385,10.446028419277603,101.0
pp_quantile_fixed,HOUSEHOLD_1_106_TX_3,3977.831496835175,2499.9836623641027,1477.8478344710725,0.0,0.7303689409832016,0.7307692307692307,0.2692307692307692,32.05107259441157,609.0
pp_quantile_fixed,HOUSEHOLD_1_119_TX_2,1245.867316926135,1186.201342752189,59.66597417394593,0.0,0.9610026312588589,0.9743589743589743,0.02564102564102564,15.207709522463961,170.0
pp_quantile_fixed,HOUSEHOLD_1_120_CA_2,534.9075900961479,480.2063897736106,54.70120032253728,0.0,0.8263453958014689,0.9230769230769231,0.07692307692307693,6.156492176584751,35.0
pp_quantile_fixed,HOUSEHOLD_1_127_WI_1,446.4039233399747,403.5567777233915,42.847145616583205,0.0,0.8639773155029106,0.9358974358974359,0.0641025641025641,5.173804842607583,35.0
pp_quantile_fixed,HOUSEHOLD_1_128_WI_2,1697.1452885417584,1425.727496484671,271.41779205708735,0.0,0.8286503838023439,0.8333333333333334,0.16666666666666666,18.278557647239374,176.0
pp_quantile_fixed,HOUSEHOLD_1_131_CA_1,786.0732332334135,679.3969011487476,106.67633208466592,0.0,0.7844922584148164,0.8974358974358975,0.10256410256410256,8.7102166813942,55.0
pp_quantile_fixed,HOUSEHOLD_1_131_TX_1,813.541410893921,721.1382756143296,92.4031352795914,0.0,0.8467609696855865,0.9230769230769231,0.07692307692307693,9.24536250787602,67.0
pp_quantile_fixed,HOUSEHOLD_1_136_WI_3,1020.6631304263088,1020.6631304263088,0.0,0.0,1.0,1.0,0.0,13.08542474905524,131.0
pp_quantile_fixed,HOUSEHOLD_1_145_CA_2,1652.4451348837517,1427.4184662861123,225.02666859763934,0.0,0.8926911451608778,0.8717948717948718,0.1282051282051282,18.300236747257852,233.0
pp_quantile_fixed,HOUSEHOLD_1_155_WI_3,384.6423942915509,291.91089964116935,92.73149465038152,0.0,0.6969558998353546,0.9102564102564102,0.08974358974358974,3.742447431297043,34.0
pp_quantile_fixed,HOUSEHOLD_1_157_WI_1,531.1852111226357,531.1852111226357,0.0,0.0,1.0,1.0,0.0,6.81006680926456,23.0
pp_quantile_fixed,HOUSEHOLD_1_158_CA_3,747.3593713282443,633.0493595586292,114.31001176961502,0.0,0.8283633456912687,0.8846153846153846,0.11538461538461539,8.116017430238836,74.0
pp_quantile_fixed,HOUSEHOLD_1_160_WI_2,1124.1700658718194,887.6300199577294,236.54004591409003,0.0,0.7914108942556526,0.8461538461538461,0.15384615384615385,11.37987205074012,126.0
pp_quantile_fixed,HOUSEHOLD_1_161_CA_2,596.1762983090338,554.5228490315677,41.65344927746601,0.0,0.9357199856829228,0.9615384615384616,0.038461538461538464,7.109267295276509,72.0
pp_quantile_fixed,HOUSEHOLD_1_162_TX_1,1349.6253692212765,1336.142209862941,13.483159358335648,0.0,0.9605755574317671,0.9871794871794872,0.01282051282051282,17.130028331576167,38.0
pp_quantile_fixed,HOUSEHOLD_1_163_CA_1,390.92828914258865,384.60548359829716,6.322805544291489,0.0,0.9680666386651944,0.9871794871794872,0.01282051282051282,4.930839533311502,22.0
pp_quantile_fixed,HOUSEHOLD_1_165_CA_1,378.1619203645565,336.2796646727221,41.8822556918344,0.0,0.8836604008560155,0.9615384615384616,0.038461538461538464,4.311277752214386,40.0
pp_quantile_fixed,HOUSEHOLD_1_165_TX_1,841.4893462299517,809.6699086256854,31.819437604266323,0.0,0.9540845056215492,0.9615384615384616,0.038461538461538464,10.380383443919044,77.0
pp_quantile_fixed,HOUSEHOLD_1_167_WI_1,530.6866594706348,483.73617720006894,46.95048227056585,0.0,0.8369774921160908,0.9358974358974359,0.0641025641025641,6.2017458615393455,32.0
pp_quantile_fixed,HOUSEHOLD_1_175_TX_2,901.6800034878204,766.4360793835923,135.24392410422814,0.0,0.887857442699645,0.9358974358974359,0.0641025641025641,9.826103581840927,134.0
pp_quantile_fixed,HOUSEHOLD_1_175_WI_3,322.37995727090856,315.49640151714186,6.883555753766695,0.0,0.9768230446001122,0.9743589743589743,0.02564102564102564,4.044825660476178,33.0
pp_quantile_fixed,HOUSEHOLD_1_185_WI_3,664.3731682869565,476.5450427105908,187.82812557636566,0.0,0.770661629332887,0.8461538461538461,0.15384615384615385,6.1095518296229585,91.0
pp_quantile_fixed,HOUSEHOLD_1_186_WI_2,2284.405279215971,1546.1951050699533,738.2101741460177,0.0,0.8018759597031622,0.7692307692307693,0.23076923076923078,19.823014167563503,414.0
pp_quantile_fixed,HOUSEHOLD_1_188_TX_2,561.818921351353,526.4398288848322,35.37909246652082,0.0,0.9244036485758103,0.9615384615384616,0.038461538461538464,6.749228575446566,52.0
pp_quantile_fixed,HOUSEHOLD_1_190_WI_3,646.8101699986777,604.823268667328,41.9869013313497,0.0,0.9293149809236537,0.9487179487179487,0.05128205128205128,7.754144470093948,66.0
pp_quantile_fixed,HOUSEHOLD_1_191_TX_3,1876.610525212471,1876.610525212471,0.0,0.0,1.0,1.0,0.0,24.059109297595782,86.0
pp_quantile_fixed,HOUSEHOLD_1_194_CA_1,537.120359472992,537.120359472992,0.0,0.0,1.0,1.0,0.0,6.886158454781949,35.0
pp_quantile_fixed,HOUSEHOLD_1_195_CA_2,476.7544600262104,455.1629802262908,21.59147979991956,0.0,0.9226111835128331,0.9871794871794872,0.01282051282051282,5.835422823413984,31.0
pp_quantile_fixed,HOUSEHOLD_1_201_TX_2,873.8316430746036,873.8316430746036,0.0,0.0,1.0,1.0,0.0,11.202969783007738,23.0
pp_quantile_fixed,HOUSEHOLD_1_205_WI_3,663.2861121911862,645.7650061886429,17.521106002543313,0.0,0.9652359007886046,0.9871794871794872,0.01282051282051282,8.279038540880038,56.0
pp_quantile_fixed,HOUSEHOLD_1_206_CA_4,529.0993489612406,529.0993489612406,0.0,0.0,1.0,1.0,0.0,6.7833249866825716,8.0
pp_quantile_fixed,HOUSEHOLD_1_207_TX_1,466.8878077677976,451.35553373087305,15.53227403692454,0.0,0.9383639919169661,0.9743589743589743,0.02564102564102564,5.786609406806065,28.0
pp_quantile_fixed,HOUSEHOLD_1_208_WI_3,1425.0440719313888,1343.0345673239688,82.00950460742004,0.0,0.9415886719320371,0.9487179487179487,0.05128205128205128,17.21839188876883,156.0
pp_quantile_fixed,HOUSEHOLD_1_211_TX_2,492.99274364509006,450.77807709951594,42.214666545574104,0.0,0.9042751325497185,0.9615384615384616,0.038461538461538464,5.779206116660461,49.0
pp_quantile_fixed,HOUSEHOLD_1_212_WI_2,869.9014762920157,837.3718000473542,32.52967624466143,0.0,0.9631182809017445,0.9615384615384616,0.038461538461538464,10.735535898043002,98.0
pp_quantile_fixed,HOUSEHOLD_1_216_TX_1,224.7624430795493,224.7624430795493,0.0,0.0,1.0,1.0,0.0,2.881569783071145,9.0
pp_quantile_fixed,HOUSEHOLD_1_217_WI_3,784.6513222295523,714.8323682467095,69.8189539828428,0.0,0.9042264005722321,0.9358974358974359,0.0641025641025641,9.16451754162448,81.0
pp_quantile_fixed,HOUSEHOLD_1_218_CA_1,947.3416511719131,861.9967149420727,85.34493622984047,0.0,0.8718544501053447,0.9230769230769231,0.07692307692307693,11.051239935154777,74.0
pp_quantile_fixed,HOUSEHOLD_1_219_TX_3,443.32417687207476,381.9120360236603,61.41214084841445,0.0,0.8802882244670284,0.9230769230769231,0.07692307692307693,4.896308154149491,57.0
pp_quantile_fixed,HOUSEHOLD_1_220_TX_3,825.9797456239049,713.5559855526205,112.42376007128436,0.0,0.8864406463926421,0.9102564102564102,0.08974358974358974,9.148153660931033,110.0
pp_quantile_fixed,HOUSEHOLD_1_221_CA_2,687.0006366415357,573.0124516666517,113.98818497488405,0.0,0.8288465691067808,0.9230769230769231,0.07692307692307693,7.346313482905791,74.0
pp_quantile_fixed,HOUSEHOLD_1_224_WI_2,704.9235151152471,612.8707950043735,92.05272011087371,0.0,0.8426449228873955,0.8846153846153846,0.11538461538461539,7.857317884671454,65.0
pp_quantile_fixed,HOUSEHOLD_1_225_CA_4,731.0484227449957,643.7163854506173,87.33203729437844,0.0,0.8326972465624934,0.9358974358974359,0.0641025641025641,8.25277417244381,58.0
pp_quantile_fixed,HOUSEHOLD_1_225_TX_2,1509.352306498843,1259.8282051129206,249.52410138592234,0.0,0.8627480190396467,0.8589743589743589,0.14102564102564102,16.151643655293853,202.0
pp_quantile_fixed,HOUSEHOLD_1_230_TX_3,452.43108018888546,426.3875042152967,26.04357597358876,0.0,0.8392371853482176,0.9615384615384616,0.038461538461538464,5.466506464298676,18.0
pp_quantile_fixed,HOUSEHOLD_1_238_CA_3,1064.4498229692854,825.9956031555864,238.45421981369904,0.0,0.8583159715901967,0.8589743589743589,0.14102564102564102,10.589687219943416,187.0
pp_quantile_fixed,HOUSEHOLD_1_244_CA_3,1020.8788067104734,856.9297380351979,163.94906867527547,0.0,0.8824737858958599,0.9102564102564102,0.08974358974358974,10.986278692758948,155.0
pp_quantile_fixed,HOUSEHOLD_1_246_CA_2,3151.0061577483957,2723.0887656373907,427.9173921110049,0.0,0.9054743997987619,0.8717948717948718,0.1282051282051282,34.911394431248596,503.0
pp_quantile_fixed,HOUSEHOLD_1_248_CA_4,361.8906050936321,339.06515278499006,22.82545230864203,0.0,0.9231466252234274,0.9615384615384616,0.038461538461538464,4.3469891382691035,33.0
pp_quantile_fixed,HOUSEHOLD_1_249_WI_3,448.5755000903899,423.4999983260738,25.075501764316083,0.0,0.9303458284324553,0.9615384615384616,0.038461538461538464,5.429487158026587,40.0
pp_quantile_fixed,HOUSEHOLD_1_264_TX_3,390.8446566418188,390.8446566418188,0.0,0.0,1.0,1.0,0.0,5.010828931305369,23.0
pp_quantile_fixed,HOUSEHOLD_1_265_CA_3,455.3233127391045,393.2920629175007,62.031249821603836,0.0,0.8648556648766801,0.9230769230769231,0.07692307692307693,5.042205934839752,51.0
pp_quantile_fixed,HOUSEHOLD_1_272_CA_3,13183.0,13183.0,0.0,0.0,1.0,1.0,0.0,169.01282051282053,186.0
pp_quantile_fixed,HOUSEHOLD_1_298_TX_3,842.5176060094697,811.017440287006,31.500165722463688,0.0,0.9078942522734978,0.9743589743589743,0.02564102564102564,10.397659490859052,38.0
pp_quantile_fixed,HOUSEHOLD_1_304_CA_3,4059.0144951387547,2508.513561618737,1550.5009335200175,0.0,0.7846526481222199,0.7692307692307693,0.23076923076923078,32.1604302771633,800.0
pp_quantile_fixed,HOUSEHOLD_1_304_CA_4,907.1427801733976,617.8247617505136,289.318018422884,0.0,0.7856903567237896,0.7948717948717948,0.20512820512820512,7.920830278852739,150.0
pp_quantile_fixed,HOUSEHOLD_1_309_TX_2,431.85750766914924,399.9260512450553,31.931456424093945,0.0,0.8226030198661448,0.9743589743589743,0.02564102564102564,5.127257067244299,20.0
pp_quantile_fixed,HOUSEHOLD_1_314_TX_3,556.5903291790438,547.5380255190508,9.052303659992948,0.0,0.9813738607819076,0.9743589743589743,0.02564102564102564,7.019718275885268,54.0
pp_quantile_fixed,HOUSEHOLD_1_317_CA_1,1136.445643446066,1116.1261570397073,20.319486406358635,0.0,0.9774227928818238,0.9743589743589743,0.02564102564102564,14.309309705637274,100.0
pp_quantile_fixed,HOUSEHOLD_1_317_TX_3,858.7146703694563,851.9766258675049,6.738044501951325,0.0,0.9881163236297156,0.9871794871794872,0.01282051282051282,10.922777254711601,63.0
pp_quantile_fixed,HOUSEHOLD_1_320_WI_3,416.94745616893044,365.0622291896093,51.88522697932115,0.0,0.8198429618773571,0.9358974358974359,0.0641025641025641,4.680284989610375,32.0
pp_quantile_fixed,HOUSEHOLD_1_332_WI_3,226.5994840902753,209.1056615404703,17.49382254980501,0.0,0.6112483877821109,0.9743589743589743,0.02564102564102564,2.680841814621414,5.0
pp_quantile_fixed,HOUSEHOLD_1_333_WI_2,406.80631334276984,369.58760095590316,37.218712386866684,0.0,0.9060133525584174,0.9230769230769231,0.07692307692307693,4.738302576357733,44.0
pp_quantile_fixed,HOUSEHOLD_1_338_WI_1,613.0670629213546,563.221608644433,49.84545427692156,0.0,0.9280729375513398,0.9487179487179487,0.05128205128205128,7.220789854415807,77.0
pp_quantile_fixed,HOUSEHOLD_1_342_TX_2,684.9625982785356,552.239056205546,132.72354207298952,0.0,0.7979854762968196,0.8717948717948718,0.1282051282051282,7.079987900071103,73.0
pp_quantile_fixed,HOUSEHOLD_1_344_CA_1,690.5693977360785,690.5693977360785,0.0,0.0,1.0,1.0,0.0,8.85345381712921,45.0
pp_quantile_fixed,HOUSEHOLD_1_344_TX_1,1908.1871054516598,1440.690874613789,467.4962308378708,0.0,0.8183775326970198,0.8205128205128205,0.1794871794871795,18.47039582838191,286.0
pp_quantile_fixed,HOUSEHOLD_1_349_TX_2,967.2428036561498,933.5409062582456,33.70189739790416,0.0,0.9564574969019326,0.9743589743589743,0.02564102564102564,11.968473157156994,86.0
pp_quantile_fixed,HOUSEHOLD_1_361_WI_3,1353.0134692446532,1260.1425440765765,92.87092516807658,0.0,0.9406954500842423,0.9487179487179487,0.05128205128205128,16.155673642007393,174.0
pp_quantile_fixed,HOUSEHOLD_1_368_TX_3,407.20612978532944,407.20612978532944,0.0,0.0,1.0,1.0,0.0,5.220591407504224,4.0
pp_quantile_fixed,HOUSEHOLD_1_369_CA_1,1161.1018735852176,766.4867229811852,394.6151506040325,0.0,0.7536734390736375,0.7948717948717948,0.20512820512820512,9.826752858733142,178.0
pp_quantile_fixed,HOUSEHOLD_1_371_CA_1,844.598157830097,789.9658708860861,54.63228694401081,0.0,0.9476702232337061,0.9230769230769231,0.07692307692307693,10.127767575462643,116.0
pp_quantile_fixed,HOUSEHOLD_1_377_TX_1,276.20063067681923,258.7001879270362,17.500442749783012,0.0,0.8856180212432483,0.9743589743589743,0.02564102564102564,3.316669075987644,17.0
pp_quantile_fixed,HOUSEHOLD_1_380_CA_1,600.8304875750681,501.380074934087,99.45041264098106,0.0,0.8350739425522703,0.8846153846153846,0.11538461538461539,6.4279496786421415,67.0
pp_quantile_fixed,HOUSEHOLD_1_384_CA_2,514.6223707615751,474.176693419601,40.445677341974104,0.0,0.9308620900137194,0.9487179487179487,0.05128205128205128,6.079188377174372,65.0
pp_quantile_fixed,HOUSEHOLD_1_385_CA_3,2373.467487464991,1929.8618256643658,443.60566180062506,0.0,0.8615462978150358,0.8846153846153846,0.11538461538461539,24.74181827774828,356.0
pp_quantile_fixed,HOUSEHOLD_1_386_CA_2,880.1159799409445,474.51088032537785,405.6050996155666,0.0,0.6365545702369475,0.7564102564102564,0.24358974358974358,6.083472824684331,124.0
pp_quantile_fixed,HOUSEHOLD_1_389_CA_1,3069.7972442274267,2728.0694611224717,341.7277831049552,0.0,0.8845904143515856,0.8974358974358975,0.10256410256410256,34.97524950157015,329.0
pp_quantile_fixed,HOUSEHOLD_1_390_WI_2,1263.4322232000666,1019.038236379285,244.39398682078155,0.0,0.8344214181431019,0.7948717948717948,0.20512820512820512,13.064592774093397,164.0
pp_quantile_fixed,HOUSEHOLD_1_394_CA_3,773.2538491787438,685.6948140538269,87.55903512491697,0.0,0.8855437449347492,0.8974358974358975,0.10256410256410256,8.790959154536242,85.0
pp_quantile_fixed,HOUSEHOLD_1_395_CA_3,775.9572647619948,702.6716048257103,73.28565993628447,0.0,0.8819876651589621,0.9230769230769231,0.07692307692307693,9.008610318278338,69.0
pp_quantile_fixed,HOUSEHOLD_1_396_TX_1,784.76280027444,674.6034642407905,110.15933603364957,0.0,0.8877070988443938,0.9230769230769231,0.07692307692307693,8.648762362061417,109.0
pp_quantile_fixed,HOUSEHOLD_1_397_WI_1,1156.1117694359396,750.283020075185,405.82874936075444,0.0,0.7378367252191508,0.7435897435897436,0.2564102564102564,9.619013077886988,172.0
pp_quantile_fixed,HOUSEHOLD_1_398_CA_4,328.969555740669,281.39876639366344,47.57078934700559,0.0,0.8238118913073866,0.9358974358974359,0.0641025641025641,3.6076764922264544,30.0
pp_quantile_fixed,HOUSEHOLD_1_399_TX_3,3292.612588996154,1890.8622194105135,1401.7503695856408,0.0,0.7471590242450143,0.7435897435897436,0.2564102564102564,24.241823325775815,616.0
pp_quantile_fixed,HOUSEHOLD_1_401_CA_2,302.40086412653596,283.13399463728433,19.26686948925165,0.0,0.9026925783371129,0.9615384615384616,0.038461538461538464,3.6299230081703118,22.0
pp_quantile_fixed,HOUSEHOLD_1_402_TX_2,391.56051061279334,375.05154884443414,16.508961768359203,0.0,0.9320618857269168,0.9743589743589743,0.02564102564102564,4.808353190313258,27.0
pp_quantile_fixed,HOUSEHOLD_1_404_TX_2,644.7992734431855,594.6944505632439,50.104822879941565,0.0,0.9072132909630712,0.9102564102564102,0.08974358974358974,7.624287827733896,60.0
pp_quantile_fixed,HOUSEHOLD_1_407_CA_4,442.69414148859045,363.30949577362554,79.3846457149649,0.0,0.7327116305893437,0.9102564102564102,0.08974358974358974,4.657814048379815,33.0
pp_quantile_fixed,HOUSEHOLD_1_411_WI_3,1187.861160548526,1133.901977949494,53.95918259903196,0.0,0.9459868042051732,0.9743589743589743,0.02564102564102564,14.537204845506334,111.0
pp_quantile_fixed,HOUSEHOLD_1_415_CA_3,549.8390967684733,474.8639719186336,74.97512484983973,0.0,0.8656359769716134,0.9230769230769231,0.07692307692307693,6.087999639982482,62.0
pp_quantile_fixed,HOUSEHOLD_1_419_WI_2,369.383813855274,347.50652004454633,21.877293810727693,0.0,0.8379459717723875,0.9743589743589743,0.02564102564102564,4.455211795442902,15.0
pp_quantile_fixed,HOUSEHOLD_1_421_WI_3,654.4966655450446,597.8749723276362,56.62169321740837,0.0,0.906100011248079,0.9358974358974359,0.0641025641025641,7.6650637477902075,67.0
pp_quantile_fixed,HOUSEHOLD_1_423_CA_4,405.1220495450599,405.1220495450599,0.0,0.0,1.0,1.0,0.0,5.193872430064871,13.0
pp_quantile_fixed,HOUSEHOLD_1_425_CA_4,763.5412635307364,579.3679183546574,184.17334517607907,0.0,0.75044262171263,0.8333333333333334,0.16666666666666666,7.42779382505971,82.0
pp_quantile_fixed,HOUSEHOLD_1_431_TX_2,1707.8871038220805,1287.199508682648,420.6875951394324,0.0,0.7674474322059522,0.8076923076923077,0.19230769230769232,16.50255780362369,201.0
pp_quantile_fixed,HOUSEHOLD_1_433_WI_1,255.34823594972806,255.03679248214203,0.31144346758602826,0.0,0.9976930113512147,0.9871794871794872,0.01282051282051282,3.2697024677197697,15.0
pp_quantile_fixed,HOUSEHOLD_1_437_WI_1,1325.3525175723694,919.8143057865341,405.53821178583536,0.0,0.8006203481878883,0.8205128205128205,0.1794871794871795,11.79249109982736,226.0
pp_quantile_fixed,HOUSEHOLD_1_439_WI_3,2082.437740165974,2037.4377401659738,45.0,0.0,0.9489795918367347,0.9743589743589743,0.02564102564102564,26.120996668794536,98.0
pp_quantile_fixed,HOUSEHOLD_1_442_CA_4,412.29424199750116,356.3754144117016,55.918827585799555,0.0,0.8909964374545818,0.9230769230769231,0.07692307692307693,4.56891556938079,57.0
pp_quantile_fixed,HOUSEHOLD_1_445_TX_3,1275.0312563375242,783.3789644956132,491.65229184191105,0.0,0.701486161601754,0.7564102564102564,0.24358974358974358,10.043320057636066,183.0
pp_quantile_fixed,HOUSEHOLD_1_448_CA_4,1254.2139465003715,1171.623741065442,82.59020543492963,0.0,0.9271691310097623,0.9358974358974359,0.0641025641025641,15.02081719314669,126.0
pp_quantile_fixed,HOUSEHOLD_1_450_TX_2,849.782045820544,735.8496832258123,113.93236259473173,0.0,0.8265869671313063,0.8717948717948718,0.1282051282051282,9.433970297766825,73.0
pp_quantile_fixed,HOUSEHOLD_1_458_CA_2,1203.6778609593182,872.388690511416,331.2891704479022,0.0,0.765541988359588,0.8205128205128205,0.1794871794871795,11.184470391172,157.0
pp_quantile_fixed,HOUSEHOLD_1_459_WI_2,15976.540435050145,11332.786857638812,4643.753577411332,0.0,0.7810892576527916,0.7307692307692307,0.2692307692307692,145.2921392004976,2357.0
pp_quantile_fixed,HOUSEHOLD_1_462_WI_1,2258.2683815432424,2121.804788852462,136.46359269078056,0.0,0.8173178143363045,0.9487179487179487,0.05128205128205128,27.20262549810849,83.0
pp_quantile_fixed,HOUSEHOLD_1_467_CA_1,545.6441558847202,502.2808153838659,43.36334050085436,0.0,0.916928466473459,0.9615384615384616,0.038461538461538464,6.439497633126486,58.0
pp_quantile_fixed,HOUSEHOLD_1_473_WI_2,3759.710564154796,2655.343012110415,1104.3675520443808,0.0,0.7913137656756649,0.7564102564102564,0.24358974358974358,34.04285912962071,588.0
pp_quantile_fixed,HOUSEHOLD_1_474_TX_2,7790.840708219502,5040.127330127726,2750.7133780917757,0.0,0.6600280091346216,0.782051282051282,0.21794871794871795,64.61701705291956,899.0
pp_quantile_fixed,HOUSEHOLD_1_481_CA_1,1013.1376343980282,760.6577418184779,252.47989257955032,0.0,0.7952312306735196,0.8205128205128205,0.1794871794871795,9.752022331006128,137.0
pp_quantile_fixed,HOUSEHOLD_1_482_WI_1,673.3375027568932,541.543707357748,131.79379539914515,0.0,0.7711913274320397,0.8461538461538461,0.15384615384615385,6.942868043048051,64.0
pp_quantile_fixed,HOUSEHOLD_1_491_TX_1,674.9924575697094,584.3370170983603,90.65544047134898,0.0,0.8540170040719018,0.9102564102564102,0.08974358974358974,7.4915002192097475,69.0
pp_quantile_fixed,HOUSEHOLD_1_491_WI_3,519.8813463169026,519.8813463169026,0.0,0.0,1.0,1.0,0.0,6.665145465601316,50.0
pp_quantile_fixed,HOUSEHOLD_1_492_WI_2,543.8238248308677,518.685347790187,25.138477040680637,0.0,0.7851412218745245,0.9615384615384616,0.038461538461538464,6.649812151156245,13.0
pp_quantile_fixed,HOUSEHOLD_1_494_CA_2,1319.3288221347339,1005.4290829746823,313.89973916005147,0.0,0.8407408730796289,0.8333333333333334,0.16666666666666666,12.890116448393362,219.0
pp_quantile_fixed,HOUSEHOLD_1_494_TX_1,1603.2171389350992,1141.9306552192488,461.2864837158503,0.0,0.8207900218664141,0.8076923076923077,0.19230769230769232,14.640136605374986,286.0
pp_quantile_fixed,HOUSEHOLD_1_500_TX_3,155.8359758265084,150.09175676806913,5.744219058439244,0.0,0.893625572991866,0.9871794871794872,0.01282051282051282,1.9242532918983222,6.0
pp_quantile_fixed,HOUSEHOLD_1_501_TX_3,325.3818961646541,325.3818961646541,0.0,0.0,1.0,1.0,0.0,4.171562771341719,7.0
pp_quantile_fixed,HOUSEHOLD_1_503_WI_1,712.063583172318,594.7873826079906,117.27620056432741,0.0,0.8568056159165721,0.9102564102564102,0.08974358974358974,7.6254792642050075,91.0
pp_quantile_fixed,HOUSEHOLD_1_504_CA_3,628.0305865124707,616.0110736776209,12.019512834849804,0.0,0.9582655804345492,0.9871794871794872,0.01282051282051282,7.897577867661806,32.0
pp_quantile_fixed,HOUSEHOLD_1_504_WI_3,639.3465870609158,639.3465870609158,0.0,0.0,1.0,1.0,0.0,8.196751116165586,7.0
pp_quantile_fixed,HOUSEHOLD_1_507_WI_3,1001.0,1001.0,0.0,0.0,1.0,1.0,0.0,12.833333333333334,11.0
pp_quantile_fixed,HOUSEHOLD_1_510_CA_4,945.4368999429687,731.3705493906754,214.0663505522933,0.0,0.8034285118895378,0.8846153846153846,0.11538461538461539,9.376545505008659,121.0
pp_quantile_fixed,HOUSEHOLD_1_510_TX_1,790.4302890182704,762.1556573127693,28.27463170550103,0.0,0.9597227468582605,0.9743589743589743,0.02564102564102564,9.771226375804735,78.0
pp_quantile_fixed,HOUSEHOLD_1_520_CA_1,673.8063361170048,611.7110632358902,62.09527288111467,0.0,0.8767950934898519,0.9230769230769231,0.07692307692307693,7.8424495286652585,56.0
pp_quantile_fixed,HOUSEHOLD_1_521_CA_2,3031.562966514395,1684.1086029615203,1347.4543635528748,0.0,0.6401030011878006,0.7564102564102564,0.24358974358974358,21.591135935404107,416.0
pp_quantile_fixed,HOUSEHOLD_1_521_TX_3,8240.13879046007,7576.882141368268,663.2566490918017,0.0,0.913503306065232,0.8717948717948718,0.1282051282051282,97.13951463292652,852.0
pp_quantile_fixed,HOUSEHOLD_1_527_WI_2,902.29600337834,660.5654131377634,241.73059024057665,0.0,0.5803288363878878,0.8205128205128205,0.1794871794871795,8.468787347920044,64.0
pp_quantile_fixed,HOUSEHOLD_1_529_CA_2,885.1036198812856,599.0315274986914,286.0720923825942,0.0,0.6654127574472583,0.8461538461538461,0.15384615384615385,7.679891378188351,95.0
pp_quantile_fixed,HOUSEHOLD_1_531_TX_1,506.39898485449885,496.4657182659602,9.933266588538642,0.0,0.9802911377211535,0.9743589743589743,0.02564102564102564,6.364945105973849,56.0
pp_quantile_fixed,HOUSEHOLD_1_533_WI_1,486.84822193138547,460.7324037947463,26.115818136639163,0.0,0.9255959597246747,0.9615384615384616,0.038461538461538464,5.906825689676235,39.0
pp_quantile_fixed,HOUSEHOLD_1_534_CA_2,1017.4816814142266,999.4816814142266,18.0,0.0,0.9696969696969697,0.9871794871794872,0.01282051282051282,12.813867710438803,66.0
pp_quantile_fixed,HOUSEHOLD_1_534_CA_4,521.8549822391732,466.89485260621177,54.96012963296144,0.0,0.8642959762149101,0.9230769230769231,0.07692307692307693,5.985831443669381,45.0
pp_quantile_fixed,HOUSEHOLD_1_534_TX_1,638.5872340490671,581.2505270285056,57.33670702056148,0.0,0.8278176966349505,0.9358974358974359,0.0641025641025641,7.451929833698791,37.0
pp_quantile_fixed,HOUSEHOLD_1_537_CA_3,1372.32601957149,1294.7040329986912,77.62198657279873,0.0,0.9538787958569229,0.9487179487179487,0.05128205128205128,16.598769653829375,187.0
pp_quantile_fixed,HOUSEHOLD_1_537_TX_1,853.4337151703326,779.706673986189,73.7270411841435,0.0,0.9234402479915436,0.9358974358974359,0.0641025641025641,9.996239410079346,107.0
pp_quantile_fixed,HOUSEHOLD_1_541_CA_2,1215.7994151001287,1123.282654514201,92.51676058592767,0.0,0.9464602079942549,0.9487179487179487,0.05128205128205128,14.401059673258988,192.0
pp_quantile_fixed,HOUSEHOLD_2_001_WI_2,199.72407363509404,192.0434878264879,7.680585808606137,0.0,0.9051779529801711,0.9871794871794872,0.01282051282051282,2.462095997775486,9.0
pp_quantile_fixed,HOUSEHOLD_2_004_CA_4,314.92060531035327,314.92060531035327,0.0,0.0,1.0,1.0,0.0,4.037443657825042,6.0
pp_quantile_fixed,HOUSEHOLD_2_008_WI_2,450.6864303472655,450.6864303472655,0.0,0.0,1.0,1.0,0.0,5.778031158298276,0.0
pp_quantile_fixed,HOUSEHOLD_2_009_CA_1,393.53800041360046,330.4624149283262,63.07558548527426,0.0,0.8202974772499309,0.9102564102564102,0.08974358974358974,4.236697627286233,39.0
pp_quantile_fixed,HOUSEHOLD_2_010_CA_3,359.36792079220885,349.5220551313655,9.845865660843357,0.0,0.9502734057533163,0.9743589743589743,0.02564102564102564,4.48105198886366,22.0
pp_quantile_fixed,HOUSEHOLD_2_013_WI_3,156.20011039376493,147.5506781163534,8.649432277411542,0.0,0.9038951969176494,0.9871794871794872,0.01282051282051282,1.8916753604660692,10.0
pp_quantile_fixed,HOUSEHOLD_2_015_CA_1,588.9178155800433,552.2085765393703,36.709239040673054,0.0,0.9184239132429488,0.9487179487179487,0.05128205128205128,7.079597135120132,50.0
pp_quantile_fixed,HOUSEHOLD_2_017_CA_1,354.82733005988536,351.3021985294377,3.525131530447645,0.0,0.9864937489254879,0.9871794871794872,0.01282051282051282,4.503874340120996,29.0
pp_quantile_fixed,HOUSEHOLD_2_021_CA_2,701.8620433259574,701.8620433259574,0.0,0.0,1.0,1.0,0.0,8.998231324691762,31.0
pp_quantile_fixed,HOUSEHOLD_2_029_WI_2,518.1572884661626,482.3741723992076,35.783116066954975,0.0,0.9154063449953783,0.9615384615384616,0.038461538461538464,6.184284261528303,47.0
pp_quantile_fixed,HOUSEHOLD_2_032_WI_2,272.54820961793627,272.54820961793627,0.0,0.0,1.0,1.0,0.0,3.4942078156145677,7.0
pp_quantile_fixed,HOUSEHOLD_2_034_CA_2,243.0609428304263,211.78903378669574,31.271909043730588,0.0,0.8069635244214162,0.9615384615384616,0.038461538461538464,2.7152440229063557,18.0
pp_quantile_fixed,HOUSEHOLD_2_034_CA_3,317.3640633008429,295.0428712072493,22.321192093593595,0.0,0.8228476817968762,0.9615384615384616,0.038461538461538464,3.7826009129134524,14.0
pp_quantile_fixed,HOUSEHOLD_2_038_TX_1,251.35336305624256,242.82562482288503,8.527738233357528,0.0,0.9138612299660855,0.9743589743589743,0.02564102564102564,3.113149036190834,11.0
pp_quantile_fixed,HOUSEHOLD_2_042_WI_2,406.1638589880953,406.1638589880953,0.0,0.0,1.0,1.0,0.0,5.207228961385837,2.0
pp_quantile_fixed,HOUSEHOLD_2_043_TX_2,172.9619400983273,138.54076390801197,34.42117619031532,0.0,0.7750249922201613,0.9358974358974359,0.0641025641025641,1.7761636398463072,17.0
pp_quantile_fixed,HOUSEHOLD_2_045_CA_4,283.37961628205056,229.77475834321132,53.604857938839224,0.0,0.6865212986032794,0.9358974358974359,0.0641025641025641,2.945830235169376,19.0
pp_quantile_fixed,HOUSEHOLD_2_047_TX_2,772.3891177286837,718.2478979281689,54.141219800514826,0.0,0.8496077227763477,0.9230769230769231,0.07692307692307693,9.208306383694472,40.0
pp_quantile_fixed,HOUSEHOLD_2_057_WI_3,209.89853008404063,198.09722623552295,11.801303848517671,0.0,0.8907286680692809,0.9615384615384616,0.038461538461538464,2.539708028660551,12.0
pp_quantile_fixed,HOUSEHOLD_2_058_TX_2,552.3351460067137,493.80068363673195,58.534462369981725,0.0,0.8521857010859047,0.9230769230769231,0.07692307692307693,6.330777995342717,44.0
pp_quantile_fixed,HOUSEHOLD_2_063_TX_2,266.939962154851,266.939962154851,0.0,0.0,1.0,1.0,0.0,3.4223072071134744,12.0
pp_quantile_fixed,HOUSEHOLD_2_067_CA_2,988.6846912661404,876.3169501261424,112.36774113999792,0.0,0.8843953280452697,0.8846153846153846,0.11538461538461539,11.234832693924902,108.0
pp_quantile_fixed,HOUSEHOLD_2_073_WI_3,199.97424592219636,199.97424592219636,0.0,0.0,1.0,1.0,0.0,2.563772383617902,3.0
pp_quantile_fixed,HOUSEHOLD_2_075_CA_4,661.4041140365181,603.7086347369371,57.69547929958089,0.0,0.8312997681298805,0.9230769230769231,0.07692307692307693,7.739854291499194,38.0
pp_quantile_fixed,HOUSEHOLD_2_075_WI_3,567.1826738027796,557.2474383941884,9.935235408591183,0.0,0.9701644582324589,0.9743589743589743,0.02564102564102564,7.1441979281306205,37.0
pp_quantile_fixed,HOUSEHOLD_2_077_CA_3,252.6655028652175,239.94707540522174,12.718427459995752,0.0,0.8429823770370894,0.9871794871794872,0.01282051282051282,3.0762445564772016,9.0
pp_quantile_fixed,HOUSEHOLD_2_079_TX_1,224.25002286464343,219.3345966510508,4.915426213592652,0.0,0.9609886808445027,0.9871794871794872,0.01282051282051282,2.811982008346805,14.0
pp_quantile_fixed,HOUSEHOLD_2_087_CA_3,284.4123552141109,284.4123552141109,0.0,0.0,1.0,1.0,0.0,3.6463122463347553,7.0
pp_quantile_fixed,HOUSEHOLD_2_089_TX_2,568.5608304325774,491.070467985315,77.49036244726241,0.0,0.8489466618961746,0.9230769230769231,0.07692307692307693,6.295775230580962,57.0
pp_quantile_fixed,HOUSEHOLD_2_095_CA_2,634.1985070128918,576.0640885624584,58.1344184504334,0.0,0.8385155043043516,0.9743589743589743,0.02564102564102564,7.385437032852031,40.0
pp_quantile_fixed,HOUSEHOLD_2_095_TX_3,342.6818620931236,340.14580368003254,2.5360584130910633,0.0,0.9887286292751508,0.9871794871794872,0.01282051282051282,4.360843636923494,25.0
pp_quantile_fixed,HOUSEHOLD_2_110_CA_1,1142.9524119792793,912.2593181893245,230.69309378995482,0.0,0.8465115809780739,0.8846153846153846,0.11538461538461539,11.695632284478519,167.0
pp_quantile_fixed,HOUSEHOLD_2_120_TX_2,488.11533466230753,450.97048377810233,37.1448508842052,0.0,0.8820798384628407,0.9487179487179487,0.05128205128205128,5.78167286895003,35.0
pp_quantile_fixed,HOUSEHOLD_2_123_TX_1,503.05898473854836,445.61608302770156,57.442901710846776,0.0,0.8480346515586064,0.9230769230769231,0.07692307692307693,5.713026705483354,42.0
pp_quantile_fixed,HOUSEHOLD_2_129_CA_2,350.2434243333523,338.74780736463157,11.49561696872075,0.0,0.9087649446926925,0.9871794871794872,0.01282051282051282,4.342920607238867,14.0
pp_quantile_fixed,HOUSEHOLD_2_138_CA_3,252.70036530461772,252.70036530461772,0.0,0.0,1.0,1.0,0.0,3.2397482731361245,4.0
pp_quantile_fixed,HOUSEHOLD_2_139_TX_2,397.9775507698546,303.1085394679896,94.86901130186496,0.0,0.7757233775369623,0.8589743589743589,0.14102564102564102,3.886006916256277,47.0
pp_quantile_fixed,HOUSEHOLD_2_143_CA_1,294.79446428584555,266.0857751066259,28.708689179219675,0.0,0.8550066203069714,0.9615384615384616,0.038461538461538464,3.411356091110588,22.0
pp_quantile_fixed,HOUSEHOLD_2_146_WI_1,648.5312886111477,503.0290166853323,145.50227192581542,0.0,0.6407351310473693,0.8589743589743589,0.14102564102564102,6.449089957504261,45.0
pp_quantile_fixed,HOUSEHOLD_2_147_CA_3,282.95784597311655,282.95784597311655,0.0,0.0,1.0,1.0,0.0,3.627664691963033,5.0
pp_quantile_fixed,HOUSEHOLD_2_149_TX_1,281.62455972301876,281.62455972301876,0.0,0.0,1.0,1.0,0.0,3.6105712785002404,6.0
pp_quantile_fixed,HOUSEHOLD_2_150_CA_2,403.02471820591103,357.07389892465744,45.95081928125358,0.0,0.845283436763456,0.9615384615384616,0.038461538461538464,4.57787049903407,33.0
pp_quantile_fixed,HOUSEHOLD_2_158_TX_3,302.75346394201773,302.75346394201773,0.0,0.0,1.0,1.0,0.0,3.8814546659233042,0.0
pp_quantile_fixed,HOUSEHOLD_2_159_CA_2,854.8385065671181,854.8385065671181,0.0,0.0,1.0,1.0,0.0,10.95946803291177,46.0
pp_quantile_fixed,HOUSEHOLD_2_160_WI_1,425.1026534069871,422.68803408749665,2.4146193194904146,0.0,0.9934563162073431,0.9871794871794872,0.01282051282051282,5.419077360096111,41.0
pp_quantile_fixed,HOUSEHOLD_2_164_CA_1,593.0,575.0,18.0,0.0,0.8333333333333334,0.9743589743589743,0.02564102564102564,7.371794871794871,12.0
pp_quantile_fixed,HOUSEHOLD_2_176_TX_2,2250.5754912499697,1488.9302756371167,761.6452156128532,0.0,0.6444233353814878,0.7051282051282052,0.2948717948717949,19.08884968765534,238.0
pp_quantile_fixed,HOUSEHOLD_2_179_CA_1,363.40042979203,363.40042979203,0.0,0.0,1.0,1.0,0.0,4.65897986912859,28.0
pp_quantile_fixed,HOUSEHOLD_2_184_WI_3,455.81531499929497,390.53095333076317,65.2843616685318,0.0,0.8423083051484739,0.9487179487179487,0.05128205128205128,5.006807093984143,46.0
pp_quantile_fixed,HOUSEHOLD_2_190_WI_1,643.0150427026838,623.0742871014005,19.940755601283254,0.0,0.949644556562416,0.9743589743589743,0.02564102564102564,7.988131885915391,44.0
pp_quantile_fixed,HOUSEHOLD_2_193_TX_1,559.9634210884614,527.7686374785366,32.19478360992478,0.0,0.8374000827781578,0.9615384615384616,0.038461538461538464,6.766264583058161,22.0
pp_quantile_fixed,HOUSEHOLD_2_203_CA_1,823.7183475779082,506.2320774451519,317.4862701327562,0.0,0.5167636679866725,0.8076923076923077,0.19230769230769232,6.490154839040409,73.0
pp_quantile_fixed,HOUSEHOLD_2_207_WI_3,198.24184907689852,198.24184907689852,0.0,0.0,1.0,1.0,0.0,2.541562167652545,3.0
pp_quantile_fixed,HOUSEHOLD_2_208_CA_3,254.75135702900303,254.75135702900303,0.0,0.0,1.0,1.0,0.0,3.2660430388333723,9.0
pp_quantile_fixed,HOUSEHOLD_2_217_TX_1,798.1865296453273,622.369563789569,175.81696585575816,0.0,0.7876606692563307,0.8589743589743589,0.14102564102564102,7.979096971661142,92.0
pp_quantile_fixed,HOUSEHOLD_2_218_CA_1,297.1914679167856,286.63702107857137,10.554446838214258,0.0,0.80454728077381,0.9743589743589743,0.02564102564102564,3.674833603571428,6.0
pp_quantile_fixed,HOUSEHOLD_2_224_TX_1,218.03366354363237,209.03366354363237,9.0,0.0,0.8333333333333334,0.9871794871794872,0.01282051282051282,2.679918763379902,6.0
pp_quantile_fixed,HOUSEHOLD_2_226_TX_3,492.9327921942895,492.9327921942895,0.0,0.0,1.0,1.0,0.0,6.31965118197807,28.0
pp_quantile_fixed,HOUSEHOLD_2_226_WI_1,442.240588836818,334.5138371929247,107.72675164389332,0.0,0.6930861776527255,0.8846153846153846,0.11538461538461539,4.28863893837083,39.0
pp_quantile_fixed,HOUSEHOLD_2_234_WI_3,359.6993719904889,359.6993719904889,0.0,0.0,1.0,1.0,0.0,4.611530410134473,9.0
pp_quantile_fixed,HOUSEHOLD_2_237_CA_2,253.01337449445603,248.324918193279,4.688456301177044,0.0,0.956588367581694,0.9871794871794872,0.01282051282051282,3.1836527973497306,12.0
pp_quantile_fixed,HOUSEHOLD_2_238_CA_1,418.72018498042075,385.7740843974477,32.946100582973,0.0,0.8779774052482481,0.9358974358974359,0.0641025641025641,4.945821594839074,30.0
pp_quantile_fixed,HOUSEHOLD_2_241_CA_2,316.73841711675345,304.48997833575845,12.248438780994993,0.0,0.9243923532037345,0.9871794871794872,0.01282051282051282,3.903717670971262,18.0
pp_quantile_fixed,HOUSEHOLD_2_249_WI_1,512.0,512.0,0.0,0.0,1.0,1.0,0.0,6.564102564102564,7.0
pp_quantile_fixed,HOUSEHOLD_2_257_TX_1,337.8330621484764,312.6653511469465,25.167711001529952,0.0,0.9244212882836939,0.9487179487179487,0.05128205128205128,4.00853014290957,37.0
pp_quantile_fixed,HOUSEHOLD_2_259_CA_2,646.7710828127607,557.9969787013415,88.77410411141916,0.0,0.8238609045408349,0.8846153846153846,0.11538461538461539,7.153807419247968,56.0
pp_quantile_fixed,HOUSEHOLD_2_259_TX_3,256.7655659654392,256.7655659654392,0.0,0.0,1.0,1.0,0.0,3.2918662303261432,12.0
pp_quantile_fixed,HOUSEHOLD_2_260_WI_1,279.6906279416044,279.68267768190026,0.007950259704178286,0.0,0.9999447898631655,0.9871794871794872,0.01282051282051282,3.585675354896157,16.0
pp_quantile_fixed,HOUSEHOLD_2_263_TX_2,447.3085617532689,380.13353710152137,67.17502465174752,0.0,0.6607321987285478,0.9230769230769231,0.07692307692307693,4.873506885916941,22.0
pp_quantile_fixed,HOUSEHOLD_2_263_TX_3,574.4284927213325,574.4284927213325,0.0,0.0,1.0,1.0,0.0,7.364467855401699,6.0
pp_quantile_fixed,HOUSEHOLD_2_264_WI_3,288.075418276976,280.2858844179091,7.78953385906691,0.0,0.9745440069965132,0.9871794871794872,0.01282051282051282,3.593408774588578,34.0
pp_quantile_fixed,HOUSEHOLD_2_265_WI_1,409.2085899084611,353.0739500425309,56.13463986593017,0.0,0.760108376641324,0.9615384615384616,0.038461538461538464,4.52658910310937,26.0
pp_quantile_fixed,HOUSEHOLD_2_275_CA_2,637.3859680873738,584.0445286799078,53.341439407466,0.0,0.8765244458160509,0.9230769230769231,0.07692307692307693,7.487750367691126,48.0
pp_quantile_fixed,HOUSEHOLD_2_280_TX_2,412.31005327276915,401.21209921129446,11.097954061474676,0.0,0.9588964664389827,0.9743589743589743,0.02564102564102564,5.143744861683262,30.0
pp_quantile_fixed,HOUSEHOLD_2_280_WI_3,303.1477226698482,303.1477226698482,0.0,0.0,1.0,1.0,0.0,3.8865092649980535,16.0
pp_quantile_fixed,HOUSEHOLD_2_288_TX_3,345.94792105617586,345.94792105617586,0.0,0.0,1.0,1.0,0.0,4.435229757130459,13.0
pp_quantile_fixed,HOUSEHOLD_2_294_CA_1,1490.3321678973211,1490.3321678973211,0.0,0.0,1.0,1.0,0.0,19.106822665350272,112.0
pp_quantile_fixed,HOUSEHOLD_2_294_WI_3,853.5271634553027,756.7948959542512,96.73226750105152,0.0,0.9004812062746383,0.8974358974358975,0.10256410256410256,9.702498666080142,108.0
pp_quantile_fixed,HOUSEHOLD_2_307_TX_1,201.7035316817355,201.7035316817355,0.0,0.0,1.0,1.0,0.0,2.585942713868404,3.0
pp_quantile_fixed,HOUSEHOLD_2_308_WI_3,299.10553811621816,229.20248981677716,69.903048299441,0.0,0.5431173313762026,0.9230769230769231,0.07692307692307693,2.9384934591894507,17.0
pp_quantile_fixed,HOUSEHOLD_2_311_TX_2,525.2185075092827,466.46148297699716,58.757024532285584,0.0,0.832601069708588,0.9358974358974359,0.0641025641025641,5.9802754227820145,39.0
pp_quantile_fixed,HOUSEHOLD_2_314_TX_1,415.49096303623423,393.8144937591001,21.6764692771341,0.0,0.8795751706825884,0.9615384615384616,0.038461538461538464,5.048903766142309,20.0
pp_quantile_fixed,HOUSEHOLD_2_316_CA_4,195.74590829685644,188.61879506599618,7.127113230860272,0.0,0.9560054738835786,0.9743589743589743,0.02564102564102564,2.4181896803332843,18.0
pp_quantile_fixed,HOUSEHOLD_2_326_TX_2,257.51903581811644,245.12087512561297,12.398160692503486,0.0,0.9081617726481224,0.9743589743589743,0.02564102564102564,3.142575322123243,15.0
pp_quantile_fixed,HOUSEHOLD_2_330_CA_2,401.2569641511984,377.64315013352234,23.613814017676066,0.0,0.8360151804328051,0.9743589743589743,0.02564102564102564,4.841578847865671,16.0
pp_quantile_fixed,HOUSEHOLD_2_333_WI_2,436.3095571609426,436.3095571609426,0.0,0.0,1.0,1.0,0.0,5.593712271294136,17.0
pp_quantile_fixed,HOUSEHOLD_2_337_CA_2,236.71218332135834,218.74692546807202,17.965257853286325,0.0,0.9232253937893747,0.9487179487179487,0.05128205128205128,2.8044477624111797,26.0
pp_quantile_fixed,HOUSEHOLD_2_338_WI_3,551.8291160260538,539.0426223527941,12.786493673259814,0.0,0.8708434982499008,0.9871794871794872,0.01282051282051282,6.910802850676847,11.0
pp_quantile_fixed,HOUSEHOLD_2_342_CA_1,537.9348990915925,480.5302081472385,57.40469094435394,0.0,0.8613413262213673,0.9230769230769231,0.07692307692307693,6.1606436941953655,46.0
pp_quantile_fixed,HOUSEHOLD_2_345_CA_1,456.96971289485884,409.02917363344005,47.94053926141879,0.0,0.8668318353849479,0.9487179487179487,0.05128205128205128,5.243963764531283,40.0
pp_quantile_fixed,HOUSEHOLD_2_346_TX_3,578.260386844848,511.04096342487946,67.21942341996856,0.0,0.913153199715803,0.9615384615384616,0.038461538461538464,6.55180722339589,86.0
pp_quantile_fixed,HOUSEHOLD_2_348_TX_1,684.5763770268975,572.2484903671839,112.32788665971367,0.0,0.8164577015364155,0.8974358974358975,0.10256410256410256,7.336519107271588,68.0
pp_quantile_fixed,HOUSEHOLD_2_354_TX_1,407.51768561836377,380.8147029522888,26.70298266607494,0.0,0.8651364511814397,0.9615384615384616,0.038461538461538464,4.8822397814396,22.0
pp_quantile_fixed,HOUSEHOLD_2_354_TX_2,1437.7286773681612,1324.1973810226912,113.53129634547014,0.0,0.7477082303433997,0.9102564102564102,0.08974358974358974,16.976889500290913,50.0
pp_quantile_fixed,HOUSEHOLD_2_355_CA_3,408.34618003701286,408.34618003701286,0.0,0.0,1.0,1.0,0.0,5.23520743637196,29.0
pp_quantile_fixed,HOUSEHOLD_2_355_TX_2,325.9111719345596,325.9111719345596,0.0,0.0,1.0,1.0,0.0,4.17834835813538,21.0
pp_quantile_fixed,HOUSEHOLD_2_358_CA_4,263.72297529221777,263.72297529221777,0.0,0.0,1.0,1.0,0.0,3.3810637857976635,1.0
pp_quantile_fixed,HOUSEHOLD_2_358_WI_2,282.1535960655571,277.8572858582468,4.296310207310309,0.0,0.970164512449234,0.9871794871794872,0.01282051282051282,3.562272895618549,16.0
pp_quantile_fixed,HOUSEHOLD_2_370_TX_2,290.5261659265311,277.8421273382357,12.684038588295458,0.0,0.9387244512642731,0.9743589743589743,0.02564102564102564,3.562078555618406,23.0
pp_quantile_fixed,HOUSEHOLD_2_373_WI_3,275.714732861587,275.714732861587,0.0,0.0,1.0,1.0,0.0,3.534804267456243,10.0
pp_quantile_fixed,HOUSEHOLD_2_382_TX_3,574.5032496428635,536.6162585019897,37.8869911408738,0.0,0.9021007980855974,0.9487179487179487,0.05128205128205128,6.879695621820381,43.0
pp_quantile_fixed,HOUSEHOLD_2_385_WI_1,299.14321165346854,299.14321165346854,0.0,0.0,1.0,1.0,0.0,3.8351693801726734,15.0
pp_quantile_fixed,HOUSEHOLD_2_392_CA_4,195.6161265820961,177.57019351691625,18.04593306517984,0.0,0.7994896326091129,0.9615384615384616,0.038461538461538464,2.276540942524567,10.0
pp_quantile_fixed,HOUSEHOLD_2_396_TX_3,278.9016087049589,203.4883238041903,75.41328490076864,0.0,0.6009879105779437,0.8974358974358975,0.10256410256410256,2.6088246641562858,21.0
pp_quantile_fixed,HOUSEHOLD_2_396_WI_2,234.24341246287904,223.39345696343267,10.849955499446356,0.0,0.7990748981584007,0.9743589743589743,0.02564102564102564,2.8640186790183675,6.0
pp_quantile_fixed,HOUSEHOLD_2_397_WI_2,261.48079281220475,261.48079281220475,0.0,0.0,1.0,1.0,0.0,3.3523178565667275,4.0
pp_quantile_fixed,HOUSEHOLD_2_401_TX_3,651.3841561590824,483.9087408030296,167.4754153560528,0.0,0.7702669199505449,0.8974358974358975,0.10256410256410256,6.203958215423457,81.0
pp_quantile_fixed,HOUSEHOLD_2_405_CA_4,240.00818423237925,237.62035969637233,2.3878245360069097,0.0,0.9734686162665899,0.9871794871794872,0.01282051282051282,3.0464148679022096,10.0
pp_quantile_fixed,HOUSEHOLD_2_412_CA_1,283.7994137640334,277.8969167395966,5.902497024436787,0.0,0.8906944995474669,0.9871794871794872,0.01282051282051282,3.5627809838409816,6.0
pp_quantile_fixed,HOUSEHOLD_2_417_TX_1,188.3695257499048,182.6543875659539,5.715138183950912,0.0,0.8729969292455353,0.9871794871794872,0.01282051282051282,2.3417229175122296,5.0
pp_quantile_fixed,HOUSEHOLD_2_418_CA_2,450.2162521518861,450.2162521518861,0.0,0.0,1.0,1.0,0.0,5.7720032327164885,21.0
pp_quantile_fixed,HOUSEHOLD_2_420_CA_3,922.9848056518454,796.9848056518454,126.0,0.0,0.6111111111111112,0.9358974358974359,0.0641025641025641,10.217753918613402,36.0
pp_quantile_fixed,HOUSEHOLD_2_424_CA_1,364.5501683627152,319.5500344706513,45.00013389206393,0.0,0.7727265965047276,0.9230769230769231,0.07692307692307693,4.096795313726299,22.0
pp_quantile_fixed,HOUSEHOLD_2_424_CA_4,309.16118614961135,283.79730764258875,25.363878507022633,0.0,0.7181791276997485,0.9615384615384616,0.038461538461538464,3.6384270210588303,10.0
pp_quantile_fixed,HOUSEHOLD_2_428_CA_4,301.4076032085398,301.4076032085398,0.0,0.0,1.0,1.0,0.0,3.8642000411351254,0.0
pp_quantile_fixed,HOUSEHOLD_2_429_WI_3,219.95878563992267,219.95878563992267,0.0,0.0,1.0,1.0,0.0,2.81998443128106,10.0
pp_quantile_fixed,HOUSEHOLD_2_432_TX_3,409.0645835899135,409.0645835899135,0.0,0.0,1.0,1.0,0.0,5.244417738332225,27.0
pp_quantile_fixed,HOUSEHOLD_2_436_CA_2,596.434042967094,596.434042967094,0.0,0.0,1.0,1.0,0.0,7.646590294449923,38.0
pp_quantile_fixed,HOUSEHOLD_2_440_TX_2,1576.2923524574733,1325.9660656645985,250.3262867928747,0.0,0.81332864519547,0.8717948717948718,0.1282051282051282,16.99956494441793,149.0
pp_quantile_fixed,HOUSEHOLD_2_445_WI_2,240.7356351411195,240.7356351411195,0.0,0.0,1.0,1.0,0.0,3.0863542966810193,2.0
pp_quantile_fixed,HOUSEHOLD_2_446_CA_3,302.6830513898231,288.2657999014434,14.417251488379708,0.0,0.876775628304447,0.9743589743589743,0.02564102564102564,3.6957153833518386,13.0
pp_quantile_fixed,HOUSEHOLD_2_451_TX_1,719.0935331572465,566.0509133004432,153.04261985680333,0.0,0.834905480197623,0.8846153846153846,0.11538461538461539,7.257062991031323,103.0
pp_quantile_fixed,HOUSEHOLD_2_451_WI_2,786.9777543226626,650.039496671644,136.93825765101857,0.0,0.8251107820548932,0.8717948717948718,0.1282051282051282,8.333839700918512,87.0
pp_quantile_fixed,HOUSEHOLD_2_459_WI_3,176.8117238506062,176.8117238506062,0.0,0.0,1.0,1.0,0.0,2.266816972443669,8.0
pp_quantile_fixed,HOUSEHOLD_2_462_CA_4,370.6120514806866,370.6120514806866,0.0,0.0,1.0,1.0,0.0,4.7514365574447,11.0
pp_quantile_fixed,HOUSEHOLD_2_462_TX_2,216.16060849528387,191.17428656645313,24.986321928830726,0.0,0.7864416929159768,0.9487179487179487,0.05128205128205128,2.450952391877604,13.0
pp_quantile_fixed,HOUSEHOLD_2_465_CA_1,707.1190061019045,598.8824864512717,108.23651965063276,0.0,0.8633377277138474,0.9358974358974359,0.0641025641025641,7.6779805955291245,88.0
pp_quantile_fixed,HOUSEHOLD_2_468_TX_2,584.5178253113984,504.5550950319539,79.96273027944444,0.0,0.7884583855041152,0.9102564102564102,0.08974358974358974,6.468655064512229,42.0
pp_quantile_fixed,HOUSEHOLD_2_470_WI_2,574.4509623722832,543.9605595230374,30.490402849245804,0.0,0.9230040332089753,0.9615384615384616,0.038461538461538464,6.973853327218428,44.0
pp_quantile_fixed,HOUSEHOLD_2_475_CA_3,476.0893968646614,476.0893968646614,0.0,0.0,1.0,1.0,0.0,6.103710216213607,20.0
pp_quantile_fixed,HOUSEHOLD_2_476_WI_2,364.94315041176685,317.919978003425,47.02317240834186,0.0,0.7250106876705155,0.9358974358974359,0.0641025641025641,4.075897153890064,19.0
pp_quantile_fixed,HOUSEHOLD_2_478_TX_2,287.02906512910806,266.369699861127,20.65936526798106,0.0,0.8234242284787944,0.9615384615384616,0.038461538461538464,3.4149961520657306,13.0
pp_quantile_fixed,HOUSEHOLD_2_480_TX_1,374.0275933891192,368.5014335568651,5.526159832254119,0.0,0.9590654827240435,0.9871794871794872,0.01282051282051282,4.724377353293142,15.0
pp_quantile_fixed,HOUSEHOLD_2_483_TX_1,833.0994215456078,678.3348586850352,154.76456286057265,0.0,0.8245299740809835,0.8461538461538461,0.15384615384615385,8.696600752372246,98.0
pp_quantile_fixed,HOUSEHOLD_2_488_WI_3,255.95068663695403,241.08259647093325,14.868090166020778,0.0,0.8819992843966605,0.9743589743589743,0.02564102564102564,3.0908025188581187,14.0
pp_quantile_fixed,HOUSEHOLD_2_490_WI_1,888.18035514834,619.93612858644,268.24422656190006,0.0,0.7653156373036744,0.8205128205128205,0.1794871794871795,7.947899084441538,127.0
pp_quantile_fixed,HOUSEHOLD_2_491_TX_3,528.9690507015848,483.2046135839493,45.76443711763556,0.0,0.8696169882688444,0.9358974358974359,0.0641025641025641,6.194930943383966,39.0
pp_quantile_fixed,HOUSEHOLD_2_505_CA_4,250.4111232890655,249.39514193354003,1.015981355525481,0.0,0.9874570203021545,0.9871794871794872,0.01282051282051282,3.1973736145325646,9.0
pp_quantile_fixed,HOUSEHOLD_2_507_CA_1,811.3695600048358,679.2250796712646,132.1444803335712,0.0,0.7808549248199482,0.8974358974358975,0.10256410256410256,8.70801384193929,67.0
pp_quantile_fixed,HOUSEHOLD_2_509_TX_1,387.9623342450367,387.9623342450367,0.0,0.0,1.0,1.0,0.0,4.9738760800645725,36.0
pp_quantile_fixed,HOUSEHOLD_2_509_WI_1,238.49224856784696,228.5217135659845,9.970535001862444,0.0,0.861520347196355,0.9871794871794872,0.01282051282051282,2.929765558538263,8.0
pp_quantile_fixed,HOUSEHOLD_2_509_WI_2,246.74293736109107,236.73116767967466,10.011769681416407,0.0,0.9205415104649491,0.9743589743589743,0.02564102564102564,3.0350149702522393,14.0
pp_quantile_fixed,HOUSEHOLD_2_510_CA_2,632.4276809303979,575.139595754202,57.28808517619585,0.0,0.8883273193446474,0.9230769230769231,0.07692307692307693,7.373584560951308,57.0
pp_quantile_calibrated,FOODS_1_008_CA_1,395.1060913132057,369.6640631960477,25.44202811715798,0.0,0.8869243194792977,0.9487179487179487,0.05128205128205128,4.7392828614877915,25.0
pp_quantile_calibrated,FOODS_1_010_CA_3,375.4756188775856,266.97854595404044,108.49707292354518,0.0,0.7260174926173101,0.8461538461538461,0.15384615384615385,3.4228018712056465,44.0
pp_quantile_calibrated,FOODS_1_010_WI_3,831.2697429921427,703.3462726813267,127.92347031081596,0.0,0.7415687468468364,0.9358974358974359,0.0641025641025641,9.017259906170855,55.0
pp_quantile_calibrated,FOODS_1_013_WI_1,1008.7154750349198,896.0358047906411,112.67967024427864,0.0,0.8998402931161968,0.8974358974358975,0.10256410256410256,11.487638522956937,125.0
pp_quantile_calibrated,FOODS_1_014_WI_3,839.4022141370398,705.5920716945046,133.81014244253515,0.0,0.8291058206353318,0.9358974358974359,0.0641025641025641,9.046052201211598,87.0
pp_quantile_calibrated,FOODS_1_022_WI_3,496.7536233316809,496.7536233316809,0.0,0.0,1.0,1.0,0.0,6.368636196560011,1.0
pp_quantile_calibrated,FOODS_1_024_TX_1,576.4953935051517,464.367496043586,112.12789746156574,0.0,0.7649310325753339,0.8974358974358975,0.10256410256410256,5.953429436456231,53.0
pp_quantile_calibrated,FOODS_1_025_TX_1,530.4992569197093,469.6115247087067,60.887732211002586,0.0,0.8462431004772661,0.9230769230769231,0.07692307692307693,6.020660573188548,44.0
pp_quantile_calibrated,FOODS_1_025_WI_1,894.0692538394712,865.3454897001393,28.723764139331877,0.0,0.903286989429859,0.9615384615384616,0.038461538461538464,11.09417294487358,33.0
pp_quantile_calibrated,FOODS_1_032_CA_2,2572.1752488146503,1921.3783542082574,650.7968946063929,0.0,0.8092064219858126,0.8333333333333334,0.16666666666666666,24.633055823182787,379.0
pp_quantile_calibrated,FOODS_1_040_TX_1,630.7126592015294,546.9695476051295,83.74311159639994,0.0,0.7730538981127373,0.8974358974358975,0.10256410256410256,7.01243009750166,41.0
pp_quantile_calibrated,FOODS_1_043_CA_3,16660.357116927487,16660.357116927487,0.0,0.0,1.0,1.0,0.0,213.59432201189085,42.0
pp_quantile_calibrated,FOODS_1_045_CA_3,2073.9557026643515,2064.0955912991412,9.860111365210308,0.0,0.9917626471468585,0.9743589743589743,0.02564102564102564,26.462763991014633,133.0
pp_quantile_calibrated,FOODS_1_045_WI_2,877.9260994152539,773.0417525414259,104.88434687382801,0.0,0.8920942933396832,0.9230769230769231,0.07692307692307693,9.91079169924905,108.0
pp_quantile_calibrated,FOODS_1_046_WI_3,2652.632464035685,2413.5227383166684,239.10972571901686,0.0,0.9016009359181,0.9615384615384616,0.038461538461538464,30.942599209188057,270.0
pp_quantile_calibrated,FOODS_1_047_TX_2,659.0156522652434,656.2985744224584,2.7170778427849918,0.0,0.995130684869561,0.9871794871794872,0.01282051282051282,8.414084287467416,62.0
pp_quantile_calibrated,FOODS_1_054_CA_1,973.1546226474482,518.2956817545221,454.85894089292606,0.0,0.6228366990937594,0.7692307692307693,0.23076923076923078,6.644816432750283,134.0
pp_quantile_calibrated,FOODS_1_054_TX_3,459.93065643096645,379.1269753195476,80.8036811114188,0.0,0.7434803774240674,0.9358974358974359,0.0641025641025641,4.860602247686508,35.0
pp_quantile_calibrated,FOODS_1_055_WI_2,1372.4028765741464,1063.8622027896145,308.5406737845319,0.0,0.7479242861237485,0.8589743589743589,0.14102564102564102,13.639259010123263,136.0
pp_quantile_calibrated,FOODS_1_056_WI_1,861.634325051441,861.634325051441,0.0,0.0,1.0,1.0,0.0,11.046593910915911,1.0
pp_quantile_calibrated,FOODS_1_057_CA_2,1415.9162873147745,1415.9162873147745,0.0,0.0,1.0,1.0,0.0,18.15277291429198,3.0
pp_quantile_calibrated,FOODS_1_060_CA_4,466.15997067634436,466.15997067634436,0.0,0.0,1.0,1.0,0.0,5.976409880465953,39.0
pp_quantile_calibrated,FOODS_1_062_TX_2,439.26757818078664,388.5551622600102,50.71241592077644,0.0,0.8801124919130581,0.9743589743589743,0.02564102564102564,4.9814764392309,47.0
pp_quantile_calibrated,FOODS_1_064_WI_3,304.0768218203337,304.0768218203337,0.0,0.0,1.0,1.0,0.0,3.8984207925683805,18.0
pp_quantile_calibrated,FOODS_1_066_WI_1,1174.3559087765664,897.6197983225925,276.7361104539739,0.0,0.8169734719219751,0.8333333333333334,0.16666666666666666,11.50794613234093,168.0
pp_quantile_calibrated,FOODS_1_069_CA_3,2192.6287242013623,1444.7726910697004,747.8560331316619,0.0,0.743533596319732,0.7692307692307693,0.23076923076923078,18.5227268085859,324.0
pp_quantile_calibrated,FOODS_1_078_TX_2,623.1721517202341,569.1721517202341,54.0,0.0,0.8604651162790697,0.9487179487179487,0.05128205128205128,7.297078868208129,43.0
pp_quantile_calibrated,FOODS_1_081_WI_1,602.7274272966899,466.1723319258185,136.5550953708714,0.0,0.7735404720217721,0.8974358974358975,0.10256410256410256,5.976568358023314,67.0
pp_quantile_calibrated,FOODS_1_083_WI_3,1729.8448024666745,1673.1567033046233,56.68809916205114,0.0,0.9315361121231266,0.9615384615384616,0.038461538461538464,21.450726965443888,92.0
pp_quantile_calibrated,FOODS_1_085_CA_4,3522.270557117301,2398.07443833828,1124.1961187790214,0.0,0.8194932371902662,0.782051282051282,0.21794871794871795,30.74454408126,692.0
pp_quantile_calibrated,FOODS_1_086_CA_2,1369.5878649209108,1182.3383183223907,187.24954659852014,0.0,0.8933051016532648,0.8717948717948718,0.1282051282051282,15.158183568235778,195.0
pp_quantile_calibrated,FOODS_1_086_WI_2,1862.067008049672,1038.4173874648047,823.6496205848672,0.0,0.6382742114251791,0.6923076923076923,0.3076923076923077,13.313043429035957,253.0
pp_quantile_calibrated,FOODS_1_089_CA_1,572.2721849927601,520.8861460390261,51.386038953733966,0.0,0.8215762536328681,0.9358974358974359,0.0641025641025641,6.678027513320848,32.0
pp_quantile_calibrated,FOODS_1_091_TX_3,549.2315879908762,549.2315879908762,0.0,0.0,1.0,1.0,0.0,7.041430615267643,4.0
pp_quantile_calibrated,FOODS_1_094_WI_1,501.1824713388875,343.5243593577411,157.65811198114642,0.0,0.734582303062043,0.8461538461538461,0.15384615384615385,4.404158453304373,66.0
pp_quantile_calibrated,FOODS_1_098_CA_2,448.26026232564783,448.26026232564783,0.0,0.0,1.0,1.0,0.0,5.746926440072408,13.0
pp_quantile_calibrated,FOODS_1_098_TX_1,412.4475874603757,260.8880353663519,151.5595520940238,0.0,0.7145771147005202,0.8717948717948718,0.1282051282051282,3.3447184021327168,59.0
pp_quantile_calibrated,FOODS_1_099_CA_2,4153.652068108999,2809.509884251709,1344.1421838572894,0.0,0.7790693320418658,0.7564102564102564,0.24358974358974358,36.01935749040653,676.0
pp_quantile_calibrated,FOODS_1_099_TX_1,3610.336043522243,2498.431415085049,1111.9046284371939,0.0,0.6895855308662215,0.7435897435897436,0.2564102564102564,32.03117198826986,398.0
pp_quantile_calibrated,FOODS_1_101_CA_1,2103.567182406329,2103.567182406329,0.0,0.0,1.0,1.0,0.0,26.96881003085037,0.0
pp_quantile_calibrated,FOODS_1_102_TX_2,608.7519044889679,441.4354711910842,167.31643329788363,0.0,0.726607135134177,0.8333333333333334,0.16666666666666666,5.659429117834413,68.0
pp_quantile_calibrated,FOODS_1_106_CA_1,946.0012713748913,644.5144917283019,301.4867796465894,0.0,0.6926740268638232,0.782051282051282,0.21794871794871795,8.263006304208998,109.0
pp_quantile_calibrated,FOODS_1_107_TX_2,422.98511058787227,418.8361873487615,4.14892323911079,0.0,0.9835360188924175,0.9871794871794872,0.01282051282051282,5.369694709599506,28.0
pp_quantile_calibrated,FOODS_1_111_WI_2,325.67687399849234,325.67687399849234,0.0,0.0,1.0,1.0,0.0,4.17534453844221,9.0
pp_quantile_calibrated,FOODS_1_119_WI_1,630.0132197430142,397.59481228530785,232.4184074577064,0.0,0.5964958203859264,0.8333333333333334,0.16666666666666666,5.097369388273178,64.0
pp_quantile_calibrated,FOODS_1_122_WI_3,1002.3174926026967,669.5551656459729,332.76232695672377,0.0,0.6339248328308871,0.7564102564102564,0.24358974358974358,8.58404058520478,101.0
pp_quantile_calibrated,FOODS_1_131_CA_1,460.1527843271127,370.6880988614821,89.46468546563065,0.0,0.8286117136673743,0.8589743589743589,0.14102564102564102,4.752411523865155,58.0
pp_quantile_calibrated,FOODS_1_132_WI_3,417.35061382344935,288.8788318175782,128.47178200587115,0.0,0.7306671236774189,0.8717948717948718,0.1282051282051282,3.7035747668920282,53.0
pp_quantile_calibrated,FOODS_1_134_CA_2,388.8386255102384,272.6746980819624,116.16392742827598,0.0,0.801429183883289,0.9102564102564102,0.08974358974358974,3.495829462589261,65.0
pp_quantile_calibrated,FOODS_1_139_TX_3,1377.807587656778,722.6404701196566,655.1671175371214,0.0,0.608621793585949,0.6923076923076923,0.3076923076923077,9.264621411790468,186.0
pp_quantile_calibrated,FOODS_1_143_CA_1,1290.0877501317257,991.3848073573487,298.70294277437694,0.0,0.732345033356293,0.8846153846153846,0.11538461538461539,12.710061632786521,124.0
pp_quantile_calibrated,FOODS_1_143_WI_2,850.7074226684798,850.7074226684798,0.0,0.0,1.0,1.0,0.0,10.906505418826665,34.0
pp_quantile_calibrated,FOODS_1_147_TX_2,265.4260093569444,205.594682920775,59.831326436169434,0.0,0.8100592811550178,0.9230769230769231,0.07692307692307693,2.635829268215064,35.0
pp_quantile_calibrated,FOODS_1_149_CA_3,1311.2023170446378,1123.0509201202763,188.1513969243615,0.0,0.840414421607836,0.9230769230769231,0.07692307692307693,14.39808871949072,131.0
pp_quantile_calibrated,FOODS_1_156_TX_3,496.6834727191627,382.1956767841014,114.48779593506127,0.0,0.7349819538540249,0.8846153846153846,0.11538461538461539,4.899944574155146,48.0
pp_quantile_calibrated,FOODS_1_159_CA_4,584.4534793507315,584.4534793507315,0.0,0.0,1.0,1.0,0.0,7.492993325009379,14.0
pp_quantile_calibrated,FOODS_1_161_CA_4,4985.695901934371,4454.78236520198,530.9135367323918,0.0,0.8103202798383737,0.8846153846153846,0.11538461538461539,57.11259442566641,311.0
pp_quantile_calibrated,FOODS_1_161_WI_3,3337.722930790441,2250.1616089161453,1087.5613218742958,0.0,0.7523767482071275,0.6794871794871795,0.32051282051282054,28.848225755335196,488.0
pp_quantile_calibrated,FOODS_1_168_WI_1,444.24028413416534,372.08531992975117,72.15496420441418,0.0,0.7494619298457841,0.9102564102564102,0.08974358974358974,4.7703246144839895,32.0
pp_quantile_calibrated,FOODS_1_174_TX_2,316.00072832533937,267.96082105214174,48.03990727319764,0.0,0.838249470460614,0.9487179487179487,0.05128205128205128,3.435395141694125,33.0
pp_quantile_calibrated,FOODS_1_175_CA_3,1429.5037247548537,1303.0264658070844,126.47725894776922,0.0,0.8327020384288767,0.8717948717948718,0.1282051282051282,16.705467510347237,84.0
pp_quantile_calibrated,FOODS_1_183_CA_2,1053.1366960494754,852.5719289438489,200.56476710562657,0.0,0.8396764451593712,0.8846153846153846,0.11538461538461539,10.93040934543396,139.0
pp_quantile_calibrated,FOODS_1_183_CA_4,739.8039130742579,554.1598610370055,185.6440520372525,0.0,0.7733283857909006,0.8461538461538461,0.15384615384615385,7.104613603038532,91.0
pp_quantile_calibrated,FOODS_1_185_WI_1,1023.2481674419022,639.9309154482653,383.3172519936369,0.0,0.6592735537834339,0.7435897435897436,0.2564102564102564,8.204242505746992,125.0
pp_quantile_calibrated,FOODS_1_191_TX_1,305.8719934714129,223.12359162976395,82.74840184164894,0.0,0.7701433282176418,0.8974358974358975,0.10256410256410256,2.8605588670482556,40.0
pp_quantile_calibrated,FOODS_1_192_CA_4,1214.7510685276934,1214.7510685276934,0.0,0.0,1.0,1.0,0.0,15.573731647790941,3.0
pp_quantile_calibrated,FOODS_1_203_WI_1,607.1311210852092,507.8386407830096,99.29248030219955,0.0,0.795694484974898,0.9230769230769231,0.07692307692307693,6.51075180491038,54.0
pp_quantile_calibrated,FOODS_1_207_CA_4,693.9008443139721,411.13697209751604,282.76387221645615,0.0,0.6889286334252407,0.7564102564102564,0.24358974358974358,5.270986821763026,101.0
pp_quantile_calibrated,FOODS_1_208_WI_3,619.3472424151655,436.68237534365784,182.66486707150764,0.0,0.7554687187797756,0.8461538461538461,0.15384615384615385,5.598491991585357,83.0
pp_quantile_calibrated,FOODS_1_209_CA_4,926.0592519977805,926.0592519977805,0.0,0.0,1.0,1.0,0.0,11.872554512792059,1.0
pp_quantile_calibrated,FOODS_1_214_TX_3,573.8588034742795,563.9850612092014,9.873742265078102,0.0,0.9422588171632861,0.9743589743589743,0.02564102564102564,7.230577707810274,19.0
pp_quantile_calibrated,FOODS_1_215_CA_1,1432.5605852453132,1108.6643775808905,323.8962076644227,0.0,0.6698305732268883,0.8589743589743589,0.14102564102564102,14.213645866421672,109.0
pp_quantile_calibrated,FOODS_2_001_TX_1,704.4745873189017,525.602962389224,178.8716249296777,0.0,0.7661808824448657,0.8717948717948718,0.1282051282051282,6.738499517810564,85.0
pp_quantile_calibrated,FOODS_2_002_CA_3,683.0924989568923,500.70104722159476,182.3914517352976,0.0,0.7748253682280275,0.8333333333333334,0.16666666666666666,6.419244195148651,90.0
pp_quantile_calibrated,FOODS_2_004_CA_1,666.9981934757509,467.09279085333543,199.90540262241544,0.0,0.7943360055324944,0.8717948717948718,0.1282051282051282,5.988369113504301,108.0
pp_quantile_calibrated,FOODS_2_009_CA_1,735.9903954689161,724.8080646213356,11.18233084758047,0.0,0.9838638804508217,0.9871794871794872,0.01282051282051282,9.292411084888917,77.0
pp_quantile_calibrated,FOODS_2_009_WI_1,1228.961931164459,869.7918445797604,359.17008658469854,0.0,0.7247738800117253,0.8076923076923077,0.19230769230769232,11.151177494612313,145.0
pp_quantile_calibrated,FOODS_2_012_CA_3,455.4426757215507,455.4426757215507,0.0,0.0,1.0,1.0,0.0,5.839008663096804,28.0
pp_quantile_calibrated,FOODS_2_014_CA_3,881.7896646982426,644.1212286472982,237.66843605094442,0.0,0.7305346530034644,0.8333333333333334,0.16666666666666666,8.257964469837155,98.0
pp_quantile_calibrated,FOODS_2_014_TX_1,416.6149865083753,378.1725141924632,38.442472315912056,0.0,0.8527108340386511,0.9615384615384616,0.038461538461538464,4.848365566570041,29.0
pp_quantile_calibrated,FOODS_2_015_CA_1,626.1954501589155,524.9948350291934,101.2006151297221,0.0,0.8156637247181747,0.9102564102564102,0.08974358974358974,6.730703013194787,61.0
pp_quantile_calibrated,FOODS_2_017_WI_1,404.59481520461367,341.2962080592399,63.29860714537374,0.0,0.8437071428509291,0.9358974358974359,0.0641025641025641,4.375592411015896,45.0
pp_quantile_calibrated,FOODS_2_017_WI_3,376.20878515908737,376.20878515908737,0.0,0.0,1.0,1.0,0.0,4.823189553321633,2.0
pp_quantile_calibrated,FOODS_2_024_CA_4,660.2418397701438,519.2366861834631,141.0051535866806,0.0,0.7551993861342351,0.8717948717948718,0.1282051282051282,6.656880592095681,64.0
pp_quantile_calibrated,FOODS_2_024_TX_2,752.8785611491102,729.3329877857092,23.54557336340097,0.0,0.9292925724822794,0.9743589743589743,0.02564102564102564,9.350422920329605,37.0
pp_quantile_calibrated,FOODS_2_029_TX_3,2579.9457301190387,1697.7109787823551,882.2347513366835,0.0,0.6435415146114409,0.8076923076923077,0.19230769230769232,21.765525369004553,275.0
pp_quantile_calibrated,FOODS_2_031_TX_1,1587.5266293501345,1587.5266293501345,0.0,0.0,1.0,1.0,0.0,20.352905504488906,9.0
pp_quantile_calibrated,FOODS_2_034_WI_3,914.4197533071757,873.6816615126256,40.738091794550066,0.0,0.9502587401775946,0.9615384615384616,0.038461538461538464,11.20104694246956,91.0
pp_quantile_calibrated,FOODS_2_043_TX_2,641.615590211325,577.942028386431,63.673561824893916,0.0,0.7473271356155003,0.9358974358974359,0.0641025641025641,7.4095131844414235,28.0
pp_quantile_calibrated,FOODS_2_045_TX_1,481.62319015274534,474.5835484566067,7.039641696138617,0.0,0.9511135993323707,0.9871794871794872,0.01282051282051282,6.084404467392393,16.0
pp_quantile_calibrated,FOODS_2_046_CA_3,398.8485911521956,384.50976246088004,14.338828691315559,0.0,0.9161472006355815,0.9743589743589743,0.02564102564102564,4.929612339242052,19.0
pp_quantile_calibrated,FOODS_2_047_CA_4,616.9014097808032,469.9351568278556,146.96625295294757,0.0,0.7763070731309778,0.8461538461538461,0.15384615384615385,6.0248097029212255,73.0
pp_quantile_calibrated,FOODS_2_047_WI_3,712.2837245630852,551.3232304236448,160.96049413944047,0.0,0.7550068582352504,0.8717948717948718,0.1282051282051282,7.068246543892881,73.0
pp_quantile_calibrated,FOODS_2_051_WI_3,716.1815200674271,570.4407248706075,145.74079519681965,0.0,0.7811699771819525,0.8846153846153846,0.11538461538461539,7.31334262654625,74.0
pp_quantile_calibrated,FOODS_2_055_TX_1,679.2972230671819,539.423150245661,139.87407282152088,0.0,0.8364045931912037,0.8974358974358975,0.10256410256410256,6.91568141340591,95.0
pp_quantile_calibrated,FOODS_2_067_CA_2,2175.6086157490486,2175.6086157490486,0.0,0.0,1.0,1.0,0.0,27.892418150628828,15.0
pp_quantile_calibrated,FOODS_2_067_WI_3,1010.4815085327679,1010.4815085327679,0.0,0.0,1.0,1.0,0.0,12.954891135035485,0.0
pp_quantile_calibrated,FOODS_2_082_TX_3,1416.8964936670409,1040.074397601923,376.82209606511776,0.0,0.7927271198761728,0.8205128205128205,0.1794871794871795,13.334287148742602,202.0
pp_quantile_calibrated,FOODS_2_084_WI_1,620.4937760775671,570.6900438593167,49.80373221825039,0.0,0.9209464567964282,0.9230769230769231,0.07692307692307693,7.316539023837393,70.0
pp_quantile_calibrated,FOODS_2_085_TX_2,409.05560456800947,366.90469508336867,42.15090948464078,0.0,0.873420692238316,0.9487179487179487,0.05128205128205128,4.703906347222675,37.0
pp_quantile_calibrated,FOODS_2_087_WI_3,270.8879552942044,265.1554021830918,5.732553111112629,0.0,0.9646138696844899,0.9743589743589743,0.02564102564102564,3.3994282331165615,18.0
pp_quantile_calibrated,FOODS_2_100_WI_3,1124.4507535253456,789.7422779877829,334.70847553756266,0.0,0.7305084738022846,0.8461538461538461,0.15384615384615385,10.124900999843371,138.0
pp_quantile_calibrated,FOODS_2_101_WI_1,643.5681554374544,512.4346354349752,131.13352000247914,0.0,0.8449958392405684,0.8717948717948718,0.1282051282051282,6.569674813268914,94.0
pp_quantile_calibrated,FOODS_2_104_CA_2,556.9708339472891,510.216120635098,46.75471331219106,0.0,0.9200774131415537,0.9487179487179487,0.05128205128205128,6.5412323158345895,65.0
pp_quantile_calibrated,FOODS_2_105_TX_3,599.6274936180133,518.159634875416,81.46785874259726,0.0,0.8292078433069241,0.9358974358974359,0.0641025641025641,6.643072241992513,53.0
pp_quantile_calibrated,FOODS_2_107_CA_1,733.0382138016506,574.4755627772214,158.56265102442921,0.0,0.7877340682403895,0.8589743589743589,0.14102564102564102,7.365071317656684,83.0
pp_quantile_calibrated,FOODS_2_107_CA_3,1379.0521626835477,999.3045413050398,379.747621378508,0.0,0.6454270575364072,0.8333333333333334,0.16666666666666666,12.811596683397946,119.0
pp_quantile_calibrated,FOODS_2_108_TX_1,393.2565276436953,324.1580355706601,69.09849207303516,0.0,0.8171997564205418,0.9102564102564102,0.08974358974358974,4.155872250905899,42.0
pp_quantile_calibrated,FOODS_2_108_WI_2,1017.826149119765,707.8460412341019,309.9801078856631,0.0,0.7504185926846513,0.7692307692307693,0.23076923076923078,9.07494924659105,138.0
pp_quantile_calibrated,FOODS_2_116_TX_3,883.6724222682797,790.6767780148648,92.99564425341482,0.0,0.8640414557698615,0.9102564102564102,0.08974358974358974,10.136881769421343,76.0
pp_quantile_calibrated,FOODS_2_117_WI_2,2549.010806840116,2205.5360890526517,343.47471778746404,0.0,0.830382855413598,0.8333333333333334,0.16666666666666666,28.276103705803227,225.0
pp_quantile_calibrated,FOODS_2_118_CA_2,347.1873072787048,274.8541003733118,72.33320690539304,0.0,0.7939224874490227,0.9102564102564102,0.08974358974358974,3.5237705176065615,39.0
pp_quantile_calibrated,FOODS_2_118_CA_4,428.70845394344855,250.46045843607902,178.24799550736952,0.0,0.619128214727843,0.8205128205128205,0.1794871794871795,3.2110315184112697,52.0
pp_quantile_calibrated,FOODS_2_124_CA_4,449.2236676445064,449.2236676445064,0.0,0.0,1.0,1.0,0.0,5.759277790314185,21.0
pp_quantile_calibrated,FOODS_2_124_WI_2,350.65427085693557,350.65427085693557,0.0,0.0,1.0,1.0,0.0,4.495567575088917,18.0
pp_quantile_calibrated,FOODS_2_128_TX_3,9727.547511957766,8453.904976084468,1273.6425358732984,0.0,0.5724597059841228,0.7948717948717948,0.20512820512820512,108.38339712928806,331.0
pp_quantile_calibrated,FOODS_2_129_TX_2,215.86800519941264,212.755288133319,3.1127170660936425,0.0,0.9783839092632386,0.9871794871794872,0.01282051282051282,2.7276318991451154,16.0
pp_quantile_calibrated,FOODS_2_130_WI_2,1975.1891853740135,1841.4101530148255,133.7790323591881,0.0,0.9318149682165198,0.9230769230769231,0.07692307692307693,23.607822474549046,218.0
pp_quantile_calibrated,FOODS_2_132_TX_2,495.6420737212309,495.6420737212309,0.0,0.0,1.0,1.0,0.0,6.354385560528601,0.0
pp_quantile_calibrated,FOODS_2_133_TX_2,608.7544161343716,545.4973307943599,63.25708534001175,0.0,0.867385565324923,0.9487179487179487,0.05128205128205128,6.993555523004614,53.0
pp_quantile_calibrated,FOODS_2_133_TX_3,496.2316554869593,247.939596406484,248.29205908047535,0.0,0.5401998905917123,0.7948717948717948,0.20512820512820512,3.1787127744421024,60.0
pp_quantile_calibrated,FOODS_2_141_CA_3,819.493889211905,612.4589083198412,207.03498089206377,0.0,0.8257281305622358,0.8333333333333334,0.16666666666666666,7.85203728615181,132.0
pp_quantile_calibrated,FOODS_2_146_WI_1,806.50951155678,577.8354353911719,228.67407616560808,0.0,0.7809635285770038,0.8717948717948718,0.1282051282051282,7.408146607579127,116.0
pp_quantile_calibrated,FOODS_2_148_CA_2,755.3979759850743,709.3278488495545,46.07012713551977,0.0,0.9117430514645215,0.9358974358974359,0.0641025641025641,9.093946780122494,58.0
pp_quantile_calibrated,FOODS_2_149_TX_1,1688.664539467482,1127.5642337663858,561.1003057010963,0.0,0.7574144808901443,0.7692307692307693,0.23076923076923078,14.455951714953663,257.0
pp_quantile_calibrated,FOODS_2_155_CA_4,924.3241564465299,924.3241564465299,0.0,0.0,1.0,1.0,0.0,11.850309698032435,10.0
pp_quantile_calibrated,FOODS_2_159_CA_1,380.12331042213924,349.64220044890476,30.481109973234478,0.0,0.8871070000991316,0.9487179487179487,0.05128205128205128,4.482592313447497,30.0
pp_quantile_calibrated,FOODS_2_163_TX_3,840.4599601459155,637.4767920420392,202.98316810387632,0.0,0.695220468312498,0.8461538461538461,0.15384615384615385,8.172779385154348,74.0
pp_quantile_calibrated,FOODS_2_165_CA_4,370.2733343683074,370.2733343683074,0.0,0.0,1.0,1.0,0.0,4.747094030362915,10.0
pp_quantile_calibrated,FOODS_2_165_TX_1,294.0,294.0,0.0,0.0,1.0,1.0,0.0,3.769230769230769,4.0
pp_quantile_calibrated,FOODS_2_166_TX_2,1787.3734823696675,1787.3734823696675,0.0,0.0,1.0,1.0,0.0,22.91504464576497,11.0
pp_quantile_calibrated,FOODS_2_169_TX_3,326.30621820990797,315.7703017600798,10.53591644982817,0.0,0.9219561744457173,0.9743589743589743,0.02564102564102564,4.048337202052305,15.0
pp_quantile_calibrated,FOODS_2_172_CA_2,648.105743952668,420.3112883335881,227.79445561907994,0.0,0.7518578914824838,0.8717948717948718,0.1282051282051282,5.388606260687027,102.0
pp_quantile_calibrated,FOODS_2_176_WI_3,494.5006613743382,494.5006613743382,0.0,0.0,1.0,1.0,0.0,6.339752068901772,16.0
pp_quantile_calibrated,FOODS_2_177_WI_1,635.258268203108,570.043602195566,65.2146660075419,0.0,0.8458282127481279,0.9615384615384616,0.038461538461538464,7.308251310199564,47.0
pp_quantile_calibrated,FOODS_2_182_TX_3,470.9791112427106,430.413892816097,40.56521842661359,0.0,0.854604951875937,0.9615384615384616,0.038461538461538464,5.518126830975603,31.0
pp_quantile_calibrated,FOODS_2_183_CA_4,1257.285666795422,806.0735283820931,451.21213841332883,0.0,0.7781651236905954,0.7948717948717948,0.20512820512820512,10.334276004898628,226.0
pp_quantile_calibrated,FOODS_2_186_TX_1,262.33444005826084,228.59311157236047,33.741328485900354,0.0,0.9013411447780693,0.9358974358974359,0.0641025641025641,2.930680917594365,38.0
pp_quantile_calibrated,FOODS_2_187_CA_1,365.51436987621355,312.9100354855556,52.60433439065795,0.0,0.8782307074290325,0.9487179487179487,0.05128205128205128,4.011667121609688,48.0
pp_quantile_calibrated,FOODS_2_192_CA_2,978.40104866309,909.7733378334392,68.62771082965077,0.0,0.9342646447991851,0.9358974358974359,0.0641025641025641,11.663760741454348,116.0
pp_quantile_calibrated,FOODS_2_192_TX_1,832.1748633890694,832.1748633890694,0.0,0.0,1.0,1.0,0.0,10.66890850498807,20.0
pp_quantile_calibrated,FOODS_2_198_CA_4,387.3983421113856,319.2308600138948,68.16748209749079,0.0,0.6212917661250511,0.9230769230769231,0.07692307692307693,4.092703333511472,20.0
pp_quantile_calibrated,FOODS_2_200_TX_1,769.2556184188822,686.974483847168,82.28113457171419,0.0,0.6952550571417994,0.9358974358974359,0.0641025641025641,8.807365177527796,30.0
pp_quantile_calibrated,FOODS_2_201_WI_3,809.8711023461325,561.0575338290365,248.81356851709597,0.0,0.7770487737302008,0.8333333333333334,0.16666666666666666,7.193045305500468,124.0
pp_quantile_calibrated,FOODS_2_202_WI_3,518.6011840499677,440.5456576770355,78.05552637293223,0.0,0.8423120679334702,0.9230769230769231,0.07692307692307693,5.648021252269686,55.0
pp_quantile_calibrated,FOODS_2_204_CA_4,1116.1002012075292,830.2440951760781,285.8561060314512,0.0,0.8109417288151778,0.8333333333333334,0.16666666666666666,10.644155066359975,168.0
pp_quantile_calibrated,FOODS_2_206_CA_3,1336.422000972619,1187.226541392176,149.19545958044299,0.0,0.9079040372960228,0.9230769230769231,0.07692307692307693,15.220853094771487,180.0
pp_quantile_calibrated,FOODS_2_207_CA_3,279.41505214538046,279.41505214538046,0.0,0.0,1.0,1.0,0.0,3.5822442582741085,13.0
pp_quantile_calibrated,FOODS_2_208_TX_1,786.9646732835438,699.2091552243401,87.75551805920375,0.0,0.9261317188053841,0.9102564102564102,0.08974358974358974,8.96421993877359,132.0
pp_quantile_calibrated,FOODS_2_212_CA_2,841.8245709090263,713.0610716007529,128.76349930827342,0.0,0.8733888895690526,0.8589743589743589,0.14102564102564102,9.141808610266063,113.0
pp_quantile_calibrated,FOODS_2_214_CA_3,586.7681609537947,586.7681609537947,0.0,0.0,1.0,1.0,0.0,7.5226687301768544,36.0
pp_quantile_calibrated,FOODS_2_218_CA_4,445.95803468123944,387.8334671274736,58.12456755376582,0.0,0.8681982595152703,0.9230769230769231,0.07692307692307693,4.972223937531713,49.0
pp_quantile_calibrated,FOODS_2_219_TX_1,582.2547279163869,490.3949012588474,91.85982665753937,0.0,0.7314040156212298,0.8974358974358975,0.10256410256410256,6.2871141187031725,38.0
pp_quantile_calibrated,FOODS_2_224_TX_2,401.59431789329625,311.3306120711713,90.26370582212495,0.0,0.8107679123225893,0.8974358974358975,0.10256410256410256,3.991418103476555,53.0
pp_quantile_calibrated,FOODS_2_231_CA_1,1117.2978746651809,1083.6075934490016,33.690281216179244,0.0,0.9064158855106133,0.9871794871794872,0.01282051282051282,13.892405044217968,40.0
pp_quantile_calibrated,FOODS_2_234_WI_3,351.1227895540462,351.1227895540462,0.0,0.0,1.0,1.0,0.0,4.501574225051875,16.0
pp_quantile_calibrated,FOODS_2_235_CA_2,1016.5867030791586,892.0597398022927,124.52696327686586,0.0,0.8372196558472341,0.9358974358974359,0.0641025641025641,11.436663330798625,85.0
pp_quantile_calibrated,FOODS_2_241_CA_3,4272.442656692645,2582.8951495580104,1689.5475071346348,0.0,0.7676639841674046,0.7564102564102564,0.24358974358974358,33.11404037894885,808.0
pp_quantile_calibrated,FOODS_2_241_WI_3,1933.649569784308,1456.239483314247,477.4100864700609,0.0,0.8064030468491238,0.8333333333333334,0.16666666666666666,18.66973696556727,274.0
pp_quantile_calibrated,FOODS_2_242_CA_3,1216.2758679397382,1054.0603366044586,162.21553133527956,0.0,0.8432700180335463,0.8846153846153846,0.11538461538461539,13.51359405903152,115.0
pp_quantile_calibrated,FOODS_2_242_WI_1,1404.489783819022,825.0379629020757,579.4518209169463,0.0,0.6278408343500665,0.782051282051282,0.21794871794871795,10.577409780795843,173.0
pp_quantile_calibrated,FOODS_2_250_WI_2,1288.8536994131732,1183.4389023719955,105.4147970411778,0.0,0.8014787249695333,0.9102564102564102,0.08974358974358974,15.172293620153788,59.0
pp_quantile_calibrated,FOODS_2_253_CA_1,677.0511005713548,441.82840876540536,235.22269180594944,0.0,0.7219589931371756,0.8076923076923077,0.19230769230769232,5.664466779043658,94.0
pp_quantile_calibrated,FOODS_2_254_TX_3,705.5600345996418,566.5170960839002,139.04293851574153,0.0,0.6970742080267069,0.8589743589743589,0.14102564102564102,7.2630396933833365,51.0
pp_quantile_calibrated,FOODS_2_254_WI_1,289.72885187287557,222.30396949484478,67.42488237803076,0.0,0.7225313482385566,0.9487179487179487,0.05128205128205128,2.8500508909595483,27.0
pp_quantile_calibrated,FOODS_2_255_TX_2,5880.999999999999,5880.999999999999,0.0,0.0,1.0,1.0,0.0,75.39743589743588,62.0
pp_quantile_calibrated,FOODS_2_261_WI_2,789.6027392703306,712.4079848084067,77.19475446192398,0.0,0.9036270231436655,0.9358974358974359,0.0641025641025641,9.13343570267188,89.0
pp_quantile_calibrated,FOODS_2_270_CA_3,508.0319209840276,485.56567079066923,22.46625019335837,0.0,0.8613194432508743,0.9615384615384616,0.038461538461538464,6.225200907572683,18.0
pp_quantile_calibrated,FOODS_2_270_WI_2,597.7638999799693,539.2075017229142,58.556398257055044,0.0,0.8141066721998254,0.9487179487179487,0.05128205128205128,6.912916688755311,35.0
pp_quantile_calibrated,FOODS_2_271_WI_2,272.8135444773431,261.16915514793635,11.644389329406753,0.0,0.9004753048768653,0.9743589743589743,0.02564102564102564,3.34832250189662,13.0
pp_quantile_calibrated,FOODS_2_273_TX_3,289.9191650014904,252.00787782688218,37.91128717460822,0.0,0.736727172398554,0.9615384615384616,0.038461538461538464,3.2308702285497715,16.0
pp_quantile_calibrated,FOODS_2_274_CA_3,2178.903412738789,1802.0628630042934,376.84054973449554,0.0,0.8345012956809418,0.8846153846153846,0.11538461538461539,23.10337003851658,253.0
pp_quantile_calibrated,FOODS_2_274_TX_2,1380.5705994325237,1321.7092926210355,58.86130681148826,0.0,0.9519106970494378,0.9743589743589743,0.02564102564102564,16.944990931038916,136.0
pp_quantile_calibrated,FOODS_2_278_CA_4,567.9561776157891,402.47107387859353,165.48510373719554,0.0,0.6935461041903787,0.8846153846153846,0.11538461538461539,5.159885562546071,60.0
pp_quantile_calibrated,FOODS_2_284_TX_3,373.80454210749605,345.3317334047252,28.47280870277087,0.0,0.8734541835432406,0.9743589743589743,0.02564102564102564,4.427329915445195,25.0
pp_quantile_calibrated,FOODS_2_284_WI_2,477.1004586687396,365.6386144156308,111.46184425310878,0.0,0.766327370538556,0.8974358974358975,0.10256410256410256,4.687674543790139,53.0
pp_quantile_calibrated,FOODS_2_290_WI_1,901.233645743036,594.8279180195284,306.40572772350765,0.0,0.7568208510130892,0.7948717948717948,0.20512820512820512,7.625998948968313,140.0
pp_quantile_calibrated,FOODS_2_298_TX_2,501.86471200889775,460.7953301676853,41.069381841212504,0.0,0.8887008622189364,0.9230769230769231,0.07692307692307693,5.907632438047247,41.0
pp_quantile_calibrated,FOODS_2_306_TX_1,559.6151970288458,482.2679936695795,77.34720335926642,0.0,0.8209555477794758,0.9102564102564102,0.08974358974358974,6.18292299576384,48.0
pp_quantile_calibrated,FOODS_2_309_TX_2,836.4801748018261,698.2132331252656,138.26694167656055,0.0,0.7256608300068244,0.8461538461538461,0.15384615384615385,8.951451706734174,56.0
pp_quantile_calibrated,FOODS_2_311_WI_3,791.5380172599257,584.0613370275685,207.47668023235724,0.0,0.746670720107012,0.8589743589743589,0.14102564102564102,7.487965859327801,91.0
pp_quantile_calibrated,FOODS_2_312_CA_1,530.1109209265192,501.69504424028514,28.415876686234053,0.0,0.8981509796192327,0.9615384615384616,0.038461538461538464,6.431987746670322,31.0
pp_quantile_calibrated,FOODS_2_312_TX_2,701.7925680514306,635.8016009732562,65.99096707817439,0.0,0.8967277510513703,0.9230769230769231,0.07692307692307693,8.151302576580207,71.0
pp_quantile_calibrated,FOODS_2_313_CA_4,596.4041437869467,596.4041437869467,0.0,0.0,1.0,1.0,0.0,7.646206971627523,2.0
pp_quantile_calibrated,FOODS_2_321_WI_1,417.3766225470981,278.11374160591174,139.2628809411864,0.0,0.7724462729719176,0.8589743589743589,0.14102564102564102,3.5655607898193815,68.0
pp_quantile_calibrated,FOODS_2_325_WI_3,3320.78572300895,2041.6895760069897,1279.0961470019602,0.0,0.7229594656699241,0.7307692307692307,0.2692307692307692,26.175507384704996,513.0
pp_quantile_calibrated,FOODS_2_326_WI_1,3109.683464432853,2258.8324119414365,850.8510524914165,0.0,0.8174922667328578,0.8205128205128205,0.1794871794871795,28.95938989668508,518.0
pp_quantile_calibrated,FOODS_2_329_TX_3,289.7254505907597,287.64286640976815,2.0825841809915513,0.0,0.9878211451404002,0.9871794871794872,0.01282051282051282,3.687729056535489,19.0
pp_quantile_calibrated,FOODS_2_332_TX_2,546.2965445013988,510.924499079976,35.3720454214228,0.0,0.9145602767598483,0.9615384615384616,0.038461538461538464,6.550314090768923,46.0
pp_quantile_calibrated,FOODS_2_332_WI_1,357.27207278836966,316.55046030734627,40.721612481023364,0.0,0.8777128754323623,0.9102564102564102,0.08974358974358974,4.0583392347095675,37.0
pp_quantile_calibrated,FOODS_2_338_TX_3,793.8943523697252,617.6577152551255,176.2366371145997,0.0,0.8368179285975929,0.8461538461538461,0.15384615384615385,7.918688657116993,120.0
pp_quantile_calibrated,FOODS_2_340_WI_2,815.6510958052606,719.9525099193465,95.69858588591404,0.0,0.884421997722326,0.9102564102564102,0.08974358974358974,9.230160383581365,92.0
pp_quantile_calibrated,FOODS_2_342_CA_3,2765.4471381784024,2265.467150421846,499.9799877565563,0.0,0.8683570332394533,0.8333333333333334,0.16666666666666666,29.044450646433923,422.0
pp_quantile_calibrated,FOODS_2_347_WI_3,4875.367929510041,2922.0330558453056,1953.3348736647356,0.0,0.6760638683806409,0.7435897435897436,0.2564102564102564,37.46196225442699,670.0
pp_quantile_calibrated,FOODS_2_350_WI_2,957.2530777569438,912.4601413762612,44.792936380682605,0.0,0.8283795540970015,0.9358974358974359,0.0641025641025641,11.698206940721297,29.0
pp_quantile_calibrated,FOODS_2_351_CA_1,596.463231173143,429.34987163318874,167.11335953995416,0.0,0.642920171923175,0.8974358974358975,0.10256410256410256,5.50448553375883,52.0
pp_quantile_calibrated,FOODS_2_354_CA_4,514.6257114373043,438.7015100887538,75.9242013485505,0.0,0.5559988225230965,0.9230769230769231,0.07692307692307693,5.624378334471203,19.0
pp_quantile_calibrated,FOODS_2_355_WI_2,977.8336009127222,734.7005638855925,243.1330370271297,0.0,0.8234327980921354,0.8461538461538461,0.15384615384615385,9.419237998533237,153.0
pp_quantile_calibrated,FOODS_2_356_CA_2,1041.0238275272604,815.8651501102844,225.15867741697605,0.0,0.8160468321756732,0.8974358974358975,0.10256410256410256,10.459809616798518,136.0
pp_quantile_calibrated,FOODS_2_370_CA_2,614.1558425310355,481.7867745375512,132.36906799348438,0.0,0.6870707612447178,0.8974358974358975,0.10256410256410256,6.176753519712195,47.0
pp_quantile_calibrated,FOODS_2_370_CA_3,743.5557675751951,652.4769969380242,91.07877063717088,0.0,0.7188926832186084,0.8974358974358975,0.10256410256410256,8.365089704333643,36.0
pp_quantile_calibrated,FOODS_2_371_WI_3,3525.3236852181403,2836.8888865313156,688.4347986868247,0.0,0.8781962493476954,0.8717948717948718,0.1282051282051282,36.37037034014507,628.0
pp_quantile_calibrated,FOODS_2_376_TX_1,575.1874915015654,515.5997060765608,59.587785425004654,0.0,0.8591305309101546,0.9487179487179487,0.05128205128205128,6.61025264200719,47.0
pp_quantile_calibrated,FOODS_2_386_CA_2,661.5018542712955,598.83389279243,62.66796147886556,0.0,0.8578957789594885,0.9358974358974359,0.0641025641025641,7.677357599902948,49.0
pp_quantile_calibrated,FOODS_2_387_WI_2,786.4180364073817,655.8114401801713,130.6065962272104,0.0,0.8692626664392288,0.8974358974358975,0.10256410256410256,8.407838976668863,111.0
pp_quantile_calibrated,FOODS_2_389_TX_2,705.9766792259438,705.9766792259438,0.0,0.0,1.0,1.0,0.0,9.05098306699928,3.0
pp_quantile_calibrated,FOODS_2_390_CA_4,896.8520797162818,896.8520797162818,0.0,0.0,1.0,1.0,0.0,11.498103586106177,4.0
pp_quantile_calibrated,FOODS_2_399_TX_2,875.4322525331444,706.6485777740877,168.78367475905665,0.0,0.8263542440750448,0.8589743589743589,0.14102564102564102,9.059597150949843,108.0
pp_quantile_calibrated,FOODS_3_003_WI_3,1156.3964161842164,1101.7928323684328,54.60358381578352,0.0,0.8215569156346944,0.9487179487179487,0.05128205128205128,14.125549132928626,34.0
pp_quantile_calibrated,FOODS_3_009_CA_4,368.1140313937148,304.3152023830636,63.798829010651225,0.0,0.8523175254383073,0.8974358974358975,0.10256410256410256,3.9014769536290204,48.0
pp_quantile_calibrated,FOODS_3_009_TX_2,711.2121533181969,660.0895563523549,51.122596965842,0.0,0.9252593611610498,0.9615384615384616,0.038461538461538464,8.462686619901985,76.0
pp_quantile_calibrated,FOODS_3_011_CA_1,1275.4983244646046,703.1859026485492,572.3124218160552,0.0,0.7235205691709878,0.7435897435897436,0.2564102564102564,9.015203880109606,230.0
pp_quantile_calibrated,FOODS_3_014_CA_1,1117.341171334335,1117.341171334335,0.0,0.0,1.0,1.0,0.0,14.324886811978654,2.0
pp_quantile_calibrated,FOODS_3_019_TX_2,586.0250140493082,576.577288754892,9.447725294416161,0.0,0.9781302655221848,0.9871794871794872,0.01282051282051282,7.392016522498616,48.0
pp_quantile_calibrated,FOODS_3_022_CA_1,314.2528372739927,314.2528372739927,0.0,0.0,1.0,1.0,0.0,4.028882529153753,29.0
pp_quantile_calibrated,FOODS_3_023_TX_1,688.2360140027572,483.8305832928351,204.40543070992203,0.0,0.7296224461508968,0.8461538461538461,0.15384615384615385,6.202956196061988,84.0
pp_quantile_calibrated,FOODS_3_023_TX_3,434.0946333892689,363.6858613615128,70.40877202775609,0.0,0.869613385133785,0.9102564102564102,0.08974358974358974,4.662639248224523,60.0
pp_quantile_calibrated,FOODS_3_023_WI_2,510.9684378319641,462.83092199644767,48.137515835516425,0.0,0.8990827760261709,0.9358974358974359,0.0641025641025641,5.933729769185226,53.0
pp_quantile_calibrated,FOODS_3_024_TX_3,2321.47536598036,2163.9476169497552,157.52774903060504,0.0,0.91024059884296,0.9487179487179487,0.05128205128205128,27.742918166022502,195.0
pp_quantile_calibrated,FOODS_3_024_WI_1,3498.4614888477745,3498.4614888477745,0.0,0.0,1.0,1.0,0.0,44.85207036984326,75.0
pp_quantile_calibrated,FOODS_3_026_CA_1,1152.7697480802572,885.9167539707278,266.8529941095294,0.0,0.8276143448904848,0.8717948717948718,0.1282051282051282,11.357907102188818,172.0
pp_quantile_calibrated,FOODS_3_030_TX_3,8831.600618035322,5991.7127699007915,2839.887848134531,0.0,0.8115035279347849,0.8076923076923077,0.19230769230769232,76.81683038334349,1674.0
pp_quantile_calibrated,FOODS_3_034_CA_1,1046.7300244470534,719.7412523848566,326.9887720621968,0.0,0.7459294700371432,0.8589743589743589,0.14102564102564102,9.227451953652007,143.0
pp_quantile_calibrated,FOODS_3_035_WI_1,704.1164666380839,665.7932798119375,38.32318682614641,0.0,0.9301945595152159,0.9487179487179487,0.05128205128205128,8.535811279640225,61.0
pp_quantile_calibrated,FOODS_3_036_CA_4,605.1108708718704,597.7771539584783,7.33371691339209,0.0,0.9094602850198508,0.9871794871794872,0.01282051282051282,7.663809666134337,9.0
pp_quantile_calibrated,FOODS_3_038_CA_4,533.0667930008104,412.03373884638756,121.03305415442284,0.0,0.8050997517642144,0.8974358974358975,0.10256410256410256,5.282483831363943,69.0
pp_quantile_calibrated,FOODS_3_038_WI_1,767.3135310577804,578.9725594655552,188.34097159222534,0.0,0.7093503524811338,0.8461538461538461,0.15384615384615385,7.422725121353271,72.0
pp_quantile_calibrated,FOODS_3_040_WI_1,1249.955912774533,839.7013895527106,410.2545232218226,0.0,0.4935129342940462,0.7564102564102564,0.24358974358974358,10.765402430162956,90.0
pp_quantile_calibrated,FOODS_3_048_TX_1,981.4155387425989,981.4155387425989,0.0,0.0,1.0,1.0,0.0,12.582250496699986,64.0
pp_quantile_calibrated,FOODS_3_048_TX_3,901.0294017693307,863.1158798563056,37.913521913025036,0.0,0.9613521693037462,0.9358974358974359,0.0641025641025641,11.06558820328597,109.0
pp_quantile_calibrated,FOODS_3_049_TX_1,489.348690179655,474.2654949024554,15.083195277199653,0.0,0.9401460504873029,0.9743589743589743,0.02564102564102564,6.080326857723787,28.0
pp_quantile_calibrated,FOODS_3_050_CA_2,506.2259894562822,402.5841647950059,103.6418246612763,0.0,0.8281230105119796,0.8974358974358975,0.10256410256410256,5.1613354460898195,67.0
pp_quantile_calibrated,FOODS_3_053_CA_4,768.1297430107355,533.7926973283869,234.33704568234864,0.0,0.7074443874127981,0.8589743589743589,0.14102564102564102,6.843496119594704,89.0
pp_quantile_calibrated,FOODS_3_054_WI_3,1638.0,1638.0,0.0,0.0,1.0,1.0,0.0,21.0,0.0
pp_quantile_calibrated,FOODS_3_057_WI_3,345.17925966636636,326.2111978915207,18.968061774845616,0.0,0.8946218790286355,0.9615384615384616,0.038461538461538464,4.182194844763086,20.0
pp_quantile_calibrated,FOODS_3_066_CA_4,2372.2113751967618,1634.8501754791037,737.3611997176579,0.0,0.7052912870832702,0.7692307692307693,0.23076923076923078,20.959617634347484,278.0
pp_quantile_calibrated,FOODS_3_066_TX_3,2669.916826893391,2146.182595980235,523.7342309131561,0.0,0.7708949121114803,0.8333333333333334,0.16666666666666666,27.51516148692609,254.0
pp_quantile_calibrated,FOODS_3_067_CA_4,577.2157194495439,427.25337373893836,149.96234571060555,0.0,0.8084772085432879,0.8717948717948718,0.1282051282051282,5.4776073556274145,87.0
pp_quantile_calibrated,FOODS_3_072_WI_3,415.66170274130104,366.91685592010936,48.74484682119171,0.0,0.8495529419099022,0.9615384615384616,0.038461538461538464,4.704062255386018,36.0
pp_quantile_calibrated,FOODS_3_074_CA_2,1528.4439002958661,1196.472894612134,331.9710056837321,0.0,0.7984389765126095,0.8205128205128205,0.1794871794871795,15.33939608477095,183.0
pp_quantile_calibrated,FOODS_3_091_TX_1,356.74965051185916,255.25101322675894,101.4986372851002,0.0,0.7548342094562798,0.8589743589743589,0.14102564102564102,3.2724488875225504,46.0
pp_quantile_calibrated,FOODS_3_091_WI_1,329.4884736394573,241.00828644369986,88.48018719575744,0.0,0.6609954513572511,0.8717948717948718,0.1282051282051282,3.0898498262012803,29.0
pp_quantile_calibrated,FOODS_3_094_TX_2,912.3567955925871,836.3960607676883,75.96073482489882,0.0,0.914746650028172,0.9358974358974359,0.0641025641025641,10.723026420098567,99.0
pp_quantile_calibrated,FOODS_3_101_WI_3,1680.705625784649,1214.5267623893976,466.17886339525154,0.0,0.813677512631794,0.7692307692307693,0.23076923076923078,15.5708559280692,278.0
pp_quantile_calibrated,FOODS_3_102_WI_2,756.5074735782516,591.6128259097504,164.89464766850114,0.0,0.8334397498297968,0.9230769230769231,0.07692307692307693,7.5847798193557745,110.0
pp_quantile_calibrated,FOODS_3_103_TX_1,318.6984997723457,295.75450771676816,22.943992055577567,0.0,0.8891594586687074,0.9487179487179487,0.05128205128205128,3.791724457907284,23.0
pp_quantile_calibrated,FOODS_3_103_WI_1,783.5968467749051,593.0507766946655,190.54607008023953,0.0,0.8454614192374375,0.8461538461538461,0.15384615384615385,7.603215085829045,137.0
pp_quantile_calibrated,FOODS_3_110_WI_1,287.3707628090831,284.48641421070323,2.884348598379887,0.0,0.9866465342667597,0.9871794871794872,0.01282051282051282,3.6472617206500413,24.0
pp_quantile_calibrated,FOODS_3_111_TX_1,428.9771163570704,372.8843507581189,56.09276559895146,0.0,0.6537483605002996,0.9230769230769231,0.07692307692307693,4.780568599463063,18.0
pp_quantile_calibrated,FOODS_3_111_WI_1,402.17710645333267,392.26628943631715,9.910817017015512,0.0,0.9655874409131406,0.9743589743589743,0.02564102564102564,5.029054992773297,32.0
pp_quantile_calibrated,FOODS_3_117_CA_4,517.6781900645714,357.4756788741982,160.20251119037317,0.0,0.771791294600608,0.8461538461538461,0.15384615384615385,4.583021524028182,78.0
pp_quantile_calibrated,FOODS_3_120_TX_1,7643.997873008993,4502.182393271136,3141.8154797378575,0.0,0.6290216696495623,0.6794871794871795,0.32051282051282054,57.72028709321969,941.0
pp_quantile_calibrated,FOODS_3_125_CA_1,1215.5318293994442,1184.5943769919031,30.937452407541034,0.0,0.9283855268343958,0.9743589743589743,0.02564102564102564,15.187107397332092,48.0
pp_quantile_calibrated,FOODS_3_126_WI_1,922.080303645417,738.1654624802975,183.91484116511953,0.0,0.8365201411865605,0.8846153846153846,0.11538461538461539,9.463659775388429,125.0
pp_quantile_calibrated,FOODS_3_133_CA_1,3420.228149244642,2066.0938173391332,1354.1343319055084,0.0,0.7360361926110119,0.7307692307692307,0.2692307692307692,26.48838227357863,570.0
pp_quantile_calibrated,FOODS_3_133_CA_2,2501.847556562269,1687.4099150408856,814.4376415213834,0.0,0.8002360457391751,0.782051282051282,0.21794871794871795,21.633460449242122,453.0
pp_quantile_calibrated,FOODS_3_133_TX_1,1875.780538693511,1475.6817704516093,400.0987682419017,0.0,0.7788287627186834,0.8205128205128205,0.1794871794871795,18.918997057071913,201.0
pp_quantile_calibrated,FOODS_3_134_TX_1,2584.6017769395016,1836.6661053196394,747.9356716198622,0.0,0.7526667752579821,0.7948717948717948,0.20512820512820512,23.547001350251787,336.0
pp_quantile_calibrated,FOODS_3_136_CA_1,2654.114224916916,1942.9599570433172,711.1542678735989,0.0,0.787015792790177,0.7692307692307693,0.23076923076923078,24.909743039016888,371.0
pp_quantile_calibrated,FOODS_3_138_WI_3,1038.6742634728012,667.4123444017882,371.26191907101287,0.0,0.7529860817890799,0.7948717948717948,0.20512820512820512,8.556568517971645,167.0
pp_quantile_calibrated,FOODS_3_141_TX_3,384.18520427546775,351.4567672357379,32.728437039729826,0.0,0.8347048634357079,0.9487179487179487,0.05128205128205128,4.505855990201768,22.0
pp_quantile_calibrated,FOODS_3_154_CA_1,527.9058464320533,527.9058464320533,0.0,0.0,1.0,1.0,0.0,6.768023672205811,30.0
pp_quantile_calibrated,FOODS_3_155_TX_1,260.8319308207412,237.77336821089196,23.05856260984927,0.0,0.8576631937663625,0.9615384615384616,0.038461538461538464,3.048376515524256,18.0
pp_quantile_calibrated,FOODS_3_157_CA_2,714.870675967815,701.2541747026232,13.616501265191811,0.0,0.9747842569163114,0.9743589743589743,0.02564102564102564,8.990438137213118,60.0
pp_quantile_calibrated,FOODS_3_158_WI_3,326.888148085363,273.09800403646636,53.79014404889666,0.0,0.7939074940655301,0.9358974358974359,0.0641025641025641,3.501256462005979,29.0
pp_quantile_calibrated,FOODS_3_160_CA_1,437.1520966946149,132.73611343022128,304.4159832643936,0.0,0.060444496097550635,0.8461538461538461,0.15384615384615385,1.701745043977196,36.0
pp_quantile_calibrated,FOODS_3_160_TX_1,624.0,624.0,0.0,0.0,1.0,1.0,0.0,8.0,0.0
pp_quantile_calibrated,FOODS_3_160_WI_2,185.7312168333543,80.35308630558,105.37813052777429,0.0,0.09933221771133094,0.9358974358974359,0.0641025641025641,1.0301677731484615,13.0
pp_quantile_calibrated,FOODS_3_161_WI_1,512.7515026443132,512.7515026443132,0.0,0.0,1.0,1.0,0.0,6.573737213388631,19.0
pp_quantile_calibrated,FOODS_3_162_WI_2,484.7520417807722,469.5719407975659,15.180100983206284,0.0,0.9723495428356898,0.9615384615384616,0.038461538461538464,6.020153087148281,61.0
pp_quantile_calibrated,FOODS_3_163_TX_2,527.8235435525679,324.368567250416,203.45497630215192,0.0,0.7401596726664726,0.8205128205128205,0.1794871794871795,4.158571375005333,87.0
pp_quantile_calibrated,FOODS_3_169_TX_3,2067.6007750051576,1962.294529807601,105.30624519755634,0.0,0.9240214681114313,0.9102564102564102,0.08974358974358974,25.157622177020528,154.0
pp_quantile_calibrated,FOODS_3_171_WI_2,273.33761080990723,272.30602026442267,1.031590545484545,0.0,0.9923585885519663,0.9871794871794872,0.01282051282051282,3.4911028239028545,15.0
pp_quantile_calibrated,FOODS_3_172_CA_3,1120.6048360452335,1009.0638724611758,111.5409635840577,0.0,0.9253407204925986,0.9230769230769231,0.07692307692307693,12.936716313604819,166.0
pp_quantile_calibrated,FOODS_3_172_TX_3,1266.1039975711833,1120.0139051793522,146.09009239183104,0.0,0.8600669613105068,0.9102564102564102,0.08974358974358974,14.359152630504514,116.0
pp_quantile_calibrated,FOODS_3_176_WI_3,473.3960004777592,424.7673363765072,48.62866410125197,0.0,0.8799292244413531,0.9615384615384616,0.038461538461538464,5.445735081750093,45.0
pp_quantile_calibrated,FOODS_3_178_WI_2,854.4846200667323,590.0160962016539,264.46852386507834,0.0,0.7488428073456046,0.8461538461538461,0.15384615384615385,7.56430892566223,117.0
pp_quantile_calibrated,FOODS_3_180_WI_1,522.5171503341398,437.8531525745509,84.66399775958898,0.0,0.8457850678331713,0.9102564102564102,0.08974358974358974,5.613501956083986,61.0
pp_quantile_calibrated,FOODS_3_184_WI_3,1859.1000000000017,1559.4000000000017,299.7000000000001,0.0,0.46290322580645143,0.8205128205128205,0.1794871794871795,19.992307692307715,62.0
pp_quantile_calibrated,FOODS_3_192_TX_2,822.1410545976823,668.4011116100595,153.73994298762287,0.0,0.8665451883787996,0.8974358974358975,0.10256410256410256,8.56924502064179,128.0
pp_quantile_calibrated,FOODS_3_197_WI_1,503.96338967243685,468.78941976766663,35.173969904770246,0.0,0.877868160052881,0.9487179487179487,0.05128205128205128,6.010120766252136,32.0
pp_quantile_calibrated,FOODS_3_198_TX_2,772.0,772.0,0.0,0.0,1.0,1.0,0.0,9.897435897435898,2.0
pp_quantile_calibrated,FOODS_3_198_WI_3,556.6149209765255,556.6149209765255,0.0,0.0,1.0,1.0,0.0,7.136088730468275,4.0
pp_quantile_calibrated,FOODS_3_199_CA_2,1498.300868909666,1381.8424329470672,116.45843596259863,0.0,0.7124483062651886,0.8974358974358975,0.10256410256410256,17.7159286275265,45.0
pp_quantile_calibrated,FOODS_3_199_TX_1,778.042782020053,727.7197896561484,50.32299236390462,0.0,0.7929094964448369,0.9358974358974359,0.0641025641025641,9.329740893027543,27.0
pp_quantile_calibrated,FOODS_3_204_CA_2,565.8953063095278,456.7221238958837,109.1731824136441,0.0,0.8104632249763124,0.8974358974358975,0.10256410256410256,5.855411844819022,64.0
pp_quantile_calibrated,FOODS_3_204_CA_4,564.159662355961,530.3601113109974,33.79955104496368,0.0,0.920095624007178,0.9743589743589743,0.02564102564102564,6.7994886065512485,47.0
pp_quantile_calibrated,FOODS_3_205_TX_1,1662.1796132864781,1662.1796132864781,0.0,0.0,1.0,1.0,0.0,21.309995042134336,10.0
pp_quantile_calibrated,FOODS_3_208_WI_3,572.0958186916173,369.60367661914637,202.49214207247087,0.0,0.7527568472863604,0.7948717948717948,0.20512820512820512,4.73850867460444,91.0
pp_quantile_calibrated,FOODS_3_209_TX_2,477.8224061706314,474.6223565063141,3.2000496643172873,0.0,0.9726491481682283,0.9871794871794872,0.01282051282051282,6.084902006491206,13.0
pp_quantile_calibrated,FOODS_3_210_TX_1,268.6930704124613,268.6930704124613,0.0,0.0,1.0,1.0,0.0,3.444782954005914,0.0
pp_quantile_calibrated,FOODS_3_211_CA_1,1145.3405725344678,625.4555649983224,519.8850075361453,0.0,0.5988541608517398,0.7307692307692307,0.2692307692307692,8.018661089722082,144.0
pp_quantile_calibrated,FOODS_3_215_CA_3,1064.7195666109897,851.7144058120466,213.00516079894294,0.0,0.8699602192924647,0.8974358974358975,0.10256410256410256,10.919415459128803,182.0
pp_quantile_calibrated,FOODS_3_215_CA_4,809.7488959026625,567.0743161167509,242.67457978591167,0.0,0.7432015028720511,0.8333333333333334,0.16666666666666666,7.270183539958345,105.0
pp_quantile_calibrated,FOODS_3_224_CA_1,866.8426327361051,470.43930698632283,396.4033257497823,0.0,0.719459783616573,0.6923076923076923,0.3076923076923077,6.031273166491318,157.0
pp_quantile_calibrated,FOODS_3_229_CA_1,953.0594443416066,875.2207507356673,77.83869360593937,0.0,0.830416789529544,0.9102564102564102,0.08974358974358974,11.220778855585477,51.0
pp_quantile_calibrated,FOODS_3_232_WI_3,571.5289443747118,517.5268215673084,54.00212280740344,0.0,0.890904802409286,0.9358974358974359,0.0641025641025641,6.634959250862928,55.0
pp_quantile_calibrated,FOODS_3_237_WI_3,779.0699384125223,759.7667500236035,19.303188388918784,0.0,0.963020711898623,0.9615384615384616,0.038461538461538464,9.740599359276969,58.0
pp_quantile_calibrated,FOODS_3_239_CA_4,414.6476829164542,322.2200595427256,92.42762337372855,0.0,0.8132775285379221,0.9230769230769231,0.07692307692307693,4.131026404393918,55.0
pp_quantile_calibrated,FOODS_3_240_TX_3,635.3798154131133,528.0739821736179,107.30583323949546,0.0,0.8272047773921167,0.9358974358974359,0.0641025641025641,6.7701792586361265,69.0
pp_quantile_calibrated,FOODS_3_243_WI_1,541.3419141751529,519.4170924374475,21.924821737705273,0.0,0.871784668200554,0.9743589743589743,0.02564102564102564,6.6591934927877885,19.0
pp_quantile_calibrated,FOODS_3_246_CA_2,1021.6371145750779,770.9353026304954,250.70181194458263,0.0,0.7981466892555694,0.8461538461538461,0.15384615384615385,9.883785931160197,138.0
pp_quantile_calibrated,FOODS_3_246_TX_2,453.77789653140064,397.4114240543373,56.36647247706334,0.0,0.8938484510789767,0.9230769230769231,0.07692307692307693,5.095018257106888,59.0
pp_quantile_calibrated,FOODS_3_247_CA_3,891.7549859628255,656.5969463434435,235.15803961938192,0.0,0.6926038697785858,0.8589743589743589,0.14102564102564102,8.417909568505687,85.0
pp_quantile_calibrated,FOODS_3_255_WI_2,453.07640479568306,453.07640479568306,0.0,0.0,1.0,1.0,0.0,5.808671856354911,25.0
pp_quantile_calibrated,FOODS_3_256_WI_1,342.42765794448883,336.5704235743461,5.857234370142758,0.0,0.9276884645661387,0.9871794871794872,0.01282051282051282,4.315005430440334,9.0
pp_quantile_calibrated,FOODS_3_257_TX_2,808.704538310343,630.8501121495046,177.8544261608383,0.0,0.8691284575711271,0.8974358974358975,0.10256410256410256,8.087821950634675,151.0
pp_quantile_calibrated,FOODS_3_258_CA_3,2438.3741771361415,1739.8459870451754,698.5281900909662,0.0,0.7551601156358339,0.8076923076923077,0.19230769230769232,22.305717782630456,317.0
pp_quantile_calibrated,FOODS_3_258_TX_1,1305.0463057117877,1143.792401382448,161.2539043293398,0.0,0.9134439590288032,0.8717948717948718,0.1282051282051282,14.664005145928819,207.0
pp_quantile_calibrated,FOODS_3_258_TX_2,1321.082098875925,1094.215061869541,226.8670370063841,0.0,0.8805334191646212,0.8717948717948718,0.1282051282051282,14.028398229096679,211.0
pp_quantile_calibrated,FOODS_3_258_WI_2,2336.6208475858302,1469.4317321109363,867.1891154748938,0.0,0.7293417242587722,0.7307692307692307,0.2692307692307692,18.83886836039662,356.0
pp_quantile_calibrated,FOODS_3_265_TX_3,576.0214765147912,517.5193822774238,58.50209423736743,0.0,0.9187470913369896,0.8974358974358975,0.10256410256410256,6.634863875351587,80.0
pp_quantile_calibrated,FOODS_3_265_WI_2,539.3435651749608,511.9215312808494,27.42203389411131,0.0,0.9551927550749815,0.9615384615384616,0.038461538461538464,6.5630965548826845,68.0
pp_quantile_calibrated,FOODS_3_270_WI_3,324.75702864966223,301.5785455694472,23.178483080214995,0.0,0.916922999712491,0.9615384615384616,0.038461538461538464,3.8663916098647078,31.0
pp_quantile_calibrated,FOODS_3_271_WI_2,840.5108343135292,803.6208447865472,36.889989526982035,0.0,0.9163492300975464,0.9487179487179487,0.05128205128205128,10.302831343417271,49.0
pp_quantile_calibrated,FOODS_3_277_CA_4,695.8248543609208,480.01469504334773,215.810159317573,0.0,0.7039641161624512,0.8461538461538461,0.15384615384615385,6.154034551837792,81.0
pp_quantile_calibrated,FOODS_3_278_WI_2,2776.875149712061,2199.827692109667,577.0474576023938,0.0,0.8546113737459325,0.8974358974358975,0.10256410256410256,28.202919129611118,441.0
pp_quantile_calibrated,FOODS_3_279_TX_3,274.9109331343444,271.27338256684385,3.637550567500556,0.0,0.9711305510515829,0.9871794871794872,0.01282051282051282,3.4778638790621006,14.0
pp_quantile_calibrated,FOODS_3_280_WI_3,447.3913950827281,307.18378830933625,140.2076067733918,0.0,0.7446127381176834,0.8589743589743589,0.14102564102564102,3.9382536962735415,61.0
pp_quantile_calibrated,FOODS_3_282_WI_3,17556.593492243574,13051.204983562813,4505.38850868076,0.0,0.7807276727171479,0.7948717948717948,0.20512820512820512,167.32314081490787,2283.0
pp_quantile_calibrated,FOODS_3_286_TX_3,470.37857115453664,464.1235625625573,6.2550085919793545,0.0,0.9795587954510481,0.9743589743589743,0.02564102564102564,5.95030208413535,34.0
pp_quantile_calibrated,FOODS_3_286_WI_3,583.4086186286563,486.13516928162414,97.27344934703211,0.0,0.8433599849484186,0.9358974358974359,0.0641025641025641,6.2325021702772325,69.0
pp_quantile_calibrated,FOODS_3_289_TX_3,315.84774258691056,315.84774258691056,0.0,0.0,1.0,1.0,0.0,4.0493300331655195,19.0
pp_quantile_calibrated,FOODS_3_295_TX_1,5204.157068489052,3383.248043426804,1820.9090250622476,0.0,0.7033383797552546,0.7435897435897436,0.2564102564102564,43.37497491572826,682.0
pp_quantile_calibrated,FOODS_3_296_CA_4,693.5489357910247,547.7457503923932,145.8031853986315,0.0,0.7387039688196568,0.8589743589743589,0.14102564102564102,7.022381415287093,62.0
pp_quantile_calibrated,FOODS_3_300_WI_2,2485.212354098994,1272.319336105777,1212.8930179932172,0.0,0.576207890288883,0.7307692307692307,0.2692307692307692,16.311786360330473,318.0
pp_quantile_calibrated,FOODS_3_302_CA_4,2129.253478864253,1770.8890833387295,358.3643955255234,0.0,0.8067074457791136,0.8205128205128205,0.1794871794871795,22.70370619665038,206.0
pp_quantile_calibrated,FOODS_3_309_CA_2,289.0758576728711,270.04996751914035,19.02589015373075,0.0,0.9119171752142096,0.9615384615384616,0.038461538461538464,3.46217907075821,24.0
pp_quantile_calibrated,FOODS_3_309_WI_1,372.48273484830804,362.9293261694624,9.553408678845638,0.0,0.9606855609924048,0.9743589743589743,0.02564102564102564,4.652940079095671,27.0
pp_quantile_calibrated,FOODS_3_316_TX_3,380.89629488855775,329.5828848200135,51.31341006854426,0.0,0.7521091301036509,0.9230769230769231,0.07692307692307693,4.225421600256583,23.0
pp_quantile_calibrated,FOODS_3_318_TX_2,4843.828968601372,3421.44239813256,1422.3865704688128,0.0,0.7078688497702171,0.7435897435897436,0.2564102564102564,43.864646129904614,541.0
pp_quantile_calibrated,FOODS_3_331_TX_1,853.2010390379355,598.4064027217235,254.79463631621206,0.0,0.8219464456210956,0.8205128205128205,0.1794871794871795,7.671876957970814,159.0
pp_quantile_calibrated,FOODS_3_335_TX_1,2109.0,2109.0,0.0,0.0,1.0,1.0,0.0,27.03846153846154,5.0
pp_quantile_calibrated,FOODS_3_337_CA_1,432.365645018065,417.8786098101374,14.487035207927573,0.0,0.9607397419839361,0.9743589743589743,0.02564102564102564,5.357418074488941,41.0
pp_quantile_calibrated,FOODS_3_346_WI_3,1699.0849633489788,1473.2128498094955,225.87211353948325,0.0,0.8810573388417676,0.8846153846153846,0.11538461538461539,18.887344228326867,211.0
pp_quantile_calibrated,FOODS_3_352_CA_1,883.8129805739228,771.7455525995503,112.06742797437255,0.0,0.7170014445091603,0.8846153846153846,0.11538461538461539,9.894173751276286,44.0
pp_quantile_calibrated,FOODS_3_354_WI_2,638.1800279014453,523.8548100660737,114.32521783537157,0.0,0.7917573445621647,0.8717948717948718,0.1282051282051282,6.716087308539406,61.0
pp_quantile_calibrated,FOODS_3_356_CA_1,1106.509119428424,942.1800112747214,164.32910815370238,0.0,0.8858825637821512,0.9230769230769231,0.07692307692307693,12.07923091377848,160.0
pp_quantile_calibrated,FOODS_3_356_TX_2,687.1567197742916,570.2789355572323,116.87778421705923,0.0,0.8647247867858111,0.8974358974358975,0.10256410256410256,7.311268404579901,96.0
pp_quantile_calibrated,FOODS_3_363_WI_3,2078.252556377975,1290.8530848004307,787.3994715775443,0.0,0.6414392205931037,0.7692307692307693,0.23076923076923078,16.549398523082445,244.0
pp_quantile_calibrated,FOODS_3_365_TX_1,389.5526859930586,386.29378943322047,3.2588965598381394,0.0,0.9809421253810635,0.9743589743589743,0.02564102564102564,4.952484479913083,19.0
pp_quantile_calibrated,FOODS_3_367_TX_1,1282.0522107854972,958.3260949666645,323.72611581883257,0.0,0.6473571723106399,0.8717948717948718,0.1282051282051282,12.28623198675211,102.0
pp_quantile_calibrated,FOODS_3_370_CA_1,1395.9019320942577,1388.1059257633083,7.796006330949535,0.0,0.9788726115692423,0.9871794871794872,0.01282051282051282,17.796229817478313,41.0
pp_quantile_calibrated,FOODS_3_372_TX_3,2277.890183737888,1763.7217422757308,514.1684414621574,0.0,0.8472464523285331,0.8333333333333334,0.16666666666666666,22.611817208663215,374.0
pp_quantile_calibrated,FOODS_3_380_TX_3,350.9921072194342,322.21080661333,28.781300606104182,0.0,0.8546398959287668,0.9615384615384616,0.038461538461538464,4.130907777093975,22.0
pp_quantile_calibrated,FOODS_3_384_TX_1,315.48605439526864,285.1535689952787,30.33248539998996,0.0,0.8468056292929801,0.9487179487179487,0.05128205128205128,3.6558149871189576,22.0
pp_quantile_calibrated,FOODS_3_385_CA_4,637.9906693154988,564.069110968947,73.92155834655178,0.0,0.8252445429159533,0.9358974358974359,0.0641025641025641,7.231655268832654,47.0
pp_quantile_calibrated,FOODS_3_385_TX_3,488.55189709109015,457.3983910713843,31.153506019705844,0.0,0.9263510495988042,0.9615384615384616,0.038461538461538464,5.864081936812619,47.0
pp_quantile_calibrated,FOODS_3_387_CA_2,1098.9938231774004,994.9876463548012,104.00617682259914,0.0,0.7688751626164464,0.9102564102564102,0.08974358974358974,12.756251876343605,50.0
pp_quantile_calibrated,FOODS_3_390_TX_2,1007.9739886001865,730.8534301569332,277.12055844325334,0.0,0.7905362370043436,0.8205128205128205,0.1794871794871795,9.369915771242733,147.0
pp_quantile_calibrated,FOODS_3_392_WI_2,743.3608772931354,493.25873118932725,250.10214610380822,0.0,0.6805847431624416,0.8205128205128205,0.1794871794871795,6.323829887042657,87.0
pp_quantile_calibrated,FOODS_3_392_WI_3,670.9243401814206,406.12296893522944,264.8013712461911,0.0,0.61286349233013,0.8205128205128205,0.1794871794871795,5.206704729938839,76.0
pp_quantile_calibrated,FOODS_3_393_CA_3,3767.5808140597146,2568.7208978839335,1198.8599161757809,0.0,0.7865277927037427,0.7692307692307693,0.23076923076923078,32.932319203640176,624.0
pp_quantile_calibrated,FOODS_3_398_WI_3,337.17716514327515,303.03972685660625,34.13743828666892,0.0,0.8645339750529011,0.9615384615384616,0.038461538461538464,3.8851247032898235,28.0
pp_quantile_calibrated,FOODS_3_403_TX_1,2256.59927657593,1728.6468335854638,527.9524429904661,0.0,0.8540761627997606,0.8076923076923077,0.19230769230769232,22.16213889212133,402.0
pp_quantile_calibrated,FOODS_3_405_TX_3,705.6417534472195,585.8997261471548,119.74202730006469,0.0,0.7744971237286917,0.8846153846153846,0.11538461538461539,7.511534950604548,59.0
pp_quantile_calibrated,FOODS_3_408_TX_2,357.33086524495445,357.33086524495445,0.0,0.0,1.0,1.0,0.0,4.581164939037878,8.0
pp_quantile_calibrated,FOODS_3_416_CA_4,694.5669971593278,505.62141960565407,188.94557755367376,0.0,0.7857759891681704,0.8333333333333334,0.16666666666666666,6.482325892380181,98.0
pp_quantile_calibrated,FOODS_3_416_WI_3,644.4859059559892,458.30501155457097,186.18089440141824,0.0,0.7446078266098516,0.8205128205128205,0.1794871794871795,5.875705276340653,81.0
pp_quantile_calibrated,FOODS_3_417_CA_3,611.5452752288494,481.62774095767594,129.91753427117342,0.0,0.7995099779765842,0.8846153846153846,0.11538461538461539,6.174714627662512,72.0
pp_quantile_calibrated,FOODS_3_422_CA_1,882.2855909609713,771.0558254150963,111.22976554587498,0.0,0.8934580789790469,0.9230769230769231,0.07692307692307693,9.885331095065336,116.0
pp_quantile_calibrated,FOODS_3_423_WI_2,750.0883511973119,591.6455004334431,158.44285076386882,0.0,0.7878944434218624,0.8333333333333334,0.16666666666666666,7.58519872350568,83.0
pp_quantile_calibrated,FOODS_3_425_CA_1,457.33790272224036,430.5166992196257,26.82120350261464,0.0,0.9548464587498071,0.9743589743589743,0.02564102564102564,5.519444861790073,66.0
pp_quantile_calibrated,FOODS_3_427_WI_3,802.7374721976811,778.2906459227512,24.44682627492994,0.0,0.840216821732484,0.9743589743589743,0.02564102564102564,9.978085204137836,17.0
pp_quantile_calibrated,FOODS_3_428_TX_3,277.2554493271715,192.3929931997871,84.86245612738438,0.0,0.6071182586695167,0.9358974358974359,0.0641025641025641,2.466576835894706,24.0
pp_quantile_calibrated,FOODS_3_434_CA_1,1293.748410956524,898.7039248422501,395.0444861142739,0.0,0.7760518786200263,0.7948717948717948,0.20512820512820512,11.521845190285259,196.0
pp_quantile_calibrated,FOODS_3_434_WI_1,958.6030975277965,877.4770326540657,81.1260648737308,0.0,0.8730421519972914,0.9230769230769231,0.07692307692307693,11.249705546846997,71.0
pp_quantile_calibrated,FOODS_3_441_TX_2,15631.19999999998,15631.19999999998,0.0,0.0,1.0,1.0,0.0,200.39999999999975,0.0
pp_quantile_calibrated,FOODS_3_444_CA_4,7410.0,7410.0,0.0,0.0,1.0,1.0,0.0,95.0,0.0
pp_quantile_calibrated,FOODS_3_444_TX_2,29484.0,29484.0,0.0,0.0,1.0,1.0,0.0,378.0,0.0
pp_quantile_calibrated,FOODS_3_445_CA_3,1304.745266961244,889.9771096943562,414.7681572668879,0.0,0.6313171935405442,0.8589743589743589,0.14102564102564102,11.409962944799437,125.0
pp_quantile_calibrated,FOODS_3_449_WI_1,984.5827908178422,657.1946793331186,327.3881114847236,0.0,0.7683028227284334,0.7948717948717948,0.20512820512820512,8.42557281196306,157.0
pp_quantile_calibrated,FOODS_3_451_CA_4,922.6002040987215,631.7024521052597,290.89775199346184,0.0,0.640866972847578,0.8717948717948718,0.1282051282051282,8.098749385964867,90.0
pp_quantile_calibrated,FOODS_3_453_TX_2,262.6683269663702,261.0000348687806,1.668292097589636,0.0,0.9845528509482442,0.9871794871794872,0.01282051282051282,3.3461542931894948,12.0
pp_quantile_calibrated,FOODS_3_453_WI_2,286.59650099082427,270.93808707777384,15.658413913050415,0.0,0.9456305072463527,0.9743589743589743,0.02564102564102564,3.4735652189458186,32.0
pp_quantile_calibrated,FOODS_3_454_CA_1,3585.3244601870088,3585.3244601870088,0.0,0.0,1.0,1.0,0.0,45.965698207525755,1.0
pp_quantile_calibrated,FOODS_3_455_TX_1,6009.035543378397,3216.002662844723,2793.0328805336744,0.0,0.694249274161612,0.717948717948718,0.28205128205128205,41.23080336980414,1015.0
pp_quantile_calibrated,FOODS_3_456_CA_4,319.00095459377474,287.8932673348154,31.10768725895935,0.0,0.8847863434853358,0.9358974358974359,0.0641025641025641,3.6909393248053255,30.0
pp_quantile_calibrated,FOODS_3_457_TX_3,372.36644797704054,352.9977502194046,19.368697757635896,0.0,0.8565281647582526,0.9871794871794872,0.01282051282051282,4.525612182300059,15.0
pp_quantile_calibrated,FOODS_3_458_TX_1,2791.6285880001433,2068.404444732388,723.2241432677554,0.0,0.8311801719729796,0.8205128205128205,0.1794871794871795,26.518005701697284,476.0
pp_quantile_calibrated,FOODS_3_458_WI_1,2243.248328685989,1737.7475444151935,505.5007842707953,0.0,0.8357697257079937,0.7948717948717948,0.20512820512820512,22.27881467198966,342.0
pp_quantile_calibrated,FOODS_3_464_TX_2,537.8602977501176,486.047892959396,51.81240479072165,0.0,0.8142924559472343,0.9358974358974359,0.0641025641025641,6.231383243069179,31.0
pp_quantile_calibrated,FOODS_3_465_CA_3,532.179280116371,463.44752440390295,68.73175571246814,0.0,0.8441456786565348,0.9102564102564102,0.08974358974358974,5.941634928255166,49.0
pp_quantile_calibrated,FOODS_3_465_TX_2,384.86286703615207,384.86286703615207,0.0,0.0,1.0,1.0,0.0,4.934139320976309,27.0
pp_quantile_calibrated,FOODS_3_465_WI_3,644.9546343748827,494.4463175897847,150.5083167850981,0.0,0.7302718337184622,0.8846153846153846,0.11538461538461539,6.339055353715189,62.0
pp_quantile_calibrated,FOODS_3_468_TX_2,2691.604644679115,2606.9294129846508,84.67523169446417,0.0,0.9433231380893814,0.9615384615384616,0.038461538461538464,33.422171961341675,166.0
pp_quantile_calibrated,FOODS_3_471_WI_3,451.949754786526,392.585423796333,59.36433099019301,0.0,0.8534214049624864,0.9230769230769231,0.07692307692307693,5.033146458927346,45.0
pp_quantile_calibrated,FOODS_3_472_CA_1,390.35122609660687,276.6110599177439,113.74016617886299,0.0,0.6759539425103619,0.8461538461538461,0.15384615384615385,3.5462956399710754,39.0
pp_quantile_calibrated,FOODS_3_474_CA_1,1773.5773381925428,855.1099107120399,918.4674274805028,0.0,0.6760255987723094,0.7948717948717948,0.20512820512820512,10.96294757323128,315.0
pp_quantile_calibrated,FOODS_3_476_TX_3,1920.6890683831566,1657.800871484901,262.8881968982555,0.0,0.8872208507514991,0.8717948717948718,0.1282051282051282,21.253857326729502,259.0
pp_quantile_calibrated,FOODS_3_479_CA_3,1763.755787345075,1424.0736741069827,339.68211323809237,0.0,0.7641096435846582,0.8076923076923077,0.19230769230769232,18.25735479624337,160.0
pp_quantile_calibrated,FOODS_3_479_TX_2,1033.0053667488223,868.3143273914784,164.6910393573438,0.0,0.8394824177803667,0.8846153846153846,0.11538461538461539,11.132234966557416,114.0
pp_quantile_calibrated,FOODS_3_479_TX_3,926.5220855671216,715.9263196713792,210.59576589574235,0.0,0.763641115717461,0.8717948717948718,0.1282051282051282,9.178542559889477,99.0
pp_quantile_calibrated,FOODS_3_481_TX_2,344.77964882695517,305.36576944801516,39.41387937893998,0.0,0.8631462521564583,0.9487179487179487,0.05128205128205128,3.9149457621540407,32.0
pp_quantile_calibrated,FOODS_3_498_TX_1,3696.4119442028127,2746.6173532221455,949.7945909806672,0.0,0.6722585952447664,0.9615384615384616,0.038461538461538464,35.21304299002751,322.0
pp_quantile_calibrated,FOODS_3_499_TX_1,4500.292680729511,3325.5832709820043,1174.7094097475062,0.0,0.8425533561523246,0.8461538461538461,0.15384615384615385,42.635682961307744,829.0
pp_quantile_calibrated,FOODS_3_502_TX_2,1288.6636003283938,682.9348912105047,605.7287091178893,0.0,0.6779751679330732,0.7692307692307693,0.23076923076923078,8.755575528339804,209.0
pp_quantile_calibrated,FOODS_3_511_CA_1,9412.708914112369,5442.73365745523,3969.9752566571397,0.0,0.7592203265006586,0.7435897435897436,0.2564102564102564,69.7786366340414,1832.0
pp_quantile_calibrated,FOODS_3_511_WI_2,5814.349215562474,3362.9805318624517,2451.3686837000214,0.0,0.6289178498788948,0.6794871794871795,0.32051282051282054,43.115135023877585,734.0
pp_quantile_calibrated,FOODS_3_512_CA_1,394.36836526999997,394.36836526999997,0.0,0.0,1.0,1.0,0.0,5.056004682948718,12.0
pp_quantile_calibrated,FOODS_3_513_CA_1,766.9401934408279,487.97954908801455,278.96064435281335,0.0,0.7737545463480832,0.8076923076923077,0.19230769230769232,6.256148065230955,137.0
pp_quantile_calibrated,FOODS_3_514_CA_2,1415.4735473058245,869.751624788038,545.7219225177864,0.0,0.7256300037617966,0.7564102564102564,0.24358974358974358,11.150661856256898,221.0
pp_quantile_calibrated,FOODS_3_515_CA_1,1876.2373960130117,1440.6298960196063,435.6074999934053,0.0,0.7452587719336811,0.8205128205128205,0.1794871794871795,18.469614051533416,190.0
pp_quantile_calibrated,FOODS_3_517_TX_1,350.1957989994092,316.2540275598753,33.941771439533895,0.0,0.7781583566043535,0.9615384615384616,0.038461538461538464,4.054538814870196,17.0
pp_quantile_calibrated,FOODS_3_517_TX_3,261.21712057335753,256.3959003688402,4.821220204517301,0.0,0.9684887568332201,0.9871794871794872,0.01282051282051282,3.2871269278056436,17.0
pp_quantile_calibrated,FOODS_3_525_CA_4,942.8165544029599,809.203801809618,133.61275259334198,0.0,0.6193368871984559,0.9102564102564102,0.08974358974358974,10.374407715507923,39.0
pp_quantile_calibrated,FOODS_3_531_CA_3,597.6885438068318,472.68842173425764,125.00012207257413,0.0,0.756335044692838,0.8717948717948718,0.1282051282051282,6.060107970952021,57.0
pp_quantile_calibrated,FOODS_3_532_TX_3,1192.3291954993213,910.4476037167296,281.8815917825916,0.0,0.7854782406525177,0.8333333333333334,0.16666666666666666,11.672405175855507,146.0
pp_quantile_calibrated,FOODS_3_532_WI_1,2523.1097888144614,1908.420342306774,614.6894465076875,0.0,0.855909646857082,0.8461538461538461,0.15384615384615385,24.46692746547146,474.0
pp_quantile_calibrated,FOODS_3_533_TX_3,869.1440769512222,693.7559503281066,175.3881266231157,0.0,0.822840276138267,0.8846153846153846,0.11538461538461539,8.894307055488545,110.0
pp_quantile_calibrated,FOODS_3_533_WI_3,1232.2360690317576,1080.960895999086,151.27517303267163,0.0,0.9076464145099684,0.9230769230769231,0.07692307692307693,13.858473025629308,182.0
pp_quantile_calibrated,FOODS_3_538_WI_1,1858.7587983653248,1754.663084720751,104.09571364457378,0.0,0.92390664207268,0.9230769230769231,0.07692307692307693,22.49568057334296,152.0
pp_quantile_calibrated,FOODS_3_544_TX_2,435.82012005700653,361.5784828275021,74.2416372295044,0.0,0.8601852406224022,0.9230769230769231,0.07692307692307693,4.635621574711566,59.0
pp_quantile_calibrated,FOODS_3_545_CA_2,602.3116711783313,534.9869614230505,67.32470975528072,0.0,0.8175482120453097,0.9230769230769231,0.07692307692307693,6.858807197731417,41.0
pp_quantile_calibrated,FOODS_3_546_CA_1,3682.201767364484,2479.976918836885,1202.224848527599,0.0,0.5799354128135573,0.6923076923076923,0.3076923076923077,31.794575882524168,318.0
pp_quantile_calibrated,FOODS_3_546_CA_3,2202.8081658523984,1527.4525506785772,675.3556151738212,0.0,0.7594887410349639,0.7692307692307693,0.23076923076923078,19.582725008699708,312.0
pp_quantile_calibrated,FOODS_3_550_TX_1,286.5767481485843,286.5767481485843,0.0,0.0,1.0,1.0,0.0,3.674060873699798,14.0
pp_quantile_calibrated,FOODS_3_555_CA_3,11743.058038241497,7138.834328853923,4604.223709387575,0.0,0.77423635827265,0.782051282051282,0.21794871794871795,91.52351703658876,2266.0
pp_quantile_calibrated,FOODS_3_558_CA_4,546.0,546.0,0.0,0.0,1.0,1.0,0.0,7.0,0.0
pp_quantile_calibrated,FOODS_3_563_WI_1,1097.7917962150475,1097.7917962150475,0.0,0.0,1.0,1.0,0.0,14.074253797628813,11.0
pp_quantile_calibrated,FOODS_3_573_WI_2,1805.2655608023738,1552.875582888045,252.38997791432863,0.0,0.8179004488352607,0.8717948717948718,0.1282051282051282,19.908661319077503,154.0
pp_quantile_calibrated,FOODS_3_575_CA_1,599.2127326867155,522.1137634527257,77.09896923398982,0.0,0.835258612747885,0.9358974358974359,0.0641025641025641,6.693766198111868,52.0
pp_quantile_calibrated,FOODS_3_575_WI_1,431.2488151600812,404.70198543122837,26.54682972885288,0.0,0.9297702917226115,0.9743589743589743,0.02564102564102564,5.188486992708056,42.0
pp_quantile_calibrated,FOODS_3_575_WI_2,433.4758910826513,433.4758910826513,0.0,0.0,1.0,1.0,0.0,5.55738321900835,40.0
pp_quantile_calibrated,FOODS_3_578_WI_1,6168.7523582394,6168.7523582394,0.0,0.0,1.0,1.0,0.0,79.08656869537693,0.0
pp_quantile_calibrated,FOODS_3_580_CA_1,2674.772416256179,2115.101427054948,559.6709892012307,0.0,0.7810363892013964,0.8461538461538461,0.15384615384615385,27.116684962242925,284.0
pp_quantile_calibrated,FOODS_3_580_CA_3,6487.747996308254,5328.005294327217,1159.7427019810375,0.0,0.7747197548599384,0.7948717948717948,0.20512820512820512,68.30776018368226,572.0
pp_quantile_calibrated,FOODS_3_582_CA_1,647.0289867712689,352.3925770919665,294.63640967930246,0.0,0.5039791082840025,0.8076923076923077,0.19230769230769232,4.5178535524611085,66.0
pp_quantile_calibrated,FOODS_3_585_WI_1,458.34735545363594,300.99784974100305,157.34950571263292,0.0,0.6503344317497046,0.8333333333333334,0.16666666666666666,3.8589467915513214,50.0
pp_quantile_calibrated,FOODS_3_588_WI_3,764.1599280353572,696.6300214957026,67.52990653965462,0.0,0.9175459016609833,0.9358974358974359,0.0641025641025641,8.931154121739777,91.0
pp_quantile_calibrated,FOODS_3_596_WI_1,1025.2489562131705,712.2727836712859,312.9761725418846,0.0,0.7812884887897382,0.782051282051282,0.21794871794871795,9.131702354760076,159.0
pp_quantile_calibrated,FOODS_3_599_TX_3,1304.302480726046,1304.302480726046,0.0,0.0,1.0,1.0,0.0,16.72182667597495,2.0
pp_quantile_calibrated,FOODS_3_605_WI_3,969.8498022847255,915.8498022847255,54.0,0.0,0.8421052631578947,0.9487179487179487,0.05128205128205128,11.741664131855455,38.0
pp_quantile_calibrated,FOODS_3_606_TX_3,644.1194956729762,494.0095342666888,150.10996140628748,0.0,0.7434017753738675,0.8717948717948718,0.1282051282051282,6.333455567521651,65.0
pp_quantile_calibrated,FOODS_3_608_CA_3,923.9710726211422,822.2344645919686,101.73660802917352,0.0,0.7783516164941753,0.9102564102564102,0.08974358974358974,10.541467494768828,51.0
pp_quantile_calibrated,FOODS_3_610_TX_1,572.4281698024937,564.1024999321861,8.32566987030755,0.0,0.9421828481228642,0.9871794871794872,0.01282051282051282,7.232083332463924,16.0
pp_quantile_calibrated,FOODS_3_615_CA_4,742.8194167843864,576.8514903462482,165.96792643813822,0.0,0.8038204179218223,0.8461538461538461,0.15384615384615385,7.395531927516002,94.0
pp_quantile_calibrated,FOODS_3_618_WI_3,2021.9541024562238,1339.5249740786949,682.429128377529,0.0,0.5667116645222039,0.8974358974358975,0.10256410256410256,17.173397103573013,175.0
pp_quantile_calibrated,FOODS_3_625_TX_1,287.96052256346667,287.96052256346667,0.0,0.0,1.0,1.0,0.0,3.691801571326496,4.0
pp_quantile_calibrated,FOODS_3_626_WI_1,392.55021062235,390.68051248142905,1.869698140920936,0.0,0.9890660927431525,0.9871794871794872,0.01282051282051282,5.00872451899268,19.0
pp_quantile_calibrated,FOODS_3_626_WI_2,621.0746918667395,568.7980129413895,52.276678925349984,0.0,0.7095740059702779,0.9487179487179487,0.05128205128205128,7.292282217197301,20.0
pp_quantile_calibrated,FOODS_3_628_WI_1,2506.3505442075825,1647.294564307814,859.0559798997685,0.0,0.7116294125881945,0.7692307692307693,0.23076923076923078,21.11916108086941,331.0
pp_quantile_calibrated,FOODS_3_633_WI_1,948.1253417657372,866.4340547883618,81.69128697737543,0.0,0.8581748489976121,0.9102564102564102,0.08974358974358974,11.1081289075431,64.0
pp_quantile_calibrated,FOODS_3_634_CA_4,2297.293728099423,1859.7751950676582,437.51853303176495,0.0,0.7858450645953182,0.782051282051282,0.21794871794871795,23.843271731636644,227.0
pp_quantile_calibrated,FOODS_3_638_TX_3,636.2211074727335,554.8838784531986,81.33722901953489,0.0,0.826202502095011,0.8846153846153846,0.11538461538461539,7.11389587760511,52.0
pp_quantile_calibrated,FOODS_3_640_WI_2,932.2406871723801,901.3597292702801,30.880957902099976,0.0,0.9581558836014905,0.9743589743589743,0.02564102564102564,11.555893965003591,82.0
pp_quantile_calibrated,FOODS_3_642_TX_3,738.7122021242458,675.5620970204295,63.15010510381623,0.0,0.8769003799145882,0.9615384615384616,0.038461538461538464,8.661052525902942,57.0
pp_quantile_calibrated,FOODS_3_644_WI_2,576.3963379837357,576.3963379837357,0.0,0.0,1.0,1.0,0.0,7.389696640817125,10.0
pp_quantile_calibrated,FOODS_3_646_CA_2,1413.4781669489212,1189.0126677956807,224.4654991532404,0.0,0.5843231497162215,0.8461538461538461,0.15384615384615385,15.243752151226676,60.0
pp_quantile_calibrated,FOODS_3_646_WI_3,1422.1150325559527,1190.1581791574702,231.95685339848248,0.0,0.7037588079202012,0.8333333333333334,0.16666666666666666,15.25843819432654,87.0
pp_quantile_calibrated,FOODS_3_651_CA_2,1325.0556843918303,1010.9508582548135,314.10482613701663,0.0,0.8796533233191507,0.8717948717948718,0.1282051282051282,12.960908439164276,290.0
pp_quantile_calibrated,FOODS_3_657_CA_4,741.5523772974223,681.5110527173094,60.04132458011286,0.0,0.8610154523608498,0.9230769230769231,0.07692307692307693,8.737321188683454,48.0
pp_quantile_calibrated,FOODS_3_658_WI_1,798.8644842795645,599.3402643091644,199.52421997040022,0.0,0.7044085630068145,0.8461538461538461,0.15384615384615385,7.683849542425184,75.0
pp_quantile_calibrated,FOODS_3_658_WI_3,387.21230856035714,386.0600492067582,1.152259353598934,0.0,0.9966308206035118,0.9871794871794872,0.01282051282051282,4.9494878103430535,38.0
pp_quantile_calibrated,FOODS_3_662_WI_2,359.69803987008356,359.69803987008356,0.0,0.0,1.0,1.0,0.0,4.611513331667738,11.0
pp_quantile_calibrated,FOODS_3_663_CA_1,3276.0,3276.0,0.0,0.0,1.0,1.0,0.0,42.0,0.0
pp_quantile_calibrated,FOODS_3_663_TX_2,694.7959597087197,491.71004870832365,203.0859110003961,0.0,0.7313678425920687,0.8461538461538461,0.15384615384615385,6.303974983440047,84.0
pp_quantile_calibrated,FOODS_3_667_TX_3,266.84695073333467,242.81993335745875,24.027017375875893,0.0,0.7946408771292659,0.9615384615384616,0.038461538461538464,3.1130760686853685,13.0
pp_quantile_calibrated,FOODS_3_668_WI_3,4310.422910055512,2923.5442864223096,1386.8786236332026,0.0,0.7877443183910006,0.7948717948717948,0.20512820512820512,37.481337005414225,726.0
pp_quantile_calibrated,FOODS_3_669_TX_1,1934.2647876140406,1573.7633386769166,360.501448937124,0.0,0.7711101911510324,0.8717948717948718,0.1282051282051282,20.17645305996047,175.0
pp_quantile_calibrated,FOODS_3_670_CA_4,556.7319640146895,546.281933095086,10.450030919603552,0.0,0.9447088311132087,0.9743589743589743,0.02564102564102564,7.003614526860076,21.0
pp_quantile_calibrated,FOODS_3_672_TX_2,5360.049671109229,3252.3322229119185,2107.717448197311,0.0,0.7050493355447368,0.6923076923076923,0.3076923076923077,41.696566960409214,794.0
pp_quantile_calibrated,FOODS_3_677_WI_2,545.3940410800789,478.9459582643559,66.44808281572293,0.0,0.9028536800939724,0.9487179487179487,0.05128205128205128,6.140332798260973,76.0
pp_quantile_calibrated,FOODS_3_691_WI_1,519.4667521320673,460.68533506598516,58.78141706608213,0.0,0.7893139173258705,0.9358974358974359,0.0641025641025641,5.906222244435707,31.0
pp_quantile_calibrated,FOODS_3_693_WI_2,411.5066911581044,411.5066911581044,0.0,0.0,1.0,1.0,0.0,5.275726809719287,7.0
pp_quantile_calibrated,FOODS_3_694_WI_3,18454.235101039503,12392.902490120317,6061.332610919185,0.0,0.8116135940662258,0.7948717948717948,0.20512820512820512,158.8833652579528,3575.0
pp_quantile_calibrated,FOODS_3_705_TX_2,515.0870780801199,462.45418562126076,52.63289245885913,0.0,0.8755723582532879,0.9230769230769231,0.07692307692307693,5.928899815657189,47.0
pp_quantile_calibrated,FOODS_3_711_CA_3,8835.661317299517,5913.076234023152,2922.585083276364,0.0,0.6942262938610207,0.7435897435897436,0.2564102564102564,75.8086696669635,1062.0
pp_quantile_calibrated,FOODS_3_712_CA_3,1793.568927295621,1555.7232504932376,237.84567680238345,0.0,0.8407994131175478,0.8846153846153846,0.11538461538461539,19.94516987811843,166.0
pp_quantile_calibrated,FOODS_3_718_TX_1,607.3720216988992,607.3720216988992,0.0,0.0,1.0,1.0,0.0,7.786820791011528,6.0
pp_quantile_calibrated,FOODS_3_723_WI_3,12858.39651766802,7891.432885557512,4966.963632110507,0.0,0.7674315853298447,0.7307692307692307,0.2692307692307692,101.17221648150657,2373.0
pp_quantile_calibrated,FOODS_3_727_WI_3,2179.0597435646255,1625.3890794014717,553.6706641631538,0.0,0.7871316170076302,0.7948717948717948,0.20512820512820512,20.8383215307881,289.0
pp_quantile_calibrated,FOODS_3_730_CA_3,728.8250323267573,650.7574150788986,78.0676172478587,0.0,0.9123820232908432,0.9487179487179487,0.05128205128205128,8.343043783062802,99.0
pp_quantile_calibrated,FOODS_3_734_TX_1,3670.981965985676,3350.9083215147866,320.0736444708897,0.0,0.9309441975251587,0.8846153846153846,0.11538461538461539,42.96036309634342,515.0
pp_quantile_calibrated,FOODS_3_735_CA_4,330.34736919105615,297.24444461359496,33.102924577461195,0.0,0.8686391881846778,0.9487179487179487,0.05128205128205128,3.810826212994807,28.0
pp_quantile_calibrated,FOODS_3_745_TX_3,561.8640508060739,561.8640508060739,0.0,0.0,1.0,1.0,0.0,7.2033852667445375,0.0
pp_quantile_calibrated,FOODS_3_746_CA_4,1061.4735398759397,746.5623510766011,314.9111887993386,0.0,0.7904782509651772,0.7948717948717948,0.20512820512820512,9.571312193289758,167.0
pp_quantile_calibrated,FOODS_3_749_CA_1,2255.424059965295,2129.424059965295,126.0,0.0,0.8028169014084507,0.9743589743589743,0.02564102564102564,27.300308461093525,71.0
pp_quantile_calibrated,FOODS_3_750_CA_2,1854.0,1485.0,369.0,0.0,0.39705882352941174,0.8205128205128205,0.1794871794871795,19.03846153846154,68.0
pp_quantile_calibrated,FOODS_3_753_TX_2,1262.3316064501748,1034.4532910131616,227.8783154370133,0.0,0.8776820636408946,0.8974358974358975,0.10256410256410256,13.262221679655918,207.0
pp_quantile_calibrated,FOODS_3_755_TX_3,1154.5178510669475,973.916991698515,180.60085936843262,0.0,0.8070503639226148,0.9102564102564102,0.08974358974358974,12.48611527818609,104.0
pp_quantile_calibrated,FOODS_3_756_WI_3,3020.5546959544595,2067.3426140260917,953.2120819283679,0.0,0.7947433070783014,0.7948717948717948,0.20512820512820512,26.504392487513996,516.0
pp_quantile_calibrated,FOODS_3_757_CA_3,10057.0,9076.0,981.0,0.0,0.6279863481228669,0.8846153846153846,0.11538461538461539,116.35897435897436,293.0
pp_quantile_calibrated,FOODS_3_763_TX_2,211.0423318249126,202.0261654644637,9.016166360448906,0.0,0.8998203737727899,0.9743589743589743,0.02564102564102564,2.590079044416201,10.0
pp_quantile_calibrated,FOODS_3_766_TX_3,256.2359136941447,250.53052873458685,5.705384959557827,0.0,0.9627099022251123,0.9871794871794872,0.01282051282051282,3.2119298555716265,17.0
pp_quantile_calibrated,FOODS_3_768_CA_2,1121.0823896072293,630.5570014454577,490.5253881617715,0.0,0.6676657261776615,0.717948717948718,0.28205128205128205,8.084064121095611,164.0
pp_quantile_calibrated,FOODS_3_770_WI_3,484.21777853756697,467.72532470598435,16.49245383158262,0.0,0.961010747443067,0.9743589743589743,0.02564102564102564,5.996478521871595,47.0
pp_quantile_calibrated,FOODS_3_774_WI_2,565.9801660953701,486.0164787040213,79.96368739134874,0.0,0.8186764458246061,0.9102564102564102,0.08974358974358974,6.230980496205402,49.0
pp_quantile_calibrated,FOODS_3_779_CA_1,595.7720934776469,595.7720934776469,0.0,0.0,1.0,1.0,0.0,7.638103762533935,27.0
pp_quantile_calibrated,FOODS_3_783_CA_1,1918.727611280439,1396.0232069597937,522.7044043206454,0.0,0.8218458062983487,0.8205128205128205,0.1794871794871795,17.89773342256146,326.0
pp_quantile_calibrated,FOODS_3_783_TX_3,6171.59999999999,6171.59999999999,0.0,0.0,1.0,1.0,0.0,79.1230769230768,96.0
pp_quantile_calibrated,FOODS_3_786_CA_2,658.1408774970258,446.4486191760241,211.6922583210017,0.0,0.6687132107652556,0.8205128205128205,0.1794871794871795,5.723700245846463,71.0
pp_quantile_calibrated,FOODS_3_788_WI_2,1480.9746095922458,1177.4593386298686,303.51527096237714,0.0,0.7721356824606779,0.8461538461538461,0.15384615384615385,15.095632546536777,148.0
pp_quantile_calibrated,FOODS_3_791_CA_4,493.1090287158171,450.724875412266,42.384153303551116,0.0,0.9111443326969578,0.9615384615384616,0.038461538461538464,5.778524043747,53.0
pp_quantile_calibrated,FOODS_3_791_WI_2,1081.1882355781352,1081.1882355781352,0.0,0.0,1.0,1.0,0.0,13.861387635617117,37.0
pp_quantile_calibrated,FOODS_3_792_CA_1,1175.3218315158147,767.0303561535121,408.2914753623026,0.0,0.7182253448155262,0.8205128205128205,0.1794871794871795,9.833722514788617,161.0
pp_quantile_calibrated,FOODS_3_793_WI_1,1172.7600683129826,1007.2203072005266,165.53976111245606,0.0,0.9175188036310632,0.8974358974358975,0.10256410256410256,12.913080861545213,223.0
pp_quantile_calibrated,FOODS_3_795_WI_2,2089.17937749189,1848.2471046106284,240.93227288126184,0.0,0.9043919552058485,0.8717948717948718,0.1282051282051282,23.69547570013626,280.0
pp_quantile_calibrated,FOODS_3_799_TX_1,246.57824978985565,246.57824978985565,0.0,0.0,1.0,1.0,0.0,3.161259612690457,6.0
pp_quantile_calibrated,FOODS_3_802_WI_3,411.23565457337764,390.6627863616736,20.57286821170404,0.0,0.9238041918085036,0.9487179487179487,0.05128205128205128,5.008497261047098,30.0
pp_quantile_calibrated,FOODS_3_805_TX_1,864.9446561796456,665.7714925727295,199.17316360691615,0.0,0.8155804040676703,0.8205128205128205,0.1794871794871795,8.535531956060634,120.0
pp_quantile_calibrated,FOODS_3_806_CA_1,593.9248621287547,564.9261401061048,28.998722022650014,0.0,0.8465676083457672,0.9615384615384616,0.038461538461538464,7.242642821873138,21.0
pp_quantile_calibrated,FOODS_3_806_CA_4,402.0898803825424,402.0898803825424,0.0,0.0,1.0,1.0,0.0,5.154998466442851,10.0
pp_quantile_calibrated,FOODS_3_809_CA_1,1236.3114466010175,682.3770387247475,553.93440787627,0.0,0.6673066619361742,0.7948717948717948,0.20512820512820512,8.748423573394199,185.0
pp_quantile_calibrated,FOODS_3_810_WI_2,1272.93016363944,1169.09804855181,103.83211508762996,0.0,0.7491977896434058,0.9102564102564102,0.08974358974358974,14.988436519895,46.0
pp_quantile_calibrated,FOODS_3_813_TX_1,374.0633778138004,283.06519261318,90.99818520062041,0.0,0.625521871602385,0.8846153846153846,0.11538461538461539,3.629040930938205,27.0
pp_quantile_calibrated,FOODS_3_814_CA_3,1240.3711194269445,914.5217552521082,325.8493641748362,0.0,0.8233878784960238,0.8333333333333334,0.16666666666666666,11.72463788784754,205.0
pp_quantile_calibrated,FOODS_3_818_CA_3,2495.459177981913,2198.9019964726235,296.5571815092895,0.0,0.9174165465025649,0.8717948717948718,0.1282051282051282,28.191051236828507,399.0
pp_quantile_calibrated,FOODS_3_821_TX_2,361.3252302566089,298.69372300340143,62.63150725320745,0.0,0.866171993048702,0.9102564102564102,0.08974358974358974,3.829406705171813,52.0
pp_quantile_calibrated,FOODS_3_824_TX_3,68.54760940162525,27.623157182675786,40.92445221894947,0.0,0.09056772846778956,0.9487179487179487,0.05128205128205128,0.3541430408035357,5.0
pp_quantile_calibrated,HOBBIES_1_004_WI_3,1644.5696649215668,1630.0591337122355,14.51053120933124,0.0,0.9879680504068563,0.9743589743589743,0.02564102564102564,20.89819402195174,134.0
pp_quantile_calibrated,HOBBIES_1_005_WI_1,500.2104345572104,436.202502954004,64.00793160320646,0.0,0.8888751187444333,0.9102564102564102,0.08974358974358974,5.59233978146159,64.0
pp_quantile_calibrated,HOBBIES_1_009_CA_1,831.027699803853,772.2007227449812,58.82697705887172,0.0,0.7665596148457471,0.9615384615384616,0.038461538461538464,9.900009265961298,28.0
pp_quantile_calibrated,HOBBIES_1_009_CA_4,1709.2627826243079,1709.2627826243079,0.0,0.0,1.0,1.0,0.0,21.913625418260356,136.0
pp_quantile_calibrated,HOBBIES_1_010_CA_3,418.75377617266565,315.495368092179,103.2584080804867,0.0,0.7705368709322518,0.8974358974358975,0.10256410256410256,4.044812411438192,50.0
pp_quantile_calibrated,HOBBIES_1_012_TX_2,199.60874246171127,189.66907054811224,9.939671913599021,0.0,0.9447796004800054,0.9743589743589743,0.02564102564102564,2.431654750616824,20.0
pp_quantile_calibrated,HOBBIES_1_023_CA_3,867.3396334264229,425.3074993035982,442.0321341228247,0.0,0.6491808459342662,0.7564102564102564,0.24358974358974358,5.4526602474820285,140.0
pp_quantile_calibrated,HOBBIES_1_026_CA_4,444.0046025175573,363.97753222630377,80.02707029125355,0.0,0.8492898864571496,0.8461538461538461,0.15384615384615385,4.666378618285946,59.0
pp_quantile_calibrated,HOBBIES_1_027_CA_1,335.0648873710799,325.5599638657223,9.504923505357619,0.0,0.9689381584792235,0.9743589743589743,0.02564102564102564,4.173845690586183,34.0
pp_quantile_calibrated,HOBBIES_1_028_WI_3,235.9966174404102,199.07252570058688,36.924091739823325,0.0,0.8358929256007852,0.9487179487179487,0.05128205128205128,2.552211867956242,25.0
pp_quantile_calibrated,HOBBIES_1_029_WI_3,234.9818066470577,210.36521505033707,24.616591596720628,0.0,0.8176548770613288,0.9615384615384616,0.038461538461538464,2.6969899365427827,15.0
pp_quantile_calibrated,HOBBIES_1_030_WI_2,872.6366220055519,726.28298080351,146.3536412020419,0.0,0.8193164923431582,0.9230769230769231,0.07692307692307693,9.311320266711666,90.0
pp_quantile_calibrated,HOBBIES_1_032_CA_2,5374.804185388851,4543.555546334038,831.2486390548128,0.0,0.8338831656565123,0.8461538461538461,0.15384615384615385,58.25071213248766,556.0
pp_quantile_calibrated,HOBBIES_1_043_TX_2,599.0959727784182,487.6269853518,111.46898742661824,0.0,0.8559832203790461,0.9102564102564102,0.08974358974358974,6.251628017330769,86.0
pp_quantile_calibrated,HOBBIES_1_043_WI_3,1646.7620911597041,1217.0476830696164,429.7144080900878,0.0,0.7446735543136734,0.8461538461538461,0.15384615384615385,15.603175423969441,187.0
pp_quantile_calibrated,HOBBIES_1_045_CA_4,434.71591874260616,384.16492266353316,50.550996079073016,0.0,0.5988016184200554,0.9487179487179487,0.05128205128205128,4.925191316199143,14.0
pp_quantile_calibrated,HOBBIES_1_050_TX_3,281.5018193496643,168.70613173319575,112.79568761646856,0.0,0.7015987100093424,0.8717948717948718,0.1282051282051282,2.162899124784561,42.0
pp_quantile_calibrated,HOBBIES_1_054_CA_4,102.72438647279499,93.67663933226552,9.047747140529468,0.0,0.9226688278587224,0.9743589743589743,0.02564102564102564,1.2009825555418656,13.0
pp_quantile_calibrated,HOBBIES_1_057_WI_1,535.1871643771727,479.4108329907383,55.776331386434464,0.0,0.9088622036169371,0.9358974358974359,0.0641025641025641,6.146292730650491,68.0
pp_quantile_calibrated,HOBBIES_1_061_CA_4,189.59199731180567,173.98897654972654,15.603020762079124,0.0,0.8266331026435653,0.9871794871794872,0.01282051282051282,2.2306279044836734,10.0
pp_quantile_calibrated,HOBBIES_1_065_CA_4,130.74037483999342,130.74037483999342,0.0,0.0,1.0,1.0,0.0,1.6761586517947875,7.0
pp_quantile_calibrated,HOBBIES_1_070_WI_2,154.87350358250862,149.56405134648813,5.309452236020504,0.0,0.9410060862664388,0.9871794871794872,0.01282051282051282,1.917487837775489,10.0
pp_quantile_calibrated,HOBBIES_1_073_CA_2,525.8935848342567,371.8267344298987,154.066850404358,0.0,0.6996747555470605,0.8846153846153846,0.11538461538461539,4.767009415767932,57.0
pp_quantile_calibrated,HOBBIES_1_074_TX_2,450.37905149723997,357.2238075149023,93.15524398233768,0.0,0.8499915555839972,0.9102564102564102,0.08974358974358974,4.579792404037209,69.0
pp_quantile_calibrated,HOBBIES_1_086_CA_3,870.5529118390461,593.1743671717685,277.37854466727765,0.0,0.7223437991318542,0.7435897435897436,0.2564102564102564,7.604799579125237,111.0
pp_quantile_calibrated,HOBBIES_1_092_CA_3,234.88435981521343,200.94999645614362,33.93436335906982,0.0,0.8857428843128963,0.9230769230769231,0.07692307692307693,2.5762820058479954,33.0
pp_quantile_calibrated,HOBBIES_1_092_TX_1,395.1345677810842,332.49861090599194,62.63595687509225,0.0,0.7600154909000297,0.8974358974358975,0.10256410256410256,4.262802703922974,29.0
pp_quantile_calibrated,HOBBIES_1_103_CA_2,2789.1494624953184,2199.4275754970113,589.7218869983074,0.0,0.8122502747538022,0.8589743589743589,0.14102564102564102,28.197789429448864,349.0
pp_quantile_calibrated,HOBBIES_1_106_TX_3,444.6496230476612,389.8449623383908,54.80466070927038,0.0,0.8035675243395327,0.9102564102564102,0.08974358974358974,4.998012337671677,31.0
pp_quantile_calibrated,HOBBIES_1_106_WI_3,204.10603487662348,193.16478763828684,10.941247238336658,0.0,0.8894823511279125,0.9743589743589743,0.02564102564102564,2.476471636388293,11.0
pp_quantile_calibrated,HOBBIES_1_107_WI_2,568.5002605587158,482.50370958482927,85.99655097388657,0.0,0.8088965533913631,0.8717948717948718,0.1282051282051282,6.185944994677298,50.0
pp_quantile_calibrated,HOBBIES_1_108_CA_3,588.4398031076576,438.2675109223054,150.17229218535218,0.0,0.743295227033586,0.8717948717948718,0.1282051282051282,5.618814242593659,65.0
pp_quantile_calibrated,HOBBIES_1_109_CA_3,506.8056854269462,412.88301760258895,93.9226678243572,0.0,0.6930631770445843,0.9102564102564102,0.08974358974358974,5.293372020546012,34.0
pp_quantile_calibrated,HOBBIES_1_110_CA_3,348.4554587736056,305.3547075962106,43.10075117739499,0.0,0.7719536974741006,0.9615384615384616,0.038461538461538464,3.9148039435411612,21.0
pp_quantile_calibrated,HOBBIES_1_110_WI_3,163.8900774456855,144.32499098135486,19.565086464330637,0.0,0.8188417919969385,0.9871794871794872,0.01282051282051282,1.8503203971968571,12.0
pp_quantile_calibrated,HOBBIES_1_113_TX_2,399.00694490531816,372.00694490531816,27.0,0.0,0.8571428571428571,0.9743589743589743,0.02564102564102564,4.769319806478438,21.0
pp_quantile_calibrated,HOBBIES_1_116_CA_1,403.2707986342791,300.4627397347311,102.80805889954804,0.0,0.7668751498876462,0.8974358974358975,0.10256410256410256,3.852086406855527,49.0
pp_quantile_calibrated,HOBBIES_1_116_WI_3,236.91143611964168,218.19107510285764,18.720361016784043,0.0,0.8109054442749087,0.9743589743589743,0.02564102564102564,2.797321475677662,11.0
pp_quantile_calibrated,HOBBIES_1_117_CA_1,297.50909572986916,250.16398945746113,47.345106272408046,0.0,0.7231280334946897,0.9230769230769231,0.07692307692307693,3.2072306340700143,19.0
pp_quantile_calibrated,HOBBIES_1_122_WI_3,374.45138131220176,374.45138131220176,0.0,0.0,1.0,1.0,0.0,4.800658734771817,8.0
pp_quantile_calibrated,HOBBIES_1_124_TX_3,332.3741150109781,292.39545472780026,39.9786602831778,0.0,0.8291510244308641,0.9615384615384616,0.038461538461538464,3.7486596759974393,26.0
pp_quantile_calibrated,HOBBIES_1_133_WI_1,390.0,390.0,0.0,0.0,1.0,1.0,0.0,5.0,0.0
pp_quantile_calibrated,HOBBIES_1_134_CA_4,2149.122746815519,1809.936511879931,339.1862349355879,0.0,0.8347045638715458,0.8589743589743589,0.14102564102564102,23.204314254870912,228.0
pp_quantile_calibrated,HOBBIES_1_135_WI_1,428.80252707177164,405.5487857348919,23.25374133687975,0.0,0.949338254168018,0.9615384615384616,0.038461538461538464,5.199343406857588,51.0
pp_quantile_calibrated,HOBBIES_1_137_TX_1,419.8053586021174,317.9627778993485,101.84258070276891,0.0,0.7642532854102572,0.8974358974358975,0.10256410256410256,4.076445870504468,48.0
pp_quantile_calibrated,HOBBIES_1_143_WI_1,230.9026182208417,176.11543067425788,54.787187546583816,0.0,0.723297032593011,0.9230769230769231,0.07692307692307693,2.25789013684946,22.0
pp_quantile_calibrated,HOBBIES_1_151_TX_1,311.8744368873904,229.91874214348348,81.95569474390692,0.0,0.8281851263230462,0.8974358974358975,0.10256410256410256,2.9476761813267114,53.0
pp_quantile_calibrated,HOBBIES_1_152_CA_1,744.4957503487493,610.7706908737401,133.72505947500915,0.0,0.7877380008333188,0.8974358974358975,0.10256410256410256,7.830393472740258,70.0
pp_quantile_calibrated,HOBBIES_1_152_CA_3,565.8473185729849,471.2081394033373,94.6391791696476,0.0,0.8382236253510298,0.8846153846153846,0.11538461538461539,6.041129992350479,65.0
pp_quantile_calibrated,HOBBIES_1_155_CA_2,685.5390490472537,438.02686064743307,247.51218839982056,0.0,0.7476939975536997,0.7948717948717948,0.20512820512820512,5.615728982659398,109.0
pp_quantile_calibrated,HOBBIES_1_162_TX_1,125.34881899086118,116.6445393228076,8.704279668053571,0.0,0.8388096357767857,0.9871794871794872,0.01282051282051282,1.4954428118308667,6.0
pp_quantile_calibrated,HOBBIES_1_162_TX_2,304.61552854265415,262.7264135920885,41.88911495056568,0.0,0.8209866882454459,0.9358974358974359,0.0641025641025641,3.368287353744724,26.0
pp_quantile_calibrated,HOBBIES_1_170_TX_2,200.49473187993354,176.69444252391648,23.80028935601707,0.0,0.8111088146347851,0.9615384615384616,0.038461538461538464,2.2653133656912368,14.0
pp_quantile_calibrated,HOBBIES_1_173_CA_4,195.13826092907422,187.97380800564812,7.1644529234260865,0.0,0.9601974837587438,0.9615384615384616,0.038461538461538464,2.409920615457027,20.0
pp_quantile_calibrated,HOBBIES_1_175_WI_1,245.53116562218298,245.53116562218298,0.0,0.0,1.0,1.0,0.0,3.147835456694654,12.0
pp_quantile_calibrated,HOBBIES_1_176_TX_3,327.96244144908604,204.66276268245082,123.29967876663522,0.0,0.7415101074074734,0.8205128205128205,0.1794871794871795,2.6238815728519334,53.0
pp_quantile_calibrated,HOBBIES_1_184_CA_1,297.36723901406185,291.55807488151873,5.809164132543115,0.0,0.9354537318606321,0.9871794871794872,0.01282051282051282,3.7379240369425477,10.0
pp_quantile_calibrated,HOBBIES_1_186_TX_1,133.14739507232082,127.82257584772331,5.324819224597506,0.0,0.950696118290764,0.9615384615384616,0.038461538461538464,1.638750972406709,12.0
pp_quantile_calibrated,HOBBIES_1_187_CA_2,195.24013693169937,177.187729815048,18.052407116651374,0.0,0.9088262266835788,0.9487179487179487,0.05128205128205128,2.2716375617313846,22.0
pp_quantile_calibrated,HOBBIES_1_190_TX_2,161.52196790132328,143.57897804252698,17.942989858796295,0.0,0.8187576781939768,0.9743589743589743,0.02564102564102564,1.840756128750346,11.0
pp_quantile_calibrated,HOBBIES_1_194_TX_3,877.1782770036434,701.9962286035068,175.18204840013658,0.0,0.8350451521655965,0.8589743589743589,0.14102564102564102,8.999951648762908,118.0
pp_quantile_calibrated,HOBBIES_1_200_CA_4,393.4400186065986,294.6873324607447,98.75268614585389,0.0,0.7805495863425469,0.8974358974358975,0.10256410256410256,3.7780427238557013,50.0
pp_quantile_calibrated,HOBBIES_1_209_CA_3,4442.226457363315,3340.1474044850233,1102.0790528782911,0.0,0.7480386253136051,0.8076923076923077,0.19230769230769232,42.82240262160286,486.0
pp_quantile_calibrated,HOBBIES_1_212_CA_2,236.7501475167808,232.2241339994202,4.526013517360621,0.0,0.9161849348636922,0.9871794871794872,0.01282051282051282,2.9772324871720537,6.0
pp_quantile_calibrated,HOBBIES_1_232_WI_3,906.9638250742429,816.0370692948683,90.92675577937462,0.0,0.7895213986588551,0.9615384615384616,0.038461538461538464,10.462013708908568,48.0
pp_quantile_calibrated,HOBBIES_1_239_TX_1,260.1138752547706,218.92965067316476,41.184224581605875,0.0,0.7139984404055149,0.9358974358974359,0.0641025641025641,2.806790393245702,16.0
pp_quantile_calibrated,HOBBIES_1_240_CA_2,719.0765390992133,481.88516027964914,237.19137881956408,0.0,0.7441301199357453,0.7948717948717948,0.20512820512820512,6.178014875380117,103.0
pp_quantile_calibrated,HOBBIES_1_242_TX_3,515.8695593378387,443.10620609311593,72.76335324472275,0.0,0.8119809993676413,0.9487179487179487,0.05128205128205128,5.680848796065589,43.0
pp_quantile_calibrated,HOBBIES_1_245_TX_1,112.35138391459515,94.97445623517667,17.376927679418472,0.0,0.8069230257842392,0.9615384615384616,0.038461538461538464,1.2176212337843164,10.0
pp_quantile_calibrated,HOBBIES_1_245_WI_1,338.468591147868,283.14368059289603,55.32491055497194,0.0,0.8078996161285696,0.9230769230769231,0.07692307692307693,3.630047187088411,32.0
pp_quantile_calibrated,HOBBIES_1_252_TX_1,754.5316883875223,593.468908725407,161.06277966211525,0.0,0.6804309927338983,0.9102564102564102,0.08974358974358974,7.608575752889833,56.0
pp_quantile_calibrated,HOBBIES_1_257_CA_2,285.37025555500026,247.1234854399567,38.246770115043546,0.0,0.7763346776898038,0.9487179487179487,0.05128205128205128,3.1682498133327783,19.0
pp_quantile_calibrated,HOBBIES_1_261_WI_3,1705.7356269390993,1111.7504250132874,593.985201925812,0.0,0.6312941018461751,0.9487179487179487,0.05128205128205128,14.253210577093428,179.0
pp_quantile_calibrated,HOBBIES_1_264_TX_2,305.5825739156586,261.65252438457117,43.930049531087434,0.0,0.8564377466304331,0.9230769230769231,0.07692307692307693,3.354519543391938,34.0
pp_quantile_calibrated,HOBBIES_1_267_CA_3,260.75736471050305,249.46972054533762,11.28764416516541,0.0,0.9104155224986873,0.9743589743589743,0.02564102564102564,3.1983297505812516,14.0
pp_quantile_calibrated,HOBBIES_1_267_WI_2,117.78264842911382,110.97640113490165,6.806247294212171,0.0,0.8739583834405154,0.9743589743589743,0.02564102564102564,1.42277437352438,6.0
pp_quantile_calibrated,HOBBIES_1_277_CA_1,1034.0,1025.0,9.0,0.0,0.9411764705882353,0.9871794871794872,0.01282051282051282,13.14102564102564,17.0
pp_quantile_calibrated,HOBBIES_1_279_CA_4,425.19143063516424,352.353751911922,72.83767872324225,0.0,0.8443639343520465,0.9230769230769231,0.07692307692307693,4.51735579374259,52.0
pp_quantile_calibrated,HOBBIES_1_279_TX_3,455.8568230152011,388.614466881589,67.24235613361209,0.0,0.8947693957220468,0.8974358974358975,0.10256410256410256,4.982236754892167,71.0
pp_quantile_calibrated,HOBBIES_1_285_CA_4,180.20889188379428,180.20889188379428,0.0,0.0,1.0,1.0,0.0,2.3103704087665933,8.0
pp_quantile_calibrated,HOBBIES_1_287_WI_1,382.5871541209568,340.26593783580466,42.32121628515216,0.0,0.8762537535521866,0.9102564102564102,0.08974358974358974,4.362383818407752,38.0
pp_quantile_calibrated,HOBBIES_1_289_WI_1,486.1711971970085,321.1036611032063,165.0675360938022,0.0,0.7041800428426483,0.8589743589743589,0.14102564102564102,4.116713603887261,62.0
pp_quantile_calibrated,HOBBIES_1_290_CA_4,247.59775137069212,247.59775137069212,0.0,0.0,1.0,1.0,0.0,3.174330145778104,3.0
pp_quantile_calibrated,HOBBIES_1_296_CA_1,352.8699643121565,266.89836964750316,85.9715946646534,0.0,0.7346555720226747,0.8846153846153846,0.11538461538461539,3.421773969839784,36.0
pp_quantile_calibrated,HOBBIES_1_297_CA_1,1535.393209682847,1262.5162044188971,272.87700526394985,0.0,0.827729163343466,0.8589743589743589,0.14102564102564102,16.186105184857656,176.0
pp_quantile_calibrated,HOBBIES_1_306_CA_4,386.28029256328733,313.7598081988515,72.52048436443583,0.0,0.8126085675337574,0.9230769230769231,0.07692307692307693,4.022561643575019,43.0
pp_quantile_calibrated,HOBBIES_1_306_WI_3,171.81198587272522,165.3887417550604,6.423244117664795,0.0,0.9580180123028446,0.9871794871794872,0.01282051282051282,2.120368484039236,17.0
pp_quantile_calibrated,HOBBIES_1_309_WI_1,229.79959576602147,166.41345320065147,63.38614256537,0.0,0.5598184544071527,0.9230769230769231,0.07692307692307693,2.1335058102647624,16.0
pp_quantile_calibrated,HOBBIES_1_312_TX_3,666.9957448414293,571.3807120427872,95.61503279864215,0.0,0.854467225572843,0.8974358974358975,0.10256410256410256,7.325393744138298,73.0
pp_quantile_calibrated,HOBBIES_1_319_TX_1,1291.4492314928902,1116.433232293656,175.01599919923436,0.0,0.855953910124087,0.8974358974358975,0.10256410256410256,14.313246567867383,135.0
pp_quantile_calibrated,HOBBIES_1_323_CA_3,933.119138210801,543.7141271787401,389.4050110320609,0.0,0.6394398045999435,0.7564102564102564,0.24358974358974358,6.970693938188976,120.0
pp_quantile_calibrated,HOBBIES_1_328_TX_1,164.7794944356768,164.7794944356768,0.0,0.0,1.0,1.0,0.0,2.1125576209702155,7.0
pp_quantile_calibrated,HOBBIES_1_332_WI_1,578.175800529534,426.2614663711183,151.91433415841567,0.0,0.723289008818915,0.8717948717948718,0.1282051282051282,5.464890594501516,61.0
pp_quantile_calibrated,HOBBIES_1_333_CA_2,460.6983155984624,309.7520433507868,150.9462722476756,0.0,0.7379404995700076,0.8333333333333334,0.16666666666666666,3.971180042958805,64.0
pp_quantile_calibrated,HOBBIES_1_333_TX_1,164.91331752788386,155.94158132692937,8.9717362009545,0.0,0.9287957444368692,0.9615384615384616,0.038461538461538464,1.9992510426529406,14.0
pp_quantile_calibrated,HOBBIES_1_334_TX_1,177.19046534167222,157.86119728787205,19.32926805380019,0.0,0.8047548681434324,0.9615384615384616,0.038461538461538464,2.023861503690667,11.0
pp_quantile_calibrated,HOBBIES_1_344_CA_3,609.9798306640787,495.07794290525266,114.90188775882602,0.0,0.8612296041560071,0.8846153846153846,0.11538461538461539,6.347153114169906,92.0
pp_quantile_calibrated,HOBBIES_1_346_CA_4,263.7801983749523,236.89368063924348,26.886517735708797,0.0,0.8427689021303579,0.9615384615384616,0.038461538461538464,3.0370984697338907,19.0
pp_quantile_calibrated,HOBBIES_1_348_CA_4,6630.826728658233,5483.819455095396,1147.0072735628376,0.0,0.6921612255601618,0.8205128205128205,0.1794871794871795,70.30537762942815,414.0
pp_quantile_calibrated,HOBBIES_1_352_CA_2,644.4771950445702,526.323669725704,118.15352531886619,0.0,0.8455509472955998,0.8717948717948718,0.1282051282051282,6.747739355457743,85.0
pp_quantile_calibrated,HOBBIES_1_361_CA_4,272.5151255042469,205.87977471800826,66.63535078623863,0.0,0.7532024044954125,0.8846153846153846,0.11538461538461539,2.639484291256516,30.0
pp_quantile_calibrated,HOBBIES_1_362_WI_2,198.6362375521253,198.6362375521253,0.0,0.0,1.0,1.0,0.0,2.5466184301554526,4.0
pp_quantile_calibrated,HOBBIES_1_367_TX_1,363.10605107131346,262.32492810531505,100.78112296599839,0.0,0.784655720158123,0.8846153846153846,0.11538461538461539,3.3631401039142954,52.0
pp_quantile_calibrated,HOBBIES_1_368_CA_1,285.41537819078025,210.01854035777305,75.39683783300718,0.0,0.746138593154858,0.8974358974358975,0.10256410256410256,2.6925453892022184,33.0
pp_quantile_calibrated,HOBBIES_1_372_TX_1,488.68453857051014,387.25795650018176,101.42658207032838,0.0,0.8266212272302079,0.9102564102564102,0.08974358974358974,4.964845596156176,65.0
pp_quantile_calibrated,HOBBIES_1_373_TX_1,374.8657468585113,276.1700067722286,98.69574008628268,0.0,0.761604492545211,0.8461538461538461,0.15384615384615385,3.540641112464469,46.0
pp_quantile_calibrated,HOBBIES_1_374_WI_3,172.15383154633173,141.44375038692567,30.710081159406048,0.0,0.7992805152979997,0.9358974358974359,0.0641025641025641,1.8133814152169958,17.0
pp_quantile_calibrated,HOBBIES_1_375_WI_1,143.98649491087372,122.16811611912102,21.81837879175269,0.0,0.696966961225657,0.9615384615384616,0.038461538461538464,1.56625789896309,8.0
pp_quantile_calibrated,HOBBIES_1_380_CA_2,458.129140502631,410.5164431451172,47.61269735751384,0.0,0.8040629738373916,0.9487179487179487,0.05128205128205128,5.263031322373298,27.0
pp_quantile_calibrated,HOBBIES_1_381_TX_2,2275.470259680139,2003.4772890017728,271.9929706783664,0.0,0.9052619398542785,0.9102564102564102,0.08974358974358974,25.685606269253498,319.0
pp_quantile_calibrated,HOBBIES_1_385_CA_1,630.0,630.0,0.0,0.0,1.0,1.0,0.0,8.076923076923077,8.0
pp_quantile_calibrated,HOBBIES_1_386_CA_3,1248.0,1248.0,0.0,0.0,1.0,1.0,0.0,16.0,15.0
pp_quantile_calibrated,HOBBIES_1_386_WI_3,180.8400966373898,180.8400966373898,0.0,0.0,1.0,1.0,0.0,2.3184627774024333,6.0
pp_quantile_calibrated,HOBBIES_1_389_CA_3,173.00087828720123,156.22983052560235,16.771047761598883,0.0,0.9112642975576778,0.9871794871794872,0.01282051282051282,2.00294654520003,21.0
pp_quantile_calibrated,HOBBIES_1_390_TX_1,220.78929912069066,153.45537347922615,67.3339256414645,0.0,0.5012301804335962,0.9102564102564102,0.08974358974358974,1.967376583067002,15.0
pp_quantile_calibrated,HOBBIES_1_393_TX_2,144.94574331669105,136.79409823718026,8.151645079510777,0.0,0.9523295609385334,0.9615384615384616,0.038461538461538464,1.7537704902202598,19.0
pp_quantile_calibrated,HOBBIES_1_398_TX_3,581.6748046881231,528.9705213717098,52.70428331641336,0.0,0.827763780011721,0.9743589743589743,0.02564102564102564,6.781673350919356,34.0
pp_quantile_calibrated,HOBBIES_1_399_TX_3,497.9701391878432,497.9701391878432,0.0,0.0,1.0,1.0,0.0,6.384232553690297,5.0
pp_quantile_calibrated,HOBBIES_1_400_CA_3,1153.864188443969,991.7651741295804,162.09901431438863,0.0,0.7953295273808226,0.9230769230769231,0.07692307692307693,12.714938129866415,88.0
pp_quantile_calibrated,HOBBIES_1_405_TX_3,185.8058784217801,174.27546298340584,11.530415438374266,0.0,0.8576491921188363,0.9743589743589743,0.02564102564102564,2.234300807479562,9.0
pp_quantile_calibrated,HOBBIES_1_406_CA_1,247.51767689761328,247.51767689761328,0.0,0.0,1.0,1.0,0.0,3.173303549969401,7.0
pp_quantile_calibrated,HOBBIES_1_410_TX_1,163.30816719453384,163.30816719453384,0.0,0.0,1.0,1.0,0.0,2.0936944512119724,5.0
pp_quantile_calibrated,HOBBIES_1_415_CA_1,486.7158618087858,314.671677293013,172.04418451577286,0.0,0.696571103146785,0.8205128205128205,0.1794871794871795,4.034252272987346,63.0
pp_quantile_calibrated,HOBBIES_1_418_TX_1,303.88897216996503,279.4062071379539,24.48276503201112,0.0,0.8399819278953522,0.9743589743589743,0.02564102564102564,3.582130860742999,17.0
pp_quantile_calibrated,HOBBIES_1_419_CA_4,176.27458350806535,176.27458350806535,0.0,0.0,1.0,1.0,0.0,2.2599305577957094,5.0
pp_quantile_calibrated,HOBBIES_2_007_TX_3,461.69367861755745,430.00926551780594,31.68441309975149,0.0,0.8786037812270058,0.9615384615384616,0.038461538461538464,5.5129393015103325,29.0
pp_quantile_calibrated,HOBBIES_2_008_WI_3,341.9460671117687,306.2228953130154,35.7231717987533,0.0,0.7910925625803901,0.9487179487179487,0.05128205128205128,3.925934555295069,19.0
pp_quantile_calibrated,HOBBIES_2_009_WI_2,172.86139684470106,170.3583256565886,2.5030711881124796,0.0,0.960268711299802,0.9871794871794872,0.01282051282051282,2.1840810981613923,7.0
pp_quantile_calibrated,HOBBIES_2_012_TX_2,205.38520540469085,193.90129415061074,11.483911254080118,0.0,0.8840008964234332,0.9615384615384616,0.038461538461538464,2.4859140275719325,11.0
pp_quantile_calibrated,HOBBIES_2_014_WI_1,179.9034484945259,166.46442325417874,13.439025240347137,0.0,0.8755645811078968,0.9871794871794872,0.01282051282051282,2.134159272489471,12.0
pp_quantile_calibrated,HOBBIES_2_018_CA_2,237.59597282524814,224.97539857500414,12.620574250244003,0.0,0.9261954722207952,0.9487179487179487,0.05128205128205128,2.8842999817308224,19.0
pp_quantile_calibrated,HOBBIES_2_030_TX_2,159.58300934519227,133.5631815677096,26.019827777482668,0.0,0.7371734567931043,0.9487179487179487,0.05128205128205128,1.7123484816373025,11.0
pp_quantile_calibrated,HOBBIES_2_030_WI_2,78.0,78.0,0.0,0.0,1.0,1.0,0.0,1.0,0.0
pp_quantile_calibrated,HOBBIES_2_031_CA_2,378.41633837010494,341.1484687542769,37.267869615828054,0.0,0.8407355999323587,0.9615384615384616,0.038461538461538464,4.373698317362525,26.0
pp_quantile_calibrated,HOBBIES_2_035_CA_2,300.70168112221006,291.53501008612784,9.166671036082196,0.0,0.9074073632718971,0.9871794871794872,0.01282051282051282,3.7376283344375363,11.0
pp_quantile_calibrated,HOBBIES_2_038_CA_2,293.16386416289384,233.954051091167,59.209813071726856,0.0,0.746966610804586,0.9358974358974359,0.0641025641025641,2.999410911425218,26.0
pp_quantile_calibrated,HOBBIES_2_040_TX_1,376.90143121644746,376.16783983988176,0.7335913765657152,0.0,0.9883556924354648,0.9871794871794872,0.01282051282051282,4.822664613331818,7.0
pp_quantile_calibrated,HOBBIES_2_041_TX_2,440.40941859182345,275.73116717516297,164.6782514166605,0.0,0.6265799287604071,0.8717948717948718,0.1282051282051282,3.5350149637841404,49.0
pp_quantile_calibrated,HOBBIES_2_042_TX_2,611.2394632422996,591.4293424917582,19.81012075054137,0.0,0.9266291824054024,0.9743589743589743,0.02564102564102564,7.582427467843054,30.0
pp_quantile_calibrated,HOBBIES_2_045_CA_4,192.69604219625992,185.24197277530803,7.4540694209519,0.0,0.936290004949129,0.9743589743589743,0.02564102564102564,2.3748970868629233,13.0
pp_quantile_calibrated,HOBBIES_2_050_WI_2,107.64861695544226,107.64861695544226,0.0,0.0,1.0,1.0,0.0,1.3801104737877214,9.0
pp_quantile_calibrated,HOBBIES_2_056_WI_3,193.50286322943765,193.50286322943765,0.0,0.0,1.0,1.0,0.0,2.480805938838944,3.0
pp_quantile_calibrated,HOBBIES_2_061_TX_3,189.35151482321697,147.06295071620247,42.28856410701452,0.0,0.5728427867978332,0.9487179487179487,0.05128205128205128,1.8854224450795187,11.0
pp_quantile_calibrated,HOBBIES_2_072_TX_2,219.0,210.0,9.0,0.0,0.8333333333333334,0.9871794871794872,0.01282051282051282,2.6923076923076925,6.0
pp_quantile_calibrated,HOBBIES_2_074_CA_1,174.3307557174444,174.3307557174444,0.0,0.0,1.0,1.0,0.0,2.2350096886851847,7.0
pp_quantile_calibrated,HOBBIES_2_074_CA_3,227.45833991674243,209.45833991674243,18.0,0.0,0.8,0.9743589743589743,0.02564102564102564,2.6853633322659287,10.0
pp_quantile_calibrated,HOBBIES_2_076_TX_3,718.8419496799237,522.2006058446769,196.64134383524677,0.0,0.46709662917277306,0.8589743589743589,0.14102564102564102,6.694879562111243,41.0
pp_quantile_calibrated,HOBBIES_2_076_WI_1,483.16411781434533,412.77072190529447,70.3933959090509,0.0,0.5883427139821585,0.9102564102564102,0.08974358974358974,5.29193233211916,19.0
pp_quantile_calibrated,HOBBIES_2_077_WI_1,156.0,156.0,0.0,0.0,1.0,1.0,0.0,2.0,0.0
pp_quantile_calibrated,HOBBIES_2_081_WI_3,635.7960548667539,635.7960548667539,0.0,0.0,1.0,1.0,0.0,8.151231472650691,10.0
pp_quantile_calibrated,HOBBIES_2_083_CA_1,648.6581297179171,648.6581297179171,0.0,0.0,1.0,1.0,0.0,8.316129868178423,7.0
pp_quantile_calibrated,HOBBIES_2_084_WI_3,125.66868413803441,123.23624423660009,2.4324399014343205,0.0,0.9729728899840631,0.9871794871794872,0.01282051282051282,1.5799518491871807,10.0
pp_quantile_calibrated,HOBBIES_2_086_CA_4,198.73401844408886,198.73401844408886,0.0,0.0,1.0,1.0,0.0,2.5478720313344727,3.0
pp_quantile_calibrated,HOBBIES_2_103_TX_1,269.7332972411684,199.47143375162744,70.26186348954093,0.0,0.7945559547089447,0.8974358974358975,0.10256410256410256,2.5573260737388135,38.0
pp_quantile_calibrated,HOBBIES_2_107_WI_3,574.5999999999997,574.5999999999997,0.0,0.0,1.0,1.0,0.0,7.366666666666663,4.0
pp_quantile_calibrated,HOBBIES_2_114_CA_4,170.55162758546373,161.37291374243603,9.178713843027708,0.0,0.886682545147806,0.9871794871794872,0.01282051282051282,2.0688835095184106,9.0
pp_quantile_calibrated,HOBBIES_2_115_TX_1,534.52587625141,385.6916529387895,148.8342233126204,0.0,0.7046940013638484,0.8974358974358975,0.10256410256410256,4.9447647812665325,56.0
pp_quantile_calibrated,HOBBIES_2_116_CA_1,334.2085067010499,305.0080470193044,29.2004596817455,0.0,0.8525229309002753,0.9487179487179487,0.05128205128205128,3.9103595771705693,22.0
pp_quantile_calibrated,HOBBIES_2_116_CA_2,344.5777506446567,290.28613489726,54.29161574739668,0.0,0.7765777129736762,0.9487179487179487,0.05128205128205128,3.721617114067436,27.0
pp_quantile_calibrated,HOBBIES_2_117_TX_1,493.12152441889486,475.99361389907074,17.127910519824134,0.0,0.938609639713892,0.9615384615384616,0.038461538461538464,6.102482229475266,31.0
pp_quantile_calibrated,HOBBIES_2_118_WI_2,234.0,234.0,0.0,0.0,1.0,1.0,0.0,3.0,0.0
pp_quantile_calibrated,HOBBIES_2_122_CA_2,569.6362422632303,569.6362422632303,0.0,0.0,1.0,1.0,0.0,7.3030287469644914,10.0
pp_quantile_calibrated,HOBBIES_2_122_TX_1,554.230187735927,526.273409539604,27.956778196322936,0.0,0.8649431005008554,0.9487179487179487,0.05128205128205128,6.747094994097488,23.0
pp_quantile_calibrated,HOBBIES_2_123_TX_1,248.9279431748238,234.2253772111704,14.702565963653399,0.0,0.8978988474746292,0.9743589743589743,0.02564102564102564,3.0028894514252618,16.0
pp_quantile_calibrated,HOBBIES_2_124_TX_3,1808.7999999999956,1467.6999999999953,341.1000000000003,0.0,0.3887096774193543,0.9487179487179487,0.05128205128205128,18.816666666666606,62.0
pp_quantile_calibrated,HOBBIES_2_128_TX_1,218.46211352680677,193.63653212104794,24.825581405758847,0.0,0.7241602066026795,0.9743589743589743,0.02564102564102564,2.4825196425775378,10.0
pp_quantile_calibrated,HOBBIES_2_129_WI_1,932.9631537820404,932.9631537820404,0.0,0.0,1.0,1.0,0.0,11.961066074128723,24.0
pp_quantile_calibrated,HOBBIES_2_132_CA_1,603.077353162071,542.8587159270796,60.2186372349913,0.0,0.8760933390226516,0.9487179487179487,0.05128205128205128,6.959727127270251,54.0
pp_quantile_calibrated,HOBBIES_2_133_CA_3,582.00160801204,550.8571524331866,31.144455578853506,0.0,0.8846501645227648,0.9487179487179487,0.05128205128205128,7.062271185040854,30.0
pp_quantile_calibrated,HOBBIES_2_134_TX_3,478.7548141796599,471.7438112077281,7.011002971931804,0.0,0.9220999669785355,0.9871794871794872,0.01282051282051282,6.047997579586258,10.0
pp_quantile_calibrated,HOBBIES_2_137_CA_2,481.50132290643154,481.50132290643154,0.0,0.0,1.0,1.0,0.0,6.173093883415789,0.0
pp_quantile_calibrated,HOBBIES_2_144_WI_1,258.4261748736711,258.4261748736711,0.0,0.0,1.0,1.0,0.0,3.3131560881239883,10.0
pp_quantile_calibrated,HOUSEHOLD_1_005_CA_4,466.33232188990416,281.2050135022307,185.12730838767345,0.0,0.6682306301296174,0.8076923076923077,0.19230769230769232,3.6051924807978297,62.0
pp_quantile_calibrated,HOUSEHOLD_1_006_CA_4,464.93520453181225,400.4326453381784,64.5025591936338,0.0,0.8621740188170219,0.9615384615384616,0.038461538461538464,5.13375186330998,52.0
pp_quantile_calibrated,HOUSEHOLD_1_006_WI_2,422.0749397393451,350.82337076222694,71.25156897711815,0.0,0.8158874186637775,0.9102564102564102,0.08974358974358974,4.497735522592653,43.0
pp_quantile_calibrated,HOUSEHOLD_1_008_WI_3,220.6569070064109,142.95554973407,77.70135727234091,0.0,0.6546606343451515,0.8461538461538461,0.15384615384615385,1.8327634581291024,25.0
pp_quantile_calibrated,HOUSEHOLD_1_010_CA_2,1256.6581108448452,1196.869271632932,59.788839211913206,0.0,0.8977968560480116,0.9358974358974359,0.0641025641025641,15.344477841447846,65.0
pp_quantile_calibrated,HOUSEHOLD_1_013_CA_3,769.5934115328841,643.7407875235244,125.85262400935973,0.0,0.8834697925839261,0.9230769230769231,0.07692307692307693,8.253087019532364,120.0
pp_quantile_calibrated,HOUSEHOLD_1_014_CA_2,1081.9881692107888,961.4976747666401,120.4904944441486,0.0,0.892897338271868,0.9615384615384616,0.038461538461538464,12.326893266238976,125.0
pp_quantile_calibrated,HOUSEHOLD_1_014_WI_3,363.74319121952436,326.0181661718799,37.725025047644465,0.0,0.8835647375072702,0.9615384615384616,0.038461538461538464,4.179720079126666,36.0
pp_quantile_calibrated,HOUSEHOLD_1_015_WI_2,751.0,751.0,0.0,0.0,1.0,1.0,0.0,9.628205128205128,1.0
pp_quantile_calibrated,HOUSEHOLD_1_020_WI_1,536.3540790906659,425.0803451631716,111.27373392749425,0.0,0.8282812748032495,0.8717948717948718,0.1282051282051282,5.449748014912457,72.0
pp_quantile_calibrated,HOUSEHOLD_1_021_WI_2,1148.0847786003742,442.7065456115176,705.3782329888566,0.0,0.5763494096163023,0.6923076923076923,0.3076923076923077,5.675724943737405,185.0
pp_quantile_calibrated,HOUSEHOLD_1_024_CA_2,832.764921619437,691.5718277131475,141.19309390628956,0.0,0.8217258915324627,0.8717948717948718,0.1282051282051282,8.866305483501892,88.0
pp_quantile_calibrated,HOUSEHOLD_1_026_CA_2,1369.5779903220791,774.0712033038503,595.5067870182288,0.0,0.5340322480295548,0.7435897435897436,0.2564102564102564,9.9239897859468,142.0
pp_quantile_calibrated,HOUSEHOLD_1_029_CA_2,984.9387552236811,715.5212082940965,269.41754692958466,0.0,0.7441428804087515,0.7948717948717948,0.20512820512820512,9.173348824283288,117.0
pp_quantile_calibrated,HOUSEHOLD_1_032_WI_1,521.7594211958915,428.3705909515452,93.38883024434627,0.0,0.8179554965997149,0.9230769230769231,0.07692307692307693,5.491930653224938,57.0
pp_quantile_calibrated,HOUSEHOLD_1_033_TX_2,1731.640506363842,1707.8410253060824,23.799481057759536,0.0,0.9759601201436773,0.9871794871794872,0.01282051282051282,21.89539776033439,110.0
pp_quantile_calibrated,HOUSEHOLD_1_034_WI_1,403.3732605624123,380.5439629489936,22.82929761341868,0.0,0.8590784097937119,0.9615384615384616,0.038461538461538464,4.878768755756329,18.0
pp_quantile_calibrated,HOUSEHOLD_1_043_CA_3,619.2184455309125,471.62068815598343,147.5977573749291,0.0,0.8177805464507049,0.8846153846153846,0.11538461538461539,6.046419078922865,90.0
pp_quantile_calibrated,HOUSEHOLD_1_049_CA_1,2340.0,2340.0,0.0,0.0,1.0,1.0,0.0,30.0,0.0
pp_quantile_calibrated,HOUSEHOLD_1_049_WI_1,468.0,468.0,0.0,0.0,1.0,1.0,0.0,6.0,0.0
pp_quantile_calibrated,HOUSEHOLD_1_051_WI_1,1940.5514156742875,1630.1648376267717,310.3865780475157,0.0,0.8693659183301702,0.8589743589743589,0.14102564102564102,20.899549200343227,264.0
pp_quantile_calibrated,HOUSEHOLD_1_058_CA_3,1549.8585916285945,1403.011605419556,146.84698620903853,0.0,0.9271592330312309,0.8846153846153846,0.11538461538461539,17.98732827460969,224.0
pp_quantile_calibrated,HOUSEHOLD_1_068_TX_1,216.83174334466116,196.59886268338926,20.2328806612719,0.0,0.7502113498608407,0.9615384615384616,0.038461538461538464,2.5204982395306317,9.0
pp_quantile_calibrated,HOUSEHOLD_1_071_CA_1,2455.4530134476727,1796.0865753948717,659.3664380528008,0.0,0.7918666546550504,0.7948717948717948,0.20512820512820512,23.02675096660092,352.0
pp_quantile_calibrated,HOUSEHOLD_1_071_TX_2,2902.3980156283014,2220.6774876998343,681.720527928467,0.0,0.7732133972293855,0.782051282051282,0.21794871794871795,28.470224201279926,334.0
pp_quantile_calibrated,HOUSEHOLD_1_079_WI_1,867.8966149515941,531.5041638881842,336.3924510634099,0.0,0.6632708197563464,0.7948717948717948,0.20512820512820512,6.814155947284412,111.0
pp_quantile_calibrated,HOUSEHOLD_1_080_WI_1,350.59889545020394,312.80192322313127,37.796972227072686,0.0,0.8320134567685659,0.9487179487179487,0.05128205128205128,4.010281066963222,25.0
pp_quantile_calibrated,HOUSEHOLD_1_080_WI_2,456.01470162854685,418.8460376894277,37.168663939119114,0.0,0.9082255211379776,0.9615384615384616,0.038461538461538464,5.369820996018304,45.0
pp_quantile_calibrated,HOUSEHOLD_1_083_TX_1,3359.785234028378,2412.225512027865,947.5597220005127,0.0,0.7943663797741942,0.7435897435897436,0.2564102564102564,30.92596810292135,512.0
pp_quantile_calibrated,HOUSEHOLD_1_083_WI_3,4446.969273151893,3321.7281332423468,1125.2411399095458,0.0,0.8052542160073476,0.8205128205128205,0.1794871794871795,42.58625811849163,642.0
pp_quantile_calibrated,HOUSEHOLD_1_088_TX_3,459.63343606043435,397.8850989668009,61.748337093633424,0.0,0.8910964072422691,0.9358974358974359,0.0641025641025641,5.101091012394884,63.0
pp_quantile_calibrated,HOUSEHOLD_1_091_WI_3,219.87595803570383,199.2279467932981,20.648011242405758,0.0,0.8470517685747722,0.9487179487179487,0.05128205128205128,2.5542044460679243,15.0
pp_quantile_calibrated,HOUSEHOLD_1_093_CA_2,744.868149809341,566.7919040069235,178.0762458024176,0.0,0.8021375046639804,0.8717948717948718,0.1282051282051282,7.266562871883634,100.0
pp_quantile_calibrated,HOUSEHOLD_1_095_TX_2,184.0467926652294,158.05996646643155,25.986826198797843,0.0,0.7778903743692491,0.9487179487179487,0.05128205128205128,2.026409826492712,13.0
pp_quantile_calibrated,HOUSEHOLD_1_095_TX_3,148.6494809589315,132.4130135812301,16.2364673777014,0.0,0.8612267745495608,0.9615384615384616,0.038461538461538464,1.6976027382208987,13.0
pp_quantile_calibrated,HOUSEHOLD_1_096_WI_2,4576.855765220462,2721.4171022596825,1855.4386629607795,0.0,0.7516146368191727,0.717948717948718,0.28205128205128205,34.889962849483105,830.0
pp_quantile_calibrated,HOUSEHOLD_1_098_CA_4,165.63505395714324,143.05911550275397,22.575938454389266,0.0,0.807043261073596,0.9487179487179487,0.05128205128205128,1.8340912243942817,13.0
pp_quantile_calibrated,HOUSEHOLD_1_102_WI_3,941.0537981607793,634.3487565529178,306.7050416078614,0.0,0.6625907133026828,0.8205128205128205,0.1794871794871795,8.13267636606305,101.0
pp_quantile_calibrated,HOUSEHOLD_1_106_TX_3,3905.8966331987635,2360.5580699915336,1545.33856320723,0.0,0.7180553615750357,0.7307692307692307,0.2692307692307692,30.263564999891457,609.0
pp_quantile_calibrated,HOUSEHOLD_1_119_TX_2,1391.0309878144947,1267.258863830683,123.77212398381168,0.0,0.9191031869386853,0.9358974358974359,0.0641025641025641,16.24690851064978,170.0
pp_quantile_calibrated,HOUSEHOLD_1_120_CA_2,451.9948470203057,386.2369660335203,65.75788098678545,0.0,0.7912448222641731,0.9102564102564102,0.08974358974358974,4.951755974788721,35.0
pp_quantile_calibrated,HOUSEHOLD_1_127_WI_1,363.0050655007002,287.5325423024195,75.4725231982807,0.0,0.7604046882594263,0.8974358974358975,0.10256410256410256,3.6863146449028137,35.0
pp_quantile_calibrated,HOUSEHOLD_1_128_WI_2,1273.8726659999693,960.0297616898013,313.842904310168,0.0,0.8018668533395403,0.8205128205128205,0.1794871794871795,12.308073867817965,176.0
pp_quantile_calibrated,HOUSEHOLD_1_131_CA_1,589.9138860923885,461.00862225533285,128.9052638370556,0.0,0.7395853255817059,0.8589743589743589,0.14102564102564102,5.910366951991447,55.0
pp_quantile_calibrated,HOUSEHOLD_1_131_TX_1,756.5619755562027,624.0581744890629,132.50380106713973,0.0,0.7802590363729025,0.8846153846153846,0.11538461538461539,8.000745826782858,67.0
pp_quantile_calibrated,HOUSEHOLD_1_136_WI_3,806.8473061521404,805.7278738275188,1.1194323246215987,0.0,0.9990505238976917,0.9743589743589743,0.02564102564102564,10.32984453625024,131.0
pp_quantile_calibrated,HOUSEHOLD_1_145_CA_2,1513.805627468266,1251.9101878968102,261.8954395714558,0.0,0.8751094708767497,0.8461538461538461,0.15384615384615385,16.05013061406167,233.0
pp_quantile_calibrated,HOUSEHOLD_1_155_WI_3,335.1119744683068,227.073445060641,108.0385294076658,0.0,0.6469329104324646,0.9102564102564102,0.08974358974358974,2.9111980135979616,34.0
pp_quantile_calibrated,HOUSEHOLD_1_157_WI_1,475.7753640305842,475.7753640305842,0.0,0.0,1.0,1.0,0.0,6.099684154238259,23.0
pp_quantile_calibrated,HOUSEHOLD_1_158_CA_3,611.1503454981305,464.4286677641596,146.72167773397084,0.0,0.7796971805796233,0.8717948717948718,0.1282051282051282,5.9542136892840976,74.0
pp_quantile_calibrated,HOUSEHOLD_1_160_WI_2,1013.1165690851973,738.5167126604041,274.5998564247932,0.0,0.757848451124521,0.8205128205128205,0.1794871794871795,9.468162982825694,126.0
pp_quantile_calibrated,HOUSEHOLD_1_161_CA_2,484.7043368493994,403.12657563282664,81.57776121657278,0.0,0.8741083931843012,0.9230769230769231,0.07692307692307693,5.168289431190085,72.0
pp_quantile_calibrated,HOUSEHOLD_1_162_TX_1,1258.6732756378155,1232.8559950429726,25.81728059484295,0.0,0.9245108754536756,0.9743589743589743,0.02564102564102564,15.805846090294521,38.0
pp_quantile_calibrated,HOUSEHOLD_1_163_CA_1,289.6726411031258,273.2266053952708,16.44603570785499,0.0,0.916939213596692,0.9743589743589743,0.02564102564102564,3.5029051973752665,22.0
pp_quantile_calibrated,HOUSEHOLD_1_165_CA_1,326.90571684230656,275.74012972001094,51.16558712229563,0.0,0.8578733691047343,0.9487179487179487,0.05128205128205128,3.5351298682052685,40.0
pp_quantile_calibrated,HOUSEHOLD_1_165_TX_1,746.038268910051,712.9464975234595,33.091771386591546,0.0,0.9522485261376745,0.9615384615384616,0.038461538461538464,9.140339711839223,77.0
pp_quantile_calibrated,HOUSEHOLD_1_167_WI_1,459.8456466161178,404.3048822497011,55.540764366416674,0.0,0.8071501237277199,0.9230769230769231,0.07692307692307693,5.183395926278219,32.0
pp_quantile_calibrated,HOUSEHOLD_1_175_TX_2,747.0594449262442,538.1808620833691,208.87858284287503,0.0,0.8268005117389097,0.8846153846153846,0.11538461538461539,6.899754642094476,134.0
pp_quantile_calibrated,HOUSEHOLD_1_175_WI_3,314.7515660876101,275.3829687121153,39.368597375494815,0.0,0.8674458000825089,0.9358974358974359,0.0641025641025641,3.5305508809245554,33.0
pp_quantile_calibrated,HOUSEHOLD_1_185_WI_3,572.8073379808487,348.7768275596571,224.03051042119168,0.0,0.7264584732341981,0.8333333333333334,0.16666666666666666,4.4714977892263725,91.0
pp_quantile_calibrated,HOUSEHOLD_1_186_WI_2,2259.278359269978,1364.0665595919793,895.2117996779984,0.0,0.7597391841980682,0.717948717948718,0.28205128205128205,17.488032815281787,414.0
pp_quantile_calibrated,HOUSEHOLD_1_188_TX_2,474.46623946144445,433.66737576338755,40.798863698056884,0.0,0.9128229408161178,0.9615384615384616,0.038461538461538464,5.559838150812661,52.0
pp_quantile_calibrated,HOUSEHOLD_1_190_WI_3,514.0337274946705,441.71719683443746,72.31653066023304,0.0,0.8782549988884966,0.9230769230769231,0.07692307692307693,5.663040985056891,66.0
pp_quantile_calibrated,HOUSEHOLD_1_191_TX_3,1700.692252241129,1583.4976947688701,117.19455747225881,0.0,0.8485858430590972,0.9358974358974359,0.0641025641025641,20.301252497036796,86.0
pp_quantile_calibrated,HOUSEHOLD_1_194_CA_1,423.03746879568513,423.03746879568513,0.0,0.0,1.0,1.0,0.0,5.423557292252373,35.0
pp_quantile_calibrated,HOUSEHOLD_1_195_CA_2,398.0947903750724,368.3902086199111,29.704581755161342,0.0,0.893531965035264,0.9743589743589743,0.02564102564102564,4.722951392562963,31.0
pp_quantile_calibrated,HOUSEHOLD_1_201_TX_2,704.2956752663838,704.2956752663838,0.0,0.0,1.0,1.0,0.0,9.029431734184408,23.0
pp_quantile_calibrated,HOUSEHOLD_1_205_WI_3,591.4201260121681,563.091913877829,28.328212134339058,0.0,0.9437932298921845,0.9743589743589743,0.02564102564102564,7.219127100997808,56.0
pp_quantile_calibrated,HOUSEHOLD_1_206_CA_4,425.7441019410967,425.7441019410967,0.0,0.0,1.0,1.0,0.0,5.458257717193547,8.0
pp_quantile_calibrated,HOUSEHOLD_1_207_TX_1,340.1377959239006,307.3362223506,32.801573573300615,0.0,0.8698350255027754,0.9487179487179487,0.05128205128205128,3.940207978853846,28.0
pp_quantile_calibrated,HOUSEHOLD_1_208_WI_3,1165.6828296274523,973.3624666132564,192.32036301419586,0.0,0.8630196844628235,0.9102564102564102,0.08974358974358974,12.479005982221237,156.0
pp_quantile_calibrated,HOUSEHOLD_1_211_TX_2,360.799059692925,301.4797957482189,59.31926394470609,0.0,0.8654891974042945,0.9487179487179487,0.05128205128205128,3.865125586515627,49.0
pp_quantile_calibrated,HOUSEHOLD_1_212_WI_2,753.2119983609999,610.8111111299382,142.4008872310617,0.0,0.8385477469035582,0.8846153846153846,0.11538461538461539,7.830911681153054,98.0
pp_quantile_calibrated,HOUSEHOLD_1_216_TX_1,122.48743842813602,122.4738827582608,0.013555669875218168,0.0,0.9998326460509231,0.9871794871794872,0.01282051282051282,1.5701779840802668,9.0
pp_quantile_calibrated,HOUSEHOLD_1_217_WI_3,689.6687900569553,586.8860300449857,102.78276001196964,0.0,0.8590085596543626,0.9102564102564102,0.08974358974358974,7.524179872371611,81.0
pp_quantile_calibrated,HOUSEHOLD_1_218_CA_1,726.1378890040393,605.9982872417536,120.13960176228568,0.0,0.8196102075641357,0.8974358974358975,0.10256410256410256,7.769208810791713,74.0
pp_quantile_calibrated,HOUSEHOLD_1_219_TX_3,321.1636401747273,228.55982304474864,92.60381712997864,0.0,0.8194857365887356,0.8846153846153846,0.11538461538461539,2.9302541415993417,57.0
pp_quantile_calibrated,HOUSEHOLD_1_220_TX_3,717.225138454857,574.618313710282,142.60682474457502,0.0,0.855952702278207,0.8846153846153846,0.11538461538461539,7.366901457824128,110.0
pp_quantile_calibrated,HOUSEHOLD_1_221_CA_2,576.55862804814,404.0264643159275,172.53216373221252,0.0,0.7409426970987799,0.8589743589743589,0.14102564102564102,5.179826465588814,74.0
pp_quantile_calibrated,HOUSEHOLD_1_224_WI_2,584.1596287311755,469.419211625845,114.7404171053306,0.0,0.8038625348626828,0.8717948717948718,0.1282051282051282,6.018195020844167,65.0
pp_quantile_calibrated,HOUSEHOLD_1_225_CA_4,591.9465695757635,484.9415490258231,107.00502054994041,0.0,0.7950095391763593,0.9102564102564102,0.08974358974358974,6.217199346484912,58.0
pp_quantile_calibrated,HOUSEHOLD_1_225_TX_2,1488.8294618580553,1204.8535443087285,283.9759175493267,0.0,0.8437976251103814,0.8461538461538461,0.15384615384615385,15.446840311650366,202.0
pp_quantile_calibrated,HOUSEHOLD_1_230_TX_3,350.5372713667335,296.7566435518826,53.7806278148509,0.0,0.6680208159577105,0.9487179487179487,0.05128205128205128,3.804572353229264,18.0
pp_quantile_calibrated,HOUSEHOLD_1_238_CA_3,1051.3803914536757,715.7281554030885,335.65223605058713,0.0,0.8005631396015526,0.7948717948717948,0.20512820512820512,9.176001992347288,187.0
pp_quantile_calibrated,HOUSEHOLD_1_244_CA_3,984.4821325959551,678.7412724090078,305.7408601869473,0.0,0.7808309245971704,0.8589743589743589,0.14102564102564102,8.70181118473087,155.0
pp_quantile_calibrated,HOUSEHOLD_1_246_CA_2,3106.7398045918035,2485.521913187463,621.2178914043407,0.0,0.8627749301072807,0.8333333333333334,0.16666666666666666,31.86566555368542,503.0
pp_quantile_calibrated,HOUSEHOLD_1_248_CA_4,303.1305071899496,252.64750088349197,50.48300630645759,0.0,0.8300235477897051,0.9230769230769231,0.07692307692307693,3.239070524147333,33.0
pp_quantile_calibrated,HOUSEHOLD_1_249_WI_3,312.370129195845,274.5455327786892,37.824596417155774,0.0,0.8949316766190117,0.9358974358974359,0.0641025641025641,3.519814522803708,40.0
pp_quantile_calibrated,HOUSEHOLD_1_264_TX_3,258.63766180979906,239.45256554593354,19.185096263865496,0.0,0.9073183755368817,0.9615384615384616,0.038461538461538464,3.0699046864863275,23.0
pp_quantile_calibrated,HOUSEHOLD_1_265_CA_3,392.07981590296447,301.88755367388313,90.19226222908136,0.0,0.803502696668668,0.8974358974358975,0.10256410256410256,3.870353252229271,51.0
pp_quantile_calibrated,HOUSEHOLD_1_272_CA_3,13183.0,13183.0,0.0,0.0,1.0,1.0,0.0,169.01282051282053,186.0
pp_quantile_calibrated,HOUSEHOLD_1_298_TX_3,710.913543314837,667.9549191250692,42.95862418976786,0.0,0.8743899877492168,0.9358974358974359,0.0641025641025641,8.563524604167554,38.0
pp_quantile_calibrated,HOUSEHOLD_1_304_CA_3,4057.8751479847806,2336.473887704341,1721.4012602804394,0.0,0.7609164916277169,0.7564102564102564,0.24358974358974358,29.954793432106936,800.0
pp_quantile_calibrated,HOUSEHOLD_1_304_CA_4,863.217068125897,524.2099419215812,339.0071262043158,0.0,0.7488836102190253,0.7307692307692307,0.2692307692307692,6.720640281045912,150.0
pp_quantile_calibrated,HOUSEHOLD_1_309_TX_2,387.30540818041493,337.34718478286686,49.95822339754807,0.0,0.7224543144580664,0.9615384615384616,0.038461538461538464,4.324963907472652,20.0
pp_quantile_calibrated,HOUSEHOLD_1_314_TX_3,442.5554812437423,383.27899138956343,59.276489854178884,0.0,0.8780319138802902,0.9102564102564102,0.08974358974358974,4.913833222943121,54.0
pp_quantile_calibrated,HOUSEHOLD_1_317_CA_1,907.3034241624455,791.5993421323312,115.70408203011421,0.0,0.8714399088554287,0.8974358974358975,0.10256410256410256,10.148709514517067,100.0
pp_quantile_calibrated,HOUSEHOLD_1_317_TX_3,659.6505251595078,624.9044826287433,34.74604253076445,0.0,0.9387195017094101,0.9743589743589743,0.02564102564102564,8.011595931137734,63.0
pp_quantile_calibrated,HOUSEHOLD_1_320_WI_3,368.5425426782457,299.38094286218404,69.16159981606162,0.0,0.7598555561942305,0.9230769230769231,0.07692307692307693,3.838217216181847,32.0
pp_quantile_calibrated,HOUSEHOLD_1_332_WI_3,79.57026860270722,39.93462062726525,39.63564797544198,0.0,0.11920782276795608,0.9487179487179487,0.05128205128205128,0.5119823157341699,5.0
pp_quantile_calibrated,HOUSEHOLD_1_333_WI_2,349.98087899019174,276.59840323335203,73.38247575683968,0.0,0.8146907177857584,0.8846153846153846,0.11538461538461539,3.5461333747865647,44.0
pp_quantile_calibrated,HOUSEHOLD_1_338_WI_1,513.5173859996366,423.53394580938783,89.98344019024876,0.0,0.8701537659592371,0.8717948717948718,0.1282051282051282,5.429922382171639,77.0
pp_quantile_calibrated,HOUSEHOLD_1_342_TX_2,603.3904871034149,443.88169298288807,159.50879412052677,0.0,0.7572164473051343,0.8333333333333334,0.16666666666666666,5.690790935678052,73.0
pp_quantile_calibrated,HOUSEHOLD_1_344_CA_1,525.8537652055944,516.4888000228207,9.364965182773771,0.0,0.9768766291783363,0.9871794871794872,0.01282051282051282,6.621651282343855,45.0
pp_quantile_calibrated,HOUSEHOLD_1_344_TX_1,2294.2166326967367,1936.181169234593,358.03546346214387,0.0,0.8609030833480404,0.8589743589743589,0.14102564102564102,24.822835503007603,286.0
pp_quantile_calibrated,HOUSEHOLD_1_349_TX_2,755.1557442908472,675.1709171663659,79.98482712448134,0.0,0.8966604300717295,0.9102564102564102,0.08974358974358974,8.656037399568794,86.0
pp_quantile_calibrated,HOUSEHOLD_1_361_WI_3,1169.780906580747,1018.2393258727502,151.54158070799656,0.0,0.9032301528045998,0.9102564102564102,0.08974358974358974,13.054350331701926,174.0
pp_quantile_calibrated,HOUSEHOLD_1_368_TX_3,356.5540254446567,356.5540254446567,0.0,0.0,1.0,1.0,0.0,4.571205454418676,4.0
pp_quantile_calibrated,HOUSEHOLD_1_369_CA_1,1135.9152271914636,681.1221793799893,454.79304781147437,0.0,0.7161092086070696,0.7692307692307693,0.23076923076923078,8.732335633076787,178.0
pp_quantile_calibrated,HOUSEHOLD_1_371_CA_1,726.693357620916,613.7894736769673,112.90388394394867,0.0,0.8918545172950683,0.8717948717948718,0.1282051282051282,7.869095816371376,116.0
pp_quantile_calibrated,HOUSEHOLD_1_377_TX_1,212.13911347459887,182.36177049537156,29.77734297922731,0.0,0.8053768432730242,0.9615384615384616,0.038461538461538464,2.3379714166073278,17.0
pp_quantile_calibrated,HOUSEHOLD_1_380_CA_1,516.7881318958607,386.3276940627422,130.46043783311856,0.0,0.7836476984525397,0.8717948717948718,0.1282051282051282,4.952919154650541,67.0
pp_quantile_calibrated,HOUSEHOLD_1_384_CA_2,365.0956727840186,314.4261962396556,50.66947654436295,0.0,0.9133855101805761,0.9102564102564102,0.08974358974358974,4.0311050799955845,65.0
pp_quantile_calibrated,HOUSEHOLD_1_385_CA_3,2613.483569289941,2130.807239053524,482.6763302364172,0.0,0.8493519568550508,0.8717948717948718,0.1282051282051282,27.31804152632723,356.0
pp_quantile_calibrated,HOUSEHOLD_1_386_CA_2,791.8661140955387,304.7563819637717,487.1097321317671,0.0,0.5635217454016425,0.6923076923076923,0.3076923076923077,3.9071331020996367,124.0
pp_quantile_calibrated,HOUSEHOLD_1_389_CA_1,2919.728704867227,2565.25568755707,354.4730173101573,0.0,0.8802860461634051,0.9102564102564102,0.08974358974358974,32.887893430218845,329.0
pp_quantile_calibrated,HOUSEHOLD_1_390_WI_2,1223.9439361520058,896.449931469731,327.4940046822747,0.0,0.7781205930336893,0.7564102564102564,0.24358974358974358,11.492947839355526,164.0
pp_quantile_calibrated,HOUSEHOLD_1_394_CA_3,721.1996558840096,560.1062938881144,161.09336199589532,0.0,0.789420441835431,0.8461538461538461,0.15384615384615385,7.1808499216424915,85.0
pp_quantile_calibrated,HOUSEHOLD_1_395_CA_3,606.9850783698167,498.6002333613903,108.38484500842648,0.0,0.8254672383117126,0.8974358974358975,0.10256410256410256,6.392310684120388,69.0
pp_quantile_calibrated,HOUSEHOLD_1_396_TX_1,703.9594223811058,528.5125077538216,175.44691462728417,0.0,0.8211550309609744,0.8589743589743589,0.14102564102564102,6.775801381459252,109.0
pp_quantile_calibrated,HOUSEHOLD_1_397_WI_1,1083.0806043748144,629.450563778509,453.6300405963052,0.0,0.7069573381160819,0.717948717948718,0.28205128205128205,8.069879022801398,172.0
pp_quantile_calibrated,HOUSEHOLD_1_398_CA_4,270.35709921841163,210.0082223225333,60.348876895878334,0.0,0.7764856411263765,0.9230769230769231,0.07692307692307693,2.692413106699145,30.0
pp_quantile_calibrated,HOUSEHOLD_1_399_TX_3,3308.2083680520427,1850.1611424557832,1458.0472255962593,0.0,0.7370044686875434,0.7435897435897436,0.2564102564102564,23.720014646869014,616.0
pp_quantile_calibrated,HOUSEHOLD_1_401_CA_2,266.9276833034802,231.30822267319363,35.61946063028654,0.0,0.8201037341904719,0.9487179487179487,0.05128205128205128,2.965490034271713,22.0
pp_quantile_calibrated,HOUSEHOLD_1_402_TX_2,278.08805956536696,244.37823930319198,33.709820262175,0.0,0.8612764598264404,0.9615384615384616,0.038461538461538464,3.133054350040923,27.0
pp_quantile_calibrated,HOUSEHOLD_1_404_TX_2,566.9286948072138,497.5068553741839,69.42183943302993,0.0,0.8714410380869816,0.8974358974358975,0.10256410256410256,6.378293017617742,60.0
pp_quantile_calibrated,HOUSEHOLD_1_407_CA_4,388.7056440112315,279.99134339490513,108.71430061632641,0.0,0.6339585837834127,0.8974358974358975,0.10256410256410256,3.5896326076269887,33.0
pp_quantile_calibrated,HOUSEHOLD_1_411_WI_3,1033.4726715653583,961.785907185964,71.68676437939436,0.0,0.9282414770977033,0.9487179487179487,0.05128205128205128,12.330588553666205,111.0
pp_quantile_calibrated,HOUSEHOLD_1_415_CA_3,466.23121771297366,337.5469436146258,128.68427409834788,0.0,0.7693830213291257,0.8589743589743589,0.14102564102564102,4.327524918136228,62.0
pp_quantile_calibrated,HOUSEHOLD_1_419_WI_2,332.43740879442487,304.6726165732593,27.764792221165592,0.0,0.7943348724358104,0.9615384615384616,0.038461538461538464,3.9060591868366576,15.0
pp_quantile_calibrated,HOUSEHOLD_1_421_WI_3,521.7136288466903,439.6795968552603,82.03403199143006,0.0,0.8639568292016085,0.9102564102564102,0.08974358974358974,5.636917908400773,67.0
pp_quantile_calibrated,HOUSEHOLD_1_423_CA_4,230.0468375812404,218.63377793440927,11.413059646831126,0.0,0.9024524816510161,0.9743589743589743,0.02564102564102564,2.802997153005247,13.0
pp_quantile_calibrated,HOUSEHOLD_1_425_CA_4,646.0993532024311,442.2005876980454,203.89876550438564,0.0,0.7237144098856564,0.8205128205128205,0.1794871794871795,5.669238303821095,82.0
pp_quantile_calibrated,HOUSEHOLD_1_431_TX_2,1540.843290047774,1050.1471684387377,490.69612160903625,0.0,0.7287473070154581,0.782051282051282,0.21794871794871795,13.463425236394073,201.0
pp_quantile_calibrated,HOUSEHOLD_1_433_WI_1,209.41381270682328,204.68259962124765,4.731213085575643,0.0,0.9649539771438841,0.9871794871794872,0.01282051282051282,2.624135892580098,15.0
pp_quantile_calibrated,HOUSEHOLD_1_437_WI_1,1239.1516678952044,778.7987993668384,460.3528685283661,0.0,0.7736711560824158,0.782051282051282,0.21794871794871795,9.984599991882543,226.0
pp_quantile_calibrated,HOUSEHOLD_1_439_WI_3,1721.9804002122733,1676.9804002122733,45.0,0.0,0.9489795918367347,0.9743589743589743,0.02564102564102564,21.49974872067017,98.0
pp_quantile_calibrated,HOUSEHOLD_1_442_CA_4,357.81677185186356,252.91589778272882,104.90087406913473,0.0,0.7955148653623104,0.8717948717948718,0.1282051282051282,3.242511510034985,57.0
pp_quantile_calibrated,HOUSEHOLD_1_445_TX_3,1124.3651164866624,594.9392544635505,529.425862023112,0.0,0.6785513891784384,0.717948717948718,0.28205128205128205,7.627426339276288,183.0
pp_quantile_calibrated,HOUSEHOLD_1_448_CA_4,946.585454612677,759.3153681199947,187.27008649268237,0.0,0.8348588302533666,0.8846153846153846,0.11538461538461539,9.734812411794804,126.0
pp_quantile_calibrated,HOUSEHOLD_1_450_TX_2,730.8908317610735,551.6189836424413,179.27184811863225,0.0,0.7271356954054304,0.8205128205128205,0.1794871794871795,7.072038251826171,73.0
pp_quantile_calibrated,HOUSEHOLD_1_458_CA_2,1113.9216440640914,706.8973726367315,407.02427142735996,0.0,0.711943190780354,0.7564102564102564,0.24358974358974358,9.062786828676044,157.0
pp_quantile_calibrated,HOUSEHOLD_1_459_WI_2,14664.708098426949,9591.690790131976,5073.017308294973,0.0,0.7608533772547507,0.717948717948718,0.28205128205128205,122.97039474528174,2357.0
pp_quantile_calibrated,HOUSEHOLD_1_462_WI_1,2187.829658115644,1986.86914130598,200.96051680966428,0.0,0.7309765504556033,0.9487179487179487,0.05128205128205128,25.472681298794615,83.0
pp_quantile_calibrated,HOUSEHOLD_1_467_CA_1,471.3237003033213,381.98819196385557,89.33550833946572,0.0,0.8288591794263108,0.9102564102564102,0.08974358974358974,4.897284512357123,58.0
pp_quantile_calibrated,HOUSEHOLD_1_473_WI_2,3836.689154740341,2654.6477125602573,1182.0414421800838,0.0,0.7766361598299162,0.7564102564102564,0.24358974358974358,34.03394503282381,588.0
pp_quantile_calibrated,HOUSEHOLD_1_474_TX_2,6641.772572517715,3816.963154979158,2824.8094175385568,0.0,0.6508701745719248,0.7564102564102564,0.24358974358974358,48.93542506383536,899.0
pp_quantile_calibrated,HOUSEHOLD_1_481_CA_1,1098.4201670059326,804.3956666006001,294.02450040533256,0.0,0.7615373070516361,0.8076923076923077,0.19230769230769232,10.312764956417949,137.0
pp_quantile_calibrated,HOUSEHOLD_1_482_WI_1,560.0900614035036,412.58578091852814,147.50428048497537,0.0,0.7439161797135844,0.8461538461538461,0.15384615384615385,5.289561293827284,64.0
pp_quantile_calibrated,HOUSEHOLD_1_491_TX_1,586.8480249467524,443.82495079092354,143.02307415582885,0.0,0.7696890915365076,0.8846153846153846,0.11538461538461539,5.690063471678507,69.0
pp_quantile_calibrated,HOUSEHOLD_1_491_WI_3,401.52832038954796,350.9329087076357,50.59541168191224,0.0,0.8875657518179727,0.9358974358974359,0.0641025641025641,4.499139855226098,50.0
pp_quantile_calibrated,HOUSEHOLD_1_492_WI_2,414.6870588116951,370.5401176334494,44.146941178245676,0.0,0.6226757164252507,0.9487179487179487,0.05128205128205128,4.750514328633967,13.0
pp_quantile_calibrated,HOUSEHOLD_1_494_CA_2,1485.4304863926743,1051.9490010358184,433.48148535685596,0.0,0.7800702763283328,0.782051282051282,0.21794871794871795,13.486525654305364,219.0
pp_quantile_calibrated,HOUSEHOLD_1_494_TX_1,1684.630427689887,1207.9235268282039,476.70690086168315,0.0,0.8147991838144198,0.7948717948717948,0.20512820512820512,15.48619906190005,286.0
pp_quantile_calibrated,HOUSEHOLD_1_500_TX_3,108.48916310814579,94.64683792427384,13.842325183871944,0.0,0.7436606447431121,0.9743589743589743,0.02564102564102564,1.2134209990291518,6.0
pp_quantile_calibrated,HOUSEHOLD_1_501_TX_3,218.2859323695291,215.5166200801054,2.7693122894236755,0.0,0.9560426620726401,0.9871794871794872,0.01282051282051282,2.7630335907705823,7.0
pp_quantile_calibrated,HOUSEHOLD_1_503_WI_1,631.2355590856916,483.08986096154854,148.14569812414305,0.0,0.8191139217043429,0.8846153846153846,0.11538461538461539,6.193459755917289,91.0
pp_quantile_calibrated,HOUSEHOLD_1_504_CA_3,453.14677626436946,427.4062015596909,25.74057470467856,0.0,0.9106230044976439,0.9743589743589743,0.02564102564102564,5.479566686662704,32.0
pp_quantile_calibrated,HOUSEHOLD_1_504_WI_3,497.3918448527194,486.53823478693266,10.853610065786725,0.0,0.8277204751462425,0.9871794871794872,0.01282051282051282,6.237669676755547,7.0
pp_quantile_calibrated,HOUSEHOLD_1_507_WI_3,1001.0,1001.0,0.0,0.0,1.0,1.0,0.0,12.833333333333334,11.0
pp_quantile_calibrated,HOUSEHOLD_1_510_CA_4,854.0485220077867,586.0152162921479,268.03330571563885,0.0,0.7538720792326548,0.8461538461538461,0.15384615384615385,7.513015593489076,121.0
pp_quantile_calibrated,HOUSEHOLD_1_510_TX_1,634.4984345051463,571.4523374039528,63.04609710119347,0.0,0.9101907448700948,0.9743589743589743,0.02564102564102564,7.326312017999395,78.0
pp_quantile_calibrated,HOUSEHOLD_1_520_CA_1,554.89692183155,459.32884940648296,95.56807242506702,0.0,0.8103808086804225,0.8974358974358975,0.10256410256410256,5.8888314026472175,56.0
pp_quantile_calibrated,HOUSEHOLD_1_521_CA_2,3614.042019440405,2256.369177299398,1357.6728421410073,0.0,0.637373706693107,0.7692307692307693,0.23076923076923078,28.9278099653769,416.0
pp_quantile_calibrated,HOUSEHOLD_1_521_TX_3,8033.246806090894,7219.607943807462,813.638862283432,0.0,0.8938916455029431,0.8333333333333334,0.16666666666666666,92.55907620265977,852.0
pp_quantile_calibrated,HOUSEHOLD_1_527_WI_2,785.6426144902696,528.1072627454913,257.53535174477827,0.0,0.5528900143319821,0.8076923076923077,0.19230769230769232,6.770605932634504,64.0
pp_quantile_calibrated,HOUSEHOLD_1_529_CA_2,763.0680879750676,439.9654803932653,323.1026075818022,0.0,0.6221022133546174,0.8076923076923077,0.19230769230769232,5.64058308196494,95.0
pp_quantile_calibrated,HOUSEHOLD_1_531_TX_1,349.9266432293372,294.283162442191,55.64348078714621,0.0,0.8895962682794717,0.9230769230769231,0.07692307692307693,3.7728610569511667,56.0
pp_quantile_calibrated,HOUSEHOLD_1_533_WI_1,391.2326729336431,349.9455943114094,41.28707862223363,0.0,0.8823729953782519,0.9230769230769231,0.07692307692307693,4.486481978351403,39.0
pp_quantile_calibrated,HOUSEHOLD_1_534_CA_2,809.0042530635972,784.3588204978157,24.645432565781466,0.0,0.9585093727848797,0.9743589743589743,0.02564102564102564,10.05588231407456,66.0
pp_quantile_calibrated,HOUSEHOLD_1_534_CA_4,380.36223047328883,297.2426615338381,83.11956893945077,0.0,0.7947664964458006,0.8846153846153846,0.11538461538461539,3.810803352997924,45.0
pp_quantile_calibrated,HOUSEHOLD_1_534_TX_1,496.75665334089956,398.54587523388017,98.21077810701937,0.0,0.7050727384173593,0.9102564102564102,0.08974358974358974,5.109562502998464,37.0
pp_quantile_calibrated,HOUSEHOLD_1_537_CA_3,2137.080256833626,2127.306437570361,9.77381926326516,0.0,0.9941926207586065,0.9743589743589743,0.02564102564102564,27.27315945603027,187.0
pp_quantile_calibrated,HOUSEHOLD_1_537_TX_1,790.859411519417,690.1637912347575,100.6956202846595,0.0,0.8954354929546631,0.9230769230769231,0.07692307692307693,8.848253733778941,107.0
pp_quantile_calibrated,HOUSEHOLD_1_541_CA_2,1059.7632993903408,882.550311695265,177.21298769507564,0.0,0.8974461876764609,0.8974358974358975,0.10256410256410256,11.31474758583673,192.0
pp_quantile_calibrated,HOUSEHOLD_2_001_WI_2,167.88628240324726,155.43467201761712,12.451610385630158,0.0,0.8462764149922203,0.9743589743589743,0.02564102564102564,1.9927522053540656,9.0
pp_quantile_calibrated,HOUSEHOLD_2_004_CA_4,203.19537111166102,200.7747971125551,2.4205739991059327,0.0,0.9551745555721123,0.9871794871794872,0.01282051282051282,2.5740358604173728,6.0
pp_quantile_calibrated,HOUSEHOLD_2_008_WI_2,392.9098387563935,392.9098387563935,0.0,0.0,1.0,1.0,0.0,5.037305625081968,0.0
pp_quantile_calibrated,HOUSEHOLD_2_009_CA_1,342.97312629607086,255.2283528840167,87.74477341205417,0.0,0.7500148905639481,0.8717948717948718,0.1282051282051282,3.2721583703079062,39.0
pp_quantile_calibrated,HOUSEHOLD_2_010_CA_3,276.10030030295127,248.48565185742567,27.614648445525614,0.0,0.8605320785579514,0.9743589743589743,0.02564102564102564,3.185713485351611,22.0
pp_quantile_calibrated,HOUSEHOLD_2_013_WI_3,131.8123575875799,117.48219920290727,14.33015838467264,0.0,0.8407760179480818,0.9743589743589743,0.02564102564102564,1.5061820410629136,10.0
pp_quantile_calibrated,HOUSEHOLD_2_015_CA_1,486.0236661771524,434.94092168248983,51.08274449466258,0.0,0.8864827900118609,0.9487179487179487,0.05128205128205128,5.576165662596024,50.0
pp_quantile_calibrated,HOUSEHOLD_2_017_CA_1,311.5238342526775,297.2614017535672,14.26243249911025,0.0,0.9453546647543668,0.9743589743589743,0.02564102564102564,3.8110436122252205,29.0
pp_quantile_calibrated,HOUSEHOLD_2_021_CA_2,454.807685507998,447.40848933361485,7.399196174383129,0.0,0.9734795836043616,0.9871794871794872,0.01282051282051282,5.736006273507883,31.0
pp_quantile_calibrated,HOUSEHOLD_2_029_WI_2,478.72399961319957,395.62239870025394,83.10160091294564,0.0,0.8035423146266061,0.9230769230769231,0.07692307692307693,5.07208203461864,47.0
pp_quantile_calibrated,HOUSEHOLD_2_032_WI_2,229.59615104752896,229.59615104752896,0.0,0.0,1.0,1.0,0.0,2.943540398045243,7.0
pp_quantile_calibrated,HOUSEHOLD_2_034_CA_2,181.02093336948556,135.03078715737087,45.990146212114695,0.0,0.7161102085671932,0.9615384615384616,0.038461538461538464,1.7311639379150112,18.0
pp_quantile_calibrated,HOUSEHOLD_2_034_CA_3,259.2958677838565,216.5296950447614,42.76617273909511,0.0,0.6605859306421024,0.9358974358974359,0.0641025641025641,2.776021731343095,14.0
pp_quantile_calibrated,HOUSEHOLD_2_038_TX_1,182.8197258225221,167.58503677028432,15.234689052237757,0.0,0.8461142519975984,0.9743589743589743,0.02564102564102564,2.1485261124395425,11.0
pp_quantile_calibrated,HOUSEHOLD_2_042_WI_2,260.5814599613722,260.5814599613722,0.0,0.0,1.0,1.0,0.0,3.340787948222721,2.0
pp_quantile_calibrated,HOUSEHOLD_2_043_TX_2,146.15270874692112,96.41076744968285,49.74194129723828,0.0,0.6748892725670701,0.9102564102564102,0.08974358974358974,1.236035480124139,17.0
pp_quantile_calibrated,HOUSEHOLD_2_045_CA_4,234.91106522084948,175.24207484171714,59.66899037913233,0.0,0.6510585357945478,0.9230769230769231,0.07692307692307693,2.246693267201502,19.0
pp_quantile_calibrated,HOUSEHOLD_2_047_TX_2,681.1218025817624,601.0995506001982,80.02225198156421,0.0,0.7777159667178772,0.8846153846153846,0.11538461538461539,7.706404494874336,40.0
pp_quantile_calibrated,HOUSEHOLD_2_057_WI_3,211.0998509598944,181.99385382908622,29.10599713080819,0.0,0.7305000265665909,0.9487179487179487,0.05128205128205128,2.3332545362703363,12.0
pp_quantile_calibrated,HOUSEHOLD_2_058_TX_2,454.86913566461976,368.6316069921312,86.23752867248858,0.0,0.7822284629482611,0.8974358974358975,0.10256410256410256,4.726046243488861,44.0
pp_quantile_calibrated,HOUSEHOLD_2_063_TX_2,183.49102853520537,176.83528249239458,6.65574604281079,0.0,0.938372721825826,0.9743589743589743,0.02564102564102564,2.267119006312751,12.0
pp_quantile_calibrated,HOUSEHOLD_2_067_CA_2,794.932930087276,597.9811277586911,196.95180232858485,0.0,0.7973746889623613,0.8333333333333334,0.16666666666666666,7.6664247148550135,108.0
pp_quantile_calibrated,HOUSEHOLD_2_073_WI_3,144.93569288557066,135.57485391304422,9.360838972526432,0.0,0.6533022602767988,0.9871794871794872,0.01282051282051282,1.7381391527313361,3.0
pp_quantile_calibrated,HOUSEHOLD_2_075_CA_4,437.8316881051287,366.39278796110835,71.43890014402038,0.0,0.7911143270642679,0.9102564102564102,0.08974358974358974,4.6973434353988255,38.0
pp_quantile_calibrated,HOUSEHOLD_2_075_WI_3,458.37391582343577,430.8032913049121,27.570624518523704,0.0,0.9172053317762052,0.9615384615384616,0.038461538461538464,5.523119119293745,37.0
pp_quantile_calibrated,HOUSEHOLD_2_077_CA_3,195.61245047177852,173.94302767822248,21.66942279355603,0.0,0.7324762618079502,0.9615384615384616,0.038461538461538464,2.230038816387468,9.0
pp_quantile_calibrated,HOUSEHOLD_2_079_TX_1,201.65412390590407,178.54258899902672,23.11153490687736,0.0,0.8165751197866876,0.9615384615384616,0.038461538461538464,2.2890075512695733,14.0
pp_quantile_calibrated,HOUSEHOLD_2_087_CA_3,208.77257063504058,208.77257063504058,0.0,0.0,1.0,1.0,0.0,2.6765714183979563,7.0
pp_quantile_calibrated,HOUSEHOLD_2_089_TX_2,494.2600265103123,385.36169732855205,108.8983291817602,0.0,0.7877225552012471,0.8974358974358975,0.10256410256410256,4.9405345811352825,57.0
pp_quantile_calibrated,HOUSEHOLD_2_095_CA_2,430.583658462769,357.64515767423904,72.93850078852998,0.0,0.7973930533651945,0.9487179487179487,0.05128205128205128,4.585194329156911,40.0
pp_quantile_calibrated,HOUSEHOLD_2_095_TX_3,273.0845718482297,256.5992367553689,16.48533509286079,0.0,0.9267318440317298,0.9871794871794872,0.01282051282051282,3.2897338045560116,25.0
pp_quantile_calibrated,HOUSEHOLD_2_110_CA_1,1093.7804810369246,762.3282070012679,331.4522740356567,0.0,0.7794728715664293,0.8333333333333334,0.16666666666666666,9.773438551298305,167.0
pp_quantile_calibrated,HOUSEHOLD_2_120_TX_2,404.12022756997254,342.2617159886181,61.858511581354456,0.0,0.8036237727576049,0.9230769230769231,0.07692307692307693,4.387970717802796,35.0
pp_quantile_calibrated,HOUSEHOLD_2_123_TX_1,419.701928337733,331.73381375958274,87.96811457815028,0.0,0.7672801201636236,0.9102564102564102,0.08974358974358974,4.252997612302343,42.0
pp_quantile_calibrated,HOUSEHOLD_2_129_CA_2,244.4114424257655,224.87560519223928,19.53583723352622,0.0,0.8449536727497919,0.9743589743589743,0.02564102564102564,2.883020579387683,14.0
pp_quantile_calibrated,HOUSEHOLD_2_138_CA_3,169.40505877601538,169.40505877601538,0.0,0.0,1.0,1.0,0.0,2.1718597278976333,4.0
pp_quantile_calibrated,HOUSEHOLD_2_139_TX_2,346.18285386520404,215.62527880860367,130.55757505660037,0.0,0.6913532504572095,0.8461538461538461,0.15384615384615385,2.7644266513923546,47.0
pp_quantile_calibrated,HOUSEHOLD_2_143_CA_1,292.56252868726057,250.9229325597073,41.63959612755325,0.0,0.7896990094568017,0.9487179487179487,0.05128205128205128,3.2169606738424013,22.0
pp_quantile_calibrated,HOUSEHOLD_2_146_WI_1,578.4578945789793,412.64906431881235,165.808830260167,0.0,0.5905954808390939,0.8333333333333334,0.16666666666666666,5.290372619471953,45.0
pp_quantile_calibrated,HOUSEHOLD_2_147_CA_3,171.75082637679316,171.75082637679316,0.0,0.0,1.0,1.0,0.0,2.2019336714973483,5.0
pp_quantile_calibrated,HOUSEHOLD_2_149_TX_1,157.02929227138313,157.02929227138313,0.0,0.0,1.0,1.0,0.0,2.0131960547613224,6.0
pp_quantile_calibrated,HOUSEHOLD_2_150_CA_2,329.22214366603123,253.44223799229923,75.77990567373203,0.0,0.7448488024453468,0.9230769230769231,0.07692307692307693,3.249259461439734,33.0
pp_quantile_calibrated,HOUSEHOLD_2_158_TX_3,213.8331421736208,213.8331421736208,0.0,0.0,1.0,1.0,0.0,2.741450540687446,0.0
pp_quantile_calibrated,HOUSEHOLD_2_159_CA_2,463.4102477257226,430.1745522501712,33.23569547555144,0.0,0.9197205423295859,0.9743589743589743,0.02564102564102564,5.515058362181682,46.0
pp_quantile_calibrated,HOUSEHOLD_2_160_WI_1,349.3483083706335,317.0437482717555,32.30456009887802,0.0,0.9124537666697072,0.9487179487179487,0.05128205128205128,4.064663439381481,41.0
pp_quantile_calibrated,HOUSEHOLD_2_164_CA_1,593.0,575.0,18.0,0.0,0.8333333333333334,0.9743589743589743,0.02564102564102564,7.371794871794871,12.0
pp_quantile_calibrated,HOUSEHOLD_2_176_TX_2,2134.5985018731303,1292.649365973923,841.9491358992074,0.0,0.6069331765176436,0.6538461538461539,0.34615384615384615,16.57242776889645,238.0
pp_quantile_calibrated,HOUSEHOLD_2_179_CA_1,285.9069737263564,276.48878984601356,9.418183880342845,0.0,0.9626262544430839,0.9871794871794872,0.01282051282051282,3.5447280749488916,28.0
pp_quantile_calibrated,HOUSEHOLD_2_184_WI_3,390.1119560000359,283.48685091712935,106.62510508290652,0.0,0.7424514369978104,0.9102564102564102,0.08974358974358974,3.6344468066298634,46.0
pp_quantile_calibrated,HOUSEHOLD_2_190_WI_1,562.4937038071014,517.2025732916019,45.291130515499546,0.0,0.8856284582941931,0.9487179487179487,0.05128205128205128,6.630802221687204,44.0
pp_quantile_calibrated,HOUSEHOLD_2_193_TX_1,551.7282868362324,513.964957371541,37.76332946469143,0.0,0.8092761138146898,0.9487179487179487,0.05128205128205128,6.589294325276167,22.0
pp_quantile_calibrated,HOUSEHOLD_2_203_CA_1,733.6052581325926,381.01903852667186,352.58621960592063,0.0,0.4633390873578072,0.7692307692307693,0.23076923076923078,4.8848594682906645,73.0
pp_quantile_calibrated,HOUSEHOLD_2_207_WI_3,148.7818391007873,148.7818391007873,0.0,0.0,1.0,1.0,0.0,1.9074594756511192,3.0
pp_quantile_calibrated,HOUSEHOLD_2_208_CA_3,171.31204299208264,153.35857370479445,17.95346928728818,0.0,0.7783522310211336,0.9615384615384616,0.038461538461538464,1.9661355603178776,9.0
pp_quantile_calibrated,HOUSEHOLD_2_217_TX_1,603.4746461938784,389.013194774852,214.46145141902633,0.0,0.7409885852427217,0.8461538461538461,0.15384615384615385,4.987348650959642,92.0
pp_quantile_calibrated,HOUSEHOLD_2_218_CA_1,255.0,237.0,18.0,0.0,0.6666666666666666,0.9743589743589743,0.02564102564102564,3.0384615384615383,6.0
pp_quantile_calibrated,HOUSEHOLD_2_224_TX_1,175.44334109259412,153.4532712592479,21.990069833346205,0.0,0.5927764845676629,0.9615384615384616,0.038461538461538464,1.9673496315288195,6.0
pp_quantile_calibrated,HOUSEHOLD_2_226_TX_3,376.99754227870113,368.2625950866941,8.734947192007068,0.0,0.9653375111428291,0.9615384615384616,0.038461538461538464,4.721315321624283,28.0
pp_quantile_calibrated,HOUSEHOLD_2_226_WI_1,368.474091877068,246.58554526116163,121.88854661590638,0.0,0.6527391834304661,0.8717948717948718,0.1282051282051282,3.161353144373867,39.0
pp_quantile_calibrated,HOUSEHOLD_2_234_WI_3,285.4027439279638,275.43111800221266,9.971625925751123,0.0,0.8768935070894923,0.9743589743589743,0.02564102564102564,3.531168179515547,9.0
pp_quantile_calibrated,HOUSEHOLD_2_237_CA_2,203.32032544597917,195.05081971183074,8.269505734148439,0.0,0.9234305024615885,0.9871794871794872,0.01282051282051282,2.500651534767061,12.0
pp_quantile_calibrated,HOUSEHOLD_2_238_CA_1,344.332005858022,284.51578812506875,59.81621773295324,0.0,0.7784584528409139,0.8846153846153846,0.11538461538461539,3.647638309295753,30.0
pp_quantile_calibrated,HOUSEHOLD_2_241_CA_2,271.31327519202534,242.72526508820874,28.588010103816586,0.0,0.8235308018282927,0.9615384615384616,0.038461538461538464,3.1118623729257533,18.0
pp_quantile_calibrated,HOUSEHOLD_2_249_WI_1,512.0,512.0,0.0,0.0,1.0,1.0,0.0,6.564102564102564,7.0
pp_quantile_calibrated,HOUSEHOLD_2_257_TX_1,278.0066507364504,221.63862517089223,56.368025565558185,0.0,0.8307266499532787,0.9102564102564102,0.08974358974358974,2.841520835524259,37.0
pp_quantile_calibrated,HOUSEHOLD_2_259_CA_2,592.1387726827609,468.8349871980894,123.30378548467152,0.0,0.755349631974858,0.8846153846153846,0.11538461538461539,6.0107049640780685,56.0
pp_quantile_calibrated,HOUSEHOLD_2_259_TX_3,165.30396520116818,155.43815574141752,9.865809459750672,0.0,0.9086499124097159,0.9743589743589743,0.02564102564102564,1.9927968684797117,12.0
pp_quantile_calibrated,HOUSEHOLD_2_260_WI_1,209.62079725205658,196.59619537639634,13.024601875660231,0.0,0.9095513758634707,0.9743589743589743,0.02564102564102564,2.5204640432871326,16.0
pp_quantile_calibrated,HOUSEHOLD_2_263_TX_2,373.475706714926,302.86426197353524,70.61144474139078,0.0,0.6433765417101476,0.9230769230769231,0.07692307692307693,3.882875153506862,22.0
pp_quantile_calibrated,HOUSEHOLD_2_263_TX_3,315.3544039323555,315.3544039323555,0.0,0.0,1.0,1.0,0.0,4.043005178619943,6.0
pp_quantile_calibrated,HOUSEHOLD_2_264_WI_3,228.96359540064387,192.4416726681445,36.52192273249938,0.0,0.8806473113317014,0.9230769230769231,0.07692307692307693,2.467200931642878,34.0
pp_quantile_calibrated,HOUSEHOLD_2_265_WI_1,330.9576361805768,264.4900459927124,66.46759018786442,0.0,0.7159504692826306,0.9487179487179487,0.05128205128205128,3.3908980255475947,26.0
pp_quantile_calibrated,HOUSEHOLD_2_275_CA_2,458.3643328223227,377.5591903272506,80.80514249507209,0.0,0.812951059039185,0.9102564102564102,0.08974358974358974,4.840502440092956,48.0
pp_quantile_calibrated,HOUSEHOLD_2_280_TX_2,298.02645549287627,271.43281328193035,26.593642210945916,0.0,0.9015050288483484,0.9487179487179487,0.05128205128205128,3.4799078625888504,30.0
pp_quantile_calibrated,HOUSEHOLD_2_280_WI_3,187.11199777780243,176.63948728768221,10.472510490120218,0.0,0.9272742327074985,0.9871794871794872,0.01282051282051282,2.2646088113805414,16.0
pp_quantile_calibrated,HOUSEHOLD_2_288_TX_3,244.13219387637528,244.13219387637528,0.0,0.0,1.0,1.0,0.0,3.1298999214919907,13.0
pp_quantile_calibrated,HOUSEHOLD_2_294_CA_1,1265.571572048143,1183.191302019543,82.38027002860005,0.0,0.9182735416382936,0.9487179487179487,0.05128205128205128,15.169119256660807,112.0
pp_quantile_calibrated,HOUSEHOLD_2_294_WI_3,705.945303518069,493.26750682432237,212.6777966937466,0.0,0.7811956824138409,0.7948717948717948,0.20512820512820512,6.32394239518362,108.0
pp_quantile_calibrated,HOUSEHOLD_2_307_TX_1,140.52586011791325,140.52586011791325,0.0,0.0,1.0,1.0,0.0,1.8016135912552982,3.0
pp_quantile_calibrated,HOUSEHOLD_2_308_WI_3,249.38994463448535,175.15967977733513,74.23026485715022,0.0,0.5148348702147045,0.9102564102564102,0.08974358974358974,2.2456369202222453,17.0
pp_quantile_calibrated,HOUSEHOLD_2_311_TX_2,435.52108486251973,345.22466628662653,90.29641857589317,0.0,0.7427452462225265,0.9102564102564102,0.08974358974358974,4.425957260084956,39.0
pp_quantile_calibrated,HOUSEHOLD_2_314_TX_1,322.4343468441852,271.3602084295779,51.074138414607305,0.0,0.7162547865855149,0.9487179487179487,0.05128205128205128,3.4789770311484345,20.0
pp_quantile_calibrated,HOUSEHOLD_2_316_CA_4,138.63086324002364,108.1966188802443,30.434244359779353,0.0,0.812134294075436,0.9615384615384616,0.038461538461538464,1.3871361394903114,18.0
pp_quantile_calibrated,HOUSEHOLD_2_326_TX_2,187.53145407527464,165.22620816448165,22.30524591079298,0.0,0.8347759562163481,0.9487179487179487,0.05128205128205128,2.118284720057457,15.0
pp_quantile_calibrated,HOUSEHOLD_2_330_CA_2,296.20118108985645,275.83156229846276,20.36961879139368,0.0,0.858544313948655,0.9743589743589743,0.02564102564102564,3.5363020807495227,16.0
pp_quantile_calibrated,HOUSEHOLD_2_333_WI_2,353.4426962017501,353.4426962017501,0.0,0.0,1.0,1.0,0.0,4.5313166179711555,17.0
pp_quantile_calibrated,HOUSEHOLD_2_337_CA_2,191.6531597100617,156.38309669814043,35.27006301192125,0.0,0.8492732349917895,0.9487179487179487,0.05128205128205128,2.0049114961300054,26.0
pp_quantile_calibrated,HOUSEHOLD_2_338_WI_3,438.8437234859151,413.352947529635,25.49077595628009,0.0,0.7425174145830294,0.9743589743589743,0.02564102564102564,5.299396763200448,11.0
pp_quantile_calibrated,HOUSEHOLD_2_342_CA_1,431.9907010348466,339.2247032527708,92.76599778207583,0.0,0.7759275415891888,0.8589743589743589,0.14102564102564102,4.349034657086805,46.0
pp_quantile_calibrated,HOUSEHOLD_2_345_CA_1,385.16176058567805,326.5559568229421,58.60580376273595,0.0,0.8372061006590668,0.9230769230769231,0.07692307692307693,4.18661483106336,40.0
pp_quantile_calibrated,HOUSEHOLD_2_346_TX_3,491.0281382747303,347.0334909796177,143.99464729511257,0.0,0.8139604040114825,0.8846153846153846,0.11538461538461539,4.449147320251509,86.0
pp_quantile_calibrated,HOUSEHOLD_2_348_TX_1,564.731687787674,416.61495328063853,148.1167345070354,0.0,0.7579791919819683,0.8461538461538461,0.15384615384615385,5.341217349751776,68.0
pp_quantile_calibrated,HOUSEHOLD_2_354_TX_1,289.66577859903134,244.0574711770467,45.60830742198465,0.0,0.7696550130202795,0.9230769230769231,0.07692307692307693,3.1289419381672654,22.0
pp_quantile_calibrated,HOUSEHOLD_2_354_TX_2,759.4437185904189,592.0954334387343,167.34828515168465,0.0,0.6281149218851452,0.8846153846153846,0.11538461538461539,7.590967095368389,50.0
pp_quantile_calibrated,HOUSEHOLD_2_355_CA_3,327.21297728688586,306.60702570700767,20.605951579878198,0.0,0.9210499939468269,0.9615384615384616,0.038461538461538464,3.930859303935996,29.0
pp_quantile_calibrated,HOUSEHOLD_2_355_TX_2,242.7796484705537,238.17092663728138,4.608721833272327,0.0,0.9756152283953845,0.9871794871794872,0.01282051282051282,3.0534734184266843,21.0
pp_quantile_calibrated,HOUSEHOLD_2_358_CA_4,183.61108387268186,183.61108387268186,0.0,0.0,1.0,1.0,0.0,2.3539882547779727,1.0
pp_quantile_calibrated,HOUSEHOLD_2_358_WI_2,228.34075637501314,217.34083908575388,10.999917289259256,0.0,0.9236116854912552,0.9615384615384616,0.038461538461538464,2.7864210139199215,16.0
pp_quantile_calibrated,HOUSEHOLD_2_370_TX_2,213.92607100723214,188.27975580210017,25.64631520513198,0.0,0.8761047574631304,0.9743589743589743,0.02564102564102564,2.413843023103848,23.0
pp_quantile_calibrated,HOUSEHOLD_2_373_WI_3,177.29938127712973,177.29938127712973,0.0,0.0,1.0,1.0,0.0,2.2730689907324324,10.0
pp_quantile_calibrated,HOUSEHOLD_2_382_TX_3,420.3822402924386,368.4672321443205,51.91500814811811,0.0,0.8658526921237257,0.9230769230769231,0.07692307692307693,4.723938873645134,43.0
pp_quantile_calibrated,HOUSEHOLD_2_385_WI_1,227.99318372654142,226.95987096784273,1.0333127586986803,0.0,0.9923458314170468,0.9871794871794872,0.01282051282051282,2.909741935485163,15.0
pp_quantile_calibrated,HOUSEHOLD_2_392_CA_4,165.99598523883628,132.37788063681688,33.618104602019386,0.0,0.6264655044220069,0.9487179487179487,0.05128205128205128,1.6971523158566266,10.0
pp_quantile_calibrated,HOUSEHOLD_2_396_TX_3,231.6077967756229,146.8187512258268,84.78904554979609,0.0,0.5513807113767403,0.8846153846153846,0.11538461538461539,1.8822916823823947,21.0
pp_quantile_calibrated,HOUSEHOLD_2_396_WI_2,160.56633566459448,143.16360872784702,17.40272693674747,0.0,0.677727278949121,0.9743589743589743,0.02564102564102564,1.8354308811262439,6.0
pp_quantile_calibrated,HOUSEHOLD_2_397_WI_2,206.74526575245244,199.6271784052896,7.118087347162835,0.0,0.802275351467699,0.9871794871794872,0.01282051282051282,2.5593228000678154,4.0
pp_quantile_calibrated,HOUSEHOLD_2_401_TX_3,620.4427811066973,397.30490808990356,223.13787301679372,0.0,0.6939123826930127,0.8717948717948718,0.1282051282051282,5.093652667819277,81.0
pp_quantile_calibrated,HOUSEHOLD_2_405_CA_4,237.88669994496675,226.16959987420978,11.71710007075696,0.0,0.8698099992138115,0.9743589743589743,0.02564102564102564,2.8996102547975613,10.0
pp_quantile_calibrated,HOUSEHOLD_2_412_CA_1,259.9199550493543,253.9991336837451,5.920821365609193,0.0,0.8903551598961261,0.9871794871794872,0.01282051282051282,3.256399149791604,6.0
pp_quantile_calibrated,HOUSEHOLD_2_417_TX_1,155.38599088935118,137.61758542296184,17.768405466389332,0.0,0.6051465451913483,0.9743589743589743,0.02564102564102564,1.7643280182431005,5.0
pp_quantile_calibrated,HOUSEHOLD_2_418_CA_2,293.188776573725,293.188776573725,0.0,0.0,1.0,1.0,0.0,3.7588304688939105,21.0
pp_quantile_calibrated,HOUSEHOLD_2_420_CA_3,663.3296261712375,537.3296261712375,126.0,0.0,0.6111111111111112,0.9358974358974359,0.0641025641025641,6.888841361169711,36.0
pp_quantile_calibrated,HOUSEHOLD_2_424_CA_1,268.391032735635,206.2977244520014,62.09330828363359,0.0,0.6863974329109415,0.9102564102564102,0.08974358974358974,2.6448426211795053,22.0
pp_quantile_calibrated,HOUSEHOLD_2_424_CA_4,259.02234168280404,222.87180483352319,36.15053684928086,0.0,0.5983273683413237,0.9487179487179487,0.05128205128205128,2.857330831199015,10.0
pp_quantile_calibrated,HOUSEHOLD_2_428_CA_4,112.42096298654127,112.42096298654127,0.0,0.0,1.0,1.0,0.0,1.4412943972633496,0.0
pp_quantile_calibrated,HOUSEHOLD_2_429_WI_3,162.95577471121328,158.7068099593604,4.248964751852873,0.0,0.9527892805349681,0.9743589743589743,0.02564102564102564,2.034702691786672,10.0
pp_quantile_calibrated,HOUSEHOLD_2_432_TX_3,282.989466830908,270.92263791768295,12.066828913225025,0.0,0.9503422678468106,0.9743589743589743,0.02564102564102564,3.473367152790807,27.0
pp_quantile_calibrated,HOUSEHOLD_2_436_CA_2,475.9589485350594,447.591438739375,28.367509795684406,0.0,0.9170540649248994,0.9743589743589743,0.02564102564102564,5.738351778709936,38.0
pp_quantile_calibrated,HOUSEHOLD_2_440_TX_2,1362.2258930283792,979.5126684214451,382.7132246069341,0.0,0.7146060964899821,0.8461538461538461,0.15384615384615385,12.557854723351861,149.0
pp_quantile_calibrated,HOUSEHOLD_2_445_WI_2,201.9325786995094,201.9325786995094,0.0,0.0,1.0,1.0,0.0,2.5888792140962744,2.0
pp_quantile_calibrated,HOUSEHOLD_2_446_CA_3,230.8943236770212,202.45421254752353,28.440111129497662,0.0,0.7569221270983105,0.9615384615384616,0.038461538461538464,2.5955668275323527,13.0
pp_quantile_calibrated,HOUSEHOLD_2_451_TX_1,670.7003133525054,442.325808229604,228.37450512290147,0.0,0.7536413105470319,0.8076923076923077,0.19230769230769232,5.6708436952513335,103.0
pp_quantile_calibrated,HOUSEHOLD_2_451_WI_2,675.0508857105877,501.2084058515865,173.84247985900126,0.0,0.7779789529259242,0.8333333333333334,0.16666666666666666,6.425748792969058,87.0
pp_quantile_calibrated,HOUSEHOLD_2_459_WI_3,164.59832248928961,164.59832248928961,0.0,0.0,1.0,1.0,0.0,2.1102349037088413,8.0
pp_quantile_calibrated,HOUSEHOLD_2_462_CA_4,247.3012286483794,225.06535450014624,22.235874148233165,0.0,0.7753952106239074,0.9615384615384616,0.038461538461538464,2.885453262822388,11.0
pp_quantile_calibrated,HOUSEHOLD_2_462_TX_2,189.10236164532134,159.96012790443575,29.142233740885587,0.0,0.75092107913773,0.9358974358974359,0.0641025641025641,2.050770870569689,13.0
pp_quantile_calibrated,HOUSEHOLD_2_465_CA_1,549.0693196992679,408.8370390908495,140.23228060841836,0.0,0.8229390396358354,0.8974358974358975,0.10256410256410256,5.241500501164737,88.0
pp_quantile_calibrated,HOUSEHOLD_2_468_TX_2,431.55075345829243,291.80058979234235,139.75016366595005,0.0,0.6302905723123015,0.8461538461538461,0.15384615384615385,3.7410332024659274,42.0
pp_quantile_calibrated,HOUSEHOLD_2_470_WI_2,488.2405190925656,403.36232573578275,84.87819335678286,0.0,0.785661127886912,0.8846153846153846,0.11538461538461539,5.1713118684074715,44.0
pp_quantile_calibrated,HOUSEHOLD_2_475_CA_3,354.8136454991537,353.6742055001187,1.1394399990350266,0.0,0.9936697777831387,0.9871794871794872,0.01282051282051282,4.534284685898958,20.0
pp_quantile_calibrated,HOUSEHOLD_2_476_WI_2,296.0305547480328,235.18118607747104,60.84936867056176,0.0,0.6441557387686447,0.9230769230769231,0.07692307692307693,3.0151434112496287,19.0
pp_quantile_calibrated,HOUSEHOLD_2_478_TX_2,186.60170777655264,148.6378636104576,37.96384416609506,0.0,0.6755226994350849,0.9230769230769231,0.07692307692307693,1.9056136360315077,13.0
pp_quantile_calibrated,HOUSEHOLD_2_480_TX_1,302.80655426915035,287.82814263269887,14.978411636451476,0.0,0.8890488026929521,0.9743589743589743,0.02564102564102564,3.6901043927269086,15.0
pp_quantile_calibrated,HOUSEHOLD_2_483_TX_1,724.3965499580211,507.0446911457186,217.3518588123024,0.0,0.7535693210744872,0.7948717948717948,0.20512820512820512,6.500572963406649,98.0
pp_quantile_calibrated,HOUSEHOLD_2_488_WI_3,184.9304649489973,160.40574882404027,24.52471612495703,0.0,0.8053593958336743,0.9615384615384616,0.038461538461538464,2.0564839592825677,14.0
pp_quantile_calibrated,HOUSEHOLD_2_490_WI_1,782.3193547651272,457.59881409658385,324.7205406685433,0.0,0.7159050387851764,0.782051282051282,0.21794871794871795,5.866651462776716,127.0
pp_quantile_calibrated,HOUSEHOLD_2_491_TX_3,421.46819276847043,349.70744693479844,71.76074583367202,0.0,0.7955534306732991,0.9102564102564102,0.08974358974358974,4.483428806856391,39.0
pp_quantile_calibrated,HOUSEHOLD_2_505_CA_4,193.6950446327409,188.1553773893209,5.539667243419984,0.0,0.9316090463775311,0.9871794871794872,0.01282051282051282,2.412248428068217,9.0
pp_quantile_calibrated,HOUSEHOLD_2_507_CA_1,695.7930155981915,537.9050462737902,157.88796932440133,0.0,0.7381625716013245,0.8717948717948718,0.1282051282051282,6.896218541971669,67.0
pp_quantile_calibrated,HOUSEHOLD_2_509_TX_1,287.92658107941617,271.652983565852,16.273597513564145,0.0,0.9497728471803575,0.9615384615384616,0.038461538461538464,3.482730558536564,36.0
pp_quantile_calibrated,HOUSEHOLD_2_509_WI_1,196.98680354495582,166.27012882272086,30.71667472223494,0.0,0.5733795177467369,0.9743589743589743,0.02564102564102564,2.131668318240011,8.0
pp_quantile_calibrated,HOUSEHOLD_2_509_WI_2,195.25170858665464,177.50893838942932,17.742770197225322,0.0,0.8591843635140847,0.9615384615384616,0.038461538461538464,2.275755620377299,14.0
pp_quantile_calibrated,HOUSEHOLD_2_510_CA_2,518.7482352120965,443.04852374366277,75.69971146843372,0.0,0.8524372096131896,0.9230769230769231,0.07692307692307693,5.680109278764907,57.0
