model,series_id,total_cost,holding_cost,stockout_cost,ordering_cost,fill_rate,cycle_service_level,stockout_rate,average_on_hand,total_demand
point_gbdt_safety,FOODS_1_008_CA_1,1132.4977128914054,1132.4977128914054,0.0,0.0,1.0,1.0,0.0,14.51920144732571,25.0
point_gbdt_safety,FOODS_1_010_CA_3,1031.0052944270835,1009.3454146582845,21.659879768799,0.0,0.9453033339171742,0.9615384615384616,0.038461538461538464,12.940325828952366,44.0
point_gbdt_safety,FOODS_1_010_WI_3,1269.6338216058098,1269.6338216058098,0.0,0.0,1.0,1.0,0.0,16.27735668725397,55.0
point_gbdt_safety,FOODS_1_013_WI_1,1341.7782286921654,1339.022747813783,2.755480878382393,0.0,0.9975506836636601,0.9871794871794872,0.01282051282051282,17.166958305304913,125.0
point_gbdt_safety,FOODS_1_014_WI_3,1220.8305420480785,1102.9038168230984,117.92672522498012,0.0,0.8493911555236525,0.9358974358974359,0.0641025641025641,14.139792523373057,87.0
point_gbdt_safety,FOODS_1_022_WI_3,1256.8178506861675,1256.8178506861675,0.0,0.0,1.0,1.0,0.0,16.113049367771378,1.0
point_gbdt_safety,FOODS_1_024_TX_1,1135.2528069063937,1135.2528069063937,0.0,0.0,1.0,1.0,0.0,14.554523165466586,53.0
point_gbdt_safety,FOODS_1_025_TX_1,1116.5741480946654,1116.5741480946654,0.0,0.0,1.0,1.0,0.0,14.315053180700838,44.0
point_gbdt_safety,FOODS_1_025_WI_1,1483.3603591006954,1483.3603591006954,0.0,0.0,1.0,1.0,0.0,19.017440501290967,33.0
point_gbdt_safety,FOODS_1_032_CA_2,2278.215623260835,1406.1839809427718,872.0316423180634,0.0,0.7443472171451002,0.717948717948718,0.28205128205128205,18.02799975567656,379.0
point_gbdt_safety,FOODS_1_040_TX_1,1155.0921721341697,1097.8390645172767,57.25310761689306,0.0,0.8448425267834876,0.9230769230769231,0.07692307692307693,14.074859801503548,41.0
point_gbdt_safety,FOODS_1_043_CA_3,9865.60748292915,9865.60748292915,0.0,0.0,1.0,1.0,0.0,126.48214721704039,42.0
point_gbdt_safety,FOODS_1_045_CA_3,1732.953207828664,1732.953207828664,0.0,0.0,1.0,1.0,0.0,22.217348818316207,133.0
point_gbdt_safety,FOODS_1_045_WI_2,1215.5051769160946,1160.5724664449408,54.93271047115375,0.0,0.943484865770418,0.9487179487179487,0.05128205128205128,14.879134185191548,108.0
point_gbdt_safety,FOODS_1_046_WI_3,2085.035557309347,1606.82818838452,478.20736892482705,0.0,0.8032068440638571,0.7435897435897436,0.2564102564102564,20.600361389545128,270.0
point_gbdt_safety,FOODS_1_047_TX_2,1236.7093263063396,1236.7093263063396,0.0,0.0,1.0,1.0,0.0,15.855247773158199,62.0
point_gbdt_safety,FOODS_1_054_CA_1,1329.071216261822,934.8019065672922,394.26930969452985,0.0,0.6730768576330598,0.8076923076923077,0.19230769230769232,11.984639827785799,134.0
point_gbdt_safety,FOODS_1_054_TX_3,1123.839388399136,1123.839388399136,0.0,0.0,1.0,1.0,0.0,14.40819728716841,35.0
point_gbdt_safety,FOODS_1_055_WI_2,1560.8849977736613,1376.696119516206,184.18887825745549,0.0,0.8495188903125364,0.9102564102564102,0.08974358974358974,17.64995025020777,136.0
point_gbdt_safety,FOODS_1_056_WI_1,1548.4764606741426,1548.4764606741426,0.0,0.0,1.0,1.0,0.0,19.85226231633516,1.0
point_gbdt_safety,FOODS_1_057_CA_2,1808.0104747616056,1808.0104747616056,0.0,0.0,1.0,1.0,0.0,23.179621471302635,3.0
point_gbdt_safety,FOODS_1_060_CA_4,1223.8910898787274,1223.8910898787274,0.0,0.0,1.0,1.0,0.0,15.690911408701632,39.0
point_gbdt_safety,FOODS_1_062_TX_2,1165.2967539467995,1165.2967539467995,0.0,0.0,1.0,1.0,0.0,14.939701973676916,47.0
point_gbdt_safety,FOODS_1_064_WI_3,1189.4453292352512,1189.4453292352512,0.0,0.0,1.0,1.0,0.0,15.24929909275963,18.0
point_gbdt_safety,FOODS_1_066_WI_1,1531.9415918769528,1140.276034683268,391.6655571936846,0.0,0.74096193307296,0.782051282051282,0.21794871794871795,14.61892352158036,168.0
point_gbdt_safety,FOODS_1_069_CA_3,1926.845269861149,1371.7644973837766,555.0807724773723,0.0,0.8096430821408188,0.8076923076923077,0.19230769230769232,17.586724325433035,324.0
point_gbdt_safety,FOODS_1_078_TX_2,1219.7287435565415,1219.7287435565415,0.0,0.0,1.0,1.0,0.0,15.637547994314636,43.0
point_gbdt_safety,FOODS_1_081_WI_1,1062.4424096497787,1001.4945194630767,60.94789018670195,0.0,0.8989255552459338,0.9615384615384616,0.038461538461538464,12.8396733264497,67.0
point_gbdt_safety,FOODS_1_083_WI_3,1744.598417380591,1744.598417380591,0.0,0.0,1.0,1.0,0.0,22.366646376674243,92.0
point_gbdt_safety,FOODS_1_085_CA_4,3886.3943902096853,2106.028722677896,1780.365667531789,0.0,0.7141352492723524,0.6153846153846154,0.38461538461538464,27.000368239460204,692.0
point_gbdt_safety,FOODS_1_086_CA_2,1661.6142390464463,1501.2397757112376,160.37446333520865,0.0,0.9086185394101376,0.9102564102564102,0.08974358974358974,19.246663791169713,195.0
point_gbdt_safety,FOODS_1_086_WI_2,1833.786884383588,1209.1509808887972,624.6359034947907,0.0,0.7256759317106761,0.782051282051282,0.21794871794871795,15.501935652420476,253.0
point_gbdt_safety,FOODS_1_089_CA_1,1094.4535600705044,1094.4535600705044,0.0,0.0,1.0,1.0,0.0,14.0314558983398,32.0
point_gbdt_safety,FOODS_1_091_TX_3,1427.7101049284804,1427.7101049284804,0.0,0.0,1.0,1.0,0.0,18.303975704211286,4.0
point_gbdt_safety,FOODS_1_094_WI_1,1110.7536162958152,1072.9545322767076,37.799084019107674,0.0,0.9363651784190107,0.9615384615384616,0.038461538461538464,13.755827336880866,66.0
point_gbdt_safety,FOODS_1_098_CA_2,1182.185020437335,1182.185020437335,0.0,0.0,1.0,1.0,0.0,15.156218210735064,13.0
point_gbdt_safety,FOODS_1_098_TX_1,1010.1773280636257,939.7048512228129,70.47247684081285,0.0,0.8672834711095804,0.9358974358974359,0.0641025641025641,12.047498092600165,59.0
point_gbdt_safety,FOODS_1_099_CA_2,3850.1633551777577,2174.109565509768,1676.0537896679898,0.0,0.7245144987396467,0.6794871794871795,0.32051282051282054,27.873199557817536,676.0
point_gbdt_safety,FOODS_1_099_TX_1,3106.942197612542,1901.8744364984668,1205.067761114075,0.0,0.6635768394433068,0.717948717948718,0.28205128205128205,24.38300559613419,398.0
point_gbdt_safety,FOODS_1_101_CA_1,1939.3060494904717,1939.3060494904717,0.0,0.0,1.0,1.0,0.0,24.862898070390663,0.0
point_gbdt_safety,FOODS_1_102_TX_2,1035.7461048533457,978.158876560896,57.58722829244972,0.0,0.9059032217443632,0.9102564102564102,0.08974358974358974,12.540498417447385,68.0
point_gbdt_safety,FOODS_1_106_CA_1,1251.0035972970882,1077.8172376352989,173.18635966178928,0.0,0.8234593683366062,0.8589743589743589,0.14102564102564102,13.818169713273063,109.0
point_gbdt_safety,FOODS_1_107_TX_2,1208.131540494389,1208.131540494389,0.0,0.0,1.0,1.0,0.0,15.488865903774217,28.0
point_gbdt_safety,FOODS_1_111_WI_2,1152.5728816409178,1152.5728816409178,0.0,0.0,1.0,1.0,0.0,14.776575405652792,9.0
point_gbdt_safety,FOODS_1_119_WI_1,1127.2672548058567,1055.1641315663694,72.10312323948722,0.0,0.8748209665981125,0.9230769230769231,0.07692307692307693,13.527745276491915,64.0
point_gbdt_safety,FOODS_1_122_WI_3,1133.1056883703995,950.521323753318,182.58436461708146,0.0,0.7991371126324737,0.8717948717948718,0.1282051282051282,12.18617081735023,101.0
point_gbdt_safety,FOODS_1_131_CA_1,1062.4682618752138,1062.4682618752138,0.0,0.0,1.0,1.0,0.0,13.621387972759152,58.0
point_gbdt_safety,FOODS_1_132_WI_3,980.4033537384682,922.8797420199668,57.52361171850146,0.0,0.8794054261666636,0.9230769230769231,0.07692307692307693,11.831791564358548,53.0
point_gbdt_safety,FOODS_1_134_CA_2,1035.2945346613253,1007.1670226125043,28.127512048820925,0.0,0.9519187828225283,0.9743589743589743,0.02564102564102564,12.912397725801338,65.0
point_gbdt_safety,FOODS_1_139_TX_3,1385.9100346784796,839.1083496761954,546.8016850022842,0.0,0.6733562216234862,0.7435897435897436,0.2564102564102564,10.757799354823018,186.0
point_gbdt_safety,FOODS_1_143_CA_1,1493.2485768797546,1354.792295350117,138.45628152963764,0.0,0.8759352316042673,0.9487179487179487,0.05128205128205128,17.369131991668166,124.0
point_gbdt_safety,FOODS_1_143_WI_2,1393.4302394212473,1393.4302394212473,0.0,0.0,1.0,1.0,0.0,17.86449024899035,34.0
point_gbdt_safety,FOODS_1_147_TX_2,1021.1246314386518,1021.1246314386518,0.0,0.0,1.0,1.0,0.0,13.091341428700664,35.0
point_gbdt_safety,FOODS_1_149_CA_3,1225.6353282749528,1205.1067943746714,20.528533900281424,0.0,0.982588181594333,0.9743589743589743,0.02564102564102564,15.450087107367581,131.0
point_gbdt_safety,FOODS_1_156_TX_3,1068.5506207671779,1068.5506207671779,0.0,0.0,1.0,1.0,0.0,13.699366932912536,48.0
point_gbdt_safety,FOODS_1_159_CA_4,1401.4969196953841,1401.4969196953841,0.0,0.0,1.0,1.0,0.0,17.9679092268639,14.0
point_gbdt_safety,FOODS_1_161_CA_4,3362.947735366319,2868.0330368456425,494.9146985206766,0.0,0.8231816011001513,0.8461538461538461,0.15384615384615385,36.76965431853388,311.0
point_gbdt_safety,FOODS_1_161_WI_3,3533.60271978102,2257.986865526783,1275.615854254237,0.0,0.7095592317271773,0.7051282051282052,0.2948717948717949,28.948549558035676,488.0
point_gbdt_safety,FOODS_1_168_WI_1,1047.9187903683273,1047.9187903683273,0.0,0.0,1.0,1.0,0.0,13.434856286773428,32.0
point_gbdt_safety,FOODS_1_174_TX_2,1019.5354755046399,1019.5354755046399,0.0,0.0,1.0,1.0,0.0,13.07096763467487,33.0
point_gbdt_safety,FOODS_1_175_CA_3,1360.0644900904176,1302.0422259592067,58.02226413121102,0.0,0.923250973371414,0.9358974358974359,0.0641025641025641,16.69284905075906,84.0
point_gbdt_safety,FOODS_1_183_CA_2,1294.1992710904713,1190.8450058737328,103.35426521673847,0.0,0.9173826816812641,0.8974358974358975,0.10256410256410256,15.267243665047857,139.0
point_gbdt_safety,FOODS_1_183_CA_4,1072.2833878498932,1020.7726055200319,51.5107823298614,0.0,0.9371052718805111,0.9615384615384616,0.038461538461538464,13.086828275897846,91.0
point_gbdt_safety,FOODS_1_185_WI_1,1347.5525469843253,1096.5290827153713,251.02346426895411,0.0,0.7768680317609297,0.8205128205128205,0.1794871794871795,14.05806516301758,125.0
point_gbdt_safety,FOODS_1_191_TX_1,1010.645336112955,1004.4847178177532,6.160618295201729,0.0,0.9828871714022174,0.9871794871794872,0.01282051282051282,12.878009202791707,40.0
point_gbdt_safety,FOODS_1_192_CA_4,1665.3219821575108,1665.3219821575108,0.0,0.0,1.0,1.0,0.0,21.35028182253219,3.0
point_gbdt_safety,FOODS_1_203_WI_1,1119.5030305901068,1119.5030305901068,0.0,0.0,1.0,1.0,0.0,14.352602956283421,54.0
point_gbdt_safety,FOODS_1_207_CA_4,1056.1147297669095,906.0697338750425,150.04499589186685,0.0,0.8349339979187382,0.8846153846153846,0.11538461538461539,11.616278639423623,101.0
point_gbdt_safety,FOODS_1_208_WI_3,1062.4047255558762,969.2302915015953,93.17443405428082,0.0,0.8752684952419265,0.8974358974358975,0.10256410256410256,12.42602937822558,83.0
point_gbdt_safety,FOODS_1_209_CA_4,1558.3234166579923,1558.3234166579923,0.0,0.0,1.0,1.0,0.0,19.978505341769132,1.0
point_gbdt_safety,FOODS_1_214_TX_3,1266.3975062574048,1266.3975062574048,0.0,0.0,1.0,1.0,0.0,16.235865464838522,19.0
point_gbdt_safety,FOODS_1_215_CA_1,1395.6958507042877,1144.307790079622,251.38806062466583,0.0,0.7437430574672111,0.8974358974358975,0.10256410256410256,14.670612693328488,109.0
point_gbdt_safety,FOODS_2_001_TX_1,1238.136380465933,1128.6788739834776,109.45750648245522,0.0,0.856918292179797,0.9358974358974359,0.0641025641025641,14.470241974147148,85.0
point_gbdt_safety,FOODS_2_002_CA_3,1167.0508411490189,1049.5631871662554,117.4876539827634,0.0,0.8549535136015267,0.8974358974358975,0.10256410256410256,13.455938297003273,90.0
point_gbdt_safety,FOODS_2_004_CA_1,1214.8881508080974,1095.612395138058,119.27575567003933,0.0,0.8772883172118937,0.9230769230769231,0.07692307692307693,14.04631275818023,108.0
point_gbdt_safety,FOODS_2_009_CA_1,1120.0998306759802,1120.0998306759802,0.0,0.0,1.0,1.0,0.0,14.360254239435644,77.0
point_gbdt_safety,FOODS_2_009_WI_1,1493.0636043675627,1200.2338962449041,292.82970812265853,0.0,0.7756094190630969,0.8333333333333334,0.16666666666666666,15.387614054421848,145.0
point_gbdt_safety,FOODS_2_012_CA_3,1319.620853613851,1319.620853613851,0.0,0.0,1.0,1.0,0.0,16.91821607197245,28.0
point_gbdt_safety,FOODS_2_014_CA_3,1316.6510319475235,1179.4720359442708,137.1789960032527,0.0,0.8444682584997135,0.8717948717948718,0.1282051282051282,15.121436358259883,98.0
point_gbdt_safety,FOODS_2_014_TX_1,1214.7050575646724,1214.7050575646724,0.0,0.0,1.0,1.0,0.0,15.573141763649646,29.0
point_gbdt_safety,FOODS_2_015_CA_1,1200.45544134012,1181.9903827657247,18.465058574395247,0.0,0.9663660135256917,0.9743589743589743,0.02564102564102564,15.153722855970829,61.0
point_gbdt_safety,FOODS_2_017_WI_1,1073.4164488680346,1073.4164488680346,0.0,0.0,1.0,1.0,0.0,13.761749344461983,45.0
point_gbdt_safety,FOODS_2_017_WI_3,1259.9183886288176,1259.9183886288176,0.0,0.0,1.0,1.0,0.0,16.152799854215612,2.0
point_gbdt_safety,FOODS_2_024_CA_4,1161.4434328438801,1156.0673511751934,5.376081668686773,0.0,0.9906665248807521,0.9871794871794872,0.01282051282051282,14.821376297117864,64.0
point_gbdt_safety,FOODS_2_024_TX_2,1383.4342219519228,1383.4342219519228,0.0,0.0,1.0,1.0,0.0,17.736336178870804,37.0
point_gbdt_safety,FOODS_2_029_TX_3,2234.729521627023,1327.619837273799,907.1096843532239,0.0,0.6334910366249601,0.8333333333333334,0.16666666666666666,17.020767144535885,275.0
point_gbdt_safety,FOODS_2_031_TX_1,1863.9095258045934,1863.9095258045934,0.0,0.0,1.0,1.0,0.0,23.89627597185376,9.0
point_gbdt_safety,FOODS_2_034_WI_3,1246.4939347544919,1246.4939347544919,0.0,0.0,1.0,1.0,0.0,15.980691471211435,91.0
point_gbdt_safety,FOODS_2_043_TX_2,1160.0469447392657,1160.0469447392657,0.0,0.0,1.0,1.0,0.0,14.872396727426482,28.0
point_gbdt_safety,FOODS_2_045_TX_1,1285.3666693603036,1285.3666693603036,0.0,0.0,1.0,1.0,0.0,16.479059863593637,16.0
point_gbdt_safety,FOODS_2_046_CA_3,1214.9160810179126,1214.9160810179126,0.0,0.0,1.0,1.0,0.0,15.57584719253734,19.0
point_gbdt_safety,FOODS_2_047_CA_4,1139.153847737505,1071.309300431246,67.84454730625905,0.0,0.8967358488489209,0.9358974358974359,0.0641025641025641,13.73473462091341,73.0
point_gbdt_safety,FOODS_2_047_WI_3,1193.8267323392397,1088.9600340031102,104.86669833612962,0.0,0.8403855428673827,0.9230769230769231,0.07692307692307693,13.961026076962952,73.0
point_gbdt_safety,FOODS_2_051_WI_3,1133.5668287131573,1042.3997750072454,91.16705370591197,0.0,0.8631125319731051,0.9230769230769231,0.07692307692307693,13.364099679580068,74.0
point_gbdt_safety,FOODS_2_055_TX_1,1051.858924911088,1051.858924911088,0.0,0.0,1.0,1.0,0.0,13.485370832193436,95.0
point_gbdt_safety,FOODS_2_067_CA_2,2077.299259402933,2077.299259402933,0.0,0.0,1.0,1.0,0.0,26.632041787217087,15.0
point_gbdt_safety,FOODS_2_067_WI_3,1580.8691716269125,1580.8691716269125,0.0,0.0,1.0,1.0,0.0,20.267553482396313,0.0
point_gbdt_safety,FOODS_2_082_TX_3,1676.1284634495596,1413.4648117119352,262.6636517376244,0.0,0.8555205435986665,0.8974358974358975,0.10256410256410256,18.121343739896606,202.0
point_gbdt_safety,FOODS_2_084_WI_1,1212.5109647698373,1212.5109647698373,0.0,0.0,1.0,1.0,0.0,15.545012368844068,70.0
point_gbdt_safety,FOODS_2_085_TX_2,1110.1054499588279,1110.1054499588279,0.0,0.0,1.0,1.0,0.0,14.232121153318307,37.0
point_gbdt_safety,FOODS_2_087_WI_3,1192.561492955368,1192.561492955368,0.0,0.0,1.0,1.0,0.0,15.289249909684205,18.0
point_gbdt_safety,FOODS_2_100_WI_3,1311.326769426202,968.2870445771589,343.03972484904307,0.0,0.7238005435998043,0.8589743589743589,0.14102564102564102,12.413936468937935,138.0
point_gbdt_safety,FOODS_2_101_WI_1,1114.7139943331247,1047.7064864012373,67.00750793188732,0.0,0.9207949078819299,0.9487179487179487,0.05128205128205128,13.432134441041503,94.0
point_gbdt_safety,FOODS_2_104_CA_2,1161.3868636113164,1161.3868636113164,0.0,0.0,1.0,1.0,0.0,14.889575174504056,65.0
point_gbdt_safety,FOODS_2_105_TX_3,1153.0013425259237,1153.0013425259237,0.0,0.0,1.0,1.0,0.0,14.782068493922099,53.0
point_gbdt_safety,FOODS_2_107_CA_1,1175.347958922919,1109.2000287861026,66.14793013681629,0.0,0.911448554033713,0.9358974358974359,0.0641025641025641,14.220513189565418,83.0
point_gbdt_safety,FOODS_2_107_CA_3,1670.7430140492606,1351.1989868215642,319.54402722769635,0.0,0.7016395637463153,0.8589743589743589,0.14102564102564102,17.3230639336098,119.0
point_gbdt_safety,FOODS_2_108_TX_1,1090.224120370208,1090.224120370208,0.0,0.0,1.0,1.0,0.0,13.977232312438565,42.0
point_gbdt_safety,FOODS_2_108_WI_2,1335.043539970607,1110.5774768699175,224.46606310068955,0.0,0.819270480595258,0.8461538461538461,0.15384615384615385,14.238172780383557,138.0
point_gbdt_safety,FOODS_2_116_TX_3,1328.4616370107515,1328.4616370107515,0.0,0.0,1.0,1.0,0.0,17.031559448855788,76.0
point_gbdt_safety,FOODS_2_117_WI_2,2015.3848672307713,1656.8567144818626,358.52815274890884,0.0,0.8229490603709092,0.8717948717948718,0.1282051282051282,21.241752749767468,225.0
point_gbdt_safety,FOODS_2_118_CA_2,1004.5571131668681,1004.5571131668681,0.0,0.0,1.0,1.0,0.0,12.878937348293181,39.0
point_gbdt_safety,FOODS_2_118_CA_4,966.9178901081885,903.4854208976906,63.432469210497956,0.0,0.8644605358750044,0.9487179487179487,0.05128205128205128,11.583146421765264,52.0
point_gbdt_safety,FOODS_2_124_CA_4,1256.8548835917024,1256.8548835917024,0.0,0.0,1.0,1.0,0.0,16.11352414861157,21.0
point_gbdt_safety,FOODS_2_124_WI_2,1183.8167081150368,1183.8167081150368,0.0,0.0,1.0,1.0,0.0,15.177137283526113,18.0
point_gbdt_safety,FOODS_2_128_TX_3,7456.000000000002,6007.51518265207,1448.4848173479318,0.0,0.5137681042806539,0.782051282051282,0.21794871794871795,77.01942541861628,331.0
point_gbdt_safety,FOODS_2_129_TX_2,1164.991756274481,1164.991756274481,0.0,0.0,1.0,1.0,0.0,14.935791747108732,16.0
point_gbdt_safety,FOODS_2_130_WI_2,1423.2340531820055,1302.0835943179598,121.15045886404562,0.0,0.9382515500183254,0.9230769230769231,0.07692307692307693,16.693379414332817,218.0
point_gbdt_safety,FOODS_2_132_TX_2,1185.5715074467357,1185.5715074467357,0.0,0.0,1.0,1.0,0.0,15.199634710855586,0.0
point_gbdt_safety,FOODS_2_133_TX_2,1090.5086417502548,1090.5086417502548,0.0,0.0,1.0,1.0,0.0,13.980880022439164,53.0
point_gbdt_safety,FOODS_2_133_TX_3,996.9722008249273,876.0099122652784,120.96228855964884,0.0,0.7759957619265763,0.8974358974358975,0.10256410256410256,11.230896311093314,60.0
point_gbdt_safety,FOODS_2_141_CA_3,1212.0357902298908,1123.8158301086612,88.2199601212296,0.0,0.9257407743087294,0.9230769230769231,0.07692307692307693,14.407895257803348,132.0
point_gbdt_safety,FOODS_2_146_WI_1,1182.1011810825207,1070.3002100608678,111.8009710216528,0.0,0.8929109472972674,0.9358974358974359,0.0641025641025641,13.721797564882921,116.0
point_gbdt_safety,FOODS_2_148_CA_2,1117.3395061284543,1117.3395061284543,0.0,0.0,1.0,1.0,0.0,14.324865463185311,58.0
point_gbdt_safety,FOODS_2_149_TX_1,1836.4920865320998,1270.8943419379796,565.5977445941203,0.0,0.7554700628646259,0.782051282051282,0.21794871794871795,16.29351720433307,257.0
point_gbdt_safety,FOODS_2_155_CA_4,1552.7543211845993,1552.7543211845993,0.0,0.0,1.0,1.0,0.0,19.907106681853836,10.0
point_gbdt_safety,FOODS_2_159_CA_1,1118.708640775985,1118.708640775985,0.0,0.0,1.0,1.0,0.0,14.342418471486988,30.0
point_gbdt_safety,FOODS_2_163_TX_3,1154.3111406723433,1116.0980561952292,38.213084477114165,0.0,0.9426229962806094,0.9615384615384616,0.038461538461538464,14.308949438400374,74.0
point_gbdt_safety,FOODS_2_165_CA_4,1131.3906363107196,1131.3906363107196,0.0,0.0,1.0,1.0,0.0,14.505008157829739,10.0
point_gbdt_safety,FOODS_2_165_TX_1,1187.7391987342037,1187.7391987342037,0.0,0.0,1.0,1.0,0.0,15.227425624797483,4.0
point_gbdt_safety,FOODS_2_166_TX_2,1938.9336388228282,1938.9336388228282,0.0,0.0,1.0,1.0,0.0,24.858123574651643,11.0
point_gbdt_safety,FOODS_2_169_TX_3,1237.662154535305,1237.662154535305,0.0,0.0,1.0,1.0,0.0,15.867463519683398,15.0
point_gbdt_safety,FOODS_2_172_CA_2,1114.6709769751892,941.9919614143231,172.67901556086602,0.0,0.8118964972103856,0.8974358974358975,0.10256410256410256,12.076820018132347,102.0
point_gbdt_safety,FOODS_2_176_WI_3,1267.6443134915096,1267.6443134915096,0.0,0.0,1.0,1.0,0.0,16.251850172968073,16.0
point_gbdt_safety,FOODS_2_177_WI_1,1235.7393622172342,1235.7393622172342,0.0,0.0,1.0,1.0,0.0,15.842812336118387,47.0
point_gbdt_safety,FOODS_2_182_TX_3,1222.9601860369226,1222.9601860369226,0.0,0.0,1.0,1.0,0.0,15.67897674406311,31.0
point_gbdt_safety,FOODS_2_183_CA_4,1771.281386198375,1319.1179230794326,452.16346311894256,0.0,0.7776974124292317,0.8076923076923077,0.19230769230769232,16.91176824460811,226.0
point_gbdt_safety,FOODS_2_186_TX_1,1099.1857762941993,1099.1857762941993,0.0,0.0,1.0,1.0,0.0,14.092125337105118,38.0
point_gbdt_safety,FOODS_2_187_CA_1,1093.5852977597024,1093.5852977597024,0.0,0.0,1.0,1.0,0.0,14.020324330252594,48.0
point_gbdt_safety,FOODS_2_192_CA_2,1361.9638768137213,1288.8282490002334,73.13562781348779,0.0,0.9299467166537474,0.9358974358974359,0.0641025641025641,16.52343908974658,116.0
point_gbdt_safety,FOODS_2_192_TX_1,1205.2896877422484,1205.2896877422484,0.0,0.0,1.0,1.0,0.0,15.45243189413139,20.0
point_gbdt_safety,FOODS_2_198_CA_4,1157.4103254596803,1157.4103254596803,0.0,0.0,1.0,1.0,0.0,14.838593916149748,20.0
point_gbdt_safety,FOODS_2_200_TX_1,1227.5475455613196,1227.5475455613196,0.0,0.0,1.0,1.0,0.0,15.737789045657943,30.0
point_gbdt_safety,FOODS_2_201_WI_3,1235.2483751769134,1069.4819964416697,165.7663787352437,0.0,0.8514638183375952,0.8846153846153846,0.11538461538461539,13.711307646688073,124.0
point_gbdt_safety,FOODS_2_202_WI_3,1095.5583544672334,1095.5583544672334,0.0,0.0,1.0,1.0,0.0,14.045619929067094,55.0
point_gbdt_safety,FOODS_2_204_CA_4,1501.6697927114585,1242.9285340186407,258.7412586928179,0.0,0.8288748289068666,0.8461538461538461,0.15384615384615385,15.934981205367189,168.0
point_gbdt_safety,FOODS_2_206_CA_3,1663.9308621843154,1590.6437778630386,73.28708432127681,0.0,0.9547610590609403,0.9358974358974359,0.0641025641025641,20.392868946962032,180.0
point_gbdt_safety,FOODS_2_207_CA_3,1280.2563520118742,1280.2563520118742,0.0,0.0,1.0,1.0,0.0,16.41354297451121,13.0
point_gbdt_safety,FOODS_2_208_TX_1,1279.8547939064204,1216.9173751822084,62.93741872421193,0.0,0.9470223748112694,0.9615384615384616,0.038461538461538464,15.601504810028313,132.0
point_gbdt_safety,FOODS_2_212_CA_2,1330.9352363640448,1279.5107832783335,51.42445308571139,0.0,0.949435149374915,0.9743589743589743,0.02564102564102564,16.403984401004276,113.0
point_gbdt_safety,FOODS_2_214_CA_3,1362.5445000129835,1362.5445000129835,0.0,0.0,1.0,1.0,0.0,17.468519230935687,36.0
point_gbdt_safety,FOODS_2_218_CA_4,1137.9133785589918,1137.9133785589918,0.0,0.0,1.0,1.0,0.0,14.588633058448613,49.0
point_gbdt_safety,FOODS_2_219_TX_1,1091.2531525235922,1091.2531525235922,0.0,0.0,1.0,1.0,0.0,13.990425032353746,38.0
point_gbdt_safety,FOODS_2_224_TX_2,1049.5588984366366,1049.5588984366366,0.0,0.0,1.0,1.0,0.0,13.455883313290213,53.0
point_gbdt_safety,FOODS_2_231_CA_1,1407.6036020199472,1407.6036020199472,0.0,0.0,1.0,1.0,0.0,18.04620002589676,40.0
point_gbdt_safety,FOODS_2_234_WI_3,1129.6096363405163,1129.6096363405163,0.0,0.0,1.0,1.0,0.0,14.482174824878415,16.0
point_gbdt_safety,FOODS_2_235_CA_2,1119.111609411071,1042.5405676673915,76.57104174367943,0.0,0.8999071349755824,0.9615384615384616,0.038461538461538464,13.365904713684507,85.0
point_gbdt_safety,FOODS_2_241_CA_3,4954.464146048963,2478.628603494004,2475.835542554959,0.0,0.6595385667553686,0.6282051282051282,0.3717948717948718,31.777289788384667,808.0
point_gbdt_safety,FOODS_2_241_WI_3,1931.2258693359413,1395.6965530798252,535.5293162561161,0.0,0.7828348271467493,0.8205128205128205,0.1794871794871795,17.89354555230545,274.0
point_gbdt_safety,FOODS_2_242_CA_3,1477.1543332758092,1366.5469654529948,110.60736782281447,0.0,0.8931329779489715,0.9230769230769231,0.07692307692307693,17.51983289042301,115.0
point_gbdt_safety,FOODS_2_242_WI_1,1654.2142175852869,1177.9787337848518,476.2354838004352,0.0,0.6941326372508445,0.8589743589743589,0.14102564102564102,15.102291458780151,173.0
point_gbdt_safety,FOODS_2_250_WI_2,1225.559303244797,1213.9140896567883,11.645213588008797,0.0,0.9780692776120361,0.9743589743589743,0.02564102564102564,15.563001149446004,59.0
point_gbdt_safety,FOODS_2_253_CA_1,1152.5432388476909,1027.791476920509,124.75176192718195,0.0,0.852539288502149,0.9230769230769231,0.07692307692307693,13.176813806673193,94.0
point_gbdt_safety,FOODS_2_254_TX_3,1138.4082914516607,1087.9688441067551,50.43944734490563,0.0,0.8901101365034735,0.9358974358974359,0.0641025641025641,13.948318514189168,51.0
point_gbdt_safety,FOODS_2_254_WI_1,939.057640644307,939.057640644307,0.0,0.0,1.0,1.0,0.0,12.039200521080858,27.0
point_gbdt_safety,FOODS_2_255_TX_2,2511.0000000000014,2493.0000000000023,17.999999999998977,0.0,0.9677419354838728,0.9743589743589743,0.02564102564102564,31.961538461538492,62.0
point_gbdt_safety,FOODS_2_261_WI_2,1255.6497298837933,1255.6497298837933,0.0,0.0,1.0,1.0,0.0,16.09807346004863,89.0
point_gbdt_safety,FOODS_2_270_CA_3,1196.3137612096582,1196.3137612096582,0.0,0.0,1.0,1.0,0.0,15.337355912944336,18.0
point_gbdt_safety,FOODS_2_270_WI_2,1021.6053955022949,1021.6053955022949,0.0,0.0,1.0,1.0,0.0,13.097505070542242,35.0
point_gbdt_safety,FOODS_2_271_WI_2,1166.8507706794587,1166.8507706794587,0.0,0.0,1.0,1.0,0.0,14.959625265121266,13.0
point_gbdt_safety,FOODS_2_273_TX_3,1137.5996123986502,1137.5996123986502,0.0,0.0,1.0,1.0,0.0,14.58461041536731,16.0
point_gbdt_safety,FOODS_2_274_CA_3,2141.892687658265,1797.8017451879193,344.09094247034585,0.0,0.8488840832365631,0.8846153846153846,0.11538461538461539,23.048740322922043,253.0
point_gbdt_safety,FOODS_2_274_TX_2,1647.8810740708388,1597.4072603702234,50.473813700615395,0.0,0.9587632241008045,0.9743589743589743,0.02564102564102564,20.47958026115671,136.0
point_gbdt_safety,FOODS_2_278_CA_4,1167.0345702444802,1077.1683203921652,89.86624985231482,0.0,0.8335810187920096,0.9358974358974359,0.0641025641025641,13.809850261438015,60.0
point_gbdt_safety,FOODS_2_284_TX_3,1214.0278105511063,1214.0278105511063,0.0,0.0,1.0,1.0,0.0,15.564459109629569,25.0
point_gbdt_safety,FOODS_2_284_WI_2,1137.1474836909354,1100.368418182564,36.77906550837143,0.0,0.922895040862953,0.9487179487179487,0.05128205128205128,14.107287412596975,53.0
point_gbdt_safety,FOODS_2_290_WI_1,1288.5362008098953,1085.880482730049,202.6557180798464,0.0,0.8391621285080584,0.8974358974358975,0.10256410256410256,13.921544650385243,140.0
point_gbdt_safety,FOODS_2_298_TX_2,1231.5054077296334,1231.5054077296334,0.0,0.0,1.0,1.0,0.0,15.788530868328634,41.0
point_gbdt_safety,FOODS_2_306_TX_1,1136.655992630101,1136.655992630101,0.0,0.0,1.0,1.0,0.0,14.572512726026938,48.0
point_gbdt_safety,FOODS_2_309_TX_2,1151.8300940266336,1075.0949549320658,76.73513909456781,0.0,0.8477477398917305,0.9230769230769231,0.07692307692307693,13.783268652975202,56.0
point_gbdt_safety,FOODS_2_311_WI_3,1215.4593053074962,1083.1523050046358,132.30700030286033,0.0,0.8384529910831987,0.8846153846153846,0.11538461538461539,13.886568012879946,91.0
point_gbdt_safety,FOODS_2_312_CA_1,1247.7739368256691,1247.7739368256691,0.0,0.0,1.0,1.0,0.0,15.997101754175246,31.0
point_gbdt_safety,FOODS_2_312_TX_2,1156.3325667117504,1143.1625625764254,13.170004135324895,0.0,0.9793896648899455,0.9743589743589743,0.02564102564102564,14.655930289441352,71.0
point_gbdt_safety,FOODS_2_313_CA_4,1322.4524832993827,1322.4524832993827,0.0,0.0,1.0,1.0,0.0,16.954519016658754,2.0
point_gbdt_safety,FOODS_2_321_WI_1,1048.8634810844296,985.406034558474,63.45744652595577,0.0,0.8963113618856932,0.9230769230769231,0.07692307692307693,12.633410699467614,68.0
point_gbdt_safety,FOODS_2_325_WI_3,3229.328166318309,1921.1115742551533,1308.2165920631555,0.0,0.7166522434344476,0.7307692307692307,0.2692307692307692,24.62963556737376,513.0
point_gbdt_safety,FOODS_2_326_WI_1,2519.5472019996587,1614.6854939784423,904.8617080212166,0.0,0.8059069695364186,0.7564102564102564,0.24358974358974358,20.701096076646696,518.0
point_gbdt_safety,FOODS_2_329_TX_3,1171.4129395176121,1171.4129395176121,0.0,0.0,1.0,1.0,0.0,15.018114609200156,19.0
point_gbdt_safety,FOODS_2_332_TX_2,1266.7188186361777,1266.7188186361777,0.0,0.0,1.0,1.0,0.0,16.23998485430997,46.0
point_gbdt_safety,FOODS_2_332_WI_1,1072.980862265418,1072.980862265418,0.0,0.0,1.0,1.0,0.0,13.756164900838693,37.0
point_gbdt_safety,FOODS_2_338_TX_3,1259.874648920999,1133.942418190588,125.93223073041129,0.0,0.8833960826570266,0.9102564102564102,0.08974358974358974,14.537723310135743,120.0
point_gbdt_safety,FOODS_2_340_WI_2,1302.6212903769067,1245.1216662767747,57.49962410013194,0.0,0.9305560095409035,0.9358974358974359,0.0641025641025641,15.963098285599676,92.0
point_gbdt_safety,FOODS_2_342_CA_3,2630.643555383969,1771.0788259586175,859.564729425352,0.0,0.7736796394351365,0.782051282051282,0.21794871794871795,22.70613879434125,422.0
point_gbdt_safety,FOODS_2_347_WI_3,4540.9897546649445,2593.487595983753,1947.5021586811913,0.0,0.677031151130814,0.7051282051282052,0.2948717948717949,33.24984097415068,670.0
point_gbdt_safety,FOODS_2_350_WI_2,1336.285606749056,1336.285606749056,0.0,0.0,1.0,1.0,0.0,17.131866753193023,29.0
point_gbdt_safety,FOODS_2_351_CA_1,1036.8626680301752,1024.9817352509867,11.880932779188548,0.0,0.9746133914974604,0.9871794871794872,0.01282051282051282,13.140791477576753,52.0
point_gbdt_safety,FOODS_2_354_CA_4,1079.4145496392814,1079.4145496392814,0.0,0.0,1.0,1.0,0.0,13.83864807229848,19.0
point_gbdt_safety,FOODS_2_355_WI_2,1297.2856830730266,1133.6528341297244,163.63284894330218,0.0,0.881167139474726,0.8974358974358975,0.10256410256410256,14.534010693970826,153.0
point_gbdt_safety,FOODS_2_356_CA_2,1290.963263946971,1167.2881220813192,123.67514186565184,0.0,0.898958217430023,0.9230769230769231,0.07692307692307693,14.965232334375887,136.0
point_gbdt_safety,FOODS_2_370_CA_2,1039.4989989967937,1008.4018251887292,31.09717380806461,0.0,0.9264842226759702,0.9615384615384616,0.038461538461538464,12.92822852806063,47.0
point_gbdt_safety,FOODS_2_370_CA_3,1288.7647979173187,1288.7647979173187,0.0,0.0,1.0,1.0,0.0,16.5226256143246,36.0
point_gbdt_safety,FOODS_2_371_WI_3,3423.1094080610555,2243.7171740576455,1179.39223400341,0.0,0.7913318765032891,0.7564102564102564,0.24358974358974358,28.76560479561084,628.0
point_gbdt_safety,FOODS_2_376_TX_1,1168.0544717978223,1168.0544717978223,0.0,0.0,1.0,1.0,0.0,14.975057330741311,47.0
point_gbdt_safety,FOODS_2_386_CA_2,1097.3951714420893,1089.516119835005,7.879051607084328,0.0,0.9821336698252056,0.9871794871794872,0.01282051282051282,13.968155382500063,49.0
point_gbdt_safety,FOODS_2_387_WI_2,1217.3462298320098,1217.3462298320098,0.0,0.0,1.0,1.0,0.0,15.60700294656423,111.0
point_gbdt_safety,FOODS_2_389_TX_2,1384.9396201506622,1384.9396201506622,0.0,0.0,1.0,1.0,0.0,17.755636155777722,3.0
point_gbdt_safety,FOODS_2_390_CA_4,1473.044614276685,1473.044614276685,0.0,0.0,1.0,1.0,0.0,18.885187362521602,4.0
point_gbdt_safety,FOODS_2_399_TX_2,1252.0376455154326,1205.9864684674242,46.05117704800831,0.0,0.9526222458353824,0.9615384615384616,0.038461538461538464,15.461364980351592,108.0
point_gbdt_safety,FOODS_3_003_WI_3,1018.8354634271694,1015.8651983898305,2.9702650373388764,0.0,0.9902932515119645,0.9871794871794872,0.01282051282051282,13.023912799869622,34.0
point_gbdt_safety,FOODS_3_009_CA_4,1136.9239898695453,1136.9239898695453,0.0,0.0,1.0,1.0,0.0,14.575948588071093,48.0
point_gbdt_safety,FOODS_3_009_TX_2,1271.8732680232924,1271.8732680232924,0.0,0.0,1.0,1.0,0.0,16.30606753876016,76.0
point_gbdt_safety,FOODS_3_011_CA_1,1523.0083127737757,1044.985743591619,478.0225691821567,0.0,0.7690712226173156,0.782051282051282,0.21794871794871795,13.397253122969474,230.0
point_gbdt_safety,FOODS_3_014_CA_1,1424.5897481804661,1424.5897481804661,0.0,0.0,1.0,1.0,0.0,18.263971130518797,2.0
point_gbdt_safety,FOODS_3_019_TX_2,1299.816550597833,1299.816550597833,0.0,0.0,1.0,1.0,0.0,16.664314751254267,48.0
point_gbdt_safety,FOODS_3_022_CA_1,1187.7384882438043,1187.7384882438043,0.0,0.0,1.0,1.0,0.0,15.22741651594621,29.0
point_gbdt_safety,FOODS_3_023_TX_1,1104.262244136946,1024.3043357542508,79.95790838269527,0.0,0.8942355709223607,0.9358974358974359,0.0641025641025641,13.132106868644241,84.0
point_gbdt_safety,FOODS_3_023_TX_3,1112.614118875858,1112.614118875858,0.0,0.0,1.0,1.0,0.0,14.264283575331511,60.0
point_gbdt_safety,FOODS_3_023_WI_2,1135.269239264497,1135.269239264497,0.0,0.0,1.0,1.0,0.0,14.55473383672432,53.0
point_gbdt_safety,FOODS_3_024_TX_3,1678.8292052974857,1674.724800808913,4.104404488572776,0.0,0.9976613079837192,0.9743589743589743,0.02564102564102564,21.47083077960145,195.0
point_gbdt_safety,FOODS_3_024_WI_1,2411.3704307891485,2318.0405512179586,93.32987957118982,0.0,0.8617335117463855,0.9743589743589743,0.02564102564102564,29.718468605358446,75.0
point_gbdt_safety,FOODS_3_026_CA_1,1421.4241869030398,1224.2302589571686,197.1939279458711,0.0,0.8726137416370342,0.8974358974358975,0.10256410256410256,15.69525973022011,172.0
point_gbdt_safety,FOODS_3_030_TX_3,8669.041555902291,4150.991307926963,4518.050247975329,0.0,0.7001161391228377,0.6282051282051282,0.3717948717948718,53.2178372811149,1674.0
point_gbdt_safety,FOODS_3_034_CA_1,1243.2394215893112,1053.6848719909913,189.55454959831982,0.0,0.8527159676780732,0.8974358974358975,0.10256410256410256,13.508780410140913,143.0
point_gbdt_safety,FOODS_3_035_WI_1,1239.395806595554,1239.395806595554,0.0,0.0,1.0,1.0,0.0,15.889689828148127,61.0
point_gbdt_safety,FOODS_3_036_CA_4,1359.054486786501,1359.054486786501,0.0,0.0,1.0,1.0,0.0,17.42377547162181,9.0
point_gbdt_safety,FOODS_3_038_CA_4,1123.6137492588116,1072.8252804273864,50.78846883142526,0.0,0.9182150260363522,0.9615384615384616,0.038461538461538464,13.754170261889568,69.0
point_gbdt_safety,FOODS_3_038_WI_1,1149.0709638606165,1088.8862054368649,60.18475842375174,0.0,0.9071222863830992,0.9615384615384616,0.038461538461538464,13.960079556882883,72.0
point_gbdt_safety,FOODS_3_040_WI_1,1114.830108110869,827.0812121992849,287.7488959115842,0.0,0.6447544494918713,0.8333333333333334,0.16666666666666666,10.603605284606216,90.0
point_gbdt_safety,FOODS_3_048_TX_1,1480.520467868102,1480.520467868102,0.0,0.0,1.0,1.0,0.0,18.981031639334642,64.0
point_gbdt_safety,FOODS_3_048_TX_3,1376.827876756864,1376.827876756864,0.0,0.0,1.0,1.0,0.0,17.65163944560082,109.0
point_gbdt_safety,FOODS_3_049_TX_1,1260.0567139136303,1260.0567139136303,0.0,0.0,1.0,1.0,0.0,16.154573255302953,28.0
point_gbdt_safety,FOODS_3_050_CA_2,1119.484996112031,1119.484996112031,0.0,0.0,1.0,1.0,0.0,14.352371745026039,67.0
point_gbdt_safety,FOODS_3_053_CA_4,1302.997605055737,1156.010741452283,146.9868636034541,0.0,0.8164958007447515,0.9230769230769231,0.07692307692307693,14.820650531439524,89.0
point_gbdt_safety,FOODS_3_054_WI_3,1178.0948820356887,1178.0948820356887,0.0,0.0,1.0,1.0,0.0,15.103780538919086,0.0
point_gbdt_safety,FOODS_3_057_WI_3,1144.773390545974,1144.773390545974,0.0,0.0,1.0,1.0,0.0,14.67658193007659,20.0
point_gbdt_safety,FOODS_3_066_CA_4,2068.420608643828,1378.1333572799538,690.2872513638745,0.0,0.7241058148026082,0.7564102564102564,0.24358974358974358,17.66837637538402,278.0
point_gbdt_safety,FOODS_3_066_TX_3,1792.0364532945325,1283.9268551142554,508.1095981802771,0.0,0.7777298345668079,0.782051282051282,0.21794871794871795,16.46060070659302,254.0
point_gbdt_safety,FOODS_3_067_CA_4,1124.3654384015485,1065.0840263945452,59.28141200700331,0.0,0.9242893844099574,0.9487179487179487,0.05128205128205128,13.654923415314682,87.0
point_gbdt_safety,FOODS_3_072_WI_3,1038.7953125714384,1038.7953125714384,0.0,0.0,1.0,1.0,0.0,13.317888622710749,36.0
point_gbdt_safety,FOODS_3_074_CA_2,1380.3017289625045,1055.3725867401326,324.929142222372,0.0,0.802714546313071,0.8333333333333334,0.16666666666666666,13.530417778719649,183.0
point_gbdt_safety,FOODS_3_091_TX_1,971.027275434217,966.3026186175407,4.724656816676276,0.0,0.9885877854669656,0.9871794871794872,0.01282051282051282,12.38849511048129,46.0
point_gbdt_safety,FOODS_3_091_WI_1,998.4610599943545,998.4610599943545,0.0,0.0,1.0,1.0,0.0,12.800782820440443,29.0
point_gbdt_safety,FOODS_3_094_TX_2,1236.0960179514127,1176.607867423184,59.488150528228644,0.0,0.933234398958217,0.9358974358974359,0.0641025641025641,15.084716249015178,99.0
point_gbdt_safety,FOODS_3_101_WI_3,1949.2444498616765,1352.2154427217588,597.0290071399177,0.0,0.7613792937090657,0.7692307692307693,0.23076923076923078,17.33609541950973,278.0
point_gbdt_safety,FOODS_3_102_WI_2,1260.015657567449,1157.1126932408993,102.90296432654961,0.0,0.896057611791364,0.9487179487179487,0.05128205128205128,14.834778118473068,110.0
point_gbdt_safety,FOODS_3_103_TX_1,1130.5055507241657,1130.5055507241657,0.0,0.0,1.0,1.0,0.0,14.493660906720073,23.0
point_gbdt_safety,FOODS_3_103_WI_1,1286.1427661487974,1118.4711484608738,167.67161768792357,0.0,0.8640132865466962,0.8589743589743589,0.14102564102564102,14.339373698216331,137.0
point_gbdt_safety,FOODS_3_110_WI_1,1098.6833010150567,1098.6833010150567,0.0,0.0,1.0,1.0,0.0,14.085683346346881,24.0
point_gbdt_safety,FOODS_3_111_TX_1,1104.842732199181,1104.842732199181,0.0,0.0,1.0,1.0,0.0,14.164650412810014,18.0
point_gbdt_safety,FOODS_3_111_WI_1,1180.2785870180148,1180.2785870180148,0.0,0.0,1.0,1.0,0.0,15.131776756641216,32.0
point_gbdt_safety,FOODS_3_117_CA_4,1056.601992808961,997.9399962786541,58.66199653030693,0.0,0.91643590237848,0.9487179487179487,0.05128205128205128,12.794102516393002,78.0
point_gbdt_safety,FOODS_3_120_TX_1,6898.856164392375,2932.6073186979565,3966.248845694418,0.0,0.5316744780145923,0.6153846153846154,0.38461538461538464,37.59752972689688,941.0
point_gbdt_safety,FOODS_3_125_CA_1,1453.397379785382,1453.397379785382,0.0,0.0,1.0,1.0,0.0,18.633299740838233,48.0
point_gbdt_safety,FOODS_3_126_WI_1,1291.0569261455562,1208.1965755125716,82.86035063298456,0.0,0.9263463549929026,0.9487179487179487,0.05128205128205128,15.48969968605861,125.0
point_gbdt_safety,FOODS_3_133_CA_1,3314.892720047743,1629.3590464829017,1685.5336735648411,0.0,0.6714359310789783,0.6666666666666666,0.3333333333333333,20.889218544652586,570.0
point_gbdt_safety,FOODS_3_133_CA_2,2353.5466279334432,1284.7288845300027,1068.8177434034403,0.0,0.7378421036538042,0.6538461538461539,0.34615384615384615,16.470883135000033,453.0
point_gbdt_safety,FOODS_3_133_TX_1,1900.1495339746027,1470.194804895322,429.9547290792807,0.0,0.7623246384304695,0.8076923076923077,0.19230769230769232,18.84865134481182,201.0
point_gbdt_safety,FOODS_3_134_TX_1,2068.0803293639456,1349.3101007082298,718.7702286557158,0.0,0.7623114323228454,0.8205128205128205,0.1794871794871795,17.298847444977305,336.0
point_gbdt_safety,FOODS_3_136_CA_1,2128.3958370832315,1299.182667647893,829.2131694353388,0.0,0.7516582301780954,0.6923076923076923,0.3076923076923077,16.65618804676786,371.0
point_gbdt_safety,FOODS_3_138_WI_3,1358.1716714039778,1034.2861544316693,323.8855169723086,0.0,0.7845073074036536,0.8461538461538461,0.15384615384615385,13.260078902970118,167.0
point_gbdt_safety,FOODS_3_141_TX_3,1169.0726563768865,1169.0726563768865,0.0,0.0,1.0,1.0,0.0,14.988110979190852,22.0
point_gbdt_safety,FOODS_3_154_CA_1,1197.671330214806,1197.671330214806,0.0,0.0,1.0,1.0,0.0,15.354760643779564,30.0
point_gbdt_safety,FOODS_3_155_TX_1,1139.5672909858908,1139.5672909858908,0.0,0.0,1.0,1.0,0.0,14.609837063921677,18.0
point_gbdt_safety,FOODS_3_157_CA_2,1291.3036828638137,1291.3036828638137,0.0,0.0,1.0,1.0,0.0,16.555175421330944,60.0
point_gbdt_safety,FOODS_3_158_WI_3,1134.5667260296884,1134.5667260296884,0.0,0.0,1.0,1.0,0.0,14.545727256790878,29.0
point_gbdt_safety,FOODS_3_160_CA_1,1150.4932993277632,961.1109212591168,189.38237806864646,0.0,0.41548648744244915,0.9102564102564102,0.08974358974358974,12.321934887937395,36.0
point_gbdt_safety,FOODS_3_160_TX_1,1160.4966199133405,1160.4966199133405,0.0,0.0,1.0,1.0,0.0,14.878161793760777,0.0
point_gbdt_safety,FOODS_3_160_WI_2,1015.3236496502495,1015.3236496502495,0.0,0.0,1.0,1.0,0.0,13.016969867310891,13.0
point_gbdt_safety,FOODS_3_161_WI_1,1258.0780360393803,1258.0780360393803,0.0,0.0,1.0,1.0,0.0,16.129205590248464,19.0
point_gbdt_safety,FOODS_3_162_WI_2,1212.5067777028614,1212.5067777028614,0.0,0.0,1.0,1.0,0.0,15.544958688498223,61.0
point_gbdt_safety,FOODS_3_163_TX_2,1041.3649233191056,929.0313736197413,112.33354969936421,0.0,0.856534419285614,0.8846153846153846,0.11538461538461539,11.91065863615053,87.0
point_gbdt_safety,FOODS_3_169_TX_3,1424.9808882511577,1307.5789209016007,117.40196734955693,0.0,0.9152943958516906,0.8974358974358975,0.10256410256410256,16.76383231925129,154.0
point_gbdt_safety,FOODS_3_171_WI_2,1181.064009165352,1181.064009165352,0.0,0.0,1.0,1.0,0.0,15.141846271350667,15.0
point_gbdt_safety,FOODS_3_172_CA_3,1527.8583866015654,1410.26429962703,117.59408697453537,0.0,0.9212890984106189,0.9102564102564102,0.08974358974358974,18.080311533679872,166.0
point_gbdt_safety,FOODS_3_172_TX_3,1579.8689543802639,1433.222560983199,146.6463933970649,0.0,0.8595341059415087,0.9102564102564102,0.08974358974358974,18.37464821773332,116.0
point_gbdt_safety,FOODS_3_176_WI_3,1126.8793102373093,1126.8793102373093,0.0,0.0,1.0,1.0,0.0,14.447170644068068,45.0
point_gbdt_safety,FOODS_3_178_WI_2,1300.9332307894222,1100.0488355184987,200.88439527092342,0.0,0.8092265951843082,0.8717948717948718,0.1282051282051282,14.103190198955112,117.0
point_gbdt_safety,FOODS_3_180_WI_1,1145.0087130638603,1145.0087130638603,0.0,0.0,1.0,1.0,0.0,14.679598885434107,61.0
point_gbdt_safety,FOODS_3_184_WI_3,1459.6803110750911,1168.8031107509091,290.877200324182,0.0,0.4787146947595304,0.8205128205128205,0.1794871794871795,14.984655266037297,62.0
point_gbdt_safety,FOODS_3_192_TX_2,1266.6283271704217,1196.0032479007602,70.62507926966143,0.0,0.9386935075784189,0.9615384615384616,0.038461538461538464,15.33337497308667,128.0
point_gbdt_safety,FOODS_3_197_WI_1,1197.9800915550143,1197.9800915550143,0.0,0.0,1.0,1.0,0.0,15.358719122500183,32.0
point_gbdt_safety,FOODS_3_198_TX_2,1249.0647311154398,1249.0647311154398,0.0,0.0,1.0,1.0,0.0,16.013650398915896,2.0
point_gbdt_safety,FOODS_3_198_WI_3,1229.9314144730943,1229.9314144730943,0.0,0.0,1.0,1.0,0.0,15.768351467603773,4.0
point_gbdt_safety,FOODS_3_199_CA_2,1231.039684445495,1154.9735091284442,76.06617531705061,0.0,0.8121822831677763,0.9230769230769231,0.07692307692307693,14.807352681133901,45.0
point_gbdt_safety,FOODS_3_199_TX_1,1035.1994368769024,1035.1994368769024,0.0,0.0,1.0,1.0,0.0,13.27178765226798,27.0
point_gbdt_safety,FOODS_3_204_CA_2,1014.9130976790218,1014.9130976790218,0.0,0.0,1.0,1.0,0.0,13.01170638050028,64.0
point_gbdt_safety,FOODS_3_204_CA_4,1272.9921947827536,1272.9921947827536,0.0,0.0,1.0,1.0,0.0,16.320412753625046,47.0
point_gbdt_safety,FOODS_3_205_TX_1,1935.1984264784553,1935.1984264784553,0.0,0.0,1.0,1.0,0.0,24.810236236903272,10.0
point_gbdt_safety,FOODS_3_208_WI_3,1032.8765253041458,906.1727069557123,126.70381834843354,0.0,0.8452944830910458,0.8717948717948718,0.1282051282051282,11.617598807124518,91.0
point_gbdt_safety,FOODS_3_209_TX_2,1258.0803977595422,1258.0803977595422,0.0,0.0,1.0,1.0,0.0,16.12923586871208,13.0
point_gbdt_safety,FOODS_3_210_TX_1,1254.3414806145124,1254.3414806145124,0.0,0.0,1.0,1.0,0.0,16.08130103351939,0.0
point_gbdt_safety,FOODS_3_211_CA_1,1467.8442458078916,1042.277970158621,425.5662756492708,0.0,0.6716309601471676,0.782051282051282,0.21794871794871795,13.362538078956678,144.0
point_gbdt_safety,FOODS_3_215_CA_3,1538.4830683001496,1353.7470053919533,184.7360629081963,0.0,0.8872185208130671,0.9230769230769231,0.07692307692307693,17.355730838358376,182.0
point_gbdt_safety,FOODS_3_215_CA_4,1308.332307085484,1091.4882193249325,216.84408776055156,0.0,0.7705353568671413,0.8461538461538461,0.15384615384615385,13.993438709294006,105.0
point_gbdt_safety,FOODS_3_224_CA_1,1227.2030798273238,943.0048056580578,284.198274169266,0.0,0.7988688788610998,0.7948717948717948,0.20512820512820512,12.08980520074433,157.0
point_gbdt_safety,FOODS_3_229_CA_1,1236.6558516483901,1236.6558516483901,0.0,0.0,1.0,1.0,0.0,15.854562200620386,51.0
point_gbdt_safety,FOODS_3_232_WI_3,1236.2023294363632,1236.2023294363632,0.0,0.0,1.0,1.0,0.0,15.848747813286709,55.0
point_gbdt_safety,FOODS_3_237_WI_3,1240.3946108190657,1240.3946108190657,0.0,0.0,1.0,1.0,0.0,15.902495010500843,58.0
point_gbdt_safety,FOODS_3_239_CA_4,1046.5699139628848,1033.238740135165,13.331173827719734,0.0,0.9730683357015762,0.9871794871794872,0.01282051282051282,13.246650514553398,55.0
point_gbdt_safety,FOODS_3_240_TX_3,1103.249411202174,1057.1571678380287,46.09224336414534,0.0,0.9257773858870445,0.9743589743589743,0.02564102564102564,13.55329702356447,69.0
point_gbdt_safety,FOODS_3_243_WI_1,1275.2418465620128,1275.2418465620128,0.0,0.0,1.0,1.0,0.0,16.34925444310273,19.0
point_gbdt_safety,FOODS_3_246_CA_2,1273.7269975916072,1118.1696449519827,155.5573526396244,0.0,0.8747525341065826,0.9102564102564102,0.08974358974358974,14.335508268615163,138.0
point_gbdt_safety,FOODS_3_246_TX_2,1131.175846285452,1131.175846285452,0.0,0.0,1.0,1.0,0.0,14.502254439557078,59.0
point_gbdt_safety,FOODS_3_247_CA_3,1316.0358294424573,1145.6824693258977,170.3533601165596,0.0,0.7773158691286802,0.8974358974358975,0.10256410256410256,14.688236786229458,85.0
point_gbdt_safety,FOODS_3_255_WI_2,1228.6820744594395,1228.6820744594395,0.0,0.0,1.0,1.0,0.0,15.752334287941531,25.0
point_gbdt_safety,FOODS_3_256_WI_1,1204.9979273907318,1204.9979273907318,0.0,0.0,1.0,1.0,0.0,15.448691376804254,9.0
point_gbdt_safety,FOODS_3_257_TX_2,1182.1014711441824,1076.9375336677288,105.16393747645363,0.0,0.9226166758819326,0.9230769230769231,0.07692307692307693,13.806891457278574,151.0
point_gbdt_safety,FOODS_3_258_CA_3,2506.246770581495,1721.4748370212444,784.7719335602507,0.0,0.7249309731650015,0.782051282051282,0.21794871794871795,22.070190218221082,317.0
point_gbdt_safety,FOODS_3_258_TX_1,1603.161610583994,1383.9611251539884,219.20048543000556,0.0,0.8823400507622084,0.8333333333333334,0.16666666666666666,17.743091348128058,207.0
point_gbdt_safety,FOODS_3_258_TX_2,1602.591553583616,1418.6817816172788,183.90977196633708,0.0,0.9031544118134086,0.8974358974358975,0.10256410256410256,18.188227969452292,211.0
point_gbdt_safety,FOODS_3_258_WI_2,2260.606891184717,1356.4297040160598,904.1771871686573,0.0,0.7177973822819421,0.7435897435897436,0.2564102564102564,17.390124410462306,356.0
point_gbdt_safety,FOODS_3_265_TX_3,1251.151450837909,1251.151450837909,0.0,0.0,1.0,1.0,0.0,16.040403215870626,80.0
point_gbdt_safety,FOODS_3_265_WI_2,1183.9653878464967,1183.9653878464967,0.0,0.0,1.0,1.0,0.0,15.179043433929445,68.0
point_gbdt_safety,FOODS_3_270_WI_3,1090.6024408863834,1090.6024408863834,0.0,0.0,1.0,1.0,0.0,13.982082575466453,31.0
point_gbdt_safety,FOODS_3_271_WI_2,1507.5483378150716,1507.5483378150716,0.0,0.0,1.0,1.0,0.0,19.327542792500918,49.0
point_gbdt_safety,FOODS_3_277_CA_4,1201.1299994522642,1062.9510026051453,138.17899684711884,0.0,0.8104540509641717,0.8846153846153846,0.11538461538461539,13.627576956476222,81.0
point_gbdt_safety,FOODS_3_278_WI_2,2614.5936528271777,1688.6724095564873,925.9212432706904,0.0,0.7667117048952657,0.7948717948717948,0.20512820512820512,21.64964627636522,441.0
point_gbdt_safety,FOODS_3_279_TX_3,1168.0323190833913,1168.0323190833913,0.0,0.0,1.0,1.0,0.0,14.974773321581939,14.0
point_gbdt_safety,FOODS_3_280_WI_3,1056.2827928325219,983.0258984614389,73.25689437108304,0.0,0.8665630339324535,0.9102564102564102,0.08974358974358974,12.602896134121012,61.0
point_gbdt_safety,FOODS_3_282_WI_3,14762.992409715975,8799.771718378915,5963.22069133706,0.0,0.7097765760774293,0.6923076923076923,0.3076923076923077,112.81758613306302,2283.0
point_gbdt_safety,FOODS_3_286_TX_3,1211.4073783015035,1211.4073783015035,0.0,0.0,1.0,1.0,0.0,15.53086382437825,34.0
point_gbdt_safety,FOODS_3_286_WI_3,1134.2195485578613,1134.2195485578613,0.0,0.0,1.0,1.0,0.0,14.541276263562326,69.0
point_gbdt_safety,FOODS_3_289_TX_3,1177.2077588603352,1177.2077588603352,0.0,0.0,1.0,1.0,0.0,15.092407164876091,19.0
point_gbdt_safety,FOODS_3_295_TX_1,4350.31569292188,2269.8155696112026,2080.5001233106777,0.0,0.6610459232142917,0.6794871794871795,0.32051282051282054,29.100199610400033,682.0
point_gbdt_safety,FOODS_3_296_CA_4,1219.5264169264965,1219.5264169264965,0.0,0.0,1.0,1.0,0.0,15.634954063160212,62.0
point_gbdt_safety,FOODS_3_300_WI_2,2465.773863105376,1129.52018877988,1336.253674325496,0.0,0.5331049355955639,0.7051282051282052,0.2948717948717949,14.481028061280513,318.0
point_gbdt_safety,FOODS_3_302_CA_4,1856.1106701287304,1441.9945443770218,414.1161257517084,0.0,0.7766363938771799,0.8076923076923077,0.19230769230769232,18.48710954329515,206.0
point_gbdt_safety,FOODS_3_309_CA_2,1124.1131833931836,1124.1131833931836,0.0,0.0,1.0,1.0,0.0,14.411707479399789,24.0
point_gbdt_safety,FOODS_3_309_WI_1,1197.3164451403059,1197.3164451403059,0.0,0.0,1.0,1.0,0.0,15.350210835132126,27.0
point_gbdt_safety,FOODS_3_316_TX_3,1087.7821045891276,1087.7821045891276,0.0,0.0,1.0,1.0,0.0,13.945924417809328,23.0
point_gbdt_safety,FOODS_3_318_TX_2,4299.147221168635,2684.7606445863444,1614.3865765822904,0.0,0.6684357000241753,0.7051282051282052,0.2948717948717949,34.42000826392749,541.0
point_gbdt_safety,FOODS_3_331_TX_1,1348.3990040930826,1108.3701149794565,240.02888911362606,0.0,0.8322649272441467,0.8461538461538461,0.15384615384615385,14.20987326896739,159.0
point_gbdt_safety,FOODS_3_335_TX_1,1599.0384782122092,1599.0384782122092,0.0,0.0,1.0,1.0,0.0,20.50049331041294,5.0
point_gbdt_safety,FOODS_3_337_CA_1,1167.7062512045138,1167.7062512045138,0.0,0.0,1.0,1.0,0.0,14.970592964160433,41.0
point_gbdt_safety,FOODS_3_346_WI_3,1619.8484935964339,1245.0488793674576,374.7996142289762,0.0,0.8026331678625717,0.8076923076923077,0.19230769230769232,15.96216512009561,211.0
point_gbdt_safety,FOODS_3_352_CA_1,980.5500437164687,914.4804430037716,66.0696007126972,0.0,0.8331575739578354,0.9358974358974359,0.0641025641025641,11.724108243638097,44.0
point_gbdt_safety,FOODS_3_354_WI_2,1074.741792626959,1065.8093526124296,8.932440014529487,0.0,0.9837296174598734,0.9871794871794872,0.01282051282051282,13.664222469390124,61.0
point_gbdt_safety,FOODS_3_356_CA_1,1249.4196282425387,1177.991755427709,71.42787281482973,0.0,0.9503973105452571,0.9487179487179487,0.05128205128205128,15.102458402919346,160.0
point_gbdt_safety,FOODS_3_356_TX_2,1160.911336805151,1076.9627642919247,83.9485725132262,0.0,0.9028373003319142,0.9358974358974359,0.0641025641025641,13.807214926819547,96.0
point_gbdt_safety,FOODS_3_363_WI_3,1911.4927978604524,1114.8633610681331,796.6294367923191,0.0,0.637236139894208,0.7692307692307693,0.23076923076923078,14.293120013694015,244.0
point_gbdt_safety,FOODS_3_365_TX_1,1192.3735058996854,1192.3735058996854,0.0,0.0,1.0,1.0,0.0,15.286839819226735,19.0
point_gbdt_safety,FOODS_3_367_TX_1,1066.9534078168438,988.0730432699323,78.8803645469115,0.0,0.9140736769641487,0.9358974358974359,0.0641025641025641,12.667603118845287,102.0
point_gbdt_safety,FOODS_3_370_CA_1,1961.730362868224,1961.730362868224,0.0,0.0,1.0,1.0,0.0,25.150389267541332,41.0
point_gbdt_safety,FOODS_3_372_TX_3,1920.782832801067,1364.5276430160816,556.2551897849852,0.0,0.8347429620365462,0.8076923076923077,0.19230769230769232,17.493944141231815,374.0
point_gbdt_safety,FOODS_3_380_TX_3,1217.831666339266,1217.831666339266,0.0,0.0,1.0,1.0,0.0,15.61322649152905,22.0
point_gbdt_safety,FOODS_3_384_TX_1,1141.1327829092563,1141.1327829092563,0.0,0.0,1.0,1.0,0.0,14.629907473195594,22.0
point_gbdt_safety,FOODS_3_385_CA_4,1049.7446934241987,1039.1029285458558,10.64176487834299,0.0,0.9748421634081726,0.9871794871794872,0.01282051282051282,13.32183241725456,47.0
point_gbdt_safety,FOODS_3_385_TX_3,1181.0270487890114,1181.0270487890114,0.0,0.0,1.0,1.0,0.0,15.14137242037194,47.0
point_gbdt_safety,FOODS_3_387_CA_2,1017.315793546308,926.1894940727261,91.12629947358192,0.0,0.797497112280929,0.9358974358974359,0.0641025641025641,11.874224282983668,50.0
point_gbdt_safety,FOODS_3_390_TX_2,1290.8275324356753,1105.2248956323963,185.60263680327898,0.0,0.8597107809499025,0.8717948717948718,0.1282051282051282,14.16954994400508,147.0
point_gbdt_safety,FOODS_3_392_WI_2,1101.212818516195,1000.1825893625568,101.03022915363817,0.0,0.870970333137116,0.9102564102564102,0.08974358974358974,12.82285370977637,87.0
point_gbdt_safety,FOODS_3_392_WI_3,1180.599663550503,1031.1577789578162,149.4418845926868,0.0,0.7815177125837912,0.9102564102564102,0.08974358974358974,13.219971525100208,76.0
point_gbdt_safety,FOODS_3_393_CA_3,3570.548051590532,2023.845393450857,1546.702658139675,0.0,0.7245899825249866,0.7435897435897436,0.2564102564102564,25.946735813472525,624.0
point_gbdt_safety,FOODS_3_398_WI_3,1122.9908046103717,1122.9908046103717,0.0,0.0,1.0,1.0,0.0,14.397318007825278,28.0
point_gbdt_safety,FOODS_3_403_TX_1,2263.650659819354,1618.8370830320941,644.8135767872599,0.0,0.8217762363772084,0.7948717948717948,0.20512820512820512,20.75432157733454,402.0
point_gbdt_safety,FOODS_3_405_TX_3,1218.3932716212712,1218.3932716212712,0.0,0.0,1.0,1.0,0.0,15.620426559247067,59.0
point_gbdt_safety,FOODS_3_408_TX_2,1298.3856867879201,1298.3856867879201,0.0,0.0,1.0,1.0,0.0,16.645970343434872,8.0
point_gbdt_safety,FOODS_3_416_CA_4,1174.5654198410964,1096.992502958776,77.57291688232046,0.0,0.912048847072199,0.9358974358974359,0.0641025641025641,14.064006448189435,98.0
point_gbdt_safety,FOODS_3_416_WI_3,1151.1375603604333,1073.0274619847412,78.11009837569208,0.0,0.8928530886478846,0.9230769230769231,0.07692307692307693,13.756762333137708,81.0
point_gbdt_safety,FOODS_3_417_CA_3,1230.1949051562094,1203.5056671125317,26.689238043677754,0.0,0.9588129042535836,0.9743589743589743,0.02564102564102564,15.429559834776047,72.0
point_gbdt_safety,FOODS_3_422_CA_1,1293.956138808203,1224.076623771396,69.87951503680699,0.0,0.933065598623748,0.9615384615384616,0.038461538461538464,15.693290048351232,116.0
point_gbdt_safety,FOODS_3_423_WI_2,1176.3667090526124,1107.848034701007,68.51867435160526,0.0,0.9082748669991898,0.9487179487179487,0.05128205128205128,14.203179932064192,83.0
point_gbdt_safety,FOODS_3_425_CA_1,1158.9275856864626,1158.9275856864626,0.0,0.0,1.0,1.0,0.0,14.858045970339264,66.0
point_gbdt_safety,FOODS_3_427_WI_3,1187.4610001693898,1187.4610001693898,0.0,0.0,1.0,1.0,0.0,15.223858976530638,17.0
point_gbdt_safety,FOODS_3_428_TX_3,1136.3543568416296,1136.3543568416296,0.0,0.0,1.0,1.0,0.0,14.568645600533713,24.0
point_gbdt_safety,FOODS_3_434_CA_1,1553.3798614653574,1189.161876224329,364.2179852410285,0.0,0.7935272192511177,0.8333333333333334,0.16666666666666666,15.24566507979909,196.0
point_gbdt_safety,FOODS_3_434_WI_1,1311.1163305727623,1275.5975678826103,35.518762690152,0.0,0.9444150818620469,0.9871794871794872,0.01282051282051282,16.35381497285398,71.0
point_gbdt_safety,FOODS_3_441_TX_2,10865.399999999992,10865.399999999992,0.0,0.0,1.0,1.0,0.0,139.2999999999999,0.0
point_gbdt_safety,FOODS_3_444_CA_4,5561.400000000008,5561.400000000008,0.0,0.0,1.0,1.0,0.0,71.3000000000001,0.0
point_gbdt_safety,FOODS_3_444_TX_2,21317.39999999997,21317.39999999997,0.0,0.0,1.0,1.0,0.0,273.2999999999996,0.0
point_gbdt_safety,FOODS_3_445_CA_3,1606.4817528734093,1358.4281607090118,248.05359216439751,0.0,0.7795079180760911,0.8717948717948718,0.1282051282051282,17.415745650115536,125.0
point_gbdt_safety,FOODS_3_449_WI_1,1288.0317345025499,1002.3418715010448,285.68986300150505,0.0,0.7978132604377176,0.8333333333333334,0.16666666666666666,12.850536814115959,157.0
point_gbdt_safety,FOODS_3_451_CA_4,1112.766031798864,932.1734088271896,180.59262297167453,0.0,0.7770461444794141,0.9230769230769231,0.07692307692307693,11.950941138810123,90.0
point_gbdt_safety,FOODS_3_453_TX_2,1198.8926891350532,1198.8926891350532,0.0,0.0,1.0,1.0,0.0,15.370419091475041,12.0
point_gbdt_safety,FOODS_3_453_WI_2,1087.9182144105318,1087.9182144105318,0.0,0.0,1.0,1.0,0.0,13.94766941551964,32.0
point_gbdt_safety,FOODS_3_454_CA_1,3288.2749991850683,3288.2749991850683,0.0,0.0,1.0,1.0,0.0,42.15737178442395,1.0
point_gbdt_safety,FOODS_3_455_TX_1,5090.123494237077,1954.4984504186584,3135.625043818418,0.0,0.6567460269492701,0.6025641025641025,0.3974358974358974,25.057672441264852,1015.0
point_gbdt_safety,FOODS_3_456_CA_4,1084.7210423342042,1084.7210423342042,0.0,0.0,1.0,1.0,0.0,13.906680029925695,30.0
point_gbdt_safety,FOODS_3_457_TX_3,1114.9574405606145,1114.9574405606145,0.0,0.0,1.0,1.0,0.0,14.294326161033519,15.0
point_gbdt_safety,FOODS_3_458_TX_1,2660.0720984514837,1661.0830527878088,998.9890456636747,0.0,0.7668092797236987,0.7564102564102564,0.24358974358974358,21.295936574202678,476.0
point_gbdt_safety,FOODS_3_458_WI_1,1929.731317035624,1404.1867410506864,525.5445759849376,0.0,0.8292577725844907,0.7692307692307693,0.23076923076923078,18.00239411603444,342.0
point_gbdt_safety,FOODS_3_464_TX_2,1179.5415530637495,1179.5415530637495,0.0,0.0,1.0,1.0,0.0,15.122327603381404,31.0
point_gbdt_safety,FOODS_3_465_CA_3,1125.1472148057342,1125.1472148057342,0.0,0.0,1.0,1.0,0.0,14.424964292381206,49.0
point_gbdt_safety,FOODS_3_465_TX_2,1161.704338954156,1161.704338954156,0.0,0.0,1.0,1.0,0.0,14.893645371207127,27.0
point_gbdt_safety,FOODS_3_465_WI_3,1154.3587252022735,1061.8044570654615,92.55426813681187,0.0,0.8341321359555343,0.9230769230769231,0.07692307692307693,13.612877654685404,62.0
point_gbdt_safety,FOODS_3_468_TX_2,1197.532632827654,1197.532632827654,0.0,0.0,1.0,1.0,0.0,15.35298247214941,166.0
point_gbdt_safety,FOODS_3_471_WI_3,1154.9338927163506,1154.9338927163506,0.0,0.0,1.0,1.0,0.0,14.806844778414751,45.0
point_gbdt_safety,FOODS_3_472_CA_1,1015.638417646726,1013.6349162539317,2.0035013927943197,0.0,0.9942920188239478,0.9871794871794872,0.01282051282051282,12.99531943915297,39.0
point_gbdt_safety,FOODS_3_474_CA_1,1991.1178470076738,997.1007997934342,994.0170472142396,0.0,0.6493767029226668,0.7692307692307693,0.23076923076923078,12.783343587095311,315.0
point_gbdt_safety,FOODS_3_476_TX_3,1551.8085214313824,1064.378365929349,487.43015550203324,0.0,0.7908922541818819,0.7948717948717948,0.20512820512820512,13.645876486273705,259.0
point_gbdt_safety,FOODS_3_479_CA_3,1658.6044981233495,1433.7454120565171,224.85908606683236,0.0,0.8438478568980331,0.8589743589743589,0.14102564102564102,18.381351436622015,160.0
point_gbdt_safety,FOODS_3_479_TX_2,1377.9959616999254,1309.07990872257,68.9160529773553,0.0,0.9328303577218758,0.9358974358974359,0.0641025641025641,16.783075752853463,114.0
point_gbdt_safety,FOODS_3_479_TX_3,1254.297555586499,1113.5639291720404,140.7336264144585,0.0,0.8420498020039747,0.9102564102564102,0.08974358974358974,14.276460630410774,99.0
point_gbdt_safety,FOODS_3_481_TX_2,1152.1273574124325,1152.1273574124325,0.0,0.0,1.0,1.0,0.0,14.770863556569648,32.0
point_gbdt_safety,FOODS_3_498_TX_1,2892.932506488258,1715.7683800820475,1177.1641264062102,0.0,0.5938011986175947,0.8205128205128205,0.1794871794871795,21.997030513872403,322.0
point_gbdt_safety,FOODS_3_499_TX_1,4517.518392202743,2387.7981161219914,2129.7202760807513,0.0,0.7145529719768461,0.6794871794871795,0.32051282051282054,30.61279636053835,829.0
point_gbdt_safety,FOODS_3_502_TX_2,1652.1123812739704,1083.1853468116692,568.9270344623012,0.0,0.6975401199030828,0.782051282051282,0.21794871794871795,13.88699162579063,209.0
point_gbdt_safety,FOODS_3_511_CA_1,8923.858062099567,3889.8706106856016,5033.9874514139665,0.0,0.6946878061976003,0.6282051282051282,0.3717948717948718,49.87013603443079,1832.0
point_gbdt_safety,FOODS_3_511_WI_2,5256.308777480244,2523.6491402553993,2732.6596372248455,0.0,0.5863367185551248,0.6794871794871795,0.32051282051282054,32.3544761571205,734.0
point_gbdt_safety,FOODS_3_512_CA_1,1191.4884451442915,1191.4884451442915,0.0,0.0,1.0,1.0,0.0,15.275492886465276,12.0
point_gbdt_safety,FOODS_3_513_CA_1,1146.4482322181716,989.3792026942101,157.06902952396138,0.0,0.8726123037113046,0.8974358974358975,0.10256410256410256,12.684348752489873,137.0
point_gbdt_safety,FOODS_3_514_CA_2,1796.357648364799,1241.713740961008,554.643907403791,0.0,0.7211443401690342,0.7692307692307693,0.23076923076923078,15.919406935397538,221.0
point_gbdt_safety,FOODS_3_515_CA_1,1549.1842202710695,1205.807182418019,343.37703785305047,0.0,0.7991947147058185,0.8205128205128205,0.1794871794871795,15.459066441256654,190.0
point_gbdt_safety,FOODS_3_517_TX_1,1166.2817208774209,1166.2817208774209,0.0,0.0,1.0,1.0,0.0,14.952329754838729,17.0
point_gbdt_safety,FOODS_3_517_TX_3,1158.569021414312,1158.569021414312,0.0,0.0,1.0,1.0,0.0,14.85344899249118,17.0
point_gbdt_safety,FOODS_3_525_CA_4,1176.1698257683845,1137.536922036137,38.63290373224764,0.0,0.8899347472015736,0.9743589743589743,0.02564102564102564,14.583806692770986,39.0
point_gbdt_safety,FOODS_3_531_CA_3,1228.1235926105899,1228.1235926105899,0.0,0.0,1.0,1.0,0.0,15.745174264238331,57.0
point_gbdt_safety,FOODS_3_532_TX_3,1415.5400405364048,1229.5416706315552,185.99836990484965,0.0,0.8584487291439501,0.8846153846153846,0.11538461538461539,15.763354751686606,146.0
point_gbdt_safety,FOODS_3_532_WI_1,2235.5081467291748,1521.9758887016446,713.5322580275301,0.0,0.8327397426095804,0.782051282051282,0.21794871794871795,19.51251139361083,474.0
point_gbdt_safety,FOODS_3_533_TX_3,1260.185932085055,1178.0617539516695,82.12417813338527,0.0,0.9170462847137523,0.9358974358974359,0.0641025641025641,15.1033558198932,110.0
point_gbdt_safety,FOODS_3_533_WI_3,1326.441557619078,1235.226457232593,91.21510038648496,0.0,0.9443131255271765,0.9487179487179487,0.05128205128205128,15.83623663118709,182.0
point_gbdt_safety,FOODS_3_538_WI_1,1414.8039830029143,1380.7260639535853,34.077919049329104,0.0,0.9750892404610167,0.9743589743589743,0.02564102564102564,17.701616204533146,152.0
point_gbdt_safety,FOODS_3_544_TX_2,1107.5795199502516,1107.5795199502516,0.0,0.0,1.0,1.0,0.0,14.199737435259635,59.0
point_gbdt_safety,FOODS_3_545_CA_2,1153.6749237923282,1153.6749237923282,0.0,0.0,1.0,1.0,0.0,14.790704151183695,41.0
point_gbdt_safety,FOODS_3_546_CA_1,2583.8546513649835,1418.8390681789438,1165.01558318604,0.0,0.592936553743522,0.717948717948718,0.28205128205128205,18.190244463832613,318.0
point_gbdt_safety,FOODS_3_546_CA_3,2250.230171707796,1553.8620029399103,696.3681687678859,0.0,0.7520056379031745,0.8076923076923077,0.19230769230769232,19.92130772999885,312.0
point_gbdt_safety,FOODS_3_550_TX_1,1227.963567705326,1227.963567705326,0.0,0.0,1.0,1.0,0.0,15.743122662888796,14.0
point_gbdt_safety,FOODS_3_555_CA_3,11502.63798733885,5406.936294002695,6095.701693336156,0.0,0.7011031826352773,0.717948717948718,0.28205128205128205,69.31969607695763,2266.0
point_gbdt_safety,FOODS_3_558_CA_4,1182.8009714289694,1182.8009714289694,0.0,0.0,1.0,1.0,0.0,15.164115018320121,0.0
point_gbdt_safety,FOODS_3_563_WI_1,1467.8412748738492,1467.8412748738492,0.0,0.0,1.0,1.0,0.0,18.818477882998067,11.0
point_gbdt_safety,FOODS_3_573_WI_2,1619.8007000092443,1442.037624161358,177.76307584788626,0.0,0.8717438125195626,0.9102564102564102,0.08974358974358974,18.48766184822254,154.0
point_gbdt_safety,FOODS_3_575_CA_1,1122.4983142697963,1112.936560004979,9.561754264817434,0.0,0.9795689011435524,0.9743589743589743,0.02564102564102564,14.268417435961268,52.0
point_gbdt_safety,FOODS_3_575_WI_1,1113.1654820003048,1113.1654820003048,0.0,0.0,1.0,1.0,0.0,14.27135233333724,42.0
point_gbdt_safety,FOODS_3_575_WI_2,1135.0402127328582,1135.0402127328582,0.0,0.0,1.0,1.0,0.0,14.551797599139208,40.0
point_gbdt_safety,FOODS_3_578_WI_1,4665.678603969912,4665.678603969912,0.0,0.0,1.0,1.0,0.0,59.816392358588615,0.0
point_gbdt_safety,FOODS_3_580_CA_1,2791.188224912483,2215.1414021670375,576.0468227454455,0.0,0.7746295685659446,0.8333333333333334,0.16666666666666666,28.39924874573125,284.0
point_gbdt_safety,FOODS_3_580_CA_3,5356.595696526586,3800.97024551879,1555.6254510077958,0.0,0.6978194539611896,0.7692307692307693,0.23076923076923078,48.73038776306141,572.0
point_gbdt_safety,FOODS_3_582_CA_1,1144.8775353602093,967.8582357746274,177.01929958558188,0.0,0.701987711135384,0.8846153846153846,0.11538461538461539,12.40843892018753,66.0
point_gbdt_safety,FOODS_3_585_WI_1,1034.0413173899249,994.1576693209367,39.88364806898817,0.0,0.9113696709578041,0.9487179487179487,0.05128205128205128,12.745611145140215,50.0
point_gbdt_safety,FOODS_3_588_WI_3,1191.5329185958228,1172.0529893032217,19.479929292601128,0.0,0.9762149825487165,0.9871794871794872,0.01282051282051282,15.02632037568233,91.0
point_gbdt_safety,FOODS_3_596_WI_1,1355.6951234950939,1111.0916874534535,244.6034360416404,0.0,0.8290681788667781,0.8589743589743589,0.14102564102564102,14.244765223762224,159.0
point_gbdt_safety,FOODS_3_599_TX_3,1750.6263398535905,1750.6263398535905,0.0,0.0,1.0,1.0,0.0,22.44392743402039,2.0
point_gbdt_safety,FOODS_3_605_WI_3,1097.2770013572474,1097.2770013572474,0.0,0.0,1.0,1.0,0.0,14.067653863554455,38.0
point_gbdt_safety,FOODS_3_606_TX_3,1209.5391021530668,1126.4258954835561,83.11320666951073,0.0,0.8579261424452809,0.9358974358974359,0.0641025641025641,14.441357634404566,65.0
point_gbdt_safety,FOODS_3_608_CA_3,1354.876249494725,1329.0897993051037,25.786450189621334,0.0,0.943820369957252,0.9743589743589743,0.02564102564102564,17.039612811603895,51.0
point_gbdt_safety,FOODS_3_610_TX_1,1389.540168486021,1389.540168486021,0.0,0.0,1.0,1.0,0.0,17.814617544692577,16.0
point_gbdt_safety,FOODS_3_615_CA_4,1177.4815857021147,1112.2782965892388,65.20328911287591,0.0,0.9229275542400994,0.9358974358974359,0.0641025641025641,14.259978161400499,94.0
point_gbdt_safety,FOODS_3_618_WI_3,1961.3067048281532,1516.3551872340058,444.9515175941474,0.0,0.717491099940224,0.9230769230769231,0.07692307692307693,19.44045111838469,175.0
point_gbdt_safety,FOODS_3_625_TX_1,1237.4688148163323,1237.4688148163323,0.0,0.0,1.0,1.0,0.0,15.864984805337594,4.0
point_gbdt_safety,FOODS_3_626_WI_1,1207.288529912467,1207.288529912467,0.0,0.0,1.0,1.0,0.0,15.47805807580086,19.0
point_gbdt_safety,FOODS_3_626_WI_2,1208.8825326704377,1208.8825326704377,0.0,0.0,1.0,1.0,0.0,15.498494008595356,20.0
point_gbdt_safety,FOODS_3_628_WI_1,2541.971761215389,1585.1097299829646,956.8620312324242,0.0,0.6787975725973735,0.6923076923076923,0.3076923076923077,20.321919615166212,331.0
point_gbdt_safety,FOODS_3_633_WI_1,1269.8065943650975,1257.4330727184952,12.37352164660222,0.0,0.97851819158576,0.9743589743589743,0.02564102564102564,16.120936829724297,64.0
point_gbdt_safety,FOODS_3_634_CA_4,2000.2701711250781,1562.412847479766,437.8573236453122,0.0,0.78567923463274,0.782051282051282,0.21794871794871795,20.030933942048282,227.0
point_gbdt_safety,FOODS_3_638_TX_3,1113.435594484582,1092.428896807069,21.006697677513102,0.0,0.9551138938514677,0.9743589743589743,0.02564102564102564,14.005498677013703,52.0
point_gbdt_safety,FOODS_3_640_WI_2,1309.7704561804285,1286.283990449106,23.48646573132247,0.0,0.9681755206892649,0.9743589743589743,0.02564102564102564,16.490820390373155,82.0
point_gbdt_safety,FOODS_3_642_TX_3,1288.5778772043857,1288.5778772043857,0.0,0.0,1.0,1.0,0.0,16.52022919492802,57.0
point_gbdt_safety,FOODS_3_644_WI_2,1368.9119983079686,1368.9119983079686,0.0,0.0,1.0,1.0,0.0,17.550153824461137,10.0
point_gbdt_safety,FOODS_3_646_CA_2,1069.0894467098424,849.1469313691703,219.94251534067223,0.0,0.5926990456654218,0.8717948717948718,0.1282051282051282,10.886499120117568,60.0
point_gbdt_safety,FOODS_3_646_WI_3,1257.2223930036064,993.1034429218257,264.1189500817807,0.0,0.662683333228888,0.8589743589743589,0.14102564102564102,12.73209542207469,87.0
point_gbdt_safety,FOODS_3_651_CA_2,1785.0906299722308,1197.7132294136507,587.3774005585801,0.0,0.7749511875254481,0.782051282051282,0.21794871794871795,15.355297812995522,290.0
point_gbdt_safety,FOODS_3_657_CA_4,1273.3842664048682,1273.3842664048682,0.0,0.0,1.0,1.0,0.0,16.325439312882924,48.0
point_gbdt_safety,FOODS_3_658_WI_1,1302.3371434658802,1169.8300595949581,132.50708387092217,0.0,0.8036932090801153,0.9102564102564102,0.08974358974358974,14.997821276858437,75.0
point_gbdt_safety,FOODS_3_658_WI_3,1140.0210902231267,1140.0210902231267,0.0,0.0,1.0,1.0,0.0,14.6156550028606,38.0
point_gbdt_safety,FOODS_3_662_WI_2,1215.5241408066138,1215.5241408066138,0.0,0.0,1.0,1.0,0.0,15.583642830854023,11.0
point_gbdt_safety,FOODS_3_663_CA_1,2496.0,2496.0,0.0,0.0,1.0,1.0,0.0,32.0,0.0
point_gbdt_safety,FOODS_3_663_TX_2,1175.4633347568772,1085.3601843194572,90.10315043742004,0.0,0.8808159385748413,0.9102564102564102,0.08974358974358974,13.914874157941759,84.0
point_gbdt_safety,FOODS_3_667_TX_3,1160.7915875608403,1160.7915875608403,0.0,0.0,1.0,1.0,0.0,14.881943430267183,13.0
point_gbdt_safety,FOODS_3_668_WI_3,3556.9257571974777,1957.769841518777,1599.1559156787007,0.0,0.755256211252112,0.7051282051282052,0.2948717948717949,25.099613352804834,726.0
point_gbdt_safety,FOODS_3_669_TX_1,1489.0301041487735,1100.4526916020154,388.5774125467581,0.0,0.7532841825099948,0.7948717948717948,0.20512820512820512,14.10836784105148,175.0
point_gbdt_safety,FOODS_3_670_CA_4,1283.891550584112,1283.891550584112,0.0,0.0,1.0,1.0,0.0,16.460148084411692,21.0
point_gbdt_safety,FOODS_3_672_TX_2,4509.673116750086,1901.7957727635094,2607.877343986576,0.0,0.6350577464334487,0.6410256410256411,0.358974358974359,24.38199708671166,794.0
point_gbdt_safety,FOODS_3_677_WI_2,1174.9498231235705,1153.9253925068376,21.024430616732786,0.0,0.96926252833811,0.9615384615384616,0.038461538461538464,14.7939152885492,76.0
point_gbdt_safety,FOODS_3_691_WI_1,1226.079710345069,1226.079710345069,0.0,0.0,1.0,1.0,0.0,15.718970645449604,31.0
point_gbdt_safety,FOODS_3_693_WI_2,1261.4881042200868,1261.4881042200868,0.0,0.0,1.0,1.0,0.0,16.172924413078036,7.0
point_gbdt_safety,FOODS_3_694_WI_3,16144.629407711935,7558.41245196406,8586.216955747876,0.0,0.7331401101554662,0.7051282051282052,0.2948717948717949,96.90272374312897,3575.0
point_gbdt_safety,FOODS_3_705_TX_2,1199.6994018453515,1199.6994018453515,0.0,0.0,1.0,1.0,0.0,15.380761562119892,47.0
point_gbdt_safety,FOODS_3_711_CA_3,7191.688114936551,3348.710081458947,3842.9780334776033,0.0,0.5979307351456787,0.6794871794871795,0.32051282051282054,42.93218053152496,1062.0
point_gbdt_safety,FOODS_3_712_CA_3,1599.1050444096586,1197.9191387680662,401.1859056415923,0.0,0.7314686039882247,0.8589743589743589,0.14102564102564102,15.35793767651367,166.0
point_gbdt_safety,FOODS_3_718_TX_1,1224.7326363038505,1224.7326363038505,0.0,0.0,1.0,1.0,0.0,15.701700465433982,6.0
point_gbdt_safety,FOODS_3_723_WI_3,11780.744689292274,5676.597759417606,6104.146929874668,0.0,0.7141851884686676,0.6538461538461539,0.34615384615384615,72.77689435150776,2373.0
point_gbdt_safety,FOODS_3_727_WI_3,2007.221913798344,1351.6121829789204,655.6097308194237,0.0,0.7479393576242123,0.7692307692307693,0.23076923076923078,17.328361320242568,289.0
point_gbdt_safety,FOODS_3_730_CA_3,1114.3473092381307,1114.3473092381307,0.0,0.0,1.0,1.0,0.0,14.28650396459142,99.0
point_gbdt_safety,FOODS_3_734_TX_1,3071.9957838920104,2298.1426016629825,773.8531822290278,0.0,0.8330413846323564,0.8205128205128205,0.1794871794871795,29.463366687986955,515.0
point_gbdt_safety,FOODS_3_735_CA_4,1119.6268199176575,1119.6268199176575,0.0,0.0,1.0,1.0,0.0,14.354189998944326,28.0
point_gbdt_safety,FOODS_3_745_TX_3,1386.5094854095096,1386.5094854095096,0.0,0.0,1.0,1.0,0.0,17.77576263345525,0.0
point_gbdt_safety,FOODS_3_746_CA_4,1468.4498127745783,1203.4601402914957,264.9896724830825,0.0,0.8236928326792531,0.8205128205128205,0.1794871794871795,15.428976157583278,167.0
point_gbdt_safety,FOODS_3_749_CA_1,2005.1710603786732,1875.3920366857403,129.779023692933,0.0,0.7969029363177887,0.9743589743589743,0.02564102564102564,24.043487649817184,71.0
point_gbdt_safety,FOODS_3_750_CA_2,1489.0,1057.0,432.0,0.0,0.29411764705882354,0.782051282051282,0.21794871794871795,13.551282051282051,68.0
point_gbdt_safety,FOODS_3_753_TX_2,1484.6756810598283,1247.7822741598047,236.89340690002365,0.0,0.872843045142231,0.8974358974358975,0.10256410256410256,15.99720864307442,207.0
point_gbdt_safety,FOODS_3_755_TX_3,1348.9301257609695,1207.4925613935209,141.43756436744854,0.0,0.8488914910604183,0.9358974358974359,0.0641025641025641,15.480673864019499,104.0
point_gbdt_safety,FOODS_3_756_WI_3,3024.3220376267964,1614.458094907691,1409.8639427191051,0.0,0.6964117263740084,0.6538461538461539,0.34615384615384615,20.698180703944757,516.0
point_gbdt_safety,FOODS_3_757_CA_3,6761.3000000000075,5252.000000000007,1509.3,0.0,0.42764505119453927,0.7948717948717948,0.20512820512820512,67.33333333333343,293.0
point_gbdt_safety,FOODS_3_763_TX_2,1105.2284719161426,1105.2284719161426,0.0,0.0,1.0,1.0,0.0,14.169595793796699,10.0
point_gbdt_safety,FOODS_3_766_TX_3,1151.7301866030805,1151.7301866030805,0.0,0.0,1.0,1.0,0.0,14.765771623116416,17.0
point_gbdt_safety,FOODS_3_768_CA_2,1280.4803369195283,995.8856961007397,284.5946408187888,0.0,0.8071852026972977,0.8333333333333334,0.16666666666666666,12.767765334624867,164.0
point_gbdt_safety,FOODS_3_770_WI_3,1230.7004643380928,1230.7004643380928,0.0,0.0,1.0,1.0,0.0,15.7782110812576,47.0
point_gbdt_safety,FOODS_3_774_WI_2,1086.9931756746391,1086.9931756746391,0.0,0.0,1.0,1.0,0.0,13.935809944546655,49.0
point_gbdt_safety,FOODS_3_779_CA_1,1262.3888816712881,1262.3888816712881,0.0,0.0,1.0,1.0,0.0,16.18447284193959,27.0
point_gbdt_safety,FOODS_3_783_CA_1,2019.7676163799995,1439.7531766525337,580.0144397274657,0.0,0.8023127335625543,0.8333333333333334,0.16666666666666666,18.45837405964787,326.0
point_gbdt_safety,FOODS_3_783_TX_3,3286.0,3052.0,234.0,0.0,0.7291666666666666,0.8974358974358975,0.10256410256410256,39.12820512820513,96.0
point_gbdt_safety,FOODS_3_786_CA_2,1157.476255663769,1035.479641241851,121.99661442191804,0.0,0.8090819805603786,0.9230769230769231,0.07692307692307693,13.275380015921165,71.0
point_gbdt_safety,FOODS_3_788_WI_2,1318.5374596598253,1168.6666486226577,149.87081103716756,0.0,0.8874843760982226,0.9230769230769231,0.07692307692307693,14.982905751572535,148.0
point_gbdt_safety,FOODS_3_791_CA_4,1155.2428775925184,1155.2428775925184,0.0,0.0,1.0,1.0,0.0,14.810806122981006,53.0
point_gbdt_safety,FOODS_3_791_WI_2,1558.3761124460466,1558.3761124460466,0.0,0.0,1.0,1.0,0.0,19.97918092879547,37.0
point_gbdt_safety,FOODS_3_792_CA_1,1404.583070765955,1121.819519649522,282.76355111643306,0.0,0.8048560723834142,0.8589743589743589,0.14102564102564102,14.38230153396823,161.0
point_gbdt_safety,FOODS_3_793_WI_1,1244.5739837151484,1093.7313135466136,150.84267016853477,0.0,0.9248417188995841,0.9487179487179487,0.05128205128205128,14.022196327520687,223.0
point_gbdt_safety,FOODS_3_795_WI_2,1927.2557017703252,1507.6880318102926,419.56766996003256,0.0,0.833504892873003,0.7948717948717948,0.20512820512820512,19.329333741157598,280.0
point_gbdt_safety,FOODS_3_799_TX_1,1213.2985192970025,1213.2985192970025,0.0,0.0,1.0,1.0,0.0,15.555109221756442,6.0
point_gbdt_safety,FOODS_3_802_WI_3,1184.1569037419567,1184.1569037419567,0.0,0.0,1.0,1.0,0.0,15.181498765922523,30.0
point_gbdt_safety,FOODS_3_805_TX_1,1240.0721126607955,1139.1474249733342,100.92468768746141,0.0,0.9065512151042024,0.9358974358974359,0.0641025641025641,14.604454166324798,120.0
point_gbdt_safety,FOODS_3_806_CA_1,1255.4089030666391,1255.4089030666391,0.0,0.0,1.0,1.0,0.0,16.094985936751783,21.0
point_gbdt_safety,FOODS_3_806_CA_4,1254.0842205497063,1254.0842205497063,0.0,0.0,1.0,1.0,0.0,16.078002827560336,10.0
point_gbdt_safety,FOODS_3_809_CA_1,1553.4941791441797,1096.973247894692,456.5209312494878,0.0,0.725813254504812,0.8589743589743589,0.14102564102564102,14.063759588393486,185.0
point_gbdt_safety,FOODS_3_810_WI_2,1246.215973540401,1198.0159429539897,48.20003058641128,0.0,0.8835748053468326,0.9487179487179487,0.05128205128205128,15.35917875582038,46.0
point_gbdt_safety,FOODS_3_813_TX_1,1047.4522739681634,1047.4522739681634,0.0,0.0,1.0,1.0,0.0,13.428875307284146,27.0
point_gbdt_safety,FOODS_3_814_CA_3,1698.7686972105985,1382.0181430377565,316.75055417284204,0.0,0.8283194828331479,0.8589743589743589,0.14102564102564102,17.71818132099688,205.0
point_gbdt_safety,FOODS_3_818_CA_3,2145.7944268059027,1768.7193713018773,377.0750555040256,0.0,0.8949944150643203,0.8076923076923077,0.19230769230769232,22.675889375665093,399.0
point_gbdt_safety,FOODS_3_821_TX_2,1051.7388391595805,1051.7388391595805,0.0,0.0,1.0,1.0,0.0,13.483831271276673,52.0
point_gbdt_safety,FOODS_3_824_TX_3,1129.8408152355269,1129.8408152355269,0.0,0.0,1.0,1.0,0.0,14.485138656865729,5.0
point_gbdt_safety,HOBBIES_1_004_WI_3,1741.116727024028,1741.116727024028,0.0,0.0,1.0,1.0,0.0,22.32200932082087,134.0
point_gbdt_safety,HOBBIES_1_005_WI_1,1090.6875312193424,1089.2302454936619,1.4572857256804923,0.0,0.9974699900595825,0.9871794871794872,0.01282051282051282,13.964490326841819,64.0
point_gbdt_safety,HOBBIES_1_009_CA_1,1186.312782169824,1186.312782169824,0.0,0.0,1.0,1.0,0.0,15.209138232946461,28.0
point_gbdt_safety,HOBBIES_1_009_CA_4,1526.851492229649,1526.851492229649,0.0,0.0,1.0,1.0,0.0,19.575019131149347,136.0
point_gbdt_safety,HOBBIES_1_010_CA_3,1117.2256657129415,1099.1732450491083,18.0524206638331,0.0,0.9598835096359264,0.9743589743589743,0.02564102564102564,14.091964680116774,50.0
point_gbdt_safety,HOBBIES_1_012_TX_2,1148.6589898024447,1148.6589898024447,0.0,0.0,1.0,1.0,0.0,14.726397305159548,20.0
point_gbdt_safety,HOBBIES_1_023_CA_3,1344.7724083286637,998.1224899737842,346.64991835487945,0.0,0.724881017178667,0.8461538461538461,0.15384615384615385,12.79644217915108,140.0
point_gbdt_safety,HOBBIES_1_026_CA_4,1090.4760937376382,1090.4760937376382,0.0,0.0,1.0,1.0,0.0,13.98046274022613,59.0
point_gbdt_safety,HOBBIES_1_027_CA_1,1145.5641575800098,1145.5641575800098,0.0,0.0,1.0,1.0,0.0,14.686719968974485,34.0
point_gbdt_safety,HOBBIES_1_028_WI_3,1130.9394264569853,1130.9394264569853,0.0,0.0,1.0,1.0,0.0,14.499223416115196,25.0
point_gbdt_safety,HOBBIES_1_029_WI_3,1182.6963405867866,1182.6963405867866,0.0,0.0,1.0,1.0,0.0,15.162773597266495,15.0
point_gbdt_safety,HOBBIES_1_030_WI_2,1325.3102608619483,1219.2282908174518,106.08197004449652,0.0,0.8690346048833376,0.9358974358974359,0.0641025641025641,15.631131933557075,90.0
point_gbdt_safety,HOBBIES_1_032_CA_2,3901.9251573041975,2224.8596659650552,1677.0654913391425,0.0,0.6648550177179972,0.7692307692307693,0.23076923076923078,28.52384187134686,556.0
point_gbdt_safety,HOBBIES_1_043_TX_2,1141.6489064170794,1118.4196851086213,23.22922130845821,0.0,0.9699880861647827,0.9871794871794872,0.01282051282051282,14.338713911648991,86.0
point_gbdt_safety,HOBBIES_1_043_WI_3,1669.3173521842984,1180.222234076876,489.0951181074224,0.0,0.709390898331894,0.8205128205128205,0.1794871794871795,15.131054283036873,187.0
point_gbdt_safety,HOBBIES_1_045_CA_4,1250.4405631291427,1250.4405631291427,0.0,0.0,1.0,1.0,0.0,16.031289270886443,14.0
point_gbdt_safety,HOBBIES_1_050_TX_3,950.9270753762632,947.3281261132514,3.598949263011818,0.0,0.9904789702036725,0.9871794871794872,0.01282051282051282,12.145232386067326,42.0
point_gbdt_safety,HOBBIES_1_054_CA_4,1122.4059760261248,1122.4059760261248,0.0,0.0,1.0,1.0,0.0,14.389820205463138,13.0
point_gbdt_safety,HOBBIES_1_057_WI_1,1093.6527030050197,1093.6527030050197,0.0,0.0,1.0,1.0,0.0,14.021188500064355,68.0
point_gbdt_safety,HOBBIES_1_061_CA_4,1156.7455984348271,1156.7455984348271,0.0,0.0,1.0,1.0,0.0,14.830071774805475,10.0
point_gbdt_safety,HOBBIES_1_065_CA_4,1169.4141667240176,1169.4141667240176,0.0,0.0,1.0,1.0,0.0,14.992489316974584,7.0
point_gbdt_safety,HOBBIES_1_070_WI_2,1134.7011858722835,1134.7011858722835,0.0,0.0,1.0,1.0,0.0,14.547451100926711,10.0
point_gbdt_safety,HOBBIES_1_073_CA_2,1112.2955685313407,1045.8645085293388,66.43106000200181,0.0,0.8705047563313805,0.9487179487179487,0.05128205128205128,13.408519340119728,57.0
point_gbdt_safety,HOBBIES_1_074_TX_2,1058.891635584229,1058.891635584229,0.0,0.0,1.0,1.0,0.0,13.5755337895414,69.0
point_gbdt_safety,HOBBIES_1_086_CA_3,1208.8958862374227,1100.6937617581866,108.20212447923605,0.0,0.8916895650858498,0.8846153846153846,0.11538461538461539,14.111458484079316,111.0
point_gbdt_safety,HOBBIES_1_092_CA_3,1153.6688484411136,1153.6688484411136,0.0,0.0,1.0,1.0,0.0,14.790626262065558,33.0
point_gbdt_safety,HOBBIES_1_092_TX_1,1136.417356869379,1136.417356869379,0.0,0.0,1.0,1.0,0.0,14.569453293197167,29.0
point_gbdt_safety,HOBBIES_1_103_CA_2,2385.867086331779,1550.9680047222682,834.8990816095105,0.0,0.7341932245751319,0.7692307692307693,0.23076923076923078,19.88420518874703,349.0
point_gbdt_safety,HOBBIES_1_106_TX_3,1166.0901206044055,1166.0901206044055,0.0,0.0,1.0,1.0,0.0,14.949873341082121,31.0
point_gbdt_safety,HOBBIES_1_106_WI_3,1176.2920202999628,1176.2920202999628,0.0,0.0,1.0,1.0,0.0,15.0806669269226,11.0
point_gbdt_safety,HOBBIES_1_107_WI_2,1177.6779827124203,1177.6779827124203,0.0,0.0,1.0,1.0,0.0,15.09843567580026,50.0
point_gbdt_safety,HOBBIES_1_108_CA_3,1221.6119292603328,1221.6119292603328,0.0,0.0,1.0,1.0,0.0,15.661691400773497,65.0
point_gbdt_safety,HOBBIES_1_109_CA_3,1152.8571504226445,1152.8571504226445,0.0,0.0,1.0,1.0,0.0,14.78021987721339,34.0
point_gbdt_safety,HOBBIES_1_110_CA_3,1254.198022566503,1254.198022566503,0.0,0.0,1.0,1.0,0.0,16.079461827775678,21.0
point_gbdt_safety,HOBBIES_1_110_WI_3,1132.9316144070951,1132.9316144070951,0.0,0.0,1.0,1.0,0.0,14.52476428727045,12.0
point_gbdt_safety,HOBBIES_1_113_TX_2,1237.3767255662897,1237.3767255662897,0.0,0.0,1.0,1.0,0.0,15.863804173926791,21.0
point_gbdt_safety,HOBBIES_1_116_CA_1,1023.3730321922744,992.030335901237,31.342696291037488,0.0,0.9289281263241781,0.9487179487179487,0.05128205128205128,12.718337639759449,49.0
point_gbdt_safety,HOBBIES_1_116_WI_3,1159.6349661161096,1159.6349661161096,0.0,0.0,1.0,1.0,0.0,14.867114950206533,11.0
point_gbdt_safety,HOBBIES_1_117_CA_1,1125.8694176554832,1125.8694176554832,0.0,0.0,1.0,1.0,0.0,14.434223303275425,19.0
point_gbdt_safety,HOBBIES_1_122_WI_3,1224.5020000652376,1224.5020000652376,0.0,0.0,1.0,1.0,0.0,15.69874359057997,8.0
point_gbdt_safety,HOBBIES_1_124_TX_3,1134.8289373673263,1134.8289373673263,0.0,0.0,1.0,1.0,0.0,14.549088940606747,26.0
point_gbdt_safety,HOBBIES_1_133_WI_1,1161.4246381278624,1161.4246381278624,0.0,0.0,1.0,1.0,0.0,14.890059463177723,0.0
point_gbdt_safety,HOBBIES_1_134_CA_4,1681.2936725151872,1375.6432545742325,305.6504179409546,0.0,0.8510475546096713,0.8461538461538461,0.15384615384615385,17.63645198172093,228.0
point_gbdt_safety,HOBBIES_1_135_WI_1,1159.2360709754055,1159.2360709754055,0.0,0.0,1.0,1.0,0.0,14.862000909941097,51.0
point_gbdt_safety,HOBBIES_1_137_TX_1,1104.8607472251033,1104.8607472251033,0.0,0.0,1.0,1.0,0.0,14.164881374680812,48.0
point_gbdt_safety,HOBBIES_1_143_WI_1,1058.474668468268,1058.474668468268,0.0,0.0,1.0,1.0,0.0,13.570188057285486,22.0
point_gbdt_safety,HOBBIES_1_151_TX_1,1025.086358792639,1025.086358792639,0.0,0.0,1.0,1.0,0.0,13.142132805033834,53.0
point_gbdt_safety,HOBBIES_1_152_CA_1,1203.764375865454,1203.764375865454,0.0,0.0,1.0,1.0,0.0,15.432876613659667,70.0
point_gbdt_safety,HOBBIES_1_152_CA_3,1206.4519362845012,1206.4519362845012,0.0,0.0,1.0,1.0,0.0,15.467332516467964,65.0
point_gbdt_safety,HOBBIES_1_155_CA_2,1176.2628161731702,1017.769384233849,158.49343193932114,0.0,0.8384368685633832,0.8846153846153846,0.11538461538461539,13.0483254388955,109.0
point_gbdt_safety,HOBBIES_1_162_TX_1,1160.651751319343,1160.651751319343,0.0,0.0,1.0,1.0,0.0,14.880150657940295,6.0
point_gbdt_safety,HOBBIES_1_162_TX_2,1135.3296723953165,1135.3296723953165,0.0,0.0,1.0,1.0,0.0,14.555508620452775,26.0
point_gbdt_safety,HOBBIES_1_170_TX_2,1125.7661418996845,1125.7661418996845,0.0,0.0,1.0,1.0,0.0,14.43289925512416,14.0
point_gbdt_safety,HOBBIES_1_173_CA_4,1089.7284343074098,1089.7284343074098,0.0,0.0,1.0,1.0,0.0,13.97087736291551,20.0
point_gbdt_safety,HOBBIES_1_175_WI_1,1165.7962866083883,1165.7962866083883,0.0,0.0,1.0,1.0,0.0,14.946106238569081,12.0
point_gbdt_safety,HOBBIES_1_176_TX_3,963.4167269043879,963.4167269043879,0.0,0.0,1.0,1.0,0.0,12.351496498774205,53.0
point_gbdt_safety,HOBBIES_1_184_CA_1,1171.6090542464792,1171.6090542464792,0.0,0.0,1.0,1.0,0.0,15.020628900595888,10.0
point_gbdt_safety,HOBBIES_1_186_TX_1,1129.4008125914806,1129.4008125914806,0.0,0.0,1.0,1.0,0.0,14.479497597326676,12.0
point_gbdt_safety,HOBBIES_1_187_CA_2,1066.7908079217361,1066.7908079217361,0.0,0.0,1.0,1.0,0.0,13.676805229765847,22.0
point_gbdt_safety,HOBBIES_1_190_TX_2,1161.905975455927,1161.905975455927,0.0,0.0,1.0,1.0,0.0,14.896230454563169,11.0
point_gbdt_safety,HOBBIES_1_194_TX_3,1286.8330576492524,1220.018412271459,66.8146453777934,0.0,0.9370860213015129,0.9487179487179487,0.05128205128205128,15.641261695787936,118.0
point_gbdt_safety,HOBBIES_1_200_CA_4,1090.4816155429435,1070.881941767389,19.599673775554393,0.0,0.9564451693876569,0.9743589743589743,0.02564102564102564,13.729255663684475,50.0
point_gbdt_safety,HOBBIES_1_209_CA_3,3615.341582870953,2177.9364483601507,1437.4051345108023,0.0,0.6713751407154086,0.7307692307692307,0.2692307692307692,27.92226215846347,486.0
point_gbdt_safety,HOBBIES_1_212_CA_2,1174.4539223570364,1174.4539223570364,0.0,0.0,1.0,1.0,0.0,15.057101568679954,6.0
point_gbdt_safety,HOBBIES_1_232_WI_3,1168.7739457052237,1168.7739457052237,0.0,0.0,1.0,1.0,0.0,14.984281355195176,48.0
point_gbdt_safety,HOBBIES_1_239_TX_1,1126.1249853936151,1126.1249853936151,0.0,0.0,1.0,1.0,0.0,14.437499812738656,16.0
point_gbdt_safety,HOBBIES_1_240_CA_2,1152.142206851964,1046.5762911113543,105.56591574060963,0.0,0.886120910743679,0.9102564102564102,0.08974358974358974,13.417644757837875,103.0
point_gbdt_safety,HOBBIES_1_242_TX_3,1161.6573853327895,1161.6573853327895,0.0,0.0,1.0,1.0,0.0,14.89304340170243,43.0
point_gbdt_safety,HOBBIES_1_245_TX_1,1109.0853806133898,1109.0853806133898,0.0,0.0,1.0,1.0,0.0,14.219043341197306,10.0
point_gbdt_safety,HOBBIES_1_245_WI_1,1065.1196625140462,1065.1196625140462,0.0,0.0,1.0,1.0,0.0,13.655380288641618,32.0
point_gbdt_safety,HOBBIES_1_252_TX_1,1078.6033753805089,1012.1832394697467,66.42013591076218,0.0,0.8682140160500751,0.9615384615384616,0.038461538461538464,12.976708198330085,56.0
point_gbdt_safety,HOBBIES_1_257_CA_2,1143.8625716931122,1143.8625716931122,0.0,0.0,1.0,1.0,0.0,14.66490476529631,19.0
point_gbdt_safety,HOBBIES_1_261_WI_3,1793.6289111387587,1185.7558668179956,607.8730443207629,0.0,0.6226734672124377,0.9230769230769231,0.07692307692307693,15.201998292538406,179.0
point_gbdt_safety,HOBBIES_1_264_TX_2,1095.131776837873,1095.131776837873,0.0,0.0,1.0,1.0,0.0,14.040150985100937,34.0
point_gbdt_safety,HOBBIES_1_267_CA_3,1250.97871740493,1250.97871740493,0.0,0.0,1.0,1.0,0.0,16.03818868467859,14.0
point_gbdt_safety,HOBBIES_1_267_WI_2,1136.162871074335,1136.162871074335,0.0,0.0,1.0,1.0,0.0,14.566190654799167,6.0
point_gbdt_safety,HOBBIES_1_277_CA_1,1242.011720218193,1242.011720218193,0.0,0.0,1.0,1.0,0.0,15.923227182284526,17.0
point_gbdt_safety,HOBBIES_1_279_CA_4,1140.1829755415893,1140.1829755415893,0.0,0.0,1.0,1.0,0.0,14.6177304556614,52.0
point_gbdt_safety,HOBBIES_1_279_TX_3,1084.215708906079,1084.215708906079,0.0,0.0,1.0,1.0,0.0,13.900201396231783,71.0
point_gbdt_safety,HOBBIES_1_285_CA_4,1165.739788449049,1165.739788449049,0.0,0.0,1.0,1.0,0.0,14.945381903192937,8.0
point_gbdt_safety,HOBBIES_1_287_WI_1,1160.1578017120894,1160.1578017120894,0.0,0.0,1.0,1.0,0.0,14.873817970667814,38.0
point_gbdt_safety,HOBBIES_1_289_WI_1,1063.2003389719691,985.6960885690535,77.5042504029156,0.0,0.8611034939015849,0.9615384615384616,0.038461538461538464,12.63712934062889,62.0
point_gbdt_safety,HOBBIES_1_290_CA_4,1207.7281298878506,1207.7281298878506,0.0,0.0,1.0,1.0,0.0,15.483693972921161,3.0
point_gbdt_safety,HOBBIES_1_296_CA_1,1092.427797242904,1092.427797242904,0.0,0.0,1.0,1.0,0.0,14.005484580037232,36.0
point_gbdt_safety,HOBBIES_1_297_CA_1,1202.6706609255768,1044.8395541031557,157.8311068224212,0.0,0.90035914973332,0.8974358974358975,0.10256410256410256,13.395378898758407,176.0
point_gbdt_safety,HOBBIES_1_306_CA_4,1135.2280084013778,1135.2280084013778,0.0,0.0,1.0,1.0,0.0,14.5542052359151,43.0
point_gbdt_safety,HOBBIES_1_306_WI_3,1156.466247353707,1156.466247353707,0.0,0.0,1.0,1.0,0.0,14.826490350688553,17.0
point_gbdt_safety,HOBBIES_1_309_WI_1,1033.5388555735585,1033.5388555735585,0.0,0.0,1.0,1.0,0.0,13.250498148378956,16.0
point_gbdt_safety,HOBBIES_1_312_TX_3,1009.2695177762682,1001.1045847221063,8.164933054161892,0.0,0.9875724002219758,0.9871794871794872,0.01282051282051282,12.834674163103927,73.0
point_gbdt_safety,HOBBIES_1_319_TX_1,1392.8726037804022,1215.7820031929978,177.09060058740434,0.0,0.8542464192696261,0.8974358974358975,0.10256410256410256,15.586948758884587,135.0
point_gbdt_safety,HOBBIES_1_323_CA_3,1244.3217658228486,987.4560693225585,256.86569650029,0.0,0.7621613921293611,0.8333333333333334,0.16666666666666666,12.659693196443058,120.0
point_gbdt_safety,HOBBIES_1_328_TX_1,1170.0718086938934,1170.0718086938934,0.0,0.0,1.0,1.0,0.0,15.000920624280685,7.0
point_gbdt_safety,HOBBIES_1_332_WI_1,1059.5433249596842,1031.6078629702406,27.935461989443727,0.0,0.949115734081159,0.9615384615384616,0.038461538461538464,13.225741832951803,61.0
point_gbdt_safety,HOBBIES_1_333_CA_2,966.2537425924429,922.6484426057546,43.60529998668838,0.0,0.9242963541897771,0.9487179487179487,0.05128205128205128,11.828826187253263,64.0
point_gbdt_safety,HOBBIES_1_333_TX_1,1158.6686972970667,1158.6686972970667,0.0,0.0,1.0,1.0,0.0,14.854726888423933,14.0
point_gbdt_safety,HOBBIES_1_334_TX_1,1122.9476904732428,1122.9476904732428,0.0,0.0,1.0,1.0,0.0,14.396765262477471,11.0
point_gbdt_safety,HOBBIES_1_344_CA_3,1199.2844845531515,1127.992510199431,71.29197435372053,0.0,0.9138985816984051,0.9358974358974359,0.0641025641025641,14.461442438454245,92.0
point_gbdt_safety,HOBBIES_1_346_CA_4,1157.8051716263103,1157.8051716263103,0.0,0.0,1.0,1.0,0.0,14.843656046491159,19.0
point_gbdt_safety,HOBBIES_1_348_CA_4,4792.686655860106,3164.9458248396722,1627.7408310204337,0.0,0.5631398735854982,0.7051282051282052,0.2948717948717949,40.57622852358554,414.0
point_gbdt_safety,HOBBIES_1_352_CA_2,1197.2366822123615,1157.1673058677366,40.06937634462488,0.0,0.9476217302684641,0.9487179487179487,0.05128205128205128,14.835478280355597,85.0
point_gbdt_safety,HOBBIES_1_361_CA_4,1092.3468737114483,1092.3468737114483,0.0,0.0,1.0,1.0,0.0,14.004447098864722,30.0
point_gbdt_safety,HOBBIES_1_362_WI_2,1195.095725189059,1195.095725189059,0.0,0.0,1.0,1.0,0.0,15.321740066526399,4.0
point_gbdt_safety,HOBBIES_1_367_TX_1,1073.1748949686405,1069.8480964170715,3.326798551568917,0.0,0.9928914560863913,0.9871794871794872,0.01282051282051282,13.7160012361163,52.0
point_gbdt_safety,HOBBIES_1_368_CA_1,1063.1850246078163,1063.1850246078163,0.0,0.0,1.0,1.0,0.0,13.630577238561747,33.0
point_gbdt_safety,HOBBIES_1_372_TX_1,1074.5332906214378,1042.4048945881955,32.12839603324228,0.0,0.9450796649004406,0.9487179487179487,0.05128205128205128,13.364165315233276,65.0
point_gbdt_safety,HOBBIES_1_373_TX_1,1075.1254604859855,1075.1254604859855,0.0,0.0,1.0,1.0,0.0,13.783659749820327,46.0
point_gbdt_safety,HOBBIES_1_374_WI_3,1087.0472043358436,1087.0472043358436,0.0,0.0,1.0,1.0,0.0,13.936502619690303,17.0
point_gbdt_safety,HOBBIES_1_375_WI_1,1079.9024445302664,1079.9024445302664,0.0,0.0,1.0,1.0,0.0,13.844903135003415,8.0
point_gbdt_safety,HOBBIES_1_380_CA_2,1209.068692553491,1209.068692553491,0.0,0.0,1.0,1.0,0.0,15.500880673762705,27.0
point_gbdt_safety,HOBBIES_1_381_TX_2,1732.7106563223601,1342.444590132026,390.26606619033424,0.0,0.8640661559768953,0.8974358974358975,0.10256410256410256,17.210828078615716,319.0
point_gbdt_safety,HOBBIES_1_385_CA_1,1155.7891617927417,1155.7891617927417,0.0,0.0,1.0,1.0,0.0,14.81780976657361,8.0
point_gbdt_safety,HOBBIES_1_386_CA_3,1063.4236554478837,1063.4236554478837,0.0,0.0,1.0,1.0,0.0,13.633636608306201,15.0
point_gbdt_safety,HOBBIES_1_386_WI_3,1185.5923779478446,1185.5923779478446,0.0,0.0,1.0,1.0,0.0,15.199902281382624,6.0
point_gbdt_safety,HOBBIES_1_389_CA_3,1132.2557438092347,1132.2557438092347,0.0,0.0,1.0,1.0,0.0,14.516099279605573,21.0
point_gbdt_safety,HOBBIES_1_390_TX_1,1061.5934928182046,1061.5934928182046,0.0,0.0,1.0,1.0,0.0,13.610172984848777,15.0
point_gbdt_safety,HOBBIES_1_393_TX_2,1120.0010340640497,1120.0010340640497,0.0,0.0,1.0,1.0,0.0,14.358987616205765,19.0
point_gbdt_safety,HOBBIES_1_398_TX_3,1314.6289276047028,1314.6289276047028,0.0,0.0,1.0,1.0,0.0,16.854217020573113,34.0
point_gbdt_safety,HOBBIES_1_399_TX_3,1285.5381587046118,1285.5381587046118,0.0,0.0,1.0,1.0,0.0,16.48125844493092,5.0
point_gbdt_safety,HOBBIES_1_400_CA_3,1126.2410577210483,1027.0064124946628,99.23464522638551,0.0,0.8747037307747657,0.9487179487179487,0.05128205128205128,13.166748878136701,88.0
point_gbdt_safety,HOBBIES_1_405_TX_3,1123.3928476599406,1123.3928476599406,0.0,0.0,1.0,1.0,0.0,14.402472405896674,9.0
point_gbdt_safety,HOBBIES_1_406_CA_1,1206.4651796217531,1206.4651796217531,0.0,0.0,1.0,1.0,0.0,15.46750230284299,7.0
point_gbdt_safety,HOBBIES_1_410_TX_1,1179.639706186837,1179.639706186837,0.0,0.0,1.0,1.0,0.0,15.12358597675432,5.0
point_gbdt_safety,HOBBIES_1_415_CA_1,954.8079216843824,913.970178889535,40.83774279484747,0.0,0.927975762266583,0.9743589743589743,0.02564102564102564,11.717566396019679,63.0
point_gbdt_safety,HOBBIES_1_418_TX_1,1315.7948235522372,1315.7948235522372,0.0,0.0,1.0,1.0,0.0,16.86916440451586,17.0
point_gbdt_safety,HOBBIES_1_419_CA_4,1181.6963082303141,1181.6963082303141,0.0,0.0,1.0,1.0,0.0,15.149952669619411,5.0
point_gbdt_safety,HOBBIES_2_007_TX_3,1327.2578730403475,1327.2578730403475,0.0,0.0,1.0,1.0,0.0,17.016126577440353,29.0
point_gbdt_safety,HOBBIES_2_008_WI_3,1155.8458221185376,1155.8458221185376,0.0,0.0,1.0,1.0,0.0,14.818536181006893,19.0
point_gbdt_safety,HOBBIES_2_009_WI_2,1143.6121156330248,1143.6121156330248,0.0,0.0,1.0,1.0,0.0,14.661693790166984,7.0
point_gbdt_safety,HOBBIES_2_012_TX_2,1181.5252646162314,1181.5252646162314,0.0,0.0,1.0,1.0,0.0,15.147759802772198,11.0
point_gbdt_safety,HOBBIES_2_014_WI_1,1154.0992231376233,1154.0992231376233,0.0,0.0,1.0,1.0,0.0,14.796143886379786,12.0
point_gbdt_safety,HOBBIES_2_018_CA_2,1122.2541650853202,1122.2541650853202,0.0,0.0,1.0,1.0,0.0,14.387873911350258,19.0
point_gbdt_safety,HOBBIES_2_030_TX_2,1158.8569886941962,1158.8569886941962,0.0,0.0,1.0,1.0,0.0,14.857140880694823,11.0
point_gbdt_safety,HOBBIES_2_030_WI_2,1150.9951502369477,1150.9951502369477,0.0,0.0,1.0,1.0,0.0,14.756348079960867,0.0
point_gbdt_safety,HOBBIES_2_031_CA_2,1174.800454852936,1174.800454852936,0.0,0.0,1.0,1.0,0.0,15.061544292986358,26.0
point_gbdt_safety,HOBBIES_2_035_CA_2,1158.0512678810576,1158.0512678810576,0.0,0.0,1.0,1.0,0.0,14.846811126680226,11.0
point_gbdt_safety,HOBBIES_2_038_CA_2,1120.1163756855142,1120.1163756855142,0.0,0.0,1.0,1.0,0.0,14.36046635494249,26.0
point_gbdt_safety,HOBBIES_2_040_TX_1,1311.069489782127,1311.069489782127,0.0,0.0,1.0,1.0,0.0,16.80858320233496,7.0
point_gbdt_safety,HOBBIES_2_041_TX_2,946.8206256973073,936.8301964491441,9.990429248163185,0.0,0.9773459654236664,0.9871794871794872,0.01282051282051282,12.010643544219796,49.0
point_gbdt_safety,HOBBIES_2_042_TX_2,1253.7664603224487,1253.7664603224487,0.0,0.0,1.0,1.0,0.0,16.073928978492933,30.0
point_gbdt_safety,HOBBIES_2_045_CA_4,1151.4610742546017,1151.4610742546017,0.0,0.0,1.0,1.0,0.0,14.762321464802586,13.0
point_gbdt_safety,HOBBIES_2_050_WI_2,1141.896544780687,1141.896544780687,0.0,0.0,1.0,1.0,0.0,14.63969929206009,9.0
point_gbdt_safety,HOBBIES_2_056_WI_3,1207.2912295061692,1207.2912295061692,0.0,0.0,1.0,1.0,0.0,15.478092685976529,3.0
point_gbdt_safety,HOBBIES_2_061_TX_3,1077.996906006487,1077.996906006487,0.0,0.0,1.0,1.0,0.0,13.82047315392932,11.0
point_gbdt_safety,HOBBIES_2_072_TX_2,1129.0863546104795,1129.0863546104795,0.0,0.0,1.0,1.0,0.0,14.475466084749737,6.0
point_gbdt_safety,HOBBIES_2_074_CA_1,1165.2231870115518,1165.2231870115518,0.0,0.0,1.0,1.0,0.0,14.938758807840408,7.0
point_gbdt_safety,HOBBIES_2_074_CA_3,1221.4020035513659,1221.4020035513659,0.0,0.0,1.0,1.0,0.0,15.659000045530332,10.0
point_gbdt_safety,HOBBIES_2_076_TX_3,1111.5498551805927,1006.7649707827063,104.78488439788642,0.0,0.7160301235829637,0.9102564102564102,0.08974358974358974,12.907243215162902,41.0
point_gbdt_safety,HOBBIES_2_076_WI_1,1181.1782772173713,1181.1782772173713,0.0,0.0,1.0,1.0,0.0,15.143311246376555,19.0
point_gbdt_safety,HOBBIES_2_077_WI_1,1171.2117015279048,1171.2117015279048,0.0,0.0,1.0,1.0,0.0,15.015534634973138,0.0
point_gbdt_safety,HOBBIES_2_081_WI_3,1327.3363752874106,1327.3363752874106,0.0,0.0,1.0,1.0,0.0,17.017133016505266,10.0
point_gbdt_safety,HOBBIES_2_083_CA_1,1430.223676695879,1430.223676695879,0.0,0.0,1.0,1.0,0.0,18.3362009832805,7.0
point_gbdt_safety,HOBBIES_2_084_WI_3,1121.8938610764571,1121.8938610764571,0.0,0.0,1.0,1.0,0.0,14.383254629185348,10.0
point_gbdt_safety,HOBBIES_2_086_CA_4,1230.9468142773226,1230.9468142773226,0.0,0.0,1.0,1.0,0.0,15.781369413811827,3.0
point_gbdt_safety,HOBBIES_2_103_TX_1,1064.0720444753074,1064.0720444753074,0.0,0.0,1.0,1.0,0.0,13.641949288144966,38.0
point_gbdt_safety,HOBBIES_2_107_WI_3,1169.829910424385,1169.829910424385,0.0,0.0,1.0,1.0,0.0,14.997819364415191,4.0
point_gbdt_safety,HOBBIES_2_114_CA_4,1126.6938487539755,1126.6938487539755,0.0,0.0,1.0,1.0,0.0,14.444792932743276,9.0
point_gbdt_safety,HOBBIES_2_115_TX_1,1173.5851298643718,1173.5851298643718,0.0,0.0,1.0,1.0,0.0,15.045963203389382,56.0
point_gbdt_safety,HOBBIES_2_116_CA_1,1233.3021791079955,1233.3021791079955,0.0,0.0,1.0,1.0,0.0,15.811566398820455,22.0
point_gbdt_safety,HOBBIES_2_116_CA_2,1081.970513831454,1081.970513831454,0.0,0.0,1.0,1.0,0.0,13.871416843992998,27.0
point_gbdt_safety,HOBBIES_2_117_TX_1,1268.1372705201968,1268.1372705201968,0.0,0.0,1.0,1.0,0.0,16.25817013487432,31.0
point_gbdt_safety,HOBBIES_2_118_WI_2,1169.5852480057667,1169.5852480057667,0.0,0.0,1.0,1.0,0.0,14.9946826667406,0.0
point_gbdt_safety,HOBBIES_2_122_CA_2,1376.5218054442228,1376.5218054442228,0.0,0.0,1.0,1.0,0.0,17.647715454413113,10.0
point_gbdt_safety,HOBBIES_2_122_TX_1,1298.005721505949,1298.005721505949,0.0,0.0,1.0,1.0,0.0,16.641098993666013,23.0
point_gbdt_safety,HOBBIES_2_123_TX_1,1184.6442499114962,1184.6442499114962,0.0,0.0,1.0,1.0,0.0,15.187746793737132,16.0
point_gbdt_safety,HOBBIES_2_124_TX_3,1674.7960124539761,1317.6105652097515,357.1854472442246,0.0,0.3598827110318556,0.9487179487179487,0.05128205128205128,16.89244314371476,62.0
point_gbdt_safety,HOBBIES_2_128_TX_1,1156.970156446475,1156.970156446475,0.0,0.0,1.0,1.0,0.0,14.832950723672756,10.0
point_gbdt_safety,HOBBIES_2_129_WI_1,1483.9087750829935,1483.9087750829935,0.0,0.0,1.0,1.0,0.0,19.024471475422995,24.0
point_gbdt_safety,HOBBIES_2_132_CA_1,1153.8087280160196,1153.8087280160196,0.0,0.0,1.0,1.0,0.0,14.792419589948969,54.0
point_gbdt_safety,HOBBIES_2_133_CA_3,1252.8878480689318,1252.8878480689318,0.0,0.0,1.0,1.0,0.0,16.06266471883246,30.0
point_gbdt_safety,HOBBIES_2_134_TX_3,1230.3839805857265,1230.3839805857265,0.0,0.0,1.0,1.0,0.0,15.774153597252903,10.0
point_gbdt_safety,HOBBIES_2_137_CA_2,1290.3510004282061,1290.3510004282061,0.0,0.0,1.0,1.0,0.0,16.54296154395136,0.0
point_gbdt_safety,HOBBIES_2_144_WI_1,1169.5610649216587,1169.5610649216587,0.0,0.0,1.0,1.0,0.0,14.994372627200752,10.0
point_gbdt_safety,HOUSEHOLD_1_005_CA_4,1111.4910106606978,1009.5612338953965,101.92977676530141,0.0,0.8173301491661265,0.9230769230769231,0.07692307692307693,12.943092742248673,62.0
point_gbdt_safety,HOUSEHOLD_1_006_CA_4,1174.9835171702853,1174.9835171702853,0.0,0.0,1.0,1.0,0.0,15.063891245772888,52.0
point_gbdt_safety,HOUSEHOLD_1_006_WI_2,1099.7172222497993,1099.7172222497993,0.0,0.0,1.0,1.0,0.0,14.0989387467923,43.0
point_gbdt_safety,HOUSEHOLD_1_008_WI_3,965.9170152268628,965.9170152268628,0.0,0.0,1.0,1.0,0.0,12.38355147726747,25.0
point_gbdt_safety,HOUSEHOLD_1_010_CA_2,1238.8901270586323,1219.5579994856755,19.332127572956676,0.0,0.9669536280804159,0.9615384615384616,0.038461538461538464,15.63535896776507,65.0
point_gbdt_safety,HOUSEHOLD_1_013_CA_3,1329.1707971358123,1225.4984275252896,103.67236961052265,0.0,0.9040070651754419,0.9230769230769231,0.07692307692307693,15.711518301606276,120.0
point_gbdt_safety,HOUSEHOLD_1_014_CA_2,1380.8003196069371,1358.4717406973152,22.328578909622024,0.0,0.9801523743025582,0.9871794871794872,0.01282051282051282,17.416304367914297,125.0
point_gbdt_safety,HOUSEHOLD_1_014_WI_3,1151.7200644131124,1151.7200644131124,0.0,0.0,1.0,1.0,0.0,14.765641851450159,36.0
point_gbdt_safety,HOUSEHOLD_1_015_WI_2,1199.5931945845568,1199.5931945845568,0.0,0.0,1.0,1.0,0.0,15.37939993057124,1.0
point_gbdt_safety,HOUSEHOLD_1_020_WI_1,1069.7338284978446,1069.7338284978446,0.0,0.0,1.0,1.0,0.0,13.71453626279288,72.0
point_gbdt_safety,HOUSEHOLD_1_021_WI_2,1411.1674751706319,815.4928888182742,595.6745863523578,0.0,0.6422374856742595,0.7435897435897436,0.2564102564102564,10.45503703613172,185.0
point_gbdt_safety,HOUSEHOLD_1_024_CA_2,1256.7437726587048,1157.0593210567795,99.6844516019252,0.0,0.8741357934319126,0.9102564102564102,0.08974358974358974,14.834093859702302,88.0
point_gbdt_safety,HOUSEHOLD_1_026_CA_2,1393.3432543957083,979.28113639191,414.06211800379833,0.0,0.6760077323913941,0.8333333333333334,0.16666666666666666,12.554886363998845,142.0
point_gbdt_safety,HOUSEHOLD_1_029_CA_2,1189.9888713558876,992.422915565665,197.56595579022263,0.0,0.8123780096958949,0.8461538461538461,0.15384615384615385,12.723370712380321,117.0
point_gbdt_safety,HOUSEHOLD_1_032_WI_1,1148.0215602065173,1148.0215602065173,0.0,0.0,1.0,1.0,0.0,14.718225130852785,57.0
point_gbdt_safety,HOUSEHOLD_1_033_TX_2,1205.339564216058,1205.339564216058,0.0,0.0,1.0,1.0,0.0,15.453071336103308,110.0
point_gbdt_safety,HOUSEHOLD_1_034_WI_1,1209.256549865199,1209.256549865199,0.0,0.0,1.0,1.0,0.0,15.503289100835886,18.0
point_gbdt_safety,HOUSEHOLD_1_043_CA_3,1118.2121137842446,1080.4096983584227,37.80241542582194,0.0,0.9533303513261456,0.9358974358974359,0.0641025641025641,13.851406389210547,90.0
point_gbdt_safety,HOUSEHOLD_1_049_CA_1,1716.0,1716.0,0.0,0.0,1.0,1.0,0.0,22.0,0.0
point_gbdt_safety,HOUSEHOLD_1_049_WI_1,1169.9356178398943,1169.9356178398943,0.0,0.0,1.0,1.0,0.0,14.999174587690954,0.0
point_gbdt_safety,HOUSEHOLD_1_051_WI_1,1790.8712888654568,1405.0343664082961,385.83692245716065,0.0,0.8376107228715653,0.8205128205128205,0.1794871794871795,18.01326110779867,264.0
point_gbdt_safety,HOUSEHOLD_1_058_CA_3,1575.0823025044185,1446.1302945952173,128.9520079092013,0.0,0.9360357103624993,0.8974358974358975,0.10256410256410256,18.540131981989965,224.0
point_gbdt_safety,HOUSEHOLD_1_068_TX_1,1133.7108735928346,1133.7108735928346,0.0,0.0,1.0,1.0,0.0,14.534754789651725,9.0
point_gbdt_safety,HOUSEHOLD_1_071_CA_1,2226.2375666782573,1455.6346227882939,770.6029438899633,0.0,0.756754121246855,0.782051282051282,0.21794871794871795,18.661982343439664,352.0
point_gbdt_safety,HOUSEHOLD_1_071_TX_2,1987.9893768827542,1219.9706282660293,768.0187486167249,0.0,0.7445047409791334,0.7692307692307693,0.23076923076923078,15.64064908033371,334.0
point_gbdt_safety,HOUSEHOLD_1_079_WI_1,1343.267378299882,1106.3881553408596,236.87922295902234,0.0,0.7628836607016793,0.8461538461538461,0.15384615384615385,14.184463530011021,111.0
point_gbdt_safety,HOUSEHOLD_1_080_WI_1,1161.8274771257545,1161.8274771257545,0.0,0.0,1.0,1.0,0.0,14.895224065714801,25.0
point_gbdt_safety,HOUSEHOLD_1_080_WI_2,1201.1440615149966,1201.1440615149966,0.0,0.0,1.0,1.0,0.0,15.399282839935854,45.0
point_gbdt_safety,HOUSEHOLD_1_083_TX_1,3391.031721812218,2200.8838878632846,1190.1478339489338,0.0,0.7417213902020543,0.7307692307692307,0.2692307692307692,28.21646010081134,512.0
point_gbdt_safety,HOUSEHOLD_1_083_WI_3,3942.441473376566,2607.1551068762074,1335.2863665003588,0.0,0.7689016326582973,0.7692307692307693,0.23076923076923078,33.42506547277189,642.0
point_gbdt_safety,HOUSEHOLD_1_088_TX_3,1078.7149334633352,1078.7149334633352,0.0,0.0,1.0,1.0,0.0,13.829678634145324,63.0
point_gbdt_safety,HOUSEHOLD_1_091_WI_3,1113.0061796468676,1113.0061796468676,0.0,0.0,1.0,1.0,0.0,14.269309995472662,15.0
point_gbdt_safety,HOUSEHOLD_1_093_CA_2,1193.7180865147334,1092.6658060456896,101.05228046904391,0.0,0.887719688367729,0.9230769230769231,0.07692307692307693,14.008535974944738,100.0
point_gbdt_safety,HOUSEHOLD_1_095_TX_2,1121.5940313484286,1121.5940313484286,0.0,0.0,1.0,1.0,0.0,14.379410658313187,13.0
point_gbdt_safety,HOUSEHOLD_1_095_TX_3,1115.3057040622602,1115.3057040622602,0.0,0.0,1.0,1.0,0.0,14.298791077721285,13.0
point_gbdt_safety,HOUSEHOLD_1_096_WI_2,4240.769807210872,2049.4547904885935,2191.3150167222793,0.0,0.7066512695150898,0.6794871794871795,0.32051282051282054,26.27506141652043,830.0
point_gbdt_safety,HOUSEHOLD_1_098_CA_4,1098.6987551948068,1098.6987551948068,0.0,0.0,1.0,1.0,0.0,14.085881476856498,13.0
point_gbdt_safety,HOUSEHOLD_1_102_WI_3,1168.3410732683435,1098.2609827235,70.08009054484351,0.0,0.9229041908197541,0.9487179487179487,0.05128205128205128,14.080269009275643,101.0
point_gbdt_safety,HOUSEHOLD_1_106_TX_3,3180.055910111756,1516.1674355124533,1663.8884745993025,0.0,0.6964261130087023,0.7051282051282052,0.2948717948717949,19.438044045031454,609.0
point_gbdt_safety,HOUSEHOLD_1_119_TX_2,1477.4403655947046,1381.7190444721982,95.72132112250642,0.0,0.9374370450179697,0.9487179487179487,0.05128205128205128,17.714346724002542,170.0
point_gbdt_safety,HOUSEHOLD_1_120_CA_2,1116.692734262535,1116.692734262535,0.0,0.0,1.0,1.0,0.0,14.316573516186345,35.0
point_gbdt_safety,HOUSEHOLD_1_127_WI_1,1049.2056774109853,1049.2056774109853,0.0,0.0,1.0,1.0,0.0,13.451354838602375,35.0
point_gbdt_safety,HOUSEHOLD_1_128_WI_2,1606.6543059613216,1311.8950501149739,294.7592558463478,0.0,0.8139146112081138,0.8333333333333334,0.16666666666666666,16.819167309166332,176.0
point_gbdt_safety,HOUSEHOLD_1_131_CA_1,1132.6395900743753,1079.029946260662,53.60964381371333,0.0,0.8916976892652255,0.9487179487179487,0.05128205128205128,13.833717259752076,55.0
point_gbdt_safety,HOUSEHOLD_1_131_TX_1,969.1268479409272,929.7050231600067,39.42182478092044,0.0,0.9346238395009612,0.9615384615384616,0.038461538461538464,11.919295168718035,67.0
point_gbdt_safety,HOUSEHOLD_1_136_WI_3,1191.1202625060066,1191.1202625060066,0.0,0.0,1.0,1.0,0.0,15.270772596230854,131.0
point_gbdt_safety,HOUSEHOLD_1_145_CA_2,1661.5758362139668,1354.5888290224605,306.98700719150645,0.0,0.8536065774003306,0.8333333333333334,0.16666666666666666,17.366523449005904,233.0
point_gbdt_safety,HOUSEHOLD_1_155_WI_3,1037.7645192897073,1037.7645192897073,0.0,0.0,1.0,1.0,0.0,13.304673324227016,34.0
point_gbdt_safety,HOUSEHOLD_1_157_WI_1,1228.9884000909587,1228.9884000909587,0.0,0.0,1.0,1.0,0.0,15.756261539627676,23.0
point_gbdt_safety,HOUSEHOLD_1_158_CA_3,1211.7199401980617,1172.2928770961096,39.4270631019521,0.0,0.9408002055526244,0.9743589743589743,0.02564102564102564,15.029395860206533,74.0
point_gbdt_safety,HOUSEHOLD_1_160_WI_2,1216.8981478224048,1141.886028135168,75.01211968723663,0.0,0.9338517463075515,0.9102564102564102,0.08974358974358974,14.639564463271386,126.0
point_gbdt_safety,HOUSEHOLD_1_161_CA_2,1116.7395974890226,1113.5215457403629,3.2180517486598,0.0,0.995033870758241,0.9871794871794872,0.01282051282051282,14.275917253081575,72.0
point_gbdt_safety,HOUSEHOLD_1_162_TX_1,1396.6910947574067,1396.6910947574067,0.0,0.0,1.0,1.0,0.0,17.90629608663342,38.0
point_gbdt_safety,HOUSEHOLD_1_163_CA_1,1140.263827826541,1140.263827826541,0.0,0.0,1.0,1.0,0.0,14.618767023417194,22.0
point_gbdt_safety,HOUSEHOLD_1_165_CA_1,1096.589978319602,1096.589978319602,0.0,0.0,1.0,1.0,0.0,14.058845875892334,40.0
point_gbdt_safety,HOUSEHOLD_1_165_TX_1,1316.241706254714,1316.241706254714,0.0,0.0,1.0,1.0,0.0,16.87489366993223,77.0
point_gbdt_safety,HOUSEHOLD_1_167_WI_1,1110.7186979387125,1110.7186979387125,0.0,0.0,1.0,1.0,0.0,14.23998330690657,32.0
point_gbdt_safety,HOUSEHOLD_1_175_TX_2,1225.5733970821689,1071.4327113555496,154.14068572661927,0.0,0.8721884861304982,0.9230769230769231,0.07692307692307693,13.736316812250635,134.0
point_gbdt_safety,HOUSEHOLD_1_175_WI_3,1070.8340329327937,1070.8340329327937,0.0,0.0,1.0,1.0,0.0,13.72864144785633,33.0
point_gbdt_safety,HOUSEHOLD_1_185_WI_3,1043.995759834344,927.1364327350017,116.85932709934222,0.0,0.8573146189263221,0.9102564102564102,0.08974358974358974,11.88636452224361,91.0
point_gbdt_safety,HOUSEHOLD_1_186_WI_2,2323.7204671592044,1391.6003302205365,932.1201369386679,0.0,0.7498335649654674,0.6923076923076923,0.3076923076923077,17.84102987462226,414.0
point_gbdt_safety,HOUSEHOLD_1_188_TX_2,1190.4880618622235,1190.4880618622235,0.0,0.0,1.0,1.0,0.0,15.262667459772096,52.0
point_gbdt_safety,HOUSEHOLD_1_190_WI_3,1136.004639766389,1136.004639766389,0.0,0.0,1.0,1.0,0.0,14.564162048287036,66.0
point_gbdt_safety,HOUSEHOLD_1_191_TX_3,1630.1672652246093,1630.1672652246093,0.0,0.0,1.0,1.0,0.0,20.899580323392428,86.0
point_gbdt_safety,HOUSEHOLD_1_194_CA_1,1211.1888550999515,1211.1888550999515,0.0,0.0,1.0,1.0,0.0,15.528062244871174,35.0
point_gbdt_safety,HOUSEHOLD_1_195_CA_2,1215.8413335359699,1215.8413335359699,0.0,0.0,1.0,1.0,0.0,15.587709404307306,31.0
point_gbdt_safety,HOUSEHOLD_1_201_TX_2,1410.5542349490204,1410.5542349490204,0.0,0.0,1.0,1.0,0.0,18.08402865319257,23.0
point_gbdt_safety,HOUSEHOLD_1_205_WI_3,1189.0515743533736,1189.0515743533736,0.0,0.0,1.0,1.0,0.0,15.244250953248379,56.0
point_gbdt_safety,HOUSEHOLD_1_206_CA_4,1289.3755306484704,1289.3755306484704,0.0,0.0,1.0,1.0,0.0,16.530455521134236,8.0
point_gbdt_safety,HOUSEHOLD_1_207_TX_1,1208.0750486677427,1208.0750486677427,0.0,0.0,1.0,1.0,0.0,15.488141649586446,28.0
point_gbdt_safety,HOUSEHOLD_1_208_WI_3,1383.1135922079688,1253.953680777357,129.15991143061194,0.0,0.9080057610893076,0.9230769230769231,0.07692307692307693,16.076329240735348,156.0
point_gbdt_safety,HOUSEHOLD_1_211_TX_2,1114.3609035841228,1114.3609035841228,0.0,0.0,1.0,1.0,0.0,14.286678251078497,49.0
point_gbdt_safety,HOUSEHOLD_1_212_WI_2,1220.794351478332,1220.794351478332,0.0,0.0,1.0,1.0,0.0,15.651209634337588,98.0
point_gbdt_safety,HOUSEHOLD_1_216_TX_1,1150.0212016581484,1150.0212016581484,0.0,0.0,1.0,1.0,0.0,14.74386155971985,9.0
point_gbdt_safety,HOUSEHOLD_1_217_WI_3,1167.1302046632554,1113.3673083881517,53.76289627510368,0.0,0.9262511710903927,0.9487179487179487,0.05128205128205128,14.27393985113015,81.0
point_gbdt_safety,HOUSEHOLD_1_218_CA_1,1249.3621461778416,1191.1811346447985,58.181011533043105,0.0,0.9126411238242595,0.9358974358974359,0.0641025641025641,15.271553008266647,74.0
point_gbdt_safety,HOUSEHOLD_1_219_TX_3,933.9518168349549,920.5316735683052,13.420143266649667,0.0,0.9738398766731975,0.9871794871794872,0.01282051282051282,11.80168812267058,57.0
point_gbdt_safety,HOUSEHOLD_1_220_TX_3,1215.3375682572143,1128.3789553578995,86.95861289931494,0.0,0.9121630172734192,0.9230769230769231,0.07692307692307693,14.466396863562814,110.0
point_gbdt_safety,HOUSEHOLD_1_221_CA_2,1143.671520623906,1084.3986359683713,59.27288465553469,0.0,0.9110016746913895,0.9743589743589743,0.02564102564102564,13.90254661497912,74.0
point_gbdt_safety,HOUSEHOLD_1_224_WI_2,1122.529336042792,1079.8283700474913,42.700965995300734,0.0,0.9270068957345287,0.9358974358974359,0.0641025641025641,13.843953462147324,65.0
point_gbdt_safety,HOUSEHOLD_1_225_CA_4,1202.35974282849,1180.2783782516128,22.081364576877125,0.0,0.9576985352933389,0.9615384615384616,0.038461538461538464,15.131774080148883,58.0
point_gbdt_safety,HOUSEHOLD_1_225_TX_2,1576.3393319019872,1350.4553491811675,225.88398272081963,0.0,0.8757513846420135,0.8717948717948718,0.1282051282051282,17.313530117707277,202.0
point_gbdt_safety,HOUSEHOLD_1_230_TX_3,1044.330245791824,1044.330245791824,0.0,0.0,1.0,1.0,0.0,13.388849305023383,18.0
point_gbdt_safety,HOUSEHOLD_1_238_CA_3,1427.4710089973175,1266.7130119844412,160.75799701287633,0.0,0.9044812851973402,0.8974358974358975,0.10256410256410256,16.23991041005694,187.0
point_gbdt_safety,HOUSEHOLD_1_244_CA_3,1208.880443085147,1052.5457201642444,156.3347229209026,0.0,0.8879320982645859,0.9102564102564102,0.08974358974358974,13.494175899541593,155.0
point_gbdt_safety,HOUSEHOLD_1_246_CA_2,2471.2551261206486,1714.0923787089575,757.162747411691,0.0,0.8327451408412434,0.7948717948717948,0.20512820512820512,21.975543316781508,503.0
point_gbdt_safety,HOUSEHOLD_1_248_CA_4,1085.2579096006837,1085.2579096006837,0.0,0.0,1.0,1.0,0.0,13.913562943598508,33.0
point_gbdt_safety,HOUSEHOLD_1_249_WI_3,1145.7901640931934,1145.7901640931934,0.0,0.0,1.0,1.0,0.0,14.689617488374275,40.0
point_gbdt_safety,HOUSEHOLD_1_264_TX_3,1097.8063918498513,1097.8063918498513,0.0,0.0,1.0,1.0,0.0,14.07444092115194,23.0
point_gbdt_safety,HOUSEHOLD_1_265_CA_3,1101.1332125463643,1101.1332125463643,0.0,0.0,1.0,1.0,0.0,14.117092468543133,51.0
point_gbdt_safety,HOUSEHOLD_1_272_CA_3,9466.499999999996,9037.199999999997,429.2999999999999,0.0,0.7435483870967743,0.9487179487179487,0.05128205128205128,115.86153846153843,186.0
point_gbdt_safety,HOUSEHOLD_1_298_TX_3,1266.9046549552002,1266.9046549552002,0.0,0.0,1.0,1.0,0.0,16.242367371220514,38.0
point_gbdt_safety,HOUSEHOLD_1_304_CA_3,4311.190225175958,2105.8143676559603,2205.375857519998,0.0,0.693697797566667,0.6666666666666666,0.3333333333333333,26.997620098153337,800.0
point_gbdt_safety,HOUSEHOLD_1_304_CA_4,1303.2356255335853,1023.499375394425,279.73625013916023,0.0,0.7927879628598813,0.7948717948717948,0.20512820512820512,13.12178686403109,150.0
point_gbdt_safety,HOUSEHOLD_1_309_TX_2,1099.147729484251,1099.147729484251,0.0,0.0,1.0,1.0,0.0,14.091637557490397,20.0
point_gbdt_safety,HOUSEHOLD_1_314_TX_3,1140.6076235889827,1140.6076235889827,0.0,0.0,1.0,1.0,0.0,14.623174661397215,54.0
point_gbdt_safety,HOUSEHOLD_1_317_CA_1,1323.5303423235514,1283.5618206986767,39.968521624874754,0.0,0.955590531527917,0.9743589743589743,0.02564102564102564,16.455920778188162,100.0
point_gbdt_safety,HOUSEHOLD_1_317_TX_3,1253.9969362286083,1253.9969362286083,0.0,0.0,1.0,1.0,0.0,16.076883797802672,63.0
point_gbdt_safety,HOUSEHOLD_1_320_WI_3,1054.3986128668676,1054.3986128668676,0.0,0.0,1.0,1.0,0.0,13.517930934190609,32.0
point_gbdt_safety,HOUSEHOLD_1_332_WI_3,1126.2479077694868,1126.2479077694868,0.0,0.0,1.0,1.0,0.0,14.439075740634447,5.0
point_gbdt_safety,HOUSEHOLD_1_333_WI_2,1030.0460258546973,1030.0460258546973,0.0,0.0,1.0,1.0,0.0,13.205718280188426,44.0
point_gbdt_safety,HOUSEHOLD_1_338_WI_1,1056.0255526990911,1033.628502028947,22.39705067014422,0.0,0.9676810235640054,0.9743589743589743,0.02564102564102564,13.251647461909576,77.0
point_gbdt_safety,HOUSEHOLD_1_342_TX_2,1150.1746645605074,1062.0598075834,88.11485697710744,0.0,0.8658830182996843,0.9102564102564102,0.08974358974358974,13.61615137927436,73.0
point_gbdt_safety,HOUSEHOLD_1_344_CA_1,1203.9344797738295,1203.9344797738295,0.0,0.0,1.0,1.0,0.0,15.435057432997814,45.0
point_gbdt_safety,HOUSEHOLD_1_344_TX_1,1770.530756778472,1215.7830995749496,554.7476572035225,0.0,0.7844803196567511,0.7692307692307693,0.23076923076923078,15.586962815063456,286.0
point_gbdt_safety,HOUSEHOLD_1_349_TX_2,1198.6508397754271,1195.5576765483152,3.093163227111866,0.0,0.9960036650812509,0.9871794871794872,0.01282051282051282,15.327662519850195,86.0
point_gbdt_safety,HOUSEHOLD_1_361_WI_3,1326.0266791854226,1195.6110534301208,130.41562575530187,0.0,0.9167205454946987,0.8974358974358975,0.10256410256410256,15.328346838847702,174.0
point_gbdt_safety,HOUSEHOLD_1_368_TX_3,1220.985487760149,1220.985487760149,0.0,0.0,1.0,1.0,0.0,15.65366009948909,4.0
point_gbdt_safety,HOUSEHOLD_1_369_CA_1,1341.6077158293288,1000.948060847934,340.6596549813948,0.0,0.7873535237319633,0.8076923076923077,0.19230769230769232,12.832667446768385,178.0
point_gbdt_safety,HOUSEHOLD_1_371_CA_1,1200.5326614158412,1157.726366167356,42.80629524848529,0.0,0.9589978014861251,0.9487179487179487,0.05128205128205128,14.842645720094307,116.0
point_gbdt_safety,HOUSEHOLD_1_377_TX_1,1074.8265435153367,1074.8265435153367,0.0,0.0,1.0,1.0,0.0,13.779827480965855,17.0
point_gbdt_safety,HOUSEHOLD_1_380_CA_1,1095.0659214906352,1064.6199449715111,30.445976519124198,0.0,0.9495091600014524,0.9487179487179487,0.05128205128205128,13.648973653480912,67.0
point_gbdt_safety,HOUSEHOLD_1_384_CA_2,1090.949250683274,1090.949250683274,0.0,0.0,1.0,1.0,0.0,13.986528854913768,65.0
point_gbdt_safety,HOUSEHOLD_1_385_CA_3,2470.8030856109217,1886.8084396330926,583.9946459778294,0.0,0.8177295112428747,0.8589743589743589,0.14102564102564102,24.189851790167854,356.0
point_gbdt_safety,HOUSEHOLD_1_386_CA_2,1237.384030136877,911.9516731770494,325.43235695982764,0.0,0.7083939453764986,0.8205128205128205,0.1794871794871795,11.69168811765448,124.0
point_gbdt_safety,HOUSEHOLD_1_389_CA_1,2270.9828919419456,1729.7769926130352,541.2058993289104,0.0,0.8172219184974975,0.8333333333333334,0.16666666666666666,22.17662811042353,329.0
point_gbdt_safety,HOUSEHOLD_1_390_WI_2,1405.596027240084,1216.798331511832,188.79769572825202,0.0,0.8720882820269296,0.8333333333333334,0.16666666666666666,15.599978609126051,164.0
point_gbdt_safety,HOUSEHOLD_1_394_CA_3,1206.9668405206376,1176.1011606834088,30.86567983722867,0.0,0.9596527060951259,0.9615384615384616,0.038461538461538464,15.078220008761651,85.0
point_gbdt_safety,HOUSEHOLD_1_395_CA_3,1072.1540461402062,1058.90940724968,13.244638890526133,0.0,0.9786720790812784,0.9871794871794872,0.01282051282051282,13.575761631406154,69.0
point_gbdt_safety,HOUSEHOLD_1_396_TX_1,1192.5679204959022,1102.1872153692125,90.38070512668973,0.0,0.9078688021134661,0.9358974358974359,0.0641025641025641,14.130605325246314,109.0
point_gbdt_safety,HOUSEHOLD_1_397_WI_1,1308.6811695445576,917.615921954141,391.06524759041656,0.0,0.7473738710656224,0.7692307692307693,0.23076923076923078,11.764306691719757,172.0
point_gbdt_safety,HOUSEHOLD_1_398_CA_4,994.6696625514171,994.6696625514171,0.0,0.0,1.0,1.0,0.0,12.752175160915604,30.0
point_gbdt_safety,HOUSEHOLD_1_399_TX_3,3324.4610067542126,1568.2012965830838,1756.259710171129,0.0,0.6832143379922206,0.6923076923076923,0.3076923076923077,20.105144827988255,616.0
point_gbdt_safety,HOUSEHOLD_1_401_CA_2,1133.156637009948,1133.156637009948,0.0,0.0,1.0,1.0,0.0,14.527649192435232,22.0
point_gbdt_safety,HOUSEHOLD_1_402_TX_2,1133.883950392455,1133.883950392455,0.0,0.0,1.0,1.0,0.0,14.536973722980193,27.0
point_gbdt_safety,HOUSEHOLD_1_404_TX_2,1166.7752185304714,1166.7752185304714,0.0,0.0,1.0,1.0,0.0,14.958656647826556,60.0
point_gbdt_safety,HOUSEHOLD_1_407_CA_4,1045.1903407516804,1045.1903407516804,0.0,0.0,1.0,1.0,0.0,13.399876163483082,33.0
point_gbdt_safety,HOUSEHOLD_1_411_WI_3,1371.8322013616096,1371.8322013616096,0.0,0.0,1.0,1.0,0.0,17.58759232514884,111.0
point_gbdt_safety,HOUSEHOLD_1_415_CA_3,1150.9843258551157,1135.9004592824606,15.083866572655133,0.0,0.9729679810525894,0.9743589743589743,0.02564102564102564,14.562826401057187,62.0
point_gbdt_safety,HOUSEHOLD_1_419_WI_2,1188.199900614089,1188.199900614089,0.0,0.0,1.0,1.0,0.0,15.233332059154987,15.0
point_gbdt_safety,HOUSEHOLD_1_421_WI_3,1117.987012659531,1110.9665482336172,7.020464425913865,0.0,0.9883574387629951,0.9871794871794872,0.01282051282051282,14.243160874789965,67.0
point_gbdt_safety,HOUSEHOLD_1_423_CA_4,1122.1819845603902,1122.1819845603902,0.0,0.0,1.0,1.0,0.0,14.386948520005003,13.0
point_gbdt_safety,HOUSEHOLD_1_425_CA_4,1147.2527351328747,1023.5235424744699,123.72919265840476,0.0,0.8323452674005356,0.8974358974358975,0.10256410256410256,13.122096698390639,82.0
point_gbdt_safety,HOUSEHOLD_1_431_TX_2,1599.08204419665,1243.6976211314293,355.3844230652207,0.0,0.8035464770230952,0.8333333333333334,0.16666666666666666,15.944841296556787,201.0
point_gbdt_safety,HOUSEHOLD_1_433_WI_1,1112.0742953737306,1112.0742953737306,0.0,0.0,1.0,1.0,0.0,14.257362761201675,15.0
point_gbdt_safety,HOUSEHOLD_1_437_WI_1,1502.9752101335848,1135.8688599856541,367.1063501479308,0.0,0.8195150687571628,0.8205128205128205,0.1794871794871795,14.56242128186736,226.0
point_gbdt_safety,HOUSEHOLD_1_439_WI_3,1496.2063157297553,1460.8337484970941,35.37256723266117,0.0,0.9598950484890463,0.9743589743589743,0.02564102564102564,18.728637801244798,98.0
point_gbdt_safety,HOUSEHOLD_1_442_CA_4,1029.1696367082352,1029.1696367082352,0.0,0.0,1.0,1.0,0.0,13.19448252190045,57.0
point_gbdt_safety,HOUSEHOLD_1_445_TX_3,1457.1159857472053,1044.485042066269,412.6309436809363,0.0,0.7494651222337969,0.7948717948717948,0.20512820512820512,13.390833872644475,183.0
point_gbdt_safety,HOUSEHOLD_1_448_CA_4,1369.6695548436855,1241.3702346432397,128.29932020044586,0.0,0.8868612696645097,0.9102564102564102,0.08974358974358974,15.915003008246662,126.0
point_gbdt_safety,HOUSEHOLD_1_450_TX_2,1090.7437012554544,1066.0420407519546,24.70166050349978,0.0,0.9624023432214616,0.9743589743589743,0.02564102564102564,13.667205650666084,73.0
point_gbdt_safety,HOUSEHOLD_1_458_CA_2,1263.6180699561612,1018.6161982465703,245.0018717095909,0.0,0.8266087249047481,0.8461538461538461,0.15384615384615385,13.059182028802184,157.0
point_gbdt_safety,HOUSEHOLD_1_459_WI_2,14422.826295493707,7336.061292127033,7086.765003366674,0.0,0.6659234901538361,0.6538461538461539,0.34615384615384615,94.05206784778248,2357.0
point_gbdt_safety,HOUSEHOLD_1_462_WI_1,1553.7885060850176,1468.8376584929356,84.95084759208191,0.0,0.886277312460399,0.9615384615384616,0.038461538461538464,18.831252031960712,83.0
point_gbdt_safety,HOUSEHOLD_1_467_CA_1,1118.9362803094907,1118.9362803094907,0.0,0.0,1.0,1.0,0.0,14.345336927044753,58.0
point_gbdt_safety,HOUSEHOLD_1_473_WI_2,3330.295323936392,2005.7675616653935,1324.5277622709984,0.0,0.7497113072050268,0.7307692307692307,0.2692307692307692,25.714968739299916,588.0
point_gbdt_safety,HOUSEHOLD_1_474_TX_2,6016.403776383468,3299.4914589846303,2716.9123173988373,0.0,0.664205621381926,0.7051282051282052,0.2948717948717949,42.301172551085,899.0
point_gbdt_safety,HOUSEHOLD_1_481_CA_1,1326.3420713736746,1088.7016267325487,237.64044464112578,0.0,0.8072664682553724,0.8461538461538461,0.15384615384615385,13.957713163237804,137.0
point_gbdt_safety,HOUSEHOLD_1_482_WI_1,1081.8067743653535,1005.548043676206,76.25873068914737,0.0,0.8676063703313414,0.9102564102564102,0.08974358974358974,12.891641585592385,64.0
point_gbdt_safety,HOUSEHOLD_1_491_TX_1,1012.5105326627413,953.7134020709558,58.79713059178549,0.0,0.9053186302869799,0.9487179487179487,0.05128205128205128,12.227094898345587,69.0
point_gbdt_safety,HOUSEHOLD_1_491_WI_3,1084.242885222914,1084.242885222914,0.0,0.0,1.0,1.0,0.0,13.90054981055018,50.0
point_gbdt_safety,HOUSEHOLD_1_492_WI_2,1141.4225930758066,1141.4225930758066,0.0,0.0,1.0,1.0,0.0,14.633622988151368,13.0
point_gbdt_safety,HOUSEHOLD_1_494_CA_2,1678.2151526228233,1320.9482678402242,357.26688478259916,0.0,0.818738262413699,0.8461538461538461,0.15384615384615385,16.935234203079798,219.0
point_gbdt_safety,HOUSEHOLD_1_494_TX_1,1819.273551584571,1254.8459752435292,564.4275763410417,0.0,0.7807196673111726,0.782051282051282,0.21794871794871795,16.08776891337858,286.0
point_gbdt_safety,HOUSEHOLD_1_500_TX_3,1122.0671479488103,1122.0671479488103,0.0,0.0,1.0,1.0,0.0,14.385476255753979,6.0
point_gbdt_safety,HOUSEHOLD_1_501_TX_3,1168.290070963856,1168.290070963856,0.0,0.0,1.0,1.0,0.0,14.978077832869948,7.0
point_gbdt_safety,HOUSEHOLD_1_503_WI_1,1081.9101425734186,973.791336083024,108.1188064903945,0.0,0.8679868052620335,0.9230769230769231,0.07692307692307693,12.484504308756717,91.0
point_gbdt_safety,HOUSEHOLD_1_504_CA_3,1313.7317783822987,1313.7317783822987,0.0,0.0,1.0,1.0,0.0,16.842715107465366,32.0
point_gbdt_safety,HOUSEHOLD_1_504_WI_3,1267.7591479423052,1267.7591479423052,0.0,0.0,1.0,1.0,0.0,16.253322409516734,7.0
point_gbdt_safety,HOUSEHOLD_1_507_WI_3,1085.9130267542241,1085.9130267542241,0.0,0.0,1.0,1.0,0.0,13.921961881464412,11.0
point_gbdt_safety,HOUSEHOLD_1_510_CA_4,1373.4207817683696,1178.9708580311499,194.4499237372196,0.0,0.8214417596536092,0.9102564102564102,0.08974358974358974,15.115011000399358,121.0
point_gbdt_safety,HOUSEHOLD_1_510_TX_1,1218.3247501323945,1218.3247501323945,0.0,0.0,1.0,1.0,0.0,15.619548078620442,78.0
point_gbdt_safety,HOUSEHOLD_1_520_CA_1,1138.7157592378499,1138.7157592378499,0.0,0.0,1.0,1.0,0.0,14.598919990228845,56.0
point_gbdt_safety,HOUSEHOLD_1_521_CA_2,3095.1893854810237,1610.0576232039327,1485.131762277091,0.0,0.603330191699495,0.7435897435897436,0.2564102564102564,20.64176440005042,416.0
point_gbdt_safety,HOUSEHOLD_1_521_TX_3,5316.832421208794,3343.6247328904174,1973.207688318376,0.0,0.7426698372041762,0.6794871794871795,0.32051282051282054,42.86698375500535,852.0
point_gbdt_safety,HOUSEHOLD_1_527_WI_2,1216.2784937561446,1029.8268500582576,186.4516436978871,0.0,0.6762992296911683,0.8717948717948718,0.1282051282051282,13.202908334080226,64.0
point_gbdt_safety,HOUSEHOLD_1_529_CA_2,1199.6446408583897,1023.2986203872986,176.34602047109115,0.0,0.793747344478256,0.8974358974358975,0.10256410256410256,13.119213081888443,95.0
point_gbdt_safety,HOUSEHOLD_1_531_TX_1,1121.765890246373,1121.765890246373,0.0,0.0,1.0,1.0,0.0,14.3816139775176,56.0
point_gbdt_safety,HOUSEHOLD_1_533_WI_1,1127.8138161594366,1127.8138161594366,0.0,0.0,1.0,1.0,0.0,14.459151489223546,39.0
point_gbdt_safety,HOUSEHOLD_1_534_CA_2,1189.85291747837,1189.85291747837,0.0,0.0,1.0,1.0,0.0,15.254524583056027,66.0
point_gbdt_safety,HOUSEHOLD_1_534_CA_4,1088.57770128444,1088.57770128444,0.0,0.0,1.0,1.0,0.0,13.95612437544154,45.0
point_gbdt_safety,HOUSEHOLD_1_534_TX_1,1093.4022824580939,1093.4022824580939,0.0,0.0,1.0,1.0,0.0,14.017977980231972,37.0
point_gbdt_safety,HOUSEHOLD_1_537_CA_3,1661.3811762428024,1510.4089009427041,150.97227530009826,0.0,0.9102957366012487,0.8974358974358975,0.10256410256410256,19.364216678752616,187.0
point_gbdt_safety,HOUSEHOLD_1_537_TX_1,1185.8791650183327,1185.8791650183327,0.0,0.0,1.0,1.0,0.0,15.203579038696574,107.0
point_gbdt_safety,HOUSEHOLD_1_541_CA_2,1239.3194771840149,1210.0647997744531,29.25467740956175,0.0,0.9830702098324297,0.9743589743589743,0.02564102564102564,15.513651279159657,192.0
point_gbdt_safety,HOUSEHOLD_2_001_WI_2,1130.0715005946304,1130.0715005946304,0.0,0.0,1.0,1.0,0.0,14.48809616146962,9.0
point_gbdt_safety,HOUSEHOLD_2_004_CA_4,1250.4922664139528,1250.4922664139528,0.0,0.0,1.0,1.0,0.0,16.031952133512217,6.0
point_gbdt_safety,HOUSEHOLD_2_008_WI_2,1232.398057372167,1232.398057372167,0.0,0.0,1.0,1.0,0.0,15.799975094514961,0.0
point_gbdt_safety,HOUSEHOLD_2_009_CA_1,990.6776114728425,990.6776114728425,0.0,0.0,1.0,1.0,0.0,12.700995018882596,39.0
point_gbdt_safety,HOUSEHOLD_2_010_CA_3,1214.83820997443,1214.83820997443,0.0,0.0,1.0,1.0,0.0,15.574848845826024,22.0
point_gbdt_safety,HOUSEHOLD_2_013_WI_3,1097.1498709257826,1097.1498709257826,0.0,0.0,1.0,1.0,0.0,14.066023986227982,10.0
point_gbdt_safety,HOUSEHOLD_2_015_CA_1,1139.4955626145597,1139.4955626145597,0.0,0.0,1.0,1.0,0.0,14.608917469417433,50.0
point_gbdt_safety,HOUSEHOLD_2_017_CA_1,1155.036463179463,1155.036463179463,0.0,0.0,1.0,1.0,0.0,14.808159784352089,29.0
point_gbdt_safety,HOUSEHOLD_2_021_CA_2,1225.5459145740067,1225.5459145740067,0.0,0.0,1.0,1.0,0.0,15.712127109923163,31.0
point_gbdt_safety,HOUSEHOLD_2_029_WI_2,1136.7192149188427,1136.7192149188427,0.0,0.0,1.0,1.0,0.0,14.573323268190292,47.0
point_gbdt_safety,HOUSEHOLD_2_032_WI_2,1221.7218674651206,1221.7218674651206,0.0,0.0,1.0,1.0,0.0,15.663100864937443,7.0
point_gbdt_safety,HOUSEHOLD_2_034_CA_2,1032.9666209720106,1032.9666209720106,0.0,0.0,1.0,1.0,0.0,13.243161807333468,18.0
point_gbdt_safety,HOUSEHOLD_2_034_CA_3,1198.0354707601118,1198.0354707601118,0.0,0.0,1.0,1.0,0.0,15.359429112309126,14.0
point_gbdt_safety,HOUSEHOLD_2_038_TX_1,1148.2654890131626,1148.2654890131626,0.0,0.0,1.0,1.0,0.0,14.721352423245675,11.0
point_gbdt_safety,HOUSEHOLD_2_042_WI_2,1214.8833768664758,1214.8833768664758,0.0,0.0,1.0,1.0,0.0,15.575427908544562,2.0
point_gbdt_safety,HOUSEHOLD_2_043_TX_2,1024.847307548505,1024.847307548505,0.0,0.0,1.0,1.0,0.0,13.139068045493653,17.0
point_gbdt_safety,HOUSEHOLD_2_045_CA_4,1064.630500382355,1064.630500382355,0.0,0.0,1.0,1.0,0.0,13.64910897926096,19.0
point_gbdt_safety,HOUSEHOLD_2_047_TX_2,1269.5742356274952,1269.5742356274952,0.0,0.0,1.0,1.0,0.0,16.276592764455067,40.0
point_gbdt_safety,HOUSEHOLD_2_057_WI_3,1127.7397723875165,1127.7397723875165,0.0,0.0,1.0,1.0,0.0,14.458202210096365,12.0
point_gbdt_safety,HOUSEHOLD_2_058_TX_2,1181.9065559305322,1181.9065559305322,0.0,0.0,1.0,1.0,0.0,15.15264815295554,44.0
point_gbdt_safety,HOUSEHOLD_2_063_TX_2,1137.1641319697421,1137.1641319697421,0.0,0.0,1.0,1.0,0.0,14.579027332945412,12.0
point_gbdt_safety,HOUSEHOLD_2_067_CA_2,1147.2546245763754,1065.819757878248,81.43486669812728,0.0,0.9162192729443135,0.9230769230769231,0.07692307692307693,13.66435587023395,108.0
point_gbdt_safety,HOUSEHOLD_2_073_WI_3,1189.5487295605947,1189.5487295605947,0.0,0.0,1.0,1.0,0.0,15.250624737956342,3.0
point_gbdt_safety,HOUSEHOLD_2_075_CA_4,1044.2340006561171,1044.2340006561171,0.0,0.0,1.0,1.0,0.0,13.387615393027144,38.0
point_gbdt_safety,HOUSEHOLD_2_075_WI_3,1219.0641160533328,1219.0641160533328,0.0,0.0,1.0,1.0,0.0,15.629027128888882,37.0
point_gbdt_safety,HOUSEHOLD_2_077_CA_3,1195.5347159000942,1195.5347159000942,0.0,0.0,1.0,1.0,0.0,15.32736815256531,9.0
point_gbdt_safety,HOUSEHOLD_2_079_TX_1,1117.0407619322948,1117.0407619322948,0.0,0.0,1.0,1.0,0.0,14.321035409388395,14.0
point_gbdt_safety,HOUSEHOLD_2_087_CA_3,1268.235328948185,1268.235328948185,0.0,0.0,1.0,1.0,0.0,16.2594272942075,7.0
point_gbdt_safety,HOUSEHOLD_2_089_TX_2,1104.6923749289294,1104.6923749289294,0.0,0.0,1.0,1.0,0.0,14.162722755499095,57.0
point_gbdt_safety,HOUSEHOLD_2_095_CA_2,1117.39636347936,1117.39636347936,0.0,0.0,1.0,1.0,0.0,14.325594403581537,40.0
point_gbdt_safety,HOUSEHOLD_2_095_TX_3,1096.624778328597,1096.624778328597,0.0,0.0,1.0,1.0,0.0,14.059292029853806,25.0
point_gbdt_safety,HOUSEHOLD_2_110_CA_1,1437.0127933852045,1195.847104186978,241.16568919822646,0.0,0.8395437862952586,0.8974358974358975,0.10256410256410256,15.331373130602282,167.0
point_gbdt_safety,HOUSEHOLD_2_120_TX_2,1181.0390677131486,1181.0390677131486,0.0,0.0,1.0,1.0,0.0,15.141526509142931,35.0
point_gbdt_safety,HOUSEHOLD_2_123_TX_1,1142.92864659734,1142.92864659734,0.0,0.0,1.0,1.0,0.0,14.652931366632565,42.0
point_gbdt_safety,HOUSEHOLD_2_129_CA_2,1125.893174830817,1125.893174830817,0.0,0.0,1.0,1.0,0.0,14.434527882446373,14.0
point_gbdt_safety,HOUSEHOLD_2_138_CA_3,1229.416090157908,1229.416090157908,0.0,0.0,1.0,1.0,0.0,15.761744745614205,4.0
point_gbdt_safety,HOUSEHOLD_2_139_TX_2,956.5382302013686,956.5382302013686,0.0,0.0,1.0,1.0,0.0,12.263310643607289,47.0
point_gbdt_safety,HOUSEHOLD_2_143_CA_1,982.0490117919081,982.0490117919081,0.0,0.0,1.0,1.0,0.0,12.590371946050103,22.0
point_gbdt_safety,HOUSEHOLD_2_146_WI_1,1011.2886120649994,985.2828415742616,26.00577049073776,0.0,0.9357882210105241,0.9743589743589743,0.02564102564102564,12.631831302234124,45.0
point_gbdt_safety,HOUSEHOLD_2_147_CA_3,1267.9202435872926,1267.9202435872926,0.0,0.0,1.0,1.0,0.0,16.255387738298623,5.0
point_gbdt_safety,HOUSEHOLD_2_149_TX_1,1180.691559893071,1180.691559893071,0.0,0.0,1.0,1.0,0.0,15.137071280680397,6.0
point_gbdt_safety,HOUSEHOLD_2_150_CA_2,1034.1343577462142,1034.1343577462142,0.0,0.0,1.0,1.0,0.0,13.25813279161813,33.0
point_gbdt_safety,HOUSEHOLD_2_158_TX_3,1211.0520007085463,1211.0520007085463,0.0,0.0,1.0,1.0,0.0,15.52630770139162,0.0
point_gbdt_safety,HOUSEHOLD_2_159_CA_2,1145.8547711308986,1145.8547711308986,0.0,0.0,1.0,1.0,0.0,14.69044578372947,46.0
point_gbdt_safety,HOUSEHOLD_2_160_WI_1,1106.3998609445307,1106.3998609445307,0.0,0.0,1.0,1.0,0.0,14.184613601852957,41.0
point_gbdt_safety,HOUSEHOLD_2_164_CA_1,1071.0882250614957,1071.0882250614957,0.0,0.0,1.0,1.0,0.0,13.731900321301227,12.0
point_gbdt_safety,HOUSEHOLD_2_176_TX_2,2057.5132044803686,1211.8413190918923,845.6718853884762,0.0,0.6051951982313368,0.6794871794871795,0.32051282051282054,15.536427167844773,238.0
point_gbdt_safety,HOUSEHOLD_2_179_CA_1,1155.654340558885,1155.654340558885,0.0,0.0,1.0,1.0,0.0,14.816081289216473,28.0
point_gbdt_safety,HOUSEHOLD_2_184_WI_3,1072.9080284933418,1072.9080284933418,0.0,0.0,1.0,1.0,0.0,13.755231134530023,46.0
point_gbdt_safety,HOUSEHOLD_2_190_WI_1,1072.4109378691558,1072.4109378691558,0.0,0.0,1.0,1.0,0.0,13.748858177809689,44.0
point_gbdt_safety,HOUSEHOLD_2_193_TX_1,1077.1900251190684,1077.1900251190684,0.0,0.0,1.0,1.0,0.0,13.810128527167544,22.0
point_gbdt_safety,HOUSEHOLD_2_203_CA_1,1150.2963021285677,941.6097149655263,208.6865871630414,0.0,0.6823644031003936,0.8846153846153846,0.11538461538461539,12.071919422634952,73.0
point_gbdt_safety,HOUSEHOLD_2_207_WI_3,1209.0495014435182,1209.0495014435182,0.0,0.0,1.0,1.0,0.0,15.50063463389126,3.0
point_gbdt_safety,HOUSEHOLD_2_208_CA_3,1190.2545567320558,1190.2545567320558,0.0,0.0,1.0,1.0,0.0,15.259673804257126,9.0
point_gbdt_safety,HOUSEHOLD_2_217_TX_1,1058.2062834330936,932.209424108089,125.99685932500466,0.0,0.8478298800422649,0.9230769230769231,0.07692307692307693,11.951402873180628,92.0
point_gbdt_safety,HOUSEHOLD_2_218_CA_1,1073.7809713817387,1073.7809713817387,0.0,0.0,1.0,1.0,0.0,13.766422710022292,6.0
point_gbdt_safety,HOUSEHOLD_2_224_TX_1,1099.385419430294,1099.385419430294,0.0,0.0,1.0,1.0,0.0,14.094684864490947,6.0
point_gbdt_safety,HOUSEHOLD_2_226_TX_3,1132.5253979358085,1132.5253979358085,0.0,0.0,1.0,1.0,0.0,14.519556383792418,28.0
point_gbdt_safety,HOUSEHOLD_2_226_WI_1,996.6268708846053,996.6268708846053,0.0,0.0,1.0,1.0,0.0,12.777267575443657,39.0
point_gbdt_safety,HOUSEHOLD_2_234_WI_3,1176.6477994131567,1176.6477994131567,0.0,0.0,1.0,1.0,0.0,15.085228197604573,9.0
point_gbdt_safety,HOUSEHOLD_2_237_CA_2,1120.8258825403093,1120.8258825403093,0.0,0.0,1.0,1.0,0.0,14.369562596670631,12.0
point_gbdt_safety,HOUSEHOLD_2_238_CA_1,1094.6476135570742,1094.6476135570742,0.0,0.0,1.0,1.0,0.0,14.033943763552234,30.0
point_gbdt_safety,HOUSEHOLD_2_241_CA_2,1074.6397462566842,1074.6397462566842,0.0,0.0,1.0,1.0,0.0,13.777432644316464,18.0
point_gbdt_safety,HOUSEHOLD_2_249_WI_1,1081.2436479777825,1081.2436479777825,0.0,0.0,1.0,1.0,0.0,13.862098050997211,7.0
point_gbdt_safety,HOUSEHOLD_2_257_TX_1,1020.2706136166543,1020.2706136166543,0.0,0.0,1.0,1.0,0.0,13.080392482264799,37.0
point_gbdt_safety,HOUSEHOLD_2_259_CA_2,1139.651935981003,1115.092325873999,24.559610107004,0.0,0.9512706148670554,0.9615384615384616,0.038461538461538464,14.296055459923064,56.0
point_gbdt_safety,HOUSEHOLD_2_259_TX_3,1151.4197392279932,1151.4197392279932,0.0,0.0,1.0,1.0,0.0,14.761791528564016,12.0
point_gbdt_safety,HOUSEHOLD_2_260_WI_1,1146.4504653202584,1146.4504653202584,0.0,0.0,1.0,1.0,0.0,14.698082888721261,16.0
point_gbdt_safety,HOUSEHOLD_2_263_TX_2,965.6834617742435,965.6834617742435,0.0,0.0,1.0,1.0,0.0,12.380557202233891,22.0
point_gbdt_safety,HOUSEHOLD_2_263_TX_3,1170.1001298696938,1170.1001298696938,0.0,0.0,1.0,1.0,0.0,15.001283716278126,6.0
point_gbdt_safety,HOUSEHOLD_2_264_WI_3,1068.570649795384,1068.570649795384,0.0,0.0,1.0,1.0,0.0,13.699623715325437,34.0
point_gbdt_safety,HOUSEHOLD_2_265_WI_1,1072.8186937730698,1072.8186937730698,0.0,0.0,1.0,1.0,0.0,13.754085817603459,26.0
point_gbdt_safety,HOUSEHOLD_2_275_CA_2,1104.1704387380307,1104.1704387380307,0.0,0.0,1.0,1.0,0.0,14.156031265872189,48.0
point_gbdt_safety,HOUSEHOLD_2_280_TX_2,1127.120838186295,1127.120838186295,0.0,0.0,1.0,1.0,0.0,14.45026715623455,30.0
point_gbdt_safety,HOUSEHOLD_2_280_WI_3,1153.2348174673646,1153.2348174673646,0.0,0.0,1.0,1.0,0.0,14.78506176240211,16.0
point_gbdt_safety,HOUSEHOLD_2_288_TX_3,1174.717461680521,1174.717461680521,0.0,0.0,1.0,1.0,0.0,15.060480277955397,13.0
point_gbdt_safety,HOUSEHOLD_2_294_CA_1,1456.6539163473296,1456.6539163473296,0.0,0.0,1.0,1.0,0.0,18.675050209581148,112.0
point_gbdt_safety,HOUSEHOLD_2_294_WI_3,1117.5900457716884,1002.431706898946,115.1583388727424,0.0,0.881524342723516,0.8846153846153846,0.11538461538461539,12.851688549986488,108.0
point_gbdt_safety,HOUSEHOLD_2_307_TX_1,1168.0617808892805,1168.0617808892805,0.0,0.0,1.0,1.0,0.0,14.975151037042057,3.0
point_gbdt_safety,HOUSEHOLD_2_308_WI_3,1082.4906855977686,1082.4906855977686,0.0,0.0,1.0,1.0,0.0,13.878085712791904,17.0
point_gbdt_safety,HOUSEHOLD_2_311_TX_2,1136.2035605137,1136.2035605137,0.0,0.0,1.0,1.0,0.0,14.566712314278206,39.0
point_gbdt_safety,HOUSEHOLD_2_314_TX_1,1006.6069271428444,1006.6069271428444,0.0,0.0,1.0,1.0,0.0,12.905217014651852,20.0
point_gbdt_safety,HOUSEHOLD_2_316_CA_4,1066.8777373630899,1066.8777373630899,0.0,0.0,1.0,1.0,0.0,13.677919709783204,18.0
point_gbdt_safety,HOUSEHOLD_2_326_TX_2,1128.6865258560379,1128.6865258560379,0.0,0.0,1.0,1.0,0.0,14.470340075077408,15.0
point_gbdt_safety,HOUSEHOLD_2_330_CA_2,1167.0210877192994,1167.0210877192994,0.0,0.0,1.0,1.0,0.0,14.961808816914095,16.0
point_gbdt_safety,HOUSEHOLD_2_333_WI_2,1159.2160139584,1159.2160139584,0.0,0.0,1.0,1.0,0.0,14.861743768697437,17.0
point_gbdt_safety,HOUSEHOLD_2_337_CA_2,1045.9083618577579,1045.9083618577579,0.0,0.0,1.0,1.0,0.0,13.409081562278947,26.0
point_gbdt_safety,HOUSEHOLD_2_338_WI_3,1206.8235111664326,1206.8235111664326,0.0,0.0,1.0,1.0,0.0,15.472096297005546,11.0
point_gbdt_safety,HOUSEHOLD_2_342_CA_1,1021.9725007850903,1015.121629070514,6.850871714576346,0.0,0.9834520006894292,0.9871794871794872,0.01282051282051282,13.014379859878385,46.0
point_gbdt_safety,HOUSEHOLD_2_345_CA_1,1143.7184630750562,1143.7184630750562,0.0,0.0,1.0,1.0,0.0,14.663057218910977,40.0
point_gbdt_safety,HOUSEHOLD_2_346_TX_3,1043.91385479637,976.6093473144974,67.30450748187255,0.0,0.9130432719872448,0.9743589743589743,0.02564102564102564,12.520632657878172,86.0
point_gbdt_safety,HOUSEHOLD_2_348_TX_1,1055.4345005071216,1010.842217842707,44.59228266441464,0.0,0.9271367930320022,0.9615384615384616,0.038461538461538464,12.959515613368039,68.0
point_gbdt_safety,HOUSEHOLD_2_354_TX_1,1033.1267840115593,1033.1267840115593,0.0,0.0,1.0,1.0,0.0,13.245215179635375,22.0
point_gbdt_safety,HOUSEHOLD_2_354_TX_2,1152.7934178365003,1058.4636395158004,94.3297783207,0.0,0.7903782703984444,0.9358974358974359,0.0641025641025641,13.57004666045898,50.0
point_gbdt_safety,HOUSEHOLD_2_355_CA_3,1180.8028117847748,1180.8028117847748,0.0,0.0,1.0,1.0,0.0,15.138497586984291,29.0
point_gbdt_safety,HOUSEHOLD_2_355_TX_2,1135.6951718483142,1135.6951718483142,0.0,0.0,1.0,1.0,0.0,14.560194510875823,21.0
point_gbdt_safety,HOUSEHOLD_2_358_CA_4,1191.0977005500347,1191.0977005500347,0.0,0.0,1.0,1.0,0.0,15.27048334038506,1.0
point_gbdt_safety,HOUSEHOLD_2_358_WI_2,1151.3768352239042,1151.3768352239042,0.0,0.0,1.0,1.0,0.0,14.761241477229541,16.0
point_gbdt_safety,HOUSEHOLD_2_370_TX_2,1080.993062868656,1080.993062868656,0.0,0.0,1.0,1.0,0.0,13.858885421393024,23.0
point_gbdt_safety,HOUSEHOLD_2_373_WI_3,1176.165348221804,1176.165348221804,0.0,0.0,1.0,1.0,0.0,15.079042925920563,10.0
point_gbdt_safety,HOUSEHOLD_2_382_TX_3,1138.4169549458156,1138.4169549458156,0.0,0.0,1.0,1.0,0.0,14.595089165971995,43.0
point_gbdt_safety,HOUSEHOLD_2_385_WI_1,1151.5775742500596,1151.5775742500596,0.0,0.0,1.0,1.0,0.0,14.763815054487944,15.0
point_gbdt_safety,HOUSEHOLD_2_392_CA_4,1144.5629823551064,1144.5629823551064,0.0,0.0,1.0,1.0,0.0,14.673884389168032,10.0
point_gbdt_safety,HOUSEHOLD_2_396_TX_3,1005.2076771288537,1005.2076771288537,0.0,0.0,1.0,1.0,0.0,12.887277911908381,21.0
point_gbdt_safety,HOUSEHOLD_2_396_WI_2,1157.0868294058012,1157.0868294058012,0.0,0.0,1.0,1.0,0.0,14.834446530843605,6.0
point_gbdt_safety,HOUSEHOLD_2_397_WI_2,1238.490068699955,1238.490068699955,0.0,0.0,1.0,1.0,0.0,15.878077803845576,4.0
point_gbdt_safety,HOUSEHOLD_2_401_TX_3,1000.0901040322424,880.7835959083832,119.30650812385926,0.0,0.8363422385132246,0.9230769230769231,0.07692307692307693,11.29209738344081,81.0
point_gbdt_safety,HOUSEHOLD_2_405_CA_4,1076.6761383677474,1076.6761383677474,0.0,0.0,1.0,1.0,0.0,13.803540235483942,10.0
point_gbdt_safety,HOUSEHOLD_2_412_CA_1,1265.6941743109376,1265.6941743109376,0.0,0.0,1.0,1.0,0.0,16.226848388601763,6.0
point_gbdt_safety,HOUSEHOLD_2_417_TX_1,1111.7081109145095,1111.7081109145095,0.0,0.0,1.0,1.0,0.0,14.252668088647557,5.0
point_gbdt_safety,HOUSEHOLD_2_418_CA_2,1132.4251329544377,1132.4251329544377,0.0,0.0,1.0,1.0,0.0,14.518270935313303,21.0
point_gbdt_safety,HOUSEHOLD_2_420_CA_3,1138.181077550524,1138.181077550524,0.0,0.0,1.0,1.0,0.0,14.592065096801589,36.0
point_gbdt_safety,HOUSEHOLD_2_424_CA_1,1035.2763032450832,1035.2763032450832,0.0,0.0,1.0,1.0,0.0,13.272773118526707,22.0
point_gbdt_safety,HOUSEHOLD_2_424_CA_4,1106.3566429280124,1106.3566429280124,0.0,0.0,1.0,1.0,0.0,14.184059524718108,10.0
point_gbdt_safety,HOUSEHOLD_2_428_CA_4,1171.2253136003128,1171.2253136003128,0.0,0.0,1.0,1.0,0.0,15.015709148721958,0.0
point_gbdt_safety,HOUSEHOLD_2_429_WI_3,1146.7642395708165,1146.7642395708165,0.0,0.0,1.0,1.0,0.0,14.702105635523289,10.0
point_gbdt_safety,HOUSEHOLD_2_432_TX_3,1123.5050475438718,1123.5050475438718,0.0,0.0,1.0,1.0,0.0,14.403910865947074,27.0
point_gbdt_safety,HOUSEHOLD_2_436_CA_2,1258.2577042343162,1258.2577042343162,0.0,0.0,1.0,1.0,0.0,16.13150902864508,38.0
point_gbdt_safety,HOUSEHOLD_2_440_TX_2,1611.8060013137056,1308.3845339515055,303.4214673622,0.0,0.7737349236672632,0.8846153846153846,0.11538461538461539,16.774160691685967,149.0
point_gbdt_safety,HOUSEHOLD_2_445_WI_2,1183.659562252926,1183.659562252926,0.0,0.0,1.0,1.0,0.0,15.17512259298623,2.0
point_gbdt_safety,HOUSEHOLD_2_446_CA_3,1229.9384337355202,1229.9384337355202,0.0,0.0,1.0,1.0,0.0,15.768441458147695,13.0
point_gbdt_safety,HOUSEHOLD_2_451_TX_1,1121.0756498428157,1022.9728358931113,98.10281394970424,0.0,0.8941717217371045,0.9230769230769231,0.07692307692307693,13.11503635760399,103.0
point_gbdt_safety,HOUSEHOLD_2_451_WI_2,1168.0892170062994,1149.607952982451,18.481264023848354,0.0,0.9763968530985334,0.9871794871794872,0.01282051282051282,14.738563499775013,87.0
point_gbdt_safety,HOUSEHOLD_2_459_WI_3,1148.3147806908244,1148.3147806908244,0.0,0.0,1.0,1.0,0.0,14.721984367831082,8.0
point_gbdt_safety,HOUSEHOLD_2_462_CA_4,1172.685802261216,1172.685802261216,0.0,0.0,1.0,1.0,0.0,15.03443336232328,11.0
point_gbdt_safety,HOUSEHOLD_2_462_TX_2,1138.9097111487101,1138.9097111487101,0.0,0.0,1.0,1.0,0.0,14.60140655318859,13.0
point_gbdt_safety,HOUSEHOLD_2_465_CA_1,1158.4524057047402,1105.3680382925736,53.08436741216656,0.0,0.9329742835704967,0.9743589743589743,0.02564102564102564,14.171385106315046,88.0
point_gbdt_safety,HOUSEHOLD_2_468_TX_2,1000.6843924714948,1000.6843924714948,0.0,0.0,1.0,1.0,0.0,12.829287082967882,42.0
point_gbdt_safety,HOUSEHOLD_2_470_WI_2,1082.8956100469945,1082.8956100469945,0.0,0.0,1.0,1.0,0.0,13.883277051884546,44.0
point_gbdt_safety,HOUSEHOLD_2_475_CA_3,1252.029099289417,1252.029099289417,0.0,0.0,1.0,1.0,0.0,16.05165511909509,20.0
point_gbdt_safety,HOUSEHOLD_2_476_WI_2,1056.2618932454943,1056.2618932454943,0.0,0.0,1.0,1.0,0.0,13.541819144173004,19.0
point_gbdt_safety,HOUSEHOLD_2_478_TX_2,1101.8286875384908,1101.8286875384908,0.0,0.0,1.0,1.0,0.0,14.126008814596036,13.0
point_gbdt_safety,HOUSEHOLD_2_480_TX_1,1147.0471440542458,1147.0471440542458,0.0,0.0,1.0,1.0,0.0,14.705732616080073,15.0
point_gbdt_safety,HOUSEHOLD_2_483_TX_1,1079.10748757861,999.2652310190637,79.84225655954637,0.0,0.9094758995923512,0.9102564102564102,0.08974358974358974,12.81109270537261,98.0
point_gbdt_safety,HOUSEHOLD_2_488_WI_3,1085.3859354080091,1085.3859354080091,0.0,0.0,1.0,1.0,0.0,13.915204300102682,14.0
point_gbdt_safety,HOUSEHOLD_2_490_WI_1,1217.6127902308344,998.3269903398216,219.28579989101277,0.0,0.8081489064820536,0.8846153846153846,0.11538461538461539,12.799063978715662,127.0
point_gbdt_safety,HOUSEHOLD_2_491_TX_3,1066.7355739725076,1066.7355739725076,0.0,0.0,1.0,1.0,0.0,13.676097102211637,39.0
point_gbdt_safety,HOUSEHOLD_2_505_CA_4,1182.3746769422573,1182.3746769422573,0.0,0.0,1.0,1.0,0.0,15.158649704387914,9.0
point_gbdt_safety,HOUSEHOLD_2_507_CA_1,1012.9313299483624,984.3835517975438,28.547778150818708,0.0,0.9526570843270005,0.9615384615384616,0.038461538461538464,12.620301946122355,67.0
point_gbdt_safety,HOUSEHOLD_2_509_TX_1,1165.3759472827235,1165.3759472827235,0.0,0.0,1.0,1.0,0.0,14.940717272855428,36.0
point_gbdt_safety,HOUSEHOLD_2_509_WI_1,1105.8204171779828,1105.8204171779828,0.0,0.0,1.0,1.0,0.0,14.177184835615163,8.0
point_gbdt_safety,HOUSEHOLD_2_509_WI_2,1125.769490332565,1125.769490332565,0.0,0.0,1.0,1.0,0.0,14.432942183750834,14.0
point_gbdt_safety,HOUSEHOLD_2_510_CA_2,1105.5844927249252,1091.9339041807875,13.650588544137769,0.0,0.9733906656059692,0.9743589743589743,0.02564102564102564,13.999152617702403,57.0
pp_quantile_fixed,FOODS_1_008_CA_1,339.25335130623523,320.1973235437935,19.056027762441733,0.0,0.9153065432780367,0.9615384615384616,0.038461538461538464,4.105093891587097,25.0
pp_quantile_fixed,FOODS_1_010_CA_3,437.51142356663746,326.8189523752766,110.69247119136088,0.0,0.7204735575975736,0.8589743589743589,0.14102564102564102,4.1899865689138025,44.0
pp_quantile_fixed,FOODS_1_010_WI_3,656.0839062820535,615.2819641656766,40.80194211637682,0.0,0.9175718341083297,0.9487179487179487,0.05128205128205128,7.888230309816367,55.0
pp_quantile_fixed,FOODS_1_013_WI_1,1049.7435353666701,923.1633003565663,126.58023501010389,0.0,0.8874842355465743,0.9102564102564102,0.08974358974358974,11.835426927648285,125.0
pp_quantile_fixed,FOODS_1_014_WI_3,766.318794278442,595.7229789459283,170.59581533251378,0.0,0.7821253954884881,0.8846153846153846,0.11538461538461539,7.637474089050363,87.0
pp_quantile_fixed,FOODS_1_022_WI_3,628.659555717122,628.659555717122,0.0,0.0,1.0,1.0,0.0,8.059737893809256,1.0
pp_quantile_fixed,FOODS_1_024_TX_1,608.5291819825931,486.0721585802135,122.45702340237952,0.0,0.7432766804981562,0.9102564102564102,0.08974358974358974,6.231694340771968,53.0
pp_quantile_fixed,FOODS_1_025_TX_1,503.50130293161874,424.5844386952994,78.91686423631934,0.0,0.8007149893022238,0.9102564102564102,0.08974358974358974,5.443390239683326,44.0
pp_quantile_fixed,FOODS_1_025_WI_1,766.7988522647597,752.3683796870431,14.430472577716625,0.0,0.9514125502433783,0.9743589743589743,0.02564102564102564,9.645748457526194,33.0
pp_quantile_fixed,FOODS_1_032_CA_2,2202.3600479036495,1356.7001338593284,845.6599140443213,0.0,0.75207859453406,0.7564102564102564,0.24358974358974358,17.393591459734978,379.0
pp_quantile_fixed,FOODS_1_040_TX_1,692.4765156954867,627.8827973759227,64.59371831956405,0.0,0.8249492728467099,0.9230769230769231,0.07692307692307693,8.04977945353747,41.0
pp_quantile_fixed,FOODS_1_043_CA_3,9472.28243276961,9472.28243276961,0.0,0.0,1.0,1.0,0.0,121.43951836884116,42.0
pp_quantile_fixed,FOODS_1_045_CA_3,1316.7882124912649,1316.7882124912649,0.0,0.0,1.0,1.0,0.0,16.881900160144422,133.0
pp_quantile_fixed,FOODS_1_045_WI_2,998.7232003264232,840.9123182391482,157.81088208727505,0.0,0.8376431254246142,0.8974358974358975,0.10256410256410256,10.780927156912156,108.0
pp_quantile_fixed,FOODS_1_046_WI_3,2129.7804543244465,1551.5879498808952,578.1925044435511,0.0,0.7620606977598555,0.7307692307692307,0.2692307692307692,19.89215320360122,270.0
pp_quantile_fixed,FOODS_1_047_TX_2,613.9077988926389,578.3338084486768,35.57399044396206,0.0,0.9362473289534731,0.9487179487179487,0.05128205128205128,7.414536005752266,62.0
pp_quantile_fixed,FOODS_1_054_CA_1,1013.2854874470747,548.0080406621432,465.2774467849315,0.0,0.614197805319294,0.7692307692307693,0.23076923076923078,7.025744111053118,134.0
pp_quantile_fixed,FOODS_1_054_TX_3,470.76637304734817,386.9133078071986,83.8530652401496,0.0,0.7337997928884139,0.9487179487179487,0.05128205128205128,4.9604270231692125,35.0
pp_quantile_fixed,FOODS_1_055_WI_2,1288.020071258863,957.7861086303033,330.2339626285599,0.0,0.7302010109243793,0.8333333333333334,0.16666666666666666,12.279309085003888,136.0
pp_quantile_fixed,FOODS_1_056_WI_1,669.799702115446,669.799702115446,0.0,0.0,1.0,1.0,0.0,8.587175668146743,1.0
pp_quantile_fixed,FOODS_1_057_CA_2,1167.0033905814832,1167.0033905814832,0.0,0.0,1.0,1.0,0.0,14.961581930531837,3.0
pp_quantile_fixed,FOODS_1_060_CA_4,375.191691749655,374.39323947637337,0.7984522732816259,0.0,0.9977252071986279,0.9871794871794872,0.01282051282051282,4.799913326620171,39.0
pp_quantile_fixed,FOODS_1_062_TX_2,472.77679629286865,424.77490914574776,48.00188714712091,0.0,0.8865203613543241,0.9358974358974359,0.0641025641025641,5.445832168535228,47.0
pp_quantile_fixed,FOODS_1_064_WI_3,357.80422139436115,349.127586922315,8.676634472046121,0.0,0.9464405279503326,0.9871794871794872,0.01282051282051282,4.475994704132243,18.0
pp_quantile_fixed,FOODS_1_066_WI_1,1262.9498489651,874.9526104855079,387.99723847959206,0.0,0.7433880697886296,0.8076923076923077,0.19230769230769232,11.217341160070614,168.0
pp_quantile_fixed,FOODS_1_069_CA_3,1988.097192705803,1261.5442658236805,726.5529268821226,0.0,0.7508391883120292,0.7564102564102564,0.24358974358974358,16.17364443363693,324.0
pp_quantile_fixed,FOODS_1_078_TX_2,540.1481769779364,500.13731474982046,40.010862228115904,0.0,0.8966127591004757,0.9615384615384616,0.038461538461538464,6.412016855766929,43.0
pp_quantile_fixed,FOODS_1_081_WI_1,577.0683872272513,424.0598465729831,153.0085406542682,0.0,0.7462544931106664,0.8846153846153846,0.11538461538461539,5.436664699653629,67.0
pp_quantile_fixed,FOODS_1_083_WI_3,1249.0896384811963,1249.0896384811963,0.0,0.0,1.0,1.0,0.0,16.013969724117903,92.0
pp_quantile_fixed,FOODS_1_085_CA_4,3503.733710842535,2150.5322645310316,1353.2014463115033,0.0,0.7827229533860784,0.6923076923076923,0.3076923076923077,27.57092646834656,692.0
pp_quantile_fixed,FOODS_1_086_CA_2,1284.4680609435745,1047.044639270897,237.42342167267756,0.0,0.8647159990469072,0.8717948717948718,0.1282051282051282,13.423649221421757,195.0
pp_quantile_fixed,FOODS_1_086_WI_2,1649.1716741751397,924.5497851656683,724.6218890094715,0.0,0.6817646512914047,0.717948717948718,0.28205128205128205,11.853202373918824,253.0
pp_quantile_fixed,FOODS_1_089_CA_1,488.8435514472261,418.00445240904776,70.83909903817835,0.0,0.7540309061174363,0.9230769230769231,0.07692307692307693,5.359031441141638,32.0
pp_quantile_fixed,FOODS_1_091_TX_3,515.5818508688701,515.5818508688701,0.0,0.0,1.0,1.0,0.0,6.610023729088078,4.0
pp_quantile_fixed,FOODS_1_094_WI_1,486.79321504901696,354.0565765276284,132.73663852138856,0.0,0.776537645586888,0.8589743589743589,0.14102564102564102,4.539186878559339,66.0
pp_quantile_fixed,FOODS_1_098_CA_2,348.2942573205335,348.2942573205335,0.0,0.0,1.0,1.0,0.0,4.4653109912888915,13.0
pp_quantile_fixed,FOODS_1_098_TX_1,442.56787106419426,276.60415429336655,165.96371677082774,0.0,0.6874506275502302,0.8717948717948718,0.1282051282051282,3.546207106325212,59.0
pp_quantile_fixed,FOODS_1_099_CA_2,3914.7807405879644,2413.064684067402,1501.7160565205622,0.0,0.7531696159565151,0.717948717948718,0.28205128205128205,30.93672671881285,676.0
pp_quantile_fixed,FOODS_1_099_TX_1,2995.0471559334464,1908.470577763952,1086.5765781694945,0.0,0.6966564550057245,0.7307692307692307,0.2692307692307692,24.467571509794254,398.0
pp_quantile_fixed,FOODS_1_101_CA_1,1761.769619134576,1761.769619134576,0.0,0.0,1.0,1.0,0.0,22.586789988904822,0.0
pp_quantile_fixed,FOODS_1_102_TX_2,586.699475820229,424.43226051662083,162.26721530360828,0.0,0.7348574913339734,0.8076923076923077,0.19230769230769232,5.441439237392575,68.0
pp_quantile_fixed,FOODS_1_106_CA_1,829.5303695815876,578.402422014419,251.12794756716852,0.0,0.7440082083922849,0.782051282051282,0.21794871794871795,7.415415666851525,109.0
pp_quantile_fixed,FOODS_1_107_TX_2,392.54549123451096,392.54549123451096,0.0,0.0,1.0,1.0,0.0,5.032634503006551,28.0
pp_quantile_fixed,FOODS_1_111_WI_2,258.15372551086045,258.15372551086045,0.0,0.0,1.0,1.0,0.0,3.309663147575134,9.0
pp_quantile_fixed,FOODS_1_119_WI_1,574.1106045744776,390.6750216691053,183.4355829053723,0.0,0.6815354463448398,0.8461538461538461,0.15384615384615385,5.008654123962889,64.0
pp_quantile_fixed,FOODS_1_122_WI_3,883.4804243587853,532.0489268994944,351.4314974592909,0.0,0.6133866914639264,0.7692307692307693,0.23076923076923078,6.821140088455056,101.0
pp_quantile_fixed,FOODS_1_131_CA_1,473.44242754755186,402.3175749033635,71.12485264418837,0.0,0.8637454930187961,0.8717948717948718,0.1282051282051282,5.157917626966198,58.0
pp_quantile_fixed,FOODS_1_132_WI_3,448.9173314482723,299.9638687634873,148.95346268478497,0.0,0.6877285897593607,0.8461538461538461,0.15384615384615385,3.845690625172914,53.0
pp_quantile_fixed,FOODS_1_134_CA_2,456.8982690547915,330.12748184494865,126.77078720984287,0.0,0.7832977996412942,0.9102564102564102,0.08974358974358974,4.2324036133967775,65.0
pp_quantile_fixed,FOODS_1_139_TX_3,1326.777225102518,721.4763139406652,605.3009111618528,0.0,0.638410447334616,0.7051282051282052,0.2948717948717949,9.249696332572631,186.0
pp_quantile_fixed,FOODS_1_143_CA_1,1276.2136861853053,1030.175624959288,246.0380612260173,0.0,0.7795357874318841,0.8846153846153846,0.11538461538461539,13.207379807170359,124.0
pp_quantile_fixed,FOODS_1_143_WI_2,787.1927014173413,787.1927014173413,0.0,0.0,1.0,1.0,0.0,10.092214120735145,34.0
pp_quantile_fixed,FOODS_1_147_TX_2,323.4121105195537,276.6843248769984,46.727785642555325,0.0,0.8516578233569673,0.9358974358974359,0.0641025641025641,3.5472349343204925,35.0
pp_quantile_fixed,FOODS_1_149_CA_3,1030.5865490538913,923.851464938135,106.73508411575622,0.0,0.9094698183920643,0.9358974358974359,0.0641025641025641,11.844249550488911,131.0
pp_quantile_fixed,FOODS_1_156_TX_3,473.0767886745692,398.63335401079735,74.44343466377181,0.0,0.8276772345746023,0.8974358974358975,0.10256410256410256,5.110684025779453,48.0
pp_quantile_fixed,FOODS_1_159_CA_4,1115.7194429515248,1115.7194429515248,0.0,0.0,1.0,1.0,0.0,14.304095422455447,14.0
pp_quantile_fixed,FOODS_1_161_CA_4,2999.420754912209,2522.6035521446374,476.81720276757125,0.0,0.8296473016193029,0.8589743589743589,0.14102564102564102,32.341071181341505,311.0
pp_quantile_fixed,FOODS_1_161_WI_3,3424.004136598072,1995.2751844585246,1428.7289521395473,0.0,0.6746974152687735,0.6794871794871795,0.32051282051282054,25.5804510828016,488.0
pp_quantile_fixed,FOODS_1_168_WI_1,426.76454837726294,352.2726631544058,74.49188522285712,0.0,0.7413476207539683,0.9102564102564102,0.08974358974358974,4.516316194287254,32.0
pp_quantile_fixed,FOODS_1_174_TX_2,313.5184778059696,271.61742264706453,41.90105515890508,0.0,0.8589190061989728,0.9358974358974359,0.0641025641025641,3.48227464932134,33.0
pp_quantile_fixed,FOODS_1_175_CA_3,909.1253524481791,761.9152891573189,147.21006329086026,0.0,0.8052776940597086,0.8461538461538461,0.15384615384615385,9.768144732786139,84.0
pp_quantile_fixed,FOODS_1_183_CA_2,872.6620754831933,694.9454912308034,177.7165842523899,0.0,0.857940380293853,0.8461538461538461,0.15384615384615385,8.909557579882096,139.0
pp_quantile_fixed,FOODS_1_183_CA_4,808.7191450483392,576.3742769312314,232.34486811710775,0.0,0.7163066323356438,0.8461538461538461,0.15384615384615385,7.389413806810659,91.0
pp_quantile_fixed,FOODS_1_185_WI_1,1199.1997785164203,828.3369306533103,370.86284786311006,0.0,0.6703441352327911,0.7692307692307693,0.23076923076923078,10.619704239145005,125.0
pp_quantile_fixed,FOODS_1_191_TX_1,384.62410750011884,290.05639121174994,94.56771628836889,0.0,0.7373118991989753,0.9102564102564102,0.08974358974358974,3.718671682201922,40.0
pp_quantile_fixed,FOODS_1_192_CA_4,1089.0332008561747,1075.8533628744322,13.1798379817425,0.0,0.5118578525280556,0.9743589743589743,0.02564102564102564,13.792991831723489,3.0
pp_quantile_fixed,FOODS_1_203_WI_1,569.6816446372013,506.59834548680277,63.08329915039858,0.0,0.8701989729415667,0.9358974358974359,0.0641025641025641,6.494850583164138,54.0
pp_quantile_fixed,FOODS_1_207_CA_4,659.770049002763,409.2541164562024,250.51593254656066,0.0,0.7244049146902523,0.7692307692307693,0.23076923076923078,5.246847646874389,101.0
pp_quantile_fixed,FOODS_1_208_WI_3,638.3666138942832,448.48764808953194,189.87896580475126,0.0,0.7458112907566917,0.8076923076923077,0.19230769230769232,5.749841642173487,83.0
pp_quantile_fixed,FOODS_1_209_CA_4,833.1317220296123,833.1317220296123,0.0,0.0,1.0,1.0,0.0,10.681175923456568,1.0
pp_quantile_fixed,FOODS_1_214_TX_3,557.1769903987521,557.1769903987521,0.0,0.0,1.0,1.0,0.0,7.143294748701949,19.0
pp_quantile_fixed,FOODS_1_215_CA_1,1284.103840402111,995.1759889183618,288.92785148374935,0.0,0.7054761962449038,0.8846153846153846,0.11538461538461539,12.758666524594382,109.0
pp_quantile_fixed,FOODS_2_001_TX_1,746.1062726170185,547.1458585463531,198.9604140706653,0.0,0.7399210273586074,0.8717948717948718,0.1282051282051282,7.0146904941840145,85.0
pp_quantile_fixed,FOODS_2_002_CA_3,756.7116037556837,513.0042581077824,243.70734564790123,0.0,0.6991267337680231,0.7948717948717948,0.20512820512820512,6.576977668048493,90.0
pp_quantile_fixed,FOODS_2_004_CA_1,717.8137186197364,514.1373463322428,203.67637228749354,0.0,0.7904564071116321,0.8846153846153846,0.11538461538461539,6.591504440156959,108.0
pp_quantile_fixed,FOODS_2_009_CA_1,657.7531737796776,592.5672922542154,65.18588152546216,0.0,0.905936678895437,0.9487179487179487,0.05128205128205128,7.597016567361736,77.0
pp_quantile_fixed,FOODS_2_009_WI_1,1322.6409726436632,903.0244917215382,419.61648092212494,0.0,0.6784548038910919,0.7564102564102564,0.24358974358974358,11.577237073353054,145.0
pp_quantile_fixed,FOODS_2_012_CA_3,479.0482507599868,479.0482507599868,0.0,0.0,1.0,1.0,0.0,6.141644240512651,28.0
pp_quantile_fixed,FOODS_2_014_CA_3,883.1851297479656,641.9887827939576,241.1963469540079,0.0,0.7265347540203991,0.8205128205128205,0.1794871794871795,8.230625420435354,98.0
pp_quantile_fixed,FOODS_2_014_TX_1,387.9687062943731,375.37859598479855,12.5901103095745,0.0,0.9517620294652318,0.9743589743589743,0.02564102564102564,4.812546102369212,29.0
pp_quantile_fixed,FOODS_2_015_CA_1,654.0780217287894,543.9049810738284,110.17304065496106,0.0,0.7993205088252074,0.9102564102564102,0.08974358974358974,6.9731407829978,61.0
pp_quantile_fixed,FOODS_2_017_WI_1,437.90143506683205,355.90898751176644,81.99244755506558,0.0,0.7975495122097147,0.9230769230769231,0.07692307692307693,4.562935737330339,45.0
pp_quantile_fixed,FOODS_2_017_WI_3,358.4626701519955,358.4626701519955,0.0,0.0,1.0,1.0,0.0,4.595675258358916,2.0
pp_quantile_fixed,FOODS_2_024_CA_4,664.6427218731945,513.969674941595,150.67304693159952,0.0,0.7384148490770842,0.8846153846153846,0.11538461538461539,6.589354806943526,64.0
pp_quantile_fixed,FOODS_2_024_TX_2,650.1136541684648,644.1654036820709,5.9482504863939845,0.0,0.9821373859267447,0.9871794871794872,0.01282051282051282,8.258530816436807,37.0
pp_quantile_fixed,FOODS_2_029_TX_3,2134.36177900452,1251.8200870120063,882.5416919925137,0.0,0.643417498184843,0.7948717948717948,0.20512820512820512,16.0489754745129,275.0
pp_quantile_fixed,FOODS_2_031_TX_1,1310.2664277963074,1310.2664277963074,0.0,0.0,1.0,1.0,0.0,16.798287535850097,9.0
pp_quantile_fixed,FOODS_2_034_WI_3,781.8598025134743,743.607843371497,38.25195914197734,0.0,0.9532943111819568,0.9743589743589743,0.02564102564102564,9.533433889378166,91.0
pp_quantile_fixed,FOODS_2_043_TX_2,586.5128178588768,524.5308956046028,61.98192225427392,0.0,0.7540399910544685,0.9487179487179487,0.05128205128205128,6.724755071853883,28.0
pp_quantile_fixed,FOODS_2_045_TX_1,657.0447115554854,657.0447115554854,0.0,0.0,1.0,1.0,0.0,8.423650148147248,16.0
pp_quantile_fixed,FOODS_2_046_CA_3,475.366205234455,469.1974019675067,6.168803266948277,0.0,0.9639251270938697,0.9871794871794872,0.01282051282051282,6.015351307275727,19.0
pp_quantile_fixed,FOODS_2_047_CA_4,625.4521770388963,461.484873688225,163.96730335067127,0.0,0.7504302840933466,0.8205128205128205,0.1794871794871795,5.916472739592628,73.0
pp_quantile_fixed,FOODS_2_047_WI_3,737.8619225625988,550.4275122163929,187.43441034620594,0.0,0.7147117041914675,0.8717948717948718,0.1282051282051282,7.056762977133242,73.0
pp_quantile_fixed,FOODS_2_051_WI_3,709.3491787350783,529.2514291046773,180.09774963040098,0.0,0.7295829585129114,0.8461538461538461,0.15384615384615385,6.785274732111247,74.0
pp_quantile_fixed,FOODS_2_055_TX_1,648.5420256134939,558.2052019954576,90.33682361803626,0.0,0.8943428963531741,0.9230769230769231,0.07692307692307693,7.156476948659713,95.0
pp_quantile_fixed,FOODS_2_067_CA_2,1871.9472584053894,1871.9472584053894,0.0,0.0,1.0,1.0,0.0,23.99932382571012,15.0
pp_quantile_fixed,FOODS_2_067_WI_3,826.4875623875018,826.4875623875018,0.0,0.0,1.0,1.0,0.0,10.595994389583357,0.0
pp_quantile_fixed,FOODS_2_082_TX_3,1389.1980760521465,1017.3990024866794,371.7990735654671,0.0,0.7954900585448476,0.8589743589743589,0.14102564102564102,13.043576954957429,202.0
pp_quantile_fixed,FOODS_2_084_WI_1,632.7803690655121,567.8892532188926,64.8911158466195,0.0,0.8969982288148897,0.9230769230769231,0.07692307692307693,7.280631451524264,70.0
pp_quantile_fixed,FOODS_2_085_TX_2,392.00347857909037,348.3663110311855,43.63716754790489,0.0,0.8689574548110964,0.9358974358974359,0.0641025641025641,4.466234756810071,37.0
pp_quantile_fixed,FOODS_2_087_WI_3,374.1612818332724,374.1612818332724,0.0,0.0,1.0,1.0,0.0,4.7969395106829795,18.0
pp_quantile_fixed,FOODS_2_100_WI_3,1063.5665270752881,623.1124015988445,440.45412547644366,0.0,0.6453670487307217,0.7948717948717948,0.20512820512820512,7.988620533318519,138.0
pp_quantile_fixed,FOODS_2_101_WI_1,627.9728851818942,478.8812793375996,149.0916058442946,0.0,0.8237687874180915,0.8846153846153846,0.11538461538461539,6.139503581251277,94.0
pp_quantile_fixed,FOODS_2_104_CA_2,593.3111920309524,518.0085768176642,75.30261521328819,0.0,0.871277580831986,0.9102564102564102,0.08974358974358974,6.641135600226464,65.0
pp_quantile_fixed,FOODS_2_105_TX_3,567.5633617055679,471.03290377066946,96.53045793489841,0.0,0.7976300672224352,0.9230769230769231,0.07692307692307693,6.03888338167525,53.0
pp_quantile_fixed,FOODS_2_107_CA_1,765.8986172592931,586.0444237207377,179.85419353855548,0.0,0.7592313339510637,0.8333333333333334,0.16666666666666666,7.5133900477017646,83.0
pp_quantile_fixed,FOODS_2_107_CA_3,1238.1009043518397,830.1353169885986,407.96558736324124,0.0,0.6190797503611193,0.8333333333333334,0.16666666666666666,10.642760474212801,119.0
pp_quantile_fixed,FOODS_2_108_TX_1,430.98449198383275,354.98855824927494,75.99593373455778,0.0,0.7989525562577836,0.9102564102564102,0.08974358974358974,4.551135362170192,42.0
pp_quantile_fixed,FOODS_2_108_WI_2,1072.5728056973003,724.0742207711552,348.49858492614516,0.0,0.7194053261464209,0.7692307692307693,0.23076923076923078,9.283002830399425,138.0
pp_quantile_fixed,FOODS_2_116_TX_3,798.8769330972455,745.1141734768647,53.76275962038072,0.0,0.9213994742392094,0.9487179487179487,0.05128205128205128,9.552745813805958,76.0
pp_quantile_fixed,FOODS_2_117_WI_2,1871.8133440966267,1470.7790410499013,401.03430304672554,0.0,0.8019583688658146,0.8461538461538461,0.15384615384615385,18.856141551921812,225.0
pp_quantile_fixed,FOODS_2_118_CA_2,413.11276122581,312.1034193101371,101.00934191567292,0.0,0.712224097106345,0.8846153846153846,0.11538461538461539,4.001325888591501,39.0
pp_quantile_fixed,FOODS_2_118_CA_4,443.31463038838103,272.0966493304821,171.21798105789895,0.0,0.6341496131241475,0.8333333333333334,0.16666666666666666,3.4884185811600266,52.0
pp_quantile_fixed,FOODS_2_124_CA_4,493.86085705105046,493.86085705105046,0.0,0.0,1.0,1.0,0.0,6.331549449372441,21.0
pp_quantile_fixed,FOODS_2_124_WI_2,470.38202622255704,470.38202622255704,0.0,0.0,1.0,1.0,0.0,6.03053879772509,18.0
pp_quantile_fixed,FOODS_2_128_TX_3,7456.3310698898895,5995.35144088087,1460.9796290090203,0.0,0.5095738069791808,0.7692307692307693,0.23076923076923078,76.8634800112932,331.0
pp_quantile_fixed,FOODS_2_129_TX_2,241.46617990043993,236.66339118863897,4.80278871180097,0.0,0.9666473006124933,0.9871794871794872,0.01282051282051282,3.0341460408799867,16.0
pp_quantile_fixed,FOODS_2_130_WI_2,1348.2728852193595,1182.7692207454297,165.50366447392972,0.0,0.9156454309511062,0.8974358974358975,0.10256410256410256,15.16370795827474,218.0
pp_quantile_fixed,FOODS_2_132_TX_2,365.5433876687036,365.5433876687036,0.0,0.0,1.0,1.0,0.0,4.686453688060302,0.0
pp_quantile_fixed,FOODS_2_133_TX_2,552.4797658428131,480.0905425373094,72.38922330550375,0.0,0.8482406220010404,0.9358974358974359,0.0641025641025641,6.15500695560653,53.0
pp_quantile_fixed,FOODS_2_133_TX_3,528.0988893128645,284.35959201681817,243.73929729604626,0.0,0.5486309309332478,0.7948717948717948,0.20512820512820512,3.6456357950874123,60.0
pp_quantile_fixed,FOODS_2_141_CA_3,740.5934285820406,552.2439348453661,188.34949373667453,0.0,0.8414566551038094,0.8333333333333334,0.16666666666666666,7.080050446735463,132.0
pp_quantile_fixed,FOODS_2_146_WI_1,751.2339522421473,571.0220437017679,180.2119085403795,0.0,0.8273832293674526,0.8589743589743589,0.14102564102564102,7.320795432073947,116.0
pp_quantile_fixed,FOODS_2_148_CA_2,639.3194211111446,565.3718016940262,73.94761941711845,0.0,0.8583378938369378,0.8974358974358975,0.10256410256410256,7.2483564319746945,58.0
pp_quantile_fixed,FOODS_2_149_TX_1,1712.1293850389804,987.6295403947172,724.4998446442632,0.0,0.6867704951819009,0.7307692307692307,0.2692307692307692,12.661917184547656,257.0
pp_quantile_fixed,FOODS_2_155_CA_4,750.7675502704021,750.7675502704021,0.0,0.0,1.0,1.0,0.0,9.625225003466694,10.0
pp_quantile_fixed,FOODS_2_159_CA_1,373.9093695108651,325.8302446103982,48.07912490046688,0.0,0.8219291670353078,0.9358974358974359,0.0641025641025641,4.177310828338439,30.0
pp_quantile_fixed,FOODS_2_163_TX_3,717.1784506317455,556.7815582165285,160.39689241521697,0.0,0.7591638252023769,0.8717948717948718,0.1282051282051282,7.138225105340109,74.0
pp_quantile_fixed,FOODS_2_165_CA_4,340.42941296154504,340.42941296154504,0.0,0.0,1.0,1.0,0.0,4.364479653353142,10.0
pp_quantile_fixed,FOODS_2_165_TX_1,221.22528123606313,221.22528123606313,0.0,0.0,1.0,1.0,0.0,2.8362215543085014,4.0
pp_quantile_fixed,FOODS_2_166_TX_2,1546.1140911446723,1542.6268629427352,3.4872282019370253,0.0,0.9647754727077068,0.9871794871794872,0.01282051282051282,19.77726747362481,11.0
pp_quantile_fixed,FOODS_2_169_TX_3,368.19375476228976,368.19375476228976,0.0,0.0,1.0,1.0,0.0,4.720432753362689,15.0
pp_quantile_fixed,FOODS_2_172_CA_2,678.7419868375066,432.1337484323051,246.60823840520155,0.0,0.7313635747220026,0.8461538461538461,0.15384615384615385,5.540176261952629,102.0
pp_quantile_fixed,FOODS_2_176_WI_3,423.60978404729633,423.60978404729633,0.0,0.0,1.0,1.0,0.0,5.43089466727303,16.0
pp_quantile_fixed,FOODS_2_177_WI_1,576.2246484694583,491.13854150812074,85.08610696133752,0.0,0.7988508109661051,0.9487179487179487,0.05128205128205128,6.29664796805283,47.0
pp_quantile_fixed,FOODS_2_182_TX_3,433.5159170387537,396.93063636891554,36.58528066983815,0.0,0.8688699617568526,0.9743589743589743,0.02564102564102564,5.0888543124219945,31.0
pp_quantile_fixed,FOODS_2_183_CA_4,1333.9358196913206,811.3847947400751,522.5510249512455,0.0,0.7430919248027309,0.7692307692307693,0.23076923076923078,10.402369163334296,226.0
pp_quantile_fixed,FOODS_2_186_TX_1,295.8156574332064,273.6239465802246,22.191710852981828,0.0,0.9351119565702286,0.9615384615384616,0.038461538461538464,3.507999315131084,38.0
pp_quantile_fixed,FOODS_2_187_CA_1,408.9991671593958,344.46694025859443,64.53222690080142,0.0,0.8506198451370337,0.9230769230769231,0.07692307692307693,4.416242823828134,48.0
pp_quantile_fixed,FOODS_2_192_CA_2,987.6312575651064,865.8472966273104,121.78396093779594,0.0,0.8833486964197357,0.9230769230769231,0.07692307692307693,11.1006063670168,116.0
pp_quantile_fixed,FOODS_2_192_TX_1,611.2119381540815,611.2119381540815,0.0,0.0,1.0,1.0,0.0,7.836050489154891,20.0
pp_quantile_fixed,FOODS_2_198_CA_4,368.44812030355484,291.91275395002265,76.53536635353218,0.0,0.5748035202581546,0.9102564102564102,0.08974358974358974,3.7424712044874697,20.0
pp_quantile_fixed,FOODS_2_200_TX_1,720.7725927868585,648.3307060500279,72.44188673683058,0.0,0.7316967157895163,0.9487179487179487,0.05128205128205128,8.311932128846511,30.0
pp_quantile_fixed,FOODS_2_201_WI_3,822.663896926415,530.9036599078082,291.7602370186067,0.0,0.7385660958614636,0.8205128205128205,0.1794871794871795,6.806457178305234,124.0
pp_quantile_fixed,FOODS_2_202_WI_3,550.5624588915331,465.9713295015929,84.59112938994015,0.0,0.8291088295152723,0.9102564102564102,0.08974358974358974,5.973991403866576,55.0
pp_quantile_fixed,FOODS_2_204_CA_4,1075.4261991281105,744.4523619769016,330.9738371512089,0.0,0.7811019595560789,0.8076923076923077,0.19230769230769232,9.544261050985918,168.0
pp_quantile_fixed,FOODS_2_206_CA_3,1207.14992905853,1010.0823089329956,197.0676201255345,0.0,0.8783533209101638,0.8589743589743589,0.14102564102564102,12.949773191448662,180.0
pp_quantile_fixed,FOODS_2_207_CA_3,387.3181369526567,387.3181369526567,0.0,0.0,1.0,1.0,0.0,4.965617140418676,13.0
pp_quantile_fixed,FOODS_2_208_TX_1,812.785685237117,644.6206264059416,168.1650588311754,0.0,0.8584469201757783,0.8589743589743589,0.14102564102564102,8.26436700520438,132.0
pp_quantile_fixed,FOODS_2_212_CA_2,875.8872426784867,719.0325017120603,156.85474096642645,0.0,0.8457672163555295,0.8589743589743589,0.14102564102564102,9.218365406564875,113.0
pp_quantile_fixed,FOODS_2_214_CA_3,554.01985386078,554.01985386078,0.0,0.0,1.0,1.0,0.0,7.10281863924077,36.0
pp_quantile_fixed,FOODS_2_218_CA_4,426.4237040732467,393.6865547970252,32.73714927622148,0.0,0.9257661014144639,0.9487179487179487,0.05128205128205128,5.047263523038785,49.0
pp_quantile_fixed,FOODS_2_219_TX_1,611.6466770212689,511.432955552658,100.213721468611,0.0,0.7069774226064006,0.8717948717948718,0.1282051282051282,6.556832763495615,38.0
pp_quantile_fixed,FOODS_2_224_TX_2,376.01573841427233,330.7595042097864,45.256234204485914,0.0,0.9051231987327338,0.9230769230769231,0.07692307692307693,4.240506464228031,53.0
pp_quantile_fixed,FOODS_2_231_CA_1,803.6157819083317,801.2478332291249,2.3679486792066946,0.0,0.9934223647799815,0.9871794871794872,0.01282051282051282,10.272408118322115,40.0
pp_quantile_fixed,FOODS_2_234_WI_3,409.42807802307766,408.0463716071498,1.381706415927848,0.0,0.9904048165560566,0.9871794871794872,0.01282051282051282,5.231363738553203,16.0
pp_quantile_fixed,FOODS_2_235_CA_2,870.1667535505155,725.911399833288,144.2553537172276,0.0,0.8114309101735587,0.9102564102564102,0.08974358974358974,9.306556408119077,85.0
pp_quantile_fixed,FOODS_2_241_CA_3,4835.322908710347,2672.894592325524,2162.428316384823,0.0,0.7026363701341003,0.6923076923076923,0.3076923076923077,34.26787938878877,808.0
pp_quantile_fixed,FOODS_2_241_WI_3,1710.8566332848427,1081.0757206361352,629.7809126487074,0.0,0.7446143906534033,0.7692307692307693,0.23076923076923078,13.859945136360707,274.0
pp_quantile_fixed,FOODS_2_242_CA_3,1047.4877750706542,858.6899728404392,188.79780223021504,0.0,0.8175866645118696,0.8846153846153846,0.11538461538461539,11.008845805646656,115.0
pp_quantile_fixed,FOODS_2_242_WI_1,1406.346484933993,817.6868757219006,588.6596092120924,0.0,0.6219270332613408,0.7435897435897436,0.2564102564102564,10.4831650733577,173.0
pp_quantile_fixed,FOODS_2_250_WI_2,893.5307377420473,708.38935041878,185.14138732326728,0.0,0.6513344871501557,0.8846153846153846,0.11538461538461539,9.081914748958718,59.0
pp_quantile_fixed,FOODS_2_253_CA_1,688.1469810203092,471.7316358787552,216.415345141554,0.0,0.7441898993598652,0.8205128205128205,0.1794871794871795,6.047841485625066,94.0
pp_quantile_fixed,FOODS_2_254_TX_3,593.3433001317062,438.01770244086345,155.3255976908428,0.0,0.6616000050308436,0.8205128205128205,0.1794871794871795,5.61561156975466,51.0
pp_quantile_fixed,FOODS_2_254_WI_1,245.79446119409553,158.711261883381,87.08319931071452,0.0,0.6416329246472654,0.9230769230769231,0.07692307692307693,2.034759767735654,27.0
pp_quantile_fixed,FOODS_2_255_TX_2,2511.0000000000014,2493.0000000000023,17.999999999998977,0.0,0.9677419354838728,0.9743589743589743,0.02564102564102564,31.961538461538492,62.0
pp_quantile_fixed,FOODS_2_261_WI_2,740.7236510188766,623.2233557140509,117.50029530482578,0.0,0.8533079958741252,0.8846153846153846,0.11538461538461539,7.990043021975011,89.0
pp_quantile_fixed,FOODS_2_270_CA_3,507.94746436663445,473.8231237732175,34.12434059341695,0.0,0.7893559222628583,0.9615384615384616,0.038461538461538464,6.074655432989968,18.0
pp_quantile_fixed,FOODS_2_270_WI_2,510.4891678980163,462.18247016833845,48.30669772967785,0.0,0.8466454040327687,0.9615384615384616,0.038461538461538464,5.925416284209468,35.0
pp_quantile_fixed,FOODS_2_271_WI_2,280.7420261779073,270.2456655132492,10.49636066465806,0.0,0.9102875156866832,0.9743589743589743,0.02564102564102564,3.4646880194006306,13.0
pp_quantile_fixed,FOODS_2_273_TX_3,355.63752649529647,319.09621365487794,36.5413128404185,0.0,0.7462408830526492,0.9615384615384616,0.038461538461538464,4.090977098139461,16.0
pp_quantile_fixed,FOODS_2_274_CA_3,1772.9208639982205,1283.3370355749114,489.5838284233091,0.0,0.7849873392958677,0.8333333333333334,0.16666666666666666,16.45303891762707,253.0
pp_quantile_fixed,FOODS_2_274_TX_2,1177.5501619716579,1066.100607873442,111.44955409821586,0.0,0.9089464427302159,0.9487179487179487,0.05128205128205128,13.667956511197973,136.0
pp_quantile_fixed,FOODS_2_278_CA_4,577.2117787484098,404.5099705721785,172.70180817623128,0.0,0.6801818367106828,0.8846153846153846,0.11538461538461539,5.1860252637458775,60.0
pp_quantile_fixed,FOODS_2_284_TX_3,380.8174283674073,380.8174283674073,0.0,0.0,1.0,1.0,0.0,4.8822747226590675,25.0
pp_quantile_fixed,FOODS_2_284_WI_2,519.4337663419775,392.3944261878075,127.03934015417006,0.0,0.7336701464273165,0.8846153846153846,0.11538461538461539,5.0306977716385575,53.0
pp_quantile_fixed,FOODS_2_290_WI_1,975.4659644573935,667.7427078496432,307.7232566077503,0.0,0.7557751931684521,0.7948717948717948,0.20512820512820512,8.560803946790298,140.0
pp_quantile_fixed,FOODS_2_298_TX_2,726.5221306706967,688.401236861351,38.120893809345766,0.0,0.8966913446901198,0.9615384615384616,0.038461538461538464,8.825656882837833,41.0
pp_quantile_fixed,FOODS_2_306_TX_1,458.99381583456574,422.58355732468146,36.41025850988429,0.0,0.9157169941900826,0.9358974358974359,0.0641025641025641,5.417737914418993,48.0
pp_quantile_fixed,FOODS_2_309_TX_2,785.8710134245267,611.5073688562452,174.36364456828153,0.0,0.6540403877613461,0.8461538461538461,0.15384615384615385,7.839838062259553,56.0
pp_quantile_fixed,FOODS_2_311_WI_3,817.7366439042064,546.4593785775842,271.2772653266222,0.0,0.6687701278063221,0.8076923076923077,0.19230769230769232,7.005889468943387,91.0
pp_quantile_fixed,FOODS_2_312_CA_1,478.63659384350746,464.7881440101795,13.84844983332794,0.0,0.9503639790920145,0.9743589743589743,0.02564102564102564,5.9588223591048655,31.0
pp_quantile_fixed,FOODS_2_312_TX_2,631.5947752678259,523.4592370521613,108.13553821566464,0.0,0.8307738056092886,0.8589743589743589,0.14102564102564102,6.711015859643093,71.0
pp_quantile_fixed,FOODS_2_313_CA_4,707.098337558655,707.098337558655,0.0,0.0,1.0,1.0,0.0,9.065363302034038,2.0
pp_quantile_fixed,FOODS_2_321_WI_1,505.1398952395526,347.6263644679339,157.51353077161866,0.0,0.7426249497195774,0.8589743589743589,0.14102564102564102,4.456748262409409,68.0
pp_quantile_fixed,FOODS_2_325_WI_3,3151.952765466417,1761.3193731375713,1390.6333923288457,0.0,0.6988015177975211,0.6923076923076923,0.3076923076923077,22.581017604327837,513.0
pp_quantile_fixed,FOODS_2_326_WI_1,2700.082827667765,1820.5590928950785,879.5237347726863,0.0,0.8113419702332291,0.7564102564102564,0.24358974358974358,23.340501190962545,518.0
pp_quantile_fixed,FOODS_2_329_TX_3,283.9516767971297,283.9516767971297,0.0,0.0,1.0,1.0,0.0,3.6404061127837144,19.0
pp_quantile_fixed,FOODS_2_332_TX_2,576.9113304221391,576.9113304221391,0.0,0.0,1.0,1.0,0.0,7.396299107976143,46.0
pp_quantile_fixed,FOODS_2_332_WI_1,386.5567477959237,333.72364690188203,52.833100894041635,0.0,0.8413420393572323,0.9102564102564102,0.08974358974358974,4.278508293613872,37.0
pp_quantile_fixed,FOODS_2_338_TX_3,846.4416636448908,617.7449404342252,228.6967232106656,0.0,0.7882437748049392,0.8205128205128205,0.1794871794871795,7.919806928643913,120.0
pp_quantile_fixed,FOODS_2_340_WI_2,846.0128409867106,729.7267635647855,116.28607742192506,0.0,0.8595578775097524,0.8846153846153846,0.11538461538461539,9.35547132775366,92.0
pp_quantile_fixed,FOODS_2_342_CA_3,2576.8826702462566,1580.1777844637986,996.704885782458,0.0,0.7375711201204692,0.7435897435897436,0.2564102564102564,20.258689544407673,422.0
pp_quantile_fixed,FOODS_2_347_WI_3,4500.86898142445,2417.7337604813597,2083.13522094309,0.0,0.654538105979587,0.6923076923076923,0.3076923076923077,30.996586672837946,670.0
pp_quantile_fixed,FOODS_2_350_WI_2,1131.547499639201,1071.2739498150079,60.27354982419325,0.0,0.769066858911137,0.9230769230769231,0.07692307692307693,13.734281407884717,29.0
pp_quantile_fixed,FOODS_2_351_CA_1,557.1010259406487,424.1834521163325,132.91757382431615,0.0,0.7159880901189826,0.9102564102564102,0.08974358974358974,5.438249386106826,52.0
pp_quantile_fixed,FOODS_2_354_CA_4,552.699778476423,465.2846659211261,87.4151125552969,0.0,0.4888005113725327,0.9102564102564102,0.08974358974358974,5.965188024629821,19.0
pp_quantile_fixed,FOODS_2_355_WI_2,1000.2139251322144,707.7907021134836,292.4232230187308,0.0,0.7876374560503043,0.8076923076923077,0.19230769230769232,9.074239770685686,153.0
pp_quantile_fixed,FOODS_2_356_CA_2,915.5968951455234,714.6584013314695,200.93849381405386,0.0,0.8358345638774071,0.8717948717948718,0.1282051282051282,9.162287196557301,136.0
pp_quantile_fixed,FOODS_2_370_CA_2,575.9857684519526,429.13887437459016,146.84689407736244,0.0,0.6528442220393323,0.8846153846153846,0.11538461538461539,5.501780440699874,47.0
pp_quantile_fixed,FOODS_2_370_CA_3,716.6288104489081,634.2460915834955,82.38271886541258,0.0,0.7457323491808254,0.9230769230769231,0.07692307692307693,8.131360148506353,36.0
pp_quantile_fixed,FOODS_2_371_WI_3,3588.366049659079,2428.833605727578,1159.5324439315013,0.0,0.7948456397856508,0.7948717948717948,0.20512820512820512,31.138892381122794,628.0
pp_quantile_fixed,FOODS_2_376_TX_1,450.73357157870686,407.7387713152827,42.99480026342415,0.0,0.8983574461857585,0.9487179487179487,0.05128205128205128,5.227420145067727,47.0
pp_quantile_fixed,FOODS_2_386_CA_2,601.8026369052361,508.90087011667566,92.90176678856051,0.0,0.7893383973048514,0.9230769230769231,0.07692307692307693,6.52437012970097,49.0
pp_quantile_fixed,FOODS_2_387_WI_2,680.9043893735674,578.8327811653938,102.07160820817354,0.0,0.8978262180098363,0.8974358974358975,0.10256410256410256,7.420933091864024,111.0
pp_quantile_fixed,FOODS_2_389_TX_2,1069.8020623269701,1069.8020623269701,0.0,0.0,1.0,1.0,0.0,13.715411055473977,3.0
pp_quantile_fixed,FOODS_2_390_CA_4,1285.3581627499843,1285.3581627499843,0.0,0.0,1.0,1.0,0.0,16.478950804486978,4.0
pp_quantile_fixed,FOODS_2_399_TX_2,869.6676038820685,708.8999566830267,160.76764719904173,0.0,0.8346011860092164,0.8461538461538461,0.15384615384615385,9.088460983115727,108.0
pp_quantile_fixed,FOODS_3_003_WI_3,922.5711305910613,844.0487483082112,78.52238228285012,0.0,0.7433909075723852,0.9358974358974359,0.0641025641025641,10.821137798823221,34.0
pp_quantile_fixed,FOODS_3_009_CA_4,410.8834846121067,345.36722904721853,65.51625556488818,0.0,0.8483420010072033,0.9102564102564102,0.08974358974358974,4.427784987784853,48.0
pp_quantile_fixed,FOODS_3_009_TX_2,712.829479842557,640.1037468083839,72.72573303417315,0.0,0.8936758288974076,0.9230769230769231,0.07692307692307693,8.206458292415178,76.0
pp_quantile_fixed,FOODS_3_011_CA_1,1312.326316189425,764.3192138823886,548.0071023070363,0.0,0.7352622694168907,0.7435897435897436,0.2564102564102564,9.798964280543442,230.0
pp_quantile_fixed,FOODS_3_014_CA_1,1113.4852354379736,1113.4852354379736,0.0,0.0,1.0,1.0,0.0,14.275451736384278,2.0
pp_quantile_fixed,FOODS_3_019_TX_2,584.9994207677399,584.9994207677399,0.0,0.0,1.0,1.0,0.0,7.499992573945383,48.0
pp_quantile_fixed,FOODS_3_022_CA_1,323.2531645079514,323.2531645079514,0.0,0.0,1.0,1.0,0.0,4.144271339845531,29.0
pp_quantile_fixed,FOODS_3_023_TX_1,630.7136921037062,418.3434181553746,212.37027394833163,0.0,0.7190869392217836,0.8333333333333334,0.16666666666666666,5.363377155838136,84.0
pp_quantile_fixed,FOODS_3_023_TX_3,431.52454963135597,356.54518368784244,74.97936594351353,0.0,0.8611493223268268,0.9230769230769231,0.07692307692307693,4.571092098562082,60.0
pp_quantile_fixed,FOODS_3_023_WI_2,495.0589408468562,427.6073168114571,67.45162403539913,0.0,0.8585919831542995,0.9230769230769231,0.07692307692307693,5.482145087326373,53.0
pp_quantile_fixed,FOODS_3_024_TX_3,1569.2197156089385,1556.4625700836991,12.75714552523926,0.0,0.9927309712106899,0.9615384615384616,0.038461538461538464,19.9546483344064,195.0
pp_quantile_fixed,FOODS_3_024_WI_1,2527.505775297849,2428.505775297849,99.0,0.0,0.8533333333333334,0.9743589743589743,0.02564102564102564,31.134689426895502,75.0
pp_quantile_fixed,FOODS_3_026_CA_1,1097.8007903628613,807.5021170553722,290.298673307489,0.0,0.8124685572949037,0.8461538461538461,0.15384615384615385,10.352591244299644,172.0
pp_quantile_fixed,FOODS_3_030_TX_3,9285.365808045965,5411.933628336248,3873.4321797097155,0.0,0.7429024173828678,0.6666666666666666,0.3333333333333333,69.38376446584934,1674.0
pp_quantile_fixed,FOODS_3_034_CA_1,1006.2142365888204,685.4966256352477,320.7176109535727,0.0,0.7508021670912411,0.8333333333333334,0.16666666666666666,8.788418277374971,143.0
pp_quantile_fixed,FOODS_3_035_WI_1,620.8756776406084,559.8496801766009,61.02599746400743,0.0,0.8888415346739391,0.9487179487179487,0.05128205128205128,7.177560002264115,61.0
pp_quantile_fixed,FOODS_3_036_CA_4,547.0471577952808,531.7413586353368,15.305799159943984,0.0,0.8110395165439015,0.9871794871794872,0.01282051282051282,6.817196905581241,9.0
pp_quantile_fixed,FOODS_3_038_CA_4,538.1574753271199,394.2084434879456,143.94903183917427,0.0,0.7681980163620382,0.8846153846153846,0.11538461538461539,5.05395440369161,69.0
pp_quantile_fixed,FOODS_3_038_WI_1,639.9380237787126,477.328224541965,162.6097992367476,0.0,0.7490589517951426,0.8717948717948718,0.1282051282051282,6.119592622332885,72.0
pp_quantile_fixed,FOODS_3_040_WI_1,1022.8217434139032,682.4340241098932,340.3877193040099,0.0,0.5797682477728273,0.7948717948717948,0.20512820512820512,8.749154155255042,90.0
pp_quantile_fixed,FOODS_3_048_TX_1,899.1158656670967,887.691009235686,11.424856431410738,0.0,0.9801651798065786,0.9871794871794872,0.01282051282051282,11.380653964560077,64.0
pp_quantile_fixed,FOODS_3_048_TX_3,937.9704436984371,882.8414871621462,55.12895653629085,0.0,0.9438033062830878,0.9487179487179487,0.05128205128205128,11.3184806046429,109.0
pp_quantile_fixed,FOODS_3_049_TX_1,488.80711610719885,478.9837132456246,9.823402861574255,0.0,0.9610182426128006,0.9871794871794872,0.01282051282051282,6.140816836482366,28.0
pp_quantile_fixed,FOODS_3_050_CA_2,538.5520185359276,448.1811304647461,90.37088807118147,0.0,0.8501311972285548,0.9102564102564102,0.08974358974358974,5.7459119290352065,67.0
pp_quantile_fixed,FOODS_3_053_CA_4,767.0896826398997,535.5135853021234,231.57609733777633,0.0,0.7108912642474702,0.8846153846153846,0.11538461538461539,6.865558785924659,89.0
pp_quantile_fixed,FOODS_3_054_WI_3,1037.3999999999987,1037.3999999999987,0.0,0.0,1.0,1.0,0.0,13.299999999999983,0.0
pp_quantile_fixed,FOODS_3_057_WI_3,345.5872558399189,320.84026803383915,24.746987806079762,0.0,0.862516734410668,0.9615384615384616,0.038461538461538464,4.113336769664604,20.0
pp_quantile_fixed,FOODS_3_066_CA_4,1881.7336927752972,1131.0041262625627,750.7295665127344,0.0,0.6999482148230478,0.7307692307692307,0.2692307692307692,14.500052900802087,278.0
pp_quantile_fixed,FOODS_3_066_TX_3,1790.7526608084167,1209.841350128899,580.9113106795178,0.0,0.7458830661944367,0.7692307692307693,0.23076923076923078,15.51078654011409,254.0
pp_quantile_fixed,FOODS_3_067_CA_4,595.3567990245128,438.9992681933896,156.35753083112323,0.0,0.8003096668823458,0.8589743589743589,0.14102564102564102,5.628195746069097,87.0
pp_quantile_fixed,FOODS_3_072_WI_3,348.32381095299866,312.7348529128737,35.588958040124986,0.0,0.8901575369131945,0.9615384615384616,0.038461538461538464,4.009421191190689,36.0
pp_quantile_fixed,FOODS_3_074_CA_2,1115.9086073301123,712.1103739789089,403.7982333512035,0.0,0.7548280307521533,0.782051282051282,0.21794871794871795,9.129620179216781,183.0
pp_quantile_fixed,FOODS_3_091_TX_1,340.477359327292,251.01684117799152,89.46051814930044,0.0,0.7839117919099022,0.9102564102564102,0.08974358974358974,3.218164630487071,46.0
pp_quantile_fixed,FOODS_3_091_WI_1,361.6229645513637,269.6349624795643,91.98800207179936,0.0,0.647555547617627,0.8846153846153846,0.11538461538461539,3.4568584933277475,29.0
pp_quantile_fixed,FOODS_3_094_TX_2,839.6647634368162,706.801063143929,132.86370029288716,0.0,0.8508824912537742,0.8846153846153846,0.11538461538461539,9.061552091588833,99.0
pp_quantile_fixed,FOODS_3_101_WI_3,1960.9941812112575,1389.7678386564608,571.2263425547967,0.0,0.7716921092906488,0.7564102564102564,0.24358974358974358,17.81753639303155,278.0
pp_quantile_fixed,FOODS_3_102_WI_2,802.2219720123956,599.705369657647,202.5166023547485,0.0,0.7954377753992439,0.8717948717948718,0.1282051282051282,7.6885303802262435,110.0
pp_quantile_fixed,FOODS_3_103_TX_1,302.84664115314166,277.7594514491996,25.08718970394206,0.0,0.8788058468408597,0.9615384615384616,0.038461538461538464,3.561018608323072,23.0
pp_quantile_fixed,FOODS_3_103_WI_1,863.7726288763919,634.7593363795604,229.01329249683147,0.0,0.8142633475289283,0.8333333333333334,0.16666666666666666,8.137940209994364,137.0
pp_quantile_fixed,FOODS_3_110_WI_1,427.25086895259557,427.25086895259557,0.0,0.0,1.0,1.0,0.0,5.477575242981994,24.0
pp_quantile_fixed,FOODS_3_111_TX_1,362.7447455903458,296.24310263940964,66.50164295093617,0.0,0.5894960311670607,0.9102564102564102,0.08974358974358974,3.7979884953770466,18.0
pp_quantile_fixed,FOODS_3_111_WI_1,450.1576226793517,426.147137553895,24.01048512545667,0.0,0.9166302599810532,0.9615384615384616,0.038461538461538464,5.463424840434551,32.0
pp_quantile_fixed,FOODS_3_117_CA_4,604.5566033924644,447.97696608484557,156.57963730761875,0.0,0.7769520836073807,0.8589743589743589,0.14102564102564102,5.7432944369852,78.0
pp_quantile_fixed,FOODS_3_120_TX_1,6534.684009536199,3448.8557992865435,3085.8282102496546,0.0,0.6356325173869815,0.6923076923076923,0.3076923076923077,44.216099990853124,941.0
pp_quantile_fixed,FOODS_3_125_CA_1,989.942444162001,963.2778098198999,26.664634342101174,0.0,0.9382763093932843,0.9871794871794872,0.01282051282051282,12.349715510511537,48.0
pp_quantile_fixed,FOODS_3_126_WI_1,823.2759086390172,670.9373264857983,152.3385821532189,0.0,0.8645879269749166,0.8717948717948718,0.1282051282051282,8.601760595971772,125.0
pp_quantile_fixed,FOODS_3_133_CA_1,3216.7521932321424,1769.9246065303348,1446.8275867018078,0.0,0.7179673320269381,0.6794871794871795,0.32051282051282054,22.691341109363268,570.0
pp_quantile_fixed,FOODS_3_133_CA_2,2339.317085016337,1412.9213103665954,926.3957746497413,0.0,0.772775134989026,0.7051282051282052,0.2948717948717949,18.11437577393071,453.0
pp_quantile_fixed,FOODS_3_133_TX_1,1764.1706351655334,1290.1103383885652,474.0602967769683,0.0,0.7379434512012336,0.7948717948717948,0.20512820512820512,16.539876133186734,201.0
pp_quantile_fixed,FOODS_3_134_TX_1,2061.2825204749256,1202.8781385816615,858.404381893264,0.0,0.7161361170987883,0.7435897435897436,0.2564102564102564,15.421514597200789,336.0
pp_quantile_fixed,FOODS_3_136_CA_1,2082.4283159051006,1167.7166210016592,914.7116949034415,0.0,0.7260522027842343,0.6666666666666666,0.3333333333333333,14.970725910277682,371.0
pp_quantile_fixed,FOODS_3_138_WI_3,1061.8562221691138,628.3829082643625,433.47331390475136,0.0,0.7115946015271115,0.782051282051282,0.21794871794871795,8.05619113159439,167.0
pp_quantile_fixed,FOODS_3_141_TX_3,396.19750843539174,373.66811539142685,22.529393043964877,0.0,0.886215186646642,0.9743589743589743,0.02564102564102564,4.790616863992652,22.0
pp_quantile_fixed,FOODS_3_154_CA_1,408.93453956064064,404.7051455511712,4.229394009469418,0.0,0.984335577742706,0.9871794871794872,0.01282051282051282,5.188527507066297,30.0
pp_quantile_fixed,FOODS_3_155_TX_1,284.81438059561407,254.8036404852823,30.010740110331763,0.0,0.8147485178374583,0.9487179487179487,0.05128205128205128,3.2667133395549013,18.0
pp_quantile_fixed,FOODS_3_157_CA_2,737.3703415965534,706.8349567192964,30.535384877257002,0.0,0.9434529909680426,0.9487179487179487,0.05128205128205128,9.061986624606364,60.0
pp_quantile_fixed,FOODS_3_158_WI_3,355.1219462309942,310.7356851000331,44.38626113096109,0.0,0.8299376968162411,0.9487179487179487,0.05128205128205128,3.983790834615809,29.0
pp_quantile_fixed,FOODS_3_160_CA_1,404.28775405674776,94.18371148964636,310.1040425671014,0.0,0.04288875750894644,0.8461538461538461,0.15384615384615385,1.2074834806364918,36.0
pp_quantile_fixed,FOODS_3_160_TX_1,468.0,468.0,0.0,0.0,1.0,1.0,0.0,6.0,0.0
pp_quantile_fixed,FOODS_3_160_WI_2,177.02045649243206,70.1905325745041,106.82992391792797,0.0,0.08692372719719677,0.9358974358974359,0.0641025641025641,0.8998786227500526,13.0
pp_quantile_fixed,FOODS_3_161_WI_1,491.0468464291339,491.0468464291339,0.0,0.0,1.0,1.0,0.0,6.2954723901171015,19.0
pp_quantile_fixed,FOODS_3_162_WI_2,503.6925938570424,482.97217632231167,20.720417534730785,0.0,0.9622578915578675,0.9615384615384616,0.038461538461538464,6.1919509784911755,61.0
pp_quantile_fixed,FOODS_3_163_TX_2,677.5790663972409,492.45425753945375,185.1248088577872,0.0,0.7635698482020599,0.8589743589743589,0.14102564102564102,6.3135161223006895,87.0
pp_quantile_fixed,FOODS_3_169_TX_3,1252.4711257234267,994.8200784957872,257.6510472276393,0.0,0.8141045835298418,0.8589743589743589,0.14102564102564102,12.754103570458811,154.0
pp_quantile_fixed,FOODS_3_171_WI_2,323.9036352696444,323.1180028507949,0.7856324188494916,0.0,0.9941805006011148,0.9871794871794872,0.01282051282051282,4.142538498087114,15.0
pp_quantile_fixed,FOODS_3_172_CA_3,1040.63766176565,833.0515437975384,207.5861179681114,0.0,0.8610534685621745,0.8205128205128205,0.1794871794871795,10.680147997404339,166.0
pp_quantile_fixed,FOODS_3_172_TX_3,1196.0699759656693,1009.4163638281622,186.65361213750722,0.0,0.8212130151939586,0.8846153846153846,0.11538461538461539,12.941235433694386,116.0
pp_quantile_fixed,FOODS_3_176_WI_3,430.8451654005189,352.81287385200875,78.03229154851019,0.0,0.8073276751888637,0.9615384615384616,0.038461538461538464,4.52324197246165,45.0
pp_quantile_fixed,FOODS_3_178_WI_2,857.0091110402459,603.6998640260009,253.30924701424505,0.0,0.7594404111925498,0.8461538461538461,0.15384615384615385,7.739741846487191,117.0
pp_quantile_fixed,FOODS_3_180_WI_1,610.5926046315672,533.8610709193257,76.7315337122414,0.0,0.8602340005241506,0.9358974358974359,0.0641025641025641,6.844372704093919,61.0
pp_quantile_fixed,FOODS_3_184_WI_3,1463.0,1094.0,369.0,0.0,0.3387096774193548,0.782051282051282,0.21794871794871795,14.025641025641026,62.0
pp_quantile_fixed,FOODS_3_192_TX_2,865.7317826037561,655.7484248024783,209.9833578012777,0.0,0.8177227796863908,0.8461538461538461,0.15384615384615385,8.40703108721126,128.0
pp_quantile_fixed,FOODS_3_197_WI_1,522.3866609531975,478.44181560691163,43.944845346285916,0.0,0.8474137314365072,0.9358974358974359,0.0641025641025641,6.133869430857842,32.0
pp_quantile_fixed,FOODS_3_198_TX_2,616.0,616.0,0.0,0.0,1.0,1.0,0.0,7.897435897435898,2.0
pp_quantile_fixed,FOODS_3_198_WI_3,683.5934555691141,683.5934555691141,0.0,0.0,1.0,1.0,0.0,8.764018661142488,4.0
pp_quantile_fixed,FOODS_3_199_CA_2,1107.3397925330387,961.3826844404477,145.95710809259094,0.0,0.6396120787837261,0.8846153846153846,0.11538461538461539,12.325419031287792,45.0
pp_quantile_fixed,FOODS_3_199_TX_1,599.6134226963501,555.83536622499,43.77805647136006,0.0,0.8198433890067487,0.9487179487179487,0.05128205128205128,7.126094438781924,27.0
pp_quantile_fixed,FOODS_3_204_CA_2,502.00191564892265,419.9478658898822,82.05404975904041,0.0,0.8575450525016659,0.9230769230769231,0.07692307692307693,5.383946998588233,64.0
pp_quantile_fixed,FOODS_3_204_CA_4,697.1778785525157,644.1203514541495,53.057527098366194,0.0,0.8745684938572904,0.9615384615384616,0.038461538461538464,8.257953223771148,47.0
pp_quantile_fixed,FOODS_3_205_TX_1,1317.8474359549202,1317.8474359549202,0.0,0.0,1.0,1.0,0.0,16.895479948140004,10.0
pp_quantile_fixed,FOODS_3_208_WI_3,584.5648256276256,378.01590326944176,206.54892235818386,0.0,0.7478035136041711,0.8076923076923077,0.19230769230769232,4.846357734223612,91.0
pp_quantile_fixed,FOODS_3_209_TX_2,447.02889208884045,447.02889208884045,0.0,0.0,1.0,1.0,0.0,5.731139642164621,13.0
pp_quantile_fixed,FOODS_3_210_TX_1,246.0430627972017,246.0430627972017,0.0,0.0,1.0,1.0,0.0,3.1543982409897655,0.0
pp_quantile_fixed,FOODS_3_211_CA_1,1089.4387604818232,592.202342764846,497.2364177169773,0.0,0.6163299246010978,0.7307692307692307,0.2692307692307692,7.592337727754436,144.0
pp_quantile_fixed,FOODS_3_215_CA_3,1129.4671708727014,833.3276507588248,296.13952011387653,0.0,0.8192066421771205,0.8717948717948718,0.1282051282051282,10.683687830241343,182.0
pp_quantile_fixed,FOODS_3_215_CA_4,863.3676437670284,560.6756549492386,302.6919888177898,0.0,0.6796910171240318,0.7692307692307693,0.23076923076923078,7.188149422426136,105.0
pp_quantile_fixed,FOODS_3_224_CA_1,900.7795572253677,502.80361403463314,397.9759431907346,0.0,0.7183468201056373,0.6923076923076923,0.3076923076923077,6.4462001799311945,157.0
pp_quantile_fixed,FOODS_3_229_CA_1,710.4666305270163,603.551663032468,106.91496749454826,0.0,0.7670697875935768,0.8974358974358975,0.10256410256410256,7.73784183374959,51.0
pp_quantile_fixed,FOODS_3_232_WI_3,550.1095239629938,491.9149438940649,58.194580068928886,0.0,0.8824351917799416,0.9358974358974359,0.0641025641025641,6.306601844795703,55.0
pp_quantile_fixed,FOODS_3_237_WI_3,695.573647516591,636.414144117172,59.159503399419044,0.0,0.8866676180087758,0.9358974358974359,0.0641025641025641,8.159155693809897,58.0
pp_quantile_fixed,FOODS_3_239_CA_4,446.56929317071143,338.33207669017736,108.23721648053406,0.0,0.7813389566049818,0.9102564102564102,0.08974358974358974,4.337590726797146,55.0
pp_quantile_fixed,FOODS_3_240_TX_3,779.0054937789996,732.9728788881782,46.03261489082138,0.0,0.9258734059729125,0.9743589743589743,0.02564102564102564,9.39708819087408,69.0
pp_quantile_fixed,FOODS_3_243_WI_1,456.71631042791216,456.71631042791216,0.0,0.0,1.0,1.0,0.0,5.855337313178361,19.0
pp_quantile_fixed,FOODS_3_246_CA_2,1012.9818108490206,753.8678008426375,259.114010006383,0.0,0.7913735829256175,0.8589743589743589,0.14102564102564102,9.66497180567484,138.0
pp_quantile_fixed,FOODS_3_246_TX_2,472.6829344566696,402.20589184863525,70.47704260803438,0.0,0.8672748726779014,0.9102564102564102,0.08974358974358974,5.156485792931221,59.0
pp_quantile_fixed,FOODS_3_247_CA_3,830.2672338937239,577.2861250761492,252.98110881757458,0.0,0.6693057401077457,0.8333333333333334,0.16666666666666666,7.401104167642939,85.0
pp_quantile_fixed,FOODS_3_255_WI_2,464.35822452434854,464.35822452434854,0.0,0.0,1.0,1.0,0.0,5.953310570824981,25.0
pp_quantile_fixed,FOODS_3_256_WI_1,310.0994650674227,294.67351252893286,15.425952538489858,0.0,0.8095561415001252,0.9743589743589743,0.02564102564102564,3.777865545242729,9.0
pp_quantile_fixed,FOODS_3_257_TX_2,953.2872090089029,775.9702955691217,177.31691343978122,0.0,0.8695239783371735,0.8717948717948718,0.1282051282051282,9.948337122681048,151.0
pp_quantile_fixed,FOODS_3_258_CA_3,2309.125812130421,1464.9768253376808,844.1489867927403,0.0,0.7041188269215771,0.782051282051282,0.21794871794871795,18.781754170995907,317.0
pp_quantile_fixed,FOODS_3_258_TX_1,1421.15222334996,1127.3233077634768,293.8289155864833,0.0,0.8422818488532028,0.7948717948717948,0.20512820512820512,14.452862920044575,207.0
pp_quantile_fixed,FOODS_3_258_TX_2,1310.9227134122584,1065.4947066552215,245.42800675703688,0.0,0.8707593434665419,0.8461538461538461,0.15384615384615385,13.660188546861814,211.0
pp_quantile_fixed,FOODS_3_258_WI_2,2264.6857035338785,1408.9056816202153,855.7800219136632,0.0,0.732902614883376,0.7564102564102564,0.24358974358974358,18.062893354105324,356.0
pp_quantile_fixed,FOODS_3_265_TX_3,579.6785418873773,532.7956737064613,46.88286818091595,0.0,0.9348849053042834,0.9230769230769231,0.07692307692307693,6.830713765467453,80.0
pp_quantile_fixed,FOODS_3_265_WI_2,552.0589083945362,486.90882922715076,65.1500791673854,0.0,0.893545622275514,0.9358974358974359,0.0641025641025641,6.242420887527574,68.0
pp_quantile_fixed,FOODS_3_270_WI_3,374.19764438430633,344.1710539207042,30.026590463602155,0.0,0.8923778119584153,0.9487179487179487,0.05128205128205128,4.412449409239797,31.0
pp_quantile_fixed,FOODS_3_271_WI_2,784.0730471180142,759.352950625563,24.720096492451127,0.0,0.9439453594275485,0.9743589743589743,0.02564102564102564,9.735294238789269,49.0
pp_quantile_fixed,FOODS_3_277_CA_4,730.0118427081674,486.45927942332713,243.5525632848402,0.0,0.6659086923390395,0.8205128205128205,0.1794871794871795,6.236657428504194,81.0
pp_quantile_fixed,FOODS_3_278_WI_2,2563.526244751959,1701.52118934286,862.0050554090989,0.0,0.7828155567122451,0.8205128205128205,0.1794871794871795,21.81437422234436,441.0
pp_quantile_fixed,FOODS_3_279_TX_3,300.6619055814963,297.36781728744126,3.2940882940550362,0.0,0.9738564421106742,0.9871794871794872,0.01282051282051282,3.8124079139415548,14.0
pp_quantile_fixed,FOODS_3_280_WI_3,505.07897886313754,348.2713365156672,156.8076423474703,0.0,0.7143758791485058,0.8333333333333334,0.16666666666666666,4.465017134816246,61.0
pp_quantile_fixed,FOODS_3_282_WI_3,14920.03006871965,8725.309973508318,6194.720095211332,0.0,0.6985097534817086,0.6923076923076923,0.3076923076923077,111.86294837831177,2283.0
pp_quantile_fixed,FOODS_3_286_TX_3,446.116545893068,429.64998278786817,16.466563105199835,0.0,0.9461877022705887,0.9743589743589743,0.02564102564102564,5.508333112664976,34.0
pp_quantile_fixed,FOODS_3_286_WI_3,548.4379010500425,460.81424831562316,87.62365273441931,0.0,0.8588991099284714,0.8974358974358975,0.10256410256410256,5.907874978405425,69.0
pp_quantile_fixed,FOODS_3_289_TX_3,340.0909134222369,340.0909134222369,0.0,0.0,1.0,1.0,0.0,4.360139915669704,19.0
pp_quantile_fixed,FOODS_3_295_TX_1,4911.117689504656,3066.637977530948,1844.4797119737075,0.0,0.6994982548104093,0.7307692307692307,0.2692307692307692,39.31587150680702,682.0
pp_quantile_fixed,FOODS_3_296_CA_4,595.670935084253,526.6759121328145,68.99502295143856,0.0,0.8763530054633718,0.9230769230769231,0.07692307692307693,6.752255283754032,62.0
pp_quantile_fixed,FOODS_3_300_WI_2,2340.6127239480015,900.0732040673071,1440.5395198806943,0.0,0.49666683442323745,0.6666666666666666,0.3333333333333333,11.539400052144963,318.0
pp_quantile_fixed,FOODS_3_302_CA_4,1646.617848109075,1237.6102686580437,409.00757945103146,0.0,0.7793918125938342,0.8076923076923077,0.19230769230769232,15.866798316128765,206.0
pp_quantile_fixed,FOODS_3_309_CA_2,347.0818876687863,331.8343191549844,15.24756851380189,0.0,0.9294094050286951,0.9743589743589743,0.02564102564102564,4.254286143012621,24.0
pp_quantile_fixed,FOODS_3_309_WI_1,371.75737848249946,358.226767252776,13.530611229723455,0.0,0.9443184723056648,0.9743589743589743,0.02564102564102564,4.592650862215077,27.0
pp_quantile_fixed,FOODS_3_316_TX_3,369.038580440813,331.93601327725116,37.102567163561844,0.0,0.820760545103566,0.9487179487179487,0.05128205128205128,4.255589913810913,23.0
pp_quantile_fixed,FOODS_3_318_TX_2,4310.34694405975,2636.2992596980184,1674.0476843617314,0.0,0.6561824431378658,0.6794871794871795,0.32051282051282054,33.798708457666905,541.0
pp_quantile_fixed,FOODS_3_331_TX_1,993.5206783959025,735.028305383269,258.49237301263344,0.0,0.8193624227724435,0.8205128205128205,0.1794871794871795,9.423439812606013,159.0
pp_quantile_fixed,FOODS_3_335_TX_1,1563.0,1563.0,0.0,0.0,1.0,1.0,0.0,20.03846153846154,5.0
pp_quantile_fixed,FOODS_3_337_CA_1,446.9093644807514,412.08162852394855,34.82773595680285,0.0,0.9056158917159814,0.9743589743589743,0.02564102564102564,5.283097801589084,41.0
pp_quantile_fixed,FOODS_3_346_WI_3,1361.8620050054556,906.9146762329773,454.94732877247833,0.0,0.760427946933924,0.782051282051282,0.21794871794871795,11.62711123375612,211.0
pp_quantile_fixed,FOODS_3_352_CA_1,753.756845050671,609.1081490248127,144.64869602585827,0.0,0.6347255150862164,0.8717948717948718,0.1282051282051282,7.809078833651445,44.0
pp_quantile_fixed,FOODS_3_354_WI_2,601.9989502767498,484.01496617223415,117.98398410451563,0.0,0.7850929251283868,0.8846153846153846,0.11538461538461539,6.205320079131207,61.0
pp_quantile_fixed,FOODS_3_356_CA_1,1082.3865018609617,920.5670117417367,161.819490119225,0.0,0.8876253540838714,0.9358974358974359,0.0641025641025641,11.80214117617611,160.0
pp_quantile_fixed,FOODS_3_356_TX_2,766.6013850479088,607.8939306195914,158.70745442831742,0.0,0.8163108166338918,0.8717948717948718,0.1282051282051282,7.793511931020403,96.0
pp_quantile_fixed,FOODS_3_363_WI_3,1873.863740528203,943.5593923423567,930.3043481858463,0.0,0.5763641401703796,0.717948717948718,0.28205128205128205,12.09691528644047,244.0
pp_quantile_fixed,FOODS_3_365_TX_1,408.0175753101813,398.2425772613322,9.774998048849088,0.0,0.9428362687201808,0.9743589743589743,0.02564102564102564,5.105674067452977,19.0
pp_quantile_fixed,FOODS_3_367_TX_1,857.4795160478034,650.508554512656,206.9709615351474,0.0,0.7745414362362228,0.8589743589743589,0.14102564102564102,8.33985326298277,102.0
pp_quantile_fixed,FOODS_3_370_CA_1,1602.8488954052873,1586.2850228980087,16.56387250727859,0.0,0.9551114566198412,0.9871794871794872,0.01282051282051282,20.336987473051394,41.0
pp_quantile_fixed,FOODS_3_372_TX_3,1891.5289588748035,1283.9525176584618,607.5764412163417,0.0,0.8194960067687636,0.782051282051282,0.21794871794871795,16.460929713570025,374.0
pp_quantile_fixed,FOODS_3_380_TX_3,385.5180218350174,364.34771361046955,21.170308224547867,0.0,0.8930792513911725,0.9743589743589743,0.02564102564102564,4.671124533467558,22.0
pp_quantile_fixed,FOODS_3_384_TX_1,341.06922085025093,309.95710410410834,31.11211674614261,0.0,0.8428680972417039,0.9487179487179487,0.05128205128205128,3.973809026975748,22.0
pp_quantile_fixed,FOODS_3_385_CA_4,574.6125758783718,471.72740829014884,102.88516758822297,0.0,0.7567726534557376,0.9230769230769231,0.07692307692307693,6.047787285771139,47.0
pp_quantile_fixed,FOODS_3_385_TX_3,532.2673283414543,481.6583142785021,50.6090140629523,0.0,0.8803569407495218,0.9358974358974359,0.0641025641025641,6.175106593314129,47.0
pp_quantile_fixed,FOODS_3_387_CA_2,848.7591561673888,706.3660468669033,142.39310930048555,0.0,0.6835708682211432,0.8846153846153846,0.11538461538461539,9.055974959832094,50.0
pp_quantile_fixed,FOODS_3_390_TX_2,1145.8311478396504,829.9315722754889,315.8995755641615,0.0,0.7612248106090994,0.8205128205128205,0.1794871794871795,10.640148362506267,147.0
pp_quantile_fixed,FOODS_3_392_WI_2,753.4933135719812,493.1987021935821,260.294611378399,0.0,0.667567546132313,0.8076923076923077,0.19230769230769232,6.323060284533104,87.0
pp_quantile_fixed,FOODS_3_392_WI_3,641.0952386431607,396.65910572468874,244.43613291847186,0.0,0.6426372325753335,0.8205128205128205,0.1794871794871795,5.0853731503165225,76.0
pp_quantile_fixed,FOODS_3_393_CA_3,3790.2526884994877,2425.8253580955457,1364.4273304039423,0.0,0.7570464155263635,0.7564102564102564,0.24358974358974358,31.100325103789046,624.0
pp_quantile_fixed,FOODS_3_398_WI_3,378.3647792936187,336.8520021031932,41.51277719042554,0.0,0.8352667571808511,0.9615384615384616,0.038461538461538464,4.318615411579399,28.0
pp_quantile_fixed,FOODS_3_403_TX_1,2191.4414109881996,1525.8732396437804,665.5681713444192,0.0,0.8160397536361472,0.8076923076923077,0.19230769230769232,19.562477431330517,402.0
pp_quantile_fixed,FOODS_3_405_TX_3,619.8878644528751,546.9731564726175,72.91470798025765,0.0,0.8626841657622266,0.9230769230769231,0.07692307692307693,7.0124763650335575,59.0
pp_quantile_fixed,FOODS_3_408_TX_2,470.8539213983782,470.8539213983782,0.0,0.0,1.0,1.0,0.0,6.036588735876643,8.0
pp_quantile_fixed,FOODS_3_416_CA_4,714.0986855775087,517.5602682109952,196.5384173665135,0.0,0.7771673272488508,0.8333333333333334,0.16666666666666666,6.635388053987119,98.0
pp_quantile_fixed,FOODS_3_416_WI_3,617.5236029639974,455.9207720763333,161.60283088766408,0.0,0.7783225913749463,0.8461538461538461,0.15384615384615385,5.845138103542735,81.0
pp_quantile_fixed,FOODS_3_417_CA_3,586.4645055731824,471.87853455607865,114.5859710171037,0.0,0.8231697978131116,0.8846153846153846,0.11538461538461539,6.049724802001008,72.0
pp_quantile_fixed,FOODS_3_422_CA_1,903.3441932658488,761.2260668970243,142.11812636882448,0.0,0.8638715264666432,0.9102564102564102,0.08974358974358974,9.759308549961851,116.0
pp_quantile_fixed,FOODS_3_423_WI_2,704.5918612575776,543.2863729983087,161.30548825926897,0.0,0.7840622647131607,0.8717948717948718,0.1282051282051282,6.965209910234727,83.0
pp_quantile_fixed,FOODS_3_425_CA_1,474.67384591804813,457.11926098916456,17.554584928883557,0.0,0.9704468267190512,0.9743589743589743,0.02564102564102564,5.86050334601493,66.0
pp_quantile_fixed,FOODS_3_427_WI_3,771.0703137258406,741.7536382695057,29.31667545633485,0.0,0.8083877421154585,0.9615384615384616,0.038461538461538464,9.509662029096226,17.0
pp_quantile_fixed,FOODS_3_428_TX_3,347.71745313943006,275.57532464754786,72.14212849188218,0.0,0.6660086643894344,0.9358974358974359,0.0641025641025641,3.53301698266087,24.0
pp_quantile_fixed,FOODS_3_434_CA_1,1359.8170160384116,938.6407216707148,421.17629436769676,0.0,0.7612379283629837,0.7948717948717948,0.20512820512820512,12.033855406034805,196.0
pp_quantile_fixed,FOODS_3_434_WI_1,794.2044394954241,676.6424498340949,117.56198966132919,0.0,0.8160219254126303,0.8974358974358975,0.10256410256410256,8.674903203001216,71.0
pp_quantile_fixed,FOODS_3_441_TX_2,10865.399999999992,10865.399999999992,0.0,0.0,1.0,1.0,0.0,139.2999999999999,0.0
pp_quantile_fixed,FOODS_3_444_CA_4,5561.400000000008,5561.400000000008,0.0,0.0,1.0,1.0,0.0,71.3000000000001,0.0
pp_quantile_fixed,FOODS_3_444_TX_2,21317.39999999997,21317.39999999997,0.0,0.0,1.0,1.0,0.0,273.2999999999996,0.0
pp_quantile_fixed,FOODS_3_445_CA_3,1409.3900499133658,997.1757586795592,412.21429123380665,0.0,0.6335872966810607,0.8205128205128205,0.1794871794871795,12.784304598455886,125.0
pp_quantile_fixed,FOODS_3_449_WI_1,981.6464790979362,624.657965617424,356.98851348051227,0.0,0.7473542013584485,0.7564102564102564,0.24358974358974358,8.008435456633642,157.0
pp_quantile_fixed,FOODS_3_451_CA_4,819.7532711963096,559.0777805078459,260.6754906884637,0.0,0.6781784065574522,0.8846153846153846,0.11538461538461539,7.167663852664691,90.0
pp_quantile_fixed,FOODS_3_453_TX_2,302.4305206437116,295.7413371088963,6.689183534815322,0.0,0.9380631154183767,0.9871794871794872,0.01282051282051282,3.7915556039602087,12.0
pp_quantile_fixed,FOODS_3_453_WI_2,339.54800375140275,307.64646731492456,31.901536436478203,0.0,0.8892307762622285,0.9487179487179487,0.05128205128205128,3.9441854783964687,32.0
pp_quantile_fixed,FOODS_3_454_CA_1,3287.713652719213,3287.713652719213,0.0,0.0,1.0,1.0,0.0,42.150175034861704,1.0
pp_quantile_fixed,FOODS_3_455_TX_1,5195.394640866254,2185.096740324881,3010.2979005413727,0.0,0.6704654733944857,0.6153846153846154,0.38461538461538464,28.01406077339591,1015.0
pp_quantile_fixed,FOODS_3_456_CA_4,371.1276997192158,334.83984310927315,36.28785660994262,0.0,0.8656005310742866,0.9358974358974359,0.0641025641025641,4.292818501400938,30.0
pp_quantile_fixed,FOODS_3_457_TX_3,316.2097916296653,305.3838317586848,10.825959870980505,0.0,0.9198077046594036,0.9743589743589743,0.02564102564102564,3.9151773302395485,15.0
pp_quantile_fixed,FOODS_3_458_TX_1,2500.07050106365,1527.743926109451,972.326574954199,0.0,0.7730330123823065,0.7564102564102564,0.24358974358974358,19.586460591146807,476.0
pp_quantile_fixed,FOODS_3_458_WI_1,1694.403387904184,1090.118651662295,604.2847362418892,0.0,0.8036761740604649,0.717948717948718,0.28205128205128205,13.975880149516602,342.0
pp_quantile_fixed,FOODS_3_464_TX_2,499.5623277083515,433.67983549143696,65.88249221691454,0.0,0.7638620350648224,0.9230769230769231,0.07692307692307693,5.5599978909158585,31.0
pp_quantile_fixed,FOODS_3_465_CA_3,574.787926609051,492.8047549828444,81.98317162620668,0.0,0.8140971164938624,0.8974358974358975,0.10256410256410256,6.318009679267235,49.0
pp_quantile_fixed,FOODS_3_465_TX_2,328.671052388833,328.671052388833,0.0,0.0,1.0,1.0,0.0,4.213731440882475,27.0
pp_quantile_fixed,FOODS_3_465_WI_3,643.4125004215111,483.60596901541754,159.8065314060936,0.0,0.7136083666557461,0.8717948717948718,0.1282051282051282,6.2000765258386865,62.0
pp_quantile_fixed,FOODS_3_468_TX_2,884.4800886244102,871.7132713760884,12.76681724832174,0.0,0.991454606928834,0.9871794871794872,0.01282051282051282,11.175811171488313,166.0
pp_quantile_fixed,FOODS_3_471_WI_3,458.3399438106717,395.4824167208887,62.85752708978298,0.0,0.8447962294079433,0.9102564102564102,0.08974358974358974,5.070287393857547,45.0
pp_quantile_fixed,FOODS_3_472_CA_1,393.78384623622946,307.53856586072556,86.24528037550388,0.0,0.75428695049714,0.8846153846153846,0.11538461538461539,3.9428021264195583,39.0
pp_quantile_fixed,FOODS_3_474_CA_1,1897.152143016399,835.5840956158814,1061.5680474005173,0.0,0.6255491896294471,0.7435897435897436,0.2564102564102564,10.71261661046002,315.0
pp_quantile_fixed,FOODS_3_476_TX_3,1470.1384649106403,926.9691285670402,543.1693363436,0.0,0.7669801216887173,0.7692307692307693,0.23076923076923078,11.884219597013336,259.0
pp_quantile_fixed,FOODS_3_479_CA_3,1538.7301464057182,1175.820109572542,362.91003683317615,0.0,0.7479791410880722,0.7948717948717948,0.20512820512820512,15.074616789391563,160.0
pp_quantile_fixed,FOODS_3_479_TX_2,1101.6236276274249,908.2559076059882,193.36772002143655,0.0,0.8115324366262802,0.8717948717948718,0.1282051282051282,11.64430650776908,114.0
pp_quantile_fixed,FOODS_3_479_TX_3,914.5058903017427,680.6176757761193,233.88821452562345,0.0,0.7374991980632734,0.8589743589743589,0.14102564102564102,8.725867638155377,99.0
pp_quantile_fixed,FOODS_3_481_TX_2,356.0445018452851,309.1745283150184,46.86997353026668,0.0,0.8372570363532407,0.9487179487179487,0.05128205128205128,3.963776004038697,32.0
pp_quantile_fixed,FOODS_3_498_TX_1,3487.609408667777,2519.4848684198714,968.1245402479059,0.0,0.6659335609910608,0.9487179487179487,0.05128205128205128,32.301088056665016,322.0
pp_quantile_fixed,FOODS_3_499_TX_1,4171.811731002882,2783.933484342416,1387.878246660466,0.0,0.8139822749416344,0.7948717948717948,0.20512820512820512,35.69145492746687,829.0
pp_quantile_fixed,FOODS_3_502_TX_2,1299.2791192019477,690.4644004688157,608.8147187331319,0.0,0.6763345461280531,0.7435897435897436,0.2564102564102564,8.85210769831815,209.0
pp_quantile_fixed,FOODS_3_511_CA_1,8679.520416947396,4564.638545520721,4114.881871426675,0.0,0.7504317157067761,0.717948717948718,0.28205128205128205,58.521006993855394,1832.0
pp_quantile_fixed,FOODS_3_511_WI_2,5376.490008361686,3069.583894109475,2306.906114252211,0.0,0.6507862376245518,0.7307692307692307,0.2692307692307692,39.35363966807019,734.0
pp_quantile_fixed,FOODS_3_512_CA_1,373.7008904226692,373.7008904226692,0.0,0.0,1.0,1.0,0.0,4.791037056700887,12.0
pp_quantile_fixed,FOODS_3_513_CA_1,804.1003163095493,555.9767633167974,248.12355299275185,0.0,0.7987643528039321,0.8461538461538461,0.15384615384615385,7.127907222010222,137.0
pp_quantile_fixed,FOODS_3_514_CA_2,1449.798906527033,824.25846008221,625.5404464448229,0.0,0.6855000269256799,0.7435897435897436,0.2564102564102564,10.567416154900128,221.0
pp_quantile_fixed,FOODS_3_515_CA_1,1465.6747831455284,1026.9280294865232,438.7467536590052,0.0,0.743422951076605,0.7948717948717948,0.20512820512820512,13.165743967775938,190.0
pp_quantile_fixed,FOODS_3_517_TX_1,365.40058056435527,341.13648867227,24.26409189208525,0.0,0.841411164104018,0.9615384615384616,0.038461538461538464,4.373544726567564,17.0
pp_quantile_fixed,FOODS_3_517_TX_3,281.3989475958831,268.155912363594,13.243035232289088,0.0,0.9134442141680452,0.9743589743589743,0.02564102564102564,3.437896312353769,17.0
pp_quantile_fixed,FOODS_3_525_CA_4,537.4675742677107,403.1306637358201,134.3369105318906,0.0,0.6172737591684029,0.9102564102564102,0.08974358974358974,5.1683418427669245,39.0
pp_quantile_fixed,FOODS_3_531_CA_3,566.284800448386,457.18344253981445,109.10135790857163,0.0,0.7873267877025895,0.8846153846153846,0.11538461538461539,5.861326186407878,57.0
pp_quantile_fixed,FOODS_3_532_TX_3,1134.7547428537182,811.0894186110535,323.66532424266484,0.0,0.7536793575017772,0.8205128205128205,0.1794871794871795,10.3985822898853,146.0
pp_quantile_fixed,FOODS_3_532_WI_1,2184.4090118736062,1388.4200950990794,795.9889167745267,0.0,0.8134109430908283,0.7692307692307693,0.23076923076923078,17.800257629475375,474.0
pp_quantile_fixed,FOODS_3_533_TX_3,883.9933166955436,670.9007822244911,213.0925344710526,0.0,0.7847550156858055,0.8461538461538461,0.15384615384615385,8.601292079801167,110.0
pp_quantile_fixed,FOODS_3_533_WI_3,1059.8302514706038,828.3478669237132,231.4823845468906,0.0,0.8586798629139862,0.8333333333333334,0.16666666666666666,10.619844447739913,182.0
pp_quantile_fixed,FOODS_3_538_WI_1,1033.5454771086133,904.0843804010455,129.46109670756786,0.0,0.9053646953892048,0.8974358974358975,0.10256410256410256,11.590825389756994,152.0
pp_quantile_fixed,FOODS_3_544_TX_2,443.23408111189946,359.6932657003829,83.54081541151658,0.0,0.8426726640084434,0.9102564102564102,0.08974358974358974,4.6114521243638835,59.0
pp_quantile_fixed,FOODS_3_545_CA_2,591.3139115772083,503.1459790778173,88.167932499391,0.0,0.7610625135517859,0.9230769230769231,0.07692307692307693,6.450589475356632,41.0
pp_quantile_fixed,FOODS_3_546_CA_1,2436.878210299352,1121.5990564418598,1315.279153857492,0.0,0.5404335590994088,0.6666666666666666,0.3333333333333333,14.379475082587946,318.0
pp_quantile_fixed,FOODS_3_546_CA_3,1829.6166507816126,1034.9675044254466,794.649146356166,0.0,0.7170052897592001,0.7692307692307693,0.23076923076923078,13.268814159300597,312.0
pp_quantile_fixed,FOODS_3_550_TX_1,316.6723428668519,316.6723428668519,0.0,0.0,1.0,1.0,0.0,4.0599018316263065,14.0
pp_quantile_fixed,FOODS_3_555_CA_3,12122.020635909103,6567.193214644725,5554.827421264376,0.0,0.7276244277108769,0.7564102564102564,0.24358974358974358,84.19478480313751,2266.0
pp_quantile_fixed,FOODS_3_558_CA_4,390.0,390.0,0.0,0.0,1.0,1.0,0.0,5.0,0.0
pp_quantile_fixed,FOODS_3_563_WI_1,901.5661537228583,901.5661537228583,0.0,0.0,1.0,1.0,0.0,11.558540432344337,11.0
pp_quantile_fixed,FOODS_3_573_WI_2,1461.086971902818,1211.1337792401027,249.95319266271525,0.0,0.8196585911524421,0.8846153846153846,0.11538461538461539,15.527356144103882,154.0
pp_quantile_fixed,FOODS_3_575_CA_1,557.5686305361194,462.3880506927474,95.1805798433719,0.0,0.7966226926423677,0.9102564102564102,0.08974358974358974,5.9280519319583,52.0
pp_quantile_fixed,FOODS_3_575_WI_1,401.75985261943123,386.924190836172,14.835661783259233,0.0,0.960752217504605,0.9615384615384616,0.038461538461538464,4.960566549181692,42.0
pp_quantile_fixed,FOODS_3_575_WI_2,425.82614163144376,424.2764408213531,1.549700810090675,0.0,0.9956952755275259,0.9871794871794872,0.01282051282051282,5.439441548991707,40.0
pp_quantile_fixed,FOODS_3_578_WI_1,5102.196192771451,5102.196192771451,0.0,0.0,1.0,1.0,0.0,65.41277170219809,0.0
pp_quantile_fixed,FOODS_3_580_CA_1,2638.891887661891,2042.3908845159913,596.5010031458994,0.0,0.766627150568897,0.8333333333333334,0.16666666666666666,26.184498519435785,284.0
pp_quantile_fixed,FOODS_3_580_CA_3,6764.501319607454,5625.798824252715,1138.702495354739,0.0,0.7788068190841609,0.8333333333333334,0.16666666666666666,72.12562595195789,572.0
pp_quantile_fixed,FOODS_3_582_CA_1,621.9270294274845,346.4902608978089,275.43676852967565,0.0,0.5363017364820275,0.8333333333333334,0.16666666666666666,4.4421828320231915,66.0
pp_quantile_fixed,FOODS_3_585_WI_1,452.8621749567723,315.628151090434,137.2340238663383,0.0,0.6950355025192482,0.8461538461538461,0.15384615384615385,4.046514757569667,50.0
pp_quantile_fixed,FOODS_3_588_WI_3,737.730158309496,638.9219372073244,98.8082211021716,0.0,0.8793550413892899,0.9230769230769231,0.07692307692307693,8.19130688727339,91.0
pp_quantile_fixed,FOODS_3_596_WI_1,1093.1621935264134,722.0811997137038,371.0809938127096,0.0,0.7406841412909088,0.7692307692307693,0.23076923076923078,9.257451278380817,159.0
pp_quantile_fixed,FOODS_3_599_TX_3,1063.1073454859522,1063.1073454859522,0.0,0.0,1.0,1.0,0.0,13.629581352384003,2.0
pp_quantile_fixed,FOODS_3_605_WI_3,763.3684886930422,718.3684886930422,45.0,0.0,0.868421052631579,0.9743589743589743,0.02564102564102564,9.209852419141567,38.0
pp_quantile_fixed,FOODS_3_606_TX_3,680.4880385089037,499.36731810162007,181.12072040728367,0.0,0.6903919309277202,0.8333333333333334,0.16666666666666666,6.402145103866924,65.0
pp_quantile_fixed,FOODS_3_608_CA_3,776.5721071440722,654.3557450620042,122.21636208206806,0.0,0.733733415943207,0.9230769230769231,0.07692307692307693,8.389176218743643,51.0
pp_quantile_fixed,FOODS_3_610_TX_1,858.3096969948668,858.3096969948668,0.0,0.0,1.0,1.0,0.0,11.003970474293165,16.0
pp_quantile_fixed,FOODS_3_615_CA_4,756.6076383973768,578.5706796992204,178.03695869815652,0.0,0.7895544223426046,0.8333333333333334,0.16666666666666666,7.417572816656671,94.0
pp_quantile_fixed,FOODS_3_618_WI_3,1602.3696552408198,1130.5882614355125,471.7813938053073,0.0,0.7004562579013922,0.9230769230769231,0.07692307692307693,14.49472130045529,175.0
pp_quantile_fixed,FOODS_3_625_TX_1,251.75864913305182,251.75864913305182,0.0,0.0,1.0,1.0,0.0,3.22767498888528,4.0
pp_quantile_fixed,FOODS_3_626_WI_1,396.1068992680124,396.1068992680124,0.0,0.0,1.0,1.0,0.0,5.078293580359134,19.0
pp_quantile_fixed,FOODS_3_626_WI_2,461.13474180190985,429.3256301476987,31.809111654211158,0.0,0.8232827130321603,0.9615384615384616,0.038461538461538464,5.504174745483317,20.0
pp_quantile_fixed,FOODS_3_628_WI_1,2446.573013344796,1425.9635664763289,1020.6094468684673,0.0,0.6573986415345863,0.6794871794871795,0.32051282051282054,18.28158418559396,331.0
pp_quantile_fixed,FOODS_3_633_WI_1,823.0338081774735,715.35324484537,107.68056333210342,0.0,0.8130545775484316,0.8846153846153846,0.11538461538461539,9.171195446735513,64.0
pp_quantile_fixed,FOODS_3_634_CA_4,1824.2163212788719,1333.5475305802922,490.6687906985797,0.0,0.7598292752331964,0.7564102564102564,0.24358974358974358,17.09676321256785,227.0
pp_quantile_fixed,FOODS_3_638_TX_3,661.0974629873747,540.6122969648229,120.48516602255182,0.0,0.7425530640543765,0.8717948717948718,0.1282051282051282,6.930926884164396,52.0
pp_quantile_fixed,FOODS_3_640_WI_2,856.6272227567899,764.330688368517,92.2965343882729,0.0,0.874936945273343,0.9102564102564102,0.08974358974358974,9.799111389339961,82.0
pp_quantile_fixed,FOODS_3_642_TX_3,738.0576798985315,659.6849638170237,78.37271608150789,0.0,0.8472266743050529,0.9487179487179487,0.05128205128205128,8.457499536115689,57.0
pp_quantile_fixed,FOODS_3_644_WI_2,548.3975362790543,548.3975362790543,0.0,0.0,1.0,1.0,0.0,7.03073764460326,10.0
pp_quantile_fixed,FOODS_3_646_CA_2,1056.6328843689967,810.3288436899677,246.30404067902907,0.0,0.5438814061499462,0.8589743589743589,0.14102564102564102,10.38883132935856,60.0
pp_quantile_fixed,FOODS_3_646_WI_3,1211.9147023534822,909.3938353192442,302.52086703423805,0.0,0.6136387394198748,0.8333333333333334,0.16666666666666666,11.658895324605695,87.0
pp_quantile_fixed,FOODS_3_651_CA_2,1685.195131520858,986.9414104649964,698.2537210558618,0.0,0.7324698386759151,0.7435897435897436,0.2564102564102564,12.653095005961491,290.0
pp_quantile_fixed,FOODS_3_657_CA_4,637.0759614826791,563.697749313537,73.37821216914213,0.0,0.830143027386245,0.9230769230769231,0.07692307692307693,7.226894221968423,48.0
pp_quantile_fixed,FOODS_3_658_WI_1,745.1923740415059,538.1780538742564,207.01432016724945,0.0,0.6933121182707416,0.8717948717948718,0.1282051282051282,6.8997186394135435,75.0
pp_quantile_fixed,FOODS_3_658_WI_3,386.6999099826762,362.6416409046838,24.058269077992406,0.0,0.9296541839824783,0.9615384615384616,0.038461538461538464,4.649251806470305,38.0
pp_quantile_fixed,FOODS_3_662_WI_2,372.05613329531434,372.05613329531434,0.0,0.0,1.0,1.0,0.0,4.769950426863004,11.0
pp_quantile_fixed,FOODS_3_663_CA_1,2496.0,2496.0,0.0,0.0,1.0,1.0,0.0,32.0,0.0
pp_quantile_fixed,FOODS_3_663_TX_2,886.4146635793991,661.485210255269,224.92945332413018,0.0,0.702474268089775,0.8461538461538461,0.15384615384615385,8.480579618657295,84.0
pp_quantile_fixed,FOODS_3_667_TX_3,275.91943799554394,249.7255328813387,26.193905114205247,0.0,0.7761204691093568,0.9615384615384616,0.038461538461538464,3.201609395914599,13.0
pp_quantile_fixed,FOODS_3_668_WI_3,3843.1977215273782,2189.9745362967415,1653.2231852306368,0.0,0.7469814531327462,0.7307692307692307,0.2692307692307692,28.076596619188994,726.0
pp_quantile_fixed,FOODS_3_669_TX_1,1473.7812167811712,1063.413212109661,410.3680046715104,0.0,0.7394488859228506,0.782051282051282,0.21794871794871795,13.633502719354627,175.0
pp_quantile_fixed,FOODS_3_670_CA_4,630.2352829107856,630.2352829107856,0.0,0.0,1.0,1.0,0.0,8.07993952449725,21.0
pp_quantile_fixed,FOODS_3_672_TX_2,4647.560753706789,2267.364866708506,2380.195886998283,0.0,0.6669191314024232,0.6666666666666666,0.3333333333333333,29.06878034241674,794.0
pp_quantile_fixed,FOODS_3_677_WI_2,582.0420766650783,483.95329150161444,98.08878516346388,0.0,0.8565953433282691,0.9230769230769231,0.07692307692307693,6.204529378225827,76.0
pp_quantile_fixed,FOODS_3_691_WI_1,475.77149547118165,447.23435839213914,28.537137079042516,0.0,0.8977163545554031,0.9743589743589743,0.02564102564102564,5.733773825540245,31.0
pp_quantile_fixed,FOODS_3_693_WI_2,386.9511845635195,386.9511845635195,0.0,0.0,1.0,1.0,0.0,4.960912622609224,7.0
pp_quantile_fixed,FOODS_3_694_WI_3,17158.43088588695,9483.430331813364,7675.000554073587,0.0,0.7614607442401372,0.7435897435897436,0.2564102564102564,121.58244015145338,3575.0
pp_quantile_fixed,FOODS_3_705_TX_2,525.6525058151412,467.38722005908306,58.26528575605823,0.0,0.8622570076688931,0.9102564102564102,0.08974358974358974,5.992143846911321,47.0
pp_quantile_fixed,FOODS_3_711_CA_3,7912.927296916913,5605.623998599014,2307.303298317899,0.0,0.7585997804647522,0.8333333333333334,0.16666666666666666,71.866974341013,1062.0
pp_quantile_fixed,FOODS_3_712_CA_3,1262.4508089710598,802.119335102638,460.3314738684219,0.0,0.6918798702353267,0.8333333333333334,0.16666666666666666,10.28358121926459,166.0
pp_quantile_fixed,FOODS_3_718_TX_1,495.18472720519065,495.18472720519065,0.0,0.0,1.0,1.0,0.0,6.34852214365629,6.0
pp_quantile_fixed,FOODS_3_723_WI_3,11603.731953289018,6084.020357877206,5519.711595411811,0.0,0.7415502366712642,0.6794871794871795,0.32051282051282054,78.00026099842572,2373.0
pp_quantile_fixed,FOODS_3_727_WI_3,1800.8670493415366,1110.878216846676,689.9888324948605,0.0,0.7347217099212378,0.7564102564102564,0.24358974358974358,14.24202842111123,289.0
pp_quantile_fixed,FOODS_3_730_CA_3,551.9666449003131,485.20589339595614,66.76075150435693,0.0,0.925072108300385,0.9102564102564102,0.08974358974358974,6.220588376871232,99.0
pp_quantile_fixed,FOODS_3_734_TX_1,3372.660199835969,2719.3277952198946,653.3324046160742,0.0,0.8590437098994446,0.8205128205128205,0.1794871794871795,34.86317686179352,515.0
pp_quantile_fixed,FOODS_3_735_CA_4,392.93943915343425,363.4794293870788,29.46000976635542,0.0,0.8830951993398595,0.9615384615384616,0.038461538461538464,4.659992684449729,28.0
pp_quantile_fixed,FOODS_3_745_TX_3,591.3831714778945,591.3831714778945,0.0,0.0,1.0,1.0,0.0,7.5818355317678785,0.0
pp_quantile_fixed,FOODS_3_746_CA_4,1140.8685761114248,746.5632764924342,394.3052996189905,0.0,0.7376544912714634,0.7564102564102564,0.24358974358974358,9.57132405759531,167.0
pp_quantile_fixed,FOODS_3_749_CA_1,1691.5425944740045,1614.7305191789294,76.8120752950752,0.0,0.8797933093973784,0.9871794871794872,0.01282051282051282,20.701673322806787,71.0
pp_quantile_fixed,FOODS_3_750_CA_2,1489.0,1057.0,432.0,0.0,0.29411764705882354,0.782051282051282,0.21794871794871795,13.551282051282051,68.0
pp_quantile_fixed,FOODS_3_753_TX_2,1286.216675972416,990.7786655062467,295.43801046616926,0.0,0.8414181371625501,0.8461538461538461,0.15384615384615385,12.70229058341342,207.0
pp_quantile_fixed,FOODS_3_755_TX_3,1079.2177220640276,890.9522344485736,188.26548761545402,0.0,0.798861658530498,0.9230769230769231,0.07692307692307693,11.422464544212481,104.0
pp_quantile_fixed,FOODS_3_756_WI_3,3325.660100994975,1863.5836244242691,1462.0764765707058,0.0,0.6851687173620358,0.6538461538461539,0.34615384615384615,23.89209774902909,516.0
pp_quantile_fixed,FOODS_3_757_CA_3,6760.600000000008,5276.66045310268,1483.9395468973278,0.0,0.43726221202224963,0.8076923076923077,0.19230769230769232,67.6494929884959,293.0
pp_quantile_fixed,FOODS_3_763_TX_2,235.33909737984348,223.85377080014666,11.485326579696826,0.0,0.8723852602255908,0.9743589743589743,0.02564102564102564,2.8699201384634185,10.0
pp_quantile_fixed,FOODS_3_766_TX_3,262.9282726901702,248.11885490558066,14.809417784589545,0.0,0.9032064197085651,0.9743589743589743,0.02564102564102564,3.1810109603279573,17.0
pp_quantile_fixed,FOODS_3_768_CA_2,1057.989317137838,627.8845941738492,430.1047229639887,0.0,0.7086011362032597,0.7307692307692307,0.2692307692307692,8.049802489408323,164.0
pp_quantile_fixed,FOODS_3_770_WI_3,515.8252313376039,496.12511352603025,19.700117811573676,0.0,0.9534276174667289,0.9615384615384616,0.038461538461538464,6.360578378538849,47.0
pp_quantile_fixed,FOODS_3_774_WI_2,545.859035446217,459.7105489137868,86.14848653243023,0.0,0.8046519579763487,0.8974358974358975,0.10256410256410256,5.89372498607419,49.0
pp_quantile_fixed,FOODS_3_779_CA_1,485.66221248446,485.66221248446,0.0,0.0,1.0,1.0,0.0,6.226438621595641,27.0
pp_quantile_fixed,FOODS_3_783_CA_1,1865.481801268054,1162.3151633604662,703.1666379075878,0.0,0.7603385692203178,0.7692307692307693,0.23076923076923078,14.90147645333931,326.0
pp_quantile_fixed,FOODS_3_783_TX_3,3286.0,3052.0,234.0,0.0,0.7291666666666666,0.8974358974358975,0.10256410256410256,39.12820512820513,96.0
pp_quantile_fixed,FOODS_3_786_CA_2,688.8932050800695,461.23808984541006,227.6551152346595,0.0,0.6437322140302669,0.8461538461538461,0.15384615384615385,5.913308844171924,71.0
pp_quantile_fixed,FOODS_3_788_WI_2,1128.9787179879625,833.8912216466063,295.08749634135626,0.0,0.7784628405845675,0.8333333333333334,0.16666666666666666,10.690913098033414,148.0
pp_quantile_fixed,FOODS_3_791_CA_4,503.90747585422764,447.51879304101584,56.3886828132118,0.0,0.8817847320477741,0.9358974358974359,0.0641025641025641,5.737420423602767,53.0
pp_quantile_fixed,FOODS_3_791_WI_2,923.3856539215814,923.3856539215814,0.0,0.0,1.0,1.0,0.0,11.838277614379248,37.0
pp_quantile_fixed,FOODS_3_792_CA_1,1164.3377268320573,808.0185455931899,356.31918123886743,0.0,0.7540930426232799,0.8333333333333334,0.16666666666666666,10.359212122989614,161.0
pp_quantile_fixed,FOODS_3_793_WI_1,1133.1403160963007,929.1396827870873,204.00063330921336,0.0,0.898355439307816,0.8974358974358975,0.10256410256410256,11.912047215219067,223.0
pp_quantile_fixed,FOODS_3_795_WI_2,1668.2596561964815,1218.9287368372047,449.3309193592769,0.0,0.8216940796193346,0.7692307692307693,0.23076923076923078,15.62729149791288,280.0
pp_quantile_fixed,FOODS_3_799_TX_1,293.95490597112376,293.95490597112376,0.0,0.0,1.0,1.0,0.0,3.768652640655433,6.0
pp_quantile_fixed,FOODS_3_802_WI_3,406.48365702328465,368.7603264216822,37.72333060160248,0.0,0.8602839607348057,0.9615384615384616,0.038461538461538464,4.727696492585669,30.0
pp_quantile_fixed,FOODS_3_805_TX_1,919.7034541343046,703.0746340280667,216.6288201062378,0.0,0.7994177591608909,0.8461538461538461,0.15384615384615385,9.013777359334188,120.0
pp_quantile_fixed,FOODS_3_806_CA_1,626.7084485795419,607.3081203256119,19.400328253930063,0.0,0.8973527605612167,0.9743589743589743,0.02564102564102564,7.78600154263605,21.0
pp_quantile_fixed,FOODS_3_806_CA_4,415.99868377471165,415.99868377471165,0.0,0.0,1.0,1.0,0.0,5.33331645865015,10.0
pp_quantile_fixed,FOODS_3_809_CA_1,1297.752579741195,707.24532550469,590.5072542365051,0.0,0.6453409884465435,0.782051282051282,0.21794871794871795,9.06724776288064,185.0
pp_quantile_fixed,FOODS_3_810_WI_2,1014.7105245262995,896.860315819069,117.85020870723056,0.0,0.7153376601274625,0.9102564102564102,0.08974358974358974,11.498209177167551,46.0
pp_quantile_fixed,FOODS_3_813_TX_1,413.6424764539747,320.4238812811456,93.21859517282908,0.0,0.6163843820048186,0.8846153846153846,0.11538461538461539,4.107998477963405,27.0
pp_quantile_fixed,FOODS_3_814_CA_3,1245.2785314042974,861.3704011826744,383.90813022162297,0.0,0.7919197126170066,0.8076923076923077,0.19230769230769232,11.043210271572748,205.0
pp_quantile_fixed,FOODS_3_818_CA_3,2026.1239427005667,1512.3675144212118,513.7564282793549,0.0,0.8569322115624185,0.782051282051282,0.21794871794871795,19.389327107964252,399.0
pp_quantile_fixed,FOODS_3_821_TX_2,425.6894070016201,371.00166683582296,54.68774016579716,0.0,0.8831458543465872,0.9230769230769231,0.07692307692307693,4.756431626100294,52.0
pp_quantile_fixed,FOODS_3_824_TX_3,169.0168274598392,144.00244520795027,25.014382251888932,0.0,0.4441248388469126,0.9615384615384616,0.038461538461538464,1.8461851949737214,5.0
pp_quantile_fixed,HOBBIES_1_004_WI_3,1304.6622734804855,1299.8426840051068,4.819589475378745,0.0,0.9960036571514271,0.9871794871794872,0.01282051282051282,16.664649794937265,134.0
pp_quantile_fixed,HOBBIES_1_005_WI_1,499.9067443724998,408.08187567226946,91.82486870023035,0.0,0.8405818251732112,0.8846153846153846,0.11538461538461539,5.231818918875249,64.0
pp_quantile_fixed,HOBBIES_1_009_CA_1,879.0175599829104,879.0175599829104,0.0,0.0,1.0,1.0,0.0,11.2694558972168,28.0
pp_quantile_fixed,HOBBIES_1_009_CA_4,1486.0687978078176,1472.4622601789868,13.606537628830917,0.0,0.9888835476888636,0.9871794871794872,0.01282051282051282,18.877721284345984,136.0
pp_quantile_fixed,HOBBIES_1_010_CA_3,455.27504050893225,342.90533384180554,112.3697066671267,0.0,0.7502895407397184,0.8974358974358975,0.10256410256410256,4.396222228741097,50.0
pp_quantile_fixed,HOBBIES_1_012_TX_2,236.53796540503012,229.00593611668694,7.532029288343182,0.0,0.9581553928425379,0.9871794871794872,0.01282051282051282,2.935973539957525,20.0
pp_quantile_fixed,HOBBIES_1_023_CA_3,965.5107469329834,502.4601063240853,463.05064060889805,0.0,0.6324994915802397,0.782051282051282,0.21794871794871795,6.441796234924171,140.0
pp_quantile_fixed,HOBBIES_1_026_CA_4,443.39026157307853,348.5627808436247,94.82748072945385,0.0,0.8214171737675068,0.8717948717948718,0.1282051282051282,4.468753600559291,59.0
pp_quantile_fixed,HOBBIES_1_027_CA_1,336.61164459448844,307.4818136313541,29.12983096313434,0.0,0.9048044739766852,0.9615384615384616,0.038461538461538464,3.942074533735309,34.0
pp_quantile_fixed,HOBBIES_1_028_WI_3,277.7724978040085,246.84799150081776,30.924506303190697,0.0,0.8625577497635969,0.9487179487179487,0.05128205128205128,3.164717839754074,25.0
pp_quantile_fixed,HOBBIES_1_029_WI_3,235.60824106167033,235.60824106167033,0.0,0.0,1.0,1.0,0.0,3.0206184751496195,15.0
pp_quantile_fixed,HOBBIES_1_030_WI_2,1094.6433934756287,871.2186167953738,223.42477668025504,0.0,0.7241669423700555,0.8589743589743589,0.14102564102564102,11.169469446094537,90.0
pp_quantile_fixed,HOBBIES_1_032_CA_2,4699.679661777411,3547.5441232539984,1152.135538523412,0.0,0.7697570866260168,0.8205128205128205,0.1794871794871795,45.4813349135128,556.0
pp_quantile_fixed,HOBBIES_1_043_TX_2,738.1965540574806,653.0416735610409,85.1548804964398,0.0,0.8899807745524033,0.9358974358974359,0.0641025641025641,8.372329148218473,86.0
pp_quantile_fixed,HOBBIES_1_043_WI_3,1576.4202668379498,1065.823660211564,510.596606626386,0.0,0.6966152069956114,0.8205128205128205,0.1794871794871795,13.664405900148255,187.0
pp_quantile_fixed,HOBBIES_1_045_CA_4,366.89132040675617,361.7823574664493,5.108962940306895,0.0,0.9594526750769293,0.9871794871794872,0.01282051282051282,4.638235352133965,14.0
pp_quantile_fixed,HOBBIES_1_050_TX_3,290.27908120762544,178.88503221991203,111.3940489877134,0.0,0.7053067487097529,0.8846153846153846,0.11538461538461539,2.2933978489732314,42.0
pp_quantile_fixed,HOBBIES_1_054_CA_4,147.1897507796798,138.2601152522977,8.929635527382075,0.0,0.9236783288257941,0.9743589743589743,0.02564102564102564,1.772565580157663,13.0
pp_quantile_fixed,HOBBIES_1_057_WI_1,474.92975605288393,412.36512207583723,62.564633977046675,0.0,0.8977702059198585,0.9358974358974359,0.0641025641025641,5.286732334305605,68.0
pp_quantile_fixed,HOBBIES_1_061_CA_4,220.5437823160244,220.5437823160244,0.0,0.0,1.0,1.0,0.0,2.827484388666979,10.0
pp_quantile_fixed,HOBBIES_1_065_CA_4,159.99862615965446,159.99862615965446,0.0,0.0,1.0,1.0,0.0,2.051264437944288,7.0
pp_quantile_fixed,HOBBIES_1_070_WI_2,167.0064618779515,157.56267903695917,9.443782840992315,0.0,0.8950690795445297,0.9743589743589743,0.02564102564102564,2.0200343466276816,10.0
pp_quantile_fixed,HOBBIES_1_073_CA_2,513.2725157132201,346.5697310703393,166.70278464288077,0.0,0.6750433047897061,0.8717948717948718,0.1282051282051282,4.443201680388965,57.0
pp_quantile_fixed,HOBBIES_1_074_TX_2,460.7480970071683,365.0185217862895,95.72957522087884,0.0,0.845846094652369,0.9230769230769231,0.07692307692307693,4.679724638285763,69.0
pp_quantile_fixed,HOBBIES_1_086_CA_3,824.3757014164219,615.8709385273623,208.50476288905955,0.0,0.791286523634575,0.8076923076923077,0.19230769230769232,7.895781263171312,111.0
pp_quantile_fixed,HOBBIES_1_092_CA_3,309.9449527787353,286.32417092785647,23.620781850878807,0.0,0.9204687479768391,0.9615384615384616,0.038461538461538464,3.670822704203288,33.0
pp_quantile_fixed,HOBBIES_1_092_TX_1,368.10843974687947,306.9809786406157,61.12746110626377,0.0,0.7657951681752345,0.9230769230769231,0.07692307692307693,3.9356535723155863,29.0
pp_quantile_fixed,HOBBIES_1_103_CA_2,2627.0705180742953,1791.3258113604732,835.7447067138223,0.0,0.7339240029564399,0.7564102564102564,0.24358974358974358,22.965715530262475,349.0
pp_quantile_fixed,HOBBIES_1_106_TX_3,427.28441683871637,393.502614517766,33.78180232095035,0.0,0.8789182712510741,0.9230769230769231,0.07692307692307693,5.044905314330333,31.0
pp_quantile_fixed,HOBBIES_1_106_WI_3,242.65160371507767,242.41176594781754,0.2398377672601315,0.0,0.9975773962903017,0.9871794871794872,0.01282051282051282,3.1078431531771478,11.0
pp_quantile_fixed,HOBBIES_1_107_WI_2,527.8404283183938,459.4904667669237,68.3499615514701,0.0,0.8481111965522886,0.9358974358974359,0.0641025641025641,5.890903420088765,50.0
pp_quantile_fixed,HOBBIES_1_108_CA_3,491.04613879785165,402.8390224469218,88.20711635092985,0.0,0.8492186045283251,0.8717948717948718,0.1282051282051282,5.164602851883613,65.0
pp_quantile_fixed,HOBBIES_1_109_CA_3,397.0584147867853,309.9740826915348,87.08433209525046,0.0,0.7154106794272861,0.9102564102564102,0.08974358974358974,3.9740267011735235,34.0
pp_quantile_fixed,HOBBIES_1_110_CA_3,378.022218195616,333.1895062727312,44.83271192288482,0.0,0.7627898840059004,0.9487179487179487,0.05128205128205128,4.271660336829887,21.0
pp_quantile_fixed,HOBBIES_1_110_WI_3,184.35892994994754,168.19763042262156,16.161299527325973,0.0,0.8503583377099447,0.9871794871794872,0.01282051282051282,2.156379877213097,12.0
pp_quantile_fixed,HOBBIES_1_113_TX_2,372.6550413007333,371.00131808259533,1.6537232181379506,0.0,0.9912501417029738,0.9871794871794872,0.01282051282051282,4.756427154905069,21.0
pp_quantile_fixed,HOBBIES_1_116_CA_1,404.2888606978434,270.3848226978326,133.90403800001081,0.0,0.6963627256235583,0.8589743589743589,0.14102564102564102,3.4664720858696487,49.0
pp_quantile_fixed,HOBBIES_1_116_WI_3,221.31354253954785,193.64566074494195,27.667881794605915,0.0,0.7205264465191322,0.9615384615384616,0.038461538461538464,2.4826366762172043,11.0
pp_quantile_fixed,HOBBIES_1_117_CA_1,222.58955398043065,205.99123213766782,16.598321842762832,0.0,0.9029337903931998,0.9743589743589743,0.02564102564102564,2.640913232534203,19.0
pp_quantile_fixed,HOBBIES_1_122_WI_3,388.5303158726585,388.5303158726585,0.0,0.0,1.0,1.0,0.0,4.981157895803314,8.0
pp_quantile_fixed,HOBBIES_1_124_TX_3,266.8609624600432,245.8466890089952,21.014273451048,0.0,0.910195412602359,0.9743589743589743,0.02564102564102564,3.1518806283204515,26.0
pp_quantile_fixed,HOBBIES_1_133_WI_1,312.0,312.0,0.0,0.0,1.0,1.0,0.0,4.0,0.0
pp_quantile_fixed,HOBBIES_1_134_CA_4,1499.7592267637986,1159.9555710737582,339.80365569004033,0.0,0.8344036765643078,0.8076923076923077,0.19230769230769232,14.871225270176387,228.0
pp_quantile_fixed,HOBBIES_1_135_WI_1,356.10187034580593,334.6644072231665,21.437463122639414,0.0,0.9532952873145111,0.9615384615384616,0.038461538461538464,4.29056932337393,51.0
pp_quantile_fixed,HOBBIES_1_137_TX_1,382.58784281130477,309.1206881462015,73.46715466510331,0.0,0.8299371419789274,0.8846153846153846,0.11538461538461539,3.9630857454641215,48.0
pp_quantile_fixed,HOBBIES_1_143_WI_1,248.86086243920258,191.74653070610393,57.114331733098645,0.0,0.7115437791257645,0.9230769230769231,0.07692307692307693,2.458288855206461,22.0
pp_quantile_fixed,HOBBIES_1_151_TX_1,311.93782684929005,247.92320300712709,64.01462384216298,0.0,0.8657974342931594,0.8974358974358975,0.10256410256410256,3.1785026026554752,53.0
pp_quantile_fixed,HOBBIES_1_152_CA_1,744.4844446372464,606.1721383697918,138.31230626745455,0.0,0.7804566567183261,0.8974358974358975,0.10256410256410256,7.771437671407587,70.0
pp_quantile_fixed,HOBBIES_1_152_CA_3,551.6128766893091,452.4443910597604,99.16848562954874,0.0,0.8304812211460705,0.8846153846153846,0.11538461538461539,5.800569116150775,65.0
pp_quantile_fixed,HOBBIES_1_155_CA_2,689.8476420236356,434.7473558843099,255.10028613932565,0.0,0.7399589335990564,0.7948717948717948,0.20512820512820512,5.573684049798845,109.0
pp_quantile_fixed,HOBBIES_1_162_TX_1,127.23730784448821,117.81185478303777,9.425453061450444,0.0,0.8254545729361028,0.9743589743589743,0.02564102564102564,1.5104083946543305,6.0
pp_quantile_fixed,HOBBIES_1_162_TX_2,286.26703972688216,263.04614170259293,23.220898024289234,0.0,0.900765393058593,0.9743589743589743,0.02564102564102564,3.3723864320845247,26.0
pp_quantile_fixed,HOBBIES_1_170_TX_2,179.08351100150773,150.18171250517565,28.901798496332066,0.0,0.7706206468545075,0.9487179487179487,0.05128205128205128,1.925406570579175,14.0
pp_quantile_fixed,HOBBIES_1_173_CA_4,197.57515263476517,183.94729087440774,13.627861760357442,0.0,0.924289656886903,0.9615384615384616,0.038461538461538464,2.3582986009539453,20.0
pp_quantile_fixed,HOBBIES_1_175_WI_1,258.57838793773385,258.57838793773385,0.0,0.0,1.0,1.0,0.0,3.3151075376632546,12.0
pp_quantile_fixed,HOBBIES_1_176_TX_3,370.3311671207683,247.80623997918468,122.52492714158362,0.0,0.7431343246507681,0.8461538461538461,0.15384615384615385,3.177003076656214,53.0
pp_quantile_fixed,HOBBIES_1_184_CA_1,269.33256944895805,256.3791813375014,12.953388111456675,0.0,0.8560734654282591,0.9743589743589743,0.02564102564102564,3.286912581250018,10.0
pp_quantile_fixed,HOBBIES_1_186_TX_1,145.07051970377975,127.978965517002,17.09155418677776,0.0,0.8417448686409467,0.9615384615384616,0.038461538461538464,1.6407559681666923,12.0
pp_quantile_fixed,HOBBIES_1_187_CA_2,215.87490385537757,193.14179827826993,22.733105577107622,0.0,0.8851863354691535,0.9615384615384616,0.038461538461538464,2.4761769010034604,22.0
pp_quantile_fixed,HOBBIES_1_190_TX_2,174.59171489230127,173.63807492977958,0.953639962521684,0.0,0.9903672731058415,0.9871794871794872,0.01282051282051282,2.226129165766405,11.0
pp_quantile_fixed,HOBBIES_1_194_TX_3,951.873098257263,756.844522338919,195.028575918344,0.0,0.8163572731465688,0.8589743589743589,0.14102564102564102,9.703134901781013,118.0
pp_quantile_fixed,HOBBIES_1_200_CA_4,469.3923018515712,352.35291110630607,117.03939074526512,0.0,0.7399124650105219,0.8846153846153846,0.11538461538461539,4.5173450141834115,50.0
pp_quantile_fixed,HOBBIES_1_209_CA_3,4694.335654139262,3505.9525266944606,1188.383127444802,0.0,0.7283074697199812,0.7948717948717948,0.20512820512820512,44.94810931659565,486.0
pp_quantile_fixed,HOBBIES_1_212_CA_2,293.3126517859233,293.3126517859233,0.0,0.0,1.0,1.0,0.0,3.7604186126400427,6.0
pp_quantile_fixed,HOBBIES_1_232_WI_3,1039.3809456493573,1012.9844323010075,26.3965133483499,0.0,0.9388969598417827,0.9743589743589743,0.02564102564102564,12.986979901294967,48.0
pp_quantile_fixed,HOBBIES_1_239_TX_1,252.12536162186785,228.0490234309834,24.076338190884464,0.0,0.8328032070077468,0.9615384615384616,0.038461538461538464,2.9237054286023514,16.0
pp_quantile_fixed,HOBBIES_1_240_CA_2,734.6902327913066,514.2389513669253,220.45128142438122,0.0,0.762188477427852,0.8333333333333334,0.16666666666666666,6.592807068806735,103.0
pp_quantile_fixed,HOBBIES_1_242_TX_3,465.8181949525527,424.40874643370813,41.409448518844556,0.0,0.8929988410365773,0.9487179487179487,0.05128205128205128,5.44113777479113,43.0
pp_quantile_fixed,HOBBIES_1_245_TX_1,114.76102383334695,98.6856709701481,16.075352863198855,0.0,0.8213849681866794,0.9615384615384616,0.038461538461538464,1.2652009098736936,10.0
pp_quantile_fixed,HOBBIES_1_245_WI_1,365.38351169470695,275.23632463207224,90.1471870626347,0.0,0.6869889338102961,0.8846153846153846,0.11538461538461539,3.5286708286163107,32.0
pp_quantile_fixed,HOBBIES_1_252_TX_1,650.4860702257447,531.2798680129443,119.20620221280035,0.0,0.7634797575142851,0.9230769230769231,0.07692307692307693,6.811280359140312,56.0
pp_quantile_fixed,HOBBIES_1_257_CA_2,278.1172669437162,237.49569854616522,40.62156839755098,0.0,0.7624469684353743,0.9487179487179487,0.05128205128205128,3.044816648027759,19.0
pp_quantile_fixed,HOBBIES_1_261_WI_3,1711.5589209710952,1062.3205351017366,649.2383858693586,0.0,0.5969966568160406,0.9102564102564102,0.08974358974358974,13.619494039765854,179.0
pp_quantile_fixed,HOBBIES_1_264_TX_2,324.481931823163,270.64974331405756,53.832188509105436,0.0,0.8240778153297208,0.9102564102564102,0.08974358974358974,3.469868504026379,34.0
pp_quantile_fixed,HOBBIES_1_267_CA_3,321.6882233843236,319.59208540809084,2.0961379762327175,0.0,0.9833639843156133,0.9871794871794872,0.01282051282051282,4.097334428308857,14.0
pp_quantile_fixed,HOBBIES_1_267_WI_2,128.40220531017567,126.57437989374891,1.8278254164267511,0.0,0.9661513811772823,0.9871794871794872,0.01282051282051282,1.622748460176268,6.0
pp_quantile_fixed,HOBBIES_1_277_CA_1,787.0,742.0,45.0,0.0,0.7058823529411765,0.9487179487179487,0.05128205128205128,9.512820512820513,17.0
pp_quantile_fixed,HOBBIES_1_279_CA_4,468.27262395062746,382.03462978391605,86.23799416671145,0.0,0.8157307816950611,0.8846153846153846,0.11538461538461539,4.897879869024565,52.0
pp_quantile_fixed,HOBBIES_1_279_TX_3,469.1313041058857,406.8382362073899,62.293067898495806,0.0,0.9025147607222288,0.9230769230769231,0.07692307692307693,5.215874823171665,71.0
pp_quantile_fixed,HOBBIES_1_285_CA_4,181.81075689194378,181.81075689194378,0.0,0.0,1.0,1.0,0.0,2.330907139640305,8.0
pp_quantile_fixed,HOBBIES_1_287_WI_1,409.288827824558,369.53742140400806,39.751406420549934,0.0,0.8837678174837722,0.9358974358974359,0.0641025641025641,4.737659248769334,38.0
pp_quantile_fixed,HOBBIES_1_289_WI_1,504.83947884050093,334.1208746833544,170.71860415714656,0.0,0.6940526807219596,0.8846153846153846,0.11538461538461539,4.283600957478902,62.0
pp_quantile_fixed,HOBBIES_1_290_CA_4,342.8213396896943,342.8213396896943,0.0,0.0,1.0,1.0,0.0,4.395145380637106,3.0
pp_quantile_fixed,HOBBIES_1_296_CA_1,415.54630679277466,322.41816252132327,93.12814427145138,0.0,0.7125674559523106,0.8846153846153846,0.11538461538461539,4.133566186170811,36.0
pp_quantile_fixed,HOBBIES_1_297_CA_1,943.4698594563615,624.2781331834825,319.191726272879,0.0,0.7984900717974248,0.7692307692307693,0.23076923076923078,8.003565810044648,176.0
pp_quantile_fixed,HOBBIES_1_306_CA_4,379.68617797333206,305.5028824853626,74.18329548796945,0.0,0.8083118979639032,0.9102564102564102,0.08974358974358974,3.916703621607213,43.0
pp_quantile_fixed,HOBBIES_1_306_WI_3,188.38528882295765,187.4484831933363,0.9368056296213512,0.0,0.9938770873880958,0.9871794871794872,0.01282051282051282,2.40318568196585,17.0
pp_quantile_fixed,HOBBIES_1_309_WI_1,196.94020549365206,129.12136003946566,67.8188454541864,0.0,0.5290357954570389,0.9230769230769231,0.07692307692307693,1.6554020517880212,16.0
pp_quantile_fixed,HOBBIES_1_312_TX_3,687.7787041673287,600.1345168987024,87.64418726862633,0.0,0.8665994105500361,0.9487179487179487,0.05128205128205128,7.694032267932082,73.0
pp_quantile_fixed,HOBBIES_1_319_TX_1,1283.9951509002942,1075.3996861283822,208.59546477191202,0.0,0.8283164898996609,0.8846153846153846,0.11538461538461539,13.787175463184386,135.0
pp_quantile_fixed,HOBBIES_1_323_CA_3,941.3717658769921,568.6187620123028,372.7530038646893,0.0,0.6548583297549174,0.7692307692307693,0.23076923076923078,7.289984128362856,120.0
pp_quantile_fixed,HOBBIES_1_328_TX_1,179.5852192472092,179.5852192472092,0.0,0.0,1.0,1.0,0.0,2.3023746057334513,7.0
pp_quantile_fixed,HOBBIES_1_332_WI_1,536.977782724589,397.1839328416625,139.79384988292648,0.0,0.7453663936558717,0.8461538461538461,0.15384615384615385,5.092101703098237,61.0
pp_quantile_fixed,HOBBIES_1_333_CA_2,471.8117815807746,296.32617841362816,175.48560316714645,0.0,0.6953374945014819,0.8205128205128205,0.1794871794871795,3.799053569405489,64.0
pp_quantile_fixed,HOBBIES_1_333_TX_1,200.09839037080357,191.2204215714939,8.877968799309688,0.0,0.9295399301642089,0.9743589743589743,0.02564102564102564,2.4515438663012037,14.0
pp_quantile_fixed,HOBBIES_1_334_TX_1,179.29748060828848,157.87975021112223,21.41773039716625,0.0,0.7836592889175126,0.9615384615384616,0.038461538461538464,2.024099361681054,11.0
pp_quantile_fixed,HOBBIES_1_344_CA_3,690.6749316737857,523.2668692794842,167.40806239430157,0.0,0.7978163497653362,0.8589743589743589,0.14102564102564102,6.708549606147234,92.0
pp_quantile_fixed,HOBBIES_1_346_CA_4,328.8517184278124,301.9756944297072,26.87602399810521,0.0,0.8428302690169286,0.9743589743589743,0.02564102564102564,3.8714832619193227,19.0
pp_quantile_fixed,HOBBIES_1_348_CA_4,5625.390250261953,4325.879093222562,1299.5111570393908,0.0,0.6512315735267336,0.782051282051282,0.21794871794871795,55.45998837464823,414.0
pp_quantile_fixed,HOBBIES_1_352_CA_2,696.4966882691174,586.1602843856429,110.33640388347449,0.0,0.8557694066882687,0.8846153846153846,0.11538461538461539,7.514875440841575,85.0
pp_quantile_fixed,HOBBIES_1_361_CA_4,262.14047548894484,210.31765317905243,51.82282230989243,0.0,0.8080636210744725,0.9230769230769231,0.07692307692307693,2.6963801689622104,30.0
pp_quantile_fixed,HOBBIES_1_362_WI_2,212.56521983278583,212.56521983278583,0.0,0.0,1.0,1.0,0.0,2.7251951260613567,4.0
pp_quantile_fixed,HOBBIES_1_367_TX_1,358.36534843041903,250.1928643674282,108.17248406299083,0.0,0.7688622135406179,0.8846153846153846,0.11538461538461539,3.2076008252234383,52.0
pp_quantile_fixed,HOBBIES_1_368_CA_1,309.40322438991325,245.46953338060152,63.93369100931175,0.0,0.7847350471066945,0.9358974358974359,0.0641025641025641,3.1470452997513014,33.0
pp_quantile_fixed,HOBBIES_1_372_TX_1,487.06115586595456,351.95918531682764,135.1019705491269,0.0,0.769056460599783,0.8717948717948718,0.1282051282051282,4.512297247651636,65.0
pp_quantile_fixed,HOBBIES_1_373_TX_1,372.6120467118609,251.53251700812413,121.07952970373675,0.0,0.7075373678653701,0.8076923076923077,0.19230769230769232,3.2247758590785147,46.0
pp_quantile_fixed,HOBBIES_1_374_WI_3,167.24281196858587,129.4980666268467,37.74474534173917,0.0,0.7533023180278485,0.9358974358974359,0.0641025641025641,1.6602316234211116,17.0
pp_quantile_fixed,HOBBIES_1_375_WI_1,162.74557550679654,139.05256101919412,23.693014487602415,0.0,0.6709303543388554,0.9615384615384616,0.038461538461538464,1.7827251412717193,8.0
pp_quantile_fixed,HOBBIES_1_380_CA_2,426.98226554982006,408.33108427771964,18.651181272100416,0.0,0.9232461676045249,0.9743589743589743,0.02564102564102564,5.235013900996406,27.0
pp_quantile_fixed,HOBBIES_1_381_TX_2,2006.4721317274127,1797.0317513928862,209.44038033452648,0.0,0.9270496759545362,0.9743589743589743,0.02564102564102564,23.038868607601106,319.0
pp_quantile_fixed,HOBBIES_1_385_CA_1,419.0,401.0,18.0,0.0,0.75,0.9743589743589743,0.02564102564102564,5.141025641025641,8.0
pp_quantile_fixed,HOBBIES_1_386_CA_3,869.0,860.0,9.0,0.0,0.9333333333333333,0.9871794871794872,0.01282051282051282,11.025641025641026,15.0
pp_quantile_fixed,HOBBIES_1_386_WI_3,194.21203682050145,194.21203682050145,0.0,0.0,1.0,1.0,0.0,2.4898979079551466,6.0
pp_quantile_fixed,HOBBIES_1_389_CA_3,196.3762815486994,170.08987191858665,26.28640963011275,0.0,0.8609184675655409,0.9743589743589743,0.02564102564102564,2.1806393835716236,21.0
pp_quantile_fixed,HOBBIES_1_390_TX_1,209.2011910045346,158.5309762565505,50.6702147479841,0.0,0.6246650759408586,0.9230769230769231,0.07692307692307693,2.032448413545519,15.0
pp_quantile_fixed,HOBBIES_1_393_TX_2,148.6893889274744,145.4959672256963,3.19342170177812,0.0,0.9813250192878472,0.9871794871794872,0.01282051282051282,1.8653329131499525,19.0
pp_quantile_fixed,HOBBIES_1_398_TX_3,649.2808672716425,649.2808672716425,0.0,0.0,1.0,1.0,0.0,8.324113682969775,34.0
pp_quantile_fixed,HOBBIES_1_399_TX_3,601.5653128191635,601.5653128191635,0.0,0.0,1.0,1.0,0.0,7.712375805373891,5.0
pp_quantile_fixed,HOBBIES_1_400_CA_3,1399.467396496228,1246.6586041537762,152.80879234245174,0.0,0.8070596056282174,0.9230769230769231,0.07692307692307693,15.982802617356105,88.0
pp_quantile_fixed,HOBBIES_1_405_TX_3,204.65056416864547,193.06184547029522,11.588718698350245,0.0,0.8569293987857994,0.9743589743589743,0.02564102564102564,2.475151865003785,9.0
pp_quantile_fixed,HOBBIES_1_406_CA_1,271.1220010632158,271.1220010632158,0.0,0.0,1.0,1.0,0.0,3.4759230905540486,7.0
pp_quantile_fixed,HOBBIES_1_410_TX_1,193.02523265843408,193.02523265843408,0.0,0.0,1.0,1.0,0.0,2.474682469979924,5.0
pp_quantile_fixed,HOBBIES_1_415_CA_1,512.283113786362,348.02045802832146,164.26265575804058,0.0,0.7102951397565421,0.8717948717948718,0.1282051282051282,4.461800743952839,63.0
pp_quantile_fixed,HOBBIES_1_418_TX_1,624.6645067035515,615.6645067035515,9.0,0.0,0.9411764705882353,0.9871794871794872,0.01282051282051282,7.893134701327583,17.0
pp_quantile_fixed,HOBBIES_1_419_CA_4,214.13427583026692,214.13427583026692,0.0,0.0,1.0,1.0,0.0,2.745311228593166,5.0
pp_quantile_fixed,HOBBIES_2_007_TX_3,530.6141260016527,502.26448822337653,28.34963777827618,0.0,0.8913806981675243,0.9615384615384616,0.038461538461538464,6.439288310556109,29.0
pp_quantile_fixed,HOBBIES_2_008_WI_3,270.4739267985279,252.8971369171292,17.576789881398717,0.0,0.8972117550795397,0.9743589743589743,0.02564102564102564,3.242270986117041,19.0
pp_quantile_fixed,HOBBIES_2_009_WI_2,227.38130024345463,226.64937360260825,0.7319266408463796,0.0,0.9883821168119622,0.9871794871794872,0.01282051282051282,2.905761200033439,7.0
pp_quantile_fixed,HOBBIES_2_012_TX_2,225.2542678724667,225.2542678724667,0.0,0.0,1.0,1.0,0.0,2.8878752291341883,11.0
pp_quantile_fixed,HOBBIES_2_014_WI_1,305.6303382558517,296.1240149905726,9.506323265279098,0.0,0.9119784882844528,0.9871794871794872,0.01282051282051282,3.796461730648367,12.0
pp_quantile_fixed,HOBBIES_2_018_CA_2,273.0578200828405,251.9495650793913,21.108255003449237,0.0,0.8765599122605309,0.9743589743589743,0.02564102564102564,3.2301226292229654,19.0
pp_quantile_fixed,HOBBIES_2_030_TX_2,256.10099954962305,256.10099954962305,0.0,0.0,1.0,1.0,0.0,3.2833461480720905,11.0
pp_quantile_fixed,HOBBIES_2_030_WI_2,108.30269709327665,108.30269709327665,0.0,0.0,1.0,1.0,0.0,1.38849611658047,0.0
pp_quantile_fixed,HOBBIES_2_031_CA_2,369.6630925299421,318.352342463633,51.31075006630907,0.0,0.7807232903149186,0.9615384615384616,0.038461538461538464,4.081440287995295,26.0
pp_quantile_fixed,HOBBIES_2_035_CA_2,275.1975975698087,275.1975975698087,0.0,0.0,1.0,1.0,0.0,3.52817432781806,11.0
pp_quantile_fixed,HOBBIES_2_038_CA_2,443.7742425189615,388.5340496281186,55.24019289084285,0.0,0.7639307996117827,0.9358974358974359,0.0641025641025641,4.981205764463059,26.0
pp_quantile_fixed,HOBBIES_2_040_TX_1,492.41975654776746,492.41975654776746,0.0,0.0,1.0,1.0,0.0,6.313073801894455,7.0
pp_quantile_fixed,HOBBIES_2_041_TX_2,366.0767216654833,243.76072629380408,122.31599537167924,0.0,0.7226394662773713,0.8717948717948718,0.1282051282051282,3.1251375165872317,49.0
pp_quantile_fixed,HOBBIES_2_042_TX_2,588.9601204074461,585.2798025236701,3.680317883775926,0.0,0.986369193023052,0.9871794871794872,0.01282051282051282,7.503587211841925,30.0
pp_quantile_fixed,HOBBIES_2_045_CA_4,248.68216073166337,248.68216073166337,0.0,0.0,1.0,1.0,0.0,3.18823282989312,13.0
pp_quantile_fixed,HOBBIES_2_050_WI_2,142.6854160755783,142.55677078592822,0.12864528965009336,0.0,0.9984117865475297,0.9871794871794872,0.01282051282051282,1.8276509075119003,9.0
pp_quantile_fixed,HOBBIES_2_056_WI_3,225.94214817150112,225.94214817150112,0.0,0.0,1.0,1.0,0.0,2.8966942073269375,3.0
pp_quantile_fixed,HOBBIES_2_061_TX_3,210.45265800580194,169.49688802001458,40.95576998578734,0.0,0.5863053536789157,0.9487179487179487,0.05128205128205128,2.173037025897623,11.0
pp_quantile_fixed,HOBBIES_2_072_TX_2,193.1168532750909,188.4018220214567,4.71503125363421,0.0,0.9126846064141813,0.9871794871794872,0.01282051282051282,2.41540797463406,6.0
pp_quantile_fixed,HOBBIES_2_074_CA_1,367.41887009692033,367.41887009692033,0.0,0.0,1.0,1.0,0.0,4.7104983345759015,7.0
pp_quantile_fixed,HOBBIES_2_074_CA_3,189.1471586472824,182.03243094376336,7.11472770351903,0.0,0.9209474699608997,0.9743589743589743,0.02564102564102564,2.333749114663633,10.0
pp_quantile_fixed,HOBBIES_2_076_TX_3,655.6732397101829,461.58481862583824,194.08842108434465,0.0,0.4740151190126161,0.8461538461538461,0.15384615384615385,5.917754084946644,41.0
pp_quantile_fixed,HOBBIES_2_076_WI_1,503.7874048389675,432.6311269859775,71.15627785299,0.0,0.5838814160643859,0.9102564102564102,0.08974358974358974,5.546552910076635,19.0
pp_quantile_fixed,HOBBIES_2_077_WI_1,97.18888026237627,97.18888026237627,0.0,0.0,1.0,1.0,0.0,1.2460112854150804,0.0
pp_quantile_fixed,HOBBIES_2_081_WI_3,608.7463703526184,608.7463703526184,0.0,0.0,1.0,1.0,0.0,7.80444064554639,10.0
pp_quantile_fixed,HOBBIES_2_083_CA_1,725.265025026336,725.265025026336,0.0,0.0,1.0,1.0,0.0,9.298269551619693,7.0
pp_quantile_fixed,HOBBIES_2_084_WI_3,153.94258652311674,151.94442182659847,1.998164696518279,0.0,0.9777981700386859,0.9871794871794872,0.01282051282051282,1.9480054080333138,10.0
pp_quantile_fixed,HOBBIES_2_086_CA_4,278.5121608304769,278.5121608304769,0.0,0.0,1.0,1.0,0.0,3.5706687285958574,3.0
pp_quantile_fixed,HOBBIES_2_103_TX_1,319.7359178248432,265.1572239671385,54.57869385770473,0.0,0.8404131758546646,0.9358974358974359,0.0641025641025641,3.3994515893222887,38.0
pp_quantile_fixed,HOBBIES_2_107_WI_3,442.0,442.0,0.0,0.0,1.0,1.0,0.0,5.666666666666667,4.0
pp_quantile_fixed,HOBBIES_2_114_CA_4,152.6392449990358,152.6392449990358,0.0,0.0,1.0,1.0,0.0,1.956913397423536,9.0
pp_quantile_fixed,HOBBIES_2_115_TX_1,477.7800224073691,406.19821013742387,71.58181226994522,0.0,0.8579725947024898,0.9102564102564102,0.08974358974358974,5.207669360736204,56.0
pp_quantile_fixed,HOBBIES_2_116_CA_1,450.135192326731,439.5382475491744,10.596944777556589,0.0,0.9464800768810274,0.9743589743589743,0.02564102564102564,5.635105737809928,22.0
pp_quantile_fixed,HOBBIES_2_116_CA_2,372.2869839384462,313.06025443695984,59.226729501486375,0.0,0.7562686028745417,0.9487179487179487,0.05128205128205128,4.013593005602049,27.0
pp_quantile_fixed,HOBBIES_2_117_TX_1,445.17547088062184,421.45447097541535,23.72099990520648,0.0,0.9149784949634177,0.9615384615384616,0.038461538461538464,5.403262448402761,31.0
pp_quantile_fixed,HOBBIES_2_118_WI_2,156.0,156.0,0.0,0.0,1.0,1.0,0.0,2.0,0.0
pp_quantile_fixed,HOBBIES_2_122_CA_2,588.9658540381365,588.9658540381365,0.0,0.0,1.0,1.0,0.0,7.550844282540211,10.0
pp_quantile_fixed,HOBBIES_2_122_TX_1,468.54535288597134,437.1531929960428,31.392159889928543,0.0,0.8483470536718428,0.9487179487179487,0.05128205128205128,5.604528115333882,23.0
pp_quantile_fixed,HOBBIES_2_123_TX_1,369.214408580643,368.14377361884436,1.0706349617986675,0.0,0.9925650349875093,0.9871794871794872,0.01282051282051282,4.719791969472364,16.0
pp_quantile_fixed,HOBBIES_2_124_TX_3,1287.0,864.0,423.0,0.0,0.24193548387096775,0.9230769230769231,0.07692307692307693,11.076923076923077,62.0
pp_quantile_fixed,HOBBIES_2_128_TX_1,193.01380457104975,173.1477147570429,19.86608981400685,0.0,0.7792656687332572,0.9743589743589743,0.02564102564102564,2.2198424968851653,10.0
pp_quantile_fixed,HOBBIES_2_129_WI_1,1002.454176457495,1002.454176457495,0.0,0.0,1.0,1.0,0.0,12.851976621249936,24.0
pp_quantile_fixed,HOBBIES_2_132_CA_1,700.8074145278441,636.9417107072835,63.865703820560654,0.0,0.8685890867889698,0.9743589743589743,0.02564102564102564,8.165919368042097,54.0
pp_quantile_fixed,HOBBIES_2_133_CA_3,533.5008451406271,487.55492162939515,45.94592351123198,0.0,0.8298299129213631,0.9487179487179487,0.05128205128205128,6.250704123453784,30.0
pp_quantile_fixed,HOBBIES_2_134_TX_3,386.4354413234774,386.4354413234774,0.0,0.0,1.0,1.0,0.0,4.9543005297881715,10.0
pp_quantile_fixed,HOBBIES_2_137_CA_2,447.42256184815085,447.42256184815085,0.0,0.0,1.0,1.0,0.0,5.736186690360908,0.0
pp_quantile_fixed,HOBBIES_2_144_WI_1,288.63698447004936,288.63698447004936,0.0,0.0,1.0,1.0,0.0,3.7004741598724276,10.0
pp_quantile_fixed,HOUSEHOLD_1_005_CA_4,470.6565327571682,277.6558943377455,193.00063841942267,0.0,0.654120719678454,0.8333333333333334,0.16666666666666666,3.5596909530480194,62.0
pp_quantile_fixed,HOUSEHOLD_1_006_CA_4,448.2430356312023,379.41459058413085,68.82844504707144,0.0,0.8529306729763431,0.9230769230769231,0.07692307692307693,4.864289622873472,52.0
pp_quantile_fixed,HOUSEHOLD_1_006_WI_2,419.72317908104213,337.5965111507903,82.12666793025183,0.0,0.7877863877771272,0.9102564102564102,0.08974358974358974,4.328160399369106,43.0
pp_quantile_fixed,HOUSEHOLD_1_008_WI_3,239.03805831464143,161.37998502641886,77.65807328822257,0.0,0.6548530076078997,0.8717948717948718,0.1282051282051282,2.06897416700537,25.0
pp_quantile_fixed,HOUSEHOLD_1_010_CA_2,1018.7860935464546,921.8496148822541,96.93647866420051,0.0,0.8342966176680333,0.9102564102564102,0.08974358974358974,11.818584806182745,65.0
pp_quantile_fixed,HOUSEHOLD_1_013_CA_3,829.459216196586,666.3601628301456,163.09905336644047,0.0,0.8489823579940367,0.8846153846153846,0.11538461538461539,8.543079010642892,120.0
pp_quantile_fixed,HOUSEHOLD_1_014_CA_2,1001.8646661176268,893.0639274316638,108.80073868596295,0.0,0.903288232279144,0.9487179487179487,0.05128205128205128,11.449537531175178,125.0
pp_quantile_fixed,HOUSEHOLD_1_014_WI_3,310.31683946405417,281.35133997517363,28.965499488880532,0.0,0.9106003102195045,0.9743589743589743,0.02564102564102564,3.607068461220175,36.0
pp_quantile_fixed,HOUSEHOLD_1_015_WI_2,595.0,595.0,0.0,0.0,1.0,1.0,0.0,7.628205128205129,1.0
pp_quantile_fixed,HOUSEHOLD_1_020_WI_1,473.6825437296776,391.34588110191476,82.33666262776282,0.0,0.8729372490312302,0.8974358974358975,0.10256410256410256,5.017254885921984,72.0
pp_quantile_fixed,HOUSEHOLD_1_021_WI_2,1123.1689224433435,464.1955404159177,658.9733820274257,0.0,0.6042201909745191,0.717948717948718,0.28205128205128205,5.95122487712715,185.0
pp_quantile_fixed,HOUSEHOLD_1_024_CA_2,776.6417834172639,596.0300152877526,180.6117681295114,0.0,0.771954838220314,0.8461538461538461,0.15384615384615385,7.641410452407085,88.0
pp_quantile_fixed,HOUSEHOLD_1_026_CA_2,1376.9235328397492,791.5278220886623,585.3957107510869,0.0,0.541943888301184,0.7564102564102564,0.24358974358974358,10.147792590880286,142.0
pp_quantile_fixed,HOUSEHOLD_1_029_CA_2,775.2157999544834,488.93459644006475,286.2812035144186,0.0,0.7281280118571524,0.7948717948717948,0.20512820512820512,6.268392262052112,117.0
pp_quantile_fixed,HOUSEHOLD_1_032_WI_1,475.23483308753026,406.58382644684303,68.65100664068724,0.0,0.8661773749694206,0.9230769230769231,0.07692307692307693,5.212613159574911,57.0
pp_quantile_fixed,HOUSEHOLD_1_033_TX_2,767.426358986203,696.4336050810006,70.99275390520243,0.0,0.9282901475705027,0.9230769230769231,0.07692307692307693,8.92863596257693,110.0
pp_quantile_fixed,HOUSEHOLD_1_034_WI_1,354.85579022057175,354.85579022057175,0.0,0.0,1.0,1.0,0.0,4.549433207956048,18.0
pp_quantile_fixed,HOUSEHOLD_1_043_CA_3,793.9210034328969,571.0331417044664,222.88786172843055,0.0,0.7248298003352709,0.8076923076923077,0.19230769230769232,7.320937714159825,90.0
pp_quantile_fixed,HOUSEHOLD_1_049_CA_1,1716.0,1716.0,0.0,0.0,1.0,1.0,0.0,22.0,0.0
pp_quantile_fixed,HOUSEHOLD_1_049_WI_1,390.0,390.0,0.0,0.0,1.0,1.0,0.0,5.0,0.0
pp_quantile_fixed,HOUSEHOLD_1_051_WI_1,1634.482103996604,1174.4582096811214,460.02389431548266,0.0,0.8063872498672211,0.782051282051282,0.21794871794871795,15.057156534373352,264.0
pp_quantile_fixed,HOUSEHOLD_1_058_CA_3,1262.389002207066,1062.0630560277536,200.32594617931238,0.0,0.9006319711412142,0.8717948717948718,0.1282051282051282,13.616193025996841,224.0
pp_quantile_fixed,HOUSEHOLD_1_068_TX_1,212.58785792449805,192.84588189761902,19.741976026879023,0.0,0.7562719009027281,0.9615384615384616,0.038461538461538464,2.472383101251526,9.0
pp_quantile_fixed,HOUSEHOLD_1_071_CA_1,2034.808811559126,1201.8129910998405,832.9958204592856,0.0,0.7370594001075488,0.7564102564102564,0.24358974358974358,15.407858860254365,352.0
pp_quantile_fixed,HOUSEHOLD_1_071_TX_2,1885.0373218771956,1088.9198626578093,796.1174592193863,0.0,0.7351571991951477,0.7564102564102564,0.24358974358974358,13.960511059715504,334.0
pp_quantile_fixed,HOUSEHOLD_1_079_WI_1,845.8619584178246,524.4478485258334,321.41410989199125,0.0,0.6782641542622709,0.8076923076923077,0.19230769230769232,6.723690365715813,111.0
pp_quantile_fixed,HOUSEHOLD_1_080_WI_1,320.15733428373164,288.7192617856521,31.438072498079517,0.0,0.8602752333418688,0.9615384615384616,0.038461538461538464,3.7015289972519505,25.0
pp_quantile_fixed,HOUSEHOLD_1_080_WI_2,349.7367066616113,349.7367066616113,0.0,0.0,1.0,1.0,0.0,4.48380393155912,45.0
pp_quantile_fixed,HOUSEHOLD_1_083_TX_1,3253.361739430383,1987.9921807524458,1265.3695586779368,0.0,0.7253972311896839,0.717948717948718,0.28205128205128205,25.487079240415973,512.0
pp_quantile_fixed,HOUSEHOLD_1_083_WI_3,4296.664304065338,2872.599627867944,1424.064676197394,0.0,0.7535367469371073,0.7564102564102564,0.24358974358974358,36.82820035728133,642.0
pp_quantile_fixed,HOUSEHOLD_1_088_TX_3,403.98174198357634,355.28831428431965,48.6934276992567,0.0,0.9141209388020164,0.9230769230769231,0.07692307692307693,4.554978388260508,63.0
pp_quantile_fixed,HOUSEHOLD_1_091_WI_3,220.59506097526886,192.6199934604352,27.97506751483366,0.0,0.7927772776678987,0.9358974358974359,0.0641025641025641,2.4694870956466053,15.0
pp_quantile_fixed,HOUSEHOLD_1_093_CA_2,754.9427478532414,552.452304100592,202.49044375264947,0.0,0.7750106180526117,0.8333333333333334,0.16666666666666666,7.082721847443486,100.0
pp_quantile_fixed,HOUSEHOLD_1_095_TX_2,183.08068387098453,173.27316085827619,9.807523012708344,0.0,0.9161750169853988,0.9743589743589743,0.02564102564102564,2.22145078023431,13.0
pp_quantile_fixed,HOUSEHOLD_1_095_TX_3,172.49272144272092,154.5679896705555,17.92473177216541,0.0,0.8467971643404665,0.9615384615384616,0.038461538461538464,1.98164089321225,13.0
pp_quantile_fixed,HOUSEHOLD_1_096_WI_2,4597.0769702695925,2806.8337675531357,1790.2432027164564,0.0,0.7603422754060968,0.7051282051282052,0.2948717948717949,35.985048301963275,830.0
pp_quantile_fixed,HOUSEHOLD_1_098_CA_4,200.43149689607796,182.38680485670636,18.0446920393716,0.0,0.8457718629113539,0.9615384615384616,0.038461538461538464,2.338292369957774,13.0
pp_quantile_fixed,HOUSEHOLD_1_102_WI_3,814.8914551978478,564.4102970553507,250.48115814249707,0.0,0.7244431703602892,0.8333333333333334,0.16666666666666666,7.236029449427574,101.0
pp_quantile_fixed,HOUSEHOLD_1_106_TX_3,3740.00827681689,2099.3874204203844,1640.6208563965056,0.0,0.7006712540783605,0.7051282051282052,0.2948717948717949,26.91522333872288,609.0
pp_quantile_fixed,HOUSEHOLD_1_119_TX_2,1102.7337967519707,934.7308191934628,168.00297755850784,0.0,0.8901941323147007,0.8846153846153846,0.11538461538461539,11.98372845119824,170.0
pp_quantile_fixed,HOUSEHOLD_1_120_CA_2,420.6798631573194,342.6411786130151,78.03868454430432,0.0,0.7522581443037958,0.8974358974358975,0.10256410256410256,4.3928356232437835,35.0
pp_quantile_fixed,HOUSEHOLD_1_127_WI_1,372.6073262040435,294.5154734357742,78.09185276826932,0.0,0.7520893562912084,0.8974358974358975,0.10256410256410256,3.7758394030227462,35.0
pp_quantile_fixed,HOUSEHOLD_1_128_WI_2,1331.3742255136367,969.1581970558443,362.2160284577925,0.0,0.7713282648625047,0.7948717948717948,0.20512820512820512,12.425105090459542,176.0
pp_quantile_fixed,HOUSEHOLD_1_131_CA_1,579.3699684211406,438.1352292079345,141.23473921320613,0.0,0.7146772945187755,0.8717948717948718,0.1282051282051282,5.617118323178648,55.0
pp_quantile_fixed,HOUSEHOLD_1_131_TX_1,584.2487687769064,446.7797487880816,137.46901998882493,0.0,0.7720248424729271,0.8717948717948718,0.1282051282051282,5.727945497283097,67.0
pp_quantile_fixed,HOUSEHOLD_1_136_WI_3,763.105922567901,672.7387210396794,90.36720152822159,0.0,0.9233526704595237,0.9358974358974359,0.0641025641025641,8.624855397944607,131.0
pp_quantile_fixed,HOUSEHOLD_1_145_CA_2,1410.2740386528626,1045.296194549767,364.97784410309566,0.0,0.8259523871706744,0.8205128205128205,0.1794871794871795,13.401233263458552,233.0
pp_quantile_fixed,HOUSEHOLD_1_155_WI_3,320.39037804552356,222.22331927541984,98.16705877010375,0.0,0.6791926183983538,0.8974358974358975,0.10256410256410256,2.849016913787434,34.0
pp_quantile_fixed,HOUSEHOLD_1_157_WI_1,362.52970348389175,362.52970348389175,0.0,0.0,1.0,1.0,0.0,4.647816711331946,23.0
pp_quantile_fixed,HOUSEHOLD_1_158_CA_3,607.0887680769056,478.2633262131242,128.82544186378146,0.0,0.8065684056099377,0.8846153846153846,0.11538461538461539,6.131581105296464,74.0
pp_quantile_fixed,HOUSEHOLD_1_160_WI_2,858.354505608127,642.9949317010152,215.3595739071119,0.0,0.8100885591648043,0.8076923076923077,0.19230769230769232,8.24352476539763,126.0
pp_quantile_fixed,HOUSEHOLD_1_161_CA_2,535.87524410341,416.391595939193,119.48364816421692,0.0,0.8156116540675664,0.8974358974358975,0.10256410256410256,5.338353794092218,72.0
pp_quantile_fixed,HOUSEHOLD_1_162_TX_1,734.6505775763446,675.2312558461942,59.4193217301504,0.0,0.8262592931866948,0.9487179487179487,0.05128205128205128,8.656810972387106,38.0
pp_quantile_fixed,HOUSEHOLD_1_163_CA_1,281.2333333843678,261.53376011193234,19.6995732724355,0.0,0.9005072056947703,0.9615384615384616,0.038461538461538464,3.352996924511953,22.0
pp_quantile_fixed,HOUSEHOLD_1_165_CA_1,325.0849197203459,256.8498916072937,68.23502811305218,0.0,0.8104582552415216,0.9230769230769231,0.07692307692307693,3.2929473282986375,40.0
pp_quantile_fixed,HOUSEHOLD_1_165_TX_1,676.4741902822028,595.3576511130592,81.11653916914359,0.0,0.8829487169276428,0.9230769230769231,0.07692307692307693,7.6327903988853745,77.0
pp_quantile_fixed,HOUSEHOLD_1_167_WI_1,436.5293137105954,376.76675781585413,59.76255589474127,0.0,0.7924911253654817,0.9230769230769231,0.07692307692307693,4.830343048921207,32.0
pp_quantile_fixed,HOUSEHOLD_1_175_TX_2,795.8727926160843,569.6096602271517,226.26313238893263,0.0,0.812385462364069,0.8717948717948718,0.1282051282051282,7.30268795163015,134.0
pp_quantile_fixed,HOUSEHOLD_1_175_WI_3,338.8106437242448,296.6304279431248,42.180215781120026,0.0,0.8579790714440403,0.9487179487179487,0.05128205128205128,3.802954204399036,33.0
pp_quantile_fixed,HOUSEHOLD_1_185_WI_3,559.6230602301632,341.66000432697786,217.96305590318534,0.0,0.7338668426090533,0.8461538461538461,0.15384615384615385,4.380256465730485,91.0
pp_quantile_fixed,HOUSEHOLD_1_186_WI_2,2490.375671644294,1464.056796339322,1026.3188753049717,0.0,0.7245521000255042,0.6923076923076923,0.3076923076923077,18.769958927427208,414.0
pp_quantile_fixed,HOUSEHOLD_1_188_TX_2,486.42111868564325,425.23372554825704,61.187393137386216,0.0,0.8692577069713969,0.9358974358974359,0.0641025641025641,5.451714430105859,52.0
pp_quantile_fixed,HOUSEHOLD_1_190_WI_3,430.19741621376124,405.38940716071244,24.808009053048796,0.0,0.9582356749948674,0.9487179487179487,0.05128205128205128,5.1973000918040055,66.0
pp_quantile_fixed,HOUSEHOLD_1_191_TX_3,1324.5364469344452,1322.7172856627842,1.8191612716608638,0.0,0.9976496624397146,0.9871794871794872,0.01282051282051282,16.957913918753643,86.0
pp_quantile_fixed,HOUSEHOLD_1_194_CA_1,382.0549429139903,382.0549429139903,0.0,0.0,1.0,1.0,0.0,4.8981402937691065,35.0
pp_quantile_fixed,HOUSEHOLD_1_195_CA_2,372.8966085750756,329.6593112331116,43.23729734196399,0.0,0.845027608093319,0.9615384615384616,0.038461538461538464,4.226401426065534,31.0
pp_quantile_fixed,HOUSEHOLD_1_201_TX_2,611.1694410348683,611.1694410348683,0.0,0.0,1.0,1.0,0.0,7.835505654293184,23.0
pp_quantile_fixed,HOUSEHOLD_1_205_WI_3,500.52252613440834,460.651975943544,39.87055019086431,0.0,0.9208917654943168,0.9487179487179487,0.05128205128205128,5.90579456337877,56.0
pp_quantile_fixed,HOUSEHOLD_1_206_CA_4,398.74981540010907,398.74981540010907,0.0,0.0,1.0,1.0,0.0,5.112177120514219,8.0
pp_quantile_fixed,HOUSEHOLD_1_207_TX_1,360.32694468920977,331.6432254254214,28.68371926378834,0.0,0.8861757172071891,0.9358974358974359,0.0641025641025641,4.251836223402838,28.0
pp_quantile_fixed,HOUSEHOLD_1_208_WI_3,1038.9185173544877,847.598806916011,191.31971043847662,0.0,0.863732399972595,0.8974358974358975,0.10256410256410256,10.86665137071809,156.0
pp_quantile_fixed,HOUSEHOLD_1_211_TX_2,390.28856552832286,314.6584475078446,75.63011802047826,0.0,0.8285031337404121,0.9358974358974359,0.0641025641025641,4.034082660356982,49.0
pp_quantile_fixed,HOUSEHOLD_1_212_WI_2,685.6551491486653,593.438857275902,92.21629187276318,0.0,0.8954463810966403,0.9230769230769231,0.07692307692307693,7.60819047789618,98.0
pp_quantile_fixed,HOUSEHOLD_1_216_TX_1,149.97749367773264,148.51920099975763,1.458292677975023,0.0,0.9819963866916663,0.9871794871794872,0.01282051282051282,1.904092320509713,9.0
pp_quantile_fixed,HOUSEHOLD_1_217_WI_3,686.0546114207468,545.6557724891259,140.39883893162096,0.0,0.8074090000937986,0.8974358974358975,0.10256410256410256,6.995586826783665,81.0
pp_quantile_fixed,HOUSEHOLD_1_218_CA_1,763.3699190274708,626.6182718926387,136.7516471348321,0.0,0.7946671964942461,0.8717948717948718,0.1282051282051282,8.033567588367163,74.0
pp_quantile_fixed,HOUSEHOLD_1_219_TX_3,379.63854169831035,276.71401259558996,102.92452910272038,0.0,0.7993673896633131,0.9102564102564102,0.08974358974358974,3.5476155460973073,57.0
pp_quantile_fixed,HOUSEHOLD_1_220_TX_3,753.3262812527632,605.931453085982,147.3948281667813,0.0,0.8511163351850694,0.8717948717948718,0.1282051282051282,7.768351962640795,110.0
pp_quantile_fixed,HOUSEHOLD_1_221_CA_2,573.1237655612915,399.41191794512224,173.71184761616925,0.0,0.7391713999757219,0.8333333333333334,0.16666666666666666,5.120665614681054,74.0
pp_quantile_fixed,HOUSEHOLD_1_224_WI_2,645.4863314570412,492.3324830425895,153.1538484144516,0.0,0.7381985497188861,0.8461538461538461,0.15384615384615385,6.311954910802429,65.0
pp_quantile_fixed,HOUSEHOLD_1_225_CA_4,613.1965131850931,490.5445291011219,122.6519840839712,0.0,0.7650345132490973,0.8717948717948718,0.1282051282051282,6.2890324243733575,58.0
pp_quantile_fixed,HOUSEHOLD_1_225_TX_2,1353.677679728123,997.247275105336,356.4304046227869,0.0,0.8039436718246497,0.8076923076923077,0.19230769230769232,12.785221475709436,202.0
pp_quantile_fixed,HOUSEHOLD_1_230_TX_3,370.83968275632725,329.74308800723907,41.09659474908819,0.0,0.7463173163636532,0.9487179487179487,0.05128205128205128,4.2274754872722955,18.0
pp_quantile_fixed,HOUSEHOLD_1_238_CA_3,1012.5332408161362,707.5950719902183,304.93816882591784,0.0,0.8188127339121106,0.7948717948717948,0.20512820512820512,9.071731692182286,187.0
pp_quantile_fixed,HOUSEHOLD_1_244_CA_3,960.0257613093154,640.6219497059398,319.40381160337563,0.0,0.7710366941911286,0.8205128205128205,0.1794871794871795,8.21310191930692,155.0
pp_quantile_fixed,HOUSEHOLD_1_246_CA_2,2566.229553573284,1872.5761204116632,693.653433161621,0.0,0.8467741477442852,0.8076923076923077,0.19230769230769232,24.007386159123886,503.0
pp_quantile_fixed,HOUSEHOLD_1_248_CA_4,291.5444560495219,237.07990977086547,54.46454627865641,0.0,0.8166176892974532,0.9102564102564102,0.08974358974358974,3.0394860227034033,33.0
pp_quantile_fixed,HOUSEHOLD_1_249_WI_3,351.65820318329895,316.2436555205892,35.41454766270977,0.0,0.9016262564924729,0.9487179487179487,0.05128205128205128,4.054405840007553,40.0
pp_quantile_fixed,HOUSEHOLD_1_264_TX_3,266.40129210424857,256.3081724214634,10.093119682785185,0.0,0.9512409677160135,0.9743589743589743,0.02564102564102564,3.286002210531582,23.0
pp_quantile_fixed,HOUSEHOLD_1_265_CA_3,418.64963084101237,333.2178983218514,85.43173251916097,0.0,0.8138742210911525,0.8846153846153846,0.11538461538461539,4.272024337459634,51.0
pp_quantile_fixed,HOUSEHOLD_1_272_CA_3,9466.499999999996,9037.199999999997,429.2999999999999,0.0,0.7435483870967743,0.9487179487179487,0.05128205128205128,115.86153846153843,186.0
pp_quantile_fixed,HOUSEHOLD_1_298_TX_3,636.3080657802398,577.6935541441868,58.614511636052995,0.0,0.8286125390758684,0.9487179487179487,0.05128205128205128,7.406327617233164,38.0
pp_quantile_fixed,HOUSEHOLD_1_304_CA_3,4386.810434250556,2325.040136588644,2061.7702976619116,0.0,0.7136430142136234,0.6794871794871795,0.32051282051282054,29.80820687934159,800.0
pp_quantile_fixed,HOUSEHOLD_1_304_CA_4,925.7414672115557,549.0435460016924,376.69792120986324,0.0,0.7209645028075087,0.717948717948718,0.28205128205128205,7.039019820534518,150.0
pp_quantile_fixed,HOUSEHOLD_1_309_TX_2,297.79558986818023,247.6486052455569,50.14698462262335,0.0,0.7214056409854258,0.9358974358974359,0.0641025641025641,3.174982118532781,20.0
pp_quantile_fixed,HOUSEHOLD_1_314_TX_3,474.5751279496238,404.1125644728699,70.46256347675387,0.0,0.8550153014881609,0.8974358974358975,0.10256410256410256,5.180930313754742,54.0
pp_quantile_fixed,HOUSEHOLD_1_317_CA_1,896.8437070896199,780.486864788772,116.35684230084794,0.0,0.8707146196657246,0.9102564102564102,0.08974358974358974,10.006241856266307,100.0
pp_quantile_fixed,HOUSEHOLD_1_317_TX_3,709.6534378939791,656.7830267239433,52.870411170035844,0.0,0.9067541249205717,0.9615384615384616,0.038461538461538464,8.42029521440953,63.0
pp_quantile_fixed,HOUSEHOLD_1_320_WI_3,367.07878263737854,280.08595642566456,86.99282621171398,0.0,0.6979415756537709,0.8974358974358975,0.10256410256410256,3.5908455952008276,32.0
pp_quantile_fixed,HOUSEHOLD_1_332_WI_3,108.83054482064519,73.70512654374197,35.12541827690322,0.0,0.21943514940215078,0.9615384615384616,0.038461538461538464,0.9449375197915637,5.0
pp_quantile_fixed,HOUSEHOLD_1_333_WI_2,380.70714568462756,263.8173254290364,116.88982025559116,0.0,0.7048236862232546,0.8717948717948718,0.1282051282051282,3.382273402936364,44.0
pp_quantile_fixed,HOUSEHOLD_1_338_WI_1,543.286372819876,434.15776499934776,109.1286078205282,0.0,0.8425272614422392,0.8717948717948718,0.1282051282051282,5.566125192299331,77.0
pp_quantile_fixed,HOUSEHOLD_1_342_TX_2,583.8589209796407,390.7917826613239,193.06713831831678,0.0,0.7061382978412226,0.8076923076923077,0.19230769230769232,5.010151059760563,73.0
pp_quantile_fixed,HOUSEHOLD_1_344_CA_1,476.4953423514353,441.4682751973956,35.02706715403969,0.0,0.9135134144344698,0.9615384615384616,0.038461538461538464,5.659849682017892,45.0
pp_quantile_fixed,HOUSEHOLD_1_344_TX_1,1722.3895362417666,1043.0875137432256,679.3020224985409,0.0,0.7360909003502172,0.7307692307692307,0.2692307692307692,13.372916842861867,286.0
pp_quantile_fixed,HOUSEHOLD_1_349_TX_2,764.4645771533129,669.8185044214237,94.64607273188928,0.0,0.8777182522843808,0.9102564102564102,0.08974358974358974,8.587416723351586,86.0
pp_quantile_fixed,HOUSEHOLD_1_361_WI_3,1176.8961929732147,950.1563806465931,226.7398123266217,0.0,0.8552108478118636,0.8717948717948718,0.1282051282051282,12.181492059571706,174.0
pp_quantile_fixed,HOUSEHOLD_1_368_TX_3,303.3808026843556,303.3808026843556,0.0,0.0,1.0,1.0,0.0,3.8894974703122513,4.0
pp_quantile_fixed,HOUSEHOLD_1_369_CA_1,1056.267334620238,587.5977370250921,468.66959759514594,0.0,0.7074471925123932,0.7435897435897436,0.2564102564102564,7.533304320834514,178.0
pp_quantile_fixed,HOUSEHOLD_1_371_CA_1,731.7434877695084,609.8520842644804,121.8914035050281,0.0,0.8832457820833064,0.8717948717948718,0.1282051282051282,7.818616464929235,116.0
pp_quantile_fixed,HOUSEHOLD_1_377_TX_1,245.8158179099525,212.8337345150371,32.982083394915406,0.0,0.784430827484213,0.9615384615384616,0.038461538461538464,2.728637621987655,17.0
pp_quantile_fixed,HOUSEHOLD_1_380_CA_1,500.3498625287616,376.6912309822659,123.65863154649574,0.0,0.7949276425431249,0.8717948717948718,0.1282051282051282,4.829374756182896,67.0
pp_quantile_fixed,HOUSEHOLD_1_384_CA_2,474.26582796889926,390.26107559558454,84.00475237331472,0.0,0.8564021326951885,0.9102564102564102,0.08974358974358974,5.003347123020315,65.0
pp_quantile_fixed,HOUSEHOLD_1_385_CA_3,2174.8895595035483,1560.8602791829387,614.0292803206096,0.0,0.808355405642756,0.8461538461538461,0.15384615384615385,20.011029220294088,356.0
pp_quantile_fixed,HOUSEHOLD_1_386_CA_2,833.8273700570786,381.14482190614706,452.68254815093155,0.0,0.5943704765672657,0.7435897435897436,0.2564102564102564,4.886472075719834,124.0
pp_quantile_fixed,HOUSEHOLD_1_389_CA_1,2519.328458032341,1984.3163676429856,535.0120903893555,0.0,0.8193137148296671,0.8333333333333334,0.16666666666666666,25.43995343132033,329.0
pp_quantile_fixed,HOUSEHOLD_1_390_WI_2,1145.708923137641,864.1447920958833,281.5641310417578,0.0,0.8092383936031451,0.7692307692307693,0.23076923076923078,11.078779385844658,164.0
pp_quantile_fixed,HOUSEHOLD_1_394_CA_3,700.5672569833494,562.7278755024671,137.83938148088228,0.0,0.8198178019857748,0.8589743589743589,0.14102564102564102,7.214459942339322,85.0
pp_quantile_fixed,HOUSEHOLD_1_395_CA_3,530.985722205101,417.3413307956083,113.6443914094927,0.0,0.8169977594050037,0.9102564102564102,0.08974358974358974,5.350529881994978,69.0
pp_quantile_fixed,HOUSEHOLD_1_396_TX_1,649.349300630691,478.8045802029163,170.54472042777468,0.0,0.8261521708177627,0.8717948717948718,0.1282051282051282,6.138520259011748,109.0
pp_quantile_fixed,HOUSEHOLD_1_397_WI_1,1126.1058774671856,632.3410964356272,493.76478103155836,0.0,0.6810305032095877,0.717948717948718,0.28205128205128205,8.106937133790092,172.0
pp_quantile_fixed,HOUSEHOLD_1_398_CA_4,316.13891074161126,246.9333341198941,69.20557662171714,0.0,0.7436830495491958,0.9102564102564102,0.08974358974358974,3.1658119758960783,30.0
pp_quantile_fixed,HOUSEHOLD_1_399_TX_3,3583.4401411386625,1826.7819106472211,1756.6582304914414,0.0,0.683142454817561,0.7051282051282052,0.2948717948717949,23.420280905733605,616.0
pp_quantile_fixed,HOUSEHOLD_1_401_CA_2,281.5831161054367,253.53988086014658,28.04323524529011,0.0,0.8583674987611611,0.9615384615384616,0.038461538461538464,3.2505112930788025,22.0
pp_quantile_fixed,HOUSEHOLD_1_402_TX_2,322.52834955255423,281.52776155113594,41.00058800141829,0.0,0.831273300405686,0.9615384615384616,0.038461538461538464,3.6093302762966144,27.0
pp_quantile_fixed,HOUSEHOLD_1_404_TX_2,533.3970641904758,470.751160484397,62.64590370607881,0.0,0.8839890672109652,0.9358974358974359,0.0641025641025641,6.0352712882615,60.0
pp_quantile_fixed,HOUSEHOLD_1_407_CA_4,326.88189503367033,247.6884756047354,79.19341942893494,0.0,0.7333554901382662,0.8846153846153846,0.11538461538461539,3.1754932769837874,33.0
pp_quantile_fixed,HOUSEHOLD_1_411_WI_3,901.8640274815436,805.7086328154543,96.15539466608942,0.0,0.9037483536875981,0.8974358974358975,0.10256410256410256,10.329597856608387,111.0
pp_quantile_fixed,HOUSEHOLD_1_415_CA_3,567.1760952249513,414.7250474354032,152.45104778954806,0.0,0.7267902369362937,0.8461538461538461,0.15384615384615385,5.316987787633375,62.0
pp_quantile_fixed,HOUSEHOLD_1_419_WI_2,257.3127516107024,256.23122241648997,1.0815291942123864,0.0,0.9919886726354638,0.9871794871794872,0.01282051282051282,3.2850156720062818,15.0
pp_quantile_fixed,HOUSEHOLD_1_421_WI_3,550.7387797360382,449.59167517301347,101.14710456302471,0.0,0.8322601914377699,0.8974358974358975,0.10256410256410256,5.763995835551455,67.0
pp_quantile_fixed,HOUSEHOLD_1_423_CA_4,319.50380399281414,311.4496857103056,8.054118282508545,0.0,0.9311613822007817,0.9871794871794872,0.01282051282051282,3.9929446885936613,13.0
pp_quantile_fixed,HOUSEHOLD_1_425_CA_4,669.3134133975018,456.1775459983863,213.1358673991155,0.0,0.711198011654315,0.8205128205128205,0.1794871794871795,5.848430076902388,82.0
pp_quantile_fixed,HOUSEHOLD_1_431_TX_2,1503.8450154615593,942.2954505221204,561.549564939439,0.0,0.689580118883671,0.7307692307692307,0.2692307692307692,12.080710904129749,201.0
pp_quantile_fixed,HOUSEHOLD_1_433_WI_1,232.80649655803367,222.76844419786812,10.038052360165562,0.0,0.9256440565913662,0.9743589743589743,0.02564102564102564,2.856005694844463,15.0
pp_quantile_fixed,HOUSEHOLD_1_437_WI_1,1202.3199817436443,761.2749180631052,441.0450636805391,0.0,0.7831636855061264,0.782051282051282,0.21794871794871795,9.759934846962889,226.0
pp_quantile_fixed,HOUSEHOLD_1_439_WI_3,1292.699704994573,1159.0933677462701,133.60633724830285,0.0,0.8485188920087269,0.9487179487179487,0.05128205128205128,14.860171381362438,98.0
pp_quantile_fixed,HOUSEHOLD_1_442_CA_4,359.31567379265215,263.84774746997124,95.46792632268091,0.0,0.8139026777335655,0.8846153846153846,0.11538461538461539,3.3826634291021955,57.0
pp_quantile_fixed,HOUSEHOLD_1_445_TX_3,1233.911076767677,656.4859889701285,577.4250877975487,0.0,0.6494079612643906,0.7564102564102564,0.24358974358974358,8.41648703807857,183.0
pp_quantile_fixed,HOUSEHOLD_1_448_CA_4,993.2371389599034,765.3833771132452,227.85376184665822,0.0,0.7990707567489788,0.8461538461538461,0.15384615384615385,9.812607398887758,126.0
pp_quantile_fixed,HOUSEHOLD_1_450_TX_2,726.2597494492222,539.0509380677171,187.2088113815051,0.0,0.7150550816111033,0.8333333333333334,0.16666666666666666,6.91090946240663,73.0
pp_quantile_fixed,HOUSEHOLD_1_458_CA_2,1008.8883477457499,664.7814634286104,344.1068843171395,0.0,0.756470711735924,0.7692307692307693,0.23076923076923078,8.522839274725774,157.0
pp_quantile_fixed,HOUSEHOLD_1_459_WI_2,15694.805434202754,9851.337893425602,5843.467540777152,0.0,0.7245336566833003,0.7051282051282052,0.2948717948717949,126.29920376186669,2357.0
pp_quantile_fixed,HOUSEHOLD_1_462_WI_1,1717.4036332284202,1566.5499682643701,150.85366496405,0.0,0.7980539960320616,0.9487179487179487,0.05128205128205128,20.08397395210731,83.0
pp_quantile_fixed,HOUSEHOLD_1_467_CA_1,438.4077499988908,347.02974865937966,91.37800133951112,0.0,0.8249463575871434,0.9102564102564102,0.08974358974358974,4.449099341786919,58.0
pp_quantile_fixed,HOUSEHOLD_1_473_WI_2,3509.45329825759,2151.2722237702183,1358.181074487372,0.0,0.7433520267408594,0.7307692307692307,0.2692307692307692,27.58041312525921,588.0
pp_quantile_fixed,HOUSEHOLD_1_474_TX_2,5881.761863986496,3607.0059483323917,2274.7559156541047,0.0,0.7188535513961062,0.7564102564102564,0.24358974358974358,46.243666004261435,899.0
pp_quantile_fixed,HOUSEHOLD_1_481_CA_1,936.0949031718856,603.0126226504707,333.08228052141493,0.0,0.7298602753273196,0.782051282051282,0.21794871794871795,7.730931059621419,137.0
pp_quantile_fixed,HOUSEHOLD_1_482_WI_1,548.6701289691939,382.7759253789932,165.89420359020073,0.0,0.7119892298781237,0.8333333333333334,0.16666666666666666,4.907383658705041,64.0
pp_quantile_fixed,HOUSEHOLD_1_491_TX_1,529.7027318023077,364.32210768368935,165.38062411861824,0.0,0.7336865956221928,0.8717948717948718,0.1282051282051282,4.670796252354991,69.0
pp_quantile_fixed,HOUSEHOLD_1_491_WI_3,361.8044962074966,327.41109672070195,34.393399486794614,0.0,0.9235702233626788,0.9615384615384616,0.038461538461538464,4.197578163085923,50.0
pp_quantile_fixed,HOUSEHOLD_1_492_WI_2,378.62127815665195,328.987235841565,49.63404231508695,0.0,0.5757774161103679,0.9358974358974359,0.0641025641025641,4.217785074891859,13.0
pp_quantile_fixed,HOUSEHOLD_1_494_CA_2,1320.0189455410423,874.5355791534126,445.4833663876296,0.0,0.7739810419139372,0.7948717948717948,0.20512820512820512,11.21199460453093,219.0
pp_quantile_fixed,HOUSEHOLD_1_494_TX_1,1557.2650356123486,895.5415024254078,661.7235331869408,0.0,0.7429201502770237,0.7307692307692307,0.2692307692307692,11.481301313146254,286.0
pp_quantile_fixed,HOUSEHOLD_1_500_TX_3,132.578491094322,119.19749667618464,13.380994418137371,0.0,0.7522038070715302,0.9743589743589743,0.02564102564102564,1.5281730343100595,6.0
pp_quantile_fixed,HOUSEHOLD_1_501_TX_3,252.62879229489204,252.62879229489204,0.0,0.0,1.0,1.0,0.0,3.2388306704473337,7.0
pp_quantile_fixed,HOUSEHOLD_1_503_WI_1,615.4169620483688,434.08085865604386,181.3361033923249,0.0,0.7785883963463675,0.8717948717948718,0.1282051282051282,5.565139213539024,91.0
pp_quantile_fixed,HOUSEHOLD_1_504_CA_3,483.02260323170407,472.74641044405263,10.276192787651425,0.0,0.964318775042877,0.9743589743589743,0.02564102564102564,6.060851415949393,32.0
pp_quantile_fixed,HOUSEHOLD_1_504_WI_3,382.6412592013141,373.68644241766356,8.954816783650518,0.0,0.8578600510531664,0.9871794871794872,0.01282051282051282,4.790851825867482,7.0
pp_quantile_fixed,HOUSEHOLD_1_507_WI_3,767.0,767.0,0.0,0.0,1.0,1.0,0.0,9.833333333333334,11.0
pp_quantile_fixed,HOUSEHOLD_1_510_CA_4,921.8189373931084,638.3210374911168,283.49789990199156,0.0,0.7396713499522576,0.8205128205128205,0.1794871794871795,8.183603044757907,121.0
pp_quantile_fixed,HOUSEHOLD_1_510_TX_1,581.3588484789594,524.5869792230038,56.77186925595562,0.0,0.9191283913732826,0.9487179487179487,0.05128205128205128,6.725474092602613,78.0
pp_quantile_fixed,HOUSEHOLD_1_520_CA_1,511.07410559748786,429.0917076384274,81.98239795906046,0.0,0.8373365119859911,0.8717948717948718,0.1282051282051282,5.501175738954197,56.0
pp_quantile_fixed,HOUSEHOLD_1_521_CA_2,2810.6546622436153,1191.951123043348,1618.7035392002672,0.0,0.5676539692306979,0.6923076923076923,0.3076923076923077,15.281424654401897,416.0
pp_quantile_fixed,HOUSEHOLD_1_521_TX_3,5078.698082232595,4085.8262251317688,992.871857100826,0.0,0.8705174938574823,0.8076923076923077,0.19230769230769232,52.382387501689344,852.0
pp_quantile_fixed,HOUSEHOLD_1_527_WI_2,728.1026039853193,450.0418674827495,278.06073650256974,0.0,0.5172556657941498,0.7948717948717948,0.20512820512820512,5.769767531830122,64.0
pp_quantile_fixed,HOUSEHOLD_1_529_CA_2,752.3863589117589,456.30914735381407,296.07721155794485,0.0,0.6537108636749183,0.8589743589743589,0.14102564102564102,5.850117273766847,95.0
pp_quantile_fixed,HOUSEHOLD_1_531_TX_1,391.4448465051822,338.00090427387596,53.44394223130629,0.0,0.8939604320807415,0.9487179487179487,0.05128205128205128,4.333344926588153,56.0
pp_quantile_fixed,HOUSEHOLD_1_533_WI_1,392.20877318158387,336.99673324615543,55.21203993542841,0.0,0.8427007409247054,0.9230769230769231,0.07692307692307693,4.3204709390532745,39.0
pp_quantile_fixed,HOUSEHOLD_1_534_CA_2,673.0650645386987,655.7045427617657,17.360521776933048,0.0,0.9707735323620656,0.9743589743589743,0.02564102564102564,8.406468496945713,66.0
pp_quantile_fixed,HOUSEHOLD_1_534_CA_4,407.9528738087369,312.9805948766341,94.97227893210282,0.0,0.7655005458466596,0.8846153846153846,0.11538461538461539,4.012571729187616,45.0
pp_quantile_fixed,HOUSEHOLD_1_534_TX_1,401.2939867736848,306.23243335988406,95.06155341380077,0.0,0.714529869628226,0.8974358974358975,0.10256410256410256,3.9260568379472316,37.0
pp_quantile_fixed,HOUSEHOLD_1_537_CA_3,1219.1072602543059,1036.0322891579954,183.07497109631038,0.0,0.8912210510420021,0.8717948717948718,0.1282051282051282,13.282465245615326,187.0
pp_quantile_fixed,HOUSEHOLD_1_537_TX_1,724.3213353650135,585.2090083373561,139.11232702765741,0.0,0.8555427549037826,0.8717948717948718,0.1282051282051282,7.502679594068668,107.0
pp_quantile_fixed,HOUSEHOLD_1_541_CA_2,976.6753016023662,825.7732219255214,150.90207967684478,0.0,0.9126724075944185,0.9102564102564102,0.08974358974358974,10.586836178532325,192.0
pp_quantile_fixed,HOUSEHOLD_2_001_WI_2,165.24010467528103,149.89841812884328,15.341686546437758,0.0,0.8105964623896573,0.9615384615384616,0.038461538461538464,1.9217745913954265,9.0
pp_quantile_fixed,HOUSEHOLD_2_004_CA_4,235.92644954121639,234.0869064035864,1.8395431376300007,0.0,0.9659343863401851,0.9871794871794872,0.01282051282051282,3.0011141846613643,6.0
pp_quantile_fixed,HOUSEHOLD_2_008_WI_2,375.4257761904801,375.4257761904801,0.0,0.0,1.0,1.0,0.0,4.813150976801027,0.0
pp_quantile_fixed,HOUSEHOLD_2_009_CA_1,357.0833596475886,271.07874903844345,86.00461060914515,0.0,0.7549726193471649,0.8846153846153846,0.11538461538461539,3.4753685774159417,39.0
pp_quantile_fixed,HOUSEHOLD_2_010_CA_3,263.9786210727262,248.36992564869138,15.608695424034796,0.0,0.9211682049291171,0.9743589743589743,0.02564102564102564,3.184229816008864,22.0
pp_quantile_fixed,HOUSEHOLD_2_013_WI_3,146.71019996993363,132.90756399279098,13.802635977142653,0.0,0.8466373780317482,0.9743589743589743,0.02564102564102564,1.7039431281127049,10.0
pp_quantile_fixed,HOUSEHOLD_2_015_CA_1,493.6983916685428,426.84865209430484,66.84973957423796,0.0,0.8514450231683601,0.9487179487179487,0.05128205128205128,5.472418616593652,50.0
pp_quantile_fixed,HOUSEHOLD_2_017_CA_1,291.7737094512388,253.9328866975341,37.84082275370469,0.0,0.8550160047750779,0.9743589743589743,0.02564102564102564,3.2555498294555654,29.0
pp_quantile_fixed,HOUSEHOLD_2_021_CA_2,504.44279748320815,496.80728651361517,7.635510969592968,0.0,0.9726325771699177,0.9871794871794872,0.01282051282051282,6.36932418607199,31.0
pp_quantile_fixed,HOUSEHOLD_2_029_WI_2,318.7162225880991,301.26623944553637,17.449983142562694,0.0,0.9587470847693553,0.9743589743589743,0.02564102564102564,3.862387685199184,47.0
pp_quantile_fixed,HOUSEHOLD_2_032_WI_2,204.71139705219338,204.71139705219338,0.0,0.0,1.0,1.0,0.0,2.6245050904127356,7.0
pp_quantile_fixed,HOUSEHOLD_2_034_CA_2,214.66006570988475,158.2861442603562,56.37392144952855,0.0,0.6520128305584657,0.9487179487179487,0.05128205128205128,2.0293095417994382,18.0
pp_quantile_fixed,HOUSEHOLD_2_034_CA_3,274.64076774307694,261.70121664331964,12.939551099757322,0.0,0.897305150001926,0.9743589743589743,0.02564102564102564,3.3551438031194825,14.0
pp_quantile_fixed,HOUSEHOLD_2_038_TX_1,187.82731211164852,183.99908093671493,3.82823117493359,0.0,0.9613309982329941,0.9871794871794872,0.01282051282051282,2.35896257611173,11.0
pp_quantile_fixed,HOUSEHOLD_2_042_WI_2,354.25241337939303,354.25241337939303,0.0,0.0,1.0,1.0,0.0,4.541697607428116,2.0
pp_quantile_fixed,HOUSEHOLD_2_043_TX_2,161.7216368157894,111.52536101097078,50.1962758048186,0.0,0.6719197659815778,0.9230769230769231,0.07692307692307693,1.4298123206534716,17.0
pp_quantile_fixed,HOUSEHOLD_2_045_CA_4,242.57753802917637,168.1705258369887,74.40701219218768,0.0,0.5648712737298967,0.8846153846153846,0.11538461538461539,2.1560323825254963,19.0
pp_quantile_fixed,HOUSEHOLD_2_047_TX_2,560.4552632163967,533.3169543016062,27.138308914790557,0.0,0.9246158085700262,0.9615384615384616,0.038461538461538464,6.837396850020592,40.0
pp_quantile_fixed,HOUSEHOLD_2_057_WI_3,185.67594631565743,153.86206774384445,31.813878571812992,0.0,0.7054270502609908,0.9487179487179487,0.05128205128205128,1.9725906121005699,12.0
pp_quantile_fixed,HOUSEHOLD_2_058_TX_2,330.2575563125426,296.512855651127,33.7447006614156,0.0,0.9147861094408699,0.9358974358974359,0.0641025641025641,3.8014468673221407,44.0
pp_quantile_fixed,HOUSEHOLD_2_063_TX_2,174.29058240826618,170.81412943625992,3.4764529720062582,0.0,0.9678106206295717,0.9871794871794872,0.01282051282051282,2.1899247363623067,12.0
pp_quantile_fixed,HOUSEHOLD_2_067_CA_2,900.0492207807956,634.7222702081847,265.32695057261094,0.0,0.7270298862421698,0.8076923076923077,0.19230769230769232,8.137465002669034,108.0
pp_quantile_fixed,HOUSEHOLD_2_073_WI_3,149.80635760557004,143.2095532312004,6.596804374369642,0.0,0.7556739120603836,0.9871794871794872,0.01282051282051282,1.836019913220518,3.0
pp_quantile_fixed,HOUSEHOLD_2_075_CA_4,460.5856431888334,376.32866753498297,84.25697565385045,0.0,0.7536345741115484,0.8974358974358975,0.10256410256410256,4.824726506858756,38.0
pp_quantile_fixed,HOUSEHOLD_2_075_WI_3,447.40538238907664,431.17574874555487,16.229633643521762,0.0,0.9512623614308656,0.9871794871794872,0.01282051282051282,5.527894214686601,37.0
pp_quantile_fixed,HOUSEHOLD_2_077_CA_3,200.67876835554083,174.18440868161335,26.494359673927487,0.0,0.6729091398280558,0.9743589743589743,0.02564102564102564,2.2331334446360684,9.0
pp_quantile_fixed,HOUSEHOLD_2_079_TX_1,231.08980269279485,213.29895197965948,17.790850713135377,0.0,0.8588027721179732,0.9615384615384616,0.038461538461538464,2.734601948457173,14.0
pp_quantile_fixed,HOUSEHOLD_2_087_CA_3,271.2904922132748,271.2904922132748,0.0,0.0,1.0,1.0,0.0,3.4780832335035226,7.0
pp_quantile_fixed,HOUSEHOLD_2_089_TX_2,507.8219335660866,394.72135617149087,113.10057739459572,0.0,0.7795310382171623,0.8974358974358975,0.10256410256410256,5.060530207326806,57.0
pp_quantile_fixed,HOUSEHOLD_2_095_CA_2,408.1229402409265,368.36393158699957,39.759008653926934,0.0,0.8895583092946474,0.9487179487179487,0.05128205128205128,4.722614507525636,40.0
pp_quantile_fixed,HOUSEHOLD_2_095_TX_3,256.0678113742283,229.08891867841032,26.97889269581801,0.0,0.8800938102408088,0.9743589743589743,0.02564102564102564,2.9370374189539783,25.0
pp_quantile_fixed,HOUSEHOLD_2_110_CA_1,1092.1522791761531,724.4208921788276,367.73138699732556,0.0,0.7553350718580668,0.8076923076923077,0.19230769230769232,9.287447335625995,167.0
pp_quantile_fixed,HOUSEHOLD_2_120_TX_2,335.9958896380281,331.52339475331763,4.472494884710468,0.0,0.9858016035406015,0.9871794871794872,0.01282051282051282,4.250299932734841,35.0
pp_quantile_fixed,HOUSEHOLD_2_123_TX_1,393.86352774514614,319.2934059793292,74.57012176581694,0.0,0.8027245455930769,0.8974358974358975,0.10256410256410256,4.093505204863194,42.0
pp_quantile_fixed,HOUSEHOLD_2_129_CA_2,257.80220308576713,223.75405516960242,34.04814791616472,0.0,0.7297766038399625,0.9487179487179487,0.05128205128205128,2.8686417329436207,14.0
pp_quantile_fixed,HOUSEHOLD_2_138_CA_3,180.4090944237717,180.4090944237717,0.0,0.0,1.0,1.0,0.0,2.3129371079970733,4.0
pp_quantile_fixed,HOUSEHOLD_2_139_TX_2,376.49966926029913,252.03099667164787,124.46867258865127,0.0,0.7057478189393587,0.8589743589743589,0.14102564102564102,3.2311666239954855,47.0
pp_quantile_fixed,HOUSEHOLD_2_143_CA_1,269.61465806211356,217.13224716927812,52.48241089283543,0.0,0.7349373187230533,0.9358974358974359,0.0641025641025641,2.7837467585804885,22.0
pp_quantile_fixed,HOUSEHOLD_2_146_WI_1,520.8498315310028,352.0923686889514,168.75746284205132,0.0,0.5833149065628362,0.8333333333333334,0.16666666666666666,4.514004726781429,45.0
pp_quantile_fixed,HOUSEHOLD_2_147_CA_3,193.36325710337292,193.36325710337292,0.0,0.0,1.0,1.0,0.0,2.4790161167099094,5.0
pp_quantile_fixed,HOUSEHOLD_2_149_TX_1,174.65017595584735,174.65017595584735,0.0,0.0,1.0,1.0,0.0,2.239104819946761,6.0
pp_quantile_fixed,HOUSEHOLD_2_150_CA_2,345.7939495825467,250.62957009796375,95.16437948458298,0.0,0.6795812138566231,0.8974358974358975,0.10256410256410256,3.2131996166405608,33.0
pp_quantile_fixed,HOUSEHOLD_2_158_TX_3,238.93498865599497,238.93498865599497,0.0,0.0,1.0,1.0,0.0,3.063269085333269,0.0
pp_quantile_fixed,HOUSEHOLD_2_159_CA_2,481.96258852261485,445.0988915518459,36.863696970768935,0.0,0.9109572536937948,0.9743589743589743,0.02564102564102564,5.7063960455364855,46.0
pp_quantile_fixed,HOUSEHOLD_2_160_WI_1,359.7202976180639,309.8916557876877,49.82864183037623,0.0,0.8649630302699831,0.9358974358974359,0.0641025641025641,3.9729699459959957,41.0
pp_quantile_fixed,HOUSEHOLD_2_164_CA_1,413.0,368.0,45.0,0.0,0.5833333333333334,0.9358974358974359,0.0641025641025641,4.717948717948718,12.0
pp_quantile_fixed,HOUSEHOLD_2_176_TX_2,2040.0735624565036,1133.7014527126084,906.3721097438952,0.0,0.5768570916228314,0.6666666666666666,0.3333333333333333,14.534634009136006,238.0
pp_quantile_fixed,HOUSEHOLD_2_179_CA_1,306.07822065922755,305.42839927908034,0.649821380147225,0.0,0.9974213437295746,0.9871794871794872,0.01282051282051282,3.915748708706158,28.0
pp_quantile_fixed,HOUSEHOLD_2_184_WI_3,438.34392335941465,320.1239250056976,118.21999835371707,0.0,0.7144444484209732,0.8846153846153846,0.11538461538461539,4.10415288468843,46.0
pp_quantile_fixed,HOUSEHOLD_2_190_WI_1,506.5301746262661,441.85920585036365,64.67096877590242,0.0,0.8366894727881252,0.9487179487179487,0.05128205128205128,5.664861613466201,44.0
pp_quantile_fixed,HOUSEHOLD_2_193_TX_1,397.65458891577373,354.3885724489743,43.26601646679942,0.0,0.7814847653191948,0.9487179487179487,0.05128205128205128,4.543443236525311,22.0
pp_quantile_fixed,HOUSEHOLD_2_203_CA_1,738.5244433723936,368.95960690403206,369.5648364683616,0.0,0.4374964437315653,0.7564102564102564,0.24358974358974358,4.730251370564513,73.0
pp_quantile_fixed,HOUSEHOLD_2_207_WI_3,173.56212026276373,173.56212026276373,0.0,0.0,1.0,1.0,0.0,2.22515538798415,3.0
pp_quantile_fixed,HOUSEHOLD_2_208_CA_3,163.7148672116744,148.88566816813062,14.829199043543777,0.0,0.816923468598225,0.9743589743589743,0.02564102564102564,1.9087906175401361,9.0
pp_quantile_fixed,HOUSEHOLD_2_217_TX_1,714.2677308403466,472.40371375205626,241.86401708829038,0.0,0.7078936991687313,0.8333333333333334,0.16666666666666666,6.056457868616106,92.0
pp_quantile_fixed,HOUSEHOLD_2_218_CA_1,204.0,177.0,27.0,0.0,0.5,0.9743589743589743,0.02564102564102564,2.269230769230769,6.0
pp_quantile_fixed,HOUSEHOLD_2_224_TX_1,118.26259788570502,104.05039154281985,14.212206342885171,0.0,0.7368109936502746,0.9743589743589743,0.02564102564102564,1.3339793787541008,6.0
pp_quantile_fixed,HOUSEHOLD_2_226_TX_3,344.0777458030508,320.61122345352084,23.46652234952998,0.0,0.9068788795653572,0.9743589743589743,0.02564102564102564,4.110400300686164,28.0
pp_quantile_fixed,HOUSEHOLD_2_226_WI_1,368.9980972766549,244.70989817361166,124.28819910304325,0.0,0.6459025666579965,0.8333333333333334,0.16666666666666666,3.1373063868411752,39.0
pp_quantile_fixed,HOUSEHOLD_2_234_WI_3,253.5134703993062,239.22469102502524,14.288779374280951,0.0,0.8235953163669019,0.9743589743589743,0.02564102564102564,3.0669832182695544,9.0
pp_quantile_fixed,HOUSEHOLD_2_237_CA_2,191.71150497787045,180.73925638496294,10.972248592907505,0.0,0.8984051056212268,0.9743589743589743,0.02564102564102564,2.317169953653371,12.0
pp_quantile_fixed,HOUSEHOLD_2_238_CA_1,364.8711884503555,291.0582339544516,73.81295449590385,0.0,0.7266186870522079,0.8974358974358975,0.10256410256410256,3.731515819928867,30.0
pp_quantile_fixed,HOUSEHOLD_2_241_CA_2,280.76823389628066,251.07515478833656,29.693079107944108,0.0,0.8167093882225672,0.9615384615384616,0.038461538461538464,3.2189122408761097,18.0
pp_quantile_fixed,HOUSEHOLD_2_249_WI_1,356.0,356.0,0.0,0.0,1.0,1.0,0.0,4.564102564102564,7.0
pp_quantile_fixed,HOUSEHOLD_2_257_TX_1,291.84747825059543,231.83142434169562,60.01605390889983,0.0,0.8197716098831836,0.9102564102564102,0.08974358974358974,2.9721977479704567,37.0
pp_quantile_fixed,HOUSEHOLD_2_259_CA_2,656.932504526904,515.450657253365,141.48184727353913,0.0,0.7192820490604382,0.8846153846153846,0.11538461538461539,6.608341759658525,56.0
pp_quantile_fixed,HOUSEHOLD_2_259_TX_3,211.33873940142436,201.64559869531053,9.693140706113848,0.0,0.9102486971656125,0.9743589743589743,0.02564102564102564,2.585199983273212,12.0
pp_quantile_fixed,HOUSEHOLD_2_260_WI_1,227.23646867981856,215.05337497279206,12.183093707026499,0.0,0.9153951825900938,0.9743589743589743,0.02564102564102564,2.7570945509332314,16.0
pp_quantile_fixed,HOUSEHOLD_2_263_TX_2,377.3724712883247,292.92990142467,84.44256986365467,0.0,0.5735223744259865,0.9230769230769231,0.07692307692307693,3.7555115567265385,22.0
pp_quantile_fixed,HOUSEHOLD_2_263_TX_3,249.86289384486386,241.94650866247397,7.9163851823898925,0.0,0.8534002744001872,0.9871794871794872,0.01282051282051282,3.1018783161855636,6.0
pp_quantile_fixed,HOUSEHOLD_2_264_WI_3,285.7080680283676,242.60380382473662,43.10426420363099,0.0,0.859136391491402,0.9487179487179487,0.05128205128205128,3.110305177240213,34.0
pp_quantile_fixed,HOUSEHOLD_2_265_WI_1,313.73387180573707,235.96250086355337,77.77137094218367,0.0,0.667643713922292,0.9487179487179487,0.05128205128205128,3.0251602674814535,26.0
pp_quantile_fixed,HOUSEHOLD_2_275_CA_2,506.1121905662378,410.4432608787594,95.66892968747837,0.0,0.7785441442419483,0.8846153846153846,0.11538461538461539,5.262093088189223,48.0
pp_quantile_fixed,HOUSEHOLD_2_280_TX_2,311.060822404463,293.4878890132316,17.572933391231427,0.0,0.9349150615139578,0.9871794871794872,0.01282051282051282,3.7626652437593795,30.0
pp_quantile_fixed,HOUSEHOLD_2_280_WI_3,235.86347097078573,235.86347097078573,0.0,0.0,1.0,1.0,0.0,3.0238906534716117,16.0
pp_quantile_fixed,HOUSEHOLD_2_288_TX_3,248.9954137509981,248.9954137509981,0.0,0.0,1.0,1.0,0.0,3.192248894243565,13.0
pp_quantile_fixed,HOUSEHOLD_2_294_CA_1,1021.5026419957269,969.1645965016185,52.33804549410843,0.0,0.9480773358193367,0.9615384615384616,0.038461538461538464,12.425187134636134,112.0
pp_quantile_fixed,HOUSEHOLD_2_294_WI_3,745.7153524023963,527.6976292203321,218.0177231820642,0.0,0.77570193088265,0.7948717948717948,0.20512820512820512,6.765354220773489,108.0
pp_quantile_fixed,HOUSEHOLD_2_307_TX_1,159.79805537463574,159.79805537463574,0.0,0.0,1.0,1.0,0.0,2.048693017623535,3.0
pp_quantile_fixed,HOUSEHOLD_2_308_WI_3,257.78320697579545,182.7269610996401,75.05624587615537,0.0,0.5094363014630368,0.9102564102564102,0.08974358974358974,2.3426533474312836,17.0
pp_quantile_fixed,HOUSEHOLD_2_311_TX_2,376.277325367488,326.04401187386185,50.23331349362616,0.0,0.8568851467418057,0.9358974358974359,0.0641025641025641,4.18005143428028,39.0
pp_quantile_fixed,HOUSEHOLD_2_314_TX_1,299.959086919283,259.8806509625179,40.07843595676505,0.0,0.7773420224624165,0.9487179487179487,0.05128205128205128,3.3318032174681784,20.0
pp_quantile_fixed,HOUSEHOLD_2_316_CA_4,163.6804821768255,146.54566042205582,17.134821754769682,0.0,0.8942294953409279,0.9871794871794872,0.01282051282051282,1.8787905182314848,18.0
pp_quantile_fixed,HOUSEHOLD_2_326_TX_2,200.8657708329608,182.1116158974386,18.7541549355222,0.0,0.8610803338109466,0.9615384615384616,0.038461538461538464,2.334764306377418,15.0
pp_quantile_fixed,HOUSEHOLD_2_330_CA_2,282.86440626908086,281.99373964199333,0.8706666270875392,0.0,0.9939537039785588,0.9871794871794872,0.01282051282051282,3.61530435438453,16.0
pp_quantile_fixed,HOUSEHOLD_2_333_WI_2,308.08148040597075,308.08148040597075,0.0,0.0,1.0,1.0,0.0,3.9497625693073175,17.0
pp_quantile_fixed,HOUSEHOLD_2_337_CA_2,226.99542767583756,190.11451596117243,36.880911714665125,0.0,0.8423892661766448,0.9487179487179487,0.05128205128205128,2.4373655892458004,26.0
pp_quantile_fixed,HOUSEHOLD_2_338_WI_3,402.6565814578963,373.29265985330926,29.363921604587084,0.0,0.7033947312667972,0.9615384615384616,0.038461538461538464,4.785803331452683,11.0
pp_quantile_fixed,HOUSEHOLD_2_342_CA_1,414.6219411940617,318.0073715532297,96.61456964083204,0.0,0.7666314742975071,0.8589743589743589,0.14102564102564102,4.077017584015765,46.0
pp_quantile_fixed,HOUSEHOLD_2_345_CA_1,411.18575824823955,349.15855407760336,62.02720417063621,0.0,0.8277022106371217,0.9358974358974359,0.0641025641025641,4.476391718943633,40.0
pp_quantile_fixed,HOUSEHOLD_2_346_TX_3,531.7787951375763,365.32110849021774,166.45768664735854,0.0,0.784938389344498,0.8974358974358975,0.10256410256410256,4.683603955002791,86.0
pp_quantile_fixed,HOUSEHOLD_2_348_TX_1,523.3622428031612,374.70509462260145,148.6571481805597,0.0,0.7570961631036606,0.8589743589743589,0.14102564102564102,4.803911469520531,68.0
pp_quantile_fixed,HOUSEHOLD_2_354_TX_1,322.0602950390049,277.65820424478676,44.402090794218175,0.0,0.7757470161908173,0.9358974358974359,0.0641025641025641,3.559720567240856,22.0
pp_quantile_fixed,HOUSEHOLD_2_354_TX_2,830.7744972024808,646.4900618447756,184.2844353577052,0.0,0.5904790325384329,0.8717948717948718,0.1282051282051282,8.288334126215071,50.0
pp_quantile_fixed,HOUSEHOLD_2_355_CA_3,285.0157821229217,263.64903746751645,21.36674465540523,0.0,0.9181350779486389,0.9615384615384616,0.038461538461538464,3.3801158649681597,29.0
pp_quantile_fixed,HOUSEHOLD_2_355_TX_2,217.7550951876275,211.66812088538836,6.086974302239126,0.0,0.9677937867606394,0.9871794871794872,0.01282051282051282,2.713693857504979,21.0
pp_quantile_fixed,HOUSEHOLD_2_358_CA_4,147.66744714852243,147.66744714852243,0.0,0.0,1.0,1.0,0.0,1.8931723993400311,1.0
pp_quantile_fixed,HOUSEHOLD_2_358_WI_2,196.82915145544655,185.52413823109822,11.305013224348325,0.0,0.9214929637198033,0.9743589743589743,0.02564102564102564,2.3785145927063875,16.0
pp_quantile_fixed,HOUSEHOLD_2_370_TX_2,219.12180976328963,192.53034505488986,26.59146470839976,0.0,0.8715388178338176,0.9743589743589743,0.02564102564102564,2.4683377571139724,23.0
pp_quantile_fixed,HOUSEHOLD_2_373_WI_3,193.81060579239684,193.81060579239684,0.0,0.0,1.0,1.0,0.0,2.48475135631278,10.0
pp_quantile_fixed,HOUSEHOLD_2_382_TX_3,358.87018495579724,342.704582409225,16.165602546572224,0.0,0.9582284171923198,0.9743589743589743,0.02564102564102564,4.393648492425961,43.0
pp_quantile_fixed,HOUSEHOLD_2_385_WI_1,236.34747676824693,230.35545526242373,5.9920215058232005,0.0,0.9556146555124208,0.9871794871794872,0.01282051282051282,2.9532750674669708,15.0
pp_quantile_fixed,HOUSEHOLD_2_392_CA_4,160.4735023911727,141.35294029990854,19.120562091264155,0.0,0.787549310097065,0.9743589743589743,0.02564102564102564,1.8122171833321608,10.0
pp_quantile_fixed,HOUSEHOLD_2_396_TX_3,258.9392876208492,175.76012548956768,83.17916213128152,0.0,0.5598986130620025,0.8974358974358975,0.10256410256410256,2.253334942173945,21.0
pp_quantile_fixed,HOUSEHOLD_2_396_WI_2,223.74109110270206,207.1510275870605,16.590063515641575,0.0,0.6927766015621931,0.9743589743589743,0.02564102564102564,2.655782404962314,6.0
pp_quantile_fixed,HOUSEHOLD_2_397_WI_2,195.7588246226588,195.7588246226588,0.0,0.0,1.0,1.0,0.0,2.509728520803318,4.0
pp_quantile_fixed,HOUSEHOLD_2_401_TX_3,577.9967037948531,359.3510287196354,218.64567507521775,0.0,0.7000745197870814,0.8589743589743589,0.14102564102564102,4.6070644707645565,81.0
pp_quantile_fixed,HOUSEHOLD_2_405_CA_4,205.72349288273728,191.63829249436375,14.08520038837353,0.0,0.8434977734625164,0.9743589743589743,0.02564102564102564,2.4569011858251764,10.0
pp_quantile_fixed,HOUSEHOLD_2_412_CA_1,228.22745226226044,217.56950344738107,10.657948814879388,0.0,0.8026305775022337,0.9871794871794872,0.01282051282051282,2.7893526082997573,6.0
pp_quantile_fixed,HOUSEHOLD_2_417_TX_1,123.28452115130686,104.90573823141057,18.37878291989629,0.0,0.5915826017800824,0.9615384615384616,0.038461538461538464,1.344945361941161,5.0
pp_quantile_fixed,HOUSEHOLD_2_418_CA_2,313.25277449586343,313.25277449586343,0.0,0.0,1.0,1.0,0.0,4.016061211485429,21.0
pp_quantile_fixed,HOUSEHOLD_2_420_CA_3,516.9182772505553,393.0008549010849,123.9174223494704,0.0,0.6175388199090419,0.9487179487179487,0.05128205128205128,5.038472498731857,36.0
pp_quantile_fixed,HOUSEHOLD_2_424_CA_1,293.4615437818843,236.49415193226145,56.96739184962283,0.0,0.7122858997493796,0.9102564102564102,0.08974358974358974,3.0319763068238648,22.0
pp_quantile_fixed,HOUSEHOLD_2_424_CA_4,254.08940655938895,217.7349191855352,36.35448737385374,0.0,0.596061251401625,0.9487179487179487,0.05128205128205128,2.791473322891477,10.0
pp_quantile_fixed,HOUSEHOLD_2_428_CA_4,147.603054623606,147.603054623606,0.0,0.0,1.0,1.0,0.0,1.8923468541487949,0.0
pp_quantile_fixed,HOUSEHOLD_2_429_WI_3,183.88545767179485,174.74299130230793,9.142466369486936,0.0,0.898417040339034,0.9743589743589743,0.02564102564102564,2.240294760285999,10.0
pp_quantile_fixed,HOUSEHOLD_2_432_TX_3,281.2309126718488,259.21218195918254,22.01873071266623,0.0,0.9093879394540485,0.9615384615384616,0.038461538461538464,3.3232331020408017,27.0
pp_quantile_fixed,HOUSEHOLD_2_436_CA_2,449.0926712717839,428.6571860280165,20.43548524376742,0.0,0.9402471191702708,0.9743589743589743,0.02564102564102564,5.495604949077134,38.0
pp_quantile_fixed,HOUSEHOLD_2_440_TX_2,1251.8932806227022,871.7000114192743,380.1932692034278,0.0,0.7164852578647071,0.8205128205128205,0.1794871794871795,11.17564117204198,149.0
pp_quantile_fixed,HOUSEHOLD_2_445_WI_2,185.1508234658072,185.1508234658072,0.0,0.0,1.0,1.0,0.0,2.3737285059718873,2.0
pp_quantile_fixed,HOUSEHOLD_2_446_CA_3,235.3353454705491,225.64135398613053,9.69399148441859,0.0,0.9171453719280463,0.9871794871794872,0.01282051282051282,2.892837871617058,13.0
pp_quantile_fixed,HOUSEHOLD_2_451_TX_1,639.3109923122238,429.07522009501355,210.2357722172102,0.0,0.7732084442101292,0.8076923076923077,0.19230769230769232,5.500964360192482,103.0
pp_quantile_fixed,HOUSEHOLD_2_451_WI_2,646.1525415755056,509.85252297081166,136.30001860469392,0.0,0.8259259021651417,0.8846153846153846,0.11538461538461539,6.536570807318098,87.0
pp_quantile_fixed,HOUSEHOLD_2_459_WI_3,137.6618781766214,134.68654179632605,2.9753363802953356,0.0,0.9586758836070093,0.9871794871794872,0.01282051282051282,1.7267505358503341,8.0
pp_quantile_fixed,HOUSEHOLD_2_462_CA_4,279.661025442619,266.98108649608486,12.679938946534172,0.0,0.871919808620867,0.9743589743589743,0.02564102564102564,3.422834442257498,11.0
pp_quantile_fixed,HOUSEHOLD_2_462_TX_2,207.68513521275554,178.69198490288846,28.993150309867076,0.0,0.7521952964968626,0.9487179487179487,0.05128205128205128,2.290922883370365,13.0
pp_quantile_fixed,HOUSEHOLD_2_465_CA_1,566.6011717661736,422.3913666372912,144.20980512888238,0.0,0.8179169127160576,0.8589743589743589,0.14102564102564102,5.415273931247323,88.0
pp_quantile_fixed,HOUSEHOLD_2_468_TX_2,388.5359916066569,274.56563241396503,113.9703591926919,0.0,0.6984911132468468,0.8589743589743589,0.14102564102564102,3.520072210435449,42.0
pp_quantile_fixed,HOUSEHOLD_2_470_WI_2,526.1699867901727,443.8096339828335,82.36035280733921,0.0,0.7920193110925777,0.8974358974358975,0.10256410256410256,5.689867102344019,44.0
pp_quantile_fixed,HOUSEHOLD_2_475_CA_3,345.0622774093511,334.3635105049996,10.698766904351492,0.0,0.9405624060869361,0.9871794871794872,0.01282051282051282,4.286711673141021,20.0
pp_quantile_fixed,HOUSEHOLD_2_476_WI_2,296.665943312416,230.63598588315216,66.02995742926383,0.0,0.6138598980744805,0.9102564102564102,0.08974358974358974,2.956871613886566,19.0
pp_quantile_fixed,HOUSEHOLD_2_478_TX_2,230.0115806517071,197.50028154229412,32.51129910941298,0.0,0.7221256486374958,0.9358974358974359,0.0641025641025641,2.5320548915678733,13.0
pp_quantile_fixed,HOUSEHOLD_2_480_TX_1,283.28963162578674,276.415601424635,6.8740302011517604,0.0,0.9490812577692461,0.9871794871794872,0.01282051282051282,3.5437897618542946,15.0
pp_quantile_fixed,HOUSEHOLD_2_483_TX_1,770.5840742865039,523.8184962088067,246.76557807769728,0.0,0.7202204330184838,0.782051282051282,0.21794871794871795,6.715621746266752,98.0
pp_quantile_fixed,HOUSEHOLD_2_488_WI_3,186.46435829045677,160.65954091064935,25.804817379807414,0.0,0.7951998620650205,0.9615384615384616,0.038461538461538464,2.059737703982684,14.0
pp_quantile_fixed,HOUSEHOLD_2_490_WI_1,774.3590153297214,474.4693290945558,299.8896862351656,0.0,0.7376293208791203,0.7948717948717948,0.20512820512820512,6.082940116596869,127.0
pp_quantile_fixed,HOUSEHOLD_2_491_TX_3,397.66676621120683,331.48532343593007,66.18144277527678,0.0,0.8114488809821174,0.9358974358974359,0.0641025641025641,4.24981183892218,39.0
pp_quantile_fixed,HOUSEHOLD_2_505_CA_4,195.56316228700257,195.56316228700257,0.0,0.0,1.0,1.0,0.0,2.5072200293205458,9.0
pp_quantile_fixed,HOUSEHOLD_2_507_CA_1,580.789969305388,443.41049542828785,137.37947387710022,0.0,0.7721733434873961,0.8717948717948718,0.1282051282051282,5.684749941388306,67.0
pp_quantile_fixed,HOUSEHOLD_2_509_TX_1,258.21977796347267,253.4096327200686,4.810145243404072,0.0,0.985153872705543,0.9871794871794872,0.01282051282051282,3.248841445129085,36.0
pp_quantile_fixed,HOUSEHOLD_2_509_WI_1,206.5730144625263,178.12336014442144,28.44965431810486,0.0,0.6048659122485436,0.9743589743589743,0.02564102564102564,2.2836328223643774,8.0
pp_quantile_fixed,HOUSEHOLD_2_509_WI_2,173.67538356202726,160.04410524813073,13.63127831389652,0.0,0.8918152514770118,0.9743589743589743,0.02564102564102564,2.0518475031811634,14.0
pp_quantile_fixed,HOUSEHOLD_2_510_CA_2,524.1495945282868,420.5365646082933,103.61302991999347,0.0,0.7980252828070302,0.8974358974358975,0.10256410256410256,5.391494418055042,57.0
pp_quantile_calibrated,FOODS_1_008_CA_1,285.86642663534644,245.52817854951144,40.33824808583501,0.0,0.8207188973962889,0.9358974358974359,0.0641025641025641,3.147797160891172,25.0
pp_quantile_calibrated,FOODS_1_010_CA_3,351.2806227531871,211.70229619558407,139.57832655760305,0.0,0.6475294783898913,0.8205128205128205,0.1794871794871795,2.714132002507488,44.0
pp_quantile_calibrated,FOODS_1_010_WI_3,557.7145513071641,476.70411978453706,81.0104315226271,0.0,0.8363425625805514,0.9102564102564102,0.08974358974358974,6.111591279288937,55.0
pp_quantile_calibrated,FOODS_1_013_WI_1,929.2348348213953,700.5265176023878,228.70831721900757,0.0,0.7967037180275488,0.8717948717948718,0.1282051282051282,8.981109200030613,125.0
pp_quantile_calibrated,FOODS_1_014_WI_3,708.6417808923312,493.9715453305914,214.67023556173982,0.0,0.7258362253362199,0.8461538461538461,0.15384615384615385,6.332968529879377,87.0
pp_quantile_calibrated,FOODS_1_022_WI_3,237.60434422893792,237.60434422893792,0.0,0.0,1.0,1.0,0.0,3.04620954139664,1.0
pp_quantile_calibrated,FOODS_1_024_TX_1,527.2354130367992,384.2139288025787,143.0214842342205,0.0,0.7001646032825566,0.8974358974358975,0.10256410256410256,4.92581960003306,53.0
pp_quantile_calibrated,FOODS_1_025_TX_1,419.1097167389811,332.1183308636691,86.99138587531203,0.0,0.7803247831431513,0.8974358974358975,0.10256410256410256,4.257927318764988,44.0
pp_quantile_calibrated,FOODS_1_025_WI_1,654.3987979289278,624.7115662155609,29.687231713366913,0.0,0.9000429908640845,0.9487179487179487,0.05128205128205128,8.009122643789242,33.0
pp_quantile_calibrated,FOODS_1_032_CA_2,2107.117551457003,1180.7778289491814,926.3397225078215,0.0,0.7284257629704423,0.7435897435897436,0.2564102564102564,15.138177294220274,379.0
pp_quantile_calibrated,FOODS_1_040_TX_1,533.4964163430968,392.4630960136018,141.03332032949507,0.0,0.617795879865867,0.8717948717948718,0.1282051282051282,5.0315781540205355,41.0
pp_quantile_calibrated,FOODS_1_043_CA_3,9082.2031151996,9082.2031151996,0.0,0.0,1.0,1.0,0.0,116.43850147691795,42.0
pp_quantile_calibrated,FOODS_1_045_CA_3,1254.5628115648747,1236.1843021806028,18.3785093842718,0.0,0.9846461909905833,0.9743589743589743,0.02564102564102564,15.848516694623113,133.0
pp_quantile_calibrated,FOODS_1_045_WI_2,876.756287613198,657.6230972042758,219.13319040892216,0.0,0.7745543308550183,0.8461538461538461,0.15384615384615385,8.431065348772767,108.0
pp_quantile_calibrated,FOODS_1_046_WI_3,1953.0334464842347,1354.1827037405267,598.850742743708,0.0,0.753559365126046,0.717948717948718,0.28205128205128205,17.361316714622138,270.0
pp_quantile_calibrated,FOODS_1_047_TX_2,543.9485273946563,475.7736230796714,68.1749043149849,0.0,0.877822752123683,0.8974358974358975,0.10256410256410256,6.0996618343547615,62.0
pp_quantile_calibrated,FOODS_1_054_CA_1,920.7966339581267,408.115831680906,512.6808022772207,0.0,0.5748915404003145,0.717948717948718,0.28205128205128205,5.232254252319308,134.0
pp_quantile_calibrated,FOODS_1_054_TX_3,395.468782055665,299.96468149174996,95.50410056391499,0.0,0.6968123791621745,0.9358974358974359,0.0641025641025641,3.845701044766025,35.0
pp_quantile_calibrated,FOODS_1_055_WI_2,1220.889773083484,835.3001180152322,385.5896550682518,0.0,0.6849757720030623,0.782051282051282,0.21794871794871795,10.708975871990157,136.0
pp_quantile_calibrated,FOODS_1_056_WI_1,570.5333312197911,570.5333312197911,0.0,0.0,1.0,1.0,0.0,7.314529887433219,1.0
pp_quantile_calibrated,FOODS_1_057_CA_2,1026.2651076208085,1022.1403180731385,4.124789547670122,0.0,0.8472300167529584,0.9871794871794872,0.01282051282051282,13.104363052219725,3.0
pp_quantile_calibrated,FOODS_1_060_CA_4,309.8832750270745,297.1157968169863,12.767478210088179,0.0,0.963625418204877,0.9743589743589743,0.02564102564102564,3.809176882269055,39.0
pp_quantile_calibrated,FOODS_1_062_TX_2,398.03287016250124,324.35833123970195,73.67453892279931,0.0,0.8258285131848716,0.9230769230769231,0.07692307692307693,4.158440144098743,47.0
pp_quantile_calibrated,FOODS_1_064_WI_3,224.82682286224198,206.32830672591567,18.498516136326312,0.0,0.8858116287881092,0.9615384615384616,0.038461538461538464,2.6452347016143034,18.0
pp_quantile_calibrated,FOODS_1_066_WI_1,1194.265078235896,655.3811340676281,538.8839441682678,0.0,0.6435952750209869,0.7435897435897436,0.2564102564102564,8.402322231636257,168.0
pp_quantile_calibrated,FOODS_1_069_CA_3,1933.563068490182,1001.7935333432274,931.7695351469547,0.0,0.6804631223775875,0.7051282051282052,0.2948717948717949,12.843506837733685,324.0
pp_quantile_calibrated,FOODS_1_078_TX_2,455.3706088048606,377.47050331068795,77.90010549417264,0.0,0.7987077377411561,0.9487179487179487,0.05128205128205128,4.839365427060102,43.0
pp_quantile_calibrated,FOODS_1_081_WI_1,514.6576938807074,334.2534870907481,180.40420678995932,0.0,0.7008222109619249,0.8589743589743589,0.14102564102564102,4.285301116548053,67.0
pp_quantile_calibrated,FOODS_1_083_WI_3,1075.0906065675952,1036.1149446599525,38.975661907642746,0.0,0.9529279445559871,0.9358974358974359,0.0641025641025641,13.283524931537853,92.0
pp_quantile_calibrated,FOODS_1_085_CA_4,3516.85797864345,1980.3045002245324,1536.5534784189176,0.0,0.7532829996116058,0.6666666666666666,0.3333333333333333,25.388519233647852,692.0
pp_quantile_calibrated,FOODS_1_086_CA_2,1167.7036214735224,835.1217755563252,332.5818459171972,0.0,0.8104946746910557,0.8076923076923077,0.19230769230769232,10.706689430209298,195.0
pp_quantile_calibrated,FOODS_1_086_WI_2,1625.5004984742095,828.6752339913737,796.8252644828358,0.0,0.6500547806399493,0.6923076923076923,0.3076923076923077,10.624041461427868,253.0
pp_quantile_calibrated,FOODS_1_089_CA_1,399.5977461790061,306.70974124033074,92.88800493867538,0.0,0.6774722050740438,0.8846153846153846,0.11538461538461539,3.93217616974783,32.0
pp_quantile_calibrated,FOODS_1_091_TX_3,360.6015527617257,360.6015527617257,0.0,0.0,1.0,1.0,0.0,4.623096830278535,4.0
pp_quantile_calibrated,FOODS_1_094_WI_1,421.0970874125613,259.7755476928309,161.32153971973037,0.0,0.7284149162967503,0.8205128205128205,0.1794871794871795,3.3304557396516783,66.0
pp_quantile_calibrated,FOODS_1_098_CA_2,225.18369340314356,221.5236883665457,3.6600050365978394,0.0,0.968717905670104,0.9871794871794872,0.01282051282051282,2.840047286750586,13.0
pp_quantile_calibrated,FOODS_1_098_TX_1,380.3837140277859,199.6570774356065,180.72663659217943,0.0,0.6596485186587957,0.8461538461538461,0.15384615384615385,2.5597061209693144,59.0
pp_quantile_calibrated,FOODS_1_099_CA_2,3794.483916071344,2185.067503804738,1609.4164122666061,0.0,0.7354673878588748,0.7051282051282052,0.2948717948717949,28.01368594621459,676.0
pp_quantile_calibrated,FOODS_1_099_TX_1,2822.5913642873747,1662.7577032867773,1159.8336610005972,0.0,0.6762050080958691,0.717948717948718,0.28205128205128205,21.317406452394582,398.0
pp_quantile_calibrated,FOODS_1_101_CA_1,1375.9788280218456,1375.9788280218456,0.0,0.0,1.0,1.0,0.0,17.640754205408278,0.0
pp_quantile_calibrated,FOODS_1_102_TX_2,518.3105448407255,330.44756918624677,187.8629756544787,0.0,0.6930343535057538,0.7948717948717948,0.20512820512820512,4.236507297259574,68.0
pp_quantile_calibrated,FOODS_1_106_CA_1,794.1355375610223,489.35712752769405,304.7784100333282,0.0,0.689318644206597,0.7435897435897436,0.2564102564102564,6.273809327278129,109.0
pp_quantile_calibrated,FOODS_1_107_TX_2,307.3740662895168,289.1488205560822,18.225245733434605,0.0,0.9276775962958944,0.9743589743589743,0.02564102564102564,3.707036160975413,28.0
pp_quantile_calibrated,FOODS_1_111_WI_2,174.07842900552936,165.75140606836806,8.327022937161294,0.0,0.8971972476893667,0.9871794871794872,0.01282051282051282,2.125018026517539,9.0
pp_quantile_calibrated,FOODS_1_119_WI_1,529.6224798636158,316.074963402216,213.54751646139982,0.0,0.6292577839211808,0.7948717948717948,0.20512820512820512,4.05224312054123,64.0
pp_quantile_calibrated,FOODS_1_122_WI_3,837.8880695734074,435.9915538969407,401.89651567646666,0.0,0.5578696197178585,0.7307692307692307,0.2692307692307692,5.589635306371035,101.0
pp_quantile_calibrated,FOODS_1_131_CA_1,416.1626531348794,278.81151268610637,137.351140448773,0.0,0.736875209868251,0.8205128205128205,0.1794871794871795,3.5745065728987995,58.0
pp_quantile_calibrated,FOODS_1_132_WI_3,396.64135922472866,232.894863728572,163.74649549615665,0.0,0.6567159423560658,0.8333333333333334,0.16666666666666666,2.9858315862637435,53.0
pp_quantile_calibrated,FOODS_1_134_CA_2,397.8109021473673,243.6507500978531,154.16015204951424,0.0,0.736478372564933,0.8717948717948718,0.1282051282051282,3.123727565357091,65.0
pp_quantile_calibrated,FOODS_1_139_TX_3,1316.4886001918017,579.0104079867253,737.4781922050762,0.0,0.5594514980853786,0.6666666666666666,0.3333333333333333,7.423210358804171,186.0
pp_quantile_calibrated,FOODS_1_143_CA_1,1080.6900855844774,818.9969636144364,261.6931219700409,0.0,0.7655079552239777,0.8846153846153846,0.11538461538461539,10.499961071979953,124.0
pp_quantile_calibrated,FOODS_1_143_WI_2,590.0712727896832,590.0712727896832,0.0,0.0,1.0,1.0,0.0,7.565016317816451,34.0
pp_quantile_calibrated,FOODS_1_147_TX_2,251.90090100591578,185.63830031118064,66.26260069473514,0.0,0.7896425374770313,0.9230769230769231,0.07692307692307693,2.3799782091177004,35.0
pp_quantile_calibrated,FOODS_1_149_CA_3,883.3276555454196,687.8668650307889,195.46079051463073,0.0,0.8342147663149867,0.8589743589743589,0.14102564102564102,8.81880596193319,131.0
pp_quantile_calibrated,FOODS_1_156_TX_3,428.6425126422295,325.6316445176119,103.01086812461763,0.0,0.7615489163781999,0.8589743589743589,0.14102564102564102,4.174764673302716,48.0
pp_quantile_calibrated,FOODS_1_159_CA_4,487.68087008556586,431.61469385936846,56.06617622619739,0.0,0.5550303474111319,0.9743589743589743,0.02564102564102564,5.533521716145749,14.0
pp_quantile_calibrated,FOODS_1_161_CA_4,3053.521510689565,2450.70257334556,602.8189373440048,0.0,0.7846306047359755,0.8205128205128205,0.1794871794871795,31.41926376084051,311.0
pp_quantile_calibrated,FOODS_1_161_WI_3,3388.5287730294353,1841.5382485831901,1546.9905244462452,0.0,0.6477708277672485,0.6666666666666666,0.3333333333333333,23.609464725425514,488.0
pp_quantile_calibrated,FOODS_1_168_WI_1,352.732034996682,267.3152447095233,85.41679028715868,0.0,0.7034139226140323,0.8974358974358975,0.10256410256410256,3.4271185219169658,32.0
pp_quantile_calibrated,FOODS_1_174_TX_2,262.01879755388893,188.70926142056095,73.30953613332797,0.0,0.7531665450056297,0.9230769230769231,0.07692307692307693,2.419349505391807,33.0
pp_quantile_calibrated,FOODS_1_175_CA_3,814.3536767267226,604.7534755435081,209.60020118321447,0.0,0.7227510566359596,0.8076923076923077,0.19230769230769232,7.7532496864552325,84.0
pp_quantile_calibrated,FOODS_1_183_CA_2,795.7603528216997,580.5287916478931,215.23156117380663,0.0,0.827952389149635,0.7948717948717948,0.20512820512820512,7.442676815998629,139.0
pp_quantile_calibrated,FOODS_1_183_CA_4,718.6331292222891,469.6845397674605,248.94858945482864,0.0,0.6960334683091225,0.8461538461538461,0.15384615384615385,6.021596663685391,91.0
pp_quantile_calibrated,FOODS_1_185_WI_1,1004.5539847888921,588.3904898064487,416.16349498244335,0.0,0.6300768933489391,0.7564102564102564,0.24358974358974358,7.543467818031394,125.0
pp_quantile_calibrated,FOODS_1_191_TX_1,292.65436681390236,184.939997695724,107.71436911817838,0.0,0.7007934191161711,0.8846153846153846,0.11538461538461539,2.371025611483641,40.0
pp_quantile_calibrated,FOODS_1_192_CA_4,1060.4712657558293,1033.4712657558293,27.0,0.0,0.0,0.9743589743589743,0.02564102564102564,13.249631612254221,3.0
pp_quantile_calibrated,FOODS_1_203_WI_1,465.41141260418755,374.8278200102809,90.58359259390663,0.0,0.8136140070084226,0.9102564102564102,0.08974358974358974,4.805484871926678,54.0
pp_quantile_calibrated,FOODS_1_207_CA_4,631.8014579005014,327.2409697811254,304.5604881193761,0.0,0.6649499580644928,0.7435897435897436,0.2564102564102564,4.195397048475966,101.0
pp_quantile_calibrated,FOODS_1_208_WI_3,598.7459833169384,353.29023934095744,245.45574397598088,0.0,0.6714113199786066,0.7564102564102564,0.24358974358974358,4.529362042832788,83.0
pp_quantile_calibrated,FOODS_1_209_CA_4,669.9426281926956,669.9426281926956,0.0,0.0,1.0,1.0,0.0,8.589008053752508,1.0
pp_quantile_calibrated,FOODS_1_214_TX_3,382.6249246433451,348.4438989192627,34.18102572408234,0.0,0.800110960677881,0.9487179487179487,0.05128205128205128,4.467229473323881,19.0
pp_quantile_calibrated,FOODS_1_215_CA_1,1099.0261716620887,743.8402568391027,355.1859148229859,0.0,0.6379348472752437,0.8589743589743589,0.14102564102564102,9.536413549219265,109.0
pp_quantile_calibrated,FOODS_2_001_TX_1,673.9765635980834,445.68712915648956,228.28943444159393,0.0,0.7015824386384393,0.8461538461538461,0.15384615384615385,5.713937553288328,85.0
pp_quantile_calibrated,FOODS_2_002_CA_3,671.771972688066,399.1749642428477,272.5970084452183,0.0,0.663460483400965,0.782051282051282,0.21794871794871795,5.117627746703175,90.0
pp_quantile_calibrated,FOODS_2_004_CA_1,624.4901039339893,386.00662448029095,238.4834794536984,0.0,0.754646626076442,0.8589743589743589,0.14102564102564102,4.948802877952448,108.0
pp_quantile_calibrated,FOODS_2_009_CA_1,558.0044612260535,453.6311349677637,104.37332625828975,0.0,0.8493891395984273,0.9230769230769231,0.07692307692307693,5.815783781637997,77.0
pp_quantile_calibrated,FOODS_2_009_WI_1,1155.4297659665926,661.8546160397148,493.5751499268778,0.0,0.6217814943089058,0.717948717948718,0.28205128205128205,8.485315590252753,145.0
pp_quantile_calibrated,FOODS_2_012_CA_3,332.14039367479734,318.9270552028671,13.21333847193021,0.0,0.9475661171748803,0.9743589743589743,0.02564102564102564,4.088808400036758,28.0
pp_quantile_calibrated,FOODS_2_014_CA_3,797.2430428850178,513.4935733348274,283.7494695501904,0.0,0.678288583276428,0.7692307692307693,0.23076923076923078,6.583250940190094,98.0
pp_quantile_calibrated,FOODS_2_014_TX_1,327.4869802356092,293.9051860822614,33.58179415334782,0.0,0.8713341220178243,0.9358974358974359,0.0641025641025641,3.768015206182839,29.0
pp_quantile_calibrated,FOODS_2_015_CA_1,567.8405997034397,429.76735605925654,138.07324364418315,0.0,0.7485004669504861,0.8846153846153846,0.11538461538461539,5.509837898195597,61.0
pp_quantile_calibrated,FOODS_2_017_WI_1,363.28981739912945,270.94626688735184,92.34355051177764,0.0,0.7719912333042528,0.9102564102564102,0.08974358974358974,3.4736700882993827,45.0
pp_quantile_calibrated,FOODS_2_017_WI_3,244.34841063436372,244.34841063436372,0.0,0.0,1.0,1.0,0.0,3.1326719312097913,2.0
pp_quantile_calibrated,FOODS_2_024_CA_4,575.8105320396938,393.8632708785461,181.94726116114774,0.0,0.6841193382618963,0.8717948717948718,0.1282051282051282,5.049529113827513,64.0
pp_quantile_calibrated,FOODS_2_024_TX_2,513.3401694575012,496.28886987854327,17.05129957895801,0.0,0.9487948961592853,0.9743589743589743,0.02564102564102564,6.3626778189556825,37.0
pp_quantile_calibrated,FOODS_2_029_TX_3,2083.6588974772703,1009.3736460106674,1074.2852514666029,0.0,0.5659453529427868,0.717948717948718,0.28205128205128205,12.94068776936753,275.0
pp_quantile_calibrated,FOODS_2_031_TX_1,1159.3324120605141,1159.3324120605141,0.0,0.0,1.0,1.0,0.0,14.863236052057873,9.0
pp_quantile_calibrated,FOODS_2_034_WI_3,647.4782867789853,558.76836722276,88.70991955622526,0.0,0.8916850799069289,0.9358974358974359,0.0641025641025641,7.163697015676411,91.0
pp_quantile_calibrated,FOODS_2_043_TX_2,495.39875244745593,401.65297058821017,93.74578185924577,0.0,0.6279929291299771,0.8974358974358975,0.10256410256410256,5.149397058823207,28.0
pp_quantile_calibrated,FOODS_2_045_TX_1,300.13851068511025,268.722037011922,31.416473673188264,0.0,0.7818300439361926,0.9615384615384616,0.038461538461538464,3.4451543206656665,16.0
pp_quantile_calibrated,FOODS_2_046_CA_3,310.9316450965565,261.3057521672704,49.625892929286145,0.0,0.709790099828736,0.9358974358974359,0.0641025641025641,3.3500737457342358,19.0
pp_quantile_calibrated,FOODS_2_047_CA_4,563.8632596283501,355.15294335881407,208.71031626953598,0.0,0.6823282857389102,0.7948717948717948,0.20512820512820512,4.553242863574539,73.0
pp_quantile_calibrated,FOODS_2_047_WI_3,687.5082573422148,471.7648216003135,215.74343574190138,0.0,0.6716233854765581,0.8333333333333334,0.16666666666666666,6.048266943593763,73.0
pp_quantile_calibrated,FOODS_2_051_WI_3,612.1945555543127,413.3770791358398,198.8174764184729,0.0,0.7014752606329235,0.8076923076923077,0.19230769230769232,5.299706142767176,74.0
pp_quantile_calibrated,FOODS_2_055_TX_1,647.8869976290717,470.0299025412222,177.85709508784956,0.0,0.7919800057452052,0.8846153846153846,0.11538461538461539,6.026024391554131,95.0
pp_quantile_calibrated,FOODS_2_067_CA_2,1406.474480773326,1406.474480773326,0.0,0.0,1.0,1.0,0.0,18.03172411247854,15.0
pp_quantile_calibrated,FOODS_2_067_WI_3,681.1314903171228,681.1314903171228,0.0,0.0,1.0,1.0,0.0,8.732455004065677,0.0
pp_quantile_calibrated,FOODS_2_082_TX_3,1272.1069288847502,847.3118418108551,424.79508707389505,0.0,0.766339336042962,0.8205128205128205,0.1794871794871795,10.862972330908399,202.0
pp_quantile_calibrated,FOODS_2_084_WI_1,533.4471821242687,442.10503872454876,91.34214339971989,0.0,0.8550124707940955,0.8974358974358975,0.10256410256410256,5.668013316981394,70.0
pp_quantile_calibrated,FOODS_2_085_TX_2,325.42927939615527,247.69246392441107,77.73681547174421,0.0,0.7665561096944618,0.8974358974358975,0.10256410256410256,3.1755444092873213,37.0
pp_quantile_calibrated,FOODS_2_087_WI_3,206.45738644138032,192.513023712464,13.944362728916339,0.0,0.9139236868585411,0.9743589743589743,0.02564102564102564,2.4681156886213333,18.0
pp_quantile_calibrated,FOODS_2_100_WI_3,960.3730746386975,500.39105016056413,459.9820244781333,0.0,0.6296441026746108,0.7692307692307693,0.23076923076923078,6.415269873853386,138.0
pp_quantile_calibrated,FOODS_2_101_WI_1,556.344354828148,367.96704234523787,188.37731248291016,0.0,0.7773317819350942,0.8589743589743589,0.14102564102564102,4.717526183913306,94.0
pp_quantile_calibrated,FOODS_2_104_CA_2,498.99893663002536,394.6527271495567,104.34620948046867,0.0,0.8216304111444981,0.8717948717948718,0.1282051282051282,5.05965034807124,65.0
pp_quantile_calibrated,FOODS_2_105_TX_3,517.0524966661334,383.206092859292,133.84640380684135,0.0,0.7193995727319887,0.8974358974358975,0.10256410256410256,4.91289862640118,53.0
pp_quantile_calibrated,FOODS_2_107_CA_1,657.1369228146534,444.7705164568231,212.3664063578303,0.0,0.7157076220109367,0.8205128205128205,0.1794871794871795,5.7021861084208085,83.0
pp_quantile_calibrated,FOODS_2_107_CA_3,1112.7009690658547,696.8168772398312,415.88409182602345,0.0,0.6116861887712199,0.8333333333333334,0.16666666666666666,8.933549708202964,119.0
pp_quantile_calibrated,FOODS_2_108_TX_1,339.7777383361213,247.06367981159147,92.71405852452983,0.0,0.7547247128980692,0.8974358974358975,0.10256410256410256,3.167483074507583,42.0
pp_quantile_calibrated,FOODS_2_108_WI_2,942.607178361221,520.032026862301,422.57515149892004,0.0,0.6597623578913687,0.7435897435897436,0.2564102564102564,6.667077267465397,138.0
pp_quantile_calibrated,FOODS_2_116_TX_3,599.7553354210073,529.0353322505191,70.7200031704882,0.0,0.8966081824992863,0.9102564102564102,0.08974358974358974,6.78250425962204,76.0
pp_quantile_calibrated,FOODS_2_117_WI_2,1861.7963730143997,1292.3401095260344,569.4562634883653,0.0,0.7187870303761158,0.7564102564102564,0.24358974358974358,16.568462942641467,225.0
pp_quantile_calibrated,FOODS_2_118_CA_2,354.06123612626,229.2599392952138,124.8012968310462,0.0,0.6444407497690992,0.8717948717948718,0.1282051282051282,2.9392299909642796,39.0
pp_quantile_calibrated,FOODS_2_118_CA_4,420.9148289858757,213.64856757860588,207.26626140726984,0.0,0.5571233730613893,0.782051282051282,0.21794871794871795,2.7390841997257165,52.0
pp_quantile_calibrated,FOODS_2_124_CA_4,363.5739283985178,357.3052196284546,6.268708770063208,0.0,0.9668322287298243,0.9871794871794872,0.01282051282051282,4.580836149082751,21.0
pp_quantile_calibrated,FOODS_2_124_WI_2,279.52656204877155,262.4759306643177,17.050631384453865,0.0,0.8947491889848526,0.9615384615384616,0.038461538461538464,3.365076034157919,18.0
pp_quantile_calibrated,FOODS_2_128_TX_3,7483.462439641323,5874.075120717349,1609.387318923974,0.0,0.4597558513179007,0.7435897435897436,0.2564102564102564,75.30865539381216,331.0
pp_quantile_calibrated,FOODS_2_129_TX_2,182.08691311389322,169.4455965756111,12.64131653828213,0.0,0.912213079595263,0.9871794871794872,0.01282051282051282,2.172379443277065,16.0
pp_quantile_calibrated,FOODS_2_130_WI_2,1253.0212568602221,1044.5086807608288,208.51257609939327,0.0,0.893724477013561,0.8974358974358975,0.10256410256410256,13.39113693283114,218.0
pp_quantile_calibrated,FOODS_2_132_TX_2,310.77518238268567,310.77518238268567,0.0,0.0,1.0,1.0,0.0,3.984297210034432,0.0
pp_quantile_calibrated,FOODS_2_133_TX_2,480.14715072791216,344.1923682267365,135.95478250117566,0.0,0.7149794916117911,0.8717948717948718,0.1282051282051282,4.412722669573545,53.0
pp_quantile_calibrated,FOODS_2_133_TX_3,493.66601642632486,208.524398655069,285.1416177712558,0.0,0.47195996709026705,0.7692307692307693,0.23076923076923078,2.6733897263470388,60.0
pp_quantile_calibrated,FOODS_2_141_CA_3,710.9622412349926,448.04110472693407,262.9211365080585,0.0,0.7786859120302537,0.7435897435897436,0.2564102564102564,5.744116727268385,132.0
pp_quantile_calibrated,FOODS_2_146_WI_1,652.9267376236564,432.1963737107036,220.73036391295278,0.0,0.7885724483592407,0.8589743589743589,0.14102564102564102,5.540979150137225,116.0
pp_quantile_calibrated,FOODS_2_148_CA_2,543.0597815242454,450.7806377194323,92.27914380481315,0.0,0.8232200310252622,0.8717948717948718,0.1282051282051282,5.779238945120928,58.0
pp_quantile_calibrated,FOODS_2_149_TX_1,1628.6587803264397,874.0655341532245,754.5932461732151,0.0,0.6737599454504041,0.7307692307692307,0.2692307692307692,11.205968386579801,257.0
pp_quantile_calibrated,FOODS_2_155_CA_4,643.5421184941562,643.5421184941562,0.0,0.0,1.0,1.0,0.0,8.25053998069431,10.0
pp_quantile_calibrated,FOODS_2_159_CA_1,284.9153892941097,226.47236227642176,58.44302701768794,0.0,0.7835443443789335,0.9230769230769231,0.07692307692307693,2.9034918240566894,30.0
pp_quantile_calibrated,FOODS_2_163_TX_3,628.144555130008,420.6069394658771,207.53761566413095,0.0,0.6883819584622659,0.8205128205128205,0.1794871794871795,5.392396659818937,74.0
pp_quantile_calibrated,FOODS_2_165_CA_4,250.6677140609077,237.3626839473343,13.305030113573409,0.0,0.8521663320714066,0.9743589743589743,0.02564102564102564,3.043111332658132,10.0
pp_quantile_calibrated,FOODS_2_165_TX_1,178.17656581566166,178.17656581566166,0.0,0.0,1.0,1.0,0.0,2.2843149463546366,4.0
pp_quantile_calibrated,FOODS_2_166_TX_2,1350.0074923117925,1308.9628185483837,41.04467376340885,0.0,0.5854073357231429,0.9871794871794872,0.01282051282051282,16.78157459677415,11.0
pp_quantile_calibrated,FOODS_2_169_TX_3,266.5324874053832,264.2213067066185,2.3111806987647032,0.0,0.9828801429721133,0.9871794871794872,0.01282051282051282,3.3874526500848527,15.0
pp_quantile_calibrated,FOODS_2_172_CA_2,609.3585044290278,325.5637824055145,283.79472202351326,0.0,0.6908554226323383,0.8076923076923077,0.19230769230769232,4.173894646224545,102.0
pp_quantile_calibrated,FOODS_2_176_WI_3,344.550085004277,338.2158254623132,6.334259541963769,0.0,0.9560120865141405,0.9871794871794872,0.01282051282051282,4.3361003264399125,16.0
pp_quantile_calibrated,FOODS_2_177_WI_1,483.84584764584326,382.31875378740597,101.5270938584373,0.0,0.7599832296490844,0.9358974358974359,0.0641025641025641,4.901522484453922,47.0
pp_quantile_calibrated,FOODS_2_182_TX_3,357.0411644019283,306.98334371048173,50.05782069144661,0.0,0.8205812878442774,0.9487179487179487,0.05128205128205128,3.935683893724125,31.0
pp_quantile_calibrated,FOODS_2_183_CA_4,1266.5537805052254,706.0549980697208,560.4987824355045,0.0,0.7244352102086999,0.7435897435897436,0.2564102564102564,9.05198715474001,226.0
pp_quantile_calibrated,FOODS_2_186_TX_1,254.1667366039549,205.66347156793296,48.50326503602193,0.0,0.8581775876139709,0.9102564102564102,0.08974358974358974,2.6367111739478584,38.0
pp_quantile_calibrated,FOODS_2_187_CA_1,345.7846557590037,240.5442320307584,105.24042372824533,0.0,0.7563879080364692,0.8461538461538461,0.15384615384615385,3.083900410650749,48.0
pp_quantile_calibrated,FOODS_2_192_CA_2,833.8977596667028,684.3867892575049,149.5109704091979,0.0,0.8567902582287374,0.8846153846153846,0.11538461538461539,8.774189605865448,116.0
pp_quantile_calibrated,FOODS_2_192_TX_1,375.6009634798627,355.71680006456893,19.884163415293745,0.0,0.8895324254705903,0.9871794871794872,0.01282051282051282,4.560471795699602,20.0
pp_quantile_calibrated,FOODS_2_198_CA_4,300.854052411119,224.05543931733632,76.7986130937827,0.0,0.5733410383678739,0.9102564102564102,0.08974358974358974,2.8725056322735427,20.0
pp_quantile_calibrated,FOODS_2_200_TX_1,541.6167023294211,442.211583085884,99.40511924353706,0.0,0.6318328916906034,0.9358974358974359,0.0641025641025641,5.669379270331846,30.0
pp_quantile_calibrated,FOODS_2_201_WI_3,778.726855414319,449.17826547150355,329.5485899428154,0.0,0.7047055645673699,0.7948717948717948,0.20512820512820512,5.7586957111731225,124.0
pp_quantile_calibrated,FOODS_2_202_WI_3,487.90252179976676,348.586220945051,139.31630085471573,0.0,0.7185529275662308,0.8461538461538461,0.15384615384615385,4.469054114680142,55.0
pp_quantile_calibrated,FOODS_2_204_CA_4,1004.6652573341328,630.0853954244274,374.5798619097054,0.0,0.7522619960914647,0.782051282051282,0.21794871794871795,8.078017890056762,168.0
pp_quantile_calibrated,FOODS_2_206_CA_3,1106.0773973979844,862.251287532882,243.82610986510244,0.0,0.8494900556388256,0.8333333333333334,0.16666666666666666,11.054503686319,180.0
pp_quantile_calibrated,FOODS_2_207_CA_3,193.95402677804327,193.55425691216726,0.39976986587600116,0.0,0.9965831635395214,0.9871794871794872,0.01282051282051282,2.4814648322072728,13.0
pp_quantile_calibrated,FOODS_2_208_TX_1,744.6303543311162,534.4181775586227,210.21217677249354,0.0,0.8230537232554769,0.8076923076923077,0.19230769230769232,6.851515096905419,132.0
pp_quantile_calibrated,FOODS_2_212_CA_2,778.6082732904081,552.7422111695937,225.86606212081443,0.0,0.777909476774027,0.8076923076923077,0.19230769230769232,7.0864386047383805,113.0
pp_quantile_calibrated,FOODS_2_214_CA_3,406.37324297638946,390.8492251047987,15.52401787159079,0.0,0.9520863645938556,0.9871794871794872,0.01282051282051282,5.010887501343573,36.0
pp_quantile_calibrated,FOODS_2_218_CA_4,353.0820243260038,290.0818932849902,63.00013104101362,0.0,0.8571425599977017,0.9358974358974359,0.0641025641025641,3.718998631858849,49.0
pp_quantile_calibrated,FOODS_2_219_TX_1,471.7935876072802,355.39199005633236,116.40159755094786,0.0,0.6596444516054157,0.8589743589743589,0.14102564102564102,4.556307564824774,38.0
pp_quantile_calibrated,FOODS_2_224_TX_2,330.5157934246412,241.7775780431981,88.7382153814431,0.0,0.813966005489637,0.8717948717948718,0.1282051282051282,3.09971253901536,53.0
pp_quantile_calibrated,FOODS_2_231_CA_1,695.8146690759268,673.8762172751269,21.938451800799832,0.0,0.9390598561088893,0.9743589743589743,0.02564102564102564,8.639438683014447,40.0
pp_quantile_calibrated,FOODS_2_234_WI_3,295.22834117273567,287.33489926812877,7.893441904606881,0.0,0.9451844312180078,0.9871794871794872,0.01282051282051282,3.6837807598478047,16.0
pp_quantile_calibrated,FOODS_2_235_CA_2,794.9605316482302,615.9747859871504,178.98574566107976,0.0,0.7660317050181964,0.8846153846153846,0.11538461538461539,7.897112640860903,85.0
pp_quantile_calibrated,FOODS_2_241_CA_3,4591.247524554608,2253.2210353096457,2338.0264892449627,0.0,0.6784892066494825,0.6666666666666666,0.3333333333333333,28.887449170636483,808.0
pp_quantile_calibrated,FOODS_2_241_WI_3,1598.7576170249797,914.4450606867955,684.3125563381842,0.0,0.7225009909415312,0.7435897435897436,0.2564102564102564,11.723654624189686,274.0
pp_quantile_calibrated,FOODS_2_242_CA_3,941.9092672355234,742.3875091462788,199.5217580892446,0.0,0.8072253545031454,0.8717948717948718,0.1282051282051282,9.517788578798447,115.0
pp_quantile_calibrated,FOODS_2_242_WI_1,1218.0655147643677,599.4684515586383,618.5970632057293,0.0,0.6026993813707583,0.7692307692307693,0.23076923076923078,7.685492968700491,173.0
pp_quantile_calibrated,FOODS_2_250_WI_2,736.0303088355399,533.3303822528517,202.6999265826882,0.0,0.6182675582246927,0.8717948717948718,0.1282051282051282,6.837569003241688,59.0
pp_quantile_calibrated,FOODS_2_253_CA_1,621.4562497768153,356.906973699564,264.5492760772513,0.0,0.6872939999086866,0.782051282051282,0.21794871794871795,4.575730432045693,94.0
pp_quantile_calibrated,FOODS_2_254_TX_3,579.2392625902623,392.9190978615551,186.3201647287073,0.0,0.5940737151880014,0.7948717948717948,0.20512820512820512,5.037424331558398,51.0
pp_quantile_calibrated,FOODS_2_254_WI_1,232.50632843933528,138.69288998699426,93.81343845234102,0.0,0.6139364672743168,0.9102564102564102,0.08974358974358974,1.778113974192234,27.0
pp_quantile_calibrated,FOODS_2_255_TX_2,2511.0000000000014,2493.0000000000023,17.999999999998977,0.0,0.9677419354838728,0.9743589743589743,0.02564102564102564,31.961538461538492,62.0
pp_quantile_calibrated,FOODS_2_261_WI_2,672.5197674233328,500.9709014958762,171.54886592745663,0.0,0.7858316280556097,0.8589743589743589,0.14102564102564102,6.422703865331746,89.0
pp_quantile_calibrated,FOODS_2_270_CA_3,393.511580180228,345.38122050759944,48.13035967262858,0.0,0.7028990143664902,0.9487179487179487,0.05128205128205128,4.427964365482044,18.0
pp_quantile_calibrated,FOODS_2_270_WI_2,484.9548391890587,403.886215080836,81.06862410822272,0.0,0.7426392885453248,0.9230769230769231,0.07692307692307693,5.178028398472256,35.0
pp_quantile_calibrated,FOODS_2_271_WI_2,213.15074696776878,183.00408044097026,30.146666526798537,0.0,0.7423361835316364,0.9487179487179487,0.05128205128205128,2.346206159499619,13.0
pp_quantile_calibrated,FOODS_2_273_TX_3,262.8261525363578,216.88222709804103,45.94392543831681,0.0,0.6809449622339111,0.9487179487179487,0.05128205128205128,2.780541373051808,16.0
pp_quantile_calibrated,FOODS_2_274_CA_3,1712.1555146951632,1166.6258943565495,545.5296203386137,0.0,0.7604173823721503,0.8076923076923077,0.19230769230769232,14.956742235340377,253.0
pp_quantile_calibrated,FOODS_2_274_TX_2,1016.3450112023821,847.6002869484304,168.74472425395172,0.0,0.862136663191216,0.9230769230769231,0.07692307692307693,10.866670345492697,136.0
pp_quantile_calibrated,FOODS_2_278_CA_4,507.541312043891,308.82650612888955,198.71480591500148,0.0,0.6320096186759232,0.8589743589743589,0.14102564102564102,3.9593141811396095,60.0
pp_quantile_calibrated,FOODS_2_284_TX_3,286.4914342880345,278.9970991468965,7.4943351411379915,0.0,0.9666918438171644,0.9743589743589743,0.02564102564102564,3.5768858864986735,25.0
pp_quantile_calibrated,FOODS_2_284_WI_2,473.07314373429153,313.6432431771451,159.42990055714642,0.0,0.6657654076370095,0.8717948717948718,0.1282051282051282,4.021067220219809,53.0
pp_quantile_calibrated,FOODS_2_290_WI_1,916.6564920009166,506.2604193162945,410.3960726846222,0.0,0.6742888312026808,0.7307692307692307,0.2692307692307692,6.49051819636275,140.0
pp_quantile_calibrated,FOODS_2_298_TX_2,409.2853310860351,333.6177559630919,75.66757512294322,0.0,0.794938820805032,0.9102564102564102,0.08974358974358974,4.277150717475537,41.0
pp_quantile_calibrated,FOODS_2_306_TX_1,388.80250651330766,302.645394332909,86.15711218039867,0.0,0.8005622403231513,0.8974358974358975,0.10256410256410256,3.880069158114218,48.0
pp_quantile_calibrated,FOODS_2_309_TX_2,729.0753983812365,530.6313158393959,198.4440825418405,0.0,0.6062617409884118,0.8205128205128205,0.1794871794871795,6.802965587684564,56.0
pp_quantile_calibrated,FOODS_2_311_WI_3,733.2877025408607,430.81173660338044,302.4759659374802,0.0,0.6306764762668129,0.8076923076923077,0.19230769230769232,5.523227392351031,91.0
pp_quantile_calibrated,FOODS_2_312_CA_1,375.3428341676213,337.7708870278303,37.57194713979095,0.0,0.8653335227964482,0.9487179487179487,0.05128205128205128,4.330395987536286,31.0
pp_quantile_calibrated,FOODS_2_312_TX_2,562.1427878555519,449.70961975530736,112.4331681002445,0.0,0.8240482502343591,0.8589743589743589,0.14102564102564102,5.765507945580864,71.0
pp_quantile_calibrated,FOODS_2_313_CA_4,297.1292137586124,297.1292137586124,0.0,0.0,1.0,1.0,0.0,3.809348894341185,2.0
pp_quantile_calibrated,FOODS_2_321_WI_1,429.7940253961097,257.83073888793314,171.96328650817657,0.0,0.7190142377317376,0.8205128205128205,0.1794871794871795,3.30552229343504,68.0
pp_quantile_calibrated,FOODS_2_325_WI_3,2919.1903728265333,1483.1935878643253,1435.9967849622083,0.0,0.688976221580635,0.6666666666666666,0.3333333333333333,19.01530240851699,513.0
pp_quantile_calibrated,FOODS_2_326_WI_1,2592.860471567735,1636.0120812003713,956.8483903673638,0.0,0.7947558150220154,0.7307692307692307,0.2692307692307692,20.974513861543223,518.0
pp_quantile_calibrated,FOODS_2_329_TX_3,207.3205940268486,199.03374605516007,8.286847971688537,0.0,0.9515389007503594,0.9871794871794872,0.01282051282051282,2.5517146930148726,19.0
pp_quantile_calibrated,FOODS_2_332_TX_2,379.14059463657225,369.92706762363434,9.213527012937918,0.0,0.9777451038334831,0.9743589743589743,0.02564102564102564,4.7426547131235175,46.0
pp_quantile_calibrated,FOODS_2_332_WI_1,341.78146386696267,256.10290744190166,85.67855642506103,0.0,0.7427070377625795,0.8974358974358975,0.10256410256410256,3.2833706082295087,37.0
pp_quantile_calibrated,FOODS_2_338_TX_3,767.0352611762096,527.1438682925702,239.8913928836394,0.0,0.7778783399225561,0.7948717948717948,0.20512820512820512,6.758254721699618,120.0
pp_quantile_calibrated,FOODS_2_340_WI_2,746.243253400313,585.1232759748548,161.11997742545833,0.0,0.8054106552832628,0.8589743589743589,0.14102564102564102,7.501580461216087,92.0
pp_quantile_calibrated,FOODS_2_342_CA_3,2493.124009189446,1454.7030626137328,1038.420946575713,0.0,0.726587428495073,0.7307692307692307,0.2692307692307692,18.650039264278625,422.0
pp_quantile_calibrated,FOODS_2_347_WI_3,4266.513884924879,2141.1091062945793,2125.4047786302995,0.0,0.647528229082869,0.6923076923076923,0.3076923076923077,27.4501167473664,670.0
pp_quantile_calibrated,FOODS_2_350_WI_2,730.9338324918318,641.5580198798409,89.37581261199091,0.0,0.6575639363525253,0.8846153846153846,0.11538461538461539,8.225102818972319,29.0
pp_quantile_calibrated,FOODS_2_351_CA_1,477.69993261531977,315.2279608013392,162.47197181398062,0.0,0.652837667064144,0.8846153846153846,0.11538461538461539,4.041384112837682,52.0
pp_quantile_calibrated,FOODS_2_354_CA_4,344.49240530536576,251.8060757557074,92.68632954965838,0.0,0.4579746809961498,0.8974358974358975,0.10256410256410256,3.2282830225090695,19.0
pp_quantile_calibrated,FOODS_2_355_WI_2,894.315654792938,571.957710392087,322.3579444008509,0.0,0.7658983700792659,0.7948717948717948,0.20512820512820512,7.332791158872911,153.0
pp_quantile_calibrated,FOODS_2_356_CA_2,829.8292676786282,571.479198335948,258.35006934268023,0.0,0.788929681909575,0.8461538461538461,0.15384615384615385,7.326656388922411,136.0
pp_quantile_calibrated,FOODS_2_370_CA_2,540.9717198615601,362.95248739403854,178.01923246752156,0.0,0.5791507506677978,0.8461538461538461,0.15384615384615385,4.653237017872289,47.0
pp_quantile_calibrated,FOODS_2_370_CA_3,625.6697783714776,502.8613046826924,122.80847368878521,0.0,0.6209615009605395,0.8846153846153846,0.11538461538461539,6.446939803624261,36.0
pp_quantile_calibrated,FOODS_2_371_WI_3,3483.8706783502203,2222.1838359500625,1261.6868424001577,0.0,0.7767716131634539,0.7564102564102564,0.24358974358974358,28.489536358334135,628.0
pp_quantile_calibrated,FOODS_2_376_TX_1,396.6624936403275,343.5592495240593,53.103244116268215,0.0,0.8744604158007844,0.9230769230769231,0.07692307692307693,4.4046057631289655,47.0
pp_quantile_calibrated,FOODS_2_386_CA_2,520.870006043865,416.07503290306266,104.79497314080237,0.0,0.7623696754176816,0.9102564102564102,0.08974358974358974,5.334295293629008,49.0
pp_quantile_calibrated,FOODS_2_387_WI_2,614.2193295025968,446.58224237880427,167.63708712379247,0.0,0.8321951079841917,0.8076923076923077,0.19230769230769232,5.725413363830824,111.0
pp_quantile_calibrated,FOODS_2_389_TX_2,404.1588673611113,404.1588673611113,0.0,0.0,1.0,1.0,0.0,5.181523940527067,3.0
pp_quantile_calibrated,FOODS_2_390_CA_4,470.405853285903,470.405853285903,0.0,0.0,1.0,1.0,0.0,6.030844272896192,4.0
pp_quantile_calibrated,FOODS_2_399_TX_2,762.5364244146476,562.6479293371184,199.8884950775292,0.0,0.7943534001259989,0.8589743589743589,0.14102564102564102,7.213434991501518,108.0
pp_quantile_calibrated,FOODS_3_003_WI_3,903.5277112374299,816.68835686093,86.83935437649998,0.0,0.7162112602075164,0.9358974358974359,0.0641025641025641,10.470363549499101,34.0
pp_quantile_calibrated,FOODS_3_009_CA_4,348.14736957478124,257.4476205567046,90.69974901807664,0.0,0.7900468772729708,0.8589743589743589,0.14102564102564102,3.300610519957751,48.0
pp_quantile_calibrated,FOODS_3_009_TX_2,634.8058780760878,528.5480720567361,106.25780601935162,0.0,0.844652330381065,0.9102564102564102,0.08974358974358974,6.77625733406072,76.0
pp_quantile_calibrated,FOODS_3_011_CA_1,1260.0635068708048,628.0181720057866,632.045334865018,0.0,0.6946640894371894,0.7051282051282052,0.2948717948717949,8.051515025715213,230.0
pp_quantile_calibrated,FOODS_3_014_CA_1,790.6935381585808,790.6935381585808,0.0,0.0,1.0,1.0,0.0,10.13709664305873,2.0
pp_quantile_calibrated,FOODS_3_019_TX_2,445.38589444901623,445.38589444901623,0.0,0.0,1.0,1.0,0.0,5.710075569859183,48.0
pp_quantile_calibrated,FOODS_3_022_CA_1,252.84713690063808,246.67734806603383,6.169788834604244,0.0,0.976360962319524,0.9871794871794872,0.01282051282051282,3.16253010341069,29.0
pp_quantile_calibrated,FOODS_3_023_TX_1,585.7680254819604,352.595504014276,233.17252146768436,0.0,0.6915707387993594,0.8205128205128205,0.1794871794871795,4.520455179670205,84.0
pp_quantile_calibrated,FOODS_3_023_TX_3,387.51992539991755,298.7638756728164,88.75604972710111,0.0,0.8356369449498128,0.8846153846153846,0.11538461538461539,3.8303060983694412,60.0
pp_quantile_calibrated,FOODS_3_023_WI_2,419.3352131383177,332.8956456669364,86.43956747138134,0.0,0.8187849738545465,0.8846153846153846,0.11538461538461539,4.267892893165851,53.0
pp_quantile_calibrated,FOODS_3_024_TX_3,1480.1628155340502,1447.742937707212,32.41987782683825,0.0,0.9815271351414028,0.9615384615384616,0.038461538461538464,18.560806893682205,195.0
pp_quantile_calibrated,FOODS_3_024_WI_1,2297.3169074771745,2198.3169074771745,99.0,0.0,0.8533333333333334,0.9743589743589743,0.02564102564102564,28.18355009586121,75.0
pp_quantile_calibrated,FOODS_3_026_CA_1,1060.7607248836457,682.6606914936597,378.1000333899859,0.0,0.7557493324354096,0.7948717948717948,0.20512820512820512,8.75206014735461,172.0
pp_quantile_calibrated,FOODS_3_030_TX_3,8888.185193317226,4692.881369276933,4195.303824040294,0.0,0.721538309834044,0.6538461538461539,0.34615384615384615,60.16514575996067,1674.0
pp_quantile_calibrated,FOODS_3_034_CA_1,909.249020231938,546.3425938825003,362.9064263494377,0.0,0.7180214247479116,0.8205128205128205,0.1794871794871795,7.004392229262824,143.0
pp_quantile_calibrated,FOODS_3_035_WI_1,552.4378877087663,452.00948143801537,100.42840627075094,0.0,0.8170702982317833,0.9230769230769231,0.07692307692307693,5.794993351769428,61.0
pp_quantile_calibrated,FOODS_3_036_CA_4,459.1174093951655,431.8508807195406,27.26652867562491,0.0,0.6633761891898159,0.9743589743589743,0.02564102564102564,5.536549752814623,9.0
pp_quantile_calibrated,FOODS_3_038_CA_4,463.28787669630526,316.1937870074381,147.09408968886711,0.0,0.7631335109680079,0.8717948717948718,0.1282051282051282,4.05376650009536,69.0
pp_quantile_calibrated,FOODS_3_038_WI_1,578.9562030725571,389.2762174323226,189.67998564023446,0.0,0.707283972777416,0.8333333333333334,0.16666666666666666,4.990720736311828,72.0
pp_quantile_calibrated,FOODS_3_040_WI_1,1040.5208404325672,619.3445017364726,421.1763386960945,0.0,0.4800292114863031,0.717948717948718,0.28205128205128205,7.940314124826571,90.0
pp_quantile_calibrated,FOODS_3_048_TX_1,755.1700652417198,731.6832154244687,23.486849817251148,0.0,0.9592242190672723,0.9743589743589743,0.02564102564102564,9.380554043903444,64.0
pp_quantile_calibrated,FOODS_3_048_TX_3,755.8254935395845,646.7722936492163,109.0531998903682,0.0,0.8888346586234779,0.9102564102564102,0.08974358974358974,8.29195248268226,109.0
pp_quantile_calibrated,FOODS_3_049_TX_1,356.8648247875307,330.3251141238185,26.53971066371222,0.0,0.8946836878424119,0.9743589743589743,0.02564102564102564,4.2349373605617755,28.0
pp_quantile_calibrated,FOODS_3_050_CA_2,450.5714901750912,334.2491082520278,116.3223819230634,0.0,0.8070938939916029,0.8717948717948718,0.1282051282051282,4.2852449775901,67.0
pp_quantile_calibrated,FOODS_3_053_CA_4,686.2449895323463,422.50623298413797,263.7387565482083,0.0,0.6707381316501769,0.8461538461538461,0.15384615384615385,5.416746576719717,89.0
pp_quantile_calibrated,FOODS_3_054_WI_3,1037.3999999999987,1037.3999999999987,0.0,0.0,1.0,1.0,0.0,13.299999999999983,0.0
pp_quantile_calibrated,FOODS_3_057_WI_3,266.139021075778,227.94600019591437,38.193020879863596,0.0,0.7878165506674245,0.9358974358974359,0.0641025641025641,2.922384617896338,20.0
pp_quantile_calibrated,FOODS_3_066_CA_4,1799.8375371433835,982.9354313513832,816.9021057920003,0.0,0.6735003573972821,0.7051282051282052,0.2948717948717949,12.601736299376707,278.0
pp_quantile_calibrated,FOODS_3_066_TX_3,1658.3964377243583,1024.531962642719,633.8644750816392,0.0,0.7227189522827475,0.7564102564102564,0.24358974358974358,13.13502516208614,254.0
pp_quantile_calibrated,FOODS_3_067_CA_4,512.0738311168386,326.40413457153477,185.66969654530385,0.0,0.7628739507722812,0.8333333333333334,0.16666666666666666,4.184668391942753,87.0
pp_quantile_calibrated,FOODS_3_072_WI_3,298.7770195157671,229.54091178406966,69.23610773169743,0.0,0.7863083094700696,0.9230769230769231,0.07692307692307693,2.9428322023598676,36.0
pp_quantile_calibrated,FOODS_3_074_CA_2,1061.589802067263,581.2677240919875,480.3220779752755,0.0,0.7083654657102152,0.7435897435897436,0.2564102564102564,7.4521503088716345,183.0
pp_quantile_calibrated,FOODS_3_091_TX_1,295.32118216550094,167.76807188194698,127.55311028355396,0.0,0.6919006997981788,0.8589743589743589,0.14102564102564102,2.1508727164352175,46.0
pp_quantile_calibrated,FOODS_3_091_WI_1,297.8628147967313,190.20431382944764,107.65850096728367,0.0,0.5875153219644303,0.8717948717948718,0.1282051282051282,2.4385168439672773,29.0
pp_quantile_calibrated,FOODS_3_094_TX_2,716.0883980876904,556.1254419766648,159.96295611102556,0.0,0.8204680627261216,0.8717948717948718,0.1282051282051282,7.1298133586751895,99.0
pp_quantile_calibrated,FOODS_3_101_WI_3,1863.5895646476733,1165.9238011149343,697.665763532739,0.0,0.721156769171567,0.7435897435897436,0.2564102564102564,14.947741039935055,278.0
pp_quantile_calibrated,FOODS_3_102_WI_2,739.4719541428798,482.4903882555694,256.98156588731035,0.0,0.7404226607198886,0.8333333333333334,0.16666666666666666,6.1857742084047365,110.0
pp_quantile_calibrated,FOODS_3_103_TX_1,234.37276449907506,199.35595831899084,35.0168061800842,0.0,0.8308366851203661,0.9487179487179487,0.05128205128205128,2.5558456194742414,23.0
pp_quantile_calibrated,FOODS_3_103_WI_1,694.5709634268873,423.3510579264607,271.21990550042653,0.0,0.7800325178423142,0.7948717948717948,0.20512820512820512,5.427577665723855,137.0
pp_quantile_calibrated,FOODS_3_110_WI_1,238.74820709089292,210.8351333135486,27.913073777344316,0.0,0.8707728065863689,0.9358974358974359,0.0641025641025641,2.7030145296608796,24.0
pp_quantile_calibrated,FOODS_3_111_TX_1,323.53305738610857,249.36511498551732,74.16794240059122,0.0,0.5421731950580789,0.8974358974358975,0.10256410256410256,3.1969886536604784,18.0
pp_quantile_calibrated,FOODS_3_111_WI_1,326.1838725656043,290.07115064153135,36.112721924072936,0.0,0.8746086044303023,0.9358974358974359,0.0641025641025641,3.7188609056606583,32.0
pp_quantile_calibrated,FOODS_3_117_CA_4,553.418172193375,341.9058371914979,211.51233500187706,0.0,0.6987003774902038,0.8333333333333334,0.16666666666666666,4.3834081691217675,78.0
pp_quantile_calibrated,FOODS_3_120_TX_1,6546.240978409531,2799.3179670291347,3746.9230113803965,0.0,0.5575719670114067,0.6410256410256411,0.358974358974359,35.88869188498891,941.0
pp_quantile_calibrated,FOODS_3_125_CA_1,866.3104727680048,820.9623164446826,45.3481563233222,0.0,0.8950274159182356,0.9487179487179487,0.05128205128205128,10.525157903136957,48.0
pp_quantile_calibrated,FOODS_3_126_WI_1,667.0020043679349,473.70038192483423,193.30162244310065,0.0,0.8281763356061327,0.8333333333333334,0.16666666666666666,6.073081819549157,125.0
pp_quantile_calibrated,FOODS_3_133_CA_1,3231.995067504939,1618.9217655811767,1613.0733019237623,0.0,0.6855607598589157,0.6538461538461539,0.34615384615384615,20.755407251040726,570.0
pp_quantile_calibrated,FOODS_3_133_CA_2,2343.7559593534415,1326.2644362653516,1017.4915230880899,0.0,0.7504313163875178,0.6666666666666666,0.3333333333333333,17.00339020853015,453.0
pp_quantile_calibrated,FOODS_3_133_TX_1,1551.260588346509,1032.375566495338,518.8850218511708,0.0,0.7131647198169316,0.7692307692307693,0.23076923076923078,13.235584185837666,201.0
pp_quantile_calibrated,FOODS_3_134_TX_1,1989.7650645772483,1072.109619062495,917.6554455147533,0.0,0.6965425114038515,0.7307692307692307,0.2692307692307692,13.744995116185834,336.0
pp_quantile_calibrated,FOODS_3_136_CA_1,2009.218306314903,1000.4806080713626,1008.7376982435404,0.0,0.697892273661713,0.6153846153846154,0.38461538461538464,12.826674462453367,371.0
pp_quantile_calibrated,FOODS_3_138_WI_3,984.5386504175206,489.9902304727576,494.54841994476294,0.0,0.6709591350999582,0.7307692307692307,0.2692307692307692,6.281926031702021,167.0
pp_quantile_calibrated,FOODS_3_141_TX_3,283.99718337812425,241.37193270370423,42.62525067442,0.0,0.784720956189798,0.9358974358974359,0.0641025641025641,3.094511957739798,22.0
pp_quantile_calibrated,FOODS_3_154_CA_1,317.53129820799944,301.86845324965356,15.662844958345907,0.0,0.9419894631172373,0.9871794871794872,0.01282051282051282,3.8701083749955583,30.0
pp_quantile_calibrated,FOODS_3_155_TX_1,245.81637502872334,213.42549771353345,32.39087731518989,0.0,0.8000563128691982,0.9358974358974359,0.0641025641025641,2.7362243296606854,18.0
pp_quantile_calibrated,FOODS_3_157_CA_2,545.9059740180008,489.7161988278149,56.18977519018596,0.0,0.8959448607589148,0.9102564102564102,0.08974358974358974,6.278412805484806,60.0
pp_quantile_calibrated,FOODS_3_158_WI_3,261.21571489771287,201.4377950450559,59.77791985265695,0.0,0.7709658243193221,0.9230769230769231,0.07692307692307693,2.582535833910973,29.0
pp_quantile_calibrated,FOODS_3_160_CA_1,376.0,61.0,315.0,0.0,0.027777777777777776,0.8461538461538461,0.15384615384615385,0.782051282051282,36.0
pp_quantile_calibrated,FOODS_3_160_TX_1,468.0,468.0,0.0,0.0,1.0,1.0,0.0,6.0,0.0
pp_quantile_calibrated,FOODS_3_160_WI_2,142.60961815236377,29.95842123484062,112.65119691752314,0.0,0.03716925711518683,0.9230769230769231,0.07692307692307693,0.3840823235235977,13.0
pp_quantile_calibrated,FOODS_3_161_WI_1,370.66863705159966,358.6629106365749,12.005726415024762,0.0,0.9297910735963463,0.9743589743589743,0.02564102564102564,4.598242444058653,19.0
pp_quantile_calibrated,FOODS_3_162_WI_2,430.7429913635077,398.50996073025635,32.233030633251346,0.0,0.9412877401944421,0.9358974358974359,0.0641025641025641,5.109102060644312,61.0
pp_quantile_calibrated,FOODS_3_163_TX_2,483.9442839113765,273.152938506599,210.79134540477745,0.0,0.7307901080398757,0.8333333333333334,0.16666666666666666,3.501960750084603,87.0
pp_quantile_calibrated,FOODS_3_169_TX_3,1167.3410808744889,812.0867079652073,355.25437290928164,0.0,0.7436837136296669,0.8076923076923077,0.19230769230769232,10.411368050835991,154.0
pp_quantile_calibrated,FOODS_3_171_WI_2,215.72433996331537,203.57558687413265,12.148753089182726,0.0,0.9100092363764243,0.9743589743589743,0.02564102564102564,2.6099434214632393,15.0
pp_quantile_calibrated,FOODS_3_172_CA_3,880.1810936006575,641.5054580186404,238.67563558201715,0.0,0.840243885152599,0.7948717948717948,0.20512820512820512,8.224428948956929,166.0
pp_quantile_calibrated,FOODS_3_172_TX_3,960.2852234321361,723.7878544778793,236.4973689542569,0.0,0.7734699531089493,0.8589743589743589,0.14102564102564102,9.279331467665118,116.0
pp_quantile_calibrated,FOODS_3_176_WI_3,371.40551159564785,283.62996932215816,87.7755422734897,0.0,0.7832702659913834,0.9358974358974359,0.0641025641025641,3.6362816579763866,45.0
pp_quantile_calibrated,FOODS_3_178_WI_2,748.845216143776,462.32891570218254,286.5163004415935,0.0,0.7279047479187145,0.8333333333333334,0.16666666666666666,5.927293791053622,117.0
pp_quantile_calibrated,FOODS_3_180_WI_1,514.1072114610016,394.1997796299539,119.90743183104765,0.0,0.7815893773569259,0.8846153846153846,0.11538461538461539,5.053843328589153,61.0
pp_quantile_calibrated,FOODS_3_184_WI_3,1463.0,1094.0,369.0,0.0,0.3387096774193548,0.782051282051282,0.21794871794871795,14.025641025641026,62.0
pp_quantile_calibrated,FOODS_3_192_TX_2,804.9991288410972,516.0140812012169,288.9850476398803,0.0,0.749144923923715,0.782051282051282,0.21794871794871795,6.615565143605345,128.0
pp_quantile_calibrated,FOODS_3_197_WI_1,417.44287936649306,367.9552393829759,49.487639983517184,0.0,0.8281679167238987,0.9230769230769231,0.07692307692307693,4.717374863884307,32.0
pp_quantile_calibrated,FOODS_3_198_TX_2,616.0,616.0,0.0,0.0,1.0,1.0,0.0,7.897435897435898,2.0
pp_quantile_calibrated,FOODS_3_198_WI_3,316.17676707607967,316.17676707607967,0.0,0.0,1.0,1.0,0.0,4.053548295847175,4.0
pp_quantile_calibrated,FOODS_3_199_CA_2,1091.446098415852,929.382072646509,162.0640257693431,0.0,0.5998419116806343,0.8717948717948718,0.1282051282051282,11.915154777519346,45.0
pp_quantile_calibrated,FOODS_3_199_TX_1,608.7429549850738,540.3032505243971,68.43970446067664,0.0,0.7183551256762278,0.9230769230769231,0.07692307692307693,6.926964750312783,27.0
pp_quantile_calibrated,FOODS_3_204_CA_2,429.9241997932007,311.9117178956704,118.01248189753031,0.0,0.7951172189278988,0.8717948717948718,0.1282051282051282,3.9988681781496203,64.0
pp_quantile_calibrated,FOODS_3_204_CA_4,473.2562873680665,400.32117858832,72.93510877974657,0.0,0.8275765749887788,0.9487179487179487,0.05128205128205128,5.132322802414358,47.0
pp_quantile_calibrated,FOODS_3_205_TX_1,1179.2402307427562,1179.2402307427562,0.0,0.0,1.0,1.0,0.0,15.118464496702003,10.0
pp_quantile_calibrated,FOODS_3_208_WI_3,543.4769122990491,301.0026442099015,242.4742680891476,0.0,0.7039386226017733,0.7564102564102564,0.24358974358974358,3.8590082591013015,91.0
pp_quantile_calibrated,FOODS_3_209_TX_2,337.5999128559765,330.14574166954844,7.454171186428073,0.0,0.9362891351587344,0.9871794871794872,0.01282051282051282,4.232637713712159,13.0
pp_quantile_calibrated,FOODS_3_210_TX_1,199.91961132406013,199.91961132406013,0.0,0.0,1.0,1.0,0.0,2.563071940052053,0.0
pp_quantile_calibrated,FOODS_3_211_CA_1,999.0034253868407,469.2257999309618,529.7776254558789,0.0,0.5912209680124391,0.717948717948718,0.28205128205128205,6.01571538373028,144.0
pp_quantile_calibrated,FOODS_3_215_CA_3,1070.6542738967014,725.1884361265556,345.4658377701457,0.0,0.7890928951342211,0.8461538461538461,0.15384615384615385,9.297287642648149,182.0
pp_quantile_calibrated,FOODS_3_215_CA_4,818.9247301134976,495.50864577414137,323.41608433935625,0.0,0.6577607573128507,0.7435897435897436,0.2564102564102564,6.352674945822325,105.0
pp_quantile_calibrated,FOODS_3_224_CA_1,865.9839690140991,374.3018658697182,491.68210314438096,0.0,0.6520296509947764,0.6538461538461539,0.34615384615384615,4.7987418701245925,157.0
pp_quantile_calibrated,FOODS_3_229_CA_1,543.5060974736873,387.8726873112959,155.63341016239133,0.0,0.6609293896244198,0.8846153846153846,0.11538461538461539,4.97272676040123,51.0
pp_quantile_calibrated,FOODS_3_232_WI_3,475.8223166492505,383.0926073075143,92.72970934173622,0.0,0.8126672538550783,0.8974358974358975,0.10256410256410256,4.91144368342967,55.0
pp_quantile_calibrated,FOODS_3_237_WI_3,643.1200815568156,577.3109510431793,65.80913051363632,0.0,0.8739288687478232,0.9230769230769231,0.07692307692307693,7.4014224492715295,58.0
pp_quantile_calibrated,FOODS_3_239_CA_4,376.93705314466763,259.2981236859132,117.63892945875445,0.0,0.7623455970530213,0.8974358974358975,0.10256410256410256,3.324334919050169,55.0
pp_quantile_calibrated,FOODS_3_240_TX_3,542.0912633096407,401.5448326422653,140.54643066737543,0.0,0.773677245302133,0.8846153846153846,0.11538461538461539,5.148010674900838,69.0
pp_quantile_calibrated,FOODS_3_243_WI_1,372.5996188324307,363.9630721272823,8.636546705148334,0.0,0.9494938789172612,0.9871794871794872,0.01282051282051282,4.6661932324010555,19.0
pp_quantile_calibrated,FOODS_3_246_CA_2,904.7848791752536,583.0636259184181,321.72125325683555,0.0,0.7409651745114045,0.8205128205128205,0.1794871794871795,7.4751746912617705,138.0
pp_quantile_calibrated,FOODS_3_246_TX_2,430.96336341827543,320.74792700254335,110.21543641573206,0.0,0.7924379728517287,0.8717948717948718,0.1282051282051282,4.1121529102890175,59.0
pp_quantile_calibrated,FOODS_3_247_CA_3,764.7324580172626,481.2369796151113,283.4954784021514,0.0,0.6294176752913054,0.8076923076923077,0.19230769230769232,6.1697048668604015,85.0
pp_quantile_calibrated,FOODS_3_255_WI_2,329.3959674047959,326.7808392513743,2.6151281534216277,0.0,0.9883772082070149,0.9871794871794872,0.01282051282051282,4.189497939120183,25.0
pp_quantile_calibrated,FOODS_3_256_WI_1,246.92136958672495,223.451591250583,23.469778336141967,0.0,0.7102496501710868,0.9615384615384616,0.038461538461538464,2.8647639903920896,9.0
pp_quantile_calibrated,FOODS_3_257_TX_2,877.8697871176848,622.8785258239351,254.99126129374972,0.0,0.812368461152502,0.8076923076923077,0.19230769230769232,7.985622125947886,151.0
pp_quantile_calibrated,FOODS_3_258_CA_3,2076.796168725386,1232.17364491913,844.6225238062559,0.0,0.7039528482978423,0.782051282051282,0.21794871794871795,15.797098011783719,317.0
pp_quantile_calibrated,FOODS_3_258_TX_1,1222.49936801871,894.8026721780673,327.6966958406425,0.0,0.8241026860758763,0.782051282051282,0.21794871794871795,11.471829130488041,207.0
pp_quantile_calibrated,FOODS_3_258_TX_2,1220.9525058459417,887.0459868895473,333.9065189563944,0.0,0.8241671832773068,0.7948717948717948,0.20512820512820512,11.372384447301888,211.0
pp_quantile_calibrated,FOODS_3_258_WI_2,2165.3991684373686,1208.4508118889946,956.948356548374,0.0,0.7013269798538158,0.717948717948718,0.28205128205128205,15.492959126781983,356.0
pp_quantile_calibrated,FOODS_3_265_TX_3,503.44174359904343,436.9665516159096,66.47519198313378,0.0,0.9076733444678698,0.9102564102564102,0.08974358974358974,5.602135277127046,80.0
pp_quantile_calibrated,FOODS_3_265_WI_2,461.4510113826345,368.4539795690836,92.99703181355092,0.0,0.8480440656641325,0.9230769230769231,0.07692307692307693,4.7237689688344044,68.0
pp_quantile_calibrated,FOODS_3_270_WI_3,254.57653007195142,206.5465454467703,48.029984625181115,0.0,0.8278495174724692,0.9487179487179487,0.05128205128205128,2.6480326339329525,31.0
pp_quantile_calibrated,FOODS_3_271_WI_2,712.7020272672257,665.1415713537552,47.560455913470435,0.0,0.8921531611939446,0.9487179487179487,0.05128205128205128,8.527456042996862,49.0
pp_quantile_calibrated,FOODS_3_277_CA_4,631.6227469039213,385.91828303354026,245.704463870381,0.0,0.6629568396839767,0.8205128205128205,0.1794871794871795,4.947670295301799,81.0
pp_quantile_calibrated,FOODS_3_278_WI_2,2533.9074202501697,1628.395336691941,905.5120835582287,0.0,0.7718538464201993,0.7948717948717948,0.20512820512820512,20.876863290922323,441.0
pp_quantile_calibrated,FOODS_3_279_TX_3,216.04490583176727,207.89885067579266,8.146055155974608,0.0,0.9353487686033761,0.9871794871794872,0.01282051282051282,2.66536988045888,14.0
pp_quantile_calibrated,FOODS_3_280_WI_3,389.484955967711,216.8690914412878,172.6158645264232,0.0,0.6855813032305589,0.8076923076923077,0.19230769230769232,2.7803729671959974,61.0
pp_quantile_calibrated,FOODS_3_282_WI_3,14651.055449157775,8369.564138851312,6281.491310306463,0.0,0.6942866934196494,0.6666666666666666,0.3333333333333333,107.3021043442476,2283.0
pp_quantile_calibrated,FOODS_3_286_TX_3,349.42687733699927,320.54698300427657,28.879894332722678,0.0,0.9056212603505794,0.9487179487179487,0.05128205128205128,4.1095767051830325,34.0
pp_quantile_calibrated,FOODS_3_286_WI_3,473.6877930344525,350.57680861698543,123.11098441746708,0.0,0.8017536482810513,0.8461538461538461,0.15384615384615385,4.494574469448531,69.0
pp_quantile_calibrated,FOODS_3_289_TX_3,246.3951670231227,236.5174225321078,9.877744491014907,0.0,0.942235412333246,0.9743589743589743,0.02564102564102564,3.0322746478475358,19.0
pp_quantile_calibrated,FOODS_3_295_TX_1,4736.54186063268,2613.565105429475,2122.9767552032054,0.0,0.6541256508303673,0.7051282051282052,0.2948717948717949,33.50724494140353,682.0
pp_quantile_calibrated,FOODS_3_296_CA_4,520.1864619663711,426.9795119656598,93.20695000071134,0.0,0.8329624551958578,0.8974358974358975,0.10256410256410256,5.474096307252049,62.0
pp_quantile_calibrated,FOODS_3_300_WI_2,2295.730048610297,804.8840408568273,1490.8460077534698,0.0,0.4790894452293956,0.6538461538461539,0.34615384615384615,10.319026164831119,318.0
pp_quantile_calibrated,FOODS_3_302_CA_4,1563.2133925263572,1110.4647931353127,452.7485993910445,0.0,0.7557990294546686,0.7564102564102564,0.24358974358974358,14.236728117119393,206.0
pp_quantile_calibrated,FOODS_3_309_CA_2,240.8598265287583,218.7436284636407,22.116198065117597,0.0,0.897610194142974,0.9615384615384616,0.038461538461538464,2.804405493123599,24.0
pp_quantile_calibrated,FOODS_3_309_WI_1,313.87470859055463,290.37391498954344,23.500793601011225,0.0,0.903288915222176,0.9487179487179487,0.05128205128205128,3.7227424998659413,27.0
pp_quantile_calibrated,FOODS_3_316_TX_3,330.3329142295502,273.9883894321796,56.34452479737064,0.0,0.7278042280320258,0.9230769230769231,0.07692307692307693,3.5126716593869176,23.0
pp_quantile_calibrated,FOODS_3_318_TX_2,4170.128304968497,2430.4867138045943,1739.6415911639024,0.0,0.642710702163914,0.6666666666666666,0.3333333333333333,31.160086074417876,541.0
pp_quantile_calibrated,FOODS_3_331_TX_1,915.6334369424205,607.9494879808157,307.6839489616049,0.0,0.7849867582378721,0.8076923076923077,0.19230769230769232,7.794224204882252,159.0
pp_quantile_calibrated,FOODS_3_335_TX_1,1563.0,1563.0,0.0,0.0,1.0,1.0,0.0,20.03846153846154,5.0
pp_quantile_calibrated,FOODS_3_337_CA_1,354.2590507185989,304.006488531742,50.25256218685692,0.0,0.8638141946155639,0.9487179487179487,0.05128205128205128,3.8975190837402818,41.0
pp_quantile_calibrated,FOODS_3_346_WI_3,1294.4158113747171,795.3297480523506,499.0860633223666,0.0,0.7371848007781113,0.7692307692307693,0.23076923076923078,10.196535231440393,211.0
pp_quantile_calibrated,FOODS_3_352_CA_1,697.7288330876863,550.8607856372297,146.86804745045657,0.0,0.6291210922968269,0.8717948717948718,0.1282051282051282,7.062317764579868,44.0
pp_quantile_calibrated,FOODS_3_354_WI_2,572.2959661320771,419.86231316350114,152.43365296857593,0.0,0.7223430729169837,0.8461538461538461,0.15384615384615385,5.382850168762835,61.0
pp_quantile_calibrated,FOODS_3_356_CA_1,884.9485098052153,636.5885904289574,248.35991937625784,0.0,0.8275278337664878,0.8846153846153846,0.11538461538461539,8.161392184986633,160.0
pp_quantile_calibrated,FOODS_3_356_TX_2,615.3381795854154,435.37017108875494,179.96800849666047,0.0,0.7917036938696058,0.8333333333333334,0.16666666666666666,5.581668860112243,96.0
pp_quantile_calibrated,FOODS_3_363_WI_3,1803.2844364441894,857.8119874717273,945.4724489724622,0.0,0.5694569904496984,0.717948717948718,0.28205128205128205,10.997589582970862,244.0
pp_quantile_calibrated,FOODS_3_365_TX_1,288.29739019462534,262.42089754270876,25.876492651916585,0.0,0.8486754815677392,0.9487179487179487,0.05128205128205128,3.364370481316779,19.0
pp_quantile_calibrated,FOODS_3_367_TX_1,772.7428506614974,482.30725251128024,290.4355981502172,0.0,0.6836213527775412,0.7948717948717948,0.20512820512820512,6.183426314247183,102.0
pp_quantile_calibrated,FOODS_3_370_CA_1,1100.3252873930744,1022.4118080748883,77.91347931818603,0.0,0.7888523595713116,0.9487179487179487,0.05128205128205128,13.1078436932678,41.0
pp_quantile_calibrated,FOODS_3_372_TX_3,1775.5222412678147,1117.8291697019756,657.6930715658391,0.0,0.8046069306102678,0.7564102564102564,0.24358974358974358,14.33114320130738,374.0
pp_quantile_calibrated,FOODS_3_380_TX_3,311.17794300702377,280.8517347905747,30.32620821644905,0.0,0.8468373322401562,0.9743589743589743,0.02564102564102564,3.60066326654583,22.0
pp_quantile_calibrated,FOODS_3_384_TX_1,277.3407243566376,231.26232520267138,46.07839915396626,0.0,0.7672808123537057,0.9230769230769231,0.07692307692307693,2.9649016051624537,22.0
pp_quantile_calibrated,FOODS_3_385_CA_4,559.5218109154666,418.8393048571667,140.6825060582999,0.0,0.6674172433609932,0.8846153846153846,0.11538461538461539,5.369734677655984,47.0
pp_quantile_calibrated,FOODS_3_385_TX_3,417.2939412396845,337.66392571504355,79.63001552464092,0.0,0.8117493722821728,0.8974358974358975,0.10256410256410256,4.329024688654404,47.0
pp_quantile_calibrated,FOODS_3_387_CA_2,832.8946661272726,660.9466612727222,171.94800485455036,0.0,0.6178933225454436,0.8589743589743589,0.14102564102564102,8.47367514452208,50.0
pp_quantile_calibrated,FOODS_3_390_TX_2,985.9118747834966,635.0092964196963,350.9025783638004,0.0,0.7347675144642477,0.7948717948717948,0.20512820512820512,8.141144825893543,147.0
pp_quantile_calibrated,FOODS_3_392_WI_2,667.0287264510696,368.8841260663115,298.1446003847581,0.0,0.6192278411433484,0.7692307692307693,0.23076923076923078,4.729283667516815,87.0
pp_quantile_calibrated,FOODS_3_392_WI_3,588.6867540615256,302.2859722121423,286.4007818493833,0.0,0.5812854066529485,0.7692307692307693,0.23076923076923078,3.8754611822069527,76.0
pp_quantile_calibrated,FOODS_3_393_CA_3,3586.645784733533,1981.9561404707938,1604.6896442627394,0.0,0.7142646644831304,0.7307692307692307,0.2692307692307692,25.409694108599922,624.0
pp_quantile_calibrated,FOODS_3_398_WI_3,299.8769139926378,228.48788727242703,71.38902672021075,0.0,0.7167102114277351,0.9358974358974359,0.0641025641025641,2.929331888108039,28.0
pp_quantile_calibrated,FOODS_3_403_TX_1,2055.508883408655,1357.4635948467449,698.0452885619103,0.0,0.8070632148806219,0.7692307692307693,0.23076923076923078,17.403379421112113,402.0
pp_quantile_calibrated,FOODS_3_405_TX_3,525.9400154730954,428.837341349142,97.10267412395336,0.0,0.8171324404445324,0.8974358974358975,0.10256410256410256,5.497914632681307,59.0
pp_quantile_calibrated,FOODS_3_408_TX_2,250.8891244767791,249.9478148603609,0.9413096164182133,0.0,0.9869262553275249,0.9871794871794872,0.01282051282051282,3.204459164876422,8.0
pp_quantile_calibrated,FOODS_3_416_CA_4,652.5711716650833,417.94253599916914,234.62863566591415,0.0,0.7339811387007776,0.8076923076923077,0.19230769230769232,5.358237641014989,98.0
pp_quantile_calibrated,FOODS_3_416_WI_3,583.0712516999562,366.426058321591,216.64519337836518,0.0,0.702818664775905,0.8205128205128205,0.1794871794871795,4.697769978481936,81.0
pp_quantile_calibrated,FOODS_3_417_CA_3,520.729795701703,361.84854299802197,158.88125270368104,0.0,0.754812881630122,0.8333333333333334,0.16666666666666666,4.6390838845900255,72.0
pp_quantile_calibrated,FOODS_3_422_CA_1,760.8676827238119,594.115529352326,166.75215337148592,0.0,0.840275715161412,0.8846153846153846,0.11538461538461539,7.616865760927256,116.0
pp_quantile_calibrated,FOODS_3_423_WI_2,633.4533150312304,457.5212109590985,175.93210407213198,0.0,0.7644817883907202,0.8333333333333334,0.16666666666666666,5.865656550757673,83.0
pp_quantile_calibrated,FOODS_3_425_CA_1,362.147571147403,302.3055719650988,59.84199918230425,0.0,0.8992558936324844,0.8974358974358975,0.10256410256410256,3.8757124610910103,66.0
pp_quantile_calibrated,FOODS_3_427_WI_3,510.53959632550914,454.2915419327715,56.248054392737636,0.0,0.6323656575638064,0.9358974358974359,0.0641025641025641,5.824250537599634,17.0
pp_quantile_calibrated,FOODS_3_428_TX_3,279.39745496010045,182.24344859476088,97.15400636533957,0.0,0.5502129334937983,0.9358974358974359,0.0641025641025641,2.336454469163601,24.0
pp_quantile_calibrated,FOODS_3_434_CA_1,1185.0848347305455,726.6447763282058,458.44005840233973,0.0,0.740113345576905,0.782051282051282,0.21794871794871795,9.315958670874434,196.0
pp_quantile_calibrated,FOODS_3_434_WI_1,668.8933735827881,532.2011649119851,136.69220867080298,0.0,0.7860841804838764,0.8974358974358975,0.10256410256410256,6.823091857845962,71.0
pp_quantile_calibrated,FOODS_3_441_TX_2,10865.399999999992,10865.399999999992,0.0,0.0,1.0,1.0,0.0,139.2999999999999,0.0
pp_quantile_calibrated,FOODS_3_444_CA_4,5561.400000000008,5561.400000000008,0.0,0.0,1.0,1.0,0.0,71.3000000000001,0.0
pp_quantile_calibrated,FOODS_3_444_TX_2,21317.39999999997,21317.39999999997,0.0,0.0,1.0,1.0,0.0,273.2999999999996,0.0
pp_quantile_calibrated,FOODS_3_445_CA_3,1302.5293113656821,817.0575431626354,485.4717682030466,0.0,0.5684695393750696,0.8076923076923077,0.19230769230769232,10.475096707213273,125.0
pp_quantile_calibrated,FOODS_3_449_WI_1,829.9141131043011,437.4548076619857,392.4593054423154,0.0,0.7222510223338178,0.717948717948718,0.28205128205128205,5.608394970025458,157.0
pp_quantile_calibrated,FOODS_3_451_CA_4,689.995762453495,399.2773591930386,290.71840326045645,0.0,0.6410883910364734,0.8461538461538461,0.15384615384615385,5.118940502474854,90.0
pp_quantile_calibrated,FOODS_3_453_TX_2,233.66349528230464,217.03187435412758,16.631620928177057,0.0,0.8460035099242865,0.9743589743589743,0.02564102564102564,2.7824599276170203,12.0
pp_quantile_calibrated,FOODS_3_453_WI_2,232.06871330501173,184.63588297843708,47.432830326574646,0.0,0.8353026724771714,0.9102564102564102,0.08974358974358974,2.3671267048517572,32.0
pp_quantile_calibrated,FOODS_3_454_CA_1,2416.8381070765636,2416.8381070765636,0.0,0.0,1.0,1.0,0.0,30.98510393687902,1.0
pp_quantile_calibrated,FOODS_3_455_TX_1,5135.449288910978,1957.7749389021149,3177.6743500088633,0.0,0.6521429282967857,0.5897435897435898,0.41025641025641024,25.099678703873266,1015.0
pp_quantile_calibrated,FOODS_3_456_CA_4,270.28056897314053,215.37249811335593,54.908070859784615,0.0,0.7966367745933902,0.9102564102564102,0.08974358974358974,2.761185873248153,30.0
pp_quantile_calibrated,FOODS_3_457_TX_3,252.53672968294003,224.12618261636203,28.41054706657801,0.0,0.7895515032105332,0.9487179487179487,0.05128205128205128,2.8734125976456673,15.0
pp_quantile_calibrated,FOODS_3_458_TX_1,2327.8617378545055,1325.4626581139526,1002.3990797405529,0.0,0.7660132867085544,0.7564102564102564,0.24358974358974358,16.99311100146093,476.0
pp_quantile_calibrated,FOODS_3_458_WI_1,1672.7898552470406,985.6751201012285,687.1147351458122,0.0,0.7767658430325498,0.6923076923076923,0.3076923076923077,12.636860514118313,342.0
pp_quantile_calibrated,FOODS_3_464_TX_2,418.61361775643263,344.26966190792353,74.34395584850908,0.0,0.7335342084282828,0.9102564102564102,0.08974358974358974,4.4137136142041475,31.0
pp_quantile_calibrated,FOODS_3_465_CA_3,454.6072174238653,360.3844132698223,94.22280415404299,0.0,0.7863428477232585,0.9102564102564102,0.08974358974358974,4.620312990638747,49.0
pp_quantile_calibrated,FOODS_3_465_TX_2,287.2162546758602,266.1260115407448,21.090243135115443,0.0,0.9132088759871791,0.9487179487179487,0.05128205128205128,3.4118719428300617,27.0
pp_quantile_calibrated,FOODS_3_465_WI_3,579.5908769425467,383.60323834580277,195.98763859674395,0.0,0.6487676727656918,0.8589743589743589,0.14102564102564102,4.917990235202599,62.0
pp_quantile_calibrated,FOODS_3_468_TX_2,702.5521644338069,667.3856834294578,35.16648100434902,0.0,0.9764615254321626,0.9487179487179487,0.05128205128205128,8.556226710634075,166.0
pp_quantile_calibrated,FOODS_3_471_WI_3,384.70629219234667,287.55725548057967,97.14903671176701,0.0,0.7601258352795877,0.8974358974358975,0.10256410256410256,3.6866314805202522,45.0
pp_quantile_calibrated,FOODS_3_472_CA_1,309.8815711598056,201.91380181029513,107.96776934951049,0.0,0.6923995175227622,0.8589743589743589,0.14102564102564102,2.5886384847473733,39.0
pp_quantile_calibrated,FOODS_3_474_CA_1,1844.5702861751845,682.3784012580129,1162.1918849171716,0.0,0.5900557725159888,0.6794871794871795,0.32051282051282054,8.748441041769397,315.0
pp_quantile_calibrated,FOODS_3_476_TX_3,1381.4241628692316,780.7892100665082,600.6349528027233,0.0,0.7423273475749793,0.7307692307692307,0.2692307692307692,10.010118077775745,259.0
pp_quantile_calibrated,FOODS_3_479_CA_3,1431.5384988503915,1028.9812843132388,402.5572145371527,0.0,0.7204463787936439,0.7564102564102564,0.24358974358974358,13.192067747605625,160.0
pp_quantile_calibrated,FOODS_3_479_TX_2,935.963808847373,687.2871405832021,248.67666826417093,0.0,0.7576250796645507,0.8333333333333334,0.16666666666666666,8.81137359722054,114.0
pp_quantile_calibrated,FOODS_3_479_TX_3,829.7452559419145,559.0399955653863,270.70526037652814,0.0,0.6961781589489022,0.7948717948717948,0.20512820512820512,7.167179430325466,99.0
pp_quantile_calibrated,FOODS_3_481_TX_2,303.1583580406499,243.4338139688756,59.72454407177428,0.0,0.7926231108618949,0.9487179487179487,0.05128205128205128,3.1209463329343023,32.0
pp_quantile_calibrated,FOODS_3_498_TX_1,2985.9052938193463,1858.8621227211602,1127.0431710981861,0.0,0.6110962142518336,0.8846153846153846,0.11538461538461539,23.83156567591231,322.0
pp_quantile_calibrated,FOODS_3_499_TX_1,4331.990761671242,2415.9357008488023,1916.0550608224391,0.0,0.7431905829215334,0.7307692307692307,0.2692307692307692,30.973534626266694,829.0
pp_quantile_calibrated,FOODS_3_502_TX_2,1262.1850741516187,563.2606476451648,698.924426506454,0.0,0.628429332000822,0.717948717948718,0.28205128205128205,7.221290354425189,209.0
pp_quantile_calibrated,FOODS_3_511_CA_1,8684.593035795877,4171.409163700739,4513.183872095138,0.0,0.7262746317263986,0.6666666666666666,0.3333333333333333,53.479604662829985,1832.0
pp_quantile_calibrated,FOODS_3_511_WI_2,5007.14111123456,2430.679401488351,2576.4617097462096,0.0,0.6099815758785636,0.7051282051282052,0.2948717948717949,31.16255642933783,734.0
pp_quantile_calibrated,FOODS_3_512_CA_1,251.1236015743764,251.1236015743764,0.0,0.0,1.0,1.0,0.0,3.2195333535176465,12.0
pp_quantile_calibrated,FOODS_3_513_CA_1,732.3518858303862,430.4364327008941,301.91545312949216,0.0,0.7551375075997631,0.782051282051282,0.21794871794871795,5.518415803857617,137.0
pp_quantile_calibrated,FOODS_3_514_CA_2,1325.4149468976545,676.7316028706612,648.6833440269934,0.0,0.6738645831940706,0.7307692307692307,0.2692307692307692,8.676046190649503,221.0
pp_quantile_calibrated,FOODS_3_515_CA_1,1272.0989599084987,748.6622043385152,523.4367555699835,0.0,0.6938966341696005,0.7692307692307693,0.23076923076923078,9.598233388955322,190.0
pp_quantile_calibrated,FOODS_3_517_TX_1,258.00195736025165,215.51320750450296,42.48874985574871,0.0,0.7222957525768059,0.9358974358974359,0.0641025641025641,2.76298983980132,17.0
pp_quantile_calibrated,FOODS_3_517_TX_3,188.199497410706,166.0968450129098,22.102652397796177,0.0,0.8555382196222472,0.9615384615384616,0.038461538461538464,2.129446730934741,17.0
pp_quantile_calibrated,FOODS_3_525_CA_4,487.57228519628296,341.48819144058064,146.08409375570233,0.0,0.5838060006960047,0.8974358974358975,0.10256410256410256,4.378053736417701,39.0
pp_quantile_calibrated,FOODS_3_531_CA_3,487.6201152742608,348.7439489121784,138.87616636208244,0.0,0.7292862254150441,0.8717948717948718,0.1282051282051282,4.471076268104851,57.0
pp_quantile_calibrated,FOODS_3_532_TX_3,1005.9248479375677,635.4967048574401,370.4281430801276,0.0,0.7180912153119273,0.8076923076923077,0.19230769230769232,8.147393652018463,146.0
pp_quantile_calibrated,FOODS_3_532_WI_1,2116.48793755975,1279.4909459650441,836.9969915947062,0.0,0.8037981735596095,0.7692307692307693,0.23076923076923078,16.403730076474925,474.0
pp_quantile_calibrated,FOODS_3_533_TX_3,736.3427306618278,493.40034858283013,242.94238207899764,0.0,0.7546036544656589,0.8076923076923077,0.19230769230769232,6.325645494651669,110.0
pp_quantile_calibrated,FOODS_3_533_WI_3,1051.9022374781675,719.3599257423813,332.54231173578637,0.0,0.7969827156680181,0.7564102564102564,0.24358974358974358,9.22256315054335,182.0
pp_quantile_calibrated,FOODS_3_538_WI_1,970.9781288899828,775.1125520720669,195.86557681791587,0.0,0.8568234087588334,0.8461538461538461,0.15384615384615385,9.937340411180346,152.0
pp_quantile_calibrated,FOODS_3_544_TX_2,370.9481581264311,269.13469734487325,101.81346078155786,0.0,0.8082609024829419,0.8717948717948718,0.1282051282051282,3.450444837754785,59.0
pp_quantile_calibrated,FOODS_3_545_CA_2,521.4548941146159,394.28646538074344,127.16842873387236,0.0,0.6553701118323242,0.8846153846153846,0.11538461538461539,5.054954684368505,41.0
pp_quantile_calibrated,FOODS_3_546_CA_1,2413.511753494663,1010.9568145006069,1402.554938994056,0.0,0.5099388752641313,0.6410256410256411,0.358974358974359,12.960984801289833,318.0
pp_quantile_calibrated,FOODS_3_546_CA_3,1672.7874065307594,806.9185960600589,865.8688104707005,0.0,0.6916421615132833,0.717948717948718,0.28205128205128205,10.345110205898191,312.0
pp_quantile_calibrated,FOODS_3_550_TX_1,247.06845603273635,246.97337512692158,0.09508090581475859,0.0,0.9992453896363909,0.9871794871794872,0.01282051282051282,3.1663253221400205,14.0
pp_quantile_calibrated,FOODS_3_555_CA_3,11562.74219403117,5773.359595968928,5789.382598062242,0.0,0.7161232422250543,0.7307692307692307,0.2692307692307692,74.01743071755037,2266.0
pp_quantile_calibrated,FOODS_3_558_CA_4,390.0,390.0,0.0,0.0,1.0,1.0,0.0,5.0,0.0
pp_quantile_calibrated,FOODS_3_563_WI_1,620.836441207387,620.836441207387,0.0,0.0,1.0,1.0,0.0,7.9594415539408585,11.0
pp_quantile_calibrated,FOODS_3_573_WI_2,1395.3979784662981,1076.524249536632,318.8737289296662,0.0,0.7699323745096204,0.8717948717948718,0.1282051282051282,13.801592942777333,154.0
pp_quantile_calibrated,FOODS_3_575_CA_1,447.7924155401956,333.967881144638,113.82453439555758,0.0,0.7567851829154753,0.8717948717948718,0.1282051282051282,4.281639501854333,52.0
pp_quantile_calibrated,FOODS_3_575_WI_1,313.7667860587107,268.512861941073,45.25392411763768,0.0,0.8802806240274135,0.9358974358974359,0.0641025641025641,3.4424725889881156,42.0
pp_quantile_calibrated,FOODS_3_575_WI_2,322.7122846557514,302.74866542040616,19.963619235345224,0.0,0.944545502124041,0.9615384615384616,0.038461538461538464,3.8813931464154634,40.0
pp_quantile_calibrated,FOODS_3_578_WI_1,5111.8427445846055,5111.8427445846055,0.0,0.0,1.0,1.0,0.0,65.53644544339238,0.0
pp_quantile_calibrated,FOODS_3_580_CA_1,2368.9667992349523,1689.6467980233247,679.3200012116279,0.0,0.7342253516386433,0.7948717948717948,0.20512820512820512,21.66213843619647,284.0
pp_quantile_calibrated,FOODS_3_580_CA_3,5683.8218601015205,4203.020568485029,1480.8012916164917,0.0,0.712354061457558,0.8076923076923077,0.19230769230769232,53.8848790831414,572.0
pp_quantile_calibrated,FOODS_3_582_CA_1,562.0028355370786,277.6327572742188,284.37007826285975,0.0,0.5212624945069702,0.8205128205128205,0.1794871794871795,3.5593943240284465,66.0
pp_quantile_calibrated,FOODS_3_585_WI_1,363.73983122347795,215.92929787927787,147.8105333442001,0.0,0.6715321481239998,0.8333333333333334,0.16666666666666666,2.768324331785614,50.0
pp_quantile_calibrated,FOODS_3_588_WI_3,626.1582260533244,495.9962773161806,130.1619487371438,0.0,0.8410721016640491,0.8846153846153846,0.11538461538461539,6.358926632258726,91.0
pp_quantile_calibrated,FOODS_3_596_WI_1,989.3844987999412,590.4893836152198,398.89511518472136,0.0,0.7212472989624588,0.7435897435897436,0.2564102564102564,7.570376713015639,159.0
pp_quantile_calibrated,FOODS_3_599_TX_3,908.5829058698406,908.5829058698406,0.0,0.0,1.0,1.0,0.0,11.648498793203085,2.0
pp_quantile_calibrated,FOODS_3_605_WI_3,682.665062083983,601.3166234310851,81.3484386528979,0.0,0.7621390682663803,0.9230769230769231,0.07692307692307693,7.709187479885706,38.0
pp_quantile_calibrated,FOODS_3_606_TX_3,614.2964698119536,399.6566460038088,214.63982380814474,0.0,0.6330943182766756,0.8076923076923077,0.19230769230769232,5.123803153894984,65.0
pp_quantile_calibrated,FOODS_3_608_CA_3,667.106766711132,532.5872060191011,134.51956069203078,0.0,0.7069290616731355,0.8974358974358975,0.10256410256410256,6.828041102808989,51.0
pp_quantile_calibrated,FOODS_3_610_TX_1,392.82853250408283,364.51704598255543,28.311486521527407,0.0,0.8033924547116152,0.9615384615384616,0.038461538461538464,4.673295461314813,16.0
pp_quantile_calibrated,FOODS_3_615_CA_4,661.7281799074027,446.64783599732164,215.0803439100811,0.0,0.7457679149999041,0.8076923076923077,0.19230769230769232,5.726254307657969,94.0
pp_quantile_calibrated,FOODS_3_618_WI_3,1484.3898677614893,985.0657571102072,499.3241106512821,0.0,0.6829688186341065,0.8846153846153846,0.11538461538461539,12.62904816807958,175.0
pp_quantile_calibrated,FOODS_3_625_TX_1,196.63496284509714,196.63496284509714,0.0,0.0,1.0,1.0,0.0,2.52096106211663,4.0
pp_quantile_calibrated,FOODS_3_626_WI_1,234.88098694651288,230.48995830070314,4.39102864580973,0.0,0.9743214699075454,0.9871794871794872,0.01282051282051282,2.95499946539363,19.0
pp_quantile_calibrated,FOODS_3_626_WI_2,303.3725758143027,263.94724527446874,39.425330539833986,0.0,0.7809703858898112,0.9487179487179487,0.05128205128205128,3.3839390419803683,20.0
pp_quantile_calibrated,FOODS_3_628_WI_1,2320.678144157164,1242.7684779573804,1077.9096661997837,0.0,0.6381639254112844,0.6666666666666666,0.3333333333333333,15.9329292045818,331.0
pp_quantile_calibrated,FOODS_3_633_WI_1,656.921679840746,539.5565448114804,117.3651350292656,0.0,0.7962410850186361,0.8717948717948718,0.1282051282051282,6.917391600147185,64.0
pp_quantile_calibrated,FOODS_3_634_CA_4,1693.9324469758767,1189.7958177460537,504.1366292298231,0.0,0.753237087993234,0.7435897435897436,0.2564102564102564,15.253792535205816,227.0
pp_quantile_calibrated,FOODS_3_638_TX_3,549.8177636950709,388.3715504406082,161.44621325446275,0.0,0.6550294588579857,0.8205128205128205,0.1794871794871795,4.9791224415462585,52.0
pp_quantile_calibrated,FOODS_3_640_WI_2,684.2397989976081,573.8212535753013,110.41854542230683,0.0,0.8503813747665219,0.9102564102564102,0.08974358974358974,7.3566827381448885,82.0
pp_quantile_calibrated,FOODS_3_642_TX_3,611.5087252620141,516.6236134379175,94.88511182409661,0.0,0.8150387683740806,0.9358974358974359,0.0641025641025641,6.623379659460481,57.0
pp_quantile_calibrated,FOODS_3_644_WI_2,384.54046745535305,384.54046745535305,0.0,0.0,1.0,1.0,0.0,4.930005993017347,10.0
pp_quantile_calibrated,FOODS_3_646_CA_2,1056.4640613876613,773.2875088987057,283.1765524889556,0.0,0.47559897687230446,0.8333333333333334,0.16666666666666666,9.913942421778279,60.0
pp_quantile_calibrated,FOODS_3_646_WI_3,1195.226980163407,886.4841507189235,308.7428294444834,0.0,0.6056924272739677,0.8333333333333334,0.16666666666666666,11.365181419473378,87.0
pp_quantile_calibrated,FOODS_3_651_CA_2,1690.352000542392,930.8838755201592,759.4681250222327,0.0,0.7090160440527844,0.7307692307692307,0.2692307692307692,11.934408660514862,290.0
pp_quantile_calibrated,FOODS_3_657_CA_4,597.6629303201211,491.41736399355653,106.24556632656456,0.0,0.7540611890588783,0.8974358974358975,0.10256410256410256,6.3002226153020064,48.0
pp_quantile_calibrated,FOODS_3_658_WI_1,668.2466045207682,455.0178987252038,213.22870579556434,0.0,0.6841056210436084,0.8717948717948718,0.1282051282051282,5.833562804169279,75.0
pp_quantile_calibrated,FOODS_3_658_WI_3,312.19250322302895,276.87138771314676,35.32111550988221,0.0,0.8967218844740287,0.9615384615384616,0.038461538461538464,3.549633175809574,38.0
pp_quantile_calibrated,FOODS_3_662_WI_2,239.50949653829306,238.71482793945168,0.7946685988413851,0.0,0.9919730444561476,0.9871794871794872,0.01282051282051282,3.060446512044252,11.0
pp_quantile_calibrated,FOODS_3_663_CA_1,2496.0,2496.0,0.0,0.0,1.0,1.0,0.0,32.0,0.0
pp_quantile_calibrated,FOODS_3_663_TX_2,707.6432698005583,441.67383837159474,265.9694314289636,0.0,0.6481885827659212,0.8333333333333334,0.16666666666666666,5.662485107328138,84.0
pp_quantile_calibrated,FOODS_3_667_TX_3,212.7435067937949,177.87122558610736,34.87228120768755,0.0,0.701946314464209,0.9487179487179487,0.05128205128205128,2.2804003280270173,13.0
pp_quantile_calibrated,FOODS_3_668_WI_3,3676.3262941326448,1939.5427389479908,1736.783555184654,0.0,0.7341929055425997,0.717948717948718,0.28205128205128205,24.865932550615266,726.0
pp_quantile_calibrated,FOODS_3_669_TX_1,1296.9906714666677,857.7082239629514,439.2824475037164,0.0,0.7210905095214498,0.7692307692307693,0.23076923076923078,10.9962592815763,175.0
pp_quantile_calibrated,FOODS_3_670_CA_4,483.7029065492292,453.08890134456215,30.614005204667073,0.0,0.838021136483243,0.9487179487179487,0.05128205128205128,5.808832068520028,21.0
pp_quantile_calibrated,FOODS_3_672_TX_2,4450.455110543314,1898.515604368091,2551.939506175223,0.0,0.6428855994717013,0.6282051282051282,0.3717948717948718,24.339943645744757,794.0
pp_quantile_calibrated,FOODS_3_677_WI_2,495.13464618983244,379.957646261778,115.17699992805447,0.0,0.8316125732045987,0.8974358974358975,0.10256410256410256,4.871251875151,76.0
pp_quantile_calibrated,FOODS_3_691_WI_1,365.5699008170947,303.7431338615799,61.8267669555148,0.0,0.7783986847472588,0.9358974358974359,0.0641025641025641,3.894142741815127,31.0
pp_quantile_calibrated,FOODS_3_693_WI_2,300.4260295885245,300.4260295885245,0.0,0.0,1.0,1.0,0.0,3.8516157639554423,7.0
pp_quantile_calibrated,FOODS_3_694_WI_3,17041.134477875534,8972.64407666989,8068.490401205643,0.0,0.7492310675615962,0.7307692307692307,0.2692307692307692,115.03389841884476,3575.0
pp_quantile_calibrated,FOODS_3_705_TX_2,453.93471929240343,378.28354110281117,75.65117818959229,0.0,0.821155607116803,0.8846153846153846,0.11538461538461539,4.849788988497579,47.0
pp_quantile_calibrated,FOODS_3_711_CA_3,7607.489856878436,4367.408091314752,3240.081765563684,0.0,0.6610083944796312,0.7564102564102564,0.24358974358974358,55.9924114271122,1062.0
pp_quantile_calibrated,FOODS_3_712_CA_3,1135.0628064405748,609.3185384183462,525.7442680222287,0.0,0.6480962061430866,0.7948717948717948,0.20512820512820512,7.811776133568541,166.0
pp_quantile_calibrated,FOODS_3_718_TX_1,476.82680432606327,476.82680432606327,0.0,0.0,1.0,1.0,0.0,6.113164158026452,6.0
pp_quantile_calibrated,FOODS_3_723_WI_3,11542.506573284545,5665.852140331641,5876.654432952904,0.0,0.7248370823171371,0.6666666666666666,0.3333333333333333,72.63913000425181,2373.0
pp_quantile_calibrated,FOODS_3_727_WI_3,1739.886789950624,1016.5302282857471,723.3565616648768,0.0,0.7218929020896283,0.717948717948718,0.28205128205128205,13.032438824176245,289.0
pp_quantile_calibrated,FOODS_3_730_CA_3,427.97955155528643,342.6104827454389,85.3690688098475,0.0,0.9041873526264338,0.9102564102564102,0.08974358974358974,4.392442086479986,99.0
pp_quantile_calibrated,FOODS_3_734_TX_1,3157.6647905037976,2401.873174740124,755.7916157636738,0.0,0.836938162726284,0.8076923076923077,0.19230769230769232,30.793245830001588,515.0
pp_quantile_calibrated,FOODS_3_735_CA_4,305.6589512770486,252.31652008720596,53.3424311898426,0.0,0.7883236857545928,0.9358974358974359,0.0641025641025641,3.2348271806052047,28.0
pp_quantile_calibrated,FOODS_3_745_TX_3,430.46808103984796,430.46808103984796,0.0,0.0,1.0,1.0,0.0,5.518821551792922,0.0
pp_quantile_calibrated,FOODS_3_746_CA_4,1082.2874888903984,649.0319998391881,433.25548905121036,0.0,0.7117395282427077,0.7307692307692307,0.2692307692307692,8.320923074861385,167.0
pp_quantile_calibrated,FOODS_3_749_CA_1,1615.13400076768,1378.854172393655,236.27982837402485,0.0,0.6302350103692882,0.9487179487179487,0.05128205128205128,17.67761759479045,71.0
pp_quantile_calibrated,FOODS_3_750_CA_2,1489.0,1057.0,432.0,0.0,0.29411764705882354,0.782051282051282,0.21794871794871795,13.551282051282051,68.0
pp_quantile_calibrated,FOODS_3_753_TX_2,1112.6366901700267,775.7727021997282,336.86398797029847,0.0,0.8191819710304356,0.8205128205128205,0.1794871794871795,9.945803874355489,207.0
pp_quantile_calibrated,FOODS_3_755_TX_3,929.3087783387689,715.2667064326793,214.04207190608957,0.0,0.7713225727499042,0.8974358974358975,0.10256410256410256,9.170085979906144,104.0
pp_quantile_calibrated,FOODS_3_756_WI_3,3335.1853148664977,1738.6380348497783,1596.5472800167195,0.0,0.6562129026665118,0.6282051282051282,0.3717948717948718,22.290231216022796,516.0
pp_quantile_calibrated,FOODS_3_757_CA_3,6761.3000000000075,5252.000000000007,1509.3,0.0,0.42764505119453927,0.7948717948717948,0.20512820512820512,67.33333333333343,293.0
pp_quantile_calibrated,FOODS_3_763_TX_2,174.69070351149435,158.8863881647684,15.80431534672595,0.0,0.8243964961474894,0.9615384615384616,0.038461538461538464,2.0370049764713896,10.0
pp_quantile_calibrated,FOODS_3_766_TX_3,198.94203434014108,179.76766564217476,19.174368697966322,0.0,0.874677328771462,0.9615384615384616,0.038461538461538464,2.3047136620791635,17.0
pp_quantile_calibrated,FOODS_3_768_CA_2,1013.4304133572355,507.6969042597688,505.7335090974667,0.0,0.6573621212076783,0.7051282051282052,0.2948717948717949,6.5089346699970365,164.0
pp_quantile_calibrated,FOODS_3_770_WI_3,405.00346308965254,354.6515620006075,50.35190108904507,0.0,0.880964772839137,0.9102564102564102,0.08974358974358974,4.546814897443686,47.0
pp_quantile_calibrated,FOODS_3_774_WI_2,466.91474494701873,343.47310070432286,123.44164424269589,0.0,0.7200869745063586,0.8589743589743589,0.14102564102564102,4.403501291081063,49.0
pp_quantile_calibrated,FOODS_3_779_CA_1,358.41735214974966,358.41735214974966,0.0,0.0,1.0,1.0,0.0,4.595094258330124,27.0
pp_quantile_calibrated,FOODS_3_783_CA_1,1866.2211381237973,1044.8014640071808,821.4196741166165,0.0,0.7200341942342819,0.717948717948718,0.28205128205128205,13.394890564194625,326.0
pp_quantile_calibrated,FOODS_3_783_TX_3,3286.0,3052.0,234.0,0.0,0.7291666666666666,0.8974358974358975,0.10256410256410256,39.12820512820513,96.0
pp_quantile_calibrated,FOODS_3_786_CA_2,630.1184260526719,369.58433701172225,260.53408904094965,0.0,0.5922784209061821,0.8205128205128205,0.1794871794871795,4.738260730919516,71.0
pp_quantile_calibrated,FOODS_3_788_WI_2,1071.8402530227038,709.6729693528517,362.1672836698521,0.0,0.7281026398874983,0.782051282051282,0.21794871794871795,9.098371401959637,148.0
pp_quantile_calibrated,FOODS_3_791_CA_4,401.08886910485785,328.00397524791146,73.08489385694642,0.0,0.8467821931720201,0.8974358974358975,0.10256410256410256,4.205179169845018,53.0
pp_quantile_calibrated,FOODS_3_791_WI_2,719.097751840754,703.4768835238166,15.620868316937372,0.0,0.9530904855347225,0.9871794871794872,0.01282051282051282,9.018934404151494,37.0
pp_quantile_calibrated,FOODS_3_792_CA_1,1098.776419481917,594.7625217831478,504.0138976987691,0.0,0.6521643218089931,0.7435897435897436,0.2564102564102564,7.625160535681382,161.0
pp_quantile_calibrated,FOODS_3_793_WI_1,1188.4710532198244,885.3637922730053,303.10726094681917,0.0,0.8489749571764728,0.8205128205128205,0.1794871794871795,11.350817849653914,223.0
pp_quantile_calibrated,FOODS_3_795_WI_2,1560.3685296504989,1065.0740147785973,495.2945148719016,0.0,0.8034545575905152,0.7435897435897436,0.2564102564102564,13.654795061264068,280.0
pp_quantile_calibrated,FOODS_3_799_TX_1,165.39746455881416,165.39746455881416,0.0,0.0,1.0,1.0,0.0,2.120480314856592,6.0
pp_quantile_calibrated,FOODS_3_802_WI_3,348.37313323014234,282.87302786949186,65.50010536065051,0.0,0.7574070171827759,0.9230769230769231,0.07692307692307693,3.626577280378101,30.0
pp_quantile_calibrated,FOODS_3_805_TX_1,853.8468715318083,585.2432231870675,268.6036483447408,0.0,0.7512929181993141,0.8076923076923077,0.19230769230769232,7.503118245988046,120.0
pp_quantile_calibrated,FOODS_3_806_CA_1,375.9271601491065,311.6284614964018,64.29869865270467,0.0,0.6597952452237847,0.9230769230769231,0.07692307692307693,3.9952366858513053,21.0
pp_quantile_calibrated,FOODS_3_806_CA_4,250.72135844130224,244.31131707931814,6.410041361984089,0.0,0.9287773182001768,0.9871794871794872,0.01282051282051282,3.132196372811771,10.0
pp_quantile_calibrated,FOODS_3_809_CA_1,1192.4438766039377,553.5746370900631,638.8692395138746,0.0,0.6162947510427179,0.7435897435897436,0.2564102564102564,7.097110731923886,185.0
pp_quantile_calibrated,FOODS_3_810_WI_2,994.236946741931,849.917342050723,144.3196046912079,0.0,0.6514019210357297,0.8846153846153846,0.11538461538461539,10.896376180137475,46.0
pp_quantile_calibrated,FOODS_3_813_TX_1,317.60959930146214,214.33504319043575,103.27455611102636,0.0,0.5750018267035952,0.8717948717948718,0.1282051282051282,2.7478851691081507,27.0
pp_quantile_calibrated,FOODS_3_814_CA_3,1176.0972506386006,739.8040623979358,436.29318824066485,0.0,0.763526727240832,0.7692307692307693,0.23076923076923078,9.484667466640202,205.0
pp_quantile_calibrated,FOODS_3_818_CA_3,2054.8040350754977,1452.0467846338554,602.7572504416424,0.0,0.8321477999327089,0.7564102564102564,0.24358974358974358,18.615984418382762,399.0
pp_quantile_calibrated,FOODS_3_821_TX_2,311.91676179515713,224.34118600213736,87.57557579301978,0.0,0.8128727012969663,0.8717948717948718,0.1282051282051282,2.8761690513094536,52.0
pp_quantile_calibrated,FOODS_3_824_TX_3,54.595876855838895,11.256701696272549,43.339175159566345,0.0,0.036907218676303435,0.9487179487179487,0.05128205128205128,0.14431668841375062,5.0
pp_quantile_calibrated,HOBBIES_1_004_WI_3,1178.6307757260934,1142.003305177852,36.627470548241334,0.0,0.9696289630611596,0.9487179487179487,0.05128205128205128,14.641068015100668,134.0
pp_quantile_calibrated,HOBBIES_1_005_WI_1,439.43533702966613,338.59416293726485,100.84117409240129,0.0,0.8249285172006923,0.8717948717948718,0.1282051282051282,4.340950806888011,64.0
pp_quantile_calibrated,HOBBIES_1_009_CA_1,632.9441888748482,548.3107021997573,84.63348667509091,0.0,0.6641528306544011,0.9487179487179487,0.05128205128205128,7.0296243871763755,28.0
pp_quantile_calibrated,HOBBIES_1_009_CA_4,1232.8541848757886,1144.4184071432594,88.43577773252913,0.0,0.9277485476041429,0.9230769230769231,0.07692307692307693,14.672030860811018,136.0
pp_quantile_calibrated,HOBBIES_1_010_CA_3,401.5503264018075,267.2963845101801,134.25394189162742,0.0,0.7016579069074946,0.8461538461538461,0.15384615384615385,3.426876724489488,50.0
pp_quantile_calibrated,HOBBIES_1_012_TX_2,197.1322924666955,173.48649199416835,23.645800472527153,0.0,0.8686344418192936,0.9487179487179487,0.05128205128205128,2.2241857947970303,20.0
pp_quantile_calibrated,HOBBIES_1_023_CA_3,918.6874516205405,393.88399744353984,524.8034541770007,0.0,0.5834893220817455,0.7435897435897436,0.2564102564102564,5.049794839019741,140.0
pp_quantile_calibrated,HOBBIES_1_026_CA_4,406.60797171364254,286.27485723759185,120.33311447605071,0.0,0.7733839652051776,0.8333333333333334,0.16666666666666666,3.670190477405024,59.0
pp_quantile_calibrated,HOBBIES_1_027_CA_1,293.75629619878833,262.50332380337784,31.252972395410502,0.0,0.8978661032829722,0.9615384615384616,0.038461538461538464,3.365427228248434,34.0
pp_quantile_calibrated,HOBBIES_1_028_WI_3,231.5043756139321,184.92701072930353,46.577364884628565,0.0,0.7929894894016507,0.9358974358974359,0.0641025641025641,2.370859111914148,25.0
pp_quantile_calibrated,HOBBIES_1_029_WI_3,174.4178212629878,163.83708212259992,10.58073914038785,0.0,0.9216241545156456,0.9743589743589743,0.02564102564102564,2.1004754118282043,15.0
pp_quantile_calibrated,HOBBIES_1_030_WI_2,924.6686259244439,630.5787032038053,294.0899227206386,0.0,0.636926021332545,0.8205128205128205,0.1794871794871795,8.084342348766734,90.0
pp_quantile_calibrated,HOBBIES_1_032_CA_2,4207.251708033158,2646.1470324642664,1561.1046755688913,0.0,0.6880286419726436,0.782051282051282,0.21794871794871795,33.92496195467008,556.0
pp_quantile_calibrated,HOBBIES_1_043_TX_2,590.5461420128188,457.93752415839225,132.60861785442654,0.0,0.8286710363637899,0.9102564102564102,0.08974358974358974,5.870993899466567,86.0
pp_quantile_calibrated,HOBBIES_1_043_WI_3,1372.0749822133637,796.6272641341643,575.4477180791994,0.0,0.6580821639458114,0.782051282051282,0.21794871794871795,10.213170053002106,187.0
pp_quantile_calibrated,HOBBIES_1_045_CA_4,321.801440306362,305.6526882797741,16.148752026587868,0.0,0.8718353013762867,0.9743589743589743,0.02564102564102564,3.9186242087150527,14.0
pp_quantile_calibrated,HOBBIES_1_050_TX_3,264.6798237053025,130.7340665977538,133.94575710754867,0.0,0.6456461452181252,0.8461538461538461,0.15384615384615385,1.6760777768942796,42.0
pp_quantile_calibrated,HOBBIES_1_054_CA_4,125.79698094563363,100.07993043437384,25.717050511259803,0.0,0.7801961494764119,0.9487179487179487,0.05128205128205128,1.283076031209921,13.0
pp_quantile_calibrated,HOBBIES_1_057_WI_1,431.9585645171485,346.781911780571,85.17665273657748,0.0,0.8608224628487297,0.8974358974358975,0.10256410256410256,4.4459219459047565,68.0
pp_quantile_calibrated,HOBBIES_1_061_CA_4,156.226661465979,152.86197166383045,3.364689802148533,0.0,0.9626145577539053,0.9871794871794872,0.01282051282051282,1.9597688674850058,10.0
pp_quantile_calibrated,HOBBIES_1_065_CA_4,109.32003750470386,105.80858189881339,3.5114556058904767,0.0,0.9442626094303099,0.9743589743589743,0.02564102564102564,1.3565202807540178,7.0
pp_quantile_calibrated,HOBBIES_1_070_WI_2,146.2143959133798,124.21419160775979,22.00020430562001,0.0,0.7555532854931111,0.9615384615384616,0.038461538461538464,1.5924896359969203,10.0
pp_quantile_calibrated,HOBBIES_1_073_CA_2,453.13801075557024,276.7131590114211,176.42485174414912,0.0,0.6560919069314832,0.8717948717948718,0.1282051282051282,3.547604602710527,57.0
pp_quantile_calibrated,HOBBIES_1_074_TX_2,439.18910574197326,313.9783569987508,125.21074874322242,0.0,0.7983723852766144,0.8846153846153846,0.11538461538461539,4.025363551266036,69.0
pp_quantile_calibrated,HOBBIES_1_086_CA_3,735.8290396210597,480.5436573502315,255.2853822708282,0.0,0.7444590768059778,0.7692307692307693,0.23076923076923078,6.160816119874763,111.0
pp_quantile_calibrated,HOBBIES_1_092_CA_3,247.70445463748348,204.04290685138864,43.66154778609483,0.0,0.8529914215956403,0.9230769230769231,0.07692307692307693,2.615934703222931,33.0
pp_quantile_calibrated,HOBBIES_1_092_TX_1,331.33656171049034,269.87078800834917,61.465773702141185,0.0,0.7644989513327924,0.9230769230769231,0.07692307692307693,3.459881897542938,29.0
pp_quantile_calibrated,HOBBIES_1_103_CA_2,2351.20324700995,1485.0572048431386,866.1460421668112,0.0,0.72424513143368,0.7692307692307693,0.23076923076923078,19.039194933886392,349.0
pp_quantile_calibrated,HOBBIES_1_106_TX_3,368.7155214206489,302.8181280706693,65.89739334997961,0.0,0.7638086259857362,0.9102564102564102,0.08974358974358974,3.882283693213709,31.0
pp_quantile_calibrated,HOBBIES_1_106_WI_3,175.04179382681048,163.73597308358592,11.305820743224551,0.0,0.8857997904724794,0.9743589743589743,0.02564102564102564,2.099179142097255,11.0
pp_quantile_calibrated,HOBBIES_1_107_WI_2,479.79936381420816,372.78616039849584,107.01320341571231,0.0,0.7621928812984171,0.8846153846153846,0.11538461538461539,4.779309748698664,50.0
pp_quantile_calibrated,HOBBIES_1_108_CA_3,427.8504374499784,309.5863946061406,118.26404284383784,0.0,0.7978392430019865,0.8589743589743589,0.14102564102564102,3.9690563411043662,65.0
pp_quantile_calibrated,HOBBIES_1_109_CA_3,348.24157101080124,244.0892747869256,104.15229622387562,0.0,0.6596330188762235,0.8974358974358975,0.10256410256410256,3.1293496767554565,34.0
pp_quantile_calibrated,HOBBIES_1_110_CA_3,316.84772215932276,260.9363601902462,55.91136196907655,0.0,0.704172687994304,0.9358974358974359,0.0641025641025641,3.3453379511570027,21.0
pp_quantile_calibrated,HOBBIES_1_110_WI_3,150.51952441941967,119.8167378060935,30.702786613326154,0.0,0.7157149387654987,0.9615384615384616,0.038461538461538464,1.536112023155045,12.0
pp_quantile_calibrated,HOBBIES_1_113_TX_2,320.07189706294935,315.57691740521346,4.494979657735894,0.0,0.9762170388479583,0.9871794871794872,0.01282051282051282,4.045857915451455,21.0
pp_quantile_calibrated,HOBBIES_1_116_CA_1,357.81147124948427,210.5943197742339,147.2171514752504,0.0,0.6661742596933097,0.8333333333333334,0.16666666666666666,2.6999271765927424,49.0
pp_quantile_calibrated,HOBBIES_1_116_WI_3,168.61466434975142,134.58522872725015,34.02943562250125,0.0,0.6562683270454418,0.9615384615384616,0.038461538461538464,1.7254516503493609,11.0
pp_quantile_calibrated,HOBBIES_1_117_CA_1,172.00822050289784,145.74111790773878,26.267102595159056,0.0,0.8463912128938066,0.9358974358974359,0.0641025641025641,1.8684758706120357,19.0
pp_quantile_calibrated,HOBBIES_1_122_WI_3,312.82948705049716,312.82948705049716,0.0,0.0,1.0,1.0,0.0,4.010634449365348,8.0
pp_quantile_calibrated,HOBBIES_1_124_TX_3,216.2581285593049,179.49652928905,36.761599270254905,0.0,0.8428991484177141,0.9358974358974359,0.0641025641025641,2.3012375549878206,26.0
pp_quantile_calibrated,HOBBIES_1_133_WI_1,312.0,312.0,0.0,0.0,1.0,1.0,0.0,4.0,0.0
pp_quantile_calibrated,HOBBIES_1_134_CA_4,1439.96711833283,1043.2525508743354,396.7145674584948,0.0,0.8066693141040474,0.7948717948717948,0.20512820512820512,13.375032703517121,228.0
pp_quantile_calibrated,HOBBIES_1_135_WI_1,313.5077241904444,278.17284301751624,35.334881172928135,0.0,0.9230176880764094,0.9358974358974359,0.0641025641025641,3.5663185002245674,51.0
pp_quantile_calibrated,HOBBIES_1_137_TX_1,379.6254522073152,273.90993182976104,105.7155203775542,0.0,0.7552881472741801,0.8333333333333334,0.16666666666666666,3.511665792689244,48.0
pp_quantile_calibrated,HOBBIES_1_143_WI_1,202.59183363692955,136.93841779111506,65.6534158458145,0.0,0.6684170916878056,0.9102564102564102,0.08974358974358974,1.7556207409117315,22.0
pp_quantile_calibrated,HOBBIES_1_151_TX_1,264.23578173358555,178.53905956896287,85.69672216462268,0.0,0.8203423015416715,0.8974358974358975,0.10256410256410256,2.2889623021661905,53.0
pp_quantile_calibrated,HOBBIES_1_152_CA_1,628.6849783195254,478.99967418208746,149.68530413743792,0.0,0.7624042791469239,0.8846153846153846,0.11538461538461539,6.141021463872916,70.0
pp_quantile_calibrated,HOBBIES_1_152_CA_3,475.9685984559914,362.5356213976322,113.4329770583592,0.0,0.8060974751139159,0.8589743589743589,0.14102564102564102,4.647892582020925,65.0
pp_quantile_calibrated,HOBBIES_1_155_CA_2,660.4326327772222,346.22268740198814,314.2099453752341,0.0,0.6797044389651029,0.7692307692307693,0.23076923076923078,4.438752402589592,109.0
pp_quantile_calibrated,HOBBIES_1_162_TX_1,102.26338920732799,89.49517886625856,12.768210341069437,0.0,0.763551660350566,0.9743589743589743,0.02564102564102564,1.1473740880289558,6.0
pp_quantile_calibrated,HOBBIES_1_162_TX_2,242.4330605987733,203.67238992173742,38.760670677035876,0.0,0.8343561082177955,0.9230769230769231,0.07692307692307693,2.611184486176121,26.0
pp_quantile_calibrated,HOBBIES_1_170_TX_2,150.68580605510328,117.99511070638845,32.690695348714854,0.0,0.7405500369149615,0.9358974358974359,0.0641025641025641,1.5127578295690827,14.0
pp_quantile_calibrated,HOBBIES_1_173_CA_4,164.23268028626092,141.56278017748244,22.669900108778492,0.0,0.8740561105067861,0.9487179487179487,0.05128205128205128,1.8149074381728518,20.0
pp_quantile_calibrated,HOBBIES_1_175_WI_1,183.3547396974608,182.3817144413491,0.9730252561116894,0.0,0.9909905068878547,0.9871794871794872,0.01282051282051282,2.338227108222424,12.0
pp_quantile_calibrated,HOBBIES_1_176_TX_3,343.71575416213886,190.05204042003692,153.66371374210195,0.0,0.6778538495972706,0.8205128205128205,0.1794871794871795,2.4365646207697043,53.0
pp_quantile_calibrated,HOBBIES_1_184_CA_1,226.53240815528747,207.45364243512873,19.07876572015875,0.0,0.7880137142204584,0.9615384615384616,0.038461538461538464,2.6596620825016504,10.0
pp_quantile_calibrated,HOBBIES_1_186_TX_1,125.23937432295915,94.08961304841274,31.1497612745464,0.0,0.7115762844949408,0.9487179487179487,0.05128205128205128,1.206277090364266,12.0
pp_quantile_calibrated,HOBBIES_1_187_CA_2,182.80058791172561,155.62431726441045,27.17627064731517,0.0,0.8627461078418425,0.9487179487179487,0.05128205128205128,1.9951835546719288,22.0
pp_quantile_calibrated,HOBBIES_1_190_TX_2,130.95344476575298,126.69651966552907,4.2569251002239055,0.0,0.9570007565633948,0.9871794871794872,0.01282051282051282,1.6243143546862702,11.0
pp_quantile_calibrated,HOBBIES_1_194_TX_3,803.259778854625,581.0858420926645,222.17393676196053,0.0,0.7907966697156681,0.8333333333333334,0.16666666666666666,7.449818488367494,118.0
pp_quantile_calibrated,HOBBIES_1_200_CA_4,385.28002297792136,258.8522903209206,126.42773265700077,0.0,0.7190494829844427,0.8717948717948718,0.1282051282051282,3.318619106678469,50.0
pp_quantile_calibrated,HOBBIES_1_209_CA_3,3868.553010489006,2434.2088467873627,1434.344163701643,0.0,0.6720749511427427,0.7435897435897436,0.2564102564102564,31.207805728043112,486.0
pp_quantile_calibrated,HOBBIES_1_212_CA_2,164.1893749411255,153.208169348944,10.98120559218148,0.0,0.796644340885528,0.9743589743589743,0.02564102564102564,1.964207299345436,6.0
pp_quantile_calibrated,HOBBIES_1_232_WI_3,625.8049696302786,572.1307942046317,53.67417542564688,0.0,0.8757542235517434,0.9487179487179487,0.05128205128205128,7.335010182110663,48.0
pp_quantile_calibrated,HOBBIES_1_239_TX_1,189.78703179008886,152.3833571872212,37.40367460286767,0.0,0.7402522597023079,0.9358974358974359,0.0641025641025641,1.953632784451554,16.0
pp_quantile_calibrated,HOBBIES_1_240_CA_2,665.7653677016907,404.5912619878113,261.1741057138794,0.0,0.7182587856376705,0.8076923076923077,0.19230769230769232,5.187067461382196,103.0
pp_quantile_calibrated,HOBBIES_1_242_TX_3,415.2204748533568,337.69939737611224,77.52107747724452,0.0,0.7996871383016937,0.9102564102564102,0.08974358974358974,4.329479453539901,43.0
pp_quantile_calibrated,HOBBIES_1_245_TX_1,113.40213388599253,89.41827320031751,23.983860685675005,0.0,0.7335126590480554,0.9487179487179487,0.05128205128205128,1.1463881179527886,10.0
pp_quantile_calibrated,HOBBIES_1_245_WI_1,322.9604767621434,223.58623105811822,99.37424570402517,0.0,0.6549505357499126,0.8717948717948718,0.1282051282051282,2.8664901417707465,32.0
pp_quantile_calibrated,HOBBIES_1_252_TX_1,598.7232835817335,448.2683347484787,150.45494883325483,0.0,0.7014782761244944,0.9230769230769231,0.07692307692307693,5.747029932672804,56.0
pp_quantile_calibrated,HOBBIES_1_257_CA_2,249.43892878744336,193.83917571669562,55.599753070747745,0.0,0.6748552452003056,0.9358974358974359,0.0641025641025641,2.4851176373935338,19.0
pp_quantile_calibrated,HOBBIES_1_261_WI_3,1417.2901438206172,720.0641839326792,697.225959887938,0.0,0.5672092117393308,0.8589743589743589,0.14102564102564102,9.231592101701015,179.0
pp_quantile_calibrated,HOBBIES_1_264_TX_2,299.70155696719695,224.23819229554735,75.4633646716496,0.0,0.7533876971514719,0.9230769230769231,0.07692307692307693,2.874848619173684,34.0
pp_quantile_calibrated,HOBBIES_1_267_CA_3,219.96667963182136,200.51955857684692,19.447121054974446,0.0,0.8456577694049646,0.9615384615384616,0.038461538461538464,2.5707635714980372,14.0
pp_quantile_calibrated,HOBBIES_1_267_WI_2,92.10336111076221,80.67184451750398,11.431516593258225,0.0,0.7883052482729959,0.9615384615384616,0.038461538461538464,1.0342544168910768,6.0
pp_quantile_calibrated,HOBBIES_1_277_CA_1,787.0,742.0,45.0,0.0,0.7058823529411765,0.9487179487179487,0.05128205128205128,9.512820512820513,17.0
pp_quantile_calibrated,HOBBIES_1_279_CA_4,437.7396936075105,306.8951297461056,130.84456386140485,0.0,0.7204175985867417,0.8589743589743589,0.14102564102564102,3.9345529454628925,52.0
pp_quantile_calibrated,HOBBIES_1_279_TX_3,412.12514379873636,305.935554609417,106.18958918931936,0.0,0.8338191092498914,0.8461538461538461,0.15384615384615385,3.9222507001207307,71.0
pp_quantile_calibrated,HOBBIES_1_285_CA_4,134.94895017583752,128.7726788063828,6.176271369454736,0.0,0.9142184532020176,0.9743589743589743,0.02564102564102564,1.6509317795690102,8.0
pp_quantile_calibrated,HOBBIES_1_287_WI_1,324.9713326744361,256.72654251475427,68.24479015968186,0.0,0.8004538299424508,0.9102564102564102,0.08974358974358974,3.2913659296763367,38.0
pp_quantile_calibrated,HOBBIES_1_289_WI_1,438.5488558994758,256.8779305601251,181.67092533935073,0.0,0.6744248649832424,0.8589743589743589,0.14102564102564102,3.2933068020528857,62.0
pp_quantile_calibrated,HOBBIES_1_290_CA_4,237.70089209013204,237.70089209013204,0.0,0.0,1.0,1.0,0.0,3.047447334488872,3.0
pp_quantile_calibrated,HOBBIES_1_296_CA_1,354.4584882214524,237.2446355398672,117.21385268158517,0.0,0.6382288497481939,0.8589743589743589,0.14102564102564102,3.041597891536759,36.0
pp_quantile_calibrated,HOBBIES_1_297_CA_1,886.051887902276,470.60687144613985,415.44501645613616,0.0,0.7377241057726412,0.6794871794871795,0.32051282051282054,6.0334214287966645,176.0
pp_quantile_calibrated,HOBBIES_1_306_CA_4,326.9965799982125,233.69291134452126,93.30366865369123,0.0,0.7589052489568702,0.8974358974358975,0.10256410256410256,2.996062965955401,43.0
pp_quantile_calibrated,HOBBIES_1_306_WI_3,155.05993584432477,144.64750599631859,10.412429848006191,0.0,0.931944902954208,0.9743589743589743,0.02564102564102564,1.8544552050810075,17.0
pp_quantile_calibrated,HOBBIES_1_309_WI_1,161.19522331738656,89.871555894135,71.32366742325156,0.0,0.5046967540051974,0.9230769230769231,0.07692307692307693,1.1521994345401922,16.0
pp_quantile_calibrated,HOBBIES_1_312_TX_3,581.9664334650877,428.0157509037468,153.95068256134095,0.0,0.7656762822506226,0.8974358974358975,0.10256410256410256,5.487381421842907,73.0
pp_quantile_calibrated,HOBBIES_1_319_TX_1,1151.8339941721465,862.675320947234,289.15867322491243,0.0,0.7620093224486317,0.8333333333333334,0.16666666666666666,11.059940012144025,135.0
pp_quantile_calibrated,HOBBIES_1_323_CA_3,812.1268318023479,392.42020491762867,419.70662688471924,0.0,0.6113827528845193,0.717948717948718,0.28205128205128205,5.031028268174727,120.0
pp_quantile_calibrated,HOBBIES_1_328_TX_1,141.9992960869535,141.9992960869535,0.0,0.0,1.0,1.0,0.0,1.8205037959865835,7.0
pp_quantile_calibrated,HOBBIES_1_332_WI_1,507.73065603440614,342.7509606448225,164.97969538958367,0.0,0.699490536630995,0.8205128205128205,0.1794871794871795,4.394243085190032,61.0
pp_quantile_calibrated,HOBBIES_1_333_CA_2,450.7987683428753,254.1558473795273,196.642920963348,0.0,0.6586060399941875,0.8076923076923077,0.19230769230769232,3.2584082997375297,64.0
pp_quantile_calibrated,HOBBIES_1_333_TX_1,176.00180654722945,152.732474073232,23.26933247399746,0.0,0.8153227581428774,0.9615384615384616,0.038461538461538464,1.9581086419645128,14.0
pp_quantile_calibrated,HOBBIES_1_334_TX_1,147.79044085623227,122.35848383777511,25.43195701845715,0.0,0.7431115452681095,0.9615384615384616,0.038461538461538464,1.5686985107407065,11.0
pp_quantile_calibrated,HOBBIES_1_344_CA_3,577.3332812536435,365.5239909244768,211.80929032916663,0.0,0.7441916783464172,0.8461538461538461,0.15384615384615385,4.686205011852266,92.0
pp_quantile_calibrated,HOBBIES_1_346_CA_4,228.7725814945619,193.91812750561738,34.85445398894454,0.0,0.7961727836903828,0.9615384615384616,0.038461538461538464,2.4861298398156073,19.0
pp_quantile_calibrated,HOBBIES_1_348_CA_4,4803.5746951916135,3230.3918902952773,1573.1828048963364,0.0,0.5777823926740911,0.7307692307692307,0.2692307692307692,41.41528064481125,414.0
pp_quantile_calibrated,HOBBIES_1_352_CA_2,580.8519530945632,436.4131929073813,144.4387601871819,0.0,0.8111911631540106,0.8589743589743589,0.14102564102564102,5.595040934710017,85.0
pp_quantile_calibrated,HOBBIES_1_361_CA_4,238.06681002201967,170.98955527400173,67.07725474801794,0.0,0.7515657231554891,0.8974358974358975,0.10256410256410256,2.192173785564125,30.0
pp_quantile_calibrated,HOBBIES_1_362_WI_2,160.44750555690308,160.44750555690308,0.0,0.0,1.0,1.0,0.0,2.057019302011578,4.0
pp_quantile_calibrated,HOBBIES_1_367_TX_1,329.59934905121304,198.57524729177908,131.02410175943396,0.0,0.7200339705995001,0.8461538461538461,0.15384615384615385,2.5458365037407575,52.0
pp_quantile_calibrated,HOBBIES_1_368_CA_1,256.30090427493195,181.28094446780128,75.01995980713069,0.0,0.7474075427369337,0.8974358974358975,0.10256410256410256,2.324114672664119,33.0
pp_quantile_calibrated,HOBBIES_1_372_TX_1,463.9841764315838,318.3514173093578,145.632759122226,0.0,0.7510551126115794,0.8589743589743589,0.14102564102564102,4.081428427043049,65.0
pp_quantile_calibrated,HOBBIES_1_373_TX_1,359.4182372962963,217.12940215073644,142.2888351455599,0.0,0.6563071614841549,0.782051282051282,0.21794871794871795,2.7837102839838006,46.0
pp_quantile_calibrated,HOBBIES_1_374_WI_3,134.78143870064878,90.41412110902245,44.36731759162633,0.0,0.7100175320808736,0.9358974358974359,0.0641025641025641,1.1591553988336212,17.0
pp_quantile_calibrated,HOBBIES_1_375_WI_1,145.81233399372297,116.1096290517098,29.702704942013167,0.0,0.5874624313609282,0.9358974358974359,0.0641025641025641,1.4885849878424333,8.0
pp_quantile_calibrated,HOBBIES_1_380_CA_2,359.43155896204905,316.20163182074026,43.229927141308806,0.0,0.8220990652621037,0.9487179487179487,0.05128205128205128,4.0538670746248755,27.0
pp_quantile_calibrated,HOBBIES_1_381_TX_2,1683.9244806858355,1380.5851229860216,303.3393576998139,0.0,0.8943436580634573,0.9358974358974359,0.0641025641025641,17.69980926905156,319.0
pp_quantile_calibrated,HOBBIES_1_385_CA_1,419.0,401.0,18.0,0.0,0.75,0.9743589743589743,0.02564102564102564,5.141025641025641,8.0
pp_quantile_calibrated,HOBBIES_1_386_CA_3,869.0,860.0,9.0,0.0,0.9333333333333333,0.9871794871794872,0.01282051282051282,11.025641025641026,15.0
pp_quantile_calibrated,HOBBIES_1_386_WI_3,157.707466056376,157.707466056376,0.0,0.0,1.0,1.0,0.0,2.021890590466359,6.0
pp_quantile_calibrated,HOBBIES_1_389_CA_3,145.17381377232297,110.36893392193083,34.80487985039213,0.0,0.8158471965587718,0.9615384615384616,0.038461538461538464,1.4149863323324465,21.0
pp_quantile_calibrated,HOBBIES_1_390_TX_1,180.32649028225853,122.3090809811736,58.01740930108495,0.0,0.570241412584556,0.9102564102564102,0.08974358974358974,1.568065140784277,15.0
pp_quantile_calibrated,HOBBIES_1_393_TX_2,133.77941614190155,119.11228095938141,14.667135182520138,0.0,0.9142272796343851,0.9615384615384616,0.038461538461538464,1.5270805251202744,19.0
pp_quantile_calibrated,HOBBIES_1_398_TX_3,472.8675450599479,459.047201992069,13.820343067878891,0.0,0.9548354801703303,0.9743589743589743,0.02564102564102564,5.885220538359859,34.0
pp_quantile_calibrated,HOBBIES_1_399_TX_3,433.6417215499127,428.9920530240028,4.649668525909867,0.0,0.8966740327575586,0.9871794871794872,0.01282051282051282,5.499898115692344,5.0
pp_quantile_calibrated,HOBBIES_1_400_CA_3,1122.7422849472332,851.4327742543089,271.3095106929242,0.0,0.657437486498833,0.8589743589743589,0.14102564102564102,10.915804798132166,88.0
pp_quantile_calibrated,HOBBIES_1_405_TX_3,155.0604084181276,121.38701875659527,33.673389661532326,0.0,0.5842791399810824,0.9743589743589743,0.02564102564102564,1.55624383021276,9.0
pp_quantile_calibrated,HOBBIES_1_406_CA_1,214.6972293719579,214.6972293719579,0.0,0.0,1.0,1.0,0.0,2.752528581691768,7.0
pp_quantile_calibrated,HOBBIES_1_410_TX_1,133.71737948824128,133.71737948824128,0.0,0.0,1.0,1.0,0.0,1.7143253780543755,5.0
pp_quantile_calibrated,HOBBIES_1_415_CA_1,486.7527309519097,288.529035762467,198.2236951894427,0.0,0.6503991266500129,0.8205128205128205,0.1794871794871795,3.6990902020829104,63.0
pp_quantile_calibrated,HOBBIES_1_418_TX_1,373.6100109960368,328.9442712256285,44.6657397704083,0.0,0.7080670603241287,0.9743589743589743,0.02564102564102564,4.217234246482416,17.0
pp_quantile_calibrated,HOBBIES_1_419_CA_4,154.2828178770692,154.2828178770692,0.0,0.0,1.0,1.0,0.0,1.97798484457781,5.0
pp_quantile_calibrated,HOBBIES_2_007_TX_3,480.83078135120127,432.63393925856883,48.19684209263245,0.0,0.8153377697600289,0.9615384615384616,0.038461538461538464,5.546588964853447,29.0
pp_quantile_calibrated,HOBBIES_2_008_WI_3,240.31923181594058,200.7903667674529,39.52886504848768,0.0,0.768837046500072,0.9358974358974359,0.0641025641025641,2.5742354713776012,19.0
pp_quantile_calibrated,HOBBIES_2_009_WI_2,147.21293715063453,131.38064428436795,15.832292866266595,0.0,0.7486937640275143,0.9743589743589743,0.02564102564102564,1.6843672344149736,7.0
pp_quantile_calibrated,HOBBIES_2_012_TX_2,180.26234323156848,173.2601888458053,7.002154385763194,0.0,0.9292711678205737,0.9743589743589743,0.02564102564102564,2.221284472382119,11.0
pp_quantile_calibrated,HOBBIES_2_014_WI_1,191.62416125293748,172.17306490948818,19.451096343449294,0.0,0.8198972560791732,0.9743589743589743,0.02564102564102564,2.207346986019079,12.0
pp_quantile_calibrated,HOBBIES_2_018_CA_2,223.40458499125126,196.78611120377155,26.61847378747969,0.0,0.8443364105995339,0.9615384615384616,0.038461538461538464,2.522898861586815,19.0
pp_quantile_calibrated,HOBBIES_2_030_TX_2,151.53388279330287,126.7888095057087,24.74507328759416,0.0,0.7500497647717762,0.9487179487179487,0.05128205128205128,1.6254975577654962,11.0
pp_quantile_calibrated,HOBBIES_2_030_WI_2,101.75020489644913,101.75020489644913,0.0,0.0,1.0,1.0,0.0,1.3044898063647326,0.0
pp_quantile_calibrated,HOBBIES_2_031_CA_2,320.76943209665126,248.34809959066365,72.42133250598758,0.0,0.6905071260427882,0.9487179487179487,0.05128205128205128,3.183949994752098,26.0
pp_quantile_calibrated,HOBBIES_2_035_CA_2,242.87566888494706,231.43065196530767,11.445016919639375,0.0,0.8843937684884913,0.9743589743589743,0.02564102564102564,2.967059640580868,11.0
pp_quantile_calibrated,HOBBIES_2_038_CA_2,308.054489325281,220.124214691543,87.930274633738,0.0,0.6242295955823163,0.9102564102564102,0.08974358974358974,2.8221053165582433,26.0
pp_quantile_calibrated,HOBBIES_2_040_TX_1,248.9928028634234,236.14507226474961,12.847730598673786,0.0,0.7960677682750192,0.9871794871794872,0.01282051282051282,3.027500926471149,7.0
pp_quantile_calibrated,HOBBIES_2_041_TX_2,336.27157711400775,176.4086820217974,159.86289509221035,0.0,0.6374991040992963,0.8205128205128205,0.1794871794871795,2.2616497695102233,49.0
pp_quantile_calibrated,HOBBIES_2_042_TX_2,508.9331133899739,485.4702463965,23.46286699347393,0.0,0.9131004926167632,0.9871794871794872,0.01282051282051282,6.223977517903846,30.0
pp_quantile_calibrated,HOBBIES_2_045_CA_4,178.9408247467712,178.9408247467712,0.0,0.0,1.0,1.0,0.0,2.2941131377791177,13.0
pp_quantile_calibrated,HOBBIES_2_050_WI_2,102.81366836789452,97.4027457269513,5.410922640943225,0.0,0.9331984859142811,0.9871794871794872,0.01282051282051282,1.2487531503455294,9.0
pp_quantile_calibrated,HOBBIES_2_056_WI_3,178.59115695147977,178.59115695147977,0.0,0.0,1.0,1.0,0.0,2.2896302173266636,3.0
pp_quantile_calibrated,HOBBIES_2_061_TX_3,173.23074144310212,124.20335758868481,49.02738385441731,0.0,0.5047739004604312,0.9487179487179487,0.05128205128205128,1.592350738316472,11.0
pp_quantile_calibrated,HOBBIES_2_072_TX_2,143.13197438487907,129.823329043732,13.30864534114707,0.0,0.7535436047935727,0.9743589743589743,0.02564102564102564,1.6644016544068205,6.0
pp_quantile_calibrated,HOBBIES_2_074_CA_1,135.86551850134416,131.34819382434446,4.517324676999689,0.0,0.9282964336984177,0.9871794871794872,0.01282051282051282,1.6839512028762111,7.0
pp_quantile_calibrated,HOBBIES_2_074_CA_3,154.05000111561964,133.9555922763355,20.094408839284142,0.0,0.7767287906746206,0.9615384615384616,0.038461538461538464,1.7173793881581474,10.0
pp_quantile_calibrated,HOBBIES_2_076_TX_3,561.9133926562106,352.89265182456745,209.0207408316431,0.0,0.4335481278275255,0.8333333333333334,0.16666666666666666,4.524264766981634,41.0
pp_quantile_calibrated,HOBBIES_2_076_WI_1,480.1307372976346,396.3578041522373,83.77293314539727,0.0,0.5100998061672675,0.8974358974358975,0.10256410256410256,5.0815103096440675,19.0
pp_quantile_calibrated,HOBBIES_2_077_WI_1,83.01437476859167,83.01437476859167,0.0,0.0,1.0,1.0,0.0,1.0642868560075855,0.0
pp_quantile_calibrated,HOBBIES_2_081_WI_3,453.8490498394949,453.8490498394949,0.0,0.0,1.0,1.0,0.0,5.818577562044807,10.0
pp_quantile_calibrated,HOBBIES_2_083_CA_1,448.23354823781636,448.23354823781636,0.0,0.0,1.0,1.0,0.0,5.746583951766876,7.0
pp_quantile_calibrated,HOBBIES_2_084_WI_3,113.81804892089765,102.81319675878814,11.004852162109511,0.0,0.87772386486545,0.9615384615384616,0.038461538461538464,1.3181179071639504,10.0
pp_quantile_calibrated,HOBBIES_2_086_CA_4,195.11475817499317,195.11475817499317,0.0,0.0,1.0,1.0,0.0,2.5014712586537584,3.0
pp_quantile_calibrated,HOBBIES_2_103_TX_1,271.2439608220748,188.7454160229543,82.49854479912055,0.0,0.7587761847978932,0.8974358974358975,0.10256410256410256,2.4198130259353112,38.0
pp_quantile_calibrated,HOBBIES_2_107_WI_3,442.0,442.0,0.0,0.0,1.0,1.0,0.0,5.666666666666667,4.0
pp_quantile_calibrated,HOBBIES_2_114_CA_4,132.3213976274716,128.74924539295222,3.572152234519398,0.0,0.9558993551293901,0.9871794871794872,0.01282051282051282,1.650631351191695,9.0
pp_quantile_calibrated,HOBBIES_2_115_TX_1,410.5368281259373,315.6381984480104,94.89862967792686,0.0,0.8117090680993515,0.9102564102564102,0.08974358974358974,4.046643569846288,56.0
pp_quantile_calibrated,HOBBIES_2_116_CA_1,299.4429613384477,271.450558478962,27.992402859485672,0.0,0.8586242279823956,0.9615384615384616,0.038461538461538464,3.4801353651148976,22.0
pp_quantile_calibrated,HOBBIES_2_116_CA_2,289.0683115926914,214.40385046946344,74.66446112322794,0.0,0.6927388431142885,0.9358974358974359,0.0641025641025641,2.7487673137110695,27.0
pp_quantile_calibrated,HOBBIES_2_117_TX_1,377.5424867205389,335.5013467508023,42.041139969736534,0.0,0.8493149105027364,0.9230769230769231,0.07692307692307693,4.301299317317978,31.0
pp_quantile_calibrated,HOBBIES_2_118_WI_2,156.0,156.0,0.0,0.0,1.0,1.0,0.0,2.0,0.0
pp_quantile_calibrated,HOBBIES_2_122_CA_2,288.45547310467776,288.45547310467776,0.0,0.0,1.0,1.0,0.0,3.6981470910856125,10.0
pp_quantile_calibrated,HOBBIES_2_122_TX_1,431.9592437460914,381.5225631175736,50.43668062851779,0.0,0.756344538026484,0.9358974358974359,0.0641025641025641,4.891314911763764,23.0
pp_quantile_calibrated,HOBBIES_2_123_TX_1,199.24580788969317,191.30049932133505,7.9453085683581275,0.0,0.9448242460530686,0.9871794871794872,0.01282051282051282,2.4525705041196804,16.0
pp_quantile_calibrated,HOBBIES_2_124_TX_3,1287.0,864.0,423.0,0.0,0.24193548387096775,0.9230769230769231,0.07692307692307693,11.076923076923077,62.0
pp_quantile_calibrated,HOBBIES_2_128_TX_1,165.22375844875364,141.31478143721202,23.90897701154163,0.0,0.7343446998717597,0.9743589743589743,0.02564102564102564,1.8117279671437438,10.0
pp_quantile_calibrated,HOBBIES_2_129_WI_1,603.3514730158163,594.6432970116272,8.708176004189085,0.0,0.9596843703509764,0.9871794871794872,0.01282051282051282,7.623632012969579,24.0
pp_quantile_calibrated,HOBBIES_2_132_CA_1,602.5589324909686,497.1682293187714,105.39070317219722,0.0,0.7831467012917753,0.9230769230769231,0.07692307692307693,6.373951657932967,54.0
pp_quantile_calibrated,HOBBIES_2_133_CA_3,428.3234315490141,372.3857723388938,55.937659210120316,0.0,0.7928234844069617,0.9358974358974359,0.0641025641025641,4.7741765684473565,30.0
pp_quantile_calibrated,HOBBIES_2_134_TX_3,308.7377645339345,308.7377645339345,0.0,0.0,1.0,1.0,0.0,3.958176468383776,10.0
pp_quantile_calibrated,HOBBIES_2_137_CA_2,367.23746756403375,367.23746756403375,0.0,0.0,1.0,1.0,0.0,4.708172661077356,0.0
pp_quantile_calibrated,HOBBIES_2_144_WI_1,183.89770971511555,178.28924294553562,5.608466769579929,0.0,0.9376837025602229,0.9871794871794872,0.01282051282051282,2.2857595249427645,10.0
pp_quantile_calibrated,HOUSEHOLD_1_005_CA_4,436.90189844261386,220.61737320172998,216.28452524088388,0.0,0.6123933239410683,0.7948717948717948,0.20512820512820512,2.8284278615606406,62.0
pp_quantile_calibrated,HOUSEHOLD_1_006_CA_4,405.4938955597621,317.6571846373813,87.83671092238077,0.0,0.8123147202513231,0.8846153846153846,0.11538461538461539,4.072528008171555,52.0
pp_quantile_calibrated,HOUSEHOLD_1_006_WI_2,367.660545029782,268.11459350704996,99.54595152273203,0.0,0.7427753190627079,0.8974358974358975,0.10256410256410256,3.4373665834237173,43.0
pp_quantile_calibrated,HOUSEHOLD_1_008_WI_3,199.5970400866772,107.43473480607352,92.16230528060368,0.0,0.5903897543084281,0.8461538461538461,0.15384615384615385,1.3773683949496605,25.0
pp_quantile_calibrated,HOUSEHOLD_1_010_CA_2,963.0219951307071,853.4076347773728,109.61436035333429,0.0,0.8126250250370354,0.8974358974358975,0.10256410256410256,10.94112352278683,65.0
pp_quantile_calibrated,HOUSEHOLD_1_013_CA_3,683.1675947402832,465.0025170969908,218.16507764329245,0.0,0.7979952984784329,0.7948717948717948,0.20512820512820512,5.961570732012703,120.0
pp_quantile_calibrated,HOUSEHOLD_1_014_CA_2,875.7947431962323,737.6272168374832,138.16752635874906,0.0,0.8771844210144452,0.8717948717948718,0.1282051282051282,9.456759190224144,125.0
pp_quantile_calibrated,HOUSEHOLD_1_014_WI_3,253.45965363280925,211.8378995611534,41.62175407165587,0.0,0.8715377960751363,0.9487179487179487,0.05128205128205128,2.7158705071942744,36.0
pp_quantile_calibrated,HOUSEHOLD_1_015_WI_2,595.0,595.0,0.0,0.0,1.0,1.0,0.0,7.628205128205129,1.0
pp_quantile_calibrated,HOUSEHOLD_1_020_WI_1,430.4850080648053,304.6922458246929,125.79276224011238,0.0,0.8058753669134068,0.8333333333333334,0.16666666666666666,3.9063108439063194,72.0
pp_quantile_calibrated,HOUSEHOLD_1_021_WI_2,1092.528602737511,340.22500704652794,752.303595690983,0.0,0.5481660085940042,0.6538461538461539,0.34615384615384615,4.361859064699076,185.0
pp_quantile_calibrated,HOUSEHOLD_1_024_CA_2,657.6995510029321,456.9268480611695,200.7727029417627,0.0,0.7464991124472693,0.8076923076923077,0.19230769230769232,5.858036513604737,88.0
pp_quantile_calibrated,HOUSEHOLD_1_026_CA_2,1259.0450546114616,632.2283897104237,626.8166649010378,0.0,0.5095331260555259,0.7435897435897436,0.2564102564102564,8.105492175774662,142.0
pp_quantile_calibrated,HOUSEHOLD_1_029_CA_2,742.5354978215437,377.7025342822594,364.83296353928426,0.0,0.6535299491554756,0.7564102564102564,0.24358974358974358,4.84234018310589,117.0
pp_quantile_calibrated,HOUSEHOLD_1_032_WI_1,391.92423677889064,314.59459075955726,77.32964601933335,0.0,0.8492599492800519,0.9102564102564102,0.08974358974358974,4.033263984096888,57.0
pp_quantile_calibrated,HOUSEHOLD_1_033_TX_2,680.3698484259688,546.2365541340212,134.1332942919477,0.0,0.8645118239475277,0.8717948717948718,0.1282051282051282,7.003032745307964,110.0
pp_quantile_calibrated,HOUSEHOLD_1_034_WI_1,279.804405858184,271.60277994674766,8.201625911436325,0.0,0.9493726795590349,0.9871794871794872,0.01282051282051282,3.482086922394201,18.0
pp_quantile_calibrated,HOUSEHOLD_1_043_CA_3,714.6487424070247,447.6935555853342,266.9551868216905,0.0,0.6704256952818635,0.7564102564102564,0.24358974358974358,5.739660969042746,90.0
pp_quantile_calibrated,HOUSEHOLD_1_049_CA_1,1716.0,1716.0,0.0,0.0,1.0,1.0,0.0,22.0,0.0
pp_quantile_calibrated,HOUSEHOLD_1_049_WI_1,390.0,390.0,0.0,0.0,1.0,1.0,0.0,5.0,0.0
pp_quantile_calibrated,HOUSEHOLD_1_051_WI_1,1563.438876672238,1073.8675357995419,489.57134087269606,0.0,0.7939514558616599,0.7692307692307693,0.23076923076923078,13.767532510250536,264.0
pp_quantile_calibrated,HOUSEHOLD_1_058_CA_3,1189.5293128020865,917.707432317911,271.8218804841755,0.0,0.8651677180138019,0.8333333333333334,0.16666666666666666,11.765479901511679,224.0
pp_quantile_calibrated,HOUSEHOLD_1_068_TX_1,174.6505078333464,148.5673264798374,26.083181353509026,0.0,0.6779854153887774,0.9615384615384616,0.038461538461538464,1.9047093138440692,9.0
pp_quantile_calibrated,HOUSEHOLD_1_071_CA_1,1991.7803059949858,1090.4771381509645,901.3031678440213,0.0,0.7154977374229731,0.7307692307692307,0.2692307692307692,13.98047613014057,352.0
pp_quantile_calibrated,HOUSEHOLD_1_071_TX_2,1825.178274368099,918.7712424797479,906.4070318883511,0.0,0.6984673879280269,0.717948717948718,0.28205128205128205,11.7791184933301,334.0
pp_quantile_calibrated,HOUSEHOLD_1_079_WI_1,755.516553211484,402.7518442921552,352.7647089193289,0.0,0.646882173253925,0.7692307692307693,0.23076923076923078,5.163485183232759,111.0
pp_quantile_calibrated,HOUSEHOLD_1_080_WI_1,291.93733071180026,242.2666370195054,49.67069369229488,0.0,0.7792413613675783,0.9358974358974359,0.0641025641025641,3.1059825258910947,25.0
pp_quantile_calibrated,HOUSEHOLD_1_080_WI_2,278.3821326083587,270.85415346267797,7.5279791456807335,0.0,0.9814123971711587,0.9743589743589743,0.02564102564102564,3.4724891469574097,45.0
pp_quantile_calibrated,HOUSEHOLD_1_083_TX_1,3173.99622662185,1814.2217731451892,1359.7744534766607,0.0,0.7049100578392663,0.7051282051282052,0.2948717948717949,23.2592535018614,512.0
pp_quantile_calibrated,HOUSEHOLD_1_083_WI_3,3912.7696106277745,2373.4703958442115,1539.2992147835632,0.0,0.7335930746307436,0.7307692307692307,0.2692307692307692,30.429107639028352,642.0
pp_quantile_calibrated,HOUSEHOLD_1_088_TX_3,389.45046981182713,307.1599077564466,82.29056205538053,0.0,0.8548667335883942,0.8846153846153846,0.11538461538461539,3.937947535339059,63.0
pp_quantile_calibrated,HOUSEHOLD_1_091_WI_3,196.55717887324627,152.35801863257598,44.199160240670295,0.0,0.6725988130320718,0.9102564102564102,0.08974358974358974,1.9533079311868715,15.0
pp_quantile_calibrated,HOUSEHOLD_1_093_CA_2,687.0671368227809,451.9993492766636,235.06778754611722,0.0,0.738813569393203,0.8076923076923077,0.19230769230769232,5.794863452264918,100.0
pp_quantile_calibrated,HOUSEHOLD_1_095_TX_2,143.58538295039773,121.58180953114751,22.00357341925022,0.0,0.8119352699209383,0.9615384615384616,0.038461538461538464,1.5587411478352244,13.0
pp_quantile_calibrated,HOUSEHOLD_1_095_TX_3,145.4166936845948,114.48680814916591,30.9298855354289,0.0,0.7356420039706932,0.9615384615384616,0.038461538461538464,1.4677795916559733,13.0
pp_quantile_calibrated,HOUSEHOLD_1_096_WI_2,4575.751623371689,2318.551891653962,2257.1997317177274,0.0,0.697831361215833,0.6794871794871795,0.32051282051282054,29.72502425197387,830.0
pp_quantile_calibrated,HOUSEHOLD_1_098_CA_4,142.8783392369997,110.86458048708334,32.01375874991635,0.0,0.7263781303425952,0.9615384615384616,0.038461538461538464,1.4213407754754275,13.0
pp_quantile_calibrated,HOUSEHOLD_1_102_WI_3,689.6294964610968,405.3242555975225,284.30524086357434,0.0,0.6872329583459027,0.8205128205128205,0.1794871794871795,5.1964648153528525,101.0
pp_quantile_calibrated,HOUSEHOLD_1_106_TX_3,3528.11371011767,1776.067599999822,1752.046110117848,0.0,0.6803418883200424,0.6794871794871795,0.32051282051282054,22.770097435895156,609.0
pp_quantile_calibrated,HOUSEHOLD_1_119_TX_2,1070.839196928042,853.7786048315394,217.06059209650252,0.0,0.8581303319630703,0.8717948717948718,0.1282051282051282,10.9458795491223,170.0
pp_quantile_calibrated,HOUSEHOLD_1_120_CA_2,354.8398648497274,264.37365546012984,90.46620938959754,0.0,0.7128056844774682,0.8846153846153846,0.11538461538461539,3.3894058392324338,35.0
pp_quantile_calibrated,HOUSEHOLD_1_127_WI_1,327.7477081817564,226.75628464341602,100.9914235383404,0.0,0.6793923062274908,0.8717948717948718,0.1282051282051282,2.9071318544027696,35.0
pp_quantile_calibrated,HOUSEHOLD_1_128_WI_2,1198.2553720526867,806.3432037174176,391.91216833526903,0.0,0.7525807018085421,0.7692307692307693,0.23076923076923078,10.337733380992534,176.0
pp_quantile_calibrated,HOUSEHOLD_1_131_CA_1,492.63254620745647,340.1449386989789,152.4876075084776,0.0,0.6919442272556009,0.8717948717948718,0.1282051282051282,4.360832547422806,55.0
pp_quantile_calibrated,HOUSEHOLD_1_131_TX_1,571.8733159191906,410.51093894906114,161.36237697012947,0.0,0.7324007015420738,0.8333333333333334,0.16666666666666666,5.262960755757194,67.0
pp_quantile_calibrated,HOUSEHOLD_1_136_WI_3,680.398667111146,499.98030690638143,180.41836020476453,0.0,0.8469734010137705,0.8846153846153846,0.11538461538461539,6.4100039346971975,131.0
pp_quantile_calibrated,HOUSEHOLD_1_145_CA_2,1384.2902993782836,959.5055222745362,424.7847771037473,0.0,0.7974321520726051,0.7948717948717948,0.20512820512820512,12.301352849673542,233.0
pp_quantile_calibrated,HOUSEHOLD_1_155_WI_3,286.290497146114,168.50666899443638,117.78382815167761,0.0,0.6150855289160863,0.8717948717948718,0.1282051282051282,2.160341910185082,34.0
pp_quantile_calibrated,HOUSEHOLD_1_157_WI_1,280.0036611309129,268.42919364604376,11.574467484869157,0.0,0.9440846981407287,0.9743589743589743,0.02564102564102564,3.4413999185390227,23.0
pp_quantile_calibrated,HOUSEHOLD_1_158_CA_3,569.2779047831796,398.2458704560345,171.03203432714508,0.0,0.7431951436529354,0.8333333333333334,0.16666666666666666,5.105716287897878,74.0
pp_quantile_calibrated,HOUSEHOLD_1_160_WI_2,785.6323964176482,543.9835615548874,241.64883486276085,0.0,0.7869057893626447,0.7948717948717948,0.20512820512820512,6.974148225062659,126.0
pp_quantile_calibrated,HOUSEHOLD_1_161_CA_2,464.34830066675863,334.13867918181705,130.20962148494158,0.0,0.7990592261034853,0.8717948717948718,0.1282051282051282,4.2838292202797055,72.0
pp_quantile_calibrated,HOUSEHOLD_1_162_TX_1,599.9831027557253,532.1888477064157,67.7942550493096,0.0,0.8017711840663463,0.9487179487179487,0.05128205128205128,6.822933944954047,38.0
pp_quantile_calibrated,HOUSEHOLD_1_163_CA_1,223.41776725786823,193.4533885057705,29.96437875209773,0.0,0.8486647537772842,0.9487179487179487,0.05128205128205128,2.480171647509878,22.0
pp_quantile_calibrated,HOUSEHOLD_1_165_CA_1,283.2235577750324,208.5756121989889,74.64794557604351,0.0,0.7926445956221013,0.9230769230769231,0.07692307692307693,2.6740463102434475,40.0
pp_quantile_calibrated,HOUSEHOLD_1_165_TX_1,613.2254198050828,530.8618329060827,82.36358689900011,0.0,0.8811492252539681,0.9230769230769231,0.07692307692307693,6.805920934693368,77.0
pp_quantile_calibrated,HOUSEHOLD_1_167_WI_1,367.26292460416187,289.0994318479858,78.16349275617608,0.0,0.7285989834854998,0.9102564102564102,0.08974358974358974,3.706402972410074,32.0
pp_quantile_calibrated,HOUSEHOLD_1_175_TX_2,680.8899030649255,424.8655870146207,256.02431605030483,0.0,0.7877078639715548,0.8461538461538461,0.15384615384615385,5.44699470531565,134.0
pp_quantile_calibrated,HOUSEHOLD_1_175_WI_3,307.4364848757718,241.99720741310625,65.43927746266553,0.0,0.7796657324489377,0.9102564102564102,0.08974358974358974,3.102528300168029,33.0
pp_quantile_calibrated,HOUSEHOLD_1_185_WI_3,508.0467644725986,275.2591348601867,232.78762961241193,0.0,0.715766020009265,0.8076923076923077,0.19230769230769232,3.5289632674382907,91.0
pp_quantile_calibrated,HOUSEHOLD_1_186_WI_2,2403.8182712400476,1304.865623440015,1098.9526478000323,0.0,0.7050583339237702,0.6923076923076923,0.3076923076923077,16.729046454359167,414.0
pp_quantile_calibrated,HOUSEHOLD_1_188_TX_2,408.0934440607357,338.33847967775387,69.75496438298183,0.0,0.8509509308055944,0.9230769230769231,0.07692307692307693,4.33767281638146,52.0
pp_quantile_calibrated,HOUSEHOLD_1_190_WI_3,385.15340481015403,306.44014121704754,78.71326359310652,0.0,0.8674860882270935,0.8974358974358975,0.10256410256410256,3.928719759192917,66.0
pp_quantile_calibrated,HOUSEHOLD_1_191_TX_3,1003.1762201480145,949.4163728749088,53.75984727310568,0.0,0.9305428329804837,0.9487179487179487,0.05128205128205128,12.17200478044755,86.0
pp_quantile_calibrated,HOUSEHOLD_1_194_CA_1,286.1815465891774,282.7639242120215,3.4176223771559355,0.0,0.9891504051518859,0.9871794871794872,0.01282051282051282,3.625178515538737,35.0
pp_quantile_calibrated,HOUSEHOLD_1_195_CA_2,326.1520048712997,277.6674606648571,48.4845442064426,0.0,0.826220271661496,0.9615384615384616,0.038461538461538464,3.55983923929304,31.0
pp_quantile_calibrated,HOUSEHOLD_1_201_TX_2,525.1359894528978,525.1359894528978,0.0,0.0,1.0,1.0,0.0,6.732512685293561,23.0
pp_quantile_calibrated,HOUSEHOLD_1_205_WI_3,422.8675756184144,359.22639193109336,63.64118368732102,0.0,0.8737278101442042,0.9358974358974359,0.0641025641025641,4.605466563219146,56.0
pp_quantile_calibrated,HOUSEHOLD_1_206_CA_4,269.3798368158922,267.7631672462826,1.6166695696096123,0.0,0.9775462559776442,0.9871794871794872,0.01282051282051282,3.4328611185420845,8.0
pp_quantile_calibrated,HOUSEHOLD_1_207_TX_1,297.618537720889,236.0221088822692,61.59642883861976,0.0,0.755569726830874,0.8846153846153846,0.11538461538461539,3.025924472849605,28.0
pp_quantile_calibrated,HOUSEHOLD_1_208_WI_3,863.2900207313855,623.8896250366724,239.40039569471307,0.0,0.8294868976533383,0.8589743589743589,0.14102564102564102,7.998584936367595,156.0
pp_quantile_calibrated,HOUSEHOLD_1_211_TX_2,334.8478041294707,236.60700319887908,98.24080093059162,0.0,0.7772317439215609,0.8974358974358975,0.10256410256410256,3.033423117934347,49.0
pp_quantile_calibrated,HOUSEHOLD_1_212_WI_2,608.8616045170149,465.4598342686836,143.40177024833136,0.0,0.8374129589021185,0.8717948717948718,0.1282051282051282,5.967433772675431,98.0
pp_quantile_calibrated,HOUSEHOLD_1_216_TX_1,125.17824425168766,116.60320426830529,8.575039983382363,0.0,0.8941353088471313,0.9743589743589743,0.02564102564102564,1.4949128752346832,9.0
pp_quantile_calibrated,HOUSEHOLD_1_217_WI_3,600.6226482784718,416.0382972222441,184.58435105622777,0.0,0.7467978723508535,0.8461538461538461,0.15384615384615385,5.333824323362104,81.0
pp_quantile_calibrated,HOUSEHOLD_1_218_CA_1,667.0916277764834,493.9885452672602,173.10308250922327,0.0,0.7400854616978629,0.8461538461538461,0.15384615384615385,6.333186477785387,74.0
pp_quantile_calibrated,HOUSEHOLD_1_219_TX_3,298.8886829703032,176.90823600463088,121.98044696567234,0.0,0.7622213509441085,0.8846153846153846,0.11538461538461539,2.268054307751678,57.0
pp_quantile_calibrated,HOUSEHOLD_1_220_TX_3,651.5599103421223,446.92970737966385,204.63020296245844,0.0,0.793302825290446,0.8461538461538461,0.15384615384615385,5.729868043329024,110.0
pp_quantile_calibrated,HOUSEHOLD_1_221_CA_2,550.2572543834336,346.474045711611,203.78320867182262,0.0,0.6940192061984645,0.782051282051282,0.21794871794871795,4.441974945020654,74.0
pp_quantile_calibrated,HOUSEHOLD_1_224_WI_2,580.3324062319234,401.5926901144035,178.73971611751986,0.0,0.6944620237307352,0.8333333333333334,0.16666666666666666,5.148624232235942,65.0
pp_quantile_calibrated,HOUSEHOLD_1_225_CA_4,550.9932123125498,400.0210736122268,150.97213870032294,0.0,0.7107813434859714,0.8589743589743589,0.14102564102564102,5.128475302720856,58.0
pp_quantile_calibrated,HOUSEHOLD_1_225_TX_2,1201.3123636367227,812.8092203846654,388.50314325205716,0.0,0.7863019014015087,0.7948717948717948,0.20512820512820512,10.420631030572634,202.0
pp_quantile_calibrated,HOUSEHOLD_1_230_TX_3,245.46044154615828,180.44269371792814,65.01774782823016,0.0,0.5986558776035176,0.9358974358974359,0.0641025641025641,2.313367868178566,18.0
pp_quantile_calibrated,HOUSEHOLD_1_238_CA_3,931.9774694750947,563.4342887873165,368.5431806877782,0.0,0.7810200946596684,0.7692307692307693,0.23076923076923078,7.223516522914315,187.0
pp_quantile_calibrated,HOUSEHOLD_1_244_CA_3,906.8455963073593,512.2940591072318,394.5515372001276,0.0,0.7171673568457867,0.782051282051282,0.21794871794871795,6.567872552656818,155.0
pp_quantile_calibrated,HOUSEHOLD_1_246_CA_2,2468.2863299421924,1658.9915377669108,809.2947921752814,0.0,0.8212293368289637,0.7307692307692307,0.2692307692307692,21.26912227906296,503.0
pp_quantile_calibrated,HOUSEHOLD_1_248_CA_4,253.10945319639566,185.22292618700325,67.88652700939241,0.0,0.7714258349852107,0.8717948717948718,0.1282051282051282,2.374652899833375,33.0
pp_quantile_calibrated,HOUSEHOLD_1_249_WI_3,284.8759272882225,224.28249951385484,60.59342777436765,0.0,0.8316849228489787,0.8974358974358975,0.10256410256410256,2.8754166604340363,40.0
pp_quantile_calibrated,HOUSEHOLD_1_264_TX_3,200.99648913824305,158.95912860523956,42.037360533003486,0.0,0.7969209636086789,0.9358974358974359,0.0641025641025641,2.03793754622102,23.0
pp_quantile_calibrated,HOUSEHOLD_1_265_CA_3,361.1320568688101,239.45812736275278,121.6739295060573,0.0,0.734915186261313,0.8333333333333334,0.16666666666666666,3.0699759918301637,51.0
pp_quantile_calibrated,HOUSEHOLD_1_272_CA_3,9466.499999999996,9037.199999999997,429.2999999999999,0.0,0.7435483870967743,0.9487179487179487,0.05128205128205128,115.86153846153843,186.0
pp_quantile_calibrated,HOUSEHOLD_1_298_TX_3,524.7788116646935,458.456230718678,66.3225809460155,0.0,0.8060743247192529,0.9358974358974359,0.0641025641025641,5.877643983572795,38.0
pp_quantile_calibrated,HOUSEHOLD_1_304_CA_3,4423.397875643821,2246.566597676917,2176.8312779669045,0.0,0.6976623225045965,0.6666666666666666,0.3333333333333333,28.80213586765278,800.0
pp_quantile_calibrated,HOUSEHOLD_1_304_CA_4,815.9022601767788,401.1644868242689,414.73777335250986,0.0,0.6927868345536964,0.7051282051282052,0.2948717948717949,5.143134446464986,150.0
pp_quantile_calibrated,HOUSEHOLD_1_309_TX_2,285.2771030820514,225.0486263425378,60.22847673951358,0.0,0.6653973514471468,0.9230769230769231,0.07692307692307693,2.885238799263305,20.0
pp_quantile_calibrated,HOUSEHOLD_1_314_TX_3,423.5931874549364,330.5365248526525,93.0566626022839,0.0,0.8085253855920085,0.8717948717948718,0.1282051282051282,4.237647754521186,54.0
pp_quantile_calibrated,HOUSEHOLD_1_317_CA_1,699.5218437716701,565.2864373126105,134.23540645905967,0.0,0.8508495483788227,0.8846153846153846,0.11538461538461539,7.24726201682834,100.0
pp_quantile_calibrated,HOUSEHOLD_1_317_TX_3,538.3397711211599,463.15091410821657,75.18885701294334,0.0,0.8673917865732922,0.9487179487179487,0.05128205128205128,5.937832232156623,63.0
pp_quantile_calibrated,HOUSEHOLD_1_320_WI_3,313.3652719319484,210.22701767144974,103.13825426049868,0.0,0.6418810615954907,0.8974358974358975,0.10256410256410256,2.695218175274997,32.0
pp_quantile_calibrated,HOUSEHOLD_1_332_WI_3,89.24316538166015,51.10848414777983,38.134681233880315,0.0,0.15256263924710406,0.9487179487179487,0.05128205128205128,0.6552369762535876,5.0
pp_quantile_calibrated,HOUSEHOLD_1_333_WI_2,349.1930645177821,215.43877510755559,133.7542894102265,0.0,0.6622366429034684,0.8589743589743589,0.14102564102564102,2.7620355783019948,44.0
pp_quantile_calibrated,HOUSEHOLD_1_338_WI_1,471.967518000601,336.7518771923226,135.21564080827844,0.0,0.8048836351972893,0.8589743589743589,0.14102564102564102,4.31733175887593,77.0
pp_quantile_calibrated,HOUSEHOLD_1_342_TX_2,549.3188911713496,348.4760742145386,200.84281695681108,0.0,0.6943031705375782,0.782051282051282,0.21794871794871795,4.467641977109469,73.0
pp_quantile_calibrated,HOUSEHOLD_1_344_CA_1,419.1425255847479,351.72026124525337,67.42226433949455,0.0,0.833525273235816,0.9230769230769231,0.07692307692307693,4.509234118528889,45.0
pp_quantile_calibrated,HOUSEHOLD_1_344_TX_1,1633.3927287668753,898.3885879605351,735.00414080634,0.0,0.7144506057473426,0.717948717948718,0.28205128205128205,11.51780240975045,286.0
pp_quantile_calibrated,HOUSEHOLD_1_349_TX_2,616.2660482433603,513.0060171193513,103.2600311240089,0.0,0.8665891070749239,0.9102564102564102,0.08974358974358974,6.5770002194788635,86.0
pp_quantile_calibrated,HOUSEHOLD_1_361_WI_3,1103.6571578440776,797.5724096251896,306.0847482188879,0.0,0.8045435835128429,0.8205128205128205,0.1794871794871795,10.225287302887047,174.0
pp_quantile_calibrated,HOUSEHOLD_1_368_TX_3,223.7282799831586,223.0094090717711,0.7188709113874947,0.0,0.9800313635725696,0.9871794871794872,0.01282051282051282,2.8590949880996295,4.0
pp_quantile_calibrated,HOUSEHOLD_1_369_CA_1,1039.0386147179743,514.7093273640203,524.329287353954,0.0,0.6727033162584557,0.7051282051282052,0.2948717948717949,6.598837530307953,178.0
pp_quantile_calibrated,HOUSEHOLD_1_371_CA_1,566.7866284413485,403.6888955870863,163.09773285426218,0.0,0.8437761179556876,0.8205128205128205,0.1794871794871795,5.175498661372901,116.0
pp_quantile_calibrated,HOUSEHOLD_1_377_TX_1,175.97952150744496,133.9546795866246,42.024841920820364,0.0,0.7253278305828734,0.9358974358974359,0.0641025641025641,1.7173676870080077,17.0
pp_quantile_calibrated,HOUSEHOLD_1_380_CA_1,460.6638554822405,305.60637482566176,155.0574806565787,0.0,0.7428565826590736,0.8461538461538461,0.15384615384615385,3.918030446482843,67.0
pp_quantile_calibrated,HOUSEHOLD_1_384_CA_2,407.8739442528896,274.1248263164496,133.74911793643997,0.0,0.7713690291684787,0.8589743589743589,0.14102564102564102,3.5144208502108927,65.0
pp_quantile_calibrated,HOUSEHOLD_1_385_CA_3,1947.277924550829,1308.9829997083632,638.2949248424659,0.0,0.8007818586634002,0.8461538461538461,0.15384615384615385,16.7818333295944,356.0
pp_quantile_calibrated,HOUSEHOLD_1_386_CA_2,802.305652116951,289.0031108313222,513.3025412856289,0.0,0.5400514863031999,0.6923076923076923,0.3076923076923077,3.705168087581054,124.0
pp_quantile_calibrated,HOUSEHOLD_1_389_CA_1,2379.4571710493506,1764.346403392461,615.1107676568895,0.0,0.7922624898153026,0.8205128205128205,0.1794871794871795,22.61982568451873,329.0
pp_quantile_calibrated,HOUSEHOLD_1_390_WI_2,1100.9835496903954,719.5768670173194,381.406682673076,0.0,0.7415943884328754,0.717948717948718,0.28205128205128205,9.225344448939993,164.0
pp_quantile_calibrated,HOUSEHOLD_1_394_CA_3,633.9049852776491,455.5027557267266,178.40222955092244,0.0,0.7667944711752647,0.8461538461538461,0.15384615384615385,5.839778919573418,85.0
pp_quantile_calibrated,HOUSEHOLD_1_395_CA_3,471.9405603136702,345.4951008539903,126.44545945967982,0.0,0.7963841232533336,0.8846153846153846,0.11538461538461539,4.429424369922953,69.0
pp_quantile_calibrated,HOUSEHOLD_1_396_TX_1,608.1741166464828,381.6429920011363,226.5311246453465,0.0,0.7690814223798711,0.8205128205128205,0.1794871794871795,4.892858871809439,109.0
pp_quantile_calibrated,HOUSEHOLD_1_397_WI_1,1080.71021131098,502.5055866862778,578.2046246247021,0.0,0.6264828006300374,0.6794871794871795,0.32051282051282054,6.442379316490741,172.0
pp_quantile_calibrated,HOUSEHOLD_1_398_CA_4,259.45649136318826,183.1370156172349,76.31947574595334,0.0,0.7173352750149876,0.8974358974358975,0.10256410256410256,2.3479104566312166,30.0
pp_quantile_calibrated,HOUSEHOLD_1_399_TX_3,3538.6238008798628,1612.903983103307,1925.7198177765556,0.0,0.6526479405164942,0.6923076923076923,0.3076923076923077,20.67825619363214,616.0
pp_quantile_calibrated,HOUSEHOLD_1_401_CA_2,223.59372092700724,186.38072865301032,37.21299227399692,0.0,0.812055594575773,0.9487179487179487,0.05128205128205128,2.38949652119244,22.0
pp_quantile_calibrated,HOUSEHOLD_1_402_TX_2,266.29750781627706,220.49917603621546,45.798331780061574,0.0,0.8115294988474832,0.9487179487179487,0.05128205128205128,2.8269125132848134,27.0
pp_quantile_calibrated,HOUSEHOLD_1_404_TX_2,451.48375510386404,364.26656770691005,87.21718739695402,0.0,0.8384866900056408,0.9230769230769231,0.07692307692307693,4.670084201370642,60.0
pp_quantile_calibrated,HOUSEHOLD_1_407_CA_4,316.4706389044303,204.44603469949485,112.02460420493544,0.0,0.6228127804547628,0.8717948717948718,0.1282051282051282,2.6211030089678826,33.0
pp_quantile_calibrated,HOUSEHOLD_1_411_WI_3,797.5644967917071,668.7383672035529,128.82612958815423,0.0,0.871044915327173,0.8846153846153846,0.11538461538461539,8.57356881030196,111.0
pp_quantile_calibrated,HOUSEHOLD_1_415_CA_3,510.8827285200216,319.8302781019763,191.05245041804528,0.0,0.6576120960250086,0.8205128205128205,0.1794871794871795,4.100388180794568,62.0
pp_quantile_calibrated,HOUSEHOLD_1_419_WI_2,206.08633911700886,190.27513795621877,15.811201160790102,0.0,0.8828799914015548,0.9615384615384616,0.038461538461538464,2.4394248455925482,15.0
pp_quantile_calibrated,HOUSEHOLD_1_421_WI_3,454.1279175215939,323.1198732249831,131.00804429661076,0.0,0.782739561697163,0.8589743589743589,0.14102564102564102,4.142562477243374,67.0
pp_quantile_calibrated,HOUSEHOLD_1_423_CA_4,167.27571564158882,142.2424771940129,25.033238447575908,0.0,0.7860406970292657,0.9487179487179487,0.05128205128205128,1.823621502487345,13.0
pp_quantile_calibrated,HOUSEHOLD_1_425_CA_4,601.3576841141133,371.2537165939621,230.10396752015123,0.0,0.6882060060702558,0.8205128205128205,0.1794871794871795,4.759663033255925,82.0
pp_quantile_calibrated,HOUSEHOLD_1_431_TX_2,1361.4162889566041,772.969575291237,588.4467136653672,0.0,0.6747116010694488,0.7307692307692307,0.2692307692307692,9.909866349887654,201.0
pp_quantile_calibrated,HOUSEHOLD_1_433_WI_1,165.29523876917943,139.24205684150107,26.05318192767836,0.0,0.8070134672023825,0.9487179487179487,0.05128205128205128,1.7851545748910393,15.0
pp_quantile_calibrated,HOUSEHOLD_1_437_WI_1,1110.1373850868881,610.4936812589349,499.64370382795323,0.0,0.7543541279115276,0.7692307692307693,0.23076923076923078,7.826842067422242,226.0
pp_quantile_calibrated,HOUSEHOLD_1_439_WI_3,1085.866896845172,944.5668968451721,141.2999999999999,0.0,0.839795918367347,0.9487179487179487,0.05128205128205128,12.10983201083554,98.0
pp_quantile_calibrated,HOUSEHOLD_1_442_CA_4,334.1263826726895,202.30112240624004,131.82526026644942,0.0,0.7430306817418141,0.8333333333333334,0.16666666666666666,2.5936041334133337,57.0
pp_quantile_calibrated,HOUSEHOLD_1_445_TX_3,1148.2277753384299,551.0997338763657,597.1280414620642,0.0,0.6374450264346908,0.7307692307692307,0.2692307692307692,7.06538120354315,183.0
pp_quantile_calibrated,HOUSEHOLD_1_448_CA_4,870.178663420357,619.1590929517647,251.01957046859235,0.0,0.7786423540841337,0.8205128205128205,0.1794871794871795,7.937937089125189,126.0
pp_quantile_calibrated,HOUSEHOLD_1_450_TX_2,618.985955474447,384.9505388107028,234.03541666374414,0.0,0.643781709796432,0.782051282051282,0.21794871794871795,4.9352633180859335,73.0
pp_quantile_calibrated,HOUSEHOLD_1_458_CA_2,939.2596149345818,523.9971435496786,415.26247138490317,0.0,0.7061129006476269,0.7307692307692307,0.2692307692307692,6.7179120967907515,157.0
pp_quantile_calibrated,HOUSEHOLD_1_459_WI_2,15316.934181768444,8955.8015371277,6361.132644640743,0.0,0.7001304556337744,0.6923076923076923,0.3076923076923077,114.8179684247141,2357.0
pp_quantile_calibrated,HOUSEHOLD_1_462_WI_1,1350.2840011850958,1166.042426229025,184.24157495607085,0.0,0.7533579987201193,0.9487179487179487,0.05128205128205128,14.949261874731091,83.0
pp_quantile_calibrated,HOUSEHOLD_1_467_CA_1,384.01150956665106,261.2485721282398,122.76293743841129,0.0,0.7648219589302465,0.8717948717948718,0.1282051282051282,3.3493406683107665,58.0
pp_quantile_calibrated,HOUSEHOLD_1_473_WI_2,3375.2952515959255,1970.682650450923,1404.6126011450026,0.0,0.7345781176974674,0.717948717948718,0.28205128205128205,25.26516218526824,588.0
pp_quantile_calibrated,HOUSEHOLD_1_474_TX_2,5334.777219074778,2635.0291600694077,2699.748059005371,0.0,0.6663270227406538,0.6666666666666666,0.3333333333333333,33.78242512909497,899.0
pp_quantile_calibrated,HOUSEHOLD_1_481_CA_1,856.2623720106595,474.7661830840767,381.4961889265828,0.0,0.690595142800825,0.7435897435897436,0.2564102564102564,6.086745936975342,137.0
pp_quantile_calibrated,HOUSEHOLD_1_482_WI_1,470.3018212790822,282.4662757874899,187.8355454915923,0.0,0.67389662241043,0.8076923076923077,0.19230769230769232,3.6213625100960245,64.0
pp_quantile_calibrated,HOUSEHOLD_1_491_TX_1,489.6063730127992,300.2514911477973,189.35488186500191,0.0,0.6950807055313979,0.8461538461538461,0.15384615384615385,3.8493780916384273,69.0
pp_quantile_calibrated,HOUSEHOLD_1_491_WI_3,295.63181905778936,233.40185347912058,62.2299655786688,0.0,0.8617111876029583,0.9102564102564102,0.08974358974358974,2.99233145486052,50.0
pp_quantile_calibrated,HOUSEHOLD_1_492_WI_2,279.8357122887302,214.8083310035185,65.02738128521169,0.0,0.444210416365712,0.9102564102564102,0.08974358974358974,2.7539529615835705,13.0
pp_quantile_calibrated,HOUSEHOLD_1_494_CA_2,1252.8062385807639,689.9147932693353,562.8914453114285,0.0,0.714413269755744,0.7564102564102564,0.24358974358974358,8.845061452170965,219.0
pp_quantile_calibrated,HOUSEHOLD_1_494_TX_1,1435.4850670907222,743.5584341188562,691.9266329718658,0.0,0.7311862342766645,0.7051282051282052,0.2948717948717949,9.532800437421233,286.0
pp_quantile_calibrated,HOUSEHOLD_1_500_TX_3,86.95923656577493,66.9490690403275,20.01016752544743,0.0,0.629441342121344,0.9743589743589743,0.02564102564102564,0.8583213979529167,6.0
pp_quantile_calibrated,HOUSEHOLD_1_501_TX_3,169.56461055390315,168.063770220344,1.5008403335591405,0.0,0.9761771375625533,0.9871794871794872,0.01282051282051282,2.154663720773641,7.0
pp_quantile_calibrated,HOUSEHOLD_1_503_WI_1,588.2283715024969,382.833991601478,205.39437990101885,0.0,0.7492132113540673,0.8333333333333334,0.16666666666666666,4.908128097454846,91.0
pp_quantile_calibrated,HOUSEHOLD_1_504_CA_3,372.1104203612669,348.9113282781925,23.199092083074397,0.0,0.9194475969337694,0.9743589743589743,0.02564102564102564,4.473222157412724,32.0
pp_quantile_calibrated,HOUSEHOLD_1_504_WI_3,304.09778807006126,286.09778807006126,18.0,0.0,0.7142857142857143,0.9871794871794872,0.01282051282051282,3.6679203598725802,7.0
pp_quantile_calibrated,HOUSEHOLD_1_507_WI_3,767.0,767.0,0.0,0.0,1.0,1.0,0.0,9.833333333333334,11.0
pp_quantile_calibrated,HOUSEHOLD_1_510_CA_4,820.4776369250199,482.22482141334103,338.2528155116788,0.0,0.6893913539837659,0.7692307692307693,0.23076923076923078,6.182369505299244,121.0
pp_quantile_calibrated,HOUSEHOLD_1_510_TX_1,532.375261628868,453.0264683228131,79.3487933060548,0.0,0.8869675309030558,0.9102564102564102,0.08974358974358974,5.808031645164271,78.0
pp_quantile_calibrated,HOUSEHOLD_1_520_CA_1,443.0628219720819,337.5324031127579,105.53041885932404,0.0,0.7906142482949919,0.8461538461538461,0.15384615384615385,4.327338501445614,56.0
pp_quantile_calibrated,HOUSEHOLD_1_521_CA_2,2736.390032044667,1081.8426909940365,1654.5473410506304,0.0,0.5580803042065624,0.6794871794871795,0.32051282051282054,13.869778089667134,416.0
pp_quantile_calibrated,HOUSEHOLD_1_521_TX_3,4917.1878272428685,3403.5662129306215,1513.6216143122467,0.0,0.802605423276963,0.717948717948718,0.28205128205128205,43.6354642683413,852.0
pp_quantile_calibrated,HOUSEHOLD_1_527_WI_2,631.0852541380948,345.5958209201164,285.48943321797844,0.0,0.5043586228854541,0.7948717948717948,0.20512820512820512,4.4307156528220055,64.0
pp_quantile_calibrated,HOUSEHOLD_1_529_CA_2,676.1787835353091,347.89422569877564,328.2845578365334,0.0,0.6160414528227679,0.8333333333333334,0.16666666666666666,4.460182380753534,95.0
pp_quantile_calibrated,HOUSEHOLD_1_531_TX_1,314.60499269335986,239.84406857572912,74.76092411763075,0.0,0.851664833099939,0.9230769230769231,0.07692307692307693,3.0749239560990915,56.0
pp_quantile_calibrated,HOUSEHOLD_1_533_WI_1,325.1715511956654,252.56670108796112,72.60485010770432,0.0,0.7931485751917255,0.8974358974358975,0.10256410256410256,3.238034629332835,39.0
pp_quantile_calibrated,HOUSEHOLD_1_534_CA_2,470.0326343537969,386.0553877717138,83.97724658208307,0.0,0.8586241640032272,0.9230769230769231,0.07692307692307693,4.949428048355306,66.0
pp_quantile_calibrated,HOUSEHOLD_1_534_CA_4,349.8838199865271,228.7178091630971,121.16601082343004,0.0,0.7008246646335061,0.8717948717948718,0.1282051282051282,2.9322796046550907,45.0
pp_quantile_calibrated,HOUSEHOLD_1_534_TX_1,353.99296993271145,238.27376256186878,115.71920737084268,0.0,0.6524948727602322,0.8846153846153846,0.11538461538461539,3.0547918277162665,37.0
pp_quantile_calibrated,HOUSEHOLD_1_537_CA_3,1043.658579251183,820.4776559422882,223.1809233088948,0.0,0.8673910140767114,0.8589743589743589,0.14102564102564102,10.518944306952411,187.0
pp_quantile_calibrated,HOUSEHOLD_1_537_TX_1,670.8926999143795,500.3769649048409,170.51573500953853,0.0,0.8229327777678728,0.8589743589743589,0.14102564102564102,6.415089293651807,107.0
pp_quantile_calibrated,HOUSEHOLD_1_541_CA_2,934.3202119378325,662.8824588483993,271.43775308943316,0.0,0.8429179669621335,0.8461538461538461,0.15384615384615385,8.498493062158966,192.0
pp_quantile_calibrated,HOUSEHOLD_2_001_WI_2,128.43499518806885,98.25048207917523,30.18451310889361,0.0,0.6273516900136591,0.9487179487179487,0.05128205128205128,1.2596215651176312,9.0
pp_quantile_calibrated,HOUSEHOLD_2_004_CA_4,197.69776550601676,190.54575031760282,7.152015188413927,0.0,0.8675552742886309,0.9871794871794872,0.01282051282051282,2.442894234841062,6.0
pp_quantile_calibrated,HOUSEHOLD_2_008_WI_2,249.7599096663156,249.7599096663156,0.0,0.0,1.0,1.0,0.0,3.202050123927123,0.0
pp_quantile_calibrated,HOUSEHOLD_2_009_CA_1,325.26816527787935,214.91374386473564,110.35442141314374,0.0,0.6855999389938925,0.8589743589743589,0.14102564102564102,2.755304408522252,39.0
pp_quantile_calibrated,HOUSEHOLD_2_010_CA_3,226.33650291061358,193.58997762050922,32.74652529010436,0.0,0.8346135086358366,0.9487179487179487,0.05128205128205128,2.4819227900065286,22.0
pp_quantile_calibrated,HOUSEHOLD_2_013_WI_3,113.12745222600356,92.99815572267678,20.129296503326778,0.0,0.7763411499630358,0.9615384615384616,0.038461538461538464,1.1922840477266254,10.0
pp_quantile_calibrated,HOUSEHOLD_2_015_CA_1,397.0046332756783,312.3096929267965,84.69494034888177,0.0,0.8117890214469294,0.9358974358974359,0.0641025641025641,4.0039704221384165,50.0
pp_quantile_calibrated,HOUSEHOLD_2_017_CA_1,277.53356034767774,228.37167926877385,49.16188107890392,0.0,0.8116403023796784,0.9487179487179487,0.05128205128205128,2.927842041907357,29.0
pp_quantile_calibrated,HOUSEHOLD_2_021_CA_2,395.8802251558862,358.34228690212,37.5379382537662,0.0,0.8654554184452824,0.9487179487179487,0.05128205128205128,4.594131883360513,31.0
pp_quantile_calibrated,HOUSEHOLD_2_029_WI_2,287.8165228246944,247.75256409188697,40.06395873280741,0.0,0.9052861495678312,0.9358974358974359,0.0641025641025641,3.176314924254961,47.0
pp_quantile_calibrated,HOUSEHOLD_2_032_WI_2,141.6246769984499,136.90566244639913,4.719014552050768,0.0,0.9250950071103052,0.9871794871794872,0.01282051282051282,1.7552008005948607,7.0
pp_quantile_calibrated,HOUSEHOLD_2_034_CA_2,186.98655257608078,126.36850557024984,60.61804700583093,0.0,0.6258145246553646,0.9487179487179487,0.05128205128205128,1.6201090457724339,18.0
pp_quantile_calibrated,HOUSEHOLD_2_034_CA_3,164.9535099844109,142.54395541983104,22.409554564579892,0.0,0.822146392344604,0.9615384615384616,0.038461538461538464,1.8274866079465517,14.0
pp_quantile_calibrated,HOUSEHOLD_2_038_TX_1,137.7793226877083,131.57947169580115,6.199850991907129,0.0,0.9373752425059885,0.9871794871794872,0.01282051282051282,1.6869163037923225,11.0
pp_quantile_calibrated,HOUSEHOLD_2_042_WI_2,164.72160358069937,164.72160358069937,0.0,0.0,1.0,1.0,0.0,2.1118154305217867,2.0
pp_quantile_calibrated,HOUSEHOLD_2_043_TX_2,143.12188063074782,82.86229550500407,60.259585125743754,0.0,0.6061465024461192,0.9230769230769231,0.07692307692307693,1.0623371218590265,17.0
pp_quantile_calibrated,HOUSEHOLD_2_045_CA_4,214.89533490828086,123.81008130277485,91.08525360550601,0.0,0.4673376982134152,0.8589743589743589,0.14102564102564102,1.5873087346509596,19.0
pp_quantile_calibrated,HOUSEHOLD_2_047_TX_2,499.3596603158808,450.8447375343068,48.51492278157397,0.0,0.8652363256067389,0.9615384615384616,0.038461538461538464,5.780060737619317,40.0
pp_quantile_calibrated,HOUSEHOLD_2_057_WI_3,159.11434021246458,118.74981503245473,40.36452518000985,0.0,0.6262543964813904,0.9358974358974359,0.0641025641025641,1.522433526057112,12.0
pp_quantile_calibrated,HOUSEHOLD_2_058_TX_2,300.04180277209707,231.5511078100008,68.49069496209626,0.0,0.827043699590666,0.8846153846153846,0.11538461538461539,2.9686039462820615,44.0
pp_quantile_calibrated,HOUSEHOLD_2_063_TX_2,135.26394449819796,119.06219126910116,16.201753229096788,0.0,0.8499837663972519,0.9615384615384616,0.038461538461538464,1.5264383496038612,12.0
pp_quantile_calibrated,HOUSEHOLD_2_067_CA_2,805.5674781623583,476.67009168530905,328.8973864770492,0.0,0.6616282032129123,0.782051282051282,0.21794871794871795,6.1111550216065265,108.0
pp_quantile_calibrated,HOUSEHOLD_2_073_WI_3,124.28698359518259,112.68406678430952,11.602916810873067,0.0,0.5702623403380346,0.9871794871794872,0.01282051282051282,1.444667522875763,3.0
pp_quantile_calibrated,HOUSEHOLD_2_075_CA_4,364.9073129531251,274.7130088967556,90.1943040563695,0.0,0.7362739647474577,0.8974358974358975,0.10256410256410256,3.5219616525225073,38.0
pp_quantile_calibrated,HOUSEHOLD_2_075_WI_3,376.5925975134931,346.5331153261892,30.059482187303917,0.0,0.9097312847228112,0.9615384615384616,0.038461538461538464,4.442732247771657,37.0
pp_quantile_calibrated,HOUSEHOLD_2_077_CA_3,167.77013919330636,140.81482794292032,26.955311250386043,0.0,0.6672183796248636,0.9615384615384616,0.038461538461538464,1.805318306960517,9.0
pp_quantile_calibrated,HOUSEHOLD_2_079_TX_1,178.63927926580706,140.47863747166022,38.16064179414684,0.0,0.6971377635385172,0.9230769230769231,0.07692307692307693,1.8010081727135925,14.0
pp_quantile_calibrated,HOUSEHOLD_2_087_CA_3,150.25036976812575,148.16722746463776,2.0831423034879903,0.0,0.9669342491509842,0.9871794871794872,0.01282051282051282,1.8995798392902277,7.0
pp_quantile_calibrated,HOUSEHOLD_2_089_TX_2,428.3717012481261,300.35310269741876,128.01859855070734,0.0,0.7504510749498882,0.8974358974358975,0.10256410256410256,3.850680803813061,57.0
pp_quantile_calibrated,HOUSEHOLD_2_095_CA_2,356.15659658299546,278.4118062747034,77.74479030829204,0.0,0.7840422491436332,0.8974358974358975,0.10256410256410256,3.5693821317269667,40.0
pp_quantile_calibrated,HOUSEHOLD_2_095_TX_3,215.66546137849193,173.74739569941664,41.918065679075276,0.0,0.8136974858707765,0.9230769230769231,0.07692307692307693,2.227530714095085,25.0
pp_quantile_calibrated,HOUSEHOLD_2_110_CA_1,1044.2322595672988,604.2417005451133,439.99055902218555,0.0,0.7072584437643477,0.7564102564102564,0.24358974358974358,7.746688468527093,167.0
pp_quantile_calibrated,HOUSEHOLD_2_120_TX_2,261.0252720287948,229.18325661729057,31.842015411504228,0.0,0.8989142367888755,0.9230769230769231,0.07692307692307693,2.9382468797088532,35.0
pp_quantile_calibrated,HOUSEHOLD_2_123_TX_1,368.92682813204715,281.7550812430563,87.17174688899088,0.0,0.7693869129920875,0.8846153846153846,0.11538461538461539,3.6122446313212344,42.0
pp_quantile_calibrated,HOUSEHOLD_2_129_CA_2,217.41204097593925,172.91719767077595,44.494843305163286,0.0,0.6468663229748947,0.9358974358974359,0.0641025641025641,2.216887149625333,14.0
pp_quantile_calibrated,HOUSEHOLD_2_138_CA_3,109.61517811500026,108.94764625672042,0.6675318582798466,0.0,0.9814574483811154,0.9871794871794872,0.01282051282051282,1.3967646955989796,4.0
pp_quantile_calibrated,HOUSEHOLD_2_139_TX_2,330.5927337642976,176.89231302482364,153.70042073947397,0.0,0.6366420313487613,0.8333333333333334,0.16666666666666666,2.2678501669849185,47.0
pp_quantile_calibrated,HOUSEHOLD_2_143_CA_1,264.87635498662127,205.58408337969604,59.29227160692521,0.0,0.700544082793307,0.9102564102564102,0.08974358974358974,2.6356933766627697,22.0
pp_quantile_calibrated,HOUSEHOLD_2_146_WI_1,478.48867222606475,299.77226525981825,178.71640696624647,0.0,0.5587249210709964,0.8205128205128205,0.1794871794871795,3.84323416999767,45.0
pp_quantile_calibrated,HOUSEHOLD_2_147_CA_3,147.6897371518045,147.6897371518045,0.0,0.0,1.0,1.0,0.0,1.8934581686128784,5.0
pp_quantile_calibrated,HOUSEHOLD_2_149_TX_1,124.01494018831042,119.67816628901664,4.336773899293778,0.0,0.9196893722353003,0.9871794871794872,0.01282051282051282,1.534335465243803,6.0
pp_quantile_calibrated,HOUSEHOLD_2_150_CA_2,322.4042758973099,199.85733321309914,122.54694268421075,0.0,0.5873840313662938,0.8846153846153846,0.11538461538461539,2.5622735027320402,33.0
pp_quantile_calibrated,HOUSEHOLD_2_158_TX_3,175.87806556310082,175.87806556310082,0.0,0.0,1.0,1.0,0.0,2.2548469943987284,0.0
pp_quantile_calibrated,HOUSEHOLD_2_159_CA_2,365.9958449033199,298.4887907690858,67.50705413423408,0.0,0.8369394827675506,0.9358974358974359,0.0641025641025641,3.826779368834434,46.0
pp_quantile_calibrated,HOUSEHOLD_2_160_WI_1,292.18381320970934,232.20655784526,59.97725536444936,0.0,0.8374600125624679,0.9230769230769231,0.07692307692307693,2.9770071518623076,41.0
pp_quantile_calibrated,HOUSEHOLD_2_164_CA_1,413.0,368.0,45.0,0.0,0.5833333333333334,0.9358974358974359,0.0641025641025641,4.717948717948718,12.0
pp_quantile_calibrated,HOUSEHOLD_2_176_TX_2,1943.450400335748,1013.5830039479564,929.8673963877917,0.0,0.5658882369804894,0.6538461538461539,0.34615384615384615,12.994653896768671,238.0
pp_quantile_calibrated,HOUSEHOLD_2_179_CA_1,250.57564150912833,220.80684125725716,29.76880025187117,0.0,0.8818698402703526,0.9615384615384616,0.038461538461538464,2.8308569391956047,28.0
pp_quantile_calibrated,HOUSEHOLD_2_184_WI_3,398.3500158383823,254.33872600578755,144.01128983259474,0.0,0.6521466429164378,0.8589743589743589,0.14102564102564102,3.260752897510097,46.0
pp_quantile_calibrated,HOUSEHOLD_2_190_WI_1,471.5038991473786,390.81224616910123,80.69165297827738,0.0,0.7962331995498046,0.9358974358974359,0.0641025641025641,5.010413412424374,44.0
pp_quantile_calibrated,HOUSEHOLD_2_193_TX_1,378.5126308039139,317.6435183898683,60.86911241404559,0.0,0.6925802403331031,0.9102564102564102,0.08974358974358974,4.072352799870107,22.0
pp_quantile_calibrated,HOUSEHOLD_2_203_CA_1,676.9174910536658,287.94830331604425,388.9691877376216,0.0,0.40796166249981486,0.7435897435897436,0.2564102564102564,3.6916449143082595,73.0
pp_quantile_calibrated,HOUSEHOLD_2_207_WI_3,109.71040426250806,109.71040426250806,0.0,0.0,1.0,1.0,0.0,1.406543644391129,3.0
pp_quantile_calibrated,HOUSEHOLD_2_208_CA_3,131.51842724278544,107.112342078888,24.406085163897423,0.0,0.6986903066185504,0.9487179487179487,0.05128205128205128,1.3732351548575386,9.0
pp_quantile_calibrated,HOUSEHOLD_2_217_TX_1,611.3695066467217,350.23652801486094,261.13297863186074,0.0,0.68462200648326,0.782051282051282,0.21794871794871795,4.4902118976264225,92.0
pp_quantile_calibrated,HOUSEHOLD_2_218_CA_1,204.0,177.0,27.0,0.0,0.5,0.9743589743589743,0.02564102564102564,2.269230769230769,6.0
pp_quantile_calibrated,HOUSEHOLD_2_224_TX_1,122.96697810722087,97.29514911222262,25.67182899499825,0.0,0.5245957593518843,0.9615384615384616,0.038461538461538464,1.2473737065669566,6.0
pp_quantile_calibrated,HOUSEHOLD_2_226_TX_3,282.2522444917762,243.15099490723625,39.101249584539936,0.0,0.8448363111724607,0.9487179487179487,0.05128205128205128,3.11732044752867,28.0
pp_quantile_calibrated,HOUSEHOLD_2_226_WI_1,331.7748904561297,196.0086116951138,135.76627876101585,0.0,0.6132014850113509,0.8205128205128205,0.1794871794871795,2.512930919168126,39.0
pp_quantile_calibrated,HOUSEHOLD_2_234_WI_3,193.72398439726695,172.84911662759563,20.874867769671308,0.0,0.7422855830904777,0.9615384615384616,0.038461538461538464,2.2160143157384056,9.0
pp_quantile_calibrated,HOUSEHOLD_2_237_CA_2,161.16276136591466,145.07944958810887,16.0833117778058,0.0,0.8510804465017981,0.9743589743589743,0.02564102564102564,1.8599929434372933,12.0
pp_quantile_calibrated,HOUSEHOLD_2_238_CA_1,303.2542983993031,202.89521972701337,100.35907867228971,0.0,0.6282997086211493,0.8461538461538461,0.15384615384615385,2.6012207657309405,30.0
pp_quantile_calibrated,HOUSEHOLD_2_241_CA_2,227.19890857520988,182.55834848732206,44.640560087887806,0.0,0.7244409871118037,0.9615384615384616,0.038461538461538464,2.34049164727336,18.0
pp_quantile_calibrated,HOUSEHOLD_2_249_WI_1,356.0,356.0,0.0,0.0,1.0,1.0,0.0,4.564102564102564,7.0
pp_quantile_calibrated,HOUSEHOLD_2_257_TX_1,261.3646343023611,167.68223007910734,93.68240422325377,0.0,0.7186714587890277,0.8717948717948718,0.1282051282051282,2.149772180501376,37.0
pp_quantile_calibrated,HOUSEHOLD_2_259_CA_2,613.8541228161268,456.0682832370829,157.78583957904394,0.0,0.6869328579780875,0.8589743589743589,0.14102564102564102,5.8470292722702935,56.0
pp_quantile_calibrated,HOUSEHOLD_2_259_TX_3,164.16774006067047,145.3707972998286,18.79694276084187,0.0,0.8259542336959086,0.9615384615384616,0.038461538461538464,1.8637281705106232,12.0
pp_quantile_calibrated,HOUSEHOLD_2_260_WI_1,185.36447497188288,157.80341076360244,27.561064208280442,0.0,0.8086037207758303,0.9487179487179487,0.05128205128205128,2.023120650815416,16.0
pp_quantile_calibrated,HOUSEHOLD_2_263_TX_2,336.99988115611063,250.9665694921369,86.03331166397373,0.0,0.5654883249294257,0.9230769230769231,0.07692307692307693,3.2175201216940628,22.0
pp_quantile_calibrated,HOUSEHOLD_2_263_TX_3,223.87157666494164,211.42846046463117,12.443116200310476,0.0,0.7695719222164726,0.9743589743589743,0.02564102564102564,2.7106212880080918,6.0
pp_quantile_calibrated,HOUSEHOLD_2_264_WI_3,240.06427857279093,175.3559777445119,64.70830082827902,0.0,0.7885349646134673,0.9102564102564102,0.08974358974358974,2.2481535608270757,34.0
pp_quantile_calibrated,HOUSEHOLD_2_265_WI_1,272.05102645645525,192.43863843212532,79.61238802432995,0.0,0.6597761195541454,0.9358974358974359,0.0641025641025641,2.467162031181094,26.0
pp_quantile_calibrated,HOUSEHOLD_2_275_CA_2,416.33135404768973,298.4319221926556,117.89943185503418,0.0,0.727084648483717,0.8589743589743589,0.14102564102564102,3.826050284521225,48.0
pp_quantile_calibrated,HOUSEHOLD_2_280_TX_2,229.5755190880535,201.58300041768018,27.99251867037334,0.0,0.8963240049245431,0.9487179487179487,0.05128205128205128,2.58439744125231,30.0
pp_quantile_calibrated,HOUSEHOLD_2_280_WI_3,163.18475994919808,152.5590499794389,10.625709969759193,0.0,0.9262103474322279,0.9743589743589743,0.02564102564102564,1.9558852561466524,16.0
pp_quantile_calibrated,HOUSEHOLD_2_288_TX_3,183.02560660006236,183.02560660006236,0.0,0.0,1.0,1.0,0.0,2.3464821358982353,13.0
pp_quantile_calibrated,HOUSEHOLD_2_294_CA_1,907.9566479013164,798.5899220266397,109.36672587467675,0.0,0.8915012640132175,0.9230769230769231,0.07692307692307693,10.238332333674867,112.0
pp_quantile_calibrated,HOUSEHOLD_2_294_WI_3,657.1733692950163,378.1128369047843,279.060532390232,0.0,0.712900686841325,0.7692307692307693,0.23076923076923078,4.84760047313826,108.0
pp_quantile_calibrated,HOUSEHOLD_2_307_TX_1,107.13001479879948,103.79347326946652,3.33654152933296,0.0,0.876424387802483,0.9871794871794872,0.01282051282051282,1.3306855547367502,3.0
pp_quantile_calibrated,HOUSEHOLD_2_308_WI_3,199.26705762977747,116.37061348504027,82.8964441447372,0.0,0.4581931755245935,0.8974358974358975,0.10256410256410256,1.4919309421159008,17.0
pp_quantile_calibrated,HOUSEHOLD_2_311_TX_2,322.1332455140873,239.0306516109499,83.10259390313746,0.0,0.7632404732104345,0.8974358974358975,0.10256410256410256,3.0644955334737167,39.0
pp_quantile_calibrated,HOUSEHOLD_2_314_TX_1,216.3948158718788,148.93952448962924,67.45529138224956,0.0,0.6252483812097246,0.9230769230769231,0.07692307692307693,1.9094810832003748,20.0
pp_quantile_calibrated,HOUSEHOLD_2_316_CA_4,133.6996765328757,110.57085938293947,23.128817149936246,0.0,0.8572295237658256,0.9615384615384616,0.038461538461538464,1.4175751202940958,18.0
pp_quantile_calibrated,HOUSEHOLD_2_326_TX_2,177.10076778479157,150.89214244074228,26.208625344049292,0.0,0.8058620344885237,0.9487179487179487,0.05128205128205128,1.9345146466761831,15.0
pp_quantile_calibrated,HOUSEHOLD_2_330_CA_2,201.735568750504,192.28830771767554,9.44726103282845,0.0,0.934394020605358,0.9743589743589743,0.02564102564102564,2.4652347143291737,16.0
pp_quantile_calibrated,HOUSEHOLD_2_333_WI_2,242.02391878183198,227.3678598904651,14.656058891366875,0.0,0.9042087654159028,0.9615384615384616,0.038461538461538464,2.9149725626982703,17.0
pp_quantile_calibrated,HOUSEHOLD_2_337_CA_2,191.44668467028953,146.98502456695735,44.461660103332164,0.0,0.8099929055413155,0.9230769230769231,0.07692307692307693,1.8844233918840685,26.0
pp_quantile_calibrated,HOUSEHOLD_2_338_WI_3,314.7790078936051,278.3366855715112,36.44232232209392,0.0,0.6318957341202635,0.9615384615384616,0.038461538461538464,3.5684190457886054,11.0
pp_quantile_calibrated,HOUSEHOLD_2_342_CA_1,396.62941716719047,243.22768173054976,153.4017354366407,0.0,0.6294644071578727,0.8076923076923077,0.19230769230769232,3.1183036119301253,46.0
pp_quantile_calibrated,HOUSEHOLD_2_345_CA_1,333.6297796175078,256.0172638240316,77.6125157934762,0.0,0.7844096783514549,0.9358974358974359,0.0641025641025641,3.2822726131286104,40.0
pp_quantile_calibrated,HOUSEHOLD_2_346_TX_3,514.9500601933671,304.59457774428944,210.3554824490776,0.0,0.7282228908926646,0.8846153846153846,0.11538461538461539,3.9050586890293517,86.0
pp_quantile_calibrated,HOUSEHOLD_2_348_TX_1,455.006976064214,292.4924902569808,162.5144858072332,0.0,0.7344534545633445,0.8461538461538461,0.15384615384615385,3.749903721243343,68.0
pp_quantile_calibrated,HOUSEHOLD_2_354_TX_1,239.1201301007739,169.70770518526615,69.41242491550776,0.0,0.6494321973964254,0.8974358974358975,0.10256410256410256,2.175739810067515,22.0
pp_quantile_calibrated,HOUSEHOLD_2_354_TX_2,538.996131768685,345.1481929638191,193.84793880486586,0.0,0.5692268026558537,0.8589743589743589,0.14102564102564102,4.424976832869476,50.0
pp_quantile_calibrated,HOUSEHOLD_2_355_CA_3,243.02840292650768,214.22241745024283,28.80598547626485,0.0,0.8896322395545407,0.9358974358974359,0.0641025641025641,2.7464412493620878,29.0
pp_quantile_calibrated,HOUSEHOLD_2_355_TX_2,179.5447417901253,161.92048837212116,17.624253418004145,0.0,0.9067499819153222,0.9487179487179487,0.05128205128205128,2.0759036970784766,21.0
pp_quantile_calibrated,HOUSEHOLD_2_358_CA_4,131.83107781423803,131.83107781423803,0.0,0.0,1.0,1.0,0.0,1.690142023259462,1.0
pp_quantile_calibrated,HOUSEHOLD_2_358_WI_2,162.35144367549546,143.54630759193586,18.805136083559596,0.0,0.8694087771975028,0.9615384615384616,0.038461538461538464,1.8403372768196904,16.0
pp_quantile_calibrated,HOUSEHOLD_2_370_TX_2,174.75913309577015,146.46366601452854,28.295467081241622,0.0,0.8633069223128425,0.9615384615384616,0.038461538461538464,1.8777393078785711,23.0
pp_quantile_calibrated,HOUSEHOLD_2_373_WI_3,148.8688021606585,146.90995093319603,1.9588512274624748,0.0,0.9782349863615281,0.9871794871794872,0.01282051282051282,1.883460909399949,10.0
pp_quantile_calibrated,HOUSEHOLD_2_382_TX_3,311.1049088671966,260.230498507951,50.87441035924564,0.0,0.8685415752991069,0.8974358974358975,0.10256410256410256,3.336288442409628,43.0
pp_quantile_calibrated,HOUSEHOLD_2_385_WI_1,189.36185997351262,169.98187234187733,19.379987631635284,0.0,0.8564445360619609,0.9615384615384616,0.038461538461538464,2.179254773613812,15.0
pp_quantile_calibrated,HOUSEHOLD_2_392_CA_4,142.32283828020914,110.47763210982299,31.845206170386152,0.0,0.6461643758845983,0.9487179487179487,0.05128205128205128,1.4163798988438845,10.0
pp_quantile_calibrated,HOUSEHOLD_2_396_TX_3,206.7629649808078,111.47361185170408,95.28935312910372,0.0,0.4958235284174407,0.8846153846153846,0.11538461538461539,1.429148869893642,21.0
pp_quantile_calibrated,HOUSEHOLD_2_396_WI_2,136.3807457872503,114.15339841908393,22.227347368166374,0.0,0.5883824561450671,0.9743589743589743,0.02564102564102564,1.4635051079369734,6.0
pp_quantile_calibrated,HOUSEHOLD_2_397_WI_2,136.9549024949525,132.8457182148755,4.109184280077015,0.0,0.8858559922200829,0.9871794871794872,0.01282051282051282,1.7031502335240447,4.0
pp_quantile_calibrated,HOUSEHOLD_2_401_TX_3,562.8112397602306,285.58263538955504,277.2286043706756,0.0,0.6197138485998962,0.7948717948717948,0.20512820512820512,3.6613158383276287,81.0
pp_quantile_calibrated,HOUSEHOLD_2_405_CA_4,209.86645163107102,186.75047698423742,23.115974646833592,0.0,0.7431558372574045,0.9615384615384616,0.038461538461538464,2.3942368844133,10.0
pp_quantile_calibrated,HOUSEHOLD_2_412_CA_1,212.83508255158196,198.21828049822156,14.616802053360404,0.0,0.7293184804933258,0.9743589743589743,0.02564102564102564,2.5412600063874557,6.0
pp_quantile_calibrated,HOUSEHOLD_2_417_TX_1,116.01641726380255,93.78981463875687,22.226602625045683,0.0,0.506075497221207,0.9615384615384616,0.038461538461538464,1.2024335210097035,5.0
pp_quantile_calibrated,HOUSEHOLD_2_418_CA_2,207.35371669568232,202.3295718103688,5.024144885313526,0.0,0.973417222829029,0.9871794871794872,0.01282051282051282,2.5939688693637026,21.0
pp_quantile_calibrated,HOUSEHOLD_2_420_CA_3,440.9780654755515,292.74053881933486,148.23752665621663,0.0,0.5424767695795782,0.9102564102564102,0.08974358974358974,3.7530838310171135,36.0
pp_quantile_calibrated,HOUSEHOLD_2_424_CA_1,237.229008487579,159.8914340963065,77.33757439127248,0.0,0.6094061899430682,0.8846153846153846,0.11538461538461539,2.0498901807218783,22.0
pp_quantile_calibrated,HOUSEHOLD_2_424_CA_4,202.42084584223505,156.36742302620937,46.053422816025694,0.0,0.48829530204415894,0.9487179487179487,0.05128205128205128,2.0047105516180688,10.0
pp_quantile_calibrated,HOUSEHOLD_2_428_CA_4,82.94597565181647,82.94597565181647,0.0,0.0,1.0,1.0,0.0,1.0634099442540572,0.0
pp_quantile_calibrated,HOUSEHOLD_2_429_WI_3,150.2741783032193,126.29206728211732,23.982111021101964,0.0,0.7335320997655337,0.9487179487179487,0.05128205128205128,1.6191290677194528,10.0
pp_quantile_calibrated,HOUSEHOLD_2_432_TX_3,226.0342740216654,197.11521127944803,28.919062742217378,0.0,0.8809915113488997,0.9487179487179487,0.05128205128205128,2.5271180933262567,27.0
pp_quantile_calibrated,HOUSEHOLD_2_436_CA_2,362.3310251856496,323.9560557512902,38.37496943435939,0.0,0.8877924870340369,0.9615384615384616,0.038461538461538464,4.153282766042182,38.0
pp_quantile_calibrated,HOUSEHOLD_2_440_TX_2,1124.130203947223,708.8751920327805,415.25501191444255,0.0,0.6903392901458295,0.8076923076923077,0.19230769230769232,9.088143487599751,149.0
pp_quantile_calibrated,HOUSEHOLD_2_445_WI_2,126.07894472705509,126.07894472705509,0.0,0.0,1.0,1.0,0.0,1.616396727269937,2.0
pp_quantile_calibrated,HOUSEHOLD_2_446_CA_3,147.44674659232936,125.45637583735657,21.990370754972798,0.0,0.8120481132053607,0.9743589743589743,0.02564102564102564,1.608415074837905,13.0
pp_quantile_calibrated,HOUSEHOLD_2_451_TX_1,592.8796963807941,347.840524911692,245.03917146910211,0.0,0.735664324197301,0.7564102564102564,0.24358974358974358,4.459493909124256,103.0
pp_quantile_calibrated,HOUSEHOLD_2_451_WI_2,541.8471292537524,371.9299566146094,169.917172639143,0.0,0.7829921166805325,0.8717948717948718,0.1282051282051282,4.768332777110377,87.0
pp_quantile_calibrated,HOUSEHOLD_2_459_WI_3,117.67124413689682,110.49069842284163,7.18054571405518,0.0,0.9002701984159003,0.9871794871794872,0.01282051282051282,1.416547415677457,8.0
pp_quantile_calibrated,HOUSEHOLD_2_462_CA_4,185.35760355510155,150.50472811060703,34.85287544449453,0.0,0.6479507530859139,0.9358974358974359,0.0641025641025641,1.9295477962898337,11.0
pp_quantile_calibrated,HOUSEHOLD_2_462_TX_2,169.1227386607826,123.44454807507901,45.678190585703575,0.0,0.6095881146521063,0.9230769230769231,0.07692307692307693,1.5826224112189617,13.0
pp_quantile_calibrated,HOUSEHOLD_2_465_CA_1,529.8301685451942,356.1065358261317,173.7236327190625,0.0,0.7806519788900725,0.8333333333333334,0.16666666666666666,4.565468408027329,88.0
pp_quantile_calibrated,HOUSEHOLD_2_468_TX_2,364.0555163273675,217.17987995332345,146.87563637404406,0.0,0.6114401154125818,0.8333333333333334,0.16666666666666666,2.7843574352990186,42.0
pp_quantile_calibrated,HOUSEHOLD_2_470_WI_2,473.593089246574,325.0280232252486,148.56506602132535,0.0,0.62483569186534,0.8589743589743589,0.14102564102564102,4.167025938785239,44.0
pp_quantile_calibrated,HOUSEHOLD_2_475_CA_3,263.10103414585126,239.8696408376626,23.23139330818868,0.0,0.8709367038433962,0.9615384615384616,0.038461538461538464,3.075251805611059,20.0
pp_quantile_calibrated,HOUSEHOLD_2_476_WI_2,231.3260093594723,154.17693552130956,77.14907383816274,0.0,0.5488358255078203,0.8846153846153846,0.11538461538461539,1.9766273784783277,19.0
pp_quantile_calibrated,HOUSEHOLD_2_478_TX_2,151.98797771434474,105.92360657090585,46.06437114343889,0.0,0.6062874261244539,0.9230769230769231,0.07692307692307693,1.3579949560372544,13.0
pp_quantile_calibrated,HOUSEHOLD_2_480_TX_1,218.2067959528851,206.79127540121524,11.415520551669863,0.0,0.9154405885061492,0.9871794871794872,0.01282051282051282,2.6511701974514774,15.0
pp_quantile_calibrated,HOUSEHOLD_2_483_TX_1,647.4022086890457,378.66758025245315,268.7346284365925,0.0,0.6953122126569246,0.7692307692307693,0.23076923076923078,4.854712567339143,98.0
pp_quantile_calibrated,HOUSEHOLD_2_488_WI_3,154.8398729852987,125.2718108578871,29.568062127411604,0.0,0.765332840258638,0.9487179487179487,0.05128205128205128,1.6060488571523988,14.0
pp_quantile_calibrated,HOUSEHOLD_2_490_WI_1,711.6629765820326,350.04030238741655,361.62267419461597,0.0,0.6836197076162589,0.7435897435897436,0.2564102564102564,4.487696184454058,127.0
pp_quantile_calibrated,HOUSEHOLD_2_491_TX_3,344.1285342109892,256.54234295437016,87.586191256619,0.0,0.7504666915765841,0.8974358974358975,0.10256410256410256,3.2890043968508995,39.0
pp_quantile_calibrated,HOUSEHOLD_2_505_CA_4,167.55928300449082,166.65454237653913,0.9047406279516985,0.0,0.9888303626178803,0.9871794871794872,0.01282051282051282,2.136596697135117,9.0
pp_quantile_calibrated,HOUSEHOLD_2_507_CA_1,532.4255954538592,381.42074593650005,151.00484951735916,0.0,0.749577363984479,0.8461538461538461,0.15384615384615385,4.890009563288462,67.0
pp_quantile_calibrated,HOUSEHOLD_2_509_TX_1,194.2919500931717,168.63732123825307,25.654628854918634,0.0,0.9208190467440782,0.9487179487179487,0.05128205128205128,2.1620169389519623,36.0
pp_quantile_calibrated,HOUSEHOLD_2_509_WI_1,148.65406391761582,114.98423606321018,33.66982785440563,0.0,0.532363502022144,0.9743589743589743,0.02564102564102564,1.4741568726052587,8.0
pp_quantile_calibrated,HOUSEHOLD_2_509_WI_2,137.2638386668553,108.07176098700191,29.192077679853394,0.0,0.7683168438106873,0.9358974358974359,0.0641025641025641,1.3855353972692552,14.0
pp_quantile_calibrated,HOUSEHOLD_2_510_CA_2,448.62849879995736,331.8787508133226,116.74974798663477,0.0,0.7724176452502247,0.8974358974358975,0.10256410256410256,4.254855779657982,57.0
