model,series_id,total_cost,holding_cost,stockout_cost,ordering_cost,fill_rate,cycle_service_level,stockout_rate,average_on_hand,total_demand
point_gbdt_safety,FOODS_1_008_CA_1,1132.4977128914054,1132.4977128914054,0.0,0.0,1.0,1.0,0.0,14.51920144732571,25.0
point_gbdt_safety,FOODS_1_010_CA_3,1016.5653745812175,1009.3454146582845,7.2199599229330005,0.0,0.9453033339171742,0.9615384615384616,0.038461538461538464,12.940325828952366,44.0
point_gbdt_safety,FOODS_1_010_WI_3,1269.6338216058098,1269.6338216058098,0.0,0.0,1.0,1.0,0.0,16.27735668725397,55.0
point_gbdt_safety,FOODS_1_013_WI_1,1339.9412414399105,1339.022747813783,0.9184936261274643,0.0,0.9975506836636601,0.9871794871794872,0.01282051282051282,17.166958305304913,125.0
point_gbdt_safety,FOODS_1_014_WI_3,1142.212725231425,1102.9038168230984,39.30890840832671,0.0,0.8493911555236525,0.9358974358974359,0.0641025641025641,14.139792523373057,87.0
point_gbdt_safety,FOODS_1_022_WI_3,1256.8178506861675,1256.8178506861675,0.0,0.0,1.0,1.0,0.0,16.113049367771378,1.0
point_gbdt_safety,FOODS_1_024_TX_1,1135.2528069063937,1135.2528069063937,0.0,0.0,1.0,1.0,0.0,14.554523165466586,53.0
point_gbdt_safety,FOODS_1_025_TX_1,1116.5741480946654,1116.5741480946654,0.0,0.0,1.0,1.0,0.0,14.315053180700838,44.0
point_gbdt_safety,FOODS_1_025_WI_1,1483.3603591006954,1483.3603591006954,0.0,0.0,1.0,1.0,0.0,19.017440501290967,33.0
point_gbdt_safety,FOODS_1_032_CA_2,1696.861195048793,1406.1839809427718,290.67721410602115,0.0,0.7443472171451002,0.717948717948718,0.28205128205128205,18.02799975567656,379.0
point_gbdt_safety,FOODS_1_040_TX_1,1116.9234337229077,1097.8390645172767,19.08436920563102,0.0,0.8448425267834876,0.9230769230769231,0.07692307692307693,14.074859801503548,41.0
point_gbdt_safety,FOODS_1_043_CA_3,9865.60748292915,9865.60748292915,0.0,0.0,1.0,1.0,0.0,126.48214721704039,42.0
point_gbdt_safety,FOODS_1_045_CA_3,1732.953207828664,1732.953207828664,0.0,0.0,1.0,1.0,0.0,22.217348818316207,133.0
point_gbdt_safety,FOODS_1_045_WI_2,1178.8833699353254,1160.5724664449408,18.310903490384582,0.0,0.943484865770418,0.9487179487179487,0.05128205128205128,14.879134185191548,108.0
point_gbdt_safety,FOODS_1_046_WI_3,1766.2306446927957,1606.82818838452,159.4024563082757,0.0,0.8032068440638571,0.7435897435897436,0.2564102564102564,20.600361389545128,270.0
point_gbdt_safety,FOODS_1_047_TX_2,1236.7093263063396,1236.7093263063396,0.0,0.0,1.0,1.0,0.0,15.855247773158199,62.0
point_gbdt_safety,FOODS_1_054_CA_1,1066.2250097988021,934.8019065672922,131.42310323150994,0.0,0.6730768576330598,0.8076923076923077,0.19230769230769232,11.984639827785799,134.0
point_gbdt_safety,FOODS_1_054_TX_3,1123.839388399136,1123.839388399136,0.0,0.0,1.0,1.0,0.0,14.40819728716841,35.0
point_gbdt_safety,FOODS_1_055_WI_2,1438.092412268691,1376.696119516206,61.39629275248517,0.0,0.8495188903125364,0.9102564102564102,0.08974358974358974,17.64995025020777,136.0
point_gbdt_safety,FOODS_1_056_WI_1,1548.4764606741426,1548.4764606741426,0.0,0.0,1.0,1.0,0.0,19.85226231633516,1.0
point_gbdt_safety,FOODS_1_057_CA_2,1808.0104747616056,1808.0104747616056,0.0,0.0,1.0,1.0,0.0,23.179621471302635,3.0
point_gbdt_safety,FOODS_1_060_CA_4,1223.8910898787274,1223.8910898787274,0.0,0.0,1.0,1.0,0.0,15.690911408701632,39.0
point_gbdt_safety,FOODS_1_062_TX_2,1165.2967539467995,1165.2967539467995,0.0,0.0,1.0,1.0,0.0,14.939701973676916,47.0
point_gbdt_safety,FOODS_1_064_WI_3,1189.4453292352512,1189.4453292352512,0.0,0.0,1.0,1.0,0.0,15.24929909275963,18.0
point_gbdt_safety,FOODS_1_066_WI_1,1270.8312204144963,1140.276034683268,130.55518573122822,0.0,0.74096193307296,0.782051282051282,0.21794871794871795,14.61892352158036,168.0
point_gbdt_safety,FOODS_1_069_CA_3,1556.7914215429007,1371.7644973837766,185.0269241591241,0.0,0.8096430821408188,0.8076923076923077,0.19230769230769232,17.586724325433035,324.0
point_gbdt_safety,FOODS_1_078_TX_2,1219.7287435565415,1219.7287435565415,0.0,0.0,1.0,1.0,0.0,15.637547994314636,43.0
point_gbdt_safety,FOODS_1_081_WI_1,1021.810482858644,1001.4945194630767,20.315963395567316,0.0,0.8989255552459338,0.9615384615384616,0.038461538461538464,12.8396733264497,67.0
point_gbdt_safety,FOODS_1_083_WI_3,1744.598417380591,1744.598417380591,0.0,0.0,1.0,1.0,0.0,22.366646376674243,92.0
point_gbdt_safety,FOODS_1_085_CA_4,2699.4839451884923,2106.028722677896,593.4552225105963,0.0,0.7141352492723524,0.6153846153846154,0.38461538461538464,27.000368239460204,692.0
point_gbdt_safety,FOODS_1_086_CA_2,1554.6979301563072,1501.2397757112376,53.45815444506955,0.0,0.9086185394101376,0.9102564102564102,0.08974358974358974,19.246663791169713,195.0
point_gbdt_safety,FOODS_1_086_WI_2,1417.3629487203941,1209.1509808887972,208.2119678315969,0.0,0.7256759317106761,0.782051282051282,0.21794871794871795,15.501935652420476,253.0
point_gbdt_safety,FOODS_1_089_CA_1,1094.4535600705044,1094.4535600705044,0.0,0.0,1.0,1.0,0.0,14.0314558983398,32.0
point_gbdt_safety,FOODS_1_091_TX_3,1427.7101049284804,1427.7101049284804,0.0,0.0,1.0,1.0,0.0,18.303975704211286,4.0
point_gbdt_safety,FOODS_1_094_WI_1,1085.5542269497435,1072.9545322767076,12.599694673035891,0.0,0.9363651784190107,0.9615384615384616,0.038461538461538464,13.755827336880866,66.0
point_gbdt_safety,FOODS_1_098_CA_2,1182.185020437335,1182.185020437335,0.0,0.0,1.0,1.0,0.0,15.156218210735064,13.0
point_gbdt_safety,FOODS_1_098_TX_1,963.1956768364172,939.7048512228129,23.490825613604283,0.0,0.8672834711095804,0.9358974358974359,0.0641025641025641,12.047498092600165,59.0
point_gbdt_safety,FOODS_1_099_CA_2,2732.794162065765,2174.109565509768,558.6845965559967,0.0,0.7245144987396467,0.6794871794871795,0.32051282051282054,27.873199557817536,676.0
point_gbdt_safety,FOODS_1_099_TX_1,2303.5636902031583,1901.8744364984668,401.6892537046916,0.0,0.6635768394433068,0.717948717948718,0.28205128205128205,24.38300559613419,398.0
point_gbdt_safety,FOODS_1_101_CA_1,1939.3060494904717,1939.3060494904717,0.0,0.0,1.0,1.0,0.0,24.862898070390663,0.0
point_gbdt_safety,FOODS_1_102_TX_2,997.354619325046,978.158876560896,19.19574276414991,0.0,0.9059032217443632,0.9102564102564102,0.08974358974358974,12.540498417447385,68.0
point_gbdt_safety,FOODS_1_106_CA_1,1135.5460241892285,1077.8172376352989,57.72878655392976,0.0,0.8234593683366062,0.8589743589743589,0.14102564102564102,13.818169713273063,109.0
point_gbdt_safety,FOODS_1_107_TX_2,1208.131540494389,1208.131540494389,0.0,0.0,1.0,1.0,0.0,15.488865903774217,28.0
point_gbdt_safety,FOODS_1_111_WI_2,1152.5728816409178,1152.5728816409178,0.0,0.0,1.0,1.0,0.0,14.776575405652792,9.0
point_gbdt_safety,FOODS_1_119_WI_1,1079.1985059795318,1055.1641315663694,24.034374413162404,0.0,0.8748209665981125,0.9230769230769231,0.07692307692307693,13.527745276491915,64.0
point_gbdt_safety,FOODS_1_122_WI_3,1011.3827786256785,950.521323753318,60.86145487236049,0.0,0.7991371126324737,0.8717948717948718,0.1282051282051282,12.18617081735023,101.0
point_gbdt_safety,FOODS_1_131_CA_1,1062.4682618752138,1062.4682618752138,0.0,0.0,1.0,1.0,0.0,13.621387972759152,58.0
point_gbdt_safety,FOODS_1_132_WI_3,942.0542792594673,922.8797420199668,19.174537239500488,0.0,0.8794054261666636,0.9230769230769231,0.07692307692307693,11.831791564358548,53.0
point_gbdt_safety,FOODS_1_134_CA_2,1016.5428599621113,1007.1670226125043,9.375837349606975,0.0,0.9519187828225283,0.9743589743589743,0.02564102564102564,12.912397725801338,65.0
point_gbdt_safety,FOODS_1_139_TX_3,1021.3755780102902,839.1083496761954,182.26722833409474,0.0,0.6733562216234862,0.7435897435897436,0.2564102564102564,10.757799354823018,186.0
point_gbdt_safety,FOODS_1_143_CA_1,1400.9443891933295,1354.792295350117,46.152093843212555,0.0,0.8759352316042673,0.9487179487179487,0.05128205128205128,17.369131991668166,124.0
point_gbdt_safety,FOODS_1_143_WI_2,1393.4302394212473,1393.4302394212473,0.0,0.0,1.0,1.0,0.0,17.86449024899035,34.0
point_gbdt_safety,FOODS_1_147_TX_2,1021.1246314386518,1021.1246314386518,0.0,0.0,1.0,1.0,0.0,13.091341428700664,35.0
point_gbdt_safety,FOODS_1_149_CA_3,1211.9496390080985,1205.1067943746714,6.842844633427141,0.0,0.982588181594333,0.9743589743589743,0.02564102564102564,15.450087107367581,131.0
point_gbdt_safety,FOODS_1_156_TX_3,1068.5506207671779,1068.5506207671779,0.0,0.0,1.0,1.0,0.0,13.699366932912536,48.0
point_gbdt_safety,FOODS_1_159_CA_4,1401.4969196953841,1401.4969196953841,0.0,0.0,1.0,1.0,0.0,17.9679092268639,14.0
point_gbdt_safety,FOODS_1_161_CA_4,3033.0046030192016,2868.0330368456425,164.97156617355887,0.0,0.8231816011001513,0.8461538461538461,0.15384615384615385,36.76965431853388,311.0
point_gbdt_safety,FOODS_1_161_WI_3,2683.192150278195,2257.986865526783,425.20528475141236,0.0,0.7095592317271773,0.7051282051282052,0.2948717948717949,28.948549558035676,488.0
point_gbdt_safety,FOODS_1_168_WI_1,1047.9187903683273,1047.9187903683273,0.0,0.0,1.0,1.0,0.0,13.434856286773428,32.0
point_gbdt_safety,FOODS_1_174_TX_2,1019.5354755046399,1019.5354755046399,0.0,0.0,1.0,1.0,0.0,13.07096763467487,33.0
point_gbdt_safety,FOODS_1_175_CA_3,1321.3829806696103,1302.0422259592067,19.340754710403672,0.0,0.923250973371414,0.9358974358974359,0.0641025641025641,16.69284905075906,84.0
point_gbdt_safety,FOODS_1_183_CA_2,1225.2964276126456,1190.8450058737328,34.45142173891282,0.0,0.9173826816812641,0.8974358974358975,0.10256410256410256,15.267243665047857,139.0
point_gbdt_safety,FOODS_1_183_CA_4,1037.9428662966525,1020.7726055200319,17.170260776620466,0.0,0.9371052718805111,0.9615384615384616,0.038461538461538464,13.086828275897846,91.0
point_gbdt_safety,FOODS_1_185_WI_1,1180.2035708050225,1096.5290827153713,83.67448808965136,0.0,0.7768680317609297,0.8205128205128205,0.1794871794871795,14.05806516301758,125.0
point_gbdt_safety,FOODS_1_191_TX_1,1006.5382572494872,1004.4847178177532,2.0535394317339097,0.0,0.9828871714022174,0.9871794871794872,0.01282051282051282,12.878009202791707,40.0
point_gbdt_safety,FOODS_1_192_CA_4,1665.3219821575108,1665.3219821575108,0.0,0.0,1.0,1.0,0.0,21.35028182253219,3.0
point_gbdt_safety,FOODS_1_203_WI_1,1119.5030305901068,1119.5030305901068,0.0,0.0,1.0,1.0,0.0,14.352602956283421,54.0
point_gbdt_safety,FOODS_1_207_CA_4,956.0847325056648,906.0697338750425,50.01499863062228,0.0,0.8349339979187382,0.8846153846153846,0.11538461538461539,11.616278639423623,101.0
point_gbdt_safety,FOODS_1_208_WI_3,1000.2884361863555,969.2302915015953,31.058144684760272,0.0,0.8752684952419265,0.8974358974358975,0.10256410256410256,12.42602937822558,83.0
point_gbdt_safety,FOODS_1_209_CA_4,1558.3234166579923,1558.3234166579923,0.0,0.0,1.0,1.0,0.0,19.978505341769132,1.0
point_gbdt_safety,FOODS_1_214_TX_3,1266.3975062574048,1266.3975062574048,0.0,0.0,1.0,1.0,0.0,16.235865464838522,19.0
point_gbdt_safety,FOODS_1_215_CA_1,1228.103810287844,1144.307790079622,83.79602020822193,0.0,0.7437430574672111,0.8974358974358975,0.10256410256410256,14.670612693328488,109.0
point_gbdt_safety,FOODS_2_001_TX_1,1165.1647094776295,1128.6788739834776,36.485835494151736,0.0,0.856918292179797,0.9358974358974359,0.0641025641025641,14.470241974147148,85.0
point_gbdt_safety,FOODS_2_002_CA_3,1088.7257384938432,1049.5631871662554,39.162551327587806,0.0,0.8549535136015267,0.8974358974358975,0.10256410256410256,13.455938297003273,90.0
point_gbdt_safety,FOODS_2_004_CA_1,1135.3709803614045,1095.612395138058,39.758585223346444,0.0,0.8772883172118937,0.9230769230769231,0.07692307692307693,14.04631275818023,108.0
point_gbdt_safety,FOODS_2_009_CA_1,1120.0998306759802,1120.0998306759802,0.0,0.0,1.0,1.0,0.0,14.360254239435644,77.0
point_gbdt_safety,FOODS_2_009_WI_1,1297.843798952457,1200.2338962449041,97.60990270755285,0.0,0.7756094190630969,0.8333333333333334,0.16666666666666666,15.387614054421848,145.0
point_gbdt_safety,FOODS_2_012_CA_3,1319.620853613851,1319.620853613851,0.0,0.0,1.0,1.0,0.0,16.91821607197245,28.0
point_gbdt_safety,FOODS_2_014_CA_3,1225.1983679453551,1179.4720359442708,45.72633200108424,0.0,0.8444682584997135,0.8717948717948718,0.1282051282051282,15.121436358259883,98.0
point_gbdt_safety,FOODS_2_014_TX_1,1214.7050575646724,1214.7050575646724,0.0,0.0,1.0,1.0,0.0,15.573141763649646,29.0
point_gbdt_safety,FOODS_2_015_CA_1,1188.1454022905232,1181.9903827657247,6.155019524798416,0.0,0.9663660135256917,0.9743589743589743,0.02564102564102564,15.153722855970829,61.0
point_gbdt_safety,FOODS_2_017_WI_1,1073.4164488680346,1073.4164488680346,0.0,0.0,1.0,1.0,0.0,13.761749344461983,45.0
point_gbdt_safety,FOODS_2_017_WI_3,1259.9183886288176,1259.9183886288176,0.0,0.0,1.0,1.0,0.0,16.152799854215612,2.0
point_gbdt_safety,FOODS_2_024_CA_4,1157.859378398089,1156.0673511751934,1.792027222895591,0.0,0.9906665248807521,0.9871794871794872,0.01282051282051282,14.821376297117864,64.0
point_gbdt_safety,FOODS_2_024_TX_2,1383.4342219519228,1383.4342219519228,0.0,0.0,1.0,1.0,0.0,17.736336178870804,37.0
point_gbdt_safety,FOODS_2_029_TX_3,1629.989732058207,1327.619837273799,302.36989478440796,0.0,0.6334910366249601,0.8333333333333334,0.16666666666666666,17.020767144535885,275.0
point_gbdt_safety,FOODS_2_031_TX_1,1863.9095258045934,1863.9095258045934,0.0,0.0,1.0,1.0,0.0,23.89627597185376,9.0
point_gbdt_safety,FOODS_2_034_WI_3,1246.4939347544919,1246.4939347544919,0.0,0.0,1.0,1.0,0.0,15.980691471211435,91.0
point_gbdt_safety,FOODS_2_043_TX_2,1160.0469447392657,1160.0469447392657,0.0,0.0,1.0,1.0,0.0,14.872396727426482,28.0
point_gbdt_safety,FOODS_2_045_TX_1,1285.3666693603036,1285.3666693603036,0.0,0.0,1.0,1.0,0.0,16.479059863593637,16.0
point_gbdt_safety,FOODS_2_046_CA_3,1214.9160810179126,1214.9160810179126,0.0,0.0,1.0,1.0,0.0,15.57584719253734,19.0
point_gbdt_safety,FOODS_2_047_CA_4,1093.9241495333322,1071.309300431246,22.61484910208635,0.0,0.8967358488489209,0.9358974358974359,0.0641025641025641,13.73473462091341,73.0
point_gbdt_safety,FOODS_2_047_WI_3,1123.9156001151534,1088.9600340031102,34.95556611204321,0.0,0.8403855428673827,0.9230769230769231,0.07692307692307693,13.961026076962952,73.0
point_gbdt_safety,FOODS_2_051_WI_3,1072.788792909216,1042.3997750072454,30.389017901970654,0.0,0.8631125319731051,0.9230769230769231,0.07692307692307693,13.364099679580068,74.0
point_gbdt_safety,FOODS_2_055_TX_1,1051.858924911088,1051.858924911088,0.0,0.0,1.0,1.0,0.0,13.485370832193436,95.0
point_gbdt_safety,FOODS_2_067_CA_2,2077.299259402933,2077.299259402933,0.0,0.0,1.0,1.0,0.0,26.632041787217087,15.0
point_gbdt_safety,FOODS_2_067_WI_3,1580.8691716269125,1580.8691716269125,0.0,0.0,1.0,1.0,0.0,20.267553482396313,0.0
point_gbdt_safety,FOODS_2_082_TX_3,1501.0193622911434,1413.4648117119352,87.55455057920813,0.0,0.8555205435986665,0.8974358974358975,0.10256410256410256,18.121343739896606,202.0
point_gbdt_safety,FOODS_2_084_WI_1,1212.5109647698373,1212.5109647698373,0.0,0.0,1.0,1.0,0.0,15.545012368844068,70.0
point_gbdt_safety,FOODS_2_085_TX_2,1110.1054499588279,1110.1054499588279,0.0,0.0,1.0,1.0,0.0,14.232121153318307,37.0
point_gbdt_safety,FOODS_2_087_WI_3,1192.561492955368,1192.561492955368,0.0,0.0,1.0,1.0,0.0,15.289249909684205,18.0
point_gbdt_safety,FOODS_2_100_WI_3,1082.63361952684,968.2870445771589,114.34657494968103,0.0,0.7238005435998043,0.8589743589743589,0.14102564102564102,12.413936468937935,138.0
point_gbdt_safety,FOODS_2_101_WI_1,1070.042322378533,1047.7064864012373,22.335835977295773,0.0,0.9207949078819299,0.9487179487179487,0.05128205128205128,13.432134441041503,94.0
point_gbdt_safety,FOODS_2_104_CA_2,1161.3868636113164,1161.3868636113164,0.0,0.0,1.0,1.0,0.0,14.889575174504056,65.0
point_gbdt_safety,FOODS_2_105_TX_3,1153.0013425259237,1153.0013425259237,0.0,0.0,1.0,1.0,0.0,14.782068493922099,53.0
point_gbdt_safety,FOODS_2_107_CA_1,1131.249338831708,1109.2000287861026,22.049310045605427,0.0,0.911448554033713,0.9358974358974359,0.0641025641025641,14.220513189565418,83.0
point_gbdt_safety,FOODS_2_107_CA_3,1457.7136625641297,1351.1989868215642,106.51467574256544,0.0,0.7016395637463153,0.8589743589743589,0.14102564102564102,17.3230639336098,119.0
point_gbdt_safety,FOODS_2_108_TX_1,1090.224120370208,1090.224120370208,0.0,0.0,1.0,1.0,0.0,13.977232312438565,42.0
point_gbdt_safety,FOODS_2_108_WI_2,1185.3994979034808,1110.5774768699175,74.82202103356319,0.0,0.819270480595258,0.8461538461538461,0.15384615384615385,14.238172780383557,138.0
point_gbdt_safety,FOODS_2_116_TX_3,1328.4616370107515,1328.4616370107515,0.0,0.0,1.0,1.0,0.0,17.031559448855788,76.0
point_gbdt_safety,FOODS_2_117_WI_2,1776.3660987314988,1656.8567144818626,119.50938424963627,0.0,0.8229490603709092,0.8717948717948718,0.1282051282051282,21.241752749767468,225.0
point_gbdt_safety,FOODS_2_118_CA_2,1004.5571131668681,1004.5571131668681,0.0,0.0,1.0,1.0,0.0,12.878937348293181,39.0
point_gbdt_safety,FOODS_2_118_CA_4,924.6295773011899,903.4854208976906,21.14415640349932,0.0,0.8644605358750044,0.9487179487179487,0.05128205128205128,11.583146421765264,52.0
point_gbdt_safety,FOODS_2_124_CA_4,1256.8548835917024,1256.8548835917024,0.0,0.0,1.0,1.0,0.0,16.11352414861157,21.0
point_gbdt_safety,FOODS_2_124_WI_2,1183.8167081150368,1183.8167081150368,0.0,0.0,1.0,1.0,0.0,15.177137283526113,18.0
point_gbdt_safety,FOODS_2_128_TX_3,6490.34345510138,6007.51518265207,482.8282724493106,0.0,0.5137681042806539,0.782051282051282,0.21794871794871795,77.01942541861628,331.0
point_gbdt_safety,FOODS_2_129_TX_2,1164.991756274481,1164.991756274481,0.0,0.0,1.0,1.0,0.0,14.935791747108732,16.0
point_gbdt_safety,FOODS_2_130_WI_2,1342.4670806059748,1302.0835943179598,40.383486288015206,0.0,0.9382515500183254,0.9230769230769231,0.07692307692307693,16.693379414332817,218.0
point_gbdt_safety,FOODS_2_132_TX_2,1185.5715074467357,1185.5715074467357,0.0,0.0,1.0,1.0,0.0,15.199634710855586,0.0
point_gbdt_safety,FOODS_2_133_TX_2,1090.5086417502548,1090.5086417502548,0.0,0.0,1.0,1.0,0.0,13.980880022439164,53.0
point_gbdt_safety,FOODS_2_133_TX_3,916.3306751184947,876.0099122652784,40.32076285321628,0.0,0.7759957619265763,0.8974358974358975,0.10256410256410256,11.230896311093314,60.0
point_gbdt_safety,FOODS_2_141_CA_3,1153.2224834824044,1123.8158301086612,29.406653373743204,0.0,0.9257407743087294,0.9230769230769231,0.07692307692307693,14.407895257803348,132.0
point_gbdt_safety,FOODS_2_146_WI_1,1107.5672004014186,1070.3002100608678,37.26699034055093,0.0,0.8929109472972674,0.9358974358974359,0.0641025641025641,13.721797564882921,116.0
point_gbdt_safety,FOODS_2_148_CA_2,1117.3395061284543,1117.3395061284543,0.0,0.0,1.0,1.0,0.0,14.324865463185311,58.0
point_gbdt_safety,FOODS_2_149_TX_1,1459.426923469353,1270.8943419379796,188.53258153137344,0.0,0.7554700628646259,0.782051282051282,0.21794871794871795,16.29351720433307,257.0
point_gbdt_safety,FOODS_2_155_CA_4,1552.7543211845993,1552.7543211845993,0.0,0.0,1.0,1.0,0.0,19.907106681853836,10.0
point_gbdt_safety,FOODS_2_159_CA_1,1118.708640775985,1118.708640775985,0.0,0.0,1.0,1.0,0.0,14.342418471486988,30.0
point_gbdt_safety,FOODS_2_163_TX_3,1128.835751020934,1116.0980561952292,12.737694825704722,0.0,0.9426229962806094,0.9615384615384616,0.038461538461538464,14.308949438400374,74.0
point_gbdt_safety,FOODS_2_165_CA_4,1131.3906363107196,1131.3906363107196,0.0,0.0,1.0,1.0,0.0,14.505008157829739,10.0
point_gbdt_safety,FOODS_2_165_TX_1,1187.7391987342037,1187.7391987342037,0.0,0.0,1.0,1.0,0.0,15.227425624797483,4.0
point_gbdt_safety,FOODS_2_166_TX_2,1938.9336388228282,1938.9336388228282,0.0,0.0,1.0,1.0,0.0,24.858123574651643,11.0
point_gbdt_safety,FOODS_2_169_TX_3,1237.662154535305,1237.662154535305,0.0,0.0,1.0,1.0,0.0,15.867463519683398,15.0
point_gbdt_safety,FOODS_2_172_CA_2,999.5516332679451,941.9919614143231,57.55967185362201,0.0,0.8118964972103856,0.8974358974358975,0.10256410256410256,12.076820018132347,102.0
point_gbdt_safety,FOODS_2_176_WI_3,1267.6443134915096,1267.6443134915096,0.0,0.0,1.0,1.0,0.0,16.251850172968073,16.0
point_gbdt_safety,FOODS_2_177_WI_1,1235.7393622172342,1235.7393622172342,0.0,0.0,1.0,1.0,0.0,15.842812336118387,47.0
point_gbdt_safety,FOODS_2_182_TX_3,1222.9601860369226,1222.9601860369226,0.0,0.0,1.0,1.0,0.0,15.67897674406311,31.0
point_gbdt_safety,FOODS_2_183_CA_4,1469.8390774524134,1319.1179230794326,150.72115437298083,0.0,0.7776974124292317,0.8076923076923077,0.19230769230769232,16.91176824460811,226.0
point_gbdt_safety,FOODS_2_186_TX_1,1099.1857762941993,1099.1857762941993,0.0,0.0,1.0,1.0,0.0,14.092125337105118,38.0
point_gbdt_safety,FOODS_2_187_CA_1,1093.5852977597024,1093.5852977597024,0.0,0.0,1.0,1.0,0.0,14.020324330252594,48.0
point_gbdt_safety,FOODS_2_192_CA_2,1313.2067916047295,1288.8282490002334,24.37854260449593,0.0,0.9299467166537474,0.9358974358974359,0.0641025641025641,16.52343908974658,116.0
point_gbdt_safety,FOODS_2_192_TX_1,1205.2896877422484,1205.2896877422484,0.0,0.0,1.0,1.0,0.0,15.45243189413139,20.0
point_gbdt_safety,FOODS_2_198_CA_4,1157.4103254596803,1157.4103254596803,0.0,0.0,1.0,1.0,0.0,14.838593916149748,20.0
point_gbdt_safety,FOODS_2_200_TX_1,1227.5475455613196,1227.5475455613196,0.0,0.0,1.0,1.0,0.0,15.737789045657943,30.0
point_gbdt_safety,FOODS_2_201_WI_3,1124.7374560200842,1069.4819964416697,55.255459578414566,0.0,0.8514638183375952,0.8846153846153846,0.11538461538461539,13.711307646688073,124.0
point_gbdt_safety,FOODS_2_202_WI_3,1095.5583544672334,1095.5583544672334,0.0,0.0,1.0,1.0,0.0,14.045619929067094,55.0
point_gbdt_safety,FOODS_2_204_CA_4,1329.1756202495799,1242.9285340186407,86.2470862309393,0.0,0.8288748289068666,0.8461538461538461,0.15384615384615385,15.934981205367189,168.0
point_gbdt_safety,FOODS_2_206_CA_3,1615.072805970131,1590.6437778630386,24.42902810709227,0.0,0.9547610590609403,0.9358974358974359,0.0641025641025641,20.392868946962032,180.0
point_gbdt_safety,FOODS_2_207_CA_3,1280.2563520118742,1280.2563520118742,0.0,0.0,1.0,1.0,0.0,16.41354297451121,13.0
point_gbdt_safety,FOODS_2_208_TX_1,1237.8965147569456,1216.9173751822084,20.97913957473731,0.0,0.9470223748112694,0.9615384615384616,0.038461538461538464,15.601504810028313,132.0
point_gbdt_safety,FOODS_2_212_CA_2,1296.6522676402374,1279.5107832783335,17.141484361903796,0.0,0.949435149374915,0.9743589743589743,0.02564102564102564,16.403984401004276,113.0
point_gbdt_safety,FOODS_2_214_CA_3,1362.5445000129835,1362.5445000129835,0.0,0.0,1.0,1.0,0.0,17.468519230935687,36.0
point_gbdt_safety,FOODS_2_218_CA_4,1137.9133785589918,1137.9133785589918,0.0,0.0,1.0,1.0,0.0,14.588633058448613,49.0
point_gbdt_safety,FOODS_2_219_TX_1,1091.2531525235922,1091.2531525235922,0.0,0.0,1.0,1.0,0.0,13.990425032353746,38.0
point_gbdt_safety,FOODS_2_224_TX_2,1049.5588984366366,1049.5588984366366,0.0,0.0,1.0,1.0,0.0,13.455883313290213,53.0
point_gbdt_safety,FOODS_2_231_CA_1,1407.6036020199472,1407.6036020199472,0.0,0.0,1.0,1.0,0.0,18.04620002589676,40.0
point_gbdt_safety,FOODS_2_234_WI_3,1129.6096363405163,1129.6096363405163,0.0,0.0,1.0,1.0,0.0,14.482174824878415,16.0
point_gbdt_safety,FOODS_2_235_CA_2,1068.064248248618,1042.5405676673915,25.523680581226476,0.0,0.8999071349755824,0.9615384615384616,0.038461538461538464,13.365904713684507,85.0
point_gbdt_safety,FOODS_2_241_CA_3,3303.9071176789903,2478.628603494004,825.2785141849863,0.0,0.6595385667553686,0.6282051282051282,0.3717948717948718,31.777289788384667,808.0
point_gbdt_safety,FOODS_2_241_WI_3,1574.2063251651973,1395.6965530798252,178.50977208537205,0.0,0.7828348271467493,0.8205128205128205,0.1794871794871795,17.89354555230545,274.0
point_gbdt_safety,FOODS_2_242_CA_3,1403.4160880605996,1366.5469654529948,36.86912260760482,0.0,0.8931329779489715,0.9230769230769231,0.07692307692307693,17.51983289042301,115.0
point_gbdt_safety,FOODS_2_242_WI_1,1336.7238950516635,1177.9787337848518,158.74516126681172,0.0,0.6941326372508445,0.8589743589743589,0.14102564102564102,15.102291458780151,173.0
point_gbdt_safety,FOODS_2_250_WI_2,1217.7958275194578,1213.9140896567883,3.881737862669599,0.0,0.9780692776120361,0.9743589743589743,0.02564102564102564,15.563001149446004,59.0
point_gbdt_safety,FOODS_2_253_CA_1,1069.375397562903,1027.791476920509,41.58392064239398,0.0,0.852539288502149,0.9230769230769231,0.07692307692307693,13.176813806673193,94.0
point_gbdt_safety,FOODS_2_254_TX_3,1104.7819932217237,1087.9688441067551,16.813149114968542,0.0,0.8901101365034735,0.9358974358974359,0.0641025641025641,13.948318514189168,51.0
point_gbdt_safety,FOODS_2_254_WI_1,939.057640644307,939.057640644307,0.0,0.0,1.0,1.0,0.0,12.039200521080858,27.0
point_gbdt_safety,FOODS_2_255_TX_2,2499.000000000002,2493.0000000000023,5.999999999999659,0.0,0.9677419354838728,0.9743589743589743,0.02564102564102564,31.961538461538492,62.0
point_gbdt_safety,FOODS_2_261_WI_2,1255.6497298837933,1255.6497298837933,0.0,0.0,1.0,1.0,0.0,16.09807346004863,89.0
point_gbdt_safety,FOODS_2_270_CA_3,1196.3137612096582,1196.3137612096582,0.0,0.0,1.0,1.0,0.0,15.337355912944336,18.0
point_gbdt_safety,FOODS_2_270_WI_2,1021.6053955022949,1021.6053955022949,0.0,0.0,1.0,1.0,0.0,13.097505070542242,35.0
point_gbdt_safety,FOODS_2_271_WI_2,1166.8507706794587,1166.8507706794587,0.0,0.0,1.0,1.0,0.0,14.959625265121266,13.0
point_gbdt_safety,FOODS_2_273_TX_3,1137.5996123986502,1137.5996123986502,0.0,0.0,1.0,1.0,0.0,14.58461041536731,16.0
point_gbdt_safety,FOODS_2_274_CA_3,1912.498726011368,1797.8017451879193,114.69698082344861,0.0,0.8488840832365631,0.8846153846153846,0.11538461538461539,23.048740322922043,253.0
point_gbdt_safety,FOODS_2_274_TX_2,1614.2318649370952,1597.4072603702234,16.8246045668718,0.0,0.9587632241008045,0.9743589743589743,0.02564102564102564,20.47958026115671,136.0
point_gbdt_safety,FOODS_2_278_CA_4,1107.1237370096035,1077.1683203921652,29.955416617438274,0.0,0.8335810187920096,0.9358974358974359,0.0641025641025641,13.809850261438015,60.0
point_gbdt_safety,FOODS_2_284_TX_3,1214.0278105511063,1214.0278105511063,0.0,0.0,1.0,1.0,0.0,15.564459109629569,25.0
point_gbdt_safety,FOODS_2_284_WI_2,1112.6281066853544,1100.368418182564,12.259688502790478,0.0,0.922895040862953,0.9487179487179487,0.05128205128205128,14.107287412596975,53.0
point_gbdt_safety,FOODS_2_290_WI_1,1153.4323887566643,1085.880482730049,67.55190602661547,0.0,0.8391621285080584,0.8974358974358975,0.10256410256410256,13.921544650385243,140.0
point_gbdt_safety,FOODS_2_298_TX_2,1231.5054077296334,1231.5054077296334,0.0,0.0,1.0,1.0,0.0,15.788530868328634,41.0
point_gbdt_safety,FOODS_2_306_TX_1,1136.655992630101,1136.655992630101,0.0,0.0,1.0,1.0,0.0,14.572512726026938,48.0
point_gbdt_safety,FOODS_2_309_TX_2,1100.673334630255,1075.0949549320658,25.578379698189273,0.0,0.8477477398917305,0.9230769230769231,0.07692307692307693,13.783268652975202,56.0
point_gbdt_safety,FOODS_2_311_WI_3,1127.2546384389225,1083.1523050046358,44.10233343428678,0.0,0.8384529910831987,0.8846153846153846,0.11538461538461539,13.886568012879946,91.0
point_gbdt_safety,FOODS_2_312_CA_1,1247.7739368256691,1247.7739368256691,0.0,0.0,1.0,1.0,0.0,15.997101754175246,31.0
point_gbdt_safety,FOODS_2_312_TX_2,1147.552563954867,1143.1625625764254,4.390001378441632,0.0,0.9793896648899455,0.9743589743589743,0.02564102564102564,14.655930289441352,71.0
point_gbdt_safety,FOODS_2_313_CA_4,1322.4524832993827,1322.4524832993827,0.0,0.0,1.0,1.0,0.0,16.954519016658754,2.0
point_gbdt_safety,FOODS_2_321_WI_1,1006.5585167337925,985.406034558474,21.15248217531859,0.0,0.8963113618856932,0.9230769230769231,0.07692307692307693,12.633410699467614,68.0
point_gbdt_safety,FOODS_2_325_WI_3,2357.1837716095383,1921.1115742551533,436.07219735438514,0.0,0.7166522434344476,0.7307692307692307,0.2692307692307692,24.62963556737376,513.0
point_gbdt_safety,FOODS_2_326_WI_1,1916.306063318848,1614.6854939784423,301.62056934040555,0.0,0.8059069695364186,0.7564102564102564,0.24358974358974358,20.701096076646696,518.0
point_gbdt_safety,FOODS_2_329_TX_3,1171.4129395176121,1171.4129395176121,0.0,0.0,1.0,1.0,0.0,15.018114609200156,19.0
point_gbdt_safety,FOODS_2_332_TX_2,1266.7188186361777,1266.7188186361777,0.0,0.0,1.0,1.0,0.0,16.23998485430997,46.0
point_gbdt_safety,FOODS_2_332_WI_1,1072.980862265418,1072.980862265418,0.0,0.0,1.0,1.0,0.0,13.756164900838693,37.0
point_gbdt_safety,FOODS_2_338_TX_3,1175.9198284340582,1133.942418190588,41.97741024347043,0.0,0.8833960826570266,0.9102564102564102,0.08974358974358974,14.537723310135743,120.0
point_gbdt_safety,FOODS_2_340_WI_2,1264.2882076434853,1245.1216662767747,19.166541366710646,0.0,0.9305560095409035,0.9358974358974359,0.0641025641025641,15.963098285599676,92.0
point_gbdt_safety,FOODS_2_342_CA_3,2057.600402433735,1771.0788259586175,286.5215764751173,0.0,0.7736796394351365,0.782051282051282,0.21794871794871795,22.70613879434125,422.0
point_gbdt_safety,FOODS_2_347_WI_3,3242.654982210817,2593.487595983753,649.1673862270637,0.0,0.677031151130814,0.7051282051282052,0.2948717948717949,33.24984097415068,670.0
point_gbdt_safety,FOODS_2_350_WI_2,1336.285606749056,1336.285606749056,0.0,0.0,1.0,1.0,0.0,17.131866753193023,29.0
point_gbdt_safety,FOODS_2_351_CA_1,1028.942046177383,1024.9817352509867,3.9603109263961827,0.0,0.9746133914974604,0.9871794871794872,0.01282051282051282,13.140791477576753,52.0
point_gbdt_safety,FOODS_2_354_CA_4,1079.4145496392814,1079.4145496392814,0.0,0.0,1.0,1.0,0.0,13.83864807229848,19.0
point_gbdt_safety,FOODS_2_355_WI_2,1188.197117110825,1133.6528341297244,54.54428298110072,0.0,0.881167139474726,0.8974358974358975,0.10256410256410256,14.534010693970826,153.0
point_gbdt_safety,FOODS_2_356_CA_2,1208.5131693698697,1167.2881220813192,41.22504728855061,0.0,0.898958217430023,0.9230769230769231,0.07692307692307693,14.965232334375887,136.0
point_gbdt_safety,FOODS_2_370_CA_2,1018.7675497914174,1008.4018251887292,10.365724602688204,0.0,0.9264842226759702,0.9615384615384616,0.038461538461538464,12.92822852806063,47.0
point_gbdt_safety,FOODS_2_370_CA_3,1288.7647979173187,1288.7647979173187,0.0,0.0,1.0,1.0,0.0,16.5226256143246,36.0
point_gbdt_safety,FOODS_2_371_WI_3,2636.847918725449,2243.7171740576455,393.13074466780336,0.0,0.7913318765032891,0.7564102564102564,0.24358974358974358,28.76560479561084,628.0
point_gbdt_safety,FOODS_2_376_TX_1,1168.0544717978223,1168.0544717978223,0.0,0.0,1.0,1.0,0.0,14.975057330741311,47.0
point_gbdt_safety,FOODS_2_386_CA_2,1092.1424703706998,1089.516119835005,2.626350535694776,0.0,0.9821336698252056,0.9871794871794872,0.01282051282051282,13.968155382500063,49.0
point_gbdt_safety,FOODS_2_387_WI_2,1217.3462298320098,1217.3462298320098,0.0,0.0,1.0,1.0,0.0,15.60700294656423,111.0
point_gbdt_safety,FOODS_2_389_TX_2,1384.9396201506622,1384.9396201506622,0.0,0.0,1.0,1.0,0.0,17.755636155777722,3.0
point_gbdt_safety,FOODS_2_390_CA_4,1473.044614276685,1473.044614276685,0.0,0.0,1.0,1.0,0.0,18.885187362521602,4.0
point_gbdt_safety,FOODS_2_399_TX_2,1221.3368608167602,1205.9864684674242,15.350392349336104,0.0,0.9526222458353824,0.9615384615384616,0.038461538461538464,15.461364980351592,108.0
point_gbdt_safety,FOODS_3_003_WI_3,1016.8552867356102,1015.8651983898305,0.9900883457796255,0.0,0.9902932515119645,0.9871794871794872,0.01282051282051282,13.023912799869622,34.0
point_gbdt_safety,FOODS_3_009_CA_4,1136.9239898695453,1136.9239898695453,0.0,0.0,1.0,1.0,0.0,14.575948588071093,48.0
point_gbdt_safety,FOODS_3_009_TX_2,1271.8732680232924,1271.8732680232924,0.0,0.0,1.0,1.0,0.0,16.30606753876016,76.0
point_gbdt_safety,FOODS_3_011_CA_1,1204.3265999856712,1044.985743591619,159.34085639405225,0.0,0.7690712226173156,0.782051282051282,0.21794871794871795,13.397253122969474,230.0
point_gbdt_safety,FOODS_3_014_CA_1,1424.5897481804661,1424.5897481804661,0.0,0.0,1.0,1.0,0.0,18.263971130518797,2.0
point_gbdt_safety,FOODS_3_019_TX_2,1299.816550597833,1299.816550597833,0.0,0.0,1.0,1.0,0.0,16.664314751254267,48.0
point_gbdt_safety,FOODS_3_022_CA_1,1187.7384882438043,1187.7384882438043,0.0,0.0,1.0,1.0,0.0,15.22741651594621,29.0
point_gbdt_safety,FOODS_3_023_TX_1,1050.956971881816,1024.3043357542508,26.65263612756509,0.0,0.8942355709223607,0.9358974358974359,0.0641025641025641,13.132106868644241,84.0
point_gbdt_safety,FOODS_3_023_TX_3,1112.614118875858,1112.614118875858,0.0,0.0,1.0,1.0,0.0,14.264283575331511,60.0
point_gbdt_safety,FOODS_3_023_WI_2,1135.269239264497,1135.269239264497,0.0,0.0,1.0,1.0,0.0,14.55473383672432,53.0
point_gbdt_safety,FOODS_3_024_TX_3,1676.0929356384372,1674.724800808913,1.3681348295242586,0.0,0.9976613079837192,0.9743589743589743,0.02564102564102564,21.47083077960145,195.0
point_gbdt_safety,FOODS_3_024_WI_1,2349.1505110750218,2318.0405512179586,31.109959857063274,0.0,0.8617335117463855,0.9743589743589743,0.02564102564102564,29.718468605358446,75.0
point_gbdt_safety,FOODS_3_026_CA_1,1289.961568272459,1224.2302589571686,65.73130931529037,0.0,0.8726137416370342,0.8974358974358975,0.10256410256410256,15.69525973022011,172.0
point_gbdt_safety,FOODS_3_030_TX_3,5657.008057252073,4150.991307926963,1506.0167493251097,0.0,0.7001161391228377,0.6282051282051282,0.3717948717948718,53.2178372811149,1674.0
point_gbdt_safety,FOODS_3_034_CA_1,1116.8697218570978,1053.6848719909913,63.18484986610661,0.0,0.8527159676780732,0.8974358974358975,0.10256410256410256,13.508780410140913,143.0
point_gbdt_safety,FOODS_3_035_WI_1,1239.395806595554,1239.395806595554,0.0,0.0,1.0,1.0,0.0,15.889689828148127,61.0
point_gbdt_safety,FOODS_3_036_CA_4,1359.054486786501,1359.054486786501,0.0,0.0,1.0,1.0,0.0,17.42377547162181,9.0
point_gbdt_safety,FOODS_3_038_CA_4,1089.7547700378614,1072.8252804273864,16.929489610475088,0.0,0.9182150260363522,0.9615384615384616,0.038461538461538464,13.754170261889568,69.0
point_gbdt_safety,FOODS_3_038_WI_1,1108.9477915781154,1088.8862054368649,20.06158614125058,0.0,0.9071222863830992,0.9615384615384616,0.038461538461538464,13.960079556882883,72.0
point_gbdt_safety,FOODS_3_040_WI_1,922.9975108364796,827.0812121992849,95.91629863719473,0.0,0.6447544494918713,0.8333333333333334,0.16666666666666666,10.603605284606216,90.0
point_gbdt_safety,FOODS_3_048_TX_1,1480.520467868102,1480.520467868102,0.0,0.0,1.0,1.0,0.0,18.981031639334642,64.0
point_gbdt_safety,FOODS_3_048_TX_3,1376.827876756864,1376.827876756864,0.0,0.0,1.0,1.0,0.0,17.65163944560082,109.0
point_gbdt_safety,FOODS_3_049_TX_1,1260.0567139136303,1260.0567139136303,0.0,0.0,1.0,1.0,0.0,16.154573255302953,28.0
point_gbdt_safety,FOODS_3_050_CA_2,1119.484996112031,1119.484996112031,0.0,0.0,1.0,1.0,0.0,14.352371745026039,67.0
point_gbdt_safety,FOODS_3_053_CA_4,1205.0063626534343,1156.010741452283,48.99562120115137,0.0,0.8164958007447515,0.9230769230769231,0.07692307692307693,14.820650531439524,89.0
point_gbdt_safety,FOODS_3_054_WI_3,1178.0948820356887,1178.0948820356887,0.0,0.0,1.0,1.0,0.0,15.103780538919086,0.0
point_gbdt_safety,FOODS_3_057_WI_3,1144.773390545974,1144.773390545974,0.0,0.0,1.0,1.0,0.0,14.67658193007659,20.0
point_gbdt_safety,FOODS_3_066_CA_4,1608.2291077345785,1378.1333572799538,230.0957504546248,0.0,0.7241058148026082,0.7564102564102564,0.24358974358974358,17.66837637538402,278.0
point_gbdt_safety,FOODS_3_066_TX_3,1453.2967211743478,1283.9268551142554,169.36986606009236,0.0,0.7777298345668079,0.782051282051282,0.21794871794871795,16.46060070659302,254.0
point_gbdt_safety,FOODS_3_067_CA_4,1084.8444970635462,1065.0840263945452,19.760470669001105,0.0,0.9242893844099574,0.9487179487179487,0.05128205128205128,13.654923415314682,87.0
point_gbdt_safety,FOODS_3_072_WI_3,1038.7953125714384,1038.7953125714384,0.0,0.0,1.0,1.0,0.0,13.317888622710749,36.0
point_gbdt_safety,FOODS_3_074_CA_2,1163.6823008142567,1055.3725867401326,108.309714074124,0.0,0.802714546313071,0.8333333333333334,0.16666666666666666,13.530417778719649,183.0
point_gbdt_safety,FOODS_3_091_TX_1,967.8775042230994,966.3026186175407,1.5748856055587588,0.0,0.9885877854669656,0.9871794871794872,0.01282051282051282,12.38849511048129,46.0
point_gbdt_safety,FOODS_3_091_WI_1,998.4610599943545,998.4610599943545,0.0,0.0,1.0,1.0,0.0,12.800782820440443,29.0
point_gbdt_safety,FOODS_3_094_TX_2,1196.4372509325935,1176.607867423184,19.82938350940955,0.0,0.933234398958217,0.9358974358974359,0.0641025641025641,15.084716249015178,99.0
point_gbdt_safety,FOODS_3_101_WI_3,1551.225111768398,1352.2154427217588,199.00966904663923,0.0,0.7613792937090657,0.7692307692307693,0.23076923076923078,17.33609541950973,278.0
point_gbdt_safety,FOODS_3_102_WI_2,1191.4136813497491,1157.1126932408993,34.300988108849864,0.0,0.896057611791364,0.9487179487179487,0.05128205128205128,14.834778118473068,110.0
point_gbdt_safety,FOODS_3_103_TX_1,1130.5055507241657,1130.5055507241657,0.0,0.0,1.0,1.0,0.0,14.493660906720073,23.0
point_gbdt_safety,FOODS_3_103_WI_1,1174.3616876901817,1118.4711484608738,55.89053922930786,0.0,0.8640132865466962,0.8589743589743589,0.14102564102564102,14.339373698216331,137.0
point_gbdt_safety,FOODS_3_110_WI_1,1098.6833010150567,1098.6833010150567,0.0,0.0,1.0,1.0,0.0,14.085683346346881,24.0
point_gbdt_safety,FOODS_3_111_TX_1,1104.842732199181,1104.842732199181,0.0,0.0,1.0,1.0,0.0,14.164650412810014,18.0
point_gbdt_safety,FOODS_3_111_WI_1,1180.2785870180148,1180.2785870180148,0.0,0.0,1.0,1.0,0.0,15.131776756641216,32.0
point_gbdt_safety,FOODS_3_117_CA_4,1017.4939951220898,997.9399962786541,19.553998843435643,0.0,0.91643590237848,0.9487179487179487,0.05128205128205128,12.794102516393002,78.0
point_gbdt_safety,FOODS_3_120_TX_1,4254.690267262762,2932.6073186979565,1322.082948564806,0.0,0.5316744780145923,0.6153846153846154,0.38461538461538464,37.59752972689688,941.0
point_gbdt_safety,FOODS_3_125_CA_1,1453.397379785382,1453.397379785382,0.0,0.0,1.0,1.0,0.0,18.633299740838233,48.0
point_gbdt_safety,FOODS_3_126_WI_1,1235.8166923902331,1208.1965755125716,27.620116877661523,0.0,0.9263463549929026,0.9487179487179487,0.05128205128205128,15.48969968605861,125.0
point_gbdt_safety,FOODS_3_133_CA_1,2191.2036043378484,1629.3590464829017,561.844557854947,0.0,0.6714359310789783,0.6666666666666666,0.3333333333333333,20.889218544652586,570.0
point_gbdt_safety,FOODS_3_133_CA_2,1641.0014656644828,1284.7288845300027,356.2725811344801,0.0,0.7378421036538042,0.6538461538461539,0.34615384615384615,16.470883135000033,453.0
point_gbdt_safety,FOODS_3_133_TX_1,1613.513047921749,1470.194804895322,143.3182430264269,0.0,0.7623246384304695,0.8076923076923077,0.19230769230769232,18.84865134481182,201.0
point_gbdt_safety,FOODS_3_134_TX_1,1588.9001769268018,1349.3101007082298,239.59007621857194,0.0,0.7623114323228454,0.8205128205128205,0.1794871794871795,17.298847444977305,336.0
point_gbdt_safety,FOODS_3_136_CA_1,1575.5870574596725,1299.182667647893,276.40438981177965,0.0,0.7516582301780954,0.6923076923076923,0.3076923076923077,16.65618804676786,371.0
point_gbdt_safety,FOODS_3_138_WI_3,1142.2479934224389,1034.2861544316693,107.96183899076954,0.0,0.7845073074036536,0.8461538461538461,0.15384615384615385,13.260078902970118,167.0
point_gbdt_safety,FOODS_3_141_TX_3,1169.0726563768865,1169.0726563768865,0.0,0.0,1.0,1.0,0.0,14.988110979190852,22.0
point_gbdt_safety,FOODS_3_154_CA_1,1197.671330214806,1197.671330214806,0.0,0.0,1.0,1.0,0.0,15.354760643779564,30.0
point_gbdt_safety,FOODS_3_155_TX_1,1139.5672909858908,1139.5672909858908,0.0,0.0,1.0,1.0,0.0,14.609837063921677,18.0
point_gbdt_safety,FOODS_3_157_CA_2,1291.3036828638137,1291.3036828638137,0.0,0.0,1.0,1.0,0.0,16.555175421330944,60.0
point_gbdt_safety,FOODS_3_158_WI_3,1134.5667260296884,1134.5667260296884,0.0,0.0,1.0,1.0,0.0,14.545727256790878,29.0
point_gbdt_safety,FOODS_3_160_CA_1,1024.2383806153323,961.1109212591168,63.127459356215496,0.0,0.41548648744244915,0.9102564102564102,0.08974358974358974,12.321934887937395,36.0
point_gbdt_safety,FOODS_3_160_TX_1,1160.4966199133405,1160.4966199133405,0.0,0.0,1.0,1.0,0.0,14.878161793760777,0.0
point_gbdt_safety,FOODS_3_160_WI_2,1015.3236496502495,1015.3236496502495,0.0,0.0,1.0,1.0,0.0,13.016969867310891,13.0
point_gbdt_safety,FOODS_3_161_WI_1,1258.0780360393803,1258.0780360393803,0.0,0.0,1.0,1.0,0.0,16.129205590248464,19.0
point_gbdt_safety,FOODS_3_162_WI_2,1212.5067777028614,1212.5067777028614,0.0,0.0,1.0,1.0,0.0,15.544958688498223,61.0
point_gbdt_safety,FOODS_3_163_TX_2,966.475890186196,929.0313736197413,37.44451656645474,0.0,0.856534419285614,0.8846153846153846,0.11538461538461539,11.91065863615053,87.0
point_gbdt_safety,FOODS_3_169_TX_3,1346.7129100181196,1307.5789209016007,39.133989116518975,0.0,0.9152943958516906,0.8974358974358975,0.10256410256410256,16.76383231925129,154.0
point_gbdt_safety,FOODS_3_171_WI_2,1181.064009165352,1181.064009165352,0.0,0.0,1.0,1.0,0.0,15.141846271350667,15.0
point_gbdt_safety,FOODS_3_172_CA_3,1449.4623286185417,1410.26429962703,39.19802899151179,0.0,0.9212890984106189,0.9102564102564102,0.08974358974358974,18.080311533679872,166.0
point_gbdt_safety,FOODS_3_172_TX_3,1482.104692115554,1433.222560983199,48.88213113235497,0.0,0.8595341059415087,0.9102564102564102,0.08974358974358974,18.37464821773332,116.0
point_gbdt_safety,FOODS_3_176_WI_3,1126.8793102373093,1126.8793102373093,0.0,0.0,1.0,1.0,0.0,14.447170644068068,45.0
point_gbdt_safety,FOODS_3_178_WI_2,1167.0103006088066,1100.0488355184987,66.9614650903078,0.0,0.8092265951843082,0.8717948717948718,0.1282051282051282,14.103190198955112,117.0
point_gbdt_safety,FOODS_3_180_WI_1,1145.0087130638603,1145.0087130638603,0.0,0.0,1.0,1.0,0.0,14.679598885434107,61.0
point_gbdt_safety,FOODS_3_184_WI_3,1265.7621775256364,1168.8031107509091,96.95906677472735,0.0,0.4787146947595304,0.8205128205128205,0.1794871794871795,14.984655266037297,62.0
point_gbdt_safety,FOODS_3_192_TX_2,1219.5449409906473,1196.0032479007602,23.54169308988714,0.0,0.9386935075784189,0.9615384615384616,0.038461538461538464,15.33337497308667,128.0
point_gbdt_safety,FOODS_3_197_WI_1,1197.9800915550143,1197.9800915550143,0.0,0.0,1.0,1.0,0.0,15.358719122500183,32.0
point_gbdt_safety,FOODS_3_198_TX_2,1249.0647311154398,1249.0647311154398,0.0,0.0,1.0,1.0,0.0,16.013650398915896,2.0
point_gbdt_safety,FOODS_3_198_WI_3,1229.9314144730943,1229.9314144730943,0.0,0.0,1.0,1.0,0.0,15.768351467603773,4.0
point_gbdt_safety,FOODS_3_199_CA_2,1180.3289009007945,1154.9735091284442,25.355391772350202,0.0,0.8121822831677763,0.9230769230769231,0.07692307692307693,14.807352681133901,45.0
point_gbdt_safety,FOODS_3_199_TX_1,1035.1994368769024,1035.1994368769024,0.0,0.0,1.0,1.0,0.0,13.27178765226798,27.0
point_gbdt_safety,FOODS_3_204_CA_2,1014.9130976790218,1014.9130976790218,0.0,0.0,1.0,1.0,0.0,13.01170638050028,64.0
point_gbdt_safety,FOODS_3_204_CA_4,1272.9921947827536,1272.9921947827536,0.0,0.0,1.0,1.0,0.0,16.320412753625046,47.0
point_gbdt_safety,FOODS_3_205_TX_1,1935.1984264784553,1935.1984264784553,0.0,0.0,1.0,1.0,0.0,24.810236236903272,10.0
point_gbdt_safety,FOODS_3_208_WI_3,948.4073130718568,906.1727069557123,42.23460611614452,0.0,0.8452944830910458,0.8717948717948718,0.1282051282051282,11.617598807124518,91.0
point_gbdt_safety,FOODS_3_209_TX_2,1258.0803977595422,1258.0803977595422,0.0,0.0,1.0,1.0,0.0,16.12923586871208,13.0
point_gbdt_safety,FOODS_3_210_TX_1,1254.3414806145124,1254.3414806145124,0.0,0.0,1.0,1.0,0.0,16.08130103351939,0.0
point_gbdt_safety,FOODS_3_211_CA_1,1184.1333953750445,1042.277970158621,141.85542521642358,0.0,0.6716309601471676,0.782051282051282,0.21794871794871795,13.362538078956678,144.0
point_gbdt_safety,FOODS_3_215_CA_3,1415.3256930280188,1353.7470053919533,61.57868763606543,0.0,0.8872185208130671,0.9230769230769231,0.07692307692307693,17.355730838358376,182.0
point_gbdt_safety,FOODS_3_215_CA_4,1163.769581911783,1091.4882193249325,72.28136258685052,0.0,0.7705353568671413,0.8461538461538461,0.15384615384615385,13.993438709294006,105.0
point_gbdt_safety,FOODS_3_224_CA_1,1037.7375637144798,943.0048056580578,94.73275805642201,0.0,0.7988688788610998,0.7948717948717948,0.20512820512820512,12.08980520074433,157.0
point_gbdt_safety,FOODS_3_229_CA_1,1236.6558516483901,1236.6558516483901,0.0,0.0,1.0,1.0,0.0,15.854562200620386,51.0
point_gbdt_safety,FOODS_3_232_WI_3,1236.2023294363632,1236.2023294363632,0.0,0.0,1.0,1.0,0.0,15.848747813286709,55.0
point_gbdt_safety,FOODS_3_237_WI_3,1240.3946108190657,1240.3946108190657,0.0,0.0,1.0,1.0,0.0,15.902495010500843,58.0
point_gbdt_safety,FOODS_3_239_CA_4,1037.682464744405,1033.238740135165,4.443724609239911,0.0,0.9730683357015762,0.9871794871794872,0.01282051282051282,13.246650514553398,55.0
point_gbdt_safety,FOODS_3_240_TX_3,1072.5212489594105,1057.1571678380287,15.36408112138178,0.0,0.9257773858870445,0.9743589743589743,0.02564102564102564,13.55329702356447,69.0
point_gbdt_safety,FOODS_3_243_WI_1,1275.2418465620128,1275.2418465620128,0.0,0.0,1.0,1.0,0.0,16.34925444310273,19.0
point_gbdt_safety,FOODS_3_246_CA_2,1170.0220958318575,1118.1696449519827,51.852450879874795,0.0,0.8747525341065826,0.9102564102564102,0.08974358974358974,14.335508268615163,138.0
point_gbdt_safety,FOODS_3_246_TX_2,1131.175846285452,1131.175846285452,0.0,0.0,1.0,1.0,0.0,14.502254439557078,59.0
point_gbdt_safety,FOODS_3_247_CA_3,1202.4669226980843,1145.6824693258977,56.78445337218653,0.0,0.7773158691286802,0.8974358974358975,0.10256410256410256,14.688236786229458,85.0
point_gbdt_safety,FOODS_3_255_WI_2,1228.6820744594395,1228.6820744594395,0.0,0.0,1.0,1.0,0.0,15.752334287941531,25.0
point_gbdt_safety,FOODS_3_256_WI_1,1204.9979273907318,1204.9979273907318,0.0,0.0,1.0,1.0,0.0,15.448691376804254,9.0
point_gbdt_safety,FOODS_3_257_TX_2,1111.9921794932134,1076.9375336677288,35.05464582548454,0.0,0.9226166758819326,0.9230769230769231,0.07692307692307693,13.806891457278574,151.0
point_gbdt_safety,FOODS_3_258_CA_3,1983.065481541328,1721.4748370212444,261.5906445200835,0.0,0.7249309731650015,0.782051282051282,0.21794871794871795,22.070190218221082,317.0
point_gbdt_safety,FOODS_3_258_TX_1,1457.0279536306568,1383.9611251539884,73.06682847666852,0.0,0.8823400507622084,0.8333333333333334,0.16666666666666666,17.743091348128058,207.0
point_gbdt_safety,FOODS_3_258_TX_2,1479.9850389393912,1418.6817816172788,61.30325732211236,0.0,0.9031544118134086,0.8974358974358975,0.10256410256410256,18.188227969452292,211.0
point_gbdt_safety,FOODS_3_258_WI_2,1657.8220997389456,1356.4297040160598,301.39239572288574,0.0,0.7177973822819421,0.7435897435897436,0.2564102564102564,17.390124410462306,356.0
point_gbdt_safety,FOODS_3_265_TX_3,1251.151450837909,1251.151450837909,0.0,0.0,1.0,1.0,0.0,16.040403215870626,80.0
point_gbdt_safety,FOODS_3_265_WI_2,1183.9653878464967,1183.9653878464967,0.0,0.0,1.0,1.0,0.0,15.179043433929445,68.0
point_gbdt_safety,FOODS_3_270_WI_3,1090.6024408863834,1090.6024408863834,0.0,0.0,1.0,1.0,0.0,13.982082575466453,31.0
point_gbdt_safety,FOODS_3_271_WI_2,1507.5483378150716,1507.5483378150716,0.0,0.0,1.0,1.0,0.0,19.327542792500918,49.0
point_gbdt_safety,FOODS_3_277_CA_4,1109.0106682208516,1062.9510026051453,46.05966561570628,0.0,0.8104540509641717,0.8846153846153846,0.11538461538461539,13.627576956476222,81.0
point_gbdt_safety,FOODS_3_278_WI_2,1997.3128239800508,1688.6724095564873,308.64041442356347,0.0,0.7667117048952657,0.7948717948717948,0.20512820512820512,21.64964627636522,441.0
point_gbdt_safety,FOODS_3_279_TX_3,1168.0323190833913,1168.0323190833913,0.0,0.0,1.0,1.0,0.0,14.974773321581939,14.0
point_gbdt_safety,FOODS_3_280_WI_3,1007.4448632517999,983.0258984614389,24.41896479036101,0.0,0.8665630339324535,0.9102564102564102,0.08974358974358974,12.602896134121012,61.0
point_gbdt_safety,FOODS_3_282_WI_3,10787.511948824602,8799.771718378915,1987.7402304456866,0.0,0.7097765760774293,0.6923076923076923,0.3076923076923077,112.81758613306302,2283.0
point_gbdt_safety,FOODS_3_286_TX_3,1211.4073783015035,1211.4073783015035,0.0,0.0,1.0,1.0,0.0,15.53086382437825,34.0
point_gbdt_safety,FOODS_3_286_WI_3,1134.2195485578613,1134.2195485578613,0.0,0.0,1.0,1.0,0.0,14.541276263562326,69.0
point_gbdt_safety,FOODS_3_289_TX_3,1177.2077588603352,1177.2077588603352,0.0,0.0,1.0,1.0,0.0,15.092407164876091,19.0
point_gbdt_safety,FOODS_3_295_TX_1,2963.3156107147615,2269.8155696112026,693.5000411035592,0.0,0.6610459232142917,0.6794871794871795,0.32051282051282054,29.100199610400033,682.0
point_gbdt_safety,FOODS_3_296_CA_4,1219.5264169264965,1219.5264169264965,0.0,0.0,1.0,1.0,0.0,15.634954063160212,62.0
point_gbdt_safety,FOODS_3_300_WI_2,1574.938080221712,1129.52018877988,445.417891441832,0.0,0.5331049355955639,0.7051282051282052,0.2948717948717949,14.481028061280513,318.0
point_gbdt_safety,FOODS_3_302_CA_4,1580.0332529609245,1441.9945443770218,138.0387085839028,0.0,0.7766363938771799,0.8076923076923077,0.19230769230769232,18.48710954329515,206.0
point_gbdt_safety,FOODS_3_309_CA_2,1124.1131833931836,1124.1131833931836,0.0,0.0,1.0,1.0,0.0,14.411707479399789,24.0
point_gbdt_safety,FOODS_3_309_WI_1,1197.3164451403059,1197.3164451403059,0.0,0.0,1.0,1.0,0.0,15.350210835132126,27.0
point_gbdt_safety,FOODS_3_316_TX_3,1087.7821045891276,1087.7821045891276,0.0,0.0,1.0,1.0,0.0,13.945924417809328,23.0
point_gbdt_safety,FOODS_3_318_TX_2,3222.889503447108,2684.7606445863444,538.1288588607634,0.0,0.6684357000241753,0.7051282051282052,0.2948717948717949,34.42000826392749,541.0
point_gbdt_safety,FOODS_3_331_TX_1,1188.3797446839985,1108.3701149794565,80.00962970454202,0.0,0.8322649272441467,0.8461538461538461,0.15384615384615385,14.20987326896739,159.0
point_gbdt_safety,FOODS_3_335_TX_1,1599.0384782122092,1599.0384782122092,0.0,0.0,1.0,1.0,0.0,20.50049331041294,5.0
point_gbdt_safety,FOODS_3_337_CA_1,1167.7062512045138,1167.7062512045138,0.0,0.0,1.0,1.0,0.0,14.970592964160433,41.0
point_gbdt_safety,FOODS_3_346_WI_3,1369.9820841104497,1245.0488793674576,124.93320474299207,0.0,0.8026331678625717,0.8076923076923077,0.19230769230769232,15.96216512009561,211.0
point_gbdt_safety,FOODS_3_352_CA_1,936.5036432413374,914.4804430037716,22.02320023756573,0.0,0.8331575739578354,0.9358974358974359,0.0641025641025641,11.724108243638097,44.0
point_gbdt_safety,FOODS_3_354_WI_2,1068.7868326172727,1065.8093526124296,2.977480004843162,0.0,0.9837296174598734,0.9871794871794872,0.01282051282051282,13.664222469390124,61.0
point_gbdt_safety,FOODS_3_356_CA_1,1201.8010463659855,1177.991755427709,23.809290938276575,0.0,0.9503973105452571,0.9487179487179487,0.05128205128205128,15.102458402919346,160.0
point_gbdt_safety,FOODS_3_356_TX_2,1104.9456217963334,1076.9627642919247,27.982857504408734,0.0,0.9028373003319142,0.9358974358974359,0.0641025641025641,13.807214926819547,96.0
point_gbdt_safety,FOODS_3_363_WI_3,1380.4065066655728,1114.8633610681331,265.5431455974397,0.0,0.637236139894208,0.7692307692307693,0.23076923076923078,14.293120013694015,244.0
point_gbdt_safety,FOODS_3_365_TX_1,1192.3735058996854,1192.3735058996854,0.0,0.0,1.0,1.0,0.0,15.286839819226735,19.0
point_gbdt_safety,FOODS_3_367_TX_1,1014.3664981189029,988.0730432699323,26.293454848970498,0.0,0.9140736769641487,0.9358974358974359,0.0641025641025641,12.667603118845287,102.0
point_gbdt_safety,FOODS_3_370_CA_1,1961.730362868224,1961.730362868224,0.0,0.0,1.0,1.0,0.0,25.150389267541332,41.0
point_gbdt_safety,FOODS_3_372_TX_3,1549.9460396110767,1364.5276430160816,185.41839659499507,0.0,0.8347429620365462,0.8076923076923077,0.19230769230769232,17.493944141231815,374.0
point_gbdt_safety,FOODS_3_380_TX_3,1217.831666339266,1217.831666339266,0.0,0.0,1.0,1.0,0.0,15.61322649152905,22.0
point_gbdt_safety,FOODS_3_384_TX_1,1141.1327829092563,1141.1327829092563,0.0,0.0,1.0,1.0,0.0,14.629907473195594,22.0
point_gbdt_safety,FOODS_3_385_CA_4,1042.6501835053034,1039.1029285458558,3.5472549594476632,0.0,0.9748421634081726,0.9871794871794872,0.01282051282051282,13.32183241725456,47.0
point_gbdt_safety,FOODS_3_385_TX_3,1181.0270487890114,1181.0270487890114,0.0,0.0,1.0,1.0,0.0,15.14137242037194,47.0
point_gbdt_safety,FOODS_3_387_CA_2,956.5649272305868,926.1894940727261,30.37543315786064,0.0,0.797497112280929,0.9358974358974359,0.0641025641025641,11.874224282983668,50.0
point_gbdt_safety,FOODS_3_390_TX_2,1167.0924412334894,1105.2248956323963,61.867545601093,0.0,0.8597107809499025,0.8717948717948718,0.1282051282051282,14.16954994400508,147.0
point_gbdt_safety,FOODS_3_392_WI_2,1033.8593324137696,1000.1825893625568,33.676743051212725,0.0,0.870970333137116,0.9102564102564102,0.08974358974358974,12.82285370977637,87.0
point_gbdt_safety,FOODS_3_392_WI_3,1080.9717404887117,1031.1577789578162,49.8139615308956,0.0,0.7815177125837912,0.9102564102564102,0.08974358974358974,13.219971525100208,76.0
point_gbdt_safety,FOODS_3_393_CA_3,2539.4129461640823,2023.845393450857,515.567552713225,0.0,0.7245899825249866,0.7435897435897436,0.2564102564102564,25.946735813472525,624.0
point_gbdt_safety,FOODS_3_398_WI_3,1122.9908046103717,1122.9908046103717,0.0,0.0,1.0,1.0,0.0,14.397318007825278,28.0
point_gbdt_safety,FOODS_3_403_TX_1,1833.7749419611807,1618.8370830320941,214.93785892908664,0.0,0.8217762363772084,0.7948717948717948,0.20512820512820512,20.75432157733454,402.0
point_gbdt_safety,FOODS_3_405_TX_3,1218.3932716212712,1218.3932716212712,0.0,0.0,1.0,1.0,0.0,15.620426559247067,59.0
point_gbdt_safety,FOODS_3_408_TX_2,1298.3856867879201,1298.3856867879201,0.0,0.0,1.0,1.0,0.0,16.645970343434872,8.0
point_gbdt_safety,FOODS_3_416_CA_4,1122.8501419195495,1096.992502958776,25.857638960773485,0.0,0.912048847072199,0.9358974358974359,0.0641025641025641,14.064006448189435,98.0
point_gbdt_safety,FOODS_3_416_WI_3,1099.0641614433052,1073.0274619847412,26.036699458564023,0.0,0.8928530886478846,0.9230769230769231,0.07692307692307693,13.756762333137708,81.0
point_gbdt_safety,FOODS_3_417_CA_3,1212.4020797937576,1203.5056671125317,8.896412681225918,0.0,0.9588129042535836,0.9743589743589743,0.02564102564102564,15.429559834776047,72.0
point_gbdt_safety,FOODS_3_422_CA_1,1247.3697954503318,1224.076623771396,23.293171678935664,0.0,0.933065598623748,0.9615384615384616,0.038461538461538464,15.693290048351232,116.0
point_gbdt_safety,FOODS_3_423_WI_2,1130.6875928182087,1107.848034701007,22.839558117201754,0.0,0.9082748669991898,0.9487179487179487,0.05128205128205128,14.203179932064192,83.0
point_gbdt_safety,FOODS_3_425_CA_1,1158.9275856864626,1158.9275856864626,0.0,0.0,1.0,1.0,0.0,14.858045970339264,66.0
point_gbdt_safety,FOODS_3_427_WI_3,1187.4610001693898,1187.4610001693898,0.0,0.0,1.0,1.0,0.0,15.223858976530638,17.0
point_gbdt_safety,FOODS_3_428_TX_3,1136.3543568416296,1136.3543568416296,0.0,0.0,1.0,1.0,0.0,14.568645600533713,24.0
point_gbdt_safety,FOODS_3_434_CA_1,1310.5678713046718,1189.161876224329,121.40599508034285,0.0,0.7935272192511177,0.8333333333333334,0.16666666666666666,15.24566507979909,196.0
point_gbdt_safety,FOODS_3_434_WI_1,1287.4371554459942,1275.5975678826103,11.839587563384,0.0,0.9444150818620469,0.9871794871794872,0.01282051282051282,16.35381497285398,71.0
point_gbdt_safety,FOODS_3_441_TX_2,10865.399999999992,10865.399999999992,0.0,0.0,1.0,1.0,0.0,139.2999999999999,0.0
point_gbdt_safety,FOODS_3_444_CA_4,5561.400000000008,5561.400000000008,0.0,0.0,1.0,1.0,0.0,71.3000000000001,0.0
point_gbdt_safety,FOODS_3_444_TX_2,21317.39999999997,21317.39999999997,0.0,0.0,1.0,1.0,0.0,273.2999999999996,0.0
point_gbdt_safety,FOODS_3_445_CA_3,1441.1126914304775,1358.4281607090118,82.68453072146583,0.0,0.7795079180760911,0.8717948717948718,0.1282051282051282,17.415745650115536,125.0
point_gbdt_safety,FOODS_3_449_WI_1,1097.5718258348797,1002.3418715010448,95.22995433383502,0.0,0.7978132604377176,0.8333333333333334,0.16666666666666666,12.850536814115959,157.0
point_gbdt_safety,FOODS_3_451_CA_4,992.3709498177478,932.1734088271896,60.19754099055818,0.0,0.7770461444794141,0.9230769230769231,0.07692307692307693,11.950941138810123,90.0
point_gbdt_safety,FOODS_3_453_TX_2,1198.8926891350532,1198.8926891350532,0.0,0.0,1.0,1.0,0.0,15.370419091475041,12.0
point_gbdt_safety,FOODS_3_453_WI_2,1087.9182144105318,1087.9182144105318,0.0,0.0,1.0,1.0,0.0,13.94766941551964,32.0
point_gbdt_safety,FOODS_3_454_CA_1,3288.2749991850683,3288.2749991850683,0.0,0.0,1.0,1.0,0.0,42.15737178442395,1.0
point_gbdt_safety,FOODS_3_455_TX_1,2999.706798358131,1954.4984504186584,1045.2083479394728,0.0,0.6567460269492701,0.6025641025641025,0.3974358974358974,25.057672441264852,1015.0
point_gbdt_safety,FOODS_3_456_CA_4,1084.7210423342042,1084.7210423342042,0.0,0.0,1.0,1.0,0.0,13.906680029925695,30.0
point_gbdt_safety,FOODS_3_457_TX_3,1114.9574405606145,1114.9574405606145,0.0,0.0,1.0,1.0,0.0,14.294326161033519,15.0
point_gbdt_safety,FOODS_3_458_TX_1,1994.079401342367,1661.0830527878088,332.9963485545582,0.0,0.7668092797236987,0.7564102564102564,0.24358974358974358,21.295936574202678,476.0
point_gbdt_safety,FOODS_3_458_WI_1,1579.368266378999,1404.1867410506864,175.18152532831252,0.0,0.8292577725844907,0.7692307692307693,0.23076923076923078,18.00239411603444,342.0
point_gbdt_safety,FOODS_3_464_TX_2,1179.5415530637495,1179.5415530637495,0.0,0.0,1.0,1.0,0.0,15.122327603381404,31.0
point_gbdt_safety,FOODS_3_465_CA_3,1125.1472148057342,1125.1472148057342,0.0,0.0,1.0,1.0,0.0,14.424964292381206,49.0
point_gbdt_safety,FOODS_3_465_TX_2,1161.704338954156,1161.704338954156,0.0,0.0,1.0,1.0,0.0,14.893645371207127,27.0
point_gbdt_safety,FOODS_3_465_WI_3,1092.6558797777323,1061.8044570654615,30.851422712270622,0.0,0.8341321359555343,0.9230769230769231,0.07692307692307693,13.612877654685404,62.0
point_gbdt_safety,FOODS_3_468_TX_2,1197.532632827654,1197.532632827654,0.0,0.0,1.0,1.0,0.0,15.35298247214941,166.0
point_gbdt_safety,FOODS_3_471_WI_3,1154.9338927163506,1154.9338927163506,0.0,0.0,1.0,1.0,0.0,14.806844778414751,45.0
point_gbdt_safety,FOODS_3_472_CA_1,1014.3027500515298,1013.6349162539317,0.6678337975981066,0.0,0.9942920188239478,0.9871794871794872,0.01282051282051282,12.99531943915297,39.0
point_gbdt_safety,FOODS_3_474_CA_1,1328.4398155315141,997.1007997934342,331.33901573807987,0.0,0.6493767029226668,0.7692307692307693,0.23076923076923078,12.783343587095311,315.0
point_gbdt_safety,FOODS_3_476_TX_3,1226.8550844300266,1064.378365929349,162.47671850067775,0.0,0.7908922541818819,0.7948717948717948,0.20512820512820512,13.645876486273705,259.0
point_gbdt_safety,FOODS_3_479_CA_3,1508.6984407454613,1433.7454120565171,74.95302868894413,0.0,0.8438478568980331,0.8589743589743589,0.14102564102564102,18.381351436622015,160.0
point_gbdt_safety,FOODS_3_479_TX_2,1332.0519263816884,1309.07990872257,22.972017659118436,0.0,0.9328303577218758,0.9358974358974359,0.0641025641025641,16.783075752853463,114.0
point_gbdt_safety,FOODS_3_479_TX_3,1160.47513797686,1113.5639291720404,46.91120880481951,0.0,0.8420498020039747,0.9102564102564102,0.08974358974358974,14.276460630410774,99.0
point_gbdt_safety,FOODS_3_481_TX_2,1152.1273574124325,1152.1273574124325,0.0,0.0,1.0,1.0,0.0,14.770863556569648,32.0
point_gbdt_safety,FOODS_3_498_TX_1,2108.156422217451,1715.7683800820475,392.38804213540345,0.0,0.5938011986175947,0.8205128205128205,0.1794871794871795,21.997030513872403,322.0
point_gbdt_safety,FOODS_3_499_TX_1,3097.7048748155753,2387.7981161219914,709.9067586935839,0.0,0.7145529719768461,0.6794871794871795,0.32051282051282054,30.61279636053835,829.0
point_gbdt_safety,FOODS_3_502_TX_2,1272.8276916324362,1083.1853468116692,189.64234482076705,0.0,0.6975401199030828,0.782051282051282,0.21794871794871795,13.88699162579063,209.0
point_gbdt_safety,FOODS_3_511_CA_1,5567.86642782359,3889.8706106856016,1677.9958171379885,0.0,0.6946878061976003,0.6282051282051282,0.3717948717948718,49.87013603443079,1832.0
point_gbdt_safety,FOODS_3_511_WI_2,3434.5356859970143,2523.6491402553993,910.8865457416151,0.0,0.5863367185551248,0.6794871794871795,0.32051282051282054,32.3544761571205,734.0
point_gbdt_safety,FOODS_3_512_CA_1,1191.4884451442915,1191.4884451442915,0.0,0.0,1.0,1.0,0.0,15.275492886465276,12.0
point_gbdt_safety,FOODS_3_513_CA_1,1041.735545868864,989.3792026942101,52.3563431746538,0.0,0.8726123037113046,0.8974358974358975,0.10256410256410256,12.684348752489873,137.0
point_gbdt_safety,FOODS_3_514_CA_2,1426.5950434289382,1241.713740961008,184.88130246793034,0.0,0.7211443401690342,0.7692307692307693,0.23076923076923078,15.919406935397538,221.0
point_gbdt_safety,FOODS_3_515_CA_1,1320.2661950357026,1205.807182418019,114.4590126176835,0.0,0.7991947147058185,0.8205128205128205,0.1794871794871795,15.459066441256654,190.0
point_gbdt_safety,FOODS_3_517_TX_1,1166.2817208774209,1166.2817208774209,0.0,0.0,1.0,1.0,0.0,14.952329754838729,17.0
point_gbdt_safety,FOODS_3_517_TX_3,1158.569021414312,1158.569021414312,0.0,0.0,1.0,1.0,0.0,14.85344899249118,17.0
point_gbdt_safety,FOODS_3_525_CA_4,1150.4145566135528,1137.536922036137,12.87763457741588,0.0,0.8899347472015736,0.9743589743589743,0.02564102564102564,14.583806692770986,39.0
point_gbdt_safety,FOODS_3_531_CA_3,1228.1235926105899,1228.1235926105899,0.0,0.0,1.0,1.0,0.0,15.745174264238331,57.0
point_gbdt_safety,FOODS_3_532_TX_3,1291.541127266505,1229.5416706315552,61.99945663494989,0.0,0.8584487291439501,0.8846153846153846,0.11538461538461539,15.763354751686606,146.0
point_gbdt_safety,FOODS_3_532_WI_1,1759.8199747108213,1521.9758887016446,237.84408600917672,0.0,0.8327397426095804,0.782051282051282,0.21794871794871795,19.51251139361083,474.0
point_gbdt_safety,FOODS_3_533_TX_3,1205.4364799961313,1178.0617539516695,27.374726044461756,0.0,0.9170462847137523,0.9358974358974359,0.0641025641025641,15.1033558198932,110.0
point_gbdt_safety,FOODS_3_533_WI_3,1265.6314906947546,1235.226457232593,30.405033462161654,0.0,0.9443131255271765,0.9487179487179487,0.05128205128205128,15.83623663118709,182.0
point_gbdt_safety,FOODS_3_538_WI_1,1392.0853703033615,1380.7260639535853,11.359306349776368,0.0,0.9750892404610167,0.9743589743589743,0.02564102564102564,17.701616204533146,152.0
point_gbdt_safety,FOODS_3_544_TX_2,1107.5795199502516,1107.5795199502516,0.0,0.0,1.0,1.0,0.0,14.199737435259635,59.0
point_gbdt_safety,FOODS_3_545_CA_2,1153.6749237923282,1153.6749237923282,0.0,0.0,1.0,1.0,0.0,14.790704151183695,41.0
point_gbdt_safety,FOODS_3_546_CA_1,1807.1775959076238,1418.8390681789438,388.33852772868,0.0,0.592936553743522,0.717948717948718,0.28205128205128205,18.190244463832613,318.0
point_gbdt_safety,FOODS_3_546_CA_3,1785.9847258625389,1553.8620029399103,232.12272292262864,0.0,0.7520056379031745,0.8076923076923077,0.19230769230769232,19.92130772999885,312.0
point_gbdt_safety,FOODS_3_550_TX_1,1227.963567705326,1227.963567705326,0.0,0.0,1.0,1.0,0.0,15.743122662888796,14.0
point_gbdt_safety,FOODS_3_555_CA_3,7438.83685844808,5406.936294002695,2031.9005644453853,0.0,0.7011031826352773,0.717948717948718,0.28205128205128205,69.31969607695763,2266.0
point_gbdt_safety,FOODS_3_558_CA_4,1182.8009714289694,1182.8009714289694,0.0,0.0,1.0,1.0,0.0,15.164115018320121,0.0
point_gbdt_safety,FOODS_3_563_WI_1,1467.8412748738492,1467.8412748738492,0.0,0.0,1.0,1.0,0.0,18.818477882998067,11.0
point_gbdt_safety,FOODS_3_573_WI_2,1501.29198277732,1442.037624161358,59.25435861596208,0.0,0.8717438125195626,0.9102564102564102,0.08974358974358974,18.48766184822254,154.0
point_gbdt_safety,FOODS_3_575_CA_1,1116.1238114265848,1112.936560004979,3.1872514216058114,0.0,0.9795689011435524,0.9743589743589743,0.02564102564102564,14.268417435961268,52.0
point_gbdt_safety,FOODS_3_575_WI_1,1113.1654820003048,1113.1654820003048,0.0,0.0,1.0,1.0,0.0,14.27135233333724,42.0
point_gbdt_safety,FOODS_3_575_WI_2,1135.0402127328582,1135.0402127328582,0.0,0.0,1.0,1.0,0.0,14.551797599139208,40.0
point_gbdt_safety,FOODS_3_578_WI_1,4665.678603969912,4665.678603969912,0.0,0.0,1.0,1.0,0.0,59.816392358588615,0.0
point_gbdt_safety,FOODS_3_580_CA_1,2407.157009748853,2215.1414021670375,192.01560758181517,0.0,0.7746295685659446,0.8333333333333334,0.16666666666666666,28.39924874573125,284.0
point_gbdt_safety,FOODS_3_580_CA_3,4319.5120625213885,3800.97024551879,518.5418170025986,0.0,0.6978194539611896,0.7692307692307693,0.23076923076923078,48.73038776306141,572.0
point_gbdt_safety,FOODS_3_582_CA_1,1026.8646689698214,967.8582357746274,59.00643319519396,0.0,0.701987711135384,0.8846153846153846,0.11538461538461539,12.40843892018753,66.0
point_gbdt_safety,FOODS_3_585_WI_1,1007.4522186772662,994.1576693209367,13.29454935632939,0.0,0.9113696709578041,0.9487179487179487,0.05128205128205128,12.745611145140215,50.0
point_gbdt_safety,FOODS_3_588_WI_3,1178.546299067422,1172.0529893032217,6.493309764200376,0.0,0.9762149825487165,0.9871794871794872,0.01282051282051282,15.02632037568233,91.0
point_gbdt_safety,FOODS_3_596_WI_1,1192.6261661340002,1111.0916874534535,81.5344786805468,0.0,0.8290681788667781,0.8589743589743589,0.14102564102564102,14.244765223762224,159.0
point_gbdt_safety,FOODS_3_599_TX_3,1750.6263398535905,1750.6263398535905,0.0,0.0,1.0,1.0,0.0,22.44392743402039,2.0
point_gbdt_safety,FOODS_3_605_WI_3,1097.2770013572474,1097.2770013572474,0.0,0.0,1.0,1.0,0.0,14.067653863554455,38.0
point_gbdt_safety,FOODS_3_606_TX_3,1154.1302977067264,1126.4258954835561,27.704402223170245,0.0,0.8579261424452809,0.9358974358974359,0.0641025641025641,14.441357634404566,65.0
point_gbdt_safety,FOODS_3_608_CA_3,1337.6852827016442,1329.0897993051037,8.595483396540445,0.0,0.943820369957252,0.9743589743589743,0.02564102564102564,17.039612811603895,51.0
point_gbdt_safety,FOODS_3_610_TX_1,1389.540168486021,1389.540168486021,0.0,0.0,1.0,1.0,0.0,17.814617544692577,16.0
point_gbdt_safety,FOODS_3_615_CA_4,1134.0127262935307,1112.2782965892388,21.73442970429197,0.0,0.9229275542400994,0.9358974358974359,0.0641025641025641,14.259978161400499,94.0
point_gbdt_safety,FOODS_3_618_WI_3,1664.6723597653884,1516.3551872340058,148.31717253138248,0.0,0.717491099940224,0.9230769230769231,0.07692307692307693,19.44045111838469,175.0
point_gbdt_safety,FOODS_3_625_TX_1,1237.4688148163323,1237.4688148163323,0.0,0.0,1.0,1.0,0.0,15.864984805337594,4.0
point_gbdt_safety,FOODS_3_626_WI_1,1207.288529912467,1207.288529912467,0.0,0.0,1.0,1.0,0.0,15.47805807580086,19.0
point_gbdt_safety,FOODS_3_626_WI_2,1208.8825326704377,1208.8825326704377,0.0,0.0,1.0,1.0,0.0,15.498494008595356,20.0
point_gbdt_safety,FOODS_3_628_WI_1,1904.0637403937726,1585.1097299829646,318.9540104108081,0.0,0.6787975725973735,0.6923076923076923,0.3076923076923077,20.321919615166212,331.0
point_gbdt_safety,FOODS_3_633_WI_1,1261.5575799340293,1257.4330727184952,4.124507215534074,0.0,0.97851819158576,0.9743589743589743,0.02564102564102564,16.120936829724297,64.0
point_gbdt_safety,FOODS_3_634_CA_4,1708.36528869487,1562.412847479766,145.95244121510407,0.0,0.78567923463274,0.782051282051282,0.21794871794871795,20.030933942048282,227.0
point_gbdt_safety,FOODS_3_638_TX_3,1099.43112936624,1092.428896807069,7.002232559171034,0.0,0.9551138938514677,0.9743589743589743,0.02564102564102564,14.005498677013703,52.0
point_gbdt_safety,FOODS_3_640_WI_2,1294.112812359547,1286.283990449106,7.828821910440823,0.0,0.9681755206892649,0.9743589743589743,0.02564102564102564,16.490820390373155,82.0
point_gbdt_safety,FOODS_3_642_TX_3,1288.5778772043857,1288.5778772043857,0.0,0.0,1.0,1.0,0.0,16.52022919492802,57.0
point_gbdt_safety,FOODS_3_644_WI_2,1368.9119983079686,1368.9119983079686,0.0,0.0,1.0,1.0,0.0,17.550153824461137,10.0
point_gbdt_safety,FOODS_3_646_CA_2,922.4611031493944,849.1469313691703,73.31417178022409,0.0,0.5926990456654218,0.8717948717948718,0.1282051282051282,10.886499120117568,60.0
point_gbdt_safety,FOODS_3_646_WI_3,1081.143092949086,993.1034429218257,88.03965002726025,0.0,0.662683333228888,0.8589743589743589,0.14102564102564102,12.73209542207469,87.0
point_gbdt_safety,FOODS_3_651_CA_2,1393.5056962665108,1197.7132294136507,195.79246685286006,0.0,0.7749511875254481,0.782051282051282,0.21794871794871795,15.355297812995522,290.0
point_gbdt_safety,FOODS_3_657_CA_4,1273.3842664048682,1273.3842664048682,0.0,0.0,1.0,1.0,0.0,16.325439312882924,48.0
point_gbdt_safety,FOODS_3_658_WI_1,1213.9990875519322,1169.8300595949581,44.169027956974055,0.0,0.8036932090801153,0.9102564102564102,0.08974358974358974,14.997821276858437,75.0
point_gbdt_safety,FOODS_3_658_WI_3,1140.0210902231267,1140.0210902231267,0.0,0.0,1.0,1.0,0.0,14.6156550028606,38.0
point_gbdt_safety,FOODS_3_662_WI_2,1215.5241408066138,1215.5241408066138,0.0,0.0,1.0,1.0,0.0,15.583642830854023,11.0
point_gbdt_safety,FOODS_3_663_CA_1,2496.0,2496.0,0.0,0.0,1.0,1.0,0.0,32.0,0.0
point_gbdt_safety,FOODS_3_663_TX_2,1115.394567798597,1085.3601843194572,30.034383479140015,0.0,0.8808159385748413,0.9102564102564102,0.08974358974358974,13.914874157941759,84.0
point_gbdt_safety,FOODS_3_667_TX_3,1160.7915875608403,1160.7915875608403,0.0,0.0,1.0,1.0,0.0,14.881943430267183,13.0
point_gbdt_safety,FOODS_3_668_WI_3,2490.821813411677,1957.769841518777,533.0519718929002,0.0,0.755256211252112,0.7051282051282052,0.2948717948717949,25.099613352804834,726.0
point_gbdt_safety,FOODS_3_669_TX_1,1229.978495784268,1100.4526916020154,129.5258041822527,0.0,0.7532841825099948,0.7948717948717948,0.20512820512820512,14.10836784105148,175.0
point_gbdt_safety,FOODS_3_670_CA_4,1283.891550584112,1283.891550584112,0.0,0.0,1.0,1.0,0.0,16.460148084411692,21.0
point_gbdt_safety,FOODS_3_672_TX_2,2771.088220759035,1901.7957727635094,869.2924479955253,0.0,0.6350577464334487,0.6410256410256411,0.358974358974359,24.38199708671166,794.0
point_gbdt_safety,FOODS_3_677_WI_2,1160.9335360457485,1153.9253925068376,7.008143538910929,0.0,0.96926252833811,0.9615384615384616,0.038461538461538464,14.7939152885492,76.0
point_gbdt_safety,FOODS_3_691_WI_1,1226.079710345069,1226.079710345069,0.0,0.0,1.0,1.0,0.0,15.718970645449604,31.0
point_gbdt_safety,FOODS_3_693_WI_2,1261.4881042200868,1261.4881042200868,0.0,0.0,1.0,1.0,0.0,16.172924413078036,7.0
point_gbdt_safety,FOODS_3_694_WI_3,10420.484770546685,7558.41245196406,2862.072318582625,0.0,0.7331401101554662,0.7051282051282052,0.2948717948717949,96.90272374312897,3575.0
point_gbdt_safety,FOODS_3_705_TX_2,1199.6994018453515,1199.6994018453515,0.0,0.0,1.0,1.0,0.0,15.380761562119892,47.0
point_gbdt_safety,FOODS_3_711_CA_3,4629.702759284815,3348.710081458947,1280.9926778258678,0.0,0.5979307351456787,0.6794871794871795,0.32051282051282054,42.93218053152496,1062.0
point_gbdt_safety,FOODS_3_712_CA_3,1331.6477739819302,1197.9191387680662,133.7286352138641,0.0,0.7314686039882247,0.8589743589743589,0.14102564102564102,15.35793767651367,166.0
point_gbdt_safety,FOODS_3_718_TX_1,1224.7326363038505,1224.7326363038505,0.0,0.0,1.0,1.0,0.0,15.701700465433982,6.0
point_gbdt_safety,FOODS_3_723_WI_3,7711.313402709162,5676.597759417606,2034.7156432915558,0.0,0.7141851884686676,0.6538461538461539,0.34615384615384615,72.77689435150776,2373.0
point_gbdt_safety,FOODS_3_727_WI_3,1570.1487599187283,1351.6121829789204,218.5365769398079,0.0,0.7479393576242123,0.7692307692307693,0.23076923076923078,17.328361320242568,289.0
point_gbdt_safety,FOODS_3_730_CA_3,1114.3473092381307,1114.3473092381307,0.0,0.0,1.0,1.0,0.0,14.28650396459142,99.0
point_gbdt_safety,FOODS_3_734_TX_1,2556.093662405992,2298.1426016629825,257.95106074300924,0.0,0.8330413846323564,0.8205128205128205,0.1794871794871795,29.463366687986955,515.0
point_gbdt_safety,FOODS_3_735_CA_4,1119.6268199176575,1119.6268199176575,0.0,0.0,1.0,1.0,0.0,14.354189998944326,28.0
point_gbdt_safety,FOODS_3_745_TX_3,1386.5094854095096,1386.5094854095096,0.0,0.0,1.0,1.0,0.0,17.77576263345525,0.0
point_gbdt_safety,FOODS_3_746_CA_4,1291.7900311191897,1203.4601402914957,88.32989082769416,0.0,0.8236928326792531,0.8205128205128205,0.1794871794871795,15.428976157583278,167.0
point_gbdt_safety,FOODS_3_749_CA_1,1918.6517112500512,1875.3920366857403,43.259674564311005,0.0,0.7969029363177887,0.9743589743589743,0.02564102564102564,24.043487649817184,71.0
point_gbdt_safety,FOODS_3_750_CA_2,1201.0,1057.0,144.0,0.0,0.29411764705882354,0.782051282051282,0.21794871794871795,13.551282051282051,68.0
point_gbdt_safety,FOODS_3_753_TX_2,1326.7467431264793,1247.7822741598047,78.96446896667454,0.0,0.872843045142231,0.8974358974358975,0.10256410256410256,15.99720864307442,207.0
point_gbdt_safety,FOODS_3_755_TX_3,1254.6384161826704,1207.4925613935209,47.14585478914951,0.0,0.8488914910604183,0.9358974358974359,0.0641025641025641,15.480673864019499,104.0
point_gbdt_safety,FOODS_3_756_WI_3,2084.412742480726,1614.458094907691,469.954647573035,0.0,0.6964117263740084,0.6538461538461539,0.34615384615384615,20.698180703944757,516.0
point_gbdt_safety,FOODS_3_757_CA_3,5755.100000000008,5252.000000000007,503.09999999999997,0.0,0.42764505119453927,0.7948717948717948,0.20512820512820512,67.33333333333343,293.0
point_gbdt_safety,FOODS_3_763_TX_2,1105.2284719161426,1105.2284719161426,0.0,0.0,1.0,1.0,0.0,14.169595793796699,10.0
point_gbdt_safety,FOODS_3_766_TX_3,1151.7301866030805,1151.7301866030805,0.0,0.0,1.0,1.0,0.0,14.765771623116416,17.0
point_gbdt_safety,FOODS_3_768_CA_2,1090.7505763736692,995.8856961007397,94.8648802729296,0.0,0.8071852026972977,0.8333333333333334,0.16666666666666666,12.767765334624867,164.0
point_gbdt_safety,FOODS_3_770_WI_3,1230.7004643380928,1230.7004643380928,0.0,0.0,1.0,1.0,0.0,15.7782110812576,47.0
point_gbdt_safety,FOODS_3_774_WI_2,1086.9931756746391,1086.9931756746391,0.0,0.0,1.0,1.0,0.0,13.935809944546655,49.0
point_gbdt_safety,FOODS_3_779_CA_1,1262.3888816712881,1262.3888816712881,0.0,0.0,1.0,1.0,0.0,16.18447284193959,27.0
point_gbdt_safety,FOODS_3_783_CA_1,1633.0913232283556,1439.7531766525337,193.33814657582192,0.0,0.8023127335625543,0.8333333333333334,0.16666666666666666,18.45837405964787,326.0
point_gbdt_safety,FOODS_3_783_TX_3,3130.0,3052.0,78.0,0.0,0.7291666666666666,0.8974358974358975,0.10256410256410256,39.12820512820513,96.0
point_gbdt_safety,FOODS_3_786_CA_2,1076.1451793824904,1035.479641241851,40.66553814063934,0.0,0.8090819805603786,0.9230769230769231,0.07692307692307693,13.275380015921165,71.0
point_gbdt_safety,FOODS_3_788_WI_2,1218.623585635047,1168.6666486226577,49.95693701238919,0.0,0.8874843760982226,0.9230769230769231,0.07692307692307693,14.982905751572535,148.0
point_gbdt_safety,FOODS_3_791_CA_4,1155.2428775925184,1155.2428775925184,0.0,0.0,1.0,1.0,0.0,14.810806122981006,53.0
point_gbdt_safety,FOODS_3_791_WI_2,1558.3761124460466,1558.3761124460466,0.0,0.0,1.0,1.0,0.0,19.97918092879547,37.0
point_gbdt_safety,FOODS_3_792_CA_1,1216.0740366883329,1121.819519649522,94.25451703881102,0.0,0.8048560723834142,0.8589743589743589,0.14102564102564102,14.38230153396823,161.0
point_gbdt_safety,FOODS_3_793_WI_1,1144.012203602792,1093.7313135466136,50.28089005617826,0.0,0.9248417188995841,0.9487179487179487,0.05128205128205128,14.022196327520687,223.0
point_gbdt_safety,FOODS_3_795_WI_2,1647.5439217969702,1507.6880318102926,139.85588998667754,0.0,0.833504892873003,0.7948717948717948,0.20512820512820512,19.329333741157598,280.0
point_gbdt_safety,FOODS_3_799_TX_1,1213.2985192970025,1213.2985192970025,0.0,0.0,1.0,1.0,0.0,15.555109221756442,6.0
point_gbdt_safety,FOODS_3_802_WI_3,1184.1569037419567,1184.1569037419567,0.0,0.0,1.0,1.0,0.0,15.181498765922523,30.0
point_gbdt_safety,FOODS_3_805_TX_1,1172.7889875358214,1139.1474249733342,33.64156256248714,0.0,0.9065512151042024,0.9358974358974359,0.0641025641025641,14.604454166324798,120.0
point_gbdt_safety,FOODS_3_806_CA_1,1255.4089030666391,1255.4089030666391,0.0,0.0,1.0,1.0,0.0,16.094985936751783,21.0
point_gbdt_safety,FOODS_3_806_CA_4,1254.0842205497063,1254.0842205497063,0.0,0.0,1.0,1.0,0.0,16.078002827560336,10.0
point_gbdt_safety,FOODS_3_809_CA_1,1249.146891644521,1096.973247894692,152.17364374982924,0.0,0.725813254504812,0.8589743589743589,0.14102564102564102,14.063759588393486,185.0
point_gbdt_safety,FOODS_3_810_WI_2,1214.0826198161267,1198.0159429539897,16.066676862137093,0.0,0.8835748053468326,0.9487179487179487,0.05128205128205128,15.35917875582038,46.0
point_gbdt_safety,FOODS_3_813_TX_1,1047.4522739681634,1047.4522739681634,0.0,0.0,1.0,1.0,0.0,13.428875307284146,27.0
point_gbdt_safety,FOODS_3_814_CA_3,1487.6016610953707,1382.0181430377565,105.58351805761401,0.0,0.8283194828331479,0.8589743589743589,0.14102564102564102,17.71818132099688,205.0
point_gbdt_safety,FOODS_3_818_CA_3,1894.4110564698858,1768.7193713018773,125.69168516800853,0.0,0.8949944150643203,0.8076923076923077,0.19230769230769232,22.675889375665093,399.0
point_gbdt_safety,FOODS_3_821_TX_2,1051.7388391595805,1051.7388391595805,0.0,0.0,1.0,1.0,0.0,13.483831271276673,52.0
point_gbdt_safety,FOODS_3_824_TX_3,1129.8408152355269,1129.8408152355269,0.0,0.0,1.0,1.0,0.0,14.485138656865729,5.0
point_gbdt_safety,HOBBIES_1_004_WI_3,1741.116727024028,1741.116727024028,0.0,0.0,1.0,1.0,0.0,22.32200932082087,134.0
point_gbdt_safety,HOBBIES_1_005_WI_1,1089.716007402222,1089.2302454936619,0.4857619085601641,0.0,0.9974699900595825,0.9871794871794872,0.01282051282051282,13.964490326841819,64.0
point_gbdt_safety,HOBBIES_1_009_CA_1,1186.312782169824,1186.312782169824,0.0,0.0,1.0,1.0,0.0,15.209138232946461,28.0
point_gbdt_safety,HOBBIES_1_009_CA_4,1526.851492229649,1526.851492229649,0.0,0.0,1.0,1.0,0.0,19.575019131149347,136.0
point_gbdt_safety,HOBBIES_1_010_CA_3,1105.1907186037195,1099.1732450491083,6.017473554611033,0.0,0.9598835096359264,0.9743589743589743,0.02564102564102564,14.091964680116774,50.0
point_gbdt_safety,HOBBIES_1_012_TX_2,1148.6589898024447,1148.6589898024447,0.0,0.0,1.0,1.0,0.0,14.726397305159548,20.0
point_gbdt_safety,HOBBIES_1_023_CA_3,1113.6724627587441,998.1224899737842,115.5499727849598,0.0,0.724881017178667,0.8461538461538461,0.15384615384615385,12.79644217915108,140.0
point_gbdt_safety,HOBBIES_1_026_CA_4,1090.4760937376382,1090.4760937376382,0.0,0.0,1.0,1.0,0.0,13.98046274022613,59.0
point_gbdt_safety,HOBBIES_1_027_CA_1,1145.5641575800098,1145.5641575800098,0.0,0.0,1.0,1.0,0.0,14.686719968974485,34.0
point_gbdt_safety,HOBBIES_1_028_WI_3,1130.9394264569853,1130.9394264569853,0.0,0.0,1.0,1.0,0.0,14.499223416115196,25.0
point_gbdt_safety,HOBBIES_1_029_WI_3,1182.6963405867866,1182.6963405867866,0.0,0.0,1.0,1.0,0.0,15.162773597266495,15.0
point_gbdt_safety,HOBBIES_1_030_WI_2,1254.5889474989506,1219.2282908174518,35.36065668149884,0.0,0.8690346048833376,0.9358974358974359,0.0641025641025641,15.631131933557075,90.0
point_gbdt_safety,HOBBIES_1_032_CA_2,2783.8814964114363,2224.8596659650552,559.0218304463808,0.0,0.6648550177179972,0.7692307692307693,0.23076923076923078,28.52384187134686,556.0
point_gbdt_safety,HOBBIES_1_043_TX_2,1126.1627588781073,1118.4196851086213,7.74307376948607,0.0,0.9699880861647827,0.9871794871794872,0.01282051282051282,14.338713911648991,86.0
point_gbdt_safety,HOBBIES_1_043_WI_3,1343.2539401126835,1180.222234076876,163.03170603580747,0.0,0.709390898331894,0.8205128205128205,0.1794871794871795,15.131054283036873,187.0
point_gbdt_safety,HOBBIES_1_045_CA_4,1250.4405631291427,1250.4405631291427,0.0,0.0,1.0,1.0,0.0,16.031289270886443,14.0
point_gbdt_safety,HOBBIES_1_050_TX_3,948.5277758675887,947.3281261132514,1.1996497543372726,0.0,0.9904789702036725,0.9871794871794872,0.01282051282051282,12.145232386067326,42.0
point_gbdt_safety,HOBBIES_1_054_CA_4,1122.4059760261248,1122.4059760261248,0.0,0.0,1.0,1.0,0.0,14.389820205463138,13.0
point_gbdt_safety,HOBBIES_1_057_WI_1,1093.6527030050197,1093.6527030050197,0.0,0.0,1.0,1.0,0.0,14.021188500064355,68.0
point_gbdt_safety,HOBBIES_1_061_CA_4,1156.7455984348271,1156.7455984348271,0.0,0.0,1.0,1.0,0.0,14.830071774805475,10.0
point_gbdt_safety,HOBBIES_1_065_CA_4,1169.4141667240176,1169.4141667240176,0.0,0.0,1.0,1.0,0.0,14.992489316974584,7.0
point_gbdt_safety,HOBBIES_1_070_WI_2,1134.7011858722835,1134.7011858722835,0.0,0.0,1.0,1.0,0.0,14.547451100926711,10.0
point_gbdt_safety,HOBBIES_1_073_CA_2,1068.0081951966727,1045.8645085293388,22.143686667333938,0.0,0.8705047563313805,0.9487179487179487,0.05128205128205128,13.408519340119728,57.0
point_gbdt_safety,HOBBIES_1_074_TX_2,1058.891635584229,1058.891635584229,0.0,0.0,1.0,1.0,0.0,13.5755337895414,69.0
point_gbdt_safety,HOBBIES_1_086_CA_3,1136.7611365845987,1100.6937617581866,36.06737482641202,0.0,0.8916895650858498,0.8846153846153846,0.11538461538461539,14.111458484079316,111.0
point_gbdt_safety,HOBBIES_1_092_CA_3,1153.6688484411136,1153.6688484411136,0.0,0.0,1.0,1.0,0.0,14.790626262065558,33.0
point_gbdt_safety,HOBBIES_1_092_TX_1,1136.417356869379,1136.417356869379,0.0,0.0,1.0,1.0,0.0,14.569453293197167,29.0
point_gbdt_safety,HOBBIES_1_103_CA_2,1829.267698592105,1550.9680047222682,278.2996938698368,0.0,0.7341932245751319,0.7692307692307693,0.23076923076923078,19.88420518874703,349.0
point_gbdt_safety,HOBBIES_1_106_TX_3,1166.0901206044055,1166.0901206044055,0.0,0.0,1.0,1.0,0.0,14.949873341082121,31.0
point_gbdt_safety,HOBBIES_1_106_WI_3,1176.2920202999628,1176.2920202999628,0.0,0.0,1.0,1.0,0.0,15.0806669269226,11.0
point_gbdt_safety,HOBBIES_1_107_WI_2,1177.6779827124203,1177.6779827124203,0.0,0.0,1.0,1.0,0.0,15.09843567580026,50.0
point_gbdt_safety,HOBBIES_1_108_CA_3,1221.6119292603328,1221.6119292603328,0.0,0.0,1.0,1.0,0.0,15.661691400773497,65.0
point_gbdt_safety,HOBBIES_1_109_CA_3,1152.8571504226445,1152.8571504226445,0.0,0.0,1.0,1.0,0.0,14.78021987721339,34.0
point_gbdt_safety,HOBBIES_1_110_CA_3,1254.198022566503,1254.198022566503,0.0,0.0,1.0,1.0,0.0,16.079461827775678,21.0
point_gbdt_safety,HOBBIES_1_110_WI_3,1132.9316144070951,1132.9316144070951,0.0,0.0,1.0,1.0,0.0,14.52476428727045,12.0
point_gbdt_safety,HOBBIES_1_113_TX_2,1237.3767255662897,1237.3767255662897,0.0,0.0,1.0,1.0,0.0,15.863804173926791,21.0
point_gbdt_safety,HOBBIES_1_116_CA_1,1002.4779013315828,992.030335901237,10.44756543034583,0.0,0.9289281263241781,0.9487179487179487,0.05128205128205128,12.718337639759449,49.0
point_gbdt_safety,HOBBIES_1_116_WI_3,1159.6349661161096,1159.6349661161096,0.0,0.0,1.0,1.0,0.0,14.867114950206533,11.0
point_gbdt_safety,HOBBIES_1_117_CA_1,1125.8694176554832,1125.8694176554832,0.0,0.0,1.0,1.0,0.0,14.434223303275425,19.0
point_gbdt_safety,HOBBIES_1_122_WI_3,1224.5020000652376,1224.5020000652376,0.0,0.0,1.0,1.0,0.0,15.69874359057997,8.0
point_gbdt_safety,HOBBIES_1_124_TX_3,1134.8289373673263,1134.8289373673263,0.0,0.0,1.0,1.0,0.0,14.549088940606747,26.0
point_gbdt_safety,HOBBIES_1_133_WI_1,1161.4246381278624,1161.4246381278624,0.0,0.0,1.0,1.0,0.0,14.890059463177723,0.0
point_gbdt_safety,HOBBIES_1_134_CA_4,1477.5267272212175,1375.6432545742325,101.88347264698487,0.0,0.8510475546096713,0.8461538461538461,0.15384615384615385,17.63645198172093,228.0
point_gbdt_safety,HOBBIES_1_135_WI_1,1159.2360709754055,1159.2360709754055,0.0,0.0,1.0,1.0,0.0,14.862000909941097,51.0
point_gbdt_safety,HOBBIES_1_137_TX_1,1104.8607472251033,1104.8607472251033,0.0,0.0,1.0,1.0,0.0,14.164881374680812,48.0
point_gbdt_safety,HOBBIES_1_143_WI_1,1058.474668468268,1058.474668468268,0.0,0.0,1.0,1.0,0.0,13.570188057285486,22.0
point_gbdt_safety,HOBBIES_1_151_TX_1,1025.086358792639,1025.086358792639,0.0,0.0,1.0,1.0,0.0,13.142132805033834,53.0
point_gbdt_safety,HOBBIES_1_152_CA_1,1203.764375865454,1203.764375865454,0.0,0.0,1.0,1.0,0.0,15.432876613659667,70.0
point_gbdt_safety,HOBBIES_1_152_CA_3,1206.4519362845012,1206.4519362845012,0.0,0.0,1.0,1.0,0.0,15.467332516467964,65.0
point_gbdt_safety,HOBBIES_1_155_CA_2,1070.6005282136227,1017.769384233849,52.831143979773714,0.0,0.8384368685633832,0.8846153846153846,0.11538461538461539,13.0483254388955,109.0
point_gbdt_safety,HOBBIES_1_162_TX_1,1160.651751319343,1160.651751319343,0.0,0.0,1.0,1.0,0.0,14.880150657940295,6.0
point_gbdt_safety,HOBBIES_1_162_TX_2,1135.3296723953165,1135.3296723953165,0.0,0.0,1.0,1.0,0.0,14.555508620452775,26.0
point_gbdt_safety,HOBBIES_1_170_TX_2,1125.7661418996845,1125.7661418996845,0.0,0.0,1.0,1.0,0.0,14.43289925512416,14.0
point_gbdt_safety,HOBBIES_1_173_CA_4,1089.7284343074098,1089.7284343074098,0.0,0.0,1.0,1.0,0.0,13.97087736291551,20.0
point_gbdt_safety,HOBBIES_1_175_WI_1,1165.7962866083883,1165.7962866083883,0.0,0.0,1.0,1.0,0.0,14.946106238569081,12.0
point_gbdt_safety,HOBBIES_1_176_TX_3,963.4167269043879,963.4167269043879,0.0,0.0,1.0,1.0,0.0,12.351496498774205,53.0
point_gbdt_safety,HOBBIES_1_184_CA_1,1171.6090542464792,1171.6090542464792,0.0,0.0,1.0,1.0,0.0,15.020628900595888,10.0
point_gbdt_safety,HOBBIES_1_186_TX_1,1129.4008125914806,1129.4008125914806,0.0,0.0,1.0,1.0,0.0,14.479497597326676,12.0
point_gbdt_safety,HOBBIES_1_187_CA_2,1066.7908079217361,1066.7908079217361,0.0,0.0,1.0,1.0,0.0,13.676805229765847,22.0
point_gbdt_safety,HOBBIES_1_190_TX_2,1161.905975455927,1161.905975455927,0.0,0.0,1.0,1.0,0.0,14.896230454563169,11.0
point_gbdt_safety,HOBBIES_1_194_TX_3,1242.2899607307236,1220.018412271459,22.271548459264466,0.0,0.9370860213015129,0.9487179487179487,0.05128205128205128,15.641261695787936,118.0
point_gbdt_safety,HOBBIES_1_200_CA_4,1077.4151663592404,1070.881941767389,6.533224591851464,0.0,0.9564451693876569,0.9743589743589743,0.02564102564102564,13.729255663684475,50.0
point_gbdt_safety,HOBBIES_1_209_CA_3,2657.0714931970847,2177.9364483601507,479.13504483693407,0.0,0.6713751407154086,0.7307692307692307,0.2692307692307692,27.92226215846347,486.0
point_gbdt_safety,HOBBIES_1_212_CA_2,1174.4539223570364,1174.4539223570364,0.0,0.0,1.0,1.0,0.0,15.057101568679954,6.0
point_gbdt_safety,HOBBIES_1_232_WI_3,1168.7739457052237,1168.7739457052237,0.0,0.0,1.0,1.0,0.0,14.984281355195176,48.0
point_gbdt_safety,HOBBIES_1_239_TX_1,1126.1249853936151,1126.1249853936151,0.0,0.0,1.0,1.0,0.0,14.437499812738656,16.0
point_gbdt_safety,HOBBIES_1_240_CA_2,1081.7649296915574,1046.5762911113543,35.18863858020321,0.0,0.886120910743679,0.9102564102564102,0.08974358974358974,13.417644757837875,103.0
point_gbdt_safety,HOBBIES_1_242_TX_3,1161.6573853327895,1161.6573853327895,0.0,0.0,1.0,1.0,0.0,14.89304340170243,43.0
point_gbdt_safety,HOBBIES_1_245_TX_1,1109.0853806133898,1109.0853806133898,0.0,0.0,1.0,1.0,0.0,14.219043341197306,10.0
point_gbdt_safety,HOBBIES_1_245_WI_1,1065.1196625140462,1065.1196625140462,0.0,0.0,1.0,1.0,0.0,13.655380288641618,32.0
point_gbdt_safety,HOBBIES_1_252_TX_1,1034.323284773334,1012.1832394697467,22.140045303587396,0.0,0.8682140160500751,0.9615384615384616,0.038461538461538464,12.976708198330085,56.0
point_gbdt_safety,HOBBIES_1_257_CA_2,1143.8625716931122,1143.8625716931122,0.0,0.0,1.0,1.0,0.0,14.66490476529631,19.0
point_gbdt_safety,HOBBIES_1_261_WI_3,1388.3802149249166,1185.7558668179956,202.624348106921,0.0,0.6226734672124377,0.9230769230769231,0.07692307692307693,15.201998292538406,179.0
point_gbdt_safety,HOBBIES_1_264_TX_2,1095.131776837873,1095.131776837873,0.0,0.0,1.0,1.0,0.0,14.040150985100937,34.0
point_gbdt_safety,HOBBIES_1_267_CA_3,1250.97871740493,1250.97871740493,0.0,0.0,1.0,1.0,0.0,16.03818868467859,14.0
point_gbdt_safety,HOBBIES_1_267_WI_2,1136.162871074335,1136.162871074335,0.0,0.0,1.0,1.0,0.0,14.566190654799167,6.0
point_gbdt_safety,HOBBIES_1_277_CA_1,1242.011720218193,1242.011720218193,0.0,0.0,1.0,1.0,0.0,15.923227182284526,17.0
point_gbdt_safety,HOBBIES_1_279_CA_4,1140.1829755415893,1140.1829755415893,0.0,0.0,1.0,1.0,0.0,14.6177304556614,52.0
point_gbdt_safety,HOBBIES_1_279_TX_3,1084.215708906079,1084.215708906079,0.0,0.0,1.0,1.0,0.0,13.900201396231783,71.0
point_gbdt_safety,HOBBIES_1_285_CA_4,1165.739788449049,1165.739788449049,0.0,0.0,1.0,1.0,0.0,14.945381903192937,8.0
point_gbdt_safety,HOBBIES_1_287_WI_1,1160.1578017120894,1160.1578017120894,0.0,0.0,1.0,1.0,0.0,14.873817970667814,38.0
point_gbdt_safety,HOBBIES_1_289_WI_1,1011.5308387033587,985.6960885690535,25.834750134305203,0.0,0.8611034939015849,0.9615384615384616,0.038461538461538464,12.63712934062889,62.0
point_gbdt_safety,HOBBIES_1_290_CA_4,1207.7281298878506,1207.7281298878506,0.0,0.0,1.0,1.0,0.0,15.483693972921161,3.0
point_gbdt_safety,HOBBIES_1_296_CA_1,1092.427797242904,1092.427797242904,0.0,0.0,1.0,1.0,0.0,14.005484580037232,36.0
point_gbdt_safety,HOBBIES_1_297_CA_1,1097.4499230439628,1044.8395541031557,52.610368940807064,0.0,0.90035914973332,0.8974358974358975,0.10256410256410256,13.395378898758407,176.0
point_gbdt_safety,HOBBIES_1_306_CA_4,1135.2280084013778,1135.2280084013778,0.0,0.0,1.0,1.0,0.0,14.5542052359151,43.0
point_gbdt_safety,HOBBIES_1_306_WI_3,1156.466247353707,1156.466247353707,0.0,0.0,1.0,1.0,0.0,14.826490350688553,17.0
point_gbdt_safety,HOBBIES_1_309_WI_1,1033.5388555735585,1033.5388555735585,0.0,0.0,1.0,1.0,0.0,13.250498148378956,16.0
point_gbdt_safety,HOBBIES_1_312_TX_3,1003.8262290734937,1001.1045847221063,2.7216443513872974,0.0,0.9875724002219758,0.9871794871794872,0.01282051282051282,12.834674163103927,73.0
point_gbdt_safety,HOBBIES_1_319_TX_1,1274.8122033887992,1215.7820031929978,59.03020019580145,0.0,0.8542464192696261,0.8974358974358975,0.10256410256410256,15.586948758884587,135.0
point_gbdt_safety,HOBBIES_1_323_CA_3,1073.0779681559884,987.4560693225585,85.62189883343001,0.0,0.7621613921293611,0.8333333333333334,0.16666666666666666,12.659693196443058,120.0
point_gbdt_safety,HOBBIES_1_328_TX_1,1170.0718086938934,1170.0718086938934,0.0,0.0,1.0,1.0,0.0,15.000920624280685,7.0
point_gbdt_safety,HOBBIES_1_332_WI_1,1040.9196836333886,1031.6078629702406,9.311820663147909,0.0,0.949115734081159,0.9615384615384616,0.038461538461538464,13.225741832951803,61.0
point_gbdt_safety,HOBBIES_1_333_CA_2,937.1835426013173,922.6484426057546,14.535099995562792,0.0,0.9242963541897771,0.9487179487179487,0.05128205128205128,11.828826187253263,64.0
point_gbdt_safety,HOBBIES_1_333_TX_1,1158.6686972970667,1158.6686972970667,0.0,0.0,1.0,1.0,0.0,14.854726888423933,14.0
point_gbdt_safety,HOBBIES_1_334_TX_1,1122.9476904732428,1122.9476904732428,0.0,0.0,1.0,1.0,0.0,14.396765262477471,11.0
point_gbdt_safety,HOBBIES_1_344_CA_3,1151.7565016506712,1127.992510199431,23.763991451240177,0.0,0.9138985816984051,0.9358974358974359,0.0641025641025641,14.461442438454245,92.0
point_gbdt_safety,HOBBIES_1_346_CA_4,1157.8051716263103,1157.8051716263103,0.0,0.0,1.0,1.0,0.0,14.843656046491159,19.0
point_gbdt_safety,HOBBIES_1_348_CA_4,3707.5261018464835,3164.9458248396722,542.5802770068112,0.0,0.5631398735854982,0.7051282051282052,0.2948717948717949,40.57622852358554,414.0
point_gbdt_safety,HOBBIES_1_352_CA_2,1170.5237646492783,1157.1673058677366,13.356458781541626,0.0,0.9476217302684641,0.9487179487179487,0.05128205128205128,14.835478280355597,85.0
point_gbdt_safety,HOBBIES_1_361_CA_4,1092.3468737114483,1092.3468737114483,0.0,0.0,1.0,1.0,0.0,14.004447098864722,30.0
point_gbdt_safety,HOBBIES_1_362_WI_2,1195.095725189059,1195.095725189059,0.0,0.0,1.0,1.0,0.0,15.321740066526399,4.0
point_gbdt_safety,HOBBIES_1_367_TX_1,1070.9570292675944,1069.8480964170715,1.1089328505229723,0.0,0.9928914560863913,0.9871794871794872,0.01282051282051282,13.7160012361163,52.0
point_gbdt_safety,HOBBIES_1_368_CA_1,1063.1850246078163,1063.1850246078163,0.0,0.0,1.0,1.0,0.0,13.630577238561747,33.0
point_gbdt_safety,HOBBIES_1_372_TX_1,1053.1143599326097,1042.4048945881955,10.709465344414095,0.0,0.9450796649004406,0.9487179487179487,0.05128205128205128,13.364165315233276,65.0
point_gbdt_safety,HOBBIES_1_373_TX_1,1075.1254604859855,1075.1254604859855,0.0,0.0,1.0,1.0,0.0,13.783659749820327,46.0
point_gbdt_safety,HOBBIES_1_374_WI_3,1087.0472043358436,1087.0472043358436,0.0,0.0,1.0,1.0,0.0,13.936502619690303,17.0
point_gbdt_safety,HOBBIES_1_375_WI_1,1079.9024445302664,1079.9024445302664,0.0,0.0,1.0,1.0,0.0,13.844903135003415,8.0
point_gbdt_safety,HOBBIES_1_380_CA_2,1209.068692553491,1209.068692553491,0.0,0.0,1.0,1.0,0.0,15.500880673762705,27.0
point_gbdt_safety,HOBBIES_1_381_TX_2,1472.5332788621374,1342.444590132026,130.08868873011141,0.0,0.8640661559768953,0.8974358974358975,0.10256410256410256,17.210828078615716,319.0
point_gbdt_safety,HOBBIES_1_385_CA_1,1155.7891617927417,1155.7891617927417,0.0,0.0,1.0,1.0,0.0,14.81780976657361,8.0
point_gbdt_safety,HOBBIES_1_386_CA_3,1063.4236554478837,1063.4236554478837,0.0,0.0,1.0,1.0,0.0,13.633636608306201,15.0
point_gbdt_safety,HOBBIES_1_386_WI_3,1185.5923779478446,1185.5923779478446,0.0,0.0,1.0,1.0,0.0,15.199902281382624,6.0
point_gbdt_safety,HOBBIES_1_389_CA_3,1132.2557438092347,1132.2557438092347,0.0,0.0,1.0,1.0,0.0,14.516099279605573,21.0
point_gbdt_safety,HOBBIES_1_390_TX_1,1061.5934928182046,1061.5934928182046,0.0,0.0,1.0,1.0,0.0,13.610172984848777,15.0
point_gbdt_safety,HOBBIES_1_393_TX_2,1120.0010340640497,1120.0010340640497,0.0,0.0,1.0,1.0,0.0,14.358987616205765,19.0
point_gbdt_safety,HOBBIES_1_398_TX_3,1314.6289276047028,1314.6289276047028,0.0,0.0,1.0,1.0,0.0,16.854217020573113,34.0
point_gbdt_safety,HOBBIES_1_399_TX_3,1285.5381587046118,1285.5381587046118,0.0,0.0,1.0,1.0,0.0,16.48125844493092,5.0
point_gbdt_safety,HOBBIES_1_400_CA_3,1060.0846275701247,1027.0064124946628,33.078215075461834,0.0,0.8747037307747657,0.9487179487179487,0.05128205128205128,13.166748878136701,88.0
point_gbdt_safety,HOBBIES_1_405_TX_3,1123.3928476599406,1123.3928476599406,0.0,0.0,1.0,1.0,0.0,14.402472405896674,9.0
point_gbdt_safety,HOBBIES_1_406_CA_1,1206.4651796217531,1206.4651796217531,0.0,0.0,1.0,1.0,0.0,15.46750230284299,7.0
point_gbdt_safety,HOBBIES_1_410_TX_1,1179.639706186837,1179.639706186837,0.0,0.0,1.0,1.0,0.0,15.12358597675432,5.0
point_gbdt_safety,HOBBIES_1_415_CA_1,927.5827598211508,913.970178889535,13.612580931615824,0.0,0.927975762266583,0.9743589743589743,0.02564102564102564,11.717566396019679,63.0
point_gbdt_safety,HOBBIES_1_418_TX_1,1315.7948235522372,1315.7948235522372,0.0,0.0,1.0,1.0,0.0,16.86916440451586,17.0
point_gbdt_safety,HOBBIES_1_419_CA_4,1181.6963082303141,1181.6963082303141,0.0,0.0,1.0,1.0,0.0,15.149952669619411,5.0
point_gbdt_safety,HOBBIES_2_007_TX_3,1327.2578730403475,1327.2578730403475,0.0,0.0,1.0,1.0,0.0,17.016126577440353,29.0
point_gbdt_safety,HOBBIES_2_008_WI_3,1155.8458221185376,1155.8458221185376,0.0,0.0,1.0,1.0,0.0,14.818536181006893,19.0
point_gbdt_safety,HOBBIES_2_009_WI_2,1143.6121156330248,1143.6121156330248,0.0,0.0,1.0,1.0,0.0,14.661693790166984,7.0
point_gbdt_safety,HOBBIES_2_012_TX_2,1181.5252646162314,1181.5252646162314,0.0,0.0,1.0,1.0,0.0,15.147759802772198,11.0
point_gbdt_safety,HOBBIES_2_014_WI_1,1154.0992231376233,1154.0992231376233,0.0,0.0,1.0,1.0,0.0,14.796143886379786,12.0
point_gbdt_safety,HOBBIES_2_018_CA_2,1122.2541650853202,1122.2541650853202,0.0,0.0,1.0,1.0,0.0,14.387873911350258,19.0
point_gbdt_safety,HOBBIES_2_030_TX_2,1158.8569886941962,1158.8569886941962,0.0,0.0,1.0,1.0,0.0,14.857140880694823,11.0
point_gbdt_safety,HOBBIES_2_030_WI_2,1150.9951502369477,1150.9951502369477,0.0,0.0,1.0,1.0,0.0,14.756348079960867,0.0
point_gbdt_safety,HOBBIES_2_031_CA_2,1174.800454852936,1174.800454852936,0.0,0.0,1.0,1.0,0.0,15.061544292986358,26.0
point_gbdt_safety,HOBBIES_2_035_CA_2,1158.0512678810576,1158.0512678810576,0.0,0.0,1.0,1.0,0.0,14.846811126680226,11.0
point_gbdt_safety,HOBBIES_2_038_CA_2,1120.1163756855142,1120.1163756855142,0.0,0.0,1.0,1.0,0.0,14.36046635494249,26.0
point_gbdt_safety,HOBBIES_2_040_TX_1,1311.069489782127,1311.069489782127,0.0,0.0,1.0,1.0,0.0,16.80858320233496,7.0
point_gbdt_safety,HOBBIES_2_041_TX_2,940.1603395318651,936.8301964491441,3.3301430827210616,0.0,0.9773459654236664,0.9871794871794872,0.01282051282051282,12.010643544219796,49.0
point_gbdt_safety,HOBBIES_2_042_TX_2,1253.7664603224487,1253.7664603224487,0.0,0.0,1.0,1.0,0.0,16.073928978492933,30.0
point_gbdt_safety,HOBBIES_2_045_CA_4,1151.4610742546017,1151.4610742546017,0.0,0.0,1.0,1.0,0.0,14.762321464802586,13.0
point_gbdt_safety,HOBBIES_2_050_WI_2,1141.896544780687,1141.896544780687,0.0,0.0,1.0,1.0,0.0,14.63969929206009,9.0
point_gbdt_safety,HOBBIES_2_056_WI_3,1207.2912295061692,1207.2912295061692,0.0,0.0,1.0,1.0,0.0,15.478092685976529,3.0
point_gbdt_safety,HOBBIES_2_061_TX_3,1077.996906006487,1077.996906006487,0.0,0.0,1.0,1.0,0.0,13.82047315392932,11.0
point_gbdt_safety,HOBBIES_2_072_TX_2,1129.0863546104795,1129.0863546104795,0.0,0.0,1.0,1.0,0.0,14.475466084749737,6.0
point_gbdt_safety,HOBBIES_2_074_CA_1,1165.2231870115518,1165.2231870115518,0.0,0.0,1.0,1.0,0.0,14.938758807840408,7.0
point_gbdt_safety,HOBBIES_2_074_CA_3,1221.4020035513659,1221.4020035513659,0.0,0.0,1.0,1.0,0.0,15.659000045530332,10.0
point_gbdt_safety,HOBBIES_2_076_TX_3,1041.6932655820017,1006.7649707827063,34.92829479929547,0.0,0.7160301235829637,0.9102564102564102,0.08974358974358974,12.907243215162902,41.0
point_gbdt_safety,HOBBIES_2_076_WI_1,1181.1782772173713,1181.1782772173713,0.0,0.0,1.0,1.0,0.0,15.143311246376555,19.0
point_gbdt_safety,HOBBIES_2_077_WI_1,1171.2117015279048,1171.2117015279048,0.0,0.0,1.0,1.0,0.0,15.015534634973138,0.0
point_gbdt_safety,HOBBIES_2_081_WI_3,1327.3363752874106,1327.3363752874106,0.0,0.0,1.0,1.0,0.0,17.017133016505266,10.0
point_gbdt_safety,HOBBIES_2_083_CA_1,1430.223676695879,1430.223676695879,0.0,0.0,1.0,1.0,0.0,18.3362009832805,7.0
point_gbdt_safety,HOBBIES_2_084_WI_3,1121.8938610764571,1121.8938610764571,0.0,0.0,1.0,1.0,0.0,14.383254629185348,10.0
point_gbdt_safety,HOBBIES_2_086_CA_4,1230.9468142773226,1230.9468142773226,0.0,0.0,1.0,1.0,0.0,15.781369413811827,3.0
point_gbdt_safety,HOBBIES_2_103_TX_1,1064.0720444753074,1064.0720444753074,0.0,0.0,1.0,1.0,0.0,13.641949288144966,38.0
point_gbdt_safety,HOBBIES_2_107_WI_3,1169.829910424385,1169.829910424385,0.0,0.0,1.0,1.0,0.0,14.997819364415191,4.0
point_gbdt_safety,HOBBIES_2_114_CA_4,1126.6938487539755,1126.6938487539755,0.0,0.0,1.0,1.0,0.0,14.444792932743276,9.0
point_gbdt_safety,HOBBIES_2_115_TX_1,1173.5851298643718,1173.5851298643718,0.0,0.0,1.0,1.0,0.0,15.045963203389382,56.0
point_gbdt_safety,HOBBIES_2_116_CA_1,1233.3021791079955,1233.3021791079955,0.0,0.0,1.0,1.0,0.0,15.811566398820455,22.0
point_gbdt_safety,HOBBIES_2_116_CA_2,1081.970513831454,1081.970513831454,0.0,0.0,1.0,1.0,0.0,13.871416843992998,27.0
point_gbdt_safety,HOBBIES_2_117_TX_1,1268.1372705201968,1268.1372705201968,0.0,0.0,1.0,1.0,0.0,16.25817013487432,31.0
point_gbdt_safety,HOBBIES_2_118_WI_2,1169.5852480057667,1169.5852480057667,0.0,0.0,1.0,1.0,0.0,14.9946826667406,0.0
point_gbdt_safety,HOBBIES_2_122_CA_2,1376.5218054442228,1376.5218054442228,0.0,0.0,1.0,1.0,0.0,17.647715454413113,10.0
point_gbdt_safety,HOBBIES_2_122_TX_1,1298.005721505949,1298.005721505949,0.0,0.0,1.0,1.0,0.0,16.641098993666013,23.0
point_gbdt_safety,HOBBIES_2_123_TX_1,1184.6442499114962,1184.6442499114962,0.0,0.0,1.0,1.0,0.0,15.187746793737132,16.0
point_gbdt_safety,HOBBIES_2_124_TX_3,1436.6723809578264,1317.6105652097515,119.06181574807486,0.0,0.3598827110318556,0.9487179487179487,0.05128205128205128,16.89244314371476,62.0
point_gbdt_safety,HOBBIES_2_128_TX_1,1156.970156446475,1156.970156446475,0.0,0.0,1.0,1.0,0.0,14.832950723672756,10.0
point_gbdt_safety,HOBBIES_2_129_WI_1,1483.9087750829935,1483.9087750829935,0.0,0.0,1.0,1.0,0.0,19.024471475422995,24.0
point_gbdt_safety,HOBBIES_2_132_CA_1,1153.8087280160196,1153.8087280160196,0.0,0.0,1.0,1.0,0.0,14.792419589948969,54.0
point_gbdt_safety,HOBBIES_2_133_CA_3,1252.8878480689318,1252.8878480689318,0.0,0.0,1.0,1.0,0.0,16.06266471883246,30.0
point_gbdt_safety,HOBBIES_2_134_TX_3,1230.3839805857265,1230.3839805857265,0.0,0.0,1.0,1.0,0.0,15.774153597252903,10.0
point_gbdt_safety,HOBBIES_2_137_CA_2,1290.3510004282061,1290.3510004282061,0.0,0.0,1.0,1.0,0.0,16.54296154395136,0.0
point_gbdt_safety,HOBBIES_2_144_WI_1,1169.5610649216587,1169.5610649216587,0.0,0.0,1.0,1.0,0.0,14.994372627200752,10.0
point_gbdt_safety,HOUSEHOLD_1_005_CA_4,1043.537826150497,1009.5612338953965,33.97659225510047,0.0,0.8173301491661265,0.9230769230769231,0.07692307692307693,12.943092742248673,62.0
point_gbdt_safety,HOUSEHOLD_1_006_CA_4,1174.9835171702853,1174.9835171702853,0.0,0.0,1.0,1.0,0.0,15.063891245772888,52.0
point_gbdt_safety,HOUSEHOLD_1_006_WI_2,1099.7172222497993,1099.7172222497993,0.0,0.0,1.0,1.0,0.0,14.0989387467923,43.0
point_gbdt_safety,HOUSEHOLD_1_008_WI_3,965.9170152268628,965.9170152268628,0.0,0.0,1.0,1.0,0.0,12.38355147726747,25.0
point_gbdt_safety,HOUSEHOLD_1_010_CA_2,1226.0020420099945,1219.5579994856755,6.444042524318892,0.0,0.9669536280804159,0.9615384615384616,0.038461538461538464,15.63535896776507,65.0
point_gbdt_safety,HOUSEHOLD_1_013_CA_3,1260.0558840621304,1225.4984275252896,34.55745653684088,0.0,0.9040070651754419,0.9230769230769231,0.07692307692307693,15.711518301606276,120.0
point_gbdt_safety,HOUSEHOLD_1_014_CA_2,1365.914600333856,1358.4717406973152,7.442859636540675,0.0,0.9801523743025582,0.9871794871794872,0.01282051282051282,17.416304367914297,125.0
point_gbdt_safety,HOUSEHOLD_1_014_WI_3,1151.7200644131124,1151.7200644131124,0.0,0.0,1.0,1.0,0.0,14.765641851450159,36.0
point_gbdt_safety,HOUSEHOLD_1_015_WI_2,1199.5931945845568,1199.5931945845568,0.0,0.0,1.0,1.0,0.0,15.37939993057124,1.0
point_gbdt_safety,HOUSEHOLD_1_020_WI_1,1069.7338284978446,1069.7338284978446,0.0,0.0,1.0,1.0,0.0,13.71453626279288,72.0
point_gbdt_safety,HOUSEHOLD_1_021_WI_2,1014.0510842690601,815.4928888182742,198.55819545078592,0.0,0.6422374856742595,0.7435897435897436,0.2564102564102564,10.45503703613172,185.0
point_gbdt_safety,HOUSEHOLD_1_024_CA_2,1190.2874715907546,1157.0593210567795,33.22815053397507,0.0,0.8741357934319126,0.9102564102564102,0.08974358974358974,14.834093859702302,88.0
point_gbdt_safety,HOUSEHOLD_1_026_CA_2,1117.301842393176,979.28113639191,138.02070600126612,0.0,0.6760077323913941,0.8333333333333334,0.16666666666666666,12.554886363998845,142.0
point_gbdt_safety,HOUSEHOLD_1_029_CA_2,1058.2782341624059,992.422915565665,65.85531859674087,0.0,0.8123780096958949,0.8461538461538461,0.15384615384615385,12.723370712380321,117.0
point_gbdt_safety,HOUSEHOLD_1_032_WI_1,1148.0215602065173,1148.0215602065173,0.0,0.0,1.0,1.0,0.0,14.718225130852785,57.0
point_gbdt_safety,HOUSEHOLD_1_033_TX_2,1205.339564216058,1205.339564216058,0.0,0.0,1.0,1.0,0.0,15.453071336103308,110.0
point_gbdt_safety,HOUSEHOLD_1_034_WI_1,1209.256549865199,1209.256549865199,0.0,0.0,1.0,1.0,0.0,15.503289100835886,18.0
point_gbdt_safety,HOUSEHOLD_1_043_CA_3,1093.0105035003633,1080.4096983584227,12.600805141940647,0.0,0.9533303513261456,0.9358974358974359,0.0641025641025641,13.851406389210547,90.0
point_gbdt_safety,HOUSEHOLD_1_049_CA_1,1716.0,1716.0,0.0,0.0,1.0,1.0,0.0,22.0,0.0
point_gbdt_safety,HOUSEHOLD_1_049_WI_1,1169.9356178398943,1169.9356178398943,0.0,0.0,1.0,1.0,0.0,14.999174587690954,0.0
point_gbdt_safety,HOUSEHOLD_1_051_WI_1,1533.6466738940164,1405.0343664082961,128.6123074857202,0.0,0.8376107228715653,0.8205128205128205,0.1794871794871795,18.01326110779867,264.0
point_gbdt_safety,HOUSEHOLD_1_058_CA_3,1489.1142972316177,1446.1302945952173,42.98400263640044,0.0,0.9360357103624993,0.8974358974358975,0.10256410256410256,18.540131981989965,224.0
point_gbdt_safety,HOUSEHOLD_1_068_TX_1,1133.7108735928346,1133.7108735928346,0.0,0.0,1.0,1.0,0.0,14.534754789651725,9.0
point_gbdt_safety,HOUSEHOLD_1_071_CA_1,1712.502270751615,1455.6346227882939,256.8676479633211,0.0,0.756754121246855,0.782051282051282,0.21794871794871795,18.661982343439664,352.0
point_gbdt_safety,HOUSEHOLD_1_071_TX_2,1475.9768778049374,1219.9706282660293,256.00624953890826,0.0,0.7445047409791334,0.7692307692307693,0.23076923076923078,15.64064908033371,334.0
point_gbdt_safety,HOUSEHOLD_1_079_WI_1,1185.3478963272005,1106.3881553408596,78.95974098634079,0.0,0.7628836607016793,0.8461538461538461,0.15384615384615385,14.184463530011021,111.0
point_gbdt_safety,HOUSEHOLD_1_080_WI_1,1161.8274771257545,1161.8274771257545,0.0,0.0,1.0,1.0,0.0,14.895224065714801,25.0
point_gbdt_safety,HOUSEHOLD_1_080_WI_2,1201.1440615149966,1201.1440615149966,0.0,0.0,1.0,1.0,0.0,15.399282839935854,45.0
point_gbdt_safety,HOUSEHOLD_1_083_TX_1,2597.5998325129294,2200.8838878632846,396.7159446496446,0.0,0.7417213902020543,0.7307692307692307,0.2692307692307692,28.21646010081134,512.0
point_gbdt_safety,HOUSEHOLD_1_083_WI_3,3052.250562376327,2607.1551068762074,445.0954555001196,0.0,0.7689016326582973,0.7692307692307693,0.23076923076923078,33.42506547277189,642.0
point_gbdt_safety,HOUSEHOLD_1_088_TX_3,1078.7149334633352,1078.7149334633352,0.0,0.0,1.0,1.0,0.0,13.829678634145324,63.0
point_gbdt_safety,HOUSEHOLD_1_091_WI_3,1113.0061796468676,1113.0061796468676,0.0,0.0,1.0,1.0,0.0,14.269309995472662,15.0
point_gbdt_safety,HOUSEHOLD_1_093_CA_2,1126.349899535371,1092.6658060456896,33.6840934896813,0.0,0.887719688367729,0.9230769230769231,0.07692307692307693,14.008535974944738,100.0
point_gbdt_safety,HOUSEHOLD_1_095_TX_2,1121.5940313484286,1121.5940313484286,0.0,0.0,1.0,1.0,0.0,14.379410658313187,13.0
point_gbdt_safety,HOUSEHOLD_1_095_TX_3,1115.3057040622602,1115.3057040622602,0.0,0.0,1.0,1.0,0.0,14.298791077721285,13.0
point_gbdt_safety,HOUSEHOLD_1_096_WI_2,2779.89312939602,2049.4547904885935,730.4383389074264,0.0,0.7066512695150898,0.6794871794871795,0.32051282051282054,26.27506141652043,830.0
point_gbdt_safety,HOUSEHOLD_1_098_CA_4,1098.6987551948068,1098.6987551948068,0.0,0.0,1.0,1.0,0.0,14.085881476856498,13.0
point_gbdt_safety,HOUSEHOLD_1_102_WI_3,1121.6210129051146,1098.2609827235,23.360030181614505,0.0,0.9229041908197541,0.9487179487179487,0.05128205128205128,14.080269009275643,101.0
point_gbdt_safety,HOUSEHOLD_1_106_TX_3,2070.796927045554,1516.1674355124533,554.6294915331008,0.0,0.6964261130087023,0.7051282051282052,0.2948717948717949,19.438044045031454,609.0
point_gbdt_safety,HOUSEHOLD_1_119_TX_2,1413.6261515130336,1381.7190444721982,31.907107040835477,0.0,0.9374370450179697,0.9487179487179487,0.05128205128205128,17.714346724002542,170.0
point_gbdt_safety,HOUSEHOLD_1_120_CA_2,1116.692734262535,1116.692734262535,0.0,0.0,1.0,1.0,0.0,14.316573516186345,35.0
point_gbdt_safety,HOUSEHOLD_1_127_WI_1,1049.2056774109853,1049.2056774109853,0.0,0.0,1.0,1.0,0.0,13.451354838602375,35.0
point_gbdt_safety,HOUSEHOLD_1_128_WI_2,1410.1481353970898,1311.8950501149739,98.25308528211593,0.0,0.8139146112081138,0.8333333333333334,0.16666666666666666,16.819167309166332,176.0
point_gbdt_safety,HOUSEHOLD_1_131_CA_1,1096.8998275318997,1079.029946260662,17.869881271237777,0.0,0.8916976892652255,0.9487179487179487,0.05128205128205128,13.833717259752076,55.0
point_gbdt_safety,HOUSEHOLD_1_131_TX_1,942.8456314203136,929.7050231600067,13.140608260306813,0.0,0.9346238395009612,0.9615384615384616,0.038461538461538464,11.919295168718035,67.0
point_gbdt_safety,HOUSEHOLD_1_136_WI_3,1191.1202625060066,1191.1202625060066,0.0,0.0,1.0,1.0,0.0,15.270772596230854,131.0
point_gbdt_safety,HOUSEHOLD_1_145_CA_2,1456.9178314196292,1354.5888290224605,102.32900239716884,0.0,0.8536065774003306,0.8333333333333334,0.16666666666666666,17.366523449005904,233.0
point_gbdt_safety,HOUSEHOLD_1_155_WI_3,1037.7645192897073,1037.7645192897073,0.0,0.0,1.0,1.0,0.0,13.304673324227016,34.0
point_gbdt_safety,HOUSEHOLD_1_157_WI_1,1228.9884000909587,1228.9884000909587,0.0,0.0,1.0,1.0,0.0,15.756261539627676,23.0
point_gbdt_safety,HOUSEHOLD_1_158_CA_3,1185.435231463427,1172.2928770961096,13.142354367317367,0.0,0.9408002055526244,0.9743589743589743,0.02564102564102564,15.029395860206533,74.0
point_gbdt_safety,HOUSEHOLD_1_160_WI_2,1166.8900680309137,1141.886028135168,25.004039895745546,0.0,0.9338517463075515,0.9102564102564102,0.08974358974358974,14.639564463271386,126.0
point_gbdt_safety,HOUSEHOLD_1_161_CA_2,1114.5942296565827,1113.5215457403629,1.0726839162199333,0.0,0.995033870758241,0.9871794871794872,0.01282051282051282,14.275917253081575,72.0
point_gbdt_safety,HOUSEHOLD_1_162_TX_1,1396.6910947574067,1396.6910947574067,0.0,0.0,1.0,1.0,0.0,17.90629608663342,38.0
point_gbdt_safety,HOUSEHOLD_1_163_CA_1,1140.263827826541,1140.263827826541,0.0,0.0,1.0,1.0,0.0,14.618767023417194,22.0
point_gbdt_safety,HOUSEHOLD_1_165_CA_1,1096.589978319602,1096.589978319602,0.0,0.0,1.0,1.0,0.0,14.058845875892334,40.0
point_gbdt_safety,HOUSEHOLD_1_165_TX_1,1316.241706254714,1316.241706254714,0.0,0.0,1.0,1.0,0.0,16.87489366993223,77.0
point_gbdt_safety,HOUSEHOLD_1_167_WI_1,1110.7186979387125,1110.7186979387125,0.0,0.0,1.0,1.0,0.0,14.23998330690657,32.0
point_gbdt_safety,HOUSEHOLD_1_175_TX_2,1122.8129399310894,1071.4327113555496,51.38022857553976,0.0,0.8721884861304982,0.9230769230769231,0.07692307692307693,13.736316812250635,134.0
point_gbdt_safety,HOUSEHOLD_1_175_WI_3,1070.8340329327937,1070.8340329327937,0.0,0.0,1.0,1.0,0.0,13.72864144785633,33.0
point_gbdt_safety,HOUSEHOLD_1_185_WI_3,966.0895417681157,927.1364327350017,38.953109033114075,0.0,0.8573146189263221,0.9102564102564102,0.08974358974358974,11.88636452224361,91.0
point_gbdt_safety,HOUSEHOLD_1_186_WI_2,1702.3070425334258,1391.6003302205365,310.7067123128893,0.0,0.7498335649654674,0.6923076923076923,0.3076923076923077,17.84102987462226,414.0
point_gbdt_safety,HOUSEHOLD_1_188_TX_2,1190.4880618622235,1190.4880618622235,0.0,0.0,1.0,1.0,0.0,15.262667459772096,52.0
point_gbdt_safety,HOUSEHOLD_1_190_WI_3,1136.004639766389,1136.004639766389,0.0,0.0,1.0,1.0,0.0,14.564162048287036,66.0
point_gbdt_safety,HOUSEHOLD_1_191_TX_3,1630.1672652246093,1630.1672652246093,0.0,0.0,1.0,1.0,0.0,20.899580323392428,86.0
point_gbdt_safety,HOUSEHOLD_1_194_CA_1,1211.1888550999515,1211.1888550999515,0.0,0.0,1.0,1.0,0.0,15.528062244871174,35.0
point_gbdt_safety,HOUSEHOLD_1_195_CA_2,1215.8413335359699,1215.8413335359699,0.0,0.0,1.0,1.0,0.0,15.587709404307306,31.0
point_gbdt_safety,HOUSEHOLD_1_201_TX_2,1410.5542349490204,1410.5542349490204,0.0,0.0,1.0,1.0,0.0,18.08402865319257,23.0
point_gbdt_safety,HOUSEHOLD_1_205_WI_3,1189.0515743533736,1189.0515743533736,0.0,0.0,1.0,1.0,0.0,15.244250953248379,56.0
point_gbdt_safety,HOUSEHOLD_1_206_CA_4,1289.3755306484704,1289.3755306484704,0.0,0.0,1.0,1.0,0.0,16.530455521134236,8.0
point_gbdt_safety,HOUSEHOLD_1_207_TX_1,1208.0750486677427,1208.0750486677427,0.0,0.0,1.0,1.0,0.0,15.488141649586446,28.0
point_gbdt_safety,HOUSEHOLD_1_208_WI_3,1297.006984587561,1253.953680777357,43.05330381020398,0.0,0.9080057610893076,0.9230769230769231,0.07692307692307693,16.076329240735348,156.0
point_gbdt_safety,HOUSEHOLD_1_211_TX_2,1114.3609035841228,1114.3609035841228,0.0,0.0,1.0,1.0,0.0,14.286678251078497,49.0
point_gbdt_safety,HOUSEHOLD_1_212_WI_2,1220.794351478332,1220.794351478332,0.0,0.0,1.0,1.0,0.0,15.651209634337588,98.0
point_gbdt_safety,HOUSEHOLD_1_216_TX_1,1150.0212016581484,1150.0212016581484,0.0,0.0,1.0,1.0,0.0,14.74386155971985,9.0
point_gbdt_safety,HOUSEHOLD_1_217_WI_3,1131.2882738131864,1113.3673083881517,17.92096542503456,0.0,0.9262511710903927,0.9487179487179487,0.05128205128205128,14.27393985113015,81.0
point_gbdt_safety,HOUSEHOLD_1_218_CA_1,1210.5748051558128,1191.1811346447985,19.393670511014367,0.0,0.9126411238242595,0.9358974358974359,0.0641025641025641,15.271553008266647,74.0
point_gbdt_safety,HOUSEHOLD_1_219_TX_3,925.0050546571885,920.5316735683052,4.473381088883222,0.0,0.9738398766731975,0.9871794871794872,0.01282051282051282,11.80168812267058,57.0
point_gbdt_safety,HOUSEHOLD_1_220_TX_3,1157.365159657671,1128.3789553578995,28.986204299771646,0.0,0.9121630172734192,0.9230769230769231,0.07692307692307693,14.466396863562814,110.0
point_gbdt_safety,HOUSEHOLD_1_221_CA_2,1104.156264186883,1084.3986359683713,19.757628218511563,0.0,0.9110016746913895,0.9743589743589743,0.02564102564102564,13.90254661497912,74.0
point_gbdt_safety,HOUSEHOLD_1_224_WI_2,1094.062025379258,1079.8283700474913,14.233655331766911,0.0,0.9270068957345287,0.9358974358974359,0.0641025641025641,13.843953462147324,65.0
point_gbdt_safety,HOUSEHOLD_1_225_CA_4,1187.6388331105718,1180.2783782516128,7.3604548589590415,0.0,0.9576985352933389,0.9615384615384616,0.038461538461538464,15.131774080148883,58.0
point_gbdt_safety,HOUSEHOLD_1_225_TX_2,1425.7500100881075,1350.4553491811675,75.29466090693988,0.0,0.8757513846420135,0.8717948717948718,0.1282051282051282,17.313530117707277,202.0
point_gbdt_safety,HOUSEHOLD_1_230_TX_3,1044.330245791824,1044.330245791824,0.0,0.0,1.0,1.0,0.0,13.388849305023383,18.0
point_gbdt_safety,HOUSEHOLD_1_238_CA_3,1320.2990109887332,1266.7130119844412,53.585999004292105,0.0,0.9044812851973402,0.8974358974358975,0.10256410256410256,16.23991041005694,187.0
point_gbdt_safety,HOUSEHOLD_1_244_CA_3,1104.6572944712118,1052.5457201642444,52.11157430696753,0.0,0.8879320982645859,0.9102564102564102,0.08974358974358974,13.494175899541593,155.0
point_gbdt_safety,HOUSEHOLD_1_246_CA_2,1966.4799611795213,1714.0923787089575,252.3875824705637,0.0,0.8327451408412434,0.7948717948717948,0.20512820512820512,21.975543316781508,503.0
point_gbdt_safety,HOUSEHOLD_1_248_CA_4,1085.2579096006837,1085.2579096006837,0.0,0.0,1.0,1.0,0.0,13.913562943598508,33.0
point_gbdt_safety,HOUSEHOLD_1_249_WI_3,1145.7901640931934,1145.7901640931934,0.0,0.0,1.0,1.0,0.0,14.689617488374275,40.0
point_gbdt_safety,HOUSEHOLD_1_264_TX_3,1097.8063918498513,1097.8063918498513,0.0,0.0,1.0,1.0,0.0,14.07444092115194,23.0
point_gbdt_safety,HOUSEHOLD_1_265_CA_3,1101.1332125463643,1101.1332125463643,0.0,0.0,1.0,1.0,0.0,14.117092468543133,51.0
point_gbdt_safety,HOUSEHOLD_1_272_CA_3,9180.299999999997,9037.199999999997,143.09999999999997,0.0,0.7435483870967743,0.9487179487179487,0.05128205128205128,115.86153846153843,186.0
point_gbdt_safety,HOUSEHOLD_1_298_TX_3,1266.9046549552002,1266.9046549552002,0.0,0.0,1.0,1.0,0.0,16.242367371220514,38.0
point_gbdt_safety,HOUSEHOLD_1_304_CA_3,2840.9396534959596,2105.8143676559603,735.1252858399994,0.0,0.693697797566667,0.6666666666666666,0.3333333333333333,26.997620098153337,800.0
point_gbdt_safety,HOUSEHOLD_1_304_CA_4,1116.7447921074784,1023.499375394425,93.2454167130534,0.0,0.7927879628598813,0.7948717948717948,0.20512820512820512,13.12178686403109,150.0
point_gbdt_safety,HOUSEHOLD_1_309_TX_2,1099.147729484251,1099.147729484251,0.0,0.0,1.0,1.0,0.0,14.091637557490397,20.0
point_gbdt_safety,HOUSEHOLD_1_314_TX_3,1140.6076235889827,1140.6076235889827,0.0,0.0,1.0,1.0,0.0,14.623174661397215,54.0
point_gbdt_safety,HOUSEHOLD_1_317_CA_1,1296.8846612403015,1283.5618206986767,13.322840541624917,0.0,0.955590531527917,0.9743589743589743,0.02564102564102564,16.455920778188162,100.0
point_gbdt_safety,HOUSEHOLD_1_317_TX_3,1253.9969362286083,1253.9969362286083,0.0,0.0,1.0,1.0,0.0,16.076883797802672,63.0
point_gbdt_safety,HOUSEHOLD_1_320_WI_3,1054.3986128668676,1054.3986128668676,0.0,0.0,1.0,1.0,0.0,13.517930934190609,32.0
point_gbdt_safety,HOUSEHOLD_1_332_WI_3,1126.2479077694868,1126.2479077694868,0.0,0.0,1.0,1.0,0.0,14.439075740634447,5.0
point_gbdt_safety,HOUSEHOLD_1_333_WI_2,1030.0460258546973,1030.0460258546973,0.0,0.0,1.0,1.0,0.0,13.205718280188426,44.0
point_gbdt_safety,HOUSEHOLD_1_338_WI_1,1041.0941855856618,1033.628502028947,7.46568355671474,0.0,0.9676810235640054,0.9743589743589743,0.02564102564102564,13.251647461909576,77.0
point_gbdt_safety,HOUSEHOLD_1_342_TX_2,1091.4314265757691,1062.0598075834,29.371618992369147,0.0,0.8658830182996843,0.9102564102564102,0.08974358974358974,13.61615137927436,73.0
point_gbdt_safety,HOUSEHOLD_1_344_CA_1,1203.9344797738295,1203.9344797738295,0.0,0.0,1.0,1.0,0.0,15.435057432997814,45.0
point_gbdt_safety,HOUSEHOLD_1_344_TX_1,1400.6989853094572,1215.7830995749496,184.91588573450753,0.0,0.7844803196567511,0.7692307692307693,0.23076923076923078,15.586962815063456,286.0
point_gbdt_safety,HOUSEHOLD_1_349_TX_2,1196.5887309573525,1195.5576765483152,1.0310544090372886,0.0,0.9960036650812509,0.9871794871794872,0.01282051282051282,15.327662519850195,86.0
point_gbdt_safety,HOUSEHOLD_1_361_WI_3,1239.082928681888,1195.6110534301208,43.471875251767294,0.0,0.9167205454946987,0.8974358974358975,0.10256410256410256,15.328346838847702,174.0
point_gbdt_safety,HOUSEHOLD_1_368_TX_3,1220.985487760149,1220.985487760149,0.0,0.0,1.0,1.0,0.0,15.65366009948909,4.0
point_gbdt_safety,HOUSEHOLD_1_369_CA_1,1114.5012791750655,1000.948060847934,113.5532183271316,0.0,0.7873535237319633,0.8076923076923077,0.19230769230769232,12.832667446768385,178.0
point_gbdt_safety,HOUSEHOLD_1_371_CA_1,1171.9951312501844,1157.726366167356,14.26876508282843,0.0,0.9589978014861251,0.9487179487179487,0.05128205128205128,14.842645720094307,116.0
point_gbdt_safety,HOUSEHOLD_1_377_TX_1,1074.8265435153367,1074.8265435153367,0.0,0.0,1.0,1.0,0.0,13.779827480965855,17.0
point_gbdt_safety,HOUSEHOLD_1_380_CA_1,1074.7686038112192,1064.6199449715111,10.148658839708066,0.0,0.9495091600014524,0.9487179487179487,0.05128205128205128,13.648973653480912,67.0
point_gbdt_safety,HOUSEHOLD_1_384_CA_2,1090.949250683274,1090.949250683274,0.0,0.0,1.0,1.0,0.0,13.986528854913768,65.0
point_gbdt_safety,HOUSEHOLD_1_385_CA_3,2081.4733216257023,1886.8084396330926,194.66488199260976,0.0,0.8177295112428747,0.8589743589743589,0.14102564102564102,24.189851790167854,356.0
point_gbdt_safety,HOUSEHOLD_1_386_CA_2,1020.429125496992,911.9516731770494,108.47745231994254,0.0,0.7083939453764986,0.8205128205128205,0.1794871794871795,11.69168811765448,124.0
point_gbdt_safety,HOUSEHOLD_1_389_CA_1,1910.1789590560054,1729.7769926130352,180.40196644297015,0.0,0.8172219184974975,0.8333333333333334,0.16666666666666666,22.17662811042353,329.0
point_gbdt_safety,HOUSEHOLD_1_390_WI_2,1279.7308967545825,1216.798331511832,62.93256524275068,0.0,0.8720882820269296,0.8333333333333334,0.16666666666666666,15.599978609126051,164.0
point_gbdt_safety,HOUSEHOLD_1_394_CA_3,1186.3897206291517,1176.1011606834088,10.28855994574289,0.0,0.9596527060951259,0.9615384615384616,0.038461538461538464,15.078220008761651,85.0
point_gbdt_safety,HOUSEHOLD_1_395_CA_3,1063.3242868798554,1058.90940724968,4.414879630175378,0.0,0.9786720790812784,0.9871794871794872,0.01282051282051282,13.575761631406154,69.0
point_gbdt_safety,HOUSEHOLD_1_396_TX_1,1132.3141170781091,1102.1872153692125,30.12690170889658,0.0,0.9078688021134661,0.9358974358974359,0.0641025641025641,14.130605325246314,109.0
point_gbdt_safety,HOUSEHOLD_1_397_WI_1,1047.9710044842798,917.615921954141,130.35508253013884,0.0,0.7473738710656224,0.7692307692307693,0.23076923076923078,11.764306691719757,172.0
point_gbdt_safety,HOUSEHOLD_1_398_CA_4,994.6696625514171,994.6696625514171,0.0,0.0,1.0,1.0,0.0,12.752175160915604,30.0
point_gbdt_safety,HOUSEHOLD_1_399_TX_3,2153.62119997346,1568.2012965830838,585.4199033903764,0.0,0.6832143379922206,0.6923076923076923,0.3076923076923077,20.105144827988255,616.0
point_gbdt_safety,HOUSEHOLD_1_401_CA_2,1133.156637009948,1133.156637009948,0.0,0.0,1.0,1.0,0.0,14.527649192435232,22.0
point_gbdt_safety,HOUSEHOLD_1_402_TX_2,1133.883950392455,1133.883950392455,0.0,0.0,1.0,1.0,0.0,14.536973722980193,27.0
point_gbdt_safety,HOUSEHOLD_1_404_TX_2,1166.7752185304714,1166.7752185304714,0.0,0.0,1.0,1.0,0.0,14.958656647826556,60.0
point_gbdt_safety,HOUSEHOLD_1_407_CA_4,1045.1903407516804,1045.1903407516804,0.0,0.0,1.0,1.0,0.0,13.399876163483082,33.0
point_gbdt_safety,HOUSEHOLD_1_411_WI_3,1371.8322013616096,1371.8322013616096,0.0,0.0,1.0,1.0,0.0,17.58759232514884,111.0
point_gbdt_safety,HOUSEHOLD_1_415_CA_3,1140.928414806679,1135.9004592824606,5.0279555242183775,0.0,0.9729679810525894,0.9743589743589743,0.02564102564102564,14.562826401057187,62.0
point_gbdt_safety,HOUSEHOLD_1_419_WI_2,1188.199900614089,1188.199900614089,0.0,0.0,1.0,1.0,0.0,15.233332059154987,15.0
point_gbdt_safety,HOUSEHOLD_1_421_WI_3,1113.306703042255,1110.9665482336172,2.340154808637955,0.0,0.9883574387629951,0.9871794871794872,0.01282051282051282,14.243160874789965,67.0
point_gbdt_safety,HOUSEHOLD_1_423_CA_4,1122.1819845603902,1122.1819845603902,0.0,0.0,1.0,1.0,0.0,14.386948520005003,13.0
point_gbdt_safety,HOUSEHOLD_1_425_CA_4,1064.7666066939382,1023.5235424744699,41.24306421946825,0.0,0.8323452674005356,0.8974358974358975,0.10256410256410256,13.122096698390639,82.0
point_gbdt_safety,HOUSEHOLD_1_431_TX_2,1362.1590954865028,1243.6976211314293,118.46147435507356,0.0,0.8035464770230952,0.8333333333333334,0.16666666666666666,15.944841296556787,201.0
point_gbdt_safety,HOUSEHOLD_1_433_WI_1,1112.0742953737306,1112.0742953737306,0.0,0.0,1.0,1.0,0.0,14.257362761201675,15.0
point_gbdt_safety,HOUSEHOLD_1_437_WI_1,1258.2376433682978,1135.8688599856541,122.36878338264361,0.0,0.8195150687571628,0.8205128205128205,0.1794871794871795,14.56242128186736,226.0
point_gbdt_safety,HOUSEHOLD_1_439_WI_3,1472.6246042413145,1460.8337484970941,11.79085574422039,0.0,0.9598950484890463,0.9743589743589743,0.02564102564102564,18.728637801244798,98.0
point_gbdt_safety,HOUSEHOLD_1_442_CA_4,1029.1696367082352,1029.1696367082352,0.0,0.0,1.0,1.0,0.0,13.19448252190045,57.0
point_gbdt_safety,HOUSEHOLD_1_445_TX_3,1182.0286899599143,1044.485042066269,137.5436478936454,0.0,0.7494651222337969,0.7948717948717948,0.20512820512820512,13.390833872644475,183.0
point_gbdt_safety,HOUSEHOLD_1_448_CA_4,1284.1366747100549,1241.3702346432397,42.766440066815285,0.0,0.8868612696645097,0.9102564102564102,0.08974358974358974,15.915003008246662,126.0
point_gbdt_safety,HOUSEHOLD_1_450_TX_2,1074.2759275864546,1066.0420407519546,8.233886834499927,0.0,0.9624023432214616,0.9743589743589743,0.02564102564102564,13.667205650666084,73.0
point_gbdt_safety,HOUSEHOLD_1_458_CA_2,1100.2834888164339,1018.6161982465703,81.66729056986364,0.0,0.8266087249047481,0.8461538461538461,0.15384615384615385,13.059182028802184,157.0
point_gbdt_safety,HOUSEHOLD_1_459_WI_2,9698.316293249258,7336.061292127033,2362.2550011222243,0.0,0.6659234901538361,0.6538461538461539,0.34615384615384615,94.05206784778248,2357.0
point_gbdt_safety,HOUSEHOLD_1_462_WI_1,1497.1546076902962,1468.8376584929356,28.316949197360636,0.0,0.886277312460399,0.9615384615384616,0.038461538461538464,18.831252031960712,83.0
point_gbdt_safety,HOUSEHOLD_1_467_CA_1,1118.9362803094907,1118.9362803094907,0.0,0.0,1.0,1.0,0.0,14.345336927044753,58.0
point_gbdt_safety,HOUSEHOLD_1_473_WI_2,2447.276815755726,2005.7675616653935,441.50925409033283,0.0,0.7497113072050268,0.7307692307692307,0.2692307692307692,25.714968739299916,588.0
point_gbdt_safety,HOUSEHOLD_1_474_TX_2,4205.128898117576,3299.4914589846303,905.6374391329457,0.0,0.664205621381926,0.7051282051282052,0.2948717948717949,42.301172551085,899.0
point_gbdt_safety,HOUSEHOLD_1_481_CA_1,1167.9151082795906,1088.7016267325487,79.21348154704192,0.0,0.8072664682553724,0.8461538461538461,0.15384615384615385,13.957713163237804,137.0
point_gbdt_safety,HOUSEHOLD_1_482_WI_1,1030.9676205725884,1005.548043676206,25.41957689638246,0.0,0.8676063703313414,0.9102564102564102,0.08974358974358974,12.891641585592385,64.0
point_gbdt_safety,HOUSEHOLD_1_491_TX_1,973.312445601551,953.7134020709558,19.599043530595164,0.0,0.9053186302869799,0.9487179487179487,0.05128205128205128,12.227094898345587,69.0
point_gbdt_safety,HOUSEHOLD_1_491_WI_3,1084.242885222914,1084.242885222914,0.0,0.0,1.0,1.0,0.0,13.90054981055018,50.0
point_gbdt_safety,HOUSEHOLD_1_492_WI_2,1141.4225930758066,1141.4225930758066,0.0,0.0,1.0,1.0,0.0,14.633622988151368,13.0
point_gbdt_safety,HOUSEHOLD_1_494_CA_2,1440.0372294344238,1320.9482678402242,119.08896159419972,0.0,0.818738262413699,0.8461538461538461,0.15384615384615385,16.935234203079798,219.0
point_gbdt_safety,HOUSEHOLD_1_494_TX_1,1442.988500690543,1254.8459752435292,188.1425254470139,0.0,0.7807196673111726,0.782051282051282,0.21794871794871795,16.08776891337858,286.0
point_gbdt_safety,HOUSEHOLD_1_500_TX_3,1122.0671479488103,1122.0671479488103,0.0,0.0,1.0,1.0,0.0,14.385476255753979,6.0
point_gbdt_safety,HOUSEHOLD_1_501_TX_3,1168.290070963856,1168.290070963856,0.0,0.0,1.0,1.0,0.0,14.978077832869948,7.0
point_gbdt_safety,HOUSEHOLD_1_503_WI_1,1009.8309382464888,973.791336083024,36.039602163464835,0.0,0.8679868052620335,0.9230769230769231,0.07692307692307693,12.484504308756717,91.0
point_gbdt_safety,HOUSEHOLD_1_504_CA_3,1313.7317783822987,1313.7317783822987,0.0,0.0,1.0,1.0,0.0,16.842715107465366,32.0
point_gbdt_safety,HOUSEHOLD_1_504_WI_3,1267.7591479423052,1267.7591479423052,0.0,0.0,1.0,1.0,0.0,16.253322409516734,7.0
point_gbdt_safety,HOUSEHOLD_1_507_WI_3,1085.9130267542241,1085.9130267542241,0.0,0.0,1.0,1.0,0.0,13.921961881464412,11.0
point_gbdt_safety,HOUSEHOLD_1_510_CA_4,1243.7874992768898,1178.9708580311499,64.81664124573987,0.0,0.8214417596536092,0.9102564102564102,0.08974358974358974,15.115011000399358,121.0
point_gbdt_safety,HOUSEHOLD_1_510_TX_1,1218.3247501323945,1218.3247501323945,0.0,0.0,1.0,1.0,0.0,15.619548078620442,78.0
point_gbdt_safety,HOUSEHOLD_1_520_CA_1,1138.7157592378499,1138.7157592378499,0.0,0.0,1.0,1.0,0.0,14.598919990228845,56.0
point_gbdt_safety,HOUSEHOLD_1_521_CA_2,2105.101543962963,1610.0576232039327,495.04392075903036,0.0,0.603330191699495,0.7435897435897436,0.2564102564102564,20.64176440005042,416.0
point_gbdt_safety,HOUSEHOLD_1_521_TX_3,4001.360628996543,3343.6247328904174,657.7358961061253,0.0,0.7426698372041762,0.6794871794871795,0.32051282051282054,42.86698375500535,852.0
point_gbdt_safety,HOUSEHOLD_1_527_WI_2,1091.9773979575534,1029.8268500582576,62.1505478992957,0.0,0.6762992296911683,0.8717948717948718,0.1282051282051282,13.202908334080226,64.0
point_gbdt_safety,HOUSEHOLD_1_529_CA_2,1082.0806272109955,1023.2986203872986,58.782006823697046,0.0,0.793747344478256,0.8974358974358975,0.10256410256410256,13.119213081888443,95.0
point_gbdt_safety,HOUSEHOLD_1_531_TX_1,1121.765890246373,1121.765890246373,0.0,0.0,1.0,1.0,0.0,14.3816139775176,56.0
point_gbdt_safety,HOUSEHOLD_1_533_WI_1,1127.8138161594366,1127.8138161594366,0.0,0.0,1.0,1.0,0.0,14.459151489223546,39.0
point_gbdt_safety,HOUSEHOLD_1_534_CA_2,1189.85291747837,1189.85291747837,0.0,0.0,1.0,1.0,0.0,15.254524583056027,66.0
point_gbdt_safety,HOUSEHOLD_1_534_CA_4,1088.57770128444,1088.57770128444,0.0,0.0,1.0,1.0,0.0,13.95612437544154,45.0
point_gbdt_safety,HOUSEHOLD_1_534_TX_1,1093.4022824580939,1093.4022824580939,0.0,0.0,1.0,1.0,0.0,14.017977980231972,37.0
point_gbdt_safety,HOUSEHOLD_1_537_CA_3,1560.7329927094036,1510.4089009427041,50.32409176669942,0.0,0.9102957366012487,0.8974358974358975,0.10256410256410256,19.364216678752616,187.0
point_gbdt_safety,HOUSEHOLD_1_537_TX_1,1185.8791650183327,1185.8791650183327,0.0,0.0,1.0,1.0,0.0,15.203579038696574,107.0
point_gbdt_safety,HOUSEHOLD_1_541_CA_2,1219.8163589109738,1210.0647997744531,9.751559136520584,0.0,0.9830702098324297,0.9743589743589743,0.02564102564102564,15.513651279159657,192.0
point_gbdt_safety,HOUSEHOLD_2_001_WI_2,1130.0715005946304,1130.0715005946304,0.0,0.0,1.0,1.0,0.0,14.48809616146962,9.0
point_gbdt_safety,HOUSEHOLD_2_004_CA_4,1250.4922664139528,1250.4922664139528,0.0,0.0,1.0,1.0,0.0,16.031952133512217,6.0
point_gbdt_safety,HOUSEHOLD_2_008_WI_2,1232.398057372167,1232.398057372167,0.0,0.0,1.0,1.0,0.0,15.799975094514961,0.0
point_gbdt_safety,HOUSEHOLD_2_009_CA_1,990.6776114728425,990.6776114728425,0.0,0.0,1.0,1.0,0.0,12.700995018882596,39.0
point_gbdt_safety,HOUSEHOLD_2_010_CA_3,1214.83820997443,1214.83820997443,0.0,0.0,1.0,1.0,0.0,15.574848845826024,22.0
point_gbdt_safety,HOUSEHOLD_2_013_WI_3,1097.1498709257826,1097.1498709257826,0.0,0.0,1.0,1.0,0.0,14.066023986227982,10.0
point_gbdt_safety,HOUSEHOLD_2_015_CA_1,1139.4955626145597,1139.4955626145597,0.0,0.0,1.0,1.0,0.0,14.608917469417433,50.0
point_gbdt_safety,HOUSEHOLD_2_017_CA_1,1155.036463179463,1155.036463179463,0.0,0.0,1.0,1.0,0.0,14.808159784352089,29.0
point_gbdt_safety,HOUSEHOLD_2_021_CA_2,1225.5459145740067,1225.5459145740067,0.0,0.0,1.0,1.0,0.0,15.712127109923163,31.0
point_gbdt_safety,HOUSEHOLD_2_029_WI_2,1136.7192149188427,1136.7192149188427,0.0,0.0,1.0,1.0,0.0,14.573323268190292,47.0
point_gbdt_safety,HOUSEHOLD_2_032_WI_2,1221.7218674651206,1221.7218674651206,0.0,0.0,1.0,1.0,0.0,15.663100864937443,7.0
point_gbdt_safety,HOUSEHOLD_2_034_CA_2,1032.9666209720106,1032.9666209720106,0.0,0.0,1.0,1.0,0.0,13.243161807333468,18.0
point_gbdt_safety,HOUSEHOLD_2_034_CA_3,1198.0354707601118,1198.0354707601118,0.0,0.0,1.0,1.0,0.0,15.359429112309126,14.0
point_gbdt_safety,HOUSEHOLD_2_038_TX_1,1148.2654890131626,1148.2654890131626,0.0,0.0,1.0,1.0,0.0,14.721352423245675,11.0
point_gbdt_safety,HOUSEHOLD_2_042_WI_2,1214.8833768664758,1214.8833768664758,0.0,0.0,1.0,1.0,0.0,15.575427908544562,2.0
point_gbdt_safety,HOUSEHOLD_2_043_TX_2,1024.847307548505,1024.847307548505,0.0,0.0,1.0,1.0,0.0,13.139068045493653,17.0
point_gbdt_safety,HOUSEHOLD_2_045_CA_4,1064.630500382355,1064.630500382355,0.0,0.0,1.0,1.0,0.0,13.64910897926096,19.0
point_gbdt_safety,HOUSEHOLD_2_047_TX_2,1269.5742356274952,1269.5742356274952,0.0,0.0,1.0,1.0,0.0,16.276592764455067,40.0
point_gbdt_safety,HOUSEHOLD_2_057_WI_3,1127.7397723875165,1127.7397723875165,0.0,0.0,1.0,1.0,0.0,14.458202210096365,12.0
point_gbdt_safety,HOUSEHOLD_2_058_TX_2,1181.9065559305322,1181.9065559305322,0.0,0.0,1.0,1.0,0.0,15.15264815295554,44.0
point_gbdt_safety,HOUSEHOLD_2_063_TX_2,1137.1641319697421,1137.1641319697421,0.0,0.0,1.0,1.0,0.0,14.579027332945412,12.0
point_gbdt_safety,HOUSEHOLD_2_067_CA_2,1092.9647134442905,1065.819757878248,27.144955566042427,0.0,0.9162192729443135,0.9230769230769231,0.07692307692307693,13.66435587023395,108.0
point_gbdt_safety,HOUSEHOLD_2_073_WI_3,1189.5487295605947,1189.5487295605947,0.0,0.0,1.0,1.0,0.0,15.250624737956342,3.0
point_gbdt_safety,HOUSEHOLD_2_075_CA_4,1044.2340006561171,1044.2340006561171,0.0,0.0,1.0,1.0,0.0,13.387615393027144,38.0
point_gbdt_safety,HOUSEHOLD_2_075_WI_3,1219.0641160533328,1219.0641160533328,0.0,0.0,1.0,1.0,0.0,15.629027128888882,37.0
point_gbdt_safety,HOUSEHOLD_2_077_CA_3,1195.5347159000942,1195.5347159000942,0.0,0.0,1.0,1.0,0.0,15.32736815256531,9.0
point_gbdt_safety,HOUSEHOLD_2_079_TX_1,1117.0407619322948,1117.0407619322948,0.0,0.0,1.0,1.0,0.0,14.321035409388395,14.0
point_gbdt_safety,HOUSEHOLD_2_087_CA_3,1268.235328948185,1268.235328948185,0.0,0.0,1.0,1.0,0.0,16.2594272942075,7.0
point_gbdt_safety,HOUSEHOLD_2_089_TX_2,1104.6923749289294,1104.6923749289294,0.0,0.0,1.0,1.0,0.0,14.162722755499095,57.0
point_gbdt_safety,HOUSEHOLD_2_095_CA_2,1117.39636347936,1117.39636347936,0.0,0.0,1.0,1.0,0.0,14.325594403581537,40.0
point_gbdt_safety,HOUSEHOLD_2_095_TX_3,1096.624778328597,1096.624778328597,0.0,0.0,1.0,1.0,0.0,14.059292029853806,25.0
point_gbdt_safety,HOUSEHOLD_2_110_CA_1,1276.2356672530534,1195.847104186978,80.38856306607549,0.0,0.8395437862952586,0.8974358974358975,0.10256410256410256,15.331373130602282,167.0
point_gbdt_safety,HOUSEHOLD_2_120_TX_2,1181.0390677131486,1181.0390677131486,0.0,0.0,1.0,1.0,0.0,15.141526509142931,35.0
point_gbdt_safety,HOUSEHOLD_2_123_TX_1,1142.92864659734,1142.92864659734,0.0,0.0,1.0,1.0,0.0,14.652931366632565,42.0
point_gbdt_safety,HOUSEHOLD_2_129_CA_2,1125.893174830817,1125.893174830817,0.0,0.0,1.0,1.0,0.0,14.434527882446373,14.0
point_gbdt_safety,HOUSEHOLD_2_138_CA_3,1229.416090157908,1229.416090157908,0.0,0.0,1.0,1.0,0.0,15.761744745614205,4.0
point_gbdt_safety,HOUSEHOLD_2_139_TX_2,956.5382302013686,956.5382302013686,0.0,0.0,1.0,1.0,0.0,12.263310643607289,47.0
point_gbdt_safety,HOUSEHOLD_2_143_CA_1,982.0490117919081,982.0490117919081,0.0,0.0,1.0,1.0,0.0,12.590371946050103,22.0
point_gbdt_safety,HOUSEHOLD_2_146_WI_1,993.9514317378408,985.2828415742616,8.668590163579253,0.0,0.9357882210105241,0.9743589743589743,0.02564102564102564,12.631831302234124,45.0
point_gbdt_safety,HOUSEHOLD_2_147_CA_3,1267.9202435872926,1267.9202435872926,0.0,0.0,1.0,1.0,0.0,16.255387738298623,5.0
point_gbdt_safety,HOUSEHOLD_2_149_TX_1,1180.691559893071,1180.691559893071,0.0,0.0,1.0,1.0,0.0,15.137071280680397,6.0
point_gbdt_safety,HOUSEHOLD_2_150_CA_2,1034.1343577462142,1034.1343577462142,0.0,0.0,1.0,1.0,0.0,13.25813279161813,33.0
point_gbdt_safety,HOUSEHOLD_2_158_TX_3,1211.0520007085463,1211.0520007085463,0.0,0.0,1.0,1.0,0.0,15.52630770139162,0.0
point_gbdt_safety,HOUSEHOLD_2_159_CA_2,1145.8547711308986,1145.8547711308986,0.0,0.0,1.0,1.0,0.0,14.69044578372947,46.0
point_gbdt_safety,HOUSEHOLD_2_160_WI_1,1106.3998609445307,1106.3998609445307,0.0,0.0,1.0,1.0,0.0,14.184613601852957,41.0
point_gbdt_safety,HOUSEHOLD_2_164_CA_1,1071.0882250614957,1071.0882250614957,0.0,0.0,1.0,1.0,0.0,13.731900321301227,12.0
point_gbdt_safety,HOUSEHOLD_2_176_TX_2,1493.7319475547176,1211.8413190918923,281.8906284628254,0.0,0.6051951982313368,0.6794871794871795,0.32051282051282054,15.536427167844773,238.0
point_gbdt_safety,HOUSEHOLD_2_179_CA_1,1155.654340558885,1155.654340558885,0.0,0.0,1.0,1.0,0.0,14.816081289216473,28.0
point_gbdt_safety,HOUSEHOLD_2_184_WI_3,1072.9080284933418,1072.9080284933418,0.0,0.0,1.0,1.0,0.0,13.755231134530023,46.0
point_gbdt_safety,HOUSEHOLD_2_190_WI_1,1072.4109378691558,1072.4109378691558,0.0,0.0,1.0,1.0,0.0,13.748858177809689,44.0
point_gbdt_safety,HOUSEHOLD_2_193_TX_1,1077.1900251190684,1077.1900251190684,0.0,0.0,1.0,1.0,0.0,13.810128527167544,22.0
point_gbdt_safety,HOUSEHOLD_2_203_CA_1,1011.1719106865402,941.6097149655263,69.56219572101381,0.0,0.6823644031003936,0.8846153846153846,0.11538461538461539,12.071919422634952,73.0
point_gbdt_safety,HOUSEHOLD_2_207_WI_3,1209.0495014435182,1209.0495014435182,0.0,0.0,1.0,1.0,0.0,15.50063463389126,3.0
point_gbdt_safety,HOUSEHOLD_2_208_CA_3,1190.2545567320558,1190.2545567320558,0.0,0.0,1.0,1.0,0.0,15.259673804257126,9.0
point_gbdt_safety,HOUSEHOLD_2_217_TX_1,974.208377216424,932.209424108089,41.99895310833489,0.0,0.8478298800422649,0.9230769230769231,0.07692307692307693,11.951402873180628,92.0
point_gbdt_safety,HOUSEHOLD_2_218_CA_1,1073.7809713817387,1073.7809713817387,0.0,0.0,1.0,1.0,0.0,13.766422710022292,6.0
point_gbdt_safety,HOUSEHOLD_2_224_TX_1,1099.385419430294,1099.385419430294,0.0,0.0,1.0,1.0,0.0,14.094684864490947,6.0
point_gbdt_safety,HOUSEHOLD_2_226_TX_3,1132.5253979358085,1132.5253979358085,0.0,0.0,1.0,1.0,0.0,14.519556383792418,28.0
point_gbdt_safety,HOUSEHOLD_2_226_WI_1,996.6268708846053,996.6268708846053,0.0,0.0,1.0,1.0,0.0,12.777267575443657,39.0
point_gbdt_safety,HOUSEHOLD_2_234_WI_3,1176.6477994131567,1176.6477994131567,0.0,0.0,1.0,1.0,0.0,15.085228197604573,9.0
point_gbdt_safety,HOUSEHOLD_2_237_CA_2,1120.8258825403093,1120.8258825403093,0.0,0.0,1.0,1.0,0.0,14.369562596670631,12.0
point_gbdt_safety,HOUSEHOLD_2_238_CA_1,1094.6476135570742,1094.6476135570742,0.0,0.0,1.0,1.0,0.0,14.033943763552234,30.0
point_gbdt_safety,HOUSEHOLD_2_241_CA_2,1074.6397462566842,1074.6397462566842,0.0,0.0,1.0,1.0,0.0,13.777432644316464,18.0
point_gbdt_safety,HOUSEHOLD_2_249_WI_1,1081.2436479777825,1081.2436479777825,0.0,0.0,1.0,1.0,0.0,13.862098050997211,7.0
point_gbdt_safety,HOUSEHOLD_2_257_TX_1,1020.2706136166543,1020.2706136166543,0.0,0.0,1.0,1.0,0.0,13.080392482264799,37.0
point_gbdt_safety,HOUSEHOLD_2_259_CA_2,1123.2788625763337,1115.092325873999,8.186536702334667,0.0,0.9512706148670554,0.9615384615384616,0.038461538461538464,14.296055459923064,56.0
point_gbdt_safety,HOUSEHOLD_2_259_TX_3,1151.4197392279932,1151.4197392279932,0.0,0.0,1.0,1.0,0.0,14.761791528564016,12.0
point_gbdt_safety,HOUSEHOLD_2_260_WI_1,1146.4504653202584,1146.4504653202584,0.0,0.0,1.0,1.0,0.0,14.698082888721261,16.0
point_gbdt_safety,HOUSEHOLD_2_263_TX_2,965.6834617742435,965.6834617742435,0.0,0.0,1.0,1.0,0.0,12.380557202233891,22.0
point_gbdt_safety,HOUSEHOLD_2_263_TX_3,1170.1001298696938,1170.1001298696938,0.0,0.0,1.0,1.0,0.0,15.001283716278126,6.0
point_gbdt_safety,HOUSEHOLD_2_264_WI_3,1068.570649795384,1068.570649795384,0.0,0.0,1.0,1.0,0.0,13.699623715325437,34.0
point_gbdt_safety,HOUSEHOLD_2_265_WI_1,1072.8186937730698,1072.8186937730698,0.0,0.0,1.0,1.0,0.0,13.754085817603459,26.0
point_gbdt_safety,HOUSEHOLD_2_275_CA_2,1104.1704387380307,1104.1704387380307,0.0,0.0,1.0,1.0,0.0,14.156031265872189,48.0
point_gbdt_safety,HOUSEHOLD_2_280_TX_2,1127.120838186295,1127.120838186295,0.0,0.0,1.0,1.0,0.0,14.45026715623455,30.0
point_gbdt_safety,HOUSEHOLD_2_280_WI_3,1153.2348174673646,1153.2348174673646,0.0,0.0,1.0,1.0,0.0,14.78506176240211,16.0
point_gbdt_safety,HOUSEHOLD_2_288_TX_3,1174.717461680521,1174.717461680521,0.0,0.0,1.0,1.0,0.0,15.060480277955397,13.0
point_gbdt_safety,HOUSEHOLD_2_294_CA_1,1456.6539163473296,1456.6539163473296,0.0,0.0,1.0,1.0,0.0,18.675050209581148,112.0
point_gbdt_safety,HOUSEHOLD_2_294_WI_3,1040.8178198565267,1002.431706898946,38.3861129575808,0.0,0.881524342723516,0.8846153846153846,0.11538461538461539,12.851688549986488,108.0
point_gbdt_safety,HOUSEHOLD_2_307_TX_1,1168.0617808892805,1168.0617808892805,0.0,0.0,1.0,1.0,0.0,14.975151037042057,3.0
point_gbdt_safety,HOUSEHOLD_2_308_WI_3,1082.4906855977686,1082.4906855977686,0.0,0.0,1.0,1.0,0.0,13.878085712791904,17.0
point_gbdt_safety,HOUSEHOLD_2_311_TX_2,1136.2035605137,1136.2035605137,0.0,0.0,1.0,1.0,0.0,14.566712314278206,39.0
point_gbdt_safety,HOUSEHOLD_2_314_TX_1,1006.6069271428444,1006.6069271428444,0.0,0.0,1.0,1.0,0.0,12.905217014651852,20.0
point_gbdt_safety,HOUSEHOLD_2_316_CA_4,1066.8777373630899,1066.8777373630899,0.0,0.0,1.0,1.0,0.0,13.677919709783204,18.0
point_gbdt_safety,HOUSEHOLD_2_326_TX_2,1128.6865258560379,1128.6865258560379,0.0,0.0,1.0,1.0,0.0,14.470340075077408,15.0
point_gbdt_safety,HOUSEHOLD_2_330_CA_2,1167.0210877192994,1167.0210877192994,0.0,0.0,1.0,1.0,0.0,14.961808816914095,16.0
point_gbdt_safety,HOUSEHOLD_2_333_WI_2,1159.2160139584,1159.2160139584,0.0,0.0,1.0,1.0,0.0,14.861743768697437,17.0
point_gbdt_safety,HOUSEHOLD_2_337_CA_2,1045.9083618577579,1045.9083618577579,0.0,0.0,1.0,1.0,0.0,13.409081562278947,26.0
point_gbdt_safety,HOUSEHOLD_2_338_WI_3,1206.8235111664326,1206.8235111664326,0.0,0.0,1.0,1.0,0.0,15.472096297005546,11.0
point_gbdt_safety,HOUSEHOLD_2_342_CA_1,1017.4052529753728,1015.121629070514,2.283623904858782,0.0,0.9834520006894292,0.9871794871794872,0.01282051282051282,13.014379859878385,46.0
point_gbdt_safety,HOUSEHOLD_2_345_CA_1,1143.7184630750562,1143.7184630750562,0.0,0.0,1.0,1.0,0.0,14.663057218910977,40.0
point_gbdt_safety,HOUSEHOLD_2_346_TX_3,999.0441831417883,976.6093473144974,22.43483582729085,0.0,0.9130432719872448,0.9743589743589743,0.02564102564102564,12.520632657878172,86.0
point_gbdt_safety,HOUSEHOLD_2_348_TX_1,1025.7063120641785,1010.842217842707,14.864094221471547,0.0,0.9271367930320022,0.9615384615384616,0.038461538461538464,12.959515613368039,68.0
point_gbdt_safety,HOUSEHOLD_2_354_TX_1,1033.1267840115593,1033.1267840115593,0.0,0.0,1.0,1.0,0.0,13.245215179635375,22.0
point_gbdt_safety,HOUSEHOLD_2_354_TX_2,1089.9068989560337,1058.4636395158004,31.443259440233334,0.0,0.7903782703984444,0.9358974358974359,0.0641025641025641,13.57004666045898,50.0
point_gbdt_safety,HOUSEHOLD_2_355_CA_3,1180.8028117847748,1180.8028117847748,0.0,0.0,1.0,1.0,0.0,15.138497586984291,29.0
point_gbdt_safety,HOUSEHOLD_2_355_TX_2,1135.6951718483142,1135.6951718483142,0.0,0.0,1.0,1.0,0.0,14.560194510875823,21.0
point_gbdt_safety,HOUSEHOLD_2_358_CA_4,1191.0977005500347,1191.0977005500347,0.0,0.0,1.0,1.0,0.0,15.27048334038506,1.0
point_gbdt_safety,HOUSEHOLD_2_358_WI_2,1151.3768352239042,1151.3768352239042,0.0,0.0,1.0,1.0,0.0,14.761241477229541,16.0
point_gbdt_safety,HOUSEHOLD_2_370_TX_2,1080.993062868656,1080.993062868656,0.0,0.0,1.0,1.0,0.0,13.858885421393024,23.0
point_gbdt_safety,HOUSEHOLD_2_373_WI_3,1176.165348221804,1176.165348221804,0.0,0.0,1.0,1.0,0.0,15.079042925920563,10.0
point_gbdt_safety,HOUSEHOLD_2_382_TX_3,1138.4169549458156,1138.4169549458156,0.0,0.0,1.0,1.0,0.0,14.595089165971995,43.0
point_gbdt_safety,HOUSEHOLD_2_385_WI_1,1151.5775742500596,1151.5775742500596,0.0,0.0,1.0,1.0,0.0,14.763815054487944,15.0
point_gbdt_safety,HOUSEHOLD_2_392_CA_4,1144.5629823551064,1144.5629823551064,0.0,0.0,1.0,1.0,0.0,14.673884389168032,10.0
point_gbdt_safety,HOUSEHOLD_2_396_TX_3,1005.2076771288537,1005.2076771288537,0.0,0.0,1.0,1.0,0.0,12.887277911908381,21.0
point_gbdt_safety,HOUSEHOLD_2_396_WI_2,1157.0868294058012,1157.0868294058012,0.0,0.0,1.0,1.0,0.0,14.834446530843605,6.0
point_gbdt_safety,HOUSEHOLD_2_397_WI_2,1238.490068699955,1238.490068699955,0.0,0.0,1.0,1.0,0.0,15.878077803845576,4.0
point_gbdt_safety,HOUSEHOLD_2_401_TX_3,920.5524319496697,880.7835959083832,39.76883604128642,0.0,0.8363422385132246,0.9230769230769231,0.07692307692307693,11.29209738344081,81.0
point_gbdt_safety,HOUSEHOLD_2_405_CA_4,1076.6761383677474,1076.6761383677474,0.0,0.0,1.0,1.0,0.0,13.803540235483942,10.0
point_gbdt_safety,HOUSEHOLD_2_412_CA_1,1265.6941743109376,1265.6941743109376,0.0,0.0,1.0,1.0,0.0,16.226848388601763,6.0
point_gbdt_safety,HOUSEHOLD_2_417_TX_1,1111.7081109145095,1111.7081109145095,0.0,0.0,1.0,1.0,0.0,14.252668088647557,5.0
point_gbdt_safety,HOUSEHOLD_2_418_CA_2,1132.4251329544377,1132.4251329544377,0.0,0.0,1.0,1.0,0.0,14.518270935313303,21.0
point_gbdt_safety,HOUSEHOLD_2_420_CA_3,1138.181077550524,1138.181077550524,0.0,0.0,1.0,1.0,0.0,14.592065096801589,36.0
point_gbdt_safety,HOUSEHOLD_2_424_CA_1,1035.2763032450832,1035.2763032450832,0.0,0.0,1.0,1.0,0.0,13.272773118526707,22.0
point_gbdt_safety,HOUSEHOLD_2_424_CA_4,1106.3566429280124,1106.3566429280124,0.0,0.0,1.0,1.0,0.0,14.184059524718108,10.0
point_gbdt_safety,HOUSEHOLD_2_428_CA_4,1171.2253136003128,1171.2253136003128,0.0,0.0,1.0,1.0,0.0,15.015709148721958,0.0
point_gbdt_safety,HOUSEHOLD_2_429_WI_3,1146.7642395708165,1146.7642395708165,0.0,0.0,1.0,1.0,0.0,14.702105635523289,10.0
point_gbdt_safety,HOUSEHOLD_2_432_TX_3,1123.5050475438718,1123.5050475438718,0.0,0.0,1.0,1.0,0.0,14.403910865947074,27.0
point_gbdt_safety,HOUSEHOLD_2_436_CA_2,1258.2577042343162,1258.2577042343162,0.0,0.0,1.0,1.0,0.0,16.13150902864508,38.0
point_gbdt_safety,HOUSEHOLD_2_440_TX_2,1409.5250230722388,1308.3845339515055,101.14048912073332,0.0,0.7737349236672632,0.8846153846153846,0.11538461538461539,16.774160691685967,149.0
point_gbdt_safety,HOUSEHOLD_2_445_WI_2,1183.659562252926,1183.659562252926,0.0,0.0,1.0,1.0,0.0,15.17512259298623,2.0
point_gbdt_safety,HOUSEHOLD_2_446_CA_3,1229.9384337355202,1229.9384337355202,0.0,0.0,1.0,1.0,0.0,15.768441458147695,13.0
point_gbdt_safety,HOUSEHOLD_2_451_TX_1,1055.673773876346,1022.9728358931113,32.70093798323475,0.0,0.8941717217371045,0.9230769230769231,0.07692307692307693,13.11503635760399,103.0
point_gbdt_safety,HOUSEHOLD_2_451_WI_2,1155.7683743237337,1149.607952982451,6.160421341282785,0.0,0.9763968530985334,0.9871794871794872,0.01282051282051282,14.738563499775013,87.0
point_gbdt_safety,HOUSEHOLD_2_459_WI_3,1148.3147806908244,1148.3147806908244,0.0,0.0,1.0,1.0,0.0,14.721984367831082,8.0
point_gbdt_safety,HOUSEHOLD_2_462_CA_4,1172.685802261216,1172.685802261216,0.0,0.0,1.0,1.0,0.0,15.03443336232328,11.0
point_gbdt_safety,HOUSEHOLD_2_462_TX_2,1138.9097111487101,1138.9097111487101,0.0,0.0,1.0,1.0,0.0,14.60140655318859,13.0
point_gbdt_safety,HOUSEHOLD_2_465_CA_1,1123.0628274299625,1105.3680382925736,17.694789137388852,0.0,0.9329742835704967,0.9743589743589743,0.02564102564102564,14.171385106315046,88.0
point_gbdt_safety,HOUSEHOLD_2_468_TX_2,1000.6843924714948,1000.6843924714948,0.0,0.0,1.0,1.0,0.0,12.829287082967882,42.0
point_gbdt_safety,HOUSEHOLD_2_470_WI_2,1082.8956100469945,1082.8956100469945,0.0,0.0,1.0,1.0,0.0,13.883277051884546,44.0
point_gbdt_safety,HOUSEHOLD_2_475_CA_3,1252.029099289417,1252.029099289417,0.0,0.0,1.0,1.0,0.0,16.05165511909509,20.0
point_gbdt_safety,HOUSEHOLD_2_476_WI_2,1056.2618932454943,1056.2618932454943,0.0,0.0,1.0,1.0,0.0,13.541819144173004,19.0
point_gbdt_safety,HOUSEHOLD_2_478_TX_2,1101.8286875384908,1101.8286875384908,0.0,0.0,1.0,1.0,0.0,14.126008814596036,13.0
point_gbdt_safety,HOUSEHOLD_2_480_TX_1,1147.0471440542458,1147.0471440542458,0.0,0.0,1.0,1.0,0.0,14.705732616080073,15.0
point_gbdt_safety,HOUSEHOLD_2_483_TX_1,1025.8793165389125,999.2652310190637,26.61408551984879,0.0,0.9094758995923512,0.9102564102564102,0.08974358974358974,12.81109270537261,98.0
point_gbdt_safety,HOUSEHOLD_2_488_WI_3,1085.3859354080091,1085.3859354080091,0.0,0.0,1.0,1.0,0.0,13.915204300102682,14.0
point_gbdt_safety,HOUSEHOLD_2_490_WI_1,1071.4222569701592,998.3269903398216,73.09526663033759,0.0,0.8081489064820536,0.8846153846153846,0.11538461538461539,12.799063978715662,127.0
point_gbdt_safety,HOUSEHOLD_2_491_TX_3,1066.7355739725076,1066.7355739725076,0.0,0.0,1.0,1.0,0.0,13.676097102211637,39.0
point_gbdt_safety,HOUSEHOLD_2_505_CA_4,1182.3746769422573,1182.3746769422573,0.0,0.0,1.0,1.0,0.0,15.158649704387914,9.0
point_gbdt_safety,HOUSEHOLD_2_507_CA_1,993.8994778478167,984.3835517975438,9.515926050272903,0.0,0.9526570843270005,0.9615384615384616,0.038461538461538464,12.620301946122355,67.0
point_gbdt_safety,HOUSEHOLD_2_509_TX_1,1165.3759472827235,1165.3759472827235,0.0,0.0,1.0,1.0,0.0,14.940717272855428,36.0
point_gbdt_safety,HOUSEHOLD_2_509_WI_1,1105.8204171779828,1105.8204171779828,0.0,0.0,1.0,1.0,0.0,14.177184835615163,8.0
point_gbdt_safety,HOUSEHOLD_2_509_WI_2,1125.769490332565,1125.769490332565,0.0,0.0,1.0,1.0,0.0,14.432942183750834,14.0
point_gbdt_safety,HOUSEHOLD_2_510_CA_2,1096.4841003621668,1091.9339041807875,4.550196181379256,0.0,0.9733906656059692,0.9743589743589743,0.02564102564102564,13.999152617702403,57.0
pp_quantile_fixed,FOODS_1_008_CA_1,258.9742612447898,245.52817854951144,13.446082695278339,0.0,0.8207188973962889,0.9358974358974359,0.0641025641025641,3.147797160891172,25.0
pp_quantile_fixed,FOODS_1_010_CA_3,258.2284050481184,211.70229619558407,46.52610885253435,0.0,0.6475294783898913,0.8205128205128205,0.1794871794871795,2.714132002507488,44.0
pp_quantile_fixed,FOODS_1_010_WI_3,503.7075969587461,476.70411978453706,27.003477174209035,0.0,0.8363425625805514,0.9102564102564102,0.08974358974358974,6.111591279288937,55.0
pp_quantile_fixed,FOODS_1_013_WI_1,776.7626233420569,700.5265176023878,76.2361057396692,0.0,0.7967037180275488,0.8717948717948718,0.1282051282051282,8.981109200030613,125.0
pp_quantile_fixed,FOODS_1_014_WI_3,565.5282905178381,493.9715453305914,71.5567451872466,0.0,0.7258362253362199,0.8461538461538461,0.15384615384615385,6.332968529879377,87.0
pp_quantile_fixed,FOODS_1_022_WI_3,237.60434422893792,237.60434422893792,0.0,0.0,1.0,1.0,0.0,3.04620954139664,1.0
pp_quantile_fixed,FOODS_1_024_TX_1,431.8877568806522,384.2139288025787,47.6738280780735,0.0,0.7001646032825566,0.8974358974358975,0.10256410256410256,4.92581960003306,53.0
pp_quantile_fixed,FOODS_1_025_TX_1,361.1154594887731,332.1183308636691,28.99712862510401,0.0,0.7803247831431513,0.8974358974358975,0.10256410256410256,4.257927318764988,44.0
pp_quantile_fixed,FOODS_1_025_WI_1,634.6073101200166,624.7115662155609,9.895743904455637,0.0,0.9000429908640845,0.9487179487179487,0.05128205128205128,8.009122643789242,33.0
pp_quantile_fixed,FOODS_1_032_CA_2,1489.5577364517885,1180.7778289491814,308.7799075026072,0.0,0.7284257629704423,0.7435897435897436,0.2564102564102564,15.138177294220274,379.0
pp_quantile_fixed,FOODS_1_040_TX_1,439.47420279010015,392.4630960136018,47.01110677649835,0.0,0.617795879865867,0.8717948717948718,0.1282051282051282,5.0315781540205355,41.0
pp_quantile_fixed,FOODS_1_043_CA_3,9082.2031151996,9082.2031151996,0.0,0.0,1.0,1.0,0.0,116.43850147691795,42.0
pp_quantile_fixed,FOODS_1_045_CA_3,1242.31047197536,1236.1843021806028,6.126169794757267,0.0,0.9846461909905833,0.9743589743589743,0.02564102564102564,15.848516694623113,133.0
pp_quantile_fixed,FOODS_1_045_WI_2,730.6674940072498,657.6230972042758,73.04439680297406,0.0,0.7745543308550183,0.8461538461538461,0.15384615384615385,8.431065348772767,108.0
pp_quantile_fixed,FOODS_1_046_WI_3,1553.7996179884294,1354.1827037405267,199.61691424790268,0.0,0.753559365126046,0.717948717948718,0.28205128205128205,17.361316714622138,270.0
pp_quantile_fixed,FOODS_1_047_TX_2,498.49859118466634,475.7736230796714,22.724968104994964,0.0,0.877822752123683,0.8974358974358975,0.10256410256410256,6.0996618343547615,62.0
pp_quantile_fixed,FOODS_1_054_CA_1,579.0094324399795,408.115831680906,170.89360075907354,0.0,0.5748915404003145,0.717948717948718,0.28205128205128205,5.232254252319308,134.0
pp_quantile_fixed,FOODS_1_054_TX_3,331.7993816797216,299.96468149174996,31.834700187971663,0.0,0.6968123791621745,0.9358974358974359,0.0641025641025641,3.845701044766025,35.0
pp_quantile_fixed,FOODS_1_055_WI_2,963.8300030379828,835.3001180152322,128.5298850227506,0.0,0.6849757720030623,0.782051282051282,0.21794871794871795,10.708975871990157,136.0
pp_quantile_fixed,FOODS_1_056_WI_1,570.5333312197911,570.5333312197911,0.0,0.0,1.0,1.0,0.0,7.314529887433219,1.0
pp_quantile_fixed,FOODS_1_057_CA_2,1023.5152479223618,1022.1403180731385,1.3749298492233741,0.0,0.8472300167529584,0.9871794871794872,0.01282051282051282,13.104363052219725,3.0
pp_quantile_fixed,FOODS_1_060_CA_4,301.3716228870157,297.1157968169863,4.255826070029393,0.0,0.963625418204877,0.9743589743589743,0.02564102564102564,3.809176882269055,39.0
pp_quantile_fixed,FOODS_1_062_TX_2,348.9165108806351,324.35833123970195,24.55817964093311,0.0,0.8258285131848716,0.9230769230769231,0.07692307692307693,4.158440144098743,47.0
pp_quantile_fixed,FOODS_1_064_WI_3,212.49447877135776,206.32830672591567,6.166172045442104,0.0,0.8858116287881092,0.9615384615384616,0.038461538461538464,2.6452347016143034,18.0
pp_quantile_fixed,FOODS_1_066_WI_1,835.0091154570507,655.3811340676281,179.62798138942264,0.0,0.6435952750209869,0.7435897435897436,0.2564102564102564,8.402322231636257,168.0
pp_quantile_fixed,FOODS_1_069_CA_3,1312.3833783922123,1001.7935333432274,310.5898450489849,0.0,0.6804631223775875,0.7051282051282052,0.2948717948717949,12.843506837733685,324.0
pp_quantile_fixed,FOODS_1_078_TX_2,403.4372051420788,377.47050331068795,25.96670183139088,0.0,0.7987077377411561,0.9487179487179487,0.05128205128205128,4.839365427060102,43.0
pp_quantile_fixed,FOODS_1_081_WI_1,394.3882226874012,334.2534870907481,60.1347355966531,0.0,0.7008222109619249,0.8589743589743589,0.14102564102564102,4.285301116548053,67.0
pp_quantile_fixed,FOODS_1_083_WI_3,1049.1068319625,1036.1149446599525,12.991887302547582,0.0,0.9529279445559871,0.9358974358974359,0.0641025641025641,13.283524931537853,92.0
pp_quantile_fixed,FOODS_1_085_CA_4,2492.488993030838,1980.3045002245324,512.1844928063059,0.0,0.7532829996116058,0.6666666666666666,0.3333333333333333,25.388519233647852,692.0
pp_quantile_fixed,FOODS_1_086_CA_2,945.9823908620576,835.1217755563252,110.86061530573241,0.0,0.8104946746910557,0.8076923076923077,0.19230769230769232,10.706689430209298,195.0
pp_quantile_fixed,FOODS_1_086_WI_2,1094.2836554856522,828.6752339913737,265.60842149427856,0.0,0.6500547806399493,0.6923076923076923,0.3076923076923077,10.624041461427868,253.0
pp_quantile_fixed,FOODS_1_089_CA_1,337.67240955322256,306.70974124033074,30.962668312891797,0.0,0.6774722050740438,0.8846153846153846,0.11538461538461539,3.93217616974783,32.0
pp_quantile_fixed,FOODS_1_091_TX_3,360.6015527617257,360.6015527617257,0.0,0.0,1.0,1.0,0.0,4.623096830278535,4.0
pp_quantile_fixed,FOODS_1_094_WI_1,313.5493942660744,259.7755476928309,53.77384657324346,0.0,0.7284149162967503,0.8205128205128205,0.1794871794871795,3.3304557396516783,66.0
pp_quantile_fixed,FOODS_1_098_CA_2,222.74369004541165,221.5236883665457,1.2200016788659465,0.0,0.968717905670104,0.9871794871794872,0.01282051282051282,2.840047286750586,13.0
pp_quantile_fixed,FOODS_1_098_TX_1,259.8992896329996,199.6570774356065,60.242212197393144,0.0,0.6596485186587957,0.8461538461538461,0.15384615384615385,2.5597061209693144,59.0
pp_quantile_fixed,FOODS_1_099_CA_2,2721.53964122694,2185.067503804738,536.472137422202,0.0,0.7354673878588748,0.7051282051282052,0.2948717948717949,28.01368594621459,676.0
pp_quantile_fixed,FOODS_1_099_TX_1,2049.3689236203095,1662.7577032867773,386.61122033353234,0.0,0.6762050080958691,0.717948717948718,0.28205128205128205,21.317406452394582,398.0
pp_quantile_fixed,FOODS_1_101_CA_1,1375.9788280218456,1375.9788280218456,0.0,0.0,1.0,1.0,0.0,17.640754205408278,0.0
pp_quantile_fixed,FOODS_1_102_TX_2,393.068561071073,330.44756918624677,62.62099188482624,0.0,0.6930343535057538,0.7948717948717948,0.20512820512820512,4.236507297259574,68.0
pp_quantile_fixed,FOODS_1_106_CA_1,590.9499308721367,489.35712752769405,101.59280334444273,0.0,0.689318644206597,0.7435897435897436,0.2564102564102564,6.273809327278129,109.0
pp_quantile_fixed,FOODS_1_107_TX_2,295.2239024672271,289.1488205560822,6.075081911144868,0.0,0.9276775962958944,0.9743589743589743,0.02564102564102564,3.707036160975413,28.0
pp_quantile_fixed,FOODS_1_111_WI_2,168.52708038075517,165.75140606836806,2.775674312387098,0.0,0.8971972476893667,0.9871794871794872,0.01282051282051282,2.125018026517539,9.0
pp_quantile_fixed,FOODS_1_119_WI_1,387.2574688893493,316.074963402216,71.18250548713328,0.0,0.6292577839211808,0.7948717948717948,0.20512820512820512,4.05224312054123,64.0
pp_quantile_fixed,FOODS_1_122_WI_3,569.9570591224295,435.9915538969407,133.96550522548887,0.0,0.5578696197178585,0.7307692307692307,0.2692307692307692,5.589635306371035,101.0
pp_quantile_fixed,FOODS_1_131_CA_1,324.5952261690307,278.81151268610637,45.783713482924334,0.0,0.736875209868251,0.8205128205128205,0.1794871794871795,3.5745065728987995,58.0
pp_quantile_fixed,FOODS_1_132_WI_3,287.47702889395754,232.894863728572,54.58216516538555,0.0,0.6567159423560658,0.8333333333333334,0.16666666666666666,2.9858315862637435,53.0
pp_quantile_fixed,FOODS_1_134_CA_2,295.03746744769114,243.6507500978531,51.38671734983808,0.0,0.736478372564933,0.8717948717948718,0.1282051282051282,3.123727565357091,65.0
pp_quantile_fixed,FOODS_1_139_TX_3,824.8364720550841,579.0104079867253,245.82606406835873,0.0,0.5594514980853786,0.6666666666666666,0.3333333333333333,7.423210358804171,186.0
pp_quantile_fixed,FOODS_1_143_CA_1,906.2280042711167,818.9969636144364,87.2310406566803,0.0,0.7655079552239777,0.8846153846153846,0.11538461538461539,10.499961071979953,124.0
pp_quantile_fixed,FOODS_1_143_WI_2,590.0712727896832,590.0712727896832,0.0,0.0,1.0,1.0,0.0,7.565016317816451,34.0
pp_quantile_fixed,FOODS_1_147_TX_2,207.72583387609237,185.63830031118064,22.087533564911713,0.0,0.7896425374770313,0.9230769230769231,0.07692307692307693,2.3799782091177004,35.0
pp_quantile_fixed,FOODS_1_149_CA_3,753.0204618689991,687.8668650307889,65.15359683821023,0.0,0.8342147663149867,0.8589743589743589,0.14102564102564102,8.81880596193319,131.0
pp_quantile_fixed,FOODS_1_156_TX_3,359.9686005591511,325.6316445176119,34.33695604153921,0.0,0.7615489163781999,0.8589743589743589,0.14102564102564102,4.174764673302716,48.0
pp_quantile_fixed,FOODS_1_159_CA_4,450.3034192681009,431.61469385936846,18.688725408732463,0.0,0.5550303474111319,0.9743589743589743,0.02564102564102564,5.533521716145749,14.0
pp_quantile_fixed,FOODS_1_161_CA_4,2651.642219126895,2450.70257334556,200.93964578133495,0.0,0.7846306047359755,0.8205128205128205,0.1794871794871795,31.41926376084051,311.0
pp_quantile_fixed,FOODS_1_161_WI_3,2357.2017567319385,1841.5382485831901,515.6635081487484,0.0,0.6477708277672485,0.6666666666666666,0.3333333333333333,23.609464725425514,488.0
pp_quantile_fixed,FOODS_1_168_WI_1,295.7875081385762,267.3152447095233,28.472263429052894,0.0,0.7034139226140323,0.8974358974358975,0.10256410256410256,3.4271185219169658,32.0
pp_quantile_fixed,FOODS_1_174_TX_2,213.1457734650036,188.70926142056095,24.436512044442654,0.0,0.7531665450056297,0.9230769230769231,0.07692307692307693,2.419349505391807,33.0
pp_quantile_fixed,FOODS_1_175_CA_3,674.6202092712463,604.7534755435081,69.86673372773815,0.0,0.7227510566359596,0.8076923076923077,0.19230769230769232,7.7532496864552325,84.0
pp_quantile_fixed,FOODS_1_183_CA_2,652.2726453724953,580.5287916478931,71.7438537246022,0.0,0.827952389149635,0.7948717948717948,0.20512820512820512,7.442676815998629,139.0
pp_quantile_fixed,FOODS_1_183_CA_4,552.66740291907,469.6845397674605,82.98286315160955,0.0,0.6960334683091225,0.8461538461538461,0.15384615384615385,6.021596663685391,91.0
pp_quantile_fixed,FOODS_1_185_WI_1,727.1116548005965,588.3904898064487,138.72116499414778,0.0,0.6300768933489391,0.7564102564102564,0.24358974358974358,7.543467818031394,125.0
pp_quantile_fixed,FOODS_1_191_TX_1,220.84478740178346,184.939997695724,35.90478970605946,0.0,0.7007934191161711,0.8846153846153846,0.11538461538461539,2.371025611483641,40.0
pp_quantile_fixed,FOODS_1_192_CA_4,1042.4712657558293,1033.4712657558293,9.0,0.0,0.0,0.9743589743589743,0.02564102564102564,13.249631612254221,3.0
pp_quantile_fixed,FOODS_1_203_WI_1,405.02235087491647,374.8278200102809,30.194530864635546,0.0,0.8136140070084226,0.9102564102564102,0.08974358974358974,4.805484871926678,54.0
pp_quantile_fixed,FOODS_1_207_CA_4,428.76113248758406,327.2409697811254,101.5201627064587,0.0,0.6649499580644928,0.7435897435897436,0.2564102564102564,4.195397048475966,101.0
pp_quantile_fixed,FOODS_1_208_WI_3,435.1088206662844,353.29023934095744,81.81858132532696,0.0,0.6714113199786066,0.7564102564102564,0.24358974358974358,4.529362042832788,83.0
pp_quantile_fixed,FOODS_1_209_CA_4,669.9426281926956,669.9426281926956,0.0,0.0,1.0,1.0,0.0,8.589008053752508,1.0
pp_quantile_fixed,FOODS_1_214_TX_3,359.8375741606235,348.4438989192627,11.393675241360778,0.0,0.800110960677881,0.9487179487179487,0.05128205128205128,4.467229473323881,19.0
pp_quantile_fixed,FOODS_1_215_CA_1,862.235561780098,743.8402568391027,118.3953049409953,0.0,0.6379348472752437,0.8589743589743589,0.14102564102564102,9.536413549219265,109.0
pp_quantile_fixed,FOODS_2_001_TX_1,521.7836073036875,445.68712915648956,76.09647814719797,0.0,0.7015824386384393,0.8461538461538461,0.15384615384615385,5.713937553288328,85.0
pp_quantile_fixed,FOODS_2_002_CA_3,490.0406337245871,399.1749642428477,90.86566948173943,0.0,0.663460483400965,0.782051282051282,0.21794871794871795,5.117627746703175,90.0
pp_quantile_fixed,FOODS_2_004_CA_1,465.50111763152375,386.00662448029095,79.4944931512328,0.0,0.754646626076442,0.8589743589743589,0.14102564102564102,4.948802877952448,108.0
pp_quantile_fixed,FOODS_2_009_CA_1,488.422243720527,453.6311349677637,34.79110875276325,0.0,0.8493891395984273,0.9230769230769231,0.07692307692307693,5.815783781637997,77.0
pp_quantile_fixed,FOODS_2_009_WI_1,826.3796660153407,661.8546160397148,164.52504997562596,0.0,0.6217814943089058,0.717948717948718,0.28205128205128205,8.485315590252753,145.0
pp_quantile_fixed,FOODS_2_012_CA_3,323.3315013601772,318.9270552028671,4.40444615731007,0.0,0.9475661171748803,0.9743589743589743,0.02564102564102564,4.088808400036758,28.0
pp_quantile_fixed,FOODS_2_014_CA_3,608.0767298515575,513.4935733348274,94.58315651673013,0.0,0.678288583276428,0.7692307692307693,0.23076923076923078,6.583250940190094,98.0
pp_quantile_fixed,FOODS_2_014_TX_1,305.0991174667107,293.9051860822614,11.193931384449275,0.0,0.8713341220178243,0.9358974358974359,0.0641025641025641,3.768015206182839,29.0
pp_quantile_fixed,FOODS_2_015_CA_1,475.7917706073176,429.76735605925654,46.02441454806105,0.0,0.7485004669504861,0.8846153846153846,0.11538461538461539,5.509837898195597,61.0
pp_quantile_fixed,FOODS_2_017_WI_1,301.7274503912777,270.94626688735184,30.78118350392588,0.0,0.7719912333042528,0.9102564102564102,0.08974358974358974,3.4736700882993827,45.0
pp_quantile_fixed,FOODS_2_017_WI_3,244.34841063436372,244.34841063436372,0.0,0.0,1.0,1.0,0.0,3.1326719312097913,2.0
pp_quantile_fixed,FOODS_2_024_CA_4,454.512357932262,393.8632708785461,60.64908705371591,0.0,0.6841193382618963,0.8717948717948718,0.1282051282051282,5.049529113827513,64.0
pp_quantile_fixed,FOODS_2_024_TX_2,501.9726364048626,496.28886987854327,5.683766526319337,0.0,0.9487948961592853,0.9743589743589743,0.02564102564102564,6.3626778189556825,37.0
pp_quantile_fixed,FOODS_2_029_TX_3,1367.4687298328681,1009.3736460106674,358.0950838222009,0.0,0.5659453529427868,0.717948717948718,0.28205128205128205,12.94068776936753,275.0
pp_quantile_fixed,FOODS_2_031_TX_1,1159.3324120605141,1159.3324120605141,0.0,0.0,1.0,1.0,0.0,14.863236052057873,9.0
pp_quantile_fixed,FOODS_2_034_WI_3,588.3383404081685,558.76836722276,29.56997318540842,0.0,0.8916850799069289,0.9358974358974359,0.0641025641025641,7.163697015676411,91.0
pp_quantile_fixed,FOODS_2_043_TX_2,432.9015645412921,401.65297058821017,31.248593953081922,0.0,0.6279929291299771,0.8974358974358975,0.10256410256410256,5.149397058823207,28.0
pp_quantile_fixed,FOODS_2_045_TX_1,279.19419490298475,268.722037011922,10.472157891062755,0.0,0.7818300439361926,0.9615384615384616,0.038461538461538464,3.4451543206656665,16.0
pp_quantile_fixed,FOODS_2_046_CA_3,277.84771647703246,261.3057521672704,16.54196430976205,0.0,0.709790099828736,0.9358974358974359,0.0641025641025641,3.3500737457342358,19.0
pp_quantile_fixed,FOODS_2_047_CA_4,424.7230487819927,355.15294335881407,69.57010542317866,0.0,0.6823282857389102,0.7948717948717948,0.20512820512820512,4.553242863574539,73.0
pp_quantile_fixed,FOODS_2_047_WI_3,543.6793001809473,471.7648216003135,71.9144785806338,0.0,0.6716233854765581,0.8333333333333334,0.16666666666666666,6.048266943593763,73.0
pp_quantile_fixed,FOODS_2_051_WI_3,479.64957127533074,413.3770791358398,66.27249213949096,0.0,0.7014752606329235,0.8076923076923077,0.19230769230769232,5.299706142767176,74.0
pp_quantile_fixed,FOODS_2_055_TX_1,529.3156009038387,470.0299025412222,59.28569836261652,0.0,0.7919800057452052,0.8846153846153846,0.11538461538461539,6.026024391554131,95.0
pp_quantile_fixed,FOODS_2_067_CA_2,1406.474480773326,1406.474480773326,0.0,0.0,1.0,1.0,0.0,18.03172411247854,15.0
pp_quantile_fixed,FOODS_2_067_WI_3,681.1314903171228,681.1314903171228,0.0,0.0,1.0,1.0,0.0,8.732455004065677,0.0
pp_quantile_fixed,FOODS_2_082_TX_3,988.9102041688201,847.3118418108551,141.59836235796502,0.0,0.766339336042962,0.8205128205128205,0.1794871794871795,10.862972330908399,202.0
pp_quantile_fixed,FOODS_2_084_WI_1,472.5524198577887,442.10503872454876,30.447381133239965,0.0,0.8550124707940955,0.8974358974358975,0.10256410256410256,5.668013316981394,70.0
pp_quantile_fixed,FOODS_2_085_TX_2,273.6047357483258,247.69246392441107,25.912271823914736,0.0,0.7665561096944618,0.8974358974358975,0.10256410256410256,3.1755444092873213,37.0
pp_quantile_fixed,FOODS_2_087_WI_3,197.16114462210277,192.513023712464,4.648120909638779,0.0,0.9139236868585411,0.9743589743589743,0.02564102564102564,2.4681156886213333,18.0
pp_quantile_fixed,FOODS_2_100_WI_3,653.7183916532753,500.39105016056413,153.32734149271113,0.0,0.6296441026746108,0.7692307692307693,0.23076923076923078,6.415269873853386,138.0
pp_quantile_fixed,FOODS_2_101_WI_1,430.75947983954126,367.96704234523787,62.792437494303385,0.0,0.7773317819350942,0.8589743589743589,0.14102564102564102,4.717526183913306,94.0
pp_quantile_fixed,FOODS_2_104_CA_2,429.43479697637963,394.6527271495567,34.78206982682289,0.0,0.8216304111444981,0.8717948717948718,0.1282051282051282,5.05965034807124,65.0
pp_quantile_fixed,FOODS_2_105_TX_3,427.8215607949058,383.206092859292,44.61546793561378,0.0,0.7193995727319887,0.8974358974358975,0.10256410256410256,4.91289862640118,53.0
pp_quantile_fixed,FOODS_2_107_CA_1,515.5593185760998,444.7705164568231,70.78880211927677,0.0,0.7157076220109367,0.8205128205128205,0.1794871794871795,5.7021861084208085,83.0
pp_quantile_fixed,FOODS_2_107_CA_3,835.4449078485056,696.8168772398312,138.62803060867446,0.0,0.6116861887712199,0.8333333333333334,0.16666666666666666,8.933549708202964,119.0
pp_quantile_fixed,FOODS_2_108_TX_1,277.9683659864347,247.06367981159147,30.904686174843274,0.0,0.7547247128980692,0.8974358974358975,0.10256410256410256,3.167483074507583,42.0
pp_quantile_fixed,FOODS_2_108_WI_2,660.8904106952743,520.032026862301,140.85838383297335,0.0,0.6597623578913687,0.7435897435897436,0.2564102564102564,6.667077267465397,138.0
pp_quantile_fixed,FOODS_2_116_TX_3,552.6086666406818,529.0353322505191,23.57333439016273,0.0,0.8966081824992863,0.9102564102564102,0.08974358974358974,6.78250425962204,76.0
pp_quantile_fixed,FOODS_2_117_WI_2,1482.1588640221562,1292.3401095260344,189.81875449612176,0.0,0.7187870303761158,0.7564102564102564,0.24358974358974358,16.568462942641467,225.0
pp_quantile_fixed,FOODS_2_118_CA_2,270.8603715722292,229.2599392952138,41.6004322770154,0.0,0.6444407497690992,0.8717948717948718,0.1282051282051282,2.9392299909642796,39.0
pp_quantile_fixed,FOODS_2_118_CA_4,282.7373213810291,213.64856757860588,69.08875380242327,0.0,0.5571233730613893,0.782051282051282,0.21794871794871795,2.7390841997257165,52.0
pp_quantile_fixed,FOODS_2_124_CA_4,359.3947892184757,357.3052196284546,2.0895695900210693,0.0,0.9668322287298243,0.9871794871794872,0.01282051282051282,4.580836149082751,21.0
pp_quantile_fixed,FOODS_2_124_WI_2,268.15947445913565,262.4759306643177,5.683543794817956,0.0,0.8947491889848526,0.9615384615384616,0.038461538461538464,3.365076034157919,18.0
pp_quantile_fixed,FOODS_2_128_TX_3,6410.5375603586735,5874.075120717349,536.4624396413246,0.0,0.4597558513179007,0.7435897435897436,0.2564102564102564,75.30865539381216,331.0
pp_quantile_fixed,FOODS_2_129_TX_2,173.65936875503846,169.4455965756111,4.213772179427377,0.0,0.912213079595263,0.9871794871794872,0.01282051282051282,2.172379443277065,16.0
pp_quantile_fixed,FOODS_2_130_WI_2,1114.01287279396,1044.5086807608288,69.50419203313109,0.0,0.893724477013561,0.8974358974358975,0.10256410256410256,13.39113693283114,218.0
pp_quantile_fixed,FOODS_2_132_TX_2,310.77518238268567,310.77518238268567,0.0,0.0,1.0,1.0,0.0,3.984297210034432,0.0
pp_quantile_fixed,FOODS_2_133_TX_2,389.5106290604617,344.1923682267365,45.31826083372522,0.0,0.7149794916117911,0.8717948717948718,0.1282051282051282,4.412722669573545,53.0
pp_quantile_fixed,FOODS_2_133_TX_3,303.57160457882094,208.524398655069,95.04720592375193,0.0,0.47195996709026705,0.7692307692307693,0.23076923076923078,2.6733897263470388,60.0
pp_quantile_fixed,FOODS_2_141_CA_3,535.6814835629535,448.04110472693407,87.6403788360195,0.0,0.7786859120302537,0.7435897435897436,0.2564102564102564,5.744116727268385,132.0
pp_quantile_fixed,FOODS_2_146_WI_1,505.77316168168784,432.1963737107036,73.57678797098426,0.0,0.7885724483592407,0.8589743589743589,0.14102564102564102,5.540979150137225,116.0
pp_quantile_fixed,FOODS_2_148_CA_2,481.5403523210367,450.7806377194323,30.75971460160438,0.0,0.8232200310252622,0.8717948717948718,0.1282051282051282,5.779238945120928,58.0
pp_quantile_fixed,FOODS_2_149_TX_1,1125.5966162109628,874.0655341532245,251.5310820577384,0.0,0.6737599454504041,0.7307692307692307,0.2692307692307692,11.205968386579801,257.0
pp_quantile_fixed,FOODS_2_155_CA_4,643.5421184941562,643.5421184941562,0.0,0.0,1.0,1.0,0.0,8.25053998069431,10.0
pp_quantile_fixed,FOODS_2_159_CA_1,245.95337128231773,226.47236227642176,19.481009005895977,0.0,0.7835443443789335,0.9230769230769231,0.07692307692307693,2.9034918240566894,30.0
pp_quantile_fixed,FOODS_2_163_TX_3,489.7861446872541,420.6069394658771,69.17920522137699,0.0,0.6883819584622659,0.8205128205128205,0.1794871794871795,5.392396659818937,74.0
pp_quantile_fixed,FOODS_2_165_CA_4,241.7976939851921,237.3626839473343,4.435010037857802,0.0,0.8521663320714066,0.9743589743589743,0.02564102564102564,3.043111332658132,10.0
pp_quantile_fixed,FOODS_2_165_TX_1,178.17656581566166,178.17656581566166,0.0,0.0,1.0,1.0,0.0,2.2843149463546366,4.0
pp_quantile_fixed,FOODS_2_166_TX_2,1322.64437646952,1308.9628185483837,13.681557921136285,0.0,0.5854073357231429,0.9871794871794872,0.01282051282051282,16.78157459677415,11.0
pp_quantile_fixed,FOODS_2_169_TX_3,264.9917002728734,264.2213067066185,0.7703935662549011,0.0,0.9828801429721133,0.9871794871794872,0.01282051282051282,3.3874526500848527,15.0
pp_quantile_fixed,FOODS_2_172_CA_2,420.1620230800189,325.5637824055145,94.59824067450441,0.0,0.6908554226323383,0.8076923076923077,0.19230769230769232,4.173894646224545,102.0
pp_quantile_fixed,FOODS_2_176_WI_3,340.32724530963446,338.2158254623132,2.1114198473212564,0.0,0.9560120865141405,0.9871794871794872,0.01282051282051282,4.3361003264399125,16.0
pp_quantile_fixed,FOODS_2_177_WI_1,416.16111840688507,382.31875378740597,33.8423646194791,0.0,0.7599832296490844,0.9358974358974359,0.0641025641025641,4.901522484453922,47.0
pp_quantile_fixed,FOODS_2_182_TX_3,323.66928394096396,306.98334371048173,16.685940230482203,0.0,0.8205812878442774,0.9487179487179487,0.05128205128205128,3.935683893724125,31.0
pp_quantile_fixed,FOODS_2_183_CA_4,892.8879255482223,706.0549980697208,186.8329274785015,0.0,0.7244352102086999,0.7435897435897436,0.2564102564102564,9.05198715474001,226.0
pp_quantile_fixed,FOODS_2_186_TX_1,221.83122657994028,205.66347156793296,16.16775501200731,0.0,0.8581775876139709,0.9102564102564102,0.08974358974358974,2.6367111739478584,38.0
pp_quantile_fixed,FOODS_2_187_CA_1,275.6243732735068,240.5442320307584,35.08014124274844,0.0,0.7563879080364692,0.8461538461538461,0.15384615384615385,3.083900410650749,48.0
pp_quantile_fixed,FOODS_2_192_CA_2,734.2237793939042,684.3867892575049,49.836990136399294,0.0,0.8567902582287374,0.8846153846153846,0.11538461538461539,8.774189605865448,116.0
pp_quantile_fixed,FOODS_2_192_TX_1,362.3448545363335,355.71680006456893,6.628054471764582,0.0,0.8895324254705903,0.9871794871794872,0.01282051282051282,4.560471795699602,20.0
pp_quantile_fixed,FOODS_2_198_CA_4,249.65497701526388,224.05543931733632,25.599537697927566,0.0,0.5733410383678739,0.9102564102564102,0.08974358974358974,2.8725056322735427,20.0
pp_quantile_fixed,FOODS_2_200_TX_1,475.34662283372967,442.211583085884,33.13503974784569,0.0,0.6318328916906034,0.9358974358974359,0.0641025641025641,5.669379270331846,30.0
pp_quantile_fixed,FOODS_2_201_WI_3,559.027795452442,449.17826547150355,109.84952998093846,0.0,0.7047055645673699,0.7948717948717948,0.20512820512820512,5.7586957111731225,124.0
pp_quantile_fixed,FOODS_2_202_WI_3,395.0249878966229,348.586220945051,46.438766951571914,0.0,0.7185529275662308,0.8461538461538461,0.15384615384615385,4.469054114680142,55.0
pp_quantile_fixed,FOODS_2_204_CA_4,754.9453493943291,630.0853954244274,124.8599539699018,0.0,0.7522619960914647,0.782051282051282,0.21794871794871795,8.078017890056762,168.0
pp_quantile_fixed,FOODS_2_206_CA_3,943.526657487916,862.251287532882,81.27536995503414,0.0,0.8494900556388256,0.8333333333333334,0.16666666666666666,11.054503686319,180.0
pp_quantile_fixed,FOODS_2_207_CA_3,193.68751353412594,193.55425691216726,0.13325662195866705,0.0,0.9965831635395214,0.9871794871794872,0.01282051282051282,2.4814648322072728,13.0
pp_quantile_fixed,FOODS_2_208_TX_1,604.4889031494539,534.4181775586227,70.07072559083119,0.0,0.8230537232554769,0.8076923076923077,0.19230769230769232,6.851515096905419,132.0
pp_quantile_fixed,FOODS_2_212_CA_2,628.0308985431985,552.7422111695937,75.2886873736048,0.0,0.777909476774027,0.8076923076923077,0.19230769230769232,7.0864386047383805,113.0
pp_quantile_fixed,FOODS_2_214_CA_3,396.0238977286623,390.8492251047987,5.1746726238635965,0.0,0.9520863645938556,0.9871794871794872,0.01282051282051282,5.010887501343573,36.0
pp_quantile_fixed,FOODS_2_218_CA_4,311.08193696532805,290.0818932849902,21.00004368033787,0.0,0.8571425599977017,0.9358974358974359,0.0641025641025641,3.718998631858849,49.0
pp_quantile_fixed,FOODS_2_219_TX_1,394.192522573315,355.39199005633236,38.800532516982614,0.0,0.6596444516054157,0.8589743589743589,0.14102564102564102,4.556307564824774,38.0
pp_quantile_fixed,FOODS_2_224_TX_2,271.3569831703458,241.7775780431981,29.579405127147698,0.0,0.813966005489637,0.8717948717948718,0.1282051282051282,3.09971253901536,53.0
pp_quantile_fixed,FOODS_2_231_CA_1,681.1890345420602,673.8762172751269,7.312817266933277,0.0,0.9390598561088893,0.9743589743589743,0.02564102564102564,8.639438683014447,40.0
pp_quantile_fixed,FOODS_2_234_WI_3,289.9660465696644,287.33489926812877,2.631147301535627,0.0,0.9451844312180078,0.9871794871794872,0.01282051282051282,3.6837807598478047,16.0
pp_quantile_fixed,FOODS_2_235_CA_2,675.6367012075103,615.9747859871504,59.66191522035992,0.0,0.7660317050181964,0.8846153846153846,0.11538461538461539,7.897112640860903,85.0
pp_quantile_fixed,FOODS_2_241_CA_3,3032.5631983913,2253.2210353096457,779.3421630816542,0.0,0.6784892066494825,0.6666666666666666,0.3333333333333333,28.887449170636483,808.0
pp_quantile_fixed,FOODS_2_241_WI_3,1142.549246132857,914.4450606867955,228.10418544606142,0.0,0.7225009909415312,0.7435897435897436,0.2564102564102564,11.723654624189686,274.0
pp_quantile_fixed,FOODS_2_242_CA_3,808.8947618426937,742.3875091462788,66.50725269641487,0.0,0.8072253545031454,0.8717948717948718,0.1282051282051282,9.517788578798447,115.0
pp_quantile_fixed,FOODS_2_242_WI_1,805.6674726272148,599.4684515586383,206.19902106857646,0.0,0.6026993813707583,0.7692307692307693,0.23076923076923078,7.685492968700491,173.0
pp_quantile_fixed,FOODS_2_250_WI_2,600.8970244470811,533.3303822528517,67.56664219422939,0.0,0.6182675582246927,0.8717948717948718,0.1282051282051282,6.837569003241688,59.0
pp_quantile_fixed,FOODS_2_253_CA_1,445.0900657253144,356.906973699564,88.18309202575043,0.0,0.6872939999086866,0.782051282051282,0.21794871794871795,4.575730432045693,94.0
pp_quantile_fixed,FOODS_2_254_TX_3,455.02581943779086,392.9190978615551,62.10672157623576,0.0,0.5940737151880014,0.7948717948717948,0.20512820512820512,5.037424331558398,51.0
pp_quantile_fixed,FOODS_2_254_WI_1,169.9640361377746,138.69288998699426,31.271146150780336,0.0,0.6139364672743168,0.9102564102564102,0.08974358974358974,1.778113974192234,27.0
pp_quantile_fixed,FOODS_2_255_TX_2,2499.000000000002,2493.0000000000023,5.999999999999659,0.0,0.9677419354838728,0.9743589743589743,0.02564102564102564,31.961538461538492,62.0
pp_quantile_fixed,FOODS_2_261_WI_2,558.1538568050285,500.9709014958762,57.182955309152206,0.0,0.7858316280556097,0.8589743589743589,0.14102564102564102,6.422703865331746,89.0
pp_quantile_fixed,FOODS_2_270_CA_3,361.424673731809,345.38122050759944,16.043453224209525,0.0,0.7028990143664902,0.9487179487179487,0.05128205128205128,4.427964365482044,18.0
pp_quantile_fixed,FOODS_2_270_WI_2,430.9090897835769,403.886215080836,27.022874702740907,0.0,0.7426392885453248,0.9230769230769231,0.07692307692307693,5.178028398472256,35.0
pp_quantile_fixed,FOODS_2_271_WI_2,193.05296928323642,183.00408044097026,10.048888842266178,0.0,0.7423361835316364,0.9487179487179487,0.05128205128205128,2.346206159499619,13.0
pp_quantile_fixed,FOODS_2_273_TX_3,232.1968689108133,216.88222709804103,15.314641812772269,0.0,0.6809449622339111,0.9487179487179487,0.05128205128205128,2.780541373051808,16.0
pp_quantile_fixed,FOODS_2_274_CA_3,1348.4691011360874,1166.6258943565495,181.84320677953787,0.0,0.7604173823721503,0.8076923076923077,0.19230769230769232,14.956742235340377,253.0
pp_quantile_fixed,FOODS_2_274_TX_2,903.8485283664143,847.6002869484304,56.248241417983905,0.0,0.862136663191216,0.9230769230769231,0.07692307692307693,10.866670345492697,136.0
pp_quantile_fixed,FOODS_2_278_CA_4,375.06477476722335,308.82650612888955,66.23826863833382,0.0,0.6320096186759232,0.8589743589743589,0.14102564102564102,3.9593141811396095,60.0
pp_quantile_fixed,FOODS_2_284_TX_3,281.4952108606092,278.9970991468965,2.498111713712664,0.0,0.9666918438171644,0.9743589743589743,0.02564102564102564,3.5768858864986735,25.0
pp_quantile_fixed,FOODS_2_284_WI_2,366.7865433628606,313.6432431771451,53.143300185715475,0.0,0.6657654076370095,0.8717948717948718,0.1282051282051282,4.021067220219809,53.0
pp_quantile_fixed,FOODS_2_290_WI_1,643.0591102111686,506.2604193162945,136.79869089487408,0.0,0.6742888312026808,0.7307692307692307,0.2692307692307692,6.49051819636275,140.0
pp_quantile_fixed,FOODS_2_298_TX_2,358.84028100407295,333.6177559630919,25.222525040981072,0.0,0.794938820805032,0.9102564102564102,0.08974358974358974,4.277150717475537,41.0
pp_quantile_fixed,FOODS_2_306_TX_1,331.36443172637524,302.645394332909,28.719037393466223,0.0,0.8005622403231513,0.8974358974358975,0.10256410256410256,3.880069158114218,48.0
pp_quantile_fixed,FOODS_2_309_TX_2,596.7793433533427,530.6313158393959,66.14802751394683,0.0,0.6062617409884118,0.8205128205128205,0.1794871794871795,6.802965587684564,56.0
pp_quantile_fixed,FOODS_2_311_WI_3,531.6370585825405,430.81173660338044,100.82532197916007,0.0,0.6306764762668129,0.8076923076923077,0.19230769230769232,5.523227392351031,91.0
pp_quantile_fixed,FOODS_2_312_CA_1,350.29486940776064,337.7708870278303,12.523982379930317,0.0,0.8653335227964482,0.9487179487179487,0.05128205128205128,4.330395987536286,31.0
pp_quantile_fixed,FOODS_2_312_TX_2,487.18734245538883,449.70961975530736,37.4777227000815,0.0,0.8240482502343591,0.8589743589743589,0.14102564102564102,5.765507945580864,71.0
pp_quantile_fixed,FOODS_2_313_CA_4,297.1292137586124,297.1292137586124,0.0,0.0,1.0,1.0,0.0,3.809348894341185,2.0
pp_quantile_fixed,FOODS_2_321_WI_1,315.1518343906587,257.83073888793314,57.32109550272553,0.0,0.7190142377317376,0.8205128205128205,0.1794871794871795,3.30552229343504,68.0
pp_quantile_fixed,FOODS_2_325_WI_3,1961.859182851728,1483.1935878643253,478.66559498740276,0.0,0.688976221580635,0.6666666666666666,0.3333333333333333,19.01530240851699,513.0
pp_quantile_fixed,FOODS_2_326_WI_1,1954.9615446561593,1636.0120812003713,318.9494634557879,0.0,0.7947558150220154,0.7307692307692307,0.2692307692307692,20.974513861543223,518.0
pp_quantile_fixed,FOODS_2_329_TX_3,201.79602871238959,199.03374605516007,2.7622826572295125,0.0,0.9515389007503594,0.9871794871794872,0.01282051282051282,2.5517146930148726,19.0
pp_quantile_fixed,FOODS_2_332_TX_2,372.99824329461364,369.92706762363434,3.071175670979306,0.0,0.9777451038334831,0.9743589743589743,0.02564102564102564,4.7426547131235175,46.0
pp_quantile_fixed,FOODS_2_332_WI_1,284.66242625025535,256.10290744190166,28.55951880835368,0.0,0.7427070377625795,0.8974358974358975,0.10256410256410256,3.2833706082295087,37.0
pp_quantile_fixed,FOODS_2_338_TX_3,607.10766592045,527.1438682925702,79.96379762787981,0.0,0.7778783399225561,0.7948717948717948,0.20512820512820512,6.758254721699618,120.0
pp_quantile_fixed,FOODS_2_340_WI_2,638.8299351166742,585.1232759748548,53.706659141819436,0.0,0.8054106552832628,0.8589743589743589,0.14102564102564102,7.501580461216087,92.0
pp_quantile_fixed,FOODS_2_342_CA_3,1800.8433781389704,1454.7030626137328,346.1403155252377,0.0,0.726587428495073,0.7307692307692307,0.2692307692307692,18.650039264278625,422.0
pp_quantile_fixed,FOODS_2_347_WI_3,2849.5773658380126,2141.1091062945793,708.4682595434332,0.0,0.647528229082869,0.6923076923076923,0.3076923076923077,27.4501167473664,670.0
pp_quantile_fixed,FOODS_2_350_WI_2,671.3499574171713,641.5580198798409,29.791937537330305,0.0,0.6575639363525253,0.8846153846153846,0.11538461538461539,8.225102818972319,29.0
pp_quantile_fixed,FOODS_2_351_CA_1,369.38528473933275,315.2279608013392,54.15732393799354,0.0,0.652837667064144,0.8846153846153846,0.11538461538461539,4.041384112837682,52.0
pp_quantile_fixed,FOODS_2_354_CA_4,282.7015189389269,251.8060757557074,30.89544318321946,0.0,0.4579746809961498,0.8974358974358975,0.10256410256410256,3.2282830225090695,19.0
pp_quantile_fixed,FOODS_2_355_WI_2,679.410358525704,571.957710392087,107.45264813361698,0.0,0.7658983700792659,0.7948717948717948,0.20512820512820512,7.332791158872911,153.0
pp_quantile_fixed,FOODS_2_356_CA_2,657.5958881168415,571.479198335948,86.11668978089341,0.0,0.788929681909575,0.8461538461538461,0.15384615384615385,7.326656388922411,136.0
pp_quantile_fixed,FOODS_2_370_CA_2,422.29223154987903,362.95248739403854,59.33974415584052,0.0,0.5791507506677978,0.8461538461538461,0.15384615384615385,4.653237017872289,47.0
pp_quantile_fixed,FOODS_2_370_CA_3,543.7974625789541,502.8613046826924,40.93615789626173,0.0,0.6209615009605395,0.8846153846153846,0.11538461538461539,6.446939803624261,36.0
pp_quantile_fixed,FOODS_2_371_WI_3,2642.746116750115,2222.1838359500625,420.5622808000526,0.0,0.7767716131634539,0.7564102564102564,0.24358974358974358,28.489536358334135,628.0
pp_quantile_fixed,FOODS_2_376_TX_1,361.2603308961487,343.5592495240593,17.701081372089405,0.0,0.8744604158007844,0.9230769230769231,0.07692307692307693,4.4046057631289655,47.0
pp_quantile_fixed,FOODS_2_386_CA_2,451.00669061666343,416.07503290306266,34.931657713600785,0.0,0.7623696754176816,0.9102564102564102,0.08974358974358974,5.334295293629008,49.0
pp_quantile_fixed,FOODS_2_387_WI_2,502.46127142006844,446.58224237880427,55.87902904126416,0.0,0.8321951079841917,0.8076923076923077,0.19230769230769232,5.725413363830824,111.0
pp_quantile_fixed,FOODS_2_389_TX_2,404.1588673611113,404.1588673611113,0.0,0.0,1.0,1.0,0.0,5.181523940527067,3.0
pp_quantile_fixed,FOODS_2_390_CA_4,470.405853285903,470.405853285903,0.0,0.0,1.0,1.0,0.0,6.030844272896192,4.0
pp_quantile_fixed,FOODS_2_399_TX_2,629.2774276962948,562.6479293371184,66.6294983591764,0.0,0.7943534001259989,0.8589743589743589,0.14102564102564102,7.213434991501518,108.0
pp_quantile_fixed,FOODS_3_003_WI_3,845.6348083197632,816.68835686093,28.946451458833327,0.0,0.7162112602075164,0.9358974358974359,0.0641025641025641,10.470363549499101,34.0
pp_quantile_fixed,FOODS_3_009_CA_4,287.6808702293968,257.4476205567046,30.233249672692214,0.0,0.7900468772729708,0.8589743589743589,0.14102564102564102,3.300610519957751,48.0
pp_quantile_fixed,FOODS_3_009_TX_2,563.9673407298534,528.5480720567361,35.41926867311721,0.0,0.844652330381065,0.9102564102564102,0.08974358974358974,6.77625733406072,76.0
pp_quantile_fixed,FOODS_3_011_CA_1,838.699950294126,628.0181720057866,210.68177828833933,0.0,0.6946640894371894,0.7051282051282052,0.2948717948717949,8.051515025715213,230.0
pp_quantile_fixed,FOODS_3_014_CA_1,790.6935381585808,790.6935381585808,0.0,0.0,1.0,1.0,0.0,10.13709664305873,2.0
pp_quantile_fixed,FOODS_3_019_TX_2,445.38589444901623,445.38589444901623,0.0,0.0,1.0,1.0,0.0,5.710075569859183,48.0
pp_quantile_fixed,FOODS_3_022_CA_1,248.73394434423525,246.67734806603383,2.0565962782014147,0.0,0.976360962319524,0.9871794871794872,0.01282051282051282,3.16253010341069,29.0
pp_quantile_fixed,FOODS_3_023_TX_1,430.31967783683746,352.595504014276,77.72417382256145,0.0,0.6915707387993594,0.8205128205128205,0.1794871794871795,4.520455179670205,84.0
pp_quantile_fixed,FOODS_3_023_TX_3,328.34922558185013,298.7638756728164,29.585349909033702,0.0,0.8356369449498128,0.8846153846153846,0.11538461538461539,3.8303060983694412,60.0
pp_quantile_fixed,FOODS_3_023_WI_2,361.7088348240635,332.8956456669364,28.813189157127113,0.0,0.8187849738545465,0.8846153846153846,0.11538461538461539,4.267892893165851,53.0
pp_quantile_fixed,FOODS_3_024_TX_3,1458.5495636494913,1447.742937707212,10.806625942279418,0.0,0.9815271351414028,0.9615384615384616,0.038461538461538464,18.560806893682205,195.0
pp_quantile_fixed,FOODS_3_024_WI_1,2231.3169074771745,2198.3169074771745,33.0,0.0,0.8533333333333334,0.9743589743589743,0.02564102564102564,28.18355009586121,75.0
pp_quantile_fixed,FOODS_3_026_CA_1,808.6940359569883,682.6606914936597,126.03334446332863,0.0,0.7557493324354096,0.7948717948717948,0.20512820512820512,8.75206014735461,172.0
pp_quantile_fixed,FOODS_3_030_TX_3,6091.315977290364,4692.881369276933,1398.4346080134314,0.0,0.721538309834044,0.6538461538461539,0.34615384615384615,60.16514575996067,1674.0
pp_quantile_fixed,FOODS_3_034_CA_1,667.3114026656463,546.3425938825003,120.9688087831459,0.0,0.7180214247479116,0.8205128205128205,0.1794871794871795,7.004392229262824,143.0
pp_quantile_fixed,FOODS_3_035_WI_1,485.485616861599,452.00948143801537,33.47613542358364,0.0,0.8170702982317833,0.9230769230769231,0.07692307692307693,5.794993351769428,61.0
pp_quantile_fixed,FOODS_3_036_CA_4,440.93972361141556,431.8508807195406,9.08884289187497,0.0,0.6633761891898159,0.9743589743589743,0.02564102564102564,5.536549752814623,9.0
pp_quantile_fixed,FOODS_3_038_CA_4,365.22515023706046,316.1937870074381,49.03136322962237,0.0,0.7631335109680079,0.8717948717948718,0.1282051282051282,4.05376650009536,69.0
pp_quantile_fixed,FOODS_3_038_WI_1,452.50287931240075,389.2762174323226,63.226661880078154,0.0,0.707283972777416,0.8333333333333334,0.16666666666666666,4.990720736311828,72.0
pp_quantile_fixed,FOODS_3_040_WI_1,759.7366146351708,619.3445017364726,140.39211289869817,0.0,0.4800292114863031,0.717948717948718,0.28205128205128205,7.940314124826571,90.0
pp_quantile_fixed,FOODS_3_048_TX_1,739.5121653635524,731.6832154244687,7.828949939083715,0.0,0.9592242190672723,0.9743589743589743,0.02564102564102564,9.380554043903444,64.0
pp_quantile_fixed,FOODS_3_048_TX_3,683.1233602793391,646.7722936492163,36.35106663012273,0.0,0.8888346586234779,0.9102564102564102,0.08974358974358974,8.29195248268226,109.0
pp_quantile_fixed,FOODS_3_049_TX_1,339.1716843450559,330.3251141238185,8.846570221237407,0.0,0.8946836878424119,0.9743589743589743,0.02564102564102564,4.2349373605617755,28.0
pp_quantile_fixed,FOODS_3_050_CA_2,373.0232355597156,334.2491082520278,38.7741273076878,0.0,0.8070938939916029,0.8717948717948718,0.1282051282051282,4.2852449775901,67.0
pp_quantile_fixed,FOODS_3_053_CA_4,510.4191518335407,422.50623298413797,87.91291884940276,0.0,0.6707381316501769,0.8461538461538461,0.15384615384615385,5.416746576719717,89.0
pp_quantile_fixed,FOODS_3_054_WI_3,1037.3999999999987,1037.3999999999987,0.0,0.0,1.0,1.0,0.0,13.299999999999983,0.0
pp_quantile_fixed,FOODS_3_057_WI_3,240.6770071558689,227.94600019591437,12.731006959954534,0.0,0.7878165506674245,0.9358974358974359,0.0641025641025641,2.922384617896338,20.0
pp_quantile_fixed,FOODS_3_066_CA_4,1255.2361332820499,982.9354313513832,272.3007019306667,0.0,0.6735003573972821,0.7051282051282052,0.2948717948717949,12.601736299376707,278.0
pp_quantile_fixed,FOODS_3_066_TX_3,1235.8201210032653,1024.531962642719,211.2881583605464,0.0,0.7227189522827475,0.7564102564102564,0.24358974358974358,13.13502516208614,254.0
pp_quantile_fixed,FOODS_3_067_CA_4,388.29403341996937,326.40413457153477,61.88989884843462,0.0,0.7628739507722812,0.8333333333333334,0.16666666666666666,4.184668391942753,87.0
pp_quantile_fixed,FOODS_3_072_WI_3,252.61961436130213,229.54091178406966,23.078702577232477,0.0,0.7863083094700696,0.9230769230769231,0.07692307692307693,2.9428322023598676,36.0
pp_quantile_fixed,FOODS_3_074_CA_2,741.3750834170793,581.2677240919875,160.1073593250918,0.0,0.7083654657102152,0.7435897435897436,0.2564102564102564,7.4521503088716345,183.0
pp_quantile_fixed,FOODS_3_091_TX_1,210.2857753097983,167.76807188194698,42.51770342785132,0.0,0.6919006997981788,0.8589743589743589,0.14102564102564102,2.1508727164352175,46.0
pp_quantile_fixed,FOODS_3_091_WI_1,226.0904808185422,190.20431382944764,35.886166989094555,0.0,0.5875153219644303,0.8717948717948718,0.1282051282051282,2.4385168439672773,29.0
pp_quantile_fixed,FOODS_3_094_TX_2,609.4464273470066,556.1254419766648,53.32098537034186,0.0,0.8204680627261216,0.8717948717948718,0.1282051282051282,7.1298133586751895,99.0
pp_quantile_fixed,FOODS_3_101_WI_3,1398.4790556258474,1165.9238011149343,232.55525451091302,0.0,0.721156769171567,0.7435897435897436,0.2564102564102564,14.947741039935055,278.0
pp_quantile_fixed,FOODS_3_102_WI_2,568.1509102180062,482.4903882555694,85.66052196243677,0.0,0.7404226607198886,0.8333333333333334,0.16666666666666666,6.1857742084047365,110.0
pp_quantile_fixed,FOODS_3_103_TX_1,211.02822704568558,199.35595831899084,11.672268726694735,0.0,0.8308366851203661,0.9487179487179487,0.05128205128205128,2.5558456194742414,23.0
pp_quantile_fixed,FOODS_3_103_WI_1,513.7576930932696,423.3510579264607,90.40663516680885,0.0,0.7800325178423142,0.7948717948717948,0.20512820512820512,5.427577665723855,137.0
pp_quantile_fixed,FOODS_3_110_WI_1,220.13949123933003,210.8351333135486,9.304357925781439,0.0,0.8707728065863689,0.9358974358974359,0.0641025641025641,2.7030145296608796,24.0
pp_quantile_fixed,FOODS_3_111_TX_1,274.08776245238107,249.36511498551732,24.722647466863737,0.0,0.5421731950580789,0.8974358974358975,0.10256410256410256,3.1969886536604784,18.0
pp_quantile_fixed,FOODS_3_111_WI_1,302.10872461622233,290.07115064153135,12.037573974690979,0.0,0.8746086044303023,0.9358974358974359,0.0641025641025641,3.7188609056606583,32.0
pp_quantile_fixed,FOODS_3_117_CA_4,412.40994885879024,341.9058371914979,70.50411166729236,0.0,0.6987003774902038,0.8333333333333334,0.16666666666666666,4.3834081691217675,78.0
pp_quantile_fixed,FOODS_3_120_TX_1,4048.2923041559334,2799.3179670291347,1248.974337126799,0.0,0.5575719670114067,0.6410256410256411,0.358974358974359,35.88869188498891,941.0
pp_quantile_fixed,FOODS_3_125_CA_1,836.0783685524567,820.9623164446826,15.116052107774067,0.0,0.8950274159182356,0.9487179487179487,0.05128205128205128,10.525157903136957,48.0
pp_quantile_fixed,FOODS_3_126_WI_1,538.1342560725344,473.70038192483423,64.43387414770021,0.0,0.8281763356061327,0.8333333333333334,0.16666666666666666,6.073081819549157,125.0
pp_quantile_fixed,FOODS_3_133_CA_1,2156.612866222431,1618.9217655811767,537.6911006412541,0.0,0.6855607598589157,0.6538461538461539,0.34615384615384615,20.755407251040726,570.0
pp_quantile_fixed,FOODS_3_133_CA_2,1665.428277294715,1326.2644362653516,339.1638410293633,0.0,0.7504313163875178,0.6666666666666666,0.3333333333333333,17.00339020853015,453.0
pp_quantile_fixed,FOODS_3_133_TX_1,1205.3372404457282,1032.375566495338,172.96167395039026,0.0,0.7131647198169316,0.7692307692307693,0.23076923076923078,13.235584185837666,201.0
pp_quantile_fixed,FOODS_3_134_TX_1,1377.994767567413,1072.109619062495,305.88514850491777,0.0,0.6965425114038515,0.7307692307692307,0.2692307692307692,13.744995116185834,336.0
pp_quantile_fixed,FOODS_3_136_CA_1,1336.726507485876,1000.4806080713626,336.2458994145135,0.0,0.697892273661713,0.6153846153846154,0.38461538461538464,12.826674462453367,371.0
pp_quantile_fixed,FOODS_3_138_WI_3,654.8397037876787,489.9902304727576,164.849473314921,0.0,0.6709591350999582,0.7307692307692307,0.2692307692307692,6.281926031702021,167.0
pp_quantile_fixed,FOODS_3_141_TX_3,255.58034959517758,241.37193270370423,14.208416891473338,0.0,0.784720956189798,0.9358974358974359,0.0641025641025641,3.094511957739798,22.0
pp_quantile_fixed,FOODS_3_154_CA_1,307.08940156910217,301.86845324965356,5.2209483194486355,0.0,0.9419894631172373,0.9871794871794872,0.01282051282051282,3.8701083749955583,30.0
pp_quantile_fixed,FOODS_3_155_TX_1,224.22245681859675,213.42549771353345,10.796959105063298,0.0,0.8000563128691982,0.9358974358974359,0.0641025641025641,2.7362243296606854,18.0
pp_quantile_fixed,FOODS_3_157_CA_2,508.4461238912102,489.7161988278149,18.72992506339532,0.0,0.8959448607589148,0.9102564102564102,0.08974358974358974,6.278412805484806,60.0
pp_quantile_fixed,FOODS_3_158_WI_3,221.36376832927488,201.4377950450559,19.925973284218983,0.0,0.7709658243193221,0.9230769230769231,0.07692307692307693,2.582535833910973,29.0
pp_quantile_fixed,FOODS_3_160_CA_1,166.0,61.0,105.0,0.0,0.027777777777777776,0.8461538461538461,0.15384615384615385,0.782051282051282,36.0
pp_quantile_fixed,FOODS_3_160_TX_1,468.0,468.0,0.0,0.0,1.0,1.0,0.0,6.0,0.0
pp_quantile_fixed,FOODS_3_160_WI_2,67.50882020734834,29.95842123484062,37.550398972507715,0.0,0.03716925711518683,0.9230769230769231,0.07692307692307693,0.3840823235235977,13.0
pp_quantile_fixed,FOODS_3_161_WI_1,362.6648194415832,358.6629106365749,4.001908805008254,0.0,0.9297910735963463,0.9743589743589743,0.02564102564102564,4.598242444058653,19.0
pp_quantile_fixed,FOODS_3_162_WI_2,409.2543042746735,398.50996073025635,10.744343544417116,0.0,0.9412877401944421,0.9358974358974359,0.0641025641025641,5.109102060644312,61.0
pp_quantile_fixed,FOODS_3_163_TX_2,343.4167203081915,273.152938506599,70.26378180159247,0.0,0.7307901080398757,0.8333333333333334,0.16666666666666666,3.501960750084603,87.0
pp_quantile_fixed,FOODS_3_169_TX_3,930.5048322683012,812.0867079652073,118.41812430309386,0.0,0.7436837136296669,0.8076923076923077,0.19230769230769232,10.411368050835991,154.0
pp_quantile_fixed,FOODS_3_171_WI_2,207.62517123719357,203.57558687413265,4.049584363060909,0.0,0.9100092363764243,0.9743589743589743,0.02564102564102564,2.6099434214632393,15.0
pp_quantile_fixed,FOODS_3_172_CA_3,721.0640032126462,641.5054580186404,79.55854519400572,0.0,0.840243885152599,0.7948717948717948,0.20512820512820512,8.224428948956929,166.0
pp_quantile_fixed,FOODS_3_172_TX_3,802.6203107959649,723.7878544778793,78.83245631808563,0.0,0.7734699531089493,0.8589743589743589,0.14102564102564102,9.279331467665118,116.0
pp_quantile_fixed,FOODS_3_176_WI_3,312.8884834133214,283.62996932215816,29.258514091163235,0.0,0.7832702659913834,0.9358974358974359,0.0641025641025641,3.6362816579763866,45.0
pp_quantile_fixed,FOODS_3_178_WI_2,557.8343491827137,462.32891570218254,95.50543348053117,0.0,0.7279047479187145,0.8333333333333334,0.16666666666666666,5.927293791053622,117.0
pp_quantile_fixed,FOODS_3_180_WI_1,434.16892357363645,394.1997796299539,39.96914394368255,0.0,0.7815893773569259,0.8846153846153846,0.11538461538461539,5.053843328589153,61.0
pp_quantile_fixed,FOODS_3_184_WI_3,1217.0,1094.0,123.0,0.0,0.3387096774193548,0.782051282051282,0.21794871794871795,14.025641025641026,62.0
pp_quantile_fixed,FOODS_3_192_TX_2,612.3424304145103,516.0140812012169,96.32834921329342,0.0,0.749144923923715,0.782051282051282,0.21794871794871795,6.615565143605345,128.0
pp_quantile_fixed,FOODS_3_197_WI_1,384.45111937748163,367.9552393829759,16.495879994505728,0.0,0.8281679167238987,0.9230769230769231,0.07692307692307693,4.717374863884307,32.0
pp_quantile_fixed,FOODS_3_198_TX_2,616.0,616.0,0.0,0.0,1.0,1.0,0.0,7.897435897435898,2.0
pp_quantile_fixed,FOODS_3_198_WI_3,316.17676707607967,316.17676707607967,0.0,0.0,1.0,1.0,0.0,4.053548295847175,4.0
pp_quantile_fixed,FOODS_3_199_CA_2,983.4034145696234,929.382072646509,54.02134192311436,0.0,0.5998419116806343,0.8717948717948718,0.1282051282051282,11.915154777519346,45.0
pp_quantile_fixed,FOODS_3_199_TX_1,563.1164853446227,540.3032505243971,22.81323482022555,0.0,0.7183551256762278,0.9230769230769231,0.07692307692307693,6.926964750312783,27.0
pp_quantile_fixed,FOODS_3_204_CA_2,351.2492118615138,311.9117178956704,39.337493965843436,0.0,0.7951172189278988,0.8717948717948718,0.1282051282051282,3.9988681781496203,64.0
pp_quantile_fixed,FOODS_3_204_CA_4,424.6328815149022,400.32117858832,24.311702926582193,0.0,0.8275765749887788,0.9487179487179487,0.05128205128205128,5.132322802414358,47.0
pp_quantile_fixed,FOODS_3_205_TX_1,1179.2402307427562,1179.2402307427562,0.0,0.0,1.0,1.0,0.0,15.118464496702003,10.0
pp_quantile_fixed,FOODS_3_208_WI_3,381.8274002396174,301.0026442099015,80.82475602971587,0.0,0.7039386226017733,0.7564102564102564,0.24358974358974358,3.8590082591013015,91.0
pp_quantile_fixed,FOODS_3_209_TX_2,332.6304653983578,330.14574166954844,2.4847237288093575,0.0,0.9362891351587344,0.9871794871794872,0.01282051282051282,4.232637713712159,13.0
pp_quantile_fixed,FOODS_3_210_TX_1,199.91961132406013,199.91961132406013,0.0,0.0,1.0,1.0,0.0,2.563071940052053,0.0
pp_quantile_fixed,FOODS_3_211_CA_1,645.8183417495882,469.2257999309618,176.59254181862633,0.0,0.5912209680124391,0.717948717948718,0.28205128205128205,6.01571538373028,144.0
pp_quantile_fixed,FOODS_3_215_CA_3,840.3437153832708,725.1884361265556,115.15527925671523,0.0,0.7890928951342211,0.8461538461538461,0.15384615384615385,9.297287642648149,182.0
pp_quantile_fixed,FOODS_3_215_CA_4,603.3140072205935,495.50864577414137,107.80536144645208,0.0,0.6577607573128507,0.7435897435897436,0.2564102564102564,6.352674945822325,105.0
pp_quantile_fixed,FOODS_3_224_CA_1,538.1959002511785,374.3018658697182,163.89403438146033,0.0,0.6520296509947764,0.6538461538461539,0.34615384615384615,4.7987418701245925,157.0
pp_quantile_fixed,FOODS_3_229_CA_1,439.7504906987597,387.8726873112959,51.87780338746377,0.0,0.6609293896244198,0.8846153846153846,0.11538461538461539,4.97272676040123,51.0
pp_quantile_fixed,FOODS_3_232_WI_3,414.0025104214264,383.0926073075143,30.90990311391208,0.0,0.8126672538550783,0.8974358974358975,0.10256410256410256,4.91144368342967,55.0
pp_quantile_fixed,FOODS_3_237_WI_3,599.2473278810581,577.3109510431793,21.936376837878772,0.0,0.8739288687478232,0.9230769230769231,0.07692307692307693,7.4014224492715295,58.0
pp_quantile_fixed,FOODS_3_239_CA_4,298.5111001721647,259.2981236859132,39.212976486251485,0.0,0.7623455970530213,0.8974358974358975,0.10256410256410256,3.324334919050169,55.0
pp_quantile_fixed,FOODS_3_240_TX_3,448.3936428647238,401.5448326422653,46.84881022245848,0.0,0.773677245302133,0.8846153846153846,0.11538461538461539,5.148010674900838,69.0
pp_quantile_fixed,FOODS_3_243_WI_1,366.8419210289984,363.9630721272823,2.878848901716111,0.0,0.9494938789172612,0.9871794871794872,0.01282051282051282,4.6661932324010555,19.0
pp_quantile_fixed,FOODS_3_246_CA_2,690.3040436706966,583.0636259184181,107.2404177522785,0.0,0.7409651745114045,0.8205128205128205,0.1794871794871795,7.4751746912617705,138.0
pp_quantile_fixed,FOODS_3_246_TX_2,357.4864058077874,320.74792700254335,36.73847880524402,0.0,0.7924379728517287,0.8717948717948718,0.1282051282051282,4.1121529102890175,59.0
pp_quantile_fixed,FOODS_3_247_CA_3,575.7354724158284,481.2369796151113,94.49849280071712,0.0,0.6294176752913054,0.8076923076923077,0.19230769230769232,6.1697048668604015,85.0
pp_quantile_fixed,FOODS_3_255_WI_2,327.6525486358482,326.7808392513743,0.8717093844738759,0.0,0.9883772082070149,0.9871794871794872,0.01282051282051282,4.189497939120183,25.0
pp_quantile_fixed,FOODS_3_256_WI_1,231.27485069596364,223.451591250583,7.823259445380655,0.0,0.7102496501710868,0.9615384615384616,0.038461538461538464,2.8647639903920896,9.0
pp_quantile_fixed,FOODS_3_257_TX_2,707.8756129218517,622.8785258239351,84.99708709791658,0.0,0.812368461152502,0.8076923076923077,0.19230769230769232,7.985622125947886,151.0
pp_quantile_fixed,FOODS_3_258_CA_3,1513.714486187882,1232.17364491913,281.54084126875193,0.0,0.7039528482978423,0.782051282051282,0.21794871794871795,15.797098011783719,317.0
pp_quantile_fixed,FOODS_3_258_TX_1,1004.0349041249481,894.8026721780673,109.23223194688083,0.0,0.8241026860758763,0.782051282051282,0.21794871794871795,11.471829130488041,207.0
pp_quantile_fixed,FOODS_3_258_TX_2,998.348159875012,887.0459868895473,111.30217298546478,0.0,0.8241671832773068,0.7948717948717948,0.20512820512820512,11.372384447301888,211.0
pp_quantile_fixed,FOODS_3_258_WI_2,1527.4335974051194,1208.4508118889946,318.9827855161247,0.0,0.7013269798538158,0.717948717948718,0.28205128205128205,15.492959126781983,356.0
pp_quantile_fixed,FOODS_3_265_TX_3,459.1249489436209,436.9665516159096,22.158397327711263,0.0,0.9076733444678698,0.9102564102564102,0.08974358974358974,5.602135277127046,80.0
pp_quantile_fixed,FOODS_3_265_WI_2,399.45299017360054,368.4539795690836,30.99901060451697,0.0,0.8480440656641325,0.9230769230769231,0.07692307692307693,4.7237689688344044,68.0
pp_quantile_fixed,FOODS_3_270_WI_3,222.55654032183065,206.5465454467703,16.00999487506037,0.0,0.8278495174724692,0.9487179487179487,0.05128205128205128,2.6480326339329525,31.0
pp_quantile_fixed,FOODS_3_271_WI_2,680.9950566582454,665.1415713537552,15.853485304490144,0.0,0.8921531611939446,0.9487179487179487,0.05128205128205128,8.527456042996862,49.0
pp_quantile_fixed,FOODS_3_277_CA_4,467.81977099033395,385.91828303354026,81.90148795679366,0.0,0.6629568396839767,0.8205128205128205,0.1794871794871795,4.947670295301799,81.0
pp_quantile_fixed,FOODS_3_278_WI_2,1930.2326978780175,1628.395336691941,301.83736118607624,0.0,0.7718538464201993,0.7948717948717948,0.20512820512820512,20.876863290922323,441.0
pp_quantile_fixed,FOODS_3_279_TX_3,210.61420239445087,207.89885067579266,2.715351718658203,0.0,0.9353487686033761,0.9871794871794872,0.01282051282051282,2.66536988045888,14.0
pp_quantile_fixed,FOODS_3_280_WI_3,274.4077129500955,216.8690914412878,57.538621508807736,0.0,0.6855813032305589,0.8076923076923077,0.19230769230769232,2.7803729671959974,61.0
pp_quantile_fixed,FOODS_3_282_WI_3,10463.394575620134,8369.564138851312,2093.830436768821,0.0,0.6942866934196494,0.6666666666666666,0.3333333333333333,107.3021043442476,2283.0
pp_quantile_fixed,FOODS_3_286_TX_3,330.17361444851747,320.54698300427657,9.626631444240893,0.0,0.9056212603505794,0.9487179487179487,0.05128205128205128,4.1095767051830325,34.0
pp_quantile_fixed,FOODS_3_286_WI_3,391.6138034228078,350.57680861698543,41.03699480582236,0.0,0.8017536482810513,0.8461538461538461,0.15384615384615385,4.494574469448531,69.0
pp_quantile_fixed,FOODS_3_289_TX_3,239.81000402911275,236.5174225321078,3.292581497004969,0.0,0.942235412333246,0.9743589743589743,0.02564102564102564,3.0322746478475358,19.0
pp_quantile_fixed,FOODS_3_295_TX_1,3321.2240238305435,2613.565105429475,707.6589184010686,0.0,0.6541256508303673,0.7051282051282052,0.2948717948717949,33.50724494140353,682.0
pp_quantile_fixed,FOODS_3_296_CA_4,458.04849529923024,426.9795119656598,31.068983333570444,0.0,0.8329624551958578,0.8974358974358975,0.10256410256410256,5.474096307252049,62.0
pp_quantile_fixed,FOODS_3_300_WI_2,1301.832710107984,804.8840408568273,496.9486692511566,0.0,0.4790894452293956,0.6538461538461539,0.34615384615384615,10.319026164831119,318.0
pp_quantile_fixed,FOODS_3_302_CA_4,1261.3809929323274,1110.4647931353127,150.91619979701483,0.0,0.7557990294546686,0.7564102564102564,0.24358974358974358,14.236728117119393,206.0
pp_quantile_fixed,FOODS_3_309_CA_2,226.11569448534658,218.7436284636407,7.372066021705866,0.0,0.897610194142974,0.9615384615384616,0.038461538461538464,2.804405493123599,24.0
pp_quantile_fixed,FOODS_3_309_WI_1,298.20751285654717,290.37391498954344,7.833597867003741,0.0,0.903288915222176,0.9487179487179487,0.05128205128205128,3.7227424998659413,27.0
pp_quantile_fixed,FOODS_3_316_TX_3,292.7698976979698,273.9883894321796,18.78150826579021,0.0,0.7278042280320258,0.9230769230769231,0.07692307692307693,3.5126716593869176,23.0
pp_quantile_fixed,FOODS_3_318_TX_2,3010.367244192562,2430.4867138045943,579.8805303879675,0.0,0.642710702163914,0.6666666666666666,0.3333333333333333,31.160086074417876,541.0
pp_quantile_fixed,FOODS_3_331_TX_1,710.5108043013506,607.9494879808157,102.56131632053497,0.0,0.7849867582378721,0.8076923076923077,0.19230769230769232,7.794224204882252,159.0
pp_quantile_fixed,FOODS_3_335_TX_1,1563.0,1563.0,0.0,0.0,1.0,1.0,0.0,20.03846153846154,5.0
pp_quantile_fixed,FOODS_3_337_CA_1,320.7573425940276,304.006488531742,16.75085406228564,0.0,0.8638141946155639,0.9487179487179487,0.05128205128205128,3.8975190837402818,41.0
pp_quantile_fixed,FOODS_3_346_WI_3,961.6917691598062,795.3297480523506,166.36202110745552,0.0,0.7371848007781113,0.7692307692307693,0.23076923076923078,10.196535231440393,211.0
pp_quantile_fixed,FOODS_3_352_CA_1,599.8168014540486,550.8607856372297,48.956015816818855,0.0,0.6291210922968269,0.8717948717948718,0.1282051282051282,7.062317764579868,44.0
pp_quantile_fixed,FOODS_3_354_WI_2,470.6735308196931,419.86231316350114,50.81121765619197,0.0,0.7223430729169837,0.8461538461538461,0.15384615384615385,5.382850168762835,61.0
pp_quantile_fixed,FOODS_3_356_CA_1,719.3752302210434,636.5885904289574,82.78663979208595,0.0,0.8275278337664878,0.8846153846153846,0.11538461538461539,8.161392184986633,160.0
pp_quantile_fixed,FOODS_3_356_TX_2,495.3595072543084,435.37017108875494,59.989336165553496,0.0,0.7917036938696058,0.8333333333333334,0.16666666666666666,5.581668860112243,96.0
pp_quantile_fixed,FOODS_3_363_WI_3,1172.969470462548,857.8119874717273,315.1574829908207,0.0,0.5694569904496984,0.717948717948718,0.28205128205128205,10.997589582970862,244.0
pp_quantile_fixed,FOODS_3_365_TX_1,271.0463950933476,262.42089754270876,8.625497550638862,0.0,0.8486754815677392,0.9487179487179487,0.05128205128205128,3.364370481316779,19.0
pp_quantile_fixed,FOODS_3_367_TX_1,579.1191185613526,482.30725251128024,96.81186605007237,0.0,0.6836213527775412,0.7948717948717948,0.20512820512820512,6.183426314247183,102.0
pp_quantile_fixed,FOODS_3_370_CA_1,1048.382967847617,1022.4118080748883,25.971159772728676,0.0,0.7888523595713116,0.9487179487179487,0.05128205128205128,13.1078436932678,41.0
pp_quantile_fixed,FOODS_3_372_TX_3,1337.0601935572554,1117.8291697019756,219.2310238552797,0.0,0.8046069306102678,0.7564102564102564,0.24358974358974358,14.33114320130738,374.0
pp_quantile_fixed,FOODS_3_380_TX_3,290.9604708627244,280.8517347905747,10.108736072149682,0.0,0.8468373322401562,0.9743589743589743,0.02564102564102564,3.60066326654583,22.0
pp_quantile_fixed,FOODS_3_384_TX_1,246.6217915873268,231.26232520267138,15.35946638465542,0.0,0.7672808123537057,0.9230769230769231,0.07692307692307693,2.9649016051624537,22.0
pp_quantile_fixed,FOODS_3_385_CA_4,465.7334735432667,418.8393048571667,46.89416868609997,0.0,0.6674172433609932,0.8846153846153846,0.11538461538461539,5.369734677655984,47.0
pp_quantile_fixed,FOODS_3_385_TX_3,364.2072642232572,337.66392571504355,26.543338508213644,0.0,0.8117493722821728,0.8974358974358975,0.10256410256410256,4.329024688654404,47.0
pp_quantile_fixed,FOODS_3_387_CA_2,718.2626628909056,660.9466612727222,57.316001618183456,0.0,0.6178933225454436,0.8589743589743589,0.14102564102564102,8.47367514452208,50.0
pp_quantile_fixed,FOODS_3_390_TX_2,751.9768225409631,635.0092964196963,116.9675261212668,0.0,0.7347675144642477,0.7948717948717948,0.20512820512820512,8.141144825893543,147.0
pp_quantile_fixed,FOODS_3_392_WI_2,468.2656595278976,368.8841260663115,99.38153346158605,0.0,0.6192278411433484,0.7692307692307693,0.23076923076923078,4.729283667516815,87.0
pp_quantile_fixed,FOODS_3_392_WI_3,397.75289949527007,302.2859722121423,95.46692728312775,0.0,0.5812854066529485,0.7692307692307693,0.23076923076923078,3.8754611822069527,76.0
pp_quantile_fixed,FOODS_3_393_CA_3,2516.8526885583738,1981.9561404707938,534.8965480875798,0.0,0.7142646644831304,0.7307692307692307,0.2692307692307692,25.409694108599922,624.0
pp_quantile_fixed,FOODS_3_398_WI_3,252.2842295124973,228.48788727242703,23.796342240070253,0.0,0.7167102114277351,0.9358974358974359,0.0641025641025641,2.929331888108039,28.0
pp_quantile_fixed,FOODS_3_403_TX_1,1590.145357700715,1357.4635948467449,232.6817628539701,0.0,0.8070632148806219,0.7692307692307693,0.23076923076923078,17.403379421112113,402.0
pp_quantile_fixed,FOODS_3_405_TX_3,461.2048993904598,428.837341349142,32.36755804131779,0.0,0.8171324404445324,0.8974358974358975,0.10256410256410256,5.497914632681307,59.0
pp_quantile_fixed,FOODS_3_408_TX_2,250.2615847325003,249.9478148603609,0.31376987213940444,0.0,0.9869262553275249,0.9871794871794872,0.01282051282051282,3.204459164876422,8.0
pp_quantile_fixed,FOODS_3_416_CA_4,496.1520812211405,417.94253599916914,78.20954522197138,0.0,0.7339811387007776,0.8076923076923077,0.19230769230769232,5.358237641014989,98.0
pp_quantile_fixed,FOODS_3_416_WI_3,438.641122781046,366.426058321591,72.21506445945505,0.0,0.702818664775905,0.8205128205128205,0.1794871794871795,4.697769978481936,81.0
pp_quantile_fixed,FOODS_3_417_CA_3,414.80896056591564,361.84854299802197,52.96041756789368,0.0,0.754812881630122,0.8333333333333334,0.16666666666666666,4.6390838845900255,72.0
pp_quantile_fixed,FOODS_3_422_CA_1,649.6995804761547,594.115529352326,55.58405112382863,0.0,0.840275715161412,0.8846153846153846,0.11538461538461539,7.616865760927256,116.0
pp_quantile_fixed,FOODS_3_423_WI_2,516.1652456498091,457.5212109590985,58.644034690710654,0.0,0.7644817883907202,0.8333333333333334,0.16666666666666666,5.865656550757673,83.0
pp_quantile_fixed,FOODS_3_425_CA_1,322.2529050258669,302.3055719650988,19.94733306076808,0.0,0.8992558936324844,0.8974358974358975,0.10256410256410256,3.8757124610910103,66.0
pp_quantile_fixed,FOODS_3_427_WI_3,473.0408933970174,454.2915419327715,18.74935146424588,0.0,0.6323656575638064,0.9358974358974359,0.0641025641025641,5.824250537599634,17.0
pp_quantile_fixed,FOODS_3_428_TX_3,214.6281173832074,182.24344859476088,32.384668788446525,0.0,0.5502129334937983,0.9358974358974359,0.0641025641025641,2.336454469163601,24.0
pp_quantile_fixed,FOODS_3_434_CA_1,879.4581291289858,726.6447763282058,152.8133528007799,0.0,0.740113345576905,0.782051282051282,0.21794871794871795,9.315958670874434,196.0
pp_quantile_fixed,FOODS_3_434_WI_1,577.7652344689194,532.2011649119851,45.56406955693433,0.0,0.7860841804838764,0.8974358974358975,0.10256410256410256,6.823091857845962,71.0
pp_quantile_fixed,FOODS_3_441_TX_2,10865.399999999992,10865.399999999992,0.0,0.0,1.0,1.0,0.0,139.2999999999999,0.0
pp_quantile_fixed,FOODS_3_444_CA_4,5561.400000000008,5561.400000000008,0.0,0.0,1.0,1.0,0.0,71.3000000000001,0.0
pp_quantile_fixed,FOODS_3_444_TX_2,21317.39999999997,21317.39999999997,0.0,0.0,1.0,1.0,0.0,273.2999999999996,0.0
pp_quantile_fixed,FOODS_3_445_CA_3,978.8814658969843,817.0575431626354,161.82392273434886,0.0,0.5684695393750696,0.8076923076923077,0.19230769230769232,10.475096707213273,125.0
pp_quantile_fixed,FOODS_3_449_WI_1,568.2745761427575,437.4548076619857,130.81976848077178,0.0,0.7222510223338178,0.717948717948718,0.28205128205128205,5.608394970025458,157.0
pp_quantile_fixed,FOODS_3_451_CA_4,496.18349361319076,399.2773591930386,96.90613442015216,0.0,0.6410883910364734,0.8461538461538461,0.15384615384615385,5.118940502474854,90.0
pp_quantile_fixed,FOODS_3_453_TX_2,222.57574799685327,217.03187435412758,5.543873642725686,0.0,0.8460035099242865,0.9743589743589743,0.02564102564102564,2.7824599276170203,12.0
pp_quantile_fixed,FOODS_3_453_WI_2,200.44682642062864,184.63588297843708,15.810943442191551,0.0,0.8353026724771714,0.9102564102564102,0.08974358974358974,2.3671267048517572,32.0
pp_quantile_fixed,FOODS_3_454_CA_1,2416.8381070765636,2416.8381070765636,0.0,0.0,1.0,1.0,0.0,30.98510393687902,1.0
pp_quantile_fixed,FOODS_3_455_TX_1,3016.9997222384027,1957.7749389021149,1059.2247833362878,0.0,0.6521429282967857,0.5897435897435898,0.41025641025641024,25.099678703873266,1015.0
pp_quantile_fixed,FOODS_3_456_CA_4,233.6751883999508,215.37249811335593,18.302690286594874,0.0,0.7966367745933902,0.9102564102564102,0.08974358974358974,2.761185873248153,30.0
pp_quantile_fixed,FOODS_3_457_TX_3,233.59636497188802,224.12618261636203,9.470182355526003,0.0,0.7895515032105332,0.9487179487179487,0.05128205128205128,2.8734125976456673,15.0
pp_quantile_fixed,FOODS_3_458_TX_1,1659.595684694137,1325.4626581139526,334.1330265801843,0.0,0.7660132867085544,0.7564102564102564,0.24358974358974358,16.99311100146093,476.0
pp_quantile_fixed,FOODS_3_458_WI_1,1214.7133651498325,985.6751201012285,229.03824504860407,0.0,0.7767658430325498,0.6923076923076923,0.3076923076923077,12.636860514118313,342.0
pp_quantile_fixed,FOODS_3_464_TX_2,369.05098052409323,344.26966190792353,24.781318616169692,0.0,0.7335342084282828,0.9102564102564102,0.08974358974358974,4.4137136142041475,31.0
pp_quantile_fixed,FOODS_3_465_CA_3,391.7920146545033,360.3844132698223,31.407601384680994,0.0,0.7863428477232585,0.9102564102564102,0.08974358974358974,4.620312990638747,49.0
pp_quantile_fixed,FOODS_3_465_TX_2,273.15609258578326,266.1260115407448,7.030081045038481,0.0,0.9132088759871791,0.9487179487179487,0.05128205128205128,3.4118719428300617,27.0
pp_quantile_fixed,FOODS_3_465_WI_3,448.9324512113841,383.60323834580277,65.32921286558133,0.0,0.6487676727656918,0.8589743589743589,0.14102564102564102,4.917990235202599,62.0
pp_quantile_fixed,FOODS_3_468_TX_2,679.1078437642408,667.3856834294578,11.722160334783009,0.0,0.9764615254321626,0.9487179487179487,0.05128205128205128,8.556226710634075,166.0
pp_quantile_fixed,FOODS_3_471_WI_3,319.94026771783535,287.55725548057967,32.38301223725567,0.0,0.7601258352795877,0.8974358974358975,0.10256410256410256,3.6866314805202522,45.0
pp_quantile_fixed,FOODS_3_472_CA_1,237.90305826013196,201.91380181029513,35.98925644983683,0.0,0.6923995175227622,0.8589743589743589,0.14102564102564102,2.5886384847473733,39.0
pp_quantile_fixed,FOODS_3_474_CA_1,1069.7756962304034,682.3784012580129,387.3972949723905,0.0,0.5900557725159888,0.6794871794871795,0.32051282051282054,8.748441041769397,315.0
pp_quantile_fixed,FOODS_3_476_TX_3,981.0008610007493,780.7892100665082,200.2116509342411,0.0,0.7423273475749793,0.7307692307692307,0.2692307692307692,10.010118077775745,259.0
pp_quantile_fixed,FOODS_3_479_CA_3,1163.1670224922898,1028.9812843132388,134.1857381790509,0.0,0.7204463787936439,0.7564102564102564,0.24358974358974358,13.192067747605625,160.0
pp_quantile_fixed,FOODS_3_479_TX_2,770.1793633379258,687.2871405832021,82.89222275472365,0.0,0.7576250796645507,0.8333333333333334,0.16666666666666666,8.81137359722054,114.0
pp_quantile_fixed,FOODS_3_479_TX_3,649.2750823575624,559.0399955653863,90.23508679217606,0.0,0.6961781589489022,0.7948717948717948,0.20512820512820512,7.167179430325466,99.0
pp_quantile_fixed,FOODS_3_481_TX_2,263.3419953261337,243.4338139688756,19.908181357258094,0.0,0.7926231108618949,0.9487179487179487,0.05128205128205128,3.1209463329343023,32.0
pp_quantile_fixed,FOODS_3_498_TX_1,2234.543179753889,1858.8621227211602,375.68105703272875,0.0,0.6110962142518336,0.8846153846153846,0.11538461538461539,23.83156567591231,322.0
pp_quantile_fixed,FOODS_3_499_TX_1,3054.6207211229485,2415.9357008488023,638.6850202741464,0.0,0.7431905829215334,0.7307692307692307,0.2692307692307692,30.973534626266694,829.0
pp_quantile_fixed,FOODS_3_502_TX_2,796.2354564806494,563.2606476451648,232.97480883548468,0.0,0.628429332000822,0.717948717948718,0.28205128205128205,7.221290354425189,209.0
pp_quantile_fixed,FOODS_3_511_CA_1,5675.803787732451,4171.409163700739,1504.3946240317127,0.0,0.7262746317263986,0.6666666666666666,0.3333333333333333,53.479604662829985,1832.0
pp_quantile_fixed,FOODS_3_511_WI_2,3289.499971403754,2430.679401488351,858.8205699154032,0.0,0.6099815758785636,0.7051282051282052,0.2948717948717949,31.16255642933783,734.0
pp_quantile_fixed,FOODS_3_512_CA_1,251.1236015743764,251.1236015743764,0.0,0.0,1.0,1.0,0.0,3.2195333535176465,12.0
pp_quantile_fixed,FOODS_3_513_CA_1,531.0749170773915,430.4364327008941,100.63848437649739,0.0,0.7551375075997631,0.782051282051282,0.21794871794871795,5.518415803857617,137.0
pp_quantile_fixed,FOODS_3_514_CA_2,892.9593842129923,676.7316028706612,216.22778134233113,0.0,0.6738645831940706,0.7307692307692307,0.2692307692307692,8.676046190649503,221.0
pp_quantile_fixed,FOODS_3_515_CA_1,923.141122861843,748.6622043385152,174.47891852332782,0.0,0.6938966341696005,0.7692307692307693,0.23076923076923078,9.598233388955322,190.0
pp_quantile_fixed,FOODS_3_517_TX_1,229.67612412308586,215.51320750450296,14.162916618582901,0.0,0.7222957525768059,0.9358974358974359,0.0641025641025641,2.76298983980132,17.0
pp_quantile_fixed,FOODS_3_517_TX_3,173.46439581217518,166.0968450129098,7.367550799265392,0.0,0.8555382196222472,0.9615384615384616,0.038461538461538464,2.129446730934741,17.0
pp_quantile_fixed,FOODS_3_525_CA_4,390.1828893591481,341.48819144058064,48.69469791856744,0.0,0.5838060006960047,0.8974358974358975,0.10256410256410256,4.378053736417701,39.0
pp_quantile_fixed,FOODS_3_531_CA_3,395.0360043662059,348.7439489121784,46.292055454027484,0.0,0.7292862254150441,0.8717948717948718,0.1282051282051282,4.471076268104851,57.0
pp_quantile_fixed,FOODS_3_532_TX_3,758.972752550816,635.4967048574401,123.47604769337588,0.0,0.7180912153119273,0.8076923076923077,0.19230769230769232,8.147393652018463,146.0
pp_quantile_fixed,FOODS_3_532_WI_1,1558.4899431632796,1279.4909459650441,278.9989971982354,0.0,0.8037981735596095,0.7692307692307693,0.23076923076923078,16.403730076474925,474.0
pp_quantile_fixed,FOODS_3_533_TX_3,574.3811426091627,493.40034858283013,80.98079402633255,0.0,0.7546036544656589,0.8076923076923077,0.19230769230769232,6.325645494651669,110.0
pp_quantile_fixed,FOODS_3_533_WI_3,830.2073629876434,719.3599257423813,110.84743724526214,0.0,0.7969827156680181,0.7564102564102564,0.24358974358974358,9.22256315054335,182.0
pp_quantile_fixed,FOODS_3_538_WI_1,840.4010776780389,775.1125520720669,65.28852560597196,0.0,0.8568234087588334,0.8461538461538461,0.15384615384615385,9.937340411180346,152.0
pp_quantile_fixed,FOODS_3_544_TX_2,303.07251760539253,269.13469734487325,33.93782026051929,0.0,0.8082609024829419,0.8717948717948718,0.1282051282051282,3.450444837754785,59.0
pp_quantile_fixed,FOODS_3_545_CA_2,436.67594162536756,394.28646538074344,42.38947624462412,0.0,0.6553701118323242,0.8846153846153846,0.11538461538461539,5.054954684368505,41.0
pp_quantile_fixed,FOODS_3_546_CA_1,1478.4751274986256,1010.9568145006069,467.51831299801876,0.0,0.5099388752641313,0.6410256410256411,0.358974358974359,12.960984801289833,318.0
pp_quantile_fixed,FOODS_3_546_CA_3,1095.5415328836257,806.9185960600589,288.6229368235669,0.0,0.6916421615132833,0.717948717948718,0.28205128205128205,10.345110205898191,312.0
pp_quantile_fixed,FOODS_3_550_TX_1,247.00506876219316,246.97337512692158,0.031693635271586196,0.0,0.9992453896363909,0.9871794871794872,0.01282051282051282,3.1663253221400205,14.0
pp_quantile_fixed,FOODS_3_555_CA_3,7703.153795323009,5773.359595968928,1929.7941993540808,0.0,0.7161232422250543,0.7307692307692307,0.2692307692307692,74.01743071755037,2266.0
pp_quantile_fixed,FOODS_3_558_CA_4,390.0,390.0,0.0,0.0,1.0,1.0,0.0,5.0,0.0
pp_quantile_fixed,FOODS_3_563_WI_1,620.836441207387,620.836441207387,0.0,0.0,1.0,1.0,0.0,7.9594415539408585,11.0
pp_quantile_fixed,FOODS_3_573_WI_2,1182.8154925131873,1076.524249536632,106.2912429765554,0.0,0.7699323745096204,0.8717948717948718,0.1282051282051282,13.801592942777333,154.0
pp_quantile_fixed,FOODS_3_575_CA_1,371.90939260982384,333.967881144638,37.941511465185854,0.0,0.7567851829154753,0.8717948717948718,0.1282051282051282,4.281639501854333,52.0
pp_quantile_fixed,FOODS_3_575_WI_1,283.5975033136189,268.512861941073,15.084641372545892,0.0,0.8802806240274135,0.9358974358974359,0.0641025641025641,3.4424725889881156,42.0
pp_quantile_fixed,FOODS_3_575_WI_2,309.40320516552123,302.74866542040616,6.654539745115074,0.0,0.944545502124041,0.9615384615384616,0.038461538461538464,3.8813931464154634,40.0
pp_quantile_fixed,FOODS_3_578_WI_1,5111.8427445846055,5111.8427445846055,0.0,0.0,1.0,1.0,0.0,65.53644544339238,0.0
pp_quantile_fixed,FOODS_3_580_CA_1,1916.0867984272006,1689.6467980233247,226.44000040387596,0.0,0.7342253516386433,0.7948717948717948,0.20512820512820512,21.66213843619647,284.0
pp_quantile_fixed,FOODS_3_580_CA_3,4696.620999023859,4203.020568485029,493.6004305388305,0.0,0.712354061457558,0.8076923076923077,0.19230769230769232,53.8848790831414,572.0
pp_quantile_fixed,FOODS_3_582_CA_1,372.4227833618387,277.6327572742188,94.7900260876199,0.0,0.5212624945069702,0.8205128205128205,0.1794871794871795,3.5593943240284465,66.0
pp_quantile_fixed,FOODS_3_585_WI_1,265.1994756606779,215.92929787927787,49.27017778140004,0.0,0.6715321481239998,0.8333333333333334,0.16666666666666666,2.768324331785614,50.0
pp_quantile_fixed,FOODS_3_588_WI_3,539.3835935618952,495.9962773161806,43.3873162457146,0.0,0.8410721016640491,0.8846153846153846,0.11538461538461539,6.358926632258726,91.0
pp_quantile_fixed,FOODS_3_596_WI_1,723.4544220101269,590.4893836152198,132.9650383949071,0.0,0.7212472989624588,0.7435897435897436,0.2564102564102564,7.570376713015639,159.0
pp_quantile_fixed,FOODS_3_599_TX_3,908.5829058698406,908.5829058698406,0.0,0.0,1.0,1.0,0.0,11.648498793203085,2.0
pp_quantile_fixed,FOODS_3_605_WI_3,628.4327696487177,601.3166234310851,27.116146217632632,0.0,0.7621390682663803,0.9230769230769231,0.07692307692307693,7.709187479885706,38.0
pp_quantile_fixed,FOODS_3_606_TX_3,471.20325393985706,399.6566460038088,71.54660793604825,0.0,0.6330943182766756,0.8076923076923077,0.19230769230769232,5.123803153894984,65.0
pp_quantile_fixed,FOODS_3_608_CA_3,577.4270595831114,532.5872060191011,44.83985356401026,0.0,0.7069290616731355,0.8974358974358975,0.10256410256410256,6.828041102808989,51.0
pp_quantile_fixed,FOODS_3_610_TX_1,373.9542081563979,364.51704598255543,9.437162173842468,0.0,0.8033924547116152,0.9615384615384616,0.038461538461538464,4.673295461314813,16.0
pp_quantile_fixed,FOODS_3_615_CA_4,518.3412839673487,446.64783599732164,71.69344797002704,0.0,0.7457679149999041,0.8076923076923077,0.19230769230769232,5.726254307657969,94.0
pp_quantile_fixed,FOODS_3_618_WI_3,1151.5071273273013,985.0657571102072,166.44137021709406,0.0,0.6829688186341065,0.8846153846153846,0.11538461538461539,12.62904816807958,175.0
pp_quantile_fixed,FOODS_3_625_TX_1,196.63496284509714,196.63496284509714,0.0,0.0,1.0,1.0,0.0,2.52096106211663,4.0
pp_quantile_fixed,FOODS_3_626_WI_1,231.95363451597305,230.48995830070314,1.4636762152699099,0.0,0.9743214699075454,0.9871794871794872,0.01282051282051282,2.95499946539363,19.0
pp_quantile_fixed,FOODS_3_626_WI_2,277.08902212108006,263.94724527446874,13.141776846611329,0.0,0.7809703858898112,0.9487179487179487,0.05128205128205128,3.3839390419803683,20.0
pp_quantile_fixed,FOODS_3_628_WI_1,1602.071700023975,1242.7684779573804,359.30322206659457,0.0,0.6381639254112844,0.6666666666666666,0.3333333333333333,15.9329292045818,331.0
pp_quantile_fixed,FOODS_3_633_WI_1,578.6782564879023,539.5565448114804,39.12171167642187,0.0,0.7962410850186361,0.8717948717948718,0.1282051282051282,6.917391600147185,64.0
pp_quantile_fixed,FOODS_3_634_CA_4,1357.8413608226615,1189.7958177460537,168.04554307660771,0.0,0.753237087993234,0.7435897435897436,0.2564102564102564,15.253792535205816,227.0
pp_quantile_fixed,FOODS_3_638_TX_3,442.1869548587624,388.3715504406082,53.815404418154245,0.0,0.6550294588579857,0.8205128205128205,0.1794871794871795,4.9791224415462585,52.0
pp_quantile_fixed,FOODS_3_640_WI_2,610.6274353827368,573.8212535753013,36.806181807435614,0.0,0.8503813747665219,0.9102564102564102,0.08974358974358974,7.3566827381448885,82.0
pp_quantile_fixed,FOODS_3_642_TX_3,548.2519840459497,516.6236134379175,31.6283706080322,0.0,0.8150387683740806,0.9358974358974359,0.0641025641025641,6.623379659460481,57.0
pp_quantile_fixed,FOODS_3_644_WI_2,384.54046745535305,384.54046745535305,0.0,0.0,1.0,1.0,0.0,4.930005993017347,10.0
pp_quantile_fixed,FOODS_3_646_CA_2,867.679693061691,773.2875088987057,94.3921841629852,0.0,0.47559897687230446,0.8333333333333334,0.16666666666666666,9.913942421778279,60.0
pp_quantile_fixed,FOODS_3_646_WI_3,989.3984272004179,886.4841507189235,102.91427648149447,0.0,0.6056924272739677,0.8333333333333334,0.16666666666666666,11.365181419473378,87.0
pp_quantile_fixed,FOODS_3_651_CA_2,1184.0399171942368,930.8838755201592,253.15604167407758,0.0,0.7090160440527844,0.7307692307692307,0.2692307692307692,11.934408660514862,290.0
pp_quantile_fixed,FOODS_3_657_CA_4,526.832552769078,491.41736399355653,35.415188775521514,0.0,0.7540611890588783,0.8974358974358975,0.10256410256410256,6.3002226153020064,48.0
pp_quantile_fixed,FOODS_3_658_WI_1,526.0941339903919,455.0178987252038,71.07623526518812,0.0,0.6841056210436084,0.8717948717948718,0.1282051282051282,5.833562804169279,75.0
pp_quantile_fixed,FOODS_3_658_WI_3,288.6450928831075,276.87138771314676,11.773705169960738,0.0,0.8967218844740287,0.9615384615384616,0.038461538461538464,3.549633175809574,38.0
pp_quantile_fixed,FOODS_3_662_WI_2,238.97971747239882,238.71482793945168,0.26488953294712836,0.0,0.9919730444561476,0.9871794871794872,0.01282051282051282,3.060446512044252,11.0
pp_quantile_fixed,FOODS_3_663_CA_1,2496.0,2496.0,0.0,0.0,1.0,1.0,0.0,32.0,0.0
pp_quantile_fixed,FOODS_3_663_TX_2,530.3303155145826,441.67383837159474,88.65647714298788,0.0,0.6481885827659212,0.8333333333333334,0.16666666666666666,5.662485107328138,84.0
pp_quantile_fixed,FOODS_3_667_TX_3,189.4953193220032,177.87122558610736,11.624093735895851,0.0,0.701946314464209,0.9487179487179487,0.05128205128205128,2.2804003280270173,13.0
pp_quantile_fixed,FOODS_3_668_WI_3,2518.4705906762088,1939.5427389479908,578.927851728218,0.0,0.7341929055425997,0.717948717948718,0.28205128205128205,24.865932550615266,726.0
pp_quantile_fixed,FOODS_3_669_TX_1,1004.1357064641902,857.7082239629514,146.4274825012388,0.0,0.7210905095214498,0.7692307692307693,0.23076923076923078,10.9962592815763,175.0
pp_quantile_fixed,FOODS_3_670_CA_4,463.29356974611784,453.08890134456215,10.20466840155569,0.0,0.838021136483243,0.9487179487179487,0.05128205128205128,5.808832068520028,21.0
pp_quantile_fixed,FOODS_3_672_TX_2,2749.1621064264987,1898.515604368091,850.6465020584076,0.0,0.6428855994717013,0.6282051282051282,0.3717948717948718,24.339943645744757,794.0
pp_quantile_fixed,FOODS_3_677_WI_2,418.3499795711295,379.957646261778,38.392333309351486,0.0,0.8316125732045987,0.8974358974358975,0.10256410256410256,4.871251875151,76.0
pp_quantile_fixed,FOODS_3_691_WI_1,324.35205618008484,303.7431338615799,20.608922318504934,0.0,0.7783986847472588,0.9358974358974359,0.0641025641025641,3.894142741815127,31.0
pp_quantile_fixed,FOODS_3_693_WI_2,300.4260295885245,300.4260295885245,0.0,0.0,1.0,1.0,0.0,3.8516157639554423,7.0
pp_quantile_fixed,FOODS_3_694_WI_3,11215.452766685883,8525.955966284002,2689.496800401881,0.0,0.7492310675615962,0.7307692307692307,0.2692307692307692,109.30712777287182,3575.0
pp_quantile_fixed,FOODS_3_705_TX_2,403.50060049934194,378.28354110281117,25.21705939653076,0.0,0.821155607116803,0.8846153846153846,0.11538461538461539,4.849788988497579,47.0
pp_quantile_fixed,FOODS_3_711_CA_3,5447.435346502647,4367.408091314752,1080.0272551878948,0.0,0.6610083944796312,0.7564102564102564,0.24358974358974358,55.9924114271122,1062.0
pp_quantile_fixed,FOODS_3_712_CA_3,784.566627759089,609.3185384183462,175.24808934074287,0.0,0.6480962061430866,0.7948717948717948,0.20512820512820512,7.811776133568541,166.0
pp_quantile_fixed,FOODS_3_718_TX_1,476.82680432606327,476.82680432606327,0.0,0.0,1.0,1.0,0.0,6.113164158026452,6.0
pp_quantile_fixed,FOODS_3_723_WI_3,7624.736951315943,5665.852140331641,1958.8848109843016,0.0,0.7248370823171371,0.6666666666666666,0.3333333333333333,72.63913000425181,2373.0
pp_quantile_fixed,FOODS_3_727_WI_3,1257.6490821740394,1016.5302282857471,241.1188538882923,0.0,0.7218929020896283,0.717948717948718,0.28205128205128205,13.032438824176245,289.0
pp_quantile_fixed,FOODS_3_730_CA_3,371.06683901538804,342.6104827454389,28.45635626994917,0.0,0.9041873526264338,0.9102564102564102,0.08974358974358974,4.392442086479986,99.0
pp_quantile_fixed,FOODS_3_734_TX_1,2653.803713328015,2401.873174740124,251.93053858789125,0.0,0.836938162726284,0.8076923076923077,0.19230769230769232,30.793245830001588,515.0
pp_quantile_fixed,FOODS_3_735_CA_4,270.09733048382014,252.31652008720596,17.7808103966142,0.0,0.7883236857545928,0.9358974358974359,0.0641025641025641,3.2348271806052047,28.0
pp_quantile_fixed,FOODS_3_745_TX_3,430.46808103984796,430.46808103984796,0.0,0.0,1.0,1.0,0.0,5.518821551792922,0.0
pp_quantile_fixed,FOODS_3_746_CA_4,793.4504961895916,649.0319998391881,144.41849635040347,0.0,0.7117395282427077,0.7307692307692307,0.2692307692307692,8.320923074861385,167.0
pp_quantile_fixed,FOODS_3_749_CA_1,1457.6141151849968,1378.854172393655,78.75994279134162,0.0,0.6302350103692882,0.9487179487179487,0.05128205128205128,17.67761759479045,71.0
pp_quantile_fixed,FOODS_3_750_CA_2,1201.0,1057.0,144.0,0.0,0.29411764705882354,0.782051282051282,0.21794871794871795,13.551282051282051,68.0
pp_quantile_fixed,FOODS_3_753_TX_2,888.0606981898277,775.7727021997282,112.2879959900995,0.0,0.8191819710304356,0.8205128205128205,0.1794871794871795,9.945803874355489,207.0
pp_quantile_fixed,FOODS_3_755_TX_3,786.6140637347091,715.2667064326793,71.34735730202986,0.0,0.7713225727499042,0.8974358974358975,0.10256410256410256,9.170085979906144,104.0
pp_quantile_fixed,FOODS_3_756_WI_3,2270.820461522018,1738.6380348497783,532.1824266722398,0.0,0.6562129026665118,0.6282051282051282,0.3717948717948718,22.290231216022796,516.0
pp_quantile_fixed,FOODS_3_757_CA_3,5755.100000000008,5252.000000000007,503.09999999999997,0.0,0.42764505119453927,0.7948717948717948,0.20512820512820512,67.33333333333343,293.0
pp_quantile_fixed,FOODS_3_763_TX_2,164.1544932803437,158.8863881647684,5.268105115575317,0.0,0.8243964961474894,0.9615384615384616,0.038461538461538464,2.0370049764713896,10.0
pp_quantile_fixed,FOODS_3_766_TX_3,186.1591218748302,179.76766564217476,6.391456232655441,0.0,0.874677328771462,0.9615384615384616,0.038461538461538464,2.3047136620791635,17.0
pp_quantile_fixed,FOODS_3_768_CA_2,676.274740625591,507.6969042597688,168.57783636582224,0.0,0.6573621212076783,0.7051282051282052,0.2948717948717949,6.5089346699970365,164.0
pp_quantile_fixed,FOODS_3_770_WI_3,371.4355290302892,354.6515620006075,16.78396702968169,0.0,0.880964772839137,0.9102564102564102,0.08974358974358974,4.546814897443686,47.0
pp_quantile_fixed,FOODS_3_774_WI_2,384.62031545188813,343.47310070432286,41.14721474756529,0.0,0.7200869745063586,0.8589743589743589,0.14102564102564102,4.403501291081063,49.0
pp_quantile_fixed,FOODS_3_779_CA_1,358.41735214974966,358.41735214974966,0.0,0.0,1.0,1.0,0.0,4.595094258330124,27.0
pp_quantile_fixed,FOODS_3_783_CA_1,1318.608022046053,1044.8014640071808,273.8065580388722,0.0,0.7200341942342819,0.717948717948718,0.28205128205128205,13.394890564194625,326.0
pp_quantile_fixed,FOODS_3_783_TX_3,3130.0,3052.0,78.0,0.0,0.7291666666666666,0.8974358974358975,0.10256410256410256,39.12820512820513,96.0
pp_quantile_fixed,FOODS_3_786_CA_2,456.42903335870545,369.58433701172225,86.8446963469832,0.0,0.5922784209061821,0.8205128205128205,0.1794871794871795,4.738260730919516,71.0
pp_quantile_fixed,FOODS_3_788_WI_2,830.3953972428025,709.6729693528517,120.7224278899507,0.0,0.7281026398874983,0.782051282051282,0.21794871794871795,9.098371401959637,148.0
pp_quantile_fixed,FOODS_3_791_CA_4,352.36560653356025,328.00397524791146,24.361631285648805,0.0,0.8467821931720201,0.8974358974358975,0.10256410256410256,4.205179169845018,53.0
pp_quantile_fixed,FOODS_3_791_WI_2,708.6838396294623,703.4768835238166,5.206956105645791,0.0,0.9530904855347225,0.9871794871794872,0.01282051282051282,9.018934404151494,37.0
pp_quantile_fixed,FOODS_3_792_CA_1,762.7671543494041,594.7625217831478,168.00463256625636,0.0,0.6521643218089931,0.7435897435897436,0.2564102564102564,7.625160535681382,161.0
pp_quantile_fixed,FOODS_3_793_WI_1,986.399545921945,885.3637922730053,101.03575364893972,0.0,0.8489749571764728,0.8205128205128205,0.1794871794871795,11.350817849653914,223.0
pp_quantile_fixed,FOODS_3_795_WI_2,1230.1721864025644,1065.0740147785973,165.09817162396718,0.0,0.8034545575905152,0.7435897435897436,0.2564102564102564,13.654795061264068,280.0
pp_quantile_fixed,FOODS_3_799_TX_1,165.39746455881416,165.39746455881416,0.0,0.0,1.0,1.0,0.0,2.120480314856592,6.0
pp_quantile_fixed,FOODS_3_802_WI_3,304.70639632304204,282.87302786949186,21.833368453550165,0.0,0.7574070171827759,0.9230769230769231,0.07692307692307693,3.626577280378101,30.0
pp_quantile_fixed,FOODS_3_805_TX_1,674.7777726353145,585.2432231870675,89.53454944824693,0.0,0.7512929181993141,0.8076923076923077,0.19230769230769232,7.503118245988046,120.0
pp_quantile_fixed,FOODS_3_806_CA_1,333.06136104730336,311.6284614964018,21.43289955090156,0.0,0.6597952452237847,0.9230769230769231,0.07692307692307693,3.9952366858513053,21.0
pp_quantile_fixed,FOODS_3_806_CA_4,246.44799753331284,244.31131707931814,2.136680453994696,0.0,0.9287773182001768,0.9871794871794872,0.01282051282051282,3.132196372811771,10.0
pp_quantile_fixed,FOODS_3_809_CA_1,766.5310502613546,553.5746370900631,212.95641317129153,0.0,0.6162947510427179,0.7435897435897436,0.2564102564102564,7.097110731923886,185.0
pp_quantile_fixed,FOODS_3_810_WI_2,898.0238769477924,849.917342050723,48.1065348970693,0.0,0.6514019210357297,0.8846153846153846,0.11538461538461539,10.896376180137475,46.0
pp_quantile_fixed,FOODS_3_813_TX_1,248.75989522744453,214.33504319043575,34.42485203700878,0.0,0.5750018267035952,0.8717948717948718,0.1282051282051282,2.7478851691081507,27.0
pp_quantile_fixed,FOODS_3_814_CA_3,885.2351251448241,739.8040623979358,145.4310627468883,0.0,0.763526727240832,0.7692307692307693,0.23076923076923078,9.484667466640202,205.0
pp_quantile_fixed,FOODS_3_818_CA_3,1652.9658681144028,1452.0467846338554,200.9190834805475,0.0,0.8321477999327089,0.7564102564102564,0.24358974358974358,18.615984418382762,399.0
pp_quantile_fixed,FOODS_3_821_TX_2,253.53304459981064,224.34118600213736,29.19185859767326,0.0,0.8128727012969663,0.8717948717948718,0.1282051282051282,2.8761690513094536,52.0
pp_quantile_fixed,FOODS_3_824_TX_3,25.703093416128,11.256701696272549,14.446391719855448,0.0,0.036907218676303435,0.9487179487179487,0.05128205128205128,0.14431668841375062,5.0
pp_quantile_fixed,HOBBIES_1_004_WI_3,1154.212462027266,1142.003305177852,12.209156849413777,0.0,0.9696289630611596,0.9487179487179487,0.05128205128205128,14.641068015100668,134.0
pp_quantile_fixed,HOBBIES_1_005_WI_1,372.20788763473195,338.59416293726485,33.61372469746709,0.0,0.8249285172006923,0.8717948717948718,0.1282051282051282,4.340950806888011,64.0
pp_quantile_fixed,HOBBIES_1_009_CA_1,576.5218644247876,548.3107021997573,28.211162225030304,0.0,0.6641528306544011,0.9487179487179487,0.05128205128205128,7.0296243871763755,28.0
pp_quantile_fixed,HOBBIES_1_009_CA_4,1173.8969997207691,1144.4184071432594,29.47859257750971,0.0,0.9277485476041429,0.9230769230769231,0.07692307692307693,14.672030860811018,136.0
pp_quantile_fixed,HOBBIES_1_010_CA_3,312.0476984740559,267.2963845101801,44.75131396387581,0.0,0.7016579069074946,0.8461538461538461,0.15384615384615385,3.426876724489488,50.0
pp_quantile_fixed,HOBBIES_1_012_TX_2,181.36842548501073,173.48649199416835,7.881933490842385,0.0,0.8686344418192936,0.9487179487179487,0.05128205128205128,2.2241857947970303,20.0
pp_quantile_fixed,HOBBIES_1_023_CA_3,568.8184821692067,393.88399744353984,174.93448472566692,0.0,0.5834893220817455,0.7435897435897436,0.2564102564102564,5.049794839019741,140.0
pp_quantile_fixed,HOBBIES_1_026_CA_4,326.38589539627543,286.27485723759185,40.11103815868357,0.0,0.7733839652051776,0.8333333333333334,0.16666666666666666,3.670190477405024,59.0
pp_quantile_fixed,HOBBIES_1_027_CA_1,272.92098126851465,262.50332380337784,10.417657465136834,0.0,0.8978661032829722,0.9615384615384616,0.038461538461538464,3.365427228248434,34.0
pp_quantile_fixed,HOBBIES_1_028_WI_3,200.4527990241797,184.92701072930353,15.52578829487619,0.0,0.7929894894016507,0.9358974358974359,0.0641025641025641,2.370859111914148,25.0
pp_quantile_fixed,HOBBIES_1_029_WI_3,167.36399516939588,163.83708212259992,3.52691304679595,0.0,0.9216241545156456,0.9743589743589743,0.02564102564102564,2.1004754118282043,15.0
pp_quantile_fixed,HOBBIES_1_030_WI_2,728.6086774440182,630.5787032038053,98.02997424021288,0.0,0.636926021332545,0.8205128205128205,0.1794871794871795,8.084342348766734,90.0
pp_quantile_fixed,HOBBIES_1_032_CA_2,3166.5152576538967,2646.1470324642664,520.3682251896305,0.0,0.6880286419726436,0.782051282051282,0.21794871794871795,33.92496195467008,556.0
pp_quantile_fixed,HOBBIES_1_043_TX_2,502.14039677653443,457.93752415839225,44.20287261814218,0.0,0.8286710363637899,0.9102564102564102,0.08974358974358974,5.870993899466567,86.0
pp_quantile_fixed,HOBBIES_1_043_WI_3,988.4431701605641,796.6272641341643,191.8159060263998,0.0,0.6580821639458114,0.782051282051282,0.21794871794871795,10.213170053002106,187.0
pp_quantile_fixed,HOBBIES_1_045_CA_4,311.0356056219701,305.6526882797741,5.382917342195956,0.0,0.8718353013762867,0.9743589743589743,0.02564102564102564,3.9186242087150527,14.0
pp_quantile_fixed,HOBBIES_1_050_TX_3,175.38265230027002,130.7340665977538,44.64858570251622,0.0,0.6456461452181252,0.8461538461538461,0.15384615384615385,1.6760777768942796,42.0
pp_quantile_fixed,HOBBIES_1_054_CA_4,108.65228060479377,100.07993043437384,8.572350170419934,0.0,0.7801961494764119,0.9487179487179487,0.05128205128205128,1.283076031209921,13.0
pp_quantile_fixed,HOBBIES_1_057_WI_1,375.1741293594302,346.781911780571,28.39221757885916,0.0,0.8608224628487297,0.8974358974358975,0.10256410256410256,4.4459219459047565,68.0
pp_quantile_fixed,HOBBIES_1_061_CA_4,153.98353493121328,152.86197166383045,1.1215632673828444,0.0,0.9626145577539053,0.9871794871794872,0.01282051282051282,1.9597688674850058,10.0
pp_quantile_fixed,HOBBIES_1_065_CA_4,106.97906710077687,105.80858189881339,1.1704852019634922,0.0,0.9442626094303099,0.9743589743589743,0.02564102564102564,1.3565202807540178,7.0
pp_quantile_fixed,HOBBIES_1_070_WI_2,131.54759304296647,124.21419160775979,7.333401435206669,0.0,0.7555532854931111,0.9615384615384616,0.038461538461538464,1.5924896359969203,10.0
pp_quantile_fixed,HOBBIES_1_073_CA_2,335.52144292613747,276.7131590114211,58.80828391471637,0.0,0.6560919069314832,0.8717948717948718,0.1282051282051282,3.547604602710527,57.0
pp_quantile_fixed,HOBBIES_1_074_TX_2,355.7152732464916,313.9783569987508,41.73691624774081,0.0,0.7983723852766144,0.8846153846153846,0.11538461538461539,4.025363551266036,69.0
pp_quantile_fixed,HOBBIES_1_086_CA_3,565.6387847738409,480.5436573502315,85.0951274236094,0.0,0.7444590768059778,0.7692307692307693,0.23076923076923078,6.160816119874763,111.0
pp_quantile_fixed,HOBBIES_1_092_CA_3,218.59675611342024,204.04290685138864,14.553849262031608,0.0,0.8529914215956403,0.9230769230769231,0.07692307692307693,2.615934703222931,33.0
pp_quantile_fixed,HOBBIES_1_092_TX_1,290.35937924239624,269.87078800834917,20.488591234047064,0.0,0.7644989513327924,0.9230769230769231,0.07692307692307693,3.459881897542938,29.0
pp_quantile_fixed,HOBBIES_1_103_CA_2,1773.7725522320757,1485.0572048431386,288.71534738893706,0.0,0.72424513143368,0.7692307692307693,0.23076923076923078,19.039194933886392,349.0
pp_quantile_fixed,HOBBIES_1_106_TX_3,324.7839258539958,302.8181280706693,21.965797783326536,0.0,0.7638086259857362,0.9102564102564102,0.08974358974358974,3.882283693213709,31.0
pp_quantile_fixed,HOBBIES_1_106_WI_3,167.5045799979941,163.73597308358592,3.768606914408184,0.0,0.8857997904724794,0.9743589743589743,0.02564102564102564,2.099179142097255,11.0
pp_quantile_fixed,HOBBIES_1_107_WI_2,408.4572282037333,372.78616039849584,35.67106780523743,0.0,0.7621928812984171,0.8846153846153846,0.11538461538461539,4.779309748698664,50.0
pp_quantile_fixed,HOBBIES_1_108_CA_3,349.0077422207532,309.5863946061406,39.421347614612614,0.0,0.7978392430019865,0.8589743589743589,0.14102564102564102,3.9690563411043662,65.0
pp_quantile_fixed,HOBBIES_1_109_CA_3,278.8067068615508,244.0892747869256,34.71743207462521,0.0,0.6596330188762235,0.8974358974358975,0.10256410256410256,3.1293496767554565,34.0
pp_quantile_fixed,HOBBIES_1_110_CA_3,279.57348084660504,260.9363601902462,18.63712065635885,0.0,0.704172687994304,0.9358974358974359,0.0641025641025641,3.3453379511570027,21.0
pp_quantile_fixed,HOBBIES_1_110_WI_3,130.05100001053555,119.8167378060935,10.234262204442052,0.0,0.7157149387654987,0.9615384615384616,0.038461538461538464,1.536112023155045,12.0
pp_quantile_fixed,HOBBIES_1_113_TX_2,317.0752439577921,315.57691740521346,1.4983265525786313,0.0,0.9762170388479583,0.9871794871794872,0.01282051282051282,4.045857915451455,21.0
pp_quantile_fixed,HOBBIES_1_116_CA_1,259.6667035993174,210.5943197742339,49.07238382508346,0.0,0.6661742596933097,0.8333333333333334,0.16666666666666666,2.6999271765927424,49.0
pp_quantile_fixed,HOBBIES_1_116_WI_3,145.92837393475057,134.58522872725015,11.343145207500418,0.0,0.6562683270454418,0.9615384615384616,0.038461538461538464,1.7254516503493609,11.0
pp_quantile_fixed,HOBBIES_1_117_CA_1,154.4968187727918,145.74111790773878,8.755700865053019,0.0,0.8463912128938066,0.9358974358974359,0.0641025641025641,1.8684758706120357,19.0
pp_quantile_fixed,HOBBIES_1_122_WI_3,312.82948705049716,312.82948705049716,0.0,0.0,1.0,1.0,0.0,4.010634449365348,8.0
pp_quantile_fixed,HOBBIES_1_124_TX_3,191.7503957124683,179.49652928905,12.253866423418303,0.0,0.8428991484177141,0.9358974358974359,0.0641025641025641,2.3012375549878206,26.0
pp_quantile_fixed,HOBBIES_1_133_WI_1,312.0,312.0,0.0,0.0,1.0,1.0,0.0,4.0,0.0
pp_quantile_fixed,HOBBIES_1_134_CA_4,1175.490740027167,1043.2525508743354,132.2381891528316,0.0,0.8066693141040474,0.7948717948717948,0.20512820512820512,13.375032703517121,228.0
pp_quantile_fixed,HOBBIES_1_135_WI_1,289.9511367418256,278.17284301751624,11.778293724309377,0.0,0.9230176880764094,0.9358974358974359,0.0641025641025641,3.5663185002245674,51.0
pp_quantile_fixed,HOBBIES_1_137_TX_1,309.1484386222791,273.90993182976104,35.238506792518066,0.0,0.7552881472741801,0.8333333333333334,0.16666666666666666,3.511665792689244,48.0
pp_quantile_fixed,HOBBIES_1_143_WI_1,158.82288973971987,136.93841779111506,21.884471948604826,0.0,0.6684170916878056,0.9102564102564102,0.08974358974358974,1.7556207409117315,22.0
pp_quantile_fixed,HOBBIES_1_151_TX_1,207.1046336238371,178.53905956896287,28.56557405487423,0.0,0.8203423015416715,0.8974358974358975,0.10256410256410256,2.2889623021661905,53.0
pp_quantile_fixed,HOBBIES_1_152_CA_1,528.8947755612335,478.99967418208746,49.89510137914598,0.0,0.7624042791469239,0.8846153846153846,0.11538461538461539,6.141021463872916,70.0
pp_quantile_fixed,HOBBIES_1_152_CA_3,400.3466137504186,362.5356213976322,37.8109923527864,0.0,0.8060974751139159,0.8589743589743589,0.14102564102564102,4.647892582020925,65.0
pp_quantile_fixed,HOBBIES_1_155_CA_2,450.9593358603995,346.22268740198814,104.73664845841137,0.0,0.6797044389651029,0.7692307692307693,0.23076923076923078,4.438752402589592,109.0
pp_quantile_fixed,HOBBIES_1_162_TX_1,93.75124897994837,89.49517886625856,4.2560701136898125,0.0,0.763551660350566,0.9743589743589743,0.02564102564102564,1.1473740880289558,6.0
pp_quantile_fixed,HOBBIES_1_162_TX_2,216.59261348074938,203.67238992173742,12.920223559011959,0.0,0.8343561082177955,0.9230769230769231,0.07692307692307693,2.611184486176121,26.0
pp_quantile_fixed,HOBBIES_1_170_TX_2,128.89200915596007,117.99511070638845,10.896898449571617,0.0,0.7405500369149615,0.9358974358974359,0.0641025641025641,1.5127578295690827,14.0
pp_quantile_fixed,HOBBIES_1_173_CA_4,149.11941354707528,141.56278017748244,7.556633369592831,0.0,0.8740561105067861,0.9487179487179487,0.05128205128205128,1.8149074381728518,20.0
pp_quantile_fixed,HOBBIES_1_175_WI_1,182.70605619338633,182.3817144413491,0.3243417520372298,0.0,0.9909905068878547,0.9871794871794872,0.01282051282051282,2.338227108222424,12.0
pp_quantile_fixed,HOBBIES_1_176_TX_3,241.27327833407088,190.05204042003692,51.22123791403398,0.0,0.6778538495972706,0.8205128205128205,0.1794871794871795,2.4365646207697043,53.0
pp_quantile_fixed,HOBBIES_1_184_CA_1,213.81323100851498,207.45364243512873,6.359588573386251,0.0,0.7880137142204584,0.9615384615384616,0.038461538461538464,2.6596620825016504,10.0
pp_quantile_fixed,HOBBIES_1_186_TX_1,104.47286680659488,94.08961304841274,10.383253758182134,0.0,0.7115762844949408,0.9487179487179487,0.05128205128205128,1.206277090364266,12.0
pp_quantile_fixed,HOBBIES_1_187_CA_2,164.68307414684884,155.62431726441045,9.05875688243839,0.0,0.8627461078418425,0.9487179487179487,0.05128205128205128,1.9951835546719288,22.0
pp_quantile_fixed,HOBBIES_1_190_TX_2,128.11549469893703,126.69651966552907,1.4189750334079685,0.0,0.9570007565633948,0.9871794871794872,0.01282051282051282,1.6243143546862702,11.0
pp_quantile_fixed,HOBBIES_1_194_TX_3,655.1438210133181,581.0858420926645,74.05797892065351,0.0,0.7907966697156681,0.8333333333333334,0.16666666666666666,7.449818488367494,118.0
pp_quantile_fixed,HOBBIES_1_200_CA_4,300.9948678732542,258.8522903209206,42.14257755233359,0.0,0.7190494829844427,0.8717948717948718,0.1282051282051282,3.318619106678469,50.0
pp_quantile_fixed,HOBBIES_1_209_CA_3,2912.323568021244,2434.2088467873627,478.114721233881,0.0,0.6720749511427427,0.7435897435897436,0.2564102564102564,31.207805728043112,486.0
pp_quantile_fixed,HOBBIES_1_212_CA_2,156.86857121300451,153.208169348944,3.660401864060493,0.0,0.796644340885528,0.9743589743589743,0.02564102564102564,1.964207299345436,6.0
pp_quantile_fixed,HOBBIES_1_232_WI_3,590.0221860131807,572.1307942046317,17.89139180854896,0.0,0.8757542235517434,0.9487179487179487,0.05128205128205128,7.335010182110663,48.0
pp_quantile_fixed,HOBBIES_1_239_TX_1,164.85124872151044,152.3833571872212,12.467891534289222,0.0,0.7402522597023079,0.9358974358974359,0.0641025641025641,1.953632784451554,16.0
pp_quantile_fixed,HOBBIES_1_240_CA_2,491.6492972257711,404.5912619878113,87.05803523795979,0.0,0.7182587856376705,0.8076923076923077,0.19230769230769232,5.187067461382196,103.0
pp_quantile_fixed,HOBBIES_1_242_TX_3,363.53975653519376,337.69939737611224,25.8403591590815,0.0,0.7996871383016937,0.9102564102564102,0.08974358974358974,4.329479453539901,43.0
pp_quantile_fixed,HOBBIES_1_245_TX_1,97.41289342887585,89.41827320031751,7.994620228558334,0.0,0.7335126590480554,0.9487179487179487,0.05128205128205128,1.1463881179527886,10.0
pp_quantile_fixed,HOBBIES_1_245_WI_1,256.7109796261266,223.58623105811822,33.124748568008386,0.0,0.6549505357499126,0.8717948717948718,0.1282051282051282,2.8664901417707465,32.0
pp_quantile_fixed,HOBBIES_1_252_TX_1,498.41998435956367,448.2683347484787,50.15164961108494,0.0,0.7014782761244944,0.9230769230769231,0.07692307692307693,5.747029932672804,56.0
pp_quantile_fixed,HOBBIES_1_257_CA_2,212.3724267402782,193.83917571669562,18.533251023582583,0.0,0.6748552452003056,0.9358974358974359,0.0641025641025641,2.4851176373935338,19.0
pp_quantile_fixed,HOBBIES_1_261_WI_3,952.4728372286585,720.0641839326792,232.40865329597935,0.0,0.5672092117393308,0.8589743589743589,0.14102564102564102,9.231592101701015,179.0
pp_quantile_fixed,HOBBIES_1_264_TX_2,249.3926471860972,224.23819229554735,25.154454890549868,0.0,0.7533876971514719,0.9230769230769231,0.07692307692307693,2.874848619173684,34.0
pp_quantile_fixed,HOBBIES_1_267_CA_3,207.0019322618384,200.51955857684692,6.482373684991483,0.0,0.8456577694049646,0.9615384615384616,0.038461538461538464,2.5707635714980372,14.0
pp_quantile_fixed,HOBBIES_1_267_WI_2,84.48235004859006,80.67184451750398,3.810505531086075,0.0,0.7883052482729959,0.9615384615384616,0.038461538461538464,1.0342544168910768,6.0
pp_quantile_fixed,HOBBIES_1_277_CA_1,757.0,742.0,15.0,0.0,0.7058823529411765,0.9487179487179487,0.05128205128205128,9.512820512820513,17.0
pp_quantile_fixed,HOBBIES_1_279_CA_4,350.5099843665739,306.8951297461056,43.614854620468286,0.0,0.7204175985867417,0.8589743589743589,0.14102564102564102,3.9345529454628925,52.0
pp_quantile_fixed,HOBBIES_1_279_TX_3,341.33208433919015,305.935554609417,35.39652972977312,0.0,0.8338191092498914,0.8461538461538461,0.15384615384615385,3.9222507001207307,71.0
pp_quantile_fixed,HOBBIES_1_285_CA_4,130.83143592953436,128.7726788063828,2.0587571231515787,0.0,0.9142184532020176,0.9743589743589743,0.02564102564102564,1.6509317795690102,8.0
pp_quantile_fixed,HOBBIES_1_287_WI_1,279.4748059013149,256.72654251475427,22.74826338656062,0.0,0.8004538299424508,0.9102564102564102,0.08974358974358974,3.2913659296763367,38.0
pp_quantile_fixed,HOBBIES_1_289_WI_1,317.434905673242,256.8779305601251,60.55697511311691,0.0,0.6744248649832424,0.8589743589743589,0.14102564102564102,3.2933068020528857,62.0
pp_quantile_fixed,HOBBIES_1_290_CA_4,237.70089209013204,237.70089209013204,0.0,0.0,1.0,1.0,0.0,3.047447334488872,3.0
pp_quantile_fixed,HOBBIES_1_296_CA_1,276.31591976706227,237.2446355398672,39.07128422719505,0.0,0.6382288497481939,0.8589743589743589,0.14102564102564102,3.041597891536759,36.0
pp_quantile_fixed,HOBBIES_1_297_CA_1,609.0885435981852,470.60687144613985,138.4816721520454,0.0,0.7377241057726412,0.6794871794871795,0.32051282051282054,6.0334214287966645,176.0
pp_quantile_fixed,HOBBIES_1_306_CA_4,264.794134229085,233.69291134452126,31.10122288456374,0.0,0.7589052489568702,0.8974358974358975,0.10256410256410256,2.996062965955401,43.0
pp_quantile_fixed,HOBBIES_1_306_WI_3,148.118315945654,144.64750599631859,3.470809949335397,0.0,0.931944902954208,0.9743589743589743,0.02564102564102564,1.8544552050810075,17.0
pp_quantile_fixed,HOBBIES_1_309_WI_1,113.64611170188552,89.871555894135,23.77455580775052,0.0,0.5046967540051974,0.9230769230769231,0.07692307692307693,1.1521994345401922,16.0
pp_quantile_fixed,HOBBIES_1_312_TX_3,479.3326450908604,428.0157509037468,51.31689418711365,0.0,0.7656762822506226,0.8974358974358975,0.10256410256410256,5.487381421842907,73.0
pp_quantile_fixed,HOBBIES_1_319_TX_1,959.0615453555381,862.675320947234,96.38622440830414,0.0,0.7620093224486317,0.8333333333333334,0.16666666666666666,11.059940012144025,135.0
pp_quantile_fixed,HOBBIES_1_323_CA_3,532.3224138792018,392.42020491762867,139.90220896157308,0.0,0.6113827528845193,0.717948717948718,0.28205128205128205,5.031028268174727,120.0
pp_quantile_fixed,HOBBIES_1_328_TX_1,141.9992960869535,141.9992960869535,0.0,0.0,1.0,1.0,0.0,1.8205037959865835,7.0
pp_quantile_fixed,HOBBIES_1_332_WI_1,397.7441924413504,342.7509606448225,54.993231796527894,0.0,0.699490536630995,0.8205128205128205,0.1794871794871795,4.394243085190032,61.0
pp_quantile_fixed,HOBBIES_1_333_CA_2,319.70348770064334,254.1558473795273,65.547640321116,0.0,0.6586060399941875,0.8076923076923077,0.19230769230769232,3.2584082997375297,64.0
pp_quantile_fixed,HOBBIES_1_333_TX_1,160.48891823123114,152.732474073232,7.756444157999153,0.0,0.8153227581428774,0.9615384615384616,0.038461538461538464,1.9581086419645128,14.0
pp_quantile_fixed,HOBBIES_1_334_TX_1,130.8358028439275,122.35848383777511,8.477319006152383,0.0,0.7431115452681095,0.9615384615384616,0.038461538461538464,1.5686985107407065,11.0
pp_quantile_fixed,HOBBIES_1_344_CA_3,436.1270877008657,365.5239909244768,70.60309677638887,0.0,0.7441916783464172,0.8461538461538461,0.15384615384615385,4.686205011852266,92.0
pp_quantile_fixed,HOBBIES_1_346_CA_4,205.53627883526556,193.91812750561738,11.61815132964818,0.0,0.7961727836903828,0.9615384615384616,0.038461538461538464,2.4861298398156073,19.0
pp_quantile_fixed,HOBBIES_1_348_CA_4,3754.7861585940564,3230.3918902952773,524.3942682987788,0.0,0.5777823926740911,0.7307692307692307,0.2692307692307692,41.41528064481125,414.0
pp_quantile_fixed,HOBBIES_1_352_CA_2,484.5594463031086,436.4131929073813,48.1462533957273,0.0,0.8111911631540106,0.8589743589743589,0.14102564102564102,5.595040934710017,85.0
pp_quantile_fixed,HOBBIES_1_361_CA_4,193.3486401900077,170.98955527400173,22.359084916005983,0.0,0.7515657231554891,0.8974358974358975,0.10256410256410256,2.192173785564125,30.0
pp_quantile_fixed,HOBBIES_1_362_WI_2,160.44750555690308,160.44750555690308,0.0,0.0,1.0,1.0,0.0,2.057019302011578,4.0
pp_quantile_fixed,HOBBIES_1_367_TX_1,242.24994787825705,198.57524729177908,43.67470058647798,0.0,0.7200339705995001,0.8461538461538461,0.15384615384615385,2.5458365037407575,52.0
pp_quantile_fixed,HOBBIES_1_368_CA_1,206.28759773684484,181.28094446780128,25.006653269043564,0.0,0.7474075427369337,0.8974358974358975,0.10256410256410256,2.324114672664119,33.0
pp_quantile_fixed,HOBBIES_1_372_TX_1,366.8956703500998,318.3514173093578,48.544253040742,0.0,0.7510551126115794,0.8589743589743589,0.14102564102564102,4.081428427043049,65.0
pp_quantile_fixed,HOBBIES_1_373_TX_1,264.5590138659231,217.12940215073644,47.429611715186624,0.0,0.6563071614841549,0.782051282051282,0.21794871794871795,2.7837102839838006,46.0
pp_quantile_fixed,HOBBIES_1_374_WI_3,105.2032269728979,90.41412110902245,14.789105863875443,0.0,0.7100175320808736,0.9358974358974359,0.0641025641025641,1.1591553988336212,17.0
pp_quantile_fixed,HOBBIES_1_375_WI_1,126.01053069904752,116.1096290517098,9.900901647337722,0.0,0.5874624313609282,0.9358974358974359,0.0641025641025641,1.4885849878424333,8.0
pp_quantile_fixed,HOBBIES_1_380_CA_2,330.61160753450986,316.20163182074026,14.409975713769601,0.0,0.8220990652621037,0.9487179487179487,0.05128205128205128,4.0538670746248755,27.0
pp_quantile_fixed,HOBBIES_1_381_TX_2,1481.698242219293,1380.5851229860216,101.11311923327129,0.0,0.8943436580634573,0.9358974358974359,0.0641025641025641,17.69980926905156,319.0
pp_quantile_fixed,HOBBIES_1_385_CA_1,407.0,401.0,6.0,0.0,0.75,0.9743589743589743,0.02564102564102564,5.141025641025641,8.0
pp_quantile_fixed,HOBBIES_1_386_CA_3,863.0,860.0,3.0,0.0,0.9333333333333333,0.9871794871794872,0.01282051282051282,11.025641025641026,15.0
pp_quantile_fixed,HOBBIES_1_386_WI_3,157.707466056376,157.707466056376,0.0,0.0,1.0,1.0,0.0,2.021890590466359,6.0
pp_quantile_fixed,HOBBIES_1_389_CA_3,121.97056053872821,110.36893392193083,11.601626616797379,0.0,0.8158471965587718,0.9615384615384616,0.038461538461538464,1.4149863323324465,21.0
pp_quantile_fixed,HOBBIES_1_390_TX_1,141.64821741486858,122.3090809811736,19.339136433694982,0.0,0.570241412584556,0.9102564102564102,0.08974358974358974,1.568065140784277,15.0
pp_quantile_fixed,HOBBIES_1_393_TX_2,124.00132602022146,119.11228095938141,4.889045060840045,0.0,0.9142272796343851,0.9615384615384616,0.038461538461538464,1.5270805251202744,19.0
pp_quantile_fixed,HOBBIES_1_398_TX_3,463.6539830146953,459.047201992069,4.606781022626297,0.0,0.9548354801703303,0.9743589743589743,0.02564102564102564,5.885220538359859,34.0
pp_quantile_fixed,HOBBIES_1_399_TX_3,430.54194253263944,428.9920530240028,1.5498895086366224,0.0,0.8966740327575586,0.9871794871794872,0.01282051282051282,5.499898115692344,5.0
pp_quantile_fixed,HOBBIES_1_400_CA_3,941.869277818617,851.4327742543089,90.43650356430808,0.0,0.657437486498833,0.8589743589743589,0.14102564102564102,10.915804798132166,88.0
pp_quantile_fixed,HOBBIES_1_405_TX_3,132.61148197710605,121.38701875659527,11.224463220510778,0.0,0.5842791399810824,0.9743589743589743,0.02564102564102564,1.55624383021276,9.0
pp_quantile_fixed,HOBBIES_1_406_CA_1,214.6972293719579,214.6972293719579,0.0,0.0,1.0,1.0,0.0,2.752528581691768,7.0
pp_quantile_fixed,HOBBIES_1_410_TX_1,133.71737948824128,133.71737948824128,0.0,0.0,1.0,1.0,0.0,1.7143253780543755,5.0
pp_quantile_fixed,HOBBIES_1_415_CA_1,354.60360082561454,288.529035762467,66.07456506314756,0.0,0.6503991266500129,0.8205128205128205,0.1794871794871795,3.6990902020829104,63.0
pp_quantile_fixed,HOBBIES_1_418_TX_1,343.8328511490979,328.9442712256285,14.888579923469434,0.0,0.7080670603241287,0.9743589743589743,0.02564102564102564,4.217234246482416,17.0
pp_quantile_fixed,HOBBIES_1_419_CA_4,154.2828178770692,154.2828178770692,0.0,0.0,1.0,1.0,0.0,1.97798484457781,5.0
pp_quantile_fixed,HOBBIES_2_007_TX_3,448.6995532894463,432.63393925856883,16.065614030877484,0.0,0.8153377697600289,0.9615384615384616,0.038461538461538464,5.546588964853447,29.0
pp_quantile_fixed,HOBBIES_2_008_WI_3,213.9666551169488,200.7903667674529,13.176288349495893,0.0,0.768837046500072,0.9358974358974359,0.0641025641025641,2.5742354713776012,19.0
pp_quantile_fixed,HOBBIES_2_009_WI_2,136.65807523979015,131.38064428436795,5.277430955422199,0.0,0.7486937640275143,0.9743589743589743,0.02564102564102564,1.6843672344149736,7.0
pp_quantile_fixed,HOBBIES_2_012_TX_2,175.59424030772635,173.2601888458053,2.3340514619210646,0.0,0.9292711678205737,0.9743589743589743,0.02564102564102564,2.221284472382119,11.0
pp_quantile_fixed,HOBBIES_2_014_WI_1,178.65676369063794,172.17306490948818,6.483698781149764,0.0,0.8198972560791732,0.9743589743589743,0.02564102564102564,2.207346986019079,12.0
pp_quantile_fixed,HOBBIES_2_018_CA_2,205.6589357995981,196.78611120377155,8.872824595826563,0.0,0.8443364105995339,0.9615384615384616,0.038461538461538464,2.522898861586815,19.0
pp_quantile_fixed,HOBBIES_2_030_TX_2,135.0371672682401,126.7888095057087,8.248357762531388,0.0,0.7500497647717762,0.9487179487179487,0.05128205128205128,1.6254975577654962,11.0
pp_quantile_fixed,HOBBIES_2_030_WI_2,101.75020489644913,101.75020489644913,0.0,0.0,1.0,1.0,0.0,1.3044898063647326,0.0
pp_quantile_fixed,HOBBIES_2_031_CA_2,272.48854375932615,248.34809959066365,24.140444168662526,0.0,0.6905071260427882,0.9487179487179487,0.05128205128205128,3.183949994752098,26.0
pp_quantile_fixed,HOBBIES_2_035_CA_2,235.24565760518746,231.43065196530767,3.815005639879792,0.0,0.8843937684884913,0.9743589743589743,0.02564102564102564,2.967059640580868,11.0
pp_quantile_fixed,HOBBIES_2_038_CA_2,249.43430623612232,220.124214691543,29.310091544579333,0.0,0.6242295955823163,0.9102564102564102,0.08974358974358974,2.8221053165582433,26.0
pp_quantile_fixed,HOBBIES_2_040_TX_1,240.4276491309742,236.14507226474961,4.282576866224595,0.0,0.7960677682750192,0.9871794871794872,0.01282051282051282,3.027500926471149,7.0
pp_quantile_fixed,HOBBIES_2_041_TX_2,229.69631371920084,176.4086820217974,53.28763169740344,0.0,0.6374991040992963,0.8205128205128205,0.1794871794871795,2.2616497695102233,49.0
pp_quantile_fixed,HOBBIES_2_042_TX_2,493.2912020609913,485.4702463965,7.82095566449131,0.0,0.9131004926167632,0.9871794871794872,0.01282051282051282,6.223977517903846,30.0
pp_quantile_fixed,HOBBIES_2_045_CA_4,178.9408247467712,178.9408247467712,0.0,0.0,1.0,1.0,0.0,2.2941131377791177,13.0
pp_quantile_fixed,HOBBIES_2_050_WI_2,99.2063866072657,97.4027457269513,1.8036408803144082,0.0,0.9331984859142811,0.9871794871794872,0.01282051282051282,1.2487531503455294,9.0
pp_quantile_fixed,HOBBIES_2_056_WI_3,178.59115695147977,178.59115695147977,0.0,0.0,1.0,1.0,0.0,2.2896302173266636,3.0
pp_quantile_fixed,HOBBIES_2_061_TX_3,140.5458188734906,124.20335758868481,16.34246128480577,0.0,0.5047739004604312,0.9487179487179487,0.05128205128205128,1.592350738316472,11.0
pp_quantile_fixed,HOBBIES_2_072_TX_2,134.2595441574477,129.823329043732,4.43621511371569,0.0,0.7535436047935727,0.9743589743589743,0.02564102564102564,1.6644016544068205,6.0
pp_quantile_fixed,HOBBIES_2_074_CA_1,132.85396871667768,131.34819382434446,1.5057748923332297,0.0,0.9282964336984177,0.9871794871794872,0.01282051282051282,1.6839512028762111,7.0
pp_quantile_fixed,HOBBIES_2_074_CA_3,140.65372855609687,133.9555922763355,6.69813627976138,0.0,0.7767287906746206,0.9615384615384616,0.038461538461538464,1.7173793881581474,10.0
pp_quantile_fixed,HOBBIES_2_076_TX_3,422.5662321017818,352.89265182456745,69.67358027721437,0.0,0.4335481278275255,0.8333333333333334,0.16666666666666666,4.524264766981634,41.0
pp_quantile_fixed,HOBBIES_2_076_WI_1,424.28211520070306,396.3578041522373,27.924311048465757,0.0,0.5100998061672675,0.8974358974358975,0.10256410256410256,5.0815103096440675,19.0
pp_quantile_fixed,HOBBIES_2_077_WI_1,83.01437476859167,83.01437476859167,0.0,0.0,1.0,1.0,0.0,1.0642868560075855,0.0
pp_quantile_fixed,HOBBIES_2_081_WI_3,453.8490498394949,453.8490498394949,0.0,0.0,1.0,1.0,0.0,5.818577562044807,10.0
pp_quantile_fixed,HOBBIES_2_083_CA_1,448.23354823781636,448.23354823781636,0.0,0.0,1.0,1.0,0.0,5.746583951766876,7.0
pp_quantile_fixed,HOBBIES_2_084_WI_3,106.48148081282464,102.81319675878814,3.668284054036504,0.0,0.87772386486545,0.9615384615384616,0.038461538461538464,1.3181179071639504,10.0
pp_quantile_fixed,HOBBIES_2_086_CA_4,195.11475817499317,195.11475817499317,0.0,0.0,1.0,1.0,0.0,2.5014712586537584,3.0
pp_quantile_fixed,HOBBIES_2_103_TX_1,216.24493095599448,188.7454160229543,27.49951493304018,0.0,0.7587761847978932,0.8974358974358975,0.10256410256410256,2.4198130259353112,38.0
pp_quantile_fixed,HOBBIES_2_107_WI_3,442.0,442.0,0.0,0.0,1.0,1.0,0.0,5.666666666666667,4.0
pp_quantile_fixed,HOBBIES_2_114_CA_4,129.93996280445867,128.74924539295222,1.190717411506466,0.0,0.9558993551293901,0.9871794871794872,0.01282051282051282,1.650631351191695,9.0
pp_quantile_fixed,HOBBIES_2_115_TX_1,347.2710750073194,315.6381984480104,31.632876559308954,0.0,0.8117090680993515,0.9102564102564102,0.08974358974358974,4.046643569846288,56.0
pp_quantile_fixed,HOBBIES_2_116_CA_1,280.7813594321239,271.450558478962,9.33080095316189,0.0,0.8586242279823956,0.9615384615384616,0.038461538461538464,3.4801353651148976,22.0
pp_quantile_fixed,HOBBIES_2_116_CA_2,239.29200417720608,214.40385046946344,24.888153707742646,0.0,0.6927388431142885,0.9358974358974359,0.0641025641025641,2.7487673137110695,27.0
pp_quantile_fixed,HOBBIES_2_117_TX_1,349.5150600740478,335.5013467508023,14.01371332324551,0.0,0.8493149105027364,0.9230769230769231,0.07692307692307693,4.301299317317978,31.0
pp_quantile_fixed,HOBBIES_2_118_WI_2,156.0,156.0,0.0,0.0,1.0,1.0,0.0,2.0,0.0
pp_quantile_fixed,HOBBIES_2_122_CA_2,288.45547310467776,288.45547310467776,0.0,0.0,1.0,1.0,0.0,3.6981470910856125,10.0
pp_quantile_fixed,HOBBIES_2_122_TX_1,398.3347899937462,381.5225631175736,16.8122268761726,0.0,0.756344538026484,0.9358974358974359,0.0641025641025641,4.891314911763764,23.0
pp_quantile_fixed,HOBBIES_2_123_TX_1,193.94893551078775,191.30049932133505,2.6484361894527093,0.0,0.9448242460530686,0.9871794871794872,0.01282051282051282,2.4525705041196804,16.0
pp_quantile_fixed,HOBBIES_2_124_TX_3,1005.0,864.0,141.0,0.0,0.24193548387096775,0.9230769230769231,0.07692307692307693,11.076923076923077,62.0
pp_quantile_fixed,HOBBIES_2_128_TX_1,149.28444044105922,141.31478143721202,7.96965900384721,0.0,0.7343446998717597,0.9743589743589743,0.02564102564102564,1.8117279671437438,10.0
pp_quantile_fixed,HOBBIES_2_129_WI_1,597.5460223463568,594.6432970116272,2.902725334729695,0.0,0.9596843703509764,0.9871794871794872,0.01282051282051282,7.623632012969579,24.0
pp_quantile_fixed,HOBBIES_2_132_CA_1,532.2984637095038,497.1682293187714,35.13023439073241,0.0,0.7831467012917753,0.9230769230769231,0.07692307692307693,6.373951657932967,54.0
pp_quantile_fixed,HOBBIES_2_133_CA_3,391.0316587422672,372.3857723388938,18.64588640337344,0.0,0.7928234844069617,0.9358974358974359,0.0641025641025641,4.7741765684473565,30.0
pp_quantile_fixed,HOBBIES_2_134_TX_3,308.7377645339345,308.7377645339345,0.0,0.0,1.0,1.0,0.0,3.958176468383776,10.0
pp_quantile_fixed,HOBBIES_2_137_CA_2,367.23746756403375,367.23746756403375,0.0,0.0,1.0,1.0,0.0,4.708172661077356,0.0
pp_quantile_fixed,HOBBIES_2_144_WI_1,180.15873186872892,178.28924294553562,1.8694889231933094,0.0,0.9376837025602229,0.9871794871794872,0.01282051282051282,2.2857595249427645,10.0
pp_quantile_fixed,HOUSEHOLD_1_005_CA_4,292.71221494869127,220.61737320172998,72.0948417469613,0.0,0.6123933239410683,0.7948717948717948,0.20512820512820512,2.8284278615606406,62.0
pp_quantile_fixed,HOUSEHOLD_1_006_CA_4,346.9360882781749,317.6571846373813,29.278903640793594,0.0,0.8123147202513231,0.8846153846153846,0.11538461538461539,4.072528008171555,52.0
pp_quantile_fixed,HOUSEHOLD_1_006_WI_2,301.29657734796064,268.11459350704996,33.181983840910675,0.0,0.7427753190627079,0.8974358974358975,0.10256410256410256,3.4373665834237173,43.0
pp_quantile_fixed,HOUSEHOLD_1_008_WI_3,138.1555032329414,107.43473480607352,30.72076842686789,0.0,0.5903897543084281,0.8461538461538461,0.15384615384615385,1.3773683949496605,25.0
pp_quantile_fixed,HOUSEHOLD_1_010_CA_2,889.9457548951509,853.4076347773728,36.53812011777809,0.0,0.8126250250370354,0.8974358974358975,0.10256410256410256,10.94112352278683,65.0
pp_quantile_fixed,HOUSEHOLD_1_013_CA_3,537.724209644755,465.0025170969908,72.72169254776415,0.0,0.7979952984784329,0.7948717948717948,0.20512820512820512,5.961570732012703,120.0
pp_quantile_fixed,HOUSEHOLD_1_014_CA_2,783.6830589570661,737.6272168374832,46.05584211958302,0.0,0.8771844210144452,0.8717948717948718,0.1282051282051282,9.456759190224144,125.0
pp_quantile_fixed,HOUSEHOLD_1_014_WI_3,225.7118175850387,211.8378995611534,13.87391802388529,0.0,0.8715377960751363,0.9487179487179487,0.05128205128205128,2.7158705071942744,36.0
pp_quantile_fixed,HOUSEHOLD_1_015_WI_2,595.0,595.0,0.0,0.0,1.0,1.0,0.0,7.628205128205129,1.0
pp_quantile_fixed,HOUSEHOLD_1_020_WI_1,346.62316657139706,304.6922458246929,41.930920746704125,0.0,0.8058753669134068,0.8333333333333334,0.16666666666666666,3.9063108439063194,72.0
pp_quantile_fixed,HOUSEHOLD_1_021_WI_2,590.9928722768557,340.22500704652794,250.7678652303277,0.0,0.5481660085940042,0.6538461538461539,0.34615384615384615,4.361859064699076,185.0
pp_quantile_fixed,HOUSEHOLD_1_024_CA_2,523.8510823750904,456.9268480611695,66.9242343139209,0.0,0.7464991124472693,0.8076923076923077,0.19230769230769232,5.858036513604737,88.0
pp_quantile_fixed,HOUSEHOLD_1_026_CA_2,841.1672780107697,632.2283897104237,208.93888830034595,0.0,0.5095331260555259,0.7435897435897436,0.2564102564102564,8.105492175774662,142.0
pp_quantile_fixed,HOUSEHOLD_1_029_CA_2,499.3135221286875,377.7025342822594,121.61098784642809,0.0,0.6535299491554756,0.7564102564102564,0.24358974358974358,4.84234018310589,117.0
pp_quantile_fixed,HOUSEHOLD_1_032_WI_1,340.3711394326684,314.59459075955726,25.776548673111115,0.0,0.8492599492800519,0.9102564102564102,0.08974358974358974,4.033263984096888,57.0
pp_quantile_fixed,HOUSEHOLD_1_033_TX_2,590.9476522313371,546.2365541340212,44.711098097315904,0.0,0.8645118239475277,0.8717948717948718,0.1282051282051282,7.003032745307964,110.0
pp_quantile_fixed,HOUSEHOLD_1_034_WI_1,274.3366552505598,271.60277994674766,2.7338753038121086,0.0,0.9493726795590349,0.9871794871794872,0.01282051282051282,3.482086922394201,18.0
pp_quantile_fixed,HOUSEHOLD_1_043_CA_3,536.678617859231,447.6935555853342,88.98506227389686,0.0,0.6704256952818635,0.7564102564102564,0.24358974358974358,5.739660969042746,90.0
pp_quantile_fixed,HOUSEHOLD_1_049_CA_1,1716.0,1716.0,0.0,0.0,1.0,1.0,0.0,22.0,0.0
pp_quantile_fixed,HOUSEHOLD_1_049_WI_1,390.0,390.0,0.0,0.0,1.0,1.0,0.0,5.0,0.0
pp_quantile_fixed,HOUSEHOLD_1_051_WI_1,1237.0579827571073,1073.8675357995419,163.19044695756537,0.0,0.7939514558616599,0.7692307692307693,0.23076923076923078,13.767532510250536,264.0
pp_quantile_fixed,HOUSEHOLD_1_058_CA_3,1008.3147258126361,917.707432317911,90.60729349472517,0.0,0.8651677180138019,0.8333333333333334,0.16666666666666666,11.765479901511679,224.0
pp_quantile_fixed,HOUSEHOLD_1_068_TX_1,157.2617202643404,148.5673264798374,8.694393784503008,0.0,0.6779854153887774,0.9615384615384616,0.038461538461538464,1.9047093138440692,9.0
pp_quantile_fixed,HOUSEHOLD_1_071_CA_1,1390.9115274323049,1090.4771381509645,300.4343892813405,0.0,0.7154977374229731,0.7307692307692307,0.2692307692307692,13.98047613014057,352.0
pp_quantile_fixed,HOUSEHOLD_1_071_TX_2,1220.906919775865,918.7712424797479,302.135677296117,0.0,0.6984673879280269,0.717948717948718,0.28205128205128205,11.7791184933301,334.0
pp_quantile_fixed,HOUSEHOLD_1_079_WI_1,520.3400805985982,402.7518442921552,117.58823630644297,0.0,0.646882173253925,0.7692307692307693,0.23076923076923078,5.163485183232759,111.0
pp_quantile_fixed,HOUSEHOLD_1_080_WI_1,258.82353491693704,242.2666370195054,16.556897897431625,0.0,0.7792413613675783,0.9358974358974359,0.0641025641025641,3.1059825258910947,25.0
pp_quantile_fixed,HOUSEHOLD_1_080_WI_2,273.36347984457154,270.85415346267797,2.509326381893578,0.0,0.9814123971711587,0.9743589743589743,0.02564102564102564,3.4724891469574097,45.0
pp_quantile_fixed,HOUSEHOLD_1_083_TX_1,2267.479924304076,1814.2217731451892,453.25815115888696,0.0,0.7049100578392663,0.7051282051282052,0.2948717948717949,23.2592535018614,512.0
pp_quantile_fixed,HOUSEHOLD_1_083_WI_3,2886.570134105399,2373.4703958442115,513.0997382611877,0.0,0.7335930746307436,0.7307692307692307,0.2692307692307692,30.429107639028352,642.0
pp_quantile_fixed,HOUSEHOLD_1_088_TX_3,334.5900951082401,307.1599077564466,27.430187351793514,0.0,0.8548667335883942,0.8846153846153846,0.11538461538461539,3.937947535339059,63.0
pp_quantile_fixed,HOUSEHOLD_1_091_WI_3,167.09107204613275,152.35801863257598,14.733053413556766,0.0,0.6725988130320718,0.9102564102564102,0.08974358974358974,1.9533079311868715,15.0
pp_quantile_fixed,HOUSEHOLD_1_093_CA_2,530.3552784587027,451.9993492766636,78.35592918203908,0.0,0.738813569393203,0.8076923076923077,0.19230769230769232,5.794863452264918,100.0
pp_quantile_fixed,HOUSEHOLD_1_095_TX_2,128.91633400423092,121.58180953114751,7.334524473083406,0.0,0.8119352699209383,0.9615384615384616,0.038461538461538464,1.5587411478352244,13.0
pp_quantile_fixed,HOUSEHOLD_1_095_TX_3,124.79676999430887,114.48680814916591,10.309961845142968,0.0,0.7356420039706932,0.9615384615384616,0.038461538461538464,1.4677795916559733,13.0
pp_quantile_fixed,HOUSEHOLD_1_096_WI_2,3070.9518022265374,2318.551891653962,752.3999105725758,0.0,0.697831361215833,0.6794871794871795,0.32051282051282054,29.72502425197387,830.0
pp_quantile_fixed,HOUSEHOLD_1_098_CA_4,121.53583340372212,110.86458048708334,10.671252916638784,0.0,0.7263781303425952,0.9615384615384616,0.038461538461538464,1.4213407754754275,13.0
pp_quantile_fixed,HOUSEHOLD_1_102_WI_3,500.0926692187139,405.3242555975225,94.76841362119146,0.0,0.6872329583459027,0.8205128205128205,0.1794871794871795,5.1964648153528525,101.0
pp_quantile_fixed,HOUSEHOLD_1_106_TX_3,2360.082970039105,1776.067599999822,584.0153700392827,0.0,0.6803418883200424,0.6794871794871795,0.32051282051282054,22.770097435895156,609.0
pp_quantile_fixed,HOUSEHOLD_1_119_TX_2,926.1321355303736,853.7786048315394,72.35353069883418,0.0,0.8581303319630703,0.8717948717948718,0.1282051282051282,10.9458795491223,170.0
pp_quantile_fixed,HOUSEHOLD_1_120_CA_2,294.52905858999566,264.37365546012984,30.155403129865846,0.0,0.7128056844774682,0.8846153846153846,0.11538461538461539,3.3894058392324338,35.0
pp_quantile_fixed,HOUSEHOLD_1_127_WI_1,260.4200924895295,226.75628464341602,33.66380784611347,0.0,0.6793923062274908,0.8717948717948718,0.1282051282051282,2.9071318544027696,35.0
pp_quantile_fixed,HOUSEHOLD_1_128_WI_2,936.9805931625074,806.3432037174176,130.6373894450897,0.0,0.7525807018085421,0.7692307692307693,0.23076923076923078,10.337733380992534,176.0
pp_quantile_fixed,HOUSEHOLD_1_131_CA_1,390.97414120180474,340.1449386989789,50.829202502825865,0.0,0.6919442272556009,0.8717948717948718,0.1282051282051282,4.360832547422806,55.0
pp_quantile_fixed,HOUSEHOLD_1_131_TX_1,464.2983979391043,410.51093894906114,53.787458990043156,0.0,0.7324007015420738,0.8333333333333334,0.16666666666666666,5.262960755757194,67.0
pp_quantile_fixed,HOUSEHOLD_1_136_WI_3,560.1197603079696,499.98030690638143,60.13945340158818,0.0,0.8469734010137705,0.8846153846153846,0.11538461538461539,6.4100039346971975,131.0
pp_quantile_fixed,HOUSEHOLD_1_145_CA_2,1101.1004479757853,959.5055222745362,141.59492570124908,0.0,0.7974321520726051,0.7948717948717948,0.20512820512820512,12.301352849673542,233.0
pp_quantile_fixed,HOUSEHOLD_1_155_WI_3,207.7679450449956,168.50666899443638,39.261276050559204,0.0,0.6150855289160863,0.8717948717948718,0.1282051282051282,2.160341910185082,34.0
pp_quantile_fixed,HOUSEHOLD_1_157_WI_1,272.2873494743335,268.42919364604376,3.8581558282897186,0.0,0.9440846981407287,0.9743589743589743,0.02564102564102564,3.4413999185390227,23.0
pp_quantile_fixed,HOUSEHOLD_1_158_CA_3,455.2565485650828,398.2458704560345,57.01067810904836,0.0,0.7431951436529354,0.8333333333333334,0.16666666666666666,5.105716287897878,74.0
pp_quantile_fixed,HOUSEHOLD_1_160_WI_2,624.5331731758076,543.9835615548874,80.54961162092027,0.0,0.7869057893626447,0.7948717948717948,0.20512820512820512,6.974148225062659,126.0
pp_quantile_fixed,HOUSEHOLD_1_161_CA_2,377.5418863434642,334.13867918181705,43.40320716164719,0.0,0.7990592261034853,0.8717948717948718,0.1282051282051282,4.2838292202797055,72.0
pp_quantile_fixed,HOUSEHOLD_1_162_TX_1,554.7869327228523,532.1888477064157,22.598085016436535,0.0,0.8017711840663463,0.9487179487179487,0.05128205128205128,6.822933944954047,38.0
pp_quantile_fixed,HOUSEHOLD_1_163_CA_1,203.44151475646976,193.4533885057705,9.988126250699244,0.0,0.8486647537772842,0.9487179487179487,0.05128205128205128,2.480171647509878,22.0
pp_quantile_fixed,HOUSEHOLD_1_165_CA_1,233.45826072433672,208.5756121989889,24.88264852534784,0.0,0.7926445956221013,0.9230769230769231,0.07692307692307693,2.6740463102434475,40.0
pp_quantile_fixed,HOUSEHOLD_1_165_TX_1,558.316361872416,530.8618329060827,27.45452896633337,0.0,0.8811492252539681,0.9230769230769231,0.07692307692307693,6.805920934693368,77.0
pp_quantile_fixed,HOUSEHOLD_1_167_WI_1,315.1539294333778,289.0994318479858,26.054497585392028,0.0,0.7285989834854998,0.9102564102564102,0.08974358974358974,3.706402972410074,32.0
pp_quantile_fixed,HOUSEHOLD_1_175_TX_2,510.20702569805565,424.8655870146207,85.34143868343494,0.0,0.7877078639715548,0.8461538461538461,0.15384615384615385,5.44699470531565,134.0
pp_quantile_fixed,HOUSEHOLD_1_175_WI_3,263.81029990066145,241.99720741310625,21.81309248755518,0.0,0.7796657324489377,0.9102564102564102,0.08974358974358974,3.102528300168029,33.0
pp_quantile_fixed,HOUSEHOLD_1_185_WI_3,352.85501139765734,275.2591348601867,77.59587653747064,0.0,0.715766020009265,0.8076923076923077,0.19230769230769232,3.5289632674382907,91.0
pp_quantile_fixed,HOUSEHOLD_1_186_WI_2,1671.1831727066924,1304.865623440015,366.3175492666775,0.0,0.7050583339237702,0.6923076923076923,0.3076923076923077,16.729046454359167,414.0
pp_quantile_fixed,HOUSEHOLD_1_188_TX_2,361.59013447208116,338.33847967775387,23.25165479432728,0.0,0.8509509308055944,0.9230769230769231,0.07692307692307693,4.33767281638146,52.0
pp_quantile_fixed,HOUSEHOLD_1_190_WI_3,332.6778957480831,306.44014121704754,26.237754531035506,0.0,0.8674860882270935,0.8974358974358975,0.10256410256410256,3.928719759192917,66.0
pp_quantile_fixed,HOUSEHOLD_1_191_TX_3,967.3363219659441,949.4163728749088,17.919949091035228,0.0,0.9305428329804837,0.9487179487179487,0.05128205128205128,12.17200478044755,86.0
pp_quantile_fixed,HOUSEHOLD_1_194_CA_1,283.9031316710735,282.7639242120215,1.1392074590519785,0.0,0.9891504051518859,0.9871794871794872,0.01282051282051282,3.625178515538737,35.0
pp_quantile_fixed,HOUSEHOLD_1_195_CA_2,293.828975400338,277.6674606648571,16.161514735480868,0.0,0.826220271661496,0.9615384615384616,0.038461538461538464,3.55983923929304,31.0
pp_quantile_fixed,HOUSEHOLD_1_201_TX_2,525.1359894528978,525.1359894528978,0.0,0.0,1.0,1.0,0.0,6.732512685293561,23.0
pp_quantile_fixed,HOUSEHOLD_1_205_WI_3,380.44011982686703,359.22639193109336,21.213727895773673,0.0,0.8737278101442042,0.9358974358974359,0.0641025641025641,4.605466563219146,56.0
pp_quantile_fixed,HOUSEHOLD_1_206_CA_4,268.3020571028191,267.7631672462826,0.5388898565365374,0.0,0.9775462559776442,0.9871794871794872,0.01282051282051282,3.4328611185420845,8.0
pp_quantile_fixed,HOUSEHOLD_1_207_TX_1,256.5542518284758,236.0221088822692,20.532142946206587,0.0,0.755569726830874,0.8846153846153846,0.11538461538461539,3.025924472849605,28.0
pp_quantile_fixed,HOUSEHOLD_1_208_WI_3,703.6897569349102,623.8896250366724,79.8001318982377,0.0,0.8294868976533383,0.8589743589743589,0.14102564102564102,7.998584936367595,156.0
pp_quantile_fixed,HOUSEHOLD_1_211_TX_2,269.3539368424096,236.60700319887908,32.74693364353054,0.0,0.7772317439215609,0.8974358974358975,0.10256410256410256,3.033423117934347,49.0
pp_quantile_fixed,HOUSEHOLD_1_212_WI_2,513.2604243514608,465.4598342686836,47.80059008277712,0.0,0.8374129589021185,0.8717948717948718,0.1282051282051282,5.967433772675431,98.0
pp_quantile_fixed,HOUSEHOLD_1_216_TX_1,119.46155092943275,116.60320426830529,2.858346661127454,0.0,0.8941353088471313,0.9743589743589743,0.02564102564102564,1.4949128752346832,9.0
pp_quantile_fixed,HOUSEHOLD_1_217_WI_3,477.5664142409867,416.0382972222441,61.528117018742584,0.0,0.7467978723508535,0.8461538461538461,0.15384615384615385,5.333824323362104,81.0
pp_quantile_fixed,HOUSEHOLD_1_218_CA_1,551.6895727703346,493.9885452672602,57.70102750307443,0.0,0.7400854616978629,0.8461538461538461,0.15384615384615385,6.333186477785387,74.0
pp_quantile_fixed,HOUSEHOLD_1_219_TX_3,217.56838499318832,176.90823600463088,40.660148988557445,0.0,0.7622213509441085,0.8846153846153846,0.11538461538461539,2.268054307751678,57.0
pp_quantile_fixed,HOUSEHOLD_1_220_TX_3,515.1397750338167,446.92970737966385,68.21006765415282,0.0,0.793302825290446,0.8461538461538461,0.15384615384615385,5.729868043329024,110.0
pp_quantile_fixed,HOUSEHOLD_1_221_CA_2,414.40178193555187,346.474045711611,67.92773622394087,0.0,0.6940192061984645,0.782051282051282,0.21794871794871795,4.441974945020654,74.0
pp_quantile_fixed,HOUSEHOLD_1_224_WI_2,461.17259548691015,401.5926901144035,59.57990537250662,0.0,0.6944620237307352,0.8333333333333334,0.16666666666666666,5.148624232235942,65.0
pp_quantile_fixed,HOUSEHOLD_1_225_CA_4,450.3451198456678,400.0210736122268,50.32404623344098,0.0,0.7107813434859714,0.8589743589743589,0.14102564102564102,5.128475302720856,58.0
pp_quantile_fixed,HOUSEHOLD_1_225_TX_2,942.3102681353512,812.8092203846654,129.5010477506857,0.0,0.7863019014015087,0.7948717948717948,0.20512820512820512,10.420631030572634,202.0
pp_quantile_fixed,HOUSEHOLD_1_230_TX_3,202.1152763273382,180.44269371792814,21.672582609410053,0.0,0.5986558776035176,0.9358974358974359,0.0641025641025641,2.313367868178566,18.0
pp_quantile_fixed,HOUSEHOLD_1_238_CA_3,686.2820156832425,563.4342887873165,122.84772689592607,0.0,0.7810200946596684,0.7692307692307693,0.23076923076923078,7.223516522914315,187.0
pp_quantile_fixed,HOUSEHOLD_1_244_CA_3,643.811238173941,512.2940591072318,131.51717906670922,0.0,0.7171673568457867,0.782051282051282,0.21794871794871795,6.567872552656818,155.0
pp_quantile_fixed,HOUSEHOLD_1_246_CA_2,1928.7564684920046,1658.9915377669108,269.7649307250938,0.0,0.8212293368289637,0.7307692307692307,0.2692307692307692,21.26912227906296,503.0
pp_quantile_fixed,HOUSEHOLD_1_248_CA_4,207.8517685234674,185.22292618700325,22.62884233646414,0.0,0.7714258349852107,0.8717948717948718,0.1282051282051282,2.374652899833375,33.0
pp_quantile_fixed,HOUSEHOLD_1_249_WI_3,244.48030877197738,224.28249951385484,20.197809258122547,0.0,0.8316849228489787,0.8974358974358975,0.10256410256410256,2.8754166604340363,40.0
pp_quantile_fixed,HOUSEHOLD_1_264_TX_3,172.9715821162407,158.95912860523956,14.012453511001162,0.0,0.7969209636086789,0.9358974358974359,0.0641025641025641,2.03793754622102,23.0
pp_quantile_fixed,HOUSEHOLD_1_265_CA_3,280.0161038647719,239.45812736275278,40.5579765020191,0.0,0.734915186261313,0.8333333333333334,0.16666666666666666,3.0699759918301637,51.0
pp_quantile_fixed,HOUSEHOLD_1_272_CA_3,9180.299999999997,9037.199999999997,143.09999999999997,0.0,0.7435483870967743,0.9487179487179487,0.05128205128205128,115.86153846153843,186.0
pp_quantile_fixed,HOUSEHOLD_1_298_TX_3,480.56375770068314,458.456230718678,22.10752698200517,0.0,0.8060743247192529,0.9358974358974359,0.0641025641025641,5.877643983572795,38.0
pp_quantile_fixed,HOUSEHOLD_1_304_CA_3,2972.177023665885,2246.566597676917,725.6104259889681,0.0,0.6976623225045965,0.6666666666666666,0.3333333333333333,28.80213586765278,800.0
pp_quantile_fixed,HOUSEHOLD_1_304_CA_4,539.4104112751056,401.1644868242689,138.24592445083664,0.0,0.6927868345536964,0.7051282051282052,0.2948717948717949,5.143134446464986,150.0
pp_quantile_fixed,HOUSEHOLD_1_309_TX_2,245.12478525570899,225.0486263425378,20.07615891317119,0.0,0.6653973514471468,0.9230769230769231,0.07692307692307693,2.885238799263305,20.0
pp_quantile_fixed,HOUSEHOLD_1_314_TX_3,361.55541238674715,330.5365248526525,31.01888753409463,0.0,0.8085253855920085,0.8717948717948718,0.1282051282051282,4.237647754521186,54.0
pp_quantile_fixed,HOUSEHOLD_1_317_CA_1,610.0315727989637,565.2864373126105,44.74513548635322,0.0,0.8508495483788227,0.8846153846153846,0.11538461538461539,7.24726201682834,100.0
pp_quantile_fixed,HOUSEHOLD_1_317_TX_3,488.21386644586437,463.15091410821657,25.06295233764778,0.0,0.8673917865732922,0.9487179487179487,0.05128205128205128,5.937832232156623,63.0
pp_quantile_fixed,HOUSEHOLD_1_320_WI_3,244.60643575828263,210.22701767144974,34.37941808683289,0.0,0.6418810615954907,0.8974358974358975,0.10256410256410256,2.695218175274997,32.0
pp_quantile_fixed,HOUSEHOLD_1_332_WI_3,63.820044559073274,51.10848414777983,12.711560411293439,0.0,0.15256263924710406,0.9487179487179487,0.05128205128205128,0.6552369762535876,5.0
pp_quantile_fixed,HOUSEHOLD_1_333_WI_2,260.02353824429775,215.43877510755559,44.58476313674217,0.0,0.6622366429034684,0.8589743589743589,0.14102564102564102,2.7620355783019948,44.0
pp_quantile_fixed,HOUSEHOLD_1_338_WI_1,381.82375746174876,336.7518771923226,45.071880269426146,0.0,0.8048836351972893,0.8589743589743589,0.14102564102564102,4.31733175887593,77.0
pp_quantile_fixed,HOUSEHOLD_1_342_TX_2,415.4236798668089,348.4760742145386,66.94760565227037,0.0,0.6943031705375782,0.782051282051282,0.21794871794871795,4.467641977109469,73.0
pp_quantile_fixed,HOUSEHOLD_1_344_CA_1,374.1943493584182,351.72026124525337,22.47408811316485,0.0,0.833525273235816,0.9230769230769231,0.07692307692307693,4.509234118528889,45.0
pp_quantile_fixed,HOUSEHOLD_1_344_TX_1,1143.3899682293152,898.3885879605351,245.00138026878,0.0,0.7144506057473426,0.717948717948718,0.28205128205128205,11.51780240975045,286.0
pp_quantile_fixed,HOUSEHOLD_1_349_TX_2,547.4260274940209,513.0060171193513,34.42001037466963,0.0,0.8665891070749239,0.9102564102564102,0.08974358974358974,6.5770002194788635,86.0
pp_quantile_fixed,HOUSEHOLD_1_361_WI_3,899.6006590314855,797.5724096251896,102.02824940629597,0.0,0.8045435835128429,0.8205128205128205,0.1794871794871795,10.225287302887047,174.0
pp_quantile_fixed,HOUSEHOLD_1_368_TX_3,223.24903270890027,223.0094090717711,0.2396236371291649,0.0,0.9800313635725696,0.9871794871794872,0.01282051282051282,2.8590949880996295,4.0
pp_quantile_fixed,HOUSEHOLD_1_369_CA_1,689.485756482005,514.7093273640203,174.77642911798466,0.0,0.6727033162584557,0.7051282051282052,0.2948717948717949,6.598837530307953,178.0
pp_quantile_fixed,HOUSEHOLD_1_371_CA_1,458.054806538507,403.6888955870863,54.36591095142073,0.0,0.8437761179556876,0.8205128205128205,0.1794871794871795,5.175498661372901,116.0
pp_quantile_fixed,HOUSEHOLD_1_377_TX_1,147.96296022689805,133.9546795866246,14.008280640273453,0.0,0.7253278305828734,0.9358974358974359,0.0641025641025641,1.7173676870080077,17.0
pp_quantile_fixed,HOUSEHOLD_1_380_CA_1,357.292201711188,305.60637482566176,51.68582688552623,0.0,0.7428565826590736,0.8461538461538461,0.15384615384615385,3.918030446482843,67.0
pp_quantile_fixed,HOUSEHOLD_1_384_CA_2,318.70786562859627,274.1248263164496,44.58303931214665,0.0,0.7713690291684787,0.8589743589743589,0.14102564102564102,3.5144208502108927,65.0
pp_quantile_fixed,HOUSEHOLD_1_385_CA_3,1521.7479746558517,1308.9829997083632,212.76497494748864,0.0,0.8007818586634002,0.8461538461538461,0.15384615384615385,16.7818333295944,356.0
pp_quantile_fixed,HOUSEHOLD_1_386_CA_2,460.10395792653185,289.0031108313222,171.10084709520964,0.0,0.5400514863031999,0.6923076923076923,0.3076923076923077,3.705168087581054,124.0
pp_quantile_fixed,HOUSEHOLD_1_389_CA_1,1969.3833259447576,1764.346403392461,205.03692255229652,0.0,0.7922624898153026,0.8205128205128205,0.1794871794871795,22.61982568451873,329.0
pp_quantile_fixed,HOUSEHOLD_1_390_WI_2,846.7124279083447,719.5768670173194,127.13556089102534,0.0,0.7415943884328754,0.717948717948718,0.28205128205128205,9.225344448939993,164.0
pp_quantile_fixed,HOUSEHOLD_1_394_CA_3,514.9701655770341,455.5027557267266,59.467409850307476,0.0,0.7667944711752647,0.8461538461538461,0.15384615384615385,5.839778919573418,85.0
pp_quantile_fixed,HOUSEHOLD_1_395_CA_3,387.64358734055025,345.4951008539903,42.148486486559946,0.0,0.7963841232533336,0.8846153846153846,0.11538461538461539,4.429424369922953,69.0
pp_quantile_fixed,HOUSEHOLD_1_396_TX_1,457.1533668829185,381.6429920011363,75.51037488178216,0.0,0.7690814223798711,0.8205128205128205,0.1794871794871795,4.892858871809439,109.0
pp_quantile_fixed,HOUSEHOLD_1_397_WI_1,695.2404615611786,502.5055866862778,192.7348748749007,0.0,0.6264828006300374,0.6794871794871795,0.32051282051282054,6.442379316490741,172.0
pp_quantile_fixed,HOUSEHOLD_1_398_CA_4,208.57684086588603,183.1370156172349,25.439825248651115,0.0,0.7173352750149876,0.8974358974358975,0.10256410256410256,2.3479104566312166,30.0
pp_quantile_fixed,HOUSEHOLD_1_399_TX_3,2254.8105890288252,1612.903983103307,641.9066059255185,0.0,0.6526479405164942,0.6923076923076923,0.3076923076923077,20.67825619363214,616.0
pp_quantile_fixed,HOUSEHOLD_1_401_CA_2,198.78505941100929,186.38072865301032,12.404330757998972,0.0,0.812055594575773,0.9487179487179487,0.05128205128205128,2.38949652119244,22.0
pp_quantile_fixed,HOUSEHOLD_1_402_TX_2,235.76528662956932,220.49917603621546,15.266110593353858,0.0,0.8115294988474832,0.9487179487179487,0.05128205128205128,2.8269125132848134,27.0
pp_quantile_fixed,HOUSEHOLD_1_404_TX_2,393.33896350589475,364.26656770691005,29.072395798984676,0.0,0.8384866900056408,0.9230769230769231,0.07692307692307693,4.670084201370642,60.0
pp_quantile_fixed,HOUSEHOLD_1_407_CA_4,241.7875694344733,204.44603469949485,37.34153473497848,0.0,0.6228127804547628,0.8717948717948718,0.1282051282051282,2.6211030089678826,33.0
pp_quantile_fixed,HOUSEHOLD_1_411_WI_3,711.6804103996043,668.7383672035529,42.94204319605141,0.0,0.871044915327173,0.8846153846153846,0.11538461538461539,8.57356881030196,111.0
pp_quantile_fixed,HOUSEHOLD_1_415_CA_3,383.51442824132477,319.8302781019763,63.684150139348425,0.0,0.6576120960250086,0.8205128205128205,0.1794871794871795,4.100388180794568,62.0
pp_quantile_fixed,HOUSEHOLD_1_419_WI_2,195.5455383431488,190.27513795621877,5.270400386930033,0.0,0.8828799914015548,0.9615384615384616,0.038461538461538464,2.4394248455925482,15.0
pp_quantile_fixed,HOUSEHOLD_1_421_WI_3,366.7892213238534,323.1198732249831,43.66934809887025,0.0,0.782739561697163,0.8589743589743589,0.14102564102564102,4.142562477243374,67.0
pp_quantile_fixed,HOUSEHOLD_1_423_CA_4,150.58689000987155,142.2424771940129,8.344412815858636,0.0,0.7860406970292657,0.9487179487179487,0.05128205128205128,1.823621502487345,13.0
pp_quantile_fixed,HOUSEHOLD_1_425_CA_4,447.9550391006792,371.2537165939621,76.70132250671708,0.0,0.6882060060702558,0.8205128205128205,0.1794871794871795,4.759663033255925,82.0
pp_quantile_fixed,HOUSEHOLD_1_431_TX_2,969.1184798463594,772.969575291237,196.14890455512239,0.0,0.6747116010694488,0.7307692307692307,0.2692307692307692,9.909866349887654,201.0
pp_quantile_fixed,HOUSEHOLD_1_433_WI_1,147.92645081739386,139.24205684150107,8.684393975892787,0.0,0.8070134672023825,0.9487179487179487,0.05128205128205128,1.7851545748910393,15.0
pp_quantile_fixed,HOUSEHOLD_1_437_WI_1,777.0415825349194,610.4936812589349,166.54790127598443,0.0,0.7543541279115276,0.7692307692307693,0.23076923076923078,7.826842067422242,226.0
pp_quantile_fixed,HOUSEHOLD_1_439_WI_3,991.666896845172,944.5668968451721,47.099999999999966,0.0,0.839795918367347,0.9487179487179487,0.05128205128205128,12.10983201083554,98.0
pp_quantile_fixed,HOUSEHOLD_1_442_CA_4,246.24287582838986,202.30112240624004,43.9417534221498,0.0,0.7430306817418141,0.8333333333333334,0.16666666666666666,2.5936041334133337,57.0
pp_quantile_fixed,HOUSEHOLD_1_445_TX_3,750.1424143637204,551.0997338763657,199.04268048735472,0.0,0.6374450264346908,0.7307692307692307,0.2692307692307692,7.06538120354315,183.0
pp_quantile_fixed,HOUSEHOLD_1_448_CA_4,702.8322831079622,619.1590929517647,83.67319015619745,0.0,0.7786423540841337,0.8205128205128205,0.1794871794871795,7.937937089125189,126.0
pp_quantile_fixed,HOUSEHOLD_1_450_TX_2,462.9623443652842,384.9505388107028,78.01180555458139,0.0,0.643781709796432,0.782051282051282,0.21794871794871795,4.9352633180859335,73.0
pp_quantile_fixed,HOUSEHOLD_1_458_CA_2,662.4179673446463,523.9971435496786,138.4208237949677,0.0,0.7061129006476269,0.7307692307692307,0.2692307692307692,6.7179120967907515,157.0
pp_quantile_fixed,HOUSEHOLD_1_459_WI_2,11076.17908534128,8955.8015371277,2120.3775482135807,0.0,0.7001304556337744,0.6923076923076923,0.3076923076923077,114.8179684247141,2357.0
pp_quantile_fixed,HOUSEHOLD_1_462_WI_1,1227.4562845477153,1166.042426229025,61.41385831869029,0.0,0.7533579987201193,0.9487179487179487,0.05128205128205128,14.949261874731091,83.0
pp_quantile_fixed,HOUSEHOLD_1_467_CA_1,302.1695512743769,261.2485721282398,40.92097914613709,0.0,0.7648219589302465,0.8717948717948718,0.1282051282051282,3.3493406683107665,58.0
pp_quantile_fixed,HOUSEHOLD_1_473_WI_2,2438.8868508325904,1970.682650450923,468.20420038166753,0.0,0.7345781176974674,0.717948717948718,0.28205128205128205,25.26516218526824,588.0
pp_quantile_fixed,HOUSEHOLD_1_474_TX_2,3534.9451797378647,2635.0291600694077,899.916019668457,0.0,0.6663270227406538,0.6666666666666666,0.3333333333333333,33.78242512909497,899.0
pp_quantile_fixed,HOUSEHOLD_1_481_CA_1,601.9315793929377,474.7661830840767,127.16539630886093,0.0,0.690595142800825,0.7435897435897436,0.2564102564102564,6.086745936975342,137.0
pp_quantile_fixed,HOUSEHOLD_1_482_WI_1,345.07812428468736,282.4662757874899,62.611848497197435,0.0,0.67389662241043,0.8076923076923077,0.19230769230769232,3.6213625100960245,64.0
pp_quantile_fixed,HOUSEHOLD_1_491_TX_1,363.36978510279795,300.2514911477973,63.11829395500064,0.0,0.6950807055313979,0.8461538461538461,0.15384615384615385,3.8493780916384273,69.0
pp_quantile_fixed,HOUSEHOLD_1_491_WI_3,254.14517533867684,233.40185347912058,20.743321859556268,0.0,0.8617111876029583,0.9102564102564102,0.08974358974358974,2.99233145486052,50.0
pp_quantile_fixed,HOUSEHOLD_1_492_WI_2,236.48412476525573,214.8083310035185,21.675793761737232,0.0,0.444210416365712,0.9102564102564102,0.08974358974358974,2.7539529615835705,13.0
pp_quantile_fixed,HOUSEHOLD_1_494_CA_2,877.5452750398115,689.9147932693353,187.63048177047614,0.0,0.714413269755744,0.7564102564102564,0.24358974358974358,8.845061452170965,219.0
pp_quantile_fixed,HOUSEHOLD_1_494_TX_1,974.2006451094782,743.5584341188562,230.64221099062195,0.0,0.7311862342766645,0.7051282051282052,0.2948717948717949,9.532800437421233,286.0
pp_quantile_fixed,HOUSEHOLD_1_500_TX_3,73.61912488214331,66.9490690403275,6.6700558418158105,0.0,0.629441342121344,0.9743589743589743,0.02564102564102564,0.8583213979529167,6.0
pp_quantile_fixed,HOUSEHOLD_1_501_TX_3,168.56405033153038,168.063770220344,0.5002801111863802,0.0,0.9761771375625533,0.9871794871794872,0.01282051282051282,2.154663720773641,7.0
pp_quantile_fixed,HOUSEHOLD_1_503_WI_1,451.2987849018176,382.833991601478,68.46479330033961,0.0,0.7492132113540673,0.8333333333333334,0.16666666666666666,4.908128097454846,91.0
pp_quantile_fixed,HOUSEHOLD_1_504_CA_3,356.64435897255066,348.9113282781925,7.733030694358132,0.0,0.9194475969337694,0.9743589743589743,0.02564102564102564,4.473222157412724,32.0
pp_quantile_fixed,HOUSEHOLD_1_504_WI_3,292.09778807006126,286.09778807006126,6.0,0.0,0.7142857142857143,0.9871794871794872,0.01282051282051282,3.6679203598725802,7.0
pp_quantile_fixed,HOUSEHOLD_1_507_WI_3,767.0,767.0,0.0,0.0,1.0,1.0,0.0,9.833333333333334,11.0
pp_quantile_fixed,HOUSEHOLD_1_510_CA_4,594.975759917234,482.22482141334103,112.75093850389294,0.0,0.6893913539837659,0.7692307692307693,0.23076923076923078,6.182369505299244,121.0
pp_quantile_fixed,HOUSEHOLD_1_510_TX_1,479.47606609149807,453.0264683228131,26.44959776868493,0.0,0.8869675309030558,0.9102564102564102,0.08974358974358974,5.808031645164271,78.0
pp_quantile_fixed,HOUSEHOLD_1_520_CA_1,372.70920939919927,337.5324031127579,35.17680628644135,0.0,0.7906142482949919,0.8461538461538461,0.15384615384615385,4.327338501445614,56.0
pp_quantile_fixed,HOUSEHOLD_1_521_CA_2,1633.3584713442467,1081.8426909940365,551.5157803502102,0.0,0.5580803042065624,0.6794871794871795,0.32051282051282054,13.869778089667134,416.0
pp_quantile_fixed,HOUSEHOLD_1_521_TX_3,3908.106751034704,3403.5662129306215,504.5405381040822,0.0,0.802605423276963,0.717948717948718,0.28205128205128205,43.6354642683413,852.0
pp_quantile_fixed,HOUSEHOLD_1_527_WI_2,440.7589653261092,345.5958209201164,95.16314440599281,0.0,0.5043586228854541,0.7948717948717948,0.20512820512820512,4.4307156528220055,64.0
pp_quantile_fixed,HOUSEHOLD_1_529_CA_2,457.3224116442868,347.89422569877564,109.42818594551113,0.0,0.6160414528227679,0.8333333333333334,0.16666666666666666,4.460182380753534,95.0
pp_quantile_fixed,HOUSEHOLD_1_531_TX_1,264.76437661493935,239.84406857572912,24.92030803921025,0.0,0.851664833099939,0.9230769230769231,0.07692307692307693,3.0749239560990915,56.0
pp_quantile_fixed,HOUSEHOLD_1_533_WI_1,276.76831779052924,252.56670108796112,24.201616702568106,0.0,0.7931485751917255,0.8974358974358975,0.10256410256410256,3.238034629332835,39.0
pp_quantile_fixed,HOUSEHOLD_1_534_CA_2,414.0478032990748,386.0553877717138,27.992415527361025,0.0,0.8586241640032272,0.9230769230769231,0.07692307692307693,4.949428048355306,66.0
pp_quantile_fixed,HOUSEHOLD_1_534_CA_4,269.10647943757374,228.7178091630971,40.38867027447668,0.0,0.7008246646335061,0.8717948717948718,0.1282051282051282,2.9322796046550907,45.0
pp_quantile_fixed,HOUSEHOLD_1_534_TX_1,276.84683168548304,238.27376256186878,38.57306912361423,0.0,0.6524948727602322,0.8846153846153846,0.11538461538461539,3.0547918277162665,37.0
pp_quantile_fixed,HOUSEHOLD_1_537_CA_3,894.8712970452531,820.4776559422882,74.39364110296492,0.0,0.8673910140767114,0.8589743589743589,0.14102564102564102,10.518944306952411,187.0
pp_quantile_fixed,HOUSEHOLD_1_537_TX_1,557.2155432413538,500.3769649048409,56.83857833651284,0.0,0.8229327777678728,0.8589743589743589,0.14102564102564102,6.415089293651807,107.0
pp_quantile_fixed,HOUSEHOLD_1_541_CA_2,753.3617098782104,662.8824588483993,90.47925102981104,0.0,0.8429179669621335,0.8461538461538461,0.15384615384615385,8.498493062158966,192.0
pp_quantile_fixed,HOUSEHOLD_2_001_WI_2,108.31198644880644,98.25048207917523,10.061504369631203,0.0,0.6273516900136591,0.9487179487179487,0.05128205128205128,1.2596215651176312,9.0
pp_quantile_fixed,HOUSEHOLD_2_004_CA_4,192.92975538040747,190.54575031760282,2.384005062804642,0.0,0.8675552742886309,0.9871794871794872,0.01282051282051282,2.442894234841062,6.0
pp_quantile_fixed,HOUSEHOLD_2_008_WI_2,249.7599096663156,249.7599096663156,0.0,0.0,1.0,1.0,0.0,3.202050123927123,0.0
pp_quantile_fixed,HOUSEHOLD_2_009_CA_1,251.69855100245022,214.91374386473564,36.78480713771458,0.0,0.6855999389938925,0.8589743589743589,0.14102564102564102,2.755304408522252,39.0
pp_quantile_fixed,HOUSEHOLD_2_010_CA_3,204.505486050544,193.58997762050922,10.915508430034787,0.0,0.8346135086358366,0.9487179487179487,0.05128205128205128,2.4819227900065286,22.0
pp_quantile_fixed,HOUSEHOLD_2_013_WI_3,99.70792122378572,92.99815572267678,6.709765501108926,0.0,0.7763411499630358,0.9615384615384616,0.038461538461538464,1.1922840477266254,10.0
pp_quantile_fixed,HOUSEHOLD_2_015_CA_1,340.5413397097571,312.3096929267965,28.231646782960595,0.0,0.8117890214469294,0.9358974358974359,0.0641025641025641,4.0039704221384165,50.0
pp_quantile_fixed,HOUSEHOLD_2_017_CA_1,244.75897296174182,228.37167926877385,16.387293692967972,0.0,0.8116403023796784,0.9487179487179487,0.05128205128205128,2.927842041907357,29.0
pp_quantile_fixed,HOUSEHOLD_2_021_CA_2,370.8549329867087,358.34228690212,12.512646084588733,0.0,0.8654554184452824,0.9487179487179487,0.05128205128205128,4.594131883360513,31.0
pp_quantile_fixed,HOUSEHOLD_2_029_WI_2,261.1072170028228,247.75256409188697,13.354652910935801,0.0,0.9052861495678312,0.9358974358974359,0.0641025641025641,3.176314924254961,47.0
pp_quantile_fixed,HOUSEHOLD_2_032_WI_2,138.47866729708272,136.90566244639913,1.5730048506835894,0.0,0.9250950071103052,0.9871794871794872,0.01282051282051282,1.7552008005948607,7.0
pp_quantile_fixed,HOUSEHOLD_2_034_CA_2,146.57452123886014,126.36850557024984,20.20601566861031,0.0,0.6258145246553646,0.9487179487179487,0.05128205128205128,1.6201090457724339,18.0
pp_quantile_fixed,HOUSEHOLD_2_034_CA_3,150.01380694135767,142.54395541983104,7.469851521526631,0.0,0.822146392344604,0.9615384615384616,0.038461538461538464,1.8274866079465517,14.0
pp_quantile_fixed,HOUSEHOLD_2_038_TX_1,133.64608869310354,131.57947169580115,2.0666169973023765,0.0,0.9373752425059885,0.9871794871794872,0.01282051282051282,1.6869163037923225,11.0
pp_quantile_fixed,HOUSEHOLD_2_042_WI_2,164.72160358069937,164.72160358069937,0.0,0.0,1.0,1.0,0.0,2.1118154305217867,2.0
pp_quantile_fixed,HOUSEHOLD_2_043_TX_2,102.94882388025198,82.86229550500407,20.086528375247916,0.0,0.6061465024461192,0.9230769230769231,0.07692307692307693,1.0623371218590265,17.0
pp_quantile_fixed,HOUSEHOLD_2_045_CA_4,154.17183250461017,123.81008130277485,30.361751201835332,0.0,0.4673376982134152,0.8589743589743589,0.14102564102564102,1.5873087346509596,19.0
pp_quantile_fixed,HOUSEHOLD_2_047_TX_2,467.0163784614981,450.8447375343068,16.171640927191326,0.0,0.8652363256067389,0.9615384615384616,0.038461538461538464,5.780060737619317,40.0
pp_quantile_fixed,HOUSEHOLD_2_057_WI_3,132.20465675912467,118.74981503245473,13.454841726669947,0.0,0.6262543964813904,0.9358974358974359,0.0641025641025641,1.522433526057112,12.0
pp_quantile_fixed,HOUSEHOLD_2_058_TX_2,254.38133946403286,231.5511078100008,22.83023165403209,0.0,0.827043699590666,0.8846153846153846,0.11538461538461539,2.9686039462820615,44.0
pp_quantile_fixed,HOUSEHOLD_2_063_TX_2,124.46277567880009,119.06219126910116,5.400584409698929,0.0,0.8499837663972519,0.9615384615384616,0.038461538461538464,1.5264383496038612,12.0
pp_quantile_fixed,HOUSEHOLD_2_067_CA_2,586.3025538443254,476.67009168530905,109.6324621590164,0.0,0.6616282032129123,0.782051282051282,0.21794871794871795,6.1111550216065265,108.0
pp_quantile_fixed,HOUSEHOLD_2_073_WI_3,116.55170572126721,112.68406678430952,3.867638936957689,0.0,0.5702623403380346,0.9871794871794872,0.01282051282051282,1.444667522875763,3.0
pp_quantile_fixed,HOUSEHOLD_2_075_CA_4,304.7777769155454,274.7130088967556,30.064768018789835,0.0,0.7362739647474577,0.8974358974358975,0.10256410256410256,3.5219616525225073,38.0
pp_quantile_fixed,HOUSEHOLD_2_075_WI_3,356.55294272195715,346.5331153261892,10.019827395767972,0.0,0.9097312847228112,0.9615384615384616,0.038461538461538464,4.442732247771657,37.0
pp_quantile_fixed,HOUSEHOLD_2_077_CA_3,149.799931693049,140.81482794292032,8.98510375012868,0.0,0.6672183796248636,0.9615384615384616,0.038461538461538464,1.805318306960517,9.0
pp_quantile_fixed,HOUSEHOLD_2_079_TX_1,153.1988514030425,140.47863747166022,12.720213931382279,0.0,0.6971377635385172,0.9230769230769231,0.07692307692307693,1.8010081727135925,14.0
pp_quantile_fixed,HOUSEHOLD_2_087_CA_3,148.8616082324671,148.16722746463776,0.6943807678293301,0.0,0.9669342491509842,0.9871794871794872,0.01282051282051282,1.8995798392902277,7.0
pp_quantile_fixed,HOUSEHOLD_2_089_TX_2,343.0259688809879,300.35310269741876,42.67286618356911,0.0,0.7504510749498882,0.8974358974358975,0.10256410256410256,3.850680803813061,57.0
pp_quantile_fixed,HOUSEHOLD_2_095_CA_2,304.3267363774674,278.4118062747034,25.914930102764018,0.0,0.7840422491436332,0.8974358974358975,0.10256410256410256,3.5693821317269667,40.0
pp_quantile_fixed,HOUSEHOLD_2_095_TX_3,187.7200842591084,173.74739569941664,13.972688559691758,0.0,0.8136974858707765,0.9230769230769231,0.07692307692307693,2.227530714095085,25.0
pp_quantile_fixed,HOUSEHOLD_2_110_CA_1,750.9052202191751,604.2417005451133,146.66351967406186,0.0,0.7072584437643477,0.7564102564102564,0.24358974358974358,7.746688468527093,167.0
pp_quantile_fixed,HOUSEHOLD_2_120_TX_2,239.79726175445865,229.18325661729057,10.614005137168077,0.0,0.8989142367888755,0.9230769230769231,0.07692307692307693,2.9382468797088532,35.0
pp_quantile_fixed,HOUSEHOLD_2_123_TX_1,310.8123302060532,281.7550812430563,29.057248962996958,0.0,0.7693869129920875,0.8846153846153846,0.11538461538461539,3.6122446313212344,42.0
pp_quantile_fixed,HOUSEHOLD_2_129_CA_2,187.74881210583038,172.91719767077595,14.831614435054428,0.0,0.6468663229748947,0.9358974358974359,0.0641025641025641,2.216887149625333,14.0
pp_quantile_fixed,HOUSEHOLD_2_138_CA_3,109.17015687614703,108.94764625672042,0.22251061942661554,0.0,0.9814574483811154,0.9871794871794872,0.01282051282051282,1.3967646955989796,4.0
pp_quantile_fixed,HOUSEHOLD_2_139_TX_2,228.12578660464828,176.89231302482364,51.23347357982466,0.0,0.6366420313487613,0.8333333333333334,0.16666666666666666,2.2678501669849185,47.0
pp_quantile_fixed,HOUSEHOLD_2_143_CA_1,225.34817391533778,205.58408337969604,19.764090535641735,0.0,0.700544082793307,0.9102564102564102,0.08974358974358974,2.6356933766627697,22.0
pp_quantile_fixed,HOUSEHOLD_2_146_WI_1,359.34440091523373,299.77226525981825,59.572135655415494,0.0,0.5587249210709964,0.8205128205128205,0.1794871794871795,3.84323416999767,45.0
pp_quantile_fixed,HOUSEHOLD_2_147_CA_3,147.6897371518045,147.6897371518045,0.0,0.0,1.0,1.0,0.0,1.8934581686128784,5.0
pp_quantile_fixed,HOUSEHOLD_2_149_TX_1,121.12375758878123,119.67816628901664,1.4455912997645926,0.0,0.9196893722353003,0.9871794871794872,0.01282051282051282,1.534335465243803,6.0
pp_quantile_fixed,HOUSEHOLD_2_150_CA_2,240.70631410783605,199.85733321309914,40.84898089473692,0.0,0.5873840313662938,0.8846153846153846,0.11538461538461539,2.5622735027320402,33.0
pp_quantile_fixed,HOUSEHOLD_2_158_TX_3,175.87806556310082,175.87806556310082,0.0,0.0,1.0,1.0,0.0,2.2548469943987284,0.0
pp_quantile_fixed,HOUSEHOLD_2_159_CA_2,320.9911421471638,298.4887907690858,22.502351378078025,0.0,0.8369394827675506,0.9358974358974359,0.0641025641025641,3.826779368834434,46.0
pp_quantile_fixed,HOUSEHOLD_2_160_WI_1,252.19897630007645,232.20655784526,19.992418454816455,0.0,0.8374600125624679,0.9230769230769231,0.07692307692307693,2.9770071518623076,41.0
pp_quantile_fixed,HOUSEHOLD_2_164_CA_1,383.0,368.0,15.0,0.0,0.5833333333333334,0.9358974358974359,0.0641025641025641,4.717948717948718,12.0
pp_quantile_fixed,HOUSEHOLD_2_176_TX_2,1323.5388027438871,1013.5830039479564,309.9557987959306,0.0,0.5658882369804894,0.6538461538461539,0.34615384615384615,12.994653896768671,238.0
pp_quantile_fixed,HOUSEHOLD_2_179_CA_1,230.72977467454754,220.80684125725716,9.92293341729039,0.0,0.8818698402703526,0.9615384615384616,0.038461538461538464,2.8308569391956047,28.0
pp_quantile_fixed,HOUSEHOLD_2_184_WI_3,302.34248928331914,254.33872600578755,48.00376327753159,0.0,0.6521466429164378,0.8589743589743589,0.14102564102564102,3.260752897510097,46.0
pp_quantile_fixed,HOUSEHOLD_2_190_WI_1,417.709463828527,390.81224616910123,26.89721765942579,0.0,0.7962331995498046,0.9358974358974359,0.0641025641025641,5.010413412424374,44.0
pp_quantile_fixed,HOUSEHOLD_2_193_TX_1,337.93322252788346,317.6435183898683,20.289704138015196,0.0,0.6925802403331031,0.9102564102564102,0.08974358974358974,4.072352799870107,22.0
pp_quantile_fixed,HOUSEHOLD_2_203_CA_1,417.60469922858476,287.94830331604425,129.65639591254055,0.0,0.40796166249981486,0.7435897435897436,0.2564102564102564,3.6916449143082595,73.0
pp_quantile_fixed,HOUSEHOLD_2_207_WI_3,109.71040426250806,109.71040426250806,0.0,0.0,1.0,1.0,0.0,1.406543644391129,3.0
pp_quantile_fixed,HOUSEHOLD_2_208_CA_3,115.24770380018714,107.112342078888,8.135361721299141,0.0,0.6986903066185504,0.9487179487179487,0.05128205128205128,1.3732351548575386,9.0
pp_quantile_fixed,HOUSEHOLD_2_217_TX_1,437.2808542254812,350.23652801486094,87.04432621062026,0.0,0.68462200648326,0.782051282051282,0.21794871794871795,4.4902118976264225,92.0
pp_quantile_fixed,HOUSEHOLD_2_218_CA_1,186.0,177.0,9.0,0.0,0.5,0.9743589743589743,0.02564102564102564,2.269230769230769,6.0
pp_quantile_fixed,HOUSEHOLD_2_224_TX_1,105.8524254438887,97.29514911222262,8.557276331666083,0.0,0.5245957593518843,0.9615384615384616,0.038461538461538464,1.2473737065669566,6.0
pp_quantile_fixed,HOUSEHOLD_2_226_TX_3,256.18474476874957,243.15099490723625,13.03374986151331,0.0,0.8448363111724607,0.9487179487179487,0.05128205128205128,3.11732044752867,28.0
pp_quantile_fixed,HOUSEHOLD_2_226_WI_1,241.26403794878576,196.0086116951138,45.255426253671956,0.0,0.6132014850113509,0.8205128205128205,0.1794871794871795,2.512930919168126,39.0
pp_quantile_fixed,HOUSEHOLD_2_234_WI_3,179.80740588415273,172.84911662759563,6.958289256557102,0.0,0.7422855830904777,0.9615384615384616,0.038461538461538464,2.2160143157384056,9.0
pp_quantile_fixed,HOUSEHOLD_2_237_CA_2,150.44055351404413,145.07944958810887,5.361103925935266,0.0,0.8510804465017981,0.9743589743589743,0.02564102564102564,1.8599929434372933,12.0
pp_quantile_fixed,HOUSEHOLD_2_238_CA_1,236.34824595110996,202.89521972701337,33.453026224096575,0.0,0.6282997086211493,0.8461538461538461,0.15384615384615385,2.6012207657309405,30.0
pp_quantile_fixed,HOUSEHOLD_2_241_CA_2,197.43853518328467,182.55834848732206,14.880186695962603,0.0,0.7244409871118037,0.9615384615384616,0.038461538461538464,2.34049164727336,18.0
pp_quantile_fixed,HOUSEHOLD_2_249_WI_1,356.0,356.0,0.0,0.0,1.0,1.0,0.0,4.564102564102564,7.0
pp_quantile_fixed,HOUSEHOLD_2_257_TX_1,198.90969815352526,167.68223007910734,31.227468074417928,0.0,0.7186714587890277,0.8717948717948718,0.1282051282051282,2.149772180501376,37.0
pp_quantile_fixed,HOUSEHOLD_2_259_CA_2,508.66356309676416,456.0682832370829,52.59527985968131,0.0,0.6869328579780875,0.8589743589743589,0.14102564102564102,5.8470292722702935,56.0
pp_quantile_fixed,HOUSEHOLD_2_259_TX_3,151.6364448867759,145.3707972998286,6.26564758694729,0.0,0.8259542336959086,0.9615384615384616,0.038461538461538464,1.8637281705106232,12.0
pp_quantile_fixed,HOUSEHOLD_2_260_WI_1,166.99043216636258,157.80341076360244,9.187021402760148,0.0,0.8086037207758303,0.9487179487179487,0.05128205128205128,2.023120650815416,16.0
pp_quantile_fixed,HOUSEHOLD_2_263_TX_2,279.6443400467948,250.9665694921369,28.67777055465791,0.0,0.5654883249294257,0.9230769230769231,0.07692307692307693,3.2175201216940628,22.0
pp_quantile_fixed,HOUSEHOLD_2_263_TX_3,215.57616586473466,211.42846046463117,4.147705400103492,0.0,0.7695719222164726,0.9743589743589743,0.02564102564102564,2.7106212880080918,6.0
pp_quantile_fixed,HOUSEHOLD_2_264_WI_3,196.92541135393824,175.3559777445119,21.569433609426337,0.0,0.7885349646134673,0.9102564102564102,0.08974358974358974,2.2481535608270757,34.0
pp_quantile_fixed,HOUSEHOLD_2_265_WI_1,218.97610110690198,192.43863843212532,26.53746267477665,0.0,0.6597761195541454,0.9358974358974359,0.0641025641025641,2.467162031181094,26.0
pp_quantile_fixed,HOUSEHOLD_2_275_CA_2,337.7317328110003,298.4319221926556,39.29981061834473,0.0,0.727084648483717,0.8589743589743589,0.14102564102564102,3.826050284521225,48.0
pp_quantile_fixed,HOUSEHOLD_2_280_TX_2,210.9138399744713,201.58300041768018,9.330839556791112,0.0,0.8963240049245431,0.9487179487179487,0.05128205128205128,2.58439744125231,30.0
pp_quantile_fixed,HOUSEHOLD_2_280_WI_3,156.10095330269195,152.5590499794389,3.5419033232530643,0.0,0.9262103474322279,0.9743589743589743,0.02564102564102564,1.9558852561466524,16.0
pp_quantile_fixed,HOUSEHOLD_2_288_TX_3,183.02560660006236,183.02560660006236,0.0,0.0,1.0,1.0,0.0,2.3464821358982353,13.0
pp_quantile_fixed,HOUSEHOLD_2_294_CA_1,835.0454973181986,798.5899220266397,36.455575291558915,0.0,0.8915012640132175,0.9230769230769231,0.07692307692307693,10.238332333674867,112.0
pp_quantile_fixed,HOUSEHOLD_2_294_WI_3,471.13301436819495,378.1128369047843,93.02017746341068,0.0,0.712900686841325,0.7692307692307693,0.23076923076923078,4.84760047313826,108.0
pp_quantile_fixed,HOUSEHOLD_2_307_TX_1,104.90565377924418,103.79347326946652,1.1121805097776534,0.0,0.876424387802483,0.9871794871794872,0.01282051282051282,1.3306855547367502,3.0
pp_quantile_fixed,HOUSEHOLD_2_308_WI_3,144.002761533286,116.37061348504027,27.632148048245732,0.0,0.4581931755245935,0.8974358974358975,0.10256410256410256,1.4919309421159008,17.0
pp_quantile_fixed,HOUSEHOLD_2_311_TX_2,266.73151624532903,239.0306516109499,27.70086463437916,0.0,0.7632404732104345,0.8974358974358975,0.10256410256410256,3.0644955334737167,39.0
pp_quantile_fixed,HOUSEHOLD_2_314_TX_1,171.42462161704574,148.93952448962924,22.48509712741652,0.0,0.6252483812097246,0.9230769230769231,0.07692307692307693,1.9094810832003748,20.0
pp_quantile_fixed,HOUSEHOLD_2_316_CA_4,118.28046509958489,110.57085938293947,7.709605716645415,0.0,0.8572295237658256,0.9615384615384616,0.038461538461538464,1.4175751202940958,18.0
pp_quantile_fixed,HOUSEHOLD_2_326_TX_2,159.62835088875872,150.89214244074228,8.73620844801643,0.0,0.8058620344885237,0.9487179487179487,0.05128205128205128,1.9345146466761831,15.0
pp_quantile_fixed,HOUSEHOLD_2_330_CA_2,195.43739472861836,192.28830771767554,3.149087010942817,0.0,0.934394020605358,0.9743589743589743,0.02564102564102564,2.4652347143291737,16.0
pp_quantile_fixed,HOUSEHOLD_2_333_WI_2,232.25321285425406,227.3678598904651,4.885352963788958,0.0,0.9042087654159028,0.9615384615384616,0.038461538461538464,2.9149725626982703,17.0
pp_quantile_fixed,HOUSEHOLD_2_337_CA_2,161.80557793473474,146.98502456695735,14.82055336777739,0.0,0.8099929055413155,0.9230769230769231,0.07692307692307693,1.8844233918840685,26.0
pp_quantile_fixed,HOUSEHOLD_2_338_WI_3,290.4841263455425,278.3366855715112,12.147440774031306,0.0,0.6318957341202635,0.9615384615384616,0.038461538461538464,3.5684190457886054,11.0
pp_quantile_fixed,HOUSEHOLD_2_342_CA_1,294.36159354276333,243.22768173054976,51.13391181221357,0.0,0.6294644071578727,0.8076923076923077,0.19230769230769232,3.1183036119301253,46.0
pp_quantile_fixed,HOUSEHOLD_2_345_CA_1,281.888102421857,256.0172638240316,25.870838597825404,0.0,0.7844096783514549,0.9358974358974359,0.0641025641025641,3.2822726131286104,40.0
pp_quantile_fixed,HOUSEHOLD_2_346_TX_3,374.713071893982,304.59457774428944,70.11849414969254,0.0,0.7282228908926646,0.8846153846153846,0.11538461538461539,3.9050586890293517,86.0
pp_quantile_fixed,HOUSEHOLD_2_348_TX_1,346.6639855260585,292.4924902569808,54.17149526907774,0.0,0.7344534545633445,0.8461538461538461,0.15384615384615385,3.749903721243343,68.0
pp_quantile_fixed,HOUSEHOLD_2_354_TX_1,192.84518015710205,169.70770518526615,23.137474971835914,0.0,0.6494321973964254,0.8974358974358975,0.10256410256410256,2.175739810067515,22.0
pp_quantile_fixed,HOUSEHOLD_2_354_TX_2,409.7641725654411,345.1481929638191,64.61597960162194,0.0,0.5692268026558537,0.8589743589743589,0.14102564102564102,4.424976832869476,50.0
pp_quantile_fixed,HOUSEHOLD_2_355_CA_3,223.8244126089978,214.22241745024283,9.60199515875495,0.0,0.8896322395545407,0.9358974358974359,0.0641025641025641,2.7464412493620878,29.0
pp_quantile_fixed,HOUSEHOLD_2_355_TX_2,167.79523951145586,161.92048837212116,5.874751139334714,0.0,0.9067499819153222,0.9487179487179487,0.05128205128205128,2.0759036970784766,21.0
pp_quantile_fixed,HOUSEHOLD_2_358_CA_4,131.83107781423803,131.83107781423803,0.0,0.0,1.0,1.0,0.0,1.690142023259462,1.0
pp_quantile_fixed,HOUSEHOLD_2_358_WI_2,149.81468628645572,143.54630759193586,6.268378694519865,0.0,0.8694087771975028,0.9615384615384616,0.038461538461538464,1.8403372768196904,16.0
pp_quantile_fixed,HOUSEHOLD_2_370_TX_2,155.89548837494243,146.46366601452854,9.431822360413875,0.0,0.8633069223128425,0.9615384615384616,0.038461538461538464,1.8777393078785711,23.0
pp_quantile_fixed,HOUSEHOLD_2_373_WI_3,147.5629013423502,146.90995093319603,0.6529504091541583,0.0,0.9782349863615281,0.9871794871794872,0.01282051282051282,1.883460909399949,10.0
pp_quantile_fixed,HOUSEHOLD_2_382_TX_3,277.1886352943662,260.230498507951,16.958136786415213,0.0,0.8685415752991069,0.8974358974358975,0.10256410256410256,3.336288442409628,43.0
pp_quantile_fixed,HOUSEHOLD_2_385_WI_1,176.4418682190891,169.98187234187733,6.459995877211761,0.0,0.8564445360619609,0.9615384615384616,0.038461538461538464,2.179254773613812,15.0
pp_quantile_fixed,HOUSEHOLD_2_392_CA_4,121.09270083328505,110.47763210982299,10.615068723462052,0.0,0.6461643758845983,0.9487179487179487,0.05128205128205128,1.4163798988438845,10.0
pp_quantile_fixed,HOUSEHOLD_2_396_TX_3,143.2367295614053,111.47361185170408,31.763117709701234,0.0,0.4958235284174407,0.8846153846153846,0.11538461538461539,1.429148869893642,21.0
pp_quantile_fixed,HOUSEHOLD_2_396_WI_2,121.56251420847272,114.15339841908393,7.409115789388791,0.0,0.5883824561450671,0.9743589743589743,0.02564102564102564,1.4635051079369734,6.0
pp_quantile_fixed,HOUSEHOLD_2_397_WI_2,134.2154463082345,132.8457182148755,1.3697280933590048,0.0,0.8858559922200829,0.9871794871794872,0.01282051282051282,1.7031502335240447,4.0
pp_quantile_fixed,HOUSEHOLD_2_401_TX_3,377.99217017978026,285.58263538955504,92.40953479022521,0.0,0.6197138485998962,0.7948717948717948,0.20512820512820512,3.6613158383276287,81.0
pp_quantile_fixed,HOUSEHOLD_2_405_CA_4,194.4558018665153,186.75047698423742,7.705324882277864,0.0,0.7431558372574045,0.9615384615384616,0.038461538461538464,2.3942368844133,10.0
pp_quantile_fixed,HOUSEHOLD_2_412_CA_1,203.0905478493417,198.21828049822156,4.872267351120135,0.0,0.7293184804933258,0.9743589743589743,0.02564102564102564,2.5412600063874557,6.0
pp_quantile_fixed,HOUSEHOLD_2_417_TX_1,101.19868218043877,93.78981463875687,7.408867541681894,0.0,0.506075497221207,0.9615384615384616,0.038461538461538464,1.2024335210097035,5.0
pp_quantile_fixed,HOUSEHOLD_2_418_CA_2,204.00428677213998,202.3295718103688,1.6747149617711754,0.0,0.973417222829029,0.9871794871794872,0.01282051282051282,2.5939688693637026,21.0
pp_quantile_fixed,HOUSEHOLD_2_420_CA_3,342.1530477047404,292.74053881933486,49.41250888540554,0.0,0.5424767695795782,0.9102564102564102,0.08974358974358974,3.7530838310171135,36.0
pp_quantile_fixed,HOUSEHOLD_2_424_CA_1,185.670625560064,159.8914340963065,25.779191463757495,0.0,0.6094061899430682,0.8846153846153846,0.11538461538461539,2.0498901807218783,22.0
pp_quantile_fixed,HOUSEHOLD_2_424_CA_4,171.7185639648846,156.36742302620937,15.351140938675233,0.0,0.48829530204415894,0.9487179487179487,0.05128205128205128,2.0047105516180688,10.0
pp_quantile_fixed,HOUSEHOLD_2_428_CA_4,82.94597565181647,82.94597565181647,0.0,0.0,1.0,1.0,0.0,1.0634099442540572,0.0
pp_quantile_fixed,HOUSEHOLD_2_429_WI_3,134.2861042891513,126.29206728211732,7.994037007033988,0.0,0.7335320997655337,0.9487179487179487,0.05128205128205128,1.6191290677194528,10.0
pp_quantile_fixed,HOUSEHOLD_2_432_TX_3,206.75489886018715,197.11521127944803,9.639687580739126,0.0,0.8809915113488997,0.9487179487179487,0.05128205128205128,2.5271180933262567,27.0
pp_quantile_fixed,HOUSEHOLD_2_436_CA_2,336.74771222941,323.9560557512902,12.791656478119798,0.0,0.8877924870340369,0.9615384615384616,0.038461538461538464,4.153282766042182,38.0
pp_quantile_fixed,HOUSEHOLD_2_440_TX_2,847.2935293375947,708.8751920327805,138.4183373048142,0.0,0.6903392901458295,0.8076923076923077,0.19230769230769232,9.088143487599751,149.0
pp_quantile_fixed,HOUSEHOLD_2_445_WI_2,126.07894472705509,126.07894472705509,0.0,0.0,1.0,1.0,0.0,1.616396727269937,2.0
pp_quantile_fixed,HOUSEHOLD_2_446_CA_3,132.7864994223475,125.45637583735657,7.330123584990933,0.0,0.8120481132053607,0.9743589743589743,0.02564102564102564,1.608415074837905,13.0
pp_quantile_fixed,HOUSEHOLD_2_451_TX_1,429.520248734726,347.840524911692,81.67972382303404,0.0,0.735664324197301,0.7564102564102564,0.24358974358974358,4.459493909124256,103.0
pp_quantile_fixed,HOUSEHOLD_2_451_WI_2,428.5690141609904,371.9299566146094,56.639057546381,0.0,0.7829921166805325,0.8717948717948718,0.1282051282051282,4.768332777110377,87.0
pp_quantile_fixed,HOUSEHOLD_2_459_WI_3,112.88421366086003,110.49069842284163,2.3935152380183933,0.0,0.9002701984159003,0.9871794871794872,0.01282051282051282,1.416547415677457,8.0
pp_quantile_fixed,HOUSEHOLD_2_462_CA_4,162.12235325877188,150.50472811060703,11.617625148164844,0.0,0.6479507530859139,0.9358974358974359,0.0641025641025641,1.9295477962898337,11.0
pp_quantile_fixed,HOUSEHOLD_2_462_TX_2,138.67061160364688,123.44454807507901,15.226063528567856,0.0,0.6095881146521063,0.9230769230769231,0.07692307692307693,1.5826224112189617,13.0
pp_quantile_fixed,HOUSEHOLD_2_465_CA_1,414.0144133991525,356.1065358261317,57.90787757302083,0.0,0.7806519788900725,0.8333333333333334,0.16666666666666666,4.565468408027329,88.0
pp_quantile_fixed,HOUSEHOLD_2_468_TX_2,266.1384254113381,217.17987995332345,48.95854545801468,0.0,0.6114401154125818,0.8333333333333334,0.16666666666666666,2.7843574352990186,42.0
pp_quantile_fixed,HOUSEHOLD_2_470_WI_2,374.5497118990237,325.0280232252486,49.52168867377512,0.0,0.62483569186534,0.8589743589743589,0.14102564102564102,4.167025938785239,44.0
pp_quantile_fixed,HOUSEHOLD_2_475_CA_3,247.6134386070588,239.8696408376626,7.743797769396226,0.0,0.8709367038433962,0.9615384615384616,0.038461538461538464,3.075251805611059,20.0
pp_quantile_fixed,HOUSEHOLD_2_476_WI_2,179.8932934673638,154.17693552130956,25.716357946054245,0.0,0.5488358255078203,0.8846153846153846,0.11538461538461539,1.9766273784783277,19.0
pp_quantile_fixed,HOUSEHOLD_2_478_TX_2,121.27839695205215,105.92360657090585,15.354790381146296,0.0,0.6062874261244539,0.9230769230769231,0.07692307692307693,1.3579949560372544,13.0
pp_quantile_fixed,HOUSEHOLD_2_480_TX_1,210.59644891843854,206.79127540121524,3.8051735172232877,0.0,0.9154405885061492,0.9871794871794872,0.01282051282051282,2.6511701974514774,15.0
pp_quantile_fixed,HOUSEHOLD_2_483_TX_1,468.2457897313173,378.66758025245315,89.57820947886417,0.0,0.6953122126569246,0.7692307692307693,0.23076923076923078,4.854712567339143,98.0
pp_quantile_fixed,HOUSEHOLD_2_488_WI_3,135.12783156702432,125.2718108578871,9.856020709137201,0.0,0.765332840258638,0.9487179487179487,0.05128205128205128,1.6060488571523988,14.0
pp_quantile_fixed,HOUSEHOLD_2_490_WI_1,470.58119378562185,350.04030238741655,120.54089139820532,0.0,0.6836197076162589,0.7435897435897436,0.2564102564102564,4.487696184454058,127.0
pp_quantile_fixed,HOUSEHOLD_2_491_TX_3,285.7377400399098,256.54234295437016,29.195397085539668,0.0,0.7504666915765841,0.8974358974358975,0.10256410256410256,3.2890043968508995,39.0
pp_quantile_fixed,HOUSEHOLD_2_505_CA_4,166.95612258585635,166.65454237653913,0.30158020931723284,0.0,0.9888303626178803,0.9871794871794872,0.01282051282051282,2.136596697135117,9.0
pp_quantile_fixed,HOUSEHOLD_2_507_CA_1,431.75569577561976,381.42074593650005,50.334949839119716,0.0,0.749577363984479,0.8461538461538461,0.15384615384615385,4.890009563288462,67.0
pp_quantile_fixed,HOUSEHOLD_2_509_TX_1,177.1888641898926,168.63732123825307,8.551542951639544,0.0,0.9208190467440782,0.9487179487179487,0.05128205128205128,2.1620169389519623,36.0
pp_quantile_fixed,HOUSEHOLD_2_509_WI_1,126.20751201467871,114.98423606321018,11.223275951468544,0.0,0.532363502022144,0.9743589743589743,0.02564102564102564,1.4741568726052587,8.0
pp_quantile_fixed,HOUSEHOLD_2_509_WI_2,117.80245354695305,108.07176098700191,9.730692559951132,0.0,0.7683168438106873,0.9358974358974359,0.0641025641025641,1.3855353972692552,14.0
pp_quantile_fixed,HOUSEHOLD_2_510_CA_2,370.7953334755342,331.8787508133226,38.916582662211596,0.0,0.7724176452502247,0.8974358974358975,0.10256410256410256,4.254855779657982,57.0
pp_quantile_calibrated,FOODS_1_008_CA_1,258.9742612447898,245.52817854951144,13.446082695278339,0.0,0.8207188973962889,0.9358974358974359,0.0641025641025641,3.147797160891172,25.0
pp_quantile_calibrated,FOODS_1_010_CA_3,258.2284050481184,211.70229619558407,46.52610885253435,0.0,0.6475294783898913,0.8205128205128205,0.1794871794871795,2.714132002507488,44.0
pp_quantile_calibrated,FOODS_1_010_WI_3,503.7075969587461,476.70411978453706,27.003477174209035,0.0,0.8363425625805514,0.9102564102564102,0.08974358974358974,6.111591279288937,55.0
pp_quantile_calibrated,FOODS_1_013_WI_1,776.7626233420569,700.5265176023878,76.2361057396692,0.0,0.7967037180275488,0.8717948717948718,0.1282051282051282,8.981109200030613,125.0
pp_quantile_calibrated,FOODS_1_014_WI_3,565.5282905178381,493.9715453305914,71.5567451872466,0.0,0.7258362253362199,0.8461538461538461,0.15384615384615385,6.332968529879377,87.0
pp_quantile_calibrated,FOODS_1_022_WI_3,237.60434422893792,237.60434422893792,0.0,0.0,1.0,1.0,0.0,3.04620954139664,1.0
pp_quantile_calibrated,FOODS_1_024_TX_1,431.8877568806522,384.2139288025787,47.6738280780735,0.0,0.7001646032825566,0.8974358974358975,0.10256410256410256,4.92581960003306,53.0
pp_quantile_calibrated,FOODS_1_025_TX_1,361.1154594887731,332.1183308636691,28.99712862510401,0.0,0.7803247831431513,0.8974358974358975,0.10256410256410256,4.257927318764988,44.0
pp_quantile_calibrated,FOODS_1_025_WI_1,634.6073101200166,624.7115662155609,9.895743904455637,0.0,0.9000429908640845,0.9487179487179487,0.05128205128205128,8.009122643789242,33.0
pp_quantile_calibrated,FOODS_1_032_CA_2,1489.5577364517885,1180.7778289491814,308.7799075026072,0.0,0.7284257629704423,0.7435897435897436,0.2564102564102564,15.138177294220274,379.0
pp_quantile_calibrated,FOODS_1_040_TX_1,439.47420279010015,392.4630960136018,47.01110677649835,0.0,0.617795879865867,0.8717948717948718,0.1282051282051282,5.0315781540205355,41.0
pp_quantile_calibrated,FOODS_1_043_CA_3,9082.2031151996,9082.2031151996,0.0,0.0,1.0,1.0,0.0,116.43850147691795,42.0
pp_quantile_calibrated,FOODS_1_045_CA_3,1242.31047197536,1236.1843021806028,6.126169794757267,0.0,0.9846461909905833,0.9743589743589743,0.02564102564102564,15.848516694623113,133.0
pp_quantile_calibrated,FOODS_1_045_WI_2,730.6674940072498,657.6230972042758,73.04439680297406,0.0,0.7745543308550183,0.8461538461538461,0.15384615384615385,8.431065348772767,108.0
pp_quantile_calibrated,FOODS_1_046_WI_3,1553.7996179884294,1354.1827037405267,199.61691424790268,0.0,0.753559365126046,0.717948717948718,0.28205128205128205,17.361316714622138,270.0
pp_quantile_calibrated,FOODS_1_047_TX_2,498.49859118466634,475.7736230796714,22.724968104994964,0.0,0.877822752123683,0.8974358974358975,0.10256410256410256,6.0996618343547615,62.0
pp_quantile_calibrated,FOODS_1_054_CA_1,579.0094324399795,408.115831680906,170.89360075907354,0.0,0.5748915404003145,0.717948717948718,0.28205128205128205,5.232254252319308,134.0
pp_quantile_calibrated,FOODS_1_054_TX_3,331.7993816797216,299.96468149174996,31.834700187971663,0.0,0.6968123791621745,0.9358974358974359,0.0641025641025641,3.845701044766025,35.0
pp_quantile_calibrated,FOODS_1_055_WI_2,963.8300030379828,835.3001180152322,128.5298850227506,0.0,0.6849757720030623,0.782051282051282,0.21794871794871795,10.708975871990157,136.0
pp_quantile_calibrated,FOODS_1_056_WI_1,570.5333312197911,570.5333312197911,0.0,0.0,1.0,1.0,0.0,7.314529887433219,1.0
pp_quantile_calibrated,FOODS_1_057_CA_2,1023.5152479223618,1022.1403180731385,1.3749298492233741,0.0,0.8472300167529584,0.9871794871794872,0.01282051282051282,13.104363052219725,3.0
pp_quantile_calibrated,FOODS_1_060_CA_4,301.3716228870157,297.1157968169863,4.255826070029393,0.0,0.963625418204877,0.9743589743589743,0.02564102564102564,3.809176882269055,39.0
pp_quantile_calibrated,FOODS_1_062_TX_2,348.9165108806351,324.35833123970195,24.55817964093311,0.0,0.8258285131848716,0.9230769230769231,0.07692307692307693,4.158440144098743,47.0
pp_quantile_calibrated,FOODS_1_064_WI_3,212.49447877135776,206.32830672591567,6.166172045442104,0.0,0.8858116287881092,0.9615384615384616,0.038461538461538464,2.6452347016143034,18.0
pp_quantile_calibrated,FOODS_1_066_WI_1,835.0091154570507,655.3811340676281,179.62798138942264,0.0,0.6435952750209869,0.7435897435897436,0.2564102564102564,8.402322231636257,168.0
pp_quantile_calibrated,FOODS_1_069_CA_3,1312.3833783922123,1001.7935333432274,310.5898450489849,0.0,0.6804631223775875,0.7051282051282052,0.2948717948717949,12.843506837733685,324.0
pp_quantile_calibrated,FOODS_1_078_TX_2,403.4372051420788,377.47050331068795,25.96670183139088,0.0,0.7987077377411561,0.9487179487179487,0.05128205128205128,4.839365427060102,43.0
pp_quantile_calibrated,FOODS_1_081_WI_1,394.3882226874012,334.2534870907481,60.1347355966531,0.0,0.7008222109619249,0.8589743589743589,0.14102564102564102,4.285301116548053,67.0
pp_quantile_calibrated,FOODS_1_083_WI_3,1049.1068319625,1036.1149446599525,12.991887302547582,0.0,0.9529279445559871,0.9358974358974359,0.0641025641025641,13.283524931537853,92.0
pp_quantile_calibrated,FOODS_1_085_CA_4,2492.488993030838,1980.3045002245324,512.1844928063059,0.0,0.7532829996116058,0.6666666666666666,0.3333333333333333,25.388519233647852,692.0
pp_quantile_calibrated,FOODS_1_086_CA_2,945.9823908620576,835.1217755563252,110.86061530573241,0.0,0.8104946746910557,0.8076923076923077,0.19230769230769232,10.706689430209298,195.0
pp_quantile_calibrated,FOODS_1_086_WI_2,1094.2836554856522,828.6752339913737,265.60842149427856,0.0,0.6500547806399493,0.6923076923076923,0.3076923076923077,10.624041461427868,253.0
pp_quantile_calibrated,FOODS_1_089_CA_1,337.67240955322256,306.70974124033074,30.962668312891797,0.0,0.6774722050740438,0.8846153846153846,0.11538461538461539,3.93217616974783,32.0
pp_quantile_calibrated,FOODS_1_091_TX_3,360.6015527617257,360.6015527617257,0.0,0.0,1.0,1.0,0.0,4.623096830278535,4.0
pp_quantile_calibrated,FOODS_1_094_WI_1,313.5493942660744,259.7755476928309,53.77384657324346,0.0,0.7284149162967503,0.8205128205128205,0.1794871794871795,3.3304557396516783,66.0
pp_quantile_calibrated,FOODS_1_098_CA_2,222.74369004541165,221.5236883665457,1.2200016788659465,0.0,0.968717905670104,0.9871794871794872,0.01282051282051282,2.840047286750586,13.0
pp_quantile_calibrated,FOODS_1_098_TX_1,259.8992896329996,199.6570774356065,60.242212197393144,0.0,0.6596485186587957,0.8461538461538461,0.15384615384615385,2.5597061209693144,59.0
pp_quantile_calibrated,FOODS_1_099_CA_2,2721.53964122694,2185.067503804738,536.472137422202,0.0,0.7354673878588748,0.7051282051282052,0.2948717948717949,28.01368594621459,676.0
pp_quantile_calibrated,FOODS_1_099_TX_1,2049.3689236203095,1662.7577032867773,386.61122033353234,0.0,0.6762050080958691,0.717948717948718,0.28205128205128205,21.317406452394582,398.0
pp_quantile_calibrated,FOODS_1_101_CA_1,1375.9788280218456,1375.9788280218456,0.0,0.0,1.0,1.0,0.0,17.640754205408278,0.0
pp_quantile_calibrated,FOODS_1_102_TX_2,393.068561071073,330.44756918624677,62.62099188482624,0.0,0.6930343535057538,0.7948717948717948,0.20512820512820512,4.236507297259574,68.0
pp_quantile_calibrated,FOODS_1_106_CA_1,590.9499308721367,489.35712752769405,101.59280334444273,0.0,0.689318644206597,0.7435897435897436,0.2564102564102564,6.273809327278129,109.0
pp_quantile_calibrated,FOODS_1_107_TX_2,295.2239024672271,289.1488205560822,6.075081911144868,0.0,0.9276775962958944,0.9743589743589743,0.02564102564102564,3.707036160975413,28.0
pp_quantile_calibrated,FOODS_1_111_WI_2,168.52708038075517,165.75140606836806,2.775674312387098,0.0,0.8971972476893667,0.9871794871794872,0.01282051282051282,2.125018026517539,9.0
pp_quantile_calibrated,FOODS_1_119_WI_1,387.2574688893493,316.074963402216,71.18250548713328,0.0,0.6292577839211808,0.7948717948717948,0.20512820512820512,4.05224312054123,64.0
pp_quantile_calibrated,FOODS_1_122_WI_3,569.9570591224295,435.9915538969407,133.96550522548887,0.0,0.5578696197178585,0.7307692307692307,0.2692307692307692,5.589635306371035,101.0
pp_quantile_calibrated,FOODS_1_131_CA_1,324.5952261690307,278.81151268610637,45.783713482924334,0.0,0.736875209868251,0.8205128205128205,0.1794871794871795,3.5745065728987995,58.0
pp_quantile_calibrated,FOODS_1_132_WI_3,287.47702889395754,232.894863728572,54.58216516538555,0.0,0.6567159423560658,0.8333333333333334,0.16666666666666666,2.9858315862637435,53.0
pp_quantile_calibrated,FOODS_1_134_CA_2,295.03746744769114,243.6507500978531,51.38671734983808,0.0,0.736478372564933,0.8717948717948718,0.1282051282051282,3.123727565357091,65.0
pp_quantile_calibrated,FOODS_1_139_TX_3,824.8364720550841,579.0104079867253,245.82606406835873,0.0,0.5594514980853786,0.6666666666666666,0.3333333333333333,7.423210358804171,186.0
pp_quantile_calibrated,FOODS_1_143_CA_1,906.2280042711167,818.9969636144364,87.2310406566803,0.0,0.7655079552239777,0.8846153846153846,0.11538461538461539,10.499961071979953,124.0
pp_quantile_calibrated,FOODS_1_143_WI_2,590.0712727896832,590.0712727896832,0.0,0.0,1.0,1.0,0.0,7.565016317816451,34.0
pp_quantile_calibrated,FOODS_1_147_TX_2,207.72583387609237,185.63830031118064,22.087533564911713,0.0,0.7896425374770313,0.9230769230769231,0.07692307692307693,2.3799782091177004,35.0
pp_quantile_calibrated,FOODS_1_149_CA_3,753.0204618689991,687.8668650307889,65.15359683821023,0.0,0.8342147663149867,0.8589743589743589,0.14102564102564102,8.81880596193319,131.0
pp_quantile_calibrated,FOODS_1_156_TX_3,359.9686005591511,325.6316445176119,34.33695604153921,0.0,0.7615489163781999,0.8589743589743589,0.14102564102564102,4.174764673302716,48.0
pp_quantile_calibrated,FOODS_1_159_CA_4,450.3034192681009,431.61469385936846,18.688725408732463,0.0,0.5550303474111319,0.9743589743589743,0.02564102564102564,5.533521716145749,14.0
pp_quantile_calibrated,FOODS_1_161_CA_4,2651.642219126895,2450.70257334556,200.93964578133495,0.0,0.7846306047359755,0.8205128205128205,0.1794871794871795,31.41926376084051,311.0
pp_quantile_calibrated,FOODS_1_161_WI_3,2357.2017567319385,1841.5382485831901,515.6635081487484,0.0,0.6477708277672485,0.6666666666666666,0.3333333333333333,23.609464725425514,488.0
pp_quantile_calibrated,FOODS_1_168_WI_1,295.7875081385762,267.3152447095233,28.472263429052894,0.0,0.7034139226140323,0.8974358974358975,0.10256410256410256,3.4271185219169658,32.0
pp_quantile_calibrated,FOODS_1_174_TX_2,213.1457734650036,188.70926142056095,24.436512044442654,0.0,0.7531665450056297,0.9230769230769231,0.07692307692307693,2.419349505391807,33.0
pp_quantile_calibrated,FOODS_1_175_CA_3,674.6202092712463,604.7534755435081,69.86673372773815,0.0,0.7227510566359596,0.8076923076923077,0.19230769230769232,7.7532496864552325,84.0
pp_quantile_calibrated,FOODS_1_183_CA_2,652.2726453724953,580.5287916478931,71.7438537246022,0.0,0.827952389149635,0.7948717948717948,0.20512820512820512,7.442676815998629,139.0
pp_quantile_calibrated,FOODS_1_183_CA_4,552.66740291907,469.6845397674605,82.98286315160955,0.0,0.6960334683091225,0.8461538461538461,0.15384615384615385,6.021596663685391,91.0
pp_quantile_calibrated,FOODS_1_185_WI_1,727.1116548005965,588.3904898064487,138.72116499414778,0.0,0.6300768933489391,0.7564102564102564,0.24358974358974358,7.543467818031394,125.0
pp_quantile_calibrated,FOODS_1_191_TX_1,220.84478740178346,184.939997695724,35.90478970605946,0.0,0.7007934191161711,0.8846153846153846,0.11538461538461539,2.371025611483641,40.0
pp_quantile_calibrated,FOODS_1_192_CA_4,1042.4712657558293,1033.4712657558293,9.0,0.0,0.0,0.9743589743589743,0.02564102564102564,13.249631612254221,3.0
pp_quantile_calibrated,FOODS_1_203_WI_1,405.02235087491647,374.8278200102809,30.194530864635546,0.0,0.8136140070084226,0.9102564102564102,0.08974358974358974,4.805484871926678,54.0
pp_quantile_calibrated,FOODS_1_207_CA_4,428.76113248758406,327.2409697811254,101.5201627064587,0.0,0.6649499580644928,0.7435897435897436,0.2564102564102564,4.195397048475966,101.0
pp_quantile_calibrated,FOODS_1_208_WI_3,435.1088206662844,353.29023934095744,81.81858132532696,0.0,0.6714113199786066,0.7564102564102564,0.24358974358974358,4.529362042832788,83.0
pp_quantile_calibrated,FOODS_1_209_CA_4,669.9426281926956,669.9426281926956,0.0,0.0,1.0,1.0,0.0,8.589008053752508,1.0
pp_quantile_calibrated,FOODS_1_214_TX_3,359.8375741606235,348.4438989192627,11.393675241360778,0.0,0.800110960677881,0.9487179487179487,0.05128205128205128,4.467229473323881,19.0
pp_quantile_calibrated,FOODS_1_215_CA_1,862.235561780098,743.8402568391027,118.3953049409953,0.0,0.6379348472752437,0.8589743589743589,0.14102564102564102,9.536413549219265,109.0
pp_quantile_calibrated,FOODS_2_001_TX_1,521.7836073036875,445.68712915648956,76.09647814719797,0.0,0.7015824386384393,0.8461538461538461,0.15384615384615385,5.713937553288328,85.0
pp_quantile_calibrated,FOODS_2_002_CA_3,490.0406337245871,399.1749642428477,90.86566948173943,0.0,0.663460483400965,0.782051282051282,0.21794871794871795,5.117627746703175,90.0
pp_quantile_calibrated,FOODS_2_004_CA_1,465.50111763152375,386.00662448029095,79.4944931512328,0.0,0.754646626076442,0.8589743589743589,0.14102564102564102,4.948802877952448,108.0
pp_quantile_calibrated,FOODS_2_009_CA_1,488.422243720527,453.6311349677637,34.79110875276325,0.0,0.8493891395984273,0.9230769230769231,0.07692307692307693,5.815783781637997,77.0
pp_quantile_calibrated,FOODS_2_009_WI_1,826.3796660153407,661.8546160397148,164.52504997562596,0.0,0.6217814943089058,0.717948717948718,0.28205128205128205,8.485315590252753,145.0
pp_quantile_calibrated,FOODS_2_012_CA_3,323.3315013601772,318.9270552028671,4.40444615731007,0.0,0.9475661171748803,0.9743589743589743,0.02564102564102564,4.088808400036758,28.0
pp_quantile_calibrated,FOODS_2_014_CA_3,608.0767298515575,513.4935733348274,94.58315651673013,0.0,0.678288583276428,0.7692307692307693,0.23076923076923078,6.583250940190094,98.0
pp_quantile_calibrated,FOODS_2_014_TX_1,305.0991174667107,293.9051860822614,11.193931384449275,0.0,0.8713341220178243,0.9358974358974359,0.0641025641025641,3.768015206182839,29.0
pp_quantile_calibrated,FOODS_2_015_CA_1,475.7917706073176,429.76735605925654,46.02441454806105,0.0,0.7485004669504861,0.8846153846153846,0.11538461538461539,5.509837898195597,61.0
pp_quantile_calibrated,FOODS_2_017_WI_1,301.7274503912777,270.94626688735184,30.78118350392588,0.0,0.7719912333042528,0.9102564102564102,0.08974358974358974,3.4736700882993827,45.0
pp_quantile_calibrated,FOODS_2_017_WI_3,244.34841063436372,244.34841063436372,0.0,0.0,1.0,1.0,0.0,3.1326719312097913,2.0
pp_quantile_calibrated,FOODS_2_024_CA_4,454.512357932262,393.8632708785461,60.64908705371591,0.0,0.6841193382618963,0.8717948717948718,0.1282051282051282,5.049529113827513,64.0
pp_quantile_calibrated,FOODS_2_024_TX_2,501.9726364048626,496.28886987854327,5.683766526319337,0.0,0.9487948961592853,0.9743589743589743,0.02564102564102564,6.3626778189556825,37.0
pp_quantile_calibrated,FOODS_2_029_TX_3,1367.4687298328681,1009.3736460106674,358.0950838222009,0.0,0.5659453529427868,0.717948717948718,0.28205128205128205,12.94068776936753,275.0
pp_quantile_calibrated,FOODS_2_031_TX_1,1159.3324120605141,1159.3324120605141,0.0,0.0,1.0,1.0,0.0,14.863236052057873,9.0
pp_quantile_calibrated,FOODS_2_034_WI_3,588.3383404081685,558.76836722276,29.56997318540842,0.0,0.8916850799069289,0.9358974358974359,0.0641025641025641,7.163697015676411,91.0
pp_quantile_calibrated,FOODS_2_043_TX_2,432.9015645412921,401.65297058821017,31.248593953081922,0.0,0.6279929291299771,0.8974358974358975,0.10256410256410256,5.149397058823207,28.0
pp_quantile_calibrated,FOODS_2_045_TX_1,279.19419490298475,268.722037011922,10.472157891062755,0.0,0.7818300439361926,0.9615384615384616,0.038461538461538464,3.4451543206656665,16.0
pp_quantile_calibrated,FOODS_2_046_CA_3,277.84771647703246,261.3057521672704,16.54196430976205,0.0,0.709790099828736,0.9358974358974359,0.0641025641025641,3.3500737457342358,19.0
pp_quantile_calibrated,FOODS_2_047_CA_4,424.7230487819927,355.15294335881407,69.57010542317866,0.0,0.6823282857389102,0.7948717948717948,0.20512820512820512,4.553242863574539,73.0
pp_quantile_calibrated,FOODS_2_047_WI_3,543.6793001809473,471.7648216003135,71.9144785806338,0.0,0.6716233854765581,0.8333333333333334,0.16666666666666666,6.048266943593763,73.0
pp_quantile_calibrated,FOODS_2_051_WI_3,479.64957127533074,413.3770791358398,66.27249213949096,0.0,0.7014752606329235,0.8076923076923077,0.19230769230769232,5.299706142767176,74.0
pp_quantile_calibrated,FOODS_2_055_TX_1,529.3156009038387,470.0299025412222,59.28569836261652,0.0,0.7919800057452052,0.8846153846153846,0.11538461538461539,6.026024391554131,95.0
pp_quantile_calibrated,FOODS_2_067_CA_2,1406.474480773326,1406.474480773326,0.0,0.0,1.0,1.0,0.0,18.03172411247854,15.0
pp_quantile_calibrated,FOODS_2_067_WI_3,681.1314903171228,681.1314903171228,0.0,0.0,1.0,1.0,0.0,8.732455004065677,0.0
pp_quantile_calibrated,FOODS_2_082_TX_3,988.9102041688201,847.3118418108551,141.59836235796502,0.0,0.766339336042962,0.8205128205128205,0.1794871794871795,10.862972330908399,202.0
pp_quantile_calibrated,FOODS_2_084_WI_1,472.5524198577887,442.10503872454876,30.447381133239965,0.0,0.8550124707940955,0.8974358974358975,0.10256410256410256,5.668013316981394,70.0
pp_quantile_calibrated,FOODS_2_085_TX_2,273.6047357483258,247.69246392441107,25.912271823914736,0.0,0.7665561096944618,0.8974358974358975,0.10256410256410256,3.1755444092873213,37.0
pp_quantile_calibrated,FOODS_2_087_WI_3,197.16114462210277,192.513023712464,4.648120909638779,0.0,0.9139236868585411,0.9743589743589743,0.02564102564102564,2.4681156886213333,18.0
pp_quantile_calibrated,FOODS_2_100_WI_3,653.7183916532753,500.39105016056413,153.32734149271113,0.0,0.6296441026746108,0.7692307692307693,0.23076923076923078,6.415269873853386,138.0
pp_quantile_calibrated,FOODS_2_101_WI_1,430.75947983954126,367.96704234523787,62.792437494303385,0.0,0.7773317819350942,0.8589743589743589,0.14102564102564102,4.717526183913306,94.0
pp_quantile_calibrated,FOODS_2_104_CA_2,429.43479697637963,394.6527271495567,34.78206982682289,0.0,0.8216304111444981,0.8717948717948718,0.1282051282051282,5.05965034807124,65.0
pp_quantile_calibrated,FOODS_2_105_TX_3,427.8215607949058,383.206092859292,44.61546793561378,0.0,0.7193995727319887,0.8974358974358975,0.10256410256410256,4.91289862640118,53.0
pp_quantile_calibrated,FOODS_2_107_CA_1,515.5593185760998,444.7705164568231,70.78880211927677,0.0,0.7157076220109367,0.8205128205128205,0.1794871794871795,5.7021861084208085,83.0
pp_quantile_calibrated,FOODS_2_107_CA_3,835.4449078485056,696.8168772398312,138.62803060867446,0.0,0.6116861887712199,0.8333333333333334,0.16666666666666666,8.933549708202964,119.0
pp_quantile_calibrated,FOODS_2_108_TX_1,277.9683659864347,247.06367981159147,30.904686174843274,0.0,0.7547247128980692,0.8974358974358975,0.10256410256410256,3.167483074507583,42.0
pp_quantile_calibrated,FOODS_2_108_WI_2,660.8904106952743,520.032026862301,140.85838383297335,0.0,0.6597623578913687,0.7435897435897436,0.2564102564102564,6.667077267465397,138.0
pp_quantile_calibrated,FOODS_2_116_TX_3,552.6086666406818,529.0353322505191,23.57333439016273,0.0,0.8966081824992863,0.9102564102564102,0.08974358974358974,6.78250425962204,76.0
pp_quantile_calibrated,FOODS_2_117_WI_2,1482.1588640221562,1292.3401095260344,189.81875449612176,0.0,0.7187870303761158,0.7564102564102564,0.24358974358974358,16.568462942641467,225.0
pp_quantile_calibrated,FOODS_2_118_CA_2,270.8603715722292,229.2599392952138,41.6004322770154,0.0,0.6444407497690992,0.8717948717948718,0.1282051282051282,2.9392299909642796,39.0
pp_quantile_calibrated,FOODS_2_118_CA_4,282.7373213810291,213.64856757860588,69.08875380242327,0.0,0.5571233730613893,0.782051282051282,0.21794871794871795,2.7390841997257165,52.0
pp_quantile_calibrated,FOODS_2_124_CA_4,359.3947892184757,357.3052196284546,2.0895695900210693,0.0,0.9668322287298243,0.9871794871794872,0.01282051282051282,4.580836149082751,21.0
pp_quantile_calibrated,FOODS_2_124_WI_2,268.15947445913565,262.4759306643177,5.683543794817956,0.0,0.8947491889848526,0.9615384615384616,0.038461538461538464,3.365076034157919,18.0
pp_quantile_calibrated,FOODS_2_128_TX_3,6410.5375603586735,5874.075120717349,536.4624396413246,0.0,0.4597558513179007,0.7435897435897436,0.2564102564102564,75.30865539381216,331.0
pp_quantile_calibrated,FOODS_2_129_TX_2,173.65936875503846,169.4455965756111,4.213772179427377,0.0,0.912213079595263,0.9871794871794872,0.01282051282051282,2.172379443277065,16.0
pp_quantile_calibrated,FOODS_2_130_WI_2,1114.01287279396,1044.5086807608288,69.50419203313109,0.0,0.893724477013561,0.8974358974358975,0.10256410256410256,13.39113693283114,218.0
pp_quantile_calibrated,FOODS_2_132_TX_2,310.77518238268567,310.77518238268567,0.0,0.0,1.0,1.0,0.0,3.984297210034432,0.0
pp_quantile_calibrated,FOODS_2_133_TX_2,389.5106290604617,344.1923682267365,45.31826083372522,0.0,0.7149794916117911,0.8717948717948718,0.1282051282051282,4.412722669573545,53.0
pp_quantile_calibrated,FOODS_2_133_TX_3,303.57160457882094,208.524398655069,95.04720592375193,0.0,0.47195996709026705,0.7692307692307693,0.23076923076923078,2.6733897263470388,60.0
pp_quantile_calibrated,FOODS_2_141_CA_3,535.6814835629535,448.04110472693407,87.6403788360195,0.0,0.7786859120302537,0.7435897435897436,0.2564102564102564,5.744116727268385,132.0
pp_quantile_calibrated,FOODS_2_146_WI_1,505.77316168168784,432.1963737107036,73.57678797098426,0.0,0.7885724483592407,0.8589743589743589,0.14102564102564102,5.540979150137225,116.0
pp_quantile_calibrated,FOODS_2_148_CA_2,481.5403523210367,450.7806377194323,30.75971460160438,0.0,0.8232200310252622,0.8717948717948718,0.1282051282051282,5.779238945120928,58.0
pp_quantile_calibrated,FOODS_2_149_TX_1,1125.5966162109628,874.0655341532245,251.5310820577384,0.0,0.6737599454504041,0.7307692307692307,0.2692307692307692,11.205968386579801,257.0
pp_quantile_calibrated,FOODS_2_155_CA_4,643.5421184941562,643.5421184941562,0.0,0.0,1.0,1.0,0.0,8.25053998069431,10.0
pp_quantile_calibrated,FOODS_2_159_CA_1,245.95337128231773,226.47236227642176,19.481009005895977,0.0,0.7835443443789335,0.9230769230769231,0.07692307692307693,2.9034918240566894,30.0
pp_quantile_calibrated,FOODS_2_163_TX_3,489.7861446872541,420.6069394658771,69.17920522137699,0.0,0.6883819584622659,0.8205128205128205,0.1794871794871795,5.392396659818937,74.0
pp_quantile_calibrated,FOODS_2_165_CA_4,241.7976939851921,237.3626839473343,4.435010037857802,0.0,0.8521663320714066,0.9743589743589743,0.02564102564102564,3.043111332658132,10.0
pp_quantile_calibrated,FOODS_2_165_TX_1,178.17656581566166,178.17656581566166,0.0,0.0,1.0,1.0,0.0,2.2843149463546366,4.0
pp_quantile_calibrated,FOODS_2_166_TX_2,1322.64437646952,1308.9628185483837,13.681557921136285,0.0,0.5854073357231429,0.9871794871794872,0.01282051282051282,16.78157459677415,11.0
pp_quantile_calibrated,FOODS_2_169_TX_3,264.9917002728734,264.2213067066185,0.7703935662549011,0.0,0.9828801429721133,0.9871794871794872,0.01282051282051282,3.3874526500848527,15.0
pp_quantile_calibrated,FOODS_2_172_CA_2,420.1620230800189,325.5637824055145,94.59824067450441,0.0,0.6908554226323383,0.8076923076923077,0.19230769230769232,4.173894646224545,102.0
pp_quantile_calibrated,FOODS_2_176_WI_3,340.32724530963446,338.2158254623132,2.1114198473212564,0.0,0.9560120865141405,0.9871794871794872,0.01282051282051282,4.3361003264399125,16.0
pp_quantile_calibrated,FOODS_2_177_WI_1,416.16111840688507,382.31875378740597,33.8423646194791,0.0,0.7599832296490844,0.9358974358974359,0.0641025641025641,4.901522484453922,47.0
pp_quantile_calibrated,FOODS_2_182_TX_3,323.66928394096396,306.98334371048173,16.685940230482203,0.0,0.8205812878442774,0.9487179487179487,0.05128205128205128,3.935683893724125,31.0
pp_quantile_calibrated,FOODS_2_183_CA_4,892.8879255482223,706.0549980697208,186.8329274785015,0.0,0.7244352102086999,0.7435897435897436,0.2564102564102564,9.05198715474001,226.0
pp_quantile_calibrated,FOODS_2_186_TX_1,221.83122657994028,205.66347156793296,16.16775501200731,0.0,0.8581775876139709,0.9102564102564102,0.08974358974358974,2.6367111739478584,38.0
pp_quantile_calibrated,FOODS_2_187_CA_1,275.6243732735068,240.5442320307584,35.08014124274844,0.0,0.7563879080364692,0.8461538461538461,0.15384615384615385,3.083900410650749,48.0
pp_quantile_calibrated,FOODS_2_192_CA_2,734.2237793939042,684.3867892575049,49.836990136399294,0.0,0.8567902582287374,0.8846153846153846,0.11538461538461539,8.774189605865448,116.0
pp_quantile_calibrated,FOODS_2_192_TX_1,362.3448545363335,355.71680006456893,6.628054471764582,0.0,0.8895324254705903,0.9871794871794872,0.01282051282051282,4.560471795699602,20.0
pp_quantile_calibrated,FOODS_2_198_CA_4,249.65497701526388,224.05543931733632,25.599537697927566,0.0,0.5733410383678739,0.9102564102564102,0.08974358974358974,2.8725056322735427,20.0
pp_quantile_calibrated,FOODS_2_200_TX_1,475.34662283372967,442.211583085884,33.13503974784569,0.0,0.6318328916906034,0.9358974358974359,0.0641025641025641,5.669379270331846,30.0
pp_quantile_calibrated,FOODS_2_201_WI_3,559.027795452442,449.17826547150355,109.84952998093846,0.0,0.7047055645673699,0.7948717948717948,0.20512820512820512,5.7586957111731225,124.0
pp_quantile_calibrated,FOODS_2_202_WI_3,395.0249878966229,348.586220945051,46.438766951571914,0.0,0.7185529275662308,0.8461538461538461,0.15384615384615385,4.469054114680142,55.0
pp_quantile_calibrated,FOODS_2_204_CA_4,754.9453493943291,630.0853954244274,124.8599539699018,0.0,0.7522619960914647,0.782051282051282,0.21794871794871795,8.078017890056762,168.0
pp_quantile_calibrated,FOODS_2_206_CA_3,943.526657487916,862.251287532882,81.27536995503414,0.0,0.8494900556388256,0.8333333333333334,0.16666666666666666,11.054503686319,180.0
pp_quantile_calibrated,FOODS_2_207_CA_3,193.68751353412594,193.55425691216726,0.13325662195866705,0.0,0.9965831635395214,0.9871794871794872,0.01282051282051282,2.4814648322072728,13.0
pp_quantile_calibrated,FOODS_2_208_TX_1,604.4889031494539,534.4181775586227,70.07072559083119,0.0,0.8230537232554769,0.8076923076923077,0.19230769230769232,6.851515096905419,132.0
pp_quantile_calibrated,FOODS_2_212_CA_2,628.0308985431985,552.7422111695937,75.2886873736048,0.0,0.777909476774027,0.8076923076923077,0.19230769230769232,7.0864386047383805,113.0
pp_quantile_calibrated,FOODS_2_214_CA_3,396.0238977286623,390.8492251047987,5.1746726238635965,0.0,0.9520863645938556,0.9871794871794872,0.01282051282051282,5.010887501343573,36.0
pp_quantile_calibrated,FOODS_2_218_CA_4,311.08193696532805,290.0818932849902,21.00004368033787,0.0,0.8571425599977017,0.9358974358974359,0.0641025641025641,3.718998631858849,49.0
pp_quantile_calibrated,FOODS_2_219_TX_1,394.192522573315,355.39199005633236,38.800532516982614,0.0,0.6596444516054157,0.8589743589743589,0.14102564102564102,4.556307564824774,38.0
pp_quantile_calibrated,FOODS_2_224_TX_2,271.3569831703458,241.7775780431981,29.579405127147698,0.0,0.813966005489637,0.8717948717948718,0.1282051282051282,3.09971253901536,53.0
pp_quantile_calibrated,FOODS_2_231_CA_1,681.1890345420602,673.8762172751269,7.312817266933277,0.0,0.9390598561088893,0.9743589743589743,0.02564102564102564,8.639438683014447,40.0
pp_quantile_calibrated,FOODS_2_234_WI_3,289.9660465696644,287.33489926812877,2.631147301535627,0.0,0.9451844312180078,0.9871794871794872,0.01282051282051282,3.6837807598478047,16.0
pp_quantile_calibrated,FOODS_2_235_CA_2,675.6367012075103,615.9747859871504,59.66191522035992,0.0,0.7660317050181964,0.8846153846153846,0.11538461538461539,7.897112640860903,85.0
pp_quantile_calibrated,FOODS_2_241_CA_3,3032.5631983913,2253.2210353096457,779.3421630816542,0.0,0.6784892066494825,0.6666666666666666,0.3333333333333333,28.887449170636483,808.0
pp_quantile_calibrated,FOODS_2_241_WI_3,1142.549246132857,914.4450606867955,228.10418544606142,0.0,0.7225009909415312,0.7435897435897436,0.2564102564102564,11.723654624189686,274.0
pp_quantile_calibrated,FOODS_2_242_CA_3,808.8947618426937,742.3875091462788,66.50725269641487,0.0,0.8072253545031454,0.8717948717948718,0.1282051282051282,9.517788578798447,115.0
pp_quantile_calibrated,FOODS_2_242_WI_1,805.6674726272148,599.4684515586383,206.19902106857646,0.0,0.6026993813707583,0.7692307692307693,0.23076923076923078,7.685492968700491,173.0
pp_quantile_calibrated,FOODS_2_250_WI_2,600.8970244470811,533.3303822528517,67.56664219422939,0.0,0.6182675582246927,0.8717948717948718,0.1282051282051282,6.837569003241688,59.0
pp_quantile_calibrated,FOODS_2_253_CA_1,445.0900657253144,356.906973699564,88.18309202575043,0.0,0.6872939999086866,0.782051282051282,0.21794871794871795,4.575730432045693,94.0
pp_quantile_calibrated,FOODS_2_254_TX_3,455.02581943779086,392.9190978615551,62.10672157623576,0.0,0.5940737151880014,0.7948717948717948,0.20512820512820512,5.037424331558398,51.0
pp_quantile_calibrated,FOODS_2_254_WI_1,169.9640361377746,138.69288998699426,31.271146150780336,0.0,0.6139364672743168,0.9102564102564102,0.08974358974358974,1.778113974192234,27.0
pp_quantile_calibrated,FOODS_2_255_TX_2,2499.000000000002,2493.0000000000023,5.999999999999659,0.0,0.9677419354838728,0.9743589743589743,0.02564102564102564,31.961538461538492,62.0
pp_quantile_calibrated,FOODS_2_261_WI_2,558.1538568050285,500.9709014958762,57.182955309152206,0.0,0.7858316280556097,0.8589743589743589,0.14102564102564102,6.422703865331746,89.0
pp_quantile_calibrated,FOODS_2_270_CA_3,361.424673731809,345.38122050759944,16.043453224209525,0.0,0.7028990143664902,0.9487179487179487,0.05128205128205128,4.427964365482044,18.0
pp_quantile_calibrated,FOODS_2_270_WI_2,430.9090897835769,403.886215080836,27.022874702740907,0.0,0.7426392885453248,0.9230769230769231,0.07692307692307693,5.178028398472256,35.0
pp_quantile_calibrated,FOODS_2_271_WI_2,193.05296928323642,183.00408044097026,10.048888842266178,0.0,0.7423361835316364,0.9487179487179487,0.05128205128205128,2.346206159499619,13.0
pp_quantile_calibrated,FOODS_2_273_TX_3,232.1968689108133,216.88222709804103,15.314641812772269,0.0,0.6809449622339111,0.9487179487179487,0.05128205128205128,2.780541373051808,16.0
pp_quantile_calibrated,FOODS_2_274_CA_3,1348.4691011360874,1166.6258943565495,181.84320677953787,0.0,0.7604173823721503,0.8076923076923077,0.19230769230769232,14.956742235340377,253.0
pp_quantile_calibrated,FOODS_2_274_TX_2,903.8485283664143,847.6002869484304,56.248241417983905,0.0,0.862136663191216,0.9230769230769231,0.07692307692307693,10.866670345492697,136.0
pp_quantile_calibrated,FOODS_2_278_CA_4,375.06477476722335,308.82650612888955,66.23826863833382,0.0,0.6320096186759232,0.8589743589743589,0.14102564102564102,3.9593141811396095,60.0
pp_quantile_calibrated,FOODS_2_284_TX_3,281.4952108606092,278.9970991468965,2.498111713712664,0.0,0.9666918438171644,0.9743589743589743,0.02564102564102564,3.5768858864986735,25.0
pp_quantile_calibrated,FOODS_2_284_WI_2,366.7865433628606,313.6432431771451,53.143300185715475,0.0,0.6657654076370095,0.8717948717948718,0.1282051282051282,4.021067220219809,53.0
pp_quantile_calibrated,FOODS_2_290_WI_1,643.0591102111686,506.2604193162945,136.79869089487408,0.0,0.6742888312026808,0.7307692307692307,0.2692307692307692,6.49051819636275,140.0
pp_quantile_calibrated,FOODS_2_298_TX_2,358.84028100407295,333.6177559630919,25.222525040981072,0.0,0.794938820805032,0.9102564102564102,0.08974358974358974,4.277150717475537,41.0
pp_quantile_calibrated,FOODS_2_306_TX_1,331.36443172637524,302.645394332909,28.719037393466223,0.0,0.8005622403231513,0.8974358974358975,0.10256410256410256,3.880069158114218,48.0
pp_quantile_calibrated,FOODS_2_309_TX_2,596.7793433533427,530.6313158393959,66.14802751394683,0.0,0.6062617409884118,0.8205128205128205,0.1794871794871795,6.802965587684564,56.0
pp_quantile_calibrated,FOODS_2_311_WI_3,531.6370585825405,430.81173660338044,100.82532197916007,0.0,0.6306764762668129,0.8076923076923077,0.19230769230769232,5.523227392351031,91.0
pp_quantile_calibrated,FOODS_2_312_CA_1,350.29486940776064,337.7708870278303,12.523982379930317,0.0,0.8653335227964482,0.9487179487179487,0.05128205128205128,4.330395987536286,31.0
pp_quantile_calibrated,FOODS_2_312_TX_2,487.18734245538883,449.70961975530736,37.4777227000815,0.0,0.8240482502343591,0.8589743589743589,0.14102564102564102,5.765507945580864,71.0
pp_quantile_calibrated,FOODS_2_313_CA_4,297.1292137586124,297.1292137586124,0.0,0.0,1.0,1.0,0.0,3.809348894341185,2.0
pp_quantile_calibrated,FOODS_2_321_WI_1,315.1518343906587,257.83073888793314,57.32109550272553,0.0,0.7190142377317376,0.8205128205128205,0.1794871794871795,3.30552229343504,68.0
pp_quantile_calibrated,FOODS_2_325_WI_3,1961.859182851728,1483.1935878643253,478.66559498740276,0.0,0.688976221580635,0.6666666666666666,0.3333333333333333,19.01530240851699,513.0
pp_quantile_calibrated,FOODS_2_326_WI_1,1954.9615446561593,1636.0120812003713,318.9494634557879,0.0,0.7947558150220154,0.7307692307692307,0.2692307692307692,20.974513861543223,518.0
pp_quantile_calibrated,FOODS_2_329_TX_3,201.79602871238959,199.03374605516007,2.7622826572295125,0.0,0.9515389007503594,0.9871794871794872,0.01282051282051282,2.5517146930148726,19.0
pp_quantile_calibrated,FOODS_2_332_TX_2,372.99824329461364,369.92706762363434,3.071175670979306,0.0,0.9777451038334831,0.9743589743589743,0.02564102564102564,4.7426547131235175,46.0
pp_quantile_calibrated,FOODS_2_332_WI_1,284.66242625025535,256.10290744190166,28.55951880835368,0.0,0.7427070377625795,0.8974358974358975,0.10256410256410256,3.2833706082295087,37.0
pp_quantile_calibrated,FOODS_2_338_TX_3,607.10766592045,527.1438682925702,79.96379762787981,0.0,0.7778783399225561,0.7948717948717948,0.20512820512820512,6.758254721699618,120.0
pp_quantile_calibrated,FOODS_2_340_WI_2,638.8299351166742,585.1232759748548,53.706659141819436,0.0,0.8054106552832628,0.8589743589743589,0.14102564102564102,7.501580461216087,92.0
pp_quantile_calibrated,FOODS_2_342_CA_3,1800.8433781389704,1454.7030626137328,346.1403155252377,0.0,0.726587428495073,0.7307692307692307,0.2692307692307692,18.650039264278625,422.0
pp_quantile_calibrated,FOODS_2_347_WI_3,2849.5773658380126,2141.1091062945793,708.4682595434332,0.0,0.647528229082869,0.6923076923076923,0.3076923076923077,27.4501167473664,670.0
pp_quantile_calibrated,FOODS_2_350_WI_2,671.3499574171713,641.5580198798409,29.791937537330305,0.0,0.6575639363525253,0.8846153846153846,0.11538461538461539,8.225102818972319,29.0
pp_quantile_calibrated,FOODS_2_351_CA_1,369.38528473933275,315.2279608013392,54.15732393799354,0.0,0.652837667064144,0.8846153846153846,0.11538461538461539,4.041384112837682,52.0
pp_quantile_calibrated,FOODS_2_354_CA_4,282.7015189389269,251.8060757557074,30.89544318321946,0.0,0.4579746809961498,0.8974358974358975,0.10256410256410256,3.2282830225090695,19.0
pp_quantile_calibrated,FOODS_2_355_WI_2,679.410358525704,571.957710392087,107.45264813361698,0.0,0.7658983700792659,0.7948717948717948,0.20512820512820512,7.332791158872911,153.0
pp_quantile_calibrated,FOODS_2_356_CA_2,657.5958881168415,571.479198335948,86.11668978089341,0.0,0.788929681909575,0.8461538461538461,0.15384615384615385,7.326656388922411,136.0
pp_quantile_calibrated,FOODS_2_370_CA_2,422.29223154987903,362.95248739403854,59.33974415584052,0.0,0.5791507506677978,0.8461538461538461,0.15384615384615385,4.653237017872289,47.0
pp_quantile_calibrated,FOODS_2_370_CA_3,543.7974625789541,502.8613046826924,40.93615789626173,0.0,0.6209615009605395,0.8846153846153846,0.11538461538461539,6.446939803624261,36.0
pp_quantile_calibrated,FOODS_2_371_WI_3,2642.746116750115,2222.1838359500625,420.5622808000526,0.0,0.7767716131634539,0.7564102564102564,0.24358974358974358,28.489536358334135,628.0
pp_quantile_calibrated,FOODS_2_376_TX_1,361.2603308961487,343.5592495240593,17.701081372089405,0.0,0.8744604158007844,0.9230769230769231,0.07692307692307693,4.4046057631289655,47.0
pp_quantile_calibrated,FOODS_2_386_CA_2,451.00669061666343,416.07503290306266,34.931657713600785,0.0,0.7623696754176816,0.9102564102564102,0.08974358974358974,5.334295293629008,49.0
pp_quantile_calibrated,FOODS_2_387_WI_2,502.46127142006844,446.58224237880427,55.87902904126416,0.0,0.8321951079841917,0.8076923076923077,0.19230769230769232,5.725413363830824,111.0
pp_quantile_calibrated,FOODS_2_389_TX_2,404.1588673611113,404.1588673611113,0.0,0.0,1.0,1.0,0.0,5.181523940527067,3.0
pp_quantile_calibrated,FOODS_2_390_CA_4,470.405853285903,470.405853285903,0.0,0.0,1.0,1.0,0.0,6.030844272896192,4.0
pp_quantile_calibrated,FOODS_2_399_TX_2,629.2774276962948,562.6479293371184,66.6294983591764,0.0,0.7943534001259989,0.8589743589743589,0.14102564102564102,7.213434991501518,108.0
pp_quantile_calibrated,FOODS_3_003_WI_3,845.6348083197632,816.68835686093,28.946451458833327,0.0,0.7162112602075164,0.9358974358974359,0.0641025641025641,10.470363549499101,34.0
pp_quantile_calibrated,FOODS_3_009_CA_4,287.6808702293968,257.4476205567046,30.233249672692214,0.0,0.7900468772729708,0.8589743589743589,0.14102564102564102,3.300610519957751,48.0
pp_quantile_calibrated,FOODS_3_009_TX_2,563.9673407298534,528.5480720567361,35.41926867311721,0.0,0.844652330381065,0.9102564102564102,0.08974358974358974,6.77625733406072,76.0
pp_quantile_calibrated,FOODS_3_011_CA_1,838.699950294126,628.0181720057866,210.68177828833933,0.0,0.6946640894371894,0.7051282051282052,0.2948717948717949,8.051515025715213,230.0
pp_quantile_calibrated,FOODS_3_014_CA_1,790.6935381585808,790.6935381585808,0.0,0.0,1.0,1.0,0.0,10.13709664305873,2.0
pp_quantile_calibrated,FOODS_3_019_TX_2,445.38589444901623,445.38589444901623,0.0,0.0,1.0,1.0,0.0,5.710075569859183,48.0
pp_quantile_calibrated,FOODS_3_022_CA_1,248.73394434423525,246.67734806603383,2.0565962782014147,0.0,0.976360962319524,0.9871794871794872,0.01282051282051282,3.16253010341069,29.0
pp_quantile_calibrated,FOODS_3_023_TX_1,430.31967783683746,352.595504014276,77.72417382256145,0.0,0.6915707387993594,0.8205128205128205,0.1794871794871795,4.520455179670205,84.0
pp_quantile_calibrated,FOODS_3_023_TX_3,328.34922558185013,298.7638756728164,29.585349909033702,0.0,0.8356369449498128,0.8846153846153846,0.11538461538461539,3.8303060983694412,60.0
pp_quantile_calibrated,FOODS_3_023_WI_2,361.7088348240635,332.8956456669364,28.813189157127113,0.0,0.8187849738545465,0.8846153846153846,0.11538461538461539,4.267892893165851,53.0
pp_quantile_calibrated,FOODS_3_024_TX_3,1458.5495636494913,1447.742937707212,10.806625942279418,0.0,0.9815271351414028,0.9615384615384616,0.038461538461538464,18.560806893682205,195.0
pp_quantile_calibrated,FOODS_3_024_WI_1,2231.3169074771745,2198.3169074771745,33.0,0.0,0.8533333333333334,0.9743589743589743,0.02564102564102564,28.18355009586121,75.0
pp_quantile_calibrated,FOODS_3_026_CA_1,808.6940359569883,682.6606914936597,126.03334446332863,0.0,0.7557493324354096,0.7948717948717948,0.20512820512820512,8.75206014735461,172.0
pp_quantile_calibrated,FOODS_3_030_TX_3,6091.315977290364,4692.881369276933,1398.4346080134314,0.0,0.721538309834044,0.6538461538461539,0.34615384615384615,60.16514575996067,1674.0
pp_quantile_calibrated,FOODS_3_034_CA_1,667.3114026656463,546.3425938825003,120.9688087831459,0.0,0.7180214247479116,0.8205128205128205,0.1794871794871795,7.004392229262824,143.0
pp_quantile_calibrated,FOODS_3_035_WI_1,485.485616861599,452.00948143801537,33.47613542358364,0.0,0.8170702982317833,0.9230769230769231,0.07692307692307693,5.794993351769428,61.0
pp_quantile_calibrated,FOODS_3_036_CA_4,440.93972361141556,431.8508807195406,9.08884289187497,0.0,0.6633761891898159,0.9743589743589743,0.02564102564102564,5.536549752814623,9.0
pp_quantile_calibrated,FOODS_3_038_CA_4,365.22515023706046,316.1937870074381,49.03136322962237,0.0,0.7631335109680079,0.8717948717948718,0.1282051282051282,4.05376650009536,69.0
pp_quantile_calibrated,FOODS_3_038_WI_1,452.50287931240075,389.2762174323226,63.226661880078154,0.0,0.707283972777416,0.8333333333333334,0.16666666666666666,4.990720736311828,72.0
pp_quantile_calibrated,FOODS_3_040_WI_1,759.7366146351708,619.3445017364726,140.39211289869817,0.0,0.4800292114863031,0.717948717948718,0.28205128205128205,7.940314124826571,90.0
pp_quantile_calibrated,FOODS_3_048_TX_1,739.5121653635524,731.6832154244687,7.828949939083715,0.0,0.9592242190672723,0.9743589743589743,0.02564102564102564,9.380554043903444,64.0
pp_quantile_calibrated,FOODS_3_048_TX_3,683.1233602793391,646.7722936492163,36.35106663012273,0.0,0.8888346586234779,0.9102564102564102,0.08974358974358974,8.29195248268226,109.0
pp_quantile_calibrated,FOODS_3_049_TX_1,339.1716843450559,330.3251141238185,8.846570221237407,0.0,0.8946836878424119,0.9743589743589743,0.02564102564102564,4.2349373605617755,28.0
pp_quantile_calibrated,FOODS_3_050_CA_2,373.0232355597156,334.2491082520278,38.7741273076878,0.0,0.8070938939916029,0.8717948717948718,0.1282051282051282,4.2852449775901,67.0
pp_quantile_calibrated,FOODS_3_053_CA_4,510.4191518335407,422.50623298413797,87.91291884940276,0.0,0.6707381316501769,0.8461538461538461,0.15384615384615385,5.416746576719717,89.0
pp_quantile_calibrated,FOODS_3_054_WI_3,1037.3999999999987,1037.3999999999987,0.0,0.0,1.0,1.0,0.0,13.299999999999983,0.0
pp_quantile_calibrated,FOODS_3_057_WI_3,240.6770071558689,227.94600019591437,12.731006959954534,0.0,0.7878165506674245,0.9358974358974359,0.0641025641025641,2.922384617896338,20.0
pp_quantile_calibrated,FOODS_3_066_CA_4,1255.2361332820499,982.9354313513832,272.3007019306667,0.0,0.6735003573972821,0.7051282051282052,0.2948717948717949,12.601736299376707,278.0
pp_quantile_calibrated,FOODS_3_066_TX_3,1235.8201210032653,1024.531962642719,211.2881583605464,0.0,0.7227189522827475,0.7564102564102564,0.24358974358974358,13.13502516208614,254.0
pp_quantile_calibrated,FOODS_3_067_CA_4,388.29403341996937,326.40413457153477,61.88989884843462,0.0,0.7628739507722812,0.8333333333333334,0.16666666666666666,4.184668391942753,87.0
pp_quantile_calibrated,FOODS_3_072_WI_3,252.61961436130213,229.54091178406966,23.078702577232477,0.0,0.7863083094700696,0.9230769230769231,0.07692307692307693,2.9428322023598676,36.0
pp_quantile_calibrated,FOODS_3_074_CA_2,741.3750834170793,581.2677240919875,160.1073593250918,0.0,0.7083654657102152,0.7435897435897436,0.2564102564102564,7.4521503088716345,183.0
pp_quantile_calibrated,FOODS_3_091_TX_1,210.2857753097983,167.76807188194698,42.51770342785132,0.0,0.6919006997981788,0.8589743589743589,0.14102564102564102,2.1508727164352175,46.0
pp_quantile_calibrated,FOODS_3_091_WI_1,226.0904808185422,190.20431382944764,35.886166989094555,0.0,0.5875153219644303,0.8717948717948718,0.1282051282051282,2.4385168439672773,29.0
pp_quantile_calibrated,FOODS_3_094_TX_2,609.4464273470066,556.1254419766648,53.32098537034186,0.0,0.8204680627261216,0.8717948717948718,0.1282051282051282,7.1298133586751895,99.0
pp_quantile_calibrated,FOODS_3_101_WI_3,1398.4790556258474,1165.9238011149343,232.55525451091302,0.0,0.721156769171567,0.7435897435897436,0.2564102564102564,14.947741039935055,278.0
pp_quantile_calibrated,FOODS_3_102_WI_2,568.1509102180062,482.4903882555694,85.66052196243677,0.0,0.7404226607198886,0.8333333333333334,0.16666666666666666,6.1857742084047365,110.0
pp_quantile_calibrated,FOODS_3_103_TX_1,211.02822704568558,199.35595831899084,11.672268726694735,0.0,0.8308366851203661,0.9487179487179487,0.05128205128205128,2.5558456194742414,23.0
pp_quantile_calibrated,FOODS_3_103_WI_1,513.7576930932696,423.3510579264607,90.40663516680885,0.0,0.7800325178423142,0.7948717948717948,0.20512820512820512,5.427577665723855,137.0
pp_quantile_calibrated,FOODS_3_110_WI_1,220.13949123933003,210.8351333135486,9.304357925781439,0.0,0.8707728065863689,0.9358974358974359,0.0641025641025641,2.7030145296608796,24.0
pp_quantile_calibrated,FOODS_3_111_TX_1,274.08776245238107,249.36511498551732,24.722647466863737,0.0,0.5421731950580789,0.8974358974358975,0.10256410256410256,3.1969886536604784,18.0
pp_quantile_calibrated,FOODS_3_111_WI_1,302.10872461622233,290.07115064153135,12.037573974690979,0.0,0.8746086044303023,0.9358974358974359,0.0641025641025641,3.7188609056606583,32.0
pp_quantile_calibrated,FOODS_3_117_CA_4,412.40994885879024,341.9058371914979,70.50411166729236,0.0,0.6987003774902038,0.8333333333333334,0.16666666666666666,4.3834081691217675,78.0
pp_quantile_calibrated,FOODS_3_120_TX_1,4048.2923041559334,2799.3179670291347,1248.974337126799,0.0,0.5575719670114067,0.6410256410256411,0.358974358974359,35.88869188498891,941.0
pp_quantile_calibrated,FOODS_3_125_CA_1,836.0783685524567,820.9623164446826,15.116052107774067,0.0,0.8950274159182356,0.9487179487179487,0.05128205128205128,10.525157903136957,48.0
pp_quantile_calibrated,FOODS_3_126_WI_1,538.1342560725344,473.70038192483423,64.43387414770021,0.0,0.8281763356061327,0.8333333333333334,0.16666666666666666,6.073081819549157,125.0
pp_quantile_calibrated,FOODS_3_133_CA_1,2156.612866222431,1618.9217655811767,537.6911006412541,0.0,0.6855607598589157,0.6538461538461539,0.34615384615384615,20.755407251040726,570.0
pp_quantile_calibrated,FOODS_3_133_CA_2,1665.428277294715,1326.2644362653516,339.1638410293633,0.0,0.7504313163875178,0.6666666666666666,0.3333333333333333,17.00339020853015,453.0
pp_quantile_calibrated,FOODS_3_133_TX_1,1205.3372404457282,1032.375566495338,172.96167395039026,0.0,0.7131647198169316,0.7692307692307693,0.23076923076923078,13.235584185837666,201.0
pp_quantile_calibrated,FOODS_3_134_TX_1,1377.994767567413,1072.109619062495,305.88514850491777,0.0,0.6965425114038515,0.7307692307692307,0.2692307692307692,13.744995116185834,336.0
pp_quantile_calibrated,FOODS_3_136_CA_1,1336.726507485876,1000.4806080713626,336.2458994145135,0.0,0.697892273661713,0.6153846153846154,0.38461538461538464,12.826674462453367,371.0
pp_quantile_calibrated,FOODS_3_138_WI_3,654.8397037876787,489.9902304727576,164.849473314921,0.0,0.6709591350999582,0.7307692307692307,0.2692307692307692,6.281926031702021,167.0
pp_quantile_calibrated,FOODS_3_141_TX_3,255.58034959517758,241.37193270370423,14.208416891473338,0.0,0.784720956189798,0.9358974358974359,0.0641025641025641,3.094511957739798,22.0
pp_quantile_calibrated,FOODS_3_154_CA_1,307.08940156910217,301.86845324965356,5.2209483194486355,0.0,0.9419894631172373,0.9871794871794872,0.01282051282051282,3.8701083749955583,30.0
pp_quantile_calibrated,FOODS_3_155_TX_1,224.22245681859675,213.42549771353345,10.796959105063298,0.0,0.8000563128691982,0.9358974358974359,0.0641025641025641,2.7362243296606854,18.0
pp_quantile_calibrated,FOODS_3_157_CA_2,508.4461238912102,489.7161988278149,18.72992506339532,0.0,0.8959448607589148,0.9102564102564102,0.08974358974358974,6.278412805484806,60.0
pp_quantile_calibrated,FOODS_3_158_WI_3,221.36376832927488,201.4377950450559,19.925973284218983,0.0,0.7709658243193221,0.9230769230769231,0.07692307692307693,2.582535833910973,29.0
pp_quantile_calibrated,FOODS_3_160_CA_1,166.0,61.0,105.0,0.0,0.027777777777777776,0.8461538461538461,0.15384615384615385,0.782051282051282,36.0
pp_quantile_calibrated,FOODS_3_160_TX_1,468.0,468.0,0.0,0.0,1.0,1.0,0.0,6.0,0.0
pp_quantile_calibrated,FOODS_3_160_WI_2,67.50882020734834,29.95842123484062,37.550398972507715,0.0,0.03716925711518683,0.9230769230769231,0.07692307692307693,0.3840823235235977,13.0
pp_quantile_calibrated,FOODS_3_161_WI_1,362.6648194415832,358.6629106365749,4.001908805008254,0.0,0.9297910735963463,0.9743589743589743,0.02564102564102564,4.598242444058653,19.0
pp_quantile_calibrated,FOODS_3_162_WI_2,409.2543042746735,398.50996073025635,10.744343544417116,0.0,0.9412877401944421,0.9358974358974359,0.0641025641025641,5.109102060644312,61.0
pp_quantile_calibrated,FOODS_3_163_TX_2,343.4167203081915,273.152938506599,70.26378180159247,0.0,0.7307901080398757,0.8333333333333334,0.16666666666666666,3.501960750084603,87.0
pp_quantile_calibrated,FOODS_3_169_TX_3,930.5048322683012,812.0867079652073,118.41812430309386,0.0,0.7436837136296669,0.8076923076923077,0.19230769230769232,10.411368050835991,154.0
pp_quantile_calibrated,FOODS_3_171_WI_2,207.62517123719357,203.57558687413265,4.049584363060909,0.0,0.9100092363764243,0.9743589743589743,0.02564102564102564,2.6099434214632393,15.0
pp_quantile_calibrated,FOODS_3_172_CA_3,721.0640032126462,641.5054580186404,79.55854519400572,0.0,0.840243885152599,0.7948717948717948,0.20512820512820512,8.224428948956929,166.0
pp_quantile_calibrated,FOODS_3_172_TX_3,802.6203107959649,723.7878544778793,78.83245631808563,0.0,0.7734699531089493,0.8589743589743589,0.14102564102564102,9.279331467665118,116.0
pp_quantile_calibrated,FOODS_3_176_WI_3,312.8884834133214,283.62996932215816,29.258514091163235,0.0,0.7832702659913834,0.9358974358974359,0.0641025641025641,3.6362816579763866,45.0
pp_quantile_calibrated,FOODS_3_178_WI_2,557.8343491827137,462.32891570218254,95.50543348053117,0.0,0.7279047479187145,0.8333333333333334,0.16666666666666666,5.927293791053622,117.0
pp_quantile_calibrated,FOODS_3_180_WI_1,434.16892357363645,394.1997796299539,39.96914394368255,0.0,0.7815893773569259,0.8846153846153846,0.11538461538461539,5.053843328589153,61.0
pp_quantile_calibrated,FOODS_3_184_WI_3,1217.0,1094.0,123.0,0.0,0.3387096774193548,0.782051282051282,0.21794871794871795,14.025641025641026,62.0
pp_quantile_calibrated,FOODS_3_192_TX_2,612.3424304145103,516.0140812012169,96.32834921329342,0.0,0.749144923923715,0.782051282051282,0.21794871794871795,6.615565143605345,128.0
pp_quantile_calibrated,FOODS_3_197_WI_1,384.45111937748163,367.9552393829759,16.495879994505728,0.0,0.8281679167238987,0.9230769230769231,0.07692307692307693,4.717374863884307,32.0
pp_quantile_calibrated,FOODS_3_198_TX_2,616.0,616.0,0.0,0.0,1.0,1.0,0.0,7.897435897435898,2.0
pp_quantile_calibrated,FOODS_3_198_WI_3,316.17676707607967,316.17676707607967,0.0,0.0,1.0,1.0,0.0,4.053548295847175,4.0
pp_quantile_calibrated,FOODS_3_199_CA_2,983.4034145696234,929.382072646509,54.02134192311436,0.0,0.5998419116806343,0.8717948717948718,0.1282051282051282,11.915154777519346,45.0
pp_quantile_calibrated,FOODS_3_199_TX_1,563.1164853446227,540.3032505243971,22.81323482022555,0.0,0.7183551256762278,0.9230769230769231,0.07692307692307693,6.926964750312783,27.0
pp_quantile_calibrated,FOODS_3_204_CA_2,351.2492118615138,311.9117178956704,39.337493965843436,0.0,0.7951172189278988,0.8717948717948718,0.1282051282051282,3.9988681781496203,64.0
pp_quantile_calibrated,FOODS_3_204_CA_4,424.6328815149022,400.32117858832,24.311702926582193,0.0,0.8275765749887788,0.9487179487179487,0.05128205128205128,5.132322802414358,47.0
pp_quantile_calibrated,FOODS_3_205_TX_1,1179.2402307427562,1179.2402307427562,0.0,0.0,1.0,1.0,0.0,15.118464496702003,10.0
pp_quantile_calibrated,FOODS_3_208_WI_3,381.8274002396174,301.0026442099015,80.82475602971587,0.0,0.7039386226017733,0.7564102564102564,0.24358974358974358,3.8590082591013015,91.0
pp_quantile_calibrated,FOODS_3_209_TX_2,332.6304653983578,330.14574166954844,2.4847237288093575,0.0,0.9362891351587344,0.9871794871794872,0.01282051282051282,4.232637713712159,13.0
pp_quantile_calibrated,FOODS_3_210_TX_1,199.91961132406013,199.91961132406013,0.0,0.0,1.0,1.0,0.0,2.563071940052053,0.0
pp_quantile_calibrated,FOODS_3_211_CA_1,645.8183417495882,469.2257999309618,176.59254181862633,0.0,0.5912209680124391,0.717948717948718,0.28205128205128205,6.01571538373028,144.0
pp_quantile_calibrated,FOODS_3_215_CA_3,840.3437153832708,725.1884361265556,115.15527925671523,0.0,0.7890928951342211,0.8461538461538461,0.15384615384615385,9.297287642648149,182.0
pp_quantile_calibrated,FOODS_3_215_CA_4,603.3140072205935,495.50864577414137,107.80536144645208,0.0,0.6577607573128507,0.7435897435897436,0.2564102564102564,6.352674945822325,105.0
pp_quantile_calibrated,FOODS_3_224_CA_1,538.1959002511785,374.3018658697182,163.89403438146033,0.0,0.6520296509947764,0.6538461538461539,0.34615384615384615,4.7987418701245925,157.0
pp_quantile_calibrated,FOODS_3_229_CA_1,439.7504906987597,387.8726873112959,51.87780338746377,0.0,0.6609293896244198,0.8846153846153846,0.11538461538461539,4.97272676040123,51.0
pp_quantile_calibrated,FOODS_3_232_WI_3,414.0025104214264,383.0926073075143,30.90990311391208,0.0,0.8126672538550783,0.8974358974358975,0.10256410256410256,4.91144368342967,55.0
pp_quantile_calibrated,FOODS_3_237_WI_3,599.2473278810581,577.3109510431793,21.936376837878772,0.0,0.8739288687478232,0.9230769230769231,0.07692307692307693,7.4014224492715295,58.0
pp_quantile_calibrated,FOODS_3_239_CA_4,298.5111001721647,259.2981236859132,39.212976486251485,0.0,0.7623455970530213,0.8974358974358975,0.10256410256410256,3.324334919050169,55.0
pp_quantile_calibrated,FOODS_3_240_TX_3,448.3936428647238,401.5448326422653,46.84881022245848,0.0,0.773677245302133,0.8846153846153846,0.11538461538461539,5.148010674900838,69.0
pp_quantile_calibrated,FOODS_3_243_WI_1,366.8419210289984,363.9630721272823,2.878848901716111,0.0,0.9494938789172612,0.9871794871794872,0.01282051282051282,4.6661932324010555,19.0
pp_quantile_calibrated,FOODS_3_246_CA_2,690.3040436706966,583.0636259184181,107.2404177522785,0.0,0.7409651745114045,0.8205128205128205,0.1794871794871795,7.4751746912617705,138.0
pp_quantile_calibrated,FOODS_3_246_TX_2,357.4864058077874,320.74792700254335,36.73847880524402,0.0,0.7924379728517287,0.8717948717948718,0.1282051282051282,4.1121529102890175,59.0
pp_quantile_calibrated,FOODS_3_247_CA_3,575.7354724158284,481.2369796151113,94.49849280071712,0.0,0.6294176752913054,0.8076923076923077,0.19230769230769232,6.1697048668604015,85.0
pp_quantile_calibrated,FOODS_3_255_WI_2,327.6525486358482,326.7808392513743,0.8717093844738759,0.0,0.9883772082070149,0.9871794871794872,0.01282051282051282,4.189497939120183,25.0
pp_quantile_calibrated,FOODS_3_256_WI_1,231.27485069596364,223.451591250583,7.823259445380655,0.0,0.7102496501710868,0.9615384615384616,0.038461538461538464,2.8647639903920896,9.0
pp_quantile_calibrated,FOODS_3_257_TX_2,707.8756129218517,622.8785258239351,84.99708709791658,0.0,0.812368461152502,0.8076923076923077,0.19230769230769232,7.985622125947886,151.0
pp_quantile_calibrated,FOODS_3_258_CA_3,1513.714486187882,1232.17364491913,281.54084126875193,0.0,0.7039528482978423,0.782051282051282,0.21794871794871795,15.797098011783719,317.0
pp_quantile_calibrated,FOODS_3_258_TX_1,1004.0349041249481,894.8026721780673,109.23223194688083,0.0,0.8241026860758763,0.782051282051282,0.21794871794871795,11.471829130488041,207.0
pp_quantile_calibrated,FOODS_3_258_TX_2,998.348159875012,887.0459868895473,111.30217298546478,0.0,0.8241671832773068,0.7948717948717948,0.20512820512820512,11.372384447301888,211.0
pp_quantile_calibrated,FOODS_3_258_WI_2,1527.4335974051194,1208.4508118889946,318.9827855161247,0.0,0.7013269798538158,0.717948717948718,0.28205128205128205,15.492959126781983,356.0
pp_quantile_calibrated,FOODS_3_265_TX_3,459.1249489436209,436.9665516159096,22.158397327711263,0.0,0.9076733444678698,0.9102564102564102,0.08974358974358974,5.602135277127046,80.0
pp_quantile_calibrated,FOODS_3_265_WI_2,399.45299017360054,368.4539795690836,30.99901060451697,0.0,0.8480440656641325,0.9230769230769231,0.07692307692307693,4.7237689688344044,68.0
pp_quantile_calibrated,FOODS_3_270_WI_3,222.55654032183065,206.5465454467703,16.00999487506037,0.0,0.8278495174724692,0.9487179487179487,0.05128205128205128,2.6480326339329525,31.0
pp_quantile_calibrated,FOODS_3_271_WI_2,680.9950566582454,665.1415713537552,15.853485304490144,0.0,0.8921531611939446,0.9487179487179487,0.05128205128205128,8.527456042996862,49.0
pp_quantile_calibrated,FOODS_3_277_CA_4,467.81977099033395,385.91828303354026,81.90148795679366,0.0,0.6629568396839767,0.8205128205128205,0.1794871794871795,4.947670295301799,81.0
pp_quantile_calibrated,FOODS_3_278_WI_2,1930.2326978780175,1628.395336691941,301.83736118607624,0.0,0.7718538464201993,0.7948717948717948,0.20512820512820512,20.876863290922323,441.0
pp_quantile_calibrated,FOODS_3_279_TX_3,210.61420239445087,207.89885067579266,2.715351718658203,0.0,0.9353487686033761,0.9871794871794872,0.01282051282051282,2.66536988045888,14.0
pp_quantile_calibrated,FOODS_3_280_WI_3,274.4077129500955,216.8690914412878,57.538621508807736,0.0,0.6855813032305589,0.8076923076923077,0.19230769230769232,2.7803729671959974,61.0
pp_quantile_calibrated,FOODS_3_282_WI_3,10463.394575620134,8369.564138851312,2093.830436768821,0.0,0.6942866934196494,0.6666666666666666,0.3333333333333333,107.3021043442476,2283.0
pp_quantile_calibrated,FOODS_3_286_TX_3,330.17361444851747,320.54698300427657,9.626631444240893,0.0,0.9056212603505794,0.9487179487179487,0.05128205128205128,4.1095767051830325,34.0
pp_quantile_calibrated,FOODS_3_286_WI_3,391.6138034228078,350.57680861698543,41.03699480582236,0.0,0.8017536482810513,0.8461538461538461,0.15384615384615385,4.494574469448531,69.0
pp_quantile_calibrated,FOODS_3_289_TX_3,239.81000402911275,236.5174225321078,3.292581497004969,0.0,0.942235412333246,0.9743589743589743,0.02564102564102564,3.0322746478475358,19.0
pp_quantile_calibrated,FOODS_3_295_TX_1,3321.2240238305435,2613.565105429475,707.6589184010686,0.0,0.6541256508303673,0.7051282051282052,0.2948717948717949,33.50724494140353,682.0
pp_quantile_calibrated,FOODS_3_296_CA_4,458.04849529923024,426.9795119656598,31.068983333570444,0.0,0.8329624551958578,0.8974358974358975,0.10256410256410256,5.474096307252049,62.0
pp_quantile_calibrated,FOODS_3_300_WI_2,1301.832710107984,804.8840408568273,496.9486692511566,0.0,0.4790894452293956,0.6538461538461539,0.34615384615384615,10.319026164831119,318.0
pp_quantile_calibrated,FOODS_3_302_CA_4,1261.3809929323274,1110.4647931353127,150.91619979701483,0.0,0.7557990294546686,0.7564102564102564,0.24358974358974358,14.236728117119393,206.0
pp_quantile_calibrated,FOODS_3_309_CA_2,226.11569448534658,218.7436284636407,7.372066021705866,0.0,0.897610194142974,0.9615384615384616,0.038461538461538464,2.804405493123599,24.0
pp_quantile_calibrated,FOODS_3_309_WI_1,298.20751285654717,290.37391498954344,7.833597867003741,0.0,0.903288915222176,0.9487179487179487,0.05128205128205128,3.7227424998659413,27.0
pp_quantile_calibrated,FOODS_3_316_TX_3,292.7698976979698,273.9883894321796,18.78150826579021,0.0,0.7278042280320258,0.9230769230769231,0.07692307692307693,3.5126716593869176,23.0
pp_quantile_calibrated,FOODS_3_318_TX_2,3010.367244192562,2430.4867138045943,579.8805303879675,0.0,0.642710702163914,0.6666666666666666,0.3333333333333333,31.160086074417876,541.0
pp_quantile_calibrated,FOODS_3_331_TX_1,710.5108043013506,607.9494879808157,102.56131632053497,0.0,0.7849867582378721,0.8076923076923077,0.19230769230769232,7.794224204882252,159.0
pp_quantile_calibrated,FOODS_3_335_TX_1,1563.0,1563.0,0.0,0.0,1.0,1.0,0.0,20.03846153846154,5.0
pp_quantile_calibrated,FOODS_3_337_CA_1,320.7573425940276,304.006488531742,16.75085406228564,0.0,0.8638141946155639,0.9487179487179487,0.05128205128205128,3.8975190837402818,41.0
pp_quantile_calibrated,FOODS_3_346_WI_3,961.6917691598062,795.3297480523506,166.36202110745552,0.0,0.7371848007781113,0.7692307692307693,0.23076923076923078,10.196535231440393,211.0
pp_quantile_calibrated,FOODS_3_352_CA_1,599.8168014540486,550.8607856372297,48.956015816818855,0.0,0.6291210922968269,0.8717948717948718,0.1282051282051282,7.062317764579868,44.0
pp_quantile_calibrated,FOODS_3_354_WI_2,470.6735308196931,419.86231316350114,50.81121765619197,0.0,0.7223430729169837,0.8461538461538461,0.15384615384615385,5.382850168762835,61.0
pp_quantile_calibrated,FOODS_3_356_CA_1,719.3752302210434,636.5885904289574,82.78663979208595,0.0,0.8275278337664878,0.8846153846153846,0.11538461538461539,8.161392184986633,160.0
pp_quantile_calibrated,FOODS_3_356_TX_2,495.3595072543084,435.37017108875494,59.989336165553496,0.0,0.7917036938696058,0.8333333333333334,0.16666666666666666,5.581668860112243,96.0
pp_quantile_calibrated,FOODS_3_363_WI_3,1172.969470462548,857.8119874717273,315.1574829908207,0.0,0.5694569904496984,0.717948717948718,0.28205128205128205,10.997589582970862,244.0
pp_quantile_calibrated,FOODS_3_365_TX_1,271.0463950933476,262.42089754270876,8.625497550638862,0.0,0.8486754815677392,0.9487179487179487,0.05128205128205128,3.364370481316779,19.0
pp_quantile_calibrated,FOODS_3_367_TX_1,579.1191185613526,482.30725251128024,96.81186605007237,0.0,0.6836213527775412,0.7948717948717948,0.20512820512820512,6.183426314247183,102.0
pp_quantile_calibrated,FOODS_3_370_CA_1,1048.382967847617,1022.4118080748883,25.971159772728676,0.0,0.7888523595713116,0.9487179487179487,0.05128205128205128,13.1078436932678,41.0
pp_quantile_calibrated,FOODS_3_372_TX_3,1337.0601935572554,1117.8291697019756,219.2310238552797,0.0,0.8046069306102678,0.7564102564102564,0.24358974358974358,14.33114320130738,374.0
pp_quantile_calibrated,FOODS_3_380_TX_3,290.9604708627244,280.8517347905747,10.108736072149682,0.0,0.8468373322401562,0.9743589743589743,0.02564102564102564,3.60066326654583,22.0
pp_quantile_calibrated,FOODS_3_384_TX_1,246.6217915873268,231.26232520267138,15.35946638465542,0.0,0.7672808123537057,0.9230769230769231,0.07692307692307693,2.9649016051624537,22.0
pp_quantile_calibrated,FOODS_3_385_CA_4,465.7334735432667,418.8393048571667,46.89416868609997,0.0,0.6674172433609932,0.8846153846153846,0.11538461538461539,5.369734677655984,47.0
pp_quantile_calibrated,FOODS_3_385_TX_3,364.2072642232572,337.66392571504355,26.543338508213644,0.0,0.8117493722821728,0.8974358974358975,0.10256410256410256,4.329024688654404,47.0
pp_quantile_calibrated,FOODS_3_387_CA_2,718.2626628909056,660.9466612727222,57.316001618183456,0.0,0.6178933225454436,0.8589743589743589,0.14102564102564102,8.47367514452208,50.0
pp_quantile_calibrated,FOODS_3_390_TX_2,751.9768225409631,635.0092964196963,116.9675261212668,0.0,0.7347675144642477,0.7948717948717948,0.20512820512820512,8.141144825893543,147.0
pp_quantile_calibrated,FOODS_3_392_WI_2,468.2656595278976,368.8841260663115,99.38153346158605,0.0,0.6192278411433484,0.7692307692307693,0.23076923076923078,4.729283667516815,87.0
pp_quantile_calibrated,FOODS_3_392_WI_3,397.75289949527007,302.2859722121423,95.46692728312775,0.0,0.5812854066529485,0.7692307692307693,0.23076923076923078,3.8754611822069527,76.0
pp_quantile_calibrated,FOODS_3_393_CA_3,2516.8526885583738,1981.9561404707938,534.8965480875798,0.0,0.7142646644831304,0.7307692307692307,0.2692307692307692,25.409694108599922,624.0
pp_quantile_calibrated,FOODS_3_398_WI_3,252.2842295124973,228.48788727242703,23.796342240070253,0.0,0.7167102114277351,0.9358974358974359,0.0641025641025641,2.929331888108039,28.0
pp_quantile_calibrated,FOODS_3_403_TX_1,1590.145357700715,1357.4635948467449,232.6817628539701,0.0,0.8070632148806219,0.7692307692307693,0.23076923076923078,17.403379421112113,402.0
pp_quantile_calibrated,FOODS_3_405_TX_3,461.2048993904598,428.837341349142,32.36755804131779,0.0,0.8171324404445324,0.8974358974358975,0.10256410256410256,5.497914632681307,59.0
pp_quantile_calibrated,FOODS_3_408_TX_2,250.2615847325003,249.9478148603609,0.31376987213940444,0.0,0.9869262553275249,0.9871794871794872,0.01282051282051282,3.204459164876422,8.0
pp_quantile_calibrated,FOODS_3_416_CA_4,496.1520812211405,417.94253599916914,78.20954522197138,0.0,0.7339811387007776,0.8076923076923077,0.19230769230769232,5.358237641014989,98.0
pp_quantile_calibrated,FOODS_3_416_WI_3,438.641122781046,366.426058321591,72.21506445945505,0.0,0.702818664775905,0.8205128205128205,0.1794871794871795,4.697769978481936,81.0
pp_quantile_calibrated,FOODS_3_417_CA_3,414.80896056591564,361.84854299802197,52.96041756789368,0.0,0.754812881630122,0.8333333333333334,0.16666666666666666,4.6390838845900255,72.0
pp_quantile_calibrated,FOODS_3_422_CA_1,649.6995804761547,594.115529352326,55.58405112382863,0.0,0.840275715161412,0.8846153846153846,0.11538461538461539,7.616865760927256,116.0
pp_quantile_calibrated,FOODS_3_423_WI_2,516.1652456498091,457.5212109590985,58.644034690710654,0.0,0.7644817883907202,0.8333333333333334,0.16666666666666666,5.865656550757673,83.0
pp_quantile_calibrated,FOODS_3_425_CA_1,322.2529050258669,302.3055719650988,19.94733306076808,0.0,0.8992558936324844,0.8974358974358975,0.10256410256410256,3.8757124610910103,66.0
pp_quantile_calibrated,FOODS_3_427_WI_3,473.0408933970174,454.2915419327715,18.74935146424588,0.0,0.6323656575638064,0.9358974358974359,0.0641025641025641,5.824250537599634,17.0
pp_quantile_calibrated,FOODS_3_428_TX_3,214.6281173832074,182.24344859476088,32.384668788446525,0.0,0.5502129334937983,0.9358974358974359,0.0641025641025641,2.336454469163601,24.0
pp_quantile_calibrated,FOODS_3_434_CA_1,879.4581291289858,726.6447763282058,152.8133528007799,0.0,0.740113345576905,0.782051282051282,0.21794871794871795,9.315958670874434,196.0
pp_quantile_calibrated,FOODS_3_434_WI_1,577.7652344689194,532.2011649119851,45.56406955693433,0.0,0.7860841804838764,0.8974358974358975,0.10256410256410256,6.823091857845962,71.0
pp_quantile_calibrated,FOODS_3_441_TX_2,10865.399999999992,10865.399999999992,0.0,0.0,1.0,1.0,0.0,139.2999999999999,0.0
pp_quantile_calibrated,FOODS_3_444_CA_4,5561.400000000008,5561.400000000008,0.0,0.0,1.0,1.0,0.0,71.3000000000001,0.0
pp_quantile_calibrated,FOODS_3_444_TX_2,21317.39999999997,21317.39999999997,0.0,0.0,1.0,1.0,0.0,273.2999999999996,0.0
pp_quantile_calibrated,FOODS_3_445_CA_3,978.8814658969843,817.0575431626354,161.82392273434886,0.0,0.5684695393750696,0.8076923076923077,0.19230769230769232,10.475096707213273,125.0
pp_quantile_calibrated,FOODS_3_449_WI_1,568.2745761427575,437.4548076619857,130.81976848077178,0.0,0.7222510223338178,0.717948717948718,0.28205128205128205,5.608394970025458,157.0
pp_quantile_calibrated,FOODS_3_451_CA_4,496.18349361319076,399.2773591930386,96.90613442015216,0.0,0.6410883910364734,0.8461538461538461,0.15384615384615385,5.118940502474854,90.0
pp_quantile_calibrated,FOODS_3_453_TX_2,222.57574799685327,217.03187435412758,5.543873642725686,0.0,0.8460035099242865,0.9743589743589743,0.02564102564102564,2.7824599276170203,12.0
pp_quantile_calibrated,FOODS_3_453_WI_2,200.44682642062864,184.63588297843708,15.810943442191551,0.0,0.8353026724771714,0.9102564102564102,0.08974358974358974,2.3671267048517572,32.0
pp_quantile_calibrated,FOODS_3_454_CA_1,2416.8381070765636,2416.8381070765636,0.0,0.0,1.0,1.0,0.0,30.98510393687902,1.0
pp_quantile_calibrated,FOODS_3_455_TX_1,3016.9997222384027,1957.7749389021149,1059.2247833362878,0.0,0.6521429282967857,0.5897435897435898,0.41025641025641024,25.099678703873266,1015.0
pp_quantile_calibrated,FOODS_3_456_CA_4,233.6751883999508,215.37249811335593,18.302690286594874,0.0,0.7966367745933902,0.9102564102564102,0.08974358974358974,2.761185873248153,30.0
pp_quantile_calibrated,FOODS_3_457_TX_3,233.59636497188802,224.12618261636203,9.470182355526003,0.0,0.7895515032105332,0.9487179487179487,0.05128205128205128,2.8734125976456673,15.0
pp_quantile_calibrated,FOODS_3_458_TX_1,1659.595684694137,1325.4626581139526,334.1330265801843,0.0,0.7660132867085544,0.7564102564102564,0.24358974358974358,16.99311100146093,476.0
pp_quantile_calibrated,FOODS_3_458_WI_1,1214.7133651498325,985.6751201012285,229.03824504860407,0.0,0.7767658430325498,0.6923076923076923,0.3076923076923077,12.636860514118313,342.0
pp_quantile_calibrated,FOODS_3_464_TX_2,369.05098052409323,344.26966190792353,24.781318616169692,0.0,0.7335342084282828,0.9102564102564102,0.08974358974358974,4.4137136142041475,31.0
pp_quantile_calibrated,FOODS_3_465_CA_3,391.7920146545033,360.3844132698223,31.407601384680994,0.0,0.7863428477232585,0.9102564102564102,0.08974358974358974,4.620312990638747,49.0
pp_quantile_calibrated,FOODS_3_465_TX_2,273.15609258578326,266.1260115407448,7.030081045038481,0.0,0.9132088759871791,0.9487179487179487,0.05128205128205128,3.4118719428300617,27.0
pp_quantile_calibrated,FOODS_3_465_WI_3,448.9324512113841,383.60323834580277,65.32921286558133,0.0,0.6487676727656918,0.8589743589743589,0.14102564102564102,4.917990235202599,62.0
pp_quantile_calibrated,FOODS_3_468_TX_2,679.1078437642408,667.3856834294578,11.722160334783009,0.0,0.9764615254321626,0.9487179487179487,0.05128205128205128,8.556226710634075,166.0
pp_quantile_calibrated,FOODS_3_471_WI_3,319.94026771783535,287.55725548057967,32.38301223725567,0.0,0.7601258352795877,0.8974358974358975,0.10256410256410256,3.6866314805202522,45.0
pp_quantile_calibrated,FOODS_3_472_CA_1,237.90305826013196,201.91380181029513,35.98925644983683,0.0,0.6923995175227622,0.8589743589743589,0.14102564102564102,2.5886384847473733,39.0
pp_quantile_calibrated,FOODS_3_474_CA_1,1069.7756962304034,682.3784012580129,387.3972949723905,0.0,0.5900557725159888,0.6794871794871795,0.32051282051282054,8.748441041769397,315.0
pp_quantile_calibrated,FOODS_3_476_TX_3,981.0008610007493,780.7892100665082,200.2116509342411,0.0,0.7423273475749793,0.7307692307692307,0.2692307692307692,10.010118077775745,259.0
pp_quantile_calibrated,FOODS_3_479_CA_3,1163.1670224922898,1028.9812843132388,134.1857381790509,0.0,0.7204463787936439,0.7564102564102564,0.24358974358974358,13.192067747605625,160.0
pp_quantile_calibrated,FOODS_3_479_TX_2,770.1793633379258,687.2871405832021,82.89222275472365,0.0,0.7576250796645507,0.8333333333333334,0.16666666666666666,8.81137359722054,114.0
pp_quantile_calibrated,FOODS_3_479_TX_3,649.2750823575624,559.0399955653863,90.23508679217606,0.0,0.6961781589489022,0.7948717948717948,0.20512820512820512,7.167179430325466,99.0
pp_quantile_calibrated,FOODS_3_481_TX_2,263.3419953261337,243.4338139688756,19.908181357258094,0.0,0.7926231108618949,0.9487179487179487,0.05128205128205128,3.1209463329343023,32.0
pp_quantile_calibrated,FOODS_3_498_TX_1,2234.543179753889,1858.8621227211602,375.68105703272875,0.0,0.6110962142518336,0.8846153846153846,0.11538461538461539,23.83156567591231,322.0
pp_quantile_calibrated,FOODS_3_499_TX_1,3054.6207211229485,2415.9357008488023,638.6850202741464,0.0,0.7431905829215334,0.7307692307692307,0.2692307692307692,30.973534626266694,829.0
pp_quantile_calibrated,FOODS_3_502_TX_2,796.2354564806494,563.2606476451648,232.97480883548468,0.0,0.628429332000822,0.717948717948718,0.28205128205128205,7.221290354425189,209.0
pp_quantile_calibrated,FOODS_3_511_CA_1,5675.803787732451,4171.409163700739,1504.3946240317127,0.0,0.7262746317263986,0.6666666666666666,0.3333333333333333,53.479604662829985,1832.0
pp_quantile_calibrated,FOODS_3_511_WI_2,3289.499971403754,2430.679401488351,858.8205699154032,0.0,0.6099815758785636,0.7051282051282052,0.2948717948717949,31.16255642933783,734.0
pp_quantile_calibrated,FOODS_3_512_CA_1,251.1236015743764,251.1236015743764,0.0,0.0,1.0,1.0,0.0,3.2195333535176465,12.0
pp_quantile_calibrated,FOODS_3_513_CA_1,531.0749170773915,430.4364327008941,100.63848437649739,0.0,0.7551375075997631,0.782051282051282,0.21794871794871795,5.518415803857617,137.0
pp_quantile_calibrated,FOODS_3_514_CA_2,892.9593842129923,676.7316028706612,216.22778134233113,0.0,0.6738645831940706,0.7307692307692307,0.2692307692307692,8.676046190649503,221.0
pp_quantile_calibrated,FOODS_3_515_CA_1,923.141122861843,748.6622043385152,174.47891852332782,0.0,0.6938966341696005,0.7692307692307693,0.23076923076923078,9.598233388955322,190.0
pp_quantile_calibrated,FOODS_3_517_TX_1,229.67612412308586,215.51320750450296,14.162916618582901,0.0,0.7222957525768059,0.9358974358974359,0.0641025641025641,2.76298983980132,17.0
pp_quantile_calibrated,FOODS_3_517_TX_3,173.46439581217518,166.0968450129098,7.367550799265392,0.0,0.8555382196222472,0.9615384615384616,0.038461538461538464,2.129446730934741,17.0
pp_quantile_calibrated,FOODS_3_525_CA_4,390.1828893591481,341.48819144058064,48.69469791856744,0.0,0.5838060006960047,0.8974358974358975,0.10256410256410256,4.378053736417701,39.0
pp_quantile_calibrated,FOODS_3_531_CA_3,395.0360043662059,348.7439489121784,46.292055454027484,0.0,0.7292862254150441,0.8717948717948718,0.1282051282051282,4.471076268104851,57.0
pp_quantile_calibrated,FOODS_3_532_TX_3,758.972752550816,635.4967048574401,123.47604769337588,0.0,0.7180912153119273,0.8076923076923077,0.19230769230769232,8.147393652018463,146.0
pp_quantile_calibrated,FOODS_3_532_WI_1,1558.4899431632796,1279.4909459650441,278.9989971982354,0.0,0.8037981735596095,0.7692307692307693,0.23076923076923078,16.403730076474925,474.0
pp_quantile_calibrated,FOODS_3_533_TX_3,574.3811426091627,493.40034858283013,80.98079402633255,0.0,0.7546036544656589,0.8076923076923077,0.19230769230769232,6.325645494651669,110.0
pp_quantile_calibrated,FOODS_3_533_WI_3,830.2073629876434,719.3599257423813,110.84743724526214,0.0,0.7969827156680181,0.7564102564102564,0.24358974358974358,9.22256315054335,182.0
pp_quantile_calibrated,FOODS_3_538_WI_1,840.4010776780389,775.1125520720669,65.28852560597196,0.0,0.8568234087588334,0.8461538461538461,0.15384615384615385,9.937340411180346,152.0
pp_quantile_calibrated,FOODS_3_544_TX_2,303.07251760539253,269.13469734487325,33.93782026051929,0.0,0.8082609024829419,0.8717948717948718,0.1282051282051282,3.450444837754785,59.0
pp_quantile_calibrated,FOODS_3_545_CA_2,436.67594162536756,394.28646538074344,42.38947624462412,0.0,0.6553701118323242,0.8846153846153846,0.11538461538461539,5.054954684368505,41.0
pp_quantile_calibrated,FOODS_3_546_CA_1,1478.4751274986256,1010.9568145006069,467.51831299801876,0.0,0.5099388752641313,0.6410256410256411,0.358974358974359,12.960984801289833,318.0
pp_quantile_calibrated,FOODS_3_546_CA_3,1095.5415328836257,806.9185960600589,288.6229368235669,0.0,0.6916421615132833,0.717948717948718,0.28205128205128205,10.345110205898191,312.0
pp_quantile_calibrated,FOODS_3_550_TX_1,247.00506876219316,246.97337512692158,0.031693635271586196,0.0,0.9992453896363909,0.9871794871794872,0.01282051282051282,3.1663253221400205,14.0
pp_quantile_calibrated,FOODS_3_555_CA_3,7703.153795323009,5773.359595968928,1929.7941993540808,0.0,0.7161232422250543,0.7307692307692307,0.2692307692307692,74.01743071755037,2266.0
pp_quantile_calibrated,FOODS_3_558_CA_4,390.0,390.0,0.0,0.0,1.0,1.0,0.0,5.0,0.0
pp_quantile_calibrated,FOODS_3_563_WI_1,620.836441207387,620.836441207387,0.0,0.0,1.0,1.0,0.0,7.9594415539408585,11.0
pp_quantile_calibrated,FOODS_3_573_WI_2,1182.8154925131873,1076.524249536632,106.2912429765554,0.0,0.7699323745096204,0.8717948717948718,0.1282051282051282,13.801592942777333,154.0
pp_quantile_calibrated,FOODS_3_575_CA_1,371.90939260982384,333.967881144638,37.941511465185854,0.0,0.7567851829154753,0.8717948717948718,0.1282051282051282,4.281639501854333,52.0
pp_quantile_calibrated,FOODS_3_575_WI_1,283.5975033136189,268.512861941073,15.084641372545892,0.0,0.8802806240274135,0.9358974358974359,0.0641025641025641,3.4424725889881156,42.0
pp_quantile_calibrated,FOODS_3_575_WI_2,309.40320516552123,302.74866542040616,6.654539745115074,0.0,0.944545502124041,0.9615384615384616,0.038461538461538464,3.8813931464154634,40.0
pp_quantile_calibrated,FOODS_3_578_WI_1,5111.8427445846055,5111.8427445846055,0.0,0.0,1.0,1.0,0.0,65.53644544339238,0.0
pp_quantile_calibrated,FOODS_3_580_CA_1,1916.0867984272006,1689.6467980233247,226.44000040387596,0.0,0.7342253516386433,0.7948717948717948,0.20512820512820512,21.66213843619647,284.0
pp_quantile_calibrated,FOODS_3_580_CA_3,4696.620999023859,4203.020568485029,493.6004305388305,0.0,0.712354061457558,0.8076923076923077,0.19230769230769232,53.8848790831414,572.0
pp_quantile_calibrated,FOODS_3_582_CA_1,372.4227833618387,277.6327572742188,94.7900260876199,0.0,0.5212624945069702,0.8205128205128205,0.1794871794871795,3.5593943240284465,66.0
pp_quantile_calibrated,FOODS_3_585_WI_1,265.1994756606779,215.92929787927787,49.27017778140004,0.0,0.6715321481239998,0.8333333333333334,0.16666666666666666,2.768324331785614,50.0
pp_quantile_calibrated,FOODS_3_588_WI_3,539.3835935618952,495.9962773161806,43.3873162457146,0.0,0.8410721016640491,0.8846153846153846,0.11538461538461539,6.358926632258726,91.0
pp_quantile_calibrated,FOODS_3_596_WI_1,723.4544220101269,590.4893836152198,132.9650383949071,0.0,0.7212472989624588,0.7435897435897436,0.2564102564102564,7.570376713015639,159.0
pp_quantile_calibrated,FOODS_3_599_TX_3,908.5829058698406,908.5829058698406,0.0,0.0,1.0,1.0,0.0,11.648498793203085,2.0
pp_quantile_calibrated,FOODS_3_605_WI_3,628.4327696487177,601.3166234310851,27.116146217632632,0.0,0.7621390682663803,0.9230769230769231,0.07692307692307693,7.709187479885706,38.0
pp_quantile_calibrated,FOODS_3_606_TX_3,471.20325393985706,399.6566460038088,71.54660793604825,0.0,0.6330943182766756,0.8076923076923077,0.19230769230769232,5.123803153894984,65.0
pp_quantile_calibrated,FOODS_3_608_CA_3,577.4270595831114,532.5872060191011,44.83985356401026,0.0,0.7069290616731355,0.8974358974358975,0.10256410256410256,6.828041102808989,51.0
pp_quantile_calibrated,FOODS_3_610_TX_1,373.9542081563979,364.51704598255543,9.437162173842468,0.0,0.8033924547116152,0.9615384615384616,0.038461538461538464,4.673295461314813,16.0
pp_quantile_calibrated,FOODS_3_615_CA_4,518.3412839673487,446.64783599732164,71.69344797002704,0.0,0.7457679149999041,0.8076923076923077,0.19230769230769232,5.726254307657969,94.0
pp_quantile_calibrated,FOODS_3_618_WI_3,1151.5071273273013,985.0657571102072,166.44137021709406,0.0,0.6829688186341065,0.8846153846153846,0.11538461538461539,12.62904816807958,175.0
pp_quantile_calibrated,FOODS_3_625_TX_1,196.63496284509714,196.63496284509714,0.0,0.0,1.0,1.0,0.0,2.52096106211663,4.0
pp_quantile_calibrated,FOODS_3_626_WI_1,231.95363451597305,230.48995830070314,1.4636762152699099,0.0,0.9743214699075454,0.9871794871794872,0.01282051282051282,2.95499946539363,19.0
pp_quantile_calibrated,FOODS_3_626_WI_2,277.08902212108006,263.94724527446874,13.141776846611329,0.0,0.7809703858898112,0.9487179487179487,0.05128205128205128,3.3839390419803683,20.0
pp_quantile_calibrated,FOODS_3_628_WI_1,1602.071700023975,1242.7684779573804,359.30322206659457,0.0,0.6381639254112844,0.6666666666666666,0.3333333333333333,15.9329292045818,331.0
pp_quantile_calibrated,FOODS_3_633_WI_1,578.6782564879023,539.5565448114804,39.12171167642187,0.0,0.7962410850186361,0.8717948717948718,0.1282051282051282,6.917391600147185,64.0
pp_quantile_calibrated,FOODS_3_634_CA_4,1357.8413608226615,1189.7958177460537,168.04554307660771,0.0,0.753237087993234,0.7435897435897436,0.2564102564102564,15.253792535205816,227.0
pp_quantile_calibrated,FOODS_3_638_TX_3,442.1869548587624,388.3715504406082,53.815404418154245,0.0,0.6550294588579857,0.8205128205128205,0.1794871794871795,4.9791224415462585,52.0
pp_quantile_calibrated,FOODS_3_640_WI_2,610.6274353827368,573.8212535753013,36.806181807435614,0.0,0.8503813747665219,0.9102564102564102,0.08974358974358974,7.3566827381448885,82.0
pp_quantile_calibrated,FOODS_3_642_TX_3,548.2519840459497,516.6236134379175,31.6283706080322,0.0,0.8150387683740806,0.9358974358974359,0.0641025641025641,6.623379659460481,57.0
pp_quantile_calibrated,FOODS_3_644_WI_2,384.54046745535305,384.54046745535305,0.0,0.0,1.0,1.0,0.0,4.930005993017347,10.0
pp_quantile_calibrated,FOODS_3_646_CA_2,867.679693061691,773.2875088987057,94.3921841629852,0.0,0.47559897687230446,0.8333333333333334,0.16666666666666666,9.913942421778279,60.0
pp_quantile_calibrated,FOODS_3_646_WI_3,989.3984272004179,886.4841507189235,102.91427648149447,0.0,0.6056924272739677,0.8333333333333334,0.16666666666666666,11.365181419473378,87.0
pp_quantile_calibrated,FOODS_3_651_CA_2,1184.0399171942368,930.8838755201592,253.15604167407758,0.0,0.7090160440527844,0.7307692307692307,0.2692307692307692,11.934408660514862,290.0
pp_quantile_calibrated,FOODS_3_657_CA_4,526.832552769078,491.41736399355653,35.415188775521514,0.0,0.7540611890588783,0.8974358974358975,0.10256410256410256,6.3002226153020064,48.0
pp_quantile_calibrated,FOODS_3_658_WI_1,526.0941339903919,455.0178987252038,71.07623526518812,0.0,0.6841056210436084,0.8717948717948718,0.1282051282051282,5.833562804169279,75.0
pp_quantile_calibrated,FOODS_3_658_WI_3,288.6450928831075,276.87138771314676,11.773705169960738,0.0,0.8967218844740287,0.9615384615384616,0.038461538461538464,3.549633175809574,38.0
pp_quantile_calibrated,FOODS_3_662_WI_2,238.97971747239882,238.71482793945168,0.26488953294712836,0.0,0.9919730444561476,0.9871794871794872,0.01282051282051282,3.060446512044252,11.0
pp_quantile_calibrated,FOODS_3_663_CA_1,2496.0,2496.0,0.0,0.0,1.0,1.0,0.0,32.0,0.0
pp_quantile_calibrated,FOODS_3_663_TX_2,530.3303155145826,441.67383837159474,88.65647714298788,0.0,0.6481885827659212,0.8333333333333334,0.16666666666666666,5.662485107328138,84.0
pp_quantile_calibrated,FOODS_3_667_TX_3,189.4953193220032,177.87122558610736,11.624093735895851,0.0,0.701946314464209,0.9487179487179487,0.05128205128205128,2.2804003280270173,13.0
pp_quantile_calibrated,FOODS_3_668_WI_3,2518.4705906762088,1939.5427389479908,578.927851728218,0.0,0.7341929055425997,0.717948717948718,0.28205128205128205,24.865932550615266,726.0
pp_quantile_calibrated,FOODS_3_669_TX_1,1004.1357064641902,857.7082239629514,146.4274825012388,0.0,0.7210905095214498,0.7692307692307693,0.23076923076923078,10.9962592815763,175.0
pp_quantile_calibrated,FOODS_3_670_CA_4,463.29356974611784,453.08890134456215,10.20466840155569,0.0,0.838021136483243,0.9487179487179487,0.05128205128205128,5.808832068520028,21.0
pp_quantile_calibrated,FOODS_3_672_TX_2,2749.1621064264987,1898.515604368091,850.6465020584076,0.0,0.6428855994717013,0.6282051282051282,0.3717948717948718,24.339943645744757,794.0
pp_quantile_calibrated,FOODS_3_677_WI_2,418.3499795711295,379.957646261778,38.392333309351486,0.0,0.8316125732045987,0.8974358974358975,0.10256410256410256,4.871251875151,76.0
pp_quantile_calibrated,FOODS_3_691_WI_1,324.35205618008484,303.7431338615799,20.608922318504934,0.0,0.7783986847472588,0.9358974358974359,0.0641025641025641,3.894142741815127,31.0
pp_quantile_calibrated,FOODS_3_693_WI_2,300.4260295885245,300.4260295885245,0.0,0.0,1.0,1.0,0.0,3.8516157639554423,7.0
pp_quantile_calibrated,FOODS_3_694_WI_3,11215.452766685883,8525.955966284002,2689.496800401881,0.0,0.7492310675615962,0.7307692307692307,0.2692307692307692,109.30712777287182,3575.0
pp_quantile_calibrated,FOODS_3_705_TX_2,403.50060049934194,378.28354110281117,25.21705939653076,0.0,0.821155607116803,0.8846153846153846,0.11538461538461539,4.849788988497579,47.0
pp_quantile_calibrated,FOODS_3_711_CA_3,5447.435346502647,4367.408091314752,1080.0272551878948,0.0,0.6610083944796312,0.7564102564102564,0.24358974358974358,55.9924114271122,1062.0
pp_quantile_calibrated,FOODS_3_712_CA_3,784.566627759089,609.3185384183462,175.24808934074287,0.0,0.6480962061430866,0.7948717948717948,0.20512820512820512,7.811776133568541,166.0
pp_quantile_calibrated,FOODS_3_718_TX_1,476.82680432606327,476.82680432606327,0.0,0.0,1.0,1.0,0.0,6.113164158026452,6.0
pp_quantile_calibrated,FOODS_3_723_WI_3,7624.736951315943,5665.852140331641,1958.8848109843016,0.0,0.7248370823171371,0.6666666666666666,0.3333333333333333,72.63913000425181,2373.0
pp_quantile_calibrated,FOODS_3_727_WI_3,1257.6490821740394,1016.5302282857471,241.1188538882923,0.0,0.7218929020896283,0.717948717948718,0.28205128205128205,13.032438824176245,289.0
pp_quantile_calibrated,FOODS_3_730_CA_3,371.06683901538804,342.6104827454389,28.45635626994917,0.0,0.9041873526264338,0.9102564102564102,0.08974358974358974,4.392442086479986,99.0
pp_quantile_calibrated,FOODS_3_734_TX_1,2653.803713328015,2401.873174740124,251.93053858789125,0.0,0.836938162726284,0.8076923076923077,0.19230769230769232,30.793245830001588,515.0
pp_quantile_calibrated,FOODS_3_735_CA_4,270.09733048382014,252.31652008720596,17.7808103966142,0.0,0.7883236857545928,0.9358974358974359,0.0641025641025641,3.2348271806052047,28.0
pp_quantile_calibrated,FOODS_3_745_TX_3,430.46808103984796,430.46808103984796,0.0,0.0,1.0,1.0,0.0,5.518821551792922,0.0
pp_quantile_calibrated,FOODS_3_746_CA_4,793.4504961895916,649.0319998391881,144.41849635040347,0.0,0.7117395282427077,0.7307692307692307,0.2692307692307692,8.320923074861385,167.0
pp_quantile_calibrated,FOODS_3_749_CA_1,1457.6141151849968,1378.854172393655,78.75994279134162,0.0,0.6302350103692882,0.9487179487179487,0.05128205128205128,17.67761759479045,71.0
pp_quantile_calibrated,FOODS_3_750_CA_2,1201.0,1057.0,144.0,0.0,0.29411764705882354,0.782051282051282,0.21794871794871795,13.551282051282051,68.0
pp_quantile_calibrated,FOODS_3_753_TX_2,888.0606981898277,775.7727021997282,112.2879959900995,0.0,0.8191819710304356,0.8205128205128205,0.1794871794871795,9.945803874355489,207.0
pp_quantile_calibrated,FOODS_3_755_TX_3,786.6140637347091,715.2667064326793,71.34735730202986,0.0,0.7713225727499042,0.8974358974358975,0.10256410256410256,9.170085979906144,104.0
pp_quantile_calibrated,FOODS_3_756_WI_3,2270.820461522018,1738.6380348497783,532.1824266722398,0.0,0.6562129026665118,0.6282051282051282,0.3717948717948718,22.290231216022796,516.0
pp_quantile_calibrated,FOODS_3_757_CA_3,5755.100000000008,5252.000000000007,503.09999999999997,0.0,0.42764505119453927,0.7948717948717948,0.20512820512820512,67.33333333333343,293.0
pp_quantile_calibrated,FOODS_3_763_TX_2,164.1544932803437,158.8863881647684,5.268105115575317,0.0,0.8243964961474894,0.9615384615384616,0.038461538461538464,2.0370049764713896,10.0
pp_quantile_calibrated,FOODS_3_766_TX_3,186.1591218748302,179.76766564217476,6.391456232655441,0.0,0.874677328771462,0.9615384615384616,0.038461538461538464,2.3047136620791635,17.0
pp_quantile_calibrated,FOODS_3_768_CA_2,676.274740625591,507.6969042597688,168.57783636582224,0.0,0.6573621212076783,0.7051282051282052,0.2948717948717949,6.5089346699970365,164.0
pp_quantile_calibrated,FOODS_3_770_WI_3,371.4355290302892,354.6515620006075,16.78396702968169,0.0,0.880964772839137,0.9102564102564102,0.08974358974358974,4.546814897443686,47.0
pp_quantile_calibrated,FOODS_3_774_WI_2,384.62031545188813,343.47310070432286,41.14721474756529,0.0,0.7200869745063586,0.8589743589743589,0.14102564102564102,4.403501291081063,49.0
pp_quantile_calibrated,FOODS_3_779_CA_1,358.41735214974966,358.41735214974966,0.0,0.0,1.0,1.0,0.0,4.595094258330124,27.0
pp_quantile_calibrated,FOODS_3_783_CA_1,1318.608022046053,1044.8014640071808,273.8065580388722,0.0,0.7200341942342819,0.717948717948718,0.28205128205128205,13.394890564194625,326.0
pp_quantile_calibrated,FOODS_3_783_TX_3,3130.0,3052.0,78.0,0.0,0.7291666666666666,0.8974358974358975,0.10256410256410256,39.12820512820513,96.0
pp_quantile_calibrated,FOODS_3_786_CA_2,456.42903335870545,369.58433701172225,86.8446963469832,0.0,0.5922784209061821,0.8205128205128205,0.1794871794871795,4.738260730919516,71.0
pp_quantile_calibrated,FOODS_3_788_WI_2,830.3953972428025,709.6729693528517,120.7224278899507,0.0,0.7281026398874983,0.782051282051282,0.21794871794871795,9.098371401959637,148.0
pp_quantile_calibrated,FOODS_3_791_CA_4,352.36560653356025,328.00397524791146,24.361631285648805,0.0,0.8467821931720201,0.8974358974358975,0.10256410256410256,4.205179169845018,53.0
pp_quantile_calibrated,FOODS_3_791_WI_2,708.6838396294623,703.4768835238166,5.206956105645791,0.0,0.9530904855347225,0.9871794871794872,0.01282051282051282,9.018934404151494,37.0
pp_quantile_calibrated,FOODS_3_792_CA_1,762.7671543494041,594.7625217831478,168.00463256625636,0.0,0.6521643218089931,0.7435897435897436,0.2564102564102564,7.625160535681382,161.0
pp_quantile_calibrated,FOODS_3_793_WI_1,986.399545921945,885.3637922730053,101.03575364893972,0.0,0.8489749571764728,0.8205128205128205,0.1794871794871795,11.350817849653914,223.0
pp_quantile_calibrated,FOODS_3_795_WI_2,1230.1721864025644,1065.0740147785973,165.09817162396718,0.0,0.8034545575905152,0.7435897435897436,0.2564102564102564,13.654795061264068,280.0
pp_quantile_calibrated,FOODS_3_799_TX_1,165.39746455881416,165.39746455881416,0.0,0.0,1.0,1.0,0.0,2.120480314856592,6.0
pp_quantile_calibrated,FOODS_3_802_WI_3,304.70639632304204,282.87302786949186,21.833368453550165,0.0,0.7574070171827759,0.9230769230769231,0.07692307692307693,3.626577280378101,30.0
pp_quantile_calibrated,FOODS_3_805_TX_1,674.7777726353145,585.2432231870675,89.53454944824693,0.0,0.7512929181993141,0.8076923076923077,0.19230769230769232,7.503118245988046,120.0
pp_quantile_calibrated,FOODS_3_806_CA_1,333.06136104730336,311.6284614964018,21.43289955090156,0.0,0.6597952452237847,0.9230769230769231,0.07692307692307693,3.9952366858513053,21.0
pp_quantile_calibrated,FOODS_3_806_CA_4,246.44799753331284,244.31131707931814,2.136680453994696,0.0,0.9287773182001768,0.9871794871794872,0.01282051282051282,3.132196372811771,10.0
pp_quantile_calibrated,FOODS_3_809_CA_1,766.5310502613546,553.5746370900631,212.95641317129153,0.0,0.6162947510427179,0.7435897435897436,0.2564102564102564,7.097110731923886,185.0
pp_quantile_calibrated,FOODS_3_810_WI_2,898.0238769477924,849.917342050723,48.1065348970693,0.0,0.6514019210357297,0.8846153846153846,0.11538461538461539,10.896376180137475,46.0
pp_quantile_calibrated,FOODS_3_813_TX_1,248.75989522744453,214.33504319043575,34.42485203700878,0.0,0.5750018267035952,0.8717948717948718,0.1282051282051282,2.7478851691081507,27.0
pp_quantile_calibrated,FOODS_3_814_CA_3,885.2351251448241,739.8040623979358,145.4310627468883,0.0,0.763526727240832,0.7692307692307693,0.23076923076923078,9.484667466640202,205.0
pp_quantile_calibrated,FOODS_3_818_CA_3,1652.9658681144028,1452.0467846338554,200.9190834805475,0.0,0.8321477999327089,0.7564102564102564,0.24358974358974358,18.615984418382762,399.0
pp_quantile_calibrated,FOODS_3_821_TX_2,253.53304459981064,224.34118600213736,29.19185859767326,0.0,0.8128727012969663,0.8717948717948718,0.1282051282051282,2.8761690513094536,52.0
pp_quantile_calibrated,FOODS_3_824_TX_3,25.703093416128,11.256701696272549,14.446391719855448,0.0,0.036907218676303435,0.9487179487179487,0.05128205128205128,0.14431668841375062,5.0
pp_quantile_calibrated,HOBBIES_1_004_WI_3,1154.212462027266,1142.003305177852,12.209156849413777,0.0,0.9696289630611596,0.9487179487179487,0.05128205128205128,14.641068015100668,134.0
pp_quantile_calibrated,HOBBIES_1_005_WI_1,372.20788763473195,338.59416293726485,33.61372469746709,0.0,0.8249285172006923,0.8717948717948718,0.1282051282051282,4.340950806888011,64.0
pp_quantile_calibrated,HOBBIES_1_009_CA_1,576.5218644247876,548.3107021997573,28.211162225030304,0.0,0.6641528306544011,0.9487179487179487,0.05128205128205128,7.0296243871763755,28.0
pp_quantile_calibrated,HOBBIES_1_009_CA_4,1173.8969997207691,1144.4184071432594,29.47859257750971,0.0,0.9277485476041429,0.9230769230769231,0.07692307692307693,14.672030860811018,136.0
pp_quantile_calibrated,HOBBIES_1_010_CA_3,312.0476984740559,267.2963845101801,44.75131396387581,0.0,0.7016579069074946,0.8461538461538461,0.15384615384615385,3.426876724489488,50.0
pp_quantile_calibrated,HOBBIES_1_012_TX_2,181.36842548501073,173.48649199416835,7.881933490842385,0.0,0.8686344418192936,0.9487179487179487,0.05128205128205128,2.2241857947970303,20.0
pp_quantile_calibrated,HOBBIES_1_023_CA_3,568.8184821692067,393.88399744353984,174.93448472566692,0.0,0.5834893220817455,0.7435897435897436,0.2564102564102564,5.049794839019741,140.0
pp_quantile_calibrated,HOBBIES_1_026_CA_4,326.38589539627543,286.27485723759185,40.11103815868357,0.0,0.7733839652051776,0.8333333333333334,0.16666666666666666,3.670190477405024,59.0
pp_quantile_calibrated,HOBBIES_1_027_CA_1,272.92098126851465,262.50332380337784,10.417657465136834,0.0,0.8978661032829722,0.9615384615384616,0.038461538461538464,3.365427228248434,34.0
pp_quantile_calibrated,HOBBIES_1_028_WI_3,200.4527990241797,184.92701072930353,15.52578829487619,0.0,0.7929894894016507,0.9358974358974359,0.0641025641025641,2.370859111914148,25.0
pp_quantile_calibrated,HOBBIES_1_029_WI_3,167.36399516939588,163.83708212259992,3.52691304679595,0.0,0.9216241545156456,0.9743589743589743,0.02564102564102564,2.1004754118282043,15.0
pp_quantile_calibrated,HOBBIES_1_030_WI_2,728.6086774440182,630.5787032038053,98.02997424021288,0.0,0.636926021332545,0.8205128205128205,0.1794871794871795,8.084342348766734,90.0
pp_quantile_calibrated,HOBBIES_1_032_CA_2,3166.5152576538967,2646.1470324642664,520.3682251896305,0.0,0.6880286419726436,0.782051282051282,0.21794871794871795,33.92496195467008,556.0
pp_quantile_calibrated,HOBBIES_1_043_TX_2,502.14039677653443,457.93752415839225,44.20287261814218,0.0,0.8286710363637899,0.9102564102564102,0.08974358974358974,5.870993899466567,86.0
pp_quantile_calibrated,HOBBIES_1_043_WI_3,988.4431701605641,796.6272641341643,191.8159060263998,0.0,0.6580821639458114,0.782051282051282,0.21794871794871795,10.213170053002106,187.0
pp_quantile_calibrated,HOBBIES_1_045_CA_4,311.0356056219701,305.6526882797741,5.382917342195956,0.0,0.8718353013762867,0.9743589743589743,0.02564102564102564,3.9186242087150527,14.0
pp_quantile_calibrated,HOBBIES_1_050_TX_3,175.38265230027002,130.7340665977538,44.64858570251622,0.0,0.6456461452181252,0.8461538461538461,0.15384615384615385,1.6760777768942796,42.0
pp_quantile_calibrated,HOBBIES_1_054_CA_4,108.65228060479377,100.07993043437384,8.572350170419934,0.0,0.7801961494764119,0.9487179487179487,0.05128205128205128,1.283076031209921,13.0
pp_quantile_calibrated,HOBBIES_1_057_WI_1,375.1741293594302,346.781911780571,28.39221757885916,0.0,0.8608224628487297,0.8974358974358975,0.10256410256410256,4.4459219459047565,68.0
pp_quantile_calibrated,HOBBIES_1_061_CA_4,153.98353493121328,152.86197166383045,1.1215632673828444,0.0,0.9626145577539053,0.9871794871794872,0.01282051282051282,1.9597688674850058,10.0
pp_quantile_calibrated,HOBBIES_1_065_CA_4,106.97906710077687,105.80858189881339,1.1704852019634922,0.0,0.9442626094303099,0.9743589743589743,0.02564102564102564,1.3565202807540178,7.0
pp_quantile_calibrated,HOBBIES_1_070_WI_2,131.54759304296647,124.21419160775979,7.333401435206669,0.0,0.7555532854931111,0.9615384615384616,0.038461538461538464,1.5924896359969203,10.0
pp_quantile_calibrated,HOBBIES_1_073_CA_2,335.52144292613747,276.7131590114211,58.80828391471637,0.0,0.6560919069314832,0.8717948717948718,0.1282051282051282,3.547604602710527,57.0
pp_quantile_calibrated,HOBBIES_1_074_TX_2,355.7152732464916,313.9783569987508,41.73691624774081,0.0,0.7983723852766144,0.8846153846153846,0.11538461538461539,4.025363551266036,69.0
pp_quantile_calibrated,HOBBIES_1_086_CA_3,565.6387847738409,480.5436573502315,85.0951274236094,0.0,0.7444590768059778,0.7692307692307693,0.23076923076923078,6.160816119874763,111.0
pp_quantile_calibrated,HOBBIES_1_092_CA_3,218.59675611342024,204.04290685138864,14.553849262031608,0.0,0.8529914215956403,0.9230769230769231,0.07692307692307693,2.615934703222931,33.0
pp_quantile_calibrated,HOBBIES_1_092_TX_1,290.35937924239624,269.87078800834917,20.488591234047064,0.0,0.7644989513327924,0.9230769230769231,0.07692307692307693,3.459881897542938,29.0
pp_quantile_calibrated,HOBBIES_1_103_CA_2,1773.7725522320757,1485.0572048431386,288.71534738893706,0.0,0.72424513143368,0.7692307692307693,0.23076923076923078,19.039194933886392,349.0
pp_quantile_calibrated,HOBBIES_1_106_TX_3,324.7839258539958,302.8181280706693,21.965797783326536,0.0,0.7638086259857362,0.9102564102564102,0.08974358974358974,3.882283693213709,31.0
pp_quantile_calibrated,HOBBIES_1_106_WI_3,167.5045799979941,163.73597308358592,3.768606914408184,0.0,0.8857997904724794,0.9743589743589743,0.02564102564102564,2.099179142097255,11.0
pp_quantile_calibrated,HOBBIES_1_107_WI_2,408.4572282037333,372.78616039849584,35.67106780523743,0.0,0.7621928812984171,0.8846153846153846,0.11538461538461539,4.779309748698664,50.0
pp_quantile_calibrated,HOBBIES_1_108_CA_3,349.0077422207532,309.5863946061406,39.421347614612614,0.0,0.7978392430019865,0.8589743589743589,0.14102564102564102,3.9690563411043662,65.0
pp_quantile_calibrated,HOBBIES_1_109_CA_3,278.8067068615508,244.0892747869256,34.71743207462521,0.0,0.6596330188762235,0.8974358974358975,0.10256410256410256,3.1293496767554565,34.0
pp_quantile_calibrated,HOBBIES_1_110_CA_3,279.57348084660504,260.9363601902462,18.63712065635885,0.0,0.704172687994304,0.9358974358974359,0.0641025641025641,3.3453379511570027,21.0
pp_quantile_calibrated,HOBBIES_1_110_WI_3,130.05100001053555,119.8167378060935,10.234262204442052,0.0,0.7157149387654987,0.9615384615384616,0.038461538461538464,1.536112023155045,12.0
pp_quantile_calibrated,HOBBIES_1_113_TX_2,317.0752439577921,315.57691740521346,1.4983265525786313,0.0,0.9762170388479583,0.9871794871794872,0.01282051282051282,4.045857915451455,21.0
pp_quantile_calibrated,HOBBIES_1_116_CA_1,259.6667035993174,210.5943197742339,49.07238382508346,0.0,0.6661742596933097,0.8333333333333334,0.16666666666666666,2.6999271765927424,49.0
pp_quantile_calibrated,HOBBIES_1_116_WI_3,145.92837393475057,134.58522872725015,11.343145207500418,0.0,0.6562683270454418,0.9615384615384616,0.038461538461538464,1.7254516503493609,11.0
pp_quantile_calibrated,HOBBIES_1_117_CA_1,154.4968187727918,145.74111790773878,8.755700865053019,0.0,0.8463912128938066,0.9358974358974359,0.0641025641025641,1.8684758706120357,19.0
pp_quantile_calibrated,HOBBIES_1_122_WI_3,312.82948705049716,312.82948705049716,0.0,0.0,1.0,1.0,0.0,4.010634449365348,8.0
pp_quantile_calibrated,HOBBIES_1_124_TX_3,191.7503957124683,179.49652928905,12.253866423418303,0.0,0.8428991484177141,0.9358974358974359,0.0641025641025641,2.3012375549878206,26.0
pp_quantile_calibrated,HOBBIES_1_133_WI_1,312.0,312.0,0.0,0.0,1.0,1.0,0.0,4.0,0.0
pp_quantile_calibrated,HOBBIES_1_134_CA_4,1175.490740027167,1043.2525508743354,132.2381891528316,0.0,0.8066693141040474,0.7948717948717948,0.20512820512820512,13.375032703517121,228.0
pp_quantile_calibrated,HOBBIES_1_135_WI_1,289.9511367418256,278.17284301751624,11.778293724309377,0.0,0.9230176880764094,0.9358974358974359,0.0641025641025641,3.5663185002245674,51.0
pp_quantile_calibrated,HOBBIES_1_137_TX_1,309.1484386222791,273.90993182976104,35.238506792518066,0.0,0.7552881472741801,0.8333333333333334,0.16666666666666666,3.511665792689244,48.0
pp_quantile_calibrated,HOBBIES_1_143_WI_1,158.82288973971987,136.93841779111506,21.884471948604826,0.0,0.6684170916878056,0.9102564102564102,0.08974358974358974,1.7556207409117315,22.0
pp_quantile_calibrated,HOBBIES_1_151_TX_1,207.1046336238371,178.53905956896287,28.56557405487423,0.0,0.8203423015416715,0.8974358974358975,0.10256410256410256,2.2889623021661905,53.0
pp_quantile_calibrated,HOBBIES_1_152_CA_1,528.8947755612335,478.99967418208746,49.89510137914598,0.0,0.7624042791469239,0.8846153846153846,0.11538461538461539,6.141021463872916,70.0
pp_quantile_calibrated,HOBBIES_1_152_CA_3,400.3466137504186,362.5356213976322,37.8109923527864,0.0,0.8060974751139159,0.8589743589743589,0.14102564102564102,4.647892582020925,65.0
pp_quantile_calibrated,HOBBIES_1_155_CA_2,450.9593358603995,346.22268740198814,104.73664845841137,0.0,0.6797044389651029,0.7692307692307693,0.23076923076923078,4.438752402589592,109.0
pp_quantile_calibrated,HOBBIES_1_162_TX_1,93.75124897994837,89.49517886625856,4.2560701136898125,0.0,0.763551660350566,0.9743589743589743,0.02564102564102564,1.1473740880289558,6.0
pp_quantile_calibrated,HOBBIES_1_162_TX_2,216.59261348074938,203.67238992173742,12.920223559011959,0.0,0.8343561082177955,0.9230769230769231,0.07692307692307693,2.611184486176121,26.0
pp_quantile_calibrated,HOBBIES_1_170_TX_2,128.89200915596007,117.99511070638845,10.896898449571617,0.0,0.7405500369149615,0.9358974358974359,0.0641025641025641,1.5127578295690827,14.0
pp_quantile_calibrated,HOBBIES_1_173_CA_4,149.11941354707528,141.56278017748244,7.556633369592831,0.0,0.8740561105067861,0.9487179487179487,0.05128205128205128,1.8149074381728518,20.0
pp_quantile_calibrated,HOBBIES_1_175_WI_1,182.70605619338633,182.3817144413491,0.3243417520372298,0.0,0.9909905068878547,0.9871794871794872,0.01282051282051282,2.338227108222424,12.0
pp_quantile_calibrated,HOBBIES_1_176_TX_3,241.27327833407088,190.05204042003692,51.22123791403398,0.0,0.6778538495972706,0.8205128205128205,0.1794871794871795,2.4365646207697043,53.0
pp_quantile_calibrated,HOBBIES_1_184_CA_1,213.81323100851498,207.45364243512873,6.359588573386251,0.0,0.7880137142204584,0.9615384615384616,0.038461538461538464,2.6596620825016504,10.0
pp_quantile_calibrated,HOBBIES_1_186_TX_1,104.47286680659488,94.08961304841274,10.383253758182134,0.0,0.7115762844949408,0.9487179487179487,0.05128205128205128,1.206277090364266,12.0
pp_quantile_calibrated,HOBBIES_1_187_CA_2,164.68307414684884,155.62431726441045,9.05875688243839,0.0,0.8627461078418425,0.9487179487179487,0.05128205128205128,1.9951835546719288,22.0
pp_quantile_calibrated,HOBBIES_1_190_TX_2,128.11549469893703,126.69651966552907,1.4189750334079685,0.0,0.9570007565633948,0.9871794871794872,0.01282051282051282,1.6243143546862702,11.0
pp_quantile_calibrated,HOBBIES_1_194_TX_3,655.1438210133181,581.0858420926645,74.05797892065351,0.0,0.7907966697156681,0.8333333333333334,0.16666666666666666,7.449818488367494,118.0
pp_quantile_calibrated,HOBBIES_1_200_CA_4,300.9948678732542,258.8522903209206,42.14257755233359,0.0,0.7190494829844427,0.8717948717948718,0.1282051282051282,3.318619106678469,50.0
pp_quantile_calibrated,HOBBIES_1_209_CA_3,2912.323568021244,2434.2088467873627,478.114721233881,0.0,0.6720749511427427,0.7435897435897436,0.2564102564102564,31.207805728043112,486.0
pp_quantile_calibrated,HOBBIES_1_212_CA_2,156.86857121300451,153.208169348944,3.660401864060493,0.0,0.796644340885528,0.9743589743589743,0.02564102564102564,1.964207299345436,6.0
pp_quantile_calibrated,HOBBIES_1_232_WI_3,590.0221860131807,572.1307942046317,17.89139180854896,0.0,0.8757542235517434,0.9487179487179487,0.05128205128205128,7.335010182110663,48.0
pp_quantile_calibrated,HOBBIES_1_239_TX_1,164.85124872151044,152.3833571872212,12.467891534289222,0.0,0.7402522597023079,0.9358974358974359,0.0641025641025641,1.953632784451554,16.0
pp_quantile_calibrated,HOBBIES_1_240_CA_2,491.6492972257711,404.5912619878113,87.05803523795979,0.0,0.7182587856376705,0.8076923076923077,0.19230769230769232,5.187067461382196,103.0
pp_quantile_calibrated,HOBBIES_1_242_TX_3,363.53975653519376,337.69939737611224,25.8403591590815,0.0,0.7996871383016937,0.9102564102564102,0.08974358974358974,4.329479453539901,43.0
pp_quantile_calibrated,HOBBIES_1_245_TX_1,97.41289342887585,89.41827320031751,7.994620228558334,0.0,0.7335126590480554,0.9487179487179487,0.05128205128205128,1.1463881179527886,10.0
pp_quantile_calibrated,HOBBIES_1_245_WI_1,256.7109796261266,223.58623105811822,33.124748568008386,0.0,0.6549505357499126,0.8717948717948718,0.1282051282051282,2.8664901417707465,32.0
pp_quantile_calibrated,HOBBIES_1_252_TX_1,498.41998435956367,448.2683347484787,50.15164961108494,0.0,0.7014782761244944,0.9230769230769231,0.07692307692307693,5.747029932672804,56.0
pp_quantile_calibrated,HOBBIES_1_257_CA_2,212.3724267402782,193.83917571669562,18.533251023582583,0.0,0.6748552452003056,0.9358974358974359,0.0641025641025641,2.4851176373935338,19.0
pp_quantile_calibrated,HOBBIES_1_261_WI_3,952.4728372286585,720.0641839326792,232.40865329597935,0.0,0.5672092117393308,0.8589743589743589,0.14102564102564102,9.231592101701015,179.0
pp_quantile_calibrated,HOBBIES_1_264_TX_2,249.3926471860972,224.23819229554735,25.154454890549868,0.0,0.7533876971514719,0.9230769230769231,0.07692307692307693,2.874848619173684,34.0
pp_quantile_calibrated,HOBBIES_1_267_CA_3,207.0019322618384,200.51955857684692,6.482373684991483,0.0,0.8456577694049646,0.9615384615384616,0.038461538461538464,2.5707635714980372,14.0
pp_quantile_calibrated,HOBBIES_1_267_WI_2,84.48235004859006,80.67184451750398,3.810505531086075,0.0,0.7883052482729959,0.9615384615384616,0.038461538461538464,1.0342544168910768,6.0
pp_quantile_calibrated,HOBBIES_1_277_CA_1,757.0,742.0,15.0,0.0,0.7058823529411765,0.9487179487179487,0.05128205128205128,9.512820512820513,17.0
pp_quantile_calibrated,HOBBIES_1_279_CA_4,350.5099843665739,306.8951297461056,43.614854620468286,0.0,0.7204175985867417,0.8589743589743589,0.14102564102564102,3.9345529454628925,52.0
pp_quantile_calibrated,HOBBIES_1_279_TX_3,341.33208433919015,305.935554609417,35.39652972977312,0.0,0.8338191092498914,0.8461538461538461,0.15384615384615385,3.9222507001207307,71.0
pp_quantile_calibrated,HOBBIES_1_285_CA_4,130.83143592953436,128.7726788063828,2.0587571231515787,0.0,0.9142184532020176,0.9743589743589743,0.02564102564102564,1.6509317795690102,8.0
pp_quantile_calibrated,HOBBIES_1_287_WI_1,279.4748059013149,256.72654251475427,22.74826338656062,0.0,0.8004538299424508,0.9102564102564102,0.08974358974358974,3.2913659296763367,38.0
pp_quantile_calibrated,HOBBIES_1_289_WI_1,317.434905673242,256.8779305601251,60.55697511311691,0.0,0.6744248649832424,0.8589743589743589,0.14102564102564102,3.2933068020528857,62.0
pp_quantile_calibrated,HOBBIES_1_290_CA_4,237.70089209013204,237.70089209013204,0.0,0.0,1.0,1.0,0.0,3.047447334488872,3.0
pp_quantile_calibrated,HOBBIES_1_296_CA_1,276.31591976706227,237.2446355398672,39.07128422719505,0.0,0.6382288497481939,0.8589743589743589,0.14102564102564102,3.041597891536759,36.0
pp_quantile_calibrated,HOBBIES_1_297_CA_1,609.0885435981852,470.60687144613985,138.4816721520454,0.0,0.7377241057726412,0.6794871794871795,0.32051282051282054,6.0334214287966645,176.0
pp_quantile_calibrated,HOBBIES_1_306_CA_4,264.794134229085,233.69291134452126,31.10122288456374,0.0,0.7589052489568702,0.8974358974358975,0.10256410256410256,2.996062965955401,43.0
pp_quantile_calibrated,HOBBIES_1_306_WI_3,148.118315945654,144.64750599631859,3.470809949335397,0.0,0.931944902954208,0.9743589743589743,0.02564102564102564,1.8544552050810075,17.0
pp_quantile_calibrated,HOBBIES_1_309_WI_1,113.64611170188552,89.871555894135,23.77455580775052,0.0,0.5046967540051974,0.9230769230769231,0.07692307692307693,1.1521994345401922,16.0
pp_quantile_calibrated,HOBBIES_1_312_TX_3,479.3326450908604,428.0157509037468,51.31689418711365,0.0,0.7656762822506226,0.8974358974358975,0.10256410256410256,5.487381421842907,73.0
pp_quantile_calibrated,HOBBIES_1_319_TX_1,959.0615453555381,862.675320947234,96.38622440830414,0.0,0.7620093224486317,0.8333333333333334,0.16666666666666666,11.059940012144025,135.0
pp_quantile_calibrated,HOBBIES_1_323_CA_3,532.3224138792018,392.42020491762867,139.90220896157308,0.0,0.6113827528845193,0.717948717948718,0.28205128205128205,5.031028268174727,120.0
pp_quantile_calibrated,HOBBIES_1_328_TX_1,141.9992960869535,141.9992960869535,0.0,0.0,1.0,1.0,0.0,1.8205037959865835,7.0
pp_quantile_calibrated,HOBBIES_1_332_WI_1,397.7441924413504,342.7509606448225,54.993231796527894,0.0,0.699490536630995,0.8205128205128205,0.1794871794871795,4.394243085190032,61.0
pp_quantile_calibrated,HOBBIES_1_333_CA_2,319.70348770064334,254.1558473795273,65.547640321116,0.0,0.6586060399941875,0.8076923076923077,0.19230769230769232,3.2584082997375297,64.0
pp_quantile_calibrated,HOBBIES_1_333_TX_1,160.48891823123114,152.732474073232,7.756444157999153,0.0,0.8153227581428774,0.9615384615384616,0.038461538461538464,1.9581086419645128,14.0
pp_quantile_calibrated,HOBBIES_1_334_TX_1,130.8358028439275,122.35848383777511,8.477319006152383,0.0,0.7431115452681095,0.9615384615384616,0.038461538461538464,1.5686985107407065,11.0
pp_quantile_calibrated,HOBBIES_1_344_CA_3,436.1270877008657,365.5239909244768,70.60309677638887,0.0,0.7441916783464172,0.8461538461538461,0.15384615384615385,4.686205011852266,92.0
pp_quantile_calibrated,HOBBIES_1_346_CA_4,205.53627883526556,193.91812750561738,11.61815132964818,0.0,0.7961727836903828,0.9615384615384616,0.038461538461538464,2.4861298398156073,19.0
pp_quantile_calibrated,HOBBIES_1_348_CA_4,3754.7861585940564,3230.3918902952773,524.3942682987788,0.0,0.5777823926740911,0.7307692307692307,0.2692307692307692,41.41528064481125,414.0
pp_quantile_calibrated,HOBBIES_1_352_CA_2,484.5594463031086,436.4131929073813,48.1462533957273,0.0,0.8111911631540106,0.8589743589743589,0.14102564102564102,5.595040934710017,85.0
pp_quantile_calibrated,HOBBIES_1_361_CA_4,193.3486401900077,170.98955527400173,22.359084916005983,0.0,0.7515657231554891,0.8974358974358975,0.10256410256410256,2.192173785564125,30.0
pp_quantile_calibrated,HOBBIES_1_362_WI_2,160.44750555690308,160.44750555690308,0.0,0.0,1.0,1.0,0.0,2.057019302011578,4.0
pp_quantile_calibrated,HOBBIES_1_367_TX_1,242.24994787825705,198.57524729177908,43.67470058647798,0.0,0.7200339705995001,0.8461538461538461,0.15384615384615385,2.5458365037407575,52.0
pp_quantile_calibrated,HOBBIES_1_368_CA_1,206.28759773684484,181.28094446780128,25.006653269043564,0.0,0.7474075427369337,0.8974358974358975,0.10256410256410256,2.324114672664119,33.0
pp_quantile_calibrated,HOBBIES_1_372_TX_1,366.8956703500998,318.3514173093578,48.544253040742,0.0,0.7510551126115794,0.8589743589743589,0.14102564102564102,4.081428427043049,65.0
pp_quantile_calibrated,HOBBIES_1_373_TX_1,264.5590138659231,217.12940215073644,47.429611715186624,0.0,0.6563071614841549,0.782051282051282,0.21794871794871795,2.7837102839838006,46.0
pp_quantile_calibrated,HOBBIES_1_374_WI_3,105.2032269728979,90.41412110902245,14.789105863875443,0.0,0.7100175320808736,0.9358974358974359,0.0641025641025641,1.1591553988336212,17.0
pp_quantile_calibrated,HOBBIES_1_375_WI_1,126.01053069904752,116.1096290517098,9.900901647337722,0.0,0.5874624313609282,0.9358974358974359,0.0641025641025641,1.4885849878424333,8.0
pp_quantile_calibrated,HOBBIES_1_380_CA_2,330.61160753450986,316.20163182074026,14.409975713769601,0.0,0.8220990652621037,0.9487179487179487,0.05128205128205128,4.0538670746248755,27.0
pp_quantile_calibrated,HOBBIES_1_381_TX_2,1481.698242219293,1380.5851229860216,101.11311923327129,0.0,0.8943436580634573,0.9358974358974359,0.0641025641025641,17.69980926905156,319.0
pp_quantile_calibrated,HOBBIES_1_385_CA_1,407.0,401.0,6.0,0.0,0.75,0.9743589743589743,0.02564102564102564,5.141025641025641,8.0
pp_quantile_calibrated,HOBBIES_1_386_CA_3,863.0,860.0,3.0,0.0,0.9333333333333333,0.9871794871794872,0.01282051282051282,11.025641025641026,15.0
pp_quantile_calibrated,HOBBIES_1_386_WI_3,157.707466056376,157.707466056376,0.0,0.0,1.0,1.0,0.0,2.021890590466359,6.0
pp_quantile_calibrated,HOBBIES_1_389_CA_3,121.97056053872821,110.36893392193083,11.601626616797379,0.0,0.8158471965587718,0.9615384615384616,0.038461538461538464,1.4149863323324465,21.0
pp_quantile_calibrated,HOBBIES_1_390_TX_1,141.64821741486858,122.3090809811736,19.339136433694982,0.0,0.570241412584556,0.9102564102564102,0.08974358974358974,1.568065140784277,15.0
pp_quantile_calibrated,HOBBIES_1_393_TX_2,124.00132602022146,119.11228095938141,4.889045060840045,0.0,0.9142272796343851,0.9615384615384616,0.038461538461538464,1.5270805251202744,19.0
pp_quantile_calibrated,HOBBIES_1_398_TX_3,463.6539830146953,459.047201992069,4.606781022626297,0.0,0.9548354801703303,0.9743589743589743,0.02564102564102564,5.885220538359859,34.0
pp_quantile_calibrated,HOBBIES_1_399_TX_3,430.54194253263944,428.9920530240028,1.5498895086366224,0.0,0.8966740327575586,0.9871794871794872,0.01282051282051282,5.499898115692344,5.0
pp_quantile_calibrated,HOBBIES_1_400_CA_3,941.869277818617,851.4327742543089,90.43650356430808,0.0,0.657437486498833,0.8589743589743589,0.14102564102564102,10.915804798132166,88.0
pp_quantile_calibrated,HOBBIES_1_405_TX_3,132.61148197710605,121.38701875659527,11.224463220510778,0.0,0.5842791399810824,0.9743589743589743,0.02564102564102564,1.55624383021276,9.0
pp_quantile_calibrated,HOBBIES_1_406_CA_1,214.6972293719579,214.6972293719579,0.0,0.0,1.0,1.0,0.0,2.752528581691768,7.0
pp_quantile_calibrated,HOBBIES_1_410_TX_1,133.71737948824128,133.71737948824128,0.0,0.0,1.0,1.0,0.0,1.7143253780543755,5.0
pp_quantile_calibrated,HOBBIES_1_415_CA_1,354.60360082561454,288.529035762467,66.07456506314756,0.0,0.6503991266500129,0.8205128205128205,0.1794871794871795,3.6990902020829104,63.0
pp_quantile_calibrated,HOBBIES_1_418_TX_1,343.8328511490979,328.9442712256285,14.888579923469434,0.0,0.7080670603241287,0.9743589743589743,0.02564102564102564,4.217234246482416,17.0
pp_quantile_calibrated,HOBBIES_1_419_CA_4,154.2828178770692,154.2828178770692,0.0,0.0,1.0,1.0,0.0,1.97798484457781,5.0
pp_quantile_calibrated,HOBBIES_2_007_TX_3,448.6995532894463,432.63393925856883,16.065614030877484,0.0,0.8153377697600289,0.9615384615384616,0.038461538461538464,5.546588964853447,29.0
pp_quantile_calibrated,HOBBIES_2_008_WI_3,213.9666551169488,200.7903667674529,13.176288349495893,0.0,0.768837046500072,0.9358974358974359,0.0641025641025641,2.5742354713776012,19.0
pp_quantile_calibrated,HOBBIES_2_009_WI_2,136.65807523979015,131.38064428436795,5.277430955422199,0.0,0.7486937640275143,0.9743589743589743,0.02564102564102564,1.6843672344149736,7.0
pp_quantile_calibrated,HOBBIES_2_012_TX_2,175.59424030772635,173.2601888458053,2.3340514619210646,0.0,0.9292711678205737,0.9743589743589743,0.02564102564102564,2.221284472382119,11.0
pp_quantile_calibrated,HOBBIES_2_014_WI_1,178.65676369063794,172.17306490948818,6.483698781149764,0.0,0.8198972560791732,0.9743589743589743,0.02564102564102564,2.207346986019079,12.0
pp_quantile_calibrated,HOBBIES_2_018_CA_2,205.6589357995981,196.78611120377155,8.872824595826563,0.0,0.8443364105995339,0.9615384615384616,0.038461538461538464,2.522898861586815,19.0
pp_quantile_calibrated,HOBBIES_2_030_TX_2,135.0371672682401,126.7888095057087,8.248357762531388,0.0,0.7500497647717762,0.9487179487179487,0.05128205128205128,1.6254975577654962,11.0
pp_quantile_calibrated,HOBBIES_2_030_WI_2,101.75020489644913,101.75020489644913,0.0,0.0,1.0,1.0,0.0,1.3044898063647326,0.0
pp_quantile_calibrated,HOBBIES_2_031_CA_2,272.48854375932615,248.34809959066365,24.140444168662526,0.0,0.6905071260427882,0.9487179487179487,0.05128205128205128,3.183949994752098,26.0
pp_quantile_calibrated,HOBBIES_2_035_CA_2,235.24565760518746,231.43065196530767,3.815005639879792,0.0,0.8843937684884913,0.9743589743589743,0.02564102564102564,2.967059640580868,11.0
pp_quantile_calibrated,HOBBIES_2_038_CA_2,249.43430623612232,220.124214691543,29.310091544579333,0.0,0.6242295955823163,0.9102564102564102,0.08974358974358974,2.8221053165582433,26.0
pp_quantile_calibrated,HOBBIES_2_040_TX_1,240.4276491309742,236.14507226474961,4.282576866224595,0.0,0.7960677682750192,0.9871794871794872,0.01282051282051282,3.027500926471149,7.0
pp_quantile_calibrated,HOBBIES_2_041_TX_2,229.69631371920084,176.4086820217974,53.28763169740344,0.0,0.6374991040992963,0.8205128205128205,0.1794871794871795,2.2616497695102233,49.0
pp_quantile_calibrated,HOBBIES_2_042_TX_2,493.2912020609913,485.4702463965,7.82095566449131,0.0,0.9131004926167632,0.9871794871794872,0.01282051282051282,6.223977517903846,30.0
pp_quantile_calibrated,HOBBIES_2_045_CA_4,178.9408247467712,178.9408247467712,0.0,0.0,1.0,1.0,0.0,2.2941131377791177,13.0
pp_quantile_calibrated,HOBBIES_2_050_WI_2,99.2063866072657,97.4027457269513,1.8036408803144082,0.0,0.9331984859142811,0.9871794871794872,0.01282051282051282,1.2487531503455294,9.0
pp_quantile_calibrated,HOBBIES_2_056_WI_3,178.59115695147977,178.59115695147977,0.0,0.0,1.0,1.0,0.0,2.2896302173266636,3.0
pp_quantile_calibrated,HOBBIES_2_061_TX_3,140.5458188734906,124.20335758868481,16.34246128480577,0.0,0.5047739004604312,0.9487179487179487,0.05128205128205128,1.592350738316472,11.0
pp_quantile_calibrated,HOBBIES_2_072_TX_2,134.2595441574477,129.823329043732,4.43621511371569,0.0,0.7535436047935727,0.9743589743589743,0.02564102564102564,1.6644016544068205,6.0
pp_quantile_calibrated,HOBBIES_2_074_CA_1,132.85396871667768,131.34819382434446,1.5057748923332297,0.0,0.9282964336984177,0.9871794871794872,0.01282051282051282,1.6839512028762111,7.0
pp_quantile_calibrated,HOBBIES_2_074_CA_3,140.65372855609687,133.9555922763355,6.69813627976138,0.0,0.7767287906746206,0.9615384615384616,0.038461538461538464,1.7173793881581474,10.0
pp_quantile_calibrated,HOBBIES_2_076_TX_3,422.5662321017818,352.89265182456745,69.67358027721437,0.0,0.4335481278275255,0.8333333333333334,0.16666666666666666,4.524264766981634,41.0
pp_quantile_calibrated,HOBBIES_2_076_WI_1,424.28211520070306,396.3578041522373,27.924311048465757,0.0,0.5100998061672675,0.8974358974358975,0.10256410256410256,5.0815103096440675,19.0
pp_quantile_calibrated,HOBBIES_2_077_WI_1,83.01437476859167,83.01437476859167,0.0,0.0,1.0,1.0,0.0,1.0642868560075855,0.0
pp_quantile_calibrated,HOBBIES_2_081_WI_3,453.8490498394949,453.8490498394949,0.0,0.0,1.0,1.0,0.0,5.818577562044807,10.0
pp_quantile_calibrated,HOBBIES_2_083_CA_1,448.23354823781636,448.23354823781636,0.0,0.0,1.0,1.0,0.0,5.746583951766876,7.0
pp_quantile_calibrated,HOBBIES_2_084_WI_3,106.48148081282464,102.81319675878814,3.668284054036504,0.0,0.87772386486545,0.9615384615384616,0.038461538461538464,1.3181179071639504,10.0
pp_quantile_calibrated,HOBBIES_2_086_CA_4,195.11475817499317,195.11475817499317,0.0,0.0,1.0,1.0,0.0,2.5014712586537584,3.0
pp_quantile_calibrated,HOBBIES_2_103_TX_1,216.24493095599448,188.7454160229543,27.49951493304018,0.0,0.7587761847978932,0.8974358974358975,0.10256410256410256,2.4198130259353112,38.0
pp_quantile_calibrated,HOBBIES_2_107_WI_3,442.0,442.0,0.0,0.0,1.0,1.0,0.0,5.666666666666667,4.0
pp_quantile_calibrated,HOBBIES_2_114_CA_4,129.93996280445867,128.74924539295222,1.190717411506466,0.0,0.9558993551293901,0.9871794871794872,0.01282051282051282,1.650631351191695,9.0
pp_quantile_calibrated,HOBBIES_2_115_TX_1,347.2710750073194,315.6381984480104,31.632876559308954,0.0,0.8117090680993515,0.9102564102564102,0.08974358974358974,4.046643569846288,56.0
pp_quantile_calibrated,HOBBIES_2_116_CA_1,280.7813594321239,271.450558478962,9.33080095316189,0.0,0.8586242279823956,0.9615384615384616,0.038461538461538464,3.4801353651148976,22.0
pp_quantile_calibrated,HOBBIES_2_116_CA_2,239.29200417720608,214.40385046946344,24.888153707742646,0.0,0.6927388431142885,0.9358974358974359,0.0641025641025641,2.7487673137110695,27.0
pp_quantile_calibrated,HOBBIES_2_117_TX_1,349.5150600740478,335.5013467508023,14.01371332324551,0.0,0.8493149105027364,0.9230769230769231,0.07692307692307693,4.301299317317978,31.0
pp_quantile_calibrated,HOBBIES_2_118_WI_2,156.0,156.0,0.0,0.0,1.0,1.0,0.0,2.0,0.0
pp_quantile_calibrated,HOBBIES_2_122_CA_2,288.45547310467776,288.45547310467776,0.0,0.0,1.0,1.0,0.0,3.6981470910856125,10.0
pp_quantile_calibrated,HOBBIES_2_122_TX_1,398.3347899937462,381.5225631175736,16.8122268761726,0.0,0.756344538026484,0.9358974358974359,0.0641025641025641,4.891314911763764,23.0
pp_quantile_calibrated,HOBBIES_2_123_TX_1,193.94893551078775,191.30049932133505,2.6484361894527093,0.0,0.9448242460530686,0.9871794871794872,0.01282051282051282,2.4525705041196804,16.0
pp_quantile_calibrated,HOBBIES_2_124_TX_3,1005.0,864.0,141.0,0.0,0.24193548387096775,0.9230769230769231,0.07692307692307693,11.076923076923077,62.0
pp_quantile_calibrated,HOBBIES_2_128_TX_1,149.28444044105922,141.31478143721202,7.96965900384721,0.0,0.7343446998717597,0.9743589743589743,0.02564102564102564,1.8117279671437438,10.0
pp_quantile_calibrated,HOBBIES_2_129_WI_1,597.5460223463568,594.6432970116272,2.902725334729695,0.0,0.9596843703509764,0.9871794871794872,0.01282051282051282,7.623632012969579,24.0
pp_quantile_calibrated,HOBBIES_2_132_CA_1,532.2984637095038,497.1682293187714,35.13023439073241,0.0,0.7831467012917753,0.9230769230769231,0.07692307692307693,6.373951657932967,54.0
pp_quantile_calibrated,HOBBIES_2_133_CA_3,391.0316587422672,372.3857723388938,18.64588640337344,0.0,0.7928234844069617,0.9358974358974359,0.0641025641025641,4.7741765684473565,30.0
pp_quantile_calibrated,HOBBIES_2_134_TX_3,308.7377645339345,308.7377645339345,0.0,0.0,1.0,1.0,0.0,3.958176468383776,10.0
pp_quantile_calibrated,HOBBIES_2_137_CA_2,367.23746756403375,367.23746756403375,0.0,0.0,1.0,1.0,0.0,4.708172661077356,0.0
pp_quantile_calibrated,HOBBIES_2_144_WI_1,180.15873186872892,178.28924294553562,1.8694889231933094,0.0,0.9376837025602229,0.9871794871794872,0.01282051282051282,2.2857595249427645,10.0
pp_quantile_calibrated,HOUSEHOLD_1_005_CA_4,292.71221494869127,220.61737320172998,72.0948417469613,0.0,0.6123933239410683,0.7948717948717948,0.20512820512820512,2.8284278615606406,62.0
pp_quantile_calibrated,HOUSEHOLD_1_006_CA_4,346.9360882781749,317.6571846373813,29.278903640793594,0.0,0.8123147202513231,0.8846153846153846,0.11538461538461539,4.072528008171555,52.0
pp_quantile_calibrated,HOUSEHOLD_1_006_WI_2,301.29657734796064,268.11459350704996,33.181983840910675,0.0,0.7427753190627079,0.8974358974358975,0.10256410256410256,3.4373665834237173,43.0
pp_quantile_calibrated,HOUSEHOLD_1_008_WI_3,138.1555032329414,107.43473480607352,30.72076842686789,0.0,0.5903897543084281,0.8461538461538461,0.15384615384615385,1.3773683949496605,25.0
pp_quantile_calibrated,HOUSEHOLD_1_010_CA_2,889.9457548951509,853.4076347773728,36.53812011777809,0.0,0.8126250250370354,0.8974358974358975,0.10256410256410256,10.94112352278683,65.0
pp_quantile_calibrated,HOUSEHOLD_1_013_CA_3,537.724209644755,465.0025170969908,72.72169254776415,0.0,0.7979952984784329,0.7948717948717948,0.20512820512820512,5.961570732012703,120.0
pp_quantile_calibrated,HOUSEHOLD_1_014_CA_2,783.6830589570661,737.6272168374832,46.05584211958302,0.0,0.8771844210144452,0.8717948717948718,0.1282051282051282,9.456759190224144,125.0
pp_quantile_calibrated,HOUSEHOLD_1_014_WI_3,225.7118175850387,211.8378995611534,13.87391802388529,0.0,0.8715377960751363,0.9487179487179487,0.05128205128205128,2.7158705071942744,36.0
pp_quantile_calibrated,HOUSEHOLD_1_015_WI_2,595.0,595.0,0.0,0.0,1.0,1.0,0.0,7.628205128205129,1.0
pp_quantile_calibrated,HOUSEHOLD_1_020_WI_1,346.62316657139706,304.6922458246929,41.930920746704125,0.0,0.8058753669134068,0.8333333333333334,0.16666666666666666,3.9063108439063194,72.0
pp_quantile_calibrated,HOUSEHOLD_1_021_WI_2,590.9928722768557,340.22500704652794,250.7678652303277,0.0,0.5481660085940042,0.6538461538461539,0.34615384615384615,4.361859064699076,185.0
pp_quantile_calibrated,HOUSEHOLD_1_024_CA_2,523.8510823750904,456.9268480611695,66.9242343139209,0.0,0.7464991124472693,0.8076923076923077,0.19230769230769232,5.858036513604737,88.0
pp_quantile_calibrated,HOUSEHOLD_1_026_CA_2,841.1672780107697,632.2283897104237,208.93888830034595,0.0,0.5095331260555259,0.7435897435897436,0.2564102564102564,8.105492175774662,142.0
pp_quantile_calibrated,HOUSEHOLD_1_029_CA_2,499.3135221286875,377.7025342822594,121.61098784642809,0.0,0.6535299491554756,0.7564102564102564,0.24358974358974358,4.84234018310589,117.0
pp_quantile_calibrated,HOUSEHOLD_1_032_WI_1,340.3711394326684,314.59459075955726,25.776548673111115,0.0,0.8492599492800519,0.9102564102564102,0.08974358974358974,4.033263984096888,57.0
pp_quantile_calibrated,HOUSEHOLD_1_033_TX_2,590.9476522313371,546.2365541340212,44.711098097315904,0.0,0.8645118239475277,0.8717948717948718,0.1282051282051282,7.003032745307964,110.0
pp_quantile_calibrated,HOUSEHOLD_1_034_WI_1,274.3366552505598,271.60277994674766,2.7338753038121086,0.0,0.9493726795590349,0.9871794871794872,0.01282051282051282,3.482086922394201,18.0
pp_quantile_calibrated,HOUSEHOLD_1_043_CA_3,536.678617859231,447.6935555853342,88.98506227389686,0.0,0.6704256952818635,0.7564102564102564,0.24358974358974358,5.739660969042746,90.0
pp_quantile_calibrated,HOUSEHOLD_1_049_CA_1,1716.0,1716.0,0.0,0.0,1.0,1.0,0.0,22.0,0.0
pp_quantile_calibrated,HOUSEHOLD_1_049_WI_1,390.0,390.0,0.0,0.0,1.0,1.0,0.0,5.0,0.0
pp_quantile_calibrated,HOUSEHOLD_1_051_WI_1,1237.0579827571073,1073.8675357995419,163.19044695756537,0.0,0.7939514558616599,0.7692307692307693,0.23076923076923078,13.767532510250536,264.0
pp_quantile_calibrated,HOUSEHOLD_1_058_CA_3,1008.3147258126361,917.707432317911,90.60729349472517,0.0,0.8651677180138019,0.8333333333333334,0.16666666666666666,11.765479901511679,224.0
pp_quantile_calibrated,HOUSEHOLD_1_068_TX_1,157.2617202643404,148.5673264798374,8.694393784503008,0.0,0.6779854153887774,0.9615384615384616,0.038461538461538464,1.9047093138440692,9.0
pp_quantile_calibrated,HOUSEHOLD_1_071_CA_1,1390.9115274323049,1090.4771381509645,300.4343892813405,0.0,0.7154977374229731,0.7307692307692307,0.2692307692307692,13.98047613014057,352.0
pp_quantile_calibrated,HOUSEHOLD_1_071_TX_2,1220.906919775865,918.7712424797479,302.135677296117,0.0,0.6984673879280269,0.717948717948718,0.28205128205128205,11.7791184933301,334.0
pp_quantile_calibrated,HOUSEHOLD_1_079_WI_1,520.3400805985982,402.7518442921552,117.58823630644297,0.0,0.646882173253925,0.7692307692307693,0.23076923076923078,5.163485183232759,111.0
pp_quantile_calibrated,HOUSEHOLD_1_080_WI_1,258.82353491693704,242.2666370195054,16.556897897431625,0.0,0.7792413613675783,0.9358974358974359,0.0641025641025641,3.1059825258910947,25.0
pp_quantile_calibrated,HOUSEHOLD_1_080_WI_2,273.36347984457154,270.85415346267797,2.509326381893578,0.0,0.9814123971711587,0.9743589743589743,0.02564102564102564,3.4724891469574097,45.0
pp_quantile_calibrated,HOUSEHOLD_1_083_TX_1,2267.479924304076,1814.2217731451892,453.25815115888696,0.0,0.7049100578392663,0.7051282051282052,0.2948717948717949,23.2592535018614,512.0
pp_quantile_calibrated,HOUSEHOLD_1_083_WI_3,2886.570134105399,2373.4703958442115,513.0997382611877,0.0,0.7335930746307436,0.7307692307692307,0.2692307692307692,30.429107639028352,642.0
pp_quantile_calibrated,HOUSEHOLD_1_088_TX_3,334.5900951082401,307.1599077564466,27.430187351793514,0.0,0.8548667335883942,0.8846153846153846,0.11538461538461539,3.937947535339059,63.0
pp_quantile_calibrated,HOUSEHOLD_1_091_WI_3,167.09107204613275,152.35801863257598,14.733053413556766,0.0,0.6725988130320718,0.9102564102564102,0.08974358974358974,1.9533079311868715,15.0
pp_quantile_calibrated,HOUSEHOLD_1_093_CA_2,530.3552784587027,451.9993492766636,78.35592918203908,0.0,0.738813569393203,0.8076923076923077,0.19230769230769232,5.794863452264918,100.0
pp_quantile_calibrated,HOUSEHOLD_1_095_TX_2,128.91633400423092,121.58180953114751,7.334524473083406,0.0,0.8119352699209383,0.9615384615384616,0.038461538461538464,1.5587411478352244,13.0
pp_quantile_calibrated,HOUSEHOLD_1_095_TX_3,124.79676999430887,114.48680814916591,10.309961845142968,0.0,0.7356420039706932,0.9615384615384616,0.038461538461538464,1.4677795916559733,13.0
pp_quantile_calibrated,HOUSEHOLD_1_096_WI_2,3070.9518022265374,2318.551891653962,752.3999105725758,0.0,0.697831361215833,0.6794871794871795,0.32051282051282054,29.72502425197387,830.0
pp_quantile_calibrated,HOUSEHOLD_1_098_CA_4,121.53583340372212,110.86458048708334,10.671252916638784,0.0,0.7263781303425952,0.9615384615384616,0.038461538461538464,1.4213407754754275,13.0
pp_quantile_calibrated,HOUSEHOLD_1_102_WI_3,500.0926692187139,405.3242555975225,94.76841362119146,0.0,0.6872329583459027,0.8205128205128205,0.1794871794871795,5.1964648153528525,101.0
pp_quantile_calibrated,HOUSEHOLD_1_106_TX_3,2360.082970039105,1776.067599999822,584.0153700392827,0.0,0.6803418883200424,0.6794871794871795,0.32051282051282054,22.770097435895156,609.0
pp_quantile_calibrated,HOUSEHOLD_1_119_TX_2,926.1321355303736,853.7786048315394,72.35353069883418,0.0,0.8581303319630703,0.8717948717948718,0.1282051282051282,10.9458795491223,170.0
pp_quantile_calibrated,HOUSEHOLD_1_120_CA_2,294.52905858999566,264.37365546012984,30.155403129865846,0.0,0.7128056844774682,0.8846153846153846,0.11538461538461539,3.3894058392324338,35.0
pp_quantile_calibrated,HOUSEHOLD_1_127_WI_1,260.4200924895295,226.75628464341602,33.66380784611347,0.0,0.6793923062274908,0.8717948717948718,0.1282051282051282,2.9071318544027696,35.0
pp_quantile_calibrated,HOUSEHOLD_1_128_WI_2,936.9805931625074,806.3432037174176,130.6373894450897,0.0,0.7525807018085421,0.7692307692307693,0.23076923076923078,10.337733380992534,176.0
pp_quantile_calibrated,HOUSEHOLD_1_131_CA_1,390.97414120180474,340.1449386989789,50.829202502825865,0.0,0.6919442272556009,0.8717948717948718,0.1282051282051282,4.360832547422806,55.0
pp_quantile_calibrated,HOUSEHOLD_1_131_TX_1,464.2983979391043,410.51093894906114,53.787458990043156,0.0,0.7324007015420738,0.8333333333333334,0.16666666666666666,5.262960755757194,67.0
pp_quantile_calibrated,HOUSEHOLD_1_136_WI_3,560.1197603079696,499.98030690638143,60.13945340158818,0.0,0.8469734010137705,0.8846153846153846,0.11538461538461539,6.4100039346971975,131.0
pp_quantile_calibrated,HOUSEHOLD_1_145_CA_2,1101.1004479757853,959.5055222745362,141.59492570124908,0.0,0.7974321520726051,0.7948717948717948,0.20512820512820512,12.301352849673542,233.0
pp_quantile_calibrated,HOUSEHOLD_1_155_WI_3,207.7679450449956,168.50666899443638,39.261276050559204,0.0,0.6150855289160863,0.8717948717948718,0.1282051282051282,2.160341910185082,34.0
pp_quantile_calibrated,HOUSEHOLD_1_157_WI_1,272.2873494743335,268.42919364604376,3.8581558282897186,0.0,0.9440846981407287,0.9743589743589743,0.02564102564102564,3.4413999185390227,23.0
pp_quantile_calibrated,HOUSEHOLD_1_158_CA_3,455.2565485650828,398.2458704560345,57.01067810904836,0.0,0.7431951436529354,0.8333333333333334,0.16666666666666666,5.105716287897878,74.0
pp_quantile_calibrated,HOUSEHOLD_1_160_WI_2,624.5331731758076,543.9835615548874,80.54961162092027,0.0,0.7869057893626447,0.7948717948717948,0.20512820512820512,6.974148225062659,126.0
pp_quantile_calibrated,HOUSEHOLD_1_161_CA_2,377.5418863434642,334.13867918181705,43.40320716164719,0.0,0.7990592261034853,0.8717948717948718,0.1282051282051282,4.2838292202797055,72.0
pp_quantile_calibrated,HOUSEHOLD_1_162_TX_1,554.7869327228523,532.1888477064157,22.598085016436535,0.0,0.8017711840663463,0.9487179487179487,0.05128205128205128,6.822933944954047,38.0
pp_quantile_calibrated,HOUSEHOLD_1_163_CA_1,203.44151475646976,193.4533885057705,9.988126250699244,0.0,0.8486647537772842,0.9487179487179487,0.05128205128205128,2.480171647509878,22.0
pp_quantile_calibrated,HOUSEHOLD_1_165_CA_1,233.45826072433672,208.5756121989889,24.88264852534784,0.0,0.7926445956221013,0.9230769230769231,0.07692307692307693,2.6740463102434475,40.0
pp_quantile_calibrated,HOUSEHOLD_1_165_TX_1,558.316361872416,530.8618329060827,27.45452896633337,0.0,0.8811492252539681,0.9230769230769231,0.07692307692307693,6.805920934693368,77.0
pp_quantile_calibrated,HOUSEHOLD_1_167_WI_1,315.1539294333778,289.0994318479858,26.054497585392028,0.0,0.7285989834854998,0.9102564102564102,0.08974358974358974,3.706402972410074,32.0
pp_quantile_calibrated,HOUSEHOLD_1_175_TX_2,510.20702569805565,424.8655870146207,85.34143868343494,0.0,0.7877078639715548,0.8461538461538461,0.15384615384615385,5.44699470531565,134.0
pp_quantile_calibrated,HOUSEHOLD_1_175_WI_3,263.81029990066145,241.99720741310625,21.81309248755518,0.0,0.7796657324489377,0.9102564102564102,0.08974358974358974,3.102528300168029,33.0
pp_quantile_calibrated,HOUSEHOLD_1_185_WI_3,352.85501139765734,275.2591348601867,77.59587653747064,0.0,0.715766020009265,0.8076923076923077,0.19230769230769232,3.5289632674382907,91.0
pp_quantile_calibrated,HOUSEHOLD_1_186_WI_2,1671.1831727066924,1304.865623440015,366.3175492666775,0.0,0.7050583339237702,0.6923076923076923,0.3076923076923077,16.729046454359167,414.0
pp_quantile_calibrated,HOUSEHOLD_1_188_TX_2,361.59013447208116,338.33847967775387,23.25165479432728,0.0,0.8509509308055944,0.9230769230769231,0.07692307692307693,4.33767281638146,52.0
pp_quantile_calibrated,HOUSEHOLD_1_190_WI_3,332.6778957480831,306.44014121704754,26.237754531035506,0.0,0.8674860882270935,0.8974358974358975,0.10256410256410256,3.928719759192917,66.0
pp_quantile_calibrated,HOUSEHOLD_1_191_TX_3,967.3363219659441,949.4163728749088,17.919949091035228,0.0,0.9305428329804837,0.9487179487179487,0.05128205128205128,12.17200478044755,86.0
pp_quantile_calibrated,HOUSEHOLD_1_194_CA_1,283.9031316710735,282.7639242120215,1.1392074590519785,0.0,0.9891504051518859,0.9871794871794872,0.01282051282051282,3.625178515538737,35.0
pp_quantile_calibrated,HOUSEHOLD_1_195_CA_2,293.828975400338,277.6674606648571,16.161514735480868,0.0,0.826220271661496,0.9615384615384616,0.038461538461538464,3.55983923929304,31.0
pp_quantile_calibrated,HOUSEHOLD_1_201_TX_2,525.1359894528978,525.1359894528978,0.0,0.0,1.0,1.0,0.0,6.732512685293561,23.0
pp_quantile_calibrated,HOUSEHOLD_1_205_WI_3,380.44011982686703,359.22639193109336,21.213727895773673,0.0,0.8737278101442042,0.9358974358974359,0.0641025641025641,4.605466563219146,56.0
pp_quantile_calibrated,HOUSEHOLD_1_206_CA_4,268.3020571028191,267.7631672462826,0.5388898565365374,0.0,0.9775462559776442,0.9871794871794872,0.01282051282051282,3.4328611185420845,8.0
pp_quantile_calibrated,HOUSEHOLD_1_207_TX_1,256.5542518284758,236.0221088822692,20.532142946206587,0.0,0.755569726830874,0.8846153846153846,0.11538461538461539,3.025924472849605,28.0
pp_quantile_calibrated,HOUSEHOLD_1_208_WI_3,703.6897569349102,623.8896250366724,79.8001318982377,0.0,0.8294868976533383,0.8589743589743589,0.14102564102564102,7.998584936367595,156.0
pp_quantile_calibrated,HOUSEHOLD_1_211_TX_2,269.3539368424096,236.60700319887908,32.74693364353054,0.0,0.7772317439215609,0.8974358974358975,0.10256410256410256,3.033423117934347,49.0
pp_quantile_calibrated,HOUSEHOLD_1_212_WI_2,513.2604243514608,465.4598342686836,47.80059008277712,0.0,0.8374129589021185,0.8717948717948718,0.1282051282051282,5.967433772675431,98.0
pp_quantile_calibrated,HOUSEHOLD_1_216_TX_1,119.46155092943275,116.60320426830529,2.858346661127454,0.0,0.8941353088471313,0.9743589743589743,0.02564102564102564,1.4949128752346832,9.0
pp_quantile_calibrated,HOUSEHOLD_1_217_WI_3,477.5664142409867,416.0382972222441,61.528117018742584,0.0,0.7467978723508535,0.8461538461538461,0.15384615384615385,5.333824323362104,81.0
pp_quantile_calibrated,HOUSEHOLD_1_218_CA_1,551.6895727703346,493.9885452672602,57.70102750307443,0.0,0.7400854616978629,0.8461538461538461,0.15384615384615385,6.333186477785387,74.0
pp_quantile_calibrated,HOUSEHOLD_1_219_TX_3,217.56838499318832,176.90823600463088,40.660148988557445,0.0,0.7622213509441085,0.8846153846153846,0.11538461538461539,2.268054307751678,57.0
pp_quantile_calibrated,HOUSEHOLD_1_220_TX_3,515.1397750338167,446.92970737966385,68.21006765415282,0.0,0.793302825290446,0.8461538461538461,0.15384615384615385,5.729868043329024,110.0
pp_quantile_calibrated,HOUSEHOLD_1_221_CA_2,414.40178193555187,346.474045711611,67.92773622394087,0.0,0.6940192061984645,0.782051282051282,0.21794871794871795,4.441974945020654,74.0
pp_quantile_calibrated,HOUSEHOLD_1_224_WI_2,461.17259548691015,401.5926901144035,59.57990537250662,0.0,0.6944620237307352,0.8333333333333334,0.16666666666666666,5.148624232235942,65.0
pp_quantile_calibrated,HOUSEHOLD_1_225_CA_4,450.3451198456678,400.0210736122268,50.32404623344098,0.0,0.7107813434859714,0.8589743589743589,0.14102564102564102,5.128475302720856,58.0
pp_quantile_calibrated,HOUSEHOLD_1_225_TX_2,942.3102681353512,812.8092203846654,129.5010477506857,0.0,0.7863019014015087,0.7948717948717948,0.20512820512820512,10.420631030572634,202.0
pp_quantile_calibrated,HOUSEHOLD_1_230_TX_3,202.1152763273382,180.44269371792814,21.672582609410053,0.0,0.5986558776035176,0.9358974358974359,0.0641025641025641,2.313367868178566,18.0
pp_quantile_calibrated,HOUSEHOLD_1_238_CA_3,686.2820156832425,563.4342887873165,122.84772689592607,0.0,0.7810200946596684,0.7692307692307693,0.23076923076923078,7.223516522914315,187.0
pp_quantile_calibrated,HOUSEHOLD_1_244_CA_3,643.811238173941,512.2940591072318,131.51717906670922,0.0,0.7171673568457867,0.782051282051282,0.21794871794871795,6.567872552656818,155.0
pp_quantile_calibrated,HOUSEHOLD_1_246_CA_2,1928.7564684920046,1658.9915377669108,269.7649307250938,0.0,0.8212293368289637,0.7307692307692307,0.2692307692307692,21.26912227906296,503.0
pp_quantile_calibrated,HOUSEHOLD_1_248_CA_4,207.8517685234674,185.22292618700325,22.62884233646414,0.0,0.7714258349852107,0.8717948717948718,0.1282051282051282,2.374652899833375,33.0
pp_quantile_calibrated,HOUSEHOLD_1_249_WI_3,244.48030877197738,224.28249951385484,20.197809258122547,0.0,0.8316849228489787,0.8974358974358975,0.10256410256410256,2.8754166604340363,40.0
pp_quantile_calibrated,HOUSEHOLD_1_264_TX_3,172.9715821162407,158.95912860523956,14.012453511001162,0.0,0.7969209636086789,0.9358974358974359,0.0641025641025641,2.03793754622102,23.0
pp_quantile_calibrated,HOUSEHOLD_1_265_CA_3,280.0161038647719,239.45812736275278,40.5579765020191,0.0,0.734915186261313,0.8333333333333334,0.16666666666666666,3.0699759918301637,51.0
pp_quantile_calibrated,HOUSEHOLD_1_272_CA_3,9180.299999999997,9037.199999999997,143.09999999999997,0.0,0.7435483870967743,0.9487179487179487,0.05128205128205128,115.86153846153843,186.0
pp_quantile_calibrated,HOUSEHOLD_1_298_TX_3,480.56375770068314,458.456230718678,22.10752698200517,0.0,0.8060743247192529,0.9358974358974359,0.0641025641025641,5.877643983572795,38.0
pp_quantile_calibrated,HOUSEHOLD_1_304_CA_3,2972.177023665885,2246.566597676917,725.6104259889681,0.0,0.6976623225045965,0.6666666666666666,0.3333333333333333,28.80213586765278,800.0
pp_quantile_calibrated,HOUSEHOLD_1_304_CA_4,539.4104112751056,401.1644868242689,138.24592445083664,0.0,0.6927868345536964,0.7051282051282052,0.2948717948717949,5.143134446464986,150.0
pp_quantile_calibrated,HOUSEHOLD_1_309_TX_2,245.12478525570899,225.0486263425378,20.07615891317119,0.0,0.6653973514471468,0.9230769230769231,0.07692307692307693,2.885238799263305,20.0
pp_quantile_calibrated,HOUSEHOLD_1_314_TX_3,361.55541238674715,330.5365248526525,31.01888753409463,0.0,0.8085253855920085,0.8717948717948718,0.1282051282051282,4.237647754521186,54.0
pp_quantile_calibrated,HOUSEHOLD_1_317_CA_1,610.0315727989637,565.2864373126105,44.74513548635322,0.0,0.8508495483788227,0.8846153846153846,0.11538461538461539,7.24726201682834,100.0
pp_quantile_calibrated,HOUSEHOLD_1_317_TX_3,488.21386644586437,463.15091410821657,25.06295233764778,0.0,0.8673917865732922,0.9487179487179487,0.05128205128205128,5.937832232156623,63.0
pp_quantile_calibrated,HOUSEHOLD_1_320_WI_3,244.60643575828263,210.22701767144974,34.37941808683289,0.0,0.6418810615954907,0.8974358974358975,0.10256410256410256,2.695218175274997,32.0
pp_quantile_calibrated,HOUSEHOLD_1_332_WI_3,63.820044559073274,51.10848414777983,12.711560411293439,0.0,0.15256263924710406,0.9487179487179487,0.05128205128205128,0.6552369762535876,5.0
pp_quantile_calibrated,HOUSEHOLD_1_333_WI_2,260.02353824429775,215.43877510755559,44.58476313674217,0.0,0.6622366429034684,0.8589743589743589,0.14102564102564102,2.7620355783019948,44.0
pp_quantile_calibrated,HOUSEHOLD_1_338_WI_1,381.82375746174876,336.7518771923226,45.071880269426146,0.0,0.8048836351972893,0.8589743589743589,0.14102564102564102,4.31733175887593,77.0
pp_quantile_calibrated,HOUSEHOLD_1_342_TX_2,415.4236798668089,348.4760742145386,66.94760565227037,0.0,0.6943031705375782,0.782051282051282,0.21794871794871795,4.467641977109469,73.0
pp_quantile_calibrated,HOUSEHOLD_1_344_CA_1,374.1943493584182,351.72026124525337,22.47408811316485,0.0,0.833525273235816,0.9230769230769231,0.07692307692307693,4.509234118528889,45.0
pp_quantile_calibrated,HOUSEHOLD_1_344_TX_1,1143.3899682293152,898.3885879605351,245.00138026878,0.0,0.7144506057473426,0.717948717948718,0.28205128205128205,11.51780240975045,286.0
pp_quantile_calibrated,HOUSEHOLD_1_349_TX_2,547.4260274940209,513.0060171193513,34.42001037466963,0.0,0.8665891070749239,0.9102564102564102,0.08974358974358974,6.5770002194788635,86.0
pp_quantile_calibrated,HOUSEHOLD_1_361_WI_3,899.6006590314855,797.5724096251896,102.02824940629597,0.0,0.8045435835128429,0.8205128205128205,0.1794871794871795,10.225287302887047,174.0
pp_quantile_calibrated,HOUSEHOLD_1_368_TX_3,223.24903270890027,223.0094090717711,0.2396236371291649,0.0,0.9800313635725696,0.9871794871794872,0.01282051282051282,2.8590949880996295,4.0
pp_quantile_calibrated,HOUSEHOLD_1_369_CA_1,689.485756482005,514.7093273640203,174.77642911798466,0.0,0.6727033162584557,0.7051282051282052,0.2948717948717949,6.598837530307953,178.0
pp_quantile_calibrated,HOUSEHOLD_1_371_CA_1,458.054806538507,403.6888955870863,54.36591095142073,0.0,0.8437761179556876,0.8205128205128205,0.1794871794871795,5.175498661372901,116.0
pp_quantile_calibrated,HOUSEHOLD_1_377_TX_1,147.96296022689805,133.9546795866246,14.008280640273453,0.0,0.7253278305828734,0.9358974358974359,0.0641025641025641,1.7173676870080077,17.0
pp_quantile_calibrated,HOUSEHOLD_1_380_CA_1,357.292201711188,305.60637482566176,51.68582688552623,0.0,0.7428565826590736,0.8461538461538461,0.15384615384615385,3.918030446482843,67.0
pp_quantile_calibrated,HOUSEHOLD_1_384_CA_2,318.70786562859627,274.1248263164496,44.58303931214665,0.0,0.7713690291684787,0.8589743589743589,0.14102564102564102,3.5144208502108927,65.0
pp_quantile_calibrated,HOUSEHOLD_1_385_CA_3,1521.7479746558517,1308.9829997083632,212.76497494748864,0.0,0.8007818586634002,0.8461538461538461,0.15384615384615385,16.7818333295944,356.0
pp_quantile_calibrated,HOUSEHOLD_1_386_CA_2,460.10395792653185,289.0031108313222,171.10084709520964,0.0,0.5400514863031999,0.6923076923076923,0.3076923076923077,3.705168087581054,124.0
pp_quantile_calibrated,HOUSEHOLD_1_389_CA_1,1969.3833259447576,1764.346403392461,205.03692255229652,0.0,0.7922624898153026,0.8205128205128205,0.1794871794871795,22.61982568451873,329.0
pp_quantile_calibrated,HOUSEHOLD_1_390_WI_2,846.7124279083447,719.5768670173194,127.13556089102534,0.0,0.7415943884328754,0.717948717948718,0.28205128205128205,9.225344448939993,164.0
pp_quantile_calibrated,HOUSEHOLD_1_394_CA_3,514.9701655770341,455.5027557267266,59.467409850307476,0.0,0.7667944711752647,0.8461538461538461,0.15384615384615385,5.839778919573418,85.0
pp_quantile_calibrated,HOUSEHOLD_1_395_CA_3,387.64358734055025,345.4951008539903,42.148486486559946,0.0,0.7963841232533336,0.8846153846153846,0.11538461538461539,4.429424369922953,69.0
pp_quantile_calibrated,HOUSEHOLD_1_396_TX_1,457.1533668829185,381.6429920011363,75.51037488178216,0.0,0.7690814223798711,0.8205128205128205,0.1794871794871795,4.892858871809439,109.0
pp_quantile_calibrated,HOUSEHOLD_1_397_WI_1,695.2404615611786,502.5055866862778,192.7348748749007,0.0,0.6264828006300374,0.6794871794871795,0.32051282051282054,6.442379316490741,172.0
pp_quantile_calibrated,HOUSEHOLD_1_398_CA_4,208.57684086588603,183.1370156172349,25.439825248651115,0.0,0.7173352750149876,0.8974358974358975,0.10256410256410256,2.3479104566312166,30.0
pp_quantile_calibrated,HOUSEHOLD_1_399_TX_3,2254.8105890288252,1612.903983103307,641.9066059255185,0.0,0.6526479405164942,0.6923076923076923,0.3076923076923077,20.67825619363214,616.0
pp_quantile_calibrated,HOUSEHOLD_1_401_CA_2,198.78505941100929,186.38072865301032,12.404330757998972,0.0,0.812055594575773,0.9487179487179487,0.05128205128205128,2.38949652119244,22.0
pp_quantile_calibrated,HOUSEHOLD_1_402_TX_2,235.76528662956932,220.49917603621546,15.266110593353858,0.0,0.8115294988474832,0.9487179487179487,0.05128205128205128,2.8269125132848134,27.0
pp_quantile_calibrated,HOUSEHOLD_1_404_TX_2,393.33896350589475,364.26656770691005,29.072395798984676,0.0,0.8384866900056408,0.9230769230769231,0.07692307692307693,4.670084201370642,60.0
pp_quantile_calibrated,HOUSEHOLD_1_407_CA_4,241.7875694344733,204.44603469949485,37.34153473497848,0.0,0.6228127804547628,0.8717948717948718,0.1282051282051282,2.6211030089678826,33.0
pp_quantile_calibrated,HOUSEHOLD_1_411_WI_3,711.6804103996043,668.7383672035529,42.94204319605141,0.0,0.871044915327173,0.8846153846153846,0.11538461538461539,8.57356881030196,111.0
pp_quantile_calibrated,HOUSEHOLD_1_415_CA_3,383.51442824132477,319.8302781019763,63.684150139348425,0.0,0.6576120960250086,0.8205128205128205,0.1794871794871795,4.100388180794568,62.0
pp_quantile_calibrated,HOUSEHOLD_1_419_WI_2,195.5455383431488,190.27513795621877,5.270400386930033,0.0,0.8828799914015548,0.9615384615384616,0.038461538461538464,2.4394248455925482,15.0
pp_quantile_calibrated,HOUSEHOLD_1_421_WI_3,366.7892213238534,323.1198732249831,43.66934809887025,0.0,0.782739561697163,0.8589743589743589,0.14102564102564102,4.142562477243374,67.0
pp_quantile_calibrated,HOUSEHOLD_1_423_CA_4,150.58689000987155,142.2424771940129,8.344412815858636,0.0,0.7860406970292657,0.9487179487179487,0.05128205128205128,1.823621502487345,13.0
pp_quantile_calibrated,HOUSEHOLD_1_425_CA_4,447.9550391006792,371.2537165939621,76.70132250671708,0.0,0.6882060060702558,0.8205128205128205,0.1794871794871795,4.759663033255925,82.0
pp_quantile_calibrated,HOUSEHOLD_1_431_TX_2,969.1184798463594,772.969575291237,196.14890455512239,0.0,0.6747116010694488,0.7307692307692307,0.2692307692307692,9.909866349887654,201.0
pp_quantile_calibrated,HOUSEHOLD_1_433_WI_1,147.92645081739386,139.24205684150107,8.684393975892787,0.0,0.8070134672023825,0.9487179487179487,0.05128205128205128,1.7851545748910393,15.0
pp_quantile_calibrated,HOUSEHOLD_1_437_WI_1,777.0415825349194,610.4936812589349,166.54790127598443,0.0,0.7543541279115276,0.7692307692307693,0.23076923076923078,7.826842067422242,226.0
pp_quantile_calibrated,HOUSEHOLD_1_439_WI_3,991.666896845172,944.5668968451721,47.099999999999966,0.0,0.839795918367347,0.9487179487179487,0.05128205128205128,12.10983201083554,98.0
pp_quantile_calibrated,HOUSEHOLD_1_442_CA_4,246.24287582838986,202.30112240624004,43.9417534221498,0.0,0.7430306817418141,0.8333333333333334,0.16666666666666666,2.5936041334133337,57.0
pp_quantile_calibrated,HOUSEHOLD_1_445_TX_3,750.1424143637204,551.0997338763657,199.04268048735472,0.0,0.6374450264346908,0.7307692307692307,0.2692307692307692,7.06538120354315,183.0
pp_quantile_calibrated,HOUSEHOLD_1_448_CA_4,702.8322831079622,619.1590929517647,83.67319015619745,0.0,0.7786423540841337,0.8205128205128205,0.1794871794871795,7.937937089125189,126.0
pp_quantile_calibrated,HOUSEHOLD_1_450_TX_2,462.9623443652842,384.9505388107028,78.01180555458139,0.0,0.643781709796432,0.782051282051282,0.21794871794871795,4.9352633180859335,73.0
pp_quantile_calibrated,HOUSEHOLD_1_458_CA_2,662.4179673446463,523.9971435496786,138.4208237949677,0.0,0.7061129006476269,0.7307692307692307,0.2692307692307692,6.7179120967907515,157.0
pp_quantile_calibrated,HOUSEHOLD_1_459_WI_2,11076.17908534128,8955.8015371277,2120.3775482135807,0.0,0.7001304556337744,0.6923076923076923,0.3076923076923077,114.8179684247141,2357.0
pp_quantile_calibrated,HOUSEHOLD_1_462_WI_1,1227.4562845477153,1166.042426229025,61.41385831869029,0.0,0.7533579987201193,0.9487179487179487,0.05128205128205128,14.949261874731091,83.0
pp_quantile_calibrated,HOUSEHOLD_1_467_CA_1,302.1695512743769,261.2485721282398,40.92097914613709,0.0,0.7648219589302465,0.8717948717948718,0.1282051282051282,3.3493406683107665,58.0
pp_quantile_calibrated,HOUSEHOLD_1_473_WI_2,2438.8868508325904,1970.682650450923,468.20420038166753,0.0,0.7345781176974674,0.717948717948718,0.28205128205128205,25.26516218526824,588.0
pp_quantile_calibrated,HOUSEHOLD_1_474_TX_2,3534.9451797378647,2635.0291600694077,899.916019668457,0.0,0.6663270227406538,0.6666666666666666,0.3333333333333333,33.78242512909497,899.0
pp_quantile_calibrated,HOUSEHOLD_1_481_CA_1,601.9315793929377,474.7661830840767,127.16539630886093,0.0,0.690595142800825,0.7435897435897436,0.2564102564102564,6.086745936975342,137.0
pp_quantile_calibrated,HOUSEHOLD_1_482_WI_1,345.07812428468736,282.4662757874899,62.611848497197435,0.0,0.67389662241043,0.8076923076923077,0.19230769230769232,3.6213625100960245,64.0
pp_quantile_calibrated,HOUSEHOLD_1_491_TX_1,363.36978510279795,300.2514911477973,63.11829395500064,0.0,0.6950807055313979,0.8461538461538461,0.15384615384615385,3.8493780916384273,69.0
pp_quantile_calibrated,HOUSEHOLD_1_491_WI_3,254.14517533867684,233.40185347912058,20.743321859556268,0.0,0.8617111876029583,0.9102564102564102,0.08974358974358974,2.99233145486052,50.0
pp_quantile_calibrated,HOUSEHOLD_1_492_WI_2,236.48412476525573,214.8083310035185,21.675793761737232,0.0,0.444210416365712,0.9102564102564102,0.08974358974358974,2.7539529615835705,13.0
pp_quantile_calibrated,HOUSEHOLD_1_494_CA_2,877.5452750398115,689.9147932693353,187.63048177047614,0.0,0.714413269755744,0.7564102564102564,0.24358974358974358,8.845061452170965,219.0
pp_quantile_calibrated,HOUSEHOLD_1_494_TX_1,974.2006451094782,743.5584341188562,230.64221099062195,0.0,0.7311862342766645,0.7051282051282052,0.2948717948717949,9.532800437421233,286.0
pp_quantile_calibrated,HOUSEHOLD_1_500_TX_3,73.61912488214331,66.9490690403275,6.6700558418158105,0.0,0.629441342121344,0.9743589743589743,0.02564102564102564,0.8583213979529167,6.0
pp_quantile_calibrated,HOUSEHOLD_1_501_TX_3,168.56405033153038,168.063770220344,0.5002801111863802,0.0,0.9761771375625533,0.9871794871794872,0.01282051282051282,2.154663720773641,7.0
pp_quantile_calibrated,HOUSEHOLD_1_503_WI_1,451.2987849018176,382.833991601478,68.46479330033961,0.0,0.7492132113540673,0.8333333333333334,0.16666666666666666,4.908128097454846,91.0
pp_quantile_calibrated,HOUSEHOLD_1_504_CA_3,356.64435897255066,348.9113282781925,7.733030694358132,0.0,0.9194475969337694,0.9743589743589743,0.02564102564102564,4.473222157412724,32.0
pp_quantile_calibrated,HOUSEHOLD_1_504_WI_3,292.09778807006126,286.09778807006126,6.0,0.0,0.7142857142857143,0.9871794871794872,0.01282051282051282,3.6679203598725802,7.0
pp_quantile_calibrated,HOUSEHOLD_1_507_WI_3,767.0,767.0,0.0,0.0,1.0,1.0,0.0,9.833333333333334,11.0
pp_quantile_calibrated,HOUSEHOLD_1_510_CA_4,594.975759917234,482.22482141334103,112.75093850389294,0.0,0.6893913539837659,0.7692307692307693,0.23076923076923078,6.182369505299244,121.0
pp_quantile_calibrated,HOUSEHOLD_1_510_TX_1,479.47606609149807,453.0264683228131,26.44959776868493,0.0,0.8869675309030558,0.9102564102564102,0.08974358974358974,5.808031645164271,78.0
pp_quantile_calibrated,HOUSEHOLD_1_520_CA_1,372.70920939919927,337.5324031127579,35.17680628644135,0.0,0.7906142482949919,0.8461538461538461,0.15384615384615385,4.327338501445614,56.0
pp_quantile_calibrated,HOUSEHOLD_1_521_CA_2,1633.3584713442467,1081.8426909940365,551.5157803502102,0.0,0.5580803042065624,0.6794871794871795,0.32051282051282054,13.869778089667134,416.0
pp_quantile_calibrated,HOUSEHOLD_1_521_TX_3,3908.106751034704,3403.5662129306215,504.5405381040822,0.0,0.802605423276963,0.717948717948718,0.28205128205128205,43.6354642683413,852.0
pp_quantile_calibrated,HOUSEHOLD_1_527_WI_2,440.7589653261092,345.5958209201164,95.16314440599281,0.0,0.5043586228854541,0.7948717948717948,0.20512820512820512,4.4307156528220055,64.0
pp_quantile_calibrated,HOUSEHOLD_1_529_CA_2,457.3224116442868,347.89422569877564,109.42818594551113,0.0,0.6160414528227679,0.8333333333333334,0.16666666666666666,4.460182380753534,95.0
pp_quantile_calibrated,HOUSEHOLD_1_531_TX_1,264.76437661493935,239.84406857572912,24.92030803921025,0.0,0.851664833099939,0.9230769230769231,0.07692307692307693,3.0749239560990915,56.0
pp_quantile_calibrated,HOUSEHOLD_1_533_WI_1,276.76831779052924,252.56670108796112,24.201616702568106,0.0,0.7931485751917255,0.8974358974358975,0.10256410256410256,3.238034629332835,39.0
pp_quantile_calibrated,HOUSEHOLD_1_534_CA_2,414.0478032990748,386.0553877717138,27.992415527361025,0.0,0.8586241640032272,0.9230769230769231,0.07692307692307693,4.949428048355306,66.0
pp_quantile_calibrated,HOUSEHOLD_1_534_CA_4,269.10647943757374,228.7178091630971,40.38867027447668,0.0,0.7008246646335061,0.8717948717948718,0.1282051282051282,2.9322796046550907,45.0
pp_quantile_calibrated,HOUSEHOLD_1_534_TX_1,276.84683168548304,238.27376256186878,38.57306912361423,0.0,0.6524948727602322,0.8846153846153846,0.11538461538461539,3.0547918277162665,37.0
pp_quantile_calibrated,HOUSEHOLD_1_537_CA_3,894.8712970452531,820.4776559422882,74.39364110296492,0.0,0.8673910140767114,0.8589743589743589,0.14102564102564102,10.518944306952411,187.0
pp_quantile_calibrated,HOUSEHOLD_1_537_TX_1,557.2155432413538,500.3769649048409,56.83857833651284,0.0,0.8229327777678728,0.8589743589743589,0.14102564102564102,6.415089293651807,107.0
pp_quantile_calibrated,HOUSEHOLD_1_541_CA_2,753.3617098782104,662.8824588483993,90.47925102981104,0.0,0.8429179669621335,0.8461538461538461,0.15384615384615385,8.498493062158966,192.0
pp_quantile_calibrated,HOUSEHOLD_2_001_WI_2,108.31198644880644,98.25048207917523,10.061504369631203,0.0,0.6273516900136591,0.9487179487179487,0.05128205128205128,1.2596215651176312,9.0
pp_quantile_calibrated,HOUSEHOLD_2_004_CA_4,192.92975538040747,190.54575031760282,2.384005062804642,0.0,0.8675552742886309,0.9871794871794872,0.01282051282051282,2.442894234841062,6.0
pp_quantile_calibrated,HOUSEHOLD_2_008_WI_2,249.7599096663156,249.7599096663156,0.0,0.0,1.0,1.0,0.0,3.202050123927123,0.0
pp_quantile_calibrated,HOUSEHOLD_2_009_CA_1,251.69855100245022,214.91374386473564,36.78480713771458,0.0,0.6855999389938925,0.8589743589743589,0.14102564102564102,2.755304408522252,39.0
pp_quantile_calibrated,HOUSEHOLD_2_010_CA_3,204.505486050544,193.58997762050922,10.915508430034787,0.0,0.8346135086358366,0.9487179487179487,0.05128205128205128,2.4819227900065286,22.0
pp_quantile_calibrated,HOUSEHOLD_2_013_WI_3,99.70792122378572,92.99815572267678,6.709765501108926,0.0,0.7763411499630358,0.9615384615384616,0.038461538461538464,1.1922840477266254,10.0
pp_quantile_calibrated,HOUSEHOLD_2_015_CA_1,340.5413397097571,312.3096929267965,28.231646782960595,0.0,0.8117890214469294,0.9358974358974359,0.0641025641025641,4.0039704221384165,50.0
pp_quantile_calibrated,HOUSEHOLD_2_017_CA_1,244.75897296174182,228.37167926877385,16.387293692967972,0.0,0.8116403023796784,0.9487179487179487,0.05128205128205128,2.927842041907357,29.0
pp_quantile_calibrated,HOUSEHOLD_2_021_CA_2,370.8549329867087,358.34228690212,12.512646084588733,0.0,0.8654554184452824,0.9487179487179487,0.05128205128205128,4.594131883360513,31.0
pp_quantile_calibrated,HOUSEHOLD_2_029_WI_2,261.1072170028228,247.75256409188697,13.354652910935801,0.0,0.9052861495678312,0.9358974358974359,0.0641025641025641,3.176314924254961,47.0
pp_quantile_calibrated,HOUSEHOLD_2_032_WI_2,138.47866729708272,136.90566244639913,1.5730048506835894,0.0,0.9250950071103052,0.9871794871794872,0.01282051282051282,1.7552008005948607,7.0
pp_quantile_calibrated,HOUSEHOLD_2_034_CA_2,146.57452123886014,126.36850557024984,20.20601566861031,0.0,0.6258145246553646,0.9487179487179487,0.05128205128205128,1.6201090457724339,18.0
pp_quantile_calibrated,HOUSEHOLD_2_034_CA_3,150.01380694135767,142.54395541983104,7.469851521526631,0.0,0.822146392344604,0.9615384615384616,0.038461538461538464,1.8274866079465517,14.0
pp_quantile_calibrated,HOUSEHOLD_2_038_TX_1,133.64608869310354,131.57947169580115,2.0666169973023765,0.0,0.9373752425059885,0.9871794871794872,0.01282051282051282,1.6869163037923225,11.0
pp_quantile_calibrated,HOUSEHOLD_2_042_WI_2,164.72160358069937,164.72160358069937,0.0,0.0,1.0,1.0,0.0,2.1118154305217867,2.0
pp_quantile_calibrated,HOUSEHOLD_2_043_TX_2,102.94882388025198,82.86229550500407,20.086528375247916,0.0,0.6061465024461192,0.9230769230769231,0.07692307692307693,1.0623371218590265,17.0
pp_quantile_calibrated,HOUSEHOLD_2_045_CA_4,154.17183250461017,123.81008130277485,30.361751201835332,0.0,0.4673376982134152,0.8589743589743589,0.14102564102564102,1.5873087346509596,19.0
pp_quantile_calibrated,HOUSEHOLD_2_047_TX_2,467.0163784614981,450.8447375343068,16.171640927191326,0.0,0.8652363256067389,0.9615384615384616,0.038461538461538464,5.780060737619317,40.0
pp_quantile_calibrated,HOUSEHOLD_2_057_WI_3,132.20465675912467,118.74981503245473,13.454841726669947,0.0,0.6262543964813904,0.9358974358974359,0.0641025641025641,1.522433526057112,12.0
pp_quantile_calibrated,HOUSEHOLD_2_058_TX_2,254.38133946403286,231.5511078100008,22.83023165403209,0.0,0.827043699590666,0.8846153846153846,0.11538461538461539,2.9686039462820615,44.0
pp_quantile_calibrated,HOUSEHOLD_2_063_TX_2,124.46277567880009,119.06219126910116,5.400584409698929,0.0,0.8499837663972519,0.9615384615384616,0.038461538461538464,1.5264383496038612,12.0
pp_quantile_calibrated,HOUSEHOLD_2_067_CA_2,586.3025538443254,476.67009168530905,109.6324621590164,0.0,0.6616282032129123,0.782051282051282,0.21794871794871795,6.1111550216065265,108.0
pp_quantile_calibrated,HOUSEHOLD_2_073_WI_3,116.55170572126721,112.68406678430952,3.867638936957689,0.0,0.5702623403380346,0.9871794871794872,0.01282051282051282,1.444667522875763,3.0
pp_quantile_calibrated,HOUSEHOLD_2_075_CA_4,304.7777769155454,274.7130088967556,30.064768018789835,0.0,0.7362739647474577,0.8974358974358975,0.10256410256410256,3.5219616525225073,38.0
pp_quantile_calibrated,HOUSEHOLD_2_075_WI_3,356.55294272195715,346.5331153261892,10.019827395767972,0.0,0.9097312847228112,0.9615384615384616,0.038461538461538464,4.442732247771657,37.0
pp_quantile_calibrated,HOUSEHOLD_2_077_CA_3,149.799931693049,140.81482794292032,8.98510375012868,0.0,0.6672183796248636,0.9615384615384616,0.038461538461538464,1.805318306960517,9.0
pp_quantile_calibrated,HOUSEHOLD_2_079_TX_1,153.1988514030425,140.47863747166022,12.720213931382279,0.0,0.6971377635385172,0.9230769230769231,0.07692307692307693,1.8010081727135925,14.0
pp_quantile_calibrated,HOUSEHOLD_2_087_CA_3,148.8616082324671,148.16722746463776,0.6943807678293301,0.0,0.9669342491509842,0.9871794871794872,0.01282051282051282,1.8995798392902277,7.0
pp_quantile_calibrated,HOUSEHOLD_2_089_TX_2,343.0259688809879,300.35310269741876,42.67286618356911,0.0,0.7504510749498882,0.8974358974358975,0.10256410256410256,3.850680803813061,57.0
pp_quantile_calibrated,HOUSEHOLD_2_095_CA_2,304.3267363774674,278.4118062747034,25.914930102764018,0.0,0.7840422491436332,0.8974358974358975,0.10256410256410256,3.5693821317269667,40.0
pp_quantile_calibrated,HOUSEHOLD_2_095_TX_3,187.7200842591084,173.74739569941664,13.972688559691758,0.0,0.8136974858707765,0.9230769230769231,0.07692307692307693,2.227530714095085,25.0
pp_quantile_calibrated,HOUSEHOLD_2_110_CA_1,750.9052202191751,604.2417005451133,146.66351967406186,0.0,0.7072584437643477,0.7564102564102564,0.24358974358974358,7.746688468527093,167.0
pp_quantile_calibrated,HOUSEHOLD_2_120_TX_2,239.79726175445865,229.18325661729057,10.614005137168077,0.0,0.8989142367888755,0.9230769230769231,0.07692307692307693,2.9382468797088532,35.0
pp_quantile_calibrated,HOUSEHOLD_2_123_TX_1,310.8123302060532,281.7550812430563,29.057248962996958,0.0,0.7693869129920875,0.8846153846153846,0.11538461538461539,3.6122446313212344,42.0
pp_quantile_calibrated,HOUSEHOLD_2_129_CA_2,187.74881210583038,172.91719767077595,14.831614435054428,0.0,0.6468663229748947,0.9358974358974359,0.0641025641025641,2.216887149625333,14.0
pp_quantile_calibrated,HOUSEHOLD_2_138_CA_3,109.17015687614703,108.94764625672042,0.22251061942661554,0.0,0.9814574483811154,0.9871794871794872,0.01282051282051282,1.3967646955989796,4.0
pp_quantile_calibrated,HOUSEHOLD_2_139_TX_2,228.12578660464828,176.89231302482364,51.23347357982466,0.0,0.6366420313487613,0.8333333333333334,0.16666666666666666,2.2678501669849185,47.0
pp_quantile_calibrated,HOUSEHOLD_2_143_CA_1,225.34817391533778,205.58408337969604,19.764090535641735,0.0,0.700544082793307,0.9102564102564102,0.08974358974358974,2.6356933766627697,22.0
pp_quantile_calibrated,HOUSEHOLD_2_146_WI_1,359.34440091523373,299.77226525981825,59.572135655415494,0.0,0.5587249210709964,0.8205128205128205,0.1794871794871795,3.84323416999767,45.0
pp_quantile_calibrated,HOUSEHOLD_2_147_CA_3,147.6897371518045,147.6897371518045,0.0,0.0,1.0,1.0,0.0,1.8934581686128784,5.0
pp_quantile_calibrated,HOUSEHOLD_2_149_TX_1,121.12375758878123,119.67816628901664,1.4455912997645926,0.0,0.9196893722353003,0.9871794871794872,0.01282051282051282,1.534335465243803,6.0
pp_quantile_calibrated,HOUSEHOLD_2_150_CA_2,240.70631410783605,199.85733321309914,40.84898089473692,0.0,0.5873840313662938,0.8846153846153846,0.11538461538461539,2.5622735027320402,33.0
pp_quantile_calibrated,HOUSEHOLD_2_158_TX_3,175.87806556310082,175.87806556310082,0.0,0.0,1.0,1.0,0.0,2.2548469943987284,0.0
pp_quantile_calibrated,HOUSEHOLD_2_159_CA_2,320.9911421471638,298.4887907690858,22.502351378078025,0.0,0.8369394827675506,0.9358974358974359,0.0641025641025641,3.826779368834434,46.0
pp_quantile_calibrated,HOUSEHOLD_2_160_WI_1,252.19897630007645,232.20655784526,19.992418454816455,0.0,0.8374600125624679,0.9230769230769231,0.07692307692307693,2.9770071518623076,41.0
pp_quantile_calibrated,HOUSEHOLD_2_164_CA_1,383.0,368.0,15.0,0.0,0.5833333333333334,0.9358974358974359,0.0641025641025641,4.717948717948718,12.0
pp_quantile_calibrated,HOUSEHOLD_2_176_TX_2,1323.5388027438871,1013.5830039479564,309.9557987959306,0.0,0.5658882369804894,0.6538461538461539,0.34615384615384615,12.994653896768671,238.0
pp_quantile_calibrated,HOUSEHOLD_2_179_CA_1,230.72977467454754,220.80684125725716,9.92293341729039,0.0,0.8818698402703526,0.9615384615384616,0.038461538461538464,2.8308569391956047,28.0
pp_quantile_calibrated,HOUSEHOLD_2_184_WI_3,302.34248928331914,254.33872600578755,48.00376327753159,0.0,0.6521466429164378,0.8589743589743589,0.14102564102564102,3.260752897510097,46.0
pp_quantile_calibrated,HOUSEHOLD_2_190_WI_1,417.709463828527,390.81224616910123,26.89721765942579,0.0,0.7962331995498046,0.9358974358974359,0.0641025641025641,5.010413412424374,44.0
pp_quantile_calibrated,HOUSEHOLD_2_193_TX_1,337.93322252788346,317.6435183898683,20.289704138015196,0.0,0.6925802403331031,0.9102564102564102,0.08974358974358974,4.072352799870107,22.0
pp_quantile_calibrated,HOUSEHOLD_2_203_CA_1,417.60469922858476,287.94830331604425,129.65639591254055,0.0,0.40796166249981486,0.7435897435897436,0.2564102564102564,3.6916449143082595,73.0
pp_quantile_calibrated,HOUSEHOLD_2_207_WI_3,109.71040426250806,109.71040426250806,0.0,0.0,1.0,1.0,0.0,1.406543644391129,3.0
pp_quantile_calibrated,HOUSEHOLD_2_208_CA_3,115.24770380018714,107.112342078888,8.135361721299141,0.0,0.6986903066185504,0.9487179487179487,0.05128205128205128,1.3732351548575386,9.0
pp_quantile_calibrated,HOUSEHOLD_2_217_TX_1,437.2808542254812,350.23652801486094,87.04432621062026,0.0,0.68462200648326,0.782051282051282,0.21794871794871795,4.4902118976264225,92.0
pp_quantile_calibrated,HOUSEHOLD_2_218_CA_1,186.0,177.0,9.0,0.0,0.5,0.9743589743589743,0.02564102564102564,2.269230769230769,6.0
pp_quantile_calibrated,HOUSEHOLD_2_224_TX_1,105.8524254438887,97.29514911222262,8.557276331666083,0.0,0.5245957593518843,0.9615384615384616,0.038461538461538464,1.2473737065669566,6.0
pp_quantile_calibrated,HOUSEHOLD_2_226_TX_3,256.18474476874957,243.15099490723625,13.03374986151331,0.0,0.8448363111724607,0.9487179487179487,0.05128205128205128,3.11732044752867,28.0
pp_quantile_calibrated,HOUSEHOLD_2_226_WI_1,241.26403794878576,196.0086116951138,45.255426253671956,0.0,0.6132014850113509,0.8205128205128205,0.1794871794871795,2.512930919168126,39.0
pp_quantile_calibrated,HOUSEHOLD_2_234_WI_3,179.80740588415273,172.84911662759563,6.958289256557102,0.0,0.7422855830904777,0.9615384615384616,0.038461538461538464,2.2160143157384056,9.0
pp_quantile_calibrated,HOUSEHOLD_2_237_CA_2,150.44055351404413,145.07944958810887,5.361103925935266,0.0,0.8510804465017981,0.9743589743589743,0.02564102564102564,1.8599929434372933,12.0
pp_quantile_calibrated,HOUSEHOLD_2_238_CA_1,236.34824595110996,202.89521972701337,33.453026224096575,0.0,0.6282997086211493,0.8461538461538461,0.15384615384615385,2.6012207657309405,30.0
pp_quantile_calibrated,HOUSEHOLD_2_241_CA_2,197.43853518328467,182.55834848732206,14.880186695962603,0.0,0.7244409871118037,0.9615384615384616,0.038461538461538464,2.34049164727336,18.0
pp_quantile_calibrated,HOUSEHOLD_2_249_WI_1,356.0,356.0,0.0,0.0,1.0,1.0,0.0,4.564102564102564,7.0
pp_quantile_calibrated,HOUSEHOLD_2_257_TX_1,198.90969815352526,167.68223007910734,31.227468074417928,0.0,0.7186714587890277,0.8717948717948718,0.1282051282051282,2.149772180501376,37.0
pp_quantile_calibrated,HOUSEHOLD_2_259_CA_2,508.66356309676416,456.0682832370829,52.59527985968131,0.0,0.6869328579780875,0.8589743589743589,0.14102564102564102,5.8470292722702935,56.0
pp_quantile_calibrated,HOUSEHOLD_2_259_TX_3,151.6364448867759,145.3707972998286,6.26564758694729,0.0,0.8259542336959086,0.9615384615384616,0.038461538461538464,1.8637281705106232,12.0
pp_quantile_calibrated,HOUSEHOLD_2_260_WI_1,166.99043216636258,157.80341076360244,9.187021402760148,0.0,0.8086037207758303,0.9487179487179487,0.05128205128205128,2.023120650815416,16.0
pp_quantile_calibrated,HOUSEHOLD_2_263_TX_2,279.6443400467948,250.9665694921369,28.67777055465791,0.0,0.5654883249294257,0.9230769230769231,0.07692307692307693,3.2175201216940628,22.0
pp_quantile_calibrated,HOUSEHOLD_2_263_TX_3,215.57616586473466,211.42846046463117,4.147705400103492,0.0,0.7695719222164726,0.9743589743589743,0.02564102564102564,2.7106212880080918,6.0
pp_quantile_calibrated,HOUSEHOLD_2_264_WI_3,196.92541135393824,175.3559777445119,21.569433609426337,0.0,0.7885349646134673,0.9102564102564102,0.08974358974358974,2.2481535608270757,34.0
pp_quantile_calibrated,HOUSEHOLD_2_265_WI_1,218.97610110690198,192.43863843212532,26.53746267477665,0.0,0.6597761195541454,0.9358974358974359,0.0641025641025641,2.467162031181094,26.0
pp_quantile_calibrated,HOUSEHOLD_2_275_CA_2,337.7317328110003,298.4319221926556,39.29981061834473,0.0,0.727084648483717,0.8589743589743589,0.14102564102564102,3.826050284521225,48.0
pp_quantile_calibrated,HOUSEHOLD_2_280_TX_2,210.9138399744713,201.58300041768018,9.330839556791112,0.0,0.8963240049245431,0.9487179487179487,0.05128205128205128,2.58439744125231,30.0
pp_quantile_calibrated,HOUSEHOLD_2_280_WI_3,156.10095330269195,152.5590499794389,3.5419033232530643,0.0,0.9262103474322279,0.9743589743589743,0.02564102564102564,1.9558852561466524,16.0
pp_quantile_calibrated,HOUSEHOLD_2_288_TX_3,183.02560660006236,183.02560660006236,0.0,0.0,1.0,1.0,0.0,2.3464821358982353,13.0
pp_quantile_calibrated,HOUSEHOLD_2_294_CA_1,835.0454973181986,798.5899220266397,36.455575291558915,0.0,0.8915012640132175,0.9230769230769231,0.07692307692307693,10.238332333674867,112.0
pp_quantile_calibrated,HOUSEHOLD_2_294_WI_3,471.13301436819495,378.1128369047843,93.02017746341068,0.0,0.712900686841325,0.7692307692307693,0.23076923076923078,4.84760047313826,108.0
pp_quantile_calibrated,HOUSEHOLD_2_307_TX_1,104.90565377924418,103.79347326946652,1.1121805097776534,0.0,0.876424387802483,0.9871794871794872,0.01282051282051282,1.3306855547367502,3.0
pp_quantile_calibrated,HOUSEHOLD_2_308_WI_3,144.002761533286,116.37061348504027,27.632148048245732,0.0,0.4581931755245935,0.8974358974358975,0.10256410256410256,1.4919309421159008,17.0
pp_quantile_calibrated,HOUSEHOLD_2_311_TX_2,266.73151624532903,239.0306516109499,27.70086463437916,0.0,0.7632404732104345,0.8974358974358975,0.10256410256410256,3.0644955334737167,39.0
pp_quantile_calibrated,HOUSEHOLD_2_314_TX_1,171.42462161704574,148.93952448962924,22.48509712741652,0.0,0.6252483812097246,0.9230769230769231,0.07692307692307693,1.9094810832003748,20.0
pp_quantile_calibrated,HOUSEHOLD_2_316_CA_4,118.28046509958489,110.57085938293947,7.709605716645415,0.0,0.8572295237658256,0.9615384615384616,0.038461538461538464,1.4175751202940958,18.0
pp_quantile_calibrated,HOUSEHOLD_2_326_TX_2,159.62835088875872,150.89214244074228,8.73620844801643,0.0,0.8058620344885237,0.9487179487179487,0.05128205128205128,1.9345146466761831,15.0
pp_quantile_calibrated,HOUSEHOLD_2_330_CA_2,195.43739472861836,192.28830771767554,3.149087010942817,0.0,0.934394020605358,0.9743589743589743,0.02564102564102564,2.4652347143291737,16.0
pp_quantile_calibrated,HOUSEHOLD_2_333_WI_2,232.25321285425406,227.3678598904651,4.885352963788958,0.0,0.9042087654159028,0.9615384615384616,0.038461538461538464,2.9149725626982703,17.0
pp_quantile_calibrated,HOUSEHOLD_2_337_CA_2,161.80557793473474,146.98502456695735,14.82055336777739,0.0,0.8099929055413155,0.9230769230769231,0.07692307692307693,1.8844233918840685,26.0
pp_quantile_calibrated,HOUSEHOLD_2_338_WI_3,290.4841263455425,278.3366855715112,12.147440774031306,0.0,0.6318957341202635,0.9615384615384616,0.038461538461538464,3.5684190457886054,11.0
pp_quantile_calibrated,HOUSEHOLD_2_342_CA_1,294.36159354276333,243.22768173054976,51.13391181221357,0.0,0.6294644071578727,0.8076923076923077,0.19230769230769232,3.1183036119301253,46.0
pp_quantile_calibrated,HOUSEHOLD_2_345_CA_1,281.888102421857,256.0172638240316,25.870838597825404,0.0,0.7844096783514549,0.9358974358974359,0.0641025641025641,3.2822726131286104,40.0
pp_quantile_calibrated,HOUSEHOLD_2_346_TX_3,374.713071893982,304.59457774428944,70.11849414969254,0.0,0.7282228908926646,0.8846153846153846,0.11538461538461539,3.9050586890293517,86.0
pp_quantile_calibrated,HOUSEHOLD_2_348_TX_1,346.6639855260585,292.4924902569808,54.17149526907774,0.0,0.7344534545633445,0.8461538461538461,0.15384615384615385,3.749903721243343,68.0
pp_quantile_calibrated,HOUSEHOLD_2_354_TX_1,192.84518015710205,169.70770518526615,23.137474971835914,0.0,0.6494321973964254,0.8974358974358975,0.10256410256410256,2.175739810067515,22.0
pp_quantile_calibrated,HOUSEHOLD_2_354_TX_2,409.7641725654411,345.1481929638191,64.61597960162194,0.0,0.5692268026558537,0.8589743589743589,0.14102564102564102,4.424976832869476,50.0
pp_quantile_calibrated,HOUSEHOLD_2_355_CA_3,223.8244126089978,214.22241745024283,9.60199515875495,0.0,0.8896322395545407,0.9358974358974359,0.0641025641025641,2.7464412493620878,29.0
pp_quantile_calibrated,HOUSEHOLD_2_355_TX_2,167.79523951145586,161.92048837212116,5.874751139334714,0.0,0.9067499819153222,0.9487179487179487,0.05128205128205128,2.0759036970784766,21.0
pp_quantile_calibrated,HOUSEHOLD_2_358_CA_4,131.83107781423803,131.83107781423803,0.0,0.0,1.0,1.0,0.0,1.690142023259462,1.0
pp_quantile_calibrated,HOUSEHOLD_2_358_WI_2,149.81468628645572,143.54630759193586,6.268378694519865,0.0,0.8694087771975028,0.9615384615384616,0.038461538461538464,1.8403372768196904,16.0
pp_quantile_calibrated,HOUSEHOLD_2_370_TX_2,155.89548837494243,146.46366601452854,9.431822360413875,0.0,0.8633069223128425,0.9615384615384616,0.038461538461538464,1.8777393078785711,23.0
pp_quantile_calibrated,HOUSEHOLD_2_373_WI_3,147.5629013423502,146.90995093319603,0.6529504091541583,0.0,0.9782349863615281,0.9871794871794872,0.01282051282051282,1.883460909399949,10.0
pp_quantile_calibrated,HOUSEHOLD_2_382_TX_3,277.1886352943662,260.230498507951,16.958136786415213,0.0,0.8685415752991069,0.8974358974358975,0.10256410256410256,3.336288442409628,43.0
pp_quantile_calibrated,HOUSEHOLD_2_385_WI_1,176.4418682190891,169.98187234187733,6.459995877211761,0.0,0.8564445360619609,0.9615384615384616,0.038461538461538464,2.179254773613812,15.0
pp_quantile_calibrated,HOUSEHOLD_2_392_CA_4,121.09270083328505,110.47763210982299,10.615068723462052,0.0,0.6461643758845983,0.9487179487179487,0.05128205128205128,1.4163798988438845,10.0
pp_quantile_calibrated,HOUSEHOLD_2_396_TX_3,143.2367295614053,111.47361185170408,31.763117709701234,0.0,0.4958235284174407,0.8846153846153846,0.11538461538461539,1.429148869893642,21.0
pp_quantile_calibrated,HOUSEHOLD_2_396_WI_2,121.56251420847272,114.15339841908393,7.409115789388791,0.0,0.5883824561450671,0.9743589743589743,0.02564102564102564,1.4635051079369734,6.0
pp_quantile_calibrated,HOUSEHOLD_2_397_WI_2,134.2154463082345,132.8457182148755,1.3697280933590048,0.0,0.8858559922200829,0.9871794871794872,0.01282051282051282,1.7031502335240447,4.0
pp_quantile_calibrated,HOUSEHOLD_2_401_TX_3,377.99217017978026,285.58263538955504,92.40953479022521,0.0,0.6197138485998962,0.7948717948717948,0.20512820512820512,3.6613158383276287,81.0
pp_quantile_calibrated,HOUSEHOLD_2_405_CA_4,194.4558018665153,186.75047698423742,7.705324882277864,0.0,0.7431558372574045,0.9615384615384616,0.038461538461538464,2.3942368844133,10.0
pp_quantile_calibrated,HOUSEHOLD_2_412_CA_1,203.0905478493417,198.21828049822156,4.872267351120135,0.0,0.7293184804933258,0.9743589743589743,0.02564102564102564,2.5412600063874557,6.0
pp_quantile_calibrated,HOUSEHOLD_2_417_TX_1,101.19868218043877,93.78981463875687,7.408867541681894,0.0,0.506075497221207,0.9615384615384616,0.038461538461538464,1.2024335210097035,5.0
pp_quantile_calibrated,HOUSEHOLD_2_418_CA_2,204.00428677213998,202.3295718103688,1.6747149617711754,0.0,0.973417222829029,0.9871794871794872,0.01282051282051282,2.5939688693637026,21.0
pp_quantile_calibrated,HOUSEHOLD_2_420_CA_3,342.1530477047404,292.74053881933486,49.41250888540554,0.0,0.5424767695795782,0.9102564102564102,0.08974358974358974,3.7530838310171135,36.0
pp_quantile_calibrated,HOUSEHOLD_2_424_CA_1,185.670625560064,159.8914340963065,25.779191463757495,0.0,0.6094061899430682,0.8846153846153846,0.11538461538461539,2.0498901807218783,22.0
pp_quantile_calibrated,HOUSEHOLD_2_424_CA_4,171.7185639648846,156.36742302620937,15.351140938675233,0.0,0.48829530204415894,0.9487179487179487,0.05128205128205128,2.0047105516180688,10.0
pp_quantile_calibrated,HOUSEHOLD_2_428_CA_4,82.94597565181647,82.94597565181647,0.0,0.0,1.0,1.0,0.0,1.0634099442540572,0.0
pp_quantile_calibrated,HOUSEHOLD_2_429_WI_3,134.2861042891513,126.29206728211732,7.994037007033988,0.0,0.7335320997655337,0.9487179487179487,0.05128205128205128,1.6191290677194528,10.0
pp_quantile_calibrated,HOUSEHOLD_2_432_TX_3,206.75489886018715,197.11521127944803,9.639687580739126,0.0,0.8809915113488997,0.9487179487179487,0.05128205128205128,2.5271180933262567,27.0
pp_quantile_calibrated,HOUSEHOLD_2_436_CA_2,336.74771222941,323.9560557512902,12.791656478119798,0.0,0.8877924870340369,0.9615384615384616,0.038461538461538464,4.153282766042182,38.0
pp_quantile_calibrated,HOUSEHOLD_2_440_TX_2,847.2935293375947,708.8751920327805,138.4183373048142,0.0,0.6903392901458295,0.8076923076923077,0.19230769230769232,9.088143487599751,149.0
pp_quantile_calibrated,HOUSEHOLD_2_445_WI_2,126.07894472705509,126.07894472705509,0.0,0.0,1.0,1.0,0.0,1.616396727269937,2.0
pp_quantile_calibrated,HOUSEHOLD_2_446_CA_3,132.7864994223475,125.45637583735657,7.330123584990933,0.0,0.8120481132053607,0.9743589743589743,0.02564102564102564,1.608415074837905,13.0
pp_quantile_calibrated,HOUSEHOLD_2_451_TX_1,429.520248734726,347.840524911692,81.67972382303404,0.0,0.735664324197301,0.7564102564102564,0.24358974358974358,4.459493909124256,103.0
pp_quantile_calibrated,HOUSEHOLD_2_451_WI_2,428.5690141609904,371.9299566146094,56.639057546381,0.0,0.7829921166805325,0.8717948717948718,0.1282051282051282,4.768332777110377,87.0
pp_quantile_calibrated,HOUSEHOLD_2_459_WI_3,112.88421366086003,110.49069842284163,2.3935152380183933,0.0,0.9002701984159003,0.9871794871794872,0.01282051282051282,1.416547415677457,8.0
pp_quantile_calibrated,HOUSEHOLD_2_462_CA_4,162.12235325877188,150.50472811060703,11.617625148164844,0.0,0.6479507530859139,0.9358974358974359,0.0641025641025641,1.9295477962898337,11.0
pp_quantile_calibrated,HOUSEHOLD_2_462_TX_2,138.67061160364688,123.44454807507901,15.226063528567856,0.0,0.6095881146521063,0.9230769230769231,0.07692307692307693,1.5826224112189617,13.0
pp_quantile_calibrated,HOUSEHOLD_2_465_CA_1,414.0144133991525,356.1065358261317,57.90787757302083,0.0,0.7806519788900725,0.8333333333333334,0.16666666666666666,4.565468408027329,88.0
pp_quantile_calibrated,HOUSEHOLD_2_468_TX_2,266.1384254113381,217.17987995332345,48.95854545801468,0.0,0.6114401154125818,0.8333333333333334,0.16666666666666666,2.7843574352990186,42.0
pp_quantile_calibrated,HOUSEHOLD_2_470_WI_2,374.5497118990237,325.0280232252486,49.52168867377512,0.0,0.62483569186534,0.8589743589743589,0.14102564102564102,4.167025938785239,44.0
pp_quantile_calibrated,HOUSEHOLD_2_475_CA_3,247.6134386070588,239.8696408376626,7.743797769396226,0.0,0.8709367038433962,0.9615384615384616,0.038461538461538464,3.075251805611059,20.0
pp_quantile_calibrated,HOUSEHOLD_2_476_WI_2,179.8932934673638,154.17693552130956,25.716357946054245,0.0,0.5488358255078203,0.8846153846153846,0.11538461538461539,1.9766273784783277,19.0
pp_quantile_calibrated,HOUSEHOLD_2_478_TX_2,121.27839695205215,105.92360657090585,15.354790381146296,0.0,0.6062874261244539,0.9230769230769231,0.07692307692307693,1.3579949560372544,13.0
pp_quantile_calibrated,HOUSEHOLD_2_480_TX_1,210.59644891843854,206.79127540121524,3.8051735172232877,0.0,0.9154405885061492,0.9871794871794872,0.01282051282051282,2.6511701974514774,15.0
pp_quantile_calibrated,HOUSEHOLD_2_483_TX_1,468.2457897313173,378.66758025245315,89.57820947886417,0.0,0.6953122126569246,0.7692307692307693,0.23076923076923078,4.854712567339143,98.0
pp_quantile_calibrated,HOUSEHOLD_2_488_WI_3,135.12783156702432,125.2718108578871,9.856020709137201,0.0,0.765332840258638,0.9487179487179487,0.05128205128205128,1.6060488571523988,14.0
pp_quantile_calibrated,HOUSEHOLD_2_490_WI_1,470.58119378562185,350.04030238741655,120.54089139820532,0.0,0.6836197076162589,0.7435897435897436,0.2564102564102564,4.487696184454058,127.0
pp_quantile_calibrated,HOUSEHOLD_2_491_TX_3,285.7377400399098,256.54234295437016,29.195397085539668,0.0,0.7504666915765841,0.8974358974358975,0.10256410256410256,3.2890043968508995,39.0
pp_quantile_calibrated,HOUSEHOLD_2_505_CA_4,166.95612258585635,166.65454237653913,0.30158020931723284,0.0,0.9888303626178803,0.9871794871794872,0.01282051282051282,2.136596697135117,9.0
pp_quantile_calibrated,HOUSEHOLD_2_507_CA_1,431.75569577561976,381.42074593650005,50.334949839119716,0.0,0.749577363984479,0.8461538461538461,0.15384615384615385,4.890009563288462,67.0
pp_quantile_calibrated,HOUSEHOLD_2_509_TX_1,177.1888641898926,168.63732123825307,8.551542951639544,0.0,0.9208190467440782,0.9487179487179487,0.05128205128205128,2.1620169389519623,36.0
pp_quantile_calibrated,HOUSEHOLD_2_509_WI_1,126.20751201467871,114.98423606321018,11.223275951468544,0.0,0.532363502022144,0.9743589743589743,0.02564102564102564,1.4741568726052587,8.0
pp_quantile_calibrated,HOUSEHOLD_2_509_WI_2,117.80245354695305,108.07176098700191,9.730692559951132,0.0,0.7683168438106873,0.9358974358974359,0.0641025641025641,1.3855353972692552,14.0
pp_quantile_calibrated,HOUSEHOLD_2_510_CA_2,370.7953334755342,331.8787508133226,38.916582662211596,0.0,0.7724176452502247,0.8974358974358975,0.10256410256410256,4.254855779657982,57.0
