model,series_id,total_cost,holding_cost,stockout_cost,ordering_cost,fill_rate,cycle_service_level,stockout_rate,average_on_hand,total_demand
point_gbdt_safety,FOODS_1_008_CA_1,2449.0929165095563,2449.0929165095563,0.0,0.0,1.0,1.0,0.0,31.3986271347379,25.0
point_gbdt_safety,FOODS_1_010_CA_3,2332.53415889648,2332.53415889648,0.0,0.0,1.0,1.0,0.0,29.904284088416414,44.0
point_gbdt_safety,FOODS_1_010_WI_3,2556.6380667297867,2556.6380667297867,0.0,0.0,1.0,1.0,0.0,32.777411111920344,55.0
point_gbdt_safety,FOODS_1_013_WI_1,2651.647069580823,2651.647069580823,0.0,0.0,1.0,1.0,0.0,33.99547525103619,125.0
point_gbdt_safety,FOODS_1_014_WI_3,2356.4629051190655,2356.4629051190655,0.0,0.0,1.0,1.0,0.0,30.211062886141864,87.0
point_gbdt_safety,FOODS_1_022_WI_3,2589.9824623975005,2589.9824623975005,0.0,0.0,1.0,1.0,0.0,33.20490336407052,1.0
point_gbdt_safety,FOODS_1_024_TX_1,2429.5205298005903,2429.5205298005903,0.0,0.0,1.0,1.0,0.0,31.147699100007568,53.0
point_gbdt_safety,FOODS_1_025_TX_1,2438.6395738978713,2438.6395738978713,0.0,0.0,1.0,1.0,0.0,31.26460992176758,44.0
point_gbdt_safety,FOODS_1_025_WI_1,2847.6250573229636,2847.6250573229636,0.0,0.0,1.0,1.0,0.0,36.50801355542261,33.0
point_gbdt_safety,FOODS_1_032_CA_2,3140.0551166723603,2681.008812581951,459.04630409040914,0.0,0.8654217812693025,0.8846153846153846,0.11538461538461539,34.37190785361476,379.0
point_gbdt_safety,FOODS_1_040_TX_1,2684.102342910489,2684.102342910489,0.0,0.0,1.0,1.0,0.0,34.411568498852425,41.0
point_gbdt_safety,FOODS_1_043_CA_3,22698.60264844221,22698.60264844221,0.0,0.0,1.0,1.0,0.0,291.00772626207964,42.0
point_gbdt_safety,FOODS_1_045_CA_3,3162.5018511429043,3162.5018511429043,0.0,0.0,1.0,1.0,0.0,40.54489552747313,133.0
point_gbdt_safety,FOODS_1_045_WI_2,2579.408374202559,2579.408374202559,0.0,0.0,1.0,1.0,0.0,33.06933813080204,108.0
point_gbdt_safety,FOODS_1_046_WI_3,3851.6109579820836,3681.0898562208617,170.5211017612217,0.0,0.9298267070941475,0.9230769230769231,0.07692307692307693,47.19345969513925,270.0
point_gbdt_safety,FOODS_1_047_TX_2,3141.0841312425296,3141.0841312425296,0.0,0.0,1.0,1.0,0.0,40.27030937490422,62.0
point_gbdt_safety,FOODS_1_054_CA_1,2136.941629677947,2011.2683565845427,125.67327309340403,0.0,0.8957933058926998,0.9615384615384616,0.038461538461538464,25.78549175108388,134.0
point_gbdt_safety,FOODS_1_054_TX_3,2385.0066124041637,2385.0066124041637,0.0,0.0,1.0,1.0,0.0,30.57700785133543,35.0
point_gbdt_safety,FOODS_1_055_WI_2,3921.2377868047197,3716.476939517882,204.76084728683765,0.0,0.8327117260728452,0.9102564102564102,0.08974358974358974,47.647140250229256,136.0
point_gbdt_safety,FOODS_1_056_WI_1,3186.410731900902,3186.410731900902,0.0,0.0,1.0,1.0,0.0,40.85141963975516,1.0
point_gbdt_safety,FOODS_1_057_CA_2,3732.596657568087,3732.596657568087,0.0,0.0,1.0,1.0,0.0,47.85380330215496,3.0
point_gbdt_safety,FOODS_1_060_CA_4,2391.3599186717383,2391.3599186717383,0.0,0.0,1.0,1.0,0.0,30.658460495791516,39.0
point_gbdt_safety,FOODS_1_062_TX_2,2289.708299506472,2289.708299506472,0.0,0.0,1.0,1.0,0.0,29.355234609057334,47.0
point_gbdt_safety,FOODS_1_064_WI_3,2461.7750734250467,2461.7750734250467,0.0,0.0,1.0,1.0,0.0,31.5612188900647,18.0
point_gbdt_safety,FOODS_1_066_WI_1,2249.316786811451,2243.218309558366,6.098477253085065,0.0,0.9959666155733564,0.9871794871794872,0.01282051282051282,28.75920909690213,168.0
point_gbdt_safety,FOODS_1_069_CA_3,3211.5043188160193,2928.896932538811,282.6073862772083,0.0,0.9030838867362112,0.9615384615384616,0.038461538461538464,37.5499606735745,324.0
point_gbdt_safety,FOODS_1_078_TX_2,2480.7576444972533,2480.7576444972533,0.0,0.0,1.0,1.0,0.0,31.804585185862223,43.0
point_gbdt_safety,FOODS_1_081_WI_1,2309.268403309605,2309.268403309605,0.0,0.0,1.0,1.0,0.0,29.606005170635964,67.0
point_gbdt_safety,FOODS_1_083_WI_3,3717.0080397614206,3717.0080397614206,0.0,0.0,1.0,1.0,0.0,47.65394922771052,92.0
point_gbdt_safety,FOODS_1_085_CA_4,3240.4072296014792,2496.4899901457634,743.917239455716,0.0,0.8805527874990823,0.7948717948717948,0.20512820512820512,32.00628192494568,692.0
point_gbdt_safety,FOODS_1_086_CA_2,2650.5783212406027,2650.5783212406027,0.0,0.0,1.0,1.0,0.0,33.981773349238495,195.0
point_gbdt_safety,FOODS_1_086_WI_2,2251.609087727686,2026.6475437697945,224.9615439578917,0.0,0.9012026596583699,0.9102564102564102,0.08974358974358974,25.98266081756147,253.0
point_gbdt_safety,FOODS_1_089_CA_1,2470.1705817111056,2470.1705817111056,0.0,0.0,1.0,1.0,0.0,31.66885361168084,32.0
point_gbdt_safety,FOODS_1_091_TX_3,2881.841715027535,2881.841715027535,0.0,0.0,1.0,1.0,0.0,36.946688654199164,4.0
point_gbdt_safety,FOODS_1_094_WI_1,2197.843830013844,2197.843830013844,0.0,0.0,1.0,1.0,0.0,28.177485000177487,66.0
point_gbdt_safety,FOODS_1_098_CA_2,2480.867188999881,2480.867188999881,0.0,0.0,1.0,1.0,0.0,31.805989602562576,13.0
point_gbdt_safety,FOODS_1_098_TX_1,2126.889827877647,2126.889827877647,0.0,0.0,1.0,1.0,0.0,27.26781830612368,59.0
point_gbdt_safety,FOODS_1_099_CA_2,4701.631226447013,3596.3887612286626,1105.242465218351,0.0,0.8183362154473451,0.8076923076923077,0.19230769230769232,46.10754822088029,676.0
point_gbdt_safety,FOODS_1_099_TX_1,4350.522026764528,3461.9562717831864,888.5657549813416,0.0,0.7519358584641704,0.782051282051282,0.21794871794871795,44.38405476645111,398.0
point_gbdt_safety,FOODS_1_101_CA_1,4664.031576657924,4664.031576657924,0.0,0.0,1.0,1.0,0.0,59.79527662381954,0.0
point_gbdt_safety,FOODS_1_102_TX_2,2213.927386079326,2213.927386079326,0.0,0.0,1.0,1.0,0.0,28.383684436914436,68.0
point_gbdt_safety,FOODS_1_106_CA_1,2310.4615729888556,2310.4615729888556,0.0,0.0,1.0,1.0,0.0,29.62130221780584,109.0
point_gbdt_safety,FOODS_1_107_TX_2,2562.2696425193885,2562.2696425193885,0.0,0.0,1.0,1.0,0.0,32.84961080153062,28.0
point_gbdt_safety,FOODS_1_111_WI_2,2423.627235381041,2423.627235381041,0.0,0.0,1.0,1.0,0.0,31.07214404334668,9.0
point_gbdt_safety,FOODS_1_119_WI_1,2197.3793811530945,2197.3793811530945,0.0,0.0,1.0,1.0,0.0,28.171530527603775,64.0
point_gbdt_safety,FOODS_1_122_WI_3,2189.0518013076253,2189.0518013076253,0.0,0.0,1.0,1.0,0.0,28.064766683431092,101.0
point_gbdt_safety,FOODS_1_131_CA_1,2231.8576056938814,2231.8576056938814,0.0,0.0,1.0,1.0,0.0,28.613559047357455,58.0
point_gbdt_safety,FOODS_1_132_WI_3,2131.7076463088633,2131.7076463088633,0.0,0.0,1.0,1.0,0.0,27.32958520908799,53.0
point_gbdt_safety,FOODS_1_134_CA_2,2170.4612148940755,2170.4612148940755,0.0,0.0,1.0,1.0,0.0,27.826425831975328,65.0
point_gbdt_safety,FOODS_1_139_TX_3,1831.8234799880156,1568.2751468846586,263.5483331033569,0.0,0.8425637197709935,0.8974358974358975,0.10256410256410256,20.106091626726393,186.0
point_gbdt_safety,FOODS_1_143_CA_1,3069.4620899500424,2896.2763227990627,173.1857671509798,0.0,0.8448156208324553,0.8974358974358975,0.10256410256410256,37.13174772819311,124.0
point_gbdt_safety,FOODS_1_143_WI_2,3087.348405148205,3087.348405148205,0.0,0.0,1.0,1.0,0.0,39.58138980959237,34.0
point_gbdt_safety,FOODS_1_147_TX_2,2340.0408706947533,2340.0408706947533,0.0,0.0,1.0,1.0,0.0,30.000523983266067,35.0
point_gbdt_safety,FOODS_1_149_CA_3,2508.938399823148,2508.938399823148,0.0,0.0,1.0,1.0,0.0,32.16587692080959,131.0
point_gbdt_safety,FOODS_1_156_TX_3,2291.349580076526,2291.349580076526,0.0,0.0,1.0,1.0,0.0,29.37627666764777,48.0
point_gbdt_safety,FOODS_1_159_CA_4,2915.9604867228386,2915.9604867228386,0.0,0.0,1.0,1.0,0.0,37.384108804138954,14.0
point_gbdt_safety,FOODS_1_161_CA_4,6599.506013799692,6216.670860670412,382.83515312927966,0.0,0.8632243111363774,0.8846153846153846,0.11538461538461539,79.7009084701335,311.0
point_gbdt_safety,FOODS_1_161_WI_3,3901.9876048513174,3464.5429414256964,437.4446634256212,0.0,0.9003996667974451,0.8846153846153846,0.11538461538461539,44.41721719776534,488.0
point_gbdt_safety,FOODS_1_168_WI_1,2392.179934396752,2392.179934396752,0.0,0.0,1.0,1.0,0.0,30.668973517907073,32.0
point_gbdt_safety,FOODS_1_174_TX_2,2356.7439060008896,2356.7439060008896,0.0,0.0,1.0,1.0,0.0,30.214665461549867,33.0
point_gbdt_safety,FOODS_1_175_CA_3,2787.2364115582186,2787.2364115582186,0.0,0.0,1.0,1.0,0.0,35.73380014818229,84.0
point_gbdt_safety,FOODS_1_183_CA_2,2711.68165183777,2711.68165183777,0.0,0.0,1.0,1.0,0.0,34.76514938253551,139.0
point_gbdt_safety,FOODS_1_183_CA_4,2279.8516239364467,2279.8516239364467,0.0,0.0,1.0,1.0,0.0,29.22886697354419,91.0
point_gbdt_safety,FOODS_1_185_WI_1,2368.198782051832,2368.198782051832,0.0,0.0,1.0,1.0,0.0,30.36152284681836,125.0
point_gbdt_safety,FOODS_1_191_TX_1,2152.8283959109785,2152.8283959109785,0.0,0.0,1.0,1.0,0.0,27.60036405014075,40.0
point_gbdt_safety,FOODS_1_192_CA_4,3392.6504544749328,3392.6504544749328,0.0,0.0,1.0,1.0,0.0,43.49551864711452,3.0
point_gbdt_safety,FOODS_1_203_WI_1,2795.180296994587,2795.180296994587,0.0,0.0,1.0,1.0,0.0,35.835644833263935,54.0
point_gbdt_safety,FOODS_1_207_CA_4,1875.8165365289183,1875.8165365289183,0.0,0.0,1.0,1.0,0.0,24.048929955498952,101.0
point_gbdt_safety,FOODS_1_208_WI_3,2262.5138528347334,2262.5138528347334,0.0,0.0,1.0,1.0,0.0,29.006587856855557,83.0
point_gbdt_safety,FOODS_1_209_CA_4,3049.1136711785934,3049.1136711785934,0.0,0.0,1.0,1.0,0.0,39.09120091254607,1.0
point_gbdt_safety,FOODS_1_214_TX_3,2763.2345755432816,2763.2345755432816,0.0,0.0,1.0,1.0,0.0,35.426084301836944,19.0
point_gbdt_safety,FOODS_1_215_CA_1,2300.180105534595,2288.6895625673046,11.490542967290558,0.0,0.9882869082902236,0.9871794871794872,0.01282051282051282,29.342173879068007,109.0
point_gbdt_safety,FOODS_2_001_TX_1,2381.89176199327,2381.89176199327,0.0,0.0,1.0,1.0,0.0,30.53707387170859,85.0
point_gbdt_safety,FOODS_2_002_CA_3,2350.6768881159155,2350.6768881159155,0.0,0.0,1.0,1.0,0.0,30.136883180973275,90.0
point_gbdt_safety,FOODS_2_004_CA_1,2192.8615420772994,2192.8615420772994,0.0,0.0,1.0,1.0,0.0,28.113609513811532,108.0
point_gbdt_safety,FOODS_2_009_CA_1,2348.6709112761387,2348.6709112761387,0.0,0.0,1.0,1.0,0.0,30.111165529181264,77.0
point_gbdt_safety,FOODS_2_009_WI_1,2456.765122353221,2450.5574807416215,6.207641611599634,0.0,0.9952431865045214,0.9871794871794872,0.01282051282051282,31.417403599251557,145.0
point_gbdt_safety,FOODS_2_012_CA_3,2689.3646930088385,2689.3646930088385,0.0,0.0,1.0,1.0,0.0,34.47903452575434,28.0
point_gbdt_safety,FOODS_2_014_CA_3,2497.616937025067,2497.616937025067,0.0,0.0,1.0,1.0,0.0,32.02072996185983,98.0
point_gbdt_safety,FOODS_2_014_TX_1,2452.1843703762806,2452.1843703762806,0.0,0.0,1.0,1.0,0.0,31.438261158670265,29.0
point_gbdt_safety,FOODS_2_015_CA_1,2603.0980647782535,2603.0980647782535,0.0,0.0,1.0,1.0,0.0,33.373052112541714,61.0
point_gbdt_safety,FOODS_2_017_WI_1,2264.1267687357235,2264.1267687357235,0.0,0.0,1.0,1.0,0.0,29.02726626584261,45.0
point_gbdt_safety,FOODS_2_017_WI_3,2525.380885165861,2525.380885165861,0.0,0.0,1.0,1.0,0.0,32.37667801494693,2.0
point_gbdt_safety,FOODS_2_024_CA_4,2374.6074031371663,2374.6074031371663,0.0,0.0,1.0,1.0,0.0,30.443684655604695,64.0
point_gbdt_safety,FOODS_2_024_TX_2,2736.233388732729,2736.233388732729,0.0,0.0,1.0,1.0,0.0,35.079915240163196,37.0
point_gbdt_safety,FOODS_2_029_TX_3,3444.8022363891105,3027.484520436842,417.31771595226826,0.0,0.8313867814334269,0.9230769230769231,0.07692307692307693,38.81390410816464,275.0
point_gbdt_safety,FOODS_2_031_TX_1,3700.4905758369136,3700.4905758369136,0.0,0.0,1.0,1.0,0.0,47.442186869704024,9.0
point_gbdt_safety,FOODS_2_034_WI_3,2636.997907329126,2636.997907329126,0.0,0.0,1.0,1.0,0.0,33.80766547857854,91.0
point_gbdt_safety,FOODS_2_043_TX_2,2373.401298820957,2373.401298820957,0.0,0.0,1.0,1.0,0.0,30.42822177975586,28.0
point_gbdt_safety,FOODS_2_045_TX_1,3619.639763382194,3619.639763382194,0.0,0.0,1.0,1.0,0.0,46.405637992079406,16.0
point_gbdt_safety,FOODS_2_046_CA_3,2554.7555603612523,2554.7555603612523,0.0,0.0,1.0,1.0,0.0,32.75327641488785,19.0
point_gbdt_safety,FOODS_2_047_CA_4,2305.848870139575,2305.848870139575,0.0,0.0,1.0,1.0,0.0,29.562165001789424,73.0
point_gbdt_safety,FOODS_2_047_WI_3,2486.6527989412352,2486.6527989412352,0.0,0.0,1.0,1.0,0.0,31.880164088990195,73.0
point_gbdt_safety,FOODS_2_051_WI_3,2212.388372356838,2212.388372356838,0.0,0.0,1.0,1.0,0.0,28.36395349175433,74.0
point_gbdt_safety,FOODS_2_055_TX_1,2323.220166349683,2323.220166349683,0.0,0.0,1.0,1.0,0.0,29.78487392756004,95.0
point_gbdt_safety,FOODS_2_067_CA_2,5018.560137704385,5018.560137704385,0.0,0.0,1.0,1.0,0.0,64.34051458595366,15.0
point_gbdt_safety,FOODS_2_067_WI_3,3202.305109954443,3202.305109954443,0.0,0.0,1.0,1.0,0.0,41.05519371736466,0.0
point_gbdt_safety,FOODS_2_082_TX_3,2508.605050922121,2508.605050922121,0.0,0.0,1.0,1.0,0.0,32.16160321695027,202.0
point_gbdt_safety,FOODS_2_084_WI_1,2389.6774937526416,2389.6774937526416,0.0,0.0,1.0,1.0,0.0,30.636890945546686,70.0
point_gbdt_safety,FOODS_2_085_TX_2,2276.6123830458587,2276.6123830458587,0.0,0.0,1.0,1.0,0.0,29.187338244177674,37.0
point_gbdt_safety,FOODS_2_087_WI_3,2858.593029523363,2858.593029523363,0.0,0.0,1.0,1.0,0.0,36.648628583632856,18.0
point_gbdt_safety,FOODS_2_100_WI_3,2079.137162375171,2049.0256013267976,30.111561048373325,0.0,0.9757555869175739,0.9743589743589743,0.02564102564102564,26.269558991369202,138.0
point_gbdt_safety,FOODS_2_101_WI_1,2386.8131220523464,2386.8131220523464,0.0,0.0,1.0,1.0,0.0,30.60016823144034,94.0
point_gbdt_safety,FOODS_2_104_CA_2,2379.9736489305637,2379.9736489305637,0.0,0.0,1.0,1.0,0.0,30.51248267859697,65.0
point_gbdt_safety,FOODS_2_105_TX_3,2526.8055292559575,2526.8055292559575,0.0,0.0,1.0,1.0,0.0,32.394942682768686,53.0
point_gbdt_safety,FOODS_2_107_CA_1,2432.534701667794,2432.534701667794,0.0,0.0,1.0,1.0,0.0,31.18634232907428,83.0
point_gbdt_safety,FOODS_2_107_CA_3,2864.6711771105074,2781.5523196766153,83.11885743389217,0.0,0.9223913562708757,0.9230769230769231,0.07692307692307693,35.66092717534122,119.0
point_gbdt_safety,FOODS_2_108_TX_1,2347.315253352277,2347.315253352277,0.0,0.0,1.0,1.0,0.0,30.093785299388166,42.0
point_gbdt_safety,FOODS_2_108_WI_2,2357.6435489108358,2357.6435489108358,0.0,0.0,1.0,1.0,0.0,30.226199345010716,138.0
point_gbdt_safety,FOODS_2_116_TX_3,2655.373984070974,2655.373984070974,0.0,0.0,1.0,1.0,0.0,34.04325620603813,76.0
point_gbdt_safety,FOODS_2_117_WI_2,3925.6605713901267,3877.090709113778,48.56986227634897,0.0,0.9760148828264943,0.9743589743589743,0.02564102564102564,49.70629114248433,225.0
point_gbdt_safety,FOODS_2_118_CA_2,2170.001672161258,2170.001672161258,0.0,0.0,1.0,1.0,0.0,27.820534258477664,39.0
point_gbdt_safety,FOODS_2_118_CA_4,2010.7533822793102,2010.7533822793102,0.0,0.0,1.0,1.0,0.0,25.778889516401414,52.0
point_gbdt_safety,FOODS_2_124_CA_4,2484.759045439043,2484.759045439043,0.0,0.0,1.0,1.0,0.0,31.85588519793645,21.0
point_gbdt_safety,FOODS_2_124_WI_2,2493.4446954007353,2493.4446954007353,0.0,0.0,1.0,1.0,0.0,31.96723968462481,18.0
point_gbdt_safety,FOODS_2_128_TX_3,13400.614719358993,12766.981600801268,633.6331185577246,0.0,0.7873000609071082,0.8717948717948718,0.1282051282051282,163.67925129232395,331.0
point_gbdt_safety,FOODS_2_129_TX_2,2826.9024941389466,2826.9024941389466,0.0,0.0,1.0,1.0,0.0,36.24233966844803,16.0
point_gbdt_safety,FOODS_2_130_WI_2,2314.6361305604005,2314.6361305604005,0.0,0.0,1.0,1.0,0.0,29.6748221866718,218.0
point_gbdt_safety,FOODS_2_132_TX_2,2418.292459960788,2418.292459960788,0.0,0.0,1.0,1.0,0.0,31.00374948667677,0.0
point_gbdt_safety,FOODS_2_133_TX_2,2140.661535597499,2140.661535597499,0.0,0.0,1.0,1.0,0.0,27.4443786615064,53.0
point_gbdt_safety,FOODS_2_133_TX_3,1930.0636535304857,1930.0636535304857,0.0,0.0,1.0,1.0,0.0,24.744405814493405,60.0
point_gbdt_safety,FOODS_2_141_CA_3,2534.3166587048922,2534.3166587048922,0.0,0.0,1.0,1.0,0.0,32.49123921416528,132.0
point_gbdt_safety,FOODS_2_146_WI_1,2285.5949268786508,2285.5949268786508,0.0,0.0,1.0,1.0,0.0,29.302499062546804,116.0
point_gbdt_safety,FOODS_2_148_CA_2,2253.6056580663935,2253.6056580663935,0.0,0.0,1.0,1.0,0.0,28.89238023162043,58.0
point_gbdt_safety,FOODS_2_149_TX_1,2627.374164706761,2529.52686308748,97.84730161928098,0.0,0.9576967999916641,0.9743589743589743,0.02564102564102564,32.42983157804461,257.0
point_gbdt_safety,FOODS_2_155_CA_4,3017.829345377983,3017.829345377983,0.0,0.0,1.0,1.0,0.0,38.69011981253824,10.0
point_gbdt_safety,FOODS_2_159_CA_1,2341.8183812737807,2341.8183812737807,0.0,0.0,1.0,1.0,0.0,30.023312580433085,30.0
point_gbdt_safety,FOODS_2_163_TX_3,2212.7367178053573,2212.7367178053573,0.0,0.0,1.0,1.0,0.0,28.368419459043043,74.0
point_gbdt_safety,FOODS_2_165_CA_4,2309.0405553532305,2309.0405553532305,0.0,0.0,1.0,1.0,0.0,29.603084042990133,10.0
point_gbdt_safety,FOODS_2_165_TX_1,2300.0750659360956,2300.0750659360956,0.0,0.0,1.0,1.0,0.0,29.488141870975586,4.0
point_gbdt_safety,FOODS_2_166_TX_2,3857.724335490282,3857.724335490282,0.0,0.0,1.0,1.0,0.0,49.458004301157466,11.0
point_gbdt_safety,FOODS_2_169_TX_3,2347.525228337261,2347.525228337261,0.0,0.0,1.0,1.0,0.0,30.09647728637514,15.0
point_gbdt_safety,FOODS_2_172_CA_2,1993.2662819114496,1993.2662819114496,0.0,0.0,1.0,1.0,0.0,25.55469592194166,102.0
point_gbdt_safety,FOODS_2_176_WI_3,2529.1794491238556,2529.1794491238556,0.0,0.0,1.0,1.0,0.0,32.425377552869946,16.0
point_gbdt_safety,FOODS_2_177_WI_1,2523.3850221687603,2523.3850221687603,0.0,0.0,1.0,1.0,0.0,32.35109002780462,47.0
point_gbdt_safety,FOODS_2_182_TX_3,2413.7166196173125,2413.7166196173125,0.0,0.0,1.0,1.0,0.0,30.94508486688862,31.0
point_gbdt_safety,FOODS_2_183_CA_4,2446.007316492961,2336.936857346669,109.07045914629168,0.0,0.9463763721011349,0.9358974358974359,0.0641025641025641,29.960728940341912,226.0
point_gbdt_safety,FOODS_2_186_TX_1,2203.9311084234705,2203.9311084234705,0.0,0.0,1.0,1.0,0.0,28.255527031070134,38.0
point_gbdt_safety,FOODS_2_187_CA_1,2237.0746117657604,2237.0746117657604,0.0,0.0,1.0,1.0,0.0,28.68044374058667,48.0
point_gbdt_safety,FOODS_2_192_CA_2,2726.713070830968,2726.713070830968,0.0,0.0,1.0,1.0,0.0,34.957859882448304,116.0
point_gbdt_safety,FOODS_2_192_TX_1,2800.936900477269,2800.936900477269,0.0,0.0,1.0,1.0,0.0,35.909447442016265,20.0
point_gbdt_safety,FOODS_2_198_CA_4,2449.2537451238713,2449.2537451238713,0.0,0.0,1.0,1.0,0.0,31.40068904004963,20.0
point_gbdt_safety,FOODS_2_200_TX_1,2607.9680704359052,2607.9680704359052,0.0,0.0,1.0,1.0,0.0,33.435488082511604,30.0
point_gbdt_safety,FOODS_2_201_WI_3,2187.02396228042,2187.02396228042,0.0,0.0,1.0,1.0,0.0,28.038768747184875,124.0
point_gbdt_safety,FOODS_2_202_WI_3,2300.5497731790665,2300.5497731790665,0.0,0.0,1.0,1.0,0.0,29.494227861270083,55.0
point_gbdt_safety,FOODS_2_204_CA_4,2719.018089098196,2719.018089098196,0.0,0.0,1.0,1.0,0.0,34.85920627048969,168.0
point_gbdt_safety,FOODS_2_206_CA_3,3152.0117448626806,3152.0117448626806,0.0,0.0,1.0,1.0,0.0,40.41040698541898,180.0
point_gbdt_safety,FOODS_2_207_CA_3,2750.349820181893,2750.349820181893,0.0,0.0,1.0,1.0,0.0,35.26089513053709,13.0
point_gbdt_safety,FOODS_2_208_TX_1,2729.482039004274,2729.482039004274,0.0,0.0,1.0,1.0,0.0,34.99335947441377,132.0
point_gbdt_safety,FOODS_2_212_CA_2,2558.617139005178,2558.617139005178,0.0,0.0,1.0,1.0,0.0,32.80278383339972,113.0
point_gbdt_safety,FOODS_2_214_CA_3,2754.6606726062532,2754.6606726062532,0.0,0.0,1.0,1.0,0.0,35.31616246931094,36.0
point_gbdt_safety,FOODS_2_218_CA_4,2278.4966207634043,2278.4966207634043,0.0,0.0,1.0,1.0,0.0,29.21149513799236,49.0
point_gbdt_safety,FOODS_2_219_TX_1,2265.0815023969885,2265.0815023969885,0.0,0.0,1.0,1.0,0.0,29.039506440987033,38.0
point_gbdt_safety,FOODS_2_224_TX_2,2193.328311969628,2193.328311969628,0.0,0.0,1.0,1.0,0.0,28.119593743200358,53.0
point_gbdt_safety,FOODS_2_231_CA_1,2719.2825092458456,2719.2825092458456,0.0,0.0,1.0,1.0,0.0,34.86259627238264,40.0
point_gbdt_safety,FOODS_2_234_WI_3,2379.4937723551484,2379.4937723551484,0.0,0.0,1.0,1.0,0.0,30.506330414809593,16.0
point_gbdt_safety,FOODS_2_235_CA_2,2465.4170067742416,2465.4170067742416,0.0,0.0,1.0,1.0,0.0,31.60791034325951,85.0
point_gbdt_safety,FOODS_2_241_CA_3,4129.948931393681,2956.2896858843415,1173.65924550934,0.0,0.8386057143138971,0.8333333333333334,0.16666666666666666,37.90114981903002,808.0
point_gbdt_safety,FOODS_2_241_WI_3,3325.5419951820277,3228.5875942769508,96.95440090507668,0.0,0.9606835357238132,0.9615384615384616,0.038461538461538464,41.392148644576295,274.0
point_gbdt_safety,FOODS_2_242_CA_3,3205.1424665669724,3205.1424665669724,0.0,0.0,1.0,1.0,0.0,41.09157008419196,115.0
point_gbdt_safety,FOODS_2_242_WI_1,2667.6531019393024,2469.1378112724165,198.51529066688582,0.0,0.8725014189679603,0.9230769230769231,0.07692307692307693,31.65561296503098,173.0
point_gbdt_safety,FOODS_2_250_WI_2,2779.4328258171913,2779.4328258171913,0.0,0.0,1.0,1.0,0.0,35.63375417714348,59.0
point_gbdt_safety,FOODS_2_253_CA_1,2138.857396653262,2138.857396653262,0.0,0.0,1.0,1.0,0.0,27.421248675041824,94.0
point_gbdt_safety,FOODS_2_254_TX_3,2361.114658600647,2361.114658600647,0.0,0.0,1.0,1.0,0.0,30.27070075129035,51.0
point_gbdt_safety,FOODS_2_254_WI_1,2141.761882407777,2141.761882407777,0.0,0.0,1.0,1.0,0.0,27.45848567189458,27.0
point_gbdt_safety,FOODS_2_255_TX_2,8634.40000000007,8634.40000000007,0.0,0.0,1.0,1.0,0.0,110.6974358974368,62.0
point_gbdt_safety,FOODS_2_261_WI_2,2573.904583854074,2573.904583854074,0.0,0.0,1.0,1.0,0.0,32.99877671607788,89.0
point_gbdt_safety,FOODS_2_270_CA_3,2730.256242945781,2730.256242945781,0.0,0.0,1.0,1.0,0.0,35.003285165971555,18.0
point_gbdt_safety,FOODS_2_270_WI_2,2070.3278174950683,2070.3278174950683,0.0,0.0,1.0,1.0,0.0,26.54266432685985,35.0
point_gbdt_safety,FOODS_2_271_WI_2,2286.5600893953397,2286.5600893953397,0.0,0.0,1.0,1.0,0.0,29.314872940965895,13.0
point_gbdt_safety,FOODS_2_273_TX_3,2319.7644490271705,2319.7644490271705,0.0,0.0,1.0,1.0,0.0,29.740569859322697,16.0
point_gbdt_safety,FOODS_2_274_CA_3,3639.936472871798,3639.936472871798,0.0,0.0,1.0,1.0,0.0,46.6658522163051,253.0
point_gbdt_safety,FOODS_2_274_TX_2,3667.37435038611,3667.37435038611,0.0,0.0,1.0,1.0,0.0,47.017619876745,136.0
point_gbdt_safety,FOODS_2_278_CA_4,2307.9087544141275,2307.9087544141275,0.0,0.0,1.0,1.0,0.0,29.588573774540098,60.0
point_gbdt_safety,FOODS_2_284_TX_3,2462.7996436397866,2462.7996436397866,0.0,0.0,1.0,1.0,0.0,31.57435440563829,25.0
point_gbdt_safety,FOODS_2_284_WI_2,2214.2075331560786,2214.2075331560786,0.0,0.0,1.0,1.0,0.0,28.38727606610357,53.0
point_gbdt_safety,FOODS_2_290_WI_1,2294.494516362581,2294.494516362581,0.0,0.0,1.0,1.0,0.0,29.416596363622837,140.0
point_gbdt_safety,FOODS_2_298_TX_2,3634.3908661413807,3634.3908661413807,0.0,0.0,1.0,1.0,0.0,46.59475469412026,41.0
point_gbdt_safety,FOODS_2_306_TX_1,2337.982535899939,2337.982535899939,0.0,0.0,1.0,1.0,0.0,29.974135075640245,48.0
point_gbdt_safety,FOODS_2_309_TX_2,2261.5233343708546,2261.5233343708546,0.0,0.0,1.0,1.0,0.0,28.993888902190445,56.0
point_gbdt_safety,FOODS_2_311_WI_3,2318.5495557821314,2318.5495557821314,0.0,0.0,1.0,1.0,0.0,29.72499430489912,91.0
point_gbdt_safety,FOODS_2_312_CA_1,2479.217910059694,2479.217910059694,0.0,0.0,1.0,1.0,0.0,31.78484500076531,31.0
point_gbdt_safety,FOODS_2_312_TX_2,2428.0602073591576,2428.0602073591576,0.0,0.0,1.0,1.0,0.0,31.128977017425097,71.0
point_gbdt_safety,FOODS_2_313_CA_4,2812.548616457522,2812.548616457522,0.0,0.0,1.0,1.0,0.0,36.05831559560925,2.0
point_gbdt_safety,FOODS_2_321_WI_1,2069.0842162240424,2069.0842162240424,0.0,0.0,1.0,1.0,0.0,26.526720720821057,68.0
point_gbdt_safety,FOODS_2_325_WI_3,3845.9730848095514,3008.5148076320083,837.4582771775429,0.0,0.8186141916444569,0.8333333333333334,0.16666666666666666,38.57070266194882,513.0
point_gbdt_safety,FOODS_2_326_WI_1,3350.0667022926255,2949.9689443526477,400.097757939978,0.0,0.9141789451008199,0.8974358974358975,0.10256410256410256,37.82011467118779,518.0
point_gbdt_safety,FOODS_2_329_TX_3,2371.5771437535004,2371.5771437535004,0.0,0.0,1.0,1.0,0.0,30.40483517632693,19.0
point_gbdt_safety,FOODS_2_332_TX_2,2449.7942273921435,2449.7942273921435,0.0,0.0,1.0,1.0,0.0,31.407618299899276,46.0
point_gbdt_safety,FOODS_2_332_WI_1,2264.779628237286,2264.779628237286,0.0,0.0,1.0,1.0,0.0,29.035636259452385,37.0
point_gbdt_safety,FOODS_2_338_TX_3,2378.9034695385317,2378.9034695385317,0.0,0.0,1.0,1.0,0.0,30.498762429981177,120.0
point_gbdt_safety,FOODS_2_340_WI_2,2633.6762118264287,2633.6762118264287,0.0,0.0,1.0,1.0,0.0,33.765079638800366,92.0
point_gbdt_safety,FOODS_2_342_CA_3,3442.8167527460305,3228.6452479090844,214.17150483694613,0.0,0.9436093984104933,0.9102564102564102,0.08974358974358974,41.39288779370621,422.0
point_gbdt_safety,FOODS_2_347_WI_3,6530.963482490906,4876.597473874484,1654.366008616422,0.0,0.7256441113405603,0.7564102564102564,0.24358974358974358,62.52048043428826,670.0
point_gbdt_safety,FOODS_2_350_WI_2,2861.5270823726573,2861.5270823726573,0.0,0.0,1.0,1.0,0.0,36.6862446458033,29.0
point_gbdt_safety,FOODS_2_351_CA_1,2248.5513425580293,2248.5513425580293,0.0,0.0,1.0,1.0,0.0,28.82758131484653,52.0
point_gbdt_safety,FOODS_2_354_CA_4,2550.148370435507,2550.148370435507,0.0,0.0,1.0,1.0,0.0,32.69420987737829,19.0
point_gbdt_safety,FOODS_2_355_WI_2,2370.753587234314,2370.753587234314,0.0,0.0,1.0,1.0,0.0,30.394276759414286,153.0
point_gbdt_safety,FOODS_2_356_CA_2,2395.018724556061,2395.018724556061,0.0,0.0,1.0,1.0,0.0,30.705368263539242,136.0
point_gbdt_safety,FOODS_2_370_CA_2,2427.883607055415,2427.883607055415,0.0,0.0,1.0,1.0,0.0,31.126712910966855,47.0
point_gbdt_safety,FOODS_2_370_CA_3,2761.2533850859027,2761.2533850859027,0.0,0.0,1.0,1.0,0.0,35.40068442417824,36.0
point_gbdt_safety,FOODS_2_371_WI_3,5186.730400696724,5186.730400696724,0.0,0.0,1.0,1.0,0.0,66.49654359867596,628.0
point_gbdt_safety,FOODS_2_376_TX_1,2399.4666146718923,2399.4666146718923,0.0,0.0,1.0,1.0,0.0,30.76239249579349,47.0
point_gbdt_safety,FOODS_2_386_CA_2,2389.477952703322,2389.477952703322,0.0,0.0,1.0,1.0,0.0,30.634332726965667,49.0
point_gbdt_safety,FOODS_2_387_WI_2,2380.2800426637477,2380.2800426637477,0.0,0.0,1.0,1.0,0.0,30.51641080338138,111.0
point_gbdt_safety,FOODS_2_389_TX_2,3992.5851755363224,3992.5851755363224,0.0,0.0,1.0,1.0,0.0,51.18698942995285,3.0
point_gbdt_safety,FOODS_2_390_CA_4,4045.612272766722,4045.612272766722,0.0,0.0,1.0,1.0,0.0,51.86682400982977,4.0
point_gbdt_safety,FOODS_2_399_TX_2,2541.0577054365945,2541.0577054365945,0.0,0.0,1.0,1.0,0.0,32.57766289021275,108.0
point_gbdt_safety,FOODS_3_003_WI_3,2128.3522255391913,2128.3522255391913,0.0,0.0,1.0,1.0,0.0,27.286566994092198,34.0
point_gbdt_safety,FOODS_3_009_CA_4,2271.7735213777705,2271.7735213777705,0.0,0.0,1.0,1.0,0.0,29.12530155612526,48.0
point_gbdt_safety,FOODS_3_009_TX_2,2681.141323510774,2681.141323510774,0.0,0.0,1.0,1.0,0.0,34.37360671167659,76.0
point_gbdt_safety,FOODS_3_011_CA_1,2100.136059622432,1993.8797905766169,106.25626904581534,0.0,0.9486684690599926,0.9615384615384616,0.038461538461538464,25.562561417648933,230.0
point_gbdt_safety,FOODS_3_014_CA_1,2918.7902184151612,2918.7902184151612,0.0,0.0,1.0,1.0,0.0,37.42038741557899,2.0
point_gbdt_safety,FOODS_3_019_TX_2,2572.4072138927772,2572.4072138927772,0.0,0.0,1.0,1.0,0.0,32.979579665292015,48.0
point_gbdt_safety,FOODS_3_022_CA_1,2421.94022929187,2421.94022929187,0.0,0.0,1.0,1.0,0.0,31.050515760152177,29.0
point_gbdt_safety,FOODS_3_023_TX_1,2290.8873081850893,2290.8873081850893,0.0,0.0,1.0,1.0,0.0,29.370350104937042,84.0
point_gbdt_safety,FOODS_3_023_TX_3,2255.9017936047558,2255.9017936047558,0.0,0.0,1.0,1.0,0.0,28.92181786672764,60.0
point_gbdt_safety,FOODS_3_023_WI_2,2265.3316916046165,2265.3316916046165,0.0,0.0,1.0,1.0,0.0,29.04271399493098,53.0
point_gbdt_safety,FOODS_3_024_TX_3,4701.469570126276,4701.469570126276,0.0,0.0,1.0,1.0,0.0,60.275250899054825,195.0
point_gbdt_safety,FOODS_3_024_WI_1,7270.0,7270.0,0.0,0.0,1.0,1.0,0.0,93.2051282051282,75.0
point_gbdt_safety,FOODS_3_026_CA_1,2433.2316035996864,2433.2316035996864,0.0,0.0,1.0,1.0,0.0,31.19527696922675,172.0
point_gbdt_safety,FOODS_3_030_TX_3,10240.45150670236,6111.339239178839,4129.11226752352,0.0,0.7259317491355689,0.717948717948718,0.28205128205128205,78.35050306639538,1674.0
point_gbdt_safety,FOODS_3_034_CA_1,2197.518244809177,2197.518244809177,0.0,0.0,1.0,1.0,0.0,28.173310830886884,143.0
point_gbdt_safety,FOODS_3_035_WI_1,2521.2542556558587,2521.2542556558587,0.0,0.0,1.0,1.0,0.0,32.323772508408446,61.0
point_gbdt_safety,FOODS_3_036_CA_4,2779.6096308504807,2779.6096308504807,0.0,0.0,1.0,1.0,0.0,35.636020908339496,9.0
point_gbdt_safety,FOODS_3_038_CA_4,2345.7836304287266,2345.7836304287266,0.0,0.0,1.0,1.0,0.0,30.0741491080606,69.0
point_gbdt_safety,FOODS_3_038_WI_1,2367.1554546729685,2367.1554546729685,0.0,0.0,1.0,1.0,0.0,30.348146854781646,72.0
point_gbdt_safety,FOODS_3_040_WI_1,1676.2913517309064,1649.534384390555,26.75696734035131,0.0,0.9669667069872206,0.9743589743589743,0.02564102564102564,21.147876722955832,90.0
point_gbdt_safety,FOODS_3_048_TX_1,3081.7279877148862,3081.7279877148862,0.0,0.0,1.0,1.0,0.0,39.50933317583188,64.0
point_gbdt_safety,FOODS_3_048_TX_3,2728.9075452505335,2728.9075452505335,0.0,0.0,1.0,1.0,0.0,34.98599416987864,109.0
point_gbdt_safety,FOODS_3_049_TX_1,2495.127973689567,2495.127973689567,0.0,0.0,1.0,1.0,0.0,31.98882017550727,28.0
point_gbdt_safety,FOODS_3_050_CA_2,2359.9546815724943,2359.9546815724943,0.0,0.0,1.0,1.0,0.0,30.255829250929416,67.0
point_gbdt_safety,FOODS_3_053_CA_4,2320.337464834075,2320.337464834075,0.0,0.0,1.0,1.0,0.0,29.747916215821476,89.0
point_gbdt_safety,FOODS_3_054_WI_3,2548.787361759435,2548.787361759435,0.0,0.0,1.0,1.0,0.0,32.67676104819788,0.0
point_gbdt_safety,FOODS_3_057_WI_3,2433.6655021278607,2433.6655021278607,0.0,0.0,1.0,1.0,0.0,31.200839770870008,20.0
point_gbdt_safety,FOODS_3_066_CA_4,2606.0372910408123,2281.5582445754217,324.4790464653906,0.0,0.870312131708477,0.8974358974358975,0.10256410256410256,29.250746725325918,278.0
point_gbdt_safety,FOODS_3_066_TX_3,2220.2099911661385,2044.5528940776762,175.65709708846225,0.0,0.923159625070664,0.9358974358974359,0.0641025641025641,26.212216590739438,254.0
point_gbdt_safety,FOODS_3_067_CA_4,2281.5962656363267,2281.5962656363267,0.0,0.0,1.0,1.0,0.0,29.251234174824702,87.0
point_gbdt_safety,FOODS_3_072_WI_3,2198.782971590887,2198.782971590887,0.0,0.0,1.0,1.0,0.0,28.189525276806243,36.0
point_gbdt_safety,FOODS_3_074_CA_2,2234.3466195220594,2234.3466195220594,0.0,0.0,1.0,1.0,0.0,28.645469481052043,183.0
point_gbdt_safety,FOODS_3_091_TX_1,2129.7685661129217,2129.7685661129217,0.0,0.0,1.0,1.0,0.0,27.30472520657592,46.0
point_gbdt_safety,FOODS_3_091_WI_1,2252.0543069293344,2252.0543069293344,0.0,0.0,1.0,1.0,0.0,28.872491114478645,29.0
point_gbdt_safety,FOODS_3_094_TX_2,2834.064911776116,2834.064911776116,0.0,0.0,1.0,1.0,0.0,36.33416553559123,99.0
point_gbdt_safety,FOODS_3_101_WI_3,1938.6670790043959,1813.3190471360886,125.34803186830743,0.0,0.9499008665594295,0.9487179487179487,0.05128205128205128,23.247680091488316,278.0
point_gbdt_safety,FOODS_3_102_WI_2,2401.0868124637723,2401.0868124637723,0.0,0.0,1.0,1.0,0.0,30.783164262356056,110.0
point_gbdt_safety,FOODS_3_103_TX_1,2383.870895971407,2383.870895971407,0.0,0.0,1.0,1.0,0.0,30.56244738424881,23.0
point_gbdt_safety,FOODS_3_103_WI_1,2344.7098833632194,2344.7098833632194,0.0,0.0,1.0,1.0,0.0,30.060383120041276,137.0
point_gbdt_safety,FOODS_3_110_WI_1,2829.25842253028,2829.25842253028,0.0,0.0,1.0,1.0,0.0,36.27254387859333,24.0
point_gbdt_safety,FOODS_3_111_TX_1,2338.4664129813013,2338.4664129813013,0.0,0.0,1.0,1.0,0.0,29.980338627965402,18.0
point_gbdt_safety,FOODS_3_111_WI_1,2364.6906228048038,2364.6906228048038,0.0,0.0,1.0,1.0,0.0,30.316546446215433,32.0
point_gbdt_safety,FOODS_3_117_CA_4,2131.4025584492297,2131.4025584492297,0.0,0.0,1.0,1.0,0.0,27.325673826272176,78.0
point_gbdt_safety,FOODS_3_120_TX_1,9129.291392102661,6050.319073326814,3078.9723187758477,0.0,0.6364420452502246,0.717948717948718,0.28205128205128205,77.56819324777966,941.0
point_gbdt_safety,FOODS_3_125_CA_1,2787.338312023807,2787.338312023807,0.0,0.0,1.0,1.0,0.0,35.73510656440778,48.0
point_gbdt_safety,FOODS_3_126_WI_1,2902.31387525351,2902.31387525351,0.0,0.0,1.0,1.0,0.0,37.20915224683987,125.0
point_gbdt_safety,FOODS_3_133_CA_1,3543.5565456976096,2428.30640132884,1115.2501443687697,0.0,0.7826023110392263,0.717948717948718,0.28205128205128205,31.13213335036974,570.0
point_gbdt_safety,FOODS_3_133_CA_2,2373.8247126387105,1614.6351203146783,759.189592324032,0.0,0.8137871983507402,0.7948717948717948,0.20512820512820512,20.700450260444594,453.0
point_gbdt_safety,FOODS_3_133_TX_1,3341.3321167748945,3281.7683999650326,59.56371680986197,0.0,0.9670736778276053,0.9743589743589743,0.02564102564102564,42.073953845705546,201.0
point_gbdt_safety,FOODS_3_134_TX_1,3050.8246718994046,2807.358620247055,243.46605165234968,0.0,0.919488739532953,0.9230769230769231,0.07692307692307693,35.99177718265455,336.0
point_gbdt_safety,FOODS_3_136_CA_1,2182.1760843644092,1820.4851910860573,361.69089327835195,0.0,0.8916768813182534,0.8589743589743589,0.14102564102564102,23.33955373187253,371.0
point_gbdt_safety,FOODS_3_138_WI_3,2026.5913296017918,2006.6719128134137,19.9194167883782,0.0,0.9867468950177124,0.9871794871794872,0.01282051282051282,25.726562984787353,167.0
point_gbdt_safety,FOODS_3_141_TX_3,2327.6626478164844,2327.6626478164844,0.0,0.0,1.0,1.0,0.0,29.841828818160057,22.0
point_gbdt_safety,FOODS_3_154_CA_1,2363.0159227810036,2363.0159227810036,0.0,0.0,1.0,1.0,0.0,30.29507593308979,30.0
point_gbdt_safety,FOODS_3_155_TX_1,2340.396641773325,2340.396641773325,0.0,0.0,1.0,1.0,0.0,30.005085150940065,18.0
point_gbdt_safety,FOODS_3_157_CA_2,2813.3808059949915,2813.3808059949915,0.0,0.0,1.0,1.0,0.0,36.06898469224348,60.0
point_gbdt_safety,FOODS_3_158_WI_3,2285.9092497777556,2285.9092497777556,0.0,0.0,1.0,1.0,0.0,29.30652884330456,29.0
point_gbdt_safety,FOODS_3_160_CA_1,2125.51233062692,2076.429422559878,49.08290806704231,0.0,0.8485095430029559,0.9615384615384616,0.038461538461538464,26.620890032818945,36.0
point_gbdt_safety,FOODS_3_160_TX_1,2241.5812506295356,2241.5812506295356,0.0,0.0,1.0,1.0,0.0,28.738221161917124,0.0
point_gbdt_safety,FOODS_3_160_WI_2,2122.1402987953675,2122.1402987953675,0.0,0.0,1.0,1.0,0.0,27.206926907632916,13.0
point_gbdt_safety,FOODS_3_161_WI_1,2608.666504804774,2608.666504804774,0.0,0.0,1.0,1.0,0.0,33.44444236929197,19.0
point_gbdt_safety,FOODS_3_162_WI_2,2449.871460860797,2449.871460860797,0.0,0.0,1.0,1.0,0.0,31.408608472574322,61.0
point_gbdt_safety,FOODS_3_163_TX_2,2086.3330555856714,2086.3330555856714,0.0,0.0,1.0,1.0,0.0,26.74785968699579,87.0
point_gbdt_safety,FOODS_3_169_TX_3,2695.459829678381,2695.459829678381,0.0,0.0,1.0,1.0,0.0,34.55717730356899,154.0
point_gbdt_safety,FOODS_3_171_WI_2,2394.45959584791,2394.45959584791,0.0,0.0,1.0,1.0,0.0,30.698199946768074,15.0
point_gbdt_safety,FOODS_3_172_CA_3,3063.3105582497196,3063.3105582497196,0.0,0.0,1.0,1.0,0.0,39.27321228525282,166.0
point_gbdt_safety,FOODS_3_172_TX_3,3209.6460389075705,3209.6460389075705,0.0,0.0,1.0,1.0,0.0,41.1493081911227,116.0
point_gbdt_safety,FOODS_3_176_WI_3,2254.0690073784053,2254.0690073784053,0.0,0.0,1.0,1.0,0.0,28.898320607415453,45.0
point_gbdt_safety,FOODS_3_178_WI_2,2290.515619163882,2290.515619163882,0.0,0.0,1.0,1.0,0.0,29.365584861075412,117.0
point_gbdt_safety,FOODS_3_180_WI_1,2284.7434248291884,2284.7434248291884,0.0,0.0,1.0,1.0,0.0,29.291582369604978,61.0
point_gbdt_safety,FOODS_3_184_WI_3,2504.740354703789,2395.970923579395,108.76943112439395,0.0,0.805072704078147,0.8846153846153846,0.11538461538461539,30.717575943325574,62.0
point_gbdt_safety,FOODS_3_192_TX_2,2462.9144855867744,2462.9144855867744,0.0,0.0,1.0,1.0,0.0,31.57582673829198,128.0
point_gbdt_safety,FOODS_3_197_WI_1,2546.0059483612063,2546.0059483612063,0.0,0.0,1.0,1.0,0.0,32.641101902066744,32.0
point_gbdt_safety,FOODS_3_198_TX_2,2960.312946194941,2960.312946194941,0.0,0.0,1.0,1.0,0.0,37.952730079422324,2.0
point_gbdt_safety,FOODS_3_198_WI_3,2682.6044848609763,2682.6044848609763,0.0,0.0,1.0,1.0,0.0,34.39236519052534,4.0
point_gbdt_safety,FOODS_3_199_CA_2,2457.8283754468475,2457.8283754468475,0.0,0.0,1.0,1.0,0.0,31.510620198036506,45.0
point_gbdt_safety,FOODS_3_199_TX_1,2180.3908546137386,2180.3908546137386,0.0,0.0,1.0,1.0,0.0,27.95372890530434,27.0
point_gbdt_safety,FOODS_3_204_CA_2,2146.870577836553,2146.870577836553,0.0,0.0,1.0,1.0,0.0,27.523981767135293,64.0
point_gbdt_safety,FOODS_3_204_CA_4,2478.1821650569786,2478.1821650569786,0.0,0.0,1.0,1.0,0.0,31.771566218679215,47.0
point_gbdt_safety,FOODS_3_205_TX_1,4024.949026759563,4024.949026759563,0.0,0.0,1.0,1.0,0.0,51.60191059948158,10.0
point_gbdt_safety,FOODS_3_208_WI_3,1996.8833882111774,1996.8833882111774,0.0,0.0,1.0,1.0,0.0,25.60106907963048,91.0
point_gbdt_safety,FOODS_3_209_TX_2,2490.118032277348,2490.118032277348,0.0,0.0,1.0,1.0,0.0,31.924590157401898,13.0
point_gbdt_safety,FOODS_3_210_TX_1,2510.7969493167966,2510.7969493167966,0.0,0.0,1.0,1.0,0.0,32.18970447842047,0.0
point_gbdt_safety,FOODS_3_211_CA_1,2259.881279914741,2063.81213049038,196.069149424361,0.0,0.8487120760614499,0.8974358974358975,0.10256410256410256,26.459129878081793,144.0
point_gbdt_safety,FOODS_3_215_CA_3,2573.835752588137,2573.835752588137,0.0,0.0,1.0,1.0,0.0,32.99789426395047,182.0
point_gbdt_safety,FOODS_3_215_CA_4,2267.1986141238567,2267.1986141238567,0.0,0.0,1.0,1.0,0.0,29.066648899023804,105.0
point_gbdt_safety,FOODS_3_224_CA_1,1996.2383536994898,1996.2383536994898,0.0,0.0,1.0,1.0,0.0,25.592799406403717,157.0
point_gbdt_safety,FOODS_3_229_CA_1,2976.859067682407,2976.859067682407,0.0,0.0,1.0,1.0,0.0,38.16485984208214,51.0
point_gbdt_safety,FOODS_3_232_WI_3,2481.913578175761,2481.913578175761,0.0,0.0,1.0,1.0,0.0,31.819404848407192,55.0
point_gbdt_safety,FOODS_3_237_WI_3,2688.631094032115,2688.631094032115,0.0,0.0,1.0,1.0,0.0,34.46962941066814,58.0
point_gbdt_safety,FOODS_3_239_CA_4,2291.2064491649735,2291.2064491649735,0.0,0.0,1.0,1.0,0.0,29.3744416559612,55.0
point_gbdt_safety,FOODS_3_240_TX_3,2205.599838488592,2205.599838488592,0.0,0.0,1.0,1.0,0.0,28.276921006264,69.0
point_gbdt_safety,FOODS_3_243_WI_1,2593.488130786528,2593.488130786528,0.0,0.0,1.0,1.0,0.0,33.249847830596515,19.0
point_gbdt_safety,FOODS_3_246_CA_2,2426.0358975676368,2426.0358975676368,0.0,0.0,1.0,1.0,0.0,31.103024327790216,138.0
point_gbdt_safety,FOODS_3_246_TX_2,2347.2075717672114,2347.2075717672114,0.0,0.0,1.0,1.0,0.0,30.0924047662463,59.0
point_gbdt_safety,FOODS_3_247_CA_3,2608.8132734838277,2608.8132734838277,0.0,0.0,1.0,1.0,0.0,33.446324019023436,85.0
point_gbdt_safety,FOODS_3_255_WI_2,2476.5800568404807,2476.5800568404807,0.0,0.0,1.0,1.0,0.0,31.751026369749752,25.0
point_gbdt_safety,FOODS_3_256_WI_1,2494.2258294990584,2494.2258294990584,0.0,0.0,1.0,1.0,0.0,31.9772542243469,9.0
point_gbdt_safety,FOODS_3_257_TX_2,2326.4553987009085,2326.4553987009085,0.0,0.0,1.0,1.0,0.0,29.826351265396262,151.0
point_gbdt_safety,FOODS_3_258_CA_3,3601.5963043158686,3447.009735762667,154.58656855320157,0.0,0.9458161344012613,0.9487179487179487,0.05128205128205128,44.19243250977778,317.0
point_gbdt_safety,FOODS_3_258_TX_1,2877.5946498005414,2877.5946498005414,0.0,0.0,1.0,1.0,0.0,36.89223910000694,207.0
point_gbdt_safety,FOODS_3_258_TX_2,3069.3224460083584,3069.3224460083584,0.0,0.0,1.0,1.0,0.0,39.350287769337925,211.0
point_gbdt_safety,FOODS_3_258_WI_2,3326.9705985236046,3007.5678604403947,319.4027380832098,0.0,0.9003112552798972,0.9102564102564102,0.08974358974358974,38.55856231333839,356.0
point_gbdt_safety,FOODS_3_265_TX_3,2380.955599939444,2380.955599939444,0.0,0.0,1.0,1.0,0.0,30.52507179409543,80.0
point_gbdt_safety,FOODS_3_265_WI_2,2411.5386379572833,2411.5386379572833,0.0,0.0,1.0,1.0,0.0,30.917162025093376,68.0
point_gbdt_safety,FOODS_3_270_WI_3,2357.0456175566674,2357.0456175566674,0.0,0.0,1.0,1.0,0.0,30.218533558418812,31.0
point_gbdt_safety,FOODS_3_271_WI_2,2689.470066057105,2689.470066057105,0.0,0.0,1.0,1.0,0.0,34.48038546227058,49.0
point_gbdt_safety,FOODS_3_277_CA_4,2247.6115029089583,2247.6115029089583,0.0,0.0,1.0,1.0,0.0,28.81553208857639,81.0
point_gbdt_safety,FOODS_3_278_WI_2,3389.7157205990807,3019.171587148237,370.54413345084373,0.0,0.9066404299695532,0.8846153846153846,0.11538461538461539,38.707328040362015,441.0
point_gbdt_safety,FOODS_3_279_TX_3,2321.8953028102537,2321.8953028102537,0.0,0.0,1.0,1.0,0.0,29.767888497567355,14.0
point_gbdt_safety,FOODS_3_280_WI_3,2132.321313207226,2132.321313207226,0.0,0.0,1.0,1.0,0.0,27.337452733425973,61.0
point_gbdt_safety,FOODS_3_282_WI_3,21645.57034098714,18712.87388738379,2932.6964536033474,0.0,0.8572688736261572,0.8461538461538461,0.15384615384615385,239.90863958184346,2283.0
point_gbdt_safety,FOODS_3_286_TX_3,2461.930643837828,2461.930643837828,0.0,0.0,1.0,1.0,0.0,31.563213382536258,34.0
point_gbdt_safety,FOODS_3_286_WI_3,2245.9412283519728,2245.9412283519728,0.0,0.0,1.0,1.0,0.0,28.79411831220478,69.0
point_gbdt_safety,FOODS_3_289_TX_3,2371.9597784158395,2371.9597784158395,0.0,0.0,1.0,1.0,0.0,30.40974074892102,19.0
point_gbdt_safety,FOODS_3_295_TX_1,6316.3463772107625,4401.1513193738165,1915.1950578369456,0.0,0.6879773447642644,0.782051282051282,0.21794871794871795,56.42501691504893,682.0
point_gbdt_safety,FOODS_3_296_CA_4,2274.2270339273264,2274.2270339273264,0.0,0.0,1.0,1.0,0.0,29.156756845222134,62.0
point_gbdt_safety,FOODS_3_300_WI_2,4003.9096493212555,3032.1071483672586,971.8025009539971,0.0,0.6604463658441659,0.7948717948717948,0.20512820512820512,38.87316856881101,318.0
point_gbdt_safety,FOODS_3_302_CA_4,3255.7490758483964,3165.214785649678,90.53429019871838,0.0,0.9511681282639058,0.9358974358974359,0.0641025641025641,40.57967673909844,206.0
point_gbdt_safety,FOODS_3_309_CA_2,2360.495789946928,2360.495789946928,0.0,0.0,1.0,1.0,0.0,30.26276653778113,24.0
point_gbdt_safety,FOODS_3_309_WI_1,2566.5684624890764,2566.5684624890764,0.0,0.0,1.0,1.0,0.0,32.904723878065084,27.0
point_gbdt_safety,FOODS_3_316_TX_3,2190.999440157357,2190.999440157357,0.0,0.0,1.0,1.0,0.0,28.089736412273812,23.0
point_gbdt_safety,FOODS_3_318_TX_2,6287.902609849973,5517.744246147254,770.1583637027193,0.0,0.8418241191820252,0.8589743589743589,0.14102564102564102,70.74031084804172,541.0
point_gbdt_safety,FOODS_3_331_TX_1,2198.498904249297,2198.498904249297,0.0,0.0,1.0,1.0,0.0,28.1858833878115,159.0
point_gbdt_safety,FOODS_3_335_TX_1,3722.82305830403,3722.82305830403,0.0,0.0,1.0,1.0,0.0,47.728500747487566,5.0
point_gbdt_safety,FOODS_3_337_CA_1,2399.426324677268,2399.426324677268,0.0,0.0,1.0,1.0,0.0,30.76187595740087,41.0
point_gbdt_safety,FOODS_3_346_WI_3,2427.278636861467,2363.8620519777955,63.41658488367139,0.0,0.9666052738895885,0.9487179487179487,0.05128205128205128,30.305923743305073,211.0
point_gbdt_safety,FOODS_3_352_CA_1,2098.2718971739127,2098.2718971739127,0.0,0.0,1.0,1.0,0.0,26.900921758639907,44.0
point_gbdt_safety,FOODS_3_354_WI_2,2323.8773053082878,2323.8773053082878,0.0,0.0,1.0,1.0,0.0,29.79329878600369,61.0
point_gbdt_safety,FOODS_3_356_CA_1,2475.731969264158,2387.5739970716927,88.15797219246548,0.0,0.9387791859774545,0.9487179487179487,0.05128205128205128,30.609923039380675,160.0
point_gbdt_safety,FOODS_3_356_TX_2,2274.8744298417923,2274.8744298417923,0.0,0.0,1.0,1.0,0.0,29.16505679284349,96.0
point_gbdt_safety,FOODS_3_363_WI_3,3009.769479068918,2662.8375377258876,346.9319413430302,0.0,0.8420164201534471,0.8589743589743589,0.14102564102564102,34.138942791357536,244.0
point_gbdt_safety,FOODS_3_365_TX_1,2427.5176143662648,2427.5176143662648,0.0,0.0,1.0,1.0,0.0,31.122020697003393,19.0
point_gbdt_safety,FOODS_3_367_TX_1,2206.432277092635,2206.2280026114618,0.20427448117339964,0.0,0.9997774787786782,0.9871794871794872,0.01282051282051282,28.28497439245464,102.0
point_gbdt_safety,FOODS_3_370_CA_1,4217.632186579605,4217.632186579605,0.0,0.0,1.0,1.0,0.0,54.072207520251354,41.0
point_gbdt_safety,FOODS_3_372_TX_3,2620.4865287870693,2503.8362586459502,116.65027014111931,0.0,0.9653445424417352,0.9743589743589743,0.02564102564102564,32.10046485443526,374.0
point_gbdt_safety,FOODS_3_380_TX_3,2374.3614673149773,2374.3614673149773,0.0,0.0,1.0,1.0,0.0,30.4405316322433,22.0
point_gbdt_safety,FOODS_3_384_TX_1,2339.7770744501677,2339.7770744501677,0.0,0.0,1.0,1.0,0.0,29.997141980130355,22.0
point_gbdt_safety,FOODS_3_385_CA_4,2148.5013810456135,2148.5013810456135,0.0,0.0,1.0,1.0,0.0,27.544889500584787,47.0
point_gbdt_safety,FOODS_3_385_TX_3,2488.488772762778,2488.488772762778,0.0,0.0,1.0,1.0,0.0,31.90370221490741,47.0
point_gbdt_safety,FOODS_3_387_CA_2,2135.8451734375367,2135.8451734375367,0.0,0.0,1.0,1.0,0.0,27.38263042868637,50.0
point_gbdt_safety,FOODS_3_390_TX_2,2097.4750016494913,2097.4750016494913,0.0,0.0,1.0,1.0,0.0,26.890705149352453,147.0
point_gbdt_safety,FOODS_3_392_WI_2,2120.455790033919,2120.455790033919,0.0,0.0,1.0,1.0,0.0,27.185330641460503,87.0
point_gbdt_safety,FOODS_3_392_WI_3,2182.1057524436965,2182.1057524436965,0.0,0.0,1.0,1.0,0.0,27.975714774919187,76.0
point_gbdt_safety,FOODS_3_393_CA_3,4984.38489297287,4547.686156453564,436.698736519306,0.0,0.9222402534687845,0.9102564102564102,0.08974358974358974,58.303668672481585,624.0
point_gbdt_safety,FOODS_3_398_WI_3,2328.2454818292936,2328.2454818292936,0.0,0.0,1.0,1.0,0.0,29.84930104909351,28.0
point_gbdt_safety,FOODS_3_403_TX_1,3381.0184118476277,2948.700362549341,432.3180492982866,0.0,0.8805091074355206,0.8589743589743589,0.14102564102564102,37.80385080191463,402.0
point_gbdt_safety,FOODS_3_405_TX_3,2433.5721757533374,2433.5721757533374,0.0,0.0,1.0,1.0,0.0,31.199643278888942,59.0
point_gbdt_safety,FOODS_3_408_TX_2,2797.021439202613,2797.021439202613,0.0,0.0,1.0,1.0,0.0,35.85924922054632,8.0
point_gbdt_safety,FOODS_3_416_CA_4,2232.92920624114,2232.92920624114,0.0,0.0,1.0,1.0,0.0,28.62729751591205,98.0
point_gbdt_safety,FOODS_3_416_WI_3,2201.9083527366024,2201.9083527366024,0.0,0.0,1.0,1.0,0.0,28.229594265853876,81.0
point_gbdt_safety,FOODS_3_417_CA_3,2444.988299058957,2444.988299058957,0.0,0.0,1.0,1.0,0.0,31.346003834089196,72.0
point_gbdt_safety,FOODS_3_422_CA_1,2794.6865984847736,2794.6865984847736,0.0,0.0,1.0,1.0,0.0,35.82931536518941,116.0
point_gbdt_safety,FOODS_3_423_WI_2,2364.9338629576023,2364.9338629576023,0.0,0.0,1.0,1.0,0.0,30.31966490971285,83.0
point_gbdt_safety,FOODS_3_425_CA_1,2288.15233047095,2288.15233047095,0.0,0.0,1.0,1.0,0.0,29.3352862880891,66.0
point_gbdt_safety,FOODS_3_427_WI_3,2752.130234434429,2752.130234434429,0.0,0.0,1.0,1.0,0.0,35.28372095428755,17.0
point_gbdt_safety,FOODS_3_428_TX_3,2375.2781308253584,2375.2781308253584,0.0,0.0,1.0,1.0,0.0,30.452283728530237,24.0
point_gbdt_safety,FOODS_3_434_CA_1,2419.7881767389813,2392.2931153248014,27.495061414179787,0.0,0.9844132304908277,0.9871794871794872,0.01282051282051282,30.67042455544617,196.0
point_gbdt_safety,FOODS_3_434_WI_1,2827.8730709673882,2827.8730709673882,0.0,0.0,1.0,1.0,0.0,36.25478296112036,71.0
point_gbdt_safety,FOODS_3_441_TX_2,22776.0,22776.0,0.0,0.0,1.0,1.0,0.0,292.0,0.0
point_gbdt_safety,FOODS_3_444_CA_4,10998.0,10998.0,0.0,0.0,1.0,1.0,0.0,141.0,0.0
point_gbdt_safety,FOODS_3_444_TX_2,42931.20000000006,42931.20000000006,0.0,0.0,1.0,1.0,0.0,550.4000000000008,0.0
point_gbdt_safety,FOODS_3_445_CA_3,3078.230847138212,2971.246259372725,106.98458776548709,0.0,0.9049025886529004,0.9230769230769231,0.07692307692307693,38.09290076118878,125.0
point_gbdt_safety,FOODS_3_449_WI_1,2207.290327847142,2207.290327847142,0.0,0.0,1.0,1.0,0.0,28.298593946758235,157.0
point_gbdt_safety,FOODS_3_451_CA_4,2266.9068639516686,2266.9068639516686,0.0,0.0,1.0,1.0,0.0,29.06290851220088,90.0
point_gbdt_safety,FOODS_3_453_TX_2,2382.592845984394,2382.592845984394,0.0,0.0,1.0,1.0,0.0,30.54606212800505,12.0
point_gbdt_safety,FOODS_3_453_WI_2,2197.7544642735966,2197.7544642735966,0.0,0.0,1.0,1.0,0.0,28.17633928555893,32.0
point_gbdt_safety,FOODS_3_454_CA_1,7624.416575012523,7624.416575012523,0.0,0.0,1.0,1.0,0.0,97.7489304488785,1.0
point_gbdt_safety,FOODS_3_455_TX_1,9195.98164786763,7223.557756320444,1972.4238915471851,0.0,0.7840805811114193,0.8076923076923077,0.19230769230769232,92.60971482462108,1015.0
point_gbdt_safety,FOODS_3_456_CA_4,2282.370252008346,2282.370252008346,0.0,0.0,1.0,1.0,0.0,29.261157077030077,30.0
point_gbdt_safety,FOODS_3_457_TX_3,2298.3318084746134,2298.3318084746134,0.0,0.0,1.0,1.0,0.0,29.4657924163412,15.0
point_gbdt_safety,FOODS_3_458_TX_1,3414.290208302249,3157.615096296687,256.6751120055621,0.0,0.9400851746018762,0.9230769230769231,0.07692307692307693,40.4822448243165,476.0
point_gbdt_safety,FOODS_3_458_WI_1,2741.4749699791664,2488.704297861189,252.77067211797768,0.0,0.9178782741656992,0.9358974358974359,0.0641025641025641,31.90646535719473,342.0
point_gbdt_safety,FOODS_3_464_TX_2,2557.657126760487,2557.657126760487,0.0,0.0,1.0,1.0,0.0,32.7904759841088,31.0
point_gbdt_safety,FOODS_3_465_CA_3,2262.638451206509,2262.638451206509,0.0,0.0,1.0,1.0,0.0,29.00818527187832,49.0
point_gbdt_safety,FOODS_3_465_TX_2,2371.464078804949,2371.464078804949,0.0,0.0,1.0,1.0,0.0,30.403385625704477,27.0
point_gbdt_safety,FOODS_3_465_WI_3,2277.5727371346748,2277.5727371346748,0.0,0.0,1.0,1.0,0.0,29.199650476085573,62.0
point_gbdt_safety,FOODS_3_468_TX_2,2512.07860630468,2512.07860630468,0.0,0.0,1.0,1.0,0.0,32.206135978265124,166.0
point_gbdt_safety,FOODS_3_471_WI_3,2366.5397108200336,2366.5397108200336,0.0,0.0,1.0,1.0,0.0,30.340252702820944,45.0
point_gbdt_safety,FOODS_3_472_CA_1,2220.3649703090246,2220.3649703090246,0.0,0.0,1.0,1.0,0.0,28.46621756806442,39.0
point_gbdt_safety,FOODS_3_474_CA_1,2275.945849728465,1768.3759041763835,507.56994555208166,0.0,0.8209629821685779,0.9230769230769231,0.07692307692307693,22.671485950979275,315.0
point_gbdt_safety,FOODS_3_476_TX_3,1993.4963536335372,1868.3376808609078,125.15867277262943,0.0,0.9463068756874177,0.9230769230769231,0.07692307692307693,23.953047190524458,259.0
point_gbdt_safety,FOODS_3_479_CA_3,3536.410620700262,3536.410620700262,0.0,0.0,1.0,1.0,0.0,45.33859770128541,160.0
point_gbdt_safety,FOODS_3_479_TX_2,2807.520623800065,2807.520623800065,0.0,0.0,1.0,1.0,0.0,35.99385415128289,114.0
point_gbdt_safety,FOODS_3_479_TX_3,2441.5211769561133,2441.5211769561133,0.0,0.0,1.0,1.0,0.0,31.3015535507194,99.0
point_gbdt_safety,FOODS_3_481_TX_2,2328.7799233373116,2328.7799233373116,0.0,0.0,1.0,1.0,0.0,29.856152863298867,32.0
point_gbdt_safety,FOODS_3_498_TX_1,4884.673031333582,4568.986398572018,315.6866327615648,0.0,0.8910674145060163,0.9871794871794872,0.01282051282051282,58.57674869964125,322.0
point_gbdt_safety,FOODS_3_499_TX_1,4717.532077174574,3416.424161976218,1301.107915198356,0.0,0.8256121277042814,0.782051282051282,0.21794871794871795,43.80030976892587,829.0
point_gbdt_safety,FOODS_3_502_TX_2,2374.6529358459443,2157.1988944017617,217.4540414441827,0.0,0.8843944489929917,0.9102564102564102,0.08974358974358974,27.65639608207387,209.0
point_gbdt_safety,FOODS_3_511_CA_1,9175.22746830444,5483.065814380339,3692.161653924101,0.0,0.7760697686848556,0.7692307692307693,0.23076923076923078,70.29571556897871,1832.0
point_gbdt_safety,FOODS_3_511_WI_2,6274.579654313726,4527.35823935678,1747.221414956945,0.0,0.7355099281021882,0.7307692307692307,0.2692307692307692,58.04305435072796,734.0
point_gbdt_safety,FOODS_3_512_CA_1,2501.26256592251,2501.26256592251,0.0,0.0,1.0,1.0,0.0,32.067468793878334,12.0
point_gbdt_safety,FOODS_3_513_CA_1,2125.8873935767733,2125.8873935767733,0.0,0.0,1.0,1.0,0.0,27.254966584317607,137.0
point_gbdt_safety,FOODS_3_514_CA_2,2507.753845100243,2298.5581812206133,209.19566387962968,0.0,0.8948236984013929,0.9230769230769231,0.07692307692307693,29.468694631033504,221.0
point_gbdt_safety,FOODS_3_515_CA_1,2240.210817900535,2117.8968471988605,122.31397070167424,0.0,0.9284713621627636,0.9230769230769231,0.07692307692307693,27.152523682036673,190.0
point_gbdt_safety,FOODS_3_517_TX_1,2395.1478965829065,2395.1478965829065,0.0,0.0,1.0,1.0,0.0,30.707024315165466,17.0
point_gbdt_safety,FOODS_3_517_TX_3,2335.8939845424884,2335.8939845424884,0.0,0.0,1.0,1.0,0.0,29.947358776185748,17.0
point_gbdt_safety,FOODS_3_525_CA_4,2438.0057957002473,2438.0057957002473,0.0,0.0,1.0,1.0,0.0,31.25648456025958,39.0
point_gbdt_safety,FOODS_3_531_CA_3,2535.9410779909804,2535.9410779909804,0.0,0.0,1.0,1.0,0.0,32.51206510244847,57.0
point_gbdt_safety,FOODS_3_532_TX_3,2748.776230573696,2748.776230573696,0.0,0.0,1.0,1.0,0.0,35.240720904790976,146.0
point_gbdt_safety,FOODS_3_532_WI_1,2887.6204844139074,2489.6967297856418,397.92375462826556,0.0,0.9067220453285828,0.9102564102564102,0.08974358974358974,31.919188843405664,474.0
point_gbdt_safety,FOODS_3_533_TX_3,2414.9991274371723,2414.9991274371723,0.0,0.0,1.0,1.0,0.0,30.961527274835543,110.0
point_gbdt_safety,FOODS_3_533_WI_3,2428.7434906652743,2428.7434906652743,0.0,0.0,1.0,1.0,0.0,31.137737059811208,182.0
point_gbdt_safety,FOODS_3_538_WI_1,2660.0888811343407,2630.462345656611,29.626535477729774,0.0,0.9783431758203731,0.9743589743589743,0.02564102564102564,33.723876226366805,152.0
point_gbdt_safety,FOODS_3_544_TX_2,2351.266027043614,2351.266027043614,0.0,0.0,1.0,1.0,0.0,30.1444362441489,59.0
point_gbdt_safety,FOODS_3_545_CA_2,2703.871814763651,2703.871814763651,0.0,0.0,1.0,1.0,0.0,34.665023266200656,41.0
point_gbdt_safety,FOODS_3_546_CA_1,5886.065741009013,5365.561257635535,520.5044833734787,0.0,0.8181326053901192,0.8717948717948718,0.1282051282051282,68.78924689276327,318.0
point_gbdt_safety,FOODS_3_546_CA_3,3718.5402157958997,3586.639703032203,131.9005127636963,0.0,0.9530268829189117,0.9615384615384616,0.038461538461538464,45.98256029528466,312.0
point_gbdt_safety,FOODS_3_550_TX_1,2396.4852141768,2396.4852141768,0.0,0.0,1.0,1.0,0.0,30.72416941252308,14.0
point_gbdt_safety,FOODS_3_555_CA_3,10949.706090930598,7522.839299373985,3426.866791556612,0.0,0.8319669122508281,0.8076923076923077,0.19230769230769232,96.44665768428186,2266.0
point_gbdt_safety,FOODS_3_558_CA_4,2423.6988650897715,2423.6988650897715,0.0,0.0,1.0,1.0,0.0,31.073062372945788,0.0
point_gbdt_safety,FOODS_3_563_WI_1,3635.9417800528395,3635.9417800528395,0.0,0.0,1.0,1.0,0.0,46.61463820580563,11.0
point_gbdt_safety,FOODS_3_573_WI_2,3313.3477183210193,3313.3477183210193,0.0,0.0,1.0,1.0,0.0,42.47881690155153,154.0
point_gbdt_safety,FOODS_3_575_CA_1,2210.461504476841,2210.461504476841,0.0,0.0,1.0,1.0,0.0,28.3392500573954,52.0
point_gbdt_safety,FOODS_3_575_WI_1,2122.476783393383,2122.476783393383,0.0,0.0,1.0,1.0,0.0,27.211240812735678,42.0
point_gbdt_safety,FOODS_3_575_WI_2,2130.0740600532367,2130.0740600532367,0.0,0.0,1.0,1.0,0.0,27.308641795554315,40.0
point_gbdt_safety,FOODS_3_578_WI_1,9416.77942725599,9416.77942725599,0.0,0.0,1.0,1.0,0.0,120.72794137507678,0.0
point_gbdt_safety,FOODS_3_580_CA_1,4333.698698741217,4199.178388787305,134.52030995391232,0.0,0.9473707707535555,0.9615384615384616,0.038461538461538464,53.83562036906802,284.0
point_gbdt_safety,FOODS_3_580_CA_3,5798.326935473904,5502.263723248073,296.0632122258309,0.0,0.9424896635147959,0.9102564102564102,0.08974358974358974,70.54184260574452,572.0
point_gbdt_safety,FOODS_3_582_CA_1,2094.9229093544336,2094.9229093544336,0.0,0.0,1.0,1.0,0.0,26.857986017364535,66.0
point_gbdt_safety,FOODS_3_585_WI_1,2174.197677551968,2174.197677551968,0.0,0.0,1.0,1.0,0.0,27.874329199384203,50.0
point_gbdt_safety,FOODS_3_588_WI_3,2453.173784489805,2453.173784489805,0.0,0.0,1.0,1.0,0.0,31.450945954997497,91.0
point_gbdt_safety,FOODS_3_596_WI_1,2441.687807458395,2441.687807458395,0.0,0.0,1.0,1.0,0.0,31.303689839210193,159.0
point_gbdt_safety,FOODS_3_599_TX_3,3673.8732373623748,3673.8732373623748,0.0,0.0,1.0,1.0,0.0,47.100938940543266,2.0
point_gbdt_safety,FOODS_3_605_WI_3,2228.791428375533,2228.791428375533,0.0,0.0,1.0,1.0,0.0,28.574249081737605,38.0
point_gbdt_safety,FOODS_3_606_TX_3,2364.087708573432,2364.087708573432,0.0,0.0,1.0,1.0,0.0,30.30881677658246,65.0
point_gbdt_safety,FOODS_3_608_CA_3,2817.6968057318463,2817.6968057318463,0.0,0.0,1.0,1.0,0.0,36.124318022203155,51.0
point_gbdt_safety,FOODS_3_610_TX_1,3310.2213406031933,3310.2213406031933,0.0,0.0,1.0,1.0,0.0,42.43873513593837,16.0
point_gbdt_safety,FOODS_3_615_CA_4,2351.7968404138815,2351.7968404138815,0.0,0.0,1.0,1.0,0.0,30.15124154376771,94.0
point_gbdt_safety,FOODS_3_618_WI_3,4343.386508202215,3630.7967585148194,712.5897496873954,0.0,0.5475620636905426,0.8717948717948718,0.1282051282051282,46.548676391215636,175.0
point_gbdt_safety,FOODS_3_625_TX_1,2479.308359733423,2479.308359733423,0.0,0.0,1.0,1.0,0.0,31.786004611966963,4.0
point_gbdt_safety,FOODS_3_626_WI_1,2410.9560605136253,2410.9560605136253,0.0,0.0,1.0,1.0,0.0,30.909693083508017,19.0
point_gbdt_safety,FOODS_3_626_WI_2,2456.619720968695,2456.619720968695,0.0,0.0,1.0,1.0,0.0,31.495124627803786,20.0
point_gbdt_safety,FOODS_3_628_WI_1,3267.4436269390526,2751.6463514000047,515.7972755390481,0.0,0.8268555637666841,0.8461538461538461,0.15384615384615385,35.277517325641085,331.0
point_gbdt_safety,FOODS_3_633_WI_1,3060.202718792516,3060.202718792516,0.0,0.0,1.0,1.0,0.0,39.23336818964764,64.0
point_gbdt_safety,FOODS_3_634_CA_4,3711.1473954904955,3388.017145970233,323.13024952026274,0.0,0.8418354138422601,0.8974358974358975,0.10256410256410256,43.43611725602862,227.0
point_gbdt_safety,FOODS_3_638_TX_3,2354.740335041913,2354.740335041913,0.0,0.0,1.0,1.0,0.0,30.1889786543835,52.0
point_gbdt_safety,FOODS_3_640_WI_2,2784.360699527791,2784.360699527791,0.0,0.0,1.0,1.0,0.0,35.69693204522809,82.0
point_gbdt_safety,FOODS_3_642_TX_3,2531.8877951341974,2531.8877951341974,0.0,0.0,1.0,1.0,0.0,32.46009993761792,57.0
point_gbdt_safety,FOODS_3_644_WI_2,2800.5350341670337,2800.5350341670337,0.0,0.0,1.0,1.0,0.0,35.90429530983376,10.0
point_gbdt_safety,FOODS_3_646_CA_2,2056.0112535366034,2016.2719738957026,39.73927964090092,0.0,0.926408741405739,0.9743589743589743,0.02564102564102564,25.849640690970546,60.0
point_gbdt_safety,FOODS_3_646_WI_3,2287.8729090615693,2178.5790755996554,109.29383346191383,0.0,0.8604165600741841,0.9230769230769231,0.07692307692307693,27.93050096922635,87.0
point_gbdt_safety,FOODS_3_651_CA_2,2244.7911023146603,2244.7911023146603,0.0,0.0,1.0,1.0,0.0,28.779373106598207,290.0
point_gbdt_safety,FOODS_3_657_CA_4,2681.0339139217454,2681.0339139217454,0.0,0.0,1.0,1.0,0.0,34.372229665663404,48.0
point_gbdt_safety,FOODS_3_658_WI_1,2640.003061190375,2640.003061190375,0.0,0.0,1.0,1.0,0.0,33.84619309218429,75.0
point_gbdt_safety,FOODS_3_658_WI_3,2404.04459399107,2404.04459399107,0.0,0.0,1.0,1.0,0.0,30.82108453834705,38.0
point_gbdt_safety,FOODS_3_662_WI_2,2478.0482266739023,2478.0482266739023,0.0,0.0,1.0,1.0,0.0,31.769849059921825,11.0
point_gbdt_safety,FOODS_3_663_CA_1,4910.74433627492,4910.74433627492,0.0,0.0,1.0,1.0,0.0,62.95826072147333,0.0
point_gbdt_safety,FOODS_3_663_TX_2,2260.466873337599,2260.466873337599,0.0,0.0,1.0,1.0,0.0,28.980344529969216,84.0
point_gbdt_safety,FOODS_3_667_TX_3,2447.429797967232,2447.429797967232,0.0,0.0,1.0,1.0,0.0,31.377305102144,13.0
point_gbdt_safety,FOODS_3_668_WI_3,4590.950296075979,4139.63467992671,451.315616149269,0.0,0.9309281273111005,0.9230769230769231,0.07692307692307693,53.07223948623987,726.0
point_gbdt_safety,FOODS_3_669_TX_1,4764.927967998968,4680.576152184358,84.35181581460944,0.0,0.9464432915462797,0.9487179487179487,0.05128205128205128,60.007386566466124,175.0
point_gbdt_safety,FOODS_3_670_CA_4,2506.8338268788925,2506.8338268788925,0.0,0.0,1.0,1.0,0.0,32.13889521639606,21.0
point_gbdt_safety,FOODS_3_672_TX_2,5943.48802859679,3868.0381800628957,2075.449848533894,0.0,0.7095648126876722,0.7307692307692307,0.2692307692307692,49.59023307772943,794.0
point_gbdt_safety,FOODS_3_677_WI_2,2341.375938205392,2341.375938205392,0.0,0.0,1.0,1.0,0.0,30.01764023340246,76.0
point_gbdt_safety,FOODS_3_691_WI_1,2572.581911093438,2572.581911093438,0.0,0.0,1.0,1.0,0.0,32.981819372992796,31.0
point_gbdt_safety,FOODS_3_693_WI_2,2528.441955785095,2528.441955785095,0.0,0.0,1.0,1.0,0.0,32.41592251006532,7.0
point_gbdt_safety,FOODS_3_694_WI_3,18211.94465320705,12849.852988025401,5362.091665181649,0.0,0.8333460243921788,0.8205128205128205,0.1794871794871795,164.74170497468464,3575.0
point_gbdt_safety,FOODS_3_705_TX_2,2366.3703387433807,2366.3703387433807,0.0,0.0,1.0,1.0,0.0,30.33808126594078,47.0
point_gbdt_safety,FOODS_3_711_CA_3,10057.416679093585,8367.18390574461,1690.2327733489756,0.0,0.8231604129159892,0.8076923076923077,0.19230769230769232,107.27158853518732,1062.0
point_gbdt_safety,FOODS_3_712_CA_3,2945.804836379984,2841.277439060143,104.5273973198408,0.0,0.9300352092906018,0.9743589743589743,0.02564102564102564,36.4266338341044,166.0
point_gbdt_safety,FOODS_3_718_TX_1,2477.6011349645887,2477.6011349645887,0.0,0.0,1.0,1.0,0.0,31.764117114930624,6.0
point_gbdt_safety,FOODS_3_723_WI_3,14238.782486668466,10419.380874942528,3819.401611725938,0.0,0.8211639456980877,0.8076923076923077,0.19230769230769232,133.58180608900676,2373.0
point_gbdt_safety,FOODS_3_727_WI_3,2714.8553335456513,2510.9445652267345,203.91076831891684,0.0,0.9216029341334422,0.8974358974358975,0.10256410256410256,32.19159699008634,289.0
point_gbdt_safety,FOODS_3_730_CA_3,2364.276929891621,2364.276929891621,0.0,0.0,1.0,1.0,0.0,30.311242690918217,99.0
point_gbdt_safety,FOODS_3_734_TX_1,4547.377361113943,4377.1085012980475,170.26885981589592,0.0,0.9632645394140462,0.9615384615384616,0.038461538461538464,56.116775657667276,515.0
point_gbdt_safety,FOODS_3_735_CA_4,2334.1569731228847,2334.1569731228847,0.0,0.0,1.0,1.0,0.0,29.92508939901134,28.0
point_gbdt_safety,FOODS_3_745_TX_3,2792.239563109092,2792.239563109092,0.0,0.0,1.0,1.0,0.0,35.79794311678323,0.0
point_gbdt_safety,FOODS_3_746_CA_4,2600.5356722518504,2600.5356722518504,0.0,0.0,1.0,1.0,0.0,33.340200926305776,167.0
point_gbdt_safety,FOODS_3_749_CA_1,2924.1608659343824,2924.1608659343824,0.0,0.0,1.0,1.0,0.0,37.48924187095362,71.0
point_gbdt_safety,FOODS_3_750_CA_2,2455.7642311164172,2195.1178844417905,260.6463466746268,0.0,0.5741072766754464,0.8589743589743589,0.14102564102564102,28.142536980022953,68.0
point_gbdt_safety,FOODS_3_753_TX_2,2565.8604119409315,2565.8604119409315,0.0,0.0,1.0,1.0,0.0,32.89564630693502,207.0
point_gbdt_safety,FOODS_3_755_TX_3,2607.1434827789203,2607.1434827789203,0.0,0.0,1.0,1.0,0.0,33.424916445883596,104.0
point_gbdt_safety,FOODS_3_756_WI_3,3555.9912103843053,2967.5793795695995,588.4118308147058,0.0,0.8732963327272381,0.8717948717948718,0.1282051282051282,38.04588948166153,516.0
point_gbdt_safety,FOODS_3_757_CA_3,16583.0,16520.0,63.0,0.0,0.9761092150170648,0.9871794871794872,0.01282051282051282,211.7948717948718,293.0
point_gbdt_safety,FOODS_3_763_TX_2,2311.590182310278,2311.590182310278,0.0,0.0,1.0,1.0,0.0,29.63577156808049,10.0
point_gbdt_safety,FOODS_3_766_TX_3,2310.1430998586848,2310.1430998586848,0.0,0.0,1.0,1.0,0.0,29.6172192289575,17.0
point_gbdt_safety,FOODS_3_768_CA_2,1959.526535387764,1931.4482171404877,28.078318247276144,0.0,0.9809767491549619,0.9871794871794872,0.01282051282051282,24.762156630006253,164.0
point_gbdt_safety,FOODS_3_770_WI_3,2436.252621051696,2436.252621051696,0.0,0.0,1.0,1.0,0.0,31.234007962201233,47.0
point_gbdt_safety,FOODS_3_774_WI_2,2343.5118255396887,2343.5118255396887,0.0,0.0,1.0,1.0,0.0,30.045023404354986,49.0
point_gbdt_safety,FOODS_3_779_CA_1,2704.0959522655507,2704.0959522655507,0.0,0.0,1.0,1.0,0.0,34.66789682391732,27.0
point_gbdt_safety,FOODS_3_783_CA_1,3353.914784618383,3302.650375201546,51.2644094168368,0.0,0.9825274678197558,0.9743589743589743,0.02564102564102564,42.3416714769429,326.0
point_gbdt_safety,FOODS_3_783_TX_3,12544.19999999998,12544.19999999998,0.0,0.0,1.0,1.0,0.0,160.82307692307668,96.0
point_gbdt_safety,FOODS_3_786_CA_2,2302.3768285255696,2302.3768285255696,0.0,0.0,1.0,1.0,0.0,29.517651647763714,71.0
point_gbdt_safety,FOODS_3_788_WI_2,2939.852616921992,2825.100352776377,114.75226414561544,0.0,0.9138496515423308,0.9487179487179487,0.05128205128205128,36.21923529200483,148.0
point_gbdt_safety,FOODS_3_791_CA_4,2459.148488985017,2459.148488985017,0.0,0.0,1.0,1.0,0.0,31.527544730577144,53.0
point_gbdt_safety,FOODS_3_791_WI_2,3396.9534206858657,3396.9534206858657,0.0,0.0,1.0,1.0,0.0,43.55068488058802,37.0
point_gbdt_safety,FOODS_3_792_CA_1,2485.1150135544094,2485.1150135544094,0.0,0.0,1.0,1.0,0.0,31.8604488917232,161.0
point_gbdt_safety,FOODS_3_793_WI_1,2233.5257717016225,2183.0046439646803,50.521127736942006,0.0,0.9748275397424305,0.9871794871794872,0.01282051282051282,27.98723902518821,223.0
point_gbdt_safety,FOODS_3_795_WI_2,2985.0162482110063,2946.9773933675538,38.03885484345268,0.0,0.9849052163319633,0.9615384615384616,0.038461538461538464,37.78176145343018,280.0
point_gbdt_safety,FOODS_3_799_TX_1,2407.3442487488824,2407.3442487488824,0.0,0.0,1.0,1.0,0.0,30.86338780447285,6.0
point_gbdt_safety,FOODS_3_802_WI_3,2392.6423677026833,2392.6423677026833,0.0,0.0,1.0,1.0,0.0,30.674902150034402,30.0
point_gbdt_safety,FOODS_3_805_TX_1,2369.1526338563326,2369.1526338563326,0.0,0.0,1.0,1.0,0.0,30.373751716106828,120.0
point_gbdt_safety,FOODS_3_806_CA_1,2542.158352739331,2542.158352739331,0.0,0.0,1.0,1.0,0.0,32.591773753068345,21.0
point_gbdt_safety,FOODS_3_806_CA_4,2491.9736780724807,2491.9736780724807,0.0,0.0,1.0,1.0,0.0,31.948380488108725,10.0
point_gbdt_safety,FOODS_3_809_CA_1,2345.605924537929,2229.6564250331453,115.94949950478333,0.0,0.9303606609580881,0.9487179487179487,0.05128205128205128,28.58533878247622,185.0
point_gbdt_safety,FOODS_3_810_WI_2,2656.7887293330327,2656.7887293330327,0.0,0.0,1.0,1.0,0.0,34.061393965808115,46.0
point_gbdt_safety,FOODS_3_813_TX_1,2255.0194795089833,2255.0194795089833,0.0,0.0,1.0,1.0,0.0,28.910506147551068,27.0
point_gbdt_safety,FOODS_3_814_CA_3,2642.262814514944,2642.262814514944,0.0,0.0,1.0,1.0,0.0,33.875164288653124,205.0
point_gbdt_safety,FOODS_3_818_CA_3,4290.016636964772,4290.016636964772,0.0,0.0,1.0,1.0,0.0,55.000213294420156,399.0
point_gbdt_safety,FOODS_3_821_TX_2,2143.4321725522805,2143.4321725522805,0.0,0.0,1.0,1.0,0.0,27.47989964810616,52.0
point_gbdt_safety,FOODS_3_824_TX_3,2313.957589852122,2313.957589852122,0.0,0.0,1.0,1.0,0.0,29.666122946822078,5.0
point_gbdt_safety,HOBBIES_1_004_WI_3,3201.4769396663814,3201.4769396663814,0.0,0.0,1.0,1.0,0.0,41.04457614956899,134.0
point_gbdt_safety,HOBBIES_1_005_WI_1,2414.0958561169973,2414.0958561169973,0.0,0.0,1.0,1.0,0.0,30.949946873294838,64.0
point_gbdt_safety,HOBBIES_1_009_CA_1,2625.753268443361,2625.753268443361,0.0,0.0,1.0,1.0,0.0,33.66350344158155,28.0
point_gbdt_safety,HOBBIES_1_009_CA_4,3297.0157202353657,3297.0157202353657,0.0,0.0,1.0,1.0,0.0,42.26943231070982,136.0
point_gbdt_safety,HOBBIES_1_010_CA_3,2350.1114631824926,2350.1114631824926,0.0,0.0,1.0,1.0,0.0,30.12963414336529,50.0
point_gbdt_safety,HOBBIES_1_012_TX_2,2212.3940471902743,2212.3940471902743,0.0,0.0,1.0,1.0,0.0,28.36402624602916,20.0
point_gbdt_safety,HOBBIES_1_023_CA_3,1898.7485416333832,1808.2702487327867,90.47829290059636,0.0,0.9281918310312727,0.9487179487179487,0.05128205128205128,23.1829519068306,140.0
point_gbdt_safety,HOBBIES_1_026_CA_4,2166.50268208006,2166.50268208006,0.0,0.0,1.0,1.0,0.0,27.77567541128282,59.0
point_gbdt_safety,HOBBIES_1_027_CA_1,2345.2914237390946,2345.2914237390946,0.0,0.0,1.0,1.0,0.0,30.067838765885828,34.0
point_gbdt_safety,HOBBIES_1_028_WI_3,2202.3663142396313,2202.3663142396313,0.0,0.0,1.0,1.0,0.0,28.23546556717476,25.0
point_gbdt_safety,HOBBIES_1_029_WI_3,2248.6385562282785,2248.6385562282785,0.0,0.0,1.0,1.0,0.0,28.828699438824085,15.0
point_gbdt_safety,HOBBIES_1_030_WI_2,2550.7318118556072,2550.7318118556072,0.0,0.0,1.0,1.0,0.0,32.70168989558471,90.0
point_gbdt_safety,HOBBIES_1_032_CA_2,7019.325943935323,6098.18424103557,921.141702899753,0.0,0.815918924280625,0.8974358974358975,0.10256410256410256,78.18184924404578,556.0
point_gbdt_safety,HOBBIES_1_043_TX_2,2664.2887701652257,2664.2887701652257,0.0,0.0,1.0,1.0,0.0,34.157548335451615,86.0
point_gbdt_safety,HOBBIES_1_043_WI_3,2819.480313065339,2616.3462019246813,203.1341111406578,0.0,0.8793023700887357,0.9230769230769231,0.07692307692307693,33.542900024675404,187.0
point_gbdt_safety,HOBBIES_1_045_CA_4,2451.7602485646157,2451.7602485646157,0.0,0.0,1.0,1.0,0.0,31.432823699546354,14.0
point_gbdt_safety,HOBBIES_1_050_TX_3,1974.4737649166207,1974.4737649166207,0.0,0.0,1.0,1.0,0.0,25.313766216879753,42.0
point_gbdt_safety,HOBBIES_1_054_CA_4,2217.9171748752933,2217.9171748752933,0.0,0.0,1.0,1.0,0.0,28.434835575324275,13.0
point_gbdt_safety,HOBBIES_1_057_WI_1,2441.625574242906,2441.625574242906,0.0,0.0,1.0,1.0,0.0,31.302891977473156,68.0
point_gbdt_safety,HOBBIES_1_061_CA_4,2285.105395944875,2285.105395944875,0.0,0.0,1.0,1.0,0.0,29.296223024934296,10.0
point_gbdt_safety,HOBBIES_1_065_CA_4,2276.342438247462,2276.342438247462,0.0,0.0,1.0,1.0,0.0,29.183877413429,7.0
point_gbdt_safety,HOBBIES_1_070_WI_2,2205.7984246947813,2205.7984246947813,0.0,0.0,1.0,1.0,0.0,28.279466983266428,10.0
point_gbdt_safety,HOBBIES_1_073_CA_2,2305.7868569366024,2305.7868569366024,0.0,0.0,1.0,1.0,0.0,29.56136996072567,57.0
point_gbdt_safety,HOBBIES_1_074_TX_2,2254.378731024697,2254.378731024697,0.0,0.0,1.0,1.0,0.0,28.902291423393553,69.0
point_gbdt_safety,HOBBIES_1_086_CA_3,2305.7873913946605,2305.7873913946605,0.0,0.0,1.0,1.0,0.0,29.56137681275206,111.0
point_gbdt_safety,HOBBIES_1_092_CA_3,2317.534985591404,2317.534985591404,0.0,0.0,1.0,1.0,0.0,29.71198699476159,33.0
point_gbdt_safety,HOBBIES_1_092_TX_1,2409.3548258831192,2409.3548258831192,0.0,0.0,1.0,1.0,0.0,30.889164434398964,29.0
point_gbdt_safety,HOBBIES_1_103_CA_2,3754.934581430988,3716.455437906713,38.47914352427523,0.0,0.987749397158779,0.9871794871794872,0.01282051282051282,47.6468645885476,349.0
point_gbdt_safety,HOBBIES_1_106_TX_3,2300.9715888326436,2300.9715888326436,0.0,0.0,1.0,1.0,0.0,29.499635754264663,31.0
point_gbdt_safety,HOBBIES_1_106_WI_3,2324.6786750505653,2324.6786750505653,0.0,0.0,1.0,1.0,0.0,29.80357275705853,11.0
point_gbdt_safety,HOBBIES_1_107_WI_2,2321.995692136498,2321.995692136498,0.0,0.0,1.0,1.0,0.0,29.76917554021151,50.0
point_gbdt_safety,HOBBIES_1_108_CA_3,2481.3407480098526,2481.3407480098526,0.0,0.0,1.0,1.0,0.0,31.812060871921187,65.0
point_gbdt_safety,HOBBIES_1_109_CA_3,2472.014568795734,2472.014568795734,0.0,0.0,1.0,1.0,0.0,31.692494471740176,34.0
point_gbdt_safety,HOBBIES_1_110_CA_3,2407.2595529884647,2407.2595529884647,0.0,0.0,1.0,1.0,0.0,30.862301961390575,21.0
point_gbdt_safety,HOBBIES_1_110_WI_3,2238.8287991417255,2238.8287991417255,0.0,0.0,1.0,1.0,0.0,28.702933322329816,12.0
point_gbdt_safety,HOBBIES_1_113_TX_2,2331.3830645153535,2331.3830645153535,0.0,0.0,1.0,1.0,0.0,29.889526468145558,21.0
point_gbdt_safety,HOBBIES_1_116_CA_1,2153.223343451887,2153.223343451887,0.0,0.0,1.0,1.0,0.0,27.6054274801524,49.0
point_gbdt_safety,HOBBIES_1_116_WI_3,2300.2050122226296,2300.2050122226296,0.0,0.0,1.0,1.0,0.0,29.489807849008074,11.0
point_gbdt_safety,HOBBIES_1_117_CA_1,2183.8009151936913,2183.8009151936913,0.0,0.0,1.0,1.0,0.0,27.99744763068835,19.0
point_gbdt_safety,HOBBIES_1_122_WI_3,2438.4320549520644,2438.4320549520644,0.0,0.0,1.0,1.0,0.0,31.261949422462365,8.0
point_gbdt_safety,HOBBIES_1_124_TX_3,2368.441612861532,2368.441612861532,0.0,0.0,1.0,1.0,0.0,30.364636062327335,26.0
point_gbdt_safety,HOBBIES_1_133_WI_1,2424.077360620909,2424.077360620909,0.0,0.0,1.0,1.0,0.0,31.077914879755244,0.0
point_gbdt_safety,HOBBIES_1_134_CA_4,2205.5118081995793,2205.5118081995793,0.0,0.0,1.0,1.0,0.0,28.275792412815118,228.0
point_gbdt_safety,HOBBIES_1_135_WI_1,2328.304064675613,2328.304064675613,0.0,0.0,1.0,1.0,0.0,29.850052111225807,51.0
point_gbdt_safety,HOBBIES_1_137_TX_1,2130.6986029340264,2130.6986029340264,0.0,0.0,1.0,1.0,0.0,27.31664875556444,48.0
point_gbdt_safety,HOBBIES_1_143_WI_1,2174.760260455113,2174.760260455113,0.0,0.0,1.0,1.0,0.0,27.881541800706575,22.0
point_gbdt_safety,HOBBIES_1_151_TX_1,2193.9231106062857,2193.9231106062857,0.0,0.0,1.0,1.0,0.0,28.12721936674725,53.0
point_gbdt_safety,HOBBIES_1_152_CA_1,2490.0821987644954,2490.0821987644954,0.0,0.0,1.0,1.0,0.0,31.924130753390966,70.0
point_gbdt_safety,HOBBIES_1_152_CA_3,2466.2406963567055,2466.2406963567055,0.0,0.0,1.0,1.0,0.0,31.61847046611161,65.0
point_gbdt_safety,HOBBIES_1_155_CA_2,2291.390814362017,2291.390814362017,0.0,0.0,1.0,1.0,0.0,29.376805312333552,109.0
point_gbdt_safety,HOBBIES_1_162_TX_1,2305.928330628926,2305.928330628926,0.0,0.0,1.0,1.0,0.0,29.563183726011868,6.0
point_gbdt_safety,HOBBIES_1_162_TX_2,2215.033715831865,2215.033715831865,0.0,0.0,1.0,1.0,0.0,28.397868151690574,26.0
point_gbdt_safety,HOBBIES_1_170_TX_2,2253.192319869087,2253.192319869087,0.0,0.0,1.0,1.0,0.0,28.887081023962654,14.0
point_gbdt_safety,HOBBIES_1_173_CA_4,2194.584560610723,2194.584560610723,0.0,0.0,1.0,1.0,0.0,28.135699495009273,20.0
point_gbdt_safety,HOBBIES_1_175_WI_1,2388.2634152625596,2388.2634152625596,0.0,0.0,1.0,1.0,0.0,30.61876173413538,12.0
point_gbdt_safety,HOBBIES_1_176_TX_3,2011.474796841286,2011.474796841286,0.0,0.0,1.0,1.0,0.0,25.788138421042127,53.0
point_gbdt_safety,HOBBIES_1_184_CA_1,2413.1585202977444,2413.1585202977444,0.0,0.0,1.0,1.0,0.0,30.93792974740698,10.0
point_gbdt_safety,HOBBIES_1_186_TX_1,2270.3376715953445,2270.3376715953445,0.0,0.0,1.0,1.0,0.0,29.10689322558134,12.0
point_gbdt_safety,HOBBIES_1_187_CA_2,2173.3245563141004,2173.3245563141004,0.0,0.0,1.0,1.0,0.0,27.863135337360262,22.0
point_gbdt_safety,HOBBIES_1_190_TX_2,2285.010283416782,2285.010283416782,0.0,0.0,1.0,1.0,0.0,29.295003633548486,11.0
point_gbdt_safety,HOBBIES_1_194_TX_3,2477.664922501828,2477.664922501828,0.0,0.0,1.0,1.0,0.0,31.76493490386959,118.0
point_gbdt_safety,HOBBIES_1_200_CA_4,2234.331779949952,2234.331779949952,0.0,0.0,1.0,1.0,0.0,28.64527923012759,50.0
point_gbdt_safety,HOBBIES_1_209_CA_3,5885.1375979169925,5125.671760612949,759.4658373040442,0.0,0.8263681213296652,0.8461538461538461,0.15384615384615385,65.71374052067883,486.0
point_gbdt_safety,HOBBIES_1_212_CA_2,2620.4538510602615,2620.4538510602615,0.0,0.0,1.0,1.0,0.0,33.595562193080276,6.0
point_gbdt_safety,HOBBIES_1_232_WI_3,2376.202259894051,2376.202259894051,0.0,0.0,1.0,1.0,0.0,30.46413153710322,48.0
point_gbdt_safety,HOBBIES_1_239_TX_1,2259.8458499504213,2259.8458499504213,0.0,0.0,1.0,1.0,0.0,28.972382691672067,16.0
point_gbdt_safety,HOBBIES_1_240_CA_2,2191.2011208959825,2191.2011208959825,0.0,0.0,1.0,1.0,0.0,28.092322062769007,103.0
point_gbdt_safety,HOBBIES_1_242_TX_3,2388.375200423021,2388.375200423021,0.0,0.0,1.0,1.0,0.0,30.620194877218218,43.0
point_gbdt_safety,HOBBIES_1_245_TX_1,2216.042855518101,2216.042855518101,0.0,0.0,1.0,1.0,0.0,28.410805839975655,10.0
point_gbdt_safety,HOBBIES_1_245_WI_1,2182.022559459999,2182.022559459999,0.0,0.0,1.0,1.0,0.0,27.974648198205113,32.0
point_gbdt_safety,HOBBIES_1_252_TX_1,2238.878418953186,2238.878418953186,0.0,0.0,1.0,1.0,0.0,28.703569473758797,56.0
point_gbdt_safety,HOBBIES_1_257_CA_2,2338.0357379413977,2338.0357379413977,0.0,0.0,1.0,1.0,0.0,29.974817153094843,19.0
point_gbdt_safety,HOBBIES_1_261_WI_3,2915.2273506800293,2591.4222034482063,323.8051472318232,0.0,0.7990036330032135,0.9615384615384616,0.038461538461538464,33.22336158266931,179.0
point_gbdt_safety,HOBBIES_1_264_TX_2,2166.9639045608765,2166.9639045608765,0.0,0.0,1.0,1.0,0.0,27.781588520011237,34.0
point_gbdt_safety,HOBBIES_1_267_CA_3,2393.7286837534257,2393.7286837534257,0.0,0.0,1.0,1.0,0.0,30.688829278890072,14.0
point_gbdt_safety,HOBBIES_1_267_WI_2,2272.6355349147693,2272.6355349147693,0.0,0.0,1.0,1.0,0.0,29.136353011727813,6.0
point_gbdt_safety,HOBBIES_1_277_CA_1,2700.2442290853373,2700.2442290853373,0.0,0.0,1.0,1.0,0.0,34.618515757504326,17.0
point_gbdt_safety,HOBBIES_1_279_CA_4,2332.5691899258427,2332.5691899258427,0.0,0.0,1.0,1.0,0.0,29.90473320417747,52.0
point_gbdt_safety,HOBBIES_1_279_TX_3,2253.039173135283,2253.039173135283,0.0,0.0,1.0,1.0,0.0,28.8851176042985,71.0
point_gbdt_safety,HOBBIES_1_285_CA_4,2270.9731730245817,2270.9731730245817,0.0,0.0,1.0,1.0,0.0,29.11504067980233,8.0
point_gbdt_safety,HOBBIES_1_287_WI_1,2391.8734727999613,2391.8734727999613,0.0,0.0,1.0,1.0,0.0,30.66504452307643,38.0
point_gbdt_safety,HOBBIES_1_289_WI_1,2147.541284403654,2147.541284403654,0.0,0.0,1.0,1.0,0.0,27.532580569277616,62.0
point_gbdt_safety,HOBBIES_1_290_CA_4,2430.9875316458556,2430.9875316458556,0.0,0.0,1.0,1.0,0.0,31.166506815972507,3.0
point_gbdt_safety,HOBBIES_1_296_CA_1,2309.1695252817585,2309.1695252817585,0.0,0.0,1.0,1.0,0.0,29.604737503612288,36.0
point_gbdt_safety,HOBBIES_1_297_CA_1,2065.451487976426,2065.451487976426,0.0,0.0,1.0,1.0,0.0,26.48014728174905,176.0
point_gbdt_safety,HOBBIES_1_306_CA_4,2231.2540656340566,2231.2540656340566,0.0,0.0,1.0,1.0,0.0,28.605821354282778,43.0
point_gbdt_safety,HOBBIES_1_306_WI_3,2233.6571981654242,2233.6571981654242,0.0,0.0,1.0,1.0,0.0,28.636630745710566,17.0
point_gbdt_safety,HOBBIES_1_309_WI_1,2139.373454418979,2139.373454418979,0.0,0.0,1.0,1.0,0.0,27.427864800243317,16.0
point_gbdt_safety,HOBBIES_1_312_TX_3,2761.6875180343022,2761.6875180343022,0.0,0.0,1.0,1.0,0.0,35.406250231209,73.0
point_gbdt_safety,HOBBIES_1_319_TX_1,2670.592166792879,2670.592166792879,0.0,0.0,1.0,1.0,0.0,34.23836111272922,135.0
point_gbdt_safety,HOBBIES_1_323_CA_3,2053.692346882942,2053.692346882942,0.0,0.0,1.0,1.0,0.0,26.32938906260182,120.0
point_gbdt_safety,HOBBIES_1_328_TX_1,2303.9445274158265,2303.9445274158265,0.0,0.0,1.0,1.0,0.0,29.537750351484956,7.0
point_gbdt_safety,HOBBIES_1_332_WI_1,2398.185839274999,2398.185839274999,0.0,0.0,1.0,1.0,0.0,30.745972298397426,61.0
point_gbdt_safety,HOBBIES_1_333_CA_2,2107.8577427392624,2107.8577427392624,0.0,0.0,1.0,1.0,0.0,27.02381721460593,64.0
point_gbdt_safety,HOBBIES_1_333_TX_1,2229.3189147437483,2229.3189147437483,0.0,0.0,1.0,1.0,0.0,28.581011727483954,14.0
point_gbdt_safety,HOBBIES_1_334_TX_1,2278.4137355550847,2278.4137355550847,0.0,0.0,1.0,1.0,0.0,29.210432507116472,11.0
point_gbdt_safety,HOBBIES_1_344_CA_3,2516.2608348660565,2516.2608348660565,0.0,0.0,1.0,1.0,0.0,32.25975429315457,92.0
point_gbdt_safety,HOBBIES_1_346_CA_4,2503.4557769246367,2503.4557769246367,0.0,0.0,1.0,1.0,0.0,32.09558688364919,19.0
point_gbdt_safety,HOBBIES_1_348_CA_4,8698.19853679577,8117.2604391676205,580.9380976281491,0.0,0.8440853200139159,0.8974358974358975,0.10256410256410256,104.06744152779001,414.0
point_gbdt_safety,HOBBIES_1_352_CA_2,2370.2007174765445,2370.2007174765445,0.0,0.0,1.0,1.0,0.0,30.387188685596723,85.0
point_gbdt_safety,HOBBIES_1_361_CA_4,2192.377931414161,2192.377931414161,0.0,0.0,1.0,1.0,0.0,28.10740937710463,30.0
point_gbdt_safety,HOBBIES_1_362_WI_2,2355.4626433096137,2355.4626433096137,0.0,0.0,1.0,1.0,0.0,30.19823901678992,4.0
point_gbdt_safety,HOBBIES_1_367_TX_1,2309.812429145259,2309.812429145259,0.0,0.0,1.0,1.0,0.0,29.612979860836656,52.0
point_gbdt_safety,HOBBIES_1_368_CA_1,2204.1548179831743,2204.1548179831743,0.0,0.0,1.0,1.0,0.0,28.258395102348388,33.0
point_gbdt_safety,HOBBIES_1_372_TX_1,2277.592496852555,2277.592496852555,0.0,0.0,1.0,1.0,0.0,29.199903805801988,65.0
point_gbdt_safety,HOBBIES_1_373_TX_1,2239.0732695177753,2239.0732695177753,0.0,0.0,1.0,1.0,0.0,28.706067557920196,46.0
point_gbdt_safety,HOBBIES_1_374_WI_3,2196.6480832622124,2196.6480832622124,0.0,0.0,1.0,1.0,0.0,28.162154913618107,17.0
point_gbdt_safety,HOBBIES_1_375_WI_1,2297.934584557064,2297.934584557064,0.0,0.0,1.0,1.0,0.0,29.460699802013643,8.0
point_gbdt_safety,HOBBIES_1_380_CA_2,2558.684779105924,2558.684779105924,0.0,0.0,1.0,1.0,0.0,32.80365101417851,27.0
point_gbdt_safety,HOBBIES_1_381_TX_2,3683.3819170761726,3573.352422001153,110.02949507501935,0.0,0.9616755503047653,0.9743589743589743,0.02564102564102564,45.81221053847632,319.0
point_gbdt_safety,HOBBIES_1_385_CA_1,2351.741393122603,2351.741393122603,0.0,0.0,1.0,1.0,0.0,30.15053068105901,8.0
point_gbdt_safety,HOBBIES_1_386_CA_3,2722.7075414489254,2722.7075414489254,0.0,0.0,1.0,1.0,0.0,34.90650694165289,15.0
point_gbdt_safety,HOBBIES_1_386_WI_3,2281.7518059385275,2281.7518059385275,0.0,0.0,1.0,1.0,0.0,29.253228281263173,6.0
point_gbdt_safety,HOBBIES_1_389_CA_3,2402.5078438297282,2402.5078438297282,0.0,0.0,1.0,1.0,0.0,30.801382613201643,21.0
point_gbdt_safety,HOBBIES_1_390_TX_1,2183.586984471309,2183.586984471309,0.0,0.0,1.0,1.0,0.0,27.994704929119344,15.0
point_gbdt_safety,HOBBIES_1_393_TX_2,2197.4097260801796,2197.4097260801796,0.0,0.0,1.0,1.0,0.0,28.17191956513051,19.0
point_gbdt_safety,HOBBIES_1_398_TX_3,2524.7462659199937,2524.7462659199937,0.0,0.0,1.0,1.0,0.0,32.36854187076915,34.0
point_gbdt_safety,HOBBIES_1_399_TX_3,2711.0877247705,2711.0877247705,0.0,0.0,1.0,1.0,0.0,34.757534932955124,5.0
point_gbdt_safety,HOBBIES_1_400_CA_3,2368.410075625688,2368.410075625688,0.0,0.0,1.0,1.0,0.0,30.36423173879087,88.0
point_gbdt_safety,HOBBIES_1_405_TX_3,2294.2353500461013,2294.2353500461013,0.0,0.0,1.0,1.0,0.0,29.41327371853976,9.0
point_gbdt_safety,HOBBIES_1_406_CA_1,2414.1426186215544,2414.1426186215544,0.0,0.0,1.0,1.0,0.0,30.95054639258403,7.0
point_gbdt_safety,HOBBIES_1_410_TX_1,2331.406354796367,2331.406354796367,0.0,0.0,1.0,1.0,0.0,29.889825061491884,5.0
point_gbdt_safety,HOBBIES_1_415_CA_1,2172.3321325115444,2172.3321325115444,0.0,0.0,1.0,1.0,0.0,27.85041195527621,63.0
point_gbdt_safety,HOBBIES_1_418_TX_1,2586.074645012881,2586.074645012881,0.0,0.0,1.0,1.0,0.0,33.15480314119078,17.0
point_gbdt_safety,HOBBIES_1_419_CA_4,2286.7735734600024,2286.7735734600024,0.0,0.0,1.0,1.0,0.0,29.317609916153877,5.0
point_gbdt_safety,HOBBIES_2_007_TX_3,2457.5686245539378,2457.5686245539378,0.0,0.0,1.0,1.0,0.0,31.507290058383816,29.0
point_gbdt_safety,HOBBIES_2_008_WI_3,2270.9813934092676,2270.9813934092676,0.0,0.0,1.0,1.0,0.0,29.115146069349585,19.0
point_gbdt_safety,HOBBIES_2_009_WI_2,2268.1382872344257,2268.1382872344257,0.0,0.0,1.0,1.0,0.0,29.078695990184944,7.0
point_gbdt_safety,HOBBIES_2_012_TX_2,2339.022231105678,2339.022231105678,0.0,0.0,1.0,1.0,0.0,29.98746450135485,11.0
point_gbdt_safety,HOBBIES_2_014_WI_1,2279.8302899691607,2279.8302899691607,0.0,0.0,1.0,1.0,0.0,29.228593461143085,12.0
point_gbdt_safety,HOBBIES_2_018_CA_2,2369.3792547021053,2369.3792547021053,0.0,0.0,1.0,1.0,0.0,30.376657111565454,19.0
point_gbdt_safety,HOBBIES_2_030_TX_2,2274.083992743883,2274.083992743883,0.0,0.0,1.0,1.0,0.0,29.154922983895933,11.0
point_gbdt_safety,HOBBIES_2_030_WI_2,2231.1205849268918,2231.1205849268918,0.0,0.0,1.0,1.0,0.0,28.60411006316528,0.0
point_gbdt_safety,HOBBIES_2_031_CA_2,2376.6994262710623,2376.6994262710623,0.0,0.0,1.0,1.0,0.0,30.47050546501362,26.0
point_gbdt_safety,HOBBIES_2_035_CA_2,2381.2474440224128,2381.2474440224128,0.0,0.0,1.0,1.0,0.0,30.528813384902726,11.0
point_gbdt_safety,HOBBIES_2_038_CA_2,2320.210079056674,2320.210079056674,0.0,0.0,1.0,1.0,0.0,29.746283064829157,26.0
point_gbdt_safety,HOBBIES_2_040_TX_1,2669.6506055955597,2669.6506055955597,0.0,0.0,1.0,1.0,0.0,34.22628981532769,7.0
point_gbdt_safety,HOBBIES_2_041_TX_2,1990.5384169556673,1990.5384169556673,0.0,0.0,1.0,1.0,0.0,25.51972329430343,49.0
point_gbdt_safety,HOBBIES_2_042_TX_2,2399.983535053291,2399.983535053291,0.0,0.0,1.0,1.0,0.0,30.769019680170395,30.0
point_gbdt_safety,HOBBIES_2_045_CA_4,2301.86381486669,2301.86381486669,0.0,0.0,1.0,1.0,0.0,29.51107454957295,13.0
point_gbdt_safety,HOBBIES_2_050_WI_2,2253.272751584474,2253.272751584474,0.0,0.0,1.0,1.0,0.0,28.88811219980095,9.0
point_gbdt_safety,HOBBIES_2_056_WI_3,2402.7644906133223,2402.7644906133223,0.0,0.0,1.0,1.0,0.0,30.804672956581054,3.0
point_gbdt_safety,HOBBIES_2_061_TX_3,2232.8287822776792,2232.8287822776792,0.0,0.0,1.0,1.0,0.0,28.626010029201016,11.0
point_gbdt_safety,HOBBIES_2_072_TX_2,2410.804104350895,2410.804104350895,0.0,0.0,1.0,1.0,0.0,30.90774492757558,6.0
point_gbdt_safety,HOBBIES_2_074_CA_1,2329.696033009987,2329.696033009987,0.0,0.0,1.0,1.0,0.0,29.867897859102396,7.0
point_gbdt_safety,HOBBIES_2_074_CA_3,2376.143314521097,2376.143314521097,0.0,0.0,1.0,1.0,0.0,30.463375827193552,10.0
point_gbdt_safety,HOBBIES_2_076_TX_3,2563.1668780326468,2563.1668780326468,0.0,0.0,1.0,1.0,0.0,32.86111382093137,41.0
point_gbdt_safety,HOBBIES_2_076_WI_1,2661.272682626988,2661.272682626988,0.0,0.0,1.0,1.0,0.0,34.118880546499845,19.0
point_gbdt_safety,HOBBIES_2_077_WI_1,2404.161739215188,2404.161739215188,0.0,0.0,1.0,1.0,0.0,30.822586400194716,0.0
point_gbdt_safety,HOBBIES_2_081_WI_3,2899.1673614678807,2899.1673614678807,0.0,0.0,1.0,1.0,0.0,37.16881232651129,10.0
point_gbdt_safety,HOBBIES_2_083_CA_1,2947.4674172453942,2947.4674172453942,0.0,0.0,1.0,1.0,0.0,37.78804381083839,7.0
point_gbdt_safety,HOBBIES_2_084_WI_3,2256.272284100929,2256.272284100929,0.0,0.0,1.0,1.0,0.0,28.926567744883705,10.0
point_gbdt_safety,HOBBIES_2_086_CA_4,2392.976537874365,2392.976537874365,0.0,0.0,1.0,1.0,0.0,30.67918638300468,3.0
point_gbdt_safety,HOBBIES_2_103_TX_1,2231.61414744755,2231.61414744755,0.0,0.0,1.0,1.0,0.0,28.6104377877891,38.0
point_gbdt_safety,HOBBIES_2_107_WI_3,2393.807119085372,2393.807119085372,0.0,0.0,1.0,1.0,0.0,30.689834860068874,4.0
point_gbdt_safety,HOBBIES_2_114_CA_4,2274.002231882318,2274.002231882318,0.0,0.0,1.0,1.0,0.0,29.153874767722026,9.0
point_gbdt_safety,HOBBIES_2_115_TX_1,2310.25226273387,2310.25226273387,0.0,0.0,1.0,1.0,0.0,29.618618752998334,56.0
point_gbdt_safety,HOBBIES_2_116_CA_1,2354.9422883230836,2354.9422883230836,0.0,0.0,1.0,1.0,0.0,30.191567799013892,22.0
point_gbdt_safety,HOBBIES_2_116_CA_2,2293.208797374858,2293.208797374858,0.0,0.0,1.0,1.0,0.0,29.400112786857154,27.0
point_gbdt_safety,HOBBIES_2_117_TX_1,2679.3866425132,2679.3866425132,0.0,0.0,1.0,1.0,0.0,34.351110801451284,31.0
point_gbdt_safety,HOBBIES_2_118_WI_2,2201.846266890703,2201.846266890703,0.0,0.0,1.0,1.0,0.0,28.228798293470554,0.0
point_gbdt_safety,HOBBIES_2_122_CA_2,3194.4210391035676,3194.4210391035676,0.0,0.0,1.0,1.0,0.0,40.954115885943175,10.0
point_gbdt_safety,HOBBIES_2_122_TX_1,2805.269161011204,2805.269161011204,0.0,0.0,1.0,1.0,0.0,35.964989243733385,23.0
point_gbdt_safety,HOBBIES_2_123_TX_1,2287.773377650283,2287.773377650283,0.0,0.0,1.0,1.0,0.0,29.33042791859337,16.0
point_gbdt_safety,HOBBIES_2_124_TX_3,2782.6370950089363,2597.931565259302,184.70552974963468,0.0,0.6689865058250275,0.9615384615384616,0.038461538461538464,33.306814939221816,62.0
point_gbdt_safety,HOBBIES_2_128_TX_1,2233.333111268401,2233.333111268401,0.0,0.0,1.0,1.0,0.0,28.632475785492318,10.0
point_gbdt_safety,HOBBIES_2_129_WI_1,3018.7012142610697,3018.7012142610697,0.0,0.0,1.0,1.0,0.0,38.701297618731665,24.0
point_gbdt_safety,HOBBIES_2_132_CA_1,2301.2680664011377,2301.2680664011377,0.0,0.0,1.0,1.0,0.0,29.503436748732536,54.0
point_gbdt_safety,HOBBIES_2_133_CA_3,2729.0068807472135,2729.0068807472135,0.0,0.0,1.0,1.0,0.0,34.987267701887355,30.0
point_gbdt_safety,HOBBIES_2_134_TX_3,2397.6982701197217,2397.6982701197217,0.0,0.0,1.0,1.0,0.0,30.739721411791304,10.0
point_gbdt_safety,HOBBIES_2_137_CA_2,2606.853281482919,2606.853281482919,0.0,0.0,1.0,1.0,0.0,33.42119591644768,0.0
point_gbdt_safety,HOBBIES_2_144_WI_1,2360.93247852064,2360.93247852064,0.0,0.0,1.0,1.0,0.0,30.268365109238974,10.0
point_gbdt_safety,HOUSEHOLD_1_005_CA_4,2168.7960946750463,2168.7960946750463,0.0,0.0,1.0,1.0,0.0,27.805078136859567,62.0
point_gbdt_safety,HOUSEHOLD_1_006_CA_4,2329.2473769653548,2329.2473769653548,0.0,0.0,1.0,1.0,0.0,29.86214585853019,52.0
point_gbdt_safety,HOUSEHOLD_1_006_WI_2,2318.9645154715463,2318.9645154715463,0.0,0.0,1.0,1.0,0.0,29.73031430091726,43.0
point_gbdt_safety,HOUSEHOLD_1_008_WI_3,2073.891820660665,2073.891820660665,0.0,0.0,1.0,1.0,0.0,26.58835667513673,25.0
point_gbdt_safety,HOUSEHOLD_1_010_CA_2,2745.9709712684644,2745.9709712684644,0.0,0.0,1.0,1.0,0.0,35.20475604190339,65.0
point_gbdt_safety,HOUSEHOLD_1_013_CA_3,2517.5998654124874,2517.5998654124874,0.0,0.0,1.0,1.0,0.0,32.27692135144215,120.0
point_gbdt_safety,HOUSEHOLD_1_014_CA_2,2747.0897763310263,2747.0897763310263,0.0,0.0,1.0,1.0,0.0,35.219099696551616,125.0
point_gbdt_safety,HOUSEHOLD_1_014_WI_3,2277.0093863939965,2277.0093863939965,0.0,0.0,1.0,1.0,0.0,29.192428030692263,36.0
point_gbdt_safety,HOUSEHOLD_1_015_WI_2,2372.118943254735,2372.118943254735,0.0,0.0,1.0,1.0,0.0,30.41178132377865,1.0
point_gbdt_safety,HOUSEHOLD_1_020_WI_1,2273.484637802229,2273.484637802229,0.0,0.0,1.0,1.0,0.0,29.147238946182423,72.0
point_gbdt_safety,HOUSEHOLD_1_021_WI_2,1763.956247923828,1453.7974642710076,310.15878365282026,0.0,0.8137184482565645,0.8333333333333334,0.16666666666666666,18.638429029115482,185.0
point_gbdt_safety,HOUSEHOLD_1_024_CA_2,2517.1486489629697,2517.1486489629697,0.0,0.0,1.0,1.0,0.0,32.27113652516628,88.0
point_gbdt_safety,HOUSEHOLD_1_026_CA_2,2267.794691478266,2096.515222710529,171.27946876773697,0.0,0.8659785064415203,0.9102564102564102,0.08974358974358974,26.87840029116063,142.0
point_gbdt_safety,HOUSEHOLD_1_029_CA_2,2648.812825805025,2648.812825805025,0.0,0.0,1.0,1.0,0.0,33.959138792372116,117.0
point_gbdt_safety,HOUSEHOLD_1_032_WI_1,2371.208015540545,2371.208015540545,0.0,0.0,1.0,1.0,0.0,30.40010276334032,57.0
point_gbdt_safety,HOUSEHOLD_1_033_TX_2,2851.610175139177,2851.610175139177,0.0,0.0,1.0,1.0,0.0,36.55910480947663,110.0
point_gbdt_safety,HOUSEHOLD_1_034_WI_1,2357.859676686392,2357.859676686392,0.0,0.0,1.0,1.0,0.0,30.228970213928104,18.0
point_gbdt_safety,HOUSEHOLD_1_043_CA_3,2143.5771222704348,2143.5771222704348,0.0,0.0,1.0,1.0,0.0,27.481757977826085,90.0
point_gbdt_safety,HOUSEHOLD_1_049_CA_1,3510.0,3510.0,0.0,0.0,1.0,1.0,0.0,45.0,0.0
point_gbdt_safety,HOUSEHOLD_1_049_WI_1,2236.735098474897,2236.735098474897,0.0,0.0,1.0,1.0,0.0,28.67609100608842,0.0
point_gbdt_safety,HOUSEHOLD_1_051_WI_1,2852.99022683359,2852.99022683359,0.0,0.0,1.0,1.0,0.0,36.57679777991782,264.0
point_gbdt_safety,HOUSEHOLD_1_058_CA_3,2857.159959709706,2836.3436208827848,20.816338826921367,0.0,0.9896744351056938,0.9871794871794872,0.01282051282051282,36.3633797549075,224.0
point_gbdt_safety,HOUSEHOLD_1_068_TX_1,2311.0332839311027,2311.0332839311027,0.0,0.0,1.0,1.0,0.0,29.628631845270547,9.0
point_gbdt_safety,HOUSEHOLD_1_071_CA_1,2976.840266737895,2746.952875609605,229.88739112828975,0.0,0.9274345356286964,0.9102564102564102,0.08974358974358974,35.217344559097505,352.0
point_gbdt_safety,HOUSEHOLD_1_071_TX_2,2595.027455710583,2289.247862893194,305.77959281738936,0.0,0.8982769152304093,0.8846153846153846,0.11538461538461539,29.34933157555377,334.0
point_gbdt_safety,HOUSEHOLD_1_079_WI_1,2225.7198470509306,2215.8365919689336,9.883255081997234,0.0,0.9901068517697725,0.9871794871794872,0.01282051282051282,28.40816143549915,111.0
point_gbdt_safety,HOUSEHOLD_1_080_WI_1,2371.6780630194744,2371.6780630194744,0.0,0.0,1.0,1.0,0.0,30.406129013070185,25.0
point_gbdt_safety,HOUSEHOLD_1_080_WI_2,2329.6206478481226,2329.6206478481226,0.0,0.0,1.0,1.0,0.0,29.866931382668238,45.0
point_gbdt_safety,HOUSEHOLD_1_083_TX_1,3979.5903930808677,3535.789100272657,443.80129280821075,0.0,0.9036889555537737,0.9230769230769231,0.07692307692307693,45.330629490675086,512.0
point_gbdt_safety,HOUSEHOLD_1_083_WI_3,4981.822919461929,4722.11902194005,259.70389752187924,0.0,0.9550529772374734,0.9487179487179487,0.05128205128205128,60.539987460769865,642.0
point_gbdt_safety,HOUSEHOLD_1_088_TX_3,2323.6104167207386,2323.6104167207386,0.0,0.0,1.0,1.0,0.0,29.789877137445366,63.0
point_gbdt_safety,HOUSEHOLD_1_091_WI_3,2254.383085931163,2254.383085931163,0.0,0.0,1.0,1.0,0.0,28.90234725552773,15.0
point_gbdt_safety,HOUSEHOLD_1_093_CA_2,2357.031798752198,2357.031798752198,0.0,0.0,1.0,1.0,0.0,30.21835639425895,100.0
point_gbdt_safety,HOUSEHOLD_1_095_TX_2,2222.1209432428063,2222.1209432428063,0.0,0.0,1.0,1.0,0.0,28.48873004157444,13.0
point_gbdt_safety,HOUSEHOLD_1_095_TX_3,2254.1667930114304,2254.1667930114304,0.0,0.0,1.0,1.0,0.0,28.899574269377315,13.0
point_gbdt_safety,HOUSEHOLD_1_096_WI_2,4538.241448697615,2930.5535622712205,1607.6878864263947,0.0,0.7847807380955294,0.7435897435897436,0.2564102564102564,37.571199516297696,830.0
point_gbdt_safety,HOUSEHOLD_1_098_CA_4,2218.3297797071027,2218.3297797071027,0.0,0.0,1.0,1.0,0.0,28.44012538086029,13.0
point_gbdt_safety,HOUSEHOLD_1_102_WI_3,2182.6355698672223,2159.66018119594,22.97538867128229,0.0,0.9747245449160811,0.9871794871794872,0.01282051282051282,27.687951040973587,101.0
point_gbdt_safety,HOUSEHOLD_1_106_TX_3,3409.135364440425,2105.5253202056315,1303.6100442347933,0.0,0.7621583571912436,0.7564102564102564,0.24358974358974358,26.99391436161066,609.0
point_gbdt_safety,HOUSEHOLD_1_119_TX_2,2934.824632302961,2934.824632302961,0.0,0.0,1.0,1.0,0.0,37.62595682439694,170.0
point_gbdt_safety,HOUSEHOLD_1_120_CA_2,2441.6062842029305,2441.6062842029305,0.0,0.0,1.0,1.0,0.0,31.30264466926834,35.0
point_gbdt_safety,HOUSEHOLD_1_127_WI_1,2250.632632603154,2250.632632603154,0.0,0.0,1.0,1.0,0.0,28.854264520553254,35.0
point_gbdt_safety,HOUSEHOLD_1_128_WI_2,2545.804543471394,2527.804543471394,18.0,0.0,0.9886363636363636,0.9743589743589743,0.02564102564102564,32.40775055732556,176.0
point_gbdt_safety,HOUSEHOLD_1_131_CA_1,2301.08415069441,2301.08415069441,0.0,0.0,1.0,1.0,0.0,29.501078855056537,55.0
point_gbdt_safety,HOUSEHOLD_1_131_TX_1,2024.3345265476835,2024.3345265476835,0.0,0.0,1.0,1.0,0.0,25.953006750611326,67.0
point_gbdt_safety,HOUSEHOLD_1_136_WI_3,2633.139407099086,2633.139407099086,0.0,0.0,1.0,1.0,0.0,33.75819752691136,131.0
point_gbdt_safety,HOUSEHOLD_1_145_CA_2,2903.4101605795186,2903.4101605795186,0.0,0.0,1.0,1.0,0.0,37.2232071869169,233.0
point_gbdt_safety,HOUSEHOLD_1_155_WI_3,2168.504591742845,2168.504591742845,0.0,0.0,1.0,1.0,0.0,27.801340919780067,34.0
point_gbdt_safety,HOUSEHOLD_1_157_WI_1,2519.0236191720724,2519.0236191720724,0.0,0.0,1.0,1.0,0.0,32.29517460477016,23.0
point_gbdt_safety,HOUSEHOLD_1_158_CA_3,2408.5315625786384,2408.5315625786384,0.0,0.0,1.0,1.0,0.0,30.87860977664921,74.0
point_gbdt_safety,HOUSEHOLD_1_160_WI_2,2169.172085353742,2108.7555529930073,60.41653236073478,0.0,0.9467226346025267,0.9487179487179487,0.05128205128205128,27.035327602474453,126.0
point_gbdt_safety,HOUSEHOLD_1_161_CA_2,2366.171866651985,2366.171866651985,0.0,0.0,1.0,1.0,0.0,30.335536751948528,72.0
point_gbdt_safety,HOUSEHOLD_1_162_TX_1,3705.8875235552705,3705.8875235552705,0.0,0.0,1.0,1.0,0.0,47.511378507118856,38.0
point_gbdt_safety,HOUSEHOLD_1_163_CA_1,2339.3432136117726,2339.3432136117726,0.0,0.0,1.0,1.0,0.0,29.991579661689393,22.0
point_gbdt_safety,HOUSEHOLD_1_165_CA_1,2323.2254220911705,2323.2254220911705,0.0,0.0,1.0,1.0,0.0,29.78494130886116,40.0
point_gbdt_safety,HOUSEHOLD_1_165_TX_1,2692.7393135863804,2692.7393135863804,0.0,0.0,1.0,1.0,0.0,34.52229889213308,77.0
point_gbdt_safety,HOUSEHOLD_1_167_WI_1,2365.3003203552394,2365.3003203552394,0.0,0.0,1.0,1.0,0.0,30.32436308147743,32.0
point_gbdt_safety,HOUSEHOLD_1_175_TX_2,2244.2148791165287,2244.2148791165287,0.0,0.0,1.0,1.0,0.0,28.771985629699085,134.0
point_gbdt_safety,HOUSEHOLD_1_175_WI_3,2171.317919891235,2171.317919891235,0.0,0.0,1.0,1.0,0.0,27.837409229374806,33.0
point_gbdt_safety,HOUSEHOLD_1_185_WI_3,2039.0684587166504,2039.0684587166504,0.0,0.0,1.0,1.0,0.0,26.141903316880132,91.0
point_gbdt_safety,HOUSEHOLD_1_186_WI_2,2555.595586737121,2174.7747106752963,380.8208760618244,0.0,0.8977936457160967,0.8974358974358975,0.10256410256410256,27.881727059939696,414.0
point_gbdt_safety,HOUSEHOLD_1_188_TX_2,2407.876884380649,2407.876884380649,0.0,0.0,1.0,1.0,0.0,30.870216466418576,52.0
point_gbdt_safety,HOUSEHOLD_1_190_WI_3,2221.8802073600054,2221.8802073600054,0.0,0.0,1.0,1.0,0.0,28.485643684102634,66.0
point_gbdt_safety,HOUSEHOLD_1_191_TX_3,3384.0310537506516,3384.0310537506516,0.0,0.0,1.0,1.0,0.0,43.38501350962374,86.0
point_gbdt_safety,HOUSEHOLD_1_194_CA_1,2459.096489875173,2459.096489875173,0.0,0.0,1.0,1.0,0.0,31.52687807532273,35.0
point_gbdt_safety,HOUSEHOLD_1_195_CA_2,2479.7466416560296,2479.7466416560296,0.0,0.0,1.0,1.0,0.0,31.79162361097474,31.0
point_gbdt_safety,HOUSEHOLD_1_201_TX_2,2811.6985909005475,2811.6985909005475,0.0,0.0,1.0,1.0,0.0,36.0474178320583,23.0
point_gbdt_safety,HOUSEHOLD_1_205_WI_3,2584.5778972087,2584.5778972087,0.0,0.0,1.0,1.0,0.0,33.1356140667782,56.0
point_gbdt_safety,HOUSEHOLD_1_206_CA_4,2535.6895646383405,2535.6895646383405,0.0,0.0,1.0,1.0,0.0,32.50884057228642,8.0
point_gbdt_safety,HOUSEHOLD_1_207_TX_1,2415.7024802336346,2415.7024802336346,0.0,0.0,1.0,1.0,0.0,30.97054461837993,28.0
point_gbdt_safety,HOUSEHOLD_1_208_WI_3,2811.587788170761,2811.587788170761,0.0,0.0,1.0,1.0,0.0,36.04599728424053,156.0
point_gbdt_safety,HOUSEHOLD_1_211_TX_2,2313.72816274616,2313.72816274616,0.0,0.0,1.0,1.0,0.0,29.663181573668716,49.0
point_gbdt_safety,HOUSEHOLD_1_212_WI_2,2436.1265243375483,2436.1265243375483,0.0,0.0,1.0,1.0,0.0,31.232391337660875,98.0
point_gbdt_safety,HOUSEHOLD_1_216_TX_1,2280.0126586297747,2280.0126586297747,0.0,0.0,1.0,1.0,0.0,29.230931520894547,9.0
point_gbdt_safety,HOUSEHOLD_1_217_WI_3,2294.43634903867,2294.43634903867,0.0,0.0,1.0,1.0,0.0,29.4158506287009,81.0
point_gbdt_safety,HOUSEHOLD_1_218_CA_1,2564.04721200343,2564.04721200343,0.0,0.0,1.0,1.0,0.0,32.872400153890126,74.0
point_gbdt_safety,HOUSEHOLD_1_219_TX_3,2095.348904920818,2095.348904920818,0.0,0.0,1.0,1.0,0.0,26.863447498984844,57.0
point_gbdt_safety,HOUSEHOLD_1_220_TX_3,2251.794594286306,2251.794594286306,0.0,0.0,1.0,1.0,0.0,28.869161465209054,110.0
point_gbdt_safety,HOUSEHOLD_1_221_CA_2,2324.583019274737,2324.583019274737,0.0,0.0,1.0,1.0,0.0,29.802346400958168,74.0
point_gbdt_safety,HOUSEHOLD_1_224_WI_2,2283.6904678350234,2283.6904678350234,0.0,0.0,1.0,1.0,0.0,29.27808292096184,65.0
point_gbdt_safety,HOUSEHOLD_1_225_CA_4,2437.166055652098,2437.166055652098,0.0,0.0,1.0,1.0,0.0,31.245718662206382,58.0
point_gbdt_safety,HOUSEHOLD_1_225_TX_2,2723.8673391832717,2723.8673391832717,0.0,0.0,1.0,1.0,0.0,34.92137614337528,202.0
point_gbdt_safety,HOUSEHOLD_1_230_TX_3,2318.041163948138,2318.041163948138,0.0,0.0,1.0,1.0,0.0,29.718476460873564,18.0
point_gbdt_safety,HOUSEHOLD_1_238_CA_3,2284.3234087590727,2284.3234087590727,0.0,0.0,1.0,1.0,0.0,29.28619754819324,187.0
point_gbdt_safety,HOUSEHOLD_1_244_CA_3,2144.578393524401,2144.578393524401,0.0,0.0,1.0,1.0,0.0,27.494594788774368,155.0
point_gbdt_safety,HOUSEHOLD_1_246_CA_2,3722.9506029301688,3341.095562871015,381.855040059154,0.0,0.9156494278641144,0.9358974358974359,0.0641025641025641,42.83455849834635,503.0
point_gbdt_safety,HOUSEHOLD_1_248_CA_4,2269.776714994245,2269.776714994245,0.0,0.0,1.0,1.0,0.0,29.099701474285194,33.0
point_gbdt_safety,HOUSEHOLD_1_249_WI_3,2205.812636247352,2205.812636247352,0.0,0.0,1.0,1.0,0.0,28.27964918265836,40.0
point_gbdt_safety,HOUSEHOLD_1_264_TX_3,2351.104414118609,2351.104414118609,0.0,0.0,1.0,1.0,0.0,30.142364283571908,23.0
point_gbdt_safety,HOUSEHOLD_1_265_CA_3,2232.1746631894252,2232.1746631894252,0.0,0.0,1.0,1.0,0.0,28.617623887043912,51.0
point_gbdt_safety,HOUSEHOLD_1_272_CA_3,19610.20000000001,19610.20000000001,0.0,0.0,1.0,1.0,0.0,251.41282051282067,186.0
point_gbdt_safety,HOUSEHOLD_1_298_TX_3,2716.2101099445376,2716.2101099445376,0.0,0.0,1.0,1.0,0.0,34.82320653775048,38.0
point_gbdt_safety,HOUSEHOLD_1_304_CA_3,3514.9408512650534,2292.9770767113732,1221.9637745536802,0.0,0.8302828090897667,0.8076923076923077,0.19230769230769232,29.39714200912017,800.0
point_gbdt_safety,HOUSEHOLD_1_304_CA_4,2199.8748393865444,2197.0343007135953,2.8405386729493145,0.0,0.9978958972792967,0.9871794871794872,0.01282051282051282,28.167106419405066,150.0
point_gbdt_safety,HOUSEHOLD_1_309_TX_2,2303.7771058769627,2303.7771058769627,0.0,0.0,1.0,1.0,0.0,29.535603921499522,20.0
point_gbdt_safety,HOUSEHOLD_1_314_TX_3,2444.4862200919097,2444.4862200919097,0.0,0.0,1.0,1.0,0.0,31.33956692425525,54.0
point_gbdt_safety,HOUSEHOLD_1_317_CA_1,2807.896762380302,2807.896762380302,0.0,0.0,1.0,1.0,0.0,35.9986764407731,100.0
point_gbdt_safety,HOUSEHOLD_1_317_TX_3,2584.673960383505,2584.673960383505,0.0,0.0,1.0,1.0,0.0,33.13684564594237,63.0
point_gbdt_safety,HOUSEHOLD_1_320_WI_3,2165.0350219319494,2165.0350219319494,0.0,0.0,1.0,1.0,0.0,27.75685925553781,32.0
point_gbdt_safety,HOUSEHOLD_1_332_WI_3,2388.5289220460345,2388.5289220460345,0.0,0.0,1.0,1.0,0.0,30.62216566725685,5.0
point_gbdt_safety,HOUSEHOLD_1_333_WI_2,2215.880348195051,2215.880348195051,0.0,0.0,1.0,1.0,0.0,28.40872241275706,44.0
point_gbdt_safety,HOUSEHOLD_1_338_WI_1,2272.1404459577375,2272.1404459577375,0.0,0.0,1.0,1.0,0.0,29.130005717406892,77.0
point_gbdt_safety,HOUSEHOLD_1_342_TX_2,2312.3947075419787,2312.3947075419787,0.0,0.0,1.0,1.0,0.0,29.646085994127933,73.0
point_gbdt_safety,HOUSEHOLD_1_344_CA_1,2532.1099778650596,2532.1099778650596,0.0,0.0,1.0,1.0,0.0,32.46294843416743,45.0
point_gbdt_safety,HOUSEHOLD_1_344_TX_1,2669.522370862851,2510.3139206647634,159.2084501980877,0.0,0.9381474552454983,0.9487179487179487,0.05128205128205128,32.1835118033944,286.0
point_gbdt_safety,HOUSEHOLD_1_349_TX_2,2649.2798235739524,2649.2798235739524,0.0,0.0,1.0,1.0,0.0,33.9651259432558,86.0
point_gbdt_safety,HOUSEHOLD_1_361_WI_3,2542.393113716297,2542.393113716297,0.0,0.0,1.0,1.0,0.0,32.594783509183294,174.0
point_gbdt_safety,HOUSEHOLD_1_368_TX_3,2503.5511613307112,2503.5511613307112,0.0,0.0,1.0,1.0,0.0,32.096809760650146,4.0
point_gbdt_safety,HOUSEHOLD_1_369_CA_1,2007.4833103602564,2007.4833103602564,0.0,0.0,1.0,1.0,0.0,25.736965517439184,178.0
point_gbdt_safety,HOUSEHOLD_1_371_CA_1,2472.0278614473564,2472.0278614473564,0.0,0.0,1.0,1.0,0.0,31.692664890350724,116.0
point_gbdt_safety,HOUSEHOLD_1_377_TX_1,2197.137519546576,2197.137519546576,0.0,0.0,1.0,1.0,0.0,28.168429737776616,17.0
point_gbdt_safety,HOUSEHOLD_1_380_CA_1,2326.728615394611,2326.728615394611,0.0,0.0,1.0,1.0,0.0,29.829854043520655,67.0
point_gbdt_safety,HOUSEHOLD_1_384_CA_2,2241.138221484478,2241.138221484478,0.0,0.0,1.0,1.0,0.0,28.73254130108305,65.0
point_gbdt_safety,HOUSEHOLD_1_385_CA_3,3467.5526036174506,3354.590024967888,112.96257864956243,0.0,0.9647432650906484,0.9615384615384616,0.038461538461538464,43.00756442266523,356.0
point_gbdt_safety,HOUSEHOLD_1_386_CA_2,1755.9357458230315,1719.5560871572895,36.379658665741985,0.0,0.9674017395468262,0.9615384615384616,0.038461538461538464,22.04559086099089,124.0
point_gbdt_safety,HOUSEHOLD_1_389_CA_1,4227.599808850898,3941.621299070632,285.97850978026577,0.0,0.9034182675514131,0.9487179487179487,0.05128205128205128,50.53360639834144,329.0
point_gbdt_safety,HOUSEHOLD_1_390_WI_2,2414.833801392373,2414.833801392373,0.0,0.0,1.0,1.0,0.0,30.95940771015863,164.0
point_gbdt_safety,HOUSEHOLD_1_394_CA_3,2403.698699000648,2403.698699000648,0.0,0.0,1.0,1.0,0.0,30.816649987187795,85.0
point_gbdt_safety,HOUSEHOLD_1_395_CA_3,2265.5740556615106,2265.5740556615106,0.0,0.0,1.0,1.0,0.0,29.045821226429624,69.0
point_gbdt_safety,HOUSEHOLD_1_396_TX_1,2370.9456085593692,2370.9456085593692,0.0,0.0,1.0,1.0,0.0,30.396738571273964,109.0
point_gbdt_safety,HOUSEHOLD_1_397_WI_1,2017.2770773704317,1910.3746862057094,106.90239116472225,0.0,0.9309416077747272,0.9358974358974359,0.0641025641025641,24.491983156483453,172.0
point_gbdt_safety,HOUSEHOLD_1_398_CA_4,2101.1213574025983,2101.1213574025983,0.0,0.0,1.0,1.0,0.0,26.93745330003331,30.0
point_gbdt_safety,HOUSEHOLD_1_399_TX_3,3097.068246799223,1741.6439092881428,1355.4243375110802,0.0,0.7555150906365297,0.7564102564102564,0.24358974358974358,22.3287680677967,616.0
point_gbdt_safety,HOUSEHOLD_1_401_CA_2,2247.7557708419,2247.7557708419,0.0,0.0,1.0,1.0,0.0,28.817381677460254,22.0
point_gbdt_safety,HOUSEHOLD_1_402_TX_2,2211.8141527608964,2211.8141527608964,0.0,0.0,1.0,1.0,0.0,28.356591702062776,27.0
point_gbdt_safety,HOUSEHOLD_1_404_TX_2,2495.2817012121554,2495.2817012121554,0.0,0.0,1.0,1.0,0.0,31.99079104118148,60.0
point_gbdt_safety,HOUSEHOLD_1_407_CA_4,2163.150451645345,2163.150451645345,0.0,0.0,1.0,1.0,0.0,27.732698098017245,33.0
point_gbdt_safety,HOUSEHOLD_1_411_WI_3,2704.340965306702,2704.340965306702,0.0,0.0,1.0,1.0,0.0,34.67103801675259,111.0
point_gbdt_safety,HOUSEHOLD_1_415_CA_3,2459.8267636110513,2459.8267636110513,0.0,0.0,1.0,1.0,0.0,31.53624055911604,62.0
point_gbdt_safety,HOUSEHOLD_1_419_WI_2,2310.25446715618,2310.25446715618,0.0,0.0,1.0,1.0,0.0,29.61864701482282,15.0
point_gbdt_safety,HOUSEHOLD_1_421_WI_3,2434.966977707169,2434.966977707169,0.0,0.0,1.0,1.0,0.0,31.217525355220115,67.0
point_gbdt_safety,HOUSEHOLD_1_423_CA_4,2295.7407815322545,2295.7407815322545,0.0,0.0,1.0,1.0,0.0,29.43257412220839,13.0
point_gbdt_safety,HOUSEHOLD_1_425_CA_4,2361.447454787196,2361.447454787196,0.0,0.0,1.0,1.0,0.0,30.274967369066616,82.0
point_gbdt_safety,HOUSEHOLD_1_431_TX_2,2549.795896214708,2528.641590605028,21.15430560968032,0.0,0.9883060776065892,0.9743589743589743,0.02564102564102564,32.41848193083369,201.0
point_gbdt_safety,HOUSEHOLD_1_433_WI_1,2249.4063629803445,2249.4063629803445,0.0,0.0,1.0,1.0,0.0,28.838543115132623,15.0
point_gbdt_safety,HOUSEHOLD_1_437_WI_1,2037.5041265366604,2037.5041265366604,0.0,0.0,1.0,1.0,0.0,26.12184777611103,226.0
point_gbdt_safety,HOUSEHOLD_1_439_WI_3,4090.408097030603,4090.408097030603,0.0,0.0,1.0,1.0,0.0,52.4411294491103,98.0
point_gbdt_safety,HOUSEHOLD_1_442_CA_4,2139.372050550969,2139.372050550969,0.0,0.0,1.0,1.0,0.0,27.4278468019355,57.0
point_gbdt_safety,HOUSEHOLD_1_445_TX_3,1806.5135270575395,1748.1647529747922,58.34877408274724,0.0,0.9645726933316653,0.9358974358974359,0.0641025641025641,22.412368627881953,183.0
point_gbdt_safety,HOUSEHOLD_1_448_CA_4,2569.06706163022,2569.06706163022,0.0,0.0,1.0,1.0,0.0,32.93675720038743,126.0
point_gbdt_safety,HOUSEHOLD_1_450_TX_2,2242.0366409353883,2242.0366409353883,0.0,0.0,1.0,1.0,0.0,28.744059499171644,73.0
point_gbdt_safety,HOUSEHOLD_1_458_CA_2,2118.040745646774,2118.040745646774,0.0,0.0,1.0,1.0,0.0,27.154368533933003,157.0
point_gbdt_safety,HOUSEHOLD_1_459_WI_2,17025.079704596825,11194.731504833924,5830.348199762901,0.0,0.7251521142807288,0.7307692307692307,0.2692307692307692,143.5221987799221,2357.0
point_gbdt_safety,HOUSEHOLD_1_462_WI_1,3580.8889556273166,3542.2692055698285,38.61975005748828,0.0,0.9483002007262539,0.9743589743589743,0.02564102564102564,45.41370776371575,83.0
point_gbdt_safety,HOUSEHOLD_1_467_CA_1,2330.5587848550513,2330.5587848550513,0.0,0.0,1.0,1.0,0.0,29.878958780192963,58.0
point_gbdt_safety,HOUSEHOLD_1_473_WI_2,4724.989399961489,3833.78185216917,891.207547792319,0.0,0.8315934339016783,0.8333333333333334,0.16666666666666666,49.15104938678423,588.0
point_gbdt_safety,HOUSEHOLD_1_474_TX_2,7205.512005205864,5208.650867046291,1996.8611381595729,0.0,0.7531997110172324,0.7051282051282052,0.2948717948717949,66.7775752185422,899.0
point_gbdt_safety,HOUSEHOLD_1_481_CA_1,2084.409764597094,2084.409764597094,0.0,0.0,1.0,1.0,0.0,26.723202110219155,137.0
point_gbdt_safety,HOUSEHOLD_1_482_WI_1,2343.587041894387,2343.587041894387,0.0,0.0,1.0,1.0,0.0,30.045987716594702,64.0
point_gbdt_safety,HOUSEHOLD_1_491_TX_1,2218.901243019903,2218.901243019903,0.0,0.0,1.0,1.0,0.0,28.447451833588502,69.0
point_gbdt_safety,HOUSEHOLD_1_491_WI_3,2237.926174308077,2237.926174308077,0.0,0.0,1.0,1.0,0.0,28.69136120907791,50.0
point_gbdt_safety,HOUSEHOLD_1_492_WI_2,2458.2314966746235,2458.2314966746235,0.0,0.0,1.0,1.0,0.0,31.51578841890543,13.0
point_gbdt_safety,HOUSEHOLD_1_494_CA_2,2794.3938149863475,2794.3938149863475,0.0,0.0,1.0,1.0,0.0,35.825561730594195,219.0
point_gbdt_safety,HOUSEHOLD_1_494_TX_1,2268.5165058964917,2156.2452273890117,112.27127850747985,0.0,0.9563825646824088,0.9615384615384616,0.038461538461538464,27.644169581910408,286.0
point_gbdt_safety,HOUSEHOLD_1_500_TX_3,2264.9886017529143,2264.9886017529143,0.0,0.0,1.0,1.0,0.0,29.038315407088646,6.0
point_gbdt_safety,HOUSEHOLD_1_501_TX_3,2388.5485477710868,2388.5485477710868,0.0,0.0,1.0,1.0,0.0,30.622417279116497,7.0
point_gbdt_safety,HOUSEHOLD_1_503_WI_1,2156.304209758041,2156.304209758041,0.0,0.0,1.0,1.0,0.0,27.64492576612873,91.0
point_gbdt_safety,HOUSEHOLD_1_504_CA_3,2432.7137038110386,2432.7137038110386,0.0,0.0,1.0,1.0,0.0,31.18863722834665,32.0
point_gbdt_safety,HOUSEHOLD_1_504_WI_3,2586.7580349640284,2586.7580349640284,0.0,0.0,1.0,1.0,0.0,33.16356455082088,7.0
point_gbdt_safety,HOUSEHOLD_1_507_WI_3,2392.886666631969,2392.886666631969,0.0,0.0,1.0,1.0,0.0,30.678034187589347,11.0
point_gbdt_safety,HOUSEHOLD_1_510_CA_4,2386.849686056197,2386.849686056197,0.0,0.0,1.0,1.0,0.0,30.60063700072047,121.0
point_gbdt_safety,HOUSEHOLD_1_510_TX_1,2541.6675064068518,2541.6675064068518,0.0,0.0,1.0,1.0,0.0,32.585480851369894,78.0
point_gbdt_safety,HOUSEHOLD_1_520_CA_1,2243.0523745969426,2243.0523745969426,0.0,0.0,1.0,1.0,0.0,28.75708172560183,56.0
point_gbdt_safety,HOUSEHOLD_1_521_CA_2,4396.557493312119,3573.9631617522996,822.594331559819,0.0,0.78028997554492,0.8205128205128205,0.1794871794871795,45.82004053528589,416.0
point_gbdt_safety,HOUSEHOLD_1_521_TX_3,18232.19784314288,17914.923378986812,317.27446415606926,0.0,0.9586235701413577,0.9230769230769231,0.07692307692307693,229.6785048588053,852.0
point_gbdt_safety,HOUSEHOLD_1_527_WI_2,2250.2518812930425,2237.63944815045,12.612433142592579,0.0,0.978103414682999,0.9871794871794872,0.01282051282051282,28.687685232698076,64.0
point_gbdt_safety,HOUSEHOLD_1_529_CA_2,2004.904361600709,2004.904361600709,0.0,0.0,1.0,1.0,0.0,25.703902071803963,95.0
point_gbdt_safety,HOUSEHOLD_1_531_TX_1,2278.29817058319,2278.29817058319,0.0,0.0,1.0,1.0,0.0,29.20895090491269,56.0
point_gbdt_safety,HOUSEHOLD_1_533_WI_1,2331.0128011838974,2331.0128011838974,0.0,0.0,1.0,1.0,0.0,29.88477950235766,39.0
point_gbdt_safety,HOUSEHOLD_1_534_CA_2,2394.3908632524867,2394.3908632524867,0.0,0.0,1.0,1.0,0.0,30.697318759647267,66.0
point_gbdt_safety,HOUSEHOLD_1_534_CA_4,2301.5230680888626,2301.5230680888626,0.0,0.0,1.0,1.0,0.0,29.506706001139264,45.0
point_gbdt_safety,HOUSEHOLD_1_534_TX_1,2371.518494649736,2371.518494649736,0.0,0.0,1.0,1.0,0.0,30.404083264740205,37.0
point_gbdt_safety,HOUSEHOLD_1_537_CA_3,3190.172408477553,3190.172408477553,0.0,0.0,1.0,1.0,0.0,40.89964626253273,187.0
point_gbdt_safety,HOUSEHOLD_1_537_TX_1,2432.060317493775,2432.060317493775,0.0,0.0,1.0,1.0,0.0,31.180260480689423,107.0
point_gbdt_safety,HOUSEHOLD_1_541_CA_2,2951.6808641891157,2951.6808641891157,0.0,0.0,1.0,1.0,0.0,37.842062361398916,192.0
point_gbdt_safety,HOUSEHOLD_2_001_WI_2,2228.7362915087624,2228.7362915087624,0.0,0.0,1.0,1.0,0.0,28.57354219883029,9.0
point_gbdt_safety,HOUSEHOLD_2_004_CA_4,2359.774990754212,2359.774990754212,0.0,0.0,1.0,1.0,0.0,30.2535255224899,6.0
point_gbdt_safety,HOUSEHOLD_2_008_WI_2,2417.911372086564,2417.911372086564,0.0,0.0,1.0,1.0,0.0,30.998863744699538,0.0
point_gbdt_safety,HOUSEHOLD_2_009_CA_1,2138.159513721865,2138.159513721865,0.0,0.0,1.0,1.0,0.0,27.412301457972628,39.0
point_gbdt_safety,HOUSEHOLD_2_010_CA_3,2500.3554169643126,2500.3554169643126,0.0,0.0,1.0,1.0,0.0,32.05583867902965,22.0
point_gbdt_safety,HOUSEHOLD_2_013_WI_3,2216.8117401300906,2216.8117401300906,0.0,0.0,1.0,1.0,0.0,28.420663335001162,10.0
point_gbdt_safety,HOUSEHOLD_2_015_CA_1,2330.394021681345,2330.394021681345,0.0,0.0,1.0,1.0,0.0,29.876846431812112,50.0
point_gbdt_safety,HOUSEHOLD_2_017_CA_1,2353.4829075495977,2353.4829075495977,0.0,0.0,1.0,1.0,0.0,30.172857789097407,29.0
point_gbdt_safety,HOUSEHOLD_2_021_CA_2,2532.93619410297,2532.93619410297,0.0,0.0,1.0,1.0,0.0,32.47354095003808,31.0
point_gbdt_safety,HOUSEHOLD_2_029_WI_2,2255.428921125886,2255.428921125886,0.0,0.0,1.0,1.0,0.0,28.91575539904982,47.0
point_gbdt_safety,HOUSEHOLD_2_032_WI_2,2550.419566409747,2550.419566409747,0.0,0.0,1.0,1.0,0.0,32.69768674884291,7.0
point_gbdt_safety,HOUSEHOLD_2_034_CA_2,2229.685369221127,2229.685369221127,0.0,0.0,1.0,1.0,0.0,28.58570986180932,18.0
point_gbdt_safety,HOUSEHOLD_2_034_CA_3,2536.484635131875,2536.484635131875,0.0,0.0,1.0,1.0,0.0,32.51903378374199,14.0
point_gbdt_safety,HOUSEHOLD_2_038_TX_1,2294.2754154721492,2294.2754154721492,0.0,0.0,1.0,1.0,0.0,29.413787377848067,11.0
point_gbdt_safety,HOUSEHOLD_2_042_WI_2,2437.7084830985136,2437.7084830985136,0.0,0.0,1.0,1.0,0.0,31.252672860237354,2.0
point_gbdt_safety,HOUSEHOLD_2_043_TX_2,2169.520593513953,2169.520593513953,0.0,0.0,1.0,1.0,0.0,27.814366583512218,17.0
point_gbdt_safety,HOUSEHOLD_2_045_CA_4,2181.911711372327,2181.911711372327,0.0,0.0,1.0,1.0,0.0,27.973227068875985,19.0
point_gbdt_safety,HOUSEHOLD_2_047_TX_2,2519.943931835431,2519.943931835431,0.0,0.0,1.0,1.0,0.0,32.30697348506963,40.0
point_gbdt_safety,HOUSEHOLD_2_057_WI_3,2338.04723982243,2338.04723982243,0.0,0.0,1.0,1.0,0.0,29.974964613108078,12.0
point_gbdt_safety,HOUSEHOLD_2_058_TX_2,2273.544982583279,2273.544982583279,0.0,0.0,1.0,1.0,0.0,29.148012597221523,44.0
point_gbdt_safety,HOUSEHOLD_2_063_TX_2,2273.4394171263903,2273.4394171263903,0.0,0.0,1.0,1.0,0.0,29.14665919392808,12.0
point_gbdt_safety,HOUSEHOLD_2_067_CA_2,2294.734805942435,2294.734805942435,0.0,0.0,1.0,1.0,0.0,29.419676999261984,108.0
point_gbdt_safety,HOUSEHOLD_2_073_WI_3,2330.4843644193184,2330.4843644193184,0.0,0.0,1.0,1.0,0.0,29.878004672042543,3.0
point_gbdt_safety,HOUSEHOLD_2_075_CA_4,2145.2714240386895,2145.2714240386895,0.0,0.0,1.0,1.0,0.0,27.503479795367813,38.0
point_gbdt_safety,HOUSEHOLD_2_075_WI_3,2381.1699181870513,2381.1699181870513,0.0,0.0,1.0,1.0,0.0,30.527819463936556,37.0
point_gbdt_safety,HOUSEHOLD_2_077_CA_3,2414.4413223215274,2414.4413223215274,0.0,0.0,1.0,1.0,0.0,30.95437592719907,9.0
point_gbdt_safety,HOUSEHOLD_2_079_TX_1,2261.3466225482325,2261.3466225482325,0.0,0.0,1.0,1.0,0.0,28.99162336600298,14.0
point_gbdt_safety,HOUSEHOLD_2_087_CA_3,2577.0001425557607,2577.0001425557607,0.0,0.0,1.0,1.0,0.0,33.0384633660995,7.0
point_gbdt_safety,HOUSEHOLD_2_089_TX_2,2307.8014443695247,2307.8014443695247,0.0,0.0,1.0,1.0,0.0,29.587198004737495,57.0
point_gbdt_safety,HOUSEHOLD_2_095_CA_2,2301.7784169172733,2301.7784169172733,0.0,0.0,1.0,1.0,0.0,29.509979704067607,40.0
point_gbdt_safety,HOUSEHOLD_2_095_TX_3,2226.8385345271945,2226.8385345271945,0.0,0.0,1.0,1.0,0.0,28.549211981117878,25.0
point_gbdt_safety,HOUSEHOLD_2_110_CA_1,2492.9921547367244,2492.9921547367244,0.0,0.0,1.0,1.0,0.0,31.961437881240055,167.0
point_gbdt_safety,HOUSEHOLD_2_120_TX_2,2237.664515949503,2237.664515949503,0.0,0.0,1.0,1.0,0.0,28.688006614737215,35.0
point_gbdt_safety,HOUSEHOLD_2_123_TX_1,2302.69553778039,2302.69553778039,0.0,0.0,1.0,1.0,0.0,29.521737663851155,42.0
point_gbdt_safety,HOUSEHOLD_2_129_CA_2,2298.502911257645,2298.502911257645,0.0,0.0,1.0,1.0,0.0,29.46798604176468,14.0
point_gbdt_safety,HOUSEHOLD_2_138_CA_3,2515.500070603797,2515.500070603797,0.0,0.0,1.0,1.0,0.0,32.25000090517689,4.0
point_gbdt_safety,HOUSEHOLD_2_139_TX_2,2057.8620275176763,2057.8620275176763,0.0,0.0,1.0,1.0,0.0,26.382846506636877,47.0
point_gbdt_safety,HOUSEHOLD_2_143_CA_1,2052.3197144031333,2052.3197144031333,0.0,0.0,1.0,1.0,0.0,26.31179121029658,22.0
point_gbdt_safety,HOUSEHOLD_2_146_WI_1,2260.737149891396,2260.737149891396,0.0,0.0,1.0,1.0,0.0,28.983809613992253,45.0
point_gbdt_safety,HOUSEHOLD_2_147_CA_3,2429.488084324431,2429.488084324431,0.0,0.0,1.0,1.0,0.0,31.1472831323645,5.0
point_gbdt_safety,HOUSEHOLD_2_149_TX_1,2326.789853802869,2326.789853802869,0.0,0.0,1.0,1.0,0.0,29.83063915131883,6.0
point_gbdt_safety,HOUSEHOLD_2_150_CA_2,2239.3262810630495,2239.3262810630495,0.0,0.0,1.0,1.0,0.0,28.70931129568012,33.0
point_gbdt_safety,HOUSEHOLD_2_158_TX_3,2388.213984703702,2388.213984703702,0.0,0.0,1.0,1.0,0.0,30.61812800902182,0.0
point_gbdt_safety,HOUSEHOLD_2_159_CA_2,2531.0080081665737,2531.0080081665737,0.0,0.0,1.0,1.0,0.0,32.44882061752018,46.0
point_gbdt_safety,HOUSEHOLD_2_160_WI_1,2305.5707540533263,2305.5707540533263,0.0,0.0,1.0,1.0,0.0,29.55859941094008,41.0
point_gbdt_safety,HOUSEHOLD_2_164_CA_1,2261.3899467260953,2261.3899467260953,0.0,0.0,1.0,1.0,0.0,28.99217880418071,12.0
point_gbdt_safety,HOUSEHOLD_2_176_TX_2,3311.9404600218227,2925.32372949614,386.6167305256826,0.0,0.8195066617527159,0.8589743589743589,0.14102564102564102,37.50415037815564,238.0
point_gbdt_safety,HOUSEHOLD_2_179_CA_1,2207.962905963811,2207.962905963811,0.0,0.0,1.0,1.0,0.0,28.30721674312578,28.0
point_gbdt_safety,HOUSEHOLD_2_184_WI_3,2218.644283232616,2218.644283232616,0.0,0.0,1.0,1.0,0.0,28.444157477341232,46.0
point_gbdt_safety,HOUSEHOLD_2_190_WI_1,2449.051456605659,2449.051456605659,0.0,0.0,1.0,1.0,0.0,31.398095597508448,44.0
point_gbdt_safety,HOUSEHOLD_2_193_TX_1,2186.278928650781,2186.278928650781,0.0,0.0,1.0,1.0,0.0,28.02921703398437,22.0
point_gbdt_safety,HOUSEHOLD_2_203_CA_1,2120.479580179181,2088.012120788697,32.4674593904842,0.0,0.9505822535913482,0.9871794871794872,0.01282051282051282,26.769386163957652,73.0
point_gbdt_safety,HOUSEHOLD_2_207_WI_3,2317.883110776273,2317.883110776273,0.0,0.0,1.0,1.0,0.0,29.716450138157345,3.0
point_gbdt_safety,HOUSEHOLD_2_208_CA_3,2539.083522471836,2539.083522471836,0.0,0.0,1.0,1.0,0.0,32.55235285220303,9.0
point_gbdt_safety,HOUSEHOLD_2_217_TX_1,1932.827279327047,1932.827279327047,0.0,0.0,1.0,1.0,0.0,24.779836914449323,92.0
point_gbdt_safety,HOUSEHOLD_2_218_CA_1,2346.414560825359,2346.414560825359,0.0,0.0,1.0,1.0,0.0,30.082237959299473,6.0
point_gbdt_safety,HOUSEHOLD_2_224_TX_1,2199.385109729126,2199.385109729126,0.0,0.0,1.0,1.0,0.0,28.197244996527253,6.0
point_gbdt_safety,HOUSEHOLD_2_226_TX_3,2308.3857203636653,2308.3857203636653,0.0,0.0,1.0,1.0,0.0,29.594688722611092,28.0
point_gbdt_safety,HOUSEHOLD_2_226_WI_1,2148.033727674716,2148.033727674716,0.0,0.0,1.0,1.0,0.0,27.53889394454764,39.0
point_gbdt_safety,HOUSEHOLD_2_234_WI_3,2317.0615502360374,2317.0615502360374,0.0,0.0,1.0,1.0,0.0,29.70591731071843,9.0
point_gbdt_safety,HOUSEHOLD_2_237_CA_2,2299.369204984165,2299.369204984165,0.0,0.0,1.0,1.0,0.0,29.47909237159186,12.0
point_gbdt_safety,HOUSEHOLD_2_238_CA_1,2296.8900279833447,2296.8900279833447,0.0,0.0,1.0,1.0,0.0,29.44730805106852,30.0
point_gbdt_safety,HOUSEHOLD_2_241_CA_2,2192.5871998426705,2192.5871998426705,0.0,0.0,1.0,1.0,0.0,28.110092305675263,18.0
point_gbdt_safety,HOUSEHOLD_2_249_WI_1,2254.3340943281833,2254.3340943281833,0.0,0.0,1.0,1.0,0.0,28.90171915805363,7.0
point_gbdt_safety,HOUSEHOLD_2_257_TX_1,2141.8006501781156,2141.8006501781156,0.0,0.0,1.0,1.0,0.0,27.458982694591224,37.0
point_gbdt_safety,HOUSEHOLD_2_259_CA_2,2351.968974211091,2351.968974211091,0.0,0.0,1.0,1.0,0.0,30.153448387321678,56.0
point_gbdt_safety,HOUSEHOLD_2_259_TX_3,2262.4665757226453,2262.4665757226453,0.0,0.0,1.0,1.0,0.0,29.005981740033913,12.0
point_gbdt_safety,HOUSEHOLD_2_260_WI_1,2263.9001265373054,2263.9001265373054,0.0,0.0,1.0,1.0,0.0,29.02436059663212,16.0
point_gbdt_safety,HOUSEHOLD_2_263_TX_2,2216.6246423020643,2216.6246423020643,0.0,0.0,1.0,1.0,0.0,28.41826464489826,22.0
point_gbdt_safety,HOUSEHOLD_2_263_TX_3,2602.7234269540436,2602.7234269540436,0.0,0.0,1.0,1.0,0.0,33.36824906351338,6.0
point_gbdt_safety,HOUSEHOLD_2_264_WI_3,2173.460113893796,2173.460113893796,0.0,0.0,1.0,1.0,0.0,27.864873255048668,34.0
point_gbdt_safety,HOUSEHOLD_2_265_WI_1,2200.028381056679,2200.028381056679,0.0,0.0,1.0,1.0,0.0,28.205492064829215,26.0
point_gbdt_safety,HOUSEHOLD_2_275_CA_2,2324.9741501572626,2324.9741501572626,0.0,0.0,1.0,1.0,0.0,29.807360899452085,48.0
point_gbdt_safety,HOUSEHOLD_2_280_TX_2,2216.3650334805316,2216.3650334805316,0.0,0.0,1.0,1.0,0.0,28.41493632667348,30.0
point_gbdt_safety,HOUSEHOLD_2_280_WI_3,2266.557548389242,2266.557548389242,0.0,0.0,1.0,1.0,0.0,29.058430107554386,16.0
point_gbdt_safety,HOUSEHOLD_2_288_TX_3,2361.530229618139,2361.530229618139,0.0,0.0,1.0,1.0,0.0,30.276028584847936,13.0
point_gbdt_safety,HOUSEHOLD_2_294_CA_1,3168.3422373851918,3168.3422373851918,0.0,0.0,1.0,1.0,0.0,40.61977227416912,112.0
point_gbdt_safety,HOUSEHOLD_2_294_WI_3,2122.6258778250544,2122.6258778250544,0.0,0.0,1.0,1.0,0.0,27.21315227980839,108.0
point_gbdt_safety,HOUSEHOLD_2_307_TX_1,2279.0345444793725,2279.0345444793725,0.0,0.0,1.0,1.0,0.0,29.21839159588939,3.0
point_gbdt_safety,HOUSEHOLD_2_308_WI_3,2256.887106428276,2256.887106428276,0.0,0.0,1.0,1.0,0.0,28.934450082413797,17.0
point_gbdt_safety,HOUSEHOLD_2_311_TX_2,2235.133184365235,2235.133184365235,0.0,0.0,1.0,1.0,0.0,28.655553645708142,39.0
point_gbdt_safety,HOUSEHOLD_2_314_TX_1,2156.30114680902,2156.30114680902,0.0,0.0,1.0,1.0,0.0,27.644886497551536,20.0
point_gbdt_safety,HOUSEHOLD_2_316_CA_4,2165.9391485879955,2165.9391485879955,0.0,0.0,1.0,1.0,0.0,27.76845062292302,18.0
point_gbdt_safety,HOUSEHOLD_2_326_TX_2,2213.516690677662,2213.516690677662,0.0,0.0,1.0,1.0,0.0,28.37841911125208,15.0
point_gbdt_safety,HOUSEHOLD_2_330_CA_2,2348.8447756088253,2348.8447756088253,0.0,0.0,1.0,1.0,0.0,30.113394559087503,16.0
point_gbdt_safety,HOUSEHOLD_2_333_WI_2,2270.5226469272984,2270.5226469272984,0.0,0.0,1.0,1.0,0.0,29.109264704196132,17.0
point_gbdt_safety,HOUSEHOLD_2_337_CA_2,2145.3570274738777,2145.3570274738777,0.0,0.0,1.0,1.0,0.0,27.504577275306126,26.0
point_gbdt_safety,HOUSEHOLD_2_338_WI_3,2318.239285130375,2318.239285130375,0.0,0.0,1.0,1.0,0.0,29.721016476030446,11.0
point_gbdt_safety,HOUSEHOLD_2_342_CA_1,2238.1441016276344,2238.1441016276344,0.0,0.0,1.0,1.0,0.0,28.694155149072238,46.0
point_gbdt_safety,HOUSEHOLD_2_345_CA_1,2313.4175847449796,2313.4175847449796,0.0,0.0,1.0,1.0,0.0,29.659199804422816,40.0
point_gbdt_safety,HOUSEHOLD_2_346_TX_3,2201.791275280272,2201.791275280272,0.0,0.0,1.0,1.0,0.0,28.228093272824,86.0
point_gbdt_safety,HOUSEHOLD_2_348_TX_1,2333.7387492713533,2333.7387492713533,0.0,0.0,1.0,1.0,0.0,29.91972755476094,68.0
point_gbdt_safety,HOUSEHOLD_2_354_TX_1,2137.9550646245652,2137.9550646245652,0.0,0.0,1.0,1.0,0.0,27.409680315699553,22.0
point_gbdt_safety,HOUSEHOLD_2_354_TX_2,2361.3800027609204,2361.3800027609204,0.0,0.0,1.0,1.0,0.0,30.27410259949898,50.0
point_gbdt_safety,HOUSEHOLD_2_355_CA_3,2530.382311809904,2530.382311809904,0.0,0.0,1.0,1.0,0.0,32.44079886935774,29.0
point_gbdt_safety,HOUSEHOLD_2_355_TX_2,2242.204794598294,2242.204794598294,0.0,0.0,1.0,1.0,0.0,28.746215315362743,21.0
point_gbdt_safety,HOUSEHOLD_2_358_CA_4,2351.5850224738665,2351.5850224738665,0.0,0.0,1.0,1.0,0.0,30.148525929152136,1.0
point_gbdt_safety,HOUSEHOLD_2_358_WI_2,2252.4910550403824,2252.4910550403824,0.0,0.0,1.0,1.0,0.0,28.87809044923567,16.0
point_gbdt_safety,HOUSEHOLD_2_370_TX_2,2198.725959093646,2198.725959093646,0.0,0.0,1.0,1.0,0.0,28.188794347354435,23.0
point_gbdt_safety,HOUSEHOLD_2_373_WI_3,2318.5106953492177,2318.5106953492177,0.0,0.0,1.0,1.0,0.0,29.72449609422074,10.0
point_gbdt_safety,HOUSEHOLD_2_382_TX_3,2311.4233393649783,2311.4233393649783,0.0,0.0,1.0,1.0,0.0,29.63363255596126,43.0
point_gbdt_safety,HOUSEHOLD_2_385_WI_1,2298.333475418992,2298.333475418992,0.0,0.0,1.0,1.0,0.0,29.465813787422974,15.0
point_gbdt_safety,HOUSEHOLD_2_392_CA_4,2238.5662695218866,2238.5662695218866,0.0,0.0,1.0,1.0,0.0,28.699567557972905,10.0
point_gbdt_safety,HOUSEHOLD_2_396_TX_3,2162.4037853178747,2162.4037853178747,0.0,0.0,1.0,1.0,0.0,27.723125452793266,21.0
point_gbdt_safety,HOUSEHOLD_2_396_WI_2,2223.6260453749724,2223.6260453749724,0.0,0.0,1.0,1.0,0.0,28.508026222756055,6.0
point_gbdt_safety,HOUSEHOLD_2_397_WI_2,2582.607722034039,2582.607722034039,0.0,0.0,1.0,1.0,0.0,33.110355410692804,4.0
point_gbdt_safety,HOUSEHOLD_2_401_TX_3,1871.1479340370868,1871.1479340370868,0.0,0.0,1.0,1.0,0.0,23.989076077398547,81.0
point_gbdt_safety,HOUSEHOLD_2_405_CA_4,2154.4288095061183,2154.4288095061183,0.0,0.0,1.0,1.0,0.0,27.620882173155362,10.0
point_gbdt_safety,HOUSEHOLD_2_412_CA_1,2388.783978959891,2388.783978959891,0.0,0.0,1.0,1.0,0.0,30.625435627690912,6.0
point_gbdt_safety,HOUSEHOLD_2_417_TX_1,2246.759144116688,2246.759144116688,0.0,0.0,1.0,1.0,0.0,28.804604411752408,5.0
point_gbdt_safety,HOUSEHOLD_2_418_CA_2,2410.5361356415165,2410.5361356415165,0.0,0.0,1.0,1.0,0.0,30.904309431301492,21.0
point_gbdt_safety,HOUSEHOLD_2_420_CA_3,2357.8938928341136,2357.8938928341136,0.0,0.0,1.0,1.0,0.0,30.229408882488634,36.0
point_gbdt_safety,HOUSEHOLD_2_424_CA_1,2199.34062622268,2199.34062622268,0.0,0.0,1.0,1.0,0.0,28.196674695162564,22.0
point_gbdt_safety,HOUSEHOLD_2_424_CA_4,2273.2385471177104,2273.2385471177104,0.0,0.0,1.0,1.0,0.0,29.144083937406542,10.0
point_gbdt_safety,HOUSEHOLD_2_428_CA_4,2438.0253958192025,2438.0253958192025,0.0,0.0,1.0,1.0,0.0,31.25673584383593,0.0
point_gbdt_safety,HOUSEHOLD_2_429_WI_3,2255.6827117920648,2255.6827117920648,0.0,0.0,1.0,1.0,0.0,28.919009125539294,10.0
point_gbdt_safety,HOUSEHOLD_2_432_TX_3,2283.307363884472,2283.307363884472,0.0,0.0,1.0,1.0,0.0,29.273171331852208,27.0
point_gbdt_safety,HOUSEHOLD_2_436_CA_2,2553.4218362823117,2553.4218362823117,0.0,0.0,1.0,1.0,0.0,32.736177388234765,38.0
point_gbdt_safety,HOUSEHOLD_2_440_TX_2,2707.4665519969903,2677.052285249776,30.414266747214413,0.0,0.9773197115979012,0.9743589743589743,0.02564102564102564,34.3211831442279,149.0
point_gbdt_safety,HOUSEHOLD_2_445_WI_2,2300.833649307754,2300.833649307754,0.0,0.0,1.0,1.0,0.0,29.49786729881736,2.0
point_gbdt_safety,HOUSEHOLD_2_446_CA_3,2571.099008068088,2571.099008068088,0.0,0.0,1.0,1.0,0.0,32.962807795744716,13.0
point_gbdt_safety,HOUSEHOLD_2_451_TX_1,2144.5656637001816,2144.5656637001816,0.0,0.0,1.0,1.0,0.0,27.494431585899765,103.0
point_gbdt_safety,HOUSEHOLD_2_451_WI_2,2291.28090899794,2291.28090899794,0.0,0.0,1.0,1.0,0.0,29.37539626920436,87.0
point_gbdt_safety,HOUSEHOLD_2_459_WI_3,2276.4868000921483,2276.4868000921483,0.0,0.0,1.0,1.0,0.0,29.185728206309594,8.0
point_gbdt_safety,HOUSEHOLD_2_462_CA_4,2336.827892641719,2336.827892641719,0.0,0.0,1.0,1.0,0.0,29.959331956945114,11.0
point_gbdt_safety,HOUSEHOLD_2_462_TX_2,2315.252875827733,2315.252875827733,0.0,0.0,1.0,1.0,0.0,29.682729177278627,13.0
point_gbdt_safety,HOUSEHOLD_2_465_CA_1,2315.411743581265,2315.411743581265,0.0,0.0,1.0,1.0,0.0,29.68476594334955,88.0
point_gbdt_safety,HOUSEHOLD_2_468_TX_2,2358.5610463109024,2358.5610463109024,0.0,0.0,1.0,1.0,0.0,30.237962132191058,42.0
point_gbdt_safety,HOUSEHOLD_2_470_WI_2,2151.51725985573,2151.51725985573,0.0,0.0,1.0,1.0,0.0,27.583554613535,44.0
point_gbdt_safety,HOUSEHOLD_2_475_CA_3,2532.840482568956,2532.840482568956,0.0,0.0,1.0,1.0,0.0,32.47231387908918,20.0
point_gbdt_safety,HOUSEHOLD_2_476_WI_2,2243.701265821024,2243.701265821024,0.0,0.0,1.0,1.0,0.0,28.765400843859286,19.0
point_gbdt_safety,HOUSEHOLD_2_478_TX_2,2224.8138726330744,2224.8138726330744,0.0,0.0,1.0,1.0,0.0,28.52325477734711,13.0
point_gbdt_safety,HOUSEHOLD_2_480_TX_1,2351.363880544758,2351.363880544758,0.0,0.0,1.0,1.0,0.0,30.14569077621485,15.0
point_gbdt_safety,HOUSEHOLD_2_483_TX_1,2344.2149638916217,2344.2149638916217,0.0,0.0,1.0,1.0,0.0,30.054037998610536,98.0
point_gbdt_safety,HOUSEHOLD_2_488_WI_3,2224.4055584613493,2224.4055584613493,0.0,0.0,1.0,1.0,0.0,28.51801998027371,14.0
point_gbdt_safety,HOUSEHOLD_2_490_WI_1,2095.8331954878313,2095.8331954878313,0.0,0.0,1.0,1.0,0.0,26.869656352408093,127.0
point_gbdt_safety,HOUSEHOLD_2_491_TX_3,2289.2966724151274,2289.2966724151274,0.0,0.0,1.0,1.0,0.0,29.34995733865548,39.0
point_gbdt_safety,HOUSEHOLD_2_505_CA_4,2274.904446241915,2274.904446241915,0.0,0.0,1.0,1.0,0.0,29.165441618486092,9.0
point_gbdt_safety,HOUSEHOLD_2_507_CA_1,2162.114976158497,2162.114976158497,0.0,0.0,1.0,1.0,0.0,27.71942277126278,67.0
point_gbdt_safety,HOUSEHOLD_2_509_TX_1,2305.724552105648,2305.724552105648,0.0,0.0,1.0,1.0,0.0,29.56057118084164,36.0
point_gbdt_safety,HOUSEHOLD_2_509_WI_1,2258.848930378751,2258.848930378751,0.0,0.0,1.0,1.0,0.0,28.95960167152245,8.0
point_gbdt_safety,HOUSEHOLD_2_509_WI_2,2202.2527318721354,2202.2527318721354,0.0,0.0,1.0,1.0,0.0,28.234009382976094,14.0
point_gbdt_safety,HOUSEHOLD_2_510_CA_2,2433.7234202982986,2433.7234202982986,0.0,0.0,1.0,1.0,0.0,31.20158231151665,57.0
pp_quantile_fixed,FOODS_1_008_CA_1,868.6903518900072,868.6903518900072,0.0,0.0,1.0,1.0,0.0,11.13705579346163,25.0
pp_quantile_fixed,FOODS_1_010_CA_3,679.0466463550077,615.3311049599863,63.71554139502144,0.0,0.8391021681943904,0.9102564102564102,0.08974358974358974,7.888860319999824,44.0
pp_quantile_fixed,FOODS_1_010_WI_3,1519.6513614424045,1407.7403820047714,111.91097943763316,0.0,0.7739172132573068,0.9358974358974359,0.0641025641025641,18.04795361544579,55.0
pp_quantile_fixed,FOODS_1_013_WI_1,1484.018877659477,1446.4301721713869,37.588705488090135,0.0,0.9665878173439199,0.9743589743589743,0.02564102564102564,18.543976566299833,125.0
pp_quantile_fixed,FOODS_1_014_WI_3,1244.3452461497434,1237.7603425934099,6.584903556333465,0.0,0.9915901614861641,0.9871794871794872,0.01282051282051282,15.868722340941153,87.0
pp_quantile_fixed,FOODS_1_022_WI_3,1977.5965672120842,1977.5965672120842,0.0,0.0,1.0,1.0,0.0,25.35380214374467,1.0
pp_quantile_fixed,FOODS_1_024_TX_1,794.8972090130605,787.5851243453535,7.312084667707058,0.0,0.9846706820383501,0.9871794871794872,0.01282051282051282,10.097245183914788,53.0
pp_quantile_fixed,FOODS_1_025_TX_1,908.7732056884894,908.7732056884894,0.0,0.0,1.0,1.0,0.0,11.650938534467812,44.0
pp_quantile_fixed,FOODS_1_025_WI_1,1391.8970993645191,1362.2568862680585,29.6402130964607,0.0,0.9002013027055196,0.9615384615384616,0.038461538461538464,17.464831875231518,33.0
pp_quantile_fixed,FOODS_1_032_CA_2,2836.497980646395,2568.5393887298233,267.95859191657155,0.0,0.9214428050669681,0.9358974358974359,0.0641025641025641,32.92999216320286,379.0
pp_quantile_fixed,FOODS_1_040_TX_1,1421.7589606540914,1421.7589606540914,0.0,0.0,1.0,1.0,0.0,18.227678982744763,41.0
pp_quantile_fixed,FOODS_1_043_CA_3,25700.02491059832,25700.02491059832,0.0,0.0,1.0,1.0,0.0,329.4874988538246,42.0
pp_quantile_fixed,FOODS_1_045_CA_3,2336.3092033928956,2336.3092033928956,0.0,0.0,1.0,1.0,0.0,29.952682094780712,133.0
pp_quantile_fixed,FOODS_1_045_WI_2,1612.6133547194027,1612.6133547194027,0.0,0.0,1.0,1.0,0.0,20.67453018871029,108.0
pp_quantile_fixed,FOODS_1_046_WI_3,3329.2183159735137,3145.9859061527873,183.23240982072656,0.0,0.9245957161231577,0.9230769230769231,0.07692307692307693,40.33315264298445,270.0
pp_quantile_fixed,FOODS_1_047_TX_2,1596.1871339190852,1596.1871339190852,0.0,0.0,1.0,1.0,0.0,20.46393761434725,62.0
pp_quantile_fixed,FOODS_1_054_CA_1,1281.4749593482902,1007.3543215791984,274.1206377690918,0.0,0.7727026220820135,0.8589743589743589,0.14102564102564102,12.914798994605109,134.0
pp_quantile_fixed,FOODS_1_054_TX_3,677.71062288704,672.1804945787153,5.530128308324766,0.0,0.9824440371164295,0.9871794871794872,0.01282051282051282,8.617698648445067,35.0
pp_quantile_fixed,FOODS_1_055_WI_2,3624.1045332026138,3340.9822797254883,283.12225347712535,0.0,0.7686909693814336,0.8589743589743589,0.14102564102564102,42.83310615032677,136.0
pp_quantile_fixed,FOODS_1_056_WI_1,1532.7723110121804,1532.7723110121804,0.0,0.0,1.0,1.0,0.0,19.650927064258724,1.0
pp_quantile_fixed,FOODS_1_057_CA_2,2371.1130226731716,2371.1130226731716,0.0,0.0,1.0,1.0,0.0,30.398884906066304,3.0
pp_quantile_fixed,FOODS_1_060_CA_4,677.8687217714995,677.8687217714995,0.0,0.0,1.0,1.0,0.0,8.690624638096148,39.0
pp_quantile_fixed,FOODS_1_062_TX_2,801.0974478033239,761.3530464704924,39.744401332831515,0.0,0.9060416044141099,0.9487179487179487,0.05128205128205128,9.76093649321144,47.0
pp_quantile_fixed,FOODS_1_064_WI_3,729.6633529199332,729.6633529199332,0.0,0.0,1.0,1.0,0.0,9.354658370768375,18.0
pp_quantile_fixed,FOODS_1_066_WI_1,1490.033228860556,1479.4054064503825,10.627822410173302,0.0,0.9929710169244885,0.9743589743589743,0.02564102564102564,18.96673598013311,168.0
pp_quantile_fixed,FOODS_1_069_CA_3,4145.141497248522,3787.8111493561055,357.33034789241594,0.0,0.877458728431956,0.9230769230769231,0.07692307692307693,48.561681402001355,324.0
pp_quantile_fixed,FOODS_1_078_TX_2,1067.2837844002415,1067.2837844002415,0.0,0.0,1.0,1.0,0.0,13.683125441028738,43.0
pp_quantile_fixed,FOODS_1_081_WI_1,975.3403534959992,909.6451480422165,65.6952054537827,0.0,0.8910527272739922,0.9615384615384616,0.038461538461538464,11.66211728259252,67.0
pp_quantile_fixed,FOODS_1_083_WI_3,2608.232767299583,2600.882828063214,7.349939236368847,0.0,0.9911232617918252,0.9871794871794872,0.01282051282051282,33.34465164183608,92.0
pp_quantile_fixed,FOODS_1_085_CA_4,3427.22001297277,3142.969028399809,284.2509845729611,0.0,0.9543591868058829,0.8974358974358975,0.10256410256410256,40.29447472307447,692.0
pp_quantile_fixed,FOODS_1_086_CA_2,1718.5385250961388,1628.3965140380972,90.14201105804165,0.0,0.9486370307361587,0.9358974358974359,0.0641025641025641,20.87687838510381,195.0
pp_quantile_fixed,FOODS_1_086_WI_2,1658.429766410412,1261.739910953349,396.6898554570629,0.0,0.8257839896982596,0.8076923076923077,0.19230769230769232,16.176152704530114,253.0
pp_quantile_fixed,FOODS_1_089_CA_1,1073.0630043786282,1073.0630043786282,0.0,0.0,1.0,1.0,0.0,13.757218004854208,32.0
pp_quantile_fixed,FOODS_1_091_TX_3,1443.8774141677045,1443.8774141677045,0.0,0.0,1.0,1.0,0.0,18.511248899585954,4.0
pp_quantile_fixed,FOODS_1_094_WI_1,674.7851132510492,624.1496800266729,50.635433224376314,0.0,0.9147551629219254,0.9358974358974359,0.0641025641025641,8.001918974700933,66.0
pp_quantile_fixed,FOODS_1_098_CA_2,834.4197480627178,834.4197480627178,0.0,0.0,1.0,1.0,0.0,10.697689077727151,13.0
pp_quantile_fixed,FOODS_1_098_TX_1,635.2836434694606,564.4567254068786,70.82691806258197,0.0,0.8666159735167949,0.9487179487179487,0.05128205128205128,7.236624684703572,59.0
pp_quantile_fixed,FOODS_1_099_CA_2,4486.560675221136,3583.4971628204175,903.0635124007183,0.0,0.8515674700196059,0.8333333333333334,0.16666666666666666,45.94227131821048,676.0
pp_quantile_fixed,FOODS_1_099_TX_1,4140.229094345593,3356.945128629503,783.2839657160896,0.0,0.7813277594315774,0.8076923076923077,0.19230769230769232,43.037758059352605,398.0
pp_quantile_fixed,FOODS_1_101_CA_1,4550.399377055319,4550.399377055319,0.0,0.0,1.0,1.0,0.0,58.338453551991265,0.0
pp_quantile_fixed,FOODS_1_102_TX_2,884.1284592830706,837.0797839820578,47.04867530101269,0.0,0.9231230795735087,0.9487179487179487,0.05128205128205128,10.731792102334074,68.0
pp_quantile_fixed,FOODS_1_106_CA_1,1167.4667972921138,1045.5558303038904,121.91096698822338,0.0,0.8757278623973257,0.8717948717948718,0.1282051282051282,13.404561926972955,109.0
pp_quantile_fixed,FOODS_1_107_TX_2,941.4460145089191,941.4460145089191,0.0,0.0,1.0,1.0,0.0,12.069820698832297,28.0
pp_quantile_fixed,FOODS_1_111_WI_2,914.9447336908999,914.9447336908999,0.0,0.0,1.0,1.0,0.0,11.730060688344869,9.0
pp_quantile_fixed,FOODS_1_119_WI_1,952.4479990739466,793.8402452306071,158.60775384333945,0.0,0.7246393162442023,0.8589743589743589,0.14102564102564102,10.17743904141804,64.0
pp_quantile_fixed,FOODS_1_122_WI_3,1183.7799668445548,1096.9293172474115,86.85064959714323,0.0,0.9044547309162341,0.8717948717948718,0.1282051282051282,14.063196374966815,101.0
pp_quantile_fixed,FOODS_1_131_CA_1,730.3542627906801,718.080601254486,12.27366153619402,0.0,0.9764872384364099,0.9743589743589743,0.02564102564102564,9.206161554544693,58.0
pp_quantile_fixed,FOODS_1_132_WI_3,605.0117881863747,541.0452485655908,63.966539620783955,0.0,0.8658982397887129,0.9358974358974359,0.0641025641025641,6.936477545712703,53.0
pp_quantile_fixed,FOODS_1_134_CA_2,507.8876944274645,490.69679370753715,17.19090071992735,0.0,0.9706138449232011,0.9615384615384616,0.038461538461538464,6.290984534712015,65.0
pp_quantile_fixed,FOODS_1_139_TX_3,1631.5717434017433,1141.5800225284113,489.99172087333216,0.0,0.7072928788092401,0.782051282051282,0.21794871794871795,14.635641314466811,186.0
pp_quantile_fixed,FOODS_1_143_CA_1,2991.734392549692,2645.5262984230794,346.2080941266127,0.0,0.6897776934349348,0.8589743589743589,0.14102564102564102,33.917003825936916,124.0
pp_quantile_fixed,FOODS_1_143_WI_2,2836.225032093373,2836.225032093373,0.0,0.0,1.0,1.0,0.0,36.36185938581247,34.0
pp_quantile_fixed,FOODS_1_147_TX_2,665.1700965513836,665.1700965513836,0.0,0.0,1.0,1.0,0.0,8.527821750658765,35.0
pp_quantile_fixed,FOODS_1_149_CA_3,1612.6554626362201,1597.3849591618955,15.270503474324748,0.0,0.9870479190209289,0.9743589743589743,0.02564102564102564,20.47929434822943,131.0
pp_quantile_fixed,FOODS_1_156_TX_3,771.6609859231049,744.0847473911646,27.576238531940312,0.0,0.9361661145093975,0.9487179487179487,0.05128205128205128,9.539548043476469,48.0
pp_quantile_fixed,FOODS_1_159_CA_4,2388.404951632323,2388.404951632323,0.0,0.0,1.0,1.0,0.0,30.6205763029785,14.0
pp_quantile_fixed,FOODS_1_161_CA_4,6226.935998232454,5984.831448552248,242.10454968020588,0.0,0.9135031976848139,0.9230769230769231,0.07692307692307693,76.7286083147724,311.0
pp_quantile_fixed,FOODS_1_161_WI_3,3686.7430646435973,3221.908123273227,464.8349413703703,0.0,0.8941632647153073,0.8846153846153846,0.11538461538461539,41.30651440093881,488.0
pp_quantile_fixed,FOODS_1_168_WI_1,850.6125695129683,837.6655859293537,12.946983583614603,0.0,0.9550451958902271,0.9743589743589743,0.02564102564102564,10.739302383709664,32.0
pp_quantile_fixed,FOODS_1_174_TX_2,558.9345824172361,558.9345824172361,0.0,0.0,1.0,1.0,0.0,7.165827979708156,33.0
pp_quantile_fixed,FOODS_1_175_CA_3,1479.3233037305265,1474.2532410768476,5.070062653678942,0.0,0.993293567918414,0.9871794871794872,0.01282051282051282,18.900682577908302,84.0
pp_quantile_fixed,FOODS_1_183_CA_2,1553.257282300792,1501.830603174797,51.426679125995044,0.0,0.9588915434644325,0.9615384615384616,0.038461538461538464,19.254238502240987,139.0
pp_quantile_fixed,FOODS_1_183_CA_4,1098.191436373883,1000.8283733786981,97.36306299518498,0.0,0.8811195812024604,0.9358974358974359,0.0641025641025641,12.831132992034592,91.0
pp_quantile_fixed,FOODS_1_185_WI_1,1397.5211131920898,1277.6968981146572,119.82421507743261,0.0,0.8934895865978376,0.9230769230769231,0.07692307692307693,16.380729463008425,125.0
pp_quantile_fixed,FOODS_1_191_TX_1,1641.1896780077134,1641.1896780077134,0.0,0.0,1.0,1.0,0.0,21.040893307791197,40.0
pp_quantile_fixed,FOODS_1_192_CA_4,1916.307984165631,1916.307984165631,0.0,0.0,1.0,1.0,0.0,24.56805107904655,3.0
pp_quantile_fixed,FOODS_1_203_WI_1,1290.075281759543,1290.075281759543,0.0,0.0,1.0,1.0,0.0,16.53942668922491,54.0
pp_quantile_fixed,FOODS_1_207_CA_4,783.6153312575605,600.6922001778684,182.9231310796921,0.0,0.7987644322555643,0.8461538461538461,0.15384615384615385,7.701182053562415,101.0
pp_quantile_fixed,FOODS_1_208_WI_3,1087.3133438139723,984.3948720224031,102.91847179156919,0.0,0.8622242680166411,0.9358974358974359,0.0641025641025641,12.620447077210295,83.0
pp_quantile_fixed,FOODS_1_209_CA_4,1457.692022854986,1457.692022854986,0.0,0.0,1.0,1.0,0.0,18.688359267371613,1.0
pp_quantile_fixed,FOODS_1_214_TX_3,1233.453095577503,1233.453095577503,0.0,0.0,1.0,1.0,0.0,15.813501225352603,19.0
pp_quantile_fixed,FOODS_1_215_CA_1,2608.0619205767516,2567.5673966482263,40.49452392852507,0.0,0.9587211784622578,0.9871794871794872,0.01282051282051282,32.917530726259315,109.0
pp_quantile_fixed,FOODS_2_001_TX_1,1186.7358370904412,1093.0817200448623,93.65411704557901,0.0,0.8775763175874783,0.9358974358974359,0.0641025641025641,14.013868205703362,85.0
pp_quantile_fixed,FOODS_2_002_CA_3,1087.2786695132845,1078.7080084685333,8.570661044751319,0.0,0.9894189369817885,0.9743589743589743,0.02564102564102564,13.829589852160684,90.0
pp_quantile_fixed,FOODS_2_004_CA_1,800.2560725003957,734.6675425321486,65.58852996824712,0.0,0.9325220885100338,0.9230769230769231,0.07692307692307693,9.418814647848059,108.0
pp_quantile_fixed,FOODS_2_009_CA_1,1410.5271402706305,1410.5271402706305,0.0,0.0,1.0,1.0,0.0,18.083681285520903,77.0
pp_quantile_fixed,FOODS_2_009_WI_1,2071.613016692308,1974.1149060686785,97.49811062362953,0.0,0.9252888041198241,0.9743589743589743,0.02564102564102564,25.309165462418953,145.0
pp_quantile_fixed,FOODS_2_012_CA_3,927.0093600061487,927.0093600061487,0.0,0.0,1.0,1.0,0.0,11.884735384694213,28.0
pp_quantile_fixed,FOODS_2_014_CA_3,1211.6804075818955,1136.3746078204751,75.30579976142037,0.0,0.9146192746469157,0.9102564102564102,0.08974358974358974,14.56890522846763,98.0
pp_quantile_fixed,FOODS_2_014_TX_1,731.9907289684021,731.9907289684021,0.0,0.0,1.0,1.0,0.0,9.384496525235924,29.0
pp_quantile_fixed,FOODS_2_015_CA_1,1252.2249774642928,1243.5142661001078,8.710711364184952,0.0,0.9841334947829053,0.9871794871794872,0.01282051282051282,15.942490591027022,61.0
pp_quantile_fixed,FOODS_2_017_WI_1,584.9189811526218,584.9189811526218,0.0,0.0,1.0,1.0,0.0,7.498961296828484,45.0
pp_quantile_fixed,FOODS_2_017_WI_3,721.6602101343992,721.6602101343992,0.0,0.0,1.0,1.0,0.0,9.252053976082042,2.0
pp_quantile_fixed,FOODS_2_024_CA_4,1105.6724096693727,1062.6665168111235,43.005892858249155,0.0,0.9253369915655396,0.9487179487179487,0.05128205128205128,13.623929702706713,64.0
pp_quantile_fixed,FOODS_2_024_TX_2,1239.1245242805996,1211.594734312095,27.529789968504623,0.0,0.9173279580525386,0.9743589743589743,0.02564102564102564,15.533265824514038,37.0
pp_quantile_fixed,FOODS_2_029_TX_3,2902.7301172874286,2444.985617417965,457.74449986946354,0.0,0.8150527273254693,0.8974358974358975,0.10256410256410256,31.345969454076474,275.0
pp_quantile_fixed,FOODS_2_031_TX_1,2717.0433467472517,2717.0433467472517,0.0,0.0,1.0,1.0,0.0,34.8338890608622,9.0
pp_quantile_fixed,FOODS_2_034_WI_3,1486.144653444697,1486.144653444697,0.0,0.0,1.0,1.0,0.0,19.053136582624322,91.0
pp_quantile_fixed,FOODS_2_043_TX_2,1772.664965692546,1772.664965692546,0.0,0.0,1.0,1.0,0.0,22.726473919135206,28.0
pp_quantile_fixed,FOODS_2_045_TX_1,2762.4854557370863,2762.4854557370863,0.0,0.0,1.0,1.0,0.0,35.416480201757516,16.0
pp_quantile_fixed,FOODS_2_046_CA_3,858.2162733079166,858.2162733079166,0.0,0.0,1.0,1.0,0.0,11.00277273471688,19.0
pp_quantile_fixed,FOODS_2_047_CA_4,874.2371695029826,770.0333739685946,104.20379553438808,0.0,0.8413945273449193,0.8846153846153846,0.11538461538461539,9.872222743187109,73.0
pp_quantile_fixed,FOODS_2_047_WI_3,1142.6641748846791,1073.9020520270203,68.76212285765882,0.0,0.8953392346154355,0.9487179487179487,0.05128205128205128,13.76797502598744,73.0
pp_quantile_fixed,FOODS_2_051_WI_3,1087.5224278227856,971.7318115827313,115.79061624005438,0.0,0.8261402158557742,0.8974358974358975,0.10256410256410256,12.458100148496555,74.0
pp_quantile_fixed,FOODS_2_055_TX_1,1273.422600264658,1185.4274832432732,87.99511702138498,0.0,0.8970817344779123,0.9358974358974359,0.0641025641025641,15.19778824670863,95.0
pp_quantile_fixed,FOODS_2_067_CA_2,4775.393104802281,4775.393104802281,0.0,0.0,1.0,1.0,0.0,61.222988523106174,15.0
pp_quantile_fixed,FOODS_2_067_WI_3,1857.081044187626,1857.081044187626,0.0,0.0,1.0,1.0,0.0,23.808731335738795,0.0
pp_quantile_fixed,FOODS_2_082_TX_3,1851.1374552471525,1775.2603976086195,75.87705763853285,0.0,0.9582634446432713,0.9358974358974359,0.0641025641025641,22.759748687289996,202.0
pp_quantile_fixed,FOODS_2_084_WI_1,891.6176347464962,851.6842859299927,39.933348816503496,0.0,0.936613732037296,0.9743589743589743,0.02564102564102564,10.919029306794778,70.0
pp_quantile_fixed,FOODS_2_085_TX_2,900.8281785516701,900.8281785516701,0.0,0.0,1.0,1.0,0.0,11.5490792122009,37.0
pp_quantile_fixed,FOODS_2_087_WI_3,1859.0185284765842,1859.0185284765842,0.0,0.0,1.0,1.0,0.0,23.833570877904926,18.0
pp_quantile_fixed,FOODS_2_100_WI_3,1526.1226461078195,1336.1778556764882,189.94479043133137,0.0,0.8470653861261422,0.9102564102564102,0.08974358974358974,17.130485329185746,138.0
pp_quantile_fixed,FOODS_2_101_WI_1,1276.275167357148,1255.1128374431391,21.162329914008684,0.0,0.9749854256335595,0.9743589743589743,0.02564102564102564,16.09119022362999,94.0
pp_quantile_fixed,FOODS_2_104_CA_2,968.1813001616746,968.1813001616746,0.0,0.0,1.0,1.0,0.0,12.41258077130352,65.0
pp_quantile_fixed,FOODS_2_105_TX_3,991.2837695791377,991.2837695791377,0.0,0.0,1.0,1.0,0.0,12.708766276655611,53.0
pp_quantile_fixed,FOODS_2_107_CA_1,1308.637922634299,1308.637922634299,0.0,0.0,1.0,1.0,0.0,16.777409264542296,83.0
pp_quantile_fixed,FOODS_2_107_CA_3,1932.1406485697557,1653.8823827707847,278.25826579897097,0.0,0.7401883605985331,0.8589743589743589,0.14102564102564102,21.203620291933138,119.0
pp_quantile_fixed,FOODS_2_108_TX_1,779.5719947292007,779.5719947292007,0.0,0.0,1.0,1.0,0.0,9.994512752938471,42.0
pp_quantile_fixed,FOODS_2_108_WI_2,1409.243524092324,1244.3642454739222,164.8792786184017,0.0,0.8672469576341372,0.9102564102564102,0.08974358974358974,15.953387762486182,138.0
pp_quantile_fixed,FOODS_2_116_TX_3,1782.422847466608,1668.8895853555155,113.53326211109248,0.0,0.8340156986679934,0.9230769230769231,0.07692307692307693,21.39602032507071,76.0
pp_quantile_fixed,FOODS_2_117_WI_2,3570.0639638704506,3386.4921364836914,183.57182738675897,0.0,0.9093472457349339,0.9487179487179487,0.05128205128205128,43.41656585235502,225.0
pp_quantile_fixed,FOODS_2_118_CA_2,573.534207782536,568.2048767780963,5.329331004439677,0.0,0.9848167207850721,0.9871794871794872,0.01282051282051282,7.28467790741149,39.0
pp_quantile_fixed,FOODS_2_118_CA_4,575.2023607629396,468.16024855149635,107.0421122114433,0.0,0.7712775380097365,0.8846153846153846,0.11538461538461539,6.002054468608928,52.0
pp_quantile_fixed,FOODS_2_124_CA_4,770.5666836929025,770.5666836929025,0.0,0.0,1.0,1.0,0.0,9.879060047344904,21.0
pp_quantile_fixed,FOODS_2_124_WI_2,933.1694099882919,933.1694099882919,0.0,0.0,1.0,1.0,0.0,11.963710384465282,18.0
pp_quantile_fixed,FOODS_2_128_TX_3,13364.692667415575,12813.614665168836,551.0780022467395,0.0,0.8150124195210676,0.8846153846153846,0.11538461538461539,164.27711109190815,331.0
pp_quantile_fixed,FOODS_2_129_TX_2,501.8745275048298,501.8745275048298,0.0,0.0,1.0,1.0,0.0,6.434288814164485,16.0
pp_quantile_fixed,FOODS_2_130_WI_2,2063.206212340002,1956.901870355076,106.30434198492615,0.0,0.9458183781932078,0.9230769230769231,0.07692307692307693,25.088485517372767,218.0
pp_quantile_fixed,FOODS_2_132_TX_2,987.9050086577847,987.9050086577847,0.0,0.0,1.0,1.0,0.0,12.665448828945959,0.0
pp_quantile_fixed,FOODS_2_133_TX_2,860.8738302069348,812.9229539832684,47.950876223666405,0.0,0.8994740540384352,0.9615384615384616,0.038461538461538464,10.422089153631646,53.0
pp_quantile_fixed,FOODS_2_133_TX_3,613.0537923456632,476.2444901489491,136.80930219671404,0.0,0.7466494403764554,0.8717948717948718,0.1282051282051282,6.105698591653194,60.0
pp_quantile_fixed,FOODS_2_141_CA_3,1153.6150798884544,1122.193375672186,31.421704216268445,0.0,0.9735507540267101,0.9743589743589743,0.02564102564102564,14.38709455989982,132.0
pp_quantile_fixed,FOODS_2_146_WI_1,1162.3839700879616,1116.5332549816426,45.85071510631906,0.0,0.9560816905111886,0.9743589743589743,0.02564102564102564,14.314528910021059,116.0
pp_quantile_fixed,FOODS_2_148_CA_2,1523.2405759985859,1494.1755420980376,29.065033900548276,0.0,0.9443198584280685,0.9743589743589743,0.02564102564102564,19.156096693564585,58.0
pp_quantile_fixed,FOODS_2_149_TX_1,1856.4078676983827,1518.7597377737204,337.64812992466216,0.0,0.8540215607761944,0.8589743589743589,0.14102564102564102,19.47127868940667,257.0
pp_quantile_fixed,FOODS_2_155_CA_4,1270.4505553961696,1270.4505553961696,0.0,0.0,1.0,1.0,0.0,16.287827633284227,10.0
pp_quantile_fixed,FOODS_2_159_CA_1,706.7610863286742,706.7610863286742,0.0,0.0,1.0,1.0,0.0,9.061039568316335,30.0
pp_quantile_fixed,FOODS_2_163_TX_3,1328.8286849275119,1197.9848767519118,130.8438081756002,0.0,0.8035378255621619,0.9102564102564102,0.08974358974358974,15.358780471178356,74.0
pp_quantile_fixed,FOODS_2_165_CA_4,989.7942988738228,989.7942988738228,0.0,0.0,1.0,1.0,0.0,12.689670498382343,10.0
pp_quantile_fixed,FOODS_2_165_TX_1,447.2531958129203,447.2531958129203,0.0,0.0,1.0,1.0,0.0,5.734015330934875,4.0
pp_quantile_fixed,FOODS_2_166_TX_2,2991.6322640984677,2991.6322640984677,0.0,0.0,1.0,1.0,0.0,38.3542597961342,11.0
pp_quantile_fixed,FOODS_2_169_TX_3,536.1966788094498,536.1966788094498,0.0,0.0,1.0,1.0,0.0,6.874316394992947,15.0
pp_quantile_fixed,FOODS_2_172_CA_2,846.5973077432676,747.8005098522752,98.79679789099237,0.0,0.8923782158050191,0.9615384615384616,0.038461538461538464,9.587186023747119,102.0
pp_quantile_fixed,FOODS_2_176_WI_3,890.3364886612334,890.3364886612334,0.0,0.0,1.0,1.0,0.0,11.41457036745171,16.0
pp_quantile_fixed,FOODS_2_177_WI_1,1116.223593511057,1116.223593511057,0.0,0.0,1.0,1.0,0.0,14.310558891167398,47.0
pp_quantile_fixed,FOODS_2_182_TX_3,1030.01756459583,1030.01756459583,0.0,0.0,1.0,1.0,0.0,13.20535339225423,31.0
pp_quantile_fixed,FOODS_2_183_CA_4,1344.6897632158498,1100.0082612235462,244.68150199230354,0.0,0.8797042763066354,0.8846153846153846,0.11538461538461539,14.10267001568649,226.0
pp_quantile_fixed,FOODS_2_186_TX_1,623.1872820278654,623.1872820278654,0.0,0.0,1.0,1.0,0.0,7.989580538818787,38.0
pp_quantile_fixed,FOODS_2_187_CA_1,616.1414221621441,616.1414221621441,0.0,0.0,1.0,1.0,0.0,7.89924900207877,48.0
pp_quantile_fixed,FOODS_2_192_CA_2,1477.1232159577162,1477.1232159577162,0.0,0.0,1.0,1.0,0.0,18.937477127663026,116.0
pp_quantile_fixed,FOODS_2_192_TX_1,2193.417690822545,2193.417690822545,0.0,0.0,1.0,1.0,0.0,28.120739625930064,20.0
pp_quantile_fixed,FOODS_2_198_CA_4,719.5440445508251,709.1147503955586,10.429294155266426,0.0,0.9420594769151865,0.9743589743589743,0.02564102564102564,9.091214748661008,20.0
pp_quantile_fixed,FOODS_2_200_TX_1,1108.3651801811982,1087.9596514404452,20.405528740753063,0.0,0.9244239676268404,0.9615384615384616,0.038461538461538464,13.948200659492887,30.0
pp_quantile_fixed,FOODS_2_201_WI_3,989.486951758659,883.8840435222105,105.6029082364484,0.0,0.9053737381393832,0.9230769230769231,0.07692307692307693,11.331846711823212,124.0
pp_quantile_fixed,FOODS_2_202_WI_3,757.979915019126,757.979915019126,0.0,0.0,1.0,1.0,0.0,9.717691218193924,55.0
pp_quantile_fixed,FOODS_2_204_CA_4,1607.1200288140167,1526.4562708530227,80.66375796099392,0.0,0.9466509537295015,0.9615384615384616,0.038461538461538464,19.56995219042337,168.0
pp_quantile_fixed,FOODS_2_206_CA_3,1946.267749084907,1904.2042809001957,42.06346818471144,0.0,0.9740348961822769,0.9871794871794872,0.01282051282051282,24.412875396156355,180.0
pp_quantile_fixed,FOODS_2_207_CA_3,942.4658806164941,942.4658806164941,0.0,0.0,1.0,1.0,0.0,12.082895905339669,13.0
pp_quantile_fixed,FOODS_2_208_TX_1,1494.8704528259916,1494.8704528259916,0.0,0.0,1.0,1.0,0.0,19.16500580546143,132.0
pp_quantile_fixed,FOODS_2_212_CA_2,1055.8008320974934,1050.0089305195681,5.791901577925309,0.0,0.9943049148692967,0.9871794871794872,0.01282051282051282,13.461652955379078,113.0
pp_quantile_fixed,FOODS_2_214_CA_3,1273.8649462379926,1273.8649462379926,0.0,0.0,1.0,1.0,0.0,16.331601874846058,36.0
pp_quantile_fixed,FOODS_2_218_CA_4,711.1377503334344,661.5284792035653,49.60927112986909,0.0,0.8875073217009771,0.9358974358974359,0.0641025641025641,8.481134348763659,49.0
pp_quantile_fixed,FOODS_2_219_TX_1,1700.3005854235544,1666.11827260219,34.182312821364285,0.0,0.9000517168965957,0.9615384615384616,0.038461538461538464,21.36049067438705,38.0
pp_quantile_fixed,FOODS_2_224_TX_2,727.6980281895522,687.3918271578925,40.3062010316597,0.0,0.915500626768009,0.9358974358974359,0.0641025641025641,8.812715732793494,53.0
pp_quantile_fixed,FOODS_2_231_CA_1,1626.100906703368,1626.100906703368,0.0,0.0,1.0,1.0,0.0,20.847447521838053,40.0
pp_quantile_fixed,FOODS_2_234_WI_3,1072.5489483519939,1072.5489483519939,0.0,0.0,1.0,1.0,0.0,13.75062754297428,16.0
pp_quantile_fixed,FOODS_2_235_CA_2,1778.0997592748777,1778.0997592748777,0.0,0.0,1.0,1.0,0.0,22.796150759934328,85.0
pp_quantile_fixed,FOODS_2_241_CA_3,4448.190371348729,3845.115474997734,603.0748963509948,0.0,0.9170689086426025,0.8846153846153846,0.11538461538461539,49.29635224356069,808.0
pp_quantile_fixed,FOODS_2_241_WI_3,2733.6904370046705,2522.176191589362,211.5142454153083,0.0,0.9142277999126892,0.9102564102564102,0.08974358974358974,32.33559219986362,274.0
pp_quantile_fixed,FOODS_2_242_CA_3,2277.362751906907,2277.362751906907,0.0,0.0,1.0,1.0,0.0,29.196958357780858,115.0
pp_quantile_fixed,FOODS_2_242_WI_1,1963.0622801911902,1610.15821515093,352.9040650402603,0.0,0.7733435677326523,0.8974358974358975,0.10256410256410256,20.64305404039654,173.0
pp_quantile_fixed,FOODS_2_250_WI_2,2014.0070729651102,1995.6289728691254,18.37810009598489,0.0,0.965389642003795,0.9743589743589743,0.02564102564102564,25.584986831655453,59.0
pp_quantile_fixed,FOODS_2_253_CA_1,1249.5358063376439,1179.9705832153402,69.56522312230376,0.0,0.9177716038743454,0.9358974358974359,0.0641025641025641,15.12782798994026,94.0
pp_quantile_fixed,FOODS_2_254_TX_3,1277.37072343307,1277.37072343307,0.0,0.0,1.0,1.0,0.0,16.37654773632141,51.0
pp_quantile_fixed,FOODS_2_254_WI_1,787.7608321093577,751.5721122282126,36.18871988114506,0.0,0.8510752268265636,0.9487179487179487,0.05128205128205128,9.635539900361701,27.0
pp_quantile_fixed,FOODS_2_255_TX_2,10813.598508100462,10813.598508100462,0.0,0.0,1.0,1.0,0.0,138.63587830898027,62.0
pp_quantile_fixed,FOODS_2_261_WI_2,1478.0277382301208,1478.0277382301208,0.0,0.0,1.0,1.0,0.0,18.94907356705283,89.0
pp_quantile_fixed,FOODS_2_270_CA_3,1696.2135723821905,1696.2135723821905,0.0,0.0,1.0,1.0,0.0,21.746327851053724,18.0
pp_quantile_fixed,FOODS_2_270_WI_2,851.1456436420349,840.9773926408851,10.16825100114973,0.0,0.9677198380915882,0.9871794871794872,0.01282051282051282,10.781761444113911,35.0
pp_quantile_fixed,FOODS_2_271_WI_2,523.2134944351769,523.2134944351769,0.0,0.0,1.0,1.0,0.0,6.707865313271499,13.0
pp_quantile_fixed,FOODS_2_273_TX_3,786.612499459411,786.612499459411,0.0,0.0,1.0,1.0,0.0,10.084775634095012,16.0
pp_quantile_fixed,FOODS_2_274_CA_3,2313.1577166748903,2231.2283761694957,81.92934050539431,0.0,0.9640187349559095,0.9358974358974359,0.0641025641025641,28.605492002173023,253.0
pp_quantile_fixed,FOODS_2_274_TX_2,2524.959589810747,2524.959589810747,0.0,0.0,1.0,1.0,0.0,32.37127679244547,136.0
pp_quantile_fixed,FOODS_2_278_CA_4,773.574266911849,668.7644425062506,104.80982440559836,0.0,0.8059077325822253,0.9230769230769231,0.07692307692307693,8.573903109054495,60.0
pp_quantile_fixed,FOODS_2_284_TX_3,740.6289066331692,740.6289066331692,0.0,0.0,1.0,1.0,0.0,9.495242392732939,25.0
pp_quantile_fixed,FOODS_2_284_WI_2,682.5134576027925,649.5704599358667,32.942997666925855,0.0,0.9309371118093798,0.9615384615384616,0.038461538461538464,8.327826409434188,53.0
pp_quantile_fixed,FOODS_2_290_WI_1,1210.4156875601711,1090.1727369599007,120.24295060027042,0.0,0.9045690868251821,0.9102564102564102,0.08974358974358974,13.976573550767958,140.0
pp_quantile_fixed,FOODS_2_298_TX_2,2902.168329641789,2902.168329641789,0.0,0.0,1.0,1.0,0.0,37.207286277458834,41.0
pp_quantile_fixed,FOODS_2_306_TX_1,939.8046278962287,939.8046278962287,0.0,0.0,1.0,1.0,0.0,12.04877728072088,48.0
pp_quantile_fixed,FOODS_2_309_TX_2,1619.7547342290975,1619.7547342290975,0.0,0.0,1.0,1.0,0.0,20.76608633627048,56.0
pp_quantile_fixed,FOODS_2_311_WI_3,1000.3032206969613,910.399206701877,89.9040139950843,0.0,0.8902270891390912,0.9230769230769231,0.07692307692307693,11.671784701306116,91.0
pp_quantile_fixed,FOODS_2_312_CA_1,903.6257958134013,903.6257958134013,0.0,0.0,1.0,1.0,0.0,11.58494610017181,31.0
pp_quantile_fixed,FOODS_2_312_TX_2,985.5943255145866,980.9825647677812,4.611760746805366,0.0,0.9927828470316034,0.9871794871794872,0.01282051282051282,12.576699548304887,71.0
pp_quantile_fixed,FOODS_2_313_CA_4,1258.435550040778,1258.435550040778,0.0,0.0,1.0,1.0,0.0,16.133789103086897,2.0
pp_quantile_fixed,FOODS_2_321_WI_1,542.9996074623213,493.43775756551105,49.56184989681017,0.0,0.9190165851359311,0.9358974358974359,0.0641025641025641,6.3261250969937315,68.0
pp_quantile_fixed,FOODS_2_325_WI_3,3433.9281475355874,2726.930196013002,706.9979515225855,0.0,0.846870705756425,0.8205128205128205,0.1794871794871795,34.96064353862823,513.0
pp_quantile_fixed,FOODS_2_326_WI_1,4619.0710076320165,4108.332975185157,510.7380324468591,0.0,0.8904465824867313,0.8974358974358975,0.10256410256410256,52.67093557929689,518.0
pp_quantile_fixed,FOODS_2_329_TX_3,505.33453272787636,500.48234821424745,4.852184513628892,0.0,0.9716246519670825,0.9871794871794872,0.01282051282051282,6.416440361721121,19.0
pp_quantile_fixed,FOODS_2_332_TX_2,893.9383526339088,893.9383526339088,0.0,0.0,1.0,1.0,0.0,11.460748110691139,46.0
pp_quantile_fixed,FOODS_2_332_WI_1,680.9843669763846,680.9843669763846,0.0,0.0,1.0,1.0,0.0,8.730568807389547,37.0
pp_quantile_fixed,FOODS_2_338_TX_3,1079.3666421577395,1079.3666421577395,0.0,0.0,1.0,1.0,0.0,13.838033873817173,120.0
pp_quantile_fixed,FOODS_2_340_WI_2,1326.9595165937876,1326.9595165937876,0.0,0.0,1.0,1.0,0.0,17.012301494792148,92.0
pp_quantile_fixed,FOODS_2_342_CA_3,3453.662602908283,3184.2361095621295,269.4264933461535,0.0,0.9290609548851623,0.8974358974358975,0.10256410256410256,40.82353986618115,422.0
pp_quantile_fixed,FOODS_2_347_WI_3,6807.598758081063,5395.325479597681,1412.273278483382,0.0,0.7657921594554922,0.8205128205128205,0.1794871794871795,69.17083948202155,670.0
pp_quantile_fixed,FOODS_2_350_WI_2,2720.748909740323,2720.748909740323,0.0,0.0,1.0,1.0,0.0,34.88139627872209,29.0
pp_quantile_fixed,FOODS_2_351_CA_1,917.8173620903235,890.5671309132881,27.250231177035346,0.0,0.94177301030548,0.9615384615384616,0.038461538461538464,11.41752731940113,52.0
pp_quantile_fixed,FOODS_2_354_CA_4,1042.7538225522442,1035.130291051567,7.623531500677274,0.0,0.9554179444404838,0.9871794871794872,0.01282051282051282,13.27090116732778,19.0
pp_quantile_fixed,FOODS_2_355_WI_2,1431.7661241721605,1411.1634631257011,20.602661046459495,0.0,0.9850380094070736,0.9743589743589743,0.02564102564102564,18.09183927084232,153.0
pp_quantile_fixed,FOODS_2_356_CA_2,1235.6917521949006,1235.6917521949006,0.0,0.0,1.0,1.0,0.0,15.842201951216675,136.0
pp_quantile_fixed,FOODS_2_370_CA_2,1037.3107814796194,986.0971938328095,51.21358764680995,0.0,0.878927688778227,0.9615384615384616,0.038461538461538464,12.642271715805249,47.0
pp_quantile_fixed,FOODS_2_370_CA_3,1155.5853709410967,1155.5853709410967,0.0,0.0,1.0,1.0,0.0,14.815197063347394,36.0
pp_quantile_fixed,FOODS_2_371_WI_3,4665.949695906568,4660.319443515086,5.630252391482259,0.0,0.9990038477722076,0.9871794871794872,0.01282051282051282,59.747685173270334,628.0
pp_quantile_fixed,FOODS_2_376_TX_1,1041.9378258435706,1036.6561130216394,5.281712821931162,0.0,0.9875136812720303,0.9743589743589743,0.02564102564102564,13.290462987456916,47.0
pp_quantile_fixed,FOODS_2_386_CA_2,1321.0011990951907,1321.0011990951907,0.0,0.0,1.0,1.0,0.0,16.9359128089127,49.0
pp_quantile_fixed,FOODS_2_387_WI_2,1286.4379723234974,1248.3544563947394,38.083515928758125,0.0,0.9618783624336756,0.9615384615384616,0.038461538461538464,16.00454431275307,111.0
pp_quantile_fixed,FOODS_2_389_TX_2,3510.552602733016,3510.552602733016,0.0,0.0,1.0,1.0,0.0,45.00708465042328,3.0
pp_quantile_fixed,FOODS_2_390_CA_4,3743.464145151607,3743.464145151607,0.0,0.0,1.0,1.0,0.0,47.99313006604625,4.0
pp_quantile_fixed,FOODS_2_399_TX_2,1584.2066515109127,1532.1136360974315,52.09301541348133,0.0,0.9464063627433319,0.9743589743589743,0.02564102564102564,19.642482514069634,108.0
pp_quantile_fixed,FOODS_3_003_WI_3,1885.0249144757672,1885.0249144757672,0.0,0.0,1.0,1.0,0.0,24.166986083022657,34.0
pp_quantile_fixed,FOODS_3_009_CA_4,572.618002335575,572.618002335575,0.0,0.0,1.0,1.0,0.0,7.34125644019968,48.0
pp_quantile_fixed,FOODS_3_009_TX_2,1402.855467668875,1375.0139237158198,27.8415439530552,0.0,0.9592959883727262,0.9743589743589743,0.02564102564102564,17.628383637382306,76.0
pp_quantile_fixed,FOODS_3_011_CA_1,1331.3263366139904,980.4634031633773,350.86293345061324,0.0,0.8305009983330371,0.8461538461538461,0.15384615384615385,12.57004363029971,230.0
pp_quantile_fixed,FOODS_3_014_CA_1,2689.803539152987,2689.803539152987,0.0,0.0,1.0,1.0,0.0,34.484660758371625,2.0
pp_quantile_fixed,FOODS_3_019_TX_2,918.6187999124674,918.6187999124674,0.0,0.0,1.0,1.0,0.0,11.777164101441889,48.0
pp_quantile_fixed,FOODS_3_022_CA_1,649.1630937260219,649.1630937260219,0.0,0.0,1.0,1.0,0.0,8.32260376571823,29.0
pp_quantile_fixed,FOODS_3_023_TX_1,1135.515006963275,1030.4926985353638,105.02230842791121,0.0,0.861081602608583,0.9102564102564102,0.08974358974358974,13.211444853017484,84.0
pp_quantile_fixed,FOODS_3_023_TX_3,731.4863989829234,699.0863989829238,32.39999999999969,0.0,0.9400000000000006,0.9743589743589743,0.02564102564102564,8.962646140806715,60.0
pp_quantile_fixed,FOODS_3_023_WI_2,884.9469455149308,813.1267317349392,71.82021377999158,0.0,0.849433514088068,0.9358974358974359,0.0641025641025641,10.424701688909478,53.0
pp_quantile_fixed,FOODS_3_024_TX_3,4473.918191138503,4473.918191138503,0.0,0.0,1.0,1.0,0.0,57.357925527416704,195.0
pp_quantile_fixed,FOODS_3_024_WI_1,7270.0,7270.0,0.0,0.0,1.0,1.0,0.0,93.2051282051282,75.0
pp_quantile_fixed,FOODS_3_026_CA_1,1409.2722742926417,1365.7089044729053,43.56336981973644,0.0,0.9718582882301444,0.9871794871794872,0.01282051282051282,17.509088518883402,172.0
pp_quantile_fixed,FOODS_3_030_TX_3,10596.68382328357,10112.584540509144,484.0992827744266,0.0,0.9678680948643019,0.9487179487179487,0.05128205128205128,129.64851975011723,1674.0
pp_quantile_fixed,FOODS_3_034_CA_1,1279.2168527421118,1155.2414762655062,123.97537647660565,0.0,0.9036710361487136,0.9358974358974359,0.0641025641025641,14.81078815725008,143.0
pp_quantile_fixed,FOODS_3_035_WI_1,1026.7376825371314,1026.7376825371314,0.0,0.0,1.0,1.0,0.0,13.163303622270915,61.0
pp_quantile_fixed,FOODS_3_036_CA_4,1159.665889352579,1159.665889352579,0.0,0.0,1.0,1.0,0.0,14.86751140195614,9.0
pp_quantile_fixed,FOODS_3_038_CA_4,801.4009038227568,764.2144868964759,37.18641692628093,0.0,0.9401184912620274,0.9743589743589743,0.02564102564102564,9.797621626877897,69.0
pp_quantile_fixed,FOODS_3_038_WI_1,1099.2908824227327,1045.202616872992,54.08826554974067,0.0,0.9165304543985483,0.9487179487179487,0.05128205128205128,13.400033549653743,72.0
pp_quantile_fixed,FOODS_3_040_WI_1,1479.6097521024049,1314.4026789194954,165.20707318290945,0.0,0.7960406503914698,0.8589743589743589,0.14102564102564102,16.85131639640379,90.0
pp_quantile_fixed,FOODS_3_048_TX_1,1747.6879814583383,1747.6879814583383,0.0,0.0,1.0,1.0,0.0,22.4062561725428,64.0
pp_quantile_fixed,FOODS_3_048_TX_3,1872.2017036885834,1831.243773541555,40.957930147028556,0.0,0.9582487969958935,0.9871794871794872,0.01282051282051282,23.47748427617378,109.0
pp_quantile_fixed,FOODS_3_049_TX_1,946.7716619217003,946.7716619217003,0.0,0.0,1.0,1.0,0.0,12.138098229765388,28.0
pp_quantile_fixed,FOODS_3_050_CA_2,846.4434105788873,826.108140359454,20.33527021943342,0.0,0.9662765004652845,0.9743589743589743,0.02564102564102564,10.591130004608384,67.0
pp_quantile_fixed,FOODS_3_053_CA_4,897.8075351458863,793.659118961992,104.14841618389431,0.0,0.8699770085094953,0.9487179487179487,0.05128205128205128,10.175116909769129,89.0
pp_quantile_fixed,FOODS_3_054_WI_3,2246.40000000001,2246.40000000001,0.0,0.0,1.0,1.0,0.0,28.80000000000013,0.0
pp_quantile_fixed,FOODS_3_057_WI_3,634.8506940687354,634.8506940687354,0.0,0.0,1.0,1.0,0.0,8.139111462419685,20.0
pp_quantile_fixed,FOODS_3_066_CA_4,2394.0669591880364,1931.9294635452507,462.1374956427858,0.0,0.8152927675288626,0.8589743589743589,0.14102564102564102,24.76832645570834,278.0
pp_quantile_fixed,FOODS_3_066_TX_3,2408.3830884499,1999.5707323403178,408.8123561095819,0.0,0.8211669483335162,0.8717948717948718,0.1282051282051282,25.635522209491253,254.0
pp_quantile_fixed,FOODS_3_067_CA_4,606.776489029052,581.585070824647,25.19141820440499,0.0,0.9678270521016539,0.9615384615384616,0.038461538461538464,7.4562188567262435,87.0
pp_quantile_fixed,FOODS_3_072_WI_3,724.4491945527094,659.6286954258503,64.82049912685906,0.0,0.7999367310899412,0.9358974358974359,0.0641025641025641,8.456778146485261,36.0
pp_quantile_fixed,FOODS_3_074_CA_2,1534.2204512742614,1307.1468914394386,227.07355983482296,0.0,0.8621289861355054,0.8974358974358975,0.10256410256410256,16.7582934799928,183.0
pp_quantile_fixed,FOODS_3_091_TX_1,647.9073318772311,620.6932822238172,27.214049653413856,0.0,0.9342655805473096,0.9743589743589743,0.02564102564102564,7.95760618235663,46.0
pp_quantile_fixed,FOODS_3_091_WI_1,572.731146362123,536.1647588634777,36.566387498645376,0.0,0.8598988984726231,0.9487179487179487,0.05128205128205128,6.873907164916381,29.0
pp_quantile_fixed,FOODS_3_094_TX_2,1683.9612212554364,1683.9612212554364,0.0,0.0,1.0,1.0,0.0,21.58924642635175,99.0
pp_quantile_fixed,FOODS_3_101_WI_3,1956.9101596812377,1852.7940922057796,104.11606747545812,0.0,0.9583868635190016,0.9358974358974359,0.0641025641025641,23.75377041289461,278.0
pp_quantile_fixed,FOODS_3_102_WI_2,1080.3494882062719,1080.3494882062719,0.0,0.0,1.0,1.0,0.0,13.850634464182972,110.0
pp_quantile_fixed,FOODS_3_103_TX_1,567.5444471911139,567.5444471911139,0.0,0.0,1.0,1.0,0.0,7.276210861424538,23.0
pp_quantile_fixed,FOODS_3_103_WI_1,990.9114390683428,966.1016304493095,24.80980861903332,0.0,0.9798785007144903,0.9871794871794872,0.01282051282051282,12.385918339093712,137.0
pp_quantile_fixed,FOODS_3_110_WI_1,865.9951169944028,865.9951169944028,0.0,0.0,1.0,1.0,0.0,11.102501499928241,24.0
pp_quantile_fixed,FOODS_3_111_TX_1,809.9110378181749,802.541429912433,7.3696079057418356,0.0,0.954508593174433,0.9871794871794872,0.01282051282051282,10.288992691185038,18.0
pp_quantile_fixed,FOODS_3_111_WI_1,682.7412767146907,682.7412767146907,0.0,0.0,1.0,1.0,0.0,8.753093291213982,32.0
pp_quantile_fixed,FOODS_3_117_CA_4,907.4631131614133,885.4635302029002,21.999582958513106,0.0,0.9686615627371609,0.9743589743589743,0.02564102564102564,11.352096541062823,78.0
pp_quantile_fixed,FOODS_3_120_TX_1,8833.340587775707,6869.013578346736,1964.327009428972,0.0,0.7680567942580031,0.8333333333333334,0.16666666666666666,88.06427664547097,941.0
pp_quantile_fixed,FOODS_3_125_CA_1,1965.2286451681018,1965.2286451681018,0.0,0.0,1.0,1.0,0.0,25.19523904061669,48.0
pp_quantile_fixed,FOODS_3_126_WI_1,1386.435702653991,1386.435702653991,0.0,0.0,1.0,1.0,0.0,17.77481670069219,125.0
pp_quantile_fixed,FOODS_3_133_CA_1,3058.0585739303724,2173.049335860929,885.0092380694434,0.0,0.8274835793236953,0.7948717948717948,0.20512820512820512,27.859606870011913,570.0
pp_quantile_fixed,FOODS_3_133_CA_2,2444.1309099069786,2187.2395050069445,256.8914049000339,0.0,0.9369900895511322,0.9102564102564102,0.08974358974358974,28.041532115473647,453.0
pp_quantile_fixed,FOODS_3_133_TX_1,2566.3874633967844,2380.667770040831,185.71969335595352,0.0,0.8973357140099759,0.9230769230769231,0.07692307692307693,30.521381667190138,201.0
pp_quantile_fixed,FOODS_3_134_TX_1,3075.921554511791,2614.7181173833633,461.2034371284275,0.0,0.847485635870229,0.8589743589743589,0.14102564102564102,33.522027145940555,336.0
pp_quantile_fixed,FOODS_3_136_CA_1,2511.206372052152,1863.7200996767142,647.4862723754377,0.0,0.8060837758683925,0.782051282051282,0.21794871794871795,23.893847431752747,371.0
pp_quantile_fixed,FOODS_3_138_WI_3,1259.6567538485083,1088.197366941004,171.45938690750438,0.0,0.8859218982651336,0.8717948717948718,0.1282051282051282,13.951248294115436,167.0
pp_quantile_fixed,FOODS_3_141_TX_3,559.7084833245534,557.6842548976555,2.024228426897963,0.0,0.989776624106576,0.9871794871794872,0.01282051282051282,7.149798139713532,22.0
pp_quantile_fixed,FOODS_3_154_CA_1,1068.4223633921054,1068.4223633921054,0.0,0.0,1.0,1.0,0.0,13.697722607591095,30.0
pp_quantile_fixed,FOODS_3_155_TX_1,471.65314114850906,471.65314114850906,0.0,0.0,1.0,1.0,0.0,6.046835142929603,18.0
pp_quantile_fixed,FOODS_3_157_CA_2,1593.6126335882632,1593.6126335882632,0.0,0.0,1.0,1.0,0.0,20.430931199849528,60.0
pp_quantile_fixed,FOODS_3_158_WI_3,490.32906357816006,490.32906357816006,0.0,0.0,1.0,1.0,0.0,6.286270045873847,29.0
pp_quantile_fixed,FOODS_3_160_CA_1,672.4590123758076,407.7021811051089,264.7568312706987,0.0,0.18284928620154728,0.8717948717948718,0.1282051282051282,5.226951039809088,36.0
pp_quantile_fixed,FOODS_3_160_TX_1,936.0,936.0,0.0,0.0,1.0,1.0,0.0,12.0,0.0
pp_quantile_fixed,FOODS_3_160_WI_2,351.98894847195726,273.93259458555025,78.05635388640702,0.0,0.3328516761845553,0.9487179487179487,0.05128205128205128,3.511956340840388,13.0
pp_quantile_fixed,FOODS_3_161_WI_1,1021.6901018822576,1021.6901018822576,0.0,0.0,1.0,1.0,0.0,13.098591049772534,19.0
pp_quantile_fixed,FOODS_3_162_WI_2,919.8149055242081,919.8149055242081,0.0,0.0,1.0,1.0,0.0,11.7924987887719,61.0
pp_quantile_fixed,FOODS_3_163_TX_2,703.4062867075615,671.048871079198,32.35741562836357,0.0,0.9586750758258448,0.9615384615384616,0.038461538461538464,8.603190654861512,87.0
pp_quantile_fixed,FOODS_3_169_TX_3,1645.7430647963515,1573.7942353006874,71.94882949566414,0.0,0.9480888676077459,0.9358974358974359,0.0641025641025641,20.176849170521635,154.0
pp_quantile_fixed,FOODS_3_171_WI_2,712.4126315329228,712.4126315329228,0.0,0.0,1.0,1.0,0.0,9.133495276063112,15.0
pp_quantile_fixed,FOODS_3_172_CA_3,1746.7072781254285,1746.7072781254285,0.0,0.0,1.0,1.0,0.0,22.393683052890108,166.0
pp_quantile_fixed,FOODS_3_172_TX_3,2061.5757298095564,2061.5757298095564,0.0,0.0,1.0,1.0,0.0,26.430458074481493,116.0
pp_quantile_fixed,FOODS_3_176_WI_3,935.5887131765245,935.5887131765245,0.0,0.0,1.0,1.0,0.0,11.994727092006725,45.0
pp_quantile_fixed,FOODS_3_178_WI_2,1103.1712387454463,1039.7450809118238,63.42615783362253,0.0,0.9397662318769017,0.9615384615384616,0.038461538461538464,13.330065139895177,117.0
pp_quantile_fixed,FOODS_3_180_WI_1,768.8893368752421,766.7967173650097,2.0926195102323177,0.0,0.9961883069030377,0.9871794871794872,0.01282051282051282,9.830727145705254,61.0
pp_quantile_fixed,FOODS_3_184_WI_3,2561.6292221361746,2376.9165152262713,184.71270690990332,0.0,0.6689736435306392,0.8589743589743589,0.14102564102564102,30.473288656747066,62.0
pp_quantile_fixed,FOODS_3_192_TX_2,1545.1042332503462,1545.1042332503462,0.0,0.0,1.0,1.0,0.0,19.809028631414694,128.0
pp_quantile_fixed,FOODS_3_197_WI_1,879.4366703159164,879.4366703159164,0.0,0.0,1.0,1.0,0.0,11.274829106614314,32.0
pp_quantile_fixed,FOODS_3_198_TX_2,2202.103017610302,2202.103017610302,0.0,0.0,1.0,1.0,0.0,28.232089969362843,2.0
pp_quantile_fixed,FOODS_3_198_WI_3,1762.2587765004882,1762.2587765004882,0.0,0.0,1.0,1.0,0.0,22.593061237185747,4.0
pp_quantile_fixed,FOODS_3_199_CA_2,2206.3959700396726,2206.3959700396726,0.0,0.0,1.0,1.0,0.0,28.287127821021443,45.0
pp_quantile_fixed,FOODS_3_199_TX_1,1209.7566727751905,1209.7566727751905,0.0,0.0,1.0,1.0,0.0,15.509700933015264,27.0
pp_quantile_fixed,FOODS_3_204_CA_2,1092.2036367903038,1048.2078092636896,43.99582752661432,0.0,0.9236183549885169,0.9871794871794872,0.01282051282051282,13.438561657226789,64.0
pp_quantile_fixed,FOODS_3_204_CA_4,2056.5532021951412,2056.5532021951412,0.0,0.0,1.0,1.0,0.0,26.366066694809504,47.0
pp_quantile_fixed,FOODS_3_205_TX_1,3145.5110687577685,3145.5110687577685,0.0,0.0,1.0,1.0,0.0,40.32706498407396,10.0
pp_quantile_fixed,FOODS_3_208_WI_3,885.1606624045958,784.1517775017836,101.00888490281213,0.0,0.8766680282016946,0.9487179487179487,0.05128205128205128,10.053227916689533,91.0
pp_quantile_fixed,FOODS_3_209_TX_2,997.3736398868832,997.3736398868832,0.0,0.0,1.0,1.0,0.0,12.786841537011323,13.0
pp_quantile_fixed,FOODS_3_210_TX_1,533.2181359421947,533.2181359421947,0.0,0.0,1.0,1.0,0.0,6.836129947976856,0.0
pp_quantile_fixed,FOODS_3_211_CA_1,1313.8742539523446,977.9200931544414,335.95416079790334,0.0,0.740776110495445,0.782051282051282,0.21794871794871795,12.537437091723607,144.0
pp_quantile_fixed,FOODS_3_215_CA_3,1506.171851500069,1450.4311608408154,55.74069065925339,0.0,0.9659702743228002,0.9615384615384616,0.038461538461538464,18.59527129283097,182.0
pp_quantile_fixed,FOODS_3_215_CA_4,1018.6202055851035,902.842824425664,115.7773811594394,0.0,0.877484252741334,0.9230769230769231,0.07692307692307693,11.574908005457232,105.0
pp_quantile_fixed,FOODS_3_224_CA_1,1041.882822856747,875.945701799263,165.93712105748403,0.0,0.8825639624504713,0.8717948717948718,0.1282051282051282,11.230073099990552,157.0
pp_quantile_fixed,FOODS_3_229_CA_1,1984.7403108642484,1984.7403108642484,0.0,0.0,1.0,1.0,0.0,25.445388600823698,51.0
pp_quantile_fixed,FOODS_3_232_WI_3,798.0164135748512,798.0164135748512,0.0,0.0,1.0,1.0,0.0,10.230979661216042,55.0
pp_quantile_fixed,FOODS_3_237_WI_3,1399.6795121472398,1399.6795121472398,0.0,0.0,1.0,1.0,0.0,17.944609130092818,58.0
pp_quantile_fixed,FOODS_3_239_CA_4,603.534170761754,572.4078872973173,31.126283464436767,0.0,0.937118619263764,0.9615384615384616,0.038461538461538464,7.338562657657914,55.0
pp_quantile_fixed,FOODS_3_240_TX_3,1040.0777205917018,1040.0777205917018,0.0,0.0,1.0,1.0,0.0,13.334329751175664,69.0
pp_quantile_fixed,FOODS_3_243_WI_1,895.773946725826,895.773946725826,0.0,0.0,1.0,1.0,0.0,11.48428136827982,19.0
pp_quantile_fixed,FOODS_3_246_CA_2,1355.5755170325158,1302.7069455286767,52.868571503839135,0.0,0.957432712154719,0.9743589743589743,0.02564102564102564,16.701371096521495,138.0
pp_quantile_fixed,FOODS_3_246_TX_2,776.9784002298413,754.8304352611605,22.147964968680903,0.0,0.9582900848047441,0.9615384615384616,0.038461538461538464,9.67731327257898,59.0
pp_quantile_fixed,FOODS_3_247_CA_3,1290.4806167621286,1138.3247084696936,152.15590829243513,0.0,0.801103387853026,0.9230769230769231,0.07692307692307693,14.593906518842227,85.0
pp_quantile_fixed,FOODS_3_255_WI_2,843.0832982252288,843.0832982252288,0.0,0.0,1.0,1.0,0.0,10.808760233656779,25.0
pp_quantile_fixed,FOODS_3_256_WI_1,649.0015081707068,649.0015081707068,0.0,0.0,1.0,1.0,0.0,8.320532156034702,9.0
pp_quantile_fixed,FOODS_3_257_TX_2,1151.9769570724732,1089.69137491627,62.285582156203084,0.0,0.9541680778835887,0.9358974358974359,0.0641025641025641,13.970402242516283,151.0
pp_quantile_fixed,FOODS_3_258_CA_3,3418.0941301657076,3085.309304347419,332.78482581828825,0.0,0.8833561774208594,0.8974358974358975,0.10256410256410256,39.55524749163358,317.0
pp_quantile_fixed,FOODS_3_258_TX_1,1599.347570775134,1599.347570775134,0.0,0.0,1.0,1.0,0.0,20.50445603557864,207.0
pp_quantile_fixed,FOODS_3_258_TX_2,1575.3278671962144,1531.9792596952216,43.348607500992856,0.0,0.9771729291727264,0.9871794871794872,0.01282051282051282,19.640759739682327,211.0
pp_quantile_fixed,FOODS_3_258_WI_2,2854.649987439123,2343.793707290964,510.85628014815893,0.0,0.8405567165580028,0.8461538461538461,0.15384615384615385,30.048637272961077,356.0
pp_quantile_fixed,FOODS_3_265_TX_3,900.5066637523827,890.4604299731429,10.046233779239753,0.0,0.9860468975288337,0.9615384615384616,0.038461538461538464,11.416159358630038,80.0
pp_quantile_fixed,FOODS_3_265_WI_2,871.5159041556502,871.5159041556502,0.0,0.0,1.0,1.0,0.0,11.173280822508335,68.0
pp_quantile_fixed,FOODS_3_270_WI_3,647.3789674654676,647.3789674654676,0.0,0.0,1.0,1.0,0.0,8.29973035212138,31.0
pp_quantile_fixed,FOODS_3_271_WI_2,1425.8916263615138,1371.2227826414726,54.66884372004115,0.0,0.876034367981766,0.9487179487179487,0.05128205128205128,17.579779264634265,49.0
pp_quantile_fixed,FOODS_3_277_CA_4,967.9604413859298,800.8050556874733,167.15538569845646,0.0,0.7707059181091133,0.8589743589743589,0.14102564102564102,10.266731483172736,81.0
pp_quantile_fixed,FOODS_3_278_WI_2,3891.180916085134,3673.561171208703,217.61974487643081,0.0,0.9451701323062659,0.9487179487179487,0.05128205128205128,47.09693809241927,441.0
pp_quantile_fixed,FOODS_3_279_TX_3,478.08434635051975,478.08434635051975,0.0,0.0,1.0,1.0,0.0,6.12928649167333,14.0
pp_quantile_fixed,FOODS_3_280_WI_3,676.1993972644906,600.8476576287761,75.35173963571444,0.0,0.8627472866380429,0.9102564102564102,0.08974358974358974,7.703175097804822,61.0
pp_quantile_fixed,FOODS_3_282_WI_3,19850.868137451416,16419.442618605517,3431.4255188458997,0.0,0.8329962759115249,0.8205128205128205,0.1794871794871795,210.50567459750664,2283.0
pp_quantile_fixed,FOODS_3_286_TX_3,893.1189658181377,893.1189658181377,0.0,0.0,1.0,1.0,0.0,11.450243151514586,34.0
pp_quantile_fixed,FOODS_3_286_WI_3,868.7384668458211,808.7529487456919,59.98551810012919,0.0,0.9034049628017243,0.9487179487179487,0.05128205128205128,10.368627548021692,69.0
pp_quantile_fixed,FOODS_3_289_TX_3,585.5653675287722,585.5653675287722,0.0,0.0,1.0,1.0,0.0,7.507248301650925,19.0
pp_quantile_fixed,FOODS_3_295_TX_1,8156.602282020871,6677.662469450804,1478.939812570067,0.0,0.7590518389426415,0.8333333333333334,0.16666666666666666,85.61105730065132,682.0
pp_quantile_fixed,FOODS_3_296_CA_4,1021.6731988435743,953.7790407536258,67.89415808994838,0.0,0.8783258815592323,0.9358974358974359,0.0641025641025641,12.22793641991828,62.0
pp_quantile_fixed,FOODS_3_300_WI_2,3688.9043033413896,2591.0472410296234,1097.8570623117662,0.0,0.6164021445451551,0.7564102564102564,0.24358974358974358,33.21855437217466,318.0
pp_quantile_fixed,FOODS_3_302_CA_4,2591.5884381696956,2488.0660972272763,103.52234094241943,0.0,0.9441627071507986,0.9358974358974359,0.0641025641025641,31.898283297785593,206.0
pp_quantile_fixed,FOODS_3_309_CA_2,632.7603973673657,632.7603973673657,0.0,0.0,1.0,1.0,0.0,8.112312786761098,24.0
pp_quantile_fixed,FOODS_3_309_WI_1,730.9841302729648,730.9841302729648,0.0,0.0,1.0,1.0,0.0,9.371591413755958,27.0
pp_quantile_fixed,FOODS_3_316_TX_3,821.2256433097807,784.807054726439,36.41858858334169,0.0,0.8240647894524555,0.9358974358974359,0.0641025641025641,10.061628906749219,23.0
pp_quantile_fixed,FOODS_3_318_TX_2,6341.458229949203,5607.124279873896,734.3339500753073,0.0,0.8491817724224056,0.8461538461538461,0.15384615384615385,71.88620871633199,541.0
pp_quantile_fixed,FOODS_3_331_TX_1,1095.9765860544012,1017.2424612786373,78.73412477576402,0.0,0.944979647256629,0.9487179487179487,0.05128205128205128,13.041570016392786,159.0
pp_quantile_fixed,FOODS_3_335_TX_1,5508.115524275502,5508.115524275502,0.0,0.0,1.0,1.0,0.0,70.61686569583978,5.0
pp_quantile_fixed,FOODS_3_337_CA_1,819.3957642788247,819.3957642788247,0.0,0.0,1.0,1.0,0.0,10.505073901010572,41.0
pp_quantile_fixed,FOODS_3_346_WI_3,1777.5214194424384,1565.12183931228,212.39958013015854,0.0,0.8881518798682683,0.8846153846153846,0.11538461538461539,20.06566460656769,211.0
pp_quantile_fixed,FOODS_3_352_CA_1,1379.901407779509,1376.8422163282246,3.059191451284498,0.0,0.9922747690624129,0.9871794871794872,0.01282051282051282,17.65182328625929,44.0
pp_quantile_fixed,FOODS_3_354_WI_2,872.6851033203145,872.6851033203145,0.0,0.0,1.0,1.0,0.0,11.188270555388648,61.0
pp_quantile_fixed,FOODS_3_356_CA_1,2233.479889947633,2008.5320355198996,224.94785442773355,0.0,0.8437862122029628,0.8846153846153846,0.11538461538461539,25.750410711793585,160.0
pp_quantile_fixed,FOODS_3_356_TX_2,1295.822076020473,1269.1396290720475,26.682446948425657,0.0,0.969117538254137,0.9743589743589743,0.02564102564102564,16.27102088553907,96.0
pp_quantile_fixed,FOODS_3_363_WI_3,3252.724640252266,2698.96617862175,553.758461630516,0.0,0.7478331231190728,0.8076923076923077,0.19230769230769232,34.60213049515064,244.0
pp_quantile_fixed,FOODS_3_365_TX_1,1018.9919077753067,1018.9919077753067,0.0,0.0,1.0,1.0,0.0,13.063998817632138,19.0
pp_quantile_fixed,FOODS_3_367_TX_1,1864.3651949187245,1688.5257800444028,175.83941487432165,0.0,0.8084537964332008,0.9102564102564102,0.08974358974358974,21.647766410825678,102.0
pp_quantile_fixed,FOODS_3_370_CA_1,3583.0071294446643,3583.0071294446643,0.0,0.0,1.0,1.0,0.0,45.93598883903416,41.0
pp_quantile_fixed,FOODS_3_372_TX_3,2385.2794343258424,2132.9853606593088,252.29407366653365,0.0,0.9250463239255694,0.9230769230769231,0.07692307692307693,27.34596616229883,374.0
pp_quantile_fixed,FOODS_3_380_TX_3,646.606636630981,625.804291532352,20.80234509862903,0.0,0.894937651017025,0.9615384615384616,0.038461538461538464,8.023131942722461,22.0
pp_quantile_fixed,FOODS_3_384_TX_1,578.2102526643574,578.2102526643574,0.0,0.0,1.0,1.0,0.0,7.412951957235352,22.0
pp_quantile_fixed,FOODS_3_385_CA_4,826.3706107183137,809.2841184703323,17.08649224798147,0.0,0.9596064013050084,0.9743589743589743,0.02564102564102564,10.375437416286312,47.0
pp_quantile_fixed,FOODS_3_385_TX_3,822.4720388764232,822.4720388764232,0.0,0.0,1.0,1.0,0.0,10.544513318928503,47.0
pp_quantile_fixed,FOODS_3_387_CA_2,1536.4957939626677,1511.3073484427523,25.188445519915415,0.0,0.9440256766224101,0.9743589743589743,0.02564102564102564,19.375735236445543,50.0
pp_quantile_fixed,FOODS_3_390_TX_2,1285.777295556632,1148.9108443672294,136.86645118940257,0.0,0.8965484117993933,0.8974358974358975,0.10256410256410256,14.729626209836274,147.0
pp_quantile_fixed,FOODS_3_392_WI_2,1017.9478614379207,888.1734230618696,129.77443837605108,0.0,0.8342599765312247,0.9102564102564102,0.08974358974358974,11.386838757203456,87.0
pp_quantile_fixed,FOODS_3_392_WI_3,819.2480448760365,700.8831355953356,118.36490928070086,0.0,0.8269518870165192,0.9358974358974359,0.0641025641025641,8.985681225581226,76.0
pp_quantile_fixed,FOODS_3_393_CA_3,4358.576643722575,3902.951393650328,455.6252500722468,0.0,0.9188701477791584,0.9102564102564102,0.08974358974358974,50.03783838013241,624.0
pp_quantile_fixed,FOODS_3_398_WI_3,775.5587740639411,775.5587740639411,0.0,0.0,1.0,1.0,0.0,9.943061205947963,28.0
pp_quantile_fixed,FOODS_3_403_TX_1,3173.899173846263,2798.0319474078556,375.867226438407,0.0,0.8961118777118832,0.8974358974358975,0.10256410256410256,35.872204453946864,402.0
pp_quantile_fixed,FOODS_3_405_TX_3,1068.5086537886664,1019.4943917632663,49.01426202540014,0.0,0.9076944217977398,0.9743589743589743,0.02564102564102564,13.070440920041875,59.0
pp_quantile_fixed,FOODS_3_408_TX_2,872.1310820256327,872.1310820256327,0.0,0.0,1.0,1.0,0.0,11.181167718277342,8.0
pp_quantile_fixed,FOODS_3_416_CA_4,909.2372078085817,823.8238318077778,85.41337600080394,0.0,0.9031594376408117,0.9102564102564102,0.08974358974358974,10.561843997535613,98.0
pp_quantile_fixed,FOODS_3_416_WI_3,678.7559058507533,659.4687779616478,19.28712788910552,0.0,0.9735430344456715,0.9743589743589743,0.02564102564102564,8.454727922585228,81.0
pp_quantile_fixed,FOODS_3_417_CA_3,785.0344745888308,785.0344745888308,0.0,0.0,1.0,1.0,0.0,10.064544546010652,72.0
pp_quantile_fixed,FOODS_3_422_CA_1,1664.9892839288545,1664.9892839288545,0.0,0.0,1.0,1.0,0.0,21.34601646062634,116.0
pp_quantile_fixed,FOODS_3_423_WI_2,1191.7629152245618,1084.8645663881755,106.89834883638635,0.0,0.8568964540342888,0.9230769230769231,0.07692307692307693,13.908520081899686,83.0
pp_quantile_fixed,FOODS_3_425_CA_1,721.1599449848992,696.1783656635381,24.981579321361053,0.0,0.9579434691559578,0.9487179487179487,0.05128205128205128,8.925363662353053,66.0
pp_quantile_fixed,FOODS_3_427_WI_3,1766.6636250305617,1766.6636250305617,0.0,0.0,1.0,1.0,0.0,22.64953365423797,17.0
pp_quantile_fixed,FOODS_3_428_TX_3,467.1943297186077,463.20686812317695,3.987461595430787,0.0,0.9815395296507834,0.9871794871794872,0.01282051282051282,5.938549591322781,24.0
pp_quantile_fixed,FOODS_3_434_CA_1,1817.3644020990805,1667.5372725925934,149.82712950648715,0.0,0.9150639855405401,0.9230769230769231,0.07692307692307693,21.378682981956324,196.0
pp_quantile_fixed,FOODS_3_434_WI_1,1454.0879507396319,1454.0879507396319,0.0,0.0,1.0,1.0,0.0,18.642153214610666,71.0
pp_quantile_fixed,FOODS_3_441_TX_2,22776.0,22776.0,0.0,0.0,1.0,1.0,0.0,292.0,0.0
pp_quantile_fixed,FOODS_3_444_CA_4,10998.0,10998.0,0.0,0.0,1.0,1.0,0.0,141.0,0.0
pp_quantile_fixed,FOODS_3_444_TX_2,42931.20000000006,42931.20000000006,0.0,0.0,1.0,1.0,0.0,550.4000000000008,0.0
pp_quantile_fixed,FOODS_3_445_CA_3,2745.1757664693073,2447.1019292102847,298.07383725902247,0.0,0.7350454779919801,0.9230769230769231,0.07692307692307693,31.37310165654211,125.0
pp_quantile_fixed,FOODS_3_449_WI_1,1278.5511823022773,1153.82106538674,124.73011691553744,0.0,0.9117267396209927,0.9230769230769231,0.07692307692307693,14.792577761368461,157.0
pp_quantile_fixed,FOODS_3_451_CA_4,1774.0612199636876,1664.2338439797697,109.82737598391788,0.0,0.8644106469334348,0.9487179487179487,0.05128205128205128,21.33633133307397,90.0
pp_quantile_fixed,FOODS_3_453_TX_2,558.0848849134433,558.0848849134433,0.0,0.0,1.0,1.0,0.0,7.154934421967221,12.0
pp_quantile_fixed,FOODS_3_453_WI_2,617.2990394208967,617.2990394208967,0.0,0.0,1.0,1.0,0.0,7.914090248985856,32.0
pp_quantile_fixed,FOODS_3_454_CA_1,7087.106519963462,7087.106519963462,0.0,0.0,1.0,1.0,0.0,90.86033999953156,1.0
pp_quantile_fixed,FOODS_3_455_TX_1,8688.593147058196,6911.883381721124,1776.709765337071,0.0,0.8055052254693957,0.7948717948717948,0.20512820512820512,88.61388950924518,1015.0
pp_quantile_fixed,FOODS_3_456_CA_4,572.4730124537911,572.4730124537911,0.0,0.0,1.0,1.0,0.0,7.339397595561424,30.0
pp_quantile_fixed,FOODS_3_457_TX_3,948.8632123383958,948.8632123383958,0.0,0.0,1.0,1.0,0.0,12.164912978697382,15.0
pp_quantile_fixed,FOODS_3_458_TX_1,2968.1819019773056,2753.184341602499,214.99756037480665,0.0,0.949813828110456,0.9230769230769231,0.07692307692307693,35.297235148749984,476.0
pp_quantile_fixed,FOODS_3_458_WI_1,2568.629865899297,2302.106687460547,266.5231784387498,0.0,0.9134102734117121,0.9358974358974359,0.0641025641025641,29.514188300776247,342.0
pp_quantile_fixed,FOODS_3_464_TX_2,956.1211440174759,953.0961186488802,3.0250253685957293,0.0,0.9891576151663236,0.9871794871794872,0.01282051282051282,12.219181008318976,31.0
pp_quantile_fixed,FOODS_3_465_CA_3,1032.486214799521,1032.486214799521,0.0,0.0,1.0,1.0,0.0,13.237002753840011,49.0
pp_quantile_fixed,FOODS_3_465_TX_2,735.102351798036,735.102351798036,0.0,0.0,1.0,1.0,0.0,9.424389125615846,27.0
pp_quantile_fixed,FOODS_3_465_WI_3,970.0608776365743,906.0393063337182,64.02157130285612,0.0,0.8852660012493618,0.9615384615384616,0.038461538461538464,11.615888542739977,62.0
pp_quantile_fixed,FOODS_3_468_TX_2,2121.7463161590963,2121.7463161590963,0.0,0.0,1.0,1.0,0.0,27.20187584819354,166.0
pp_quantile_fixed,FOODS_3_471_WI_3,765.3863615736619,748.5578271015652,16.82853447209672,0.0,0.9584480630318599,0.9743589743589743,0.02564102564102564,9.596895219250836,45.0
pp_quantile_fixed,FOODS_3_472_CA_1,618.3616277927621,577.7982758981086,40.56335189465348,0.0,0.8844348948870271,0.9487179487179487,0.05128205128205128,7.4076702038219056,39.0
pp_quantile_fixed,FOODS_3_474_CA_1,1973.8795616507525,1135.9280037037754,837.9515579469771,0.0,0.7044262582197611,0.8333333333333334,0.16666666666666666,14.563179534663787,315.0
pp_quantile_fixed,FOODS_3_476_TX_3,1731.77561744776,1537.2854650012127,194.49015244654714,0.0,0.9165636411640725,0.8717948717948718,0.1282051282051282,19.70878801283606,259.0
pp_quantile_fixed,FOODS_3_479_CA_3,2239.4953738278155,2159.5754167234445,79.91995710437115,0.0,0.9445000297886311,0.9358974358974359,0.0641025641025641,27.686864316967238,160.0
pp_quantile_fixed,FOODS_3_479_TX_2,2209.2821017906826,2098.36134314124,110.92075864944286,0.0,0.8918900987822195,0.9487179487179487,0.05128205128205128,26.90206850181077,114.0
pp_quantile_fixed,FOODS_3_479_TX_3,1270.1510066368967,1238.7171894897767,31.433817147119978,0.0,0.9647207439426263,0.9743589743589743,0.02564102564102564,15.880989608843292,99.0
pp_quantile_fixed,FOODS_3_481_TX_2,668.0300232904019,668.0300232904019,0.0,0.0,1.0,1.0,0.0,8.564487478082075,32.0
pp_quantile_fixed,FOODS_3_498_TX_1,5986.276498835864,5470.385528373019,515.8909704628446,0.0,0.8219837921108197,0.9871794871794872,0.01282051282051282,70.1331477996541,322.0
pp_quantile_fixed,FOODS_3_499_TX_1,4807.747323010102,4094.2271123618457,713.5202106482561,0.0,0.9043666786425069,0.8846153846153846,0.11538461538461539,52.49009118412623,829.0
pp_quantile_fixed,FOODS_3_502_TX_2,1465.7891811840996,1166.8679952438185,298.9211859402809,0.0,0.8410838990216477,0.8589743589743589,0.14102564102564102,14.95984609286947,209.0
pp_quantile_fixed,FOODS_3_511_CA_1,9538.545236913202,7721.6721115027885,1816.8731254104127,0.0,0.8898063364016003,0.8717948717948718,0.1282051282051282,98.9957963013178,1832.0
pp_quantile_fixed,FOODS_3_511_WI_2,6771.4517493724225,5055.507893705319,1715.943855667104,0.0,0.7402446479462453,0.782051282051282,0.21794871794871795,64.8142037654528,734.0
pp_quantile_fixed,FOODS_3_512_CA_1,787.8382636474106,787.8382636474106,0.0,0.0,1.0,1.0,0.0,10.100490559582187,12.0
pp_quantile_fixed,FOODS_3_513_CA_1,1053.0430217881003,995.9483676966495,57.094654091450856,0.0,0.9536945222291556,0.9358974358974359,0.0641025641025641,12.768568816623711,137.0
pp_quantile_fixed,FOODS_3_514_CA_2,1624.9386472739754,1262.7110717796872,362.2275754942882,0.0,0.8178845774287138,0.8333333333333334,0.16666666666666666,16.188603484354964,221.0
pp_quantile_fixed,FOODS_3_515_CA_1,2345.9614856685903,2084.082257055344,261.87922861324626,0.0,0.8468542522729553,0.8461538461538461,0.15384615384615385,26.719003295581334,190.0
pp_quantile_fixed,FOODS_3_517_TX_1,702.5597768565407,702.5597768565407,0.0,0.0,1.0,1.0,0.0,9.007176626365906,17.0
pp_quantile_fixed,FOODS_3_517_TX_3,465.1195478744912,465.1195478744912,0.0,0.0,1.0,1.0,0.0,5.963071126596041,17.0
pp_quantile_fixed,FOODS_3_525_CA_4,2018.0,2018.0,0.0,0.0,1.0,1.0,0.0,25.871794871794872,39.0
pp_quantile_fixed,FOODS_3_531_CA_3,907.1132937584497,907.1132937584497,0.0,0.0,1.0,1.0,0.0,11.629657612287817,57.0
pp_quantile_fixed,FOODS_3_532_TX_3,1699.8893598436582,1621.2914641882724,78.59789565538593,0.0,0.940184249881746,0.9358974358974359,0.0641025641025641,20.78578800241375,146.0
pp_quantile_fixed,FOODS_3_532_WI_1,2679.501662198143,2412.737060284445,266.76460191369847,0.0,0.9374672756883031,0.9230769230769231,0.07692307692307693,30.93252641390314,474.0
pp_quantile_fixed,FOODS_3_533_TX_3,1233.3995224285309,1233.3995224285309,0.0,0.0,1.0,1.0,0.0,15.81281439010937,110.0
pp_quantile_fixed,FOODS_3_533_WI_3,1749.9607877802002,1619.7204441555555,130.2403436246448,0.0,0.920488190705345,0.9487179487179487,0.05128205128205128,20.765646719943017,182.0
pp_quantile_fixed,FOODS_3_538_WI_1,1933.9676813184406,1725.8587972017488,208.10888411669168,0.0,0.8478736227217167,0.9102564102564102,0.08974358974358974,22.126394835919857,152.0
pp_quantile_fixed,FOODS_3_544_TX_2,802.8265903377875,795.3977307310048,7.428859606782648,0.0,0.9860096805898632,0.9871794871794872,0.01282051282051282,10.197406804243652,59.0
pp_quantile_fixed,FOODS_3_545_CA_2,898.5128787475188,886.6352684069592,11.877610340559595,0.0,0.9678113540906244,0.9871794871794872,0.01282051282051282,11.367118825730246,41.0
pp_quantile_fixed,FOODS_3_546_CA_1,5884.5202029839775,5231.406816826024,653.1133861579539,0.0,0.7717982578064451,0.8461538461538461,0.15384615384615385,67.0693181644362,318.0
pp_quantile_fixed,FOODS_3_546_CA_3,2618.611312326846,2343.6610499797557,274.9502623470903,0.0,0.9020832399048825,0.9102564102564102,0.08974358974358974,30.046936538201997,312.0
pp_quantile_fixed,FOODS_3_550_TX_1,549.1392268132358,549.1392268132358,0.0,0.0,1.0,1.0,0.0,7.040246497605588,14.0
pp_quantile_fixed,FOODS_3_555_CA_3,12752.704851721996,10341.389575930041,2411.3152757919547,0.0,0.8817634953519685,0.8846153846153846,0.11538461538461539,132.58191764012872,2266.0
pp_quantile_fixed,FOODS_3_558_CA_4,835.1492665750976,835.1492665750976,0.0,0.0,1.0,1.0,0.0,10.707041879167917,0.0
pp_quantile_fixed,FOODS_3_563_WI_1,2547.9161023387696,2547.9161023387696,0.0,0.0,1.0,1.0,0.0,32.66559105562525,11.0
pp_quantile_fixed,FOODS_3_573_WI_2,2539.429525643196,2539.429525643196,0.0,0.0,1.0,1.0,0.0,32.55678879029738,154.0
pp_quantile_fixed,FOODS_3_575_CA_1,1018.2394733882719,1003.1560795564454,15.083393831826474,0.0,0.9677705260003708,0.9743589743589743,0.02564102564102564,12.860975378928787,52.0
pp_quantile_fixed,FOODS_3_575_WI_1,652.5963424062762,611.8811339880687,40.71520841820759,0.0,0.8922878084174403,0.9487179487179487,0.05128205128205128,7.844629922923957,42.0
pp_quantile_fixed,FOODS_3_575_WI_2,593.8348378639048,593.8348378639048,0.0,0.0,1.0,1.0,0.0,7.6132671521013435,40.0
pp_quantile_fixed,FOODS_3_578_WI_1,10144.342233216646,10144.342233216646,0.0,0.0,1.0,1.0,0.0,130.05566965662368,0.0
pp_quantile_fixed,FOODS_3_580_CA_1,4604.887281163742,4559.988572993525,44.898708170217446,0.0,0.9824339952385691,0.9743589743589743,0.02564102564102564,58.46139196145545,284.0
pp_quantile_fixed,FOODS_3_580_CA_3,9791.098744081564,9659.698744081565,131.3999999999997,0.0,0.9744755244755247,0.9487179487179487,0.05128205128205128,123.84229159078929,572.0
pp_quantile_fixed,FOODS_3_582_CA_1,798.403702865915,591.7592404288878,206.6444624370272,0.0,0.6521136996009643,0.8717948717948718,0.1282051282051282,7.586656928575485,66.0
pp_quantile_fixed,FOODS_3_585_WI_1,600.2647259648518,581.3531873670245,18.911538597827303,0.0,0.9579743586714948,0.9743589743589743,0.02564102564102564,7.453245991884929,50.0
pp_quantile_fixed,FOODS_3_588_WI_3,1108.3272934291185,1108.3272934291185,0.0,0.0,1.0,1.0,0.0,14.209324274732289,91.0
pp_quantile_fixed,FOODS_3_596_WI_1,1282.6595453174266,1167.4267483854728,115.23279693195383,0.0,0.9194739364556577,0.9358974358974359,0.0641025641025641,14.96700959468555,159.0
pp_quantile_fixed,FOODS_3_599_TX_3,2948.7645021949115,2948.7645021949115,0.0,0.0,1.0,1.0,0.0,37.80467310506297,2.0
pp_quantile_fixed,FOODS_3_605_WI_3,1336.0170165913098,1291.0170165913098,45.0,0.0,0.868421052631579,0.9487179487179487,0.05128205128205128,16.5515002127091,38.0
pp_quantile_fixed,FOODS_3_606_TX_3,980.7670416578064,897.9521589806878,82.81488267711856,0.0,0.8584360979878315,0.9358974358974359,0.0641025641025641,11.512207166419074,65.0
pp_quantile_fixed,FOODS_3_608_CA_3,1385.3330379239871,1385.3330379239871,0.0,0.0,1.0,1.0,0.0,17.760679973384452,51.0
pp_quantile_fixed,FOODS_3_610_TX_1,2235.0441633511987,2235.0441633511987,0.0,0.0,1.0,1.0,0.0,28.654412350656393,16.0
pp_quantile_fixed,FOODS_3_615_CA_4,893.7030415369188,878.9661903653293,14.736851171589443,0.0,0.982580554170698,0.9615384615384616,0.038461538461538464,11.268797312376018,94.0
pp_quantile_fixed,FOODS_3_618_WI_3,3774.4309247951023,2933.838955063494,840.5919697316087,0.0,0.4662908128688199,0.8589743589743589,0.14102564102564102,37.613319936711456,175.0
pp_quantile_fixed,FOODS_3_625_TX_1,516.1589742393569,516.1589742393569,0.0,0.0,1.0,1.0,0.0,6.617422746658422,4.0
pp_quantile_fixed,FOODS_3_626_WI_1,721.1951525097646,721.1951525097646,0.0,0.0,1.0,1.0,0.0,9.246091698843136,19.0
pp_quantile_fixed,FOODS_3_626_WI_2,1108.1544571056263,1084.7544571056267,23.399999999999693,0.0,0.8700000000000017,0.9743589743589743,0.02564102564102564,13.907108424431112,20.0
pp_quantile_fixed,FOODS_3_628_WI_1,2958.410668564804,2460.123570403715,498.28709816108903,0.0,0.8327334346555593,0.8589743589743589,0.14102564102564102,31.5400457744066,331.0
pp_quantile_fixed,FOODS_3_633_WI_1,2097.3838239693687,2093.664482021591,3.719341947777533,0.0,0.9935428091184417,0.9871794871794872,0.01282051282051282,26.84185233361014,64.0
pp_quantile_fixed,FOODS_3_634_CA_4,3082.3551884867948,2718.630008450711,363.72518003608377,0.0,0.8219651590621224,0.8846153846153846,0.11538461538461539,34.85423087757322,227.0
pp_quantile_fixed,FOODS_3_638_TX_3,1202.9252942234812,1202.9252942234812,0.0,0.0,1.0,1.0,0.0,15.422119156711297,52.0
pp_quantile_fixed,FOODS_3_640_WI_2,1530.1492142172476,1530.1492142172476,0.0,0.0,1.0,1.0,0.0,19.61729761816984,82.0
pp_quantile_fixed,FOODS_3_642_TX_3,1828.1075007471443,1828.1075007471443,0.0,0.0,1.0,1.0,0.0,23.437275650604413,57.0
pp_quantile_fixed,FOODS_3_644_WI_2,1235.365414527256,1235.365414527256,0.0,0.0,1.0,1.0,0.0,15.838018134964821,10.0
pp_quantile_fixed,FOODS_3_646_CA_2,1950.1543565350664,1838.0016587389666,112.15269779609972,0.0,0.7923098188961116,0.9358974358974359,0.0641025641025641,23.56412382998675,60.0
pp_quantile_fixed,FOODS_3_646_WI_3,2114.6534160612946,1997.6534160612946,117.0,0.0,0.8505747126436781,0.9230769230769231,0.07692307692307693,25.61094123155506,87.0
pp_quantile_fixed,FOODS_3_651_CA_2,1579.8748646471286,1426.8828567007026,152.99200794642582,0.0,0.9413823724343195,0.9358974358974359,0.0641025641025641,18.293369957701316,290.0
pp_quantile_fixed,FOODS_3_657_CA_4,1222.5646113180794,1222.5646113180794,0.0,0.0,1.0,1.0,0.0,15.67390527330871,48.0
pp_quantile_fixed,FOODS_3_658_WI_1,1240.91423389227,1157.623675135138,83.29055875713199,0.0,0.8766065796190637,0.9358974358974359,0.0641025641025641,14.841329168399206,75.0
pp_quantile_fixed,FOODS_3_658_WI_3,779.4207644385659,779.4207644385659,0.0,0.0,1.0,1.0,0.0,9.992573903058538,38.0
pp_quantile_fixed,FOODS_3_662_WI_2,656.7102669870217,656.7102669870217,0.0,0.0,1.0,1.0,0.0,8.41936239726951,11.0
pp_quantile_fixed,FOODS_3_663_CA_1,6149.436339897803,6149.436339897803,0.0,0.0,1.0,1.0,0.0,78.83892743458722,0.0
pp_quantile_fixed,FOODS_3_663_TX_2,1219.7428083585005,1122.6929345447643,97.04987381373624,0.0,0.8716271510400314,0.8717948717948718,0.1282051282051282,14.393499160830311,84.0
pp_quantile_fixed,FOODS_3_667_TX_3,637.9640594673215,637.9640594673215,0.0,0.0,1.0,1.0,0.0,8.179026403427198,13.0
pp_quantile_fixed,FOODS_3_668_WI_3,4670.047530926844,4012.6197684589574,657.427762467887,0.0,0.8993835686458697,0.9102564102564102,0.08974358974358974,51.44384318537125,726.0
pp_quantile_fixed,FOODS_3_669_TX_1,4761.811392810349,4630.18158062987,131.6298121804797,0.0,0.916425516075886,0.9102564102564102,0.08974358974358974,59.36130231576757,175.0
pp_quantile_fixed,FOODS_3_670_CA_4,1129.013100457258,1129.013100457258,0.0,0.0,1.0,1.0,0.0,14.474526928939204,21.0
pp_quantile_fixed,FOODS_3_672_TX_2,6610.495487864616,4753.881502866964,1856.6139849976519,0.0,0.7401883592222709,0.7564102564102564,0.24358974358974358,60.94719875470467,794.0
pp_quantile_fixed,FOODS_3_677_WI_2,927.7587059301197,927.7587059301197,0.0,0.0,1.0,1.0,0.0,11.894342383719485,76.0
pp_quantile_fixed,FOODS_3_691_WI_1,942.1684418863053,942.1684418863053,0.0,0.0,1.0,1.0,0.0,12.079082588285965,31.0
pp_quantile_fixed,FOODS_3_693_WI_2,737.4997365722728,737.4997365722728,0.0,0.0,1.0,1.0,0.0,9.455124827849652,7.0
pp_quantile_fixed,FOODS_3_694_WI_3,20914.310638721377,16177.57471534788,4736.735923373496,0.0,0.8527821002836521,0.8717948717948718,0.1282051282051282,207.40480404292154,3575.0
pp_quantile_fixed,FOODS_3_705_TX_2,813.7096007587132,813.7096007587132,0.0,0.0,1.0,1.0,0.0,10.432174368701451,47.0
pp_quantile_fixed,FOODS_3_711_CA_3,12949.920016165823,11969.79307847136,980.1269376944615,0.0,0.8974548087785665,0.8974358974358975,0.10256410256410256,153.4588856214277,1062.0
pp_quantile_fixed,FOODS_3_712_CA_3,2013.07561249862,1735.551268918603,277.524343580017,0.0,0.814240733882184,0.8846153846153846,0.11538461538461539,22.250657293828244,166.0
pp_quantile_fixed,FOODS_3_718_TX_1,1812.535352262515,1812.535352262515,0.0,0.0,1.0,1.0,0.0,23.237632721314295,6.0
pp_quantile_fixed,FOODS_3_723_WI_3,13237.43793922485,10143.607661180406,3093.830278044444,0.0,0.8551374126495086,0.8461538461538461,0.15384615384615385,130.04625206641546,2373.0
pp_quantile_fixed,FOODS_3_727_WI_3,2186.004056018367,1894.3435098361037,291.66054618226343,0.0,0.8878659953163155,0.8589743589743589,0.14102564102564102,24.286455254309022,289.0
pp_quantile_fixed,FOODS_3_730_CA_3,980.8979721347956,953.8979721347956,27.0,0.0,0.9696969696969697,0.9871794871794872,0.01282051282051282,12.229461181215328,99.0
pp_quantile_fixed,FOODS_3_734_TX_1,5160.602706982697,5151.043779324447,9.558927658249587,0.0,0.9979376639356528,0.9871794871794872,0.01282051282051282,66.0390228118519,515.0
pp_quantile_fixed,FOODS_3_735_CA_4,679.8562363040837,679.8562363040837,0.0,0.0,1.0,1.0,0.0,8.7161055936421,28.0
pp_quantile_fixed,FOODS_3_745_TX_3,1109.3295030093905,1109.3295030093905,0.0,0.0,1.0,1.0,0.0,14.222173115505006,0.0
pp_quantile_fixed,FOODS_3_746_CA_4,1380.7484824429025,1236.9035709481575,143.84491149474508,0.0,0.904294802731374,0.9102564102564102,0.08974358974358974,15.857738089078943,167.0
pp_quantile_fixed,FOODS_3_749_CA_1,3014.5942203144327,3014.5942203144327,0.0,0.0,1.0,1.0,0.0,38.64864385018503,71.0
pp_quantile_fixed,FOODS_3_750_CA_2,2462.0,2192.0,270.0,0.0,0.5588235294117647,0.8589743589743589,0.14102564102564102,28.102564102564102,68.0
pp_quantile_fixed,FOODS_3_753_TX_2,1756.5809237338283,1723.9590725564926,32.62185117733569,0.0,0.9824896128946132,0.9871794871794872,0.01282051282051282,22.102039391749905,207.0
pp_quantile_fixed,FOODS_3_755_TX_3,2413.373909710724,2413.373909710724,0.0,0.0,1.0,1.0,0.0,30.94069115013749,104.0
pp_quantile_fixed,FOODS_3_756_WI_3,3945.580990486494,3355.152119136093,590.428871350401,0.0,0.8728620001398792,0.8589743589743589,0.14102564102564102,43.01477075815504,516.0
pp_quantile_fixed,FOODS_3_757_CA_3,16583.0,16520.0,63.0,0.0,0.9761092150170648,0.9871794871794872,0.01282051282051282,211.7948717948718,293.0
pp_quantile_fixed,FOODS_3_763_TX_2,493.6538608473037,493.6538608473037,0.0,0.0,1.0,1.0,0.0,6.328895651888509,10.0
pp_quantile_fixed,FOODS_3_766_TX_3,433.10571017282905,422.15220677676894,10.953503396060096,0.0,0.928408474535555,0.9743589743589743,0.02564102564102564,5.4122077791893455,17.0
pp_quantile_fixed,FOODS_3_768_CA_2,1378.4151180846197,1185.9263033776292,192.48881470699047,0.0,0.869587523911253,0.8974358974358975,0.10256410256410256,15.204183376636271,164.0
pp_quantile_fixed,FOODS_3_770_WI_3,805.6399666176152,805.6399666176152,0.0,0.0,1.0,1.0,0.0,10.328717520738657,47.0
pp_quantile_fixed,FOODS_3_774_WI_2,774.338579309628,761.7487482900835,12.589831019544437,0.0,0.9714516303411691,0.9743589743589743,0.02564102564102564,9.76600959346261,49.0
pp_quantile_fixed,FOODS_3_779_CA_1,1508.8093993510654,1508.8093993510654,0.0,0.0,1.0,1.0,0.0,19.34371024809058,27.0
pp_quantile_fixed,FOODS_3_783_CA_1,2716.006528574815,2636.495401350525,79.51112722429022,0.0,0.9729000929705894,0.9743589743589743,0.02564102564102564,33.8012230942375,326.0
pp_quantile_fixed,FOODS_3_783_TX_3,12544.19999999998,12544.19999999998,0.0,0.0,1.0,1.0,0.0,160.82307692307668,96.0
pp_quantile_fixed,FOODS_3_786_CA_2,899.6518010926287,785.6326269983206,114.01917409430817,0.0,0.8215662377240873,0.9358974358974359,0.0641025641025641,10.072213166645136,71.0
pp_quantile_fixed,FOODS_3_788_WI_2,3597.6966441269274,3346.269225332755,251.4274187941725,0.0,0.8112406765809516,0.8974358974358975,0.10256410256410256,42.90088750426609,148.0
pp_quantile_fixed,FOODS_3_791_CA_4,908.8724385978799,908.8724385978799,0.0,0.0,1.0,1.0,0.0,11.65221075125487,53.0
pp_quantile_fixed,FOODS_3_791_WI_2,2365.2011094527943,2365.2011094527943,0.0,0.0,1.0,1.0,0.0,30.323091146830695,37.0
pp_quantile_fixed,FOODS_3_792_CA_1,1504.278520851504,1476.1359269133839,28.14259393812022,0.0,0.9805779199874947,0.9743589743589743,0.02564102564102564,18.924819575812613,161.0
pp_quantile_fixed,FOODS_3_793_WI_1,1797.1834134152516,1598.2857469530513,198.89766646220022,0.0,0.9008980236859989,0.9487179487179487,0.05128205128205128,20.490842909654504,223.0
pp_quantile_fixed,FOODS_3_795_WI_2,1976.581104957286,1852.722393349464,123.85871160782202,0.0,0.9508497176159437,0.9230769230769231,0.07692307692307693,23.752851196788,280.0
pp_quantile_fixed,FOODS_3_799_TX_1,547.7451732212869,547.7451732212869,0.0,0.0,1.0,1.0,0.0,7.022374015657524,6.0
pp_quantile_fixed,FOODS_3_802_WI_3,618.0267092531672,618.0267092531672,0.0,0.0,1.0,1.0,0.0,7.923419349399579,30.0
pp_quantile_fixed,FOODS_3_805_TX_1,1335.4466682663322,1261.550937828472,73.89573043786017,0.0,0.9315780273723517,0.9487179487179487,0.05128205128205128,16.173729972159897,120.0
pp_quantile_fixed,FOODS_3_806_CA_1,1010.3648207073059,1010.3648207073059,0.0,0.0,1.0,1.0,0.0,12.953395137273152,21.0
pp_quantile_fixed,FOODS_3_806_CA_4,796.026632740789,796.026632740789,0.0,0.0,1.0,1.0,0.0,10.205469650522936,10.0
pp_quantile_fixed,FOODS_3_809_CA_1,1951.6222960702069,1677.161764818245,274.4605312519618,0.0,0.8351588400889118,0.8589743589743589,0.14102564102564102,21.502073907926217,185.0
pp_quantile_fixed,FOODS_3_810_WI_2,3220.950915825466,3220.950915825466,0.0,0.0,1.0,1.0,0.0,41.2942425105829,46.0
pp_quantile_fixed,FOODS_3_813_TX_1,685.4137995020709,638.3458546771079,47.06794482496297,0.0,0.8063047538067367,0.9358974358974359,0.0641025641025641,8.183921213809075,27.0
pp_quantile_fixed,FOODS_3_814_CA_3,1505.9491865444402,1390.894107495916,115.0550790485242,0.0,0.9376395235509355,0.9358974358974359,0.0641025641025641,17.831975737127127,205.0
pp_quantile_fixed,FOODS_3_818_CA_3,3648.2892986839383,3619.6616152962483,28.627683387689984,0.0,0.9920279355645529,0.9743589743589743,0.02564102564102564,46.405918144823694,399.0
pp_quantile_fixed,FOODS_3_821_TX_2,565.9101215548777,565.9101215548777,0.0,0.0,1.0,1.0,0.0,7.255257968652279,52.0
pp_quantile_fixed,FOODS_3_824_TX_3,437.5706666684964,437.5706666684964,0.0,0.0,1.0,1.0,0.0,5.6098803419038,5.0
pp_quantile_fixed,HOBBIES_1_004_WI_3,2178.644993935568,2178.644993935568,0.0,0.0,1.0,1.0,0.0,27.931346076097025,134.0
pp_quantile_fixed,HOBBIES_1_005_WI_1,778.3359253392808,778.3359253392808,0.0,0.0,1.0,1.0,0.0,9.97866570947796,64.0
pp_quantile_fixed,HOBBIES_1_009_CA_1,1254.3954995202623,1254.3954995202623,0.0,0.0,1.0,1.0,0.0,16.081993583593107,28.0
pp_quantile_fixed,HOBBIES_1_009_CA_4,2767.609759979717,2767.609759979717,0.0,0.0,1.0,1.0,0.0,35.48217640999638,136.0
pp_quantile_fixed,HOBBIES_1_010_CA_3,580.1481979861405,531.2741245438136,48.8740734423269,0.0,0.8913909479059402,0.9487179487179487,0.05128205128205128,6.811206724920687,50.0
pp_quantile_fixed,HOBBIES_1_012_TX_2,309.28979569118826,305.1060405621761,4.1837551290121615,0.0,0.9767569159499324,0.9871794871794872,0.01282051282051282,3.9116159046432832,20.0
pp_quantile_fixed,HOBBIES_1_023_CA_3,1019.4527955213039,805.9289541141118,213.5238414071921,0.0,0.8305366338038158,0.8589743589743589,0.14102564102564102,10.33242248864246,140.0
pp_quantile_fixed,HOBBIES_1_026_CA_4,623.1795535566835,578.2006448754638,44.9789086812196,0.0,0.9152939572858387,0.9487179487179487,0.05128205128205128,7.412828780454665,59.0
pp_quantile_fixed,HOBBIES_1_027_CA_1,611.3660434073099,611.3660434073099,0.0,0.0,1.0,1.0,0.0,7.838026197529614,34.0
pp_quantile_fixed,HOBBIES_1_028_WI_3,337.3720821856629,302.05010977537626,35.32197241028666,0.0,0.8430134559542815,0.9615384615384616,0.038461538461538464,3.8724373048125162,25.0
pp_quantile_fixed,HOBBIES_1_029_WI_3,364.07534042860317,343.76671485657073,20.30862557203245,0.0,0.8495657365034633,0.9743589743589743,0.02564102564102564,4.40726557508424,15.0
pp_quantile_fixed,HOBBIES_1_030_WI_2,1497.2275399452544,1497.2275399452544,0.0,0.0,1.0,1.0,0.0,19.195224871093007,90.0
pp_quantile_fixed,HOBBIES_1_032_CA_2,9140.330200761786,8938.183337595427,202.14686316635914,0.0,0.9596029450107196,0.9871794871794872,0.01282051282051282,114.59209407173624,556.0
pp_quantile_fixed,HOBBIES_1_043_TX_2,1582.41104456675,1582.41104456675,0.0,0.0,1.0,1.0,0.0,20.287321084189102,86.0
pp_quantile_fixed,HOBBIES_1_043_WI_3,2485.1292079717223,2330.2643796346515,154.86482833707095,0.0,0.9079828708632971,0.9230769230769231,0.07692307692307693,29.875184354290404,187.0
pp_quantile_fixed,HOBBIES_1_045_CA_4,701.5082595489998,676.858318926708,24.64994062229189,0.0,0.804365550616731,0.9871794871794872,0.01282051282051282,8.677670755470615,14.0
pp_quantile_fixed,HOBBIES_1_050_TX_3,341.15952356356456,252.50029709734417,88.65922646622036,0.0,0.7654517818353959,0.8846153846153846,0.11538461538461539,3.237183296119797,42.0
pp_quantile_fixed,HOBBIES_1_054_CA_4,168.00136789278028,168.00136789278028,0.0,0.0,1.0,1.0,0.0,2.1538636909330804,13.0
pp_quantile_fixed,HOBBIES_1_057_WI_1,1066.6420115170936,1018.4093804918164,48.232631025277186,0.0,0.921188511396606,0.9615384615384616,0.038461538461538464,13.05653051912585,68.0
pp_quantile_fixed,HOBBIES_1_061_CA_4,354.9900627952047,349.46324331841373,5.526819476791,0.0,0.9385908947023222,0.9871794871794872,0.01282051282051282,4.480297991261715,10.0
pp_quantile_fixed,HOBBIES_1_065_CA_4,233.9494151295758,233.9494151295758,0.0,0.0,1.0,1.0,0.0,2.9993514760202027,7.0
pp_quantile_fixed,HOBBIES_1_070_WI_2,314.89436162359897,314.89436162359897,0.0,0.0,1.0,1.0,0.0,4.037107200302551,10.0
pp_quantile_fixed,HOBBIES_1_073_CA_2,667.3097147403869,573.451008175508,93.85870656487884,0.0,0.8170395583530626,0.9358974358974359,0.0641025641025641,7.3519360022501035,57.0
pp_quantile_fixed,HOBBIES_1_074_TX_2,672.4476387282392,656.4809796115179,15.966659116721338,0.0,0.9742887936928804,0.9871794871794872,0.01282051282051282,8.41642281553228,69.0
pp_quantile_fixed,HOBBIES_1_086_CA_3,1386.2625476421033,1208.6811152416085,177.58143240049486,0.0,0.822240808407913,0.8717948717948718,0.1282051282051282,15.495911733866775,111.0
pp_quantile_fixed,HOBBIES_1_092_CA_3,559.665118856262,559.665118856262,0.0,0.0,1.0,1.0,0.0,7.175193831490538,33.0
pp_quantile_fixed,HOBBIES_1_092_TX_1,589.6301401067154,587.9156128099461,1.714527296769326,0.0,0.9934309298974355,0.9871794871794872,0.01282051282051282,7.537379651409565,29.0
pp_quantile_fixed,HOBBIES_1_103_CA_2,4767.362296778086,4712.347560547678,55.01473623040786,0.0,0.9824849614038816,0.9871794871794872,0.01282051282051282,60.41471231471382,349.0
pp_quantile_fixed,HOBBIES_1_106_TX_3,608.0128487115703,608.0128487115703,0.0,0.0,1.0,1.0,0.0,7.795036521943209,31.0
pp_quantile_fixed,HOBBIES_1_106_WI_3,420.677476601131,420.677476601131,0.0,0.0,1.0,1.0,0.0,5.393300982065782,11.0
pp_quantile_fixed,HOBBIES_1_107_WI_2,933.3860117984061,828.9613153884551,104.424696409951,0.0,0.7679451190889978,0.9230769230769231,0.07692307692307693,10.62770917164686,50.0
pp_quantile_fixed,HOBBIES_1_108_CA_3,1073.4342740945713,955.1059331711772,118.32834092339405,0.0,0.797729331754882,0.9358974358974359,0.0641025641025641,12.244947861168939,65.0
pp_quantile_fixed,HOBBIES_1_109_CA_3,1228.0,1201.0,27.0,0.0,0.9117647058823529,0.9615384615384616,0.038461538461538464,15.397435897435898,34.0
pp_quantile_fixed,HOBBIES_1_110_CA_3,640.881349975298,616.5315795658278,24.34977040947022,0.0,0.8711652359287291,0.9615384615384616,0.038461538461538464,7.904251020074715,21.0
pp_quantile_fixed,HOBBIES_1_110_WI_3,201.2719953498396,201.2719953498396,0.0,0.0,1.0,1.0,0.0,2.5804101967928155,12.0
pp_quantile_fixed,HOBBIES_1_113_TX_2,659.3955105631601,643.2434150705869,16.15209549257314,0.0,0.9145391772879728,0.9743589743589743,0.02564102564102564,8.24671044962291,21.0
pp_quantile_fixed,HOBBIES_1_116_CA_1,518.8975901103023,470.8488570376735,48.04873307262879,0.0,0.8910459567514086,0.9358974358974359,0.0641025641025641,6.036523808175302,49.0
pp_quantile_fixed,HOBBIES_1_116_WI_3,371.17204457656203,370.8082214987728,0.36382307778920087,0.0,0.9963250194162707,0.9871794871794872,0.01282051282051282,4.753951557676574,11.0
pp_quantile_fixed,HOBBIES_1_117_CA_1,451.064086505936,408.8025320113848,42.26155449455119,0.0,0.7528564064646129,0.9230769230769231,0.07692307692307693,5.241058102710062,19.0
pp_quantile_fixed,HOBBIES_1_122_WI_3,647.7824668081648,647.7824668081648,0.0,0.0,1.0,1.0,0.0,8.304903420617498,8.0
pp_quantile_fixed,HOBBIES_1_124_TX_3,576.4223150373663,562.394844866548,14.027470170818246,0.0,0.9400535462785544,0.9871794871794872,0.01282051282051282,7.2101903188018985,26.0
pp_quantile_fixed,HOBBIES_1_133_WI_1,546.0,546.0,0.0,0.0,1.0,1.0,0.0,7.0,0.0
pp_quantile_fixed,HOBBIES_1_134_CA_4,2127.254056501701,2094.977173786016,32.27688271568496,0.0,0.9842705249923562,0.9743589743589743,0.02564102564102564,26.858681715205332,228.0
pp_quantile_fixed,HOBBIES_1_135_WI_1,634.7498381263412,634.7498381263412,0.0,0.0,1.0,1.0,0.0,8.137818437517195,51.0
pp_quantile_fixed,HOBBIES_1_137_TX_1,625.6594288541535,522.9769489533476,102.68247990080584,0.0,0.7623090743036901,0.8974358974358975,0.10256410256410256,6.704832678889072,48.0
pp_quantile_fixed,HOBBIES_1_143_WI_1,311.3771256952885,279.7002804605305,31.676845234757984,0.0,0.8400159331577879,0.9487179487179487,0.05128205128205128,3.585901031545263,22.0
pp_quantile_fixed,HOBBIES_1_151_TX_1,489.34126443091327,484.2864581244553,5.054806306457969,0.0,0.9894029217893963,0.9871794871794872,0.01282051282051282,6.208800745185324,53.0
pp_quantile_fixed,HOBBIES_1_152_CA_1,989.6938031068381,966.6314624731883,23.06234063364977,0.0,0.9633931101053179,0.9615384615384616,0.038461538461538464,12.392711057348569,70.0
pp_quantile_fixed,HOBBIES_1_152_CA_3,850.6421867076594,827.1652238720367,23.476962835622782,0.0,0.9598684395972261,0.9615384615384616,0.038461538461538464,10.604682357333804,65.0
pp_quantile_fixed,HOBBIES_1_155_CA_2,1069.4626184955507,1000.657525635339,68.80509286021177,0.0,0.9298622906623734,0.9615384615384616,0.038461538461538464,12.828942636350499,109.0
pp_quantile_fixed,HOBBIES_1_162_TX_1,579.5475696739077,579.5475696739077,0.0,0.0,1.0,1.0,0.0,7.4300970471013805,6.0
pp_quantile_fixed,HOBBIES_1_162_TX_2,405.4780012656877,381.5498153215225,23.928185944165172,0.0,0.8977427951104052,0.9743589743589743,0.02564102564102564,4.891664298993878,26.0
pp_quantile_fixed,HOBBIES_1_170_TX_2,308.10177575048465,308.10177575048465,0.0,0.0,1.0,1.0,0.0,3.9500227660318545,14.0
pp_quantile_fixed,HOBBIES_1_173_CA_4,347.6628802075708,347.6628802075708,0.0,0.0,1.0,1.0,0.0,4.457216412917575,20.0
pp_quantile_fixed,HOBBIES_1_175_WI_1,593.0647758105877,593.0647758105877,0.0,0.0,1.0,1.0,0.0,7.603394561674201,12.0
pp_quantile_fixed,HOBBIES_1_176_TX_3,445.0965444159813,390.3033417441516,54.79320267182972,0.0,0.8851295541471075,0.9102564102564102,0.08974358974358974,5.003888996719892,53.0
pp_quantile_fixed,HOBBIES_1_184_CA_1,547.9387249105827,547.9387249105827,0.0,0.0,1.0,1.0,0.0,7.024855447571572,10.0
pp_quantile_fixed,HOBBIES_1_186_TX_1,315.7685411329701,315.7685411329701,0.0,0.0,1.0,1.0,0.0,4.048314629909873,12.0
pp_quantile_fixed,HOBBIES_1_187_CA_2,272.08272449079766,265.61952417269816,6.46320031809949,0.0,0.9673575741510128,0.9871794871794872,0.01282051282051282,3.4053785150345917,22.0
pp_quantile_fixed,HOBBIES_1_190_TX_2,307.8306762464363,307.8306762464363,0.0,0.0,1.0,1.0,0.0,3.9465471313645684,11.0
pp_quantile_fixed,HOBBIES_1_194_TX_3,1205.6657881379087,1173.6593423685802,32.00644576932867,0.0,0.969862103795359,0.9615384615384616,0.038461538461538464,15.046914645751027,118.0
pp_quantile_fixed,HOBBIES_1_200_CA_4,543.0088562913816,504.42773269416114,38.58112359722047,0.0,0.9142641697839545,0.9615384615384616,0.038461538461538464,6.467022214027707,50.0
pp_quantile_fixed,HOBBIES_1_209_CA_3,7892.6948575973865,7513.727361635845,378.9674959615412,0.0,0.9133590544212298,0.9102564102564102,0.08974358974358974,96.32983796969032,486.0
pp_quantile_fixed,HOBBIES_1_212_CA_2,674.2007441376028,674.2007441376028,0.0,0.0,1.0,1.0,0.0,8.643599283815421,6.0
pp_quantile_fixed,HOBBIES_1_232_WI_3,1754.7858558254763,1659.8593113399575,94.92654448551886,0.0,0.7802626285057433,0.9743589743589743,0.02564102564102564,21.280247581281508,48.0
pp_quantile_fixed,HOBBIES_1_239_TX_1,494.93743892092175,481.93941303295884,12.99802588796293,0.0,0.9097359313335908,0.9743589743589743,0.02564102564102564,6.1787104234994725,16.0
pp_quantile_fixed,HOBBIES_1_240_CA_2,929.9270002929081,817.5974320002933,112.32956829261484,0.0,0.8788246296735547,0.9230769230769231,0.07692307692307693,10.48201835897812,103.0
pp_quantile_fixed,HOBBIES_1_242_TX_3,717.4799165471402,698.5677317695634,18.91218477757682,0.0,0.9511313054842976,0.9743589743589743,0.02564102564102564,8.955996561148249,43.0
pp_quantile_fixed,HOBBIES_1_245_TX_1,168.0861434120546,166.87671213686917,1.2094312751854508,0.0,0.9865618747201615,0.9871794871794872,0.01282051282051282,2.139445027395759,10.0
pp_quantile_fixed,HOBBIES_1_245_WI_1,520.345238953709,464.24023920466374,56.104999749045255,0.0,0.8051909730935929,0.9358974358974359,0.0641025641025641,5.95179793852133,32.0
pp_quantile_fixed,HOBBIES_1_252_TX_1,1473.3130202087477,1455.4910474174715,17.821972791276295,0.0,0.9646389428744518,0.9743589743589743,0.02564102564102564,18.660141633557327,56.0
pp_quantile_fixed,HOBBIES_1_257_CA_2,552.2312168419928,552.2312168419928,0.0,0.0,1.0,1.0,0.0,7.079887395410164,19.0
pp_quantile_fixed,HOBBIES_1_261_WI_3,2737.19992840807,2356.8069212617947,380.39300714627524,0.0,0.7638777112686064,0.9615384615384616,0.038461538461538464,30.215473349510187,179.0
pp_quantile_fixed,HOBBIES_1_264_TX_2,389.88154669699304,389.88154669699304,0.0,0.0,1.0,1.0,0.0,4.998481367910167,34.0
pp_quantile_fixed,HOBBIES_1_267_CA_3,398.7297721815851,398.7297721815851,0.0,0.0,1.0,1.0,0.0,5.111920156174167,14.0
pp_quantile_fixed,HOBBIES_1_267_WI_2,220.40907659094893,220.40907659094893,0.0,0.0,1.0,1.0,0.0,2.825757392191653,6.0
pp_quantile_fixed,HOBBIES_1_277_CA_1,1568.0,1568.0,0.0,0.0,1.0,1.0,0.0,20.102564102564102,17.0
pp_quantile_fixed,HOBBIES_1_279_CA_4,809.5783526956585,781.6513889560692,27.926963739589244,0.0,0.9403270005564333,0.9871794871794872,0.01282051282051282,10.02117165328294,52.0
pp_quantile_fixed,HOBBIES_1_279_TX_3,634.5485782889723,634.5485782889723,0.0,0.0,1.0,1.0,0.0,8.135238183191953,71.0
pp_quantile_fixed,HOBBIES_1_285_CA_4,287.02105936406434,287.02105936406434,0.0,0.0,1.0,1.0,0.0,3.6797571713341584,8.0
pp_quantile_fixed,HOBBIES_1_287_WI_1,678.2724352521468,678.2724352521468,0.0,0.0,1.0,1.0,0.0,8.6958004519506,38.0
pp_quantile_fixed,HOBBIES_1_289_WI_1,648.1024928151903,554.6895650702274,93.41292774496287,0.0,0.8325933194534716,0.9358974358974359,0.0641025641025641,7.1114046803875315,62.0
pp_quantile_fixed,HOBBIES_1_290_CA_4,672.2755037038303,672.2755037038303,0.0,0.0,1.0,1.0,0.0,8.61891671415167,3.0
pp_quantile_fixed,HOBBIES_1_296_CA_1,637.7463967767106,604.982389315391,32.764007461319736,0.0,0.898876520181112,0.9615384615384616,0.038461538461538464,7.756184478402448,36.0
pp_quantile_fixed,HOBBIES_1_297_CA_1,1259.4614544757426,1090.136583051704,169.3248714240386,0.0,0.8931029852120969,0.8974358974358975,0.10256410256410256,13.97611003912441,176.0
pp_quantile_fixed,HOBBIES_1_306_CA_4,687.4391953374384,636.0682090708142,51.37098626662415,0.0,0.8672584334195759,0.9358974358974359,0.0641025641025641,8.154720629113003,43.0
pp_quantile_fixed,HOBBIES_1_306_WI_3,303.6175612522313,298.781837461459,4.835723790772313,0.0,0.968393962151815,0.9871794871794872,0.01282051282051282,3.830536377711013,17.0
pp_quantile_fixed,HOBBIES_1_309_WI_1,420.7205814428669,394.6232709503064,26.097310492560496,0.0,0.8187686771349966,0.9743589743589743,0.02564102564102564,5.059272704491107,16.0
pp_quantile_fixed,HOBBIES_1_312_TX_3,1585.0175771624179,1585.0175771624179,0.0,0.0,1.0,1.0,0.0,20.320738168748946,73.0
pp_quantile_fixed,HOBBIES_1_319_TX_1,2304.922474608514,2292.587397383336,12.33507722517831,0.0,0.9898476730656969,0.9743589743589743,0.02564102564102564,29.392146120299177,135.0
pp_quantile_fixed,HOBBIES_1_323_CA_3,1137.9518185019688,920.7887875621703,217.16303093979832,0.0,0.7989231195001867,0.8589743589743589,0.14102564102564102,11.804984455925261,120.0
pp_quantile_fixed,HOBBIES_1_328_TX_1,336.4875458178224,336.4875458178224,0.0,0.0,1.0,1.0,0.0,4.313942895100287,7.0
pp_quantile_fixed,HOBBIES_1_332_WI_1,788.6115919694558,784.1951834772748,4.416408492181066,0.0,0.991955540087102,0.9871794871794872,0.01282051282051282,10.053784403554804,61.0
pp_quantile_fixed,HOBBIES_1_333_CA_2,548.722441272174,483.3988609519423,65.32358032023176,0.0,0.8865910063884865,0.9358974358974359,0.0641025641025641,6.197421294255671,64.0
pp_quantile_fixed,HOBBIES_1_333_TX_1,333.46723652995485,330.45092190428943,3.016314625665391,0.0,0.9760609950344017,0.9871794871794872,0.01282051282051282,4.236550280824224,14.0
pp_quantile_fixed,HOBBIES_1_334_TX_1,270.38670371775953,270.38670371775953,0.0,0.0,1.0,1.0,0.0,3.4664962015097376,11.0
pp_quantile_fixed,HOBBIES_1_344_CA_3,1166.5748382274905,1166.5748382274905,0.0,0.0,1.0,1.0,0.0,14.956087669583212,92.0
pp_quantile_fixed,HOBBIES_1_346_CA_4,609.7325011420045,609.7325011420045,0.0,0.0,1.0,1.0,0.0,7.817083347974417,19.0
pp_quantile_fixed,HOBBIES_1_348_CA_4,10805.096836272642,10690.592958130013,114.50387814262808,0.0,0.9692689537996168,0.9871794871794872,0.01282051282051282,137.05888407858993,414.0
pp_quantile_fixed,HOBBIES_1_352_CA_2,896.2838644240928,865.2651693071919,31.018695116900975,0.0,0.9594526861216981,0.9743589743589743,0.02564102564102564,11.09314319624605,85.0
pp_quantile_fixed,HOBBIES_1_361_CA_4,392.71355125765933,383.8186900672719,8.894861190387395,0.0,0.9670560696652318,0.9743589743589743,0.02564102564102564,4.920752436759896,30.0
pp_quantile_fixed,HOBBIES_1_362_WI_2,461.05283298254807,461.05283298254807,0.0,0.0,1.0,1.0,0.0,5.910933756186513,4.0
pp_quantile_fixed,HOBBIES_1_367_TX_1,591.6007786365957,552.694298888797,38.9064797477987,0.0,0.9168664962653874,0.9487179487179487,0.05128205128205128,7.085824344728167,52.0
pp_quantile_fixed,HOBBIES_1_368_CA_1,382.1833850269304,369.500092148351,12.68329287857944,0.0,0.9572953101731332,0.9871794871794872,0.01282051282051282,4.737180668568603,33.0
pp_quantile_fixed,HOBBIES_1_372_TX_1,747.7142816841699,711.2751600156346,36.43912166853532,0.0,0.9377109031307089,0.9487179487179487,0.05128205128205128,9.118912307892751,65.0
pp_quantile_fixed,HOBBIES_1_373_TX_1,493.4885756219598,479.1368153302768,14.351760291682998,0.0,0.96533391233893,0.9615384615384616,0.038461538461538464,6.142779683721498,46.0
pp_quantile_fixed,HOBBIES_1_374_WI_3,255.66501917224087,246.26810979136724,9.396909380873623,0.0,0.938582291628277,0.9743589743589743,0.02564102564102564,3.1572834588636827,17.0
pp_quantile_fixed,HOBBIES_1_375_WI_1,258.9335334212674,258.9335334212674,0.0,0.0,1.0,1.0,0.0,3.3196606848880434,8.0
pp_quantile_fixed,HOBBIES_1_380_CA_2,737.9246206481567,734.9309079854634,2.99371266269333,0.0,0.9876801948037311,0.9871794871794872,0.01282051282051282,9.422191128018762,27.0
pp_quantile_fixed,HOBBIES_1_381_TX_2,3769.545260782038,3727.3768038418475,42.16845694019051,0.0,0.9853122755345907,0.9743589743589743,0.02564102564102564,47.78688210053651,319.0
pp_quantile_fixed,HOBBIES_1_385_CA_1,942.0,942.0,0.0,0.0,1.0,1.0,0.0,12.076923076923077,8.0
pp_quantile_fixed,HOBBIES_1_386_CA_3,1872.0,1872.0,0.0,0.0,1.0,1.0,0.0,24.0,15.0
pp_quantile_fixed,HOBBIES_1_386_WI_3,304.8527884963733,304.8527884963733,0.0,0.0,1.0,1.0,0.0,3.9083690832868374,6.0
pp_quantile_fixed,HOBBIES_1_389_CA_3,384.8365663294344,384.8365663294344,0.0,0.0,1.0,1.0,0.0,4.933802132428646,21.0
pp_quantile_fixed,HOBBIES_1_390_TX_1,292.52761124905254,271.97533614412436,20.55227510492821,0.0,0.84776092514868,0.9615384615384616,0.038461538461538464,3.48686328389903,15.0
pp_quantile_fixed,HOBBIES_1_393_TX_2,251.98289157071488,251.98289157071488,0.0,0.0,1.0,1.0,0.0,3.230549891932242,19.0
pp_quantile_fixed,HOBBIES_1_398_TX_3,3029.3600429714093,3029.3600429714093,0.0,0.0,1.0,1.0,0.0,38.83794926886422,34.0
pp_quantile_fixed,HOBBIES_1_399_TX_3,1049.718124137471,1049.718124137471,0.0,0.0,1.0,1.0,0.0,13.457924668429115,5.0
pp_quantile_fixed,HOBBIES_1_400_CA_3,2584.0094487720016,2575.688334711906,8.321114060095844,0.0,0.9894935428534143,0.9871794871794872,0.01282051282051282,33.02164531681931,88.0
pp_quantile_fixed,HOBBIES_1_405_TX_3,288.5706123440432,288.5706123440432,0.0,0.0,1.0,1.0,0.0,3.6996232351800407,9.0
pp_quantile_fixed,HOBBIES_1_406_CA_1,544.8001386804034,544.8001386804034,0.0,0.0,1.0,1.0,0.0,6.984617162569275,7.0
pp_quantile_fixed,HOBBIES_1_410_TX_1,321.03436661813765,321.03436661813765,0.0,0.0,1.0,1.0,0.0,4.115825213053047,5.0
pp_quantile_fixed,HOBBIES_1_415_CA_1,885.5897993711947,814.4091023745286,71.18069699666604,0.0,0.8744608518577319,0.9487179487179487,0.05128205128205128,10.441142338134982,63.0
pp_quantile_fixed,HOBBIES_1_418_TX_1,906.5855589665626,897.5855589665626,9.0,0.0,0.9411764705882353,0.9871794871794872,0.01282051282051282,11.507507166237982,17.0
pp_quantile_fixed,HOBBIES_1_419_CA_4,354.2380139833074,354.2380139833074,0.0,0.0,1.0,1.0,0.0,4.541512999785992,5.0
pp_quantile_fixed,HOBBIES_2_007_TX_3,664.6495856602394,655.6495856602394,9.0,0.0,0.9655172413793104,0.9871794871794872,0.01282051282051282,8.405763918721018,29.0
pp_quantile_fixed,HOBBIES_2_008_WI_3,451.6949651093192,448.2904314195831,3.4045336897360423,0.0,0.9800904462588536,0.9871794871794872,0.01282051282051282,5.747313223327988,19.0
pp_quantile_fixed,HOBBIES_2_009_WI_2,424.0027395367826,424.0027395367826,0.0,0.0,1.0,1.0,0.0,5.43593255816388,7.0
pp_quantile_fixed,HOBBIES_2_012_TX_2,507.56872793877267,507.56872793877267,0.0,0.0,1.0,1.0,0.0,6.5072913838304185,11.0
pp_quantile_fixed,HOBBIES_2_014_WI_1,608.5034819019089,608.5034819019089,0.0,0.0,1.0,1.0,0.0,7.8013266910501144,12.0
pp_quantile_fixed,HOBBIES_2_018_CA_2,540.6435002710429,540.6435002710429,0.0,0.0,1.0,1.0,0.0,6.931326926551831,19.0
pp_quantile_fixed,HOBBIES_2_030_TX_2,314.5916915187288,310.95004678327007,3.6416447354587413,0.0,0.9632157097428411,0.9871794871794872,0.01282051282051282,3.9865390613239753,11.0
pp_quantile_fixed,HOBBIES_2_030_WI_2,94.9896414224822,94.9896414224822,0.0,0.0,1.0,1.0,0.0,1.2178159156728487,0.0
pp_quantile_fixed,HOBBIES_2_031_CA_2,519.3535279275253,519.3535279275253,0.0,0.0,1.0,1.0,0.0,6.658378563173401,26.0
pp_quantile_fixed,HOBBIES_2_035_CA_2,591.5175573057253,591.5175573057253,0.0,0.0,1.0,1.0,0.0,7.583558426996478,11.0
pp_quantile_fixed,HOBBIES_2_038_CA_2,586.9337371343727,570.6396563837662,16.294080750606472,0.0,0.9303671762794595,0.9743589743589743,0.02564102564102564,7.315893030561106,26.0
pp_quantile_fixed,HOBBIES_2_040_TX_1,896.3058594892267,896.3058594892267,0.0,0.0,1.0,1.0,0.0,11.491100762682393,7.0
pp_quantile_fixed,HOBBIES_2_041_TX_2,1003.3870295999759,870.5567212037842,132.8303083961918,0.0,0.6987974866299506,0.8974358974358975,0.10256410256410256,11.16098360517672,49.0
pp_quantile_fixed,HOBBIES_2_042_TX_2,856.6473124227607,825.0244809348354,31.622831487925232,0.0,0.8828784018965732,0.9615384615384616,0.038461538461538464,10.577236935061993,30.0
pp_quantile_fixed,HOBBIES_2_045_CA_4,393.1296873752475,393.1296873752475,0.0,0.0,1.0,1.0,0.0,5.0401241971185575,13.0
pp_quantile_fixed,HOBBIES_2_050_WI_2,249.61972234648573,249.61972234648573,0.0,0.0,1.0,1.0,0.0,3.200252850595971,9.0
pp_quantile_fixed,HOBBIES_2_056_WI_3,693.1645420391054,693.1645420391054,0.0,0.0,1.0,1.0,0.0,8.886724897937249,3.0
pp_quantile_fixed,HOBBIES_2_061_TX_3,301.46282269263673,282.38792611597006,19.07489657666667,0.0,0.807324277003367,0.9743589743589743,0.02564102564102564,3.6203580271278213,11.0
pp_quantile_fixed,HOBBIES_2_072_TX_2,383.882938401496,383.882938401496,0.0,0.0,1.0,1.0,0.0,4.921576133352513,6.0
pp_quantile_fixed,HOBBIES_2_074_CA_1,1094.1233712091112,1094.1233712091112,0.0,0.0,1.0,1.0,0.0,14.027222707809118,7.0
pp_quantile_fixed,HOBBIES_2_074_CA_3,353.9249049233898,353.9249049233898,0.0,0.0,1.0,1.0,0.0,4.5374987810691,10.0
pp_quantile_fixed,HOBBIES_2_076_TX_3,1400.014150393768,1287.1831754593957,112.83097493437232,0.0,0.6942250001778528,0.8974358974358975,0.10256410256410256,16.502348403325584,41.0
pp_quantile_fixed,HOBBIES_2_076_WI_1,967.1107759295993,967.1107759295993,0.0,0.0,1.0,1.0,0.0,12.39885610166153,19.0
pp_quantile_fixed,HOBBIES_2_077_WI_1,194.11886354389634,194.11886354389634,0.0,0.0,1.0,1.0,0.0,2.4887033787679016,0.0
pp_quantile_fixed,HOBBIES_2_081_WI_3,1773.4978560052564,1773.4978560052564,0.0,0.0,1.0,1.0,0.0,22.73715200006739,10.0
pp_quantile_fixed,HOBBIES_2_083_CA_1,1217.491395840072,1217.491395840072,0.0,0.0,1.0,1.0,0.0,15.608864049231693,7.0
pp_quantile_fixed,HOBBIES_2_084_WI_3,224.1064430120963,224.1064430120963,0.0,0.0,1.0,1.0,0.0,2.8731595257961065,10.0
pp_quantile_fixed,HOBBIES_2_086_CA_4,293.66271696486035,293.66271696486035,0.0,0.0,1.0,1.0,0.0,3.7649066277546197,3.0
pp_quantile_fixed,HOBBIES_2_103_TX_1,486.9215369758851,484.47455225997953,2.4469847159055576,0.0,0.9928450739301007,0.9871794871794872,0.01282051282051282,6.211212208461276,38.0
pp_quantile_fixed,HOBBIES_2_107_WI_3,754.0,754.0,0.0,0.0,1.0,1.0,0.0,9.666666666666666,4.0
pp_quantile_fixed,HOBBIES_2_114_CA_4,392.89902918890937,392.89902918890937,0.0,0.0,1.0,1.0,0.0,5.037167040883453,9.0
pp_quantile_fixed,HOBBIES_2_115_TX_1,901.4261531005295,873.7614809224858,27.66467217804366,0.0,0.9451097774245165,0.9743589743589743,0.02564102564102564,11.202070268236998,56.0
pp_quantile_fixed,HOBBIES_2_116_CA_1,603.0211913602411,582.2985515258927,20.72263983434844,0.0,0.895340202856826,0.9743589743589743,0.02564102564102564,7.465366045203752,22.0
pp_quantile_fixed,HOBBIES_2_116_CA_2,573.0808831827285,558.4526292768853,14.628253905843218,0.0,0.9398014242557893,0.9871794871794872,0.01282051282051282,7.159649093293401,27.0
pp_quantile_fixed,HOBBIES_2_117_TX_1,1031.405108314924,1031.405108314924,0.0,0.0,1.0,1.0,0.0,13.223142414293898,31.0
pp_quantile_fixed,HOBBIES_2_118_WI_2,248.17957038975447,248.17957038975447,0.0,0.0,1.0,1.0,0.0,3.181789363971211,0.0
pp_quantile_fixed,HOBBIES_2_122_CA_2,1989.609559491909,1989.609559491909,0.0,0.0,1.0,1.0,0.0,25.507814865280885,10.0
pp_quantile_fixed,HOBBIES_2_122_TX_1,1137.373591182754,1137.373591182754,0.0,0.0,1.0,1.0,0.0,14.581712707471203,23.0
pp_quantile_fixed,HOBBIES_2_123_TX_1,542.7785712362434,542.7785712362434,0.0,0.0,1.0,1.0,0.0,6.958699631233889,16.0
pp_quantile_fixed,HOBBIES_2_124_TX_3,2615.0,2399.0,216.0,0.0,0.6129032258064516,0.9487179487179487,0.05128205128205128,30.756410256410255,62.0
pp_quantile_fixed,HOBBIES_2_128_TX_1,354.9738685727088,347.7029558479874,7.270912724721348,0.0,0.9192120808364294,0.9871794871794872,0.01282051282051282,4.457730203179326,10.0
pp_quantile_fixed,HOBBIES_2_129_WI_1,3380.1701690477366,3380.1701690477366,0.0,0.0,1.0,1.0,0.0,43.3355149877915,24.0
pp_quantile_fixed,HOBBIES_2_132_CA_1,1247.963997909028,1182.0851793087302,65.87881860029785,0.0,0.8644468753080291,0.9487179487179487,0.05128205128205128,15.154938196265771,54.0
pp_quantile_fixed,HOBBIES_2_133_CA_3,1197.1566621709737,1197.1566621709737,0.0,0.0,1.0,1.0,0.0,15.348162335525304,30.0
pp_quantile_fixed,HOBBIES_2_134_TX_3,750.2251488726191,750.2251488726191,0.0,0.0,1.0,1.0,0.0,9.618271139392553,10.0
pp_quantile_fixed,HOBBIES_2_137_CA_2,824.7115678164055,824.7115678164055,0.0,0.0,1.0,1.0,0.0,10.573225228415454,0.0
pp_quantile_fixed,HOBBIES_2_144_WI_1,699.6553240509118,699.6553240509118,0.0,0.0,1.0,1.0,0.0,8.969940051934767,10.0
pp_quantile_fixed,HOUSEHOLD_1_005_CA_4,563.2858261031216,462.3560873965277,100.92973870659394,0.0,0.8191223320670359,0.9102564102564102,0.08974358974358974,5.92764214610933,62.0
pp_quantile_fixed,HOUSEHOLD_1_006_CA_4,742.4704212963013,705.080233808948,37.39018748735329,0.0,0.9201064369928348,0.9615384615384616,0.038461538461538464,9.039490177037795,52.0
pp_quantile_fixed,HOUSEHOLD_1_006_WI_2,597.3184611942264,587.1620362380849,10.156424956141535,0.0,0.9737560078652674,0.9871794871794872,0.01282051282051282,7.52771841330878,43.0
pp_quantile_fixed,HOUSEHOLD_1_008_WI_3,290.40337328717357,251.50968580255142,38.89368748462213,0.0,0.8271391667350128,0.9358974358974359,0.0641025641025641,3.224483151314762,25.0
pp_quantile_fixed,HOUSEHOLD_1_010_CA_2,2116.434069236109,2116.434069236109,0.0,0.0,1.0,1.0,0.0,27.13377011841165,65.0
pp_quantile_fixed,HOUSEHOLD_1_013_CA_3,1097.5815754407001,1089.8699671042973,7.711608336402769,0.0,0.9928596219107381,0.9743589743589743,0.02564102564102564,13.97269188595253,120.0
pp_quantile_fixed,HOUSEHOLD_1_014_CA_2,1511.8068310778092,1436.0218209919672,75.78501008584202,0.0,0.9326355465903626,0.9743589743589743,0.02564102564102564,18.41053616656368,125.0
pp_quantile_fixed,HOUSEHOLD_1_014_WI_3,553.2145077501473,514.2435511196494,38.970956630497874,0.0,0.8797192696589572,0.9358974358974359,0.0641025641025641,6.5928660399955055,36.0
pp_quantile_fixed,HOUSEHOLD_1_015_WI_2,1297.0,1297.0,0.0,0.0,1.0,1.0,0.0,16.628205128205128,1.0
pp_quantile_fixed,HOUSEHOLD_1_020_WI_1,930.9770787809213,869.8460233046121,61.131055476309164,0.0,0.9056619514254487,0.9615384615384616,0.038461538461538464,11.151872093648873,72.0
pp_quantile_fixed,HOUSEHOLD_1_021_WI_2,1253.302899539561,761.3903649883895,491.91253455117146,0.0,0.7045570363056027,0.782051282051282,0.21794871794871795,9.761414935748583,185.0
pp_quantile_fixed,HOUSEHOLD_1_024_CA_2,1236.0739873607913,1195.362253545402,40.71173381538944,0.0,0.9485962956876396,0.9615384615384616,0.038461538461538464,15.325157096735921,88.0
pp_quantile_fixed,HOUSEHOLD_1_026_CA_2,2433.9873669694575,2022.2682545539324,411.71911241552516,0.0,0.6778410700973981,0.7948717948717948,0.20512820512820512,25.926516084024772,142.0
pp_quantile_fixed,HOUSEHOLD_1_029_CA_2,2076.4665848653613,1995.2609282910532,81.20565657430805,0.0,0.9228816176882164,0.9487179487179487,0.05128205128205128,25.580268311423758,117.0
pp_quantile_fixed,HOUSEHOLD_1_032_WI_1,931.9564516873505,827.4355826252179,104.52086906213269,0.0,0.7962556158632891,0.9358974358974359,0.0641025641025641,10.6081484951951,57.0
pp_quantile_fixed,HOUSEHOLD_1_033_TX_2,2045.3514343713712,1874.076864977657,171.27456939371436,0.0,0.8269953844507936,0.9230769230769231,0.07692307692307693,24.026626474072525,110.0
pp_quantile_fixed,HOUSEHOLD_1_034_WI_1,599.0825381874927,599.0825381874927,0.0,0.0,1.0,1.0,0.0,7.680545361378111,18.0
pp_quantile_fixed,HOUSEHOLD_1_043_CA_3,1130.4186412099175,1062.4529130294322,67.96572818048534,0.0,0.9160916936043391,0.9230769230769231,0.07692307692307693,13.621191192685028,90.0
pp_quantile_fixed,HOUSEHOLD_1_049_CA_1,3510.0,3510.0,0.0,0.0,1.0,1.0,0.0,45.0,0.0
pp_quantile_fixed,HOUSEHOLD_1_049_WI_1,702.0,702.0,0.0,0.0,1.0,1.0,0.0,9.0,0.0
pp_quantile_fixed,HOUSEHOLD_1_051_WI_1,2085.4767603713763,2032.2008362379531,53.275924133422905,0.0,0.9775774730078186,0.9615384615384616,0.038461538461538464,26.053856874845554,264.0
pp_quantile_fixed,HOUSEHOLD_1_058_CA_3,2789.717402706709,2737.5909512647586,52.12645144195048,0.0,0.9741436252768103,0.9871794871794872,0.01282051282051282,35.09731988800973,224.0
pp_quantile_fixed,HOUSEHOLD_1_068_TX_1,503.91644688618857,503.91644688618857,0.0,0.0,1.0,1.0,0.0,6.460467267771648,9.0
pp_quantile_fixed,HOUSEHOLD_1_071_CA_1,2387.5315063791136,2065.6102695498384,321.92123682927496,0.0,0.8983834479705571,0.8717948717948718,0.1282051282051282,26.482182942946647,352.0
pp_quantile_fixed,HOUSEHOLD_1_071_TX_2,2089.6629386159407,1651.343881718737,438.3190568972036,0.0,0.8541852771466388,0.8717948717948718,0.1282051282051282,21.171075406650477,334.0
pp_quantile_fixed,HOUSEHOLD_1_079_WI_1,1021.6079062923043,811.4430069190768,210.1648993732275,0.0,0.7896247253521247,0.8589743589743589,0.14102564102564102,10.403115473321497,111.0
pp_quantile_fixed,HOUSEHOLD_1_080_WI_1,491.1824407166786,489.3800757553993,1.8023649612793324,0.0,0.9919894890609808,0.9871794871794872,0.01282051282051282,6.274103535325632,25.0
pp_quantile_fixed,HOUSEHOLD_1_080_WI_2,615.5838525461894,583.0147477202117,32.56910482597765,0.0,0.9195824572198082,0.9487179487179487,0.05128205128205128,7.474548047695023,45.0
pp_quantile_fixed,HOUSEHOLD_1_083_TX_1,4171.538678658289,3511.4694885777953,660.0691900804941,0.0,0.8567558181248928,0.8589743589743589,0.14102564102564102,45.01883959715122,512.0
pp_quantile_fixed,HOUSEHOLD_1_083_WI_3,5669.759735389059,5345.484375249618,324.2753601394409,0.0,0.9438775769921356,0.9487179487179487,0.05128205128205128,68.5318509647387,642.0
pp_quantile_fixed,HOUSEHOLD_1_088_TX_3,774.6338509718499,774.6338509718499,0.0,0.0,1.0,1.0,0.0,9.93120321758782,63.0
pp_quantile_fixed,HOUSEHOLD_1_091_WI_3,394.68216684214605,389.40538816592453,5.276778676221518,0.0,0.9609127505465073,0.9871794871794872,0.01282051282051282,4.992376771358007,15.0
pp_quantile_fixed,HOUSEHOLD_1_093_CA_2,1105.7420906898665,1042.8479143896327,62.89417630023375,0.0,0.9301175818886291,0.9487179487179487,0.05128205128205128,13.369845056277342,100.0
pp_quantile_fixed,HOUSEHOLD_1_095_TX_2,365.4291530905437,335.1930546466429,30.236098443900815,0.0,0.7415718081717879,0.9487179487179487,0.05128205128205128,4.2973468544441396,13.0
pp_quantile_fixed,HOUSEHOLD_1_095_TX_3,305.8109013877579,305.8109013877579,0.0,0.0,1.0,1.0,0.0,3.920652581894332,13.0
pp_quantile_fixed,HOUSEHOLD_1_096_WI_2,4268.224668763398,2924.5887118557184,1343.635956907679,0.0,0.820129055300177,0.7564102564102564,0.24358974358974358,37.494727075073314,830.0
pp_quantile_fixed,HOUSEHOLD_1_098_CA_4,317.71385978747196,317.71385978747196,0.0,0.0,1.0,1.0,0.0,4.0732546126598965,13.0
pp_quantile_fixed,HOUSEHOLD_1_102_WI_3,1320.6113021686342,1087.5549189923584,233.05638317627583,0.0,0.7436123397400706,0.8717948717948718,0.1282051282051282,13.943011781953313,101.0
pp_quantile_fixed,HOUSEHOLD_1_106_TX_3,3703.4148992215446,2633.7387587563726,1069.676140465172,0.0,0.8048392372805743,0.8076923076923077,0.19230769230769232,33.765881522517596,609.0
pp_quantile_fixed,HOUSEHOLD_1_119_TX_2,1674.8167461348694,1665.085195622307,9.731550512562393,0.0,0.9936395094689134,0.9871794871794872,0.01282051282051282,21.347246097721886,170.0
pp_quantile_fixed,HOUSEHOLD_1_120_CA_2,671.2739204768002,648.7671003539642,22.506820122835986,0.0,0.9285497773878222,0.9615384615384616,0.038461538461538464,8.317526927614926,35.0
pp_quantile_fixed,HOUSEHOLD_1_127_WI_1,492.65874480414766,473.2004396128642,19.458305191283422,0.0,0.9382276025673542,0.9743589743589743,0.02564102564102564,6.066672302729028,35.0
pp_quantile_fixed,HOUSEHOLD_1_128_WI_2,2447.148464893787,2304.0356158122004,143.11284908158666,0.0,0.90965097911516,0.8974358974358975,0.10256410256410256,29.538918151438466,176.0
pp_quantile_fixed,HOUSEHOLD_1_131_CA_1,856.0718325168932,792.6495694615553,63.42226305533791,0.0,0.8718742160498225,0.9230769230769231,0.07692307692307693,10.162173967455837,55.0
pp_quantile_fixed,HOUSEHOLD_1_131_TX_1,1149.3345249388185,1132.305022576571,17.029502362247403,0.0,0.9717587025501702,0.9743589743589743,0.02564102564102564,14.516731058673987,67.0
pp_quantile_fixed,HOUSEHOLD_1_136_WI_3,1593.6287436650216,1593.6287436650216,0.0,0.0,1.0,1.0,0.0,20.43113773929515,131.0
pp_quantile_fixed,HOUSEHOLD_1_145_CA_2,2130.5662451745543,2123.0722533194757,7.4939918550787326,0.0,0.9964263272031099,0.9871794871794872,0.01282051282051282,27.218875042557382,233.0
pp_quantile_fixed,HOUSEHOLD_1_155_WI_3,464.531432664558,390.86197697109014,73.66945569346782,0.0,0.7592501447925888,0.9230769230769231,0.07692307692307693,5.011050986808848,34.0
pp_quantile_fixed,HOUSEHOLD_1_157_WI_1,968.8618219577504,968.8618219577504,0.0,0.0,1.0,1.0,0.0,12.42130540971475,23.0
pp_quantile_fixed,HOUSEHOLD_1_158_CA_3,995.4757655299467,924.8932914747527,70.58247405519396,0.0,0.8940203092264354,0.9358974358974359,0.0641025641025641,11.857606300958368,74.0
pp_quantile_fixed,HOUSEHOLD_1_160_WI_2,1554.1217437527666,1337.848534747559,216.27320900520778,0.0,0.8092828844751254,0.8717948717948718,0.1282051282051282,17.151904291635372,126.0
pp_quantile_fixed,HOUSEHOLD_1_161_CA_2,841.2024708495543,827.7897022641296,13.41276858542468,0.0,0.979301283047184,0.9871794871794872,0.01282051282051282,10.612688490565764,72.0
pp_quantile_fixed,HOUSEHOLD_1_162_TX_1,3504.302952642669,3504.302952642669,0.0,0.0,1.0,1.0,0.0,44.926960931316266,38.0
pp_quantile_fixed,HOUSEHOLD_1_163_CA_1,542.6240714006926,542.6240714006926,0.0,0.0,1.0,1.0,0.0,6.956718864111444,22.0
pp_quantile_fixed,HOUSEHOLD_1_165_CA_1,416.2155843576856,406.90667974399986,9.308904613685739,0.0,0.9741419316286507,0.9871794871794872,0.01282051282051282,5.216752304410255,40.0
pp_quantile_fixed,HOUSEHOLD_1_165_TX_1,1093.0138459113327,1093.0138459113327,0.0,0.0,1.0,1.0,0.0,14.012998024504267,77.0
pp_quantile_fixed,HOUSEHOLD_1_167_WI_1,695.9510890582162,695.9510890582162,0.0,0.0,1.0,1.0,0.0,8.92244985972072,32.0
pp_quantile_fixed,HOUSEHOLD_1_175_TX_2,943.53273259939,934.7590548800706,8.773677719319416,0.0,0.9927249770154898,0.9743589743589743,0.02564102564102564,11.984090447180392,134.0
pp_quantile_fixed,HOUSEHOLD_1_175_WI_3,477.9668365708213,477.9668365708213,0.0,0.0,1.0,1.0,0.0,6.1277799560361705,33.0
pp_quantile_fixed,HOUSEHOLD_1_185_WI_3,845.0841361283889,719.2870456309905,125.79709049739833,0.0,0.8464015989042757,0.8846153846153846,0.11538461538461539,9.221628790140905,91.0
pp_quantile_fixed,HOUSEHOLD_1_186_WI_2,2373.656075713993,2017.4425767356602,356.2134989783327,0.0,0.9043978800380214,0.8846153846153846,0.11538461538461539,25.86464841968795,414.0
pp_quantile_fixed,HOUSEHOLD_1_188_TX_2,673.4036708091988,673.4036708091988,0.0,0.0,1.0,1.0,0.0,8.633380394989729,52.0
pp_quantile_fixed,HOUSEHOLD_1_190_WI_3,871.8705230127329,815.8906829527202,55.979840060012656,0.0,0.9057578450168137,0.9358974358974359,0.0641025641025641,10.46013696093231,66.0
pp_quantile_fixed,HOUSEHOLD_1_191_TX_3,2422.297604946645,2422.297604946645,0.0,0.0,1.0,1.0,0.0,31.055097499315963,86.0
pp_quantile_fixed,HOUSEHOLD_1_194_CA_1,838.953045149759,838.953045149759,0.0,0.0,1.0,1.0,0.0,10.755808271150755,35.0
pp_quantile_fixed,HOUSEHOLD_1_195_CA_2,620.1413584940419,620.1413584940419,0.0,0.0,1.0,1.0,0.0,7.950530237103101,31.0
pp_quantile_fixed,HOUSEHOLD_1_201_TX_2,1219.8956354859752,1219.8956354859752,0.0,0.0,1.0,1.0,0.0,15.639687634435578,23.0
pp_quantile_fixed,HOUSEHOLD_1_205_WI_3,1035.0041065438068,1003.4365911852159,31.567515358590786,0.0,0.9373660409551771,0.9487179487179487,0.05128205128205128,12.864571681861742,56.0
pp_quantile_fixed,HOUSEHOLD_1_206_CA_4,723.8975132476992,723.8975132476992,0.0,0.0,1.0,1.0,0.0,9.280737349329476,8.0
pp_quantile_fixed,HOUSEHOLD_1_207_TX_1,600.9154344781822,574.1345081010744,26.78092637710774,0.0,0.8937264826305249,0.9615384615384616,0.038461538461538464,7.360698821808646,28.0
pp_quantile_fixed,HOUSEHOLD_1_208_WI_3,1788.2370499140861,1788.2370499140861,0.0,0.0,1.0,1.0,0.0,22.926116024539567,156.0
pp_quantile_fixed,HOUSEHOLD_1_211_TX_2,567.217809291715,567.217809291715,0.0,0.0,1.0,1.0,0.0,7.272023196047628,49.0
pp_quantile_fixed,HOUSEHOLD_1_212_WI_2,1037.9079279524726,1037.9079279524726,0.0,0.0,1.0,1.0,0.0,13.306511896826573,98.0
pp_quantile_fixed,HOUSEHOLD_1_216_TX_1,303.35809814792134,303.35809814792134,0.0,0.0,1.0,1.0,0.0,3.889206386511812,9.0
pp_quantile_fixed,HOUSEHOLD_1_217_WI_3,1025.4362280368289,1025.4362280368289,0.0,0.0,1.0,1.0,0.0,13.146618308164474,81.0
pp_quantile_fixed,HOUSEHOLD_1_218_CA_1,1162.7819961253545,1162.7819961253545,0.0,0.0,1.0,1.0,0.0,14.907461488786595,74.0
pp_quantile_fixed,HOUSEHOLD_1_219_TX_3,490.2772331772384,475.04556707182934,15.231666105409012,0.0,0.9703086430693781,0.9743589743589743,0.02564102564102564,6.090327782972171,57.0
pp_quantile_fixed,HOUSEHOLD_1_220_TX_3,909.0227159536809,893.4977440987556,15.524971854925262,0.0,0.9843182102475502,0.9871794871794872,0.01282051282051282,11.455099283317379,110.0
pp_quantile_fixed,HOUSEHOLD_1_221_CA_2,860.8048402538136,828.9829200738865,31.821920179927176,0.0,0.9522193390691784,0.9871794871794872,0.01282051282051282,10.627986154793417,74.0
pp_quantile_fixed,HOUSEHOLD_1_224_WI_2,792.8835132767606,748.2537299848811,44.629783291879434,0.0,0.9237097721506335,0.9230769230769231,0.07692307692307693,9.592996538267707,65.0
pp_quantile_fixed,HOUSEHOLD_1_225_CA_4,915.6943110722136,888.3227087434245,27.37160232878907,0.0,0.9475639802130478,0.9615384615384616,0.038461538461538464,11.38875267619775,58.0
pp_quantile_fixed,HOUSEHOLD_1_225_TX_2,1687.521526464633,1681.9310701376578,5.590456326975257,0.0,0.9969249415143151,0.9743589743589743,0.02564102564102564,21.56321884791869,202.0
pp_quantile_fixed,HOUSEHOLD_1_230_TX_3,625.9331520094153,624.8765352498599,1.056616759555343,0.0,0.9934776743237325,0.9871794871794872,0.01282051282051282,8.011237631408461,18.0
pp_quantile_fixed,HOUSEHOLD_1_238_CA_3,1470.341171149836,1313.920246633167,156.4209245166692,0.0,0.9070582742028109,0.9102564102564102,0.08974358974358974,16.845131367091884,187.0
pp_quantile_fixed,HOUSEHOLD_1_244_CA_3,1127.1370775142357,1000.7076175289874,126.42945998524827,0.0,0.9093695627345889,0.9102564102564102,0.08974358974358974,12.829584840115222,155.0
pp_quantile_fixed,HOUSEHOLD_1_246_CA_2,4501.472816956016,3924.285783160006,577.1870337960097,0.0,0.8725012074671946,0.9230769230769231,0.07692307692307693,50.31135619435905,503.0
pp_quantile_fixed,HOUSEHOLD_1_248_CA_4,395.4616561979877,389.7608345169832,5.700821681004481,0.0,0.9808053142053722,0.9615384615384616,0.038461538461538464,4.996933775858759,33.0
pp_quantile_fixed,HOUSEHOLD_1_249_WI_3,527.2796052425236,465.71157055730174,61.56803468522193,0.0,0.828977681429939,0.9230769230769231,0.07692307692307693,5.970661160991048,40.0
pp_quantile_fixed,HOUSEHOLD_1_264_TX_3,921.6675301088061,921.6675301088061,0.0,0.0,1.0,1.0,0.0,11.816250386010335,23.0
pp_quantile_fixed,HOUSEHOLD_1_265_CA_3,496.6030402643924,482.648611472016,13.954428792376422,0.0,0.9695981943521211,0.9743589743589743,0.02564102564102564,6.1878027111796925,51.0
pp_quantile_fixed,HOUSEHOLD_1_272_CA_3,19610.20000000001,19610.20000000001,0.0,0.0,1.0,1.0,0.0,251.41282051282067,186.0
pp_quantile_fixed,HOUSEHOLD_1_298_TX_3,1170.368568250402,1158.3619642098904,12.006604040511622,0.0,0.9648929706417789,0.9871794871794872,0.01282051282051282,14.850794412947312,38.0
pp_quantile_fixed,HOUSEHOLD_1_304_CA_3,3729.9754258267085,2726.4230897092907,1003.552336117418,0.0,0.860617731094803,0.8589743589743589,0.14102564102564102,34.95414217576014,800.0
pp_quantile_fixed,HOUSEHOLD_1_304_CA_4,986.027575817642,807.7038008942172,178.32377492342465,0.0,0.8679083148715373,0.8589743589743589,0.14102564102564102,10.355176934541246,150.0
pp_quantile_fixed,HOUSEHOLD_1_309_TX_2,605.3901711416169,588.9889591914045,16.40121195021229,0.0,0.9088821558321539,0.9743589743589743,0.02564102564102564,7.5511405024539044,20.0
pp_quantile_fixed,HOUSEHOLD_1_314_TX_3,846.0168323059917,846.0168323059917,0.0,0.0,1.0,1.0,0.0,10.846369644948611,54.0
pp_quantile_fixed,HOUSEHOLD_1_317_CA_1,1842.189244880971,1842.189244880971,0.0,0.0,1.0,1.0,0.0,23.617810831807322,100.0
pp_quantile_fixed,HOUSEHOLD_1_317_TX_3,1214.0497633072293,1214.0497633072293,0.0,0.0,1.0,1.0,0.0,15.564740555220888,63.0
pp_quantile_fixed,HOUSEHOLD_1_320_WI_3,493.5664658144023,471.6931148902264,21.873350924175895,0.0,0.9240508648466115,0.9615384615384616,0.038461538461538464,6.047347626797775,32.0
pp_quantile_fixed,HOUSEHOLD_1_332_WI_3,202.1807495979435,181.05786203763503,21.122887560308477,0.0,0.5306024986598116,0.9615384615384616,0.038461538461538464,2.3212546415081414,5.0
pp_quantile_fixed,HOUSEHOLD_1_333_WI_2,618.3648749047638,611.4447040003244,6.920170904439459,0.0,0.9825248209483852,0.9871794871794872,0.01282051282051282,7.839034666670825,44.0
pp_quantile_fixed,HOUSEHOLD_1_338_WI_1,789.2803781797628,789.2803781797628,0.0,0.0,1.0,1.0,0.0,10.118979207432856,77.0
pp_quantile_fixed,HOUSEHOLD_1_342_TX_2,945.709653820029,870.1698194327989,75.53983438723002,0.0,0.8850230831244597,0.9230769230769231,0.07692307692307693,11.156023326061526,73.0
pp_quantile_fixed,HOUSEHOLD_1_344_CA_1,1176.7774688727777,1176.7774688727777,0.0,0.0,1.0,1.0,0.0,15.086890626574073,45.0
pp_quantile_fixed,HOUSEHOLD_1_344_TX_1,2259.972219968201,1821.4471822317641,438.5250377364368,0.0,0.8296328524722467,0.8461538461538461,0.15384615384615385,23.351886951689284,286.0
pp_quantile_fixed,HOUSEHOLD_1_349_TX_2,1304.561528265434,1304.561528265434,0.0,0.0,1.0,1.0,0.0,16.725147798274794,86.0
pp_quantile_fixed,HOUSEHOLD_1_361_WI_3,2091.31598651027,2091.31598651027,0.0,0.0,1.0,1.0,0.0,26.81174341679833,174.0
pp_quantile_fixed,HOUSEHOLD_1_368_TX_3,606.596532040562,606.596532040562,0.0,0.0,1.0,1.0,0.0,7.776878615904641,4.0
pp_quantile_fixed,HOUSEHOLD_1_369_CA_1,1244.3859178999633,968.0767848948605,276.3091330051029,0.0,0.8275223888857035,0.9102564102564102,0.08974358974358974,12.41124083198539,178.0
pp_quantile_fixed,HOUSEHOLD_1_371_CA_1,969.9781597659608,969.9781597659608,0.0,0.0,1.0,1.0,0.0,12.435617432896933,116.0
pp_quantile_fixed,HOUSEHOLD_1_377_TX_1,345.9112127386595,345.31597766508116,0.59523507357836,0.0,0.9961095746824945,0.9871794871794872,0.01282051282051282,4.427127918783092,17.0
pp_quantile_fixed,HOUSEHOLD_1_380_CA_1,731.1827919947547,718.7986476063933,12.384144388361342,0.0,0.9794624471171455,0.9743589743589743,0.02564102564102564,9.215367277005042,67.0
pp_quantile_fixed,HOUSEHOLD_1_384_CA_2,579.5666121336174,579.5666121336174,0.0,0.0,1.0,1.0,0.0,7.430341181200222,65.0
pp_quantile_fixed,HOUSEHOLD_1_385_CA_3,2532.534190640034,2417.2199982217503,115.3141924182836,0.0,0.964009303240236,0.9615384615384616,0.038461538461538464,30.989999977201926,356.0
pp_quantile_fixed,HOUSEHOLD_1_386_CA_2,873.06214404023,523.2168639630377,349.84528007719234,0.0,0.686518566239075,0.7692307692307693,0.23076923076923078,6.707908512346637,124.0
pp_quantile_fixed,HOUSEHOLD_1_389_CA_1,4860.375787893252,4561.194125257247,299.18166263600494,0.0,0.8989592493630514,0.9358974358974359,0.0641025641025641,58.47684775970829,329.0
pp_quantile_fixed,HOUSEHOLD_1_390_WI_2,1594.692823212702,1389.9625072923457,204.7303159203563,0.0,0.8612938239021977,0.8974358974358975,0.10256410256410256,17.820032144773663,164.0
pp_quantile_fixed,HOUSEHOLD_1_394_CA_3,900.2641110828448,883.7922310721201,16.471880010724746,0.0,0.978468130704935,0.9743589743589743,0.02564102564102564,11.330669629129744,85.0
pp_quantile_fixed,HOUSEHOLD_1_395_CA_3,993.8628788033564,917.4392953155942,76.4235834877621,0.0,0.8769346481678548,0.9358974358974359,0.0641025641025641,11.762042247635824,69.0
pp_quantile_fixed,HOUSEHOLD_1_396_TX_1,977.760539053063,922.8758344927646,54.884704560298395,0.0,0.9440522889293596,0.9358974358974359,0.0641025641025641,11.831741467855958,109.0
pp_quantile_fixed,HOUSEHOLD_1_397_WI_1,1332.3531031798548,1026.4034461482315,305.94965703162336,0.0,0.8023581026927498,0.8205128205128205,0.1794871794871795,13.159018540361943,172.0
pp_quantile_fixed,HOUSEHOLD_1_398_CA_4,380.33484290644503,365.1775156458707,15.157327260574336,0.0,0.9438617508867618,0.9743589743589743,0.02564102564102564,4.681763021100906,30.0
pp_quantile_fixed,HOUSEHOLD_1_399_TX_3,2810.279438209805,1807.2287332603987,1003.0507049494062,0.0,0.819074548169299,0.7948717948717948,0.20512820512820512,23.169599144364085,616.0
pp_quantile_fixed,HOUSEHOLD_1_401_CA_2,307.2742885360234,307.0902662270328,0.18402230899058125,0.0,0.9990705943990374,0.9871794871794872,0.01282051282051282,3.9370546952183694,22.0
pp_quantile_fixed,HOUSEHOLD_1_402_TX_2,381.98603175036357,381.98603175036357,0.0,0.0,1.0,1.0,0.0,4.897256817312353,27.0
pp_quantile_fixed,HOUSEHOLD_1_404_TX_2,949.7485894197331,907.8588964213089,41.889692998424124,0.0,0.9224264944473627,0.9487179487179487,0.05128205128205128,11.639216620786012,60.0
pp_quantile_fixed,HOUSEHOLD_1_407_CA_4,663.8108195068,617.794669467577,46.016150039223035,0.0,0.845063467881404,0.9487179487179487,0.05128205128205128,7.920444480353551,33.0
pp_quantile_fixed,HOUSEHOLD_1_411_WI_3,1598.723053321066,1537.6703607301756,61.05269259089027,0.0,0.9388861936027124,0.9615384615384616,0.038461538461538464,19.71372257346379,111.0
pp_quantile_fixed,HOUSEHOLD_1_415_CA_3,804.2990593824128,804.2990593824128,0.0,0.0,1.0,1.0,0.0,10.311526402338625,62.0
pp_quantile_fixed,HOUSEHOLD_1_419_WI_2,461.3326521724703,441.53669269983436,19.79595947263598,0.0,0.8533632631656595,0.9743589743589743,0.02564102564102564,5.660726829485056,15.0
pp_quantile_fixed,HOUSEHOLD_1_421_WI_3,912.3532428134688,912.3532428134688,0.0,0.0,1.0,1.0,0.0,11.696836446326524,67.0
pp_quantile_fixed,HOUSEHOLD_1_423_CA_4,471.3229436075196,471.3229436075196,0.0,0.0,1.0,1.0,0.0,6.042601841122046,13.0
pp_quantile_fixed,HOUSEHOLD_1_425_CA_4,934.8200737113862,828.5411241264338,106.27894958495227,0.0,0.8559905832182217,0.8974358974358975,0.10256410256410256,10.622322104185049,82.0
pp_quantile_fixed,HOUSEHOLD_1_431_TX_2,1695.913920602649,1501.6729041212616,194.2410164813873,0.0,0.8926251981860767,0.8461538461538461,0.15384615384615385,19.252216719503355,201.0
pp_quantile_fixed,HOUSEHOLD_1_433_WI_1,328.6075499228015,328.6075499228015,0.0,0.0,1.0,1.0,0.0,4.212917306702583,15.0
pp_quantile_fixed,HOUSEHOLD_1_437_WI_1,1567.4428414978556,1297.921835563678,269.5210059341776,0.0,0.8674921308091557,0.8974358974358975,0.10256410256410256,16.64002353286767,226.0
pp_quantile_fixed,HOUSEHOLD_1_439_WI_3,3664.1865267477046,3664.1865267477046,0.0,0.0,1.0,1.0,0.0,46.97675034291929,98.0
pp_quantile_fixed,HOUSEHOLD_1_442_CA_4,394.1152002632523,366.0837917136551,28.031408549597185,0.0,0.9453578780709607,0.9487179487179487,0.05128205128205128,4.69338194504686,57.0
pp_quantile_fixed,HOUSEHOLD_1_445_TX_3,1369.2810432085894,1006.680469669511,362.6005735390783,0.0,0.779841788986595,0.7692307692307693,0.23076923076923078,12.906159867557834,183.0
pp_quantile_fixed,HOUSEHOLD_1_448_CA_4,1397.2490765040557,1397.2490765040557,0.0,0.0,1.0,1.0,0.0,17.913449698769945,126.0
pp_quantile_fixed,HOUSEHOLD_1_450_TX_2,1346.9909196695914,1308.9553324108858,38.0355872587057,0.0,0.9421071731222136,0.9487179487179487,0.05128205128205128,16.781478620652383,73.0
pp_quantile_fixed,HOUSEHOLD_1_458_CA_2,1333.1889243877258,1205.4235169792444,127.7654074084814,0.0,0.9095786217915913,0.9358974358974359,0.0641025641025641,15.454147653580057,157.0
pp_quantile_fixed,HOUSEHOLD_1_459_WI_2,17514.111789749113,13489.49311056137,4024.6186791877426,0.0,0.8102758365536349,0.782051282051282,0.21794871794871795,172.94221936617143,2357.0
pp_quantile_fixed,HOUSEHOLD_1_462_WI_1,4463.240539070078,4262.456912139945,200.78362693013207,0.0,0.7312133508298098,0.9358974358974359,0.0641025641025641,54.64688348897366,83.0
pp_quantile_fixed,HOUSEHOLD_1_467_CA_1,733.825561033036,733.825561033036,0.0,0.0,1.0,1.0,0.0,9.408020013244052,58.0
pp_quantile_fixed,HOUSEHOLD_1_473_WI_2,4786.517557977193,3971.6999004222175,814.8176575549758,0.0,0.846028409381146,0.8333333333333334,0.16666666666666666,50.919229492592535,588.0
pp_quantile_fixed,HOUSEHOLD_1_474_TX_2,8163.057294218628,6899.24049991394,1263.8167943046888,0.0,0.8437996793592029,0.7948717948717948,0.20512820512820512,88.45180128094795,899.0
pp_quantile_fixed,HOUSEHOLD_1_481_CA_1,1066.2299416489138,902.901566364796,163.32837528411778,0.0,0.8675357864686798,0.8333333333333334,0.16666666666666666,11.575661107240975,137.0
pp_quantile_fixed,HOUSEHOLD_1_482_WI_1,830.0514895701882,764.4119592592021,65.63953031098607,0.0,0.8860424820989825,0.9102564102564102,0.08974358974358974,9.800153323835925,64.0
pp_quantile_fixed,HOUSEHOLD_1_491_TX_1,1042.801138660527,1016.3221621753695,26.478976485157503,0.0,0.9573607464007126,0.9743589743589743,0.02564102564102564,13.029771309940635,69.0
pp_quantile_fixed,HOUSEHOLD_1_491_WI_3,753.2336845436394,753.2336845436394,0.0,0.0,1.0,1.0,0.0,9.656842109533837,50.0
pp_quantile_fixed,HOUSEHOLD_1_492_WI_2,759.0332279322735,759.0332279322735,0.0,0.0,1.0,1.0,0.0,9.731195229900942,13.0
pp_quantile_fixed,HOUSEHOLD_1_494_CA_2,1397.0462916514175,1267.3978797762327,129.6484118751847,0.0,0.9342220132545993,0.9358974358974359,0.0641025641025641,16.248690766361957,219.0
pp_quantile_fixed,HOUSEHOLD_1_494_TX_1,1506.8251977622383,1231.7278589703294,275.09733879190884,0.0,0.8931245770039205,0.8589743589743589,0.14102564102564102,15.791382807311916,286.0
pp_quantile_fixed,HOUSEHOLD_1_500_TX_3,241.86957499244798,241.86957499244798,0.0,0.0,1.0,1.0,0.0,3.1008919870826666,6.0
pp_quantile_fixed,HOUSEHOLD_1_501_TX_3,496.09799339734997,496.09799339734997,0.0,0.0,1.0,1.0,0.0,6.36023068458141,7.0
pp_quantile_fixed,HOUSEHOLD_1_503_WI_1,881.0150068964932,857.6815435546741,23.333463341819062,0.0,0.9715098127694518,0.9743589743589743,0.02564102564102564,10.995917225059925,91.0
pp_quantile_fixed,HOUSEHOLD_1_504_CA_3,674.8920447576277,636.4760822930288,38.415962464598955,0.0,0.8666112414423648,0.9615384615384616,0.038461538461538464,8.159949772987549,32.0
pp_quantile_fixed,HOUSEHOLD_1_504_WI_3,875.3504751797384,875.3504751797384,0.0,0.0,1.0,1.0,0.0,11.222441989483826,7.0
pp_quantile_fixed,HOUSEHOLD_1_507_WI_3,1547.0,1547.0,0.0,0.0,1.0,1.0,0.0,19.833333333333332,11.0
pp_quantile_fixed,HOUSEHOLD_1_510_CA_4,1047.9361583778614,914.3134865085308,133.6226718693305,0.0,0.877297821974903,0.9102564102564102,0.08974358974358974,11.721967775750395,121.0
pp_quantile_fixed,HOUSEHOLD_1_510_TX_1,1063.4019570701728,1047.0779431901815,16.32401387999135,0.0,0.9767464189743712,0.9871794871794872,0.01282051282051282,13.424076194745917,78.0
pp_quantile_fixed,HOUSEHOLD_1_520_CA_1,936.038683457785,907.2959909460068,28.742692511778287,0.0,0.9429708481909161,0.9871794871794872,0.01282051282051282,11.631999883923164,56.0
pp_quantile_fixed,HOUSEHOLD_1_521_CA_2,3266.8474029983126,2448.0877716398804,818.7596313584324,0.0,0.7813142010260596,0.7948717948717948,0.20512820512820512,31.38574066204975,416.0
pp_quantile_fixed,HOUSEHOLD_1_521_TX_3,18544.011153619347,18544.011153619347,0.0,0.0,1.0,1.0,0.0,237.74373273870958,852.0
pp_quantile_fixed,HOUSEHOLD_1_527_WI_2,1100.0588625599169,896.4080526336134,203.65080992630345,0.0,0.6464395661001676,0.8461538461538461,0.15384615384615385,11.49241093120017,64.0
pp_quantile_fixed,HOUSEHOLD_1_529_CA_2,953.7942506522425,744.3342230463504,209.4600276058921,0.0,0.7550175115720561,0.8589743589743589,0.14102564102564102,9.542746449312185,95.0
pp_quantile_fixed,HOUSEHOLD_1_531_TX_1,537.933157934356,527.8330839314135,10.100074002942538,0.0,0.9799601706290824,0.9743589743589743,0.02564102564102564,6.7670908196335064,56.0
pp_quantile_fixed,HOUSEHOLD_1_533_WI_1,648.2144693650297,648.2144693650297,0.0,0.0,1.0,1.0,0.0,8.310441914936279,39.0
pp_quantile_fixed,HOUSEHOLD_1_534_CA_2,1524.3335782182269,1493.7910926872528,30.54248553097401,0.0,0.9485816741902795,0.9743589743589743,0.02564102564102564,19.15116785496478,66.0
pp_quantile_fixed,HOUSEHOLD_1_534_CA_4,637.9776287219622,610.3120392027331,27.665589519229105,0.0,0.9316899024216566,0.9487179487179487,0.05128205128205128,7.824513323111963,45.0
pp_quantile_fixed,HOUSEHOLD_1_534_TX_1,916.6150416555171,911.7108186097321,4.9042230457849705,0.0,0.9852726034661111,0.9871794871794872,0.01282051282051282,11.688600238586309,37.0
pp_quantile_fixed,HOUSEHOLD_1_537_CA_3,1744.20717169402,1744.20717169402,0.0,0.0,1.0,1.0,0.0,22.36163040633359,187.0
pp_quantile_fixed,HOUSEHOLD_1_537_TX_1,1167.5243337513532,1071.5207871421528,96.00354660920041,0.0,0.9003078436041533,0.8974358974358975,0.10256410256410256,13.737445989001959,107.0
pp_quantile_fixed,HOUSEHOLD_1_541_CA_2,1800.3511977114345,1723.7337925701859,76.6174051412486,0.0,0.9556612238765924,0.9487179487179487,0.05128205128205128,22.099151186797254,192.0
pp_quantile_fixed,HOUSEHOLD_2_001_WI_2,272.14595298820086,272.14595298820086,0.0,0.0,1.0,1.0,0.0,3.4890506793359086,9.0
pp_quantile_fixed,HOUSEHOLD_2_004_CA_4,443.0178540484747,443.0178540484747,0.0,0.0,1.0,1.0,0.0,5.679716077544548,6.0
pp_quantile_fixed,HOUSEHOLD_2_008_WI_2,607.8776995912036,607.8776995912036,0.0,0.0,1.0,1.0,0.0,7.793303840912867,0.0
pp_quantile_fixed,HOUSEHOLD_2_009_CA_1,429.1910502910539,408.9915273669185,20.19952292413542,0.0,0.9424515016406397,0.9615384615384616,0.038461538461538464,5.243481120088698,39.0
pp_quantile_fixed,HOUSEHOLD_2_010_CA_3,475.68340198675673,475.68340198675673,0.0,0.0,1.0,1.0,0.0,6.098505153676369,22.0
pp_quantile_fixed,HOUSEHOLD_2_013_WI_3,172.81330139350288,170.66750162459596,2.145799768906916,0.0,0.9761577803454788,0.9871794871794872,0.01282051282051282,2.188044892623025,10.0
pp_quantile_fixed,HOUSEHOLD_2_015_CA_1,658.6584715790106,658.6584715790106,0.0,0.0,1.0,1.0,0.0,8.444339379218084,50.0
pp_quantile_fixed,HOUSEHOLD_2_017_CA_1,493.4965451293655,490.1105456233027,3.385999506062749,0.0,0.9870268218158516,0.9871794871794872,0.01282051282051282,6.283468533632086,29.0
pp_quantile_fixed,HOUSEHOLD_2_021_CA_2,1031.3596297094437,1031.3596297094437,0.0,0.0,1.0,1.0,0.0,13.222559355249278,31.0
pp_quantile_fixed,HOUSEHOLD_2_029_WI_2,689.7624932871474,648.9797087258875,40.78278456125992,0.0,0.9035867977275178,0.9358974358974359,0.0641025641025641,8.320252675972917,47.0
pp_quantile_fixed,HOUSEHOLD_2_032_WI_2,674.1359635029006,674.1359635029006,0.0,0.0,1.0,1.0,0.0,8.6427687628577,7.0
pp_quantile_fixed,HOUSEHOLD_2_034_CA_2,260.57403936815047,245.702906532188,14.871132835962442,0.0,0.9082028837286269,0.9743589743589743,0.02564102564102564,3.1500372632331795,18.0
pp_quantile_fixed,HOUSEHOLD_2_034_CA_3,530.6808175915623,530.6808175915623,0.0,0.0,1.0,1.0,0.0,6.8036002255328505,14.0
pp_quantile_fixed,HOUSEHOLD_2_038_TX_1,345.78193634887657,338.96196447401917,6.81997187485742,0.0,0.9311113952034605,0.9871794871794872,0.01282051282051282,4.345666211205374,11.0
pp_quantile_fixed,HOUSEHOLD_2_042_WI_2,516.6437174302978,516.6437174302978,0.0,0.0,1.0,1.0,0.0,6.623637402952536,2.0
pp_quantile_fixed,HOUSEHOLD_2_043_TX_2,229.9970221017507,222.09816319675045,7.8988589050002656,0.0,0.9483734712091485,0.9743589743589743,0.02564102564102564,2.8474123486762877,17.0
pp_quantile_fixed,HOUSEHOLD_2_045_CA_4,361.68772740118567,330.01250313196886,31.675224269216827,0.0,0.8147647703554571,0.9615384615384616,0.038461538461538464,4.230929527332934,19.0
pp_quantile_fixed,HOUSEHOLD_2_047_TX_2,930.8343225913072,903.3959510322504,27.438371559056826,0.0,0.9237823012248422,0.9487179487179487,0.05128205128205128,11.581999372208339,40.0
pp_quantile_fixed,HOUSEHOLD_2_057_WI_3,310.36556952059675,306.2921772108855,4.073392309711269,0.0,0.9622834045397104,0.9871794871794872,0.01282051282051282,3.926822784754942,12.0
pp_quantile_fixed,HOUSEHOLD_2_058_TX_2,601.3807285970189,555.0346035393063,46.34612505771254,0.0,0.8829643306623421,0.9230769230769231,0.07692307692307693,7.115828250503927,44.0
pp_quantile_fixed,HOUSEHOLD_2_063_TX_2,401.22807239097284,401.22807239097284,0.0,0.0,1.0,1.0,0.0,5.143949646038114,12.0
pp_quantile_fixed,HOUSEHOLD_2_067_CA_2,1288.3974203015784,1199.2166600965254,89.18076020505305,0.0,0.9082502467026203,0.9230769230769231,0.07692307692307693,15.374572565340069,108.0
pp_quantile_fixed,HOUSEHOLD_2_073_WI_3,268.54238477510086,268.54238477510086,0.0,0.0,1.0,1.0,0.0,3.4428510868602675,3.0
pp_quantile_fixed,HOUSEHOLD_2_075_CA_4,1028.4985137346084,1001.2309824045916,27.267531330016887,0.0,0.9202703762280208,0.9487179487179487,0.05128205128205128,12.836294646212712,38.0
pp_quantile_fixed,HOUSEHOLD_2_075_WI_3,672.9350055026256,634.2375388893691,38.69746661325648,0.0,0.8837913915517824,0.9487179487179487,0.05128205128205128,8.131250498581656,37.0
pp_quantile_fixed,HOUSEHOLD_2_077_CA_3,355.83004905315494,355.80442370876585,0.02562534438910724,0.0,0.9996836377235913,0.9871794871794872,0.01282051282051282,4.561595175753409,9.0
pp_quantile_fixed,HOUSEHOLD_2_079_TX_1,358.49170181715317,358.49170181715317,0.0,0.0,1.0,1.0,0.0,4.5960474591942715,14.0
pp_quantile_fixed,HOUSEHOLD_2_087_CA_3,495.8439468178736,495.8439468178736,0.0,0.0,1.0,1.0,0.0,6.356973677152226,7.0
pp_quantile_fixed,HOUSEHOLD_2_089_TX_2,702.2109449458072,679.5019948743624,22.708950071444818,0.0,0.9557330407964039,0.9743589743589743,0.02564102564102564,8.711564036850799,57.0
pp_quantile_fixed,HOUSEHOLD_2_095_CA_2,798.0839972916359,767.0057158196751,31.078281471960842,0.0,0.9136714403556644,0.9871794871794872,0.01282051282051282,9.833406613072757,40.0
pp_quantile_fixed,HOUSEHOLD_2_095_TX_3,502.3661763197707,498.79856929008344,3.567607029687279,0.0,0.9841439687569453,0.9871794871794872,0.01282051282051282,6.394853452436967,25.0
pp_quantile_fixed,HOUSEHOLD_2_110_CA_1,1242.4708552252462,1165.9519904805559,76.51886474469028,0.0,0.9490892450135127,0.9358974358974359,0.0641025641025641,14.948102442058408,167.0
pp_quantile_fixed,HOUSEHOLD_2_120_TX_2,570.2543232199665,531.0301856845723,39.22413753539424,0.0,0.8754789284590659,0.9615384615384616,0.038461538461538464,6.808079303648363,35.0
pp_quantile_fixed,HOUSEHOLD_2_123_TX_1,664.1895745592743,609.9079010976537,54.28167346162056,0.0,0.856397689254972,0.9230769230769231,0.07692307692307693,7.819332065354535,42.0
pp_quantile_fixed,HOUSEHOLD_2_129_CA_2,425.87568080555315,425.87568080555315,0.0,0.0,1.0,1.0,0.0,5.45994462571222,14.0
pp_quantile_fixed,HOUSEHOLD_2_138_CA_3,338.3967324599252,338.3967324599252,0.0,0.0,1.0,1.0,0.0,4.338419646922118,4.0
pp_quantile_fixed,HOUSEHOLD_2_139_TX_2,603.2934141242861,522.2390600209626,81.05435410332346,0.0,0.8083821415997082,0.9102564102564102,0.08974358974358974,6.695372564371316,47.0
pp_quantile_fixed,HOUSEHOLD_2_143_CA_1,476.1021140138301,460.21438062522594,15.88773338860412,0.0,0.9197589222797773,0.9743589743589743,0.02564102564102564,5.900184366990076,22.0
pp_quantile_fixed,HOUSEHOLD_2_146_WI_1,847.7418452875671,740.5636693373798,107.1781759501873,0.0,0.7353625285180561,0.8717948717948718,0.1282051282051282,9.494406017145895,45.0
pp_quantile_fixed,HOUSEHOLD_2_147_CA_3,343.16082207631916,343.16082207631916,0.0,0.0,1.0,1.0,0.0,4.399497718927169,5.0
pp_quantile_fixed,HOUSEHOLD_2_149_TX_1,403.78672895481475,403.78672895481475,0.0,0.0,1.0,1.0,0.0,5.176752935318138,6.0
pp_quantile_fixed,HOUSEHOLD_2_150_CA_2,462.3915148902291,452.9786665779232,9.41284831230587,0.0,0.9683069080393741,0.9743589743589743,0.02564102564102564,5.807418802281067,33.0
pp_quantile_fixed,HOUSEHOLD_2_158_TX_3,406.1828062007493,406.1828062007493,0.0,0.0,1.0,1.0,0.0,5.207471874368581,0.0
pp_quantile_fixed,HOUSEHOLD_2_159_CA_2,1178.55752921677,1178.55752921677,0.0,0.0,1.0,1.0,0.0,15.109711913035513,46.0
pp_quantile_fixed,HOUSEHOLD_2_160_WI_1,550.4292773285014,550.4292773285014,0.0,0.0,1.0,1.0,0.0,7.056785606775659,41.0
pp_quantile_fixed,HOUSEHOLD_2_164_CA_1,881.0,881.0,0.0,0.0,1.0,1.0,0.0,11.294871794871796,12.0
pp_quantile_fixed,HOUSEHOLD_2_176_TX_2,3278.442244996905,2828.4446188949373,449.99762610196785,0.0,0.7899170746489412,0.8333333333333334,0.16666666666666666,36.262110498653044,238.0
pp_quantile_fixed,HOUSEHOLD_2_179_CA_1,433.166608341334,419.98390914219834,13.182699199135616,0.0,0.9476877015907317,0.9743589743589743,0.02564102564102564,5.384409091566646,28.0
pp_quantile_fixed,HOUSEHOLD_2_184_WI_3,606.9868673281953,561.3607832890975,45.62608403909775,0.0,0.8897920675384113,0.9358974358974359,0.0641025641025641,7.1969331190909935,46.0
pp_quantile_fixed,HOUSEHOLD_2_190_WI_1,942.5197680762342,942.5197680762342,0.0,0.0,1.0,1.0,0.0,12.08358677020813,44.0
pp_quantile_fixed,HOUSEHOLD_2_193_TX_1,908.233135008756,899.8035912195963,8.429543789159606,0.0,0.957426546519396,0.9871794871794872,0.01282051282051282,11.535943477174312,22.0
pp_quantile_fixed,HOUSEHOLD_2_203_CA_1,994.7432610091603,742.5577226797081,252.18553832945207,0.0,0.6161559538364504,0.8461538461538461,0.15384615384615385,9.519970803586002,73.0
pp_quantile_fixed,HOUSEHOLD_2_207_WI_3,277.2434576371488,277.2434576371488,0.0,0.0,1.0,1.0,0.0,3.5544033030403694,3.0
pp_quantile_fixed,HOUSEHOLD_2_208_CA_3,470.65458622920585,470.65458622920585,0.0,0.0,1.0,1.0,0.0,6.03403315678469,9.0
pp_quantile_fixed,HOUSEHOLD_2_217_TX_1,1091.4017934701167,989.3456436474448,102.05614982267181,0.0,0.8767437804074012,0.9102564102564102,0.08974358974358974,12.683918508300575,92.0
pp_quantile_fixed,HOUSEHOLD_2_218_CA_1,427.3792303853547,427.3792303853547,0.0,0.0,1.0,1.0,0.0,5.479220902376342,6.0
pp_quantile_fixed,HOUSEHOLD_2_224_TX_1,413.9548037879761,413.9548037879761,0.0,0.0,1.0,1.0,0.0,5.307112869076617,6.0
pp_quantile_fixed,HOUSEHOLD_2_226_TX_3,561.1092990745581,561.1092990745581,0.0,0.0,1.0,1.0,0.0,7.193708962494334,28.0
pp_quantile_fixed,HOUSEHOLD_2_226_WI_1,530.9531801641682,445.26219541788305,85.69098474628518,0.0,0.7558661403239737,0.8846153846153846,0.11538461538461539,5.708489684844655,39.0
pp_quantile_fixed,HOUSEHOLD_2_234_WI_3,398.25443240742015,398.25443240742015,0.0,0.0,1.0,1.0,0.0,5.105826056505387,9.0
pp_quantile_fixed,HOUSEHOLD_2_237_CA_2,347.06261345925606,347.06261345925606,0.0,0.0,1.0,1.0,0.0,4.449520685375077,12.0
pp_quantile_fixed,HOUSEHOLD_2_238_CA_1,486.7289215155494,486.7289215155494,0.0,0.0,1.0,1.0,0.0,6.2401143784044795,30.0
pp_quantile_fixed,HOUSEHOLD_2_241_CA_2,371.4509518911243,370.6082536107121,0.842698280412189,0.0,0.9947981587628877,0.9871794871794872,0.01282051282051282,4.751387866804001,18.0
pp_quantile_fixed,HOUSEHOLD_2_249_WI_1,824.0,824.0,0.0,0.0,1.0,1.0,0.0,10.564102564102564,7.0
pp_quantile_fixed,HOUSEHOLD_2_257_TX_1,473.88271944028406,464.5931932796824,9.289526160601639,0.0,0.9721035250432383,0.9743589743589743,0.02564102564102564,5.956322990765159,37.0
pp_quantile_fixed,HOUSEHOLD_2_259_CA_2,708.2331062854788,708.2331062854788,0.0,0.0,1.0,1.0,0.0,9.0799116190446,56.0
pp_quantile_fixed,HOUSEHOLD_2_259_TX_3,303.4812697598535,303.4812697598535,0.0,0.0,1.0,1.0,0.0,3.8907855097417112,12.0
pp_quantile_fixed,HOUSEHOLD_2_260_WI_1,383.94243584886567,376.0743806111754,7.86805523769028,0.0,0.9453607275160397,0.9871794871794872,0.01282051282051282,4.821466418091992,16.0
pp_quantile_fixed,HOUSEHOLD_2_263_TX_2,504.22498041068076,470.6036924459269,33.621287964753854,0.0,0.830195515329526,0.9615384615384616,0.038461538461538464,6.033380672383679,22.0
pp_quantile_fixed,HOUSEHOLD_2_263_TX_3,913.8014734872366,913.8014734872366,0.0,0.0,1.0,1.0,0.0,11.715403506246624,6.0
pp_quantile_fixed,HOUSEHOLD_2_264_WI_3,417.38740149859944,395.10364747668604,22.283754021913403,0.0,0.9271772744381915,0.9615384615384616,0.038461538461538464,5.065431377906231,34.0
pp_quantile_fixed,HOUSEHOLD_2_265_WI_1,443.13845833721945,410.9965606736279,32.1418976635915,0.0,0.8626414629761048,0.9615384615384616,0.038461538461538464,5.269186675302922,26.0
pp_quantile_fixed,HOUSEHOLD_2_275_CA_2,972.4357343483522,972.4357343483522,0.0,0.0,1.0,1.0,0.0,12.46712479933785,48.0
pp_quantile_fixed,HOUSEHOLD_2_280_TX_2,506.6947934968284,488.02028227917896,18.67451121764948,0.0,0.9308351436383352,0.9743589743589743,0.02564102564102564,6.256670285630499,30.0
pp_quantile_fixed,HOUSEHOLD_2_280_WI_3,329.6657409429906,329.6657409429906,0.0,0.0,1.0,1.0,0.0,4.226483858243469,16.0
pp_quantile_fixed,HOUSEHOLD_2_288_TX_3,463.43212756218213,463.43212756218213,0.0,0.0,1.0,1.0,0.0,5.9414375328484885,13.0
pp_quantile_fixed,HOUSEHOLD_2_294_CA_1,2226.6486831635684,2219.412162514422,7.236520649146151,0.0,0.9928209120544186,0.9871794871794872,0.01282051282051282,28.454002083518233,112.0
pp_quantile_fixed,HOUSEHOLD_2_294_WI_3,1192.7130544846996,1153.292500174312,39.42055431038763,0.0,0.9594438741662679,0.9615384615384616,0.038461538461538464,14.78580128428605,108.0
pp_quantile_fixed,HOUSEHOLD_2_307_TX_1,288.456605532667,288.456605532667,0.0,0.0,1.0,1.0,0.0,3.698161609393167,3.0
pp_quantile_fixed,HOUSEHOLD_2_308_WI_3,355.20959317411166,298.07843568540534,57.13115748870629,0.0,0.6265937419038804,0.9358974358974359,0.0641025641025641,3.8215184062231455,17.0
pp_quantile_fixed,HOUSEHOLD_2_311_TX_2,708.5012936872961,643.365478144931,65.13581554236508,0.0,0.8144278759476778,0.9358974358974359,0.0641025641025641,8.248275360832448,39.0
pp_quantile_fixed,HOUSEHOLD_2_314_TX_1,1008.1723987049835,1008.1723987049835,0.0,0.0,1.0,1.0,0.0,12.925287162884404,20.0
pp_quantile_fixed,HOUSEHOLD_2_316_CA_4,386.2130808750077,383.44365672027635,2.7694241547313485,0.0,0.9829047891683251,0.9871794871794872,0.01282051282051282,4.91594431692662,18.0
pp_quantile_fixed,HOUSEHOLD_2_326_TX_2,314.53631171225027,304.93951876321603,9.596792949034246,0.0,0.9289126448219686,0.9743589743589743,0.02564102564102564,3.909481009784821,15.0
pp_quantile_fixed,HOUSEHOLD_2_330_CA_2,456.18029990215814,445.51653197402527,10.663767928132883,0.0,0.9259460560546328,0.9871794871794872,0.01282051282051282,5.711750409923401,16.0
pp_quantile_fixed,HOUSEHOLD_2_333_WI_2,660.0503720518418,660.0503720518418,0.0,0.0,1.0,1.0,0.0,8.462184257074895,17.0
pp_quantile_fixed,HOUSEHOLD_2_337_CA_2,270.36633343403156,266.34747287989046,4.0188605541410904,0.0,0.9828253822472602,0.9743589743589743,0.02564102564102564,3.4147111907678265,26.0
pp_quantile_fixed,HOUSEHOLD_2_338_WI_3,577.0352096921328,575.6691999535109,1.366009738621833,0.0,0.9862019218321026,0.9871794871794872,0.01282051282051282,7.3803743583783445,11.0
pp_quantile_fixed,HOUSEHOLD_2_342_CA_1,684.9143917431422,651.3040435592337,33.61034818390847,0.0,0.9188155840968394,0.9615384615384616,0.038461538461538464,8.350051840502996,46.0
pp_quantile_fixed,HOUSEHOLD_2_345_CA_1,562.9796264253198,562.9796264253198,0.0,0.0,1.0,1.0,0.0,7.217687518273331,40.0
pp_quantile_fixed,HOUSEHOLD_2_346_TX_3,859.7763304414304,859.7763304414304,0.0,0.0,1.0,1.0,0.0,11.022773467197826,86.0
pp_quantile_fixed,HOUSEHOLD_2_348_TX_1,885.3320448195574,807.1485555699743,78.18348924958313,0.0,0.8722492005725765,0.9230769230769231,0.07692307692307693,10.34805840474326,68.0
pp_quantile_fixed,HOUSEHOLD_2_354_TX_1,694.6664501394763,694.6664501394763,0.0,0.0,1.0,1.0,0.0,8.905980129993285,22.0
pp_quantile_fixed,HOUSEHOLD_2_354_TX_2,2191.638762924549,2191.638762924549,0.0,0.0,1.0,1.0,0.0,28.09793285800704,50.0
pp_quantile_fixed,HOUSEHOLD_2_355_CA_3,635.0429360345545,635.0429360345545,0.0,0.0,1.0,1.0,0.0,8.14157610300711,29.0
pp_quantile_fixed,HOUSEHOLD_2_355_TX_2,410.50294587666946,410.50294587666946,0.0,0.0,1.0,1.0,0.0,5.262858280470121,21.0
pp_quantile_fixed,HOUSEHOLD_2_358_CA_4,343.0626426503074,343.0626426503074,0.0,0.0,1.0,1.0,0.0,4.398239008337274,1.0
pp_quantile_fixed,HOUSEHOLD_2_358_WI_2,283.40867966630844,279.61523577555903,3.79344389074941,0.0,0.9736566396475735,0.9871794871794872,0.01282051282051282,3.58481071507127,16.0
pp_quantile_fixed,HOUSEHOLD_2_370_TX_2,378.02194824038236,362.260070307711,15.761877932671386,0.0,0.9238556621610078,0.9615384615384616,0.038461538461538464,4.644359875739885,23.0
pp_quantile_fixed,HOUSEHOLD_2_373_WI_3,289.30994873279025,289.30994873279025,0.0,0.0,1.0,1.0,0.0,3.7091019068306443,10.0
pp_quantile_fixed,HOUSEHOLD_2_382_TX_3,869.2707840499678,805.130030333811,64.14075371615685,0.0,0.8342616183045042,0.9358974358974359,0.0641025641025641,10.3221798760745,43.0
pp_quantile_fixed,HOUSEHOLD_2_385_WI_1,507.1982999727737,507.1982999727737,0.0,0.0,1.0,1.0,0.0,6.502542307343253,15.0
pp_quantile_fixed,HOUSEHOLD_2_392_CA_4,254.62731239249712,254.01094509275723,0.6163672997398857,0.0,0.9931514744473346,0.9871794871794872,0.01282051282051282,3.256550578112272,10.0
pp_quantile_fixed,HOUSEHOLD_2_396_TX_3,298.15491617973544,227.22919405436477,70.92572212537068,0.0,0.6247316289662928,0.8974358974358975,0.10256410256410256,2.913194795568779,21.0
pp_quantile_fixed,HOUSEHOLD_2_396_WI_2,264.14783357617046,264.14783357617046,0.0,0.0,1.0,1.0,0.0,3.3865106868739803,6.0
pp_quantile_fixed,HOUSEHOLD_2_397_WI_2,413.94746095125936,413.94746095125936,0.0,0.0,1.0,1.0,0.0,5.3070187301443505,4.0
pp_quantile_fixed,HOUSEHOLD_2_401_TX_3,814.3643355976473,751.3032910790236,63.06104451862373,0.0,0.9134965095766479,0.9615384615384616,0.038461538461538464,9.632093475372097,81.0
pp_quantile_fixed,HOUSEHOLD_2_405_CA_4,404.87475761600206,387.67148052825297,17.203277087749072,0.0,0.808852476802788,0.9743589743589743,0.02564102564102564,4.970147186259654,10.0
pp_quantile_fixed,HOUSEHOLD_2_412_CA_1,416.77520281998363,416.77520281998363,0.0,0.0,1.0,1.0,0.0,5.343271831025431,6.0
pp_quantile_fixed,HOUSEHOLD_2_417_TX_1,252.9449672160871,252.9449672160871,0.0,0.0,1.0,1.0,0.0,3.2428841950780396,5.0
pp_quantile_fixed,HOUSEHOLD_2_418_CA_2,766.0736041011014,766.0736041011014,0.0,0.0,1.0,1.0,0.0,9.821456462834634,21.0
pp_quantile_fixed,HOUSEHOLD_2_420_CA_3,950.5081849266014,841.0215421053692,109.4866428212322,0.0,0.6620782628974315,0.9102564102564102,0.08974358974358974,10.782327462889349,36.0
pp_quantile_fixed,HOUSEHOLD_2_424_CA_1,474.51799391322413,463.44421494553194,11.073778967692213,0.0,0.9440718233954939,0.9743589743589743,0.02564102564102564,5.9415924993016915,22.0
pp_quantile_fixed,HOUSEHOLD_2_424_CA_4,396.9637312922124,387.09427386953865,9.869457422673772,0.0,0.8903393619702914,0.9743589743589743,0.02564102564102564,4.962747100891521,10.0
pp_quantile_fixed,HOUSEHOLD_2_428_CA_4,338.2810226694788,338.2810226694788,0.0,0.0,1.0,1.0,0.0,4.336936188070241,0.0
pp_quantile_fixed,HOUSEHOLD_2_429_WI_3,257.313086013941,247.95256886234145,9.360517151599545,0.0,0.8959942538711161,0.9743589743589743,0.02564102564102564,3.1788790879787365,10.0
pp_quantile_fixed,HOUSEHOLD_2_432_TX_3,584.9200463106797,584.9200463106797,0.0,0.0,1.0,1.0,0.0,7.498974952701022,27.0
pp_quantile_fixed,HOUSEHOLD_2_436_CA_2,834.0860921725948,834.0860921725948,0.0,0.0,1.0,1.0,0.0,10.69341143811019,38.0
pp_quantile_fixed,HOUSEHOLD_2_440_TX_2,2227.1612703468836,2100.0156983027127,127.14557204417102,0.0,0.9051860014584854,0.9358974358974359,0.0641025641025641,26.92327818336811,149.0
pp_quantile_fixed,HOUSEHOLD_2_445_WI_2,318.87822190792303,318.87822190792303,0.0,0.0,1.0,1.0,0.0,4.08818233215286,2.0
pp_quantile_fixed,HOUSEHOLD_2_446_CA_3,508.1318362525155,508.1318362525155,0.0,0.0,1.0,1.0,0.0,6.514510721186096,13.0
pp_quantile_fixed,HOUSEHOLD_2_451_TX_1,822.9557542949437,735.1280676764959,87.82768661844784,0.0,0.9052560014903475,0.9358974358974359,0.0641025641025641,9.424718816365331,103.0
pp_quantile_fixed,HOUSEHOLD_2_451_WI_2,1075.4809128614113,974.6086194040988,100.8722934573124,0.0,0.8711720390072638,0.9102564102564102,0.08974358974358974,12.494982300052548,87.0
pp_quantile_fixed,HOUSEHOLD_2_459_WI_3,247.9301083814588,247.9301083814588,0.0,0.0,1.0,1.0,0.0,3.1785911330956256,8.0
pp_quantile_fixed,HOUSEHOLD_2_462_CA_4,378.63599857485264,378.63599857485264,0.0,0.0,1.0,1.0,0.0,4.854307674036572,11.0
pp_quantile_fixed,HOUSEHOLD_2_462_TX_2,253.81663980702308,247.94201903137434,5.87462077564875,0.0,0.9497895660200961,0.9871794871794872,0.01282051282051282,3.1787438337355685,13.0
pp_quantile_fixed,HOUSEHOLD_2_465_CA_1,929.189252011375,917.4290532688424,11.760198742532591,0.0,0.9851512642139739,0.9743589743589743,0.02564102564102564,11.761910939344133,88.0
pp_quantile_fixed,HOUSEHOLD_2_468_TX_2,546.7705585881006,484.9040340212875,61.86652456681305,0.0,0.8363319455904417,0.9230769230769231,0.07692307692307693,6.216718384888301,42.0
pp_quantile_fixed,HOUSEHOLD_2_470_WI_2,716.8101020378652,716.8101020378652,0.0,0.0,1.0,1.0,0.0,9.189873103049555,44.0
pp_quantile_fixed,HOUSEHOLD_2_475_CA_3,651.9714778547404,651.9714778547404,0.0,0.0,1.0,1.0,0.0,8.35860869044539,20.0
pp_quantile_fixed,HOUSEHOLD_2_476_WI_2,416.75683052163464,380.7962352942544,35.96059522738024,0.0,0.7897041214773085,0.9615384615384616,0.038461538461538464,4.882003016593005,19.0
pp_quantile_fixed,HOUSEHOLD_2_478_TX_2,281.20840630454086,276.54911696225207,4.659289342288763,0.0,0.9601770141684722,0.9871794871794872,0.01282051282051282,3.5455014995160523,13.0
pp_quantile_fixed,HOUSEHOLD_2_480_TX_1,490.7790614655996,490.7790614655996,0.0,0.0,1.0,1.0,0.0,6.29203924955897,15.0
pp_quantile_fixed,HOUSEHOLD_2_483_TX_1,1144.57488482606,1075.323039957727,69.25184486833322,0.0,0.9214831690835225,0.9487179487179487,0.05128205128205128,13.786192819970857,98.0
pp_quantile_fixed,HOUSEHOLD_2_488_WI_3,283.82565108709935,277.67315802752574,6.152493059573577,0.0,0.9511706900033844,0.9871794871794872,0.01282051282051282,3.5599122824041762,14.0
pp_quantile_fixed,HOUSEHOLD_2_490_WI_1,999.8654280575721,838.8798064989747,160.98562155859736,0.0,0.859155186737885,0.8974358974358975,0.10256410256410256,10.75486931408942,127.0
pp_quantile_fixed,HOUSEHOLD_2_491_TX_3,593.9656466147457,575.1560741887927,18.80957242595295,0.0,0.9464114745699346,0.9615384615384616,0.038461538461538464,7.373795822933239,39.0
pp_quantile_fixed,HOUSEHOLD_2_505_CA_4,319.8952636130051,319.8952636130051,0.0,0.0,1.0,1.0,0.0,4.10122132837186,9.0
pp_quantile_fixed,HOUSEHOLD_2_507_CA_1,966.637256754159,920.6048358324813,46.032420921677684,0.0,0.9236609934963886,0.9230769230769231,0.07692307692307693,11.802626100416427,67.0
pp_quantile_fixed,HOUSEHOLD_2_509_TX_1,402.60349083906254,402.60349083906254,0.0,0.0,1.0,1.0,0.0,5.161583215885417,36.0
pp_quantile_fixed,HOUSEHOLD_2_509_WI_1,317.21579800406096,316.6305213143078,0.5852766897531128,0.0,0.9918711570867623,0.9871794871794872,0.01282051282051282,4.059365657875741,8.0
pp_quantile_fixed,HOUSEHOLD_2_509_WI_2,285.09398273907885,285.09398273907885,0.0,0.0,1.0,1.0,0.0,3.655051060757421,14.0
pp_quantile_fixed,HOUSEHOLD_2_510_CA_2,729.4904836418718,718.7284890056541,10.761994636217718,0.0,0.9790214529508426,0.9743589743589743,0.02564102564102564,9.214467807764796,57.0
pp_quantile_calibrated,FOODS_1_008_CA_1,644.587349950451,644.587349950451,0.0,0.0,1.0,1.0,0.0,8.26394038398014,25.0
pp_quantile_calibrated,FOODS_1_010_CA_3,565.40515278426,496.7747867731962,68.63036601106387,0.0,0.826690994921556,0.9102564102564102,0.08974358974358974,6.368907522733284,44.0
pp_quantile_calibrated,FOODS_1_010_WI_3,1167.9459608921234,1035.2119151728377,132.7340457192857,0.0,0.7318504126883117,0.9230769230769231,0.07692307692307693,13.271947630420996,55.0
pp_quantile_calibrated,FOODS_1_013_WI_1,1275.7537312097322,1225.245914036046,50.50781717368612,0.0,0.955104162512279,0.9487179487179487,0.05128205128205128,15.708280949180079,125.0
pp_quantile_calibrated,FOODS_1_014_WI_3,1083.877088724928,1027.396900452216,56.480188272712084,0.0,0.9278669370718875,0.9615384615384616,0.038461538461538464,13.171755134002769,87.0
pp_quantile_calibrated,FOODS_1_022_WI_3,781.238427760942,781.238427760942,0.0,0.0,1.0,1.0,0.0,10.015877278986437,1.0
pp_quantile_calibrated,FOODS_1_024_TX_1,699.126151049846,654.0510088677273,45.07514218211871,0.0,0.9055028465783675,0.9102564102564102,0.08974358974358974,8.385269344458042,53.0
pp_quantile_calibrated,FOODS_1_025_TX_1,617.1076609771816,609.6656256271672,7.442035350014429,0.0,0.9812069814393575,0.9871794871794872,0.01282051282051282,7.816225969579066,44.0
pp_quantile_calibrated,FOODS_1_025_WI_1,1254.1668293587718,1186.654480420613,67.51234893815868,0.0,0.7726856938109135,0.9358974358974359,0.0641025641025641,15.213518979751449,33.0
pp_quantile_calibrated,FOODS_1_032_CA_2,2686.7171938966144,2317.113144005207,369.6040498914078,0.0,0.8916434916765149,0.8974358974358975,0.10256410256410256,29.706578769297522,379.0
pp_quantile_calibrated,FOODS_1_040_TX_1,934.3218846700963,887.039969598372,47.28191507172431,0.0,0.8718647288029151,0.9358974358974359,0.0641025641025641,11.37230730254323,41.0
pp_quantile_calibrated,FOODS_1_043_CA_3,24664.152341964575,24664.152341964575,0.0,0.0,1.0,1.0,0.0,316.2070813072381,42.0
pp_quantile_calibrated,FOODS_1_045_CA_3,1939.7347698469969,1931.5220503815121,8.212719465484646,0.0,0.9931389143980914,0.9871794871794872,0.01282051282051282,24.763103210019388,133.0
pp_quantile_calibrated,FOODS_1_045_WI_2,1053.6099142339783,986.8606158889695,66.74929834500873,0.0,0.9313278823611021,0.9615384615384616,0.038461538461538464,12.65205917806371,108.0
pp_quantile_calibrated,FOODS_1_046_WI_3,2919.0211428455477,2643.186082527075,275.8350603184725,0.0,0.886487629498571,0.8974358974358975,0.10256410256410256,33.887001058039424,270.0
pp_quantile_calibrated,FOODS_1_047_TX_2,1165.1570488633447,1152.8786986616703,12.2783502016744,0.0,0.9779957881690423,0.9743589743589743,0.02564102564102564,14.78049613668808,62.0
pp_quantile_calibrated,FOODS_1_054_CA_1,1004.1890843635254,694.12831079596,310.06077356756526,0.0,0.7429015144547552,0.8333333333333334,0.16666666666666666,8.899080907640514,134.0
pp_quantile_calibrated,FOODS_1_054_TX_3,568.7960890150022,510.96714900356375,57.8289400114384,0.0,0.816416063455751,0.9358974358974359,0.0641025641025641,6.550860884661073,35.0
pp_quantile_calibrated,FOODS_1_055_WI_2,1895.8212359671543,1595.7534349845841,300.06780098257,0.0,0.7548465678246977,0.8461538461538461,0.15384615384615385,20.458377371597233,136.0
pp_quantile_calibrated,FOODS_1_056_WI_1,1242.112540032877,1242.112540032877,0.0,0.0,1.0,1.0,0.0,15.924519744011244,1.0
pp_quantile_calibrated,FOODS_1_057_CA_2,2117.1418354388184,2117.1418354388184,0.0,0.0,1.0,1.0,0.0,27.142844044087415,3.0
pp_quantile_calibrated,FOODS_1_060_CA_4,582.5543951719807,582.5543951719807,0.0,0.0,1.0,1.0,0.0,7.46864609194847,39.0
pp_quantile_calibrated,FOODS_1_062_TX_2,609.3913733588242,554.1374666644087,55.25390669441548,0.0,0.8693761071054007,0.9487179487179487,0.05128205128205128,7.104326495697548,47.0
pp_quantile_calibrated,FOODS_1_064_WI_3,491.9692158363601,491.9692158363601,0.0,0.0,1.0,1.0,0.0,6.307297638927693,18.0
pp_quantile_calibrated,FOODS_1_066_WI_1,1232.803134287612,1095.4141403371311,137.38899395048094,0.0,0.9091342632602639,0.8974358974358975,0.10256410256410256,14.043771029963219,168.0
pp_quantile_calibrated,FOODS_1_069_CA_3,2882.166538180919,2272.3704709484527,609.7960672324664,0.0,0.7908792636377001,0.8461538461538461,0.15384615384615385,29.132954755749395,324.0
pp_quantile_calibrated,FOODS_1_078_TX_2,878.7302932852103,839.7497271731618,38.98056611204862,0.0,0.8992750229662826,0.9487179487179487,0.05128205128205128,10.766022143245664,43.0
pp_quantile_calibrated,FOODS_1_081_WI_1,787.3195818214011,706.1837781833817,81.1358036380194,0.0,0.8654464284609961,0.9487179487179487,0.05128205128205128,9.053638181838227,67.0
pp_quantile_calibrated,FOODS_1_083_WI_3,2433.1141873485058,2402.3147920564925,30.799395292013166,0.0,0.9628026626908053,0.9487179487179487,0.05128205128205128,30.798907590467852,92.0
pp_quantile_calibrated,FOODS_1_085_CA_4,2956.220614735892,2442.9295712615976,513.2910434742946,0.0,0.9175833263528751,0.8461538461538461,0.15384615384615385,31.3196098879692,692.0
pp_quantile_calibrated,FOODS_1_086_CA_2,1708.9206038525297,1536.4913719529952,172.4292318995344,0.0,0.9017497254133708,0.9230769230769231,0.07692307692307693,19.69860733273071,195.0
pp_quantile_calibrated,FOODS_1_086_WI_2,1619.7152650699325,1070.7650698372886,548.9501952326439,0.0,0.7589151536088521,0.7692307692307693,0.23076923076923078,13.727757305606264,253.0
pp_quantile_calibrated,FOODS_1_089_CA_1,868.0075986448855,866.0591241513893,1.948474493496306,0.0,0.9932344635642489,0.9871794871794872,0.01282051282051282,11.10332210450499,32.0
pp_quantile_calibrated,FOODS_1_091_TX_3,801.9902278433406,801.9902278433406,0.0,0.0,1.0,1.0,0.0,10.281925997991546,4.0
pp_quantile_calibrated,FOODS_1_094_WI_1,578.2736659832883,473.7053863184012,104.56827966488711,0.0,0.8239591251432877,0.8974358974358975,0.10256410256410256,6.073145978441041,66.0
pp_quantile_calibrated,FOODS_1_098_CA_2,603.7392729652796,603.7392729652796,0.0,0.0,1.0,1.0,0.0,7.740247089298457,13.0
pp_quantile_calibrated,FOODS_1_098_TX_1,504.87449622944405,394.1676108823383,110.70688534710578,0.0,0.7915124569734355,0.9102564102564102,0.08974358974358974,5.053430908747927,59.0
pp_quantile_calibrated,FOODS_1_099_CA_2,4448.679746494915,3288.3474332305896,1160.3323132643256,0.0,0.8092813423299925,0.782051282051282,0.21794871794871795,42.1583004260332,676.0
pp_quantile_calibrated,FOODS_1_099_TX_1,3903.96402552461,2990.9849910372177,912.9790344873924,0.0,0.7451203142134583,0.7692307692307693,0.23076923076923078,38.34596142355407,398.0
pp_quantile_calibrated,FOODS_1_101_CA_1,3445.242052966841,3445.242052966841,0.0,0.0,1.0,1.0,0.0,44.169769909831295,0.0
pp_quantile_calibrated,FOODS_1_102_TX_2,710.15309224247,618.6471541198141,91.50593812265596,0.0,0.8504804932636342,0.8846153846153846,0.11538461538461539,7.9313737707668475,68.0
pp_quantile_calibrated,FOODS_1_106_CA_1,1010.6855170822803,874.3776940302737,136.30782305200665,0.0,0.8610521681427047,0.8846153846153846,0.11538461538461539,11.20997043628556,109.0
pp_quantile_calibrated,FOODS_1_107_TX_2,646.1448335852486,646.1448335852486,0.0,0.0,1.0,1.0,0.0,8.283908122887803,28.0
pp_quantile_calibrated,FOODS_1_111_WI_2,552.2671558380506,552.2671558380506,0.0,0.0,1.0,1.0,0.0,7.080348151769879,9.0
pp_quantile_calibrated,FOODS_1_119_WI_1,859.841783272153,646.7650011328666,213.0767821392863,0.0,0.6300750310081835,0.8076923076923077,0.19230769230769232,8.291858988882906,64.0
pp_quantile_calibrated,FOODS_1_122_WI_3,1126.255156235302,947.7304007684501,178.52475546685187,0.0,0.8036031292993929,0.8205128205128205,0.1794871794871795,12.150389753441667,101.0
pp_quantile_calibrated,FOODS_1_131_CA_1,695.1355637533617,654.6172555847899,40.518308168571785,0.0,0.922378719983579,0.9230769230769231,0.07692307692307693,8.392528917753717,58.0
pp_quantile_calibrated,FOODS_1_132_WI_3,506.33232062784066,435.1866804245238,71.14564020331686,0.0,0.8508477144584553,0.9230769230769231,0.07692307692307693,5.579316415699023,53.0
pp_quantile_calibrated,FOODS_1_134_CA_2,434.0568200431315,371.2101924973862,62.846627545745335,0.0,0.8925698674431704,0.9358974358974359,0.0641025641025641,4.7591050320177715,65.0
pp_quantile_calibrated,FOODS_1_139_TX_3,1444.5528451275943,848.1422231031944,596.4106220243999,0.0,0.6437212532709679,0.7307692307692307,0.2692307692307692,10.873618244912748,186.0
pp_quantile_calibrated,FOODS_1_143_CA_1,2048.9596708618506,1683.559670861851,365.3999999999997,0.0,0.6725806451612906,0.8461538461538461,0.15384615384615385,21.584098344382703,124.0
pp_quantile_calibrated,FOODS_1_143_WI_2,1319.7687884831407,1319.7687884831407,0.0,0.0,1.0,1.0,0.0,16.92011267286078,34.0
pp_quantile_calibrated,FOODS_1_147_TX_2,440.67806111133126,413.93501776626584,26.743043345065438,0.0,0.915101449698205,0.9615384615384616,0.038461538461538464,5.306859202131613,35.0
pp_quantile_calibrated,FOODS_1_149_CA_3,1156.2195936588166,1109.2983196830994,46.92127397571722,0.0,0.960202481784803,0.9487179487179487,0.05128205128205128,14.221773329270505,131.0
pp_quantile_calibrated,FOODS_1_156_TX_3,602.4063117248635,540.3887297874634,62.017581937400095,0.0,0.8564407825523146,0.9358974358974359,0.0641025641025641,6.9280606383008125,48.0
pp_quantile_calibrated,FOODS_1_159_CA_4,944.6418941449513,944.6418941449513,0.0,0.0,1.0,1.0,0.0,12.110793514678862,14.0
pp_quantile_calibrated,FOODS_1_161_CA_4,5849.414660262204,5365.043633930536,484.3710263316675,0.0,0.8269485436471355,0.8333333333333334,0.16666666666666666,68.78261069141713,311.0
pp_quantile_calibrated,FOODS_1_161_WI_3,3379.4422445955342,2764.73861027412,614.7036343214141,0.0,0.8600401561198966,0.8461538461538461,0.15384615384615385,35.445366798386154,488.0
pp_quantile_calibrated,FOODS_1_168_WI_1,669.67131755327,633.047618457738,36.62369909553195,0.0,0.8728343781405141,0.9487179487179487,0.05128205128205128,8.11599510843254,32.0
pp_quantile_calibrated,FOODS_1_174_TX_2,455.7680983974772,446.7680983974772,9.0,0.0,0.9696969696969697,0.9871794871794872,0.01282051282051282,5.72779613330099,33.0
pp_quantile_calibrated,FOODS_1_175_CA_3,1096.9250299166922,1048.1922084763996,48.73282144029264,0.0,0.9355385959784489,0.9487179487179487,0.05128205128205128,13.438361647133329,84.0
pp_quantile_calibrated,FOODS_1_183_CA_2,1406.2450132602787,1330.3027865131444,75.94222674713424,0.0,0.9392947827760717,0.9358974358974359,0.0641025641025641,17.0551639296557,139.0
pp_quantile_calibrated,FOODS_1_183_CA_4,837.3011621238734,738.6270114008261,98.67415072304726,0.0,0.8795187414859008,0.9230769230769231,0.07692307692307693,9.46957706924136,91.0
pp_quantile_calibrated,FOODS_1_185_WI_1,1343.547568732679,1036.4262236182078,307.12134511447135,0.0,0.7270032487871366,0.8333333333333334,0.16666666666666666,13.28751568741292,125.0
pp_quantile_calibrated,FOODS_1_191_TX_1,316.2519089522291,296.68903525654986,19.56287369567923,0.0,0.9456586841786688,0.9615384615384616,0.038461538461538464,3.8037055802121778,40.0
pp_quantile_calibrated,FOODS_1_192_CA_4,1756.4441920356728,1738.4441920356728,18.0,0.0,0.3333333333333333,0.9743589743589743,0.02564102564102564,22.287746051739393,3.0
pp_quantile_calibrated,FOODS_1_203_WI_1,900.5743534671375,894.159491797929,6.414861669208502,0.0,0.9868006961538919,0.9871794871794872,0.01282051282051282,11.463583228178578,54.0
pp_quantile_calibrated,FOODS_1_207_CA_4,679.4101907511508,447.84172623198623,231.5684645191646,0.0,0.745249213950314,0.8076923076923077,0.19230769230769232,5.741560592717772,101.0
pp_quantile_calibrated,FOODS_1_208_WI_3,962.4451350093498,826.628621689864,135.81651331948578,0.0,0.8181840517811435,0.9102564102564102,0.08974358974358974,10.597802842177742,83.0
pp_quantile_calibrated,FOODS_1_209_CA_4,1180.3437719768385,1180.3437719768385,0.0,0.0,1.0,1.0,0.0,15.13261246124152,1.0
pp_quantile_calibrated,FOODS_1_214_TX_3,893.3472189692538,893.3472189692538,0.0,0.0,1.0,1.0,0.0,11.453169473964794,19.0
pp_quantile_calibrated,FOODS_1_215_CA_1,1775.333485225799,1614.1582396778108,161.17524554798825,0.0,0.8357031136106134,0.9230769230769231,0.07692307692307693,20.694336406125778,109.0
pp_quantile_calibrated,FOODS_2_001_TX_1,920.9950493318438,817.2407479613955,103.75430137044822,0.0,0.864373462260852,0.9358974358974359,0.0641025641025641,10.477445486684559,85.0
pp_quantile_calibrated,FOODS_2_002_CA_3,772.3386993268017,689.6913022492191,82.64739707758255,0.0,0.8979661764474289,0.9102564102564102,0.08974358974358974,8.842196182682297,90.0
pp_quantile_calibrated,FOODS_2_004_CA_1,719.5213212330877,598.8433016446018,120.67801958848605,0.0,0.8758456588595822,0.8974358974358975,0.10256410256410256,7.677478226212843,108.0
pp_quantile_calibrated,FOODS_2_009_CA_1,902.6754240006136,897.1102321061943,5.565191894419289,0.0,0.991969420065773,0.9871794871794872,0.01282051282051282,11.501413232130696,77.0
pp_quantile_calibrated,FOODS_2_009_WI_1,1554.673897824015,1368.3739778465224,186.29991997749255,0.0,0.857241440630274,0.8974358974358975,0.10256410256410256,17.543256126237466,145.0
pp_quantile_calibrated,FOODS_2_012_CA_3,723.6937984369392,723.6937984369392,0.0,0.0,1.0,1.0,0.0,9.278125620986401,28.0
pp_quantile_calibrated,FOODS_2_014_CA_3,975.3471287503495,869.8511403096406,105.49598844070884,0.0,0.8803900357815092,0.8846153846153846,0.11538461538461539,11.151937696277445,98.0
pp_quantile_calibrated,FOODS_2_014_TX_1,555.7066015329603,521.8922028327818,33.81439870017862,0.0,0.8704429168575532,0.9615384615384616,0.038461538461538464,6.6909256773433565,29.0
pp_quantile_calibrated,FOODS_2_015_CA_1,908.8914652189771,878.1052781202012,30.78618709877592,0.0,0.943923156468532,0.9743589743589743,0.02564102564102564,11.257759975900015,61.0
pp_quantile_calibrated,FOODS_2_017_WI_1,416.05845572757863,390.4148303769098,25.643625350668863,0.0,0.9366824065415583,0.9615384615384616,0.038461538461538464,5.00531833816551,45.0
pp_quantile_calibrated,FOODS_2_017_WI_3,496.29084432585483,496.29084432585483,0.0,0.0,1.0,1.0,0.0,6.362703132382754,2.0
pp_quantile_calibrated,FOODS_2_024_CA_4,740.4406372569298,684.6151522989933,55.82548495793654,0.0,0.9030807552813602,0.9358974358974359,0.0641025641025641,8.777117337166581,64.0
pp_quantile_calibrated,FOODS_2_024_TX_2,1109.6152510268118,1054.973254657169,54.64199636964291,0.0,0.8359099208118831,0.9487179487179487,0.05128205128205128,13.525298136630372,37.0
pp_quantile_calibrated,FOODS_2_029_TX_3,2463.653513133403,1940.7183074983293,522.9352056350737,0.0,0.788713048228253,0.8589743589743589,0.14102564102564102,24.881003942286274,275.0
pp_quantile_calibrated,FOODS_2_031_TX_1,2138.0278474387783,2138.0278474387783,0.0,0.0,1.0,1.0,0.0,27.410613428702284,9.0
pp_quantile_calibrated,FOODS_2_034_WI_3,1195.1478568243583,1159.0685672832171,36.079289541141065,0.0,0.9559471434174102,0.9743589743589743,0.02564102564102564,14.859853426707913,91.0
pp_quantile_calibrated,FOODS_2_043_TX_2,953.2157866152961,928.9513064997124,24.264480115583783,0.0,0.9037123804937152,0.9743589743589743,0.02564102564102564,11.909632134611696,28.0
pp_quantile_calibrated,FOODS_2_045_TX_1,972.758538632707,972.758538632707,0.0,0.0,1.0,1.0,0.0,12.471263315803936,16.0
pp_quantile_calibrated,FOODS_2_046_CA_3,582.3069818129518,569.3380769685494,12.968904844402381,0.0,0.9241584512023252,0.9743589743589743,0.02564102564102564,7.299206114981403,19.0
pp_quantile_calibrated,FOODS_2_047_CA_4,796.8640627162304,672.620072551336,124.24399016489434,0.0,0.8108919479986388,0.8717948717948718,0.1282051282051282,8.623334263478666,73.0
pp_quantile_calibrated,FOODS_2_047_WI_3,880.1072718896638,803.0840479852109,77.02322390445292,0.0,0.882765260419402,0.9487179487179487,0.05128205128205128,10.29594933314373,73.0
pp_quantile_calibrated,FOODS_2_051_WI_3,893.1473196704349,747.2319038167564,145.91541585367855,0.0,0.7809077840034856,0.8846153846153846,0.11538461538461539,9.579896202778928,74.0
pp_quantile_calibrated,FOODS_2_055_TX_1,853.6709603587909,735.368008085595,118.30295227319597,0.0,0.8616339739494784,0.9230769230769231,0.07692307692307693,9.427794975456345,95.0
pp_quantile_calibrated,FOODS_2_067_CA_2,3483.661841604898,3483.661841604898,0.0,0.0,1.0,1.0,0.0,44.6623313026269,15.0
pp_quantile_calibrated,FOODS_2_067_WI_3,1504.0771842156796,1504.0771842156796,0.0,0.0,1.0,1.0,0.0,19.283040823277943,0.0
pp_quantile_calibrated,FOODS_2_082_TX_3,1502.4716879373636,1239.2913006010638,263.1803873363,0.0,0.8552363105960946,0.8589743589743589,0.14102564102564102,15.888350007705945,202.0
pp_quantile_calibrated,FOODS_2_084_WI_1,804.5928571449307,748.1290600536744,56.46379709125627,0.0,0.9103749252519742,0.9615384615384616,0.038461538461538464,9.591398205816338,70.0
pp_quantile_calibrated,FOODS_2_085_TX_2,574.7482901850535,555.4882917245687,19.259998460484816,0.0,0.9421621667853307,0.9615384615384616,0.038461538461538464,7.1216447656996,37.0
pp_quantile_calibrated,FOODS_2_087_WI_3,710.1038286155675,710.1038286155675,0.0,0.0,1.0,1.0,0.0,9.103895238661122,18.0
pp_quantile_calibrated,FOODS_2_100_WI_3,1324.5647845320682,1121.329101836431,203.2356826956372,0.0,0.8363641846250908,0.8974358974358975,0.10256410256410256,14.376014126108089,138.0
pp_quantile_calibrated,FOODS_2_101_WI_1,911.3338323590024,879.7675738734335,31.566258485568806,0.0,0.9626876377239141,0.9615384615384616,0.038461538461538464,11.279071459915814,94.0
pp_quantile_calibrated,FOODS_2_104_CA_2,698.3044534777133,694.8041712690601,3.5002822086531538,0.0,0.99401661160914,0.9871794871794872,0.01282051282051282,8.90774578550077,65.0
pp_quantile_calibrated,FOODS_2_105_TX_3,793.9610269069955,774.0001997119884,19.960827195007038,0.0,0.9581534021069034,0.9743589743589743,0.02564102564102564,9.923079483487031,53.0
pp_quantile_calibrated,FOODS_2_107_CA_1,756.387762407497,706.154550680292,50.233211727204974,0.0,0.9327533979555489,0.9487179487179487,0.05128205128205128,9.053263470260154,83.0
pp_quantile_calibrated,FOODS_2_107_CA_3,1839.231003054807,1547.3533839361917,291.8776191186153,0.0,0.7274718775736552,0.8589743589743589,0.14102564102564102,19.837863896617844,119.0
pp_quantile_calibrated,FOODS_2_108_TX_1,558.4228261267506,539.7405691784393,18.682256948311306,0.0,0.9505760398192823,0.9615384615384616,0.038461538461538464,6.919750886903068,42.0
pp_quantile_calibrated,FOODS_2_108_WI_2,1135.0118463682072,911.3269226147211,223.68492375348612,0.0,0.8198994172677244,0.8846153846153846,0.11538461538461539,11.683678495060526,138.0
pp_quantile_calibrated,FOODS_2_116_TX_3,1544.2207109676274,1387.2241271523658,156.9965838152617,0.0,0.770472830679442,0.8974358974358975,0.10256410256410256,17.78492470708161,76.0
pp_quantile_calibrated,FOODS_2_117_WI_2,2715.0248190110888,2496.875441568585,218.1493774425037,0.0,0.8922719123740722,0.9358974358974359,0.0641025641025641,32.01122360985365,225.0
pp_quantile_calibrated,FOODS_2_118_CA_2,440.4850345438276,411.7273135872712,28.75772095655639,0.0,0.9180691710639419,0.9487179487179487,0.05128205128205128,5.278555302400913,39.0
pp_quantile_calibrated,FOODS_2_118_CA_4,478.5610076139533,331.9100900153704,146.6509175985829,0.0,0.6866433384645665,0.8461538461538461,0.15384615384615385,4.25525756429962,52.0
pp_quantile_calibrated,FOODS_2_124_CA_4,624.0642569849556,624.0642569849556,0.0,0.0,1.0,1.0,0.0,8.000823807499431,21.0
pp_quantile_calibrated,FOODS_2_124_WI_2,779.6234627109989,779.6234627109989,0.0,0.0,1.0,1.0,0.0,9.995172598858959,18.0
pp_quantile_calibrated,FOODS_2_128_TX_3,13519.0,12682.0,837.0,0.0,0.7190332326283988,0.8461538461538461,0.15384615384615385,162.5897435897436,331.0
pp_quantile_calibrated,FOODS_2_129_TX_2,429.44852107844457,429.44852107844457,0.0,0.0,1.0,1.0,0.0,5.505750270236469,16.0
pp_quantile_calibrated,FOODS_2_130_WI_2,1948.455985539214,1763.2016470819808,185.2543384572331,0.0,0.905578828513133,0.8589743589743589,0.14102564102564102,22.605149321563857,218.0
pp_quantile_calibrated,FOODS_2_132_TX_2,554.1619409245048,554.1619409245048,0.0,0.0,1.0,1.0,0.0,7.104640268262883,0.0
pp_quantile_calibrated,FOODS_2_133_TX_2,724.9412685259492,636.060073917581,88.88119460836822,0.0,0.8136662586826662,0.9102564102564102,0.08974358974358974,8.15461633227668,53.0
pp_quantile_calibrated,FOODS_2_133_TX_3,558.640856063652,365.4178130253031,193.2230430383489,0.0,0.6421795499289834,0.8205128205128205,0.1794871794871795,4.684843756734655,60.0
pp_quantile_calibrated,FOODS_2_141_CA_3,979.9645705856481,857.2985442175602,122.66602636808787,0.0,0.8967457690504311,0.8974358974358975,0.10256410256410256,10.991006977148208,132.0
pp_quantile_calibrated,FOODS_2_146_WI_1,905.2448924706598,815.6748810895074,89.57001138115248,0.0,0.914204969941425,0.9358974358974359,0.0641025641025641,10.4573702703783,116.0
pp_quantile_calibrated,FOODS_2_148_CA_2,1159.8832949931677,1087.8832949931677,72.0,0.0,0.8620689655172413,0.9615384615384616,0.038461538461538464,13.947221730681637,58.0
pp_quantile_calibrated,FOODS_2_149_TX_1,1753.4903720246407,1372.0285375221101,381.4618345025305,0.0,0.8350791895795372,0.8461538461538461,0.15384615384615385,17.590109455411667,257.0
pp_quantile_calibrated,FOODS_2_155_CA_4,1185.1346205945738,1185.1346205945738,0.0,0.0,1.0,1.0,0.0,15.19403359736633,10.0
pp_quantile_calibrated,FOODS_2_159_CA_1,487.64888048448927,487.64888048448927,0.0,0.0,1.0,1.0,0.0,6.251908724160119,30.0
pp_quantile_calibrated,FOODS_2_163_TX_3,1153.1502131561135,981.5836421735016,171.56657098261198,0.0,0.7423925360621442,0.8846153846153846,0.11538461538461539,12.584405668891046,74.0
pp_quantile_calibrated,FOODS_2_165_CA_4,604.1024392502059,604.1024392502059,0.0,0.0,1.0,1.0,0.0,7.744903067310331,10.0
pp_quantile_calibrated,FOODS_2_165_TX_1,386.1229051607732,386.1229051607732,0.0,0.0,1.0,1.0,0.0,4.950293655907349,4.0
pp_quantile_calibrated,FOODS_2_166_TX_2,2457.2489138503643,2457.2489138503643,0.0,0.0,1.0,1.0,0.0,31.5031912032098,11.0
pp_quantile_calibrated,FOODS_2_169_TX_3,433.3485809600052,419.72672988267476,13.62185107733046,0.0,0.8990973994271818,0.9743589743589743,0.02564102564102564,5.381111921572753,15.0
pp_quantile_calibrated,FOODS_2_172_CA_2,697.3789120244678,525.1123591473965,172.26655287707126,0.0,0.8123458029661532,0.9102564102564102,0.08974358974358974,6.73220973265893,102.0
pp_quantile_calibrated,FOODS_2_176_WI_3,672.6398692875784,672.6398692875784,0.0,0.0,1.0,1.0,0.0,8.623588067789468,16.0
pp_quantile_calibrated,FOODS_2_177_WI_1,929.114916312549,918.0917725425545,11.023143769994533,0.0,0.9739405584633699,0.9743589743589743,0.02564102564102564,11.770407340289161,47.0
pp_quantile_calibrated,FOODS_2_182_TX_3,767.4732234388673,767.4732234388673,0.0,0.0,1.0,1.0,0.0,9.8394003004983,31.0
pp_quantile_calibrated,FOODS_2_183_CA_4,1288.4126856901903,954.6860364460462,333.7266492441442,0.0,0.8359259344915712,0.8461538461538461,0.15384615384615385,12.239564569821104,226.0
pp_quantile_calibrated,FOODS_2_186_TX_1,515.2022036196979,479.74296359048253,35.45924002921539,0.0,0.8963180116104814,0.9615384615384616,0.038461538461538464,6.150550815262597,38.0
pp_quantile_calibrated,FOODS_2_187_CA_1,455.89569787673736,450.5140775723397,5.381620304397623,0.0,0.9875425455916722,0.9871794871794872,0.01282051282051282,5.775821507337689,48.0
pp_quantile_calibrated,FOODS_2_192_CA_2,1196.6777192800505,1196.6777192800505,0.0,0.0,1.0,1.0,0.0,15.34202204205193,116.0
pp_quantile_calibrated,FOODS_2_192_TX_1,1333.7048958675598,1333.7048958675598,0.0,0.0,1.0,1.0,0.0,17.098780716250765,20.0
pp_quantile_calibrated,FOODS_2_198_CA_4,532.3066987875525,489.0713664812355,43.23533230631694,0.0,0.7598037094093504,0.9487179487179487,0.05128205128205128,6.270145724118404,20.0
pp_quantile_calibrated,FOODS_2_200_TX_1,969.5051174436327,920.2893604827692,49.215756960863466,0.0,0.8177194186634686,0.9487179487179487,0.05128205128205128,11.798581544650887,30.0
pp_quantile_calibrated,FOODS_2_201_WI_3,783.0776108759252,634.1877544159273,148.88985645999784,0.0,0.86658615012545,0.8461538461538461,0.15384615384615385,8.130612236101632,124.0
pp_quantile_calibrated,FOODS_2_202_WI_3,614.8292869705996,584.0779739390165,30.751313031583056,0.0,0.9378761352897312,0.9615384615384616,0.038461538461538464,7.488179153064314,55.0
pp_quantile_calibrated,FOODS_2_204_CA_4,1210.750210617469,1094.496635623061,116.25357499440813,0.0,0.9231127149507883,0.9230769230769231,0.07692307692307693,14.0320081490136,168.0
pp_quantile_calibrated,FOODS_2_206_CA_3,1781.678046178807,1713.6962775327738,67.98176864603334,0.0,0.9580359452802264,0.9743589743589743,0.02564102564102564,21.970465096574024,180.0
pp_quantile_calibrated,FOODS_2_207_CA_3,439.35630697335984,439.35630697335984,0.0,0.0,1.0,1.0,0.0,5.632773166325126,13.0
pp_quantile_calibrated,FOODS_2_208_TX_1,977.4353839344767,958.2673272736424,19.168056660834274,0.0,0.9838652721710148,0.9871794871794872,0.01282051282051282,12.285478554790288,132.0
pp_quantile_calibrated,FOODS_2_212_CA_2,1023.787557427223,952.0838400291545,71.70371739806836,0.0,0.9294948698150753,0.9358974358974359,0.0641025641025641,12.206203077296854,113.0
pp_quantile_calibrated,FOODS_2_214_CA_3,953.1767869098936,953.1767869098936,0.0,0.0,1.0,1.0,0.0,12.220215216793507,36.0
pp_quantile_calibrated,FOODS_2_218_CA_4,623.3349812226745,560.9835261965995,62.35145502607498,0.0,0.8586134806664967,0.9358974358974359,0.0641025641025641,7.192096489699994,49.0
pp_quantile_calibrated,FOODS_2_219_TX_1,827.8711363408763,781.2197673735609,46.65136896731543,0.0,0.8635924883996625,0.9487179487179487,0.05128205128205128,10.01563804325078,38.0
pp_quantile_calibrated,FOODS_2_224_TX_2,521.8527731461551,468.62510113189455,53.22767201426055,0.0,0.8884115890686362,0.9230769230769231,0.07692307692307693,6.008014117075571,53.0
pp_quantile_calibrated,FOODS_2_231_CA_1,1496.912569511575,1496.912569511575,0.0,0.0,1.0,1.0,0.0,19.191186788609937,40.0
pp_quantile_calibrated,FOODS_2_234_WI_3,634.0799743700312,634.0799743700312,0.0,0.0,1.0,1.0,0.0,8.129230440641425,16.0
pp_quantile_calibrated,FOODS_2_235_CA_2,1554.8219278193196,1522.9919388716264,31.82998894769311,0.0,0.958392171310205,0.9871794871794872,0.01282051282051282,19.525537677841363,85.0
pp_quantile_calibrated,FOODS_2_241_CA_3,4116.7412303320525,3318.9651686562092,797.7760616758433,0.0,0.8902948210016718,0.8461538461538461,0.15384615384615385,42.55083549559242,808.0
pp_quantile_calibrated,FOODS_2_241_WI_3,2341.6520868832,2095.951112771321,245.70097411187925,0.0,0.900364568486667,0.8974358974358975,0.10256410256410256,26.871168112452832,274.0
pp_quantile_calibrated,FOODS_2_242_CA_3,1885.459715414108,1864.664892877328,20.794822536779918,0.0,0.9799083840224349,0.9615384615384616,0.038461538461538464,23.905960165093948,115.0
pp_quantile_calibrated,FOODS_2_242_WI_1,1592.9475781522929,1149.736166439197,443.211411713096,0.0,0.7153427028175362,0.8717948717948718,0.1282051282051282,14.740207262040986,173.0
pp_quantile_calibrated,FOODS_2_250_WI_2,1626.1255529,1586.354434807051,39.77111809294909,0.0,0.9251014725179867,0.9487179487179487,0.05128205128205128,20.337877369321166,59.0
pp_quantile_calibrated,FOODS_2_253_CA_1,713.5509088901599,560.572166183926,152.97874270623396,0.0,0.8191740629949954,0.8589743589743589,0.14102564102564102,7.186822643383667,94.0
pp_quantile_calibrated,FOODS_2_254_TX_3,904.6394329915073,832.1273007688308,72.51213222267653,0.0,0.8420214984255414,0.9358974358974359,0.0641025641025641,10.668298727805523,51.0
pp_quantile_calibrated,FOODS_2_254_WI_1,441.6566498363924,365.08548685732154,76.5711629790708,0.0,0.6848923334194618,0.9358974358974359,0.0641025641025641,4.680583164837456,27.0
pp_quantile_calibrated,FOODS_2_255_TX_2,8634.40000000007,8634.40000000007,0.0,0.0,1.0,1.0,0.0,110.6974358974368,62.0
pp_quantile_calibrated,FOODS_2_261_WI_2,984.7896615615884,959.8212154056425,24.968446155945873,0.0,0.968828406796572,0.9743589743589743,0.02564102564102564,12.305400197508238,89.0
pp_quantile_calibrated,FOODS_2_270_CA_3,838.0,838.0,0.0,0.0,1.0,1.0,0.0,10.743589743589743,18.0
pp_quantile_calibrated,FOODS_2_270_WI_2,753.6902415754446,739.290241575445,14.399999999999693,0.0,0.9542857142857153,0.9871794871794872,0.01282051282051282,9.478080020198012,35.0
pp_quantile_calibrated,FOODS_2_271_WI_2,310.9270081820773,308.43445055884047,2.492557623236868,0.0,0.9786960886902831,0.9871794871794872,0.01282051282051282,3.954287827677442,13.0
pp_quantile_calibrated,FOODS_2_273_TX_3,451.8586597995175,443.08861722619696,8.770042573320561,0.0,0.9390969265741628,0.9871794871794872,0.01282051282051282,5.6806232977717555,16.0
pp_quantile_calibrated,FOODS_2_274_CA_3,2116.6408711533345,1877.1740199677458,239.46685118558855,0.0,0.8948323007529255,0.8974358974358975,0.10256410256410256,24.066333589330075,253.0
pp_quantile_calibrated,FOODS_2_274_TX_2,2051.1209749571262,2051.1209749571262,0.0,0.0,1.0,1.0,0.0,26.296422755860593,136.0
pp_quantile_calibrated,FOODS_2_278_CA_4,672.2827008668758,562.5408785716406,109.74182229523514,0.0,0.796774403156972,0.9230769230769231,0.07692307692307693,7.212062545790265,60.0
pp_quantile_calibrated,FOODS_2_284_TX_3,582.9971942976211,557.4589360761321,25.538258221489073,0.0,0.8864966301267152,0.9615384615384616,0.038461538461538464,7.1469094368734885,25.0
pp_quantile_calibrated,FOODS_2_284_WI_2,526.3226883312607,448.14615826911563,78.17653006214508,0.0,0.8361079034336582,0.9358974358974359,0.0641025641025641,5.745463567552765,53.0
pp_quantile_calibrated,FOODS_2_290_WI_1,1000.5039942021231,801.6499653817799,198.85402882034322,0.0,0.8421793422060768,0.8846153846153846,0.11538461538461539,10.277563658740767,140.0
pp_quantile_calibrated,FOODS_2_298_TX_2,944.6352113652922,907.5779416600997,37.05726970519257,0.0,0.8995737948368765,0.9487179487179487,0.05128205128205128,11.635614636667944,41.0
pp_quantile_calibrated,FOODS_2_306_TX_1,465.3790495810903,426.54409994020716,38.83494964088315,0.0,0.9101042832386965,0.9487179487179487,0.05128205128205128,5.468514101797528,48.0
pp_quantile_calibrated,FOODS_2_309_TX_2,1275.263723242809,1239.263723242809,36.0,0.0,0.9285714285714286,0.9615384615384616,0.038461538461538464,15.887996451830885,56.0
pp_quantile_calibrated,FOODS_2_311_WI_3,795.3478447754559,684.7914097767731,110.55643499868282,0.0,0.8650104578770662,0.8974358974358975,0.10256410256410256,8.779377048420168,91.0
pp_quantile_calibrated,FOODS_2_312_CA_1,634.6386551110099,634.6386551110099,0.0,0.0,1.0,1.0,0.0,8.136393014243717,31.0
pp_quantile_calibrated,FOODS_2_312_TX_2,845.3290351820008,777.2721038937849,68.05693128821582,0.0,0.8934946302218845,0.9102564102564102,0.08974358974358974,9.965026972997242,71.0
pp_quantile_calibrated,FOODS_2_313_CA_4,699.317387417632,699.317387417632,0.0,0.0,1.0,1.0,0.0,8.965607530995282,2.0
pp_quantile_calibrated,FOODS_2_321_WI_1,411.69326892469485,332.159760425152,79.53350849954285,0.0,0.8700432867654528,0.8974358974358975,0.10256410256410256,4.258458466989128,68.0
pp_quantile_calibrated,FOODS_2_325_WI_3,3581.3043595606405,2471.48971742818,1109.8146421324607,0.0,0.759624292368971,0.782051282051282,0.21794871794871795,31.68576560805359,513.0
pp_quantile_calibrated,FOODS_2_326_WI_1,3382.389835920361,2672.414515315551,709.97532060481,0.0,0.8477101414404097,0.8717948717948718,0.1282051282051282,34.261724555327575,518.0
pp_quantile_calibrated,FOODS_2_329_TX_3,436.62711718206657,421.89628444401814,14.730832738048422,0.0,0.9138547793096584,0.9871794871794872,0.01282051282051282,5.408926723641258,19.0
pp_quantile_calibrated,FOODS_2_332_TX_2,607.2847872528562,595.6522262543066,11.63256099854964,0.0,0.9719020265735516,0.9743589743589743,0.02564102564102564,7.636567003260341,46.0
pp_quantile_calibrated,FOODS_2_332_WI_1,494.8115037734622,471.64297174203415,23.16853203142806,0.0,0.9304248287344503,0.9487179487179487,0.05128205128205128,6.046704765923515,37.0
pp_quantile_calibrated,FOODS_2_338_TX_3,778.4722055239461,699.622694585233,78.849510938713,0.0,0.9269911935752657,0.9358974358974359,0.0641025641025641,8.969521725451706,120.0
pp_quantile_calibrated,FOODS_2_340_WI_2,1025.6362931047133,993.3401168483762,32.296176256337276,0.0,0.960994956212153,0.9615384615384616,0.038461538461538464,12.73512970318431,92.0
pp_quantile_calibrated,FOODS_2_342_CA_3,2613.1170573859804,2240.1135118282273,373.00354555775317,0.0,0.9017894824755784,0.8717948717948718,0.1282051282051282,28.719403997797787,422.0
pp_quantile_calibrated,FOODS_2_347_WI_3,6113.988766339422,4490.35066931458,1623.6380970248415,0.0,0.730739950742149,0.7692307692307693,0.23076923076923078,57.568598324545896,670.0
pp_quantile_calibrated,FOODS_2_350_WI_2,1376.9268747141155,1376.9268747141155,0.0,0.0,1.0,1.0,0.0,17.65290865018097,29.0
pp_quantile_calibrated,FOODS_2_351_CA_1,858.4557166383477,782.7055696488648,75.75014698948287,0.0,0.838140711560934,0.9230769230769231,0.07692307692307693,10.034686790370062,52.0
pp_quantile_calibrated,FOODS_2_354_CA_4,693.2791842619083,656.9545015260007,36.32468273590763,0.0,0.7875749547607741,0.9487179487179487,0.05128205128205128,8.422493609307702,19.0
pp_quantile_calibrated,FOODS_2_355_WI_2,1072.962789661007,990.4063935316203,82.55639612938673,0.0,0.9400461901747372,0.8974358974358975,0.10256410256410256,12.697517865790005,153.0
pp_quantile_calibrated,FOODS_2_356_CA_2,1021.0270406592634,979.1648962829944,41.86214437626902,0.0,0.965798901653375,0.9615384615384616,0.038461538461538464,12.553396106192237,136.0
pp_quantile_calibrated,FOODS_2_370_CA_2,869.9163837432213,793.5698081500104,76.34657559321084,0.0,0.819511641623615,0.9230769230769231,0.07692307692307693,10.173971899359108,47.0
pp_quantile_calibrated,FOODS_2_370_CA_3,951.0022447855191,932.52757674088,18.474668044639053,0.0,0.9429794196153115,0.9615384615384616,0.038461538461538464,11.955481753088206,36.0
pp_quantile_calibrated,FOODS_2_371_WI_3,4399.230701323071,4303.768720105521,95.46198121754946,0.0,0.983110052863137,0.9871794871794872,0.01282051282051282,55.17652205263489,628.0
pp_quantile_calibrated,FOODS_2_376_TX_1,845.469287388857,789.1917396398518,56.277547749005194,0.0,0.8669561518936048,0.9358974358974359,0.0641025641025641,10.117842815895536,47.0
pp_quantile_calibrated,FOODS_2_386_CA_2,856.7703672704499,854.2784100168569,2.4919572535930286,0.0,0.9943493032798344,0.9871794871794872,0.01282051282051282,10.952287307908422,49.0
pp_quantile_calibrated,FOODS_2_387_WI_2,923.3583038882174,808.3287045263467,115.02959936187078,0.0,0.8848552558940233,0.8974358974358975,0.10256410256410256,10.363188519568547,111.0
pp_quantile_calibrated,FOODS_2_389_TX_2,1501.2933280656528,1501.2933280656528,0.0,0.0,1.0,1.0,0.0,19.24735035981606,3.0
pp_quantile_calibrated,FOODS_2_390_CA_4,1586.086407906989,1586.086407906989,0.0,0.0,1.0,1.0,0.0,20.33444112701268,4.0
pp_quantile_calibrated,FOODS_2_399_TX_2,1195.6334379301736,1103.0301460050723,92.60329192510127,0.0,0.9047291235338464,0.9230769230769231,0.07692307692307693,14.141412128270158,108.0
pp_quantile_calibrated,FOODS_3_003_WI_3,1726.8970145982348,1726.8970145982348,0.0,0.0,1.0,1.0,0.0,22.139705315361986,34.0
pp_quantile_calibrated,FOODS_3_009_CA_4,420.5822169779542,400.59731406230674,19.98490291564748,0.0,0.9537386506582234,0.9487179487179487,0.05128205128205128,5.135863000798804,48.0
pp_quantile_calibrated,FOODS_3_009_TX_2,1127.8090856021893,1056.9296686882606,70.87941691392872,0.0,0.8963751214708644,0.9487179487179487,0.05128205128205128,13.550380367798212,76.0
pp_quantile_calibrated,FOODS_3_011_CA_1,1218.442797501646,776.8360844324917,441.60671306915447,0.0,0.7866634236380896,0.7948717948717948,0.20512820512820512,9.95943697990374,230.0
pp_quantile_calibrated,FOODS_3_014_CA_1,1936.3791665163537,1936.3791665163537,0.0,0.0,1.0,1.0,0.0,24.82537392969684,2.0
pp_quantile_calibrated,FOODS_3_019_TX_2,745.6088986313198,723.4628366139132,22.14606201740665,0.0,0.9487359675522994,0.9743589743589743,0.02564102564102564,9.275164571973246,48.0
pp_quantile_calibrated,FOODS_3_022_CA_1,427.7722651987486,427.7722651987486,0.0,0.0,1.0,1.0,0.0,5.484259810240366,29.0
pp_quantile_calibrated,FOODS_3_023_TX_1,938.9250810256389,811.9760333057167,126.94904771992216,0.0,0.8320779792064521,0.8717948717948718,0.1282051282051282,10.409949144945086,84.0
pp_quantile_calibrated,FOODS_3_023_TX_3,660.464620905487,621.8472471902029,38.61737371528409,0.0,0.9284863449716961,0.9615384615384616,0.038461538461538464,7.972400605002601,60.0
pp_quantile_calibrated,FOODS_3_023_WI_2,755.165338547753,674.165338547753,81.0,0.0,0.8301886792452831,0.9358974358974359,0.0641025641025641,8.643145365996833,53.0
pp_quantile_calibrated,FOODS_3_024_TX_3,4020.8198456786954,4020.8198456786954,0.0,0.0,1.0,1.0,0.0,51.548972380496096,195.0
pp_quantile_calibrated,FOODS_3_024_WI_1,7270.0,7270.0,0.0,0.0,1.0,1.0,0.0,93.2051282051282,75.0
pp_quantile_calibrated,FOODS_3_026_CA_1,1262.6828412478887,1178.0801811454155,84.60266010247327,0.0,0.9453471187968521,0.9487179487179487,0.05128205128205128,15.103592065966865,172.0
pp_quantile_calibrated,FOODS_3_030_TX_3,8518.014094757333,6393.104642221123,2124.9094525362093,0.0,0.8589599460682191,0.8333333333333334,0.16666666666666666,81.96288002847594,1674.0
pp_quantile_calibrated,FOODS_3_034_CA_1,1074.211422703041,921.5846813298444,152.62674137319664,0.0,0.8814089033619296,0.8974358974358975,0.10256410256410256,11.815188222177493,143.0
pp_quantile_calibrated,FOODS_3_035_WI_1,775.6565076442499,770.9941142767615,4.662393367488477,0.0,0.9915074802049391,0.9871794871794872,0.01282051282051282,9.884539926625147,61.0
pp_quantile_calibrated,FOODS_3_036_CA_4,879.5522544977702,879.5522544977702,0.0,0.0,1.0,1.0,0.0,11.276310955099618,9.0
pp_quantile_calibrated,FOODS_3_038_CA_4,688.6730039320425,614.3342737533469,74.33873017869558,0.0,0.880291899873276,0.9230769230769231,0.07692307692307693,7.8760804327352165,69.0
pp_quantile_calibrated,FOODS_3_038_WI_1,1068.1700307982237,923.845341486623,144.32468931160076,0.0,0.7772767140253075,0.8717948717948718,0.1282051282051282,11.844171044700296,72.0
pp_quantile_calibrated,FOODS_3_040_WI_1,1597.8832417958288,1347.9235876135424,249.95965418228647,0.0,0.6914078343428562,0.8461538461538461,0.15384615384615385,17.281071636071058,90.0
pp_quantile_calibrated,FOODS_3_048_TX_1,1565.580724600244,1565.580724600244,0.0,0.0,1.0,1.0,0.0,20.071547751285177,64.0
pp_quantile_calibrated,FOODS_3_048_TX_3,1382.2124464921108,1314.4443448309596,67.76810166115115,0.0,0.9309193662985207,0.9871794871794872,0.01282051282051282,16.851850574755893,109.0
pp_quantile_calibrated,FOODS_3_049_TX_1,564.2980646683299,560.4784695846784,3.8195950836514907,0.0,0.9848428766521765,0.9871794871794872,0.01282051282051282,7.185621404931774,28.0
pp_quantile_calibrated,FOODS_3_050_CA_2,662.069080074777,619.1956438476259,42.87343622715113,0.0,0.9288997740843264,0.9487179487179487,0.05128205128205128,7.938405690354178,67.0
pp_quantile_calibrated,FOODS_3_053_CA_4,767.7063657053167,647.8215430056258,119.8848226996909,0.0,0.8503310578031325,0.9358974358974359,0.0641025641025641,8.305404397508024,89.0
pp_quantile_calibrated,FOODS_3_054_WI_3,2246.40000000001,2246.40000000001,0.0,0.0,1.0,1.0,0.0,28.80000000000013,0.0
pp_quantile_calibrated,FOODS_3_057_WI_3,478.9137430695632,478.9137430695632,0.0,0.0,1.0,1.0,0.0,6.139919782943118,20.0
pp_quantile_calibrated,FOODS_3_066_CA_4,2074.651145860662,1551.755103224227,522.8960426364348,0.0,0.7910087759246863,0.8333333333333334,0.16666666666666666,19.8942961951824,278.0
pp_quantile_calibrated,FOODS_3_066_TX_3,2390.4078178321106,1826.1077316607061,564.3000861714047,0.0,0.7531495686039349,0.782051282051282,0.21794871794871795,23.411637585393667,254.0
pp_quantile_calibrated,FOODS_3_067_CA_4,580.5624435434513,537.1256344247172,43.43680911873414,0.0,0.9445251479965081,0.9358974358974359,0.0641025641025641,6.886226082368169,87.0
pp_quantile_calibrated,FOODS_3_072_WI_3,656.4837318720311,550.8048113628429,105.67892050918823,0.0,0.6738304922555918,0.8846153846153846,0.11538461538461539,7.061600145677473,36.0
pp_quantile_calibrated,FOODS_3_074_CA_2,1403.3393781138002,1088.3918840677575,314.94749404604283,0.0,0.8087750491523724,0.8333333333333334,0.16666666666666666,13.953742103432788,183.0
pp_quantile_calibrated,FOODS_3_091_TX_1,529.7007239979857,452.08337279165505,77.61735120633071,0.0,0.8125184753470273,0.9358974358974359,0.0641025641025641,5.79594067681609,46.0
pp_quantile_calibrated,FOODS_3_091_WI_1,523.9281222094885,473.6823368879565,50.24578532153198,0.0,0.8074874125611802,0.9358974358974359,0.0641025641025641,6.07285047292252,29.0
pp_quantile_calibrated,FOODS_3_094_TX_2,1152.4512468180767,1152.4512468180767,0.0,0.0,1.0,1.0,0.0,14.775015984847137,99.0
pp_quantile_calibrated,FOODS_3_101_WI_3,1618.2803903525746,1445.6790632312993,172.6013271212752,0.0,0.9310146574255496,0.8974358974358975,0.10256410256410256,18.534346964503836,278.0
pp_quantile_calibrated,FOODS_3_102_WI_2,883.3406094555359,780.8383470687837,102.50226238675211,0.0,0.896462361225503,0.9358974358974359,0.0641025641025641,10.010748039343381,110.0
pp_quantile_calibrated,FOODS_3_103_TX_1,451.65191229346067,446.08486275782514,5.567049535635533,0.0,0.9731060408906496,0.9871794871794872,0.01282051282051282,5.719036702023399,23.0
pp_quantile_calibrated,FOODS_3_103_WI_1,780.7827829262351,683.5669513693176,97.2158315569175,0.0,0.9211550433439436,0.8974358974358975,0.10256410256410256,8.7636788637092,137.0
pp_quantile_calibrated,FOODS_3_110_WI_1,693.4280240049771,693.4280240049771,0.0,0.0,1.0,1.0,0.0,8.890102871858682,24.0
pp_quantile_calibrated,FOODS_3_111_TX_1,774.0950409886532,765.3425614829787,8.752479505674469,0.0,0.9459723487304045,0.9871794871794872,0.01282051282051282,9.81208412157665,18.0
pp_quantile_calibrated,FOODS_3_111_WI_1,472.78220143145154,472.78220143145154,0.0,0.0,1.0,1.0,0.0,6.061310274762199,32.0
pp_quantile_calibrated,FOODS_3_117_CA_4,674.5409310382038,603.7069938662738,70.83393717193002,0.0,0.8990969555955414,0.9230769230769231,0.07692307692307693,7.739833254695818,78.0
pp_quantile_calibrated,FOODS_3_120_TX_1,8314.446522689288,5551.827016700319,2762.6195059889683,0.0,0.673796256229901,0.7564102564102564,0.24358974358974358,71.17726944487589,941.0
pp_quantile_calibrated,FOODS_3_125_CA_1,1930.39509797681,1930.39509797681,0.0,0.0,1.0,1.0,0.0,24.74865510226679,48.0
pp_quantile_calibrated,FOODS_3_126_WI_1,1042.7821454638326,1040.9244012905094,1.8577441733231552,0.0,0.998348671845935,0.9871794871794872,0.01282051282051282,13.345184631929609,125.0
pp_quantile_calibrated,FOODS_3_133_CA_1,2982.537005389294,1889.4436700313177,1093.0933353579762,0.0,0.7869213771232014,0.782051282051282,0.21794871794871795,24.223636795273304,570.0
pp_quantile_calibrated,FOODS_3_133_CA_2,2762.116427094768,2163.806503396478,598.3099236982897,0.0,0.8532475046116532,0.8205128205128205,0.1794871794871795,27.741109017903565,453.0
pp_quantile_calibrated,FOODS_3_133_TX_1,2170.982367268903,1954.4167255008317,216.56564176807154,0.0,0.8802843329087499,0.8974358974358975,0.10256410256410256,25.056624685908098,201.0
pp_quantile_calibrated,FOODS_3_134_TX_1,3046.4261904003706,2525.9236987230865,520.5024916772842,0.0,0.8278761601596282,0.8461538461538461,0.15384615384615385,32.3836371631165,336.0
pp_quantile_calibrated,FOODS_3_136_CA_1,2253.6953151363655,1521.4966190667346,732.1986960696308,0.0,0.780713178775193,0.8333333333333334,0.16666666666666666,19.506366911111982,371.0
pp_quantile_calibrated,FOODS_3_138_WI_3,1132.3306699228547,887.8827476384206,244.44792228443418,0.0,0.8373599984800838,0.8333333333333334,0.16666666666666666,11.38311214921052,167.0
pp_quantile_calibrated,FOODS_3_141_TX_3,487.3166121165699,470.8333193652152,16.483292751354746,0.0,0.9167510467103296,0.9743589743589743,0.02564102564102564,6.036324607246349,22.0
pp_quantile_calibrated,FOODS_3_154_CA_1,1021.3292309723014,1021.3292309723014,0.0,0.0,1.0,1.0,0.0,13.093964499644889,30.0
pp_quantile_calibrated,FOODS_3_155_TX_1,285.07291035576037,270.59034326187174,14.482567093888655,0.0,0.9106014376920454,0.9615384615384616,0.038461538461538464,3.4691069648957913,18.0
pp_quantile_calibrated,FOODS_3_157_CA_2,1212.4753854918117,1212.4753854918117,0.0,0.0,1.0,1.0,0.0,15.544556224253997,60.0
pp_quantile_calibrated,FOODS_3_158_WI_3,367.2263729930263,355.48260036510504,11.743772627921242,0.0,0.9550047025750144,0.9743589743589743,0.02564102564102564,4.557469235450065,29.0
pp_quantile_calibrated,FOODS_3_160_CA_1,536.9549611688362,249.61412136364217,287.34083980519404,0.0,0.1131455561568086,0.8717948717948718,0.1282051282051282,3.2001810431236177,36.0
pp_quantile_calibrated,FOODS_3_160_TX_1,936.0,936.0,0.0,0.0,1.0,1.0,0.0,12.0,0.0
pp_quantile_calibrated,FOODS_3_160_WI_2,212.02468467372896,111.02879878601709,100.99588588771186,0.0,0.13678730010502685,0.9358974358974359,0.0641025641025641,1.4234461382822705,13.0
pp_quantile_calibrated,FOODS_3_161_WI_1,772.6453769052014,772.6453769052014,0.0,0.0,1.0,1.0,0.0,9.905709960323094,19.0
pp_quantile_calibrated,FOODS_3_162_WI_2,767.5171544811432,738.0204665469798,29.496687934163376,0.0,0.946271970976023,0.9871794871794872,0.01282051282051282,9.461800853166409,61.0
pp_quantile_calibrated,FOODS_3_163_TX_2,546.4232339786961,421.7404803237942,124.68275365490184,0.0,0.8407627667242633,0.8589743589743589,0.14102564102564102,5.4069292349204385,87.0
pp_quantile_calibrated,FOODS_3_169_TX_3,1293.4030350041405,1169.192102867041,124.21093213709949,0.0,0.9103817228448056,0.8846153846153846,0.11538461538461539,14.989642344449244,154.0
pp_quantile_calibrated,FOODS_3_171_WI_2,365.22811850804754,365.22811850804754,0.0,0.0,1.0,1.0,0.0,4.6824117757442,15.0
pp_quantile_calibrated,FOODS_3_172_CA_3,1575.0504984804975,1575.0504984804975,0.0,0.0,1.0,1.0,0.0,20.192955108724327,166.0
pp_quantile_calibrated,FOODS_3_172_TX_3,1624.6699762866797,1606.571119888144,18.098856398535737,0.0,0.9826639306527436,0.9743589743589743,0.02564102564102564,20.59706563959159,116.0
pp_quantile_calibrated,FOODS_3_176_WI_3,581.5172605702953,562.3327741787368,19.18448639155855,0.0,0.9526308977986209,0.9871794871794872,0.01282051282051282,7.209394540753037,45.0
pp_quantile_calibrated,FOODS_3_178_WI_2,815.5227853859203,691.0944550944708,124.42833029144941,0.0,0.8818344441676644,0.8974358974358975,0.10256410256410256,8.860185321723986,117.0
pp_quantile_calibrated,FOODS_3_180_WI_1,609.9086464506731,579.2986576825555,30.609988768117717,0.0,0.9442441006045215,0.9743589743589743,0.02564102564102564,7.42690586772507,61.0
pp_quantile_calibrated,FOODS_3_184_WI_3,2534.0,2345.0,189.0,0.0,0.6612903225806451,0.8589743589743589,0.14102564102564102,30.064102564102566,62.0
pp_quantile_calibrated,FOODS_3_192_TX_2,873.8472569362725,804.9227280901896,68.9245288460829,0.0,0.9401696798211086,0.9230769230769231,0.07692307692307693,10.319522155002431,128.0
pp_quantile_calibrated,FOODS_3_197_WI_1,681.0800555517703,660.1078475554397,20.97220799633064,0.0,0.9271798333460741,0.9615384615384616,0.038461538461538464,8.462921122505637,32.0
pp_quantile_calibrated,FOODS_3_198_TX_2,1162.0,1162.0,0.0,0.0,1.0,1.0,0.0,14.897435897435898,2.0
pp_quantile_calibrated,FOODS_3_198_WI_3,812.3287393193226,812.3287393193226,0.0,0.0,1.0,1.0,0.0,10.414471016914392,4.0
pp_quantile_calibrated,FOODS_3_199_CA_2,2091.276231590663,2029.5192737486489,61.756957842013904,0.0,0.8475136843407063,0.9487179487179487,0.05128205128205128,26.01947786857242,45.0
pp_quantile_calibrated,FOODS_3_199_TX_1,1079.3248272777332,1077.2993091109308,2.0255181668023265,0.0,0.9916645342929945,0.9871794871794872,0.01282051282051282,13.811529603986292,27.0
pp_quantile_calibrated,FOODS_3_204_CA_2,722.7044334925187,664.2585931326967,58.44584035982196,0.0,0.8985315271530869,0.9487179487179487,0.05128205128205128,8.516135809393546,64.0
pp_quantile_calibrated,FOODS_3_204_CA_4,764.8171023648728,764.8171023648728,0.0,0.0,1.0,1.0,0.0,9.805347466216318,47.0
pp_quantile_calibrated,FOODS_3_205_TX_1,2625.0336287196196,2625.0336287196196,0.0,0.0,1.0,1.0,0.0,33.654277291277175,10.0
pp_quantile_calibrated,FOODS_3_208_WI_3,819.3373867337027,652.3913325024434,166.94605423125927,0.0,0.7961586639422964,0.9102564102564102,0.08974358974358974,8.36399144233902,91.0
pp_quantile_calibrated,FOODS_3_209_TX_2,666.3520775263387,666.3520775263387,0.0,0.0,1.0,1.0,0.0,8.542975352901777,13.0
pp_quantile_calibrated,FOODS_3_210_TX_1,357.5761552740068,357.5761552740068,0.0,0.0,1.0,1.0,0.0,4.584309683000087,0.0
pp_quantile_calibrated,FOODS_3_211_CA_1,1277.5450711795734,862.4313282824883,415.1137428970852,0.0,0.6796961860361996,0.7692307692307693,0.23076923076923078,11.056811901057541,144.0
pp_quantile_calibrated,FOODS_3_215_CA_3,1333.5585027559193,1258.8922063103323,74.66629644558697,0.0,0.9544161804361496,0.9615384615384616,0.038461538461538464,16.139643670645285,182.0
pp_quantile_calibrated,FOODS_3_215_CA_4,906.3785536903314,782.2933143820449,124.08523930828656,0.0,0.8686928684568397,0.9102564102564102,0.08974358974358974,10.029401466436472,105.0
pp_quantile_calibrated,FOODS_3_224_CA_1,1071.7863887311894,830.9595451402427,240.82684359094674,0.0,0.8295634511033642,0.8333333333333334,0.16666666666666666,10.653327501797984,157.0
pp_quantile_calibrated,FOODS_3_229_CA_1,1365.3760235042678,1365.3760235042678,0.0,0.0,1.0,1.0,0.0,17.50482081415728,51.0
pp_quantile_calibrated,FOODS_3_232_WI_3,581.8995757708848,568.0619341152573,13.83764165562756,0.0,0.9720451683724695,0.9615384615384616,0.038461538461538464,7.282845309169965,55.0
pp_quantile_calibrated,FOODS_3_237_WI_3,1192.4508559346573,1192.4508559346573,0.0,0.0,1.0,1.0,0.0,15.28783148634176,58.0
pp_quantile_calibrated,FOODS_3_239_CA_4,523.1217134305397,463.8816588201009,59.24005461043882,0.0,0.8803231219991136,0.9358974358974359,0.0641025641025641,5.947200754103857,55.0
pp_quantile_calibrated,FOODS_3_240_TX_3,669.2590538673433,610.7807394074316,58.4783144599116,0.0,0.9058320218036849,0.9615384615384616,0.038461538461538464,7.830522300095277,69.0
pp_quantile_calibrated,FOODS_3_243_WI_1,691.7555274914407,691.7555274914407,0.0,0.0,1.0,1.0,0.0,8.868660608864625,19.0
pp_quantile_calibrated,FOODS_3_246_CA_2,1119.6561404791082,973.2748260329995,146.38131444610863,0.0,0.8821406485941155,0.9102564102564102,0.08974358974358974,12.477882385038455,138.0
pp_quantile_calibrated,FOODS_3_246_TX_2,675.2908385431799,611.5824098527239,63.708428690456,0.0,0.8800217915433973,0.9102564102564102,0.08974358974358974,7.8408001263169735,59.0
pp_quantile_calibrated,FOODS_3_247_CA_3,1135.5819717104457,961.728102584268,173.85386912617776,0.0,0.7727400403579375,0.8974358974358975,0.10256410256410256,12.329847469029076,85.0
pp_quantile_calibrated,FOODS_3_255_WI_2,631.0056528264844,631.0056528264844,0.0,0.0,1.0,1.0,0.0,8.089816061878006,25.0
pp_quantile_calibrated,FOODS_3_256_WI_1,500.2193820927308,500.2193820927308,0.0,0.0,1.0,1.0,0.0,6.413069001188857,9.0
pp_quantile_calibrated,FOODS_3_257_TX_2,1046.9180167527688,893.8195148385378,153.09850191423118,0.0,0.8873447373699549,0.8846153846153846,0.11538461538461539,11.459224549212022,151.0
pp_quantile_calibrated,FOODS_3_258_CA_3,2591.8756100345668,2234.5848978522117,357.2907121823552,0.0,0.8747666623966509,0.8846153846153846,0.11538461538461539,28.64852433143861,317.0
pp_quantile_calibrated,FOODS_3_258_TX_1,1443.0637039925257,1432.0738916342198,10.989812358305905,0.0,0.9941010132268889,0.9871794871794872,0.01282051282051282,18.3599216876182,207.0
pp_quantile_calibrated,FOODS_3_258_TX_2,1419.4040917354732,1340.6933403788105,78.71075135666277,0.0,0.9585514737458332,0.9743589743589743,0.02564102564102564,17.1883761587027,211.0
pp_quantile_calibrated,FOODS_3_258_WI_2,2643.1834678020223,2086.4238223977814,556.7596454042412,0.0,0.82622982353176,0.8205128205128205,0.1794871794871795,26.74902336407412,356.0
pp_quantile_calibrated,FOODS_3_265_TX_3,783.7237741713618,728.6400930977883,55.08368107357349,0.0,0.9234948873978146,0.9230769230769231,0.07692307692307693,9.341539655099849,80.0
pp_quantile_calibrated,FOODS_3_265_WI_2,653.0959017286718,653.0959017286718,0.0,0.0,1.0,1.0,0.0,8.373024381136819,68.0
pp_quantile_calibrated,FOODS_3_270_WI_3,423.45894068396285,423.45894068396285,0.0,0.0,1.0,1.0,0.0,5.4289607779995235,31.0
pp_quantile_calibrated,FOODS_3_271_WI_2,1149.8357650656187,1082.3476648927813,67.48810017283743,0.0,0.8469657592452666,0.9230769230769231,0.07692307692307693,13.876252114010017,49.0
pp_quantile_calibrated,FOODS_3_277_CA_4,894.0334219981646,677.8236976536831,216.2097243444815,0.0,0.7034160159883657,0.8333333333333334,0.16666666666666666,8.69004740581645,81.0
pp_quantile_calibrated,FOODS_3_278_WI_2,3151.279504350039,2792.398148376129,358.8813559739101,0.0,0.9095788974618517,0.9102564102564102,0.08974358974358974,35.79997626123242,441.0
pp_quantile_calibrated,FOODS_3_279_TX_3,408.3063123984889,408.3063123984889,0.0,0.0,1.0,1.0,0.0,5.23469631280114,14.0
pp_quantile_calibrated,FOODS_3_280_WI_3,493.05517874602486,404.44728437319344,88.60789437283141,0.0,0.8386012852953891,0.9102564102564102,0.08974358974358974,5.185221594528121,61.0
pp_quantile_calibrated,FOODS_3_282_WI_3,19114.749912302996,15453.499193182086,3661.2507191209093,0.0,0.8218109349724577,0.8076923076923077,0.19230769230769232,198.12178452797545,2283.0
pp_quantile_calibrated,FOODS_3_286_TX_3,627.6107277827198,627.6107277827198,0.0,0.0,1.0,1.0,0.0,8.046291381829741,34.0
pp_quantile_calibrated,FOODS_3_286_WI_3,711.745409016581,619.2937501941196,92.45165882246131,0.0,0.8511245429589995,0.9358974358974359,0.0641025641025641,7.939663464027175,69.0
pp_quantile_calibrated,FOODS_3_289_TX_3,443.29511028675296,443.29511028675296,0.0,0.0,1.0,1.0,0.0,5.683270644701961,19.0
pp_quantile_calibrated,FOODS_3_295_TX_1,6771.324206365177,4877.806837134352,1893.5173692308256,0.0,0.6915090633380865,0.782051282051282,0.21794871794871795,62.535985091466046,682.0
pp_quantile_calibrated,FOODS_3_296_CA_4,904.7335026467114,744.3392655993241,160.39423704738726,0.0,0.7125551307394494,0.8589743589743589,0.14102564102564102,9.542811097427233,62.0
pp_quantile_calibrated,FOODS_3_300_WI_2,3655.8955693599128,2495.070434584496,1160.8251347754165,0.0,0.594400721601881,0.7307692307692307,0.2692307692307692,31.988082494673026,318.0
pp_quantile_calibrated,FOODS_3_302_CA_4,2310.8947694603335,2128.6569817681266,182.2377876922069,0.0,0.9017056161314957,0.8974358974358975,0.10256410256410256,27.290474125232393,206.0
pp_quantile_calibrated,FOODS_3_309_CA_2,422.8846819849923,422.8846819849923,0.0,0.0,1.0,1.0,0.0,5.421598486987081,24.0
pp_quantile_calibrated,FOODS_3_309_WI_1,636.5925099750559,636.5925099750559,0.0,0.0,1.0,1.0,0.0,8.16144243557764,27.0
pp_quantile_calibrated,FOODS_3_316_TX_3,630.3508059180567,588.0251943116118,42.325611606444895,0.0,0.7955284463456769,0.9487179487179487,0.05128205128205128,7.538784542456562,23.0
pp_quantile_calibrated,FOODS_3_318_TX_2,6205.492071924423,5172.73953487729,1032.7525370471333,0.0,0.7878922700663107,0.8076923076923077,0.19230769230769232,66.31717352406781,541.0
pp_quantile_calibrated,FOODS_3_331_TX_1,995.9395043276252,824.5869858191581,171.35251850846709,0.0,0.8802568004832515,0.9102564102564102,0.08974358974358974,10.57162802332254,159.0
pp_quantile_calibrated,FOODS_3_335_TX_1,3089.8027222474684,3089.8027222474684,0.0,0.0,1.0,1.0,0.0,39.61285541342908,5.0
pp_quantile_calibrated,FOODS_3_337_CA_1,601.8160925552958,601.8160925552958,0.0,0.0,1.0,1.0,0.0,7.715590930196099,41.0
pp_quantile_calibrated,FOODS_3_346_WI_3,1649.45711073157,1405.6540856213728,243.8030251101972,0.0,0.8716150473353359,0.8846153846153846,0.11538461538461539,18.021206225915037,211.0
pp_quantile_calibrated,FOODS_3_352_CA_1,1152.4862583949173,1097.6626791286049,54.82357926631242,0.0,0.8615566180143625,0.9358974358974359,0.0641025641025641,14.072598450366728,44.0
pp_quantile_calibrated,FOODS_3_354_WI_2,776.8804121466897,720.2401103592513,56.64030178743833,0.0,0.8968300513890012,0.9358974358974359,0.0641025641025641,9.23384756870835,61.0
pp_quantile_calibrated,FOODS_3_356_CA_1,2113.2307171181346,1853.4841389972808,259.74657812085405,0.0,0.8196204318605179,0.8846153846153846,0.11538461538461539,23.762617166631806,160.0
pp_quantile_calibrated,FOODS_3_356_TX_2,983.9992456006881,898.6772135535487,85.32203204713949,0.0,0.9012476480935886,0.9487179487179487,0.05128205128205128,11.521502737866008,96.0
pp_quantile_calibrated,FOODS_3_363_WI_3,3087.643227476701,2487.6436314899156,599.9995959867855,0.0,0.7267761402610265,0.7948717948717948,0.20512820512820512,31.892867070383534,244.0
pp_quantile_calibrated,FOODS_3_365_TX_1,634.434741184406,634.434741184406,0.0,0.0,1.0,1.0,0.0,8.13377873313341,19.0
pp_quantile_calibrated,FOODS_3_367_TX_1,1640.397853277846,1423.5918267040659,216.80602657378026,0.0,0.7638278577627667,0.8974358974358975,0.10256410256410256,18.25117726543674,102.0
pp_quantile_calibrated,FOODS_3_370_CA_1,2320.098083939896,2320.098083939896,0.0,0.0,1.0,1.0,0.0,29.744847229998665,41.0
pp_quantile_calibrated,FOODS_3_372_TX_3,2171.7358509249934,1906.9510302593965,264.7848206655969,0.0,0.9213354662312548,0.9230769230769231,0.07692307692307693,24.448090131530723,374.0
pp_quantile_calibrated,FOODS_3_380_TX_3,520.2369016678672,484.4389524188446,35.79794924902252,0.0,0.8192022765200883,0.9615384615384616,0.038461538461538464,6.210755800241598,22.0
pp_quantile_calibrated,FOODS_3_384_TX_1,413.10016144966517,404.91838718332616,8.181774266339017,0.0,0.9586779077457624,0.9871794871794872,0.01282051282051282,5.191261374145207,22.0
pp_quantile_calibrated,FOODS_3_385_CA_4,784.6042867420431,758.4962265758573,26.108060166185737,0.0,0.938278817574029,0.9615384615384616,0.038461538461538464,9.724310597126376,47.0
pp_quantile_calibrated,FOODS_3_385_TX_3,574.5554991782925,573.8662192647838,0.6892799135087131,0.0,0.9983704966583719,0.9871794871794872,0.01282051282051282,7.357259221343382,47.0
pp_quantile_calibrated,FOODS_3_387_CA_2,1598.4742427568208,1508.4742427568208,90.0,0.0,0.8,0.9358974358974359,0.0641025641025641,19.33941336867719,50.0
pp_quantile_calibrated,FOODS_3_390_TX_2,1166.8204339024219,918.2748643437293,248.54556955869262,0.0,0.8121348680584334,0.7948717948717948,0.20512820512820512,11.772754671073452,147.0
pp_quantile_calibrated,FOODS_3_392_WI_2,981.8810595678428,842.3737790320575,139.5072805357853,0.0,0.821829782202062,0.9102564102564102,0.08974358974358974,10.799663833744328,87.0
pp_quantile_calibrated,FOODS_3_392_WI_3,743.1177433213379,594.2749077007159,148.842835620622,0.0,0.7823935151745293,0.9102564102564102,0.08974358974358974,7.618909073086101,76.0
pp_quantile_calibrated,FOODS_3_393_CA_3,4040.049817542599,3357.799728708131,682.250088834468,0.0,0.8785167220736346,0.8589743589743589,0.14102564102564102,43.048714470617064,624.0
pp_quantile_calibrated,FOODS_3_398_WI_3,524.5938976167869,524.5938976167869,0.0,0.0,1.0,1.0,0.0,6.725562789958806,28.0
pp_quantile_calibrated,FOODS_3_403_TX_1,2723.9678766605834,2310.5573185541025,413.4105581064811,0.0,0.8857350585664784,0.8717948717948718,0.1282051282051282,29.622529725052598,402.0
pp_quantile_calibrated,FOODS_3_405_TX_3,933.373461114601,850.9711650470493,82.4022960675517,0.0,0.8448167682343658,0.9230769230769231,0.07692307692307693,10.909886731372428,59.0
pp_quantile_calibrated,FOODS_3_408_TX_2,553.4859288892395,553.4859288892395,0.0,0.0,1.0,1.0,0.0,7.0959734472979425,8.0
pp_quantile_calibrated,FOODS_3_416_CA_4,760.9025949174579,639.4516009225689,121.45099399488905,0.0,0.862300460323255,0.8589743589743589,0.14102564102564102,8.198097447725242,98.0
pp_quantile_calibrated,FOODS_3_416_WI_3,569.164561022988,484.118110064667,85.04645095832099,0.0,0.8833382017032634,0.9102564102564102,0.08974358974358974,6.2066424367265,81.0
pp_quantile_calibrated,FOODS_3_417_CA_3,620.3660667394026,591.9344118148322,28.431654924570502,0.0,0.9561239893139345,0.9743589743589743,0.02564102564102564,7.588902715574771,72.0
pp_quantile_calibrated,FOODS_3_422_CA_1,1350.5729516489357,1338.7499942012096,11.822957447726068,0.0,0.9886753281152049,0.9871794871794872,0.01282051282051282,17.163461464118072,116.0
pp_quantile_calibrated,FOODS_3_423_WI_2,985.2015202553237,828.3102936361353,156.8912266191884,0.0,0.7899715841777932,0.8846153846153846,0.11538461538461539,10.619362738924812,83.0
pp_quantile_calibrated,FOODS_3_425_CA_1,600.0719312517773,547.2242003757495,52.84773087602774,0.0,0.9110307561009634,0.9358974358974359,0.0641025641025641,7.015694876612174,66.0
pp_quantile_calibrated,FOODS_3_427_WI_3,1238.0988898739445,1238.0988898739445,0.0,0.0,1.0,1.0,0.0,15.873062690691595,17.0
pp_quantile_calibrated,FOODS_3_428_TX_3,296.53852749520104,251.21136230158447,45.327165193616544,0.0,0.790152012992516,0.9487179487179487,0.05128205128205128,3.220658491045955,24.0
pp_quantile_calibrated,FOODS_3_434_CA_1,1404.18218076753,1205.4960407698243,198.68613999770588,0.0,0.8873661337881487,0.9102564102564102,0.08974358974358974,15.455077445766978,196.0
pp_quantile_calibrated,FOODS_3_434_WI_1,1359.1061540037615,1355.7974684213978,3.3086855823638004,0.0,0.9948220882905103,0.9871794871794872,0.01282051282051282,17.382018825915356,71.0
pp_quantile_calibrated,FOODS_3_441_TX_2,22776.0,22776.0,0.0,0.0,1.0,1.0,0.0,292.0,0.0
pp_quantile_calibrated,FOODS_3_444_CA_4,10998.0,10998.0,0.0,0.0,1.0,1.0,0.0,141.0,0.0
pp_quantile_calibrated,FOODS_3_444_TX_2,42931.20000000006,42931.20000000006,0.0,0.0,1.0,1.0,0.0,550.4000000000008,0.0
pp_quantile_calibrated,FOODS_3_445_CA_3,2102.9483693198044,1769.9529745351356,332.9953947846689,0.0,0.7040040935247387,0.9102564102564102,0.08974358974358974,22.691704801732506,125.0
pp_quantile_calibrated,FOODS_3_449_WI_1,1028.0107840730984,857.018132920441,170.99265115265737,0.0,0.878986092602507,0.9102564102564102,0.08974358974358974,10.987411960518473,157.0
pp_quantile_calibrated,FOODS_3_451_CA_4,1598.298398514952,1410.302613060007,187.99578545494506,0.0,0.7679064377099445,0.8974358974358975,0.10256410256410256,18.08080273153855,90.0
pp_quantile_calibrated,FOODS_3_453_TX_2,383.4107114785273,383.4107114785273,0.0,0.0,1.0,1.0,0.0,4.915521942032401,12.0
pp_quantile_calibrated,FOODS_3_453_WI_2,348.6929969703817,348.6929969703817,0.0,0.0,1.0,1.0,0.0,4.470423038081817,32.0
pp_quantile_calibrated,FOODS_3_454_CA_1,6032.400000000012,6032.400000000012,0.0,0.0,1.0,1.0,0.0,77.3384615384617,1.0
pp_quantile_calibrated,FOODS_3_455_TX_1,8773.598144331372,6850.63916209302,1922.9589822383532,0.0,0.7894954589777391,0.7948717948717948,0.20512820512820512,87.82870720632077,1015.0
pp_quantile_calibrated,FOODS_3_456_CA_4,473.05106476279354,473.05106476279354,0.0,0.0,1.0,1.0,0.0,6.064757240548635,30.0
pp_quantile_calibrated,FOODS_3_457_TX_3,544.7381323101688,527.3807022735115,17.3574300366573,0.0,0.8714264441729089,0.9743589743589743,0.02564102564102564,6.761291054788608,15.0
pp_quantile_calibrated,FOODS_3_458_TX_1,2735.034055996593,2371.7828010482176,363.2512549483754,0.0,0.9152074568281103,0.8717948717948718,0.1282051282051282,30.407471808310483,476.0
pp_quantile_calibrated,FOODS_3_458_WI_1,2411.578526379366,1971.9560457529142,439.622480626452,0.0,0.8571726833572281,0.8717948717948718,0.1282051282051282,25.281487766063,342.0
pp_quantile_calibrated,FOODS_3_464_TX_2,757.0429563003147,739.3926181916906,17.65033810862402,0.0,0.9367371393956129,0.9871794871794872,0.01282051282051282,9.479392540919111,31.0
pp_quantile_calibrated,FOODS_3_465_CA_3,668.6988485691946,647.2540897851765,21.44475878401815,0.0,0.9513724290611834,0.9615384615384616,0.038461538461538464,8.298129356220212,49.0
pp_quantile_calibrated,FOODS_3_465_TX_2,613.3408533582017,613.3408533582017,0.0,0.0,1.0,1.0,0.0,7.863344273823098,27.0
pp_quantile_calibrated,FOODS_3_465_WI_3,846.7117868480794,726.2571117569989,120.45467509108049,0.0,0.7841314066468091,0.9102564102564102,0.08974358974358974,9.310988612269217,62.0
pp_quantile_calibrated,FOODS_3_468_TX_2,1755.5000921567678,1703.428900450364,52.071191706403944,0.0,0.9651464580278422,0.9743589743589743,0.02564102564102564,21.83883205705595,166.0
pp_quantile_calibrated,FOODS_3_471_WI_3,623.1093718222379,595.9186868545067,27.19068496773111,0.0,0.9328625062525158,0.9615384615384616,0.038461538461538464,7.639983164801369,45.0
pp_quantile_calibrated,FOODS_3_472_CA_1,482.55344770685065,411.03070384433255,71.52274386251807,0.0,0.796231498967185,0.8717948717948718,0.1282051282051282,5.269624408260674,39.0
pp_quantile_calibrated,FOODS_3_474_CA_1,1976.8568456777284,1075.8839587152404,900.972886962488,0.0,0.6821965125352776,0.7692307692307693,0.23076923076923078,13.793384086092825,315.0
pp_quantile_calibrated,FOODS_3_476_TX_3,1735.4572582067676,1416.1164845514188,319.3407736553488,0.0,0.8630026711045263,0.8333333333333334,0.16666666666666666,18.15533954553101,259.0
pp_quantile_calibrated,FOODS_3_479_CA_3,2036.9985636544463,1926.6646272265518,110.33393642789451,0.0,0.9233792108139621,0.9230769230769231,0.07692307692307693,24.70082855418656,160.0
pp_quantile_calibrated,FOODS_3_479_TX_2,1660.4730254316626,1537.05568145827,123.41734397339238,0.0,0.8797101910590717,0.9358974358974359,0.0641025641025641,19.705842069977823,114.0
pp_quantile_calibrated,FOODS_3_479_TX_3,1035.3542448117566,974.6387054203924,60.71553939136422,0.0,0.9318568581466171,0.9615384615384616,0.038461538461538464,12.49536801821016,99.0
pp_quantile_calibrated,FOODS_3_481_TX_2,486.7737761302036,477.7239400763732,9.049836053830392,0.0,0.9685769581464223,0.9743589743589743,0.02564102564102564,6.124665898415041,32.0
pp_quantile_calibrated,FOODS_3_498_TX_1,4521.763970255382,3906.90138238405,614.8625878713324,0.0,0.7878320952824941,0.9871794871794872,0.01282051282051282,50.08847926133397,322.0
pp_quantile_calibrated,FOODS_3_499_TX_1,4637.595230387512,3717.819396816232,919.7758335712805,0.0,0.8767221775135665,0.8589743589743589,0.14102564102564102,47.66435124123374,829.0
pp_quantile_calibrated,FOODS_3_502_TX_2,1314.6366317706143,839.5928835979595,475.0437481726549,0.0,0.747451489541385,0.7692307692307693,0.23076923076923078,10.764011328178968,209.0
pp_quantile_calibrated,FOODS_3_511_CA_1,9133.80966865521,6866.78901306453,2267.0206555906807,0.0,0.8625048122518997,0.8461538461538461,0.15384615384615385,88.03575657775039,1832.0
pp_quantile_calibrated,FOODS_3_511_WI_2,6462.065371150497,4593.297436243566,1868.7679349069313,0.0,0.717110515454597,0.7564102564102564,0.24358974358974358,58.88842866978931,734.0
pp_quantile_calibrated,FOODS_3_512_CA_1,551.9932781853652,551.9932781853652,0.0,0.0,1.0,1.0,0.0,7.076836899812374,12.0
pp_quantile_calibrated,FOODS_3_513_CA_1,911.9448663868775,728.2892894805674,183.6555769063101,0.0,0.8510498159721734,0.8974358974358975,0.10256410256410256,9.337042172827788,137.0
pp_quantile_calibrated,FOODS_3_514_CA_2,1463.456273723591,1036.954271050427,426.50200267316404,0.0,0.7855696316374238,0.8333333333333334,0.16666666666666666,13.294285526287526,221.0
pp_quantile_calibrated,FOODS_3_515_CA_1,2027.1760816680794,1623.1070776326321,404.0690040354474,0.0,0.7637023368213758,0.782051282051282,0.21794871794871795,20.80906509785426,190.0
pp_quantile_calibrated,FOODS_3_517_TX_1,510.92751840675487,507.0390451600903,3.8884732466645637,0.0,0.974585142178663,0.9871794871794872,0.01282051282051282,6.500500578975517,17.0
pp_quantile_calibrated,FOODS_3_517_TX_3,335.2920617796831,335.2920617796831,0.0,0.0,1.0,1.0,0.0,4.298616176662604,17.0
pp_quantile_calibrated,FOODS_3_525_CA_4,2018.0,2018.0,0.0,0.0,1.0,1.0,0.0,25.871794871794872,39.0
pp_quantile_calibrated,FOODS_3_531_CA_3,646.9505495895618,585.751968530348,61.19858105921375,0.0,0.8807045203524098,0.9487179487179487,0.05128205128205128,7.509640622183949,57.0
pp_quantile_calibrated,FOODS_3_532_TX_3,1443.8915937123204,1295.0417815540466,148.84981215827383,0.0,0.886720082071329,0.8846153846153846,0.11538461538461539,16.603099763513416,146.0
pp_quantile_calibrated,FOODS_3_532_WI_1,2783.6164266387386,2322.3824657088458,461.2339609298929,0.0,0.8918813968753181,0.8717948717948718,0.1282051282051282,29.774134175754433,474.0
pp_quantile_calibrated,FOODS_3_533_TX_3,937.9154731173238,921.0004673903902,16.915005726933558,0.0,0.98291413562936,0.9871794871794872,0.01282051282051282,11.807698299876797,110.0
pp_quantile_calibrated,FOODS_3_533_WI_3,1584.4362861148918,1379.5395857830697,204.8967003318222,0.0,0.874910439357862,0.8846153846153846,0.11538461538461539,17.68640494593679,182.0
pp_quantile_calibrated,FOODS_3_538_WI_1,1781.6668041024514,1517.191387160292,264.4754169421593,0.0,0.8066700168551467,0.8717948717948718,0.1282051282051282,19.451171630260152,152.0
pp_quantile_calibrated,FOODS_3_544_TX_2,599.3360774879166,562.261423347844,37.074654140072525,0.0,0.9301795590582439,0.9487179487179487,0.05128205128205128,7.2084797865108206,59.0
pp_quantile_calibrated,FOODS_3_545_CA_2,718.9461779675502,701.5679931978497,17.37818476970055,0.0,0.9529046483205946,0.9871794871794872,0.01282051282051282,8.994461451254482,41.0
pp_quantile_calibrated,FOODS_3_546_CA_1,5924.0911642346455,5218.813655685149,705.277508549497,0.0,0.7535717999477647,0.8333333333333334,0.16666666666666666,66.90786738057884,318.0
pp_quantile_calibrated,FOODS_3_546_CA_3,2460.1646333403887,2029.4408312161845,430.723802124204,0.0,0.8466083325768503,0.8717948717948718,0.1282051282051282,26.018472195079287,312.0
pp_quantile_calibrated,FOODS_3_550_TX_1,399.85162965852203,393.0688211877807,6.7828084707412915,0.0,0.9461681867401486,0.9871794871794872,0.01282051282051282,5.039343861381804,14.0
pp_quantile_calibrated,FOODS_3_555_CA_3,10484.621709369669,7583.397623532365,2901.2240858373025,0.0,0.8577412922507942,0.8461538461538461,0.15384615384615385,97.22304645554314,2266.0
pp_quantile_calibrated,FOODS_3_558_CA_4,702.0,702.0,0.0,0.0,1.0,1.0,0.0,9.0,0.0
pp_quantile_calibrated,FOODS_3_563_WI_1,2408.167517889947,2408.167517889947,0.0,0.0,1.0,1.0,0.0,30.8739425370506,11.0
pp_quantile_calibrated,FOODS_3_573_WI_2,2163.542883273919,2120.422117514681,43.12076575923806,0.0,0.9688883363930462,0.9871794871794872,0.01282051282051282,27.18489894249591,154.0
pp_quantile_calibrated,FOODS_3_575_CA_1,676.6611844084292,640.7587678029402,35.90241660548905,0.0,0.9232854346036559,0.9615384615384616,0.038461538461538464,8.214855997473592,52.0
pp_quantile_calibrated,FOODS_3_575_WI_1,515.2687984237592,467.1456299316046,48.123168492154626,0.0,0.8726900304440354,0.9487179487179487,0.05128205128205128,5.989046537584675,42.0
pp_quantile_calibrated,FOODS_3_575_WI_2,449.63285608871786,441.2580321767139,8.374823912003942,0.0,0.9767366002444335,0.9871794871794872,0.01282051282051282,5.65715425867582,40.0
pp_quantile_calibrated,FOODS_3_578_WI_1,8935.5208871503,8935.5208871503,0.0,0.0,1.0,1.0,0.0,114.55796009167051,0.0
pp_quantile_calibrated,FOODS_3_580_CA_1,3388.7218080912116,3037.000117163282,351.7216909279298,0.0,0.8623937046447848,0.8846153846153846,0.11538461538461539,38.93589893799079,284.0
pp_quantile_calibrated,FOODS_3_580_CA_3,7458.397138618547,7058.339076745372,400.05806187317495,0.0,0.9222886437697796,0.8974358974358975,0.10256410256410256,90.49152662494066,572.0
pp_quantile_calibrated,FOODS_3_582_CA_1,696.9258590700665,461.6656338746626,235.26022519540396,0.0,0.6039390148225523,0.8333333333333334,0.16666666666666666,5.91879017788029,66.0
pp_quantile_calibrated,FOODS_3_585_WI_1,506.2606203160125,419.4654715981602,86.79514871785224,0.0,0.807121891738106,0.8974358974358975,0.10256410256410256,5.3777624563866695,50.0
pp_quantile_calibrated,FOODS_3_588_WI_3,909.930559842019,895.3508489235577,14.579710918461302,0.0,0.9821981551667139,0.9871794871794872,0.01282051282051282,11.478857037481509,91.0
pp_quantile_calibrated,FOODS_3_596_WI_1,1242.9666723499074,1008.6632793260862,234.30339302382126,0.0,0.8362659727296846,0.8461538461538461,0.15384615384615385,12.931580504180593,159.0
pp_quantile_calibrated,FOODS_3_599_TX_3,1920.6076321112548,1920.6076321112548,0.0,0.0,1.0,1.0,0.0,24.623174770657112,2.0
pp_quantile_calibrated,FOODS_3_605_WI_3,1304.8035839526508,1259.8035839526508,45.0,0.0,0.868421052631579,0.9487179487179487,0.05128205128205128,16.151327999392958,38.0
pp_quantile_calibrated,FOODS_3_606_TX_3,737.9027863779164,637.6496108708012,100.25317550711522,0.0,0.8286270504151877,0.9230769230769231,0.07692307692307693,8.174995011164118,65.0
pp_quantile_calibrated,FOODS_3_608_CA_3,1108.6784250403562,1102.6477415499571,6.030683490399078,0.0,0.9868612560122024,0.9871794871794872,0.01282051282051282,14.136509507050732,51.0
pp_quantile_calibrated,FOODS_3_610_TX_1,882.9002388943351,882.9002388943351,0.0,0.0,1.0,1.0,0.0,11.319233831978655,16.0
pp_quantile_calibrated,FOODS_3_615_CA_4,809.582342381447,736.2350790006244,73.34726338082264,0.0,0.9133011071148667,0.9230769230769231,0.07692307692307693,9.438911269238774,94.0
pp_quantile_calibrated,FOODS_3_618_WI_3,3503.104847921122,2617.5048479211237,885.5999999999988,0.0,0.4377142857142865,0.8461538461538461,0.15384615384615385,33.55775446052723,175.0
pp_quantile_calibrated,FOODS_3_625_TX_1,417.46344114290156,417.46344114290156,0.0,0.0,1.0,1.0,0.0,5.352095399267968,4.0
pp_quantile_calibrated,FOODS_3_626_WI_1,532.8917571807128,532.8917571807128,0.0,0.0,1.0,1.0,0.0,6.831945604880934,19.0
pp_quantile_calibrated,FOODS_3_626_WI_2,744.0674359726236,720.6674359726239,23.399999999999693,0.0,0.8700000000000017,0.9743589743589743,0.02564102564102564,9.239326102213127,20.0
pp_quantile_calibrated,FOODS_3_628_WI_1,2881.3792902224163,2232.23306310197,649.1462271204463,0.0,0.7820925722992795,0.8205128205128205,0.1794871794871795,28.61837260387141,331.0
pp_quantile_calibrated,FOODS_3_633_WI_1,1455.3212391896418,1446.9882207952974,8.333018394344442,0.0,0.9855329541764853,0.9871794871794872,0.01282051282051282,18.551131035837145,64.0
pp_quantile_calibrated,FOODS_3_634_CA_4,2675.040770293863,2251.927036142236,423.1137341516268,0.0,0.7928958716830021,0.8589743589743589,0.14102564102564102,28.870859437720974,227.0
pp_quantile_calibrated,FOODS_3_638_TX_3,807.2479561170746,779.2478000220297,28.000156095044982,0.0,0.9401706066345192,0.9615384615384616,0.038461538461538464,9.990356410538842,52.0
pp_quantile_calibrated,FOODS_3_640_WI_2,1231.574570802432,1231.574570802432,0.0,0.0,1.0,1.0,0.0,15.789417574390153,82.0
pp_quantile_calibrated,FOODS_3_642_TX_3,935.3812745302848,915.7333713837766,19.647903146508266,0.0,0.9616999938664555,0.9743589743589743,0.02564102564102564,11.740171427997135,57.0
pp_quantile_calibrated,FOODS_3_644_WI_2,839.7587433749127,839.7587433749127,0.0,0.0,1.0,1.0,0.0,10.766137735575803,10.0
pp_quantile_calibrated,FOODS_3_646_CA_2,1942.2121761728567,1787.3025906171442,154.9095855557124,0.0,0.7131303971190512,0.8974358974358975,0.10256410256410256,22.914135777142874,60.0
pp_quantile_calibrated,FOODS_3_646_WI_3,1840.6965029315306,1723.6965029315306,117.0,0.0,0.8505747126436781,0.9230769230769231,0.07692307692307693,22.098673114506802,87.0
pp_quantile_calibrated,FOODS_3_651_CA_2,1445.8238446646062,1248.0560596326893,197.76778503191687,0.0,0.9242269022866217,0.8974358974358975,0.10256410256410256,16.000718713239607,290.0
pp_quantile_calibrated,FOODS_3_657_CA_4,1090.5718132025193,1085.7998356165876,4.771977585931694,0.0,0.988953755588121,0.9871794871794872,0.01282051282051282,13.920510713033176,48.0
pp_quantile_calibrated,FOODS_3_658_WI_1,1060.138139997454,913.8944867887436,146.2436532087102,0.0,0.7833427359870959,0.8974358974358975,0.10256410256410256,11.716595984471072,75.0
pp_quantile_calibrated,FOODS_3_658_WI_3,594.1557941141147,590.099802390779,4.055991723335655,0.0,0.988140375077966,0.9871794871794872,0.01282051282051282,7.565382081933064,38.0
pp_quantile_calibrated,FOODS_3_662_WI_2,474.54100402178574,474.54100402178574,0.0,0.0,1.0,1.0,0.0,6.08385902592033,11.0
pp_quantile_calibrated,FOODS_3_663_CA_1,4524.0,4524.0,0.0,0.0,1.0,1.0,0.0,58.0,0.0
pp_quantile_calibrated,FOODS_3_663_TX_2,814.0349509845582,646.1296676496997,167.90528333485844,0.0,0.7779030643718803,0.8461538461538461,0.15384615384615385,8.283713687816663,84.0
pp_quantile_calibrated,FOODS_3_667_TX_3,450.3705306576723,435.9157478070013,14.454782850670998,0.0,0.8764548474301624,0.9743589743589743,0.02564102564102564,5.588663433423093,13.0
pp_quantile_calibrated,FOODS_3_668_WI_3,4064.7258726841906,3116.7398930618415,947.985979622349,0.0,0.8549149097608892,0.8717948717948718,0.1282051282051282,39.958203757203094,726.0
pp_quantile_calibrated,FOODS_3_669_TX_1,4765.710779798132,4632.710183434764,133.00059636336766,0.0,0.9155551769121475,0.9102564102564102,0.08974358974358974,59.39372030044569,175.0
pp_quantile_calibrated,FOODS_3_670_CA_4,859.0329799968661,859.0329799968661,0.0,0.0,1.0,1.0,0.0,11.013243333293154,21.0
pp_quantile_calibrated,FOODS_3_672_TX_2,6477.083351747603,4568.137931847112,1908.9454199004915,0.0,0.7328651805344961,0.7435897435897436,0.2564102564102564,58.56587092111682,794.0
pp_quantile_calibrated,FOODS_3_677_WI_2,681.7528974034938,674.2577077642732,7.495189639220619,0.0,0.9890421204104961,0.9871794871794872,0.01282051282051282,8.644329586721451,76.0
pp_quantile_calibrated,FOODS_3_691_WI_1,584.3587876047211,584.3587876047211,0.0,0.0,1.0,1.0,0.0,7.491779328265655,31.0
pp_quantile_calibrated,FOODS_3_693_WI_2,533.529784242959,533.529784242959,0.0,0.0,1.0,1.0,0.0,6.8401254390122945,7.0
pp_quantile_calibrated,FOODS_3_694_WI_3,20199.742123588436,14873.301492634864,5326.440630953572,0.0,0.8344540596440226,0.8333333333333334,0.16666666666666666,190.68335246967774,3575.0
pp_quantile_calibrated,FOODS_3_705_TX_2,588.8691269411339,570.030215906606,18.838911034527936,0.0,0.9554635672942601,0.9615384615384616,0.038461538461538464,7.308079691110334,47.0
pp_quantile_calibrated,FOODS_3_711_CA_3,12360.935886145095,10836.424166255905,1524.511719889189,0.0,0.8404988784380425,0.8333333333333334,0.16666666666666666,138.92851495199878,1062.0
pp_quantile_calibrated,FOODS_3_712_CA_3,1766.7249985590965,1469.7775919077499,296.9474066513467,0.0,0.8012400223217225,0.8846153846153846,0.11538461538461539,18.84330246035577,166.0
pp_quantile_calibrated,FOODS_3_718_TX_1,1207.152346959043,1207.152346959043,0.0,0.0,1.0,1.0,0.0,15.47631214050055,6.0
pp_quantile_calibrated,FOODS_3_723_WI_3,12885.29070836407,8892.207327716951,3993.083380647118,0.0,0.8130316345625734,0.8076923076923077,0.19230769230769232,114.00265804765321,2373.0
pp_quantile_calibrated,FOODS_3_727_WI_3,1996.841786521914,1547.8640695730662,448.9777169488477,0.0,0.8273826539989052,0.8205128205128205,0.1794871794871795,19.844411148372643,289.0
pp_quantile_calibrated,FOODS_3_730_CA_3,770.8426744112373,715.6865170524178,55.156157358819506,0.0,0.9380963441539624,0.9615384615384616,0.038461538461538464,9.175468167338689,99.0
pp_quantile_calibrated,FOODS_3_734_TX_1,4653.965520963905,4599.015171180403,54.9503497835025,0.0,0.9881444768536133,0.9871794871794872,0.01282051282051282,58.96173296385132,515.0
pp_quantile_calibrated,FOODS_3_735_CA_4,523.5315432891587,523.5315432891587,0.0,0.0,1.0,1.0,0.0,6.711942862681521,28.0
pp_quantile_calibrated,FOODS_3_745_TX_3,900.8525604325147,900.8525604325147,0.0,0.0,1.0,1.0,0.0,11.549391800416855,0.0
pp_quantile_calibrated,FOODS_3_746_CA_4,1216.6956757170797,1025.6659564184383,191.02971929864128,0.0,0.8729010516975109,0.8589743589743589,0.14102564102564102,13.149563543826133,167.0
pp_quantile_calibrated,FOODS_3_749_CA_1,2648.9252002230996,2612.9252002230996,36.0,0.0,0.9436619718309859,0.9871794871794872,0.01282051282051282,33.499041028501274,71.0
pp_quantile_calibrated,FOODS_3_750_CA_2,2462.0,2192.0,270.0,0.0,0.5588235294117647,0.8589743589743589,0.14102564102564102,28.102564102564102,68.0
pp_quantile_calibrated,FOODS_3_753_TX_2,1532.977716061808,1419.2832622789085,113.69445378289944,0.0,0.9389723812222763,0.9358974358974359,0.0641025641025641,18.195939259986005,207.0
pp_quantile_calibrated,FOODS_3_755_TX_3,1481.66370466389,1431.9281418262142,49.735562837675815,0.0,0.946863714917013,0.9743589743589743,0.02564102564102564,18.35805310033608,104.0
pp_quantile_calibrated,FOODS_3_756_WI_3,3767.5456776589926,3049.651749812678,717.8939278463145,0.0,0.8454147442191399,0.8461538461538461,0.15384615384615385,39.098099356572796,516.0
pp_quantile_calibrated,FOODS_3_757_CA_3,16583.0,16520.0,63.0,0.0,0.9761092150170648,0.9871794871794872,0.01282051282051282,211.7948717948718,293.0
pp_quantile_calibrated,FOODS_3_763_TX_2,312.5024141391348,312.5024141391348,0.0,0.0,1.0,1.0,0.0,4.006441206911985,10.0
pp_quantile_calibrated,FOODS_3_766_TX_3,368.0241931737058,353.7277364523084,14.296456721397352,0.0,0.9065591063960958,0.9743589743589743,0.02564102564102564,4.534970980157801,17.0
pp_quantile_calibrated,FOODS_3_768_CA_2,1262.9065154727336,1016.1154060623267,246.79110941040693,0.0,0.8327973513479627,0.8717948717948718,0.1282051282051282,13.02712059054265,164.0
pp_quantile_calibrated,FOODS_3_770_WI_3,643.6093895556143,643.6093895556143,0.0,0.0,1.0,1.0,0.0,8.251402430200184,47.0
pp_quantile_calibrated,FOODS_3_774_WI_2,691.6111021274269,666.8978741584308,24.71322796899603,0.0,0.9439609343106666,0.9487179487179487,0.05128205128205128,8.549972745620908,49.0
pp_quantile_calibrated,FOODS_3_779_CA_1,917.2652027381088,917.2652027381088,0.0,0.0,1.0,1.0,0.0,11.759810291514215,27.0
pp_quantile_calibrated,FOODS_3_783_CA_1,2746.8811821263675,2353.0637084129435,393.8174737134242,0.0,0.8657745488365971,0.8846153846153846,0.11538461538461539,30.16748344119158,326.0
pp_quantile_calibrated,FOODS_3_783_TX_3,12544.19999999998,12544.19999999998,0.0,0.0,1.0,1.0,0.0,160.82307692307668,96.0
pp_quantile_calibrated,FOODS_3_786_CA_2,848.6030461917998,671.6280730740287,176.97497311777101,0.0,0.7230438605355697,0.8717948717948718,0.1282051282051282,8.610616321461906,71.0
pp_quantile_calibrated,FOODS_3_788_WI_2,2475.28356571874,2159.8070558936465,315.4765098250938,0.0,0.7631557734045842,0.8717948717948718,0.1282051282051282,27.689834049918545,148.0
pp_quantile_calibrated,FOODS_3_791_CA_4,676.2402425331686,675.0067236881123,1.2335188450562669,0.0,0.9974140066141378,0.9871794871794872,0.01282051282051282,8.6539323549758,53.0
pp_quantile_calibrated,FOODS_3_791_WI_2,1723.1753948788516,1723.1753948788516,0.0,0.0,1.0,1.0,0.0,22.09199224203656,37.0
pp_quantile_calibrated,FOODS_3_792_CA_1,1267.0592945054,1091.5580321580944,175.5012623473056,0.0,0.8788811163924736,0.8974358974358975,0.10256410256410256,13.994333745616595,161.0
pp_quantile_calibrated,FOODS_3_793_WI_1,1641.9339045898241,1344.408663655675,297.5252409341492,0.0,0.8517562327184109,0.9102564102564102,0.08974358974358974,17.236008508406087,223.0
pp_quantile_calibrated,FOODS_3_795_WI_2,1728.0824281395771,1577.3338308177972,150.74859732178004,0.0,0.9401791280469126,0.9102564102564102,0.08974358974358974,20.22222860022817,280.0
pp_quantile_calibrated,FOODS_3_799_TX_1,373.457736240938,373.457736240938,0.0,0.0,1.0,1.0,0.0,4.787919695396641,6.0
pp_quantile_calibrated,FOODS_3_802_WI_3,511.22384499620205,510.14660141197083,1.0772435842312067,0.0,0.9960102089472919,0.9871794871794872,0.01282051282051282,6.540341043743216,30.0
pp_quantile_calibrated,FOODS_3_805_TX_1,1102.7251832612853,961.17057644321,141.55460681807523,0.0,0.8689309196128934,0.9102564102564102,0.08974358974358974,12.322699697989872,120.0
pp_quantile_calibrated,FOODS_3_806_CA_1,916.2003590232242,916.2003590232242,0.0,0.0,1.0,1.0,0.0,11.746158449015695,21.0
pp_quantile_calibrated,FOODS_3_806_CA_4,609.379387947244,609.379387947244,0.0,0.0,1.0,1.0,0.0,7.812556255733898,10.0
pp_quantile_calibrated,FOODS_3_809_CA_1,1795.6486191070396,1447.1392623247316,348.50935678230803,0.0,0.7906850710016168,0.8205128205128205,0.1794871794871795,18.553067465701687,185.0
pp_quantile_calibrated,FOODS_3_810_WI_2,1866.6483275434314,1852.8447549086036,13.803572634827798,0.0,0.9666580371139425,0.9743589743589743,0.02564102564102564,23.754419934725686,46.0
pp_quantile_calibrated,FOODS_3_813_TX_1,558.5624198414599,494.2716294317539,64.29079040970596,0.0,0.7354288460505928,0.9102564102564102,0.08974358974358974,6.336815761945563,27.0
pp_quantile_calibrated,FOODS_3_814_CA_3,1423.4805612346254,1264.6481733058442,158.83238792878115,0.0,0.9139119848624492,0.9102564102564102,0.08974358974358974,16.213438119305696,205.0
pp_quantile_calibrated,FOODS_3_818_CA_3,3512.963233205802,3200.0744033575306,312.8888298482717,0.0,0.9128686076724388,0.9230769230769231,0.07692307692307693,41.02659491484014,399.0
pp_quantile_calibrated,FOODS_3_821_TX_2,366.1620456608484,359.8854103449576,6.276635315890772,0.0,0.9865883860771565,0.9743589743589743,0.02564102564102564,4.613915517243046,52.0
pp_quantile_calibrated,FOODS_3_824_TX_3,222.31113924114408,205.37243364711665,16.938705594027414,0.0,0.6235843201327241,0.9743589743589743,0.02564102564102564,2.6329799185527776,5.0
pp_quantile_calibrated,HOBBIES_1_004_WI_3,1964.3215913832544,1913.4401012639937,50.88149011926071,0.0,0.9578097096855217,0.9871794871794872,0.01282051282051282,24.53128334953838,134.0
pp_quantile_calibrated,HOBBIES_1_005_WI_1,654.5132724443118,648.6303863729026,5.882886071409242,0.0,0.9897866561260256,0.9871794871794872,0.01282051282051282,8.315774184267983,64.0
pp_quantile_calibrated,HOBBIES_1_009_CA_1,1106.6274558927103,1085.96863973177,20.65881616094013,0.0,0.9180205707899202,0.9615384615384616,0.038461538461538464,13.922674868356026,28.0
pp_quantile_calibrated,HOBBIES_1_009_CA_4,2360.1131379401936,2360.1131379401936,0.0,0.0,1.0,1.0,0.0,30.257860742822995,136.0
pp_quantile_calibrated,HOBBIES_1_010_CA_3,478.1194999510948,412.49167553277937,65.62782441831543,0.0,0.8541603901815213,0.9358974358974359,0.0641025641025641,5.288354814522813,50.0
pp_quantile_calibrated,HOBBIES_1_012_TX_2,230.42827313815098,222.4634801565363,7.9647929816147,0.0,0.9557511501021405,0.9743589743589743,0.02564102564102564,2.852095899442773,20.0
pp_quantile_calibrated,HOBBIES_1_023_CA_3,951.370779077038,674.7388846067406,276.6318944702974,0.0,0.7804508774045258,0.8461538461538461,0.15384615384615385,8.650498520599239,140.0
pp_quantile_calibrated,HOBBIES_1_026_CA_4,555.4048158571874,486.88568419171776,68.51913166546957,0.0,0.8709620872590027,0.9230769230769231,0.07692307692307693,6.242124156304074,59.0
pp_quantile_calibrated,HOBBIES_1_027_CA_1,533.3032742193332,533.3032742193332,0.0,0.0,1.0,1.0,0.0,6.837221464350425,34.0
pp_quantile_calibrated,HOBBIES_1_028_WI_3,288.1249822590881,236.75729742203464,51.367684837053446,0.0,0.7716991785019846,0.9358974358974359,0.0641025641025641,3.035349966949162,25.0
pp_quantile_calibrated,HOBBIES_1_029_WI_3,289.84961866296163,265.2526993677085,24.59691929525313,0.0,0.8178005978129399,0.9615384615384616,0.038461538461538464,3.4006756329193397,15.0
pp_quantile_calibrated,HOBBIES_1_030_WI_2,1128.3372840696716,1091.6159073818246,36.721376687846906,0.0,0.9546649670520407,0.9871794871794872,0.01282051282051282,13.995075735664418,90.0
pp_quantile_calibrated,HOBBIES_1_032_CA_2,7101.543062658619,6253.230460081779,848.3126025768404,0.0,0.8304731010038289,0.9358974358974359,0.0641025641025641,80.16962128309973,556.0
pp_quantile_calibrated,HOBBIES_1_043_TX_2,763.4439147855915,763.4439147855915,0.0,0.0,1.0,1.0,0.0,9.787742497251173,86.0
pp_quantile_calibrated,HOBBIES_1_043_WI_3,2101.9240761485303,1910.8408331553187,191.0832429932114,0.0,0.886462719552459,0.9230769230769231,0.07692307692307693,24.497959399427163,187.0
pp_quantile_calibrated,HOBBIES_1_045_CA_4,507.3007575834445,472.60842214612387,34.69233543732063,0.0,0.7246640044657092,0.9615384615384616,0.038461538461538464,6.059082335206717,14.0
pp_quantile_calibrated,HOBBIES_1_050_TX_3,307.3967789633774,209.53194135240926,97.86483761096812,0.0,0.741098313198497,0.8589743589743589,0.14102564102564102,2.6863069404155033,42.0
pp_quantile_calibrated,HOBBIES_1_054_CA_4,110.1409133669654,110.1409133669654,0.0,0.0,1.0,1.0,0.0,1.4120629918841718,13.0
pp_quantile_calibrated,HOBBIES_1_057_WI_1,935.0598241336959,881.2353867693071,53.82443736438883,0.0,0.9120515729340052,0.9615384615384616,0.038461538461538464,11.297889573965476,68.0
pp_quantile_calibrated,HOBBIES_1_061_CA_4,276.93859736163097,266.913777774723,10.024819586907991,0.0,0.8886131157010222,0.9871794871794872,0.01282051282051282,3.421971509932346,10.0
pp_quantile_calibrated,HOBBIES_1_065_CA_4,152.81447881229232,152.64329839145014,0.17118042084217944,0.0,0.9972828504628225,0.9871794871794872,0.01282051282051282,1.9569653639929505,7.0
pp_quantile_calibrated,HOBBIES_1_070_WI_2,155.02310600845524,147.82674851118975,7.196357497265491,0.0,0.9200404722526055,0.9743589743589743,0.02564102564102564,1.8952147245024327,10.0
pp_quantile_calibrated,HOBBIES_1_073_CA_2,573.8242343364573,469.1811836302906,104.64305070616672,0.0,0.7960174450172189,0.9230769230769231,0.07692307692307693,6.0151433798755205,57.0
pp_quantile_calibrated,HOBBIES_1_074_TX_2,468.6772877215698,439.9059617076524,28.77132601391744,0.0,0.9536693622964292,0.9743589743589743,0.02564102564102564,5.639820021892979,69.0
pp_quantile_calibrated,HOBBIES_1_086_CA_3,1085.698632959942,877.7826711481279,207.91596181181407,0.0,0.7918759141022882,0.8461538461538461,0.15384615384615385,11.253623989078562,111.0
pp_quantile_calibrated,HOBBIES_1_092_CA_3,310.6345840227419,280.5619907046851,30.072593318056775,0.0,0.89874547704358,0.9487179487179487,0.05128205128205128,3.596948598778014,33.0
pp_quantile_calibrated,HOBBIES_1_092_TX_1,473.2667919447534,438.5275715863787,34.73922035837465,0.0,0.866899538856802,0.9487179487179487,0.05128205128205128,5.6221483536715215,29.0
pp_quantile_calibrated,HOBBIES_1_103_CA_2,3169.497861846993,2943.0045027583024,226.49335908869068,0.0,0.9278913215254089,0.9102564102564102,0.08974358974358974,37.73082695843977,349.0
pp_quantile_calibrated,HOBBIES_1_106_TX_3,531.2248930781383,531.2248930781383,0.0,0.0,1.0,1.0,0.0,6.810575552283824,31.0
pp_quantile_calibrated,HOBBIES_1_106_WI_3,284.198946032973,275.198946032973,9.0,0.0,0.9090909090909091,0.9871794871794872,0.01282051282051282,3.5281916158073465,11.0
pp_quantile_calibrated,HOBBIES_1_107_WI_2,807.2847121493072,687.3834689056841,119.9012432436231,0.0,0.7335527927919486,0.8974358974358975,0.10256410256410256,8.812608575713899,50.0
pp_quantile_calibrated,HOBBIES_1_108_CA_3,791.1370969807883,654.6712936125125,136.46580336827589,0.0,0.7667251224473917,0.9102564102564102,0.08974358974358974,8.39322171298093,65.0
pp_quantile_calibrated,HOBBIES_1_109_CA_3,1228.0,1201.0,27.0,0.0,0.9117647058823529,0.9615384615384616,0.038461538461538464,15.397435897435898,34.0
pp_quantile_calibrated,HOBBIES_1_110_CA_3,400.12158873196347,366.36069446960903,33.76089426235444,0.0,0.8213709298288124,0.9615384615384616,0.038461538461538464,4.696931980379603,21.0
pp_quantile_calibrated,HOBBIES_1_110_WI_3,152.82577476651923,145.77649089286396,7.049283873655271,0.0,0.9347288530217105,0.9871794871794872,0.01282051282051282,1.8689293704213328,12.0
pp_quantile_calibrated,HOBBIES_1_113_TX_2,364.1077283954305,332.6075242203956,31.500204175034895,0.0,0.8333322530421434,0.9615384615384616,0.038461538461538464,4.26419902846661,21.0
pp_quantile_calibrated,HOBBIES_1_116_CA_1,463.8491341550696,365.63642941262606,98.2127047424435,0.0,0.7772954540987675,0.8589743589743589,0.14102564102564102,4.6876465309311035,49.0
pp_quantile_calibrated,HOBBIES_1_116_WI_3,250.77048652469486,236.616098406527,14.154388118167876,0.0,0.8570263826447689,0.9743589743589743,0.02564102564102564,3.0335397231606023,11.0
pp_quantile_calibrated,HOBBIES_1_117_CA_1,374.94561212875993,333.4026686526688,41.54294347609111,0.0,0.7570588100813386,0.9102564102564102,0.08974358974358974,4.274393187854728,19.0
pp_quantile_calibrated,HOBBIES_1_122_WI_3,564.303273465778,564.303273465778,0.0,0.0,1.0,1.0,0.0,7.234657352125359,8.0
pp_quantile_calibrated,HOBBIES_1_124_TX_3,535.2193028268988,508.53874256765044,26.680560259248384,0.0,0.8859805117126137,0.9871794871794872,0.01282051282051282,6.519727468816031,26.0
pp_quantile_calibrated,HOBBIES_1_133_WI_1,546.0,546.0,0.0,0.0,1.0,1.0,0.0,7.0,0.0
pp_quantile_calibrated,HOBBIES_1_134_CA_4,1673.2403540698685,1597.2753176649994,75.96503640486907,0.0,0.9629800017520131,0.9615384615384616,0.038461538461538464,20.477888688012815,228.0
pp_quantile_calibrated,HOBBIES_1_135_WI_1,561.6561098352222,557.6899095951578,3.9662002400644205,0.0,0.9913590408713193,0.9743589743589743,0.02564102564102564,7.149870635835357,51.0
pp_quantile_calibrated,HOBBIES_1_137_TX_1,545.5073031661419,431.03082272305323,114.47648044308865,0.0,0.7350081471224801,0.8846153846153846,0.11538461538461539,5.526036188757093,48.0
pp_quantile_calibrated,HOBBIES_1_143_WI_1,253.2350512387382,211.31280792779302,41.922243310945206,0.0,0.7882714984295697,0.9358974358974359,0.0641025641025641,2.7091385631768334,22.0
pp_quantile_calibrated,HOBBIES_1_151_TX_1,416.2003972221979,370.2841674964367,45.91622972576127,0.0,0.9037395603233516,0.9358974358974359,0.0641025641025641,4.747232916620983,53.0
pp_quantile_calibrated,HOBBIES_1_152_CA_1,932.1963234474297,909.513799083391,22.682524364038695,0.0,0.9639959930729544,0.9615384615384616,0.038461538461538464,11.660433321581936,70.0
pp_quantile_calibrated,HOBBIES_1_152_CA_3,813.1207590271629,750.313780757843,62.80697826931986,0.0,0.8926376439840686,0.9230769230769231,0.07692307692307693,9.619407445613373,65.0
pp_quantile_calibrated,HOBBIES_1_155_CA_2,762.1709905891885,628.9712427802284,133.19974780896,0.0,0.8642204405617125,0.9102564102564102,0.08974358974358974,8.0637338817978,109.0
pp_quantile_calibrated,HOBBIES_1_162_TX_1,247.0,247.0,0.0,0.0,1.0,1.0,0.0,3.1666666666666665,6.0
pp_quantile_calibrated,HOBBIES_1_162_TX_2,350.6855584280964,309.0941860590812,41.59137236901517,0.0,0.8222590924401062,0.9230769230769231,0.07692307692307693,3.962745975116426,26.0
pp_quantile_calibrated,HOBBIES_1_170_TX_2,227.35988578199456,215.65570881568516,11.704176966309408,0.0,0.907109706616592,0.9615384615384616,0.038461538461538464,2.7648167796882714,14.0
pp_quantile_calibrated,HOBBIES_1_173_CA_4,282.3221232741217,271.78185746497945,10.540265809142209,0.0,0.9414429677269878,0.9743589743589743,0.02564102564102564,3.484382788012557,20.0
pp_quantile_calibrated,HOBBIES_1_175_WI_1,441.46808533256353,441.46808533256353,0.0,0.0,1.0,1.0,0.0,5.659847247853379,12.0
pp_quantile_calibrated,HOBBIES_1_176_TX_3,411.6679497341943,313.24848621374434,98.41946352044991,0.0,0.7936698877977989,0.8589743589743589,0.14102564102564102,4.016006233509543,53.0
pp_quantile_calibrated,HOBBIES_1_184_CA_1,408.8344197027428,408.8344197027428,0.0,0.0,1.0,1.0,0.0,5.2414669192659336,10.0
pp_quantile_calibrated,HOBBIES_1_186_TX_1,211.982994602583,206.7151293059996,5.267865296583406,0.0,0.9512234694760796,0.9743589743589743,0.02564102564102564,2.650193965461533,12.0
pp_quantile_calibrated,HOBBIES_1_187_CA_2,243.60017665469002,229.30039257258204,14.29978408210799,0.0,0.9277788682721819,0.9615384615384616,0.038461538461538464,2.9397486227254106,22.0
pp_quantile_calibrated,HOBBIES_1_190_TX_2,218.8629227710835,217.86676898271682,0.9961537883666756,0.0,0.9899378405215487,0.9871794871794872,0.01282051282051282,2.793163704906626,11.0
pp_quantile_calibrated,HOBBIES_1_194_TX_3,1041.6005467140697,963.8336255837684,77.76692113030126,0.0,0.9267731439451025,0.9487179487179487,0.05128205128205128,12.356841353638057,118.0
pp_quantile_calibrated,HOBBIES_1_200_CA_4,418.6038252119773,352.058697694908,66.54512751706929,0.0,0.8521219388509573,0.9230769230769231,0.07692307692307693,4.513573047370615,50.0
pp_quantile_calibrated,HOBBIES_1_209_CA_3,6622.864484001532,5851.635030630579,771.2294533709525,0.0,0.8236786800706556,0.8333333333333334,0.16666666666666666,75.02096193116128,486.0
pp_quantile_calibrated,HOBBIES_1_212_CA_2,440.8083131654684,440.8083131654684,0.0,0.0,1.0,1.0,0.0,5.651388630326518,6.0
pp_quantile_calibrated,HOBBIES_1_232_WI_3,1390.064139695527,1273.064139695527,117.0,0.0,0.7291666666666666,0.9743589743589743,0.02564102564102564,16.32133512430163,48.0
pp_quantile_calibrated,HOBBIES_1_239_TX_1,329.7287814476697,303.2355127303784,26.493268717291322,0.0,0.8160189672410325,0.9487179487179487,0.05128205128205128,3.887634778594595,16.0
pp_quantile_calibrated,HOBBIES_1_240_CA_2,787.7888601411868,645.5959264519958,142.19293368919105,0.0,0.8466095645208294,0.8589743589743589,0.14102564102564102,8.276870851948663,103.0
pp_quantile_calibrated,HOBBIES_1_242_TX_3,643.3604609632205,615.143578624852,28.2168823383685,0.0,0.9270881593323812,0.9743589743589743,0.02564102564102564,7.886456136216052,43.0
pp_quantile_calibrated,HOBBIES_1_245_TX_1,119.53072435048358,99.7561826894349,19.774541661048687,0.0,0.7802828704327924,0.9487179487179487,0.05128205128205128,1.2789254190953192,10.0
pp_quantile_calibrated,HOBBIES_1_245_WI_1,436.4951491097133,364.41890960239914,72.07623950731416,0.0,0.7497352794884925,0.9102564102564102,0.08974358974358974,4.672037302594861,32.0
pp_quantile_calibrated,HOBBIES_1_252_TX_1,1372.0434557801377,1327.141231285449,44.902224494688724,0.0,0.9109082847327604,0.9487179487179487,0.05128205128205128,17.014631170326272,56.0
pp_quantile_calibrated,HOBBIES_1_257_CA_2,453.36886428495285,447.49175517312807,5.877109111824764,0.0,0.9656309408665218,0.9871794871794872,0.01282051282051282,5.737073784270873,19.0
pp_quantile_calibrated,HOBBIES_1_261_WI_3,2245.3011092328825,1783.3448466430718,461.9562625898107,0.0,0.7132487507201672,0.9615384615384616,0.038461538461538464,22.863395469782972,179.0
pp_quantile_calibrated,HOBBIES_1_264_TX_2,292.561061365862,280.2906529661013,12.270408399760713,0.0,0.9599006261445728,0.9743589743589743,0.02564102564102564,3.593469909821811,34.0
pp_quantile_calibrated,HOBBIES_1_267_CA_3,287.27066232157637,287.27066232157637,0.0,0.0,1.0,1.0,0.0,3.6829572092509792,14.0
pp_quantile_calibrated,HOBBIES_1_267_WI_2,129.4018600436539,128.91382674287829,0.48803330077562457,0.0,0.9909623462819329,0.9871794871794872,0.01282051282051282,1.6527413684984396,6.0
pp_quantile_calibrated,HOBBIES_1_277_CA_1,1568.0,1568.0,0.0,0.0,1.0,1.0,0.0,20.102564102564102,17.0
pp_quantile_calibrated,HOBBIES_1_279_CA_4,498.52580342466877,454.0798571580748,44.44594626659397,0.0,0.9050300293448846,0.9871794871794872,0.01282051282051282,5.821536630231728,52.0
pp_quantile_calibrated,HOBBIES_1_279_TX_3,534.8803793981947,502.2502122098481,32.63016718834664,0.0,0.9489355756050915,0.9487179487179487,0.05128205128205128,6.439105284741642,71.0
pp_quantile_calibrated,HOBBIES_1_285_CA_4,251.65305950112963,251.65305950112963,0.0,0.0,1.0,1.0,0.0,3.226321275655508,8.0
pp_quantile_calibrated,HOBBIES_1_287_WI_1,579.5543792678378,579.1824601661502,0.37191910168752607,0.0,0.9989125172465277,0.9871794871794872,0.01282051282051282,7.4254161559762855,38.0
pp_quantile_calibrated,HOBBIES_1_289_WI_1,640.8781237399814,496.74618534557214,144.13193839440927,0.0,0.7416990351354673,0.8974358974358975,0.10256410256410256,6.368540837763746,62.0
pp_quantile_calibrated,HOBBIES_1_290_CA_4,380.588542771346,380.588542771346,0.0,0.0,1.0,1.0,0.0,4.879340291940333,3.0
pp_quantile_calibrated,HOBBIES_1_296_CA_1,538.6825399915961,499.54204443717003,39.14049555442599,0.0,0.8791960013752284,0.9230769230769231,0.07692307692307693,6.404385185091924,36.0
pp_quantile_calibrated,HOBBIES_1_297_CA_1,1200.5327490251084,931.7676716453419,268.7650773797666,0.0,0.8303250774117636,0.8846153846153846,0.11538461538461539,11.945739380068487,176.0
pp_quantile_calibrated,HOBBIES_1_306_CA_4,542.8947759242051,471.20243333594493,71.69234258826012,0.0,0.8147484687641857,0.9230769230769231,0.07692307692307693,6.04105683764032,43.0
pp_quantile_calibrated,HOBBIES_1_306_WI_3,207.15883138528426,194.7157754979212,12.443055887363087,0.0,0.9186728373374962,0.9487179487179487,0.05128205128205128,2.4963560961271947,17.0
pp_quantile_calibrated,HOBBIES_1_309_WI_1,346.52312519841377,298.0876459318767,48.43547926653707,0.0,0.6636425050934925,0.9358974358974359,0.0641025641025641,3.8216364863061116,16.0
pp_quantile_calibrated,HOBBIES_1_312_TX_3,1087.2085464575873,1020.1193963060985,67.08915015148892,0.0,0.8978856162077793,0.9487179487179487,0.05128205128205128,13.078453798796135,73.0
pp_quantile_calibrated,HOBBIES_1_319_TX_1,1771.3393326390267,1705.6662412979601,65.67309134106645,0.0,0.9459480729703157,0.9615384615384616,0.038461538461538464,21.867515914076414,135.0
pp_quantile_calibrated,HOBBIES_1_323_CA_3,1045.1695973083492,789.260281280405,255.9093160279443,0.0,0.7630469296037553,0.8205128205128205,0.1794871794871795,10.118721554876988,120.0
pp_quantile_calibrated,HOBBIES_1_328_TX_1,231.85588019061223,231.85588019061223,0.0,0.0,1.0,1.0,0.0,2.9725112844950283,7.0
pp_quantile_calibrated,HOBBIES_1_332_WI_1,665.9050382187988,605.5646016824992,60.34043653629962,0.0,0.8900902795331519,0.9230769230769231,0.07692307692307693,7.76364873951922,61.0
pp_quantile_calibrated,HOBBIES_1_333_CA_2,523.5184314305773,445.6230893069648,77.89534212361252,0.0,0.8647650310353949,0.9358974358974359,0.0641025641025641,5.713116529576472,64.0
pp_quantile_calibrated,HOBBIES_1_333_TX_1,228.76143700751373,213.39723149297996,15.36420551453378,0.0,0.8780618609957637,0.9871794871794872,0.01282051282051282,2.7358619422176917,14.0
pp_quantile_calibrated,HOBBIES_1_334_TX_1,180.5662039124298,173.1215970115568,7.444606900873019,0.0,0.9248019504962322,0.9871794871794872,0.01282051282051282,2.219507653994318,11.0
pp_quantile_calibrated,HOBBIES_1_344_CA_3,774.9764003675689,762.078553262395,12.897847105173973,0.0,0.9844228899695966,0.9871794871794872,0.01282051282051282,9.770237862338396,92.0
pp_quantile_calibrated,HOBBIES_1_346_CA_4,368.74498420679254,360.7539306273384,7.991053579454178,0.0,0.9532686925178119,0.9871794871794872,0.01282051282051282,4.625050392658184,19.0
pp_quantile_calibrated,HOBBIES_1_348_CA_4,7004.538779416533,6561.895194258104,442.64358515842844,0.0,0.8812013995817423,0.9487179487179487,0.05128205128205128,84.1268614648475,414.0
pp_quantile_calibrated,HOBBIES_1_352_CA_2,716.7746571695797,670.3977216974862,46.37693547209345,0.0,0.93937655493844,0.9615384615384616,0.038461538461538464,8.594842585865207,85.0
pp_quantile_calibrated,HOBBIES_1_361_CA_4,336.2900020848834,306.82120371033625,29.468798374547134,0.0,0.890856302316492,0.9358974358974359,0.0641025641025641,3.9336051757735415,30.0
pp_quantile_calibrated,HOBBIES_1_362_WI_2,290.76330855347317,290.76330855347317,0.0,0.0,1.0,1.0,0.0,3.727734725044528,4.0
pp_quantile_calibrated,HOBBIES_1_367_TX_1,499.2912517302094,445.2857961592774,54.00545557093196,0.0,0.8846037274125386,0.9230769230769231,0.07692307692307693,5.708792258452275,52.0
pp_quantile_calibrated,HOBBIES_1_368_CA_1,301.89857276489664,265.6523522999964,36.246220464900254,0.0,0.8779588536535344,0.9487179487179487,0.05128205128205128,3.405799388461492,33.0
pp_quantile_calibrated,HOBBIES_1_372_TX_1,642.7749841928995,581.5565405889195,61.21844360398008,0.0,0.8953530878564443,0.9102564102564102,0.08974358974358974,7.455853084473326,65.0
pp_quantile_calibrated,HOBBIES_1_373_TX_1,412.03884489841926,377.66855793263784,34.370286965781425,0.0,0.9169799831744411,0.9487179487179487,0.05128205128205128,4.841904588879972,46.0
pp_quantile_calibrated,HOBBIES_1_374_WI_3,183.77146277051202,161.929319587786,21.842143182726,0.0,0.857240894230549,0.9487179487179487,0.05128205128205128,2.076016917792128,17.0
pp_quantile_calibrated,HOBBIES_1_375_WI_1,183.42769818478084,165.60315599001757,17.824542194763268,0.0,0.7524369139616213,0.9615384615384616,0.038461538461538464,2.1231173844874047,8.0
pp_quantile_calibrated,HOBBIES_1_380_CA_2,627.4136654547542,606.3710014269219,21.042664027832313,0.0,0.913404674782583,0.9743589743589743,0.02564102564102564,7.77398719778105,27.0
pp_quantile_calibrated,HOBBIES_1_381_TX_2,2679.4361526063312,2548.7035228233703,130.73262978296074,0.0,0.9544644271045067,0.9230769230769231,0.07692307692307693,32.67568619004321,319.0
pp_quantile_calibrated,HOBBIES_1_385_CA_1,942.0,942.0,0.0,0.0,1.0,1.0,0.0,12.076923076923077,8.0
pp_quantile_calibrated,HOBBIES_1_386_CA_3,1872.0,1872.0,0.0,0.0,1.0,1.0,0.0,24.0,15.0
pp_quantile_calibrated,HOBBIES_1_386_WI_3,210.17518702375736,210.06939329771117,0.1057937260461852,0.0,0.9980408569250706,0.9871794871794872,0.01282051282051282,2.693197349970656,6.0
pp_quantile_calibrated,HOBBIES_1_389_CA_3,203.72714272791433,203.72714272791433,0.0,0.0,1.0,1.0,0.0,2.611886445229671,21.0
pp_quantile_calibrated,HOBBIES_1_390_TX_1,224.55993264532196,181.1263712474226,43.43356139789937,0.0,0.6782699155711159,0.8974358974358975,0.10256410256410256,2.3221329647105464,15.0
pp_quantile_calibrated,HOBBIES_1_393_TX_2,199.1654584793434,188.17914828566143,10.986310193681994,0.0,0.935752571966772,0.9743589743589743,0.02564102564102564,2.4125531831495053,19.0
pp_quantile_calibrated,HOBBIES_1_398_TX_3,862.2168028068987,858.6070560974957,3.6097467094030122,0.0,0.988203442126134,0.9871794871794872,0.01282051282051282,11.007782770480715,34.0
pp_quantile_calibrated,HOBBIES_1_399_TX_3,543.5563804334887,543.5563804334887,0.0,0.0,1.0,1.0,0.0,6.968671544019086,5.0
pp_quantile_calibrated,HOBBIES_1_400_CA_3,1584.8217948357794,1562.323819902426,22.497974933353277,0.0,0.9715934659932408,0.9615384615384616,0.038461538461538464,20.029792562851615,88.0
pp_quantile_calibrated,HOBBIES_1_405_TX_3,216.7126166561035,216.7126166561035,0.0,0.0,1.0,1.0,0.0,2.7783668802064554,9.0
pp_quantile_calibrated,HOBBIES_1_406_CA_1,381.4219771473292,381.4219771473292,0.0,0.0,1.0,1.0,0.0,4.890025348042682,7.0
pp_quantile_calibrated,HOBBIES_1_410_TX_1,298.2967551664556,298.2967551664556,0.0,0.0,1.0,1.0,0.0,3.8243173739289182,5.0
pp_quantile_calibrated,HOBBIES_1_415_CA_1,734.453697375446,643.0026574536839,91.45103992176209,0.0,0.8387106879686734,0.9102564102564102,0.08974358974358974,8.243623813508767,63.0
pp_quantile_calibrated,HOBBIES_1_418_TX_1,356.06811906242325,344.1151189152264,11.953000147196864,0.0,0.921875816031393,0.9743589743589743,0.02564102564102564,4.4117322937849535,17.0
pp_quantile_calibrated,HOBBIES_1_419_CA_4,233.34236710920618,233.34236710920618,0.0,0.0,1.0,1.0,0.0,2.991568809092387,5.0
pp_quantile_calibrated,HOBBIES_2_007_TX_3,560.1665450365049,538.1948573408167,21.97168769568811,0.0,0.9158172885222677,0.9615384615384616,0.038461538461538464,6.899934068472009,29.0
pp_quantile_calibrated,HOBBIES_2_008_WI_3,365.2662933646609,346.61439953704974,18.65189382761117,0.0,0.8909245974993499,0.9743589743589743,0.02564102564102564,4.443774353039099,19.0
pp_quantile_calibrated,HOBBIES_2_009_WI_2,240.55291786403527,240.55291786403527,0.0,0.0,1.0,1.0,0.0,3.0840117674876315,7.0
pp_quantile_calibrated,HOBBIES_2_012_TX_2,249.83567328998964,249.6557532895588,0.17992000043086698,0.0,0.998182626258274,0.9871794871794872,0.01282051282051282,3.2007147857635743,11.0
pp_quantile_calibrated,HOBBIES_2_014_WI_1,212.38004577386707,204.66866193754416,7.711383836322915,0.0,0.9285982978118249,0.9871794871794872,0.01282051282051282,2.623957204327489,12.0
pp_quantile_calibrated,HOBBIES_2_018_CA_2,332.5483139494943,332.5483139494943,0.0,0.0,1.0,1.0,0.0,4.263439922429414,19.0
pp_quantile_calibrated,HOBBIES_2_030_TX_2,173.78765767590608,165.70049064141452,8.087167034491557,0.0,0.9183114440960448,0.9871794871794872,0.01282051282051282,2.1243652646335196,11.0
pp_quantile_calibrated,HOBBIES_2_030_WI_2,83.20924631325718,83.20924631325718,0.0,0.0,1.0,1.0,0.0,1.0667852091443228,0.0
pp_quantile_calibrated,HOBBIES_2_031_CA_2,278.6333632134848,260.1579931790255,18.47537003445931,0.0,0.9210454272031653,0.9487179487179487,0.05128205128205128,3.335358886910583,26.0
pp_quantile_calibrated,HOBBIES_2_035_CA_2,456.68119854355797,454.20536665269583,2.4758318908621515,0.0,0.9749915970619984,0.9871794871794872,0.01282051282051282,5.823145726316613,11.0
pp_quantile_calibrated,HOBBIES_2_038_CA_2,401.0824341852349,352.55802694511,48.52440724012493,0.0,0.7926307382900645,0.9358974358974359,0.0641025641025641,4.519974704424487,26.0
pp_quantile_calibrated,HOBBIES_2_040_TX_1,596.3210021439725,596.3210021439725,0.0,0.0,1.0,1.0,0.0,7.645141053127852,7.0
pp_quantile_calibrated,HOBBIES_2_041_TX_2,995.9551805011079,842.9551805011079,153.0,0.0,0.6530612244897959,0.8974358974358975,0.10256410256410256,10.807117698732153,49.0
pp_quantile_calibrated,HOBBIES_2_042_TX_2,753.2464872921975,705.2740272083881,47.972460083809274,0.0,0.8223242219118174,0.9230769230769231,0.07692307692307693,9.041974707799849,30.0
pp_quantile_calibrated,HOBBIES_2_045_CA_4,284.4436458545258,271.16379298240656,13.279852872119255,0.0,0.8864969839989809,0.9615384615384616,0.038461538461538464,3.4764588843898276,13.0
pp_quantile_calibrated,HOBBIES_2_050_WI_2,123.91384727710279,123.75769592392835,0.1561513531744363,0.0,0.9980722055163649,0.9871794871794872,0.01282051282051282,1.5866371272298507,9.0
pp_quantile_calibrated,HOBBIES_2_056_WI_3,337.43976417058053,337.43976417058053,0.0,0.0,1.0,1.0,0.0,4.32615082269975,3.0
pp_quantile_calibrated,HOBBIES_2_061_TX_3,238.26282031070002,206.87659045678777,31.38622985391225,0.0,0.6829673752130075,0.9615384615384616,0.038461538461538464,2.6522639802152277,11.0
pp_quantile_calibrated,HOBBIES_2_072_TX_2,356.4636858742268,356.4636858742268,0.0,0.0,1.0,1.0,0.0,4.57004725479778,6.0
pp_quantile_calibrated,HOBBIES_2_074_CA_1,180.1601906128738,179.77657829393343,0.38361231894037484,0.0,0.993910915572375,0.9871794871794872,0.01282051282051282,2.3048279268453005,7.0
pp_quantile_calibrated,HOBBIES_2_074_CA_3,283.32283283425915,283.32283283425915,0.0,0.0,1.0,1.0,0.0,3.63234401069563,10.0
pp_quantile_calibrated,HOBBIES_2_076_TX_3,1192.497727714288,1044.676587137469,147.82114057681895,0.0,0.5994007030438512,0.8846153846153846,0.11538461538461539,13.393289578685499,41.0
pp_quantile_calibrated,HOBBIES_2_076_WI_1,658.7014443576247,634.0563409265025,24.64510343112229,0.0,0.8558765881220919,0.9615384615384616,0.038461538461538464,8.128927447775672,19.0
pp_quantile_calibrated,HOBBIES_2_077_WI_1,161.0567169470916,161.0567169470916,0.0,0.0,1.0,1.0,0.0,2.0648297044498922,0.0
pp_quantile_calibrated,HOBBIES_2_081_WI_3,1635.5345392025408,1635.5345392025408,0.0,0.0,1.0,1.0,0.0,20.968391528237703,10.0
pp_quantile_calibrated,HOBBIES_2_083_CA_1,701.7828918056977,701.7828918056977,0.0,0.0,1.0,1.0,0.0,8.99721656161151,7.0
pp_quantile_calibrated,HOBBIES_2_084_WI_3,155.12102935191936,147.66234341270757,7.458685939211781,0.0,0.9171257117865357,0.9871794871794872,0.01282051282051282,1.8931069668295843,10.0
pp_quantile_calibrated,HOBBIES_2_086_CA_4,284.45287516951765,284.45287516951765,0.0,0.0,1.0,1.0,0.0,3.646831732942534,3.0
pp_quantile_calibrated,HOBBIES_2_103_TX_1,364.3094725207247,343.8846535648308,20.42481895589392,0.0,0.9402783071465088,0.9743589743589743,0.02564102564102564,4.408777609805523,38.0
pp_quantile_calibrated,HOBBIES_2_107_WI_3,754.0,754.0,0.0,0.0,1.0,1.0,0.0,9.666666666666666,4.0
pp_quantile_calibrated,HOBBIES_2_114_CA_4,202.54602940991617,195.7447605192106,6.80126889070558,0.0,0.9160337173986967,0.9743589743589743,0.02564102564102564,2.509548211784751,9.0
pp_quantile_calibrated,HOBBIES_2_115_TX_1,678.6010722232404,628.2010722232407,50.39999999999969,0.0,0.9000000000000006,0.9615384615384616,0.038461538461538464,8.053859900297956,56.0
pp_quantile_calibrated,HOBBIES_2_116_CA_1,500.8248370757051,474.40541421566627,26.41942286003884,0.0,0.8665685714139453,0.9743589743589743,0.02564102564102564,6.0821206950726445,22.0
pp_quantile_calibrated,HOBBIES_2_116_CA_2,432.1950122549716,402.64298518723456,29.55202706773704,0.0,0.8783867198858558,0.9615384615384616,0.038461538461538464,5.1620895536824944,27.0
pp_quantile_calibrated,HOBBIES_2_117_TX_1,789.3954011912874,789.3954011912874,0.0,0.0,1.0,1.0,0.0,10.120453861426762,31.0
pp_quantile_calibrated,HOBBIES_2_118_WI_2,234.0,234.0,0.0,0.0,1.0,1.0,0.0,3.0,0.0
pp_quantile_calibrated,HOBBIES_2_122_CA_2,1396.6569613840886,1396.6569613840886,0.0,0.0,1.0,1.0,0.0,17.905858479283186,10.0
pp_quantile_calibrated,HOBBIES_2_122_TX_1,853.7073243991242,843.64706363711,10.060260762014163,0.0,0.9513997064636996,0.9743589743589743,0.02564102564102564,10.815987995347564,23.0
pp_quantile_calibrated,HOBBIES_2_123_TX_1,453.9983650974925,445.79764854501985,8.200716552472656,0.0,0.9430505794967177,0.9871794871794872,0.01282051282051282,5.715354468525896,16.0
pp_quantile_calibrated,HOBBIES_2_124_TX_3,2615.0,2399.0,216.0,0.0,0.6129032258064516,0.9487179487179487,0.05128205128205128,30.756410256410255,62.0
pp_quantile_calibrated,HOBBIES_2_128_TX_1,293.30577287411097,275.89842516992036,17.407347704190606,0.0,0.8065850255089932,0.9743589743589743,0.02564102564102564,3.537159297050261,10.0
pp_quantile_calibrated,HOBBIES_2_129_WI_1,1537.9702484396587,1537.9702484396587,0.0,0.0,1.0,1.0,0.0,19.71756728768793,24.0
pp_quantile_calibrated,HOBBIES_2_132_CA_1,1488.5923198892438,1341.64042104755,146.9518988416936,0.0,0.697629837774293,0.9230769230769231,0.07692307692307693,17.200518218558333,54.0
pp_quantile_calibrated,HOBBIES_2_133_CA_3,952.290262217001,952.290262217001,0.0,0.0,1.0,1.0,0.0,12.208849515602576,30.0
pp_quantile_calibrated,HOBBIES_2_134_TX_3,631.4853705082566,621.9349084661632,9.55046204209336,0.0,0.8938837550878516,0.9743589743589743,0.02564102564102564,7.973524467514912,10.0
pp_quantile_calibrated,HOBBIES_2_137_CA_2,678.9464437164806,678.9464437164806,0.0,0.0,1.0,1.0,0.0,8.704441586108727,0.0
pp_quantile_calibrated,HOBBIES_2_144_WI_1,462.7766889800698,462.7766889800698,0.0,0.0,1.0,1.0,0.0,5.933034474103459,10.0
pp_quantile_calibrated,HOUSEHOLD_1_005_CA_4,518.6242365804278,384.15986276455385,134.46437381587396,0.0,0.7590244196848137,0.8589743589743589,0.14102564102564102,4.925126445699409,62.0
pp_quantile_calibrated,HOUSEHOLD_1_006_CA_4,589.0742803900814,545.9428227437243,43.13145764635718,0.0,0.9078387657129121,0.9615384615384616,0.038461538461538464,6.999266958252875,52.0
pp_quantile_calibrated,HOUSEHOLD_1_006_WI_2,477.08085550182574,456.88685953063015,20.193995971195605,0.0,0.9478191318573758,0.9743589743589743,0.02564102564102564,5.857523840136284,43.0
pp_quantile_calibrated,HOUSEHOLD_1_008_WI_3,223.550274975427,167.16488944893166,56.385385526495334,0.0,0.7493982865489096,0.9102564102564102,0.08974358974358974,2.1431396083196366,25.0
pp_quantile_calibrated,HOUSEHOLD_1_010_CA_2,1954.1697991698077,1954.1697991698077,0.0,0.0,1.0,1.0,0.0,25.05345896371548,65.0
pp_quantile_calibrated,HOUSEHOLD_1_013_CA_3,879.0752792588644,838.3326195491826,40.742659709681845,0.0,0.962275315083628,0.9487179487179487,0.05128205128205128,10.747854096784392,120.0
pp_quantile_calibrated,HOUSEHOLD_1_014_CA_2,1351.8585129286278,1232.4928099054612,119.36570302316653,0.0,0.8938971528682964,0.9487179487179487,0.05128205128205128,15.801189870582835,125.0
pp_quantile_calibrated,HOUSEHOLD_1_014_WI_3,471.05275128306675,421.07065808595854,49.982093197108185,0.0,0.8457342802558389,0.9230769230769231,0.07692307692307693,5.398341770332801,36.0
pp_quantile_calibrated,HOUSEHOLD_1_015_WI_2,1297.0,1297.0,0.0,0.0,1.0,1.0,0.0,16.628205128205128,1.0
pp_quantile_calibrated,HOUSEHOLD_1_020_WI_1,754.3543512481305,660.3589471346634,93.99540411346707,0.0,0.8549453640224274,0.9230769230769231,0.07692307692307693,8.4661403478803,72.0
pp_quantile_calibrated,HOUSEHOLD_1_021_WI_2,1070.3230925844819,470.69950692273915,599.6235856617427,0.0,0.6398657143172716,0.717948717948718,0.28205128205128205,6.034609063112041,185.0
pp_quantile_calibrated,HOUSEHOLD_1_024_CA_2,1018.8139690947307,949.3836991211731,69.43026997355764,0.0,0.9123355177101544,0.9487179487179487,0.05128205128205128,12.171585886168886,88.0
pp_quantile_calibrated,HOUSEHOLD_1_026_CA_2,2252.336630912514,1754.0938220264825,498.2428088860313,0.0,0.6101386471940288,0.7435897435897436,0.2564102564102564,22.488382333672853,142.0
pp_quantile_calibrated,HOUSEHOLD_1_029_CA_2,2044.2861717456867,1917.138136368366,127.14803537732064,0.0,0.8792516283216327,0.8974358974358975,0.10256410256410256,24.578694056004693,117.0
pp_quantile_calibrated,HOUSEHOLD_1_032_WI_1,791.0878617821098,685.0528304164686,106.03503136564125,0.0,0.7933040324256506,0.9230769230769231,0.07692307692307693,8.782728595082931,57.0
pp_quantile_calibrated,HOUSEHOLD_1_033_TX_2,1735.6404952610803,1537.133831007518,198.50666425356232,0.0,0.7994882179256946,0.9102564102564102,0.08974358974358974,19.70684398727587,110.0
pp_quantile_calibrated,HOUSEHOLD_1_034_WI_1,486.47742895863223,471.6059220019023,14.87150695672992,0.0,0.9082005743411733,0.9743589743589743,0.02564102564102564,6.046229769255158,18.0
pp_quantile_calibrated,HOUSEHOLD_1_043_CA_3,900.9083267576947,789.946030237625,110.96229652006971,0.0,0.8630095104690497,0.8717948717948718,0.1282051282051282,10.12751320817468,90.0
pp_quantile_calibrated,HOUSEHOLD_1_049_CA_1,3510.0,3510.0,0.0,0.0,1.0,1.0,0.0,45.0,0.0
pp_quantile_calibrated,HOUSEHOLD_1_049_WI_1,702.0,702.0,0.0,0.0,1.0,1.0,0.0,9.0,0.0
pp_quantile_calibrated,HOUSEHOLD_1_051_WI_1,1686.9890503591384,1621.2115509956645,65.77749936347398,0.0,0.9723158672712652,0.9487179487179487,0.05128205128205128,20.784763474303393,264.0
pp_quantile_calibrated,HOUSEHOLD_1_058_CA_3,1883.9333507810331,1795.7601925160302,88.173158265003,0.0,0.9562633143526771,0.9615384615384616,0.038461538461538464,23.022566570718336,224.0
pp_quantile_calibrated,HOUSEHOLD_1_068_TX_1,407.1603788107038,405.97180157886197,1.1885772318418262,0.0,0.9853262070142984,0.9871794871794872,0.01282051282051282,5.204766686908487,9.0
pp_quantile_calibrated,HOUSEHOLD_1_071_CA_1,2064.998327452744,1585.2589954875925,479.7393319651517,0.0,0.8485671300615052,0.8461538461538461,0.15384615384615385,20.323833275481956,352.0
pp_quantile_calibrated,HOUSEHOLD_1_071_TX_2,1974.7638036779708,1413.3843332652275,561.3794704127432,0.0,0.8132470158307574,0.8076923076923077,0.19230769230769232,18.120311964938814,334.0
pp_quantile_calibrated,HOUSEHOLD_1_079_WI_1,925.024816064798,696.5182786680922,228.50653739670582,0.0,0.7712647273306249,0.8461538461538461,0.15384615384615385,8.929721521385797,111.0
pp_quantile_calibrated,HOUSEHOLD_1_080_WI_1,417.54645837949124,400.40856359714417,17.137894782347104,0.0,0.9238315787451239,0.9743589743589743,0.02564102564102564,5.13344312304031,25.0
pp_quantile_calibrated,HOUSEHOLD_1_080_WI_2,562.4704058870055,503.84776380542405,58.62264208158145,0.0,0.8552527356010334,0.9102564102564102,0.08974358974358974,6.459586715454154,45.0
pp_quantile_calibrated,HOUSEHOLD_1_083_TX_1,3679.0184598776045,2910.6165224260017,768.401937451603,0.0,0.8332461073238709,0.8589743589743589,0.14102564102564102,37.315596441359,512.0
pp_quantile_calibrated,HOUSEHOLD_1_083_WI_3,4838.919113502553,4349.603649316966,489.3154641855876,0.0,0.9153140421970252,0.8974358974358975,0.10256410256410256,55.76414935021751,642.0
pp_quantile_calibrated,HOUSEHOLD_1_088_TX_3,546.3114003171607,533.9217835907,12.389616726460776,0.0,0.9781488241155896,0.9615384615384616,0.038461538461538464,6.845151071675641,63.0
pp_quantile_calibrated,HOUSEHOLD_1_091_WI_3,318.8418329182702,301.19071675705027,17.651116161219925,0.0,0.8692509913983709,0.9743589743589743,0.02564102564102564,3.8614194456032087,15.0
pp_quantile_calibrated,HOUSEHOLD_1_093_CA_2,917.9843459096428,800.6937211695458,117.29062474009692,0.0,0.8696770836221145,0.9230769230769231,0.07692307692307693,10.26530411755828,100.0
pp_quantile_calibrated,HOUSEHOLD_1_095_TX_2,250.5965286926476,210.0404747299028,40.5560539627448,0.0,0.6533670601474804,0.9358974358974359,0.0641025641025641,2.692826599101318,13.0
pp_quantile_calibrated,HOUSEHOLD_1_095_TX_3,137.3451170421409,118.70185010302127,18.643266939119634,0.0,0.8406558381271826,0.9487179487179487,0.05128205128205128,1.5218185910643753,13.0
pp_quantile_calibrated,HOUSEHOLD_1_096_WI_2,4192.551963293823,2464.761169253776,1727.7907940400464,0.0,0.768702704947785,0.7051282051282052,0.2948717948717949,31.599502169920207,830.0
pp_quantile_calibrated,HOUSEHOLD_1_098_CA_4,256.25690680839506,248.06470051620468,8.192206292190352,0.0,0.9299811428017919,0.9871794871794872,0.01282051282051282,3.1803166732846755,13.0
pp_quantile_calibrated,HOUSEHOLD_1_102_WI_3,1174.2569931782866,885.0825944710996,289.174398707187,0.0,0.6818763490570001,0.8333333333333334,0.16666666666666666,11.347212749629481,101.0
pp_quantile_calibrated,HOUSEHOLD_1_106_TX_3,3310.8686703187477,1922.2891098776533,1388.5795604410944,0.0,0.7466557999560127,0.7307692307692307,0.2692307692307692,24.644732177918634,609.0
pp_quantile_calibrated,HOUSEHOLD_1_119_TX_2,1399.8201759125004,1374.4557616720015,25.36441424049889,0.0,0.9834219514767981,0.9871794871794872,0.01282051282051282,17.621227713743608,170.0
pp_quantile_calibrated,HOUSEHOLD_1_120_CA_2,541.2268367301823,500.17309120981264,41.05374552036966,0.0,0.8696706491416837,0.9487179487179487,0.05128205128205128,6.412475528330932,35.0
pp_quantile_calibrated,HOUSEHOLD_1_127_WI_1,449.82727034395157,389.5470256931599,60.280244650791616,0.0,0.8086341439657408,0.9230769230769231,0.07692307692307693,4.9941926370917935,35.0
pp_quantile_calibrated,HOUSEHOLD_1_128_WI_2,2188.791360401959,2001.340237648224,187.45112275373504,0.0,0.8816596447261773,0.8717948717948718,0.1282051282051282,25.658208174977233,176.0
pp_quantile_calibrated,HOUSEHOLD_1_131_CA_1,723.9829720211064,636.0342911875317,87.94868083357467,0.0,0.8223258973059098,0.9230769230769231,0.07692307692307693,8.154285784455535,55.0
pp_quantile_calibrated,HOUSEHOLD_1_131_TX_1,1147.606680012272,1106.9122320635465,40.69444794872534,0.0,0.9325133533188634,0.9487179487179487,0.05128205128205128,14.19118246235316,67.0
pp_quantile_calibrated,HOUSEHOLD_1_136_WI_3,1173.6930683269923,1173.6930683269923,0.0,0.0,1.0,1.0,0.0,15.047347029833235,131.0
pp_quantile_calibrated,HOUSEHOLD_1_145_CA_2,1890.2971058622816,1828.4893294837718,61.807776378509644,0.0,0.9705256192758658,0.9743589743589743,0.02564102564102564,23.442170890817586,233.0
pp_quantile_calibrated,HOUSEHOLD_1_155_WI_3,397.208901697721,302.454578736086,94.75432296163503,0.0,0.6903453497985783,0.9102564102564102,0.08974358974358974,3.877622804308795,34.0
pp_quantile_calibrated,HOUSEHOLD_1_157_WI_1,949.3701743146428,949.3701743146428,0.0,0.0,1.0,1.0,0.0,12.171412491213369,23.0
pp_quantile_calibrated,HOUSEHOLD_1_158_CA_3,928.1738867552592,830.703285160026,97.47060159523323,0.0,0.8536477453525027,0.8974358974358975,0.10256410256410256,10.65004211743623,74.0
pp_quantile_calibrated,HOUSEHOLD_1_160_WI_2,1296.362389608371,1036.6502573944272,259.7121322139438,0.0,0.7709769557196263,0.8461538461538461,0.15384615384615385,13.290387915313168,126.0
pp_quantile_calibrated,HOUSEHOLD_1_161_CA_2,625.214049649256,610.8835736845463,14.330475964709759,0.0,0.9778850679556947,0.9871794871794872,0.01282051282051282,7.831840688263414,72.0
pp_quantile_calibrated,HOUSEHOLD_1_162_TX_1,2350.9739894152517,2350.9739894152517,0.0,0.0,1.0,1.0,0.0,30.140692171990406,38.0
pp_quantile_calibrated,HOUSEHOLD_1_163_CA_1,429.6873418444182,429.6873418444182,0.0,0.0,1.0,1.0,0.0,5.508812074928438,22.0
pp_quantile_calibrated,HOUSEHOLD_1_165_CA_1,371.5860147039407,355.45324103272145,16.132773671219212,0.0,0.9551867398021688,0.9871794871794872,0.01282051282051282,4.557092833752839,40.0
pp_quantile_calibrated,HOUSEHOLD_1_165_TX_1,1000.3044875404256,1000.3044875404256,0.0,0.0,1.0,1.0,0.0,12.824416506928534,77.0
pp_quantile_calibrated,HOUSEHOLD_1_167_WI_1,530.1949694409161,506.9275002821071,23.267469158809007,0.0,0.9192101765319132,0.9743589743589743,0.02564102564102564,6.49907051643727,32.0
pp_quantile_calibrated,HOUSEHOLD_1_175_TX_2,686.2154417474807,573.2345852705567,112.98085647692389,0.0,0.9063176977803284,0.9102564102564102,0.08974358974358974,7.3491613496225225,134.0
pp_quantile_calibrated,HOUSEHOLD_1_175_WI_3,335.3014535243839,318.12426647025455,17.177187054129302,0.0,0.9421643533531001,0.9743589743589743,0.02564102564102564,4.078516236798135,33.0
pp_quantile_calibrated,HOUSEHOLD_1_185_WI_3,734.0230510563694,536.4434288322155,197.5796222241538,0.0,0.7587550400193482,0.8589743589743589,0.14102564102564102,6.8774798568232764,91.0
pp_quantile_calibrated,HOUSEHOLD_1_186_WI_2,2294.2014194818057,1728.383484038712,565.817935443094,0.0,0.8481433345563355,0.8461538461538461,0.15384615384615385,22.15876261588092,414.0
pp_quantile_calibrated,HOUSEHOLD_1_188_TX_2,569.9491137938901,564.2062494251375,5.742864368752588,0.0,0.9877289222889901,0.9871794871794872,0.01282051282051282,7.233413454168429,52.0
pp_quantile_calibrated,HOUSEHOLD_1_190_WI_3,705.7776480174498,632.6127876101681,73.16486040728171,0.0,0.8768268343311756,0.9230769230769231,0.07692307692307693,8.110420353976513,66.0
pp_quantile_calibrated,HOUSEHOLD_1_191_TX_3,1909.14339822625,1909.14339822625,0.0,0.0,1.0,1.0,0.0,24.47619741315705,86.0
pp_quantile_calibrated,HOUSEHOLD_1_194_CA_1,674.9263512651798,674.9263512651798,0.0,0.0,1.0,1.0,0.0,8.652901939297177,35.0
pp_quantile_calibrated,HOUSEHOLD_1_195_CA_2,490.34407906190535,490.083182168151,0.26089689375436187,0.0,0.9990648856854681,0.9871794871794872,0.01282051282051282,6.283117720104499,31.0
pp_quantile_calibrated,HOUSEHOLD_1_201_TX_2,996.7718570558978,996.7718570558978,0.0,0.0,1.0,1.0,0.0,12.779126372511511,23.0
pp_quantile_calibrated,HOUSEHOLD_1_205_WI_3,921.718927357248,880.2409888260809,41.47793853116724,0.0,0.9177025029143506,0.9487179487179487,0.05128205128205128,11.285140882385653,56.0
pp_quantile_calibrated,HOUSEHOLD_1_206_CA_4,490.4164584964739,484.1342554311386,6.2822030653352945,0.0,0.9127471796481209,0.9871794871794872,0.01282051282051282,6.206849428604341,8.0
pp_quantile_calibrated,HOUSEHOLD_1_207_TX_1,540.2075611927041,512.4125312060579,27.79502998664622,0.0,0.889702261957753,0.9615384615384616,0.038461538461538464,6.569391425718691,28.0
pp_quantile_calibrated,HOUSEHOLD_1_208_WI_3,1485.232836998079,1467.2439538575081,17.988883140570834,0.0,0.9871874051705336,0.9871794871794872,0.01282051282051282,18.810819921250104,156.0
pp_quantile_calibrated,HOUSEHOLD_1_211_TX_2,414.08296952080576,401.9880727862968,12.09489673450895,0.0,0.9725739303072359,0.9743589743589743,0.02564102564102564,5.153693240849959,49.0
pp_quantile_calibrated,HOUSEHOLD_1_212_WI_2,835.4316260274624,794.0543534361658,41.37727259129658,0.0,0.9530869925268746,0.9615384615384616,0.038461538461538464,10.180184018412382,98.0
pp_quantile_calibrated,HOUSEHOLD_1_216_TX_1,224.57258696848754,224.57258696848754,0.0,0.0,1.0,1.0,0.0,2.879135730365225,9.0
pp_quantile_calibrated,HOUSEHOLD_1_217_WI_3,756.605202586556,746.2051732724168,10.400029314139175,0.0,0.9857338418187391,0.9743589743589743,0.02564102564102564,9.56673299067201,81.0
pp_quantile_calibrated,HOUSEHOLD_1_218_CA_1,879.0163175739382,849.8612103581667,29.155107215771558,0.0,0.9562235627390818,0.9615384615384616,0.038461538461538464,10.895656543053418,74.0
pp_quantile_calibrated,HOUSEHOLD_1_219_TX_3,410.9167580928237,364.89876698216636,46.01799111065736,0.0,0.9102963136244496,0.9358974358974359,0.0641025641025641,4.678189320284184,57.0
pp_quantile_calibrated,HOUSEHOLD_1_220_TX_3,753.0993944228471,708.1739080512754,44.92548637157182,0.0,0.9546207208367962,0.9230769230769231,0.07692307692307693,9.079152667324044,110.0
pp_quantile_calibrated,HOUSEHOLD_1_221_CA_2,625.3599154882087,538.6150453360897,86.74487015211896,0.0,0.8697524472190405,0.9230769230769231,0.07692307692307693,6.905321094052431,74.0
pp_quantile_calibrated,HOUSEHOLD_1_224_WI_2,694.6446152955782,625.357639254682,69.28697604089616,0.0,0.8815607247164168,0.8974358974358975,0.10256410256410256,8.017405631470282,65.0
pp_quantile_calibrated,HOUSEHOLD_1_225_CA_4,731.0896552989279,662.3377963327736,68.75185896615439,0.0,0.8682914579192446,0.9230769230769231,0.07692307692307693,8.491510209394534,58.0
pp_quantile_calibrated,HOUSEHOLD_1_225_TX_2,1527.0358631711142,1400.7353933441802,126.30046982693389,0.0,0.9305277943746237,0.9230769230769231,0.07692307692307693,17.95814606851513,202.0
pp_quantile_calibrated,HOUSEHOLD_1_230_TX_3,490.68467654731353,465.387819155291,25.296857392022527,0.0,0.8438465593085029,0.9615384615384616,0.038461538461538464,5.966510501990911,18.0
pp_quantile_calibrated,HOUSEHOLD_1_238_CA_3,1152.1003137388307,973.3016285244901,178.7986852143407,0.0,0.8937619220354482,0.8846153846153846,0.11538461538461539,12.478226006724231,187.0
pp_quantile_calibrated,HOUSEHOLD_1_244_CA_3,1018.5763250968967,814.4582890591548,204.11803603774183,0.0,0.8536788272130883,0.8974358974358975,0.10256410256410256,10.44177293665583,155.0
pp_quantile_calibrated,HOUSEHOLD_1_246_CA_2,3964.745389859866,3187.9619283837724,776.7834614760939,0.0,0.8284109870828157,0.8461538461538461,0.15384615384615385,40.87130677415093,503.0
pp_quantile_calibrated,HOUSEHOLD_1_248_CA_4,336.6985736647251,327.57282641819614,9.12574724652893,0.0,0.9692735782945155,0.9487179487179487,0.05128205128205128,4.1996516207461045,33.0
pp_quantile_calibrated,HOUSEHOLD_1_249_WI_3,422.66700582091823,369.70379778725754,52.96320803366072,0.0,0.8528799776842758,0.9230769230769231,0.07692307692307693,4.739792279323814,40.0
pp_quantile_calibrated,HOUSEHOLD_1_264_TX_3,318.1758029022855,305.9704858350365,12.20531706724898,0.0,0.9410371156171548,0.9743589743589743,0.02564102564102564,3.9226985363466222,23.0
pp_quantile_calibrated,HOUSEHOLD_1_265_CA_3,409.9911457642418,353.80880735639073,56.18233840785109,0.0,0.8775983912682983,0.9358974358974359,0.0641025641025641,4.536010350722958,51.0
pp_quantile_calibrated,HOUSEHOLD_1_272_CA_3,19610.20000000001,19610.20000000001,0.0,0.0,1.0,1.0,0.0,251.41282051282067,186.0
pp_quantile_calibrated,HOUSEHOLD_1_298_TX_3,971.5670750095203,937.3670750095213,34.19999999999908,0.0,0.9000000000000027,0.9743589743589743,0.02564102564102564,12.01752660268617,38.0
pp_quantile_calibrated,HOUSEHOLD_1_304_CA_3,3749.8133447044706,2497.7475379127636,1252.065806791707,0.0,0.8261019712789296,0.8076923076923077,0.19230769230769232,32.02240433221492,800.0
pp_quantile_calibrated,HOUSEHOLD_1_304_CA_4,864.1154664613526,614.0379367235851,250.07752973776755,0.0,0.8147573853794315,0.8076923076923077,0.19230769230769232,7.872281240045963,150.0
pp_quantile_calibrated,HOUSEHOLD_1_309_TX_2,416.0669895935753,384.58267981198964,31.48430978158563,0.0,0.8250871678800799,0.9743589743589743,0.02564102564102564,4.93054717707679,20.0
pp_quantile_calibrated,HOUSEHOLD_1_314_TX_3,645.7104372404333,645.7104372404333,0.0,0.0,1.0,1.0,0.0,8.278338938979914,54.0
pp_quantile_calibrated,HOUSEHOLD_1_317_CA_1,1400.6257721285936,1400.6257721285936,0.0,0.0,1.0,1.0,0.0,17.9567406683153,100.0
pp_quantile_calibrated,HOUSEHOLD_1_317_TX_3,809.6845590268346,809.6845590268346,0.0,0.0,1.0,1.0,0.0,10.380571269574801,63.0
pp_quantile_calibrated,HOUSEHOLD_1_320_WI_3,399.42417394939486,361.09184434740746,38.3323296019874,0.0,0.8669016333264327,0.9358974358974359,0.0641025641025641,4.629382619838557,32.0
pp_quantile_calibrated,HOUSEHOLD_1_332_WI_3,117.5586916133783,83.74249535538506,33.81619625799325,0.0,0.24852897204459445,0.9615384615384616,0.038461538461538464,1.0736217353254496,5.0
pp_quantile_calibrated,HOUSEHOLD_1_333_WI_2,441.68876906542476,413.6340008252023,28.054768240222476,0.0,0.9291546256560039,0.9487179487179487,0.05128205128205128,5.303000010579517,44.0
pp_quantile_calibrated,HOUSEHOLD_1_338_WI_1,660.0613231249586,639.143208329958,20.91811479500054,0.0,0.9698151301659443,0.9615384615384616,0.038461538461538464,8.194143696537923,77.0
pp_quantile_calibrated,HOUSEHOLD_1_342_TX_2,861.6729677424265,756.7222351264456,104.95073261598084,0.0,0.8402576368097705,0.8974358974358975,0.10256410256410256,9.701567117005713,73.0
pp_quantile_calibrated,HOUSEHOLD_1_344_CA_1,1062.813798986054,1062.813798986054,0.0,0.0,1.0,1.0,0.0,13.625817935718642,45.0
pp_quantile_calibrated,HOUSEHOLD_1_344_TX_1,2062.3276399254005,1613.7085991571275,448.61904076827307,0.0,0.8257113283728543,0.8333333333333334,0.16666666666666666,20.688571784065736,286.0
pp_quantile_calibrated,HOUSEHOLD_1_349_TX_2,998.3981153388225,970.2655783124833,28.132537026339236,0.0,0.9636530529375462,0.9615384615384616,0.038461538461538464,12.439302286057478,86.0
pp_quantile_calibrated,HOUSEHOLD_1_361_WI_3,1775.2794475436267,1681.3890856635812,93.89036188004548,0.0,0.9400444687866888,0.9615384615384616,0.038461538461538464,21.556270329020272,174.0
pp_quantile_calibrated,HOUSEHOLD_1_368_TX_3,495.1175024535572,495.1175024535572,0.0,0.0,1.0,1.0,0.0,6.347660287866118,4.0
pp_quantile_calibrated,HOUSEHOLD_1_369_CA_1,1041.589025401047,662.5354076968212,379.05361770422564,0.0,0.7633872548662761,0.8205128205128205,0.1794871794871795,8.494043688420785,178.0
pp_quantile_calibrated,HOUSEHOLD_1_371_CA_1,747.0943583320679,719.8775270809753,27.216831251092735,0.0,0.9739302382652368,0.9615384615384616,0.038461538461538464,9.229199065140708,116.0
pp_quantile_calibrated,HOUSEHOLD_1_377_TX_1,282.4708095797993,273.29834462468733,9.172464955111971,0.0,0.9400492486593989,0.9743589743589743,0.02564102564102564,3.503824931085735,17.0
pp_quantile_calibrated,HOUSEHOLD_1_380_CA_1,582.0661325422045,540.2179474813996,41.848185060804894,0.0,0.9306000247747845,0.9102564102564102,0.08974358974358974,6.925871121556406,67.0
pp_quantile_calibrated,HOUSEHOLD_1_384_CA_2,471.02921612635345,439.01025318530736,32.018962941046105,0.0,0.9452667300153058,0.9358974358974359,0.0641025641025641,5.6283365792988125,65.0
pp_quantile_calibrated,HOUSEHOLD_1_385_CA_3,2159.892624033303,1955.5401335923784,204.35249044092467,0.0,0.9362195722718711,0.9230769230769231,0.07692307692307693,25.07102735374844,356.0
pp_quantile_calibrated,HOUSEHOLD_1_386_CA_2,774.9520827718699,352.89723732129477,422.0548454505751,0.0,0.62181465461418,0.717948717948718,0.28205128205128205,4.524323555401215,124.0
pp_quantile_calibrated,HOUSEHOLD_1_389_CA_1,4173.219371087384,3676.485692721488,496.7336783658962,0.0,0.8322412433752462,0.9102564102564102,0.08974358974358974,47.13443195796779,329.0
pp_quantile_calibrated,HOUSEHOLD_1_390_WI_2,1480.1927523482505,1219.5790517646176,260.61370058363286,0.0,0.8234324521791105,0.8589743589743589,0.14102564102564102,15.635628868777149,164.0
pp_quantile_calibrated,HOUSEHOLD_1_394_CA_3,844.9169272865548,789.400089723706,55.51683756284889,0.0,0.9274289705060799,0.9230769230769231,0.07692307692307693,10.120513970816743,85.0
pp_quantile_calibrated,HOUSEHOLD_1_395_CA_3,892.9119930392126,789.5319289573971,103.38006408181542,0.0,0.8335264668569801,0.9102564102564102,0.08974358974358974,10.122204217402526,69.0
pp_quantile_calibrated,HOUSEHOLD_1_396_TX_1,838.6315293154652,758.447290550258,80.18423876520714,0.0,0.9182627535522864,0.9358974358974359,0.0641025641025641,9.723683212182795,109.0
pp_quantile_calibrated,HOUSEHOLD_1_397_WI_1,1134.5347517765658,767.9892488512392,366.5455029253266,0.0,0.7632134994022438,0.782051282051282,0.21794871794871795,9.846016010913322,172.0
pp_quantile_calibrated,HOUSEHOLD_1_398_CA_4,316.7292161830684,292.0742545202886,24.654961662779755,0.0,0.9086853271748898,0.9615384615384616,0.038461538461538464,3.7445417246190846,30.0
pp_quantile_calibrated,HOUSEHOLD_1_399_TX_3,2685.459961209599,1376.298688509569,1309.1612727000302,0.0,0.7638597992965312,0.7307692307692307,0.2692307692307692,17.64485498089191,616.0
pp_quantile_calibrated,HOUSEHOLD_1_401_CA_2,278.94236799967854,276.28962748959407,2.6527405100844472,0.0,0.9866023206561391,0.9871794871794872,0.01282051282051282,3.5421747114050524,22.0
pp_quantile_calibrated,HOUSEHOLD_1_402_TX_2,242.52478315028227,232.89805237732645,9.626730772955836,0.0,0.9603838239796055,0.9743589743589743,0.02564102564102564,2.98587246637598,27.0
pp_quantile_calibrated,HOUSEHOLD_1_404_TX_2,876.8591890002806,824.217227984518,52.641961015762554,0.0,0.9025148870078471,0.9358974358974359,0.0641025641025641,10.566887538263051,60.0
pp_quantile_calibrated,HOUSEHOLD_1_407_CA_4,589.4189578984368,517.9139224038703,71.50503549456648,0.0,0.7592423047320994,0.9358974358974359,0.0641025641025641,6.6399220821009015,33.0
pp_quantile_calibrated,HOUSEHOLD_1_411_WI_3,1404.2981064360874,1337.3613042090162,66.93680222707121,0.0,0.9329961939668957,0.9358974358974359,0.0641025641025641,17.14565774626944,111.0
pp_quantile_calibrated,HOUSEHOLD_1_415_CA_3,553.3677891455483,496.66111425346446,56.70667489208377,0.0,0.8983751346020005,0.9358974358974359,0.0641025641025641,6.367450182736724,62.0
pp_quantile_calibrated,HOUSEHOLD_1_419_WI_2,386.9233412836565,355.6754571177034,31.24788416595313,0.0,0.7685341913633101,0.9743589743589743,0.02564102564102564,4.559941757919274,15.0
pp_quantile_calibrated,HOUSEHOLD_1_421_WI_3,678.5575301058041,664.2667799835687,14.290750122235394,0.0,0.9763005802284653,0.9743589743589743,0.02564102564102564,8.516240769020111,67.0
pp_quantile_calibrated,HOUSEHOLD_1_423_CA_4,357.65237859055225,357.65237859055225,0.0,0.0,1.0,1.0,0.0,4.58528690500708,13.0
pp_quantile_calibrated,HOUSEHOLD_1_425_CA_4,779.3201815212255,635.634055383415,143.6861261378105,0.0,0.8053033521167879,0.8717948717948718,0.1282051282051282,8.149154556197628,82.0
pp_quantile_calibrated,HOUSEHOLD_1_431_TX_2,1533.1192118833483,1316.7969862072289,216.3222256761194,0.0,0.8804188912790937,0.8205128205128205,0.1794871794871795,16.882012643682422,201.0
pp_quantile_calibrated,HOUSEHOLD_1_433_WI_1,239.4235308859346,239.4235308859346,0.0,0.0,1.0,1.0,0.0,3.069532447255572,15.0
pp_quantile_calibrated,HOUSEHOLD_1_437_WI_1,1344.4329077831942,923.3080274771503,421.12488030604385,0.0,0.7929572859852292,0.7948717948717948,0.20512820512820512,11.837282403553209,226.0
pp_quantile_calibrated,HOUSEHOLD_1_439_WI_3,3501.9083289993077,3501.9083289993077,0.0,0.0,1.0,1.0,0.0,44.89626062819625,98.0
pp_quantile_calibrated,HOUSEHOLD_1_442_CA_4,347.7577153356569,289.7905425436269,57.96717279203002,0.0,0.8870035618089084,0.9358974358974359,0.0641025641025641,3.7152633659439345,57.0
pp_quantile_calibrated,HOUSEHOLD_1_445_TX_3,1246.639647944122,782.8201592111277,463.81948873299433,0.0,0.7183852527425658,0.7307692307692307,0.2692307692307692,10.03615588732215,183.0
pp_quantile_calibrated,HOUSEHOLD_1_448_CA_4,988.7233970141966,925.8503999718915,62.872997042305094,0.0,0.9445564399979673,0.9615384615384616,0.038461538461538464,11.869876922716559,126.0
pp_quantile_calibrated,HOUSEHOLD_1_450_TX_2,748.0022698758956,669.1295056433923,78.87276423250333,0.0,0.879950130544135,0.8974358974358975,0.10256410256410256,8.578583405684517,73.0
pp_quantile_calibrated,HOUSEHOLD_1_458_CA_2,1131.1418817421008,872.0679597454243,259.0739219966764,0.0,0.8166497367327131,0.8205128205128205,0.1794871794871795,11.180358458274672,157.0
pp_quantile_calibrated,HOUSEHOLD_1_459_WI_2,18246.559620730877,13308.360212832695,4938.199407898184,0.0,0.7672088149767508,0.7435897435897436,0.2564102564102564,170.62000272862429,2357.0
pp_quantile_calibrated,HOUSEHOLD_1_462_WI_1,2773.6088878005603,2540.5655678905646,233.04331990999583,0.0,0.6880276841900993,0.9230769230769231,0.07692307692307693,32.57135343449442,83.0
pp_quantile_calibrated,HOUSEHOLD_1_467_CA_1,529.3201528577447,529.3201528577447,0.0,0.0,1.0,1.0,0.0,6.786155805868522,58.0
pp_quantile_calibrated,HOUSEHOLD_1_473_WI_2,3930.4876754385314,3054.7278356363977,875.7598398021339,0.0,0.8345125019270343,0.8205128205128205,0.1794871794871795,39.163177379953815,588.0
pp_quantile_calibrated,HOUSEHOLD_1_474_TX_2,7917.324207922884,6038.366308405108,1878.957899517776,0.0,0.7677718576791774,0.7435897435897436,0.2564102564102564,77.41495267186035,899.0
pp_quantile_calibrated,HOUSEHOLD_1_481_CA_1,882.2570384251565,659.6433950721824,222.61364335297398,0.0,0.8194536550259741,0.8205128205128205,0.1794871794871795,8.45696660348952,137.0
pp_quantile_calibrated,HOUSEHOLD_1_482_WI_1,749.9168498295579,653.5148093208422,96.40204050871573,0.0,0.8326353463390352,0.8974358974358975,0.10256410256410256,8.378394991292849,64.0
pp_quantile_calibrated,HOUSEHOLD_1_491_TX_1,835.9853415509145,773.537800819516,62.447540731398576,0.0,0.8994403530895353,0.9358974358974359,0.0641025641025641,9.917151292557897,69.0
pp_quantile_calibrated,HOUSEHOLD_1_491_WI_3,556.2051796447297,538.1774615722011,18.027718072528607,0.0,0.9599384042832697,0.9615384615384616,0.038461538461538464,6.89971104579745,50.0
pp_quantile_calibrated,HOUSEHOLD_1_492_WI_2,609.7619103790258,597.2264838024847,12.53542657654114,0.0,0.8928596019099048,0.9743589743589743,0.02564102564102564,7.656749792339547,13.0
pp_quantile_calibrated,HOUSEHOLD_1_494_CA_2,1290.2030851545355,1126.106459900867,164.09662525366846,0.0,0.9167444823674943,0.9102564102564102,0.08974358974358974,14.437262306421372,219.0
pp_quantile_calibrated,HOUSEHOLD_1_494_TX_1,1442.837680941836,1144.420077413991,298.41760352784485,0.0,0.8840646450940773,0.8846153846153846,0.11538461538461539,14.672052274538347,286.0
pp_quantile_calibrated,HOUSEHOLD_1_500_TX_3,146.72135299668744,137.54589567615454,9.175457320532898,0.0,0.8300841236938353,0.9871794871794872,0.01282051282051282,1.7634089189250584,6.0
pp_quantile_calibrated,HOUSEHOLD_1_501_TX_3,363.5544948494021,363.5544948494021,0.0,0.0,1.0,1.0,0.0,4.660955062171822,7.0
pp_quantile_calibrated,HOUSEHOLD_1_503_WI_1,643.0070558017208,608.0790333226072,34.928022479113594,0.0,0.9573528419058444,0.9615384615384616,0.038461538461538464,7.795885042597528,91.0
pp_quantile_calibrated,HOUSEHOLD_1_504_CA_3,588.5340809760075,543.6288546516275,44.90522632438007,0.0,0.8440790752625692,0.9615384615384616,0.038461538461538464,6.969600700661892,32.0
pp_quantile_calibrated,HOUSEHOLD_1_504_WI_3,863.0701705573986,851.6283085099202,11.441862047478365,0.0,0.818383142103518,0.9871794871794872,0.01282051282051282,10.91831164756308,7.0
pp_quantile_calibrated,HOUSEHOLD_1_507_WI_3,1547.0,1547.0,0.0,0.0,1.0,1.0,0.0,19.833333333333332,11.0
pp_quantile_calibrated,HOUSEHOLD_1_510_CA_4,909.6577786344399,732.8345777879133,176.82320084652653,0.0,0.8376279147414816,0.9102564102564102,0.08974358974358974,9.395315099845043,121.0
pp_quantile_calibrated,HOUSEHOLD_1_510_TX_1,906.1703242008047,869.6610953876318,36.50922881317288,0.0,0.9479925515481867,0.9871794871794872,0.01282051282051282,11.149501222918357,78.0
pp_quantile_calibrated,HOUSEHOLD_1_520_CA_1,777.5138362615105,726.9887936681686,50.52504259334192,0.0,0.8997518996163851,0.9615384615384616,0.038461538461538464,9.320369149591905,56.0
pp_quantile_calibrated,HOUSEHOLD_1_521_CA_2,2956.472143746451,1816.980409122358,1139.491734624093,0.0,0.6956485751538213,0.7564102564102564,0.24358974358974358,23.29462062977382,416.0
pp_quantile_calibrated,HOUSEHOLD_1_521_TX_3,17106.0328685196,17066.4328685196,39.59999999999877,0.0,0.9948356807511739,0.9871794871794872,0.01282051282051282,218.80042139127696,852.0
pp_quantile_calibrated,HOUSEHOLD_1_527_WI_2,959.9370670478232,732.0900521832638,227.8470148645595,0.0,0.6044322658601398,0.8205128205128205,0.1794871794871795,9.385769899785434,64.0
pp_quantile_calibrated,HOUSEHOLD_1_529_CA_2,851.72146743885,579.6577785409039,272.0636888979461,0.0,0.6817968550901216,0.8205128205128205,0.1794871794871795,7.431509981293639,95.0
pp_quantile_calibrated,HOUSEHOLD_1_531_TX_1,516.2725462100965,490.4023319103957,25.87021429970082,0.0,0.9486702097228158,0.9615384615384616,0.038461538461538464,6.287209383466611,56.0
pp_quantile_calibrated,HOUSEHOLD_1_533_WI_1,499.4221497709866,485.1042588777237,14.317890893262918,0.0,0.959208288053382,0.9871794871794872,0.01282051282051282,6.219285370227227,39.0
pp_quantile_calibrated,HOUSEHOLD_1_534_CA_2,930.5121871546343,878.5312420381224,51.98094511651184,0.0,0.9124899913863437,0.9615384615384616,0.038461538461538464,11.2632210517708,66.0
pp_quantile_calibrated,HOUSEHOLD_1_534_CA_4,519.5947370416698,489.4881742237968,30.106562817872927,0.0,0.9256628078571039,0.9487179487179487,0.05128205128205128,6.2754894131256,45.0
pp_quantile_calibrated,HOUSEHOLD_1_534_TX_1,670.2760164005565,637.9155511831486,32.3604652174079,0.0,0.9028214257735498,0.9615384615384616,0.038461538461538464,8.178404502348059,37.0
pp_quantile_calibrated,HOUSEHOLD_1_537_CA_3,1521.482730277022,1507.7547993692347,13.727930907787304,0.0,0.99184317830791,0.9871794871794872,0.01282051282051282,19.33018973550301,187.0
pp_quantile_calibrated,HOUSEHOLD_1_537_TX_1,1064.2334874366902,958.7839139814777,105.44957345521256,0.0,0.8904988853009216,0.9230769230769231,0.07692307692307693,12.292101461300996,107.0
pp_quantile_calibrated,HOUSEHOLD_1_541_CA_2,1602.3687406623567,1506.3554018156192,96.01333884673747,0.0,0.9444367252044342,0.9358974358974359,0.0641025641025641,19.312248741225886,192.0
pp_quantile_calibrated,HOUSEHOLD_2_001_WI_2,195.85972357952042,194.04387653866084,1.8158470408595848,0.0,0.97758213529803,0.9871794871794872,0.01282051282051282,2.487742006905908,9.0
pp_quantile_calibrated,HOUSEHOLD_2_004_CA_4,268.8964822040017,268.8964822040017,0.0,0.0,1.0,1.0,0.0,3.447390797487201,6.0
pp_quantile_calibrated,HOUSEHOLD_2_008_WI_2,479.2604713155966,479.2604713155966,0.0,0.0,1.0,1.0,0.0,6.144365016866623,0.0
pp_quantile_calibrated,HOUSEHOLD_2_009_CA_1,332.5686937948777,274.7263197939374,57.842374000940254,0.0,0.8352069116782329,0.8846153846153846,0.11538461538461539,3.5221323050504796,39.0
pp_quantile_calibrated,HOUSEHOLD_2_010_CA_3,348.6333321581769,330.46292464424846,18.170407513928478,0.0,0.9082302650811694,0.9615384615384616,0.038461538461538464,4.23670416210575,22.0
pp_quantile_calibrated,HOUSEHOLD_2_013_WI_3,141.5788039569043,134.8332309987492,6.745572958155088,0.0,0.9250491893538324,0.9871794871794872,0.01282051282051282,1.7286311666506309,10.0
pp_quantile_calibrated,HOUSEHOLD_2_015_CA_1,559.7754635987462,532.8271641889619,26.948299409784386,0.0,0.9401148902004792,0.9615384615384616,0.038461538461538464,6.831117489602075,50.0
pp_quantile_calibrated,HOUSEHOLD_2_017_CA_1,387.3217149261237,369.7511301439976,17.57058478212611,0.0,0.9326797517926203,0.9871794871794872,0.01282051282051282,4.740399104410225,29.0
pp_quantile_calibrated,HOUSEHOLD_2_021_CA_2,700.4567574892669,700.4567574892669,0.0,0.0,1.0,1.0,0.0,8.980214839605987,31.0
pp_quantile_calibrated,HOUSEHOLD_2_029_WI_2,532.7597881458671,449.55905495792865,83.20073318793844,0.0,0.8033079593665758,0.8974358974358975,0.10256410256410256,5.763577627665752,47.0
pp_quantile_calibrated,HOUSEHOLD_2_032_WI_2,288.97748323884804,288.97748323884804,0.0,0.0,1.0,1.0,0.0,3.70483952870318,7.0
pp_quantile_calibrated,HOUSEHOLD_2_034_CA_2,197.3749929649859,171.75837710325987,25.61661586172602,0.0,0.8418727415942838,0.9615384615384616,0.038461538461538464,2.202030475682819,18.0
pp_quantile_calibrated,HOUSEHOLD_2_034_CA_3,311.55440906985046,309.46883437195766,2.0855746978928247,0.0,0.9834478198579936,0.9871794871794872,0.01282051282051282,3.9675491586148417,14.0
pp_quantile_calibrated,HOUSEHOLD_2_038_TX_1,228.9825371488115,208.68263097493744,20.299906173874056,0.0,0.7949504426881409,0.9743589743589743,0.02564102564102564,2.675418345832531,11.0
pp_quantile_calibrated,HOUSEHOLD_2_042_WI_2,417.5235513314156,417.5235513314156,0.0,0.0,1.0,1.0,0.0,5.352866042710456,2.0
pp_quantile_calibrated,HOUSEHOLD_2_043_TX_2,171.26386681593905,146.18471360590706,25.079153210031986,0.0,0.8360839659475033,0.9743589743589743,0.02564102564102564,1.8741629949475265,17.0
pp_quantile_calibrated,HOUSEHOLD_2_045_CA_4,337.9944774730118,295.4854965818938,42.508980891118,0.0,0.7514094684729941,0.9358974358974359,0.0641025641025641,3.788275597203767,19.0
pp_quantile_calibrated,HOUSEHOLD_2_047_TX_2,848.1488364759668,803.3954426761267,44.753393799840175,0.0,0.8756850172226661,0.9358974358974359,0.0641025641025641,10.299941572770855,40.0
pp_quantile_calibrated,HOUSEHOLD_2_057_WI_3,224.52829999492303,217.8746412773175,6.653658717605546,0.0,0.9383920489110599,0.9871794871794872,0.01282051282051282,2.7932646317604806,12.0
pp_quantile_calibrated,HOUSEHOLD_2_058_TX_2,596.814388473395,518.5328817044395,78.28150676895541,0.0,0.8023194273511227,0.8846153846153846,0.11538461538461539,6.647857457749225,44.0
pp_quantile_calibrated,HOUSEHOLD_2_063_TX_2,219.51737600267992,216.00404465689203,3.51333134578788,0.0,0.9674691542056678,0.9871794871794872,0.01282051282051282,2.769282623806308,12.0
pp_quantile_calibrated,HOUSEHOLD_2_067_CA_2,1026.9092306066862,902.2573496593155,124.65188094737064,0.0,0.8717573241282195,0.8974358974358975,0.10256410256410256,11.567401918709173,108.0
pp_quantile_calibrated,HOUSEHOLD_2_073_WI_3,169.27273985904486,169.02729854155288,0.24544131749199272,0.0,0.9909095808336299,0.9871794871794872,0.01282051282051282,2.1670166479686266,3.0
pp_quantile_calibrated,HOUSEHOLD_2_075_CA_4,525.9974806721721,485.65586698802866,40.34161368414334,0.0,0.8820420652510429,0.9358974358974359,0.0641025641025641,6.22635726907729,38.0
pp_quantile_calibrated,HOUSEHOLD_2_075_WI_3,641.7624543601386,592.7357897031615,49.02666465697707,0.0,0.8527727788078767,0.9358974358974359,0.0641025641025641,7.5991767910661725,37.0
pp_quantile_calibrated,HOUSEHOLD_2_077_CA_3,277.1097554769439,264.3627165949778,12.747038881966077,0.0,0.8426291496053571,0.9871794871794872,0.01282051282051282,3.3892655973715105,9.0
pp_quantile_calibrated,HOUSEHOLD_2_079_TX_1,257.9714962523264,242.6876587568636,15.283837495462791,0.0,0.8786997024169619,0.9871794871794872,0.01282051282051282,3.1113802404726103,14.0
pp_quantile_calibrated,HOUSEHOLD_2_087_CA_3,305.40598544406595,305.40598544406595,0.0,0.0,1.0,1.0,0.0,3.915461351846999,7.0
pp_quantile_calibrated,HOUSEHOLD_2_089_TX_2,553.1194421836788,495.90963419370235,57.20980798997638,0.0,0.8884799064522877,0.9487179487179487,0.05128205128205128,6.357815822996184,57.0
pp_quantile_calibrated,HOUSEHOLD_2_095_CA_2,600.6796215538931,539.0548605948437,61.624760959049325,0.0,0.8288201084470852,0.9743589743589743,0.02564102564102564,6.9109597512159455,40.0
pp_quantile_calibrated,HOUSEHOLD_2_095_TX_3,437.99906455957836,432.59906455957866,5.399999999999693,0.0,0.9760000000000013,0.9871794871794872,0.01282051282051282,5.546141853327931,25.0
pp_quantile_calibrated,HOUSEHOLD_2_110_CA_1,1165.5965801001787,938.13482790063,227.46175219954878,0.0,0.8486615088492687,0.8717948717948718,0.1282051282051282,12.027369588469615,167.0
pp_quantile_calibrated,HOUSEHOLD_2_120_TX_2,501.266146303086,453.673400358067,47.592745945018976,0.0,0.8489119176348604,0.9615384615384616,0.038461538461538464,5.816325645616244,35.0
pp_quantile_calibrated,HOUSEHOLD_2_123_TX_1,554.4611722716411,474.92780235580193,79.5333699158391,0.0,0.7895942594819071,0.8974358974358975,0.10256410256410256,6.088817978920537,42.0
pp_quantile_calibrated,HOUSEHOLD_2_129_CA_2,382.82538917904424,382.82538917904424,0.0,0.0,1.0,1.0,0.0,4.908017809987746,14.0
pp_quantile_calibrated,HOUSEHOLD_2_138_CA_3,300.612007140469,300.612007140469,0.0,0.0,1.0,1.0,0.0,3.8540000915444748,4.0
pp_quantile_calibrated,HOUSEHOLD_2_139_TX_2,453.1124275340271,325.8214104907376,127.29101704328951,0.0,0.6990756098267388,0.8589743589743589,0.14102564102564102,4.177197570394072,47.0
pp_quantile_calibrated,HOUSEHOLD_2_143_CA_1,454.2891603993802,433.9866249113031,20.302535488077062,0.0,0.8974619419794088,0.9743589743589743,0.02564102564102564,5.56393108860645,22.0
pp_quantile_calibrated,HOUSEHOLD_2_146_WI_1,751.7913121197366,631.5711127655977,120.22019935413888,0.0,0.7031600015947188,0.8589743589743589,0.14102564102564102,8.097065548276893,45.0
pp_quantile_calibrated,HOUSEHOLD_2_147_CA_3,221.4661733176459,221.4661733176459,0.0,0.0,1.0,1.0,0.0,2.8393099143287936,5.0
pp_quantile_calibrated,HOUSEHOLD_2_149_TX_1,204.04503617277715,204.04503617277715,0.0,0.0,1.0,1.0,0.0,2.615962002215092,6.0
pp_quantile_calibrated,HOUSEHOLD_2_150_CA_2,363.4439282585184,342.328829383912,21.11509887460635,0.0,0.9289053909945916,0.9615384615384616,0.038461538461538464,4.38883114594759,33.0
pp_quantile_calibrated,HOUSEHOLD_2_158_TX_3,302.81955132329864,302.81955132329864,0.0,0.0,1.0,1.0,0.0,3.8823019400422902,0.0
pp_quantile_calibrated,HOUSEHOLD_2_159_CA_2,683.2755712164148,678.9341376101329,4.341433606281917,0.0,0.9895134453954543,0.9871794871794872,0.01282051282051282,8.704283815514524,46.0
pp_quantile_calibrated,HOUSEHOLD_2_160_WI_1,386.7353075304216,375.07391772239123,11.661389808030373,0.0,0.9683973175934136,0.9743589743589743,0.02564102564102564,4.808639970799888,41.0
pp_quantile_calibrated,HOUSEHOLD_2_164_CA_1,881.0,881.0,0.0,0.0,1.0,1.0,0.0,11.294871794871796,12.0
pp_quantile_calibrated,HOUSEHOLD_2_176_TX_2,3042.7325741614864,2408.0992656636945,634.633308497792,0.0,0.7037192770785285,0.7435897435897436,0.2564102564102564,30.873067508508903,238.0
pp_quantile_calibrated,HOUSEHOLD_2_179_CA_1,328.6320417245271,307.61399306676344,21.018048657763615,0.0,0.9165950450088746,0.9615384615384616,0.038461538461538464,3.9437691418815826,28.0
pp_quantile_calibrated,HOUSEHOLD_2_184_WI_3,501.8893609420735,440.4190021723097,61.4703587697638,0.0,0.8515208725368025,0.9230769230769231,0.07692307692307693,5.646397463747561,46.0
pp_quantile_calibrated,HOUSEHOLD_2_190_WI_1,755.2420062901018,742.1982905425567,13.043715747545132,0.0,0.9670613238698355,0.9743589743589743,0.02564102564102564,9.515362699263548,44.0
pp_quantile_calibrated,HOUSEHOLD_2_193_TX_1,902.2000000000046,883.1750392266076,19.024960773397012,0.0,0.9039143395282978,0.9615384615384616,0.038461538461538464,11.322756913161637,22.0
pp_quantile_calibrated,HOUSEHOLD_2_203_CA_1,913.6212041558433,619.4896184564913,294.13158569935206,0.0,0.5523111328776985,0.8205128205128205,0.1794871794871795,7.942174595596041,73.0
pp_quantile_calibrated,HOUSEHOLD_2_207_WI_3,206.12123085022378,206.12123085022378,0.0,0.0,1.0,1.0,0.0,2.6425798826951765,3.0
pp_quantile_calibrated,HOUSEHOLD_2_208_CA_3,281.19985128167434,281.19985128167434,0.0,0.0,1.0,1.0,0.0,3.6051262984830044,9.0
pp_quantile_calibrated,HOUSEHOLD_2_217_TX_1,640.0109596140605,459.90244875446007,180.10851085960053,0.0,0.7824776438893714,0.8205128205128205,0.1794871794871795,5.896185240441795,92.0
pp_quantile_calibrated,HOUSEHOLD_2_218_CA_1,360.0,360.0,0.0,0.0,1.0,1.0,0.0,4.615384615384615,6.0
pp_quantile_calibrated,HOUSEHOLD_2_224_TX_1,227.50695273398497,227.50695273398497,0.0,0.0,1.0,1.0,0.0,2.9167558042818587,6.0
pp_quantile_calibrated,HOUSEHOLD_2_226_TX_3,436.50886555491627,436.50886555491627,0.0,0.0,1.0,1.0,0.0,5.5962675071143115,28.0
pp_quantile_calibrated,HOUSEHOLD_2_226_WI_1,477.2422436180135,361.94400074101566,115.29824287699785,0.0,0.6715149775584107,0.8589743589743589,0.14102564102564102,4.640307701807893,39.0
pp_quantile_calibrated,HOUSEHOLD_2_234_WI_3,301.5319472985553,293.9238242589895,7.608123039565777,0.0,0.9060725550670892,0.9871794871794872,0.01282051282051282,3.768254157166532,9.0
pp_quantile_calibrated,HOUSEHOLD_2_237_CA_2,296.61695914656883,296.61695914656883,0.0,0.0,1.0,1.0,0.0,3.8027815275201133,12.0
pp_quantile_calibrated,HOUSEHOLD_2_238_CA_1,475.0122116508815,448.234495298297,26.77771635258449,0.0,0.9008232727682056,0.9743589743589743,0.02564102564102564,5.74659609356791,30.0
pp_quantile_calibrated,HOUSEHOLD_2_241_CA_2,320.6765223654004,315.7264957350057,4.950026630394712,0.0,0.969444280059292,0.9871794871794872,0.01282051282051282,4.047775586346227,18.0
pp_quantile_calibrated,HOUSEHOLD_2_249_WI_1,824.0,824.0,0.0,0.0,1.0,1.0,0.0,10.564102564102564,7.0
pp_quantile_calibrated,HOUSEHOLD_2_257_TX_1,389.06355472583004,340.63543520818115,48.428119517648895,0.0,0.8545702116587119,0.9487179487179487,0.05128205128205128,4.367120964207451,37.0
pp_quantile_calibrated,HOUSEHOLD_2_259_CA_2,562.6630664231349,543.0235082538675,19.639558169267424,0.0,0.961032622680025,0.9615384615384616,0.038461538461538464,6.961839849408557,56.0
pp_quantile_calibrated,HOUSEHOLD_2_259_TX_3,240.37734796460663,239.28408946411653,1.0932585004900837,0.0,0.9898772361065733,0.9871794871794872,0.01282051282051282,3.0677447367194426,12.0
pp_quantile_calibrated,HOUSEHOLD_2_260_WI_1,278.33304649830586,260.65180032797065,17.681246170335243,0.0,0.8772135682615608,0.9743589743589743,0.02564102564102564,3.3416897477944953,16.0
pp_quantile_calibrated,HOUSEHOLD_2_263_TX_2,395.5871971336235,343.8205921847748,51.7666049488487,0.0,0.73855250025834,0.9487179487179487,0.05128205128205128,4.407956310061215,22.0
pp_quantile_calibrated,HOUSEHOLD_2_263_TX_3,585.0538059502779,585.0538059502779,0.0,0.0,1.0,1.0,0.0,7.500689819875358,6.0
pp_quantile_calibrated,HOUSEHOLD_2_264_WI_3,371.6227633103782,345.29751838771335,26.325244922664876,0.0,0.9139697878344285,0.9615384615384616,0.038461538461538464,4.42689126138094,34.0
pp_quantile_calibrated,HOUSEHOLD_2_265_WI_1,352.37344143318614,302.5634397463647,49.81000168682148,0.0,0.7871367449281134,0.9615384615384616,0.038461538461538464,3.8790184582867266,26.0
pp_quantile_calibrated,HOUSEHOLD_2_275_CA_2,536.0663018901637,519.0242865940335,17.042015296130177,0.0,0.9605508905182173,0.9743589743589743,0.02564102564102564,6.654157520436327,48.0
pp_quantile_calibrated,HOUSEHOLD_2_280_TX_2,393.8031649671077,362.02579870281517,31.777366264292567,0.0,0.8823060508729905,0.9615384615384616,0.038461538461538464,4.641356393625835,30.0
pp_quantile_calibrated,HOUSEHOLD_2_280_WI_3,246.85978470888583,241.9772900760781,4.882494632807713,0.0,0.9660937872721687,0.9743589743589743,0.02564102564102564,3.102272949693309,16.0
pp_quantile_calibrated,HOUSEHOLD_2_288_TX_3,385.11284130099307,385.11284130099307,0.0,0.0,1.0,1.0,0.0,4.937344119243501,13.0
pp_quantile_calibrated,HOUSEHOLD_2_294_CA_1,1974.5035565578291,1870.3978196128014,104.10573694502762,0.0,0.8967204990624725,0.9615384615384616,0.038461538461538464,23.979459225805147,112.0
pp_quantile_calibrated,HOUSEHOLD_2_294_WI_3,1076.1978658084704,1018.5026487850475,57.6952170234228,0.0,0.9406427808401,0.9487179487179487,0.05128205128205128,13.057726266474969,108.0
pp_quantile_calibrated,HOUSEHOLD_2_307_TX_1,231.30932819620202,231.30932819620202,0.0,0.0,1.0,1.0,0.0,2.9655042076436158,3.0
pp_quantile_calibrated,HOUSEHOLD_2_308_WI_3,314.49717672230787,254.27317074848074,60.22400597382713,0.0,0.6063790459226984,0.9358974358974359,0.0641025641025641,3.2599124454933426,17.0
pp_quantile_calibrated,HOUSEHOLD_2_311_TX_2,539.471738725192,467.4107637779181,72.06097494727393,0.0,0.7946980770732937,0.9358974358974359,0.0641025641025641,5.992445689460488,39.0
pp_quantile_calibrated,HOUSEHOLD_2_314_TX_1,438.99413203114415,420.9463664877421,18.047765543402,0.0,0.8997346358699888,0.9615384615384616,0.038461538461538464,5.396748288304386,20.0
pp_quantile_calibrated,HOUSEHOLD_2_316_CA_4,199.3891608318929,179.85663272412637,19.53252810776652,0.0,0.8794288388409475,0.9487179487179487,0.05128205128205128,2.305854265693928,18.0
pp_quantile_calibrated,HOUSEHOLD_2_326_TX_2,217.04218778227403,199.52705953058816,17.515128251685866,0.0,0.8702583092467714,0.9743589743589743,0.02564102564102564,2.55803922475113,15.0
pp_quantile_calibrated,HOUSEHOLD_2_330_CA_2,393.313325701327,373.57323547500033,19.7400902263267,0.0,0.8629160400949535,0.9743589743589743,0.02564102564102564,4.789400454807697,16.0
pp_quantile_calibrated,HOUSEHOLD_2_333_WI_2,601.8472604115545,601.8472604115545,0.0,0.0,1.0,1.0,0.0,7.715990518096853,17.0
pp_quantile_calibrated,HOUSEHOLD_2_337_CA_2,204.44513585445452,190.6898243374239,13.75531151703062,0.0,0.9412166174485871,0.9615384615384616,0.038461538461538464,2.4447413376592806,26.0
pp_quantile_calibrated,HOUSEHOLD_2_338_WI_3,540.1594355376468,528.0073882087854,12.152047328861368,0.0,0.8772520471832185,0.9871794871794872,0.01282051282051282,6.769325489856223,11.0
pp_quantile_calibrated,HOUSEHOLD_2_342_CA_1,543.4905809965952,466.21276543201054,77.27781556458467,0.0,0.81333860974738,0.9102564102564102,0.08974358974358974,5.977086736307827,46.0
pp_quantile_calibrated,HOUSEHOLD_2_345_CA_1,423.864151808922,407.9119050185566,15.952246790365372,0.0,0.9556882033600962,0.9871794871794872,0.01282051282051282,5.229639807930212,40.0
pp_quantile_calibrated,HOUSEHOLD_2_346_TX_3,717.0812707926369,677.0970690950064,39.98420169763051,0.0,0.948340824680064,0.9487179487179487,0.05128205128205128,8.680731655064184,86.0
pp_quantile_calibrated,HOUSEHOLD_2_348_TX_1,758.0384273905511,655.6762696440123,102.36215774653874,0.0,0.8327415723095771,0.9102564102564102,0.08974358974358974,8.40610602107708,68.0
pp_quantile_calibrated,HOUSEHOLD_2_354_TX_1,394.0286170687092,380.5295751395579,13.499041929151296,0.0,0.9318230205598419,0.9743589743589743,0.02564102564102564,4.878584296660999,22.0
pp_quantile_calibrated,HOUSEHOLD_2_354_TX_2,1077.496174100527,950.0281723717007,127.46800172882617,0.0,0.7167377739359417,0.8974358974358975,0.10256410256410256,12.179848363739753,50.0
pp_quantile_calibrated,HOUSEHOLD_2_355_CA_3,518.7486963624073,518.7486963624073,0.0,0.0,1.0,1.0,0.0,6.650624312338555,29.0
pp_quantile_calibrated,HOUSEHOLD_2_355_TX_2,327.74299391463944,327.74299391463944,0.0,0.0,1.0,1.0,0.0,4.20183325531589,21.0
pp_quantile_calibrated,HOUSEHOLD_2_358_CA_4,244.29362590219063,244.29362590219063,0.0,0.0,1.0,1.0,0.0,3.1319695628485977,1.0
pp_quantile_calibrated,HOUSEHOLD_2_358_WI_2,228.05230381054005,214.50772767189173,13.544576138648326,0.0,0.9059404434816088,0.9743589743589743,0.02564102564102564,2.750099072716561,16.0
pp_quantile_calibrated,HOUSEHOLD_2_370_TX_2,294.88890404745274,260.0278726271058,34.86103142034695,0.0,0.8315892201915607,0.9487179487179487,0.05128205128205128,3.3336906747064847,23.0
pp_quantile_calibrated,HOUSEHOLD_2_373_WI_3,254.0784991743586,254.0784991743586,0.0,0.0,1.0,1.0,0.0,3.2574166560815203,10.0
pp_quantile_calibrated,HOUSEHOLD_2_382_TX_3,733.7908879054927,631.9714827587262,101.81940514676646,0.0,0.7369007618946604,0.8974358974358975,0.10256410256410256,8.102198496906746,43.0
pp_quantile_calibrated,HOUSEHOLD_2_385_WI_1,339.85734577392503,339.85734577392503,0.0,0.0,1.0,1.0,0.0,4.357145458640065,15.0
pp_quantile_calibrated,HOUSEHOLD_2_392_CA_4,190.57982195475776,174.37952400380817,16.200297950949597,0.0,0.8199966894338934,0.9615384615384616,0.038461538461538464,2.2356349231257457,10.0
pp_quantile_calibrated,HOUSEHOLD_2_396_TX_3,233.85126859157035,152.65055335469748,81.20071523687287,0.0,0.5703665860482917,0.8846153846153846,0.11538461538461539,1.9570583763422753,21.0
pp_quantile_calibrated,HOUSEHOLD_2_396_WI_2,145.63113857605907,127.42372650342999,18.20741207262908,0.0,0.6628257023587207,0.9743589743589743,0.02564102564102564,1.6336375192747434,6.0
pp_quantile_calibrated,HOUSEHOLD_2_397_WI_2,260.85235831267255,260.85235831267255,0.0,0.0,1.0,1.0,0.0,3.3442610040086223,4.0
pp_quantile_calibrated,HOUSEHOLD_2_401_TX_3,752.9161616798368,598.7580732769254,154.15808840291143,0.0,0.7885348581578718,0.8846153846153846,0.11538461538461539,7.676385554832377,81.0
pp_quantile_calibrated,HOUSEHOLD_2_405_CA_4,384.78299410778015,366.78299410778015,18.0,0.0,0.8,0.9743589743589743,0.02564102564102564,4.702346078304874,10.0
pp_quantile_calibrated,HOUSEHOLD_2_412_CA_1,251.09227323376848,249.4601663486765,1.6321068850919813,0.0,0.9697757984242226,0.9871794871794872,0.01282051282051282,3.198207260880468,6.0
pp_quantile_calibrated,HOUSEHOLD_2_417_TX_1,227.6452761942879,223.9060247691459,3.7392514251420246,0.0,0.9169055238857329,0.9871794871794872,0.01282051282051282,2.870590061142896,5.0
pp_quantile_calibrated,HOUSEHOLD_2_418_CA_2,510.55745145123126,510.55745145123126,0.0,0.0,1.0,1.0,0.0,6.545608351938863,21.0
pp_quantile_calibrated,HOUSEHOLD_2_420_CA_3,933.1006750732398,807.1006750732398,126.0,0.0,0.6111111111111112,0.9102564102564102,0.08974358974358974,10.347444552221024,36.0
pp_quantile_calibrated,HOUSEHOLD_2_424_CA_1,379.60498758141836,346.842892461726,32.76209511969233,0.0,0.834534873132867,0.9487179487179487,0.05128205128205128,4.446703749509308,22.0
pp_quantile_calibrated,HOUSEHOLD_2_424_CA_4,365.8620276871861,349.1181764772973,16.743851209888838,0.0,0.8139572087790128,0.9743589743589743,0.02564102564102564,4.475874057401247,10.0
pp_quantile_calibrated,HOUSEHOLD_2_428_CA_4,245.67505244654723,245.67505244654723,0.0,0.0,1.0,1.0,0.0,3.149680159571118,0.0
pp_quantile_calibrated,HOUSEHOLD_2_429_WI_3,193.47263805607267,176.81179495679822,16.66084309927444,0.0,0.8148795211191728,0.9743589743589743,0.02564102564102564,2.2668178840615156,10.0
pp_quantile_calibrated,HOUSEHOLD_2_432_TX_3,375.2774912385818,370.59512976217485,4.682361476406912,0.0,0.9807310227308358,0.9871794871794872,0.01282051282051282,4.751219612335575,27.0
pp_quantile_calibrated,HOUSEHOLD_2_436_CA_2,566.9455655519711,566.9455655519711,0.0,0.0,1.0,1.0,0.0,7.268532891691937,38.0
pp_quantile_calibrated,HOUSEHOLD_2_440_TX_2,1482.9213643094936,1348.5150580697793,134.40630623971413,0.0,0.8997715837138598,0.9358974358974359,0.0641025641025641,17.288654590638195,149.0
pp_quantile_calibrated,HOUSEHOLD_2_445_WI_2,244.1916196298455,244.1916196298455,0.0,0.0,1.0,1.0,0.0,3.1306617901262244,2.0
pp_quantile_calibrated,HOUSEHOLD_2_446_CA_3,325.9081083416954,307.6934598254129,18.214648516282526,0.0,0.8443192434505767,0.9615384615384616,0.038461538461538464,3.9447879464796527,13.0
pp_quantile_calibrated,HOUSEHOLD_2_451_TX_1,781.0860562710627,614.2688214919967,166.81723477906593,0.0,0.8200461329244165,0.8589743589743589,0.14102564102564102,7.875241301179445,103.0
pp_quantile_calibrated,HOUSEHOLD_2_451_WI_2,810.7413426637753,692.7915468491021,117.94979581467312,0.0,0.8493616911689997,0.8846153846153846,0.11538461538461539,8.881942908321822,87.0
pp_quantile_calibrated,HOUSEHOLD_2_459_WI_3,218.74339726534902,218.74339726534902,0.0,0.0,1.0,1.0,0.0,2.804402529042936,8.0
pp_quantile_calibrated,HOUSEHOLD_2_462_CA_4,283.76243600817617,283.76243600817617,0.0,0.0,1.0,1.0,0.0,3.6379799488227715,11.0
pp_quantile_calibrated,HOUSEHOLD_2_462_TX_2,215.5251101969989,191.1213413151197,24.403768881879177,0.0,0.7914207787873575,0.9615384615384616,0.038461538461538464,2.4502736066040987,13.0
pp_quantile_calibrated,HOUSEHOLD_2_465_CA_1,708.5215329284679,644.7024207268701,63.819112201597875,0.0,0.9194203128767704,0.9487179487179487,0.05128205128205128,8.265415650344488,88.0
pp_quantile_calibrated,HOUSEHOLD_2_468_TX_2,504.30622362250256,423.19277426009853,81.113449362404,0.0,0.7854141551259153,0.8974358974358975,0.10256410256410256,5.4255483879499815,42.0
pp_quantile_calibrated,HOUSEHOLD_2_470_WI_2,566.6067392557849,537.8202568445735,28.786482411211455,0.0,0.9273068625979509,0.9487179487179487,0.05128205128205128,6.895131498007352,44.0
pp_quantile_calibrated,HOUSEHOLD_2_475_CA_3,530.8265413859906,530.8265413859906,0.0,0.0,1.0,1.0,0.0,6.805468479307572,20.0
pp_quantile_calibrated,HOUSEHOLD_2_476_WI_2,375.7884898510175,336.3839329395791,39.40455691143845,0.0,0.7695639946699506,0.9487179487179487,0.05128205128205128,4.312614524866398,19.0
pp_quantile_calibrated,HOUSEHOLD_2_478_TX_2,179.6116462647368,162.43739084210122,17.17425542263559,0.0,0.8532114921142256,0.9615384615384616,0.038461538461538464,2.0825306518218105,13.0
pp_quantile_calibrated,HOUSEHOLD_2_480_TX_1,384.8718418016977,381.8078472466117,3.0639945550860412,0.0,0.9773037440363997,0.9743589743589743,0.02564102564102564,4.894972400597585,15.0
pp_quantile_calibrated,HOUSEHOLD_2_483_TX_1,839.0775212847282,727.5041571424342,111.573364142294,0.0,0.8734995871402562,0.9102564102564102,0.08974358974358974,9.326976373620951,98.0
pp_quantile_calibrated,HOUSEHOLD_2_488_WI_3,193.7021506280013,182.59089221818377,11.111258409817529,0.0,0.9118154094458927,0.9743589743589743,0.02564102564102564,2.3409088745920994,14.0
pp_quantile_calibrated,HOUSEHOLD_2_490_WI_1,814.8704700760926,592.5316190160812,222.3388510600114,0.0,0.8054778205949157,0.8589743589743589,0.14102564102564102,7.596559218154887,127.0
pp_quantile_calibrated,HOUSEHOLD_2_491_TX_3,551.0051310513496,503.6930446428952,47.31208640845445,0.0,0.8652077310300442,0.9358974358974359,0.0641025641025641,6.457603136447374,39.0
pp_quantile_calibrated,HOUSEHOLD_2_505_CA_4,240.93487066800094,240.93487066800094,0.0,0.0,1.0,1.0,0.0,3.0889085983077043,9.0
pp_quantile_calibrated,HOUSEHOLD_2_507_CA_1,876.0105599574372,823.5160778572762,52.49448210016096,0.0,0.9129444741290863,0.9230769230769231,0.07692307692307693,10.557898434067644,67.0
pp_quantile_calibrated,HOUSEHOLD_2_509_TX_1,319.30051202111264,315.2899968717171,4.010515149395529,0.0,0.9876218668228532,0.9871794871794872,0.01282051282051282,4.042179447073297,36.0
pp_quantile_calibrated,HOUSEHOLD_2_509_WI_1,243.20367892139438,226.1374281016913,17.066250819703075,0.0,0.7629687386152351,0.9743589743589743,0.02564102564102564,2.8991977961755295,8.0
pp_quantile_calibrated,HOUSEHOLD_2_509_WI_2,189.6785251264553,171.6785251264553,18.0,0.0,0.8571428571428571,0.9743589743589743,0.02564102564102564,2.2010067323904527,14.0
pp_quantile_calibrated,HOUSEHOLD_2_510_CA_2,643.9137376551384,619.6942557159488,24.219481939189667,0.0,0.9527885342315991,0.9743589743589743,0.02564102564102564,7.9447981502044716,57.0
