model,series_id,total_cost,holding_cost,stockout_cost,ordering_cost,fill_rate,cycle_service_level,stockout_rate,average_on_hand,total_demand
seasonal_naive,item_10_store_1,31522.550622206596,29361.39328939496,2161.1573328116365,0.0,0.9211544205468211,0.8974358974358975,0.10256410256410256,376.4281190948072,5482.0
seasonal_naive,item_10_store_10,39091.53869437116,36554.237685481006,2537.30100889015,0.0,0.9234369037751916,0.8974358974358975,0.10256410256410256,468.6440728907821,6628.0
seasonal_naive,item_10_store_2,44045.76501987138,40873.03798333273,3172.7270365386494,0.0,0.9178475650818578,0.8974358974358975,0.10256410256410256,524.0133074786247,7724.0
seasonal_naive,item_10_store_3,39677.80866137245,37050.275734595736,2627.532926776713,0.0,0.9240158205096382,0.8974358974358975,0.10256410256410256,475.0035350589197,6916.0
seasonal_naive,item_10_store_4,36552.622683941416,33791.68292508589,2760.9397588555285,0.0,0.9132461976793235,0.8846153846153846,0.11538461538461539,433.22670416776776,6365.0
seasonal_naive,item_10_store_5,26381.923153528653,24749.523273602754,1632.3998799259004,0.0,0.929118546247247,0.9102564102564102,0.08974358974358974,317.30158043080456,4606.0
seasonal_naive,item_10_store_6,25975.043243114178,24159.206203423822,1815.8370396903558,0.0,0.9202355791921654,0.8974358974358975,0.10256410256410256,309.73341286440797,4553.0
seasonal_naive,item_10_store_7,24355.00680329348,23162.09888995978,1192.9079133337013,0.0,0.9419085506046407,0.9230769230769231,0.07692307692307693,296.9499857687151,4107.0
seasonal_naive,item_10_store_8,42647.502054027245,39737.71324691018,2909.7888071170664,0.0,0.9218324027638128,0.8974358974358975,0.10256410256410256,509.45786213987407,7445.0
seasonal_naive,item_10_store_9,37300.55887610286,35212.8793375919,2087.6795385109644,0.0,0.9349125631017626,0.9102564102564102,0.08974358974358974,451.44717099476793,6415.0
seasonal_naive,item_11_store_1,30313.667175773655,28468.716041747048,1844.9511340266065,0.0,0.929176539960591,0.8974358974358975,0.10256410256410256,364.98353899675703,5210.0
seasonal_naive,item_11_store_10,37985.944697011095,35205.69525974298,2780.2494372681144,0.0,0.9154168105485819,0.8974358974358975,0.10256410256410256,451.35506743260225,6574.0
seasonal_naive,item_11_store_2,42783.71241391137,39728.09934290831,3055.613071003065,0.0,0.917493909247926,0.8846153846153846,0.11538461538461539,509.334606960363,7407.0
seasonal_naive,item_11_store_3,38683.985422243255,36503.19886010621,2180.7865621370433,0.0,0.9329813594917933,0.9230769230769231,0.07692307692307693,467.98972897572065,6508.0
seasonal_naive,item_11_store_4,35259.206160206195,32798.99434892434,2460.211811281857,0.0,0.9193108622078762,0.8974358974358975,0.10256410256410256,420.499927550312,6098.0
seasonal_naive,item_11_store_5,25702.85890798027,24522.176751512106,1180.6821564681616,0.0,0.945565599056332,0.9230769230769231,0.07692307692307693,314.3868814296424,4338.0
seasonal_naive,item_11_store_6,25171.443849580468,23470.739941764703,1700.7039078157663,0.0,0.9208974926597318,0.8974358974358975,0.10256410256410256,300.9069223303167,4300.0
seasonal_naive,item_11_store_7,23136.589670769594,21795.796648681546,1340.7930220880473,0.0,0.9329435847917956,0.9102564102564102,0.08974358974358974,279.4332903677121,3999.0
seasonal_naive,item_11_store_8,39766.142238743974,37127.481957325865,2638.6602814181106,0.0,0.9260050397807597,0.9102564102564102,0.08974358974358974,475.9933584272547,7132.0
seasonal_naive,item_11_store_9,33345.15107663278,30489.610199994204,2855.5408766385754,0.0,0.9066053678940776,0.8846153846153846,0.11538461538461539,390.89243846146417,6115.0
seasonal_naive,item_12_store_1,30131.83871989832,28200.4558635617,1931.38285633662,0.0,0.9260289982253305,0.9102564102564102,0.08974358974358974,361.5443059430987,5222.0
seasonal_naive,item_12_store_10,37141.03353737743,34873.46865305615,2267.5648843212784,0.0,0.9302609600393271,0.8974358974358975,0.10256410256410256,447.09575196225836,6503.0
seasonal_naive,item_12_store_2,42302.73496855062,39859.43014305872,2443.304825491896,0.0,0.9330784764313368,0.9102564102564102,0.08974358974358974,511.01833516741954,7302.0
seasonal_naive,item_12_store_3,36478.34482163971,33833.12996715227,2645.214854487439,0.0,0.9183323601578438,0.8846153846153846,0.11538461538461539,433.7580765019522,6478.0
seasonal_naive,item_12_store_4,33997.29159130089,31868.719371822517,2128.572219478376,0.0,0.9292480565239032,0.9102564102564102,0.08974358974358974,408.5733252797759,6017.0
seasonal_naive,item_12_store_5,25304.48294390947,24261.849567436955,1042.633376472512,0.0,0.9519745105263697,0.9358974358974359,0.0641025641025641,311.0493534286789,4342.0
seasonal_naive,item_12_store_6,24974.4525121293,23159.151981020856,1815.3005311084462,0.0,0.9158999059018557,0.8974358974358975,0.10256410256410256,296.9122048848828,4317.0
seasonal_naive,item_12_store_7,23116.481284072575,21273.476630519723,1843.0046535528538,0.0,0.9066833086808682,0.8717948717948718,0.1282051282051282,272.73687987845796,3950.0
seasonal_naive,item_12_store_8,40418.21666648686,37642.99010786847,2775.226558618384,0.0,0.9187104112882724,0.8974358974358975,0.10256410256410256,482.602437280365,6828.0
seasonal_naive,item_12_store_9,35106.440361665685,32692.765915904736,2413.6744457609507,0.0,0.9187451794054552,0.8974358974358975,0.10256410256410256,419.13802456288124,5941.0
seasonal_naive,item_13_store_1,35463.3333560419,32742.052681832894,2721.280674209006,0.0,0.9125130791123933,0.8846153846153846,0.11538461538461539,419.7699061773448,6221.0
seasonal_naive,item_13_store_10,46737.278947327984,44075.08975642146,2662.1891909065253,0.0,0.931686189609789,0.9102564102564102,0.08974358974358974,565.0652532874547,7794.0
seasonal_naive,item_13_store_2,50528.67548830282,47425.040858162516,3103.6346301403046,0.0,0.9290354491793689,0.9102564102564102,0.08974358974358974,608.0133443354168,8747.0
seasonal_naive,item_13_store_3,45044.33062340565,41852.68100498344,3191.6496184222106,0.0,0.9189113409953706,0.8974358974358975,0.10256410256410256,536.5728333972236,7872.0
seasonal_naive,item_13_store_4,41183.505786068956,38039.985808677186,3143.519977391774,0.0,0.9113752473247315,0.8846153846153846,0.11538461538461539,487.69212575227164,7094.0
seasonal_naive,item_13_store_5,30536.367493955633,28462.41957419796,2073.947919757674,0.0,0.9212624176249934,0.8974358974358975,0.10256410256410256,364.90281505382,5268.0
seasonal_naive,item_13_store_6,31757.732617192934,30595.949313131856,1161.78330406108,0.0,0.9565931887143253,0.9358974358974359,0.0641025641025641,392.2557604247674,5353.0
seasonal_naive,item_13_store_7,26823.44324703599,24327.948642012292,2495.494605023696,0.0,0.8941914519811873,0.8717948717948718,0.1282051282051282,311.89677746169605,4717.0
seasonal_naive,item_13_store_8,48977.26661688078,45903.143160503,3074.1234563777743,0.0,0.9280654391861992,0.9102564102564102,0.08974358974358974,588.5018353910641,8547.0
seasonal_naive,item_13_store_9,42882.49928229751,40269.245773845876,2613.253508451637,0.0,0.927024476167226,0.8974358974358975,0.10256410256410256,516.2723817159728,7162.0
seasonal_naive,item_14_store_1,25482.790892903082,24354.238574344316,1128.552318558767,0.0,0.9484561626600243,0.9358974358974359,0.0641025641025641,312.23382787620915,4379.0
seasonal_naive,item_14_store_10,31372.86005865437,28856.774031200533,2516.0860274538336,0.0,0.9074798298417417,0.8846153846153846,0.11538461538461539,369.95864142564784,5439.0
seasonal_naive,item_14_store_2,35918.01564273639,33588.15452725784,2329.8611154785567,0.0,0.925000446950634,0.8974358974358975,0.10256410256410256,430.61736573407484,6213.0
seasonal_naive,item_14_store_3,32431.016451908403,30583.783943544753,1847.2325083636508,0.0,0.9329984581659903,0.9102564102564102,0.08974358974358974,392.09979414800966,5514.0
seasonal_naive,item_14_store_4,28615.585323633077,26893.79498275943,1721.790340873647,0.0,0.9317020888189746,0.9102564102564102,0.08974358974358974,344.7922433687107,5042.0
seasonal_naive,item_14_store_5,21499.05455073252,20379.337998981984,1119.716551750534,0.0,0.9385951986975303,0.9230769230769231,0.07692307692307693,261.2735640895126,3647.0
seasonal_naive,item_14_store_6,21468.458049266443,20009.60670066776,1458.851348598685,0.0,0.9206714872975158,0.8846153846153846,0.11538461538461539,256.5334192393302,3678.0
seasonal_naive,item_14_store_7,19273.63688239316,17922.545052940666,1351.0918294524931,0.0,0.9202189648979927,0.8974358974358975,0.10256410256410256,229.77621862744445,3387.0
seasonal_naive,item_14_store_8,33962.70319330262,32053.067666002014,1909.635527300611,0.0,0.9362285681315542,0.9230769230769231,0.07692307692307693,410.93676494874376,5989.0
seasonal_naive,item_14_store_9,29242.062940061434,27587.4910550689,1654.5718849925368,0.0,0.9344594222621296,0.9102564102564102,0.08974358974358974,353.68578275729357,5049.0
seasonal_naive,item_15_store_1,36857.528587247085,34162.62633098888,2694.9022562582036,0.0,0.9184228165201089,0.8846153846153846,0.11538461538461539,437.9823888588318,6607.0
seasonal_naive,item_15_store_10,45963.87093624142,42984.39311461139,2979.4778216300338,0.0,0.9265595804380076,0.8974358974358975,0.10256410256410256,551.0819630078383,8114.0
seasonal_naive,item_15_store_2,53054.16064991802,50017.09305628045,3037.0675936375733,0.0,0.9335651844331713,0.9102564102564102,0.08974358974358974,641.2447827728263,9143.0
seasonal_naive,item_15_store_3,48056.61976879799,45529.16350145341,2527.4562673445757,0.0,0.9395128331376192,0.9230769230769231,0.07692307692307693,583.7072243776079,8357.0
seasonal_naive,item_15_store_4,43895.751905846024,40778.40450693573,3117.347398910292,0.0,0.9198625347323832,0.8846153846153846,0.11538461538461539,522.8000577812273,7780.0
seasonal_naive,item_15_store_5,31426.316957256815,28937.742792321187,2488.574164935626,0.0,0.909555727242027,0.8846153846153846,0.11538461538461539,370.99670246565626,5503.0
seasonal_naive,item_15_store_6,31521.871079590204,29428.966390025435,2092.9046895647707,0.0,0.9217459454266304,0.8974358974358975,0.10256410256410256,377.294440897762,5349.0
seasonal_naive,item_15_store_7,29085.34211836825,26927.71808992476,2157.6240284434903,0.0,0.9128232715780409,0.8846153846153846,0.11538461538461539,345.2271549990354,4950.0
seasonal_naive,item_15_store_8,50379.74848862592,46840.74961863465,3538.9988699912747,0.0,0.9205611925927885,0.8974358974358975,0.10256410256410256,600.5224310081366,8910.0
seasonal_naive,item_15_store_9,43940.90372402421,40808.86374470543,3132.0399793187844,0.0,0.9186483122254862,0.8974358974358975,0.10256410256410256,523.1905608295567,7700.0
seasonal_naive,item_16_store_1,10807.702929856507,10141.84399210753,665.8589377489775,0.0,0.929239220217962,0.8974358974358975,0.10256410256410256,130.02364092445552,1882.0
seasonal_naive,item_16_store_10,13704.363133015246,13327.129286275496,377.23384673975033,0.0,0.9673955188643258,0.9487179487179487,0.05128205128205128,170.86063187532687,2314.0
seasonal_naive,item_16_store_2,15821.193691314627,15059.686175808005,761.5075155066216,0.0,0.9435292906557937,0.9102564102564102,0.08974358974358974,193.07289968984622,2697.0
seasonal_naive,item_16_store_3,14239.748698355543,13394.392597921515,845.3561004340281,0.0,0.9281159778542493,0.8974358974358975,0.10256410256410256,171.7229820246348,2352.0
seasonal_naive,item_16_store_4,12964.611758688427,12466.207665171285,498.40409351714186,0.0,0.9546699323767946,0.9358974358974359,0.0641025641025641,159.82317519450365,2199.0
seasonal_naive,item_16_store_5,9471.03038021704,9064.443902531126,406.58647768591464,0.0,0.9486957125948373,0.9358974358974359,0.0641025641025641,116.21081926321956,1585.0
seasonal_naive,item_16_store_6,9300.66249381992,8659.964324752327,640.6981690675923,0.0,0.9185898133332158,0.8974358974358975,0.10256410256410256,111.02518365067087,1574.0
seasonal_naive,item_16_store_7,8694.736992265762,8049.865599224713,644.8713930410488,0.0,0.9092369608668475,0.8846153846153846,0.11538461538461539,103.20340511826555,1421.0
seasonal_naive,item_16_store_8,15442.730655792915,14819.525398837814,623.2052569551024,0.0,0.952445230297207,0.9230769230769231,0.07692307692307693,189.99391536971555,2621.0
seasonal_naive,item_16_store_9,12836.867102182632,11812.218902386761,1024.6481997958704,0.0,0.9066379772395563,0.8846153846153846,0.11538461538461539,151.43870387675335,2195.0
seasonal_naive,item_17_store_1,14026.702733900349,13065.748960640803,960.9537732595453,0.0,0.9197198184411407,0.8974358974358975,0.10256410256410256,167.50960205949747,2394.0
seasonal_naive,item_17_store_10,17881.42143464204,16647.68689068585,1233.7345439561886,0.0,0.9183497985469101,0.8974358974358975,0.10256410256410256,213.43188321392117,3022.0
seasonal_naive,item_17_store_2,19667.20874740892,18230.20792881483,1437.0008185940897,0.0,0.9183985906533736,0.8974358974358975,0.10256410256410256,233.72061447198502,3522.0
seasonal_naive,item_17_store_3,17601.205146023858,16463.806072160052,1137.3990738638058,0.0,0.9272530173416178,0.8974358974358975,0.10256410256410256,211.07443682256476,3127.0
seasonal_naive,item_17_store_4,16294.546668677096,15185.204608267926,1109.3420604091705,0.0,0.919055668704183,0.8846153846153846,0.11538461538461539,194.6821103624093,2741.0
seasonal_naive,item_17_store_5,12452.999685201788,11693.850626763891,759.1490584378973,0.0,0.9280427432760288,0.8974358974358975,0.10256410256410256,149.92116188158835,2110.0
seasonal_naive,item_17_store_6,11540.323263155973,10552.415554921949,987.9077082340236,0.0,0.9043188660306031,0.8846153846153846,0.11538461538461539,135.28737890925575,2065.0
seasonal_naive,item_17_store_7,11535.966027149994,11074.85232798242,461.1136991675738,0.0,0.9500959200035093,0.9487179487179487,0.05128205128205128,141.98528625618488,1848.0
seasonal_naive,item_17_store_8,18678.567485550295,17332.40396579217,1346.1635197581227,0.0,0.9161007466651218,0.8974358974358975,0.10256410256410256,222.21030725374578,3209.0
seasonal_naive,item_17_store_9,16859.17150501234,16169.786082173872,689.3854228384652,0.0,0.9502966530037156,0.9358974358974359,0.0641025641025641,207.3049497714599,2774.0
seasonal_naive,item_18_store_1,36670.0512278071,34030.09683751414,2639.9543902929577,0.0,0.9166286312871321,0.8846153846153846,0.11538461538461539,436.2832927886428,6333.0
seasonal_naive,item_18_store_10,45106.06756467584,42044.220854326435,3061.846710349407,0.0,0.9205024870738826,0.8974358974358975,0.10256410256410256,539.0284724913646,7703.0
seasonal_naive,item_18_store_2,52336.36435356021,48994.8444757889,3341.5198777713067,0.0,0.9255371614981325,0.9102564102564102,0.08974358974358974,628.1390317408833,8975.0
seasonal_naive,item_18_store_3,45789.89132587596,43672.031366904346,2117.8599589716114,0.0,0.9459867391233968,0.9230769230769231,0.07692307692307693,559.8978380372353,7842.0
seasonal_naive,item_18_store_4,41538.59328575229,38903.6183174588,2634.9749682934907,0.0,0.9267248340296582,0.8974358974358975,0.10256410256410256,498.76433740331794,7192.0
seasonal_naive,item_18_store_5,29829.639335084285,27650.37787011869,2179.2614649655943,0.0,0.9169805156203583,0.8846153846153846,0.11538461538461539,354.4920239758806,5250.0
seasonal_naive,item_18_store_6,29897.961364461837,27772.96932054405,2124.992043917789,0.0,0.9180488991932977,0.8974358974358975,0.10256410256410256,356.0637092377442,5186.0
seasonal_naive,item_18_store_7,27900.88023292982,25987.88380717351,1912.9964257563074,0.0,0.9200252330369436,0.8974358974358975,0.10256410256410256,333.17799752786556,4784.0
seasonal_naive,item_18_store_8,49359.64425640008,46680.21701844056,2679.4272379595213,0.0,0.9363329633370673,0.9102564102564102,0.08974358974358974,598.464320749238,8417.0
seasonal_naive,item_18_store_9,43392.86128499786,40751.599296789616,2641.2619882082445,0.0,0.9273080504139743,0.8974358974358975,0.10256410256410256,522.4564012408925,7267.0
seasonal_naive,item_19_store_1,17772.124020022202,16668.89338020178,1103.2306398204253,0.0,0.9269141676170635,0.8974358974358975,0.10256410256410256,213.70376128463818,3019.0
seasonal_naive,item_19_store_10,22113.700079461218,21103.9508564174,1009.7492230438178,0.0,0.9447620775140143,0.9230769230769231,0.07692307692307693,270.5634725181718,3656.0
seasonal_naive,item_19_store_2,24557.716125800736,23124.5068744424,1433.209251358336,0.0,0.9315073237104738,0.9102564102564102,0.08974358974358974,296.4680368518256,4185.0
seasonal_naive,item_19_store_3,21427.715532013557,20227.85311326221,1199.8624187513474,0.0,0.9339828105226219,0.9102564102564102,0.08974358974358974,259.3314501700283,3635.0
seasonal_naive,item_19_store_4,20368.554437863426,19384.680425673505,983.8740121899224,0.0,0.9443824752860417,0.9230769230769231,0.07692307692307693,248.5215439188911,3538.0
seasonal_naive,item_19_store_5,14824.225395531672,13970.194895931174,854.0304996004971,0.0,0.9313480305787383,0.9102564102564102,0.08974358974358974,179.10506276834838,2488.0
seasonal_naive,item_19_store_6,14661.851904007764,13253.397487338116,1408.454416669648,0.0,0.8866435077127045,0.8589743589743589,0.14102564102564102,169.91535240177072,2485.0
seasonal_naive,item_19_store_7,13807.490703958792,13247.368998514095,560.1217054446963,0.0,0.9532062067297664,0.9358974358974359,0.0641025641025641,169.83806408351404,2394.0
seasonal_naive,item_19_store_8,23830.342059510273,22419.285075751854,1411.0569837584183,0.0,0.9315020881670671,0.8974358974358975,0.10256410256410256,287.4267317404084,4120.0
seasonal_naive,item_19_store_9,20420.693547903393,19089.54319531198,1331.150352591414,0.0,0.9232102479035815,0.8974358974358975,0.10256410256410256,244.73773327323053,3467.0
seasonal_naive,item_1_store_1,9285.236309816635,8644.532448163063,640.7038616535715,0.0,0.9203104649684613,0.8717948717948718,0.1282051282051282,110.82733907901363,1608.0
seasonal_naive,item_1_store_10,11398.20728031468,10631.492550134459,766.7147301802222,0.0,0.9223186696879208,0.8974358974358975,0.10256410256410256,136.30118654018537,1974.0
seasonal_naive,item_1_store_2,14161.490913421165,13661.293858301317,500.1970551198491,0.0,0.9564477966809012,0.9358974358974359,0.0641025641025641,175.14479305514507,2297.0
seasonal_naive,item_1_store_3,11883.868680053549,10727.64340717521,1156.2252728783387,0.0,0.8897257727345409,0.8589743589743589,0.14102564102564102,137.53388983557963,2097.0
seasonal_naive,item_1_store_4,11736.955154546771,10864.004490905496,872.9506636412746,0.0,0.9049591003112385,0.8717948717948718,0.1282051282051282,139.28210885776278,1837.0
seasonal_naive,item_1_store_5,8073.690397022498,7493.13975945377,580.550637568727,0.0,0.9161053991952708,0.8974358974358975,0.10256410256410256,96.06589435197141,1384.0
seasonal_naive,item_1_store_6,7913.809131077441,7423.931338979465,489.87779209797566,0.0,0.9270472387046947,0.8974358974358975,0.10256410256410256,95.17860690999315,1343.0
seasonal_naive,item_1_store_7,6909.980956713476,6564.988108339574,344.9928483739018,0.0,0.9432110537656129,0.9102564102564102,0.08974358974358974,84.16651420948172,1215.0
seasonal_naive,item_1_store_8,13138.232688908975,12361.503139464035,776.7295494449394,0.0,0.9310493076391532,0.9102564102564102,0.08974358974358974,158.48080948030815,2253.0
seasonal_naive,item_1_store_9,11681.54996903671,11076.647719617717,604.9022494189942,0.0,0.9339265702436926,0.9230769230769231,0.07692307692307693,142.00830409766303,1831.0
seasonal_naive,item_20_store_1,20123.67262214914,18376.715668720757,1746.956953428385,0.0,0.9015798899476967,0.8846153846153846,0.11538461538461539,235.5989188297533,3550.0
seasonal_naive,item_20_store_10,24839.92152006888,22945.95075872869,1893.970761340192,0.0,0.9125994111056672,0.8846153846153846,0.11538461538461539,294.17885588113705,4334.0
seasonal_naive,item_20_store_2,29144.523471662123,27470.902983796084,1673.6204878660396,0.0,0.9315632595434047,0.9102564102564102,0.08974358974358974,352.1910638948216,4891.0
seasonal_naive,item_20_store_3,26680.265816813688,25339.894905721754,1340.370911091935,0.0,0.941353274509213,0.9230769230769231,0.07692307692307693,324.87044750925327,4571.0
seasonal_naive,item_20_store_4,23310.351302196064,21829.13627677748,1481.215025418585,0.0,0.9275866523872606,0.8974358974358975,0.10256410256410256,279.8607214971472,4091.0
seasonal_naive,item_20_store_5,17237.97008546559,15959.907961901143,1278.0621235644458,0.0,0.9134690505372751,0.8974358974358975,0.10256410256410256,204.61420463975824,2954.0
seasonal_naive,item_20_store_6,17089.295651777687,15966.879199745828,1122.4164520318607,0.0,0.9267112992470218,0.8974358974358975,0.10256410256410256,204.7035794839209,3063.0
seasonal_naive,item_20_store_7,15952.133805686959,15038.423826734115,913.709978952844,0.0,0.932342837545143,0.9102564102564102,0.08974358974358974,192.8003054709502,2701.0
seasonal_naive,item_20_store_8,27267.43736890748,25140.406123581764,2127.0312453257134,0.0,0.9087698372152814,0.8846153846153846,0.11538461538461539,322.312899020279,4663.0
seasonal_naive,item_20_store_9,23639.605393133406,22068.678590116077,1570.9268030173291,0.0,0.9239444781884615,0.8974358974358975,0.10256410256410256,282.93177679635994,4131.0
seasonal_naive,item_21_store_1,17331.618663669848,16298.785756928964,1032.8329067408833,0.0,0.9314187976931685,0.9102564102564102,0.08974358974358974,208.95879175549953,3012.0
seasonal_naive,item_21_store_10,21678.679495604443,20251.14266992223,1427.5368256822144,0.0,0.9238037456267834,0.8974358974358975,0.10256410256410256,259.63003422977215,3747.0
seasonal_naive,item_21_store_2,24599.977856567402,23164.72736076507,1435.2504958023303,0.0,0.9345829309114708,0.9102564102564102,0.08974358974358974,296.9836841123727,4388.0
seasonal_naive,item_21_store_3,22051.122435908703,20918.08731851767,1133.035117391031,0.0,0.9400034356689948,0.9230769230769231,0.07692307692307693,268.18060664766244,3777.0
seasonal_naive,item_21_store_4,19436.166233469194,18465.165651137682,971.0005823315123,0.0,0.9420298159802082,0.9230769230769231,0.07692307692307693,236.7328929633036,3350.0
seasonal_naive,item_21_store_5,14845.682283368353,14062.05050907085,783.6317742975024,0.0,0.9365223350103278,0.8974358974358975,0.10256410256410256,180.28269883424167,2469.0
seasonal_naive,item_21_store_6,14671.133478932888,14034.630993518076,636.5024854148129,0.0,0.9478917326717304,0.9102564102564102,0.08974358974358974,179.93116658356507,2443.0
seasonal_naive,item_21_store_7,13693.073350244193,13199.218852097649,493.8544981465438,0.0,0.957969829944975,0.9230769230769231,0.07692307692307693,169.2207545140724,2350.0
seasonal_naive,item_21_store_8,24189.278927070067,22943.28518709586,1245.9937399742091,0.0,0.9392642583488077,0.9230769230769231,0.07692307692307693,294.14468188584436,4103.0
seasonal_naive,item_21_store_9,19843.103527305586,18434.500187442096,1408.6033398634902,0.0,0.9186483777150742,0.8846153846153846,0.11538461538461539,236.33974599284738,3463.0
seasonal_naive,item_22_store_1,35256.002269229306,33612.42463303188,1643.5776361974263,0.0,0.944558015307896,0.9358974358974359,0.0641025641025641,430.92852093630614,5929.0
seasonal_naive,item_22_store_10,42331.92902166889,38733.93953821284,3597.989483456049,0.0,0.9022949223772967,0.8717948717948718,0.1282051282051282,496.5889684386262,7365.0
seasonal_naive,item_22_store_2,48054.1450730408,44946.44506135321,3107.7000116875925,0.0,0.9263403647383837,0.8974358974358975,0.10256410256410256,576.236475145554,8438.0
seasonal_naive,item_22_store_3,43242.53162445036,41016.93668253913,2225.5949419112276,0.0,0.9408558346555613,0.9102564102564102,0.08974358974358974,525.8581625966556,7526.0
seasonal_naive,item_22_store_4,39379.13436378306,36118.97003161442,3260.164332168638,0.0,0.9054476701807239,0.8717948717948718,0.1282051282051282,463.06371835403104,6896.0
seasonal_naive,item_22_store_5,28588.3099896133,26513.54697051601,2074.7630190972895,0.0,0.9177986125555748,0.8846153846153846,0.11538461538461539,339.9172688527694,5048.0
seasonal_naive,item_22_store_6,29922.62512320103,28444.138670978427,1478.4864522226019,0.0,0.9410609347330038,0.9230769230769231,0.07692307692307693,364.6684444997234,5017.0
seasonal_naive,item_22_store_7,27809.650828182042,26331.94046597144,1477.710362210604,0.0,0.9347733232306067,0.9102564102564102,0.08974358974358974,337.58898033296714,4531.0
seasonal_naive,item_22_store_8,47002.90995085933,44614.04841353887,2388.8615373204584,0.0,0.9409574508818473,0.9102564102564102,0.08974358974358974,571.9749796607547,8092.0
seasonal_naive,item_22_store_9,41019.40903057123,38682.399509573304,2337.0095209979286,0.0,0.9328059367165633,0.9102564102564102,0.08974358974358974,495.92819884068336,6956.0
seasonal_naive,item_23_store_1,13503.495405326154,13215.769392878527,287.7260124476271,0.0,0.9739849898329451,0.9487179487179487,0.05128205128205128,169.43294093434008,2212.0
seasonal_naive,item_23_store_10,15311.866307611905,13966.739220233696,1345.1270873782096,0.0,0.9010208177057977,0.8717948717948718,0.1282051282051282,179.06075923376534,2718.0
seasonal_naive,item_23_store_2,18770.02915913811,18022.54417593819,747.4849831999182,0.0,0.9520842959487232,0.9358974358974359,0.0641025641025641,231.05825866587423,3120.0
seasonal_naive,item_23_store_3,16135.063784928614,15294.967183708675,840.0966012199382,0.0,0.9387461464659177,0.9102564102564102,0.08974358974358974,196.08932286805995,2743.0
seasonal_naive,item_23_store_4,15093.029883538824,14056.203197976265,1036.826685562558,0.0,0.9177121678124954,0.8846153846153846,0.11538461538461539,180.20773330738803,2520.0
seasonal_naive,item_23_store_5,10768.082245284591,10106.315048520763,661.7671967638296,0.0,0.9288804732118399,0.8974358974358975,0.10256410256410256,129.56814164770208,1861.0
seasonal_naive,item_23_store_6,11162.450394113228,10574.210323668172,588.2400704450561,0.0,0.9330784902792882,0.9230769230769231,0.07692307692307693,135.56679902138683,1758.0
seasonal_naive,item_23_store_7,10012.622519806853,9457.24248551427,555.3800342925831,0.0,0.9338833292508829,0.8974358974358975,0.10256410256410256,121.24669853223425,1680.0
seasonal_naive,item_23_store_8,17245.926216261778,16335.847254891765,910.0789613700124,0.0,0.9371709381173619,0.9102564102564102,0.08974358974358974,209.43393916527904,2897.0
seasonal_naive,item_23_store_9,14792.66273643527,13884.223823061833,908.4389133734373,0.0,0.9299044048322964,0.9102564102564102,0.08974358974358974,178.00286952643376,2592.0
seasonal_naive,item_24_store_1,28606.04586961742,26782.849191197416,1823.196678420004,0.0,0.9242701275838004,0.8974358974358975,0.10256410256410256,343.3698614256079,4815.0
seasonal_naive,item_24_store_10,34515.34742517414,31657.131792696146,2858.215632477999,0.0,0.9069288299421036,0.8846153846153846,0.11538461538461539,405.86066400892497,6142.0
seasonal_naive,item_24_store_2,40506.99866845963,37749.52666068722,2757.4720077724146,0.0,0.9221602820671161,0.8974358974358975,0.10256410256410256,483.968290521631,7085.0
seasonal_naive,item_24_store_3,36031.81526956045,34000.60922805015,2031.206041510302,0.0,0.9337290035396312,0.9230769230769231,0.07692307692307693,435.9052465134634,6130.0
seasonal_naive,item_24_store_4,32825.741912448735,30565.548860929775,2260.1930515189633,0.0,0.9203596528710725,0.8974358974358975,0.10256410256410256,391.86601103756124,5676.0
seasonal_naive,item_24_store_5,24068.87703094377,22788.194203546595,1280.6828273971773,0.0,0.9369277110368295,0.9230769230769231,0.07692307692307693,292.15633594290506,4061.0
seasonal_naive,item_24_store_6,24393.525752250393,23146.546541445303,1246.9792108050906,0.0,0.9397449040442092,0.9230769230769231,0.07692307692307693,296.7505966851962,4139.0
seasonal_naive,item_24_store_7,21774.668970009916,20264.358312300836,1510.310657709079,0.0,0.9196429551631243,0.8974358974358975,0.10256410256410256,259.7994655423184,3759.0
seasonal_naive,item_24_store_8,38870.75269455147,36496.06995916086,2374.6827353906087,0.0,0.928880421222204,0.9102564102564102,0.08974358974358974,467.8983328097546,6678.0
seasonal_naive,item_24_store_9,32528.093757586717,30210.94776561363,2317.1459919730887,0.0,0.9181798731647921,0.8974358974358975,0.10256410256410256,387.3198431488927,5664.0
seasonal_naive,item_25_store_1,34358.422572627,31725.096025665924,2633.3265469610797,0.0,0.9116926040589846,0.8717948717948718,0.1282051282051282,406.7320003290503,5964.0
seasonal_naive,item_25_store_10,42299.4274501651,39702.67828610429,2596.7491640608123,0.0,0.9297226207290714,0.8974358974358975,0.10256410256410256,509.008695975696,7390.0
seasonal_naive,item_25_store_2,49583.5925567287,46661.15425089695,2922.438305831746,0.0,0.9308625903517448,0.9102564102564102,0.08974358974358974,598.2199262935507,8454.0
seasonal_naive,item_25_store_3,42386.13529130775,39350.45667057326,3035.678620734492,0.0,0.9188212696688195,0.8974358974358975,0.10256410256410256,504.4930342381187,7479.0
seasonal_naive,item_25_store_4,40013.940523117366,37543.41295714821,2470.527565969156,0.0,0.9276353964273827,0.9102564102564102,0.08974358974358974,481.3258071429258,6828.0
seasonal_naive,item_25_store_5,29742.69699163582,28205.45986799187,1537.2371236439494,0.0,0.9377636792046984,0.9230769230769231,0.07692307692307693,361.60845984604964,4940.0
seasonal_naive,item_25_store_6,29729.926008392955,28075.035531337562,1654.8904770553918,0.0,0.934355792262777,0.9230769230769231,0.07692307692307693,359.9363529658662,5042.0
seasonal_naive,item_25_store_7,26252.389660093042,23958.44359138303,2293.94606871001,0.0,0.9014839566798364,0.8717948717948718,0.1282051282051282,307.15953322285935,4657.0
seasonal_naive,item_25_store_8,47560.25921947858,45396.30695403814,2163.9522654404445,0.0,0.9463305489722112,0.9230769230769231,0.07692307692307693,582.0039353081813,8064.0
seasonal_naive,item_25_store_9,40463.925043611904,37771.40848186296,2692.5165617489415,0.0,0.922883672869857,0.8974358974358975,0.10256410256410256,484.2488266905508,6983.0
seasonal_naive,item_26_store_1,20905.910546421754,19620.284516229134,1285.62603019262,0.0,0.9280164596756652,0.9102564102564102,0.08974358974358974,251.5421091824248,3572.0
seasonal_naive,item_26_store_10,25790.200619088508,24496.513322216164,1293.687296872342,0.0,0.9388905386456144,0.9102564102564102,0.08974358974358974,314.05786310533546,4234.0
seasonal_naive,item_26_store_2,28319.99684564137,26782.35624549286,1537.6406001485077,0.0,0.9387638152071482,0.9230769230769231,0.07692307692307693,343.3635416088828,5022.0
seasonal_naive,item_26_store_3,25298.744186780452,23130.883471413294,2167.8607153671583,0.0,0.8990988729175166,0.8717948717948718,0.1282051282051282,296.54978809504223,4297.0
seasonal_naive,item_26_store_4,24604.389515976345,23301.125735244634,1303.2637807317128,0.0,0.9367961309053485,0.9230769230769231,0.07692307692307693,298.73238122108506,4124.0
seasonal_naive,item_26_store_5,17329.6762652998,16338.574263133609,991.1020021661915,0.0,0.9330336485022843,0.9102564102564102,0.08974358974358974,209.46890080940526,2960.0
seasonal_naive,item_26_store_6,17671.497210446727,17182.593315194124,488.9038952526033,0.0,0.9675470364916957,0.9487179487179487,0.05128205128205128,220.28965788710417,3013.0
seasonal_naive,item_26_store_7,15611.152523085815,14351.464338606535,1259.6881844792806,0.0,0.9093097059410166,0.8846153846153846,0.11538461538461539,183.99313254623763,2778.0
seasonal_naive,item_26_store_8,27547.08779502591,25379.298984573183,2167.788810452726,0.0,0.9117170103664132,0.8717948717948718,0.1282051282051282,325.3756280073485,4911.0
seasonal_naive,item_26_store_9,23337.540188111976,21577.617741049096,1759.9224470628803,0.0,0.9142128955855285,0.8846153846153846,0.11538461538461539,276.63612488524484,4103.0
seasonal_naive,item_27_store_1,9407.430926824152,8892.14345225821,515.2874745659428,0.0,0.9371217236649245,0.9102564102564102,0.08974358974358974,114.00183913151551,1639.0
seasonal_naive,item_27_store_10,11782.645960580352,10611.673299862498,1170.972660717855,0.0,0.8869171742426021,0.8589743589743589,0.14102564102564102,136.04709358798073,2071.0
seasonal_naive,item_27_store_2,13935.404569289112,12856.732557568961,1078.672011720152,0.0,0.9057516809331453,0.8846153846153846,0.11538461538461539,164.82990458421745,2289.0
seasonal_naive,item_27_store_3,11806.417264610192,11097.46480161583,708.9524629943628,0.0,0.9289270713790112,0.9102564102564102,0.08974358974358974,142.2751897643055,1995.0
seasonal_naive,item_27_store_4,11127.948637274996,10567.22274920374,560.725888071257,0.0,0.9405380818588275,0.9230769230769231,0.07692307692307693,135.4772147333813,1886.0
seasonal_naive,item_27_store_5,7957.307276760636,7425.443648421593,531.8636283390435,0.0,0.9214961434185913,0.9102564102564102,0.08974358974358974,95.19799549258452,1355.0
seasonal_naive,item_27_store_6,8395.603126442029,8011.03226101926,384.57086542276926,0.0,0.9458350893770748,0.9230769230769231,0.07692307692307693,102.70554180793923,1420.0
seasonal_naive,item_27_store_7,7499.526111194549,7022.7260887704215,476.8000224241277,0.0,0.9201339995939484,0.8974358974358975,0.10256410256410256,90.03494985603105,1194.0
seasonal_naive,item_27_store_8,12448.695121103847,11592.848985993238,855.8461351106098,0.0,0.9182963116839513,0.8974358974358975,0.10256410256410256,148.62626905119535,2095.0
seasonal_naive,item_27_store_9,11746.758844128011,11213.050910336367,533.7079337916441,0.0,0.9438792919251688,0.9230769230769231,0.07692307692307693,143.75706295303036,1902.0
seasonal_naive,item_28_store_1,38426.72359900594,36702.606438317205,1724.1171606887349,0.0,0.9480139556553977,0.9358974358974359,0.0641025641025641,470.54623638868213,6633.0
seasonal_naive,item_28_store_10,46394.69510173215,43108.90985472007,3285.785247012078,0.0,0.9184769818381819,0.8846153846153846,0.11538461538461539,552.6783314707701,8061.0
seasonal_naive,item_28_store_2,54071.03082602244,51058.01422437099,3013.0166016514454,0.0,0.934392670622723,0.9102564102564102,0.08974358974358974,654.5899259534742,9185.0
seasonal_naive,item_28_store_3,47556.446814590134,45106.116841122304,2450.3299734678276,0.0,0.9405476168029158,0.9230769230769231,0.07692307692307693,578.2835492451577,8243.0
seasonal_naive,item_28_store_4,44393.46668012806,41375.547452438084,3017.9192276899757,0.0,0.919274596022737,0.8974358974358975,0.10256410256410256,530.4557365697191,7477.0
seasonal_naive,item_28_store_5,32007.036079209684,30363.56816362256,1643.467915587122,0.0,0.9387679614162772,0.9230769230769231,0.07692307692307693,389.2765149182379,5368.0
seasonal_naive,item_28_store_6,31731.029978765677,30047.20026149563,1683.8297172700481,0.0,0.9381853995128471,0.9102564102564102,0.08974358974358974,385.2205161730209,5448.0
seasonal_naive,item_28_store_7,29247.954853131083,28043.007197051364,1204.9476560797177,0.0,0.9513938016910158,0.9358974358974359,0.0641025641025641,359.5257332955303,4958.0
seasonal_naive,item_28_store_8,52688.005267928645,49959.684413451905,2728.320854476742,0.0,0.9387100785246155,0.9230769230769231,0.07692307692307693,640.5087745314347,8903.0
seasonal_naive,item_28_store_9,45607.73986233098,43188.50752816739,2419.2323341635847,0.0,0.9363611118199767,0.9230769230769231,0.07692307692307693,553.6988144636845,7603.0
seasonal_naive,item_29_store_1,29838.022218454105,27813.148373246633,2024.8738452074713,0.0,0.9225965655501731,0.8974358974358975,0.10256410256410256,356.57882529803373,5232.0
seasonal_naive,item_29_store_10,36331.60617689249,34011.64211434496,2319.9640625475276,0.0,0.9267803672858599,0.8974358974358975,0.10256410256410256,436.0466937736534,6337.0
seasonal_naive,item_29_store_2,42334.93222013602,39935.283574468485,2399.6486456675325,0.0,0.9338757606594784,0.9102564102564102,0.08974358974358974,511.9908150572883,7258.0
seasonal_naive,item_29_store_3,39063.19037472919,36889.82207593367,2173.368298795517,0.0,0.9338597596227779,0.9102564102564102,0.08974358974358974,472.94643687094447,6572.0
seasonal_naive,item_29_store_4,35402.910832292786,32825.502019586675,2577.4088127061086,0.0,0.9140290589490958,0.8974358974358975,0.10256410256410256,420.83976948188047,5996.0
seasonal_naive,item_29_store_5,25793.82674978564,24461.38991746431,1332.4368323213298,0.0,0.9377074879700174,0.9230769230769231,0.07692307692307693,313.60756304441423,4278.0
seasonal_naive,item_29_store_6,25593.0588479455,24096.514747946152,1496.5440999993484,0.0,0.9287020438304264,0.9102564102564102,0.08974358974358974,308.9296762557199,4198.0
seasonal_naive,item_29_store_7,22752.339723990568,21262.87483925768,1489.4648847328863,0.0,0.9246603497858935,0.8974358974358975,0.10256410256410256,272.60095947766257,3954.0
seasonal_naive,item_29_store_8,41150.30152815852,38126.520716355204,3023.7808118033163,0.0,0.913938215118733,0.8846153846153846,0.11538461538461539,488.80154764557955,7027.0
seasonal_naive,item_29_store_9,35800.01096117021,33697.977205205134,2102.0337559650716,0.0,0.931384568109513,0.9102564102564102,0.08974358974358974,432.0253487846812,6127.0
seasonal_naive,item_2_store_1,24480.885185827738,22738.64134695031,1742.2438388774276,0.0,0.9208250925299964,0.8846153846153846,0.11538461538461539,291.5210429096193,4401.0
seasonal_naive,item_2_store_10,31142.425663015907,29172.444047050114,1969.9816159657917,0.0,0.9271052131002483,0.9102564102564102,0.08974358974358974,374.0056929108989,5405.0
seasonal_naive,item_2_store_2,35179.74266360094,33006.17763408943,2173.565029511511,0.0,0.9285364119838398,0.9102564102564102,0.08974358974358974,423.15612351396703,6083.0
seasonal_naive,item_2_store_3,31680.44385520926,29773.310099709106,1907.133755500156,0.0,0.9287319224402035,0.9102564102564102,0.08974358974358974,381.70910384242444,5352.0
seasonal_naive,item_2_store_4,29998.29149625328,28177.73900502126,1820.5524912320209,0.0,0.9272506497010182,0.9102564102564102,0.08974358974358974,361.2530641669392,5005.0
seasonal_naive,item_2_store_5,21091.32275179936,19094.74775813612,1996.574993663238,0.0,0.8880215931764869,0.8589743589743589,0.14102564102564102,244.80445843764255,3566.0
seasonal_naive,item_2_store_6,21130.924487608518,20147.208005812266,983.7164817962525,0.0,0.9468405035505943,0.9358974358974359,0.0641025641025641,258.2975385360547,3701.0
seasonal_naive,item_2_store_7,19679.2672661911,18353.430054890167,1325.83721130093,0.0,0.9192055325227952,0.8846153846153846,0.11538461538461539,235.3003853191047,3282.0
seasonal_naive,item_2_store_8,33699.06472665351,31298.90677420022,2400.157952453291,0.0,0.9176335637455973,0.8846153846153846,0.11538461538461539,401.2680355666695,5828.0
seasonal_naive,item_2_store_9,29021.323633194403,27114.55771150131,1906.7659216930917,0.0,0.9253711968026188,0.9102564102564102,0.08974358974358974,347.62253476283735,5110.0
seasonal_naive,item_30_store_1,17034.61240086938,15768.558819820253,1266.0535810491292,0.0,0.9161276196721345,0.8846153846153846,0.11538461538461539,202.16101051051606,3019.0
seasonal_naive,item_30_store_10,22081.663256721604,21110.71571663917,970.9475400824334,0.0,0.9476437023412007,0.9358974358974359,0.0641025641025641,270.65020149537395,3709.0
seasonal_naive,item_30_store_2,25143.273732202535,23790.543524417222,1352.7302077853124,0.0,0.9345083414289367,0.9102564102564102,0.08974358974358974,305.00696826175925,4131.0
seasonal_naive,item_30_store_3,21855.23432511711,20455.38601149614,1399.8483136209722,0.0,0.9268435686636544,0.8974358974358975,0.10256410256410256,262.24853860892483,3827.0
seasonal_naive,item_30_store_4,19531.696269866872,18125.371167840414,1406.325102026459,0.0,0.9174449602567386,0.8974358974358975,0.10256410256410256,232.37655343385146,3407.0
seasonal_naive,item_30_store_5,14553.839933965097,13630.717104574072,923.1228293910249,0.0,0.9251623162228597,0.8974358974358975,0.10256410256410256,174.7527833919753,2467.0
seasonal_naive,item_30_store_6,14472.715565544891,13119.291406809198,1353.4241587356946,0.0,0.8918126172073785,0.8589743589743589,0.14102564102564102,168.196043677041,2502.0
seasonal_naive,item_30_store_7,13445.92492510599,12785.102178617035,660.8227464889552,0.0,0.9416234322889616,0.9102564102564102,0.08974358974358974,163.91156639252608,2264.0
seasonal_naive,item_30_store_8,23696.6755924812,22409.423850989962,1287.2517414912363,0.0,0.9348061918718037,0.9102564102564102,0.08974358974358974,287.3003057819226,3949.0
seasonal_naive,item_30_store_9,19811.476867714562,18284.314290100512,1527.1625776140495,0.0,0.9127086266010832,0.8717948717948718,0.1282051282051282,234.4142857705194,3499.0
seasonal_naive,item_31_store_1,26036.81701256939,24356.799170629514,1680.0178419398765,0.0,0.9242552821487883,0.8974358974358975,0.10256410256410256,312.26665603371174,4436.0
seasonal_naive,item_31_store_10,31309.801649580913,29481.887929461096,1827.913720119817,0.0,0.9298843989213725,0.9102564102564102,0.08974358974358974,377.97292217257814,5214.0
seasonal_naive,item_31_store_2,36046.98151036069,34115.599517008624,1931.381993352062,0.0,0.938205663306605,0.9230769230769231,0.07692307692307693,437.37948098729004,6251.0
seasonal_naive,item_31_store_3,31222.817855436282,29453.463536391188,1769.3543190450964,0.0,0.9349023429343232,0.9102564102564102,0.08974358974358974,377.6085068768101,5436.0
seasonal_naive,item_31_store_4,27999.767043595544,25564.273244599335,2435.4937989962073,0.0,0.903410914178219,0.8717948717948718,0.1282051282051282,327.74709287947866,5043.0
seasonal_naive,item_31_store_5,21186.924435945897,19615.570492536644,1571.3539434092518,0.0,0.9138275874192897,0.8717948717948718,0.1282051282051282,251.48167298123903,3647.0
seasonal_naive,item_31_store_6,21986.8929821843,20897.03322900969,1089.8597531746118,0.0,0.9393173856807009,0.9230769230769231,0.07692307692307693,267.91068242320114,3592.0
seasonal_naive,item_31_store_7,21214.831051840807,20404.57172801598,810.2593238248261,0.0,0.952182984725593,0.9358974358974359,0.0641025641025641,261.59707343610233,3389.0
seasonal_naive,item_31_store_8,33471.60948242078,30504.06775287941,2967.5417295413718,0.0,0.8994564889194859,0.8717948717948718,0.1282051282051282,391.0777917035822,5903.0
seasonal_naive,item_31_store_9,28481.957537802155,26138.88003901362,2343.077498788535,0.0,0.908437768706974,0.8717948717948718,0.1282051282051282,335.1138466540208,5118.0
seasonal_naive,item_32_store_1,18935.90676596739,17392.932200160518,1542.9745658068696,0.0,0.9065430305386512,0.8717948717948718,0.1282051282051282,222.98631025846817,3302.0
seasonal_naive,item_32_store_10,22918.322320234278,21567.933111567472,1350.389208666806,0.0,0.9332811655797032,0.9102564102564102,0.08974358974358974,276.51196296881375,4048.0
seasonal_naive,item_32_store_2,27729.139165866,25725.790729947763,2003.3484359182353,0.0,0.915523995955377,0.8974358974358975,0.10256410256410256,329.8178298711252,4743.0
seasonal_naive,item_32_store_3,24296.97829968796,23188.353460750386,1108.6248389375726,0.0,0.9467263412331778,0.9230769230769231,0.07692307692307693,297.28658283013317,4162.0
seasonal_naive,item_32_store_4,22355.092717657637,20966.045357070103,1389.0473605875359,0.0,0.9272559643578143,0.8974358974358975,0.10256410256410256,268.7954532957705,3819.0
seasonal_naive,item_32_store_5,16245.391546235121,15440.917570789996,804.4739754451257,0.0,0.941789147941742,0.9230769230769231,0.07692307692307693,197.9604816767948,2764.0
seasonal_naive,item_32_store_6,16315.948952962397,15479.950333912668,835.9986190497301,0.0,0.9383709090269273,0.9230769230769231,0.07692307692307693,198.46090171682908,2713.0
seasonal_naive,item_32_store_7,15154.532275561556,14328.387130923105,826.1451446384513,0.0,0.9342502869368523,0.9230769230769231,0.07692307692307693,183.69727090927057,2513.0
seasonal_naive,item_32_store_8,24737.89528897718,23471.955208161355,1265.9400808158227,0.0,0.9423918051960946,0.9102564102564102,0.08974358974358974,300.9225026687353,4395.0
seasonal_naive,item_32_store_9,22083.089423491496,20780.60385631722,1302.485567174279,0.0,0.9309758575954278,0.9102564102564102,0.08974358974358974,266.4179981579131,3774.0
seasonal_naive,item_33_store_1,29972.10414696141,27647.90055135468,2324.20359560673,0.0,0.9096168152593144,0.8974358974358975,0.10256410256410256,354.46026347890614,5143.0
seasonal_naive,item_33_store_10,37649.074624312976,35820.84809090422,1828.2265334087538,0.0,0.9420714026169598,0.9230769230769231,0.07692307692307693,459.24164219107973,6312.0
seasonal_naive,item_33_store_2,43295.50509415014,40633.97018330647,2661.5349108436703,0.0,0.9263752445133148,0.9102564102564102,0.08974358974358974,520.9483356834163,7230.0
seasonal_naive,item_33_store_3,37250.96274432909,34719.48488615036,2531.4778581787255,0.0,0.9222041223669722,0.8974358974358975,0.10256410256410256,445.12160110449184,6508.0
seasonal_naive,item_33_store_4,34525.476230472595,32469.01351129246,2056.4627191801333,0.0,0.9312909215108541,0.9102564102564102,0.08974358974358974,416.269403990929,5986.0
seasonal_naive,item_33_store_5,25143.78251923521,23629.892435466027,1513.8900837691854,0.0,0.9287916235292011,0.9102564102564102,0.08974358974358974,302.9473389162311,4252.0
seasonal_naive,item_33_store_6,25753.548884616983,24367.235976174958,1386.3129084420257,0.0,0.9365822091289101,0.9102564102564102,0.08974358974358974,312.40046123301227,4372.0
seasonal_naive,item_33_store_7,22577.12374240619,21483.501398845747,1093.6223435604434,0.0,0.9438880275238356,0.9230769230769231,0.07692307692307693,275.429505113407,3898.0
seasonal_naive,item_33_store_8,41408.6012645754,39013.710915323434,2394.890349251965,0.0,0.9311911981252129,0.9102564102564102,0.08974358974358974,500.1757809656851,6961.0
seasonal_naive,item_33_store_9,34750.68782995362,32598.99341210137,2151.694417852251,0.0,0.9287282405481202,0.8974358974358975,0.10256410256410256,417.93581297565856,6038.0
seasonal_naive,item_34_store_1,11611.150482865567,10867.947854485636,743.202628379932,0.0,0.9217681443810598,0.8974358974358975,0.10256410256410256,139.3326648010979,1900.0
seasonal_naive,item_34_store_10,13912.495249983109,13087.29123818105,825.2040118020602,0.0,0.9269407692074315,0.8974358974358975,0.10256410256410256,167.78578510488524,2259.0
seasonal_naive,item_34_store_2,15538.470428802513,14340.051223761671,1198.419205040841,0.0,0.9160476914157029,0.8974358974358975,0.10256410256410256,183.84681056104708,2855.0
seasonal_naive,item_34_store_3,14199.641260042068,13462.450184642275,737.1910753997929,0.0,0.9388476917959526,0.9230769230769231,0.07692307692307693,172.59551518772147,2411.0
seasonal_naive,item_34_store_4,12858.873985236598,11958.740635603737,900.1333496328607,0.0,0.9202363004312928,0.8846153846153846,0.11538461538461539,153.31718763594534,2257.0
seasonal_naive,item_34_store_5,9490.294593331928,8982.102399731935,508.19219359999266,0.0,0.9381008290377597,0.9102564102564102,0.08974358974358974,115.15515897092224,1642.0
seasonal_naive,item_34_store_6,9418.10434724513,8767.007877188833,651.0964700562971,0.0,0.9196673078277241,0.8846153846153846,0.11538461538461539,112.39753688703632,1621.0
seasonal_naive,item_34_store_7,8429.299448659316,8229.021004416747,200.27844424256955,0.0,0.972125477488856,0.9487179487179487,0.05128205128205128,105.50026928739419,1437.0
seasonal_naive,item_34_store_8,15340.391666323527,14376.292089038625,964.0995772849027,0.0,0.9250602738216165,0.9102564102564102,0.08974358974358974,184.31143703895674,2573.0
seasonal_naive,item_34_store_9,12573.533168736272,11624.4195807466,949.1135879896711,0.0,0.9159332517281071,0.8717948717948718,0.1282051282051282,149.03102026598205,2258.0
seasonal_naive,item_35_store_1,28402.784936810684,26912.648467346342,1490.1364694643416,0.0,0.9396583733766211,0.9230769230769231,0.07692307692307693,345.0339547095685,4939.0
seasonal_naive,item_35_store_10,35574.681926498495,32892.46034206153,2682.221584436961,0.0,0.9112875282144216,0.8717948717948718,0.1282051282051282,421.69820951360936,6047.0
seasonal_naive,item_35_store_2,40470.64355232903,38109.73640842664,2360.907143902392,0.0,0.931299079182238,0.9102564102564102,0.08974358974358974,488.58636421059794,6873.0
seasonal_naive,item_35_store_3,34038.855930101454,31372.513325897107,2666.3426042043457,0.0,0.9118564428362199,0.8846153846153846,0.11538461538461539,402.21170930637317,6050.0
seasonal_naive,item_35_store_4,32440.346024816055,30344.782663070924,2095.5633617451313,0.0,0.9256760644885572,0.8846153846153846,0.11538461538461539,389.03567516757596,5639.0
seasonal_naive,item_35_store_5,23817.72868725169,22539.039858344975,1278.6888289067133,0.0,0.9379728921219155,0.9230769230769231,0.07692307692307693,288.96204946596123,4123.0
seasonal_naive,item_35_store_6,23426.63885877478,21861.108057100835,1565.5308016739434,0.0,0.9219381300586416,0.8974358974358975,0.10256410256410256,280.2706161166774,4011.0
seasonal_naive,item_35_store_7,20724.89556135774,19086.18180741472,1638.71375394302,0.0,0.9130655833451978,0.8717948717948718,0.1282051282051282,244.69463855659896,3770.0
seasonal_naive,item_35_store_8,38434.55285062899,35693.2980679742,2741.254782654787,0.0,0.9178280940451203,0.8974358974358975,0.10256410256410256,457.60638548684875,6672.0
seasonal_naive,item_35_store_9,33435.88345805363,31215.104813161714,2220.778644891916,0.0,0.9222144082349591,0.8974358974358975,0.10256410256410256,400.1936514507912,5710.0
seasonal_naive,item_36_store_1,33314.011115776455,31134.428667303095,2179.5824484733603,0.0,0.9221299589684401,0.8974358974358975,0.10256410256410256,399.1593418885012,5598.0
seasonal_naive,item_36_store_10,41783.63729044875,39741.04001583821,2042.5972746105379,0.0,0.9423320927552078,0.9230769230769231,0.07692307692307693,509.5005130235668,7084.0
seasonal_naive,item_36_store_2,48460.98922089761,46162.929344069766,2298.059876827847,0.0,0.9437094947500834,0.9230769230769231,0.07692307692307693,591.8324274880739,8165.0
seasonal_naive,item_36_store_3,42189.41220263584,39561.55846534538,2627.8537372904602,0.0,0.9263493907710073,0.9102564102564102,0.08974358974358974,507.1994675044279,7136.0
seasonal_naive,item_36_store_4,38208.215432172794,35295.269994145,2912.9454380277957,0.0,0.9120885638138586,0.8846153846153846,0.11538461538461539,452.5034614633974,6627.0
seasonal_naive,item_36_store_5,27548.16328316762,25648.500353334108,1899.6629298335142,0.0,0.9212738114449436,0.8974358974358975,0.10256410256410256,328.82692760684756,4826.0
seasonal_naive,item_36_store_6,28027.37085196698,26739.14316497951,1288.2276869874727,0.0,0.9465798180805526,0.9230769230769231,0.07692307692307693,342.80952775614753,4823.0
seasonal_naive,item_36_store_7,25607.084596050576,23893.712117846542,1713.3724782040326,0.0,0.9237484433376042,0.8846153846153846,0.11538461538461539,306.32964253649413,4494.0
seasonal_naive,item_36_store_8,45100.385859543705,42043.20784962473,3057.17800991898,0.0,0.9229056106438285,0.9102564102564102,0.08974358974358974,539.0154852515991,7931.0
seasonal_naive,item_36_store_9,37040.58425962191,34281.99535636744,2758.588903254463,0.0,0.9158966797788274,0.8846153846153846,0.11538461538461539,439.51276097906975,6560.0
seasonal_naive,item_37_store_1,13070.295880013986,12147.295103452683,923.0007765613018,0.0,0.9164705179582533,0.8846153846153846,0.11538461538461539,155.73455260836772,2210.0
seasonal_naive,item_37_store_10,15219.561607811145,13972.888973943298,1246.6726338678468,0.0,0.9069300012043414,0.8717948717948718,0.1282051282051282,179.13960223004227,2679.0
seasonal_naive,item_37_store_2,17256.146024478432,16193.296108144536,1062.849916333898,0.0,0.9310956294110925,0.8974358974358975,0.10256410256410256,207.60636036082738,3085.0
seasonal_naive,item_37_store_3,16441.339978314074,15641.551816890547,799.788161423528,0.0,0.9408221856142414,0.9230769230769231,0.07692307692307693,200.53271560116087,2703.0
seasonal_naive,item_37_store_4,15026.2705858353,13916.297786203391,1109.9727996319093,0.0,0.9122204191671087,0.8846153846153846,0.11538461538461539,178.41407418209477,2529.0
seasonal_naive,item_37_store_5,10584.32784022682,10130.898416754013,453.4294234728077,0.0,0.9482681775843916,0.9230769230769231,0.07692307692307693,129.88331303530785,1753.0
seasonal_naive,item_37_store_6,10604.42705936651,9646.42830277477,957.9987565917404,0.0,0.8962081520485655,0.8717948717948718,0.1282051282051282,123.67215772788167,1846.0
seasonal_naive,item_37_store_7,9641.997401045812,9030.293569776608,611.7038312692032,0.0,0.9241532757260752,0.9102564102564102,0.08974358974358974,115.77299448431549,1613.0
seasonal_naive,item_37_store_8,17164.701253120715,15624.150150534037,1540.5511025866776,0.0,0.8971251350526426,0.8717948717948718,0.1282051282051282,200.30961731453894,2995.0
seasonal_naive,item_37_store_9,15481.614797020546,14876.191239793667,605.4235572268789,0.0,0.9541866396347424,0.9358974358974359,0.0641025641025641,190.7204005101752,2643.0
seasonal_naive,item_38_store_1,34855.288122435886,32515.42340790846,2339.86471452743,0.0,0.9219915081004357,0.8974358974358975,0.10256410256410256,416.86440266549306,5999.0
seasonal_naive,item_38_store_10,42173.04670520732,38463.13677328134,3709.909931925985,0.0,0.9004051024986313,0.8717948717948718,0.1282051282051282,493.11713811899153,7450.0
seasonal_naive,item_38_store_2,49906.228911093065,46959.21314177448,2947.015769318582,0.0,0.9307968587690835,0.9102564102564102,0.08974358974358974,602.0411941253138,8517.0
seasonal_naive,item_38_store_3,44835.31525255172,42739.039500965766,2096.275751585955,0.0,0.9449724175984787,0.9230769230769231,0.07692307692307693,547.9364038585354,7619.0
seasonal_naive,item_38_store_4,40125.497537511845,37515.717920334486,2609.779617177359,0.0,0.9240901798377731,0.8974358974358975,0.10256410256410256,480.97074256839085,6876.0
seasonal_naive,item_38_store_5,28791.83497166217,26843.481814871582,1948.3531567905868,0.0,0.9220346876034179,0.8974358974358975,0.10256410256410256,344.1472027547639,4998.0
seasonal_naive,item_38_store_6,29024.949188485924,27616.426996110276,1408.5221923756478,0.0,0.9438164263113024,0.9230769230769231,0.07692307692307693,354.05675636038814,5014.0
seasonal_naive,item_38_store_7,26661.23730036756,24889.170033251485,1772.0672671160764,0.0,0.922936844221958,0.8974358974358975,0.10256410256410256,319.09192350322417,4599.0
seasonal_naive,item_38_store_8,47291.217510581555,43905.00001983791,3386.217490743644,0.0,0.9185613879090033,0.8974358974358975,0.10256410256410256,562.8846156389476,8316.0
seasonal_naive,item_38_store_9,40870.858523165334,38490.84114670691,2380.017376458428,0.0,0.931902220988314,0.9102564102564102,0.08974358974358974,493.4723223936783,6990.0
seasonal_naive,item_39_store_1,19276.082974676487,18163.094725143656,1112.9882495328325,0.0,0.9320104917817451,0.9230769230769231,0.07692307692307693,232.86018878389302,3274.0
seasonal_naive,item_39_store_10,23811.235225193792,22344.104068310917,1467.1311568828753,0.0,0.929650867567352,0.9102564102564102,0.08974358974358974,286.46287267065276,4171.0
seasonal_naive,item_39_store_2,26258.42738278996,24580.517840513538,1677.9095422764203,0.0,0.9257726369265021,0.9102564102564102,0.08974358974358974,315.13484410914793,4521.0
seasonal_naive,item_39_store_3,23721.627749888863,21828.054625042052,1893.5731248468114,0.0,0.9074047371713051,0.8717948717948718,0.1282051282051282,279.8468541672058,4090.0
seasonal_naive,item_39_store_4,22564.80907187413,21225.59670099839,1339.2123708757372,0.0,0.9300489751436022,0.9102564102564102,0.08974358974358974,272.1230346281845,3829.0
seasonal_naive,item_39_store_5,17253.632045566108,16719.941850074832,533.6901954912753,0.0,0.9595842335864236,0.9230769230769231,0.07692307692307693,214.35822884711322,2641.0
seasonal_naive,item_39_store_6,15814.992635727414,14943.647360151313,871.3452755761011,0.0,0.9370415263312066,0.9230769230769231,0.07692307692307693,191.5852225660425,2768.0
seasonal_naive,item_39_store_7,15227.19671140798,14580.847000859654,646.3497105483253,0.0,0.9473442190999328,0.9230769230769231,0.07692307692307693,186.9339359084571,2455.0
seasonal_naive,item_39_store_8,25084.69934108349,23188.036709355856,1896.6626317276348,0.0,0.9159653242477787,0.8974358974358975,0.10256410256410256,297.2825219148187,4514.0
seasonal_naive,item_39_store_9,22702.7207880995,21545.26107842607,1157.459709673434,0.0,0.9403525014339894,0.9102564102564102,0.08974358974358974,276.2212958772573,3881.0
seasonal_naive,item_3_store_1,15440.39020197212,14306.558159961673,1133.8320420104487,0.0,0.9154802801333992,0.8717948717948718,0.1282051282051282,183.41741230720092,2683.0
seasonal_naive,item_3_store_10,20155.84674386632,19161.194100640216,994.6526432261055,0.0,0.9412491055389188,0.9230769230769231,0.07692307692307693,245.6563346235925,3386.0
seasonal_naive,item_3_store_2,22028.551052122042,20379.722830038576,1648.8282220834658,0.0,0.9181925962746977,0.8974358974358975,0.10256410256410256,261.27849782100736,4031.0
seasonal_naive,item_3_store_3,19581.5737889484,18172.80019468083,1408.7735942675715,0.0,0.9181659253983403,0.8974358974358975,0.10256410256410256,232.98461788052344,3443.0
seasonal_naive,item_3_store_4,18159.385517391514,16984.26431077202,1175.1212066194917,0.0,0.923219783951683,0.9102564102564102,0.08974358974358974,217.74697834323104,3061.0
seasonal_naive,item_3_store_5,13415.53371379326,12663.760651407021,751.7730623862383,0.0,0.9353313494721517,0.9102564102564102,0.08974358974358974,162.3559057872695,2325.0
seasonal_naive,item_3_store_6,13609.364458488097,12933.105635944252,676.2588225438441,0.0,0.9412969772097358,0.9230769230769231,0.07692307692307693,165.80904661466988,2304.0
seasonal_naive,item_3_store_7,12772.267938778466,11781.815006206738,990.4529325717283,0.0,0.9092576332962228,0.8717948717948718,0.1282051282051282,151.04891033598383,2183.0
seasonal_naive,item_3_store_8,21126.48267148976,20005.870936956606,1120.6117345331545,0.0,0.9395570801222678,0.9102564102564102,0.08974358974358974,256.485524832777,3708.0
seasonal_naive,item_3_store_9,18040.8900197297,16809.314451687438,1231.5755680422626,0.0,0.9229783884901649,0.8974358974358975,0.10256410256410256,215.50403143189024,3198.0
seasonal_naive,item_40_store_1,12958.45098171292,12219.83423424135,738.6167474715696,0.0,0.9302862909418056,0.8974358974358975,0.10256410256410256,156.6645414646327,2119.0
seasonal_naive,item_40_store_10,15030.253908184795,14050.72177179518,979.5321363896153,0.0,0.9270095278398199,0.9102564102564102,0.08974358974358974,180.13745861275873,2684.0
seasonal_naive,item_40_store_2,18164.971035242103,17082.046306495646,1082.924728746455,0.0,0.9294511577363873,0.9230769230769231,0.07692307692307693,219.0005936730211,3070.0
seasonal_naive,item_40_store_3,16005.368488851058,15048.623509102743,956.7449797483152,0.0,0.928866544256631,0.8974358974358975,0.10256410256410256,192.93107062952234,2690.0
seasonal_naive,item_40_store_4,14397.139600954077,13242.785520561807,1154.354080392269,0.0,0.9091774917079254,0.8717948717948718,0.1282051282051282,169.7793015456642,2542.0
seasonal_naive,item_40_store_5,10341.095864293738,9639.597406838753,701.4984574549857,0.0,0.922827452425194,0.8846153846153846,0.11538461538461539,123.58458213895837,1818.0
seasonal_naive,item_40_store_6,11509.463710310862,10627.620598902178,881.8431114086832,0.0,0.9075151430090527,0.8974358974358975,0.10256410256410256,136.2515461397715,1907.0
seasonal_naive,item_40_store_7,10027.488607968036,9591.942499272269,435.5461086957669,0.0,0.9485777911811374,0.9358974358974359,0.0641025641025641,122.97362178554191,1694.0
seasonal_naive,item_40_store_8,17640.059501365584,16940.02728990536,700.0322114602244,0.0,0.9527802892775565,0.9230769230769231,0.07692307692307693,217.17983705006873,2965.0
seasonal_naive,item_40_store_9,14630.736933578279,13530.333374562306,1100.403559015973,0.0,0.9148294458965966,0.8846153846153846,0.11538461538461539,173.46581249438853,2584.0
seasonal_naive,item_41_store_1,9158.546584355907,8292.307304938568,866.239279417339,0.0,0.8925927737858228,0.8589743589743589,0.14102564102564102,106.31163211459702,1613.0
seasonal_naive,item_41_store_10,11555.544876128253,10733.135814724068,822.4090614041861,0.0,0.9190940421638775,0.8846153846153846,0.11538461538461539,137.60430531697523,2033.0
seasonal_naive,item_41_store_2,13044.094963235528,12293.552154665604,750.5428085699242,0.0,0.9354093968528465,0.8974358974358975,0.10256410256410256,157.60964300853337,2324.0
seasonal_naive,item_41_store_3,12218.113169489015,11801.260551277779,416.85261821123675,0.0,0.958666076528385,0.9358974358974359,0.0641025641025641,151.29821219586896,2017.0
seasonal_naive,item_41_store_4,10519.391156710895,9561.083777103135,958.3073796077601,0.0,0.8994430871345478,0.8846153846153846,0.11538461538461539,122.57799714234788,1906.0
seasonal_naive,item_41_store_5,8067.74156187544,7613.627515255572,454.1140466198681,0.0,0.9319679330906565,0.8846153846153846,0.11538461538461539,97.61060916994323,1335.0
seasonal_naive,item_41_store_6,7707.277469696769,7287.199685039218,420.0777846575511,0.0,0.9373952630912741,0.9230769230769231,0.07692307692307693,93.42563698768228,1342.0
seasonal_naive,item_41_store_7,7297.506836220095,6762.48247341292,535.0243628071744,0.0,0.9109776434597048,0.8717948717948718,0.1282051282051282,86.69849324888358,1202.0
seasonal_naive,item_41_store_8,13210.995199700365,12540.540886969155,670.4543127312093,0.0,0.9400577279632357,0.9102564102564102,0.08974358974358974,160.77616521755326,2237.0
seasonal_naive,item_41_store_9,11182.08041794337,10693.172430855662,488.90798708770774,0.0,0.9485901170254776,0.9102564102564102,0.08974358974358974,137.09195424173927,1902.0
seasonal_naive,item_42_store_1,15743.407555674277,14788.3164628916,955.0910927826777,0.0,0.9287245453147256,0.8974358974358975,0.10256410256410256,189.59380080630257,2680.0
seasonal_naive,item_42_store_10,19360.26990263532,18048.569413940888,1311.7004886944296,0.0,0.9199694637770329,0.8974358974358975,0.10256410256410256,231.39191556334472,3278.0
seasonal_naive,item_42_store_2,21731.92150478692,19784.783732353168,1947.1377724337522,0.0,0.8990858889643041,0.8589743589743589,0.14102564102564102,253.65107349170728,3859.0
seasonal_naive,item_42_store_3,19693.132962119627,18552.46625880725,1140.6667033123779,0.0,0.933739953336487,0.9102564102564102,0.08974358974358974,237.85213152316987,3443.0
seasonal_naive,item_42_store_4,18614.122969082953,17559.35210614557,1054.7708629373851,0.0,0.9327314500677688,0.9102564102564102,0.08974358974358974,225.11989879673806,3136.0
seasonal_naive,item_42_store_5,13768.83826783286,12895.240653689147,873.597614143714,0.0,0.922997125240748,0.8974358974358975,0.10256410256410256,165.32359812421984,2269.0
seasonal_naive,item_42_store_6,13335.527789317415,12412.165391369821,923.3623979475942,0.0,0.9173724923536828,0.8846153846153846,0.11538461538461539,159.13032553038232,2235.0
seasonal_naive,item_42_store_7,12319.664488079245,11395.781521053466,923.8829670257783,0.0,0.9147709440013119,0.8717948717948718,0.1282051282051282,146.09976309042906,2168.0
seasonal_naive,item_42_store_8,21139.04598474711,19551.66790688167,1587.3780778654384,0.0,0.9149770713516102,0.8974358974358975,0.10256410256410256,250.6624090625855,3734.0
seasonal_naive,item_42_store_9,17866.06248362436,16879.08314008454,986.9793435398185,0.0,0.9364878157310284,0.9102564102564102,0.08974358974358974,216.39850179595567,3108.0
seasonal_naive,item_43_store_1,22384.27364467942,20872.578772247565,1511.694872431854,0.0,0.9199526146448581,0.8974358974358975,0.10256410256410256,267.59716374676367,3777.0
seasonal_naive,item_43_store_10,27331.259301799128,25215.5416218111,2115.717679988028,0.0,0.9119368291368146,0.8846153846153846,0.11538461538461539,323.27617463860383,4805.0
seasonal_naive,item_43_store_2,31981.785242946968,30055.826011168527,1925.9592317784404,0.0,0.9303450549085555,0.9102564102564102,0.08974358974358974,385.3311027072888,5530.0
seasonal_naive,item_43_store_3,27514.95402275423,25395.49088983109,2119.4631329231424,0.0,0.9112638420379676,0.8846153846153846,0.11538461538461539,325.583216536296,4777.0
seasonal_naive,item_43_store_4,26711.69882900977,25067.527555069883,1644.171273939885,0.0,0.927039215711565,0.9102564102564102,0.08974358974358974,321.37855839833185,4507.0
seasonal_naive,item_43_store_5,18296.73132987752,16996.912214402073,1299.8191154754459,0.0,0.9194410216625073,0.8974358974358975,0.10256410256410256,217.90913095387273,3227.0
seasonal_naive,item_43_store_6,19747.23894158327,18809.867488858035,937.3714527252343,0.0,0.9422623065768257,0.9230769230769231,0.07692307692307693,241.15214729305174,3247.0
seasonal_naive,item_43_store_7,17318.06467249511,16470.474920057935,847.5897524371771,0.0,0.9417664203066178,0.9358974358974359,0.0641025641025641,211.15993487253763,2911.0
seasonal_naive,item_43_store_8,29434.957199852335,27774.53114260295,1660.4260572493854,0.0,0.9357420256482435,0.9230769230769231,0.07692307692307693,356.0837325974737,5168.0
seasonal_naive,item_43_store_9,25433.026841889907,23223.94096124578,2209.085880644129,0.0,0.8983861140458083,0.8846153846153846,0.11538461538461539,297.74283283648435,4348.0
seasonal_naive,item_44_store_1,13423.257744683913,12827.478859280938,595.7788854029758,0.0,0.9469711717487338,0.9230769230769231,0.07692307692307693,164.45485717026844,2247.0
seasonal_naive,item_44_store_10,16045.884565837254,15323.372332248988,722.5122335882662,0.0,0.9466386828959922,0.9230769230769231,0.07692307692307693,196.4534914390896,2708.0
seasonal_naive,item_44_store_2,18009.193254936232,16197.164618312332,1812.0286366239009,0.0,0.8826026150551409,0.8589743589743589,0.14102564102564102,207.6559566450299,3087.0
seasonal_naive,item_44_store_3,16234.152532641629,15413.819012112019,820.3335205296105,0.0,0.93996827511675,0.9102564102564102,0.08974358974358974,197.6130642578464,2733.0
seasonal_naive,item_44_store_4,14582.81076527859,13690.52369346656,892.2870718120288,0.0,0.9294634725840293,0.8974358974358975,0.10256410256410256,175.51953453162258,2530.0
seasonal_naive,item_44_store_5,10531.234605881931,9841.317923401013,689.9166824809183,0.0,0.9216003769908047,0.8846153846153846,0.11538461538461539,126.1707426077053,1760.0
seasonal_naive,item_44_store_6,10729.009132827005,10015.04902542239,713.9601074046143,0.0,0.9232300959779984,0.8974358974358975,0.10256410256410256,128.39806442849218,1860.0
seasonal_naive,item_44_store_7,9659.209030175376,8823.659059686017,835.5499704893591,0.0,0.8980414923136839,0.8589743589743589,0.14102564102564102,113.12383409853868,1639.0
seasonal_naive,item_44_store_8,17143.534834599548,16107.740681294728,1035.7941533048183,0.0,0.9306465247201327,0.9102564102564102,0.08974358974358974,206.50949591403497,2987.0
seasonal_naive,item_44_store_9,14183.546144955459,12994.721715546668,1188.8244294087906,0.0,0.9038167937371527,0.8717948717948718,0.1282051282051282,166.59899635316242,2472.0
seasonal_naive,item_45_store_1,35032.21822026437,32998.869934226,2033.3482860383651,0.0,0.9313405947648704,0.9102564102564102,0.08974358974358974,423.0624350541795,5923.0
seasonal_naive,item_45_store_10,42517.21786329918,39402.25231413332,3114.965549165854,0.0,0.9160612894323402,0.8974358974358975,0.10256410256410256,505.1570809504272,7422.0
seasonal_naive,item_45_store_2,48601.32728246391,45252.70213801977,3348.6251444441414,0.0,0.9219161677872417,0.8974358974358975,0.10256410256410256,580.1628479233303,8577.0
seasonal_naive,item_45_store_3,43877.31073850773,41969.89990215901,1907.4108363487198,0.0,0.9486495938525046,0.9230769230769231,0.07692307692307693,538.0756397712694,7429.0
seasonal_naive,item_45_store_4,40376.4434466198,37597.19672527246,2779.246721347341,0.0,0.9201939204207512,0.8974358974358975,0.10256410256410256,482.01534263169816,6965.0
seasonal_naive,item_45_store_5,29527.068061329406,27675.238804105848,1851.829257223559,0.0,0.9274077123785356,0.8974358974358975,0.10256410256410256,354.81075389879294,5102.0
seasonal_naive,item_45_store_6,29335.39243576873,27229.5212545763,2105.8711811924277,0.0,0.9147938020961995,0.8846153846153846,0.11538461538461539,349.0964263407218,4943.0
seasonal_naive,item_45_store_7,27077.799405698494,25075.48280661643,2002.3165990820626,0.0,0.9124287514068635,0.8846153846153846,0.11538461538461539,321.48054880277476,4573.0
seasonal_naive,item_45_store_8,46794.09174222145,43719.44083525399,3074.6509069674576,0.0,0.9220324354769251,0.8974358974358975,0.10256410256410256,560.5056517340255,7887.0
seasonal_naive,item_45_store_9,41097.1113006694,38453.00623034832,2644.1050703210794,0.0,0.9246049309859972,0.8974358974358975,0.10256410256410256,492.98725936344,7014.0
seasonal_naive,item_46_store_1,25655.075916865604,24363.74183856902,1291.3340782965815,0.0,0.9410753329547533,0.9230769230769231,0.07692307692307693,312.35566459703875,4383.0
seasonal_naive,item_46_store_10,31374.86442917439,30150.251972621536,1224.6124565528555,0.0,0.9541944097044004,0.9358974358974359,0.0641025641025641,386.54169195668635,5347.0
seasonal_naive,item_46_store_2,36372.06476610395,34187.0797117318,2184.985054372147,0.0,0.9296754086137062,0.9102564102564102,0.08974358974358974,438.29589374015126,6214.0
seasonal_naive,item_46_store_3,31449.715109002223,28990.145287424537,2459.5698215776883,0.0,0.9113189175562398,0.8846153846153846,0.11538461538461539,371.6685293259556,5547.0
seasonal_naive,item_46_store_4,29268.370051046033,27266.982403253103,2001.3876477929296,0.0,0.9202951952292739,0.8974358974358975,0.10256410256410256,349.5766974776039,5022.0
seasonal_naive,item_46_store_5,21038.41250389329,19151.075496472786,1887.3370074205036,0.0,0.8963571110697143,0.8717948717948718,0.1282051282051282,245.5266089291383,3642.0
seasonal_naive,item_46_store_6,21616.71916157056,20543.4064294079,1073.312732162658,0.0,0.9412366420934761,0.9230769230769231,0.07692307692307693,263.3770055052295,3653.0
seasonal_naive,item_46_store_7,20528.724489087304,19798.115781154236,730.6087079330683,0.0,0.9571992555399491,0.9358974358974359,0.0641025641025641,253.82199719428507,3414.0
seasonal_naive,item_46_store_8,33719.99395686788,31109.524434308205,2610.469522559675,0.0,0.9128245275485165,0.8846153846153846,0.11538461538461539,398.8400568501052,5989.0
seasonal_naive,item_46_store_9,29417.942403323275,27447.808627987662,1970.133775335613,0.0,0.9220520761489372,0.8974358974358975,0.10256410256410256,351.89498241009824,5055.0
seasonal_naive,item_47_store_1,9739.230292960056,9265.462383156042,473.7679098040127,0.0,0.94211754309053,0.9230769230769231,0.07692307692307693,118.78797927123131,1637.0
seasonal_naive,item_47_store_10,12121.544138014617,11400.113537412126,721.4306006024915,0.0,0.9289580895516996,0.9102564102564102,0.08974358974358974,146.15530176169392,2031.0
seasonal_naive,item_47_store_2,13330.912316871505,12199.08558069828,1131.8267361732255,0.0,0.9009775383925437,0.8846153846153846,0.11538461538461539,156.39853308587539,2286.0
seasonal_naive,item_47_store_3,12021.23821011891,11295.133664169358,726.1045459495534,0.0,0.9297431498839328,0.9102564102564102,0.08974358974358974,144.80940595088921,2067.0
seasonal_naive,item_47_store_4,11044.712610978479,10435.80034554877,608.912265429708,0.0,0.9358702195440013,0.9230769230769231,0.07692307692307693,133.79231212242013,1899.0
seasonal_naive,item_47_store_5,8183.678776175073,7544.836257489108,638.8425186859649,0.0,0.9092553240502891,0.8974358974358975,0.10256410256410256,96.72866996780908,1408.0
seasonal_naive,item_47_store_6,7421.090077545702,6825.928963722731,595.1611138229708,0.0,0.9088574098280289,0.8846153846153846,0.11538461538461539,87.51190979131707,1306.0
seasonal_naive,item_47_store_7,7459.030009775972,7005.910468281103,453.1195414948684,0.0,0.9283605467992303,0.9102564102564102,0.08974358974358974,89.81936497796286,1265.0
seasonal_naive,item_47_store_8,13006.433280324602,12235.106275550294,771.3270047743089,0.0,0.9302912783755708,0.9102564102564102,0.08974358974358974,156.8603368660294,2213.0
seasonal_naive,item_47_store_9,10945.154755287578,10311.599337449205,633.5554178383728,0.0,0.9336938338212064,0.9230769230769231,0.07692307692307693,132.19999150575904,1911.0
seasonal_naive,item_48_store_1,22648.027245471327,21105.84695223125,1542.1802932400756,0.0,0.9182301011007383,0.8974358974358975,0.10256410256410256,270.5877814388622,3772.0
seasonal_naive,item_48_store_10,27171.770243237956,25467.25571798319,1704.514525254766,0.0,0.9279579659655636,0.8974358974358975,0.10256410256410256,326.5032784356819,4732.0
seasonal_naive,item_48_store_2,31553.323719088654,29270.31557745655,2283.0081416321036,0.0,0.9165567199695869,0.8974358974358975,0.10256410256410256,375.26045612123784,5472.0
seasonal_naive,item_48_store_3,27507.17154788425,25696.39771978606,1810.7738280981891,0.0,0.9252055420033791,0.9102564102564102,0.08974358974358974,329.4409964075136,4842.0
seasonal_naive,item_48_store_4,26323.302734596215,24942.1644204492,1381.138314147015,0.0,0.9369918652305194,0.9230769230769231,0.07692307692307693,319.7713387237077,4384.0
seasonal_naive,item_48_store_5,18365.08448706704,16867.58943307644,1497.4950539906024,0.0,0.9091050043101304,0.8846153846153846,0.11538461538461539,216.25114657790306,3295.0
seasonal_naive,item_48_store_6,18463.264755527867,17109.58393353464,1353.6808219932295,0.0,0.9170792758350242,0.8846153846153846,0.11538461538461539,219.353640173521,3265.0
seasonal_naive,item_48_store_7,17290.196925527332,16425.111323421046,865.0856021062856,0.0,0.9426335807621827,0.9230769230769231,0.07692307692307693,210.57835030026982,3016.0
seasonal_naive,item_48_store_8,30316.010485138508,29069.99251546866,1246.017969669847,0.0,0.9519375903695334,0.9358974358974359,0.0641025641025641,372.6922117367777,5185.0
seasonal_naive,item_48_store_9,25321.7985531248,23505.87005888245,1815.9284942423517,0.0,0.9184585319154759,0.8974358974358975,0.10256410256410256,301.3573084472109,4454.0
seasonal_naive,item_49_store_1,12845.699685943695,11717.231209738484,1128.4684762052102,0.0,0.8984733714615196,0.8717948717948718,0.1282051282051282,150.22091294536517,2223.0
seasonal_naive,item_49_store_10,15416.22121066101,14632.668219602583,783.5529910584256,0.0,0.9388327095192486,0.9102564102564102,0.08974358974358974,187.59831050772542,2562.0
seasonal_naive,item_49_store_2,18130.822946528584,17026.96527859395,1103.8576679346324,0.0,0.9285066277244409,0.9102564102564102,0.08974358974358974,218.29442664864038,3088.0
seasonal_naive,item_49_store_3,15721.341821856076,14675.85111635479,1045.490705501286,0.0,0.9208860608776931,0.8974358974358975,0.10256410256410256,188.15193738916398,2643.0
seasonal_naive,item_49_store_4,14566.412455235528,13641.295474609045,925.1169806264818,0.0,0.9249397987321314,0.9102564102564102,0.08974358974358974,174.8884035206288,2465.0
seasonal_naive,item_49_store_5,10946.650645457712,10307.921444380834,638.7292010768772,0.0,0.930648295214237,0.8846153846153846,0.11538461538461539,132.15283903052352,1842.0
seasonal_naive,item_49_store_6,10965.737509663415,10583.586073438439,382.1514362249758,0.0,0.9570133367575955,0.9358974358974359,0.0641025641025641,135.68700094151845,1778.0
seasonal_naive,item_49_store_7,9561.589814819721,8892.991418026986,668.5983967927348,0.0,0.9183141848756585,0.8974358974358975,0.10256410256410256,114.01271048752547,1637.0
seasonal_naive,item_49_store_8,17740.35043422156,16756.66246864618,983.6879655753796,0.0,0.9321126317753361,0.9102564102564102,0.08974358974358974,214.82900600828435,2898.0
seasonal_naive,item_49_store_9,15173.920462944692,14540.084487729737,633.8359752149546,0.0,0.9497354500226047,0.9230769230769231,0.07692307692307693,186.41133958627867,2522.0
seasonal_naive,item_4_store_1,9615.783335565084,9345.207625865805,270.57570969927866,0.0,0.965965319534682,0.9358974358974359,0.0641025641025641,119.81035417776674,1590.0
seasonal_naive,item_4_store_10,11920.618376282857,11290.581225782198,630.0371505006586,0.0,0.9369332181681022,0.9102564102564102,0.08974358974358974,144.75104135618201,1998.0
seasonal_naive,item_4_store_2,13034.989114380964,12001.585892289082,1033.403222091882,0.0,0.9116371763923146,0.8717948717948718,0.1282051282051282,153.86648579857797,2339.0
seasonal_naive,item_4_store_3,11359.151034391685,10302.547889949195,1056.6031444424889,0.0,0.8952302286125444,0.8461538461538461,0.15384615384615385,132.08394730704097,2017.0
seasonal_naive,item_4_store_4,11433.578063566021,10537.87830865771,895.699754908311,0.0,0.9077073925905913,0.8846153846153846,0.11538461538461539,135.1010039571501,1941.0
seasonal_naive,item_4_store_5,8085.607001606678,7491.134910929372,594.4720906773057,0.0,0.914402866713131,0.8974358974358975,0.10256410256410256,96.04019116576119,1389.0
seasonal_naive,item_4_store_6,8745.042713496383,8106.990107123659,638.0526063727248,0.0,0.9072597955853596,0.8717948717948718,0.1282051282051282,103.93577060414948,1376.0
seasonal_naive,item_4_store_7,7662.632833223621,7451.8447816610815,210.78805156253907,0.0,0.9659470029785882,0.9487179487179487,0.05128205128205128,95.53647155975746,1238.0
seasonal_naive,item_4_store_8,12981.128183224006,12441.357884880219,539.7702983437862,0.0,0.9497186494323441,0.9230769230769231,0.07692307692307693,159.5045882676951,2147.0
seasonal_naive,item_4_store_9,11356.39272392271,10832.74682557422,523.6458983484899,0.0,0.9460714831772925,0.9230769230769231,0.07692307692307693,138.88136955864385,1942.0
seasonal_naive,item_50_store_1,28459.699592010278,26760.287658437548,1699.4119335727316,0.0,0.9297473363549924,0.9102564102564102,0.08974358974358974,343.08061100560957,4838.0
seasonal_naive,item_50_store_10,35515.51864734405,33095.03899954399,2420.479647800055,0.0,0.9187485851695181,0.8846153846153846,0.11538461538461539,424.2953717890255,5958.0
seasonal_naive,item_50_store_2,41548.072312131626,39742.84628859432,1805.2260235373046,0.0,0.9481033197200717,0.9358974358974359,0.0641025641025641,509.5236703665939,6957.0
seasonal_naive,item_50_store_3,35466.832775534844,33143.77944701344,2323.053328521403,0.0,0.9241947029361592,0.8974358974358975,0.10256410256410256,424.9202493206851,6129.0
seasonal_naive,item_50_store_4,33071.82464271134,31509.309651989435,1562.5149907219077,0.0,0.9435405604075192,0.9230769230769231,0.07692307692307693,403.9655083588389,5535.0
seasonal_naive,item_50_store_5,24073.05593048183,22569.138136287795,1503.9177941940357,0.0,0.9267810226779924,0.8974358974358975,0.10256410256410256,289.3479248242025,4108.0
seasonal_naive,item_50_store_6,23933.945420834047,22763.022739046053,1170.9226817879926,0.0,0.9418752702016385,0.9358974358974359,0.0641025641025641,291.8336248595648,4029.0
seasonal_naive,item_50_store_7,22000.91508303634,21130.469802596865,870.4452804394742,0.0,0.9535018546773786,0.9358974358974359,0.0641025641025641,270.9034590076521,3744.0
seasonal_naive,item_50_store_8,37915.13654272895,35414.852250101634,2500.284292627315,0.0,0.9232923978331856,0.8974358974358975,0.10256410256410256,454.0365673089953,6519.0
seasonal_naive,item_50_store_9,32382.94070738618,30273.28923558224,2109.6514718039416,0.0,0.9245475153145944,0.8974358974358975,0.10256410256410256,388.1190927638749,5592.0
seasonal_naive,item_5_store_1,8202.341898760706,7978.638379846475,223.7035189142307,0.0,0.9664360811831612,0.9487179487179487,0.05128205128205128,102.29023563905737,1333.0
seasonal_naive,item_5_store_10,9656.076428937255,9042.268754745972,613.8076741912821,0.0,0.9270145452804658,0.8974358974358975,0.10256410256410256,115.92652249674323,1682.0
seasonal_naive,item_5_store_2,10843.560131649108,10085.79223658728,757.7678950618283,0.0,0.9217181926589021,0.8974358974358975,0.10256410256410256,129.3050286741959,1936.0
seasonal_naive,item_5_store_3,9627.695984426333,8620.832427381296,1006.8635570450368,0.0,0.8861014075740908,0.8589743589743589,0.14102564102564102,110.52349265873457,1768.0
seasonal_naive,item_5_store_4,8999.632092943404,8388.794638038647,610.8374549047568,0.0,0.9199950943150287,0.8717948717948718,0.1282051282051282,107.54864920562369,1527.0
seasonal_naive,item_5_store_5,6800.789162057649,6445.384890050851,355.4042720067983,0.0,0.9394541274264399,0.9102564102564102,0.08974358974358974,82.63313961603656,1174.0
seasonal_naive,item_5_store_6,6350.8254881929615,5840.697531781444,510.1279564115174,0.0,0.9130957484818538,0.8717948717948718,0.1282051282051282,74.88073758694159,1174.0
seasonal_naive,item_5_store_7,5730.0526324521525,5355.457492108433,374.5951403437195,0.0,0.9292549310021303,0.9102564102564102,0.08974358974358974,68.6597114372876,1059.0
seasonal_naive,item_5_store_8,11215.941276213707,10517.73931281626,698.2019633974477,0.0,0.9287912326978636,0.9230769230769231,0.07692307692307693,134.84281170277256,1961.0
seasonal_naive,item_5_store_9,9249.542395460416,8571.860176511396,677.6822189490201,0.0,0.9124441577585245,0.8974358974358975,0.10256410256410256,109.89564328860764,1548.0
seasonal_naive,item_6_store_1,24347.61119763903,22307.475838913153,2040.1353587258786,0.0,0.9074558694159275,0.8717948717948718,0.1282051282051282,285.99327998606606,4409.0
seasonal_naive,item_6_store_10,30043.801646025368,27341.4294406215,2702.372205403865,0.0,0.8995587360935193,0.8717948717948718,0.1282051282051282,350.5311466746346,5381.0
seasonal_naive,item_6_store_2,35173.34190294479,32781.388349013105,2391.953553931684,0.0,0.9209271552419278,0.8974358974358975,0.10256410256410256,420.2742096027321,6050.0
seasonal_naive,item_6_store_3,32432.714055790482,30545.50552550067,1887.2085302898108,0.0,0.9302454803071591,0.9102564102564102,0.08974358974358974,391.60904519872656,5411.0
seasonal_naive,item_6_store_4,28174.0073151252,25958.38634842865,2215.6209666965506,0.0,0.9096402542130281,0.8846153846153846,0.11538461538461539,332.79982497985446,4904.0
seasonal_naive,item_6_store_5,21296.92178572915,20007.97971084426,1288.942074884888,0.0,0.9291400728485494,0.8974358974358975,0.10256410256410256,256.51256039543927,3638.0
seasonal_naive,item_6_store_6,20601.783304587152,19210.85592497403,1390.9273796131224,0.0,0.9248756478739875,0.8974358974358975,0.10256410256410256,246.2930246791542,3703.0
seasonal_naive,item_6_store_7,18773.560351389147,17606.12035080292,1167.4400005862265,0.0,0.9297991581126743,0.8974358974358975,0.10256410256410256,225.71949167696053,3326.0
seasonal_naive,item_6_store_8,35147.9861550895,33620.9123549755,1527.073800114,0.0,0.9477744938401506,0.9230769230769231,0.07692307692307693,431.03733788430134,5848.0
seasonal_naive,item_6_store_9,29565.399695298085,27392.398208238395,2173.001487059689,0.0,0.9141954003135364,0.8974358974358975,0.10256410256410256,351.18459241331277,5065.0
seasonal_naive,item_7_store_1,25236.123945855525,24013.320499445545,1222.803446409979,0.0,0.9432836991461048,0.9230769230769231,0.07692307692307693,307.8630833262249,4312.0
seasonal_naive,item_7_store_10,31101.987269578014,28923.930395654126,2178.056873923887,0.0,0.9174196445905635,0.8974358974358975,0.10256410256410256,370.8196204571042,5275.0
seasonal_naive,item_7_store_2,36061.842040077354,34201.12754948863,1860.7144905887264,0.0,0.9392221299824032,0.9230769230769231,0.07692307692307693,438.4759942242132,6123.0
seasonal_naive,item_7_store_3,32081.305685787367,30168.69834253001,1912.6073432573583,0.0,0.9302985662078221,0.9102564102564102,0.08974358974358974,386.77818387858986,5488.0
seasonal_naive,item_7_store_4,29017.288293256937,27246.18774257693,1771.1005506800052,0.0,0.9292691473370606,0.9102564102564102,0.08974358974358974,349.3100992638068,5008.0
seasonal_naive,item_7_store_5,21871.78529024207,20862.39070450944,1009.3945857326321,0.0,0.9451565017260184,0.9230769230769231,0.07692307692307693,267.4665474937107,3681.0
seasonal_naive,item_7_store_6,20948.546011537466,19469.574989421937,1478.971022115531,0.0,0.9169816995725214,0.8846153846153846,0.11538461538461539,249.6099357618197,3563.0
seasonal_naive,item_7_store_7,19624.31643565203,18618.915208294904,1005.4012273571243,0.0,0.9407367387352122,0.9230769230769231,0.07692307692307693,238.70404113198595,3393.0
seasonal_naive,item_7_store_8,33961.92628023451,32171.30188961418,1790.6243906203315,0.0,0.9404415635915405,0.9102564102564102,0.08974358974358974,412.4525883283869,6013.0
seasonal_naive,item_7_store_9,29247.012748327637,27265.72915260389,1981.2835957237485,0.0,0.9208594529369384,0.8974358974358975,0.10256410256410256,349.56063016158834,5007.0
seasonal_naive,item_8_store_1,32834.618924629736,30291.14120474566,2543.477719884073,0.0,0.9114387980541757,0.8846153846153846,0.11538461538461539,388.3479641634059,5744.0
seasonal_naive,item_8_store_10,42280.964397603355,39525.28884918048,2755.675548422878,0.0,0.9221780415582356,0.8974358974358975,0.10256410256410256,506.7344724253907,7082.0
seasonal_naive,item_8_store_2,47074.90560617117,44418.090701270026,2656.814904901138,0.0,0.9347540543983021,0.9102564102564102,0.08974358974358974,569.4627012983336,8144.0
seasonal_naive,item_8_store_3,41842.55597896279,39487.56247590049,2354.993503062291,0.0,0.934245609296041,0.9102564102564102,0.08974358974358974,506.25080097308324,7163.0
seasonal_naive,item_8_store_4,38370.22980929351,35081.11779935926,3289.1120099342506,0.0,0.9024436597972935,0.8717948717948718,0.1282051282051282,449.75792050460586,6743.0
seasonal_naive,item_8_store_5,27213.28939893118,25449.46477388972,1763.8246250414636,0.0,0.9258429840218011,0.8974358974358975,0.10256410256410256,326.27518940884255,4757.0
seasonal_naive,item_8_store_6,28646.283488993362,27264.535518324832,1381.74797066853,0.0,0.9426660593083598,0.9230769230769231,0.07692307692307693,349.54532715801065,4820.0
seasonal_naive,item_8_store_7,25095.68648291227,23686.104526503987,1409.5819564082842,0.0,0.9348320870823725,0.9102564102564102,0.08974358974358974,303.6680067500511,4326.0
seasonal_naive,item_8_store_8,45468.24341744257,42542.28233108856,2925.961086354014,0.0,0.9264001739063259,0.8974358974358975,0.10256410256410256,545.4138760395969,7951.0
seasonal_naive,item_8_store_9,38160.47389475132,35846.093529578364,2314.380365172956,0.0,0.9310375338148702,0.8974358974358975,0.10256410256410256,459.56530166126106,6712.0
seasonal_naive,item_9_store_1,21739.517155456775,20576.070836631603,1163.446318825172,0.0,0.9367004179094031,0.9102564102564102,0.08974358974358974,263.7957799568154,3676.0
seasonal_naive,item_9_store_10,27095.17573899687,25576.888668252508,1518.2870707443612,0.0,0.9346692310350962,0.9102564102564102,0.08974358974358974,327.9088290801604,4648.0
seasonal_naive,item_9_store_2,30487.80216077044,28449.102207488515,2038.6999532819232,0.0,0.9234291097358901,0.8717948717948718,0.1282051282051282,364.7320795831861,5325.0
seasonal_naive,item_9_store_3,26836.07416505415,24729.368849359937,2106.7053156942143,0.0,0.9100467414306483,0.8846153846153846,0.11538461538461539,317.0431903764094,4684.0
seasonal_naive,item_9_store_4,26294.70562502234,24280.000780914885,2014.704844107453,0.0,0.9087749674391011,0.8717948717948718,0.1282051282051282,311.2820612937806,4417.0
seasonal_naive,item_9_store_5,18358.693572039112,17387.44512602901,971.2484460101018,0.0,0.9389151920748363,0.9102564102564102,0.08974358974358974,222.9159631542181,3180.0
seasonal_naive,item_9_store_6,18338.793933573965,17085.523896792045,1253.27003678192,0.0,0.9201992972440676,0.8974358974358975,0.10256410256410256,219.0451781640006,3141.0
seasonal_naive,item_9_store_7,17393.24135776148,16612.805876864884,780.4354808965928,0.0,0.9474807886341459,0.9358974358974359,0.0641025641025641,212.98469072903697,2972.0
seasonal_naive,item_9_store_8,29456.552159809187,27443.784335964992,2012.7678238441945,0.0,0.9228676825505194,0.8974358974358975,0.10256410256410256,351.8433889226281,5219.0
seasonal_naive,item_9_store_9,25246.561175621617,23638.485008486256,1608.0761671353594,0.0,0.9269720178412644,0.9102564102564102,0.08974358974358974,303.05750010879814,4404.0
moving_average,item_10_store_1,31295.83131948088,29334.758333871443,1961.0729856094383,0.0,0.9284541048664925,0.9102564102564102,0.08974358974358974,376.08664530604415,5482.0
moving_average,item_10_store_10,40072.57849259314,37792.77748370299,2279.8010088901515,0.0,0.9312069701602247,0.9102564102564102,0.08974358974358974,484.52278825260237,6628.0
moving_average,item_10_store_2,44825.76501987137,41835.53798333272,2990.2270365386494,0.0,0.9225730958949081,0.8974358974358975,0.10256410256410256,536.3530510683681,7724.0
moving_average,item_10_store_3,39421.8152467278,36574.28231995108,2847.5329267767142,0.0,0.9176537615160002,0.8846153846153846,0.11538461538461539,468.90105538398825,6916.0
moving_average,item_10_store_4,36077.622683941416,33181.68292508589,2895.9397588555294,0.0,0.9090042495253565,0.8846153846153846,0.11538461538461539,425.40619134725495,6365.0
moving_average,item_10_store_5,27084.923153528653,25492.523273602754,1592.3998799258993,0.0,0.9308554112059967,0.9102564102564102,0.08974358974358974,326.82722145644556,4606.0
moving_average,item_10_store_6,25791.210651052246,23902.87361136189,1888.3370396903547,0.0,0.9170508658163692,0.8846153846153846,0.11538461538461539,306.4470975815627,4553.0
moving_average,item_10_store_7,24134.006803293483,22971.098889959783,1162.9079133337013,0.0,0.9433694709844801,0.9230769230769231,0.07692307692307693,294.5012678199972,4107.0
moving_average,item_10_store_8,42509.00205402719,39769.21324691012,2739.7888071170646,0.0,0.9263992261352031,0.8974358974358975,0.10256410256410256,509.86170829371946,7445.0
moving_average,item_10_store_9,36944.05887610286,34711.3793375919,2232.6795385109654,0.0,0.9303919083862521,0.9102564102564102,0.08974358974358974,445.01768381528075,6415.0
moving_average,item_11_store_1,30175.676948968336,28548.22581494173,1627.4511340266065,0.0,0.9375258681755622,0.9102564102564102,0.08974358974358974,366.0028950633555,5210.0
moving_average,item_11_store_10,38045.89480955746,35748.14537228934,2297.749437268116,0.0,0.9300958491856368,0.9102564102564102,0.08974358974358974,458.30955605499156,6574.0
moving_average,item_11_store_2,42946.46718551018,40470.85411450711,2475.6130710030666,0.0,0.9331547705952999,0.9102564102564102,0.08974358974358974,518.8571040321424,7407.0
moving_average,item_11_store_3,38492.98542224327,36257.198860106226,2235.7865621370433,0.0,0.9312911320793779,0.9230769230769231,0.07692307692307693,464.8358828218747,6508.0
moving_average,item_11_store_4,34706.206160206195,31983.494348924338,2722.711811281857,0.0,0.9107014820832451,0.8974358974358975,0.10256410256410256,410.04479934518383,6098.0
moving_average,item_11_store_5,24570.63177056753,23019.94961409937,1550.6821564681604,0.0,0.92850704672807,0.8974358974358975,0.10256410256410256,295.12755915512014,4338.0
moving_average,item_11_store_6,24890.58463114363,23114.88072332786,1775.7039078157675,0.0,0.9174091205667084,0.8846153846153846,0.11538461538461539,296.3446246580495,4300.0
moving_average,item_11_store_7,22884.406879604852,21248.613857516808,1635.7930220880462,0.0,0.9181898963696901,0.8846153846153846,0.11538461538461539,272.4181263784206,3999.0
moving_average,item_11_store_8,38759.8742950276,35956.21401360949,2803.6602814181097,0.0,0.9213780066904624,0.8974358974358975,0.10256410256410256,460.9771027385832,7132.0
moving_average,item_11_store_9,33064.15107663276,30221.110199994186,2843.0408766385754,0.0,0.9070141986381497,0.8846153846153846,0.11538461538461539,387.4501307691562,6115.0
moving_average,item_12_store_1,30037.33871989831,28210.955863561692,1826.382856336619,0.0,0.9300504459465102,0.9102564102564102,0.08974358974358974,361.678921327714,5222.0
moving_average,item_12_store_10,37144.03353737743,34743.96865305615,2400.0648843212784,0.0,0.9261859177511524,0.8974358974358975,0.10256410256410256,445.43549555200195,6503.0
moving_average,item_12_store_2,42246.23496855062,39912.93014305872,2333.304825491898,0.0,0.9360913496167654,0.9102564102564102,0.08974358974358974,511.70423260331694,7302.0
moving_average,item_12_store_3,36422.30185074222,33869.58699625478,2552.714854487439,0.0,0.9211881798552812,0.8974358974358975,0.10256410256410256,434.2254743109587,6478.0
moving_average,item_12_store_4,33331.50603519658,30802.933815718206,2528.572219478376,0.0,0.9159523942337253,0.8974358974358975,0.10256410256410256,394.9094078938232,6017.0
moving_average,item_12_store_5,24297.509619203975,23019.87624273146,1277.633376472512,0.0,0.9411500056898888,0.9230769230769231,0.07692307692307693,295.12661849655717,4342.0
moving_average,item_12_store_6,25058.95251212926,23393.651981020816,1665.3005311084457,0.0,0.9228491762284713,0.8974358974358975,0.10256410256410256,299.9186151412925,4317.0
moving_average,item_12_store_7,23085.779422651423,21525.27476909857,1560.5046535528545,0.0,0.9209871061492225,0.8974358974358975,0.10256410256410256,275.96506114228936,3950.0
moving_average,item_12_store_8,40953.21666648686,38342.99010786847,2610.2265586183853,0.0,0.9235434517100648,0.8974358974358975,0.10256410256410256,491.576796254724,6828.0
moving_average,item_12_store_9,36513.705472513495,34622.53102675254,1891.1744457609495,0.0,0.9363348107806447,0.9102564102564102,0.08974358974358974,443.87860290708386,5941.0
moving_average,item_13_store_1,35762.57722120006,33258.796546991056,2503.780674209007,0.0,0.919505524056936,0.8974358974358975,0.10256410256410256,426.39482752552635,6221.0
moving_average,item_13_store_10,46673.278947328006,44038.58975642148,2634.6891909065253,0.0,0.9323918606387857,0.9102564102564102,0.08974358974358974,564.5973045695062,7794.0
moving_average,item_13_store_2,51011.90241433087,47598.26778419057,3413.6346301403046,0.0,0.9219473046726808,0.8974358974358975,0.10256410256410256,610.2342023614175,8747.0
moving_average,item_13_store_3,44963.83062340567,41614.68100498346,3349.149618422209,0.0,0.9149098166051268,0.8974358974358975,0.10256410256410256,533.5215513459418,7872.0
moving_average,item_13_store_4,42181.80179059061,39393.28181319883,2788.519977391775,0.0,0.9213837051764371,0.8974358974358975,0.10256410256410256,505.04207452819014,7094.0
moving_average,item_13_store_5,30156.577910004096,28287.629990246423,1868.9479197576736,0.0,0.929045257412389,0.9102564102564102,0.08974358974358974,362.6619229518772,5268.0
moving_average,item_13_store_6,30810.089278005154,29480.805973944076,1329.28330406108,0.0,0.9503350157272153,0.9230769230769231,0.07692307692307693,377.959050948001,5353.0
moving_average,item_13_store_7,27264.443247036008,24846.44864201231,2417.9946050236967,0.0,0.89747743883724,0.8717948717948718,0.1282051282051282,318.5442133591322,4717.0
moving_average,item_13_store_8,48857.26661688077,45723.143160502994,3134.1234563777753,0.0,0.9266614377821979,0.9102564102564102,0.08974358974358974,586.1941430833717,8547.0
moving_average,item_13_store_9,43703.49928229751,41042.74577384587,2660.7535084516394,0.0,0.9256980310401665,0.8974358974358975,0.10256410256410256,526.1890483826394,7162.0
moving_average,item_14_store_1,25025.211820326578,23501.659501767812,1523.552318558768,0.0,0.930415514110127,0.9102564102564102,0.08974358974358974,301.30332694574116,4379.0
moving_average,item_14_store_10,31264.86005865437,28733.774031200537,2531.0860274538336,0.0,0.9069282578615983,0.8846153846153846,0.11538461538461539,368.38171834872486,5439.0
moving_average,item_14_store_2,35474.543419640715,33282.182304162154,2192.3611154785576,0.0,0.9294266500731191,0.9102564102564102,0.08974358974358974,426.69464492515584,6213.0
moving_average,item_14_store_3,32179.016451908406,30349.283943544753,1829.732508363652,0.0,0.9336332060803899,0.9102564102564102,0.08974358974358974,389.0933838915994,5514.0
moving_average,item_14_store_4,28488.943391807803,26619.653050934157,1869.290340873647,0.0,0.9258512359827985,0.8974358974358975,0.10256410256410256,341.27760321710457,5042.0
moving_average,item_14_store_5,21277.05455073253,20072.337998981995,1204.7165517505334,0.0,0.933933833191635,0.9230769230769231,0.07692307692307693,257.3376666536153,3647.0
moving_average,item_14_store_6,21414.458049266443,20018.10670066776,1396.3513485986846,0.0,0.9240700734856615,0.8846153846153846,0.11538461538461539,256.6423935983046,3678.0
moving_average,item_14_store_7,19052.13688239317,17681.045052940677,1371.0918294524931,0.0,0.9190379787745796,0.8974358974358975,0.10256410256410256,226.68006478129072,3387.0
moving_average,item_14_store_8,33112.13029876276,30909.99477146215,2202.135527300612,0.0,0.9264606603005306,0.9102564102564102,0.08974358974358974,396.2819842495147,5989.0
moving_average,item_14_store_9,28856.56294006143,27189.491055068895,1667.0718849925368,0.0,0.9339642747081586,0.9102564102564102,0.08974358974358974,348.5832186547294,5049.0
moving_average,item_15_store_1,36894.04813599545,34489.14587973725,2404.9022562582036,0.0,0.927201384705367,0.8974358974358975,0.10256410256410256,442.1685369197083,6607.0
moving_average,item_15_store_10,45844.870936241445,42690.39311461141,3154.4778216300356,0.0,0.9222460482713819,0.8974358974358975,0.10256410256410256,547.3127322386079,8114.0
moving_average,item_15_store_2,53197.574168645515,49703.00657500794,3494.5675936375756,0.0,0.9235575283027984,0.8974358974358975,0.10256410256410256,637.2180330129223,9143.0
moving_average,item_15_store_3,46644.11976879801,44061.66350145343,2582.4562673445757,0.0,0.938196571321178,0.9230769230769231,0.07692307692307693,564.8931218135056,8357.0
moving_average,item_15_store_4,44034.28242606396,41024.43502715367,3009.8473989102945,0.0,0.922626030876342,0.8974358974358975,0.10256410256410256,525.9542952199188,7780.0
moving_average,item_15_store_5,31851.10212426968,29460.027959334053,2391.0741649356282,0.0,0.913099248957455,0.8974358974358975,0.10256410256410256,377.69266614530835,5503.0
moving_average,item_15_store_6,32172.871079590208,30202.466390025438,1970.4046895647707,0.0,0.9263262408089449,0.8974358974358975,0.10256410256410256,387.2111075644287,5349.0
moving_average,item_15_store_7,29442.317312679552,27602.193284236062,1840.1240284434903,0.0,0.9256515544063237,0.8974358974358975,0.10256410256410256,353.8742728748213,4950.0
moving_average,item_15_store_8,50477.248488625926,47348.24961863465,3128.998869991276,0.0,0.9297643351292644,0.8974358974358975,0.10256410256410256,607.0288412645467,8910.0
moving_average,item_15_store_9,43766.49572816045,40999.45574884167,2767.0399793187844,0.0,0.9281288317060056,0.9102564102564102,0.08974358974358974,525.6340480620727,7700.0
moving_average,item_16_store_1,10888.202929856508,10222.343992107531,665.8589377489778,0.0,0.9292392202179619,0.8974358974358975,0.10256410256410256,131.05569220650682,1882.0
moving_average,item_16_store_10,13494.25667171111,12927.022824971358,567.2338467397509,0.0,0.9509737383976016,0.9230769230769231,0.07692307692307693,165.73106185860715,2314.0
moving_average,item_16_store_2,15994.693691314627,15195.686175808005,799.0075155066228,0.0,0.9407484230250929,0.9102564102564102,0.08974358974358974,194.81648943343595,2697.0
moving_average,item_16_store_3,14715.106258181926,14002.250157747898,712.8561004340281,0.0,0.9393829846569703,0.9230769230769231,0.07692307692307693,179.51602766343458,2352.0
moving_average,item_16_store_4,12600.154214798704,11809.250121281562,790.9040935171419,0.0,0.9280669310125382,0.8974358974358975,0.10256410256410256,151.40064258053286,2199.0
moving_average,item_16_store_5,9370.164971291406,8868.578493605492,501.58647768591436,0.0,0.9367083308913673,0.9102564102564102,0.08974358974358974,113.69972427699348,1585.0
moving_average,item_16_store_6,9324.522860006402,8796.324690938809,528.1981690675925,0.0,0.9328846036762907,0.9102564102564102,0.08974358974358974,112.77339347357447,1574.0
moving_average,item_16_store_7,8132.867923262238,7592.9965302211895,539.8713930410488,0.0,0.9240152859900002,0.8974358974358975,0.10256410256410256,97.34610936181012,1421.0
moving_average,item_16_store_8,15012.230655792915,14354.025398837814,658.2052569551018,0.0,0.9497744939370392,0.9230769230769231,0.07692307692307693,184.02596665176685,2621.0
moving_average,item_16_store_9,13163.867102182656,12164.218902386787,999.6481997958699,0.0,0.9089158815675745,0.8846153846153846,0.11538461538461539,155.9515243895742,2195.0
moving_average,item_17_store_1,14286.011979248446,13405.0582059889,880.9537732595447,0.0,0.9264031935455687,0.9102564102564102,0.08974358974358974,171.8597205896013,2394.0
moving_average,item_17_store_10,18158.674525850794,17089.939981894604,1068.7345439561886,0.0,0.9292697191293059,0.9102564102564102,0.08974358974358974,219.1017946396744,3022.0
moving_average,item_17_store_2,19789.70874740892,18352.70792881483,1437.0008185940883,0.0,0.9183985906533738,0.8974358974358975,0.10256410256410256,235.29112729249783,3522.0
moving_average,item_17_store_3,17747.7253312511,16800.326257387293,947.3990738638059,0.0,0.9394052399191681,0.9102564102564102,0.08974358974358974,215.38879817163195,3127.0
moving_average,item_17_store_4,17057.046668677096,15945.204608267924,1111.8420604091698,0.0,0.9188732535272405,0.8846153846153846,0.11538461538461539,204.42570010599903,2741.0
moving_average,item_17_store_5,12459.34006182663,11822.691003388732,636.6490584378973,0.0,0.9396541176836116,0.9230769230769231,0.07692307692307693,151.57296158190684,2110.0
moving_average,item_17_store_6,11570.823263155971,10665.415554921947,905.4077082340243,0.0,0.9123091808005788,0.8846153846153846,0.11538461538461539,136.73609685797368,2065.0
moving_average,item_17_store_7,11415.911506817025,10797.297807649451,618.6136991675735,0.0,0.9330504654580548,0.9230769230769231,0.07692307692307693,138.42689496986475,1848.0
moving_average,item_17_store_8,18890.067485550295,17556.40396579217,1333.6635197581234,0.0,0.9168798055619741,0.8974358974358975,0.10256410256410256,225.08210212554064,3209.0
moving_average,item_17_store_9,16320.425674147724,15343.540251309258,976.8854228384657,0.0,0.9295684626648547,0.9102564102564102,0.08974358974358974,196.71205450396485,2774.0
moving_average,item_18_store_1,37144.060349748506,34816.60595945555,2327.4543902929563,0.0,0.9264975717576834,0.8974358974358975,0.10256410256410256,446.3667430699429,6333.0
moving_average,item_18_store_10,44859.06756467585,42002.220854326435,2856.8467103494095,0.0,0.9258250886576812,0.8974358974358975,0.10256410256410256,538.490010952903,7703.0
moving_average,item_18_store_2,52499.8643535602,49238.344475788894,3261.5198777713067,0.0,0.9273198913031464,0.9102564102564102,0.08974358974358974,631.2608266126781,8975.0
moving_average,item_18_store_3,44466.891325875935,42104.031366904324,2362.8599589716114,0.0,0.939738333104524,0.9230769230769231,0.07692307692307693,539.7952739346708,7842.0
moving_average,item_18_store_4,42149.593285752286,39607.11831745879,2542.474968293493,0.0,0.9292971365880565,0.8974358974358975,0.10256410256410256,507.78356817254866,7192.0
moving_average,item_18_store_5,30334.491628077405,27927.73016311181,2406.7614649655943,0.0,0.9083138489536917,0.8717948717948718,0.1282051282051282,358.0478226039976,5250.0
moving_average,item_18_store_6,30181.461364461837,28073.96932054405,2107.492043917789,0.0,0.9187237931385348,0.8974358974358975,0.10256410256410256,359.92268359671857,5186.0
moving_average,item_18_store_7,28021.880232929812,26096.383807173504,1925.4964257563074,0.0,0.9195026577861074,0.8974358974358975,0.10256410256410256,334.5690231688911,4784.0
moving_average,item_18_store_8,49047.64425640008,46338.21701844056,2709.427237959519,0.0,0.9356201202813469,0.9102564102564102,0.08974358974358974,594.0797053646226,8417.0
moving_average,item_18_store_9,43491.85648971457,41290.594501506326,2201.2619882082436,0.0,0.939417586673779,0.9230769230769231,0.07692307692307693,529.366596173158,7267.0
moving_average,item_19_store_1,18084.124020022206,16920.893380201782,1163.2306398204253,0.0,0.9229393415157054,0.8974358974358975,0.10256410256410256,216.93453051540746,3019.0
moving_average,item_19_store_10,21809.599768678734,20467.350545634916,1342.2492230438172,0.0,0.9265727996146708,0.8974358974358975,0.10256410256410256,262.4019300722425,3656.0
moving_average,item_19_store_2,24547.857976072413,22999.648724714076,1548.209251358336,0.0,0.9260115053114296,0.8974358974358975,0.10256410256410256,294.86729134248816,4185.0
moving_average,item_19_store_3,21068.715532013557,19853.85311326221,1214.8624187513485,0.0,0.9331575010315626,0.9102564102564102,0.08974358974358974,254.53657837515652,3635.0
moving_average,item_19_store_4,19918.604042739396,18599.730030549475,1318.8740121899223,0.0,0.9254452226009089,0.8974358974358975,0.10256410256410256,238.45807731473687,3538.0
moving_average,item_19_store_5,14982.225395531672,14105.694895931174,876.5304996004971,0.0,0.9295393489067125,0.9102564102564102,0.08974358974358974,180.84224225552788,2488.0
moving_average,item_19_store_6,15051.970137339884,13983.515720670237,1068.4544166696473,0.0,0.9140076928233685,0.8846153846153846,0.11538461538461539,179.27584257269535,2485.0
moving_average,item_19_store_7,13065.056138779131,12400.276899858925,664.7792389202056,0.0,0.9444628873082536,0.9358974358974359,0.0641025641025641,158.97790897255032,2394.0
moving_average,item_19_store_8,23645.842059510258,22167.28507575184,1478.5569837584194,0.0,0.9282253891379408,0.8974358974358975,0.10256410256410256,284.19596250963895,4120.0
moving_average,item_19_store_9,20603.92361842168,19140.273265830267,1463.6503525914134,0.0,0.9155667520858718,0.8846153846153846,0.11538461538461539,245.38811879269574,3467.0
moving_average,item_1_store_1,9426.595537485922,8838.39167583235,588.2038616535715,0.0,0.9268403157147299,0.8846153846153846,0.11538461538461539,113.31271379272243,1608.0
moving_average,item_1_store_10,11639.364334278638,10982.649604098417,656.7147301802222,0.0,0.9334635531732298,0.9102564102564102,0.08974358974358974,140.80320005254381,1974.0
moving_average,item_1_store_2,13804.030324445137,13188.833269325289,615.197055119848,0.0,0.9464347361671879,0.9230769230769231,0.07692307692307693,169.0876060169909,2297.0
moving_average,item_1_store_3,11957.123625477881,10938.398352599543,1018.7252728783386,0.0,0.902839745075981,0.8717948717948718,0.1282051282051282,140.23587631537876,2097.0
moving_average,item_1_store_4,11438.987859695953,10689.061229929972,749.9266297659815,0.0,0.9183531159753967,0.8974358974358975,0.10256410256410256,137.03924653756374,1837.0
moving_average,item_1_store_5,8198.690397022496,7615.639759453768,583.050637568727,0.0,0.9157441275189702,0.8974358974358975,0.10256410256410256,97.63640717248421,1384.0
moving_average,item_1_store_6,8012.858014238255,7602.98022214028,409.8777920979754,0.0,0.9389608649146723,0.9230769230769231,0.07692307692307693,97.47410541205487,1343.0
moving_average,item_1_store_7,6975.478096063046,6515.485247689145,459.9928483739015,0.0,0.9242810126133495,0.8846153846153846,0.11538461538461539,83.53186214986083,1215.0
moving_average,item_1_store_8,13386.886779019984,12677.657229575045,709.22954944494,0.0,0.9370413182916165,0.9230769230769231,0.07692307692307693,162.5340670458339,2253.0
moving_average,item_1_store_9,11671.530418920514,10996.62816950152,674.9022494189935,0.0,0.9262804752136545,0.9102564102564102,0.08974358974358974,140.98241242950667,1831.0
moving_average,item_20_store_1,19923.78123146347,18321.824278035085,1601.9569534283846,0.0,0.9097489040322037,0.8974358974358975,0.10256410256410256,234.89518305173186,3550.0
moving_average,item_20_store_10,25369.42152006888,23567.95075872869,1801.4707613401913,0.0,0.9168679851711955,0.8846153846153846,0.11538461538461539,302.153214855496,4334.0
moving_average,item_20_store_2,29711.523471662127,28107.902983796084,1603.620487866042,0.0,0.934425659870536,0.9102564102564102,0.08974358974358974,360.35773056148827,4891.0
moving_average,item_20_store_3,26071.7658168137,24561.394905721765,1510.370911091934,0.0,0.9339150771782134,0.9230769230769231,0.07692307692307693,314.88967827848415,4571.0
moving_average,item_20_store_4,22926.10829711236,21647.393271693774,1278.7150254185854,0.0,0.9374864323921493,0.9102564102564102,0.08974358974358974,277.530682970433,4091.0
moving_average,item_20_store_5,17437.357660752696,16324.29553718825,1113.0621235644462,0.0,0.9246403436990897,0.9102564102564102,0.08974358974358974,209.2858402203622,2954.0
moving_average,item_20_store_6,17186.795651777687,16036.879199745828,1149.9164520318607,0.0,0.9249156740429735,0.8974358974358975,0.10256410256410256,205.60101538135677,3063.0
moving_average,item_20_store_7,15886.13380568696,14984.923826734117,901.2099789528435,0.0,0.933268420662507,0.9102564102564102,0.08974358974358974,192.11440803505278,2701.0
moving_average,item_20_store_8,28230.437368907515,26140.906123581804,2089.531245325712,0.0,0.9103782438204713,0.8846153846153846,0.11538461538461539,335.1398220972026,4663.0
moving_average,item_20_store_9,23740.92003252999,22282.493229512664,1458.4268030173275,0.0,0.9293911012821434,0.9102564102564102,0.08974358974358974,285.67299012195724,4131.0
moving_average,item_21_store_1,16908.618663669844,15853.28575692896,1055.3329067408827,0.0,0.929924773788786,0.9102564102564102,0.08974358974358974,203.24725329396102,3012.0
moving_average,item_21_store_10,21541.179495604447,20163.642669922232,1377.5368256822135,0.0,0.9264725473348164,0.8974358974358975,0.10256410256410256,258.50823935797735,3747.0
moving_average,item_21_store_2,23880.078054888378,22092.32755908605,1787.7504958023292,0.0,0.918516385788408,0.8846153846153846,0.11538461538461539,283.2349687062314,4388.0
moving_average,item_21_store_3,21978.836482865114,20578.301365474083,1400.5351173910303,0.0,0.9258387547052671,0.8974358974358975,0.10256410256410256,263.82437648043697,3777.0
moving_average,item_21_store_4,19818.86634993549,18567.86576760398,1251.0005823315128,0.0,0.9253133980697604,0.9102564102564102,0.08974358974358974,238.04956112312794,3350.0
moving_average,item_21_store_5,14772.682283368349,13999.050509070847,773.6317742975024,0.0,0.9373323795627783,0.8974358974358975,0.10256410256410256,179.47500652654932,2469.0
moving_average,item_21_store_6,14280.933976015864,13521.931490601051,759.0024854148129,0.0,0.9378630793766015,0.8974358974358975,0.10256410256410256,173.3580960333468,2443.0
moving_average,item_21_store_7,13140.457159534111,12452.99090793735,687.4662515967611,0.0,0.9414922339066586,0.9230769230769231,0.07692307692307693,159.6537295889404,2350.0
moving_average,item_21_store_8,24171.176423059696,22555.182683085484,1615.9937399742103,0.0,0.9212286746295778,0.8974358974358975,0.10256410256410256,289.1690087575062,4103.0
moving_average,item_21_store_9,19962.162191360185,18896.058851496695,1066.1033398634895,0.0,0.9384289148216293,0.9102564102564102,0.08974358974358974,242.25716476277813,3463.0
moving_average,item_22_store_1,35549.71779646879,33623.64016027136,1926.0776361974251,0.0,0.9350285837005423,0.9230769230769231,0.07692307692307693,431.0723097470687,5929.0
moving_average,item_22_store_10,43116.83112497768,39893.841641521634,3222.989483456048,0.0,0.9124782217662988,0.8846153846153846,0.11538461538461539,511.45950822463635,7365.0
moving_average,item_22_store_2,47903.145073040796,44837.9450613532,3065.2000116875897,0.0,0.9273477124511119,0.8974358974358975,0.10256410256410256,574.8454495045282,8438.0
moving_average,item_22_store_3,43115.031624450356,40764.436682539126,2350.5949419112276,0.0,0.9375340169569166,0.9102564102564102,0.08974358974358974,522.620983109476,7526.0
moving_average,item_22_store_4,40926.101497349344,38058.43716518071,2867.664332168639,0.0,0.9168310808535778,0.8846153846153846,0.11538461538461539,487.92868160488086,6896.0
moving_average,item_22_store_5,28978.35738579382,27136.094366696532,1842.2630190972893,0.0,0.9270101814937682,0.8974358974358975,0.10256410256410256,347.8986457268786,5048.0
moving_average,item_22_store_6,29469.62512320103,27958.638670978427,1510.9864522226007,0.0,0.9397653397559258,0.9230769230769231,0.07692307692307693,358.44408552536447,5017.0
moving_average,item_22_store_7,28371.150828182046,26703.440465971442,1667.7103622106029,0.0,0.9263866536212492,0.9102564102564102,0.08974358974358974,342.3518008457877,4531.0
moving_average,item_22_store_8,46639.18225832347,43635.32072100301,3003.8615373204575,0.0,0.925757253155698,0.8974358974358975,0.10256410256410256,559.4271887308078,8092.0
moving_average,item_22_store_9,41068.40903057123,38678.899509573304,2389.509520997927,0.0,0.9312964485049475,0.9102564102564102,0.08974358974358974,495.8833270458116,6956.0
moving_average,item_23_store_1,12705.085810305209,12119.859797857582,585.2260124476271,0.0,0.94708625565573,0.9230769230769231,0.07692307692307693,155.38281792125105,2212.0
moving_average,item_23_store_10,15708.315472660634,14530.688385282425,1177.6270873782096,0.0,0.9133460568522289,0.8974358974358975,0.10256410256410256,186.29087673439005,2718.0
moving_average,item_23_store_2,17815.026155778098,16845.041172578178,969.9849831999182,0.0,0.9378214754359027,0.9230769230769231,0.07692307692307693,215.96206631510483,3120.0
moving_average,item_23_store_3,16042.063784928612,15116.967183708675,925.0966012199376,0.0,0.9325485525905987,0.9102564102564102,0.08974358974358974,193.80727158600865,2743.0
moving_average,item_23_store_4,15282.66454642631,14293.337860863752,989.3266855625575,0.0,0.9214820090823367,0.8974358974358975,0.10256410256410256,183.24792129312502,2520.0
moving_average,item_23_store_5,10670.43568463736,9896.16848787353,774.2671967638296,0.0,0.9167901991656282,0.8846153846153846,0.11538461538461539,126.87395497273756,1861.0
moving_average,item_23_store_6,11402.894436380258,10599.654365935203,803.2400704450558,0.0,0.9086188770824737,0.8846153846153846,0.11538461538461539,135.89300469147696,1758.0
moving_average,item_23_store_7,9816.046512948336,9328.166478655754,487.8800342925831,0.0,0.9419190435365973,0.9102564102564102,0.08974358974358974,119.59187793148402,1680.0
moving_average,item_23_store_8,17269.942008535778,16152.363047165767,1117.5789613700124,0.0,0.9228457741546418,0.8974358974358975,0.10256410256410256,207.08157752776626,2897.0
moving_average,item_23_store_9,14435.350519109958,13441.91160573652,993.4389133734368,0.0,0.923345762856988,0.8974358974358975,0.10256410256410256,172.33220007354515,2592.0
moving_average,item_24_store_1,29117.406533933437,27546.709855513433,1570.696678420004,0.0,0.93475818573541,0.9102564102564102,0.08974358974358974,353.1629468655568,4815.0
moving_average,item_24_store_10,35101.84742517415,32358.63179269615,2743.215632478,0.0,0.9106735385060892,0.8846153846153846,0.11538461538461539,414.85425375251475,6142.0
moving_average,item_24_store_2,40689.49866845961,38012.026660687196,2677.4720077724146,0.0,0.9244185742336651,0.8974358974358975,0.10256410256410256,487.33367513701535,7085.0
moving_average,item_24_store_3,36063.556477862505,33827.3504363522,2236.2060415103033,0.0,0.9270405859213604,0.9102564102564102,0.08974358974358974,433.68397995323335,6130.0
moving_average,item_24_store_4,32572.241912448742,30404.54886092978,2167.6930515189624,0.0,0.9236189904327357,0.8974358974358975,0.10256410256410256,389.8019084734587,5676.0
moving_average,item_24_store_5,23954.37703094376,22736.194203546584,1218.182827397178,0.0,0.9400057706280632,0.9230769230769231,0.07692307692307693,291.48966927623826,4061.0
moving_average,item_24_store_6,23887.525752250396,22585.546541445307,1301.9792108050915,0.0,0.9370872572696259,0.9230769230769231,0.07692307692307693,289.55828899288855,4139.0
moving_average,item_24_store_7,21502.731101551748,19892.420443842668,1610.3106577090803,0.0,0.9143223911833424,0.8846153846153846,0.11538461538461539,255.03103133131626,3759.0
moving_average,item_24_store_8,38961.189241629596,36559.006506238984,2402.18273539061,0.0,0.9280568213420003,0.8974358974358975,0.10256410256410256,468.7052116184485,6678.0
moving_average,item_24_store_9,33029.164559192104,30944.518567219016,2084.6459919730896,0.0,0.9263896189275039,0.9102564102564102,0.08974358974358974,396.72459701562843,5664.0
moving_average,item_25_store_1,35061.59195384257,32848.265406881495,2213.3265469610797,0.0,0.9257771111012381,0.8974358974358975,0.10256410256410256,421.13160778053197,5964.0
moving_average,item_25_store_10,42298.077617352945,39816.32845329213,2481.7491640608123,0.0,0.9328349346668251,0.9102564102564102,0.08974358974358974,510.4657494011812,7390.0
moving_average,item_25_store_2,48977.59255672872,46042.65425089698,2934.9383058317435,0.0,0.9305668723484328,0.9102564102564102,0.08974358974358974,590.2904391140638,8454.0
moving_average,item_25_store_3,42026.77101545463,38716.09239472014,3310.678620734494,0.0,0.9114673453473862,0.8846153846153846,0.11538461538461539,496.3601589066684,7479.0
moving_average,item_25_store_4,40772.83500992353,38562.30744395438,2210.527565969156,0.0,0.9352510964859649,0.9230769230769231,0.07692307692307693,494.3885569737741,6828.0
moving_average,item_25_store_5,29833.14441636462,28040.90729272067,1792.2371236439506,0.0,0.9274397925650223,0.9102564102564102,0.08974358974358974,359.49881144513677,4940.0
moving_average,item_25_store_6,29408.426008392937,27776.035531337548,1632.3904770553906,0.0,0.935248295237787,0.9230769230769231,0.07692307692307693,356.10301963253266,5042.0
moving_average,item_25_store_7,26494.600446351036,24408.154377641025,2086.446068710012,0.0,0.9103952729778823,0.8846153846153846,0.11538461538461539,312.9250561236029,4657.0
moving_average,item_25_store_8,47115.75921947858,44916.80695403814,2198.9522654404445,0.0,0.9454624934166557,0.9230769230769231,0.07692307692307693,575.8564994107454,8064.0
moving_average,item_25_store_9,40769.92173126209,38472.40516951315,2297.516561748944,0.0,0.9341968620435646,0.9102564102564102,0.08974358974358974,493.23596371170703,6983.0
moving_average,item_26_store_1,21108.285340383227,20042.659310190607,1065.6260301926209,0.0,0.9403344887910067,0.9230769230769231,0.07692307692307693,256.95717064346934,3572.0
moving_average,item_26_store_10,26030.46315971404,24989.275862841696,1041.1872968723424,0.0,0.9508177941959215,0.9230769230769231,0.07692307692307693,320.37533157489355,4234.0
moving_average,item_26_store_2,27678.55308570078,25745.91248555227,1932.64060014851,0.0,0.9230330306591592,0.8974358974358975,0.10256410256410256,330.07580109682397,5022.0
moving_average,item_26_store_3,26063.599900633595,24333.239185266437,1730.3607153671596,0.0,0.9194619169016914,0.8974358974358975,0.10256410256410256,311.9646049393133,4297.0
moving_average,item_26_store_4,24618.5422721227,23275.27849139099,1343.2637807317121,0.0,0.9348562666958432,0.9102564102564102,0.08974358974358974,298.4010062998845,4124.0
moving_average,item_26_store_5,17704.955864866562,16766.353862700373,938.6020021661915,0.0,0.9365809457995816,0.9230769230769231,0.07692307692307693,214.95325465000477,2960.0
moving_average,item_26_store_6,16736.27798949725,15997.374094244646,738.9038952526033,0.0,0.9509522804346098,0.9358974358974359,0.0641025641025641,205.09453966980314,3013.0
moving_average,item_26_store_7,15688.214886189959,14558.526701710678,1129.6881844792813,0.0,0.9186689572009156,0.8974358974358975,0.10256410256410256,186.64777822705997,2778.0
moving_average,item_26_store_8,27449.83392666751,25374.64275789108,2075.1911687764277,0.0,0.9154880403674841,0.8846153846153846,0.11538461538461539,325.3159327934754,4911.0
moving_average,item_26_store_9,23725.57120928682,22333.14876222394,1392.422447062881,0.0,0.9321266172526015,0.9102564102564102,0.08974358974358974,286.32242002851206,4103.0
moving_average,item_27_store_1,9190.431245582886,8717.066725340508,473.3645202423773,0.0,0.9422373983840905,0.9102564102564102,0.08974358974358974,111.7572657094937,1639.0
moving_average,item_27_store_10,11890.951428436785,10869.978767718929,1020.9726607178555,0.0,0.9014029299161898,0.8717948717948718,0.1282051282051282,139.35870215024266,2071.0
moving_average,item_27_store_2,14200.670166945081,13259.49815522493,941.172011720152,0.0,0.9177656608370334,0.8974358974358975,0.10256410256410256,169.9935660926273,2289.0
moving_average,item_27_store_3,12050.70775720907,11296.755294214707,753.9524629943622,0.0,0.9244157931835226,0.8974358974358975,0.10256410256410256,144.83019607967572,1995.0
moving_average,item_27_store_4,11220.593814889247,10599.867926817991,620.7258880712567,0.0,0.9341754095364522,0.9102564102564102,0.08974358974358974,135.8957426515127,1886.0
moving_average,item_27_store_5,7986.307276760635,7444.443648421592,541.8636283390435,0.0,0.9200201286584437,0.9102564102564102,0.08974358974358974,95.44158523617426,1355.0
moving_average,item_27_store_6,8031.688953357469,7679.618087934699,352.07086542276954,0.0,0.950412554165807,0.9358974358974359,0.0641025641025641,98.45664215300897,1420.0
moving_average,item_27_store_7,7525.276688149549,7123.476665725421,401.8000224241277,0.0,0.9326968136643001,0.9102564102564102,0.08974358974358974,91.32662391955668,1194.0
moving_average,item_27_store_8,12702.695121103854,11904.348985993245,798.3461351106098,0.0,0.9237855718271494,0.8974358974358975,0.10256410256410256,152.6198587947852,2095.0
moving_average,item_27_store_9,11767.000430886335,11088.292497094691,678.7079337916441,0.0,0.9286321836181236,0.9102564102564102,0.08974358974358974,142.1575961165986,1902.0
moving_average,item_28_store_1,36812.04703114369,34677.92987045495,2134.117160688736,0.0,0.9356515253825196,0.9230769230769231,0.07692307692307693,444.5888444930122,6633.0
moving_average,item_28_store_10,46583.53805232971,43700.252805317636,2883.2852470120793,0.0,0.9284633358885478,0.8974358974358975,0.10256410256410256,560.2596513502261,8061.0
moving_average,item_28_store_2,54740.530826022434,51665.014224370985,3075.5166016514454,0.0,0.9330317560881558,0.9102564102564102,0.08974358974358974,662.3719772355255,9185.0
moving_average,item_28_store_3,47010.01280928367,44244.68283581584,2765.3299734678285,0.0,0.9329047683254197,0.9102564102564102,0.08974358974358974,567.2395235361005,8243.0
moving_average,item_28_store_4,44960.88283459007,42097.96360690009,2862.9192276899767,0.0,0.9234206439029029,0.9102564102564102,0.08974358974358974,539.7174821397448,7477.0
moving_average,item_28_store_5,31940.61682856195,29742.14891297483,2198.4679155871218,0.0,0.9180898690168733,0.8846153846153846,0.11538461538461539,381.30960144839526,5368.0
moving_average,item_28_store_6,31179.529978765677,29305.70026149563,1873.829717270047,0.0,0.9312103628021275,0.9102564102564102,0.08974358974358974,375.7141059166106,5448.0
moving_average,item_28_store_7,29209.433915562964,27711.986259483245,1497.4476560797177,0.0,0.9395946891456347,0.9102564102564102,0.08974358974358974,355.2818751215801,4958.0
moving_average,item_28_store_8,52802.505267928645,50046.684413451905,2755.820854476742,0.0,0.9380923092333653,0.9230769230769231,0.07692307692307693,641.6241591468194,8903.0
moving_average,item_28_store_9,46001.73986233096,43480.00752816737,2521.732334163587,0.0,0.933664807729486,0.9230769230769231,0.07692307692307693,557.4359939508637,7603.0
moving_average,item_29_store_1,29421.4969874956,27294.12314228813,2127.3738452074713,0.0,0.9186783698315187,0.8846153846153846,0.11538461538461539,349.9246556703606,5232.0
moving_average,item_29_store_10,36286.11336438299,34116.14930183546,2169.9640625475276,0.0,0.9315144685956279,0.9102564102564102,0.08974358974358974,437.386529510711,6337.0
moving_average,item_29_store_2,42015.93222013602,39498.783574468485,2517.14864566753,0.0,0.9306379541011979,0.9102564102564102,0.08974358974358974,506.3946612111344,7258.0
moving_average,item_29_store_3,38975.190374729194,36614.32207593368,2360.868298795517,0.0,0.9281537340597834,0.9102564102564102,0.08974358974358974,469.4143855888933,6572.0
moving_average,item_29_store_4,36065.41083229278,33578.00201958667,2487.4088127061086,0.0,0.9170310602833186,0.8974358974358975,0.10256410256410256,430.48720537931626,5996.0
moving_average,item_29_store_5,25624.826749785647,24439.889917464316,1184.936832321331,0.0,0.9446032336455665,0.9230769230769231,0.07692307692307693,313.3319220187733,4278.0
moving_average,item_29_store_6,26167.558847945504,24771.014747946156,1396.5440999993489,0.0,0.9334662172463388,0.9102564102564102,0.08974358974358974,317.57711215315584,4198.0
moving_average,item_29_store_7,22493.946747043985,21084.4818623111,1409.4648847328858,0.0,0.9287068849401676,0.9102564102564102,0.08974358974358974,270.31387002962947,3954.0
moving_average,item_29_store_8,41904.301528158525,38905.52071635521,2998.780811803315,0.0,0.9146497563169683,0.8846153846153846,0.11538461538461539,498.7887271327591,7027.0
moving_average,item_29_store_9,34848.9177123632,32586.88395639813,2262.0337559650725,0.0,0.9261617837125813,0.8974358974358975,0.10256410256410256,417.7805635435658,6127.0
moving_average,item_2_store_1,24569.885185827734,22887.641346950306,1682.2438388774265,0.0,0.923551745563398,0.8846153846153846,0.11538461538461539,293.43129931987573,4401.0
moving_average,item_2_store_10,31134.421986209065,28939.440370243272,2194.981615965793,0.0,0.9187795886784165,0.8974358974358975,0.10256410256410256,371.0184662851702,5405.0
moving_average,item_2_store_2,35704.95566950324,33523.890639991725,2181.065029511514,0.0,0.9282898231296559,0.8974358974358975,0.10256410256410256,429.7934697434836,6083.0
moving_average,item_2_store_3,31799.370606309356,29732.236850809204,2067.1337555001537,0.0,0.9227528491965563,0.8974358974358975,0.10256410256410256,381.18252372832313,5352.0
moving_average,item_2_store_4,30392.401994499687,28399.349503267666,1993.052491232022,0.0,0.9203575428079113,0.8974358974358975,0.10256410256410256,364.0942244008675,5005.0
moving_average,item_2_store_5,21711.007753066715,20081.932759403477,1629.0749936632387,0.0,0.9086329223969019,0.8717948717948718,0.1282051282051282,257.46067640260867,3566.0
moving_average,item_2_store_6,20642.911080327016,19381.694598530765,1261.216481796252,0.0,0.9318445565092541,0.9102564102564102,0.08974358974358974,248.48326408372776,3701.0
moving_average,item_2_store_7,20130.660730732194,18866.25647493073,1264.4042558014626,0.0,0.9229491617427507,0.9102564102564102,0.08974358974358974,241.87508301193245,3282.0
moving_average,item_2_store_8,33785.77627529631,31621.76701487074,2164.0092604255724,0.0,0.9257374996422246,0.9102564102564102,0.08974358974358974,405.40726942141976,5828.0
moving_average,item_2_store_9,29433.323633194395,27606.557711501304,1826.7659216930917,0.0,0.9285023122625014,0.9102564102564102,0.08974358974358974,353.93022707052955,5110.0
moving_average,item_30_store_1,17250.90168465956,16122.348103610428,1128.5535810491297,0.0,0.9252365961544134,0.8974358974358975,0.10256410256410256,206.69677055910805,3019.0
moving_average,item_30_store_10,21378.352764738087,20177.405224655653,1200.9475400824335,0.0,0.9352414375798095,0.9230769230769231,0.07692307692307693,258.68468236738016,3709.0
moving_average,item_30_store_2,25085.773732202542,23625.54352441723,1460.2302077853124,0.0,0.9293037904727518,0.9102564102564102,0.08974358974358974,302.8915836463747,4131.0
moving_average,item_30_store_3,22040.734325117115,20605.886011496143,1434.848313620971,0.0,0.9250144597010206,0.8974358974358975,0.10256410256410256,264.17802578841207,3827.0
moving_average,item_30_store_4,19520.961290272164,18014.636188245706,1506.3251020264597,0.0,0.9115746931595855,0.8846153846153846,0.11538461538461539,230.9568742082783,3407.0
moving_average,item_30_store_5,14724.474714360904,14037.702157355707,686.7725570051971,0.0,0.9443232625046456,0.9230769230769231,0.07692307692307693,179.9705404789193,2467.0
moving_average,item_30_store_6,14736.845902050616,13593.421743314922,1143.424158735694,0.0,0.908599187950784,0.8846153846153846,0.11538461538461539,174.2746377348067,2502.0
moving_average,item_30_store_7,13375.089474403767,12586.766727914814,788.3227464889541,0.0,0.9303601814055694,0.8974358974358975,0.10256410256410256,161.36880420403608,2264.0
moving_average,item_30_store_8,23786.175592481188,22531.42385098995,1254.7517414912375,0.0,0.9364521781974557,0.9102564102564102,0.08974358974358974,288.864408346025,3949.0
moving_average,item_30_store_9,20399.544352191762,19002.381774577712,1397.1625776140495,0.0,0.9201393210852216,0.8846153846153846,0.11538461538461539,243.6202791612527,3499.0
moving_average,item_31_store_1,26004.313444181415,24686.795602241542,1317.5178419398742,0.0,0.9405988348990137,0.9102564102564102,0.08974358974358974,316.4973795159172,4436.0
moving_average,item_31_store_10,31270.30164958091,29434.887929461092,1835.413720119817,0.0,0.9295967119248247,0.9102564102564102,0.08974358974358974,377.370358070014,5214.0
moving_average,item_31_store_2,35243.75790903115,33022.37591567909,2221.381993352061,0.0,0.928927147869075,0.9102564102564102,0.08974358974358974,423.3637937907576,6251.0
moving_average,item_31_store_3,31436.81785543624,29697.46353639114,1739.3543190450976,0.0,0.9360060956937051,0.9102564102564102,0.08974358974358974,380.7367120050146,5436.0
moving_average,item_31_store_4,28117.668283796316,25832.174484800107,2285.4937989962073,0.0,0.9093597541544236,0.8846153846153846,0.11538461538461539,331.1817241641039,5043.0
moving_average,item_31_store_5,21441.382858582198,20077.52891517295,1363.8539434092509,0.0,0.9252068032130929,0.8974358974358975,0.10256410256410256,257.4042168611916,3647.0
moving_average,item_31_store_6,22371.364932819226,21211.505179644613,1159.8597531746118,0.0,0.9354198355693423,0.9102564102564102,0.08974358974358974,271.94237409800786,3592.0
moving_average,item_31_store_7,21009.331051840807,20161.57172801598,847.759323824825,0.0,0.9499699425302552,0.9358974358974359,0.0641025641025641,258.4816888207177,3389.0
moving_average,item_31_store_8,33572.59279060424,31117.551061062866,2455.0417295413727,0.0,0.9168205410963451,0.8974358974358975,0.10256410256410256,398.9429623213188,5903.0
moving_average,item_31_store_9,28499.84203804444,26309.264539255902,2190.577498788538,0.0,0.914397127831632,0.8846153846153846,0.11538461538461539,337.2982633237936,5118.0
moving_average,item_32_store_1,19765.122026483263,18602.147460676395,1162.9745658068691,0.0,0.9295593842636664,0.9102564102564102,0.08974358974358974,238.48907000867172,3302.0
moving_average,item_32_store_10,22857.900161967635,21432.51095330083,1425.3892086668054,0.0,0.9295756319828653,0.8974358974358975,0.10256410256410256,274.77578145257473,4048.0
moving_average,item_32_store_2,28280.13916586602,26324.29072994779,1955.8484359182341,0.0,0.9175269476736988,0.8974358974358975,0.10256410256410256,337.49090679420243,4743.0
moving_average,item_32_store_3,24561.20326747547,23152.578428537898,1408.6248389375714,0.0,0.932310195149564,0.9102564102564102,0.08974358974358974,296.82792857099867,4162.0
moving_average,item_32_store_4,22314.783245540133,20993.235884952595,1321.5473605875366,0.0,0.9307909211527867,0.9102564102564102,0.08974358974358974,269.14404980708457,3819.0
moving_average,item_32_store_5,16260.286341324145,15350.81236587902,909.4739754451263,0.0,0.9341914634265466,0.9102564102564102,0.08974358974358974,196.8052867420387,2764.0
moving_average,item_32_store_6,16805.4489529624,16034.45033391267,770.9986190497301,0.0,0.9431626524843545,0.9230769230769231,0.07692307692307693,205.56987607580345,2713.0
moving_average,item_32_store_7,14841.032275561553,14012.387130923102,828.6451446384501,0.0,0.9340513215568286,0.9230769230769231,0.07692307692307693,179.64598885798847,2513.0
moving_average,item_32_store_8,24652.20727281404,23516.267191998217,1135.9400808158227,0.0,0.9483076186204404,0.9230769230769231,0.07692307692307693,301.49060502561815,4395.0
moving_average,item_32_store_9,21729.08942349149,20449.103856317208,1279.9855671742796,0.0,0.9321682264348553,0.9102564102564102,0.08974358974358974,262.1679981579129,3774.0
moving_average,item_33_store_1,30148.10414696142,27966.400551354694,2181.7035956067284,0.0,0.9151583279950718,0.8974358974358975,0.10256410256410256,358.5435968122397,5143.0
moving_average,item_33_store_10,37624.07462431297,35580.84809090421,2043.2265334087538,0.0,0.9352589818311549,0.9230769230769231,0.07692307692307693,456.1647191141566,6312.0
moving_average,item_33_store_2,43218.005094150154,40473.97018330648,2744.0349108436703,0.0,0.9240930868369662,0.9102564102564102,0.08974358974358974,518.8970536321344,7230.0
moving_average,item_33_store_3,37157.46274432905,34558.48488615033,2598.9778581787255,0.0,0.920129752360826,0.8974358974358975,0.10256410256410256,443.0574985403888,6508.0
moving_average,item_33_store_4,34482.76877430862,32296.306055128487,2186.4627191801333,0.0,0.9269474534186389,0.8974358974358975,0.10256410256410256,414.0552058349806,5986.0
moving_average,item_33_store_5,25161.282519235203,23804.89243546602,1356.3900837691847,0.0,0.9361999019863978,0.9102564102564102,0.08974358974358974,305.19092865982077,4252.0
moving_average,item_33_store_6,24787.54888461697,23331.235976174943,1456.3129084420245,0.0,0.9333800133375104,0.9102564102564102,0.08974358974358974,299.1184099509608,4372.0
moving_average,item_33_store_7,22247.348211118275,20951.22586755783,1296.1223435604427,0.0,0.9334980839630354,0.9102564102564102,0.08974358974358974,268.605459840485,3898.0
moving_average,item_33_store_8,41119.601264575394,38762.21091532343,2357.390349251965,0.0,0.9322686295287469,0.9102564102564102,0.08974358974358974,496.95142199132596,6961.0
moving_average,item_33_store_9,34539.18782995362,32357.49341210137,2181.694417852252,0.0,0.9277345340227807,0.8974358974358975,0.10256410256410256,414.8396591295047,6038.0
moving_average,item_34_store_1,11436.791008541555,10653.588380161624,783.2026283799316,0.0,0.9175576180652704,0.8846153846153846,0.11538461538461539,136.5844664123285,1900.0
moving_average,item_34_store_10,14025.954447622695,13238.250435820635,787.7040118020602,0.0,0.9302608223282814,0.9102564102564102,0.08974358974358974,169.72115943359788,2259.0
moving_average,item_34_store_2,15477.154269810693,14096.235064769851,1380.919205040841,0.0,0.903263102974372,0.8846153846153846,0.11538461538461539,180.72096236884425,2855.0
moving_average,item_34_store_3,14260.579475122026,13468.388399722233,792.1910753997935,0.0,0.9342852695645132,0.9102564102564102,0.08974358974358974,172.67164615028503,2411.0
moving_average,item_34_store_4,12666.873985236596,11699.240635603735,967.6333496328607,0.0,0.914254909204,0.8846153846153846,0.11538461538461539,149.99026455902225,2257.0
moving_average,item_34_store_5,9422.656154611928,8926.963961011936,495.69219359999295,0.0,0.9396233625334965,0.9230769230769231,0.07692307692307693,114.44825591040943,1642.0
moving_average,item_34_store_6,9486.983469773595,8935.845992825745,551.1374769478499,0.0,0.932000311295762,0.9102564102564102,0.08974358974358974,114.56212811315058,1621.0
moving_average,item_34_store_7,8382.410826356345,8029.632382113775,352.77844424256926,0.0,0.9509007036544789,0.9230769230769231,0.07692307692307693,102.94400489889455,1437.0
moving_average,item_34_store_8,15068.21158178051,14059.112004495608,1009.0995772849027,0.0,0.9215624114042049,0.8974358974358975,0.10256410256410256,180.24502569866164,2573.0
moving_average,item_34_store_9,12748.533168736267,11814.419580746595,934.1135879896711,0.0,0.9172618611169469,0.8717948717948718,0.1282051282051282,151.46691770187942,2258.0
moving_average,item_35_store_1,27335.33952459642,25537.70305513208,1797.6364694643428,0.0,0.9272064600338392,0.8974358974358975,0.10256410256410256,327.40644942477024,4939.0
moving_average,item_35_store_10,36060.7376096111,33596.01602517413,2464.721584436961,0.0,0.9184811779580963,0.8846153846153846,0.11538461538461539,430.71815416889916,6047.0
moving_average,item_35_store_2,40860.143552329,38401.73640842661,2458.407143902391,0.0,0.9284618901818015,0.9102564102564102,0.08974358974358974,492.32995395418726,6873.0
moving_average,item_35_store_3,34390.35593010145,31731.513325897104,2658.8426042043457,0.0,0.9121043767205175,0.8846153846153846,0.11538461538461539,406.81427340893725,6050.0
moving_average,item_35_store_4,32956.233352467025,31023.169990721897,1933.0633617451304,0.0,0.9314394977213999,0.8974358974358975,0.10256410256410256,397.7329485989987,5639.0
moving_average,item_35_store_5,23984.466453033016,22538.2776241263,1446.1888289067144,0.0,0.9298477405332662,0.9102564102564102,0.08974358974358974,288.9522772323885,4123.0
moving_average,item_35_store_6,23120.032698439994,21647.00189676605,1473.0308016739434,0.0,0.9265504461892823,0.9102564102564102,0.08974358974358974,277.5256653431545,4011.0
moving_average,item_35_store_7,21092.395561357698,19476.181807414676,1616.213753943021,0.0,0.9142592172974525,0.8717948717948718,0.1282051282051282,249.69463855659842,3770.0
moving_average,item_35_store_8,38440.80189409804,35967.04711144325,2473.754782654788,0.0,0.9258466791770148,0.9102564102564102,0.08974358974358974,461.1159886082468,6672.0
moving_average,item_35_store_9,33444.88345805363,31194.104813161714,2250.778644891916,0.0,0.9211636201438909,0.8974358974358975,0.10256410256410256,399.92442068156043,5710.0
moving_average,item_36_store_1,33329.51111577645,31162.428667303087,2167.0824484733603,0.0,0.922576547035607,0.8974358974358975,0.10256410256410256,399.51831624747547,5598.0
moving_average,item_36_store_10,40390.65674537085,38270.55947076031,2120.0972746105367,0.0,0.9401440633932655,0.9102564102564102,0.08974358974358974,490.6481983430809,7084.0
moving_average,item_36_store_2,47588.101196263095,44850.041319435244,2738.059876827849,0.0,0.9329317850134023,0.9102564102564102,0.08974358974358974,575.0005297363493,8165.0
moving_average,item_36_store_3,42500.41220263585,40087.55846534539,2412.8537372904602,0.0,0.9323751755243704,0.9102564102564102,0.08974358974358974,513.9430572480178,7136.0
moving_average,item_36_store_4,38961.62634456724,36241.18090653944,2720.4454380277966,0.0,0.9178981307370516,0.8974358974358975,0.10256410256410256,464.63052444281334,6627.0
moving_average,item_36_store_5,27424.595869134333,25357.432939300816,2067.1629298335156,0.0,0.9143322449302314,0.8846153846153846,0.11538461538461539,325.0952940936002,4826.0
moving_average,item_36_store_6,27703.516389364486,26357.788702377013,1345.7276869874727,0.0,0.9441954100357671,0.9102564102564102,0.08974358974358974,337.92036797919246,4823.0
moving_average,item_36_store_7,25747.73560476896,24231.863126564927,1515.8724782040326,0.0,0.9325379404448584,0.9102564102564102,0.08974358974358974,310.6649118790375,4494.0
moving_average,item_36_store_8,44499.82146152755,41412.64345160857,3087.17800991898,0.0,0.9221490856154588,0.8974358974358975,0.10256410256410256,530.931326302674,7931.0
moving_average,item_36_store_9,37493.86647897102,34925.27757571655,2568.588903254462,0.0,0.9216893627056566,0.8974358974358975,0.10256410256410256,447.75996891944294,6560.0
moving_average,item_37_store_1,13180.095569389458,12429.594792828155,750.5007765613027,0.0,0.9320813776867599,0.9102564102564102,0.08974358974358974,159.35377939523275,2210.0
moving_average,item_37_store_10,15778.392554264006,14644.219920396159,1134.1726338678468,0.0,0.915328657419347,0.8974358974358975,0.10256410256410256,187.7464092358482,2679.0
moving_average,item_37_store_2,16987.71600774519,15819.866091411295,1167.849916333898,0.0,0.9242884981307035,0.8846153846153846,0.11538461538461539,202.81879604373455,3085.0
moving_average,item_37_store_3,16125.839978314076,15303.551816890547,822.2881614235285,0.0,0.939157368744097,0.9230769230769231,0.07692307692307693,196.19938226782753,2703.0
moving_average,item_37_store_4,15413.276025908914,14383.303226277005,1029.9727996319093,0.0,0.9185470304759265,0.8974358974358975,0.10256410256410256,184.40132341380775,2529.0
moving_average,item_37_store_5,10598.14195553226,10167.212532059453,430.9294234728077,0.0,0.9508352055364737,0.9358974358974359,0.0641025641025641,130.34887861614683,1753.0
moving_average,item_37_store_6,11052.427059366517,10111.928302774777,940.4987565917401,0.0,0.8981041433811766,0.8717948717948718,0.1282051282051282,129.64010644583047,1846.0
moving_average,item_37_store_7,9707.497401045814,9105.79356977661,601.7038312692032,0.0,0.9253932013305389,0.9102564102564102,0.08974358974358974,116.74094320226423,1613.0
moving_average,item_37_store_8,17541.091032603385,16273.039930016706,1268.051102586678,0.0,0.9153221300442953,0.8846153846153846,0.11538461538461539,208.62871705149624,2995.0
moving_average,item_37_store_9,15263.199508465923,14520.275951239044,742.9235572268789,0.0,0.9437817966532819,0.9230769230769231,0.07692307692307693,186.15738399024414,2643.0
moving_average,item_38_store_1,35219.288122435886,32966.923407908456,2252.364714527431,0.0,0.9249086609592455,0.8974358974358975,0.10256410256410256,422.65286420395455,5999.0
moving_average,item_38_store_10,42638.56471882212,39258.654786896135,3379.9099319259835,0.0,0.9092641629013158,0.8846153846153846,0.11538461538461539,503.3160870114889,7450.0
moving_average,item_38_store_2,50415.13206495678,47295.616295638196,3119.515769318583,0.0,0.9267461366838422,0.8974358974358975,0.10256410256410256,606.3540550722846,8517.0
moving_average,item_38_store_3,43600.31525255174,41246.53950096579,2353.775751585955,0.0,0.938213000352121,0.9230769230769231,0.07692307692307693,528.8017884739204,7619.0
moving_average,item_38_store_4,40512.49753751185,37872.71792033449,2639.77961717736,0.0,0.923217579488733,0.8974358974358975,0.10256410256410256,485.547665645314,6876.0
moving_average,item_38_store_5,28591.83497166217,26633.481814871582,1958.353156790588,0.0,0.9216345275393921,0.8974358974358975,0.10256410256410256,341.45489506245616,4998.0
moving_average,item_38_store_6,29070.153626961066,27554.13143458542,1516.022192375649,0.0,0.9395284326934324,0.9102564102564102,0.08974358974358974,353.2580953151977,5014.0
moving_average,item_38_store_7,27016.23730036755,25396.670033251474,1619.5672671160764,0.0,0.9295687207168482,0.8974358974358975,0.10256410256410256,325.5983337596343,4599.0
moving_average,item_38_store_8,47451.217510581555,44220.00001983791,3231.217490743642,0.0,0.922289141636757,0.8974358974358975,0.10256410256410256,566.9230771774091,8316.0
moving_average,item_38_store_9,40648.35504787366,38458.33767141523,2190.017376458426,0.0,0.9373385586134928,0.9230769230769231,0.07692307692307693,493.05561117199017,6990.0
moving_average,item_39_store_1,19229.180624583063,18018.692375050232,1210.4882495328316,0.0,0.9260544746772857,0.9102564102564102,0.08974358974358974,231.0088766032081,3274.0
moving_average,item_39_store_10,24094.235225193795,22492.10406831092,1602.131156882876,0.0,0.9231775997658654,0.9102564102564102,0.08974358974358974,288.3603085680887,4171.0
moving_average,item_39_store_2,26554.42738278996,24856.517840513538,1697.9095422764203,0.0,0.9248878769176545,0.9102564102564102,0.08974358974358974,318.6733056476095,4521.0
moving_average,item_39_store_3,23587.733834757204,22082.56874747802,1505.1650872791845,0.0,0.9263977952430718,0.8974358974358975,0.10256410256410256,283.1098557368977,4090.0
moving_average,item_39_store_4,22101.809071874133,20667.596700998394,1434.2123708757379,0.0,0.925086844038875,0.9102564102564102,0.08974358974358974,264.9691884743384,3829.0
moving_average,item_39_store_5,17281.46692796766,16683.801777706554,597.6651502611065,0.0,0.9547394812373262,0.9358974358974359,0.0641025641025641,213.89489458598146,2641.0
moving_average,item_39_store_6,15121.530745957856,13992.685470381755,1128.8452755761004,0.0,0.9184360350017269,0.8974358974358975,0.10256410256410256,179.39340346643277,2768.0
moving_average,item_39_store_7,14952.466653517657,14118.616942969331,833.8497105483259,0.0,0.9320692700164298,0.9102564102564102,0.08974358974358974,181.00790952524784,2455.0
moving_average,item_39_store_8,25047.19934108349,23188.036709355856,1859.1626317276337,0.0,0.9176268218109157,0.8974358974358975,0.10256410256410256,297.2825219148187,4514.0
moving_average,item_39_store_9,22534.228846164824,21424.269136491388,1109.9597096734346,0.0,0.942800324160091,0.9230769230769231,0.07692307692307693,274.67011713450495,3881.0
moving_average,item_3_store_1,15768.12379357003,14761.791751559582,1006.332042010448,0.0,0.9249845663801379,0.8846153846153846,0.11538461538461539,189.25374040461003,2683.0
moving_average,item_3_store_10,20211.416215221103,19376.763571994998,834.6526432261044,0.0,0.9506997848064912,0.9358974358974359,0.0641025641025641,248.42004579480766,3386.0
moving_average,item_3_store_2,21378.816696538735,19647.48847445527,1731.328222083465,0.0,0.9140993191722419,0.8846153846153846,0.11538461538461539,251.89087787763165,4031.0
moving_average,item_3_store_3,19470.5737889484,17959.30019468083,1511.2735942675715,0.0,0.9122118156103647,0.8974358974358975,0.10256410256410256,230.24743839334397,3443.0
moving_average,item_3_store_4,18881.885517391504,17796.764310772014,1085.121206619491,0.0,0.9291002151833067,0.9102564102564102,0.08974358974358974,228.1636450098976,3061.0
moving_average,item_3_store_5,12895.679101316015,12201.406038929776,694.2730623862383,0.0,0.9402775860312914,0.9230769230769231,0.07692307692307693,156.42828255038174,2325.0
moving_average,item_3_store_6,13458.962398025931,12775.838304694931,683.1240933310007,0.0,0.9407010335650171,0.9230769230769231,0.07692307692307693,163.79279877814014,2304.0
moving_average,item_3_store_7,12689.586765749777,11941.633833178048,747.9529325717277,0.0,0.9314747656828468,0.8974358974358975,0.10256410256410256,153.0978696561288,2183.0
moving_average,item_3_store_8,20837.605018396407,19541.993283863252,1295.611734533154,0.0,0.9301180294210812,0.8974358974358975,0.10256410256410256,250.53837543414426,3708.0
moving_average,item_3_store_9,17860.890019729704,16686.81445168744,1174.0755680422626,0.0,0.9265743859886014,0.8974358974358975,0.10256410256410256,213.93351861137745,3198.0
moving_average,item_40_store_1,12918.504282724292,12314.887535252723,603.6167474715694,0.0,0.9430281503094319,0.9230769230769231,0.07692307692307693,157.88317352888106,2119.0
moving_average,item_40_store_10,14659.160335462719,13552.128199073104,1107.0321363896153,0.0,0.9175087826833371,0.8974358974358975,0.10256410256410256,173.74523332145006,2684.0
moving_average,item_40_store_2,18407.386089492815,17594.46136074636,812.9247287464545,0.0,0.9470407342836186,0.9358974358974359,0.0641025641025641,225.57001744546616,3070.0
moving_average,item_40_store_3,15967.36848885105,15038.123509102736,929.2449797483152,0.0,0.9309111539220585,0.8974358974358975,0.10256410256410256,192.79645524490687,2690.0
moving_average,item_40_store_4,14651.897968797173,13682.543888404904,969.354080392269,0.0,0.923732959843252,0.8974358974358975,0.10256410256410256,175.4172293385244,2542.0
moving_average,item_40_store_5,10477.897098329742,10048.898640874757,428.9984574549851,0.0,0.9528054502249741,0.9358974358974359,0.0641025641025641,128.83203385736869,1818.0
moving_average,item_40_store_6,11480.70224514373,10860.064484937293,620.6377602064365,0.0,0.9349095164964408,0.9230769230769231,0.07692307692307693,139.23159596073452,1907.0
moving_average,item_40_store_7,10123.09782970719,9580.051721011423,543.0461086957669,0.0,0.9358859375801929,0.9230769230769231,0.07692307692307693,122.82117591040286,1694.0
moving_average,item_40_store_8,17285.559501365584,16540.52728990536,745.0322114602244,0.0,0.9497448761240995,0.9230769230769231,0.07692307692307693,212.05804217827384,2965.0
moving_average,item_40_store_9,14844.575509971877,13916.671950955904,927.9035590159725,0.0,0.9281808390854511,0.9102564102564102,0.08974358974358974,178.41887116610133,2584.0
moving_average,item_41_store_1,9114.374375555743,8317.62440721539,796.7499683403523,0.0,0.9012089313899129,0.8717948717948718,0.1282051282051282,106.63621034891526,1613.0
moving_average,item_41_store_10,11291.544876128239,10444.135814724052,847.4090614041868,0.0,0.9166346225868975,0.8846153846153846,0.11538461538461539,133.89917711184683,2033.0
moving_average,item_41_store_2,12833.703524949507,11933.160716379583,900.5428085699242,0.0,0.9225006188838276,0.8846153846153846,0.11538461538461539,152.98923995358442,2324.0
moving_average,item_41_store_3,12090.983693131257,11561.63107492002,529.3526182112364,0.0,0.9475108955665607,0.9230769230769231,0.07692307692307693,148.22603942205154,2017.0
moving_average,item_41_store_4,10676.55263263245,9633.24525302469,1043.30737960776,0.0,0.8905238846161847,0.8717948717948718,0.1282051282051282,123.5031442695473,1906.0
moving_average,item_41_store_5,8231.818875508176,7781.521246721871,450.2976287863052,0.0,0.9325396810807033,0.8974358974358975,0.10256410256410256,99.76309290669064,1335.0
moving_average,item_41_store_6,7481.27746969677,7076.199685039219,405.0777846575511,0.0,0.9396307325398583,0.9230769230769231,0.07692307692307693,90.72050878255409,1342.0
moving_average,item_41_store_7,7124.001963658646,6748.977600851471,375.0243628071749,0.0,0.9375999396327497,0.8974358974358975,0.10256410256410256,86.52535385707014,1202.0
moving_average,item_41_store_8,12937.086062246597,12109.131749515387,827.9543127312098,0.0,0.9259763690003389,0.8974358974358975,0.10256410256410256,155.24527883994085,2237.0
moving_average,item_41_store_9,10522.036397832695,9937.530417005055,584.5059808276394,0.0,0.9385377517531399,0.9102564102564102,0.08974358974358974,127.40423611544942,1902.0
moving_average,item_42_store_1,16027.871118561206,15257.78002577853,770.0910927826772,0.0,0.9425305154639794,0.9230769230769231,0.07692307692307693,195.61256443305805,2680.0
moving_average,item_42_store_10,19932.769902635326,18661.069413940895,1271.700488694429,0.0,0.9224099762846597,0.8974358974358975,0.10256410256410256,239.24447966590893,3278.0
moving_average,item_42_store_2,21612.493950300126,19897.85617786637,1714.637772433753,0.0,0.9111356427865378,0.8717948717948718,0.1282051282051282,255.10072022905604,3859.0
moving_average,item_42_store_3,19655.766302782104,18392.599599469726,1263.1667033123786,0.0,0.9266240660289062,0.8974358974358975,0.10256410256410256,235.8025589675606,3443.0
moving_average,item_42_store_4,18703.168796495484,17778.3979335581,924.7708629373852,0.0,0.9410222663942994,0.9230769230769231,0.07692307692307693,227.92817863536024,3136.0
moving_average,item_42_store_5,14034.057790661584,13087.960176517869,946.0976141437146,0.0,0.916606644852912,0.8846153846153846,0.11538461538461539,167.79436123740857,2269.0
moving_average,item_42_store_6,13424.527789317413,12491.16539136982,933.3623979475948,0.0,0.9164776377675531,0.8846153846153846,0.11538461538461539,160.14314604320282,2235.0
moving_average,item_42_store_7,11827.241014019988,10990.85804699421,836.3829670257775,0.0,0.9228428997208693,0.8846153846153846,0.11538461538461539,140.90843649992576,2168.0
moving_average,item_42_store_8,20760.57036917402,19360.692291308584,1399.8780778654377,0.0,0.9250199208427725,0.9102564102564102,0.08974358974358974,248.21400373472542,3734.0
moving_average,item_42_store_9,17739.95835233232,16670.479008792503,1069.4793435398185,0.0,0.931178935422148,0.8974358974358975,0.10256410256410256,213.72408985631415,3108.0
moving_average,item_43_store_1,22830.934670193048,21616.739797761194,1214.194872431854,0.0,0.9357058579596582,0.9102564102564102,0.08974358974358974,277.13768971488713,3777.0
moving_average,item_43_store_10,27215.472229803912,25477.254549815883,1738.217679988029,0.0,0.9276496283043484,0.9102564102564102,0.08974358974358974,326.6314685873831,4805.0
moving_average,item_43_store_2,31571.785242946964,29615.826011168523,1955.9592317784416,0.0,0.9292600639501467,0.9102564102564102,0.08974358974358974,379.69007706626314,5530.0
moving_average,item_43_store_3,27457.061396169596,25417.598263246455,2039.4631329231424,0.0,0.914613224495577,0.8974358974358975,0.10256410256410256,325.8666444005956,4777.0
moving_average,item_43_store_4,26578.19882900977,25079.027555069883,1499.171273939886,0.0,0.933473651034396,0.9102564102564102,0.08974358974358974,321.5259942957677,4507.0
moving_average,item_43_store_5,18712.195152972618,17337.37603749717,1374.8191154754459,0.0,0.9147927415261577,0.8846153846153846,0.11538461538461539,222.27405176278424,3227.0
moving_average,item_43_store_6,19644.713232128313,18622.34177940308,1022.3714527252338,0.0,0.937026704482585,0.9102564102564102,0.08974358974358974,238.7479715308087,3247.0
moving_average,item_43_store_7,16954.600573469983,15894.510821032807,1060.0897524371771,0.0,0.9271666264213551,0.9102564102564102,0.08974358974358974,203.77577975683087,2911.0
moving_average,item_43_store_8,29455.95719985235,27830.531142602966,1625.4260572493843,0.0,0.9370965148123304,0.9230769230769231,0.07692307692307693,356.8016813154226,5168.0
moving_average,item_43_store_9,26157.709665761093,24228.62378511696,1929.0858806441304,0.0,0.9112655988664154,0.8974358974358975,0.10256410256410256,310.62338186047384,4348.0
moving_average,item_44_store_1,13074.402356423034,12381.067851120397,693.3345053026375,0.0,0.9382879835066632,0.9102564102564102,0.08974358974358974,158.73163911692816,2247.0
moving_average,item_44_store_10,16121.887012554906,15359.374778966641,762.5122335882651,0.0,0.9436844731471,0.9102564102564102,0.08974358974358974,196.9150612688031,2708.0
moving_average,item_44_store_2,18524.787527611443,17015.25889098754,1509.5286366239002,0.0,0.9022009305718238,0.8717948717948718,0.1282051282051282,218.14434475625052,3087.0
moving_average,item_44_store_3,16358.08582853571,15562.7523080061,795.3335205296099,0.0,0.9417977665181405,0.9230769230769231,0.07692307692307693,199.5224654872577,2733.0
moving_average,item_44_store_4,14174.268179640972,13046.981107828942,1127.2870718120298,0.0,0.910886397485215,0.8846153846153846,0.11538461538461539,167.2689885619095,2530.0
moving_average,item_44_store_5,10730.251269385748,10160.33458690483,569.9166824809183,0.0,0.9352367406271683,0.8974358974358975,0.10256410256410256,130.2606998321132,1760.0
moving_average,item_44_store_6,10600.217111346083,9951.257003941468,648.9601074046146,0.0,0.9302193432898265,0.9102564102564102,0.08974358974358974,127.58021799924958,1860.0
moving_average,item_44_store_7,10022.543127366402,9303.683118840003,718.860008526399,0.0,0.9122806578979379,0.8846153846153846,0.11538461538461539,119.27798870307696,1639.0
moving_average,item_44_store_8,17272.35249592148,16124.058342616663,1148.2941533048183,0.0,0.9231138832738655,0.8846153846153846,0.11538461538461539,206.71869670021363,2987.0
moving_average,item_44_store_9,15172.281259073694,14120.956829664903,1051.3244294087906,0.0,0.9149413892064084,0.8846153846153846,0.11538461538461539,181.03790807262698,2472.0
moving_average,item_45_store_1,34709.21822026437,32510.869934226004,2198.348286038365,0.0,0.9257690938362869,0.9102564102564102,0.08974358974358974,416.8060247977693,5923.0
moving_average,item_45_store_10,42458.717863299185,39626.25231413333,2832.465549165853,0.0,0.9236737928007045,0.8974358974358975,0.10256410256410256,508.0288758222222,7422.0
moving_average,item_45_store_2,47693.82728246392,44465.20213801978,3228.6251444441427,0.0,0.9247143489694732,0.8974358974358975,0.10256410256410256,570.0666940771766,8577.0
moving_average,item_45_store_3,44070.79290577749,41603.382069428764,2467.410836348721,0.0,0.9335735405478874,0.9102564102564102,0.08974358974358974,533.3766931978047,7429.0
moving_average,item_45_store_4,41403.09410235034,38881.347381003,2521.746721347341,0.0,0.9275880338450153,0.9102564102564102,0.08974358974358974,498.4788125769615,6965.0
moving_average,item_45_store_5,29743.068061329413,28116.238804105855,1626.8292572235578,0.0,0.9362277829391,0.8974358974358975,0.10256410256410256,360.4646000526392,5102.0
moving_average,item_45_store_6,30307.04396329176,28658.672782099333,1648.3711811924263,0.0,0.9333048277890987,0.9102564102564102,0.08974358974358974,367.41888182178633,4943.0
moving_average,item_45_store_7,27843.336085882074,26128.519486800014,1714.816599082061,0.0,0.9250025541621666,0.8974358974358975,0.10256410256410256,334.98101906153863,4573.0
moving_average,item_45_store_8,47486.161560827975,44746.51065386052,2739.6509069674594,0.0,0.9305274272355152,0.9102564102564102,0.08974358974358974,573.6732135110323,7887.0
moving_average,item_45_store_9,41541.29028660517,39019.685216284095,2521.6050703210803,0.0,0.9280979449580531,0.9102564102564102,0.08974358974358974,500.2523745677448,7014.0
moving_average,item_46_store_1,24989.842732524936,23571.008654228353,1418.8340782965827,0.0,0.9352574000320976,0.9102564102564102,0.08974358974358974,302.19241864395326,4383.0
moving_average,item_46_store_10,30460.709411795535,28738.59695524268,1722.1124565528544,0.0,0.9355858441536243,0.9102564102564102,0.08974358974358974,368.44355070823946,5347.0
moving_average,item_46_store_2,35839.56775522952,33929.58270085737,1909.985054372146,0.0,0.9385263902680352,0.9230769230769231,0.07692307692307693,434.9946500109919,6214.0
moving_average,item_46_store_3,31801.71510900219,29474.6452874245,2327.0698215776893,0.0,0.91609627468622,0.8846153846153846,0.11538461538461539,377.8800677874936,5547.0
moving_average,item_46_store_4,29029.87005104604,26913.48240325311,2116.3876477929284,0.0,0.915715346563404,0.8974358974358975,0.10256410256410256,345.0446461955527,5022.0
moving_average,item_46_store_5,21481.47770092509,19976.640693504585,1504.837007420504,0.0,0.9173620534090882,0.8974358974358975,0.10256410256410256,256.1107781218537,3642.0
moving_average,item_46_store_6,21376.38170800309,20153.06897584043,1223.3127321626591,0.0,0.9330242139522223,0.9102564102564102,0.08974358974358974,258.3726791774414,3653.0
moving_average,item_46_store_7,19941.84623067392,18871.237522740852,1070.608707933069,0.0,0.9372812707713492,0.9230769230769231,0.07692307692307693,241.9389425992417,3414.0
moving_average,item_46_store_8,33823.400052355944,31342.93052979627,2480.4695225596743,0.0,0.9171658199178603,0.8974358974358975,0.10256410256410256,401.83244268969577,5989.0
moving_average,item_46_store_9,29605.9424033233,27720.808627987688,1885.1337753356142,0.0,0.9254150830727749,0.8974358974358975,0.10256410256410256,355.3949824100986,5055.0
moving_average,item_47_store_1,9569.730292960056,9063.462383156042,506.26790980401296,0.0,0.9381468650208903,0.9230769230769231,0.07692307692307693,116.19823568148772,1637.0
moving_average,item_47_store_10,11528.04413801462,10826.61353741213,701.430600602491,0.0,0.9309275627176277,0.9102564102564102,0.08974358974358974,138.80273765912986,2031.0
moving_average,item_47_store_2,13454.277664106154,12304.950927932929,1149.326736173225,0.0,0.8994464797748709,0.8717948717948718,0.1282051282051282,157.75578112734524,2286.0
moving_average,item_47_store_3,11534.18002849873,10570.575482549177,963.6045459495529,0.0,0.9067629853943345,0.8846153846153846,0.11538461538461539,135.5201984942202,2067.0
moving_average,item_47_store_4,10969.995064064418,10256.08279863471,713.9122654297082,0.0,0.9248117677272556,0.9102564102564102,0.08974358974358974,131.48824100813732,1899.0
moving_average,item_47_store_5,8017.94306707963,7353.610828448134,664.3322386314956,0.0,0.9056346251943898,0.8846153846153846,0.11538461538461539,94.2770619031812,1408.0
moving_average,item_47_store_6,7453.622300310297,6738.461186487326,715.1611138229705,0.0,0.8904806870102648,0.8717948717948718,0.1282051282051282,86.39052803188879,1306.0
moving_average,item_47_store_7,7625.906101477008,7205.28655998214,420.6195414948681,0.0,0.9334988867201789,0.9230769230769231,0.07692307692307693,92.37546871771974,1265.0
moving_average,item_47_store_8,12872.433280324605,12076.106275550295,796.3270047743094,0.0,0.9280319019634605,0.9102564102564102,0.08974358974358974,154.82187532756788,2213.0
moving_average,item_47_store_9,10885.654755287578,10252.099337449206,633.5554178383725,0.0,0.9336938338212064,0.9230769230769231,0.07692307692307693,131.43717099293855,1911.0
moving_average,item_48_store_1,23056.09118682332,21751.410893583245,1304.680293240076,0.0,0.9308228900721063,0.9102564102564102,0.08974358974358974,278.8642422254262,3772.0
moving_average,item_48_store_10,27249.77024323796,25460.255717983193,1789.514525254766,0.0,0.9243654046806945,0.8974358974358975,0.10256410256410256,326.4135348459384,4732.0
moving_average,item_48_store_2,31279.323719088654,28941.31557745655,2338.0081416321036,0.0,0.9145464860514582,0.8974358974358975,0.10256410256410256,371.0425074032891,5472.0
moving_average,item_48_store_3,27472.171547884245,25801.397719786055,1670.7738280981903,0.0,0.9309882764106489,0.9102564102564102,0.08974358974358974,330.7871502536674,4842.0
moving_average,item_48_store_4,25372.80273459622,23936.664420449204,1436.138314147014,0.0,0.9344827411429282,0.9230769230769231,0.07692307692307693,306.8803130826821,4384.0
moving_average,item_48_store_5,18363.58448706704,16963.58943307644,1399.9950539906024,0.0,0.9150230619732563,0.8846153846153846,0.11538461538461539,217.48191580867228,3295.0
moving_average,item_48_store_6,18693.028591129227,17469.347769136,1223.6808219932288,0.0,0.9250425223893887,0.8974358974358975,0.10256410256410256,223.9659970402051,3265.0
moving_average,item_48_store_7,16827.71404594859,15692.628443842303,1135.0856021062862,0.0,0.9247290714783629,0.9102564102564102,0.08974358974358974,201.1875441518244,3016.0
moving_average,item_48_store_8,29783.21407907246,28139.696109402612,1643.517969669847,0.0,0.9366048999163029,0.9230769230769231,0.07692307692307693,360.76533473593094,5185.0
moving_average,item_48_store_9,25026.98425197327,23076.05575773092,1950.9284942423517,0.0,0.9123965651440344,0.8846153846153846,0.11538461538461539,295.8468686888579,4454.0
moving_average,item_49_store_1,12937.618600220574,12109.150124015365,828.4684762052098,0.0,0.9254639247678623,0.9102564102564102,0.08974358974358974,155.24551441045338,2223.0
moving_average,item_49_store_10,15720.51061244933,15026.957621390906,693.552991058425,0.0,0.9458584706433704,0.9230769230769231,0.07692307692307693,192.65330283834496,2562.0
moving_average,item_49_store_2,17723.822946528577,16752.465278593943,971.3576679346329,0.0,0.9370882339420574,0.9102564102564102,0.08974358974358974,214.77519587940952,3088.0
moving_average,item_49_store_3,15730.743680755813,14802.752975254529,927.9907055012853,0.0,0.9297774721527593,0.9102564102564102,0.08974358974358974,189.77888429813498,2643.0
moving_average,item_49_store_4,14897.412455235517,14004.795474609034,892.6169806264829,0.0,0.927576715567831,0.9102564102564102,0.08974358974358974,179.54865993088507,2465.0
moving_average,item_49_store_5,11198.413124811588,10792.18392373471,406.2292010768775,0.0,0.9558925948885041,0.9230769230769231,0.07692307692307693,138.3613323555732,1842.0
moving_average,item_49_store_6,11015.098084153402,10502.946647928426,512.1514362249764,0.0,0.9423901646541084,0.9102564102564102,0.08974358974358974,134.65316215292853,1778.0
moving_average,item_49_store_7,9930.089814819721,9316.491418026986,613.5983967927348,0.0,0.925033793916587,0.8974358974358975,0.10256410256410256,119.44219766701265,1637.0
moving_average,item_49_store_8,18013.11284110649,17116.92487553111,896.1879655753802,0.0,0.9381512791183313,0.9230769230769231,0.07692307692307693,219.4477548145014,2898.0
moving_average,item_49_store_9,14777.68765798768,13946.351682772725,831.3359752149546,0.0,0.9340732771439371,0.9102564102564102,0.08974358974358974,178.79938054836828,2522.0
moving_average,item_4_store_1,9136.783335565084,8803.707625865805,333.07570969927866,0.0,0.9581036843145562,0.9358974358974359,0.0641025641025641,112.86804648545905,1590.0
moving_average,item_4_store_10,12045.625806382992,11235.588655882333,810.0371505006592,0.0,0.9189152001500842,0.8974358974358975,0.10256410256410256,144.04600840874787,1998.0
moving_average,item_4_store_2,12990.08808932247,12024.068359163968,966.019730158502,0.0,0.9173989114870883,0.8974358974358975,0.10256410256410256,154.1547225533842,2339.0
moving_average,item_4_store_3,11487.689147726182,10656.086003283692,831.6031444424891,0.0,0.9175405905361934,0.8846153846153846,0.11538461538461539,136.6164872215858,2017.0
moving_average,item_4_store_4,11014.570100768757,10263.870345860447,750.6997549083101,0.0,0.9226481447801844,0.8974358974358975,0.10256410256410256,131.58808135718522,1941.0
moving_average,item_4_store_5,8085.107001606676,7498.134910929371,586.9720906773057,0.0,0.9154827803200424,0.8974358974358975,0.10256410256410256,96.12993475550475,1389.0
moving_average,item_4_store_6,8447.042713496383,7828.990107123659,618.0526063727248,0.0,0.9101667723295459,0.8717948717948718,0.1282051282051282,100.37166804004691,1376.0
moving_average,item_4_store_7,7084.291034836237,6788.502983273697,295.78805156253907,0.0,0.9522151774535478,0.9230769230769231,0.07692307692307693,87.03208952914997,1238.0
moving_average,item_4_store_8,13046.128183223993,12526.357884880206,519.7702983437866,0.0,0.9515817141738439,0.9230769230769231,0.07692307692307693,160.59433185743853,2147.0
moving_average,item_4_store_9,11109.621903592406,10398.476005243916,711.1458983484897,0.0,0.9267614934759537,0.9102564102564102,0.08974358974358974,133.31379493902458,1942.0
moving_average,item_50_store_1,28578.08197872483,26651.1700451521,1926.9119335727305,0.0,0.9203426236637979,0.8974358974358975,0.10256410256410256,341.68166724553976,4838.0
moving_average,item_50_store_10,35703.42271778402,33515.443069983965,2187.9796478000535,0.0,0.9265532175965071,0.8974358974358975,0.10256410256410256,429.685167563897,5958.0
moving_average,item_50_store_2,40889.61751683906,38729.39149330176,2160.2260235373046,0.0,0.937897771351522,0.9230769230769231,0.07692307692307693,496.5306601705354,6957.0
moving_average,item_50_store_3,35026.22210983057,32800.66878130916,2225.553328521403,0.0,0.9273762986287681,0.9102564102564102,0.08974358974358974,420.5213946321688,6129.0
moving_average,item_50_store_4,31716.327640855714,29946.312650133805,1770.0149907219077,0.0,0.9360428187634361,0.9102564102564102,0.08974358974358974,383.9270852581257,5535.0
moving_average,item_50_store_5,24381.555930481834,22940.1381362878,1441.4177941940347,0.0,0.9298238659107091,0.8974358974358975,0.10256410256410256,294.10433508061277,4108.0
moving_average,item_50_store_6,23407.31449354925,21856.391811761256,1550.922681787993,0.0,0.9230120287025072,0.9102564102564102,0.08974358974358974,280.2101514328366,4029.0
moving_average,item_50_store_7,21320.004139124238,20337.058858684763,982.9452804394737,0.0,0.9474922392927632,0.9230769230769231,0.07692307692307693,260.7315238292918,3744.0
moving_average,item_50_store_8,38600.13654272892,36114.852250101605,2485.284292627316,0.0,0.9237525911143637,0.8974358974358975,0.10256410256410256,463.0109262833539,6519.0
moving_average,item_50_store_9,32613.94070738618,30556.78923558224,2057.1514718039407,0.0,0.9264251977180279,0.8974358974358975,0.10256410256410256,391.75370814849026,5592.0
moving_average,item_5_store_1,7903.064010109246,7484.360491195015,418.7035189142307,0.0,0.937178766854579,0.9102564102564102,0.08974358974358974,95.95333963070532,1333.0
moving_average,item_5_store_10,9687.337963775508,9006.030289584225,681.3076741912823,0.0,0.9189883859463398,0.8846153846153846,0.11538461538461539,115.46192678954135,1682.0
moving_average,item_5_store_2,10893.113710661473,10045.345815599645,847.767895061829,0.0,0.9124206719977449,0.8846153846153846,0.11538461538461539,128.78648481538008,1936.0
moving_average,item_5_store_3,10032.19598442634,9050.332427381303,981.8635570450368,0.0,0.8889294618727334,0.8589743589743589,0.14102564102564102,116.02990291514492,1768.0
moving_average,item_5_store_4,9363.632092943404,8747.794638038647,615.8374549047571,0.0,0.9193402154676152,0.8717948717948718,0.1282051282051282,112.15121330818779,1527.0
moving_average,item_5_store_5,6549.870016459008,6074.46574445221,475.4042720067983,0.0,0.9190111972731179,0.8974358974358975,0.10256410256410256,77.87776595451551,1174.0
moving_average,item_5_store_6,6396.325488192962,5886.197531781445,510.1279564115177,0.0,0.9130957484818538,0.8717948717948718,0.1282051282051282,75.46407092027493,1174.0
moving_average,item_5_store_7,5690.39068858964,5183.295548245921,507.0951403437195,0.0,0.9042313238255487,0.8846153846153846,0.11538461538461539,66.45250702879386,1059.0
moving_average,item_5_store_8,11100.941276213707,10495.23931281626,605.7019633974473,0.0,0.9382251949620146,0.9230769230769231,0.07692307692307693,134.55435016431102,1961.0
moving_average,item_5_store_9,9132.505951670611,8557.323732721592,575.1822189490201,0.0,0.925687051815372,0.9102564102564102,0.08974358974358974,109.7092786246358,1548.0
moving_average,item_6_store_1,24323.11119763903,22420.475838913153,1902.635358725879,0.0,0.9136931114209172,0.8717948717948718,0.1282051282051282,287.441997934784,4409.0
moving_average,item_6_store_10,30600.301646025375,27920.42944062151,2679.8722054038662,0.0,0.9003950118786892,0.8717948717948718,0.1282051282051282,357.95422359771163,5381.0
moving_average,item_6_store_2,34781.84190294478,32382.3883490131,2399.453553931681,0.0,0.9206792213576304,0.8974358974358975,0.10256410256410256,415.15882498734743,6050.0
moving_average,item_6_store_3,32178.655761848444,30093.94723155863,2084.708530289811,0.0,0.9229455357497761,0.8974358974358975,0.10256410256410256,385.81983630203376,5411.0
moving_average,item_6_store_4,28714.007315125196,26625.88634842865,2088.120966696549,0.0,0.914840091080891,0.8846153846153846,0.11538461538461539,341.3575172875468,4904.0
moving_average,item_6_store_5,21501.421785729144,20119.979710844258,1381.442074884888,0.0,0.924054861193794,0.8974358974358975,0.10256410256410256,257.94845783133667,3638.0
moving_average,item_6_store_6,20463.78330458715,19042.855924974025,1420.9273796131224,0.0,0.9232553400154944,0.8974358974358975,0.10256410256410256,244.139178525308,3703.0
moving_average,item_6_store_7,18757.56035138914,17532.620350802914,1224.9400005862271,0.0,0.9263415513778577,0.8974358974358975,0.10256410256410256,224.77718398465274,3326.0
moving_average,item_6_store_8,33849.90091511232,31902.827114998316,1947.073800114,0.0,0.9334106087512313,0.9102564102564102,0.08974358974358974,409.01060403843996,5848.0
moving_average,item_6_store_9,29725.899695298074,27735.398208238385,1990.5014870596904,0.0,0.921401718181256,0.8974358974358975,0.10256410256410256,355.5820283107485,5065.0
moving_average,item_7_store_1,25009.684635137524,23574.381188727544,1435.3034464099796,0.0,0.9334274839327468,0.9102564102564102,0.08974358974358974,302.23565626573776,4312.0
moving_average,item_7_store_10,31804.987269578036,29756.930395654148,2048.056873923887,0.0,0.9223485545431701,0.8974358974358975,0.10256410256410256,381.49910763659165,5275.0
moving_average,item_7_store_2,35739.342040077354,33803.62754948863,1935.7144905887253,0.0,0.93677235046256,0.9230769230769231,0.07692307692307693,433.3798403780593,6123.0
moving_average,item_7_store_3,31260.305685787338,29227.698342529977,2032.6073432573594,0.0,0.9259253883652566,0.9102564102564102,0.08974358974358974,374.71408131448686,5488.0
moving_average,item_7_store_4,29242.28829325694,27583.687742576934,1658.6005506800052,0.0,0.933761958838658,0.9102564102564102,0.08974358974358974,353.6370223407299,5008.0
moving_average,item_7_store_5,21684.164207388592,20552.26962165596,1131.894585732631,0.0,0.9385007016716854,0.9102564102564102,0.08974358974358974,263.4906361750764,3681.0
moving_average,item_7_store_6,21307.251807114357,20050.780784998828,1256.4710221155303,0.0,0.9294711747339024,0.8974358974358975,0.10256410256410256,257.0612921153696,3563.0
moving_average,item_7_store_7,19374.81643565203,18201.915208294904,1172.9012273571248,0.0,0.930863470241254,0.9230769230769231,0.07692307692307693,233.3578872858321,3393.0
moving_average,item_7_store_8,32880.551158358576,30837.426767738245,2043.1243906203304,0.0,0.9320430936098343,0.8974358974358975,0.10256410256410256,395.3516252274134,6013.0
moving_average,item_7_store_9,29303.512748327626,27279.72915260388,2023.7835957237462,0.0,0.9191618296095968,0.8974358974358975,0.10256410256410256,349.74011734107535,5007.0
moving_average,item_8_store_1,33672.92338065292,31386.945660768848,2285.977719884071,0.0,0.9204046754915016,0.8974358974358975,0.10256410256410256,402.39673924062623,5744.0
moving_average,item_8_store_10,42414.82928791878,39966.6537394959,2448.17554842288,0.0,0.9308620291323672,0.9102564102564102,0.08974358974358974,512.3929966602038,7082.0
moving_average,item_8_store_2,46847.2685871514,43767.95368225026,3079.3149049011367,0.0,0.9243783176595988,0.8974358974358975,0.10256410256410256,561.1276113109008,8144.0
moving_average,item_8_store_3,41733.55467957524,39153.56117651294,2579.993503062292,0.0,0.927963325336806,0.8974358974358975,0.10256410256410256,501.96873303221724,7163.0
moving_average,item_8_store_4,38709.58500531981,35970.47299538556,2739.1120099342506,0.0,0.9187568735003929,0.8974358974358975,0.10256410256410256,461.1599101972507,6743.0
moving_average,item_8_store_5,27673.789398931178,25932.464773889715,1741.3246250414647,0.0,0.9267889583753851,0.8974358974358975,0.10256410256410256,332.4674971011502,4757.0
moving_average,item_8_store_6,28198.28348899336,26711.53551832483,1486.74797066853,0.0,0.9383092128353308,0.9230769230769231,0.07692307692307693,342.45558356826706,4820.0
moving_average,item_8_store_7,24857.519265475577,23207.937309067293,1649.5819564082842,0.0,0.9237363866662838,0.8846153846153846,0.11538461538461539,297.537657808555,4326.0
moving_average,item_8_store_8,44777.051200171765,42243.59011381775,2533.4610863540147,0.0,0.9362731458595394,0.9102564102564102,0.08974358974358974,541.5844886386891,7951.0
moving_average,item_8_store_9,37967.4738947513,35555.59352957835,2411.880365172956,0.0,0.9281322894763719,0.8974358974358975,0.10256410256410256,455.84094268690194,6712.0
moving_average,item_9_store_1,21832.206419221817,20491.260100396645,1340.9463188251725,0.0,0.9270431817831789,0.8974358974358975,0.10256410256410256,262.708462825598,3676.0
moving_average,item_9_store_10,27173.17573899687,25609.888668252508,1563.2870707443612,0.0,0.9327329143397434,0.9102564102564102,0.08974358974358974,328.3319060032373,4648.0
moving_average,item_9_store_2,30580.728090688077,28772.979995937785,1807.7480947502909,0.0,0.9321033579436511,0.9102564102564102,0.08974358974358974,368.8843589222793,5325.0
moving_average,item_9_store_3,27229.57416505414,25147.868849359926,2081.7053156942143,0.0,0.9111142051368823,0.8846153846153846,0.11538461538461539,322.4085749917939,4684.0
moving_average,item_9_store_4,25939.985013828875,24306.797748608027,1633.1872652208483,0.0,0.9260499313914037,0.9102564102564102,0.08974358974358974,311.62561216164136,4417.0
moving_average,item_9_store_5,18293.193572039112,17241.94512602901,1051.2484460101018,0.0,0.9338837455339558,0.9102564102564102,0.08974358974358974,221.0505785388335,3180.0
moving_average,item_9_store_6,19082.79393357397,17834.52389679205,1248.27003678192,0.0,0.9205176671899447,0.8974358974358975,0.10256410256410256,228.64774226656473,3141.0
moving_average,item_9_store_7,17069.741357761475,16284.305876864884,785.4354808965923,0.0,0.9471443148790988,0.9358974358974359,0.0641025641025641,208.77315226749852,2972.0
moving_average,item_9_store_8,29170.445030271512,27442.677206427317,1727.7678238441945,0.0,0.9337893150471662,0.9230769230769231,0.07692307692307693,351.8291949541964,5219.0
moving_average,item_9_store_9,24911.445942194536,23508.369775059175,1403.0761671353616,0.0,0.9362817362790482,0.9230769230769231,0.07692307692307693,301.38935609050225,4404.0
exp_smoothing,item_10_store_1,30310.918889086748,28221.726414088644,2089.192474998106,0.0,0.9237799170011635,0.9102564102564102,0.08974358974358974,361.81700530882875,5482.0
exp_smoothing,item_10_store_10,37399.786641930616,34724.40890338258,2675.3777385480325,0.0,0.9192704363745313,0.8846153846153846,0.11538461538461539,445.1847295305459,6628.0
exp_smoothing,item_10_store_2,42163.44885380547,38697.20943810809,3466.2394156973787,0.0,0.9102475552641798,0.8717948717948718,0.1282051282051282,496.11806971933447,7724.0
exp_smoothing,item_10_store_3,38403.87059983238,35720.618305829565,2683.252294002813,0.0,0.9224045027760899,0.8974358974358975,0.10256410256410256,457.9566449465329,6916.0
exp_smoothing,item_10_store_4,35309.516628940044,32630.753080449955,2678.763548490092,0.0,0.9158283252634692,0.8974358974358975,0.10256410256410256,418.34298821089686,6365.0
exp_smoothing,item_10_store_5,24945.024330881388,23155.26002539225,1789.7643054891364,0.0,0.9222855273343841,0.8974358974358975,0.10256410256410256,296.8623080178494,4606.0
exp_smoothing,item_10_store_6,24994.54352014039,23147.77475601017,1846.7687641302166,0.0,0.9188768388258196,0.8974358974358975,0.10256410256410256,296.7663430257714,4553.0
exp_smoothing,item_10_store_7,23242.696089618978,21980.544128721132,1262.1519608978456,0.0,0.9385365492623401,0.9102564102564102,0.08974358974358974,281.8018478041171,4107.0
exp_smoothing,item_10_store_8,40412.90779333756,37351.08465599648,3061.823137341081,0.0,0.91774820316075,0.8846153846153846,0.11538461538461539,478.86005969226255,7445.0
exp_smoothing,item_10_store_9,34509.020684938325,32146.30825735304,2362.7124275852875,0.0,0.9263378822264914,0.8974358974358975,0.10256410256410256,412.1321571455518,6415.0
exp_smoothing,item_11_store_1,28015.568503115453,26146.039832832754,1869.5286702827002,0.0,0.9282330644805107,0.8974358974358975,0.10256410256410256,335.2056388824712,5210.0
exp_smoothing,item_11_store_10,36197.24472899468,33505.72625758283,2691.5184714118495,0.0,0.9181162618980271,0.8974358974358975,0.10256410256410256,429.5605930459337,6574.0
exp_smoothing,item_11_store_2,41483.596040595,38379.97161291048,3103.6244276845264,0.0,0.9161975313167402,0.8846153846153846,0.11538461538461539,492.0509181142369,7407.0
exp_smoothing,item_11_store_3,37124.07950376848,34856.40040198125,2267.67910178723,0.0,0.9303110294472271,0.9102564102564102,0.08974358974358974,446.87692823052885,6508.0
exp_smoothing,item_11_store_4,33843.87149936755,31362.164690196583,2481.706809170968,0.0,0.9186058770360456,0.8974358974358975,0.10256410256410256,402.0790344896998,6098.0
exp_smoothing,item_11_store_5,23994.801067609154,22547.476551840955,1447.3245157682004,0.0,0.9332722675994375,0.9102564102564102,0.08974358974358974,289.07021220308917,4338.0
exp_smoothing,item_11_store_6,23176.52783579049,21426.37186563503,1750.155970155461,0.0,0.9185973967369553,0.8846153846153846,0.11538461538461539,274.6970752004491,4300.0
exp_smoothing,item_11_store_7,21477.786782221556,19955.36952901083,1522.4172532107268,0.0,0.9238601023650549,0.8974358974358975,0.10256410256410256,255.83807088475422,3999.0
exp_smoothing,item_11_store_8,37204.77064762444,34228.50569260196,2976.264955022482,0.0,0.9165377185916298,0.8974358974358975,0.10256410256410256,438.8269960589995,7132.0
exp_smoothing,item_11_store_9,31624.346510682924,28728.56718264895,2895.7793280339765,0.0,0.9052893106121348,0.8717948717948718,0.1282051282051282,368.3149638801147,6115.0
exp_smoothing,item_12_store_1,28468.09240895947,26281.194357407097,2186.8980515523745,0.0,0.916242893467929,0.8846153846153846,0.11538461538461539,336.9383891975269,5222.0
exp_smoothing,item_12_store_10,35610.26421021082,33466.31124871306,2143.9529614977655,0.0,0.934062649192749,0.9102564102564102,0.08974358974358974,429.05527241939814,6503.0
exp_smoothing,item_12_store_2,40609.65514022349,38027.66199791948,2581.99314230401,0.0,0.9292798372417418,0.9102564102564102,0.08974358974358974,487.53412817845486,7302.0
exp_smoothing,item_12_store_3,35133.886486312476,32563.1219462139,2570.7645400985766,0.0,0.920630918799056,0.8846153846153846,0.11538461538461539,417.4759223873577,6478.0
exp_smoothing,item_12_store_4,32289.095608676882,29936.70657118439,2352.389037492493,0.0,0.9218085744559583,0.8974358974358975,0.10256410256410256,383.80393039979987,6017.0
exp_smoothing,item_12_store_5,24413.29502253909,23265.022874524057,1148.2721480150337,0.0,0.947108606724319,0.9230769230769231,0.07692307692307693,298.2695240323597,4342.0
exp_smoothing,item_12_store_6,24238.57990923682,22488.61362454776,1749.9662846890606,0.0,0.9189267415015492,0.8974358974358975,0.10256410256410256,288.31555928907386,4317.0
exp_smoothing,item_12_store_7,21998.74037527362,20101.493911943155,1897.2464633304662,0.0,0.9039368879326346,0.8717948717948718,0.1282051282051282,257.7114604095276,3950.0
exp_smoothing,item_12_store_8,38526.106677463715,35701.488850188995,2824.617827274724,0.0,0.9172636840282741,0.8846153846153846,0.11538461538461539,457.7113955152435,6828.0
exp_smoothing,item_12_store_9,33790.199618801606,31375.739608516185,2414.460010285418,0.0,0.9187187338735762,0.8974358974358975,0.10256410256410256,402.2530719040537,5941.0
exp_smoothing,item_13_store_1,33268.16557194028,30499.860034962072,2768.3055369782073,0.0,0.9110012687034816,0.8846153846153846,0.11538461538461539,391.02384660207787,6221.0
exp_smoothing,item_13_store_10,45946.02256948867,43378.68547272749,2567.3370967611754,0.0,0.9341201668780812,0.9102564102564102,0.08974358974358974,556.136993240096,7794.0
exp_smoothing,item_13_store_2,47912.86511813905,44583.450178650455,3329.414939488597,0.0,0.9238729864070288,0.8974358974358975,0.10256410256410256,571.5826945980828,8747.0
exp_smoothing,item_13_store_3,41903.584320012,38475.65867469409,3427.925645317913,0.0,0.9129083931575733,0.8846153846153846,0.11538461538461539,493.2776753165909,7872.0
exp_smoothing,item_13_store_4,40205.977321800056,36941.2770177185,3264.7003040815525,0.0,0.9079588298821102,0.8846153846153846,0.11538461538461539,473.60611561177564,7094.0
exp_smoothing,item_13_store_5,28254.93446995886,26160.404014930366,2094.5304550284936,0.0,0.9204810001887436,0.8974358974358975,0.10256410256410256,335.3897950632098,5268.0
exp_smoothing,item_13_store_6,29296.87270472851,27749.708671426222,1547.1640333022867,0.0,0.9421945065084144,0.9230769230769231,0.07692307692307693,355.76549578751565,5353.0
exp_smoothing,item_13_store_7,25910.783208099132,23298.88356007152,2611.899648027611,0.0,0.8892558979000377,0.8589743589743589,0.14102564102564102,298.7036353855323,4717.0
exp_smoothing,item_13_store_8,47489.16929365624,44055.11485423363,3434.0544394226117,0.0,0.9196430457605567,0.8974358974358975,0.10256410256410256,564.8091647978671,8547.0
exp_smoothing,item_13_store_9,40050.445391272784,37141.87562073984,2908.5697705329458,0.0,0.9187777221297697,0.8974358974358975,0.10256410256410256,476.1778925735877,7162.0
exp_smoothing,item_14_store_1,24131.80715375465,22835.219623149627,1296.5875306050214,0.0,0.9407815697371537,0.9230769230769231,0.07692307692307693,292.75922593781576,4379.0
exp_smoothing,item_14_store_10,29743.963680915484,27097.082138841288,2646.8815420741967,0.0,0.9026702871088731,0.8846153846153846,0.11538461538461539,347.3984889595037,5439.0
exp_smoothing,item_14_store_2,33609.95661677153,31133.82113629134,2476.135480480193,0.0,0.920291792033472,0.8974358974358975,0.10256410256410256,399.15155302937615,6213.0
exp_smoothing,item_14_store_3,30712.840844303333,28823.445108889682,1889.3957354136512,0.0,0.9314691427125988,0.9102564102564102,0.08974358974358974,369.53134754986775,5514.0
exp_smoothing,item_14_store_4,27175.816669676336,25256.16249960378,1919.6541700725572,0.0,0.9238534640986689,0.8974358974358975,0.10256410256410256,323.7969551231254,5042.0
exp_smoothing,item_14_store_5,20015.295804093323,18822.233574293954,1193.0622297993682,0.0,0.9345729514779617,0.9230769230769231,0.07692307692307693,241.3106868499225,3647.0
exp_smoothing,item_14_store_6,20585.750641730738,18970.850076579012,1614.9005651517273,0.0,0.9121859399047457,0.8717948717948718,0.1282051282051282,243.21602662280785,3678.0
exp_smoothing,item_14_store_7,18086.340118540662,16597.047735629625,1489.2923829110377,0.0,0.9120583181038655,0.8974358974358975,0.10256410256410256,212.78266327730287,3387.0
exp_smoothing,item_14_store_8,31739.808524466618,29449.870775293337,2289.937749173282,0.0,0.9235285440249363,0.8974358974358975,0.10256410256410256,377.56244583709406,5989.0
exp_smoothing,item_14_store_9,28855.442575830402,27119.961198628087,1735.4813772023158,0.0,0.9312544512892725,0.9102564102564102,0.08974358974358974,347.69181023882163,5049.0
exp_smoothing,item_15_store_1,34599.85205522081,31682.268207088062,2917.5838481327455,0.0,0.9116820388033072,0.8846153846153846,0.11538461538461539,406.18292573189825,6607.0
exp_smoothing,item_15_store_10,44156.532323334635,41161.907117462135,2994.625205872502,0.0,0.9261862162713211,0.8974358974358975,0.10256410256410256,527.7167579161812,8114.0
exp_smoothing,item_15_store_2,51109.209227516956,47616.28987291104,3492.9193546059173,0.0,0.9235935829682617,0.8974358974358975,0.10256410256410256,610.4652547809108,9143.0
exp_smoothing,item_15_store_3,45641.8501673124,42999.32182517659,2642.5283421358117,0.0,0.9367589244433215,0.9230769230769231,0.07692307692307693,551.2733567330332,8357.0
exp_smoothing,item_15_store_4,42070.38242518058,38780.74917965331,3289.6332455272704,0.0,0.9154335926599674,0.8846153846153846,0.11538461538461539,497.1890920468373,7780.0
exp_smoothing,item_15_store_5,30514.26249933386,28119.43427625903,2394.8282230748305,0.0,0.9129628121724577,0.8974358974358975,0.10256410256410256,360.50556764434657,5503.0
exp_smoothing,item_15_store_6,29386.183202158514,27229.922076482595,2156.2611256759183,0.0,0.9193770377387953,0.8974358974358975,0.10256410256410256,349.1015650831102,5349.0
exp_smoothing,item_15_store_7,27490.757660807663,25136.74053561724,2354.0171251904235,0.0,0.9048881969620032,0.8717948717948718,0.1282051282051282,322.2659043027851,4950.0
exp_smoothing,item_15_store_8,48176.8999579315,44576.35938488749,3600.5405730440098,0.0,0.9191797851168573,0.8846153846153846,0.11538461538461539,571.491786985737,8910.0
exp_smoothing,item_15_store_9,42248.52734987295,39048.19112364684,3200.336226226117,0.0,0.9168743837343866,0.8846153846153846,0.11538461538461539,500.6178349185492,7700.0
exp_smoothing,item_16_store_1,10691.580140230597,10064.115137697994,627.4650025326027,0.0,0.9333193408573217,0.9102564102564102,0.08974358974358974,129.0271171499743,1882.0
exp_smoothing,item_16_store_10,13013.643875641423,12591.636349574788,422.00752606663514,0.0,0.9635257107980435,0.9487179487179487,0.05128205128205128,161.43123525095882,2314.0
exp_smoothing,item_16_store_2,15138.38466382501,14360.304905058145,778.079758766865,0.0,0.9423003515931135,0.9102564102564102,0.08974358974358974,184.1064731417711,2697.0
exp_smoothing,item_16_store_3,13291.402400633942,12497.064405886736,794.337994747205,0.0,0.9324542521473466,0.9102564102564102,0.08974358974358974,160.21877443444535,2352.0
exp_smoothing,item_16_store_4,12663.072802463686,12229.273486855855,433.79931560783234,0.0,0.9605457648378506,0.9487179487179487,0.05128205128205128,156.78555752379302,2199.0
exp_smoothing,item_16_store_5,8663.348307717575,8185.4133771014385,477.9349306161359,0.0,0.9396927532345569,0.9230769230769231,0.07692307692307693,104.94119714232613,1585.0
exp_smoothing,item_16_store_6,8993.572094461024,8403.183103283494,590.3889911775303,0.0,0.9249823391134016,0.8846153846153846,0.11538461538461539,107.73311670876275,1574.0
exp_smoothing,item_16_store_7,8229.328623628437,7590.825656351313,638.502967277123,0.0,0.910133291023628,0.8846153846153846,0.11538461538461539,97.31827764552966,1421.0
exp_smoothing,item_16_store_8,14635.071559519129,13906.134315522979,728.93724399615,0.0,0.9443771656622549,0.9230769230769231,0.07692307692307693,178.28377327593563,2621.0
exp_smoothing,item_16_store_9,12460.219832021905,11391.538344966255,1068.68148705565,0.0,0.9026258326145193,0.8846153846153846,0.11538461538461539,146.04536339700326,2195.0
exp_smoothing,item_17_store_1,13083.390118838674,12117.91269771644,965.4774211222332,0.0,0.9193419029973072,0.8974358974358975,0.10256410256410256,155.35785509892872,2394.0
exp_smoothing,item_17_store_10,17017.473079928077,15760.248339850355,1257.224740077722,0.0,0.9167951859644128,0.8974358974358975,0.10256410256410256,202.05446589551738,3022.0
exp_smoothing,item_17_store_2,18796.83798418101,17259.949508984915,1536.888475196095,0.0,0.912726378467002,0.8846153846153846,0.11538461538461539,221.28140396134506,3522.0
exp_smoothing,item_17_store_3,17873.80612342214,16718.742691182273,1155.0634322398669,0.0,0.9261232214749046,0.8974358974358975,0.10256410256410256,214.34285501515734,3127.0
exp_smoothing,item_17_store_4,16095.55453693731,14950.99670564491,1144.5578312924,0.0,0.9164861122734477,0.8717948717948718,0.1282051282051282,191.6794449441655,2741.0
exp_smoothing,item_17_store_5,11778.562167317117,10944.130120478943,834.4320468381733,0.0,0.9209069149916423,0.8846153846153846,0.11538461538461539,140.3093605189608,2110.0
exp_smoothing,item_17_store_6,10415.163527722025,9328.181249844374,1086.9822778776504,0.0,0.8947232660651185,0.8717948717948718,0.1282051282051282,119.5920673056971,2065.0
exp_smoothing,item_17_store_7,10544.651001650223,9975.566775909463,569.0842257407601,0.0,0.9384107980800044,0.9230769230769231,0.07692307692307693,127.89188174242902,1848.0
exp_smoothing,item_17_store_8,18073.493317964057,16580.823284687893,1492.6700332761648,0.0,0.9069697704408747,0.8846153846153846,0.11538461538461539,212.57465749599862,3209.0
exp_smoothing,item_17_store_9,15709.89992471949,14890.074943840042,819.8249808794486,0.0,0.9408922147887925,0.9230769230769231,0.07692307692307693,190.89839671589797,2774.0
exp_smoothing,item_18_store_1,36272.81915240321,33558.767319234335,2714.0518331688745,0.0,0.9142885888782923,0.8846153846153846,0.11538461538461539,430.24060665685045,6333.0
exp_smoothing,item_18_store_10,42272.425511856236,39047.27948799968,3225.1460238565573,0.0,0.916262598367998,0.8846153846153846,0.11538461538461539,500.6061472820472,7703.0
exp_smoothing,item_18_store_2,50517.114438207405,46712.168691870014,3804.945746337389,0.0,0.9152101226442921,0.8974358974358975,0.10256410256410256,598.8739575880771,8975.0
exp_smoothing,item_18_store_3,43363.48972709632,41255.20094354878,2108.2887835475403,0.0,0.946230839491264,0.9230769230769231,0.07692307692307693,528.9128326095997,7842.0
exp_smoothing,item_18_store_4,39957.03669612144,37099.392115119546,2857.6445810018913,0.0,0.9205326868464435,0.8846153846153846,0.11538461538461539,475.6332322451224,7192.0
exp_smoothing,item_18_store_5,28583.564489414908,26278.452043247893,2305.1124461670142,0.0,0.912186192526971,0.8846153846153846,0.11538461538461539,336.90323132369093,5250.0
exp_smoothing,item_18_store_6,29232.67033119348,26873.80777763162,2358.86255356186,0.0,0.9090295968545369,0.8846153846153846,0.11538461538461539,344.5359971491233,5186.0
exp_smoothing,item_18_store_7,26651.688755358038,24778.345221801042,1873.343533556997,0.0,0.9216829626439381,0.8974358974358975,0.10256410256410256,317.67109258719285,4784.0
exp_smoothing,item_18_store_8,46832.4148460282,43829.09084272755,3003.324003300655,0.0,0.9286367113389413,0.9102564102564102,0.08974358974358974,561.9114210606097,8417.0
exp_smoothing,item_18_store_9,41296.03140906405,38419.8971191981,2876.1342898659504,0.0,0.9208439716563658,0.8974358974358975,0.10256410256410256,492.56278357946286,7267.0
exp_smoothing,item_19_store_1,16899.342976900807,15740.16844036451,1159.174536536298,0.0,0.9232080466024314,0.8974358974358975,0.10256410256410256,201.7970312867245,3019.0
exp_smoothing,item_19_store_10,21552.804850629356,20554.919533505155,997.885317124202,0.0,0.9454110876846717,0.9230769230769231,0.07692307692307693,263.5246094039122,3656.0
exp_smoothing,item_19_store_2,23258.04656341343,21567.66060778545,1690.3859556279815,0.0,0.9192169196832506,0.8974358974358975,0.10256410256410256,276.50846933058267,4185.0
exp_smoothing,item_19_store_3,20541.136610976377,19249.00876608606,1292.1278448903172,0.0,0.9289063083966813,0.9102564102564102,0.08974358974358974,246.78216366777,3635.0
exp_smoothing,item_19_store_4,18711.664209885632,17565.794059136413,1145.870150749217,0.0,0.9352249773460024,0.9102564102564102,0.08974358974358974,225.2024879376463,3538.0
exp_smoothing,item_19_store_5,14426.352586220843,13490.580504746367,935.7720814744755,0.0,0.9247771638686114,0.8974358974358975,0.10256410256410256,172.95616031726112,2488.0
exp_smoothing,item_19_store_6,13781.7864918784,12418.115725883326,1363.6707659950741,0.0,0.8902478256744408,0.8461538461538461,0.15384615384615385,159.20661187029904,2485.0
exp_smoothing,item_19_store_7,13322.018009382835,12746.747471444847,575.2705379379876,0.0,0.9519406401054312,0.9358974358974359,0.0641025641025641,163.41983937749805,2394.0
exp_smoothing,item_19_store_8,22904.495468284847,21505.526873243354,1398.9685950414942,0.0,0.9320889031533255,0.9102564102564102,0.08974358974358974,275.7118829902994,4120.0
exp_smoothing,item_19_store_9,19466.464146709506,18022.92869572183,1443.535450987676,0.0,0.9167271156049798,0.8846153846153846,0.11538461538461539,231.0631884066901,3467.0
exp_smoothing,item_1_store_1,8994.307615564703,8221.59130012273,772.7163154419713,0.0,0.9038910055420434,0.8589743589743589,0.14102564102564102,105.40501666824014,1608.0
exp_smoothing,item_1_store_10,11230.929512153642,10444.296371179704,786.6331409739373,0.0,0.9203005936196619,0.8846153846153846,0.11538461538461539,133.90123552794492,1974.0
exp_smoothing,item_1_store_2,13730.114824552027,13212.149807271691,517.9650172803366,0.0,0.9549007385911765,0.9358974358974359,0.0641025641025641,169.3865359906627,2297.0
exp_smoothing,item_1_store_3,11520.41589914222,10384.047519414646,1136.3683797275733,0.0,0.8916196108986577,0.8589743589743589,0.14102564102564102,133.12881435146983,2097.0
exp_smoothing,item_1_store_4,10650.589161150197,9689.541198391023,961.0479627591749,0.0,0.8953676687251851,0.8589743589743589,0.14102564102564102,124.22488715885927,1837.0
exp_smoothing,item_1_store_5,7604.344249375211,6935.288674348705,669.055575026506,0.0,0.9033156683487709,0.8589743589743589,0.14102564102564102,88.91395736344494,1384.0
exp_smoothing,item_1_store_6,7213.276145260694,6575.55461073864,637.7215345220541,0.0,0.905030300145636,0.8717948717948718,0.1282051282051282,84.30198218895693,1343.0
exp_smoothing,item_1_store_7,6282.638640489598,5853.278010959506,429.3606295300927,0.0,0.9293233531637708,0.8974358974358975,0.10256410256410256,75.04202578153213,1215.0
exp_smoothing,item_1_store_8,12744.552300586409,11826.012958679334,918.5393419070751,0.0,0.9184607774605348,0.8974358974358975,0.10256410256410256,151.61555075229916,2253.0
exp_smoothing,item_1_store_9,11011.47243050896,10357.982479902208,653.4899506067527,0.0,0.9286193390926539,0.9102564102564102,0.08974358974358974,132.79464717823345,1831.0
exp_smoothing,item_20_store_1,19369.95841161774,17651.223362434856,1718.7350491828834,0.0,0.9031698563840629,0.8846153846153846,0.11538461538461539,226.29773541583148,3550.0
exp_smoothing,item_20_store_10,23506.93988432142,21438.040025914357,2068.899858407062,0.0,0.9045270023808463,0.8717948717948718,0.1282051282051282,274.84666699890204,4334.0
exp_smoothing,item_20_store_2,27980.77411649389,26089.370932285165,1891.403184208724,0.0,0.9226578129540493,0.8974358974358975,0.10256410256410256,334.47911451647644,4891.0
exp_smoothing,item_20_store_3,24951.53713630927,23376.113365812525,1575.4237704967443,0.0,0.9310687477358677,0.9102564102564102,0.08974358974358974,299.6937611001606,4571.0
exp_smoothing,item_20_store_4,22188.342435424805,20774.696317748727,1413.64611767608,0.0,0.9308899478036626,0.8974358974358975,0.10256410256410256,266.34226048395806,4091.0
exp_smoothing,item_20_store_5,16289.583311569368,14776.627352254423,1512.9559593149447,0.0,0.8975656087125968,0.8717948717948718,0.1282051282051282,189.44394041351825,2954.0
exp_smoothing,item_20_store_6,16885.30451290239,15796.05509865612,1089.2494142462688,0.0,0.9288769563012557,0.9102564102564102,0.08974358974358974,202.51352690584767,3063.0
exp_smoothing,item_20_store_7,14544.404203983455,13548.275230351406,996.1289736320481,0.0,0.9262399871431286,0.9102564102564102,0.08974358974358974,173.6958362865565,2701.0
exp_smoothing,item_20_store_8,26066.699639952556,23813.319954350573,2253.3796856019844,0.0,0.9033506461247272,0.8717948717948718,0.1282051282051282,305.29897377372527,4663.0
exp_smoothing,item_20_store_9,22598.09139239768,20954.761595780885,1643.3297966167947,0.0,0.9204391287041009,0.8974358974358975,0.10256410256410256,268.65078968949854,4131.0
exp_smoothing,item_21_store_1,15532.217907325496,14382.459205864858,1149.7587014606374,0.0,0.9236548006998249,0.8974358974358975,0.10256410256410256,184.39050263929306,3012.0
exp_smoothing,item_21_store_10,20708.284590205873,19294.830144823733,1413.454445382141,0.0,0.9245554072387435,0.8974358974358975,0.10256410256410256,247.3696172413299,3747.0
exp_smoothing,item_21_store_2,23507.85559600289,22080.32144466398,1427.5341513389094,0.0,0.9349346330292202,0.9102564102564102,0.08974358974358974,283.0810441623587,4388.0
exp_smoothing,item_21_store_3,20506.63333811162,19121.166913519657,1385.4664245919635,0.0,0.9266366733072828,0.8974358974358975,0.10256410256410256,245.14316555794431,3777.0
exp_smoothing,item_21_store_4,18623.159107014697,17576.135000789727,1047.0241062249681,0.0,0.9374910981358229,0.9230769230769231,0.07692307692307693,225.3350641126888,3350.0
exp_smoothing,item_21_store_5,13853.703074772171,12902.332761335432,951.3703134367383,0.0,0.9229347660237556,0.8717948717948718,0.1282051282051282,165.41452258122348,2469.0
exp_smoothing,item_21_store_6,13686.596420576703,12922.836043332874,763.7603772438285,0.0,0.937473567151549,0.8974358974358975,0.10256410256410256,165.6773851709343,2443.0
exp_smoothing,item_21_store_7,12323.53191577649,11779.325505422732,544.2064103537575,0.0,0.9536845608209568,0.9358974358974359,0.0641025641025641,151.0169936592658,2350.0
exp_smoothing,item_21_store_8,23366.053205185362,22059.403870830545,1306.6493343548177,0.0,0.9363076122663994,0.9230769230769231,0.07692307692307693,282.81287013885316,4103.0
exp_smoothing,item_21_store_9,18361.83612835892,16860.17147836726,1501.664649991656,0.0,0.9132737712970456,0.8717948717948718,0.1282051282051282,216.15604459445208,3463.0
exp_smoothing,item_22_store_1,32849.22103980144,30910.682976309985,1938.5380634914611,0.0,0.9346082623210842,0.9230769230769231,0.07692307692307693,396.29080738858954,5929.0
exp_smoothing,item_22_store_10,40486.97924136976,36857.45627711963,3629.5229642501263,0.0,0.9014386160420875,0.8717948717948718,0.1282051282051282,472.5314907323029,7365.0
exp_smoothing,item_22_store_2,45989.06191264355,42611.45836938221,3377.603543261338,0.0,0.9199430304986647,0.8846153846153846,0.11538461538461539,546.300748325413,8438.0
exp_smoothing,item_22_store_3,40633.65850632403,38026.27302912635,2607.3854771976758,0.0,0.9307099261972448,0.8974358974358975,0.10256410256410256,487.5163208862353,7526.0
exp_smoothing,item_22_store_4,37483.32660304793,34158.30718751839,3325.0194155295376,0.0,0.9035667222874264,0.8717948717948718,0.1282051282051282,437.92701522459475,6896.0
exp_smoothing,item_22_store_5,27835.169454796287,25634.207863589367,2200.9615912069203,0.0,0.9127986691280935,0.8846153846153846,0.11538461538461539,328.64369055883805,5048.0
exp_smoothing,item_22_store_6,29265.803086737826,27892.832634300772,1372.9704524370538,0.0,0.9452672731737273,0.9230769230769231,0.07692307692307693,357.60041838847144,5017.0
exp_smoothing,item_22_store_7,25918.365391850966,24159.205483501537,1759.1599083494305,0.0,0.9223500371507646,0.8974358974358975,0.10256410256410256,309.73340363463507,4531.0
exp_smoothing,item_22_store_8,44905.444518955905,42105.93190171031,2799.512617245595,0.0,0.930807893790272,0.8974358974358975,0.10256410256410256,539.8196397655169,8092.0
exp_smoothing,item_22_store_9,39437.84792460737,37089.495471299124,2348.352453308248,0.0,0.9324798029526093,0.9102564102564102,0.08974358974358974,475.5063521961426,6956.0
exp_smoothing,item_23_store_1,12260.945803499653,11834.56720880166,426.37859469799395,0.0,0.9614485899911398,0.9230769230769231,0.07692307692307693,151.7252206256623,2212.0
exp_smoothing,item_23_store_10,14602.245649632336,13279.610183919507,1322.6354657128286,0.0,0.9026758303375402,0.8717948717948718,0.1282051282051282,170.25141261435266,2718.0
exp_smoothing,item_23_store_2,17301.929220179274,16465.063195806368,836.8660243729056,0.0,0.9463547420273779,0.9358974358974359,0.0641025641025641,211.09055379238933,3120.0
exp_smoothing,item_23_store_3,15192.600365756893,14274.746649792636,917.853715964257,0.0,0.9330766521353075,0.9102564102564102,0.08974358974358974,183.00957243323893,2743.0
exp_smoothing,item_23_store_4,14715.324270970414,13602.340195909144,1112.9840750612698,0.0,0.9116679305506928,0.8717948717948718,0.1282051282051282,174.38897687063005,2520.0
exp_smoothing,item_23_store_5,10152.315674392048,9510.371674097862,641.9440002941858,0.0,0.93101085434775,0.9102564102564102,0.08974358974358974,121.92784197561362,1861.0
exp_smoothing,item_23_store_6,10973.391841070226,10259.405180891992,713.9866601782344,0.0,0.9187728486714182,0.8974358974358975,0.10256410256410256,131.53083565246143,1758.0
exp_smoothing,item_23_store_7,9814.211297467546,9293.462006977452,520.7492904900931,0.0,0.9380060368464176,0.8974358974358975,0.10256410256410256,119.14694880740323,1680.0
exp_smoothing,item_23_store_8,16593.85245032388,15694.210981586088,899.6414687377933,0.0,0.9378915106152714,0.9102564102564102,0.08974358974358974,201.20783309725752,2897.0
exp_smoothing,item_23_store_9,13562.539644869603,12580.560185206647,981.9794596629555,0.0,0.9242299799642781,0.8974358974358975,0.10256410256410256,161.28923314367495,2592.0
exp_smoothing,item_24_store_1,26979.637281650295,25041.83972868023,1937.7975529700666,0.0,0.9195099666471415,0.8846153846153846,0.11538461538461539,321.04922729077214,4815.0
exp_smoothing,item_24_store_10,32165.9667192848,29013.41832686255,3152.548392422249,0.0,0.8973445655349316,0.8717948717948718,0.1282051282051282,371.96690162644296,6142.0
exp_smoothing,item_24_store_2,38410.37229902083,35560.006764613245,2850.3655344075855,0.0,0.9195380230230745,0.8974358974358975,0.10256410256410256,455.89752262324674,7085.0
exp_smoothing,item_24_store_3,34541.26877986716,32328.367655456477,2212.901124410686,0.0,0.9278009421073186,0.9102564102564102,0.08974358974358974,414.46625199303173,6130.0
exp_smoothing,item_24_store_4,31210.96597296088,29024.3368467859,2186.6291261749802,0.0,0.9229517573581755,0.8974358974358975,0.10256410256410256,372.1068826511013,5676.0
exp_smoothing,item_24_store_5,22809.340142614652,21429.556990562465,1379.7831520521886,0.0,0.9320471237600498,0.9102564102564102,0.08974358974358974,274.7379101354162,4061.0
exp_smoothing,item_24_store_6,22138.196439054555,20656.821395699186,1481.3750433553678,0.0,0.9284186980741548,0.9102564102564102,0.08974358974358974,264.83104353460493,4139.0
exp_smoothing,item_24_store_7,20042.828424476393,18428.992035818344,1613.8363886580482,0.0,0.9141348024124475,0.8846153846153846,0.11538461538461539,236.26912866433776,3759.0
exp_smoothing,item_24_store_8,36250.59371865394,33625.16228210639,2625.431436547551,0.0,0.9213707266682375,0.8974358974358975,0.10256410256410256,431.09182412956903,6678.0
exp_smoothing,item_24_store_9,31218.87993272909,28770.519061435967,2448.360871293123,0.0,0.9135465794034914,0.8846153846153846,0.11538461538461539,368.8528084799483,5664.0
exp_smoothing,item_25_store_1,32576.577411550585,29720.75403466306,2855.8233768875234,0.0,0.9042312750876084,0.8589743589743589,0.14102564102564102,381.0353081367059,5964.0
exp_smoothing,item_25_store_10,40531.26035235993,37961.103642580565,2570.156709779366,0.0,0.930442308260369,0.8974358974358975,0.10256410256410256,486.68081593052005,7390.0
exp_smoothing,item_25_store_2,46114.561692456235,43140.85331697375,2973.708375482487,0.0,0.9296496717416018,0.9102564102564102,0.08974358974358974,553.087863038125,8454.0
exp_smoothing,item_25_store_3,39583.58277072397,36212.08074315688,3371.502027567093,0.0,0.9098408335989545,0.8846153846153846,0.11538461538461539,464.25744542508824,7479.0
exp_smoothing,item_25_store_4,38520.55239356124,35913.219944288394,2607.3324492728443,0.0,0.9236282235128048,0.8974358974358975,0.10256410256410256,460.4258967216461,6828.0
exp_smoothing,item_25_store_5,28018.89191957511,26416.017039306873,1602.874880268239,0.0,0.9351062801510835,0.9230769230769231,0.07692307692307693,338.66688511931886,4940.0
exp_smoothing,item_25_store_6,27690.656323813317,25733.296959380157,1957.3593644331584,0.0,0.9223578197368838,0.9102564102564102,0.08974358974358974,329.9140635817969,5042.0
exp_smoothing,item_25_store_7,25134.914144662816,22649.486908320767,2485.4272363420496,0.0,0.8932605868008568,0.8589743589743589,0.14102564102564102,290.3780372861637,4657.0
exp_smoothing,item_25_store_8,45437.13678059558,43080.46352538831,2356.673255207269,0.0,0.941550762519661,0.9230769230769231,0.07692307692307693,552.3136349408758,8064.0
exp_smoothing,item_25_store_9,38204.63601398259,35620.900167956905,2583.7358460256874,0.0,0.9259992597443595,0.8974358974358975,0.10256410256410256,456.67820728149877,6983.0
exp_smoothing,item_26_store_1,19743.151285522323,18358.636496661948,1384.5147888603738,0.0,0.9224795750918043,0.8974358974358975,0.10256410256410256,235.36713457258907,3572.0
exp_smoothing,item_26_store_10,24596.437536582445,23326.56037291775,1269.8771636646957,0.0,0.9400152497088003,0.9102564102564102,0.08974358974358974,299.0584663194583,4234.0
exp_smoothing,item_26_store_2,26173.29883031046,24390.380217548103,1782.9186127623586,0.0,0.9289956745216105,0.9102564102564102,0.08974358974358974,312.6971822762577,5022.0
exp_smoothing,item_26_store_3,23707.88446619227,21344.141398617932,2363.743067574337,0.0,0.8899817050233029,0.8589743589743589,0.14102564102564102,273.64283844381964,4297.0
exp_smoothing,item_26_store_4,22569.39485335055,21161.084771283375,1408.3100820671746,0.0,0.9317017418978092,0.9102564102564102,0.08974358974358974,271.29595860619713,4124.0
exp_smoothing,item_26_store_5,16494.070567506446,15369.223903684666,1124.8466638217787,0.0,0.9239968470390689,0.8974358974358975,0.10256410256410256,197.04133209852137,2960.0
exp_smoothing,item_26_store_6,16631.47886785358,16015.602753434408,615.8761144191732,0.0,0.9591187444793114,0.9358974358974359,0.0641025641025641,205.32824042864627,3013.0
exp_smoothing,item_26_store_7,15329.407236637053,14128.711646469123,1200.6955901679298,0.0,0.9135568329612722,0.8974358974358975,0.10256410256410256,181.1373288008862,2778.0
exp_smoothing,item_26_store_8,26549.49812477743,24363.920498642776,2185.5776261346555,0.0,0.91099256256833,0.8717948717948718,0.1282051282051282,312.3579551108048,4911.0
exp_smoothing,item_26_store_9,21927.70116182398,20196.507641094126,1731.1935207298552,0.0,0.915613281953212,0.8974358974358975,0.10256410256410256,258.9295851422324,4103.0
exp_smoothing,item_27_store_1,8599.514479995089,8041.253773647446,558.2607063476428,0.0,0.9318778881821058,0.8974358974358975,0.10256410256410256,103.09299709804418,1639.0
exp_smoothing,item_27_store_10,11154.691755527765,10022.850507372827,1131.841248154938,0.0,0.8906961614529273,0.8589743589743589,0.14102564102564102,128.49808342785676,2071.0
exp_smoothing,item_27_store_2,13395.727171305754,12419.33844101226,976.3887302934944,0.0,0.9146886212063351,0.8974358974358975,0.10256410256410256,159.2222877052854,2289.0
exp_smoothing,item_27_store_3,11535.286272271862,10797.11159849078,738.1746737810831,0.0,0.9259975264379867,0.8974358974358975,0.10256410256410256,138.4245076729587,1995.0
exp_smoothing,item_27_store_4,10972.664618937353,10334.175774350235,638.4888445871184,0.0,0.9322917450066682,0.9102564102564102,0.08974358974358974,132.4894330044902,1886.0
exp_smoothing,item_27_store_5,7219.02344247158,6602.118051187796,616.9053912837848,0.0,0.9089438536850502,0.8846153846153846,0.11538461538461539,84.64253911779225,1355.0
exp_smoothing,item_27_store_6,7874.20013438454,7437.552161129398,436.6479732551423,0.0,0.9385002854570222,0.9102564102564102,0.08974358974358974,95.35323283499228,1420.0
exp_smoothing,item_27_store_7,7251.558658139742,6824.82181286754,426.7368452722019,0.0,0.9285197914116915,0.9102564102564102,0.08974358974358974,87.49771554958384,1194.0
exp_smoothing,item_27_store_8,11832.133798997715,10849.018801548726,983.1149974489881,0.0,0.9061465396230083,0.8846153846153846,0.11538461538461539,139.08998463524009,2095.0
exp_smoothing,item_27_store_9,10869.763410960903,10239.072408532007,630.6910024288953,0.0,0.9336812826047428,0.9230769230769231,0.07692307692307693,131.2701590837437,1902.0
exp_smoothing,item_28_store_1,36332.2868128677,34435.334439411185,1896.952373456512,0.0,0.9428025818345692,0.9230769230769231,0.07692307692307693,441.47864665911777,6633.0
exp_smoothing,item_28_store_10,43658.95031926641,40130.1774896405,3528.772829625913,0.0,0.9124482612671898,0.8846153846153846,0.11538461538461539,514.4894549953909,8061.0
exp_smoothing,item_28_store_2,52085.6355192569,48980.206781663765,3105.4287375931403,0.0,0.9323804303191477,0.9102564102564102,0.08974358974358974,627.9513689956893,9185.0
exp_smoothing,item_28_store_3,45787.72852925923,43128.497588519866,2659.230940739366,0.0,0.9354790503278086,0.9102564102564102,0.08974358974358974,552.9294562630752,8243.0
exp_smoothing,item_28_store_4,42638.47699615199,39525.64127964582,3112.8357165061752,0.0,0.9167357037179036,0.8974358974358975,0.10256410256410256,506.73899076468996,7477.0
exp_smoothing,item_28_store_5,30679.627591755416,28806.711763255098,1872.9158285003166,0.0,0.9302192314269628,0.9102564102564102,0.08974358974358974,369.31681747762946,5368.0
exp_smoothing,item_28_store_6,30077.92111833463,28384.124086180145,1693.7970321544867,0.0,0.9378194922116561,0.9102564102564102,0.08974358974358974,363.8990267458993,5448.0
exp_smoothing,item_28_store_7,28230.696235775973,26874.463458505204,1356.232777270767,0.0,0.9452911344384524,0.9230769230769231,0.07692307692307693,344.5444033141693,4958.0
exp_smoothing,item_28_store_8,50148.35052682943,47246.22395787289,2902.126568956544,0.0,0.9348056482319096,0.9102564102564102,0.08974358974358974,605.7208199727294,8903.0
exp_smoothing,item_28_store_9,43298.916390548184,40658.20345004856,2640.712940499626,0.0,0.9305349746021406,0.9102564102564102,0.08974358974358974,521.2590185903662,7603.0
exp_smoothing,item_29_store_1,28084.53581731847,26215.247626262546,1869.288191055923,0.0,0.9285440293938868,0.8974358974358975,0.10256410256410256,336.0929182854173,5232.0
exp_smoothing,item_29_store_10,34768.159310686024,32403.983436198723,2364.175874487304,0.0,0.9253850126404511,0.8974358974358975,0.10256410256410256,415.43568507947083,6337.0
exp_smoothing,item_29_store_2,40199.56995017425,37413.382449884964,2786.187500289286,0.0,0.9232243730975671,0.8974358974358975,0.10256410256410256,479.6587493574995,7258.0
exp_smoothing,item_29_store_3,36875.19694381622,34425.24351446463,2449.9534293515862,0.0,0.9254426832211934,0.9102564102564102,0.08974358974358974,441.34927582646964,6572.0
exp_smoothing,item_29_store_4,34148.788546209275,31413.55437143827,2735.234174771007,0.0,0.9087647039769511,0.8846153846153846,0.11538461538461539,402.7378765569009,5996.0
exp_smoothing,item_29_store_5,24476.09274470953,23010.893220603997,1465.1995241055347,0.0,0.9315007235107277,0.9102564102564102,0.08974358974358974,295.0114515462051,4278.0
exp_smoothing,item_29_store_6,24824.910436584025,23351.474486159677,1473.4359504243469,0.0,0.929802956149388,0.9102564102564102,0.08974358974358974,299.37787802768815,4198.0
exp_smoothing,item_29_store_7,21129.11702596678,19324.00552005631,1805.1115059104718,0.0,0.9086944104243565,0.8846153846153846,0.11538461538461539,247.74366051354244,3954.0
exp_smoothing,item_29_store_8,39811.145982880014,36790.466288552365,3020.679694327648,0.0,0.9140264780325132,0.8846153846153846,0.11538461538461539,471.6726447250303,7027.0
exp_smoothing,item_29_store_9,33173.747111485776,30940.006273538664,2233.740837947111,0.0,0.9270853325298805,0.8974358974358975,0.10256410256410256,396.66674709664954,6127.0
exp_smoothing,item_2_store_1,23691.28581762155,21882.087837539493,1809.1979800820548,0.0,0.91778241399309,0.8846153846153846,0.11538461538461539,280.5395876607627,4401.0
exp_smoothing,item_2_store_10,29569.263179839665,27400.75634202599,2168.506837813675,0.0,0.9197592289430647,0.8974358974358975,0.10256410256410256,351.29174797469216,5405.0
exp_smoothing,item_2_store_2,33825.619344869745,31407.51833434165,2418.101010528095,0.0,0.9204964323350947,0.8974358974358975,0.10256410256410256,402.6604914659186,6083.0
exp_smoothing,item_2_store_3,30524.23382081496,28508.586466107055,2015.6473547079054,0.0,0.9246768552052351,0.9102564102564102,0.08974358974358974,365.4946982834238,5352.0
exp_smoothing,item_2_store_4,28065.92162895697,26219.783764032018,1846.1378649249514,0.0,0.9262282571458562,0.9102564102564102,0.08974358974358974,336.1510738978464,5005.0
exp_smoothing,item_2_store_5,20222.859372561157,18193.289253685176,2029.5701188759795,0.0,0.8861710533440281,0.8589743589743589,0.14102564102564102,233.24729812416894,3566.0
exp_smoothing,item_2_store_6,19811.678062299095,18546.452651488937,1265.2254108101583,0.0,0.9316279161950739,0.9102564102564102,0.08974358974358974,237.77503399344792,3701.0
exp_smoothing,item_2_store_7,19045.865786217277,17696.056636124606,1349.8091500926705,0.0,0.917744719677473,0.8974358974358975,0.10256410256410256,226.8725209759565,3282.0
exp_smoothing,item_2_store_8,32972.500575731705,30654.23251576221,2318.2680599694922,0.0,0.9204437865487477,0.8974358974358975,0.10256410256410256,393.0029809713104,5828.0
exp_smoothing,item_2_store_9,27615.598281393315,25558.65582814916,2056.9424532441544,0.0,0.9194934460569802,0.8974358974358975,0.10256410256410256,327.675074719861,5110.0
exp_smoothing,item_30_store_1,16778.097441101596,15466.4889068091,1311.6085342924976,0.0,0.9131097360521696,0.8717948717948718,0.1282051282051282,198.2883193180654,3019.0
exp_smoothing,item_30_store_10,20819.729165009652,19657.948332933647,1161.7808320760032,0.0,0.9373534196777566,0.9230769230769231,0.07692307692307693,252.02497862735444,3709.0
exp_smoothing,item_30_store_2,22857.84746245054,21450.27652886629,1407.5709335842516,0.0,0.9318532590857298,0.9102564102564102,0.08974358974358974,275.0035452418755,4131.0
exp_smoothing,item_30_store_3,21195.91345999569,19652.820879521427,1543.09258047426,0.0,0.9193575865965895,0.8846153846153846,0.11538461538461539,251.9592420451465,3827.0
exp_smoothing,item_30_store_4,18135.222271309758,16725.23828299841,1409.9839883113498,0.0,0.9172301738590343,0.8974358974358975,0.10256410256410256,214.42613183331292,3407.0
exp_smoothing,item_30_store_5,14330.522068429918,13254.07745481511,1076.4446136148085,0.0,0.9127324999096224,0.8846153846153846,0.11538461538461539,169.92406993352705,2467.0
exp_smoothing,item_30_store_6,13849.598137878824,12522.622965002412,1326.9751728764113,0.0,0.8939268446941318,0.8717948717948718,0.1282051282051282,160.5464482692617,2502.0
exp_smoothing,item_30_store_7,12605.2885192725,11954.669076524202,650.6194427482978,0.0,0.9425247842095144,0.9102564102564102,0.08974358974358974,153.2649881605667,2264.0
exp_smoothing,item_30_store_8,22179.90648736302,20843.147103172436,1336.7593841905853,0.0,0.9322988410133914,0.9102564102564102,0.08974358974358974,267.2198346560569,3949.0
exp_smoothing,item_30_store_9,19105.970546810004,17546.8778175012,1559.0927293088025,0.0,0.9108835250466533,0.8717948717948718,0.1282051282051282,224.95997201924618,3499.0
exp_smoothing,item_31_store_1,24854.247595646797,23184.303020371717,1669.9445752750812,0.0,0.9247094420525211,0.8974358974358975,0.10256410256410256,297.23465410732973,4436.0
exp_smoothing,item_31_store_10,29743.053737265596,27749.074300579498,1993.9794366860974,0.0,0.9235144059575721,0.8974358974358975,0.10256410256410256,355.7573628279423,5214.0
exp_smoothing,item_31_store_2,33920.36868050674,31861.647148617,2058.721531889736,0.0,0.9341314499475368,0.9102564102564102,0.08974358974358974,408.48265575150003,6251.0
exp_smoothing,item_31_store_3,29446.607188700127,27545.09633542388,1901.5108532762474,0.0,0.9300400716233904,0.9102564102564102,0.08974358974358974,353.1422607105626,5436.0
exp_smoothing,item_31_store_4,26175.802180086008,23795.35593366106,2380.446246424948,0.0,0.9055940413870732,0.8717948717948718,0.1282051282051282,305.0686658161674,5043.0
exp_smoothing,item_31_store_5,20182.79370894704,18601.20662879634,1581.5870801507003,0.0,0.9132664063531286,0.8717948717948718,0.1282051282051282,238.47700806149152,3647.0
exp_smoothing,item_31_store_6,21206.587729796673,19981.31690460174,1225.2708251949348,0.0,0.9317777936973868,0.9102564102564102,0.08974358974358974,256.1707295461761,3592.0
exp_smoothing,item_31_store_7,19757.217423933544,18724.59402773627,1032.6233961972725,0.0,0.9390602893952628,0.9230769230769231,0.07692307692307693,240.05889779149066,3389.0
exp_smoothing,item_31_store_8,32503.025650235737,29607.716058632694,2895.309591603045,0.0,0.901903791577061,0.8717948717948718,0.1282051282051282,379.58610331580377,5903.0
exp_smoothing,item_31_store_9,27695.08082660898,25326.44674214142,2368.6340844675624,0.0,0.9074390744639483,0.8717948717948718,0.1282051282051282,324.6980351556592,5118.0
exp_smoothing,item_32_store_1,18238.886223374186,16867.172680618678,1371.713542755507,0.0,0.9169161997119621,0.8974358974358975,0.10256410256410256,216.24580359767535,3302.0
exp_smoothing,item_32_store_10,21659.405964164413,20148.755445204522,1510.6505189598902,0.0,0.9253631166521794,0.8974358974358975,0.10256410256410256,258.3173775026221,4048.0
exp_smoothing,item_32_store_2,26452.320189732134,24583.86225816371,1868.4579315684255,0.0,0.9212119784284871,0.8974358974358975,0.10256410256410256,315.1777212585091,4743.0
exp_smoothing,item_32_store_3,23177.374111707213,21898.72636097359,1278.6477507336224,0.0,0.9385560907864671,0.9102564102564102,0.08974358974358974,280.75290206376394,4162.0
exp_smoothing,item_32_store_4,21483.063776726198,19982.61523295606,1500.4485437701378,0.0,0.9214219144398985,0.8974358974358975,0.10256410256410256,256.18737478148796,3819.0
exp_smoothing,item_32_store_5,15539.930757121132,14576.999433493804,962.9313236273288,0.0,0.9303233485074291,0.9102564102564102,0.08974358974358974,186.88460812171544,2764.0
exp_smoothing,item_32_store_6,16135.729300807707,15258.675288801349,877.0540120063572,0.0,0.9353443411716656,0.9102564102564102,0.08974358974358974,195.62404216411986,2713.0
exp_smoothing,item_32_store_7,14289.173243684392,13307.35112940877,981.8221142756232,0.0,0.9218605559669221,0.9102564102564102,0.08974358974358974,170.6070657616509,2513.0
exp_smoothing,item_32_store_8,22688.184435065574,21243.629925409008,1444.5545096565672,0.0,0.9342637310736488,0.8974358974358975,0.10256410256410256,272.354229812936,4395.0
exp_smoothing,item_32_store_9,21689.484781131578,20448.235842438095,1241.2489386934822,0.0,0.9342210419346326,0.9102564102564102,0.08974358974358974,262.1568697748474,3774.0
exp_smoothing,item_33_store_1,28405.37675403568,25950.394113880513,2454.9826401551663,0.0,0.9045311047966103,0.8846153846153846,0.11538461538461539,332.6973604343656,5143.0
exp_smoothing,item_33_store_10,35089.452833421004,32957.273066609945,2132.1797668110557,0.0,0.9324404383139716,0.9102564102564102,0.08974358974358974,422.52914187961466,6312.0
exp_smoothing,item_33_store_2,40969.65387505223,38227.6825421031,2741.971332949131,0.0,0.9241501705961512,0.9102564102564102,0.08974358974358974,490.09849412952696,7230.0
exp_smoothing,item_33_store_3,35888.929943229276,33308.049192920706,2580.88075030857,0.0,0.9206859019573272,0.8974358974358975,0.10256410256410256,427.0262717041116,6508.0
exp_smoothing,item_33_store_4,32250.548010873677,29971.63571188921,2278.912298984469,0.0,0.9238585934184942,0.8974358974358975,0.10256410256410256,384.25173989601547,5986.0
exp_smoothing,item_33_store_5,23037.65680770559,21473.276913786227,1564.3798939193634,0.0,0.9264167500508296,0.8974358974358975,0.10256410256410256,275.29842197161827,4252.0
exp_smoothing,item_33_store_6,24047.38568298977,22494.463818444157,1552.9218645456149,0.0,0.9289605734425611,0.9102564102564102,0.08974358974358974,288.3905617749251,4372.0
exp_smoothing,item_33_store_7,21507.835178317193,20364.164363049298,1143.6708152678948,0.0,0.9413201223567011,0.9230769230769231,0.07692307692307693,261.0790302955038,3898.0
exp_smoothing,item_33_store_8,39575.56175684577,37233.878504263885,2341.6832525818836,0.0,0.9327199180410319,0.9102564102564102,0.08974358974358974,477.35741672133184,6961.0
exp_smoothing,item_33_store_9,32763.443191105463,30456.787253626313,2306.6559374791495,0.0,0.9235953647737943,0.8974358974358975,0.10256410256410256,390.4716314567476,6038.0
exp_smoothing,item_34_store_1,10662.309919247009,9954.97375646214,707.3361627848692,0.0,0.925543561812119,0.8974358974358975,0.10256410256410256,127.62786867259153,1900.0
exp_smoothing,item_34_store_10,13569.002463485998,12777.794574080643,791.2078894053559,0.0,0.929950607401031,0.8974358974358975,0.10256410256410256,163.81787915488005,2259.0
exp_smoothing,item_34_store_2,14660.135170568201,13397.48806653302,1262.6471040351805,0.0,0.9115483639905302,0.8846153846153846,0.11538461538461539,171.76266751965412,2855.0
exp_smoothing,item_34_store_3,13328.228090720344,12457.831855049519,870.3962356708257,0.0,0.92779790662208,0.8974358974358975,0.10256410256410256,159.71579301345537,2411.0
exp_smoothing,item_34_store_4,12804.169893737939,11875.833402630544,928.3364911073943,0.0,0.9177371297202133,0.8846153846153846,0.11538461538461539,152.25427439269927,2257.0
exp_smoothing,item_34_store_5,9497.2892673612,8953.17513066561,544.1141366955899,0.0,0.9337254401101596,0.9102564102564102,0.08974358974358974,114.784296546995,1642.0
exp_smoothing,item_34_store_6,9044.188824553352,8477.452464077996,566.7363604753562,0.0,0.9300757112306778,0.9102564102564102,0.08974358974358974,108.68528800099996,1621.0
exp_smoothing,item_34_store_7,7855.003890080288,7522.272054962349,332.73183511793917,0.0,0.9536907675549144,0.9230769230769231,0.07692307692307693,96.43938532003011,1437.0
exp_smoothing,item_34_store_8,15126.9531975897,14180.808042557435,946.1451550322658,0.0,0.9264558760177019,0.9102564102564102,0.08974358974358974,181.80523131483892,2573.0
exp_smoothing,item_34_store_9,11811.438717506353,10791.814201001554,1019.6245165047981,0.0,0.909687819618707,0.8717948717948718,0.1282051282051282,138.35659232053274,2258.0
exp_smoothing,item_35_store_1,26248.603449459024,24735.279797467127,1513.3236519918978,0.0,0.9387194309782589,0.9102564102564102,0.08974358974358974,317.11897176239904,4939.0
exp_smoothing,item_35_store_10,33817.13159481494,30942.218851521746,2874.9127432931946,0.0,0.9049144123269988,0.8717948717948718,0.1282051282051282,396.695113481048,6047.0
exp_smoothing,item_35_store_2,37712.0876575595,35178.658511489506,2533.4291460699956,0.0,0.9262787968552308,0.9102564102564102,0.08974358974358974,451.00844245499366,6873.0
exp_smoothing,item_35_store_3,32292.914293969126,29513.570752624215,2779.3435413449106,0.0,0.908120874666284,0.8846153846153846,0.11538461538461539,378.37911221313095,6050.0
exp_smoothing,item_35_store_4,29816.93388633433,27425.762175868676,2391.171710465652,0.0,0.9151916399905781,0.8717948717948718,0.1282051282051282,351.61233558806,5639.0
exp_smoothing,item_35_store_5,22198.574632802276,20833.6759183531,1364.898714449177,0.0,0.9337909912952134,0.9102564102564102,0.08974358974358974,267.09840920965513,4123.0
exp_smoothing,item_35_store_6,21790.96054281782,20155.213751234896,1635.7467915829216,0.0,0.9184369587841974,0.8974358974358975,0.10256410256410256,258.40017629788326,4011.0
exp_smoothing,item_35_store_7,19464.31807840043,17799.331827442522,1664.9862509579061,0.0,0.91167181692531,0.8717948717948718,0.1282051282051282,228.19656189028873,3770.0
exp_smoothing,item_35_store_8,35311.97755689096,32394.714307963764,2917.2632489271937,0.0,0.9125520608834774,0.8974358974358975,0.10256410256410256,415.3168501020995,6672.0
exp_smoothing,item_35_store_9,31405.362241881598,29092.159107287687,2313.2031345939095,0.0,0.9189771231315619,0.8974358974358975,0.10256410256410256,372.9763988113806,5710.0
exp_smoothing,item_36_store_1,31474.459556744536,29151.003914111152,2323.4556426333825,0.0,0.9169897948326766,0.8974358974358975,0.10256410256410256,373.7308194116814,5598.0
exp_smoothing,item_36_store_10,38807.96355794318,36595.63507943859,2212.3284785045926,0.0,0.9375401333002656,0.9102564102564102,0.08974358974358974,469.1748087107511,7084.0
exp_smoothing,item_36_store_2,45985.63593043588,43476.55883502082,2509.077095415055,0.0,0.9385406712696863,0.9230769230769231,0.07692307692307693,557.3917799361643,8165.0
exp_smoothing,item_36_store_3,40024.49837613118,37317.632442967784,2706.8659331633953,0.0,0.9241349233978869,0.8974358974358975,0.10256410256410256,478.43118516625367,7136.0
exp_smoothing,item_36_store_4,35986.86384182696,33020.30924747609,2966.5545943508687,0.0,0.9104706626120155,0.8846153846153846,0.11538461538461539,423.3372980445653,6627.0
exp_smoothing,item_36_store_5,26387.14701464837,24479.570975286904,1907.5760393614644,0.0,0.9209458748710541,0.8974358974358975,0.10256410256410256,313.8406535293193,4826.0
exp_smoothing,item_36_store_6,26829.78186558204,25442.125889346837,1387.6559762352042,0.0,0.9424567291629606,0.9102564102564102,0.08974358974358974,326.18110114547227,4823.0
exp_smoothing,item_36_store_7,23791.211240444907,22089.510357521467,1701.7008829234408,0.0,0.9242678734791525,0.8846153846153846,0.11538461538461539,283.19885073745473,4494.0
exp_smoothing,item_36_store_8,44441.43537060313,41185.30094234553,3256.134428257602,0.0,0.91788842697623,0.8974358974358975,0.10256410256410256,528.0166787480196,7931.0
exp_smoothing,item_36_store_9,36279.07097375807,33618.806976242806,2660.2639975152647,0.0,0.9188943903196565,0.8974358974358975,0.10256410256410256,431.01034584926674,6560.0
exp_smoothing,item_37_store_1,12686.857305671972,11883.83510498121,803.0222006907627,0.0,0.9273283076297953,0.8974358974358975,0.10256410256410256,152.35686032027192,2210.0
exp_smoothing,item_37_store_10,14839.712000419106,13497.432321794557,1342.2796786245488,0.0,0.899792483865282,0.8589743589743589,0.14102564102564102,173.04400412557123,2679.0
exp_smoothing,item_37_store_2,16554.683988307253,15336.750736029904,1217.9332522773507,0.0,0.9210416043904472,0.8846153846153846,0.11538461538461539,196.62500943628083,3085.0
exp_smoothing,item_37_store_3,15667.055543873485,14697.533952643622,969.5215912298619,0.0,0.9282632932867287,0.9102564102564102,0.08974358974358974,188.42992246979003,2703.0
exp_smoothing,item_37_store_4,14233.459453595835,13182.672782634667,1050.786670961168,0.0,0.916901014554277,0.8974358974358975,0.10256410256410256,169.00862541839317,2529.0
exp_smoothing,item_37_store_5,10650.808236598328,10257.569878860299,393.23835773802955,0.0,0.9551353841713599,0.9358974358974359,0.0641025641025641,131.5073061392346,1753.0
exp_smoothing,item_37_store_6,10409.56942550864,9437.99965778546,971.5697677231801,0.0,0.8947378366497096,0.8717948717948718,0.1282051282051282,120.9999956126341,1846.0
exp_smoothing,item_37_store_7,9183.86822283937,8541.681905276644,642.1863175627266,0.0,0.9203736742017699,0.8846153846153846,0.11538461538461539,109.5087423753416,1613.0
exp_smoothing,item_37_store_8,16746.468843242343,15103.868831643307,1642.6000115990355,0.0,0.8903105167546553,0.8589743589743589,0.14102564102564102,193.63934399542703,2995.0
exp_smoothing,item_37_store_9,15195.608401956959,14482.345013100632,713.2633888563271,0.0,0.9460262286147313,0.9230769230769231,0.07692307692307693,185.67108991154657,2643.0
exp_smoothing,item_38_store_1,32640.9092449517,30296.960786538628,2343.948458413072,0.0,0.9218553606129999,0.8974358974358975,0.10256410256410256,388.42257418639264,5999.0
exp_smoothing,item_38_store_10,40556.294387026144,36858.263159105314,3698.031227920833,0.0,0.90072399388132,0.8717948717948718,0.1282051282051282,472.54183537314503,7450.0
exp_smoothing,item_38_store_2,48082.1103706115,45047.23012819807,3034.880242413435,0.0,0.9287335859477882,0.9102564102564102,0.08974358974358974,577.5285913871547,8517.0
exp_smoothing,item_38_store_3,41450.5359262579,39154.54206789218,2295.993858365722,0.0,0.9397297845290531,0.9230769230769231,0.07692307692307693,501.98130856272024,7619.0
exp_smoothing,item_38_store_4,37948.21203067761,35329.90477418475,2618.3072564928616,0.0,0.9238421391363333,0.8974358974358975,0.10256410256410256,452.9474971049327,6876.0
exp_smoothing,item_38_store_5,27193.347209901163,25278.3642097182,1914.9830001829662,0.0,0.9233700280038829,0.8974358974358975,0.10256410256410256,324.0815924322846,4998.0
exp_smoothing,item_38_store_6,27559.470678099326,25920.277625611983,1639.1930524873408,0.0,0.9346153549067675,0.9102564102564102,0.08974358974358974,332.31125161041007,5014.0
exp_smoothing,item_38_store_7,26271.21807459511,24459.22021740406,1811.9978571910474,0.0,0.9212003541121528,0.8974358974358975,0.10256410256410256,313.57974637697515,4599.0
exp_smoothing,item_38_store_8,45468.212853647674,41953.78858620902,3514.4242674386533,0.0,0.9154780118461122,0.8846153846153846,0.11538461538461539,537.8690844385771,8316.0
exp_smoothing,item_38_store_9,37158.728178507365,34580.03426682639,2578.6939116809745,0.0,0.9262176277058376,0.9102564102564102,0.08974358974358974,443.3337726516204,6990.0
exp_smoothing,item_39_store_1,18096.40945539752,16957.801551261415,1138.6079041361045,0.0,0.9304454548481305,0.9230769230769231,0.07692307692307693,217.40771219565917,3274.0
exp_smoothing,item_39_store_10,21653.228938330205,20008.605451461266,1644.6234868689396,0.0,0.9211400869398734,0.8974358974358975,0.10256410256410256,256.52058271104187,4171.0
exp_smoothing,item_39_store_2,25820.35967993882,24083.42023988435,1736.9394400544695,0.0,0.923161272282483,0.9102564102564102,0.08974358974358974,308.76179794723527,4521.0
exp_smoothing,item_39_store_3,22421.364940621505,20686.909864217858,1734.4550764036449,0.0,0.9151855708360076,0.8717948717948718,0.1282051282051282,265.21679313099816,4090.0
exp_smoothing,item_39_store_4,20565.81363430559,19105.539321762717,1460.2743125428715,0.0,0.9237255517083901,0.9102564102564102,0.08974358974358974,244.94281181747073,3829.0
exp_smoothing,item_39_store_5,16121.780583409802,15574.65321017809,547.1273732317115,0.0,0.9585666510237251,0.9230769230769231,0.07692307692307693,199.67504115612937,2641.0
exp_smoothing,item_39_store_6,14574.973674801644,13600.610095973992,974.3635788276521,0.0,0.9295980073101408,0.9102564102564102,0.08974358974358974,174.36679610223067,2768.0
exp_smoothing,item_39_store_7,14543.899505922745,13866.415268575702,677.4842373470437,0.0,0.9448078014381227,0.9230769230769231,0.07692307692307693,177.77455472532952,2455.0
exp_smoothing,item_39_store_8,23469.729740765808,21483.698856565592,1986.030884200216,0.0,0.912005720682312,0.8846153846153846,0.11538461538461539,275.4320366226358,4514.0
exp_smoothing,item_39_store_9,21625.46461693168,20269.67224465229,1355.7923722793903,0.0,0.9301318025107245,0.8974358974358975,0.10256410256410256,259.8675928801576,3881.0
exp_smoothing,item_3_store_1,14781.694869749585,13560.995499544166,1220.6993702054183,0.0,0.9090048922694433,0.8589743589743589,0.14102564102564102,173.85891666082264,2683.0
exp_smoothing,item_3_store_10,19341.255262654286,18346.718320730888,994.5369419233992,0.0,0.9412559396383107,0.9230769230769231,0.07692307692307693,235.2143374452678,3386.0
exp_smoothing,item_3_store_2,20834.651258414273,19112.449773040727,1722.201485373546,0.0,0.9145521465952098,0.8846153846153846,0.11538461538461539,245.031407346676,4031.0
exp_smoothing,item_3_store_3,18245.87024520054,16628.87729714449,1616.9929480560506,0.0,0.9060706971794337,0.8846153846153846,0.11538461538461539,213.1907345787755,3443.0
exp_smoothing,item_3_store_4,17574.19581012089,16343.847741129242,1230.34806899165,0.0,0.9196113643259294,0.8974358974358975,0.10256410256410256,209.53650950165695,3061.0
exp_smoothing,item_3_store_5,12796.536665675789,12048.595685485998,747.9409801897916,0.0,0.9356609909514157,0.9102564102564102,0.08974358974358974,154.4691754549487,2325.0
exp_smoothing,item_3_store_6,13494.876269316435,12696.085095685712,798.7911736307237,0.0,0.9306604884001108,0.9102564102564102,0.08974358974358974,162.77032173956042,2304.0
exp_smoothing,item_3_store_7,12245.605460021296,11318.33799362453,927.2674663967668,0.0,0.9150464987268193,0.8717948717948718,0.1282051282051282,145.10689735416062,2183.0
exp_smoothing,item_3_store_8,20184.01803657296,18986.323864473503,1197.6941720994596,0.0,0.9353994513430712,0.9102564102564102,0.08974358974358974,243.41440851889107,3708.0
exp_smoothing,item_3_store_9,16620.41963139186,15346.917024547032,1273.502606844825,0.0,0.9203563097658021,0.8974358974358975,0.10256410256410256,196.7553464685517,3198.0
exp_smoothing,item_40_store_1,11777.479427709153,10968.3187984269,809.1606292822516,0.0,0.923628067080486,0.8974358974358975,0.10256410256410256,140.61947177470387,2119.0
exp_smoothing,item_40_store_10,14835.281724325901,13762.270876555818,1073.0108477700833,0.0,0.9200439010603515,0.8974358974358975,0.10256410256410256,176.4393702122541,2684.0
exp_smoothing,item_40_store_2,17596.684589593136,16535.33061087195,1061.3539787211853,0.0,0.9308564183243527,0.9230769230769231,0.07692307692307693,211.99141808810194,3070.0
exp_smoothing,item_40_store_3,14909.19194924862,13878.421129270997,1030.770819977622,0.0,0.9233627643139315,0.8846153846153846,0.11538461538461539,177.92847601629484,2690.0
exp_smoothing,item_40_store_4,13993.60484987923,12759.987739258091,1233.617110621139,0.0,0.9029412186765429,0.8717948717948718,0.1282051282051282,163.58958640074476,2542.0
exp_smoothing,item_40_store_5,10173.794076187023,9472.935241180752,700.8588350062712,0.0,0.9228978179311033,0.8846153846153846,0.11538461538461539,121.44788770744555,1818.0
exp_smoothing,item_40_store_6,10709.51274509741,9922.71121165984,786.8015334375701,0.0,0.9174827967029291,0.8974358974358975,0.10256410256410256,127.21424630333128,1907.0
exp_smoothing,item_40_store_7,9608.917805750034,9113.301736349264,495.6160694007704,0.0,0.9414857060919988,0.9230769230769231,0.07692307692307693,116.83720174806749,1694.0
exp_smoothing,item_40_store_8,16161.67608063378,15302.805895612943,858.8701850208383,0.0,0.9420660920727935,0.9102564102564102,0.08974358974358974,196.1898191745249,2965.0
exp_smoothing,item_40_store_9,14077.75548414913,12989.627601889508,1088.127882259622,0.0,0.9157795756764999,0.8846153846153846,0.11538461538461539,166.53368720371165,2584.0
exp_smoothing,item_41_store_1,8887.683159545457,7896.289037615057,991.3941219304004,0.0,0.8770745044103657,0.8461538461538461,0.15384615384615385,101.23447484121868,1613.0
exp_smoothing,item_41_store_10,10309.506054684312,9454.56016896042,854.9458857238928,0.0,0.9158931740556918,0.8846153846153846,0.11538461538461539,121.21230985846691,2033.0
exp_smoothing,item_41_store_2,11963.771405992595,11115.409648344024,848.3617576485705,0.0,0.9269912428873864,0.8974358974358975,0.10256410256410256,142.50525190184646,2324.0
exp_smoothing,item_41_store_3,11426.954965083958,10838.010539893667,588.9444251902912,0.0,0.9416019409826186,0.9102564102564102,0.08974358974358974,138.94885307555984,2017.0
exp_smoothing,item_41_store_4,9652.538692110775,8724.709577827714,927.8291142830602,0.0,0.9026412262032465,0.8846153846153846,0.11538461538461539,111.85525099779122,1906.0
exp_smoothing,item_41_store_5,7622.594590092599,7008.644943156121,613.9496469364774,0.0,0.9080225248035241,0.8589743589743589,0.14102564102564102,89.8544223481554,1335.0
exp_smoothing,item_41_store_6,6883.614289985697,6360.504879167647,523.10941081805,0.0,0.9220403262566244,0.8974358974358975,0.10256410256410256,81.54493434830317,1342.0
exp_smoothing,item_41_store_7,7086.14658786061,6564.379988995242,521.7665988653692,0.0,0.9131835941987739,0.8589743589743589,0.14102564102564102,84.1587178076313,1202.0
exp_smoothing,item_41_store_8,13276.216420996463,12692.948039308554,583.2683816879091,0.0,0.9478526256872679,0.9230769230769231,0.07692307692307693,162.73010306805838,2237.0
exp_smoothing,item_41_store_9,11052.935591266018,10551.108029034669,501.8275622313479,0.0,0.9472315917737805,0.9230769230769231,0.07692307692307693,135.27061575685474,1902.0
exp_smoothing,item_42_store_1,14647.846737784701,13612.04103657846,1035.8057012062427,0.0,0.922701067074161,0.8974358974358975,0.10256410256410256,174.51334662280075,2680.0
exp_smoothing,item_42_store_10,18439.849508539286,16964.195221606897,1475.6542869323907,0.0,0.9099661813952172,0.8717948717948718,0.1282051282051282,217.48968232829355,3278.0
exp_smoothing,item_42_store_2,20683.459478405322,18795.391931417824,1888.0675469874977,0.0,0.902147315522804,0.8717948717948718,0.1282051282051282,240.96656322330543,3859.0
exp_smoothing,item_42_store_3,19292.055623823624,17992.422200896195,1299.6334229274298,0.0,0.924505755275781,0.8846153846153846,0.11538461538461539,230.67207949866918,3443.0
exp_smoothing,item_42_store_4,17757.945084740215,16641.59070988533,1116.3543748548823,0.0,0.9288039301750713,0.8974358974358975,0.10256410256410256,213.35372704981194,3136.0
exp_smoothing,item_42_store_5,13023.12309765262,12102.493523733732,920.6295739188886,0.0,0.9188515139780619,0.8974358974358975,0.10256410256410256,155.1601733812017,2269.0
exp_smoothing,item_42_store_6,12543.62212541184,11629.273102282817,914.349023129023,0.0,0.9181790583329733,0.8717948717948718,0.1282051282051282,149.09324490106175,2235.0
exp_smoothing,item_42_store_7,11163.46822984863,10199.912098173352,963.5561316752779,0.0,0.9111110579635353,0.8717948717948718,0.1282051282051282,130.7681038227353,2168.0
exp_smoothing,item_42_store_8,20118.66613350407,18375.841581659493,1742.8245518445765,0.0,0.9066510684603869,0.8846153846153846,0.11538461538461539,235.5877125853781,3734.0
exp_smoothing,item_42_store_9,17615.175641445858,16661.11758446935,954.0580569765069,0.0,0.9386063026398643,0.9102564102564102,0.08974358974358974,213.6040715957609,3108.0
exp_smoothing,item_43_store_1,21349.897552687202,19733.782468344612,1616.1150843425908,0.0,0.9144233474004453,0.8974358974358975,0.10256410256410256,252.99721113262325,3777.0
exp_smoothing,item_43_store_10,25199.940091194076,22907.971027309737,2291.969063884337,0.0,0.9046006633138675,0.8717948717948718,0.1282051282051282,293.6919362475607,4805.0
exp_smoothing,item_43_store_2,29852.224368251984,27641.85964509628,2210.3647231557024,0.0,0.9200591420196852,0.8974358974358975,0.10256410256410256,354.38281596277284,5530.0
exp_smoothing,item_43_store_3,26787.489704143838,24675.286214548003,2112.203489595837,0.0,0.9115677835630799,0.8846153846153846,0.11538461538461539,316.34982326343595,4777.0
exp_smoothing,item_43_store_4,25775.47611088412,24135.71148753701,1639.7646233471096,0.0,0.927234762664872,0.9102564102564102,0.08974358974358974,309.4321985581668,4507.0
exp_smoothing,item_43_store_5,18064.43003927815,16932.073978765544,1132.3560605126095,0.0,0.9298198908885895,0.9102564102564102,0.08974358974358974,217.07787152263518,3227.0
exp_smoothing,item_43_store_6,18866.263024608226,17790.85459217911,1075.4084324291175,0.0,0.9337598748118807,0.9102564102564102,0.08974358974358974,228.08787938691165,3247.0
exp_smoothing,item_43_store_7,16124.569558621304,15232.610086702021,891.9594719192833,0.0,0.9387180026163323,0.9230769230769231,0.07692307692307693,195.28987290643616,2911.0
exp_smoothing,item_43_store_8,27986.096016679414,26026.987365331304,1959.1086513481105,0.0,0.9241831017280143,0.8974358974358975,0.10256410256410256,333.67932519655517,5168.0
exp_smoothing,item_43_store_9,24137.617156021417,21773.5605850652,2364.056570956218,0.0,0.891257747426117,0.8589743589743589,0.14102564102564102,279.14821262904104,4348.0
exp_smoothing,item_44_store_1,12209.113433157792,11558.055432208315,651.0580009494771,0.0,0.9420509122430373,0.9230769230769231,0.07692307692307693,148.18019784882455,2247.0
exp_smoothing,item_44_store_10,15216.68596855118,14360.374635650198,856.3113329009826,0.0,0.9367569178064268,0.8974358974358975,0.10256410256410256,184.10736712372048,2708.0
exp_smoothing,item_44_store_2,16932.06051811765,15125.379118167762,1806.6813999498886,0.0,0.8829490508616852,0.8589743589743589,0.14102564102564102,193.9151168995867,3087.0
exp_smoothing,item_44_store_3,15573.4342523954,14837.815433175976,735.6188192194242,0.0,0.9461676678214839,0.9230769230769231,0.07692307692307693,190.22840298943558,2733.0
exp_smoothing,item_44_store_4,13653.910009752102,12673.219627124245,980.6903826278568,0.0,0.9224750685669679,0.8974358974358975,0.10256410256410256,162.4771747067211,2530.0
exp_smoothing,item_44_store_5,9944.266724202243,9152.88209462332,791.3846295789219,0.0,0.9100699284569407,0.8717948717948718,0.1282051282051282,117.34464223876053,1760.0
exp_smoothing,item_44_store_6,10596.832282135874,9912.83246445774,683.9998176781339,0.0,0.9264516325077276,0.8974358974358975,0.10256410256410256,127.08759569817616,1860.0
exp_smoothing,item_44_store_7,9525.618397851858,8705.51227972045,820.1061181314085,0.0,0.8999260380559598,0.8589743589743589,0.14102564102564102,111.60913179128781,1639.0
exp_smoothing,item_44_store_8,16293.394766996345,15246.3392735681,1047.0554934282438,0.0,0.9298925012769841,0.8974358974358975,0.10256410256410256,195.46588812266796,2987.0
exp_smoothing,item_44_store_9,14271.988435177322,13068.349483827675,1203.6389513496465,0.0,0.9026182078196079,0.8717948717948718,0.1282051282051282,167.5429421003548,2472.0
exp_smoothing,item_45_store_1,33337.19751266751,31087.711735313434,2249.4857773540753,0.0,0.9240423509250693,0.9102564102564102,0.08974358974358974,398.56040686299275,5923.0
exp_smoothing,item_45_store_10,39955.779151964205,37041.250494645756,2914.5286573184467,0.0,0.9214624452352884,0.8974358974358975,0.10256410256410256,474.8878268544328,7422.0
exp_smoothing,item_45_store_2,46031.384406097764,42476.33771083264,3555.046695265124,0.0,0.9171027936279557,0.8974358974358975,0.10256410256410256,544.5684321901621,8577.0
exp_smoothing,item_45_store_3,42271.048026341196,40066.13654552318,2204.9114808180184,0.0,0.9406404231843312,0.9230769230769231,0.07692307692307693,513.6684172502971,7429.0
exp_smoothing,item_45_store_4,39005.70604583125,36060.36821437433,2945.337831456919,0.0,0.9154246135977913,0.8846153846153846,0.11538461538461539,462.31241300479905,6965.0
exp_smoothing,item_45_store_5,28818.13701282602,27015.425079336957,1802.711933489062,0.0,0.9293331268722437,0.8974358974358975,0.10256410256410256,346.35160358124307,5102.0
exp_smoothing,item_45_store_6,27891.667279350277,25703.895098163524,2187.7721811867536,0.0,0.9114799845767042,0.8846153846153846,0.11538461538461539,329.5371166431221,4943.0
exp_smoothing,item_45_store_7,26195.015128696607,24248.429652591665,1946.5854761049395,0.0,0.9148661501812841,0.8846153846153846,0.11538461538461539,310.87730323835467,4573.0
exp_smoothing,item_45_store_8,44642.33719473866,41312.613971228515,3329.7232235101446,0.0,0.9155642646504337,0.8974358974358975,0.10256410256410256,529.6488970670323,7887.0
exp_smoothing,item_45_store_9,39230.917485553575,36216.95427785967,3013.9632076938983,0.0,0.914058648198064,0.8846153846153846,0.11538461538461539,464.3199266392266,7014.0
exp_smoothing,item_46_store_1,24395.35469745646,23070.93130492641,1324.4233925300512,0.0,0.9395654395377572,0.9102564102564102,0.08974358974358974,295.7811705759796,4383.0
exp_smoothing,item_46_store_10,28438.07865239091,27063.24058052304,1374.8380718678675,0.0,0.9485753479757671,0.9358974358974359,0.0641025641025641,346.9646228272185,5347.0
exp_smoothing,item_46_store_2,34630.625231786486,32408.467405164436,2222.157826622049,0.0,0.928478988521981,0.9102564102564102,0.08974358974358974,415.4931718610825,6214.0
exp_smoothing,item_46_store_3,30466.465183792458,27800.945221501792,2665.519962290666,0.0,0.9038932770041225,0.8717948717948718,0.1282051282051282,356.42237463463835,5547.0
exp_smoothing,item_46_store_4,27703.847272330415,25640.937369810552,2062.9099025198616,0.0,0.9178450855229049,0.8974358974358975,0.10256410256410256,328.7299662796225,5022.0
exp_smoothing,item_46_store_5,19609.09212254273,17585.016219425128,2024.0759031176015,0.0,0.8888481107568589,0.8717948717948718,0.1282051282051282,225.44892589006574,3642.0
exp_smoothing,item_46_store_6,21665.610617441354,20476.4521282424,1189.1584891989537,0.0,0.9348941423926114,0.9230769230769231,0.07692307692307693,262.51861702874874,3653.0
exp_smoothing,item_46_store_7,19467.930053429092,18568.16140740291,899.7686460261815,0.0,0.9472894759211375,0.9358974358974359,0.0641025641025641,238.05335137696036,3414.0
exp_smoothing,item_46_store_8,32176.995386494433,29451.90270975077,2725.0926767436613,0.0,0.9089967381284467,0.8846153846153846,0.11538461538461539,377.58849627885604,5989.0
exp_smoothing,item_46_store_9,27780.386975547262,25598.74856667514,2181.6384088721215,0.0,0.9136839403017953,0.8846153846153846,0.11538461538461539,328.18908418814283,5055.0
exp_smoothing,item_47_store_1,8748.818451677755,8121.924962988567,626.893488689187,0.0,0.9234094699219075,0.8974358974358975,0.10256410256410256,104.12724311523804,1637.0
exp_smoothing,item_47_store_10,11770.86664402929,11152.67734469613,618.1892993331593,0.0,0.9391246381749719,0.9102564102564102,0.08974358974358974,142.98304288071964,2031.0
exp_smoothing,item_47_store_2,12605.89571360942,11448.098255224324,1157.7974583850948,0.0,0.8987053842182771,0.8717948717948718,0.1282051282051282,146.7704904515939,2286.0
exp_smoothing,item_47_store_3,11272.981638645902,10497.9876276495,774.994010996403,0.0,0.9250126743109431,0.8974358974358975,0.10256410256410256,134.58958496986537,2067.0
exp_smoothing,item_47_store_4,10104.418104097,9389.664013815789,714.7540902812108,0.0,0.9247231079219368,0.9102564102564102,0.08974358974358974,120.3803078694332,1899.0
exp_smoothing,item_47_store_5,7710.00233533406,7092.910826537288,617.0915087967728,0.0,0.9123449561368221,0.8846153846153846,0.11538461538461539,90.93475418637549,1408.0
exp_smoothing,item_47_store_6,7566.29825446895,7088.710040771745,477.5882136972052,0.0,0.9268624481321278,0.9102564102564102,0.08974358974358974,90.88089795861212,1306.0
exp_smoothing,item_47_store_7,6972.104611865523,6544.369752212563,427.7348596529603,0.0,0.9323739352327336,0.9230769230769231,0.07692307692307693,83.90217631041747,1265.0
exp_smoothing,item_47_store_8,12315.469752637524,11479.61201259119,835.8577400463349,0.0,0.9244593095303809,0.8974358974358975,0.10256410256410256,147.17451298193834,2213.0
exp_smoothing,item_47_store_9,10224.669349756869,9500.499448846578,724.1699009102908,0.0,0.9242103714379601,0.9102564102564102,0.08974358974358974,121.80127498521254,1911.0
exp_smoothing,item_48_store_1,21804.57134753106,20243.240204374917,1561.3311431561415,0.0,0.9172146795781473,0.8974358974358975,0.10256410256410256,259.5287205689092,3772.0
exp_smoothing,item_48_store_10,25755.00804662838,24134.429665980304,1620.5783806480747,0.0,0.9315055629480948,0.9102564102564102,0.08974358974358974,309.41576494846544,4732.0
exp_smoothing,item_48_store_2,29013.37897510442,26497.448934295335,2515.930040809087,0.0,0.9080434926604865,0.8846153846153846,0.11538461538461539,339.7108837730171,5472.0
exp_smoothing,item_48_store_3,25834.588974163868,23745.659888027752,2088.9290861361133,0.0,0.9137162707089586,0.8974358974358975,0.10256410256410256,304.4315370259968,4842.0
exp_smoothing,item_48_store_4,25344.158192076415,23979.097681693376,1365.0605103830367,0.0,0.937725341679606,0.9230769230769231,0.07692307692307693,307.4243292524792,4384.0
exp_smoothing,item_48_store_5,17075.045146885564,15467.847983892936,1607.1971629926288,0.0,0.9024463027015096,0.8717948717948718,0.1282051282051282,198.30574338324277,3295.0
exp_smoothing,item_48_store_6,17975.859073033804,16561.78540775626,1414.0736652775433,0.0,0.913379867364316,0.8846153846153846,0.11538461538461539,212.33058215072126,3265.0
exp_smoothing,item_48_store_7,16548.003772254353,15762.754292518797,785.2494797355553,0.0,0.947927753333186,0.9358974358974359,0.0641025641025641,202.08659349383075,3016.0
exp_smoothing,item_48_store_8,28721.676554004393,27020.329319468685,1701.3472345357093,0.0,0.934374262891583,0.9102564102564102,0.08974358974358974,346.41447845472675,5185.0
exp_smoothing,item_48_store_9,23431.088910973653,21506.16412915372,1924.9247818199342,0.0,0.913564221741359,0.8846153846153846,0.11538461538461539,275.7200529378682,4454.0
exp_smoothing,item_49_store_1,12329.101142674246,11290.054969310284,1039.0461733639627,0.0,0.9065185629002283,0.8846153846153846,0.11538461538461539,144.74429447833697,2223.0
exp_smoothing,item_49_store_10,14489.025591477544,13646.902363362078,842.123228115467,0.0,0.9342604818020712,0.9102564102564102,0.08974358974358974,174.96028670977023,2562.0
exp_smoothing,item_49_store_2,17796.562424763928,16894.183542121522,902.3788826424078,0.0,0.9415557718495849,0.9230769230769231,0.07692307692307693,216.59209669386567,3088.0
exp_smoothing,item_49_store_3,15289.389297245234,14178.127727130111,1111.2615701151226,0.0,0.9159090752845158,0.8846153846153846,0.11538461538461539,181.7708682965399,2643.0
exp_smoothing,item_49_store_4,13525.04732696849,12503.224805850763,1021.8225211177275,0.0,0.9170935074143831,0.8974358974358975,0.10256410256410256,160.29775392116363,2465.0
exp_smoothing,item_49_store_5,10791.737151532054,10207.088951250153,584.6482002819018,0.0,0.9365202822712376,0.8974358974358975,0.10256410256410256,130.86011475961735,1842.0
exp_smoothing,item_49_store_6,10376.53803505576,9946.865570585995,429.6724644697653,0.0,0.9516678892609938,0.9102564102564102,0.08974358974358974,127.52391757161531,1778.0
exp_smoothing,item_49_store_7,9227.106064598687,8550.363646825874,676.742417772813,0.0,0.9173191914755269,0.8846153846153846,0.11538461538461539,109.62004675417786,1637.0
exp_smoothing,item_49_store_8,16884.622780771748,15917.271913354774,967.3508674169727,0.0,0.933240105768325,0.9102564102564102,0.08974358974358974,204.0675886327535,2898.0
exp_smoothing,item_49_store_9,14233.538053252763,13518.899274464373,714.6387787883896,0.0,0.9433276146876772,0.9230769230769231,0.07692307692307693,173.31922146749196,2522.0
exp_smoothing,item_4_store_1,9192.39978702121,8907.250567824705,285.1492191965039,0.0,0.9641321736859744,0.9358974358974359,0.0641025641025641,114.19552010031673,1590.0
exp_smoothing,item_4_store_10,10968.657768743238,10085.809469054773,882.8482996884643,0.0,0.9116267968279815,0.8846153846153846,0.11538461538461539,129.30524960326633,1998.0
exp_smoothing,item_4_store_2,13043.262628127612,12070.681258862578,972.5813692650337,0.0,0.9168378478610489,0.8974358974358975,0.10256410256410256,154.75232383157152,2339.0
exp_smoothing,item_4_store_3,10831.553911957006,9719.834780601595,1111.7191313554097,0.0,0.8897650836534051,0.8461538461538461,0.15384615384615385,124.61326641796917,2017.0
exp_smoothing,item_4_store_4,11500.457071952045,10631.934064754265,868.5230071977796,0.0,0.9105076757137786,0.8974358974358975,0.10256410256410256,136.30684698402905,1941.0
exp_smoothing,item_4_store_5,7687.243922061149,7123.29019566572,563.9537263954293,0.0,0.918797159626288,0.8974358974358975,0.10256410256410256,91.32423327776564,1389.0
exp_smoothing,item_4_store_6,7924.420690092677,7276.113513784516,648.307176308162,0.0,0.9057693057691624,0.8717948717948718,0.1282051282051282,93.28350658698098,1376.0
exp_smoothing,item_4_store_7,6830.971747811293,6558.545533937242,272.4262138740511,0.0,0.9559893030898141,0.9358974358974359,0.0641025641025641,84.08391710175951,1238.0
exp_smoothing,item_4_store_8,12287.767575841424,11682.117420200102,605.6501556413227,0.0,0.9435817274670403,0.9102564102564102,0.08974358974358974,149.77073615641157,2147.0
exp_smoothing,item_4_store_9,10416.496994304332,9823.151760773213,593.3452335311185,0.0,0.9388933848062699,0.9230769230769231,0.07692307692307693,125.93784308683607,1942.0
exp_smoothing,item_50_store_1,27193.089454428304,25527.34069955879,1665.7487548695121,0.0,0.9311389518449975,0.9102564102564102,0.08974358974358974,327.2735987122922,4838.0
exp_smoothing,item_50_store_10,34133.54173117917,31583.157312605967,2550.3844185732023,0.0,0.9143879013570593,0.8846153846153846,0.11538461538461539,404.91227323853803,5958.0
exp_smoothing,item_50_store_2,39742.21156253908,37628.894155605856,2113.317406933222,0.0,0.9392463013674509,0.9230769230769231,0.07692307692307693,482.4217199436648,6957.0
exp_smoothing,item_50_store_3,33305.326429811365,30729.163987802873,2576.1624420084936,0.0,0.9159353094466146,0.8974358974358975,0.10256410256410256,393.9636408692676,6129.0
exp_smoothing,item_50_store_4,31047.88186125459,29498.224585339354,1549.6572759152366,0.0,0.9440051571485009,0.9230769230769231,0.07692307692307693,378.1823664787097,5535.0
exp_smoothing,item_50_store_5,23158.726168669764,21423.87842077594,1734.8477478938235,0.0,0.915538084328441,0.8846153846153846,0.11538461538461539,274.66510795866594,4108.0
exp_smoothing,item_50_store_6,22493.51092614527,21243.730624609743,1249.7803015355282,0.0,0.9379607693454689,0.9230769230769231,0.07692307692307693,272.35552082833004,4029.0
exp_smoothing,item_50_store_7,20542.483360898266,19479.59120093812,1062.8921599601472,0.0,0.9432215726517016,0.9102564102564102,0.08974358974358974,249.7383487299759,3744.0
exp_smoothing,item_50_store_8,36676.00911915336,34161.66617919108,2514.342939962279,0.0,0.9228610848301187,0.8974358974358975,0.10256410256410256,437.9700792203985,6519.0
exp_smoothing,item_50_store_9,31783.662200651386,29679.972385740926,2103.689814910458,0.0,0.9247607362335315,0.8974358974358975,0.10256410256410256,380.512466483858,5592.0
exp_smoothing,item_5_store_1,7691.720745237669,7437.2248045053475,254.49594073232106,0.0,0.9618160629058783,0.9487179487179487,0.05128205128205128,95.34903595519677,1333.0
exp_smoothing,item_5_store_10,9489.418444221961,8762.461436195632,726.9570080263287,0.0,0.9135604033262391,0.8846153846153846,0.11538461538461539,112.33924918199529,1682.0
exp_smoothing,item_5_store_2,10386.557079821832,9616.200427510608,770.3566523112236,0.0,0.9204177012075182,0.8974358974358975,0.10256410256410256,123.28462086552062,1936.0
exp_smoothing,item_5_store_3,9298.990593441453,8274.365746692862,1024.6248467485912,0.0,0.884092211906268,0.8589743589743589,0.14102564102564102,106.08161213708797,1768.0
exp_smoothing,item_5_store_4,8600.869642478949,7996.958048461563,603.9115940173866,0.0,0.9209022142740817,0.8846153846153846,0.11538461538461539,102.52510318540465,1527.0
exp_smoothing,item_5_store_5,6527.480179069425,6031.215732130153,496.2644469392717,0.0,0.9154575047803626,0.8717948717948718,0.1282051282051282,77.32327861705325,1174.0
exp_smoothing,item_5_store_6,6195.425906935563,5671.270487463223,524.1554194723403,0.0,0.9107060614186814,0.8717948717948718,0.1282051282051282,72.70859599311824,1174.0
exp_smoothing,item_5_store_7,5347.065013050444,4837.5931765721125,509.47183647833083,0.0,0.9037824671429026,0.8846153846153846,0.11538461538461539,62.02042534066811,1059.0
exp_smoothing,item_5_store_8,10650.903680117146,9891.955395062449,758.9482850546972,0.0,0.9225957893875882,0.9102564102564102,0.08974358974358974,126.81994096233909,1961.0
exp_smoothing,item_5_store_9,8996.912373988187,8299.101805923532,697.8105680646545,0.0,0.9098435958572798,0.8846153846153846,0.11538461538461539,106.39874110158374,1548.0
exp_smoothing,item_6_store_1,24558.497110710632,22478.496434531717,2080.000676178915,0.0,0.9056475084518524,0.8717948717948718,0.1282051282051282,288.1858517247656,4409.0
exp_smoothing,item_6_store_10,28956.41632211652,26216.30950468057,2740.1068174359543,0.0,0.898156223102176,0.8717948717948718,0.1282051282051282,336.1065321112893,5381.0
exp_smoothing,item_6_store_2,34008.489108118774,31637.10215003618,2371.386958082593,0.0,0.9216070427080134,0.8974358974358975,0.10256410256410256,405.60387371841256,6050.0
exp_smoothing,item_6_store_3,31695.318220879744,29534.529039755555,2160.7891811241893,0.0,0.9201334621650641,0.8974358974358975,0.10256410256410256,378.6478082019943,5411.0
exp_smoothing,item_6_store_4,27193.37792572041,25079.528509008378,2113.849416712035,0.0,0.9137908068225107,0.8846153846153846,0.11538461538461539,321.5324167821587,4904.0
exp_smoothing,item_6_store_5,20495.069493080464,19191.771845141466,1303.2976479389977,0.0,0.9283508714711931,0.8974358974358975,0.10256410256410256,246.04835698899316,3638.0
exp_smoothing,item_6_store_6,19807.968574845414,18478.4379482456,1329.5306265998158,0.0,0.9281917025871015,0.9102564102564102,0.08974358974358974,236.9030506185333,3703.0
exp_smoothing,item_6_store_7,18371.353964614522,17066.155712548152,1305.19825206637,0.0,0.921515438841469,0.8846153846153846,0.11538461538461539,218.79686810959168,3326.0
exp_smoothing,item_6_store_8,35026.711788972476,33529.186462547994,1497.5253264244827,0.0,0.9487850435559342,0.9230769230769231,0.07692307692307693,429.8613649044615,5848.0
exp_smoothing,item_6_store_9,27247.43049110519,25038.977201136993,2208.453289968198,0.0,0.9127955265560436,0.8846153846153846,0.11538461538461539,321.012528219705,5065.0
exp_smoothing,item_7_store_1,24589.17856488295,23143.907351489077,1445.271213393873,0.0,0.9329651570782063,0.9102564102564102,0.08974358974358974,296.71676091652665,4312.0
exp_smoothing,item_7_store_10,29886.820602350017,27596.5112968025,2290.30930554752,0.0,0.9131636282256864,0.8846153846153846,0.11538461538461539,353.8014268820833,5275.0
exp_smoothing,item_7_store_2,34194.70118920594,31951.94689099273,2242.754298213208,0.0,0.9267432860292926,0.9102564102564102,0.08974358974358974,409.64034475631706,6123.0
exp_smoothing,item_7_store_3,30569.670419167982,28499.56999584179,2070.1004233261915,0.0,0.9245590224735352,0.9102564102564102,0.08974358974358974,365.37910251079217,5488.0
exp_smoothing,item_7_store_4,27166.506078196744,25277.621684556143,1888.8843936406,0.0,0.9245653197427876,0.8974358974358975,0.10256410256410256,324.0720728789249,5008.0
exp_smoothing,item_7_store_5,20375.362429741985,19212.02419306678,1163.338236675205,0.0,0.9367922718459547,0.9102564102564102,0.08974358974358974,246.30800247521512,3681.0
exp_smoothing,item_7_store_6,19847.704787838058,18100.014579577197,1747.6902082608603,0.0,0.9018978272096065,0.8589743589743589,0.14102564102564102,232.05146896893842,3563.0
exp_smoothing,item_7_store_7,18432.595096664147,17267.907025485416,1164.688071178731,0.0,0.9313475938002517,0.9230769230769231,0.07692307692307693,221.38342340365918,3393.0
exp_smoothing,item_7_store_8,32889.0978611146,30913.249420053482,1975.8484410611197,0.0,0.9342807769479088,0.9102564102564102,0.08974358974358974,396.32371051350617,6013.0
exp_smoothing,item_7_store_9,27793.116866602973,25757.348564398755,2035.7683022042193,0.0,0.9186831115556533,0.8974358974358975,0.10256410256410256,330.22241749229175,5007.0
exp_smoothing,item_8_store_1,31738.843833447623,29090.591587058472,2648.252246389153,0.0,0.9077906599446675,0.8846153846153846,0.11538461538461539,372.9563023981855,5744.0
exp_smoothing,item_8_store_10,40561.490486966846,37811.615171029865,2749.875315936978,0.0,0.9223418436617629,0.8974358974358975,0.10256410256410256,484.76429706448545,7082.0
exp_smoothing,item_8_store_2,44916.08514433701,42210.05388080927,2706.0312635277432,0.0,0.9335454011903795,0.9102564102564102,0.08974358974358974,541.1545369334522,8144.0
exp_smoothing,item_8_store_3,40407.61803254267,38081.70087874162,2325.9171538010505,0.0,0.935057457662961,0.9102564102564102,0.08974358974358974,488.2269343428413,7163.0
exp_smoothing,item_8_store_4,36284.278893580034,33004.95893501204,3279.319958568001,0.0,0.9027340958455286,0.8717948717948718,0.1282051282051282,423.140499166821,6743.0
exp_smoothing,item_8_store_5,25280.383174055438,23276.372693804155,2004.0104802512838,0.0,0.9157447769497044,0.8717948717948718,0.1282051282051282,298.4150345359507,4757.0
exp_smoothing,item_8_store_6,27286.533036208133,25674.517812146954,1612.0152240611787,0.0,0.9331114014912374,0.9102564102564102,0.08974358974358974,329.1604847711148,4820.0
exp_smoothing,item_8_store_7,24219.678263839323,22684.534517469667,1535.1437463696573,0.0,0.9290271037277088,0.8974358974358975,0.10256410256410256,290.82736560858547,4326.0
exp_smoothing,item_8_store_8,42117.63161218176,38982.39629553721,3135.2353166445446,0.0,0.9211360755466094,0.8846153846153846,0.11538461538461539,499.7743114812463,7951.0
exp_smoothing,item_8_store_9,36377.27433322894,33988.79967455447,2388.4746586744677,0.0,0.9288297181563031,0.8974358974358975,0.10256410256410256,435.7538419814676,6712.0
exp_smoothing,item_9_store_1,21032.30800269504,19930.414422610214,1101.893580084826,0.0,0.9400493155557766,0.9102564102564102,0.08974358974358974,255.5181336232079,3676.0
exp_smoothing,item_9_store_10,25911.89805359339,24401.465838249143,1510.4322153442479,0.0,0.935007219649559,0.9102564102564102,0.08974358974358974,312.83930561857875,4648.0
exp_smoothing,item_9_store_2,29465.741879909045,27537.41144477449,1928.3304351345555,0.0,0.9275744437508148,0.8974358974358975,0.10256410256410256,353.0437364714678,5325.0
exp_smoothing,item_9_store_3,25723.932615367085,23461.64218825069,2262.2904271163916,0.0,0.9034034830437067,0.8717948717948718,0.1282051282051282,300.79028446475246,4684.0
exp_smoothing,item_9_store_4,25775.814182767394,23930.536087839988,1845.2780949274063,0.0,0.9164465431321074,0.8974358974358975,0.10256410256410256,306.80174471589726,4417.0
exp_smoothing,item_9_store_5,17330.797104990197,16224.288818448656,1106.5082865415416,0.0,0.9304082838653118,0.8974358974358975,0.10256410256410256,208.0037028006238,3180.0
exp_smoothing,item_9_store_6,17270.040976740846,15915.002650382312,1355.0383263585343,0.0,0.9137193042751649,0.8846153846153846,0.11538461538461539,204.03849551772194,3141.0
exp_smoothing,item_9_store_7,16584.28203044492,15734.903357601403,849.3786728435163,0.0,0.942841273698283,0.9358974358974359,0.0641025641025641,201.729530225659,2972.0
exp_smoothing,item_9_store_8,28611.88931639465,26540.523055016,2071.3662613786482,0.0,0.9206221014991894,0.8846153846153846,0.11538461538461539,340.2631160899487,5219.0
exp_smoothing,item_9_store_9,23622.999458217135,22005.676455655932,1617.323002561203,0.0,0.9265520888936783,0.9102564102564102,0.08974358974358974,282.124057123794,4404.0
croston,item_10_store_1,31160.670791308232,29103.033713426463,2057.6370778817704,0.0,0.9249311536708583,0.9102564102564102,0.08974358974358974,373.1158168388008,5482.0
croston,item_10_store_10,39298.443627908324,36835.921113411496,2462.5225144968263,0.0,0.9256933459717313,0.8974358974358975,0.10256410256410256,472.25539888989096,6628.0
croston,item_10_store_2,43986.992093570196,40814.44431263442,3172.5477809357735,0.0,0.9178522066044595,0.8974358974358975,0.10256410256410256,523.2621065722361,7724.0
croston,item_10_store_3,39222.16894775546,36412.424088856395,2809.7448588990687,0.0,0.9187465338664238,0.8974358974358975,0.10256410256410256,466.82594985713325,6916.0
croston,item_10_store_4,36025.889860050185,33192.99191894964,2832.897941100542,0.0,0.9109851393212713,0.8846153846153846,0.11538461538461539,425.55117844807233,6365.0
croston,item_10_store_5,26305.833212782094,24580.57376310411,1725.2594496779864,0.0,0.9250864329275733,0.9102564102564102,0.08974358974358974,315.1355610654373,4606.0
croston,item_10_store_6,25746.962169001567,23874.715734856796,1872.2464341447699,0.0,0.9177576791502406,0.8974358974358975,0.10256410256410256,306.0860991648307,4553.0
croston,item_10_store_7,23851.86586635259,22646.01227072247,1205.8535956301216,0.0,0.9412781302347153,0.9230769230769231,0.07692307692307693,290.33349065028807,4107.0
croston,item_10_store_8,42006.50206038839,39103.81906100846,2902.6829993799365,0.0,0.9220232908158513,0.8974358974358975,0.10256410256410256,501.3310136026725,7445.0
croston,item_10_store_9,36344.21818276579,34069.12163143796,2275.0965513278265,0.0,0.9290694761861941,0.9102564102564102,0.08974358974358974,436.7836106594611,6415.0
croston,item_11_store_1,29613.64769306024,27909.423972258523,1704.2237208017161,0.0,0.9345787439231588,0.9102564102564102,0.08974358974358974,357.81312784946823,5210.0
croston,item_11_store_10,37560.278835905105,35042.52601147365,2517.752824431451,0.0,0.9234027129774429,0.9102564102564102,0.08974358974358974,449.26315399325193,6574.0
croston,item_11_store_2,42657.6092994541,39957.72713260002,2699.882166854086,0.0,0.927099171949397,0.8974358974358975,0.10256410256410256,512.2785529820516,7407.0
croston,item_11_store_3,38159.91557593043,35912.75909274304,2247.1564831873843,0.0,0.9309417184023546,0.9230769230769231,0.07692307692307693,460.4199883685005,6508.0
croston,item_11_store_4,34538.74766105327,31824.18426544487,2714.5633956083975,0.0,0.9109687308754215,0.8974358974358975,0.10256410256410256,408.00236237749834,6098.0
croston,item_11_store_5,24603.582851077463,23123.135447059183,1480.44740401828,0.0,0.9317451634846344,0.9102564102564102,0.08974358974358974,296.4504544494767,4338.0
croston,item_11_store_6,24381.969745309263,22608.403047783933,1773.5666975253298,0.0,0.9175085256964963,0.8846153846153846,0.11538461538461539,289.85132112543505,4300.0
croston,item_11_store_7,22471.816418298546,20895.906609899117,1575.9098083994286,0.0,0.921184805781474,0.8974358974358975,0.10256410256410256,267.8962385884502,3999.0
croston,item_11_store_8,38634.638159485,35838.0745268727,2796.5636326123035,0.0,0.9215770153501878,0.8974358974358975,0.10256410256410256,459.46249393426535,7132.0
croston,item_11_store_9,32716.46699005657,29836.803119788812,2879.66387026776,0.0,0.9058163901793047,0.8846153846153846,0.11538461538461539,382.5231169203694,6115.0
croston,item_12_store_1,29606.02063539801,27623.16508185516,1982.8555535428507,0.0,0.9240576195502547,0.8974358974358975,0.10256410256410256,354.1431420750662,5222.0
croston,item_12_store_10,36739.702583253435,34412.91015850255,2326.7924247508827,0.0,0.9284394148930991,0.8974358974358975,0.10256410256410256,441.1911558782378,6503.0
croston,item_12_store_2,41844.317545844555,39363.30003819509,2481.0175076494647,0.0,0.9320455352602173,0.9102564102564102,0.08974358974358974,504.657692797373,7302.0
croston,item_12_store_3,36219.259101421245,33672.32056473154,2546.9385366897063,0.0,0.9213665163109076,0.8974358974358975,0.10256410256410256,431.69641749655824,6478.0
croston,item_12_store_4,33163.46283718213,30723.58893913355,2439.8738980485778,0.0,0.9189006515523159,0.8974358974358975,0.10256410256410256,393.8921658863276,6017.0
croston,item_12_store_5,24520.625061552062,23292.336714169494,1228.2883473825689,0.0,0.9434229227368693,0.9230769230769231,0.07692307692307693,298.61970146371146,4342.0
croston,item_12_store_6,24928.475305820997,23264.170585926397,1664.3047198946006,0.0,0.9228953106372666,0.8974358974358975,0.10256410256410256,298.2585972554666,4317.0
croston,item_12_store_7,22903.888813897738,21216.070983131718,1687.8178307660205,0.0,0.9145408693283027,0.8846153846153846,0.11538461538461539,272.00091004015025,3950.0
croston,item_12_store_8,40306.65931421895,37618.118878307934,2688.5404359110203,0.0,0.9212495478643521,0.8974358974358975,0.10256410256410256,482.28357536292225,6828.0
croston,item_12_store_9,35625.063639566484,33473.134957558505,2151.928682007981,0.0,0.9275566846656124,0.9102564102564102,0.08974358974358974,429.1427558661347,5941.0
croston,item_13_store_1,35118.54212647378,32502.84911562457,2615.693010849209,0.0,0.9159076350795946,0.8846153846153846,0.11538461538461539,416.7031937900586,6221.0
croston,item_13_store_10,46638.78751728535,43944.670301073915,2694.11721621144,0.0,0.9308668920653981,0.9102564102564102,0.08974358974358974,563.3932089881271,7794.0
croston,item_13_store_2,50032.36945675594,46635.29847474666,3397.0709820092793,0.0,0.9223260321936828,0.8974358974358975,0.10256410256410256,597.8884419839316,8747.0
croston,item_13_store_3,44033.95559407815,40662.83081278136,3371.124781296794,0.0,0.9143515045402237,0.8974358974358975,0.10256410256410256,521.3183437536071,7872.0
croston,item_13_store_4,41688.016569086314,38732.68192151425,2955.334647572062,0.0,0.9166807260340551,0.8974358974358975,0.10256410256410256,496.57284514761864,7094.0
croston,item_13_store_5,29725.65610063722,27726.284773903397,1999.3713267338262,0.0,0.9240937233586247,0.8974358974358975,0.10256410256410256,355.4651894090179,5268.0
croston,item_13_store_6,30627.069910091734,29265.39863308125,1361.6712770104823,0.0,0.949124928936653,0.9230769230769231,0.07692307692307693,375.1974183728366,5353.0
croston,item_13_store_7,26886.4046801683,24395.58452677118,2490.820153397118,0.0,0.8943896479373705,0.8717948717948718,0.1282051282051282,312.7639041893741,4717.0
croston,item_13_store_8,48752.35915471333,45534.11656625549,3218.2425884578424,0.0,0.9246930481231346,0.8974358974358975,0.10256410256410256,583.7707252084037,8547.0
croston,item_13_store_9,42594.11278445826,39821.96227695525,2772.1505075030063,0.0,0.9225872519546773,0.8974358974358975,0.10256410256410256,510.5379779096827,7162.0
croston,item_14_store_1,24863.692326011085,23436.627317825893,1427.065008185192,0.0,0.9348223334923411,0.9102564102564102,0.08974358974358974,300.4695809977679,4379.0
croston,item_14_store_10,30905.90987480275,28308.318744024913,2597.591130777838,0.0,0.9044827677595941,0.8846153846153846,0.11538461538461539,362.9271633849348,5439.0
croston,item_14_store_2,35151.26074902547,32858.037960704096,2293.2227883213704,0.0,0.9261798555183849,0.8974358974358975,0.10256410256410256,421.2568969321038,6213.0
croston,item_14_store_3,31817.411251039,29948.66281591115,1868.748435127851,0.0,0.9322180473294215,0.9102564102564102,0.08974358974358974,383.95721558860447,5514.0
croston,item_14_store_4,28261.754938581747,26425.366701736148,1836.3882368455995,0.0,0.927156357126315,0.8974358974358975,0.10256410256410256,338.7867525863609,5042.0
croston,item_14_store_5,20957.22856686749,19768.9465975209,1188.2819693465894,0.0,0.9348350990213002,0.9230769230769231,0.07692307692307693,253.44803330154997,3647.0
croston,item_14_store_6,21217.871531645695,19763.25463968579,1454.6168919599036,0.0,0.9209017459510656,0.8846153846153846,0.11538461538461539,253.37505948315115,3678.0
croston,item_14_store_7,18875.887040700156,17467.893620112143,1407.9934205880118,0.0,0.9168589654214342,0.8974358974358975,0.10256410256410256,223.94735410400185,3387.0
croston,item_14_store_8,32849.150354014426,30603.507653723012,2245.642700291412,0.0,0.9250077575457869,0.9102564102564102,0.08974358974358974,392.3526622272181,5989.0
croston,item_14_store_9,29013.551496488813,27339.551501777292,1673.99999471152,0.0,0.9336898397816787,0.9102564102564102,0.08974358974358974,350.5070705356063,5049.0
croston,item_15_store_1,36352.34700401689,33746.44937477333,2605.897629243559,0.0,0.921117068889252,0.8974358974358975,0.10256410256410256,432.64678685606833,6607.0
croston,item_15_store_10,45427.11872870047,42271.2609480777,3155.8577806227695,0.0,0.9222120339999318,0.8974358974358975,0.10256410256410256,541.9392429240731,8114.0
croston,item_15_store_2,52821.69887269873,49369.453083954366,3452.2457887443647,0.0,0.9244833033196026,0.8974358974358975,0.10256410256410256,632.9417062045432,9143.0
croston,item_15_store_3,46686.010336277635,44056.51290203721,2629.497434240427,0.0,0.9370707805614352,0.9230769230769231,0.07692307692307693,564.8270884876565,8357.0
croston,item_15_store_4,43410.13810980946,40258.35921280463,3151.778897004825,0.0,0.9189774062466626,0.8846153846153846,0.11538461538461539,516.1328104205721,7780.0
croston,item_15_store_5,31421.433383206393,28958.59202011046,2462.8413630959335,0.0,0.9104909553663117,0.8846153846153846,0.11538461538461539,371.2640002578264,5503.0
croston,item_15_store_6,31275.445318937658,29201.32213651229,2074.123182425367,0.0,0.9224481891035571,0.8974358974358975,0.10256410256410256,374.37592482708067,5349.0
croston,item_15_store_7,28922.08689166163,26906.078476877887,2016.0084147837438,0.0,0.9185451145541921,0.8974358974358975,0.10256410256410256,344.94972406253703,4950.0
croston,item_15_store_8,49742.67619419762,46373.77517622985,3368.9010179677734,0.0,0.9243793261960096,0.8974358974358975,0.10256410256410256,594.5355791824339,8910.0
croston,item_15_store_9,43596.74047888366,40642.098910880944,2954.64156800271,0.0,0.9232560631687609,0.8974358974358975,0.10256410256410256,521.0525501394993,7700.0
croston,item_16_store_1,10817.630352861566,10145.009380630745,672.6209722308215,0.0,0.9285206193165971,0.8974358974358975,0.10256410256410256,130.0642228285993,1882.0
croston,item_16_store_10,13342.717296599985,12824.864598721053,517.8526978789318,0.0,0.9552417720070068,0.9358974358974359,0.0641025641025641,164.42134100924426,2314.0
croston,item_16_store_2,15704.552459294628,14901.278170295813,803.2742889988145,0.0,0.9404320141639737,0.9102564102564102,0.08974358974358974,191.04202782430528,2697.0
croston,item_16_store_3,14159.96661678383,13359.693893045016,800.2727237388132,0.0,0.9319495983215296,0.9102564102564102,0.08974358974358974,171.27812683391045,2352.0
croston,item_16_store_4,12643.098170017634,12010.175561379918,632.9226086377167,0.0,0.9424354153126224,0.9230769230769231,0.07692307692307693,153.976609761281,2199.0
croston,item_16_store_5,9174.646232073572,8690.57113446861,484.0750976049614,0.0,0.9389179687564717,0.9230769230769231,0.07692307692307693,111.41757864703345,1585.0
croston,item_16_store_6,9213.180916797919,8632.382820014438,580.7980967834819,0.0,0.9262010042206503,0.8974358974358975,0.10256410256410256,110.67157461556972,1574.0
croston,item_16_store_7,8371.242955670741,7806.658540362708,564.5844153080327,0.0,0.9205370281058364,0.8974358974358975,0.10256410256410256,100.085365902086,1421.0
croston,item_16_store_8,15006.380231964062,14309.675976767441,696.7042551966205,0.0,0.9468367603817917,0.9230769230769231,0.07692307692307693,183.4573843175313,2621.0
croston,item_16_store_9,12991.338075053107,11946.305859038066,1045.0322160150406,0.0,0.9047806636888346,0.8846153846153846,0.11538461538461539,153.15776742356496,2195.0
croston,item_17_store_1,13879.603820088278,12952.136706863756,927.4671132245226,0.0,0.9225173673162471,0.8974358974358975,0.10256410256410256,166.05303470338148,2394.0
croston,item_17_store_10,17849.006642003482,16711.43751203366,1137.5691299698235,0.0,0.924714154204512,0.9102564102564102,0.08974358974358974,214.2491988722264,3022.0
croston,item_17_store_2,19498.731605011944,17969.7574322724,1528.9741727395444,0.0,0.9131757993901451,0.8846153846153846,0.11538461538461539,230.38150554195383,3522.0
croston,item_17_store_3,17841.61219151372,16814.82481092397,1026.7873805897511,0.0,0.9343276379539653,0.9102564102564102,0.08974358974358974,215.5746770631278,3127.0
croston,item_17_store_4,16775.91273189569,15677.369194977464,1098.543536918226,0.0,0.9198435945335115,0.8846153846153846,0.11538461538461539,200.99191275612134,2741.0
croston,item_17_store_5,12339.315916777037,11641.633104701934,697.6828120751034,0.0,0.9338689277653931,0.9102564102564102,0.08974358974358974,149.2517064705376,2110.0
croston,item_17_store_6,11212.969754468915,10231.001647331843,981.9681071370733,0.0,0.9048941300593634,0.8846153846153846,0.11538461538461539,131.1666877863057,2065.0
croston,item_17_store_7,11179.532913061188,10579.435437742488,600.0974753187006,0.0,0.9350543857880194,0.9230769230769231,0.07692307692307693,135.63378766336524,1848.0
croston,item_17_store_8,18735.690771938025,17353.78624928051,1381.9045226575163,0.0,0.9138731989618251,0.8974358974358975,0.10256410256410256,222.4844390933399,3209.0
croston,item_17_store_9,16229.206464510296,15336.938683425242,892.2677810850553,0.0,0.9356692299145597,0.9230769230769231,0.07692307692307693,196.62741901827232,2774.0
croston,item_18_store_1,36905.11619108191,34363.50453231814,2541.611658763768,0.0,0.9197343546892857,0.8974358974358975,0.10256410256410256,440.55775041433515,6333.0
croston,item_18_store_10,44196.61246782727,41142.18213872688,3054.430329100387,0.0,0.9206950453303807,0.8974358974358975,0.10256410256410256,527.4638735734216,7703.0
croston,item_18_store_2,52109.464874679266,48697.71335588445,3411.7515187948175,0.0,0.9239721110017868,0.8974358974358975,0.10256410256410256,624.329658408775,8975.0
croston,item_18_store_3,44477.05893130206,42256.07408956386,2220.9848417382054,0.0,0.9433566732532975,0.9230769230769231,0.07692307692307693,541.744539609793,7842.0
croston,item_18_store_4,41524.68891050495,38816.647655891,2708.0412546139487,0.0,0.9246929573244174,0.8974358974358975,0.10256410256410256,497.6493289216795,7192.0
croston,item_18_store_5,29831.152477974025,27429.148588770833,2402.0038892031916,0.0,0.9084950899351165,0.8717948717948718,0.1282051282051282,351.6557511380876,5250.0
croston,item_18_store_6,30032.351183156705,27839.991821667725,2192.3593614889796,0.0,0.9154508537798312,0.8974358974358975,0.10256410256410256,356.92297207266313,5186.0
croston,item_18_store_7,27655.64985522309,25721.241147925248,1934.4087072978425,0.0,0.9191300707651403,0.8974358974358975,0.10256410256410256,329.75950189647756,4784.0
croston,item_18_store_8,48551.98042263514,45738.78508017728,2813.1953424578605,0.0,0.9331544411914492,0.9102564102564102,0.08974358974358974,586.3946805150933,8417.0
croston,item_18_store_9,42949.69759485186,40493.60173202078,2456.095862831079,0.0,0.9324041320261158,0.9102564102564102,0.08974358974358974,519.1487401541126,7267.0
croston,item_19_store_1,17699.571725586415,16523.472716721437,1176.099008864976,0.0,0.9220868493630358,0.8974358974358975,0.10256410256410256,211.839393804121,3019.0
croston,item_19_store_10,21734.755227870344,20499.948736730057,1234.8064911402878,0.0,0.9324504107691308,0.9102564102564102,0.08974358974358974,262.8198555991033,3656.0
croston,item_19_store_2,24243.882650156032,22644.04690997509,1599.8357401809415,0.0,0.9235442895970876,0.8974358974358975,0.10256410256410256,290.3082937176294,4185.0
croston,item_19_store_3,21071.493360219447,19875.306547886878,1196.1868123325678,0.0,0.9341850447134764,0.9102564102564102,0.08974358974358974,254.81162240880613,3635.0
croston,item_19_store_4,19600.931877962732,18372.28311156791,1228.64876639482,0.0,0.9305455756701628,0.9102564102564102,0.08974358974358974,235.54209117394757,3538.0
croston,item_19_store_5,14894.809496045451,14012.013259908872,882.7962361365786,0.0,0.9290356723362879,0.9102564102564102,0.08974358974358974,179.64119563985733,2488.0
croston,item_19_store_6,14658.476934606835,13406.522366560494,1251.954568046341,0.0,0.8992390689701135,0.8717948717948718,0.1282051282051282,171.8784918789807,2485.0
croston,item_19_store_7,13187.231559600414,12531.617558505883,655.6140010945313,0.0,0.9452285713371318,0.9358974358974359,0.0641025641025641,160.66176357058825,2394.0
croston,item_19_store_8,23616.91661621272,22272.34036523657,1344.5762509761482,0.0,0.9347293082050414,0.9102564102564102,0.08974358974358974,285.54282519534064,4120.0
croston,item_19_store_9,20213.3306724543,18784.632249305552,1428.6984231487486,0.0,0.9175830156822181,0.8846153846153846,0.11538461538461539,240.8286185808404,3467.0
croston,item_1_store_1,9333.645442705674,8732.500697907917,601.144744797758,0.0,0.9252307531346072,0.8846153846153846,0.11538461538461539,111.9551371526656,1608.0
croston,item_1_store_10,11526.803215403184,10813.8192111138,712.9840042893843,0.0,0.9277625122300522,0.8974358974358975,0.10256410256410256,138.6387078347923,1974.0
croston,item_1_store_2,13854.59453220225,13288.91762536898,565.6769068332704,0.0,0.9507464600058101,0.9358974358974359,0.0641025641025641,170.3707387867818,2297.0
croston,item_1_store_3,11809.695493895408,10753.039235241053,1056.6562586543544,0.0,0.8992221021788884,0.8717948717948718,0.1282051282051282,137.8594773748853,2097.0
croston,item_1_store_4,11037.421021730781,10268.172520175107,769.2485015556733,0.0,0.9162494826831058,0.8974358974358975,0.10256410256410256,131.6432374381424,1837.0
croston,item_1_store_5,8029.2666204228035,7427.872695497277,601.3939249255261,0.0,0.9130933634500685,0.8846153846153846,0.11538461538461539,95.22913712175996,1384.0
croston,item_1_store_6,7756.217185214778,7258.6986207437585,497.51856447101915,0.0,0.9259093723795951,0.8974358974358975,0.10256410256410256,93.06023872748408,1343.0
croston,item_1_store_7,6728.262460348458,6283.595623477334,444.66683687112436,0.0,0.9268038128607202,0.8974358974358975,0.10256410256410256,80.55891824970941,1215.0
croston,item_1_store_8,13274.21332640704,12503.962390128703,770.2509362783366,0.0,0.9316244175518564,0.9102564102564102,0.08974358974358974,160.30721012985518,2253.0
croston,item_1_store_9,11472.210539156877,10812.23856203158,659.9719771252969,0.0,0.9279113077962537,0.9102564102564102,0.08974358974358974,138.61844310296897,1831.0
croston,item_20_store_1,19852.242909725912,18180.807673894993,1671.4352358309184,0.0,0.905834634601075,0.8974358974358975,0.10256410256410256,233.08727787044862,3550.0
croston,item_20_store_10,24804.204747619257,22900.728780887992,1903.4759667312646,0.0,0.9121607768005877,0.8846153846153846,0.11538461538461539,293.5990869344614,4334.0
croston,item_20_store_2,29271.516299123632,27618.962950736317,1652.5533483873164,0.0,0.9324247250710562,0.9102564102564102,0.08974358974358974,354.0892685991835,4891.0
croston,item_20_store_3,25946.940684313762,24455.266929701436,1491.673754612325,0.0,0.9347331544689422,0.9230769230769231,0.07692307692307693,313.52906320130046,4571.0
croston,item_20_store_4,22841.51236590706,21514.914573256883,1326.5977926501762,0.0,0.9351455491248997,0.8974358974358975,0.10256410256410256,275.832238118678,4091.0
croston,item_20_store_5,17144.469687331104,15893.297703072185,1251.1719842589207,0.0,0.9152896422302693,0.8974358974358975,0.10256410256410256,203.76022696246392,2954.0
croston,item_20_store_6,17014.74049371574,15837.197106421305,1177.5433872944377,0.0,0.9231117605423155,0.8974358974358975,0.10256410256410256,203.04098854386288,3063.0
croston,item_20_store_7,15517.891178080039,14557.957734427408,959.9334436526311,0.0,0.9289201448609677,0.9102564102564102,0.08974358974358974,186.64048377471036,2701.0
croston,item_20_store_8,27422.135194112558,25250.37060459295,2171.7645895196083,0.0,0.9068511863813165,0.8846153846153846,0.11538461538461539,323.72270005888396,4663.0
croston,item_20_store_9,23395.610578250587,21863.648331159515,1531.962247091074,0.0,0.9258309248563993,0.9102564102564102,0.08974358974358974,280.3031837328143,4131.0
croston,item_21_store_1,16569.586110889548,15497.137021401042,1072.4490894885053,0.0,0.9287882410698204,0.9102564102564102,0.08974358974358974,198.6812438641159,3012.0
croston,item_21_store_10,21365.252009453336,19940.910739421623,1424.3412700317128,0.0,0.9239743117143467,0.8974358974358975,0.10256410256410256,255.6527017874567,3747.0
croston,item_21_store_2,23819.39066641924,22139.98001539115,1679.4106510280915,0.0,0.9234543914754744,0.8974358974358975,0.10256410256410256,283.84589763321986,4388.0
croston,item_21_store_3,21563.623282410004,20197.86323123763,1365.7600511723745,0.0,0.9276801667369672,0.8974358974358975,0.10256410256410256,258.9469645030465,3777.0
croston,item_21_store_4,19391.578361985747,18214.44245454827,1177.1359074374777,0.0,0.9297232294067177,0.9102564102564102,0.08974358974358974,233.5184930070291,3350.0
croston,item_21_store_5,14442.175052733048,13611.264331149592,830.9107215834553,0.0,0.9326925296408705,0.8974358974358975,0.10256410256410256,174.50338886089222,2469.0
croston,item_21_store_6,14215.399893928636,13483.968573119262,731.4313208093745,0.0,0.9401202357094249,0.9102564102564102,0.08974358974358974,172.87139196306745,2443.0
croston,item_21_store_7,12898.926312083664,12242.347898137234,656.5784139464301,0.0,0.9441209860471123,0.9230769230769231,0.07692307692307693,156.95317818124659,2350.0
croston,item_21_store_8,23928.308855518942,22388.80089590115,1539.5079596177925,0.0,0.9249569602916017,0.8974358974358975,0.10256410256410256,287.0359089218096,4103.0
croston,item_21_store_9,19570.816353479535,18352.139606554174,1218.6767469253614,0.0,0.9296172828804296,0.8974358974358975,0.10256410256410256,235.28384110966888,3463.0
croston,item_22_store_1,34681.44788126444,32750.02499152614,1931.422889738294,0.0,0.9348482749287133,0.9230769230769231,0.07692307692307693,419.87211527597617,5929.0
croston,item_22_store_10,42325.4781553672,38862.18621128672,3463.2919440804812,0.0,0.9059526966984255,0.8717948717948718,0.1282051282051282,498.23315655495793,7365.0
croston,item_22_store_2,47453.52284452799,44299.84885279243,3153.673991735566,0.0,0.9252506757114111,0.8974358974358975,0.10256410256410256,567.9467801640055,8438.0
croston,item_22_store_3,42397.10201441057,39896.721628234394,2500.3803861761744,0.0,0.9335535374388473,0.9102564102564102,0.08974358974358974,511.49643113121016,7526.0
croston,item_22_store_4,39634.61824342146,36535.53675321349,3099.081490207966,0.0,0.9101194463396762,0.8717948717948718,0.1282051282051282,468.4043173488909,6896.0
croston,item_22_store_5,28669.315639765773,26691.329737047898,1977.985902717877,0.0,0.9216328881649019,0.8974358974358975,0.10256410256410256,342.19653509035766,5048.0
croston,item_22_store_6,29568.079440698235,28085.832293488063,1482.2471472101722,0.0,0.9409110166549661,0.9230769230769231,0.07692307692307693,360.07477299343674,5017.0
croston,item_22_store_7,27646.879125486095,25990.69496602049,1656.1841594656062,0.0,0.9268954244332109,0.9102564102564102,0.08974358974358974,333.2140380259037,4531.0
croston,item_22_store_8,46290.90358263108,43382.41852540446,2908.4850572266223,0.0,0.928114556173341,0.8974358974358975,0.10256410256410256,556.1848528898007,8092.0
croston,item_22_store_9,40625.87147709574,38247.21134537067,2378.660131725069,0.0,0.9316083918422925,0.9102564102564102,0.08974358974358974,490.3488634021881,6956.0
croston,item_23_store_1,12672.09782238139,12183.872145692038,488.2256766893528,0.0,0.955856629594091,0.9358974358974359,0.0641025641025641,156.20348904733382,2212.0
croston,item_23_store_10,15353.938360547783,14118.055959127172,1235.8824014206107,0.0,0.9090594259440316,0.8846153846153846,0.11538461538461539,181.00071742470735,2718.0
croston,item_23_store_2,17814.107426439074,16896.725137912465,917.3822885266105,0.0,0.941193443043166,0.9230769230769231,0.07692307692307693,216.624681255288,3120.0
croston,item_23_store_3,15772.182878162586,14842.236023287132,929.9468548754533,0.0,0.9321949066806087,0.9102564102564102,0.08974358974358974,190.2850772216299,2743.0
croston,item_23_store_4,15104.984094151896,14073.686193457295,1031.2979006946011,0.0,0.9181509602623332,0.8846153846153846,0.11538461538461539,180.43187427509352,2520.0
croston,item_23_store_5,10453.93992911837,9734.312479704791,719.62744941358,0.0,0.922662283781453,0.8846153846153846,0.11538461538461539,124.79887794493322,1861.0
croston,item_23_store_6,11294.08613497806,10549.82696682505,744.2591681530112,0.0,0.9153288773432297,0.8974358974358975,0.10256410256410256,135.25419188237245,1758.0
croston,item_23_store_7,9873.313034229392,9403.449953292748,469.8630809366432,0.0,0.9440639189361139,0.9102564102564102,0.08974358974358974,120.55705068324035,1680.0
croston,item_23_store_8,17006.21715414111,15980.965628609832,1025.25152553128,0.0,0.9292197773192075,0.9102564102564102,0.08974358974358974,204.88417472576708,2897.0
croston,item_23_store_9,14214.028941710421,13272.329061700324,941.6998800100976,0.0,0.9273379722214432,0.8974358974358975,0.10256410256410256,170.1580648935939,2592.0
croston,item_24_store_1,28404.451162583733,26642.760857557885,1761.6903050258486,0.0,0.9268249094485629,0.8974358974358975,0.10256410256410256,341.57385714817804,4815.0
croston,item_24_store_10,34152.21907182038,31277.427882205542,2874.7911896148366,0.0,0.9063890853267719,0.8717948717948718,0.1282051282051282,400.99266515648134,6142.0
croston,item_24_store_2,40058.75191795582,37342.25316992918,2716.498748026645,0.0,0.9233169019611392,0.8974358974358975,0.10256410256410256,478.74683551191254,7085.0
croston,item_24_store_3,35673.76764979758,33465.82109392667,2207.9465558709035,0.0,0.9279625919781108,0.9102564102564102,0.08974358974358974,429.0489883836753,6130.0
croston,item_24_store_4,32157.443862991073,29936.491968492002,2220.9518944990714,0.0,0.9217423574877001,0.8974358974358975,0.10256410256410256,383.8011790832308,5676.0
croston,item_24_store_5,23660.67223712083,22341.42950691597,1319.2427302048604,0.0,0.9350286761780419,0.9230769230769231,0.07692307692307693,286.42858342199963,4061.0
croston,item_24_store_6,23540.54614433677,22239.59066485138,1300.9554794853893,0.0,0.9371367248376231,0.9230769230769231,0.07692307692307693,285.1229572416844,4139.0
croston,item_24_store_7,21136.72415405251,19525.5690102275,1611.1551438250085,0.0,0.914277459759244,0.8846153846153846,0.11538461538461539,250.32780782342948,3759.0
croston,item_24_store_8,38190.36382141955,35731.84138103414,2458.522440385418,0.0,0.9263694986407481,0.8974358974358975,0.10256410256410256,458.10053052607867,6678.0
croston,item_24_store_9,32477.854568999148,30239.41639701208,2238.438171987069,0.0,0.9209591040965018,0.8974358974358975,0.10256410256410256,387.68482560271894,5664.0
croston,item_25_store_1,34202.605053231106,31670.51612705984,2532.0889261712628,0.0,0.9150875611612588,0.8846153846153846,0.11538461538461539,406.03225803922874,5964.0
croston,item_25_store_10,41854.012369572854,39273.29477415143,2580.7175954214235,0.0,0.9301564926814229,0.8974358974358975,0.10256410256410256,503.5037791557875,7390.0
croston,item_25_store_2,48137.72497211979,45160.58247993965,2977.142492180141,0.0,0.9295684293309643,0.9102564102564102,0.08974358974358974,578.981826665893,8454.0
croston,item_25_store_3,41492.35797690773,38187.05633665937,3305.301640248359,0.0,0.9116111341021966,0.8846153846153846,0.11538461538461539,489.5776453417868,7479.0
croston,item_25_store_4,40152.8108596014,37758.095651511074,2394.715208090322,0.0,0.9298560278825331,0.9102564102564102,0.08974358974358974,484.0781493783471,6828.0
croston,item_25_store_5,29318.30493418889,27607.25218122884,1711.0527529600506,0.0,0.9307266091919009,0.9102564102564102,0.08974358974358974,353.9391305285749,4940.0
croston,item_25_store_6,29017.905906720134,27275.769394902138,1742.1365118179972,0.0,0.9308950213479572,0.9102564102564102,0.08974358974358974,349.6893512166941,5042.0
croston,item_25_store_7,26223.62693918559,23971.803870859865,2251.823068325725,0.0,0.9032929753778945,0.8717948717948718,0.1282051282051282,307.33081885717775,4657.0
croston,item_25_store_8,46797.14281371655,44489.32404571703,2307.8187679995162,0.0,0.9427624313492183,0.9230769230769231,0.07692307692307693,570.3759493040645,8064.0
croston,item_25_store_9,39968.91197827515,37503.27280293783,2465.6391753373236,0.0,0.9293816647476064,0.8974358974358975,0.10256410256410256,480.8111897812542,6983.0
croston,item_26_store_1,20711.901072204033,19517.448100276033,1194.4529719279994,0.0,0.9331213341585667,0.9102564102564102,0.08974358974358974,250.22369359328246,3572.0
croston,item_26_store_10,25626.927383247817,24471.937765935178,1154.9896173126394,0.0,0.9454421531737062,0.9230769230769231,0.07692307692307693,313.7427918709638,4234.0
croston,item_26_store_2,27327.08259259247,25523.540949231698,1803.5416433607713,0.0,0.9281743670505467,0.9102564102564102,0.08974358974358974,327.22488396450893,5022.0
croston,item_26_store_3,25254.176153849756,23272.37730298552,1981.798850864238,0.0,0.9077589550447178,0.8846153846153846,0.11538461538461539,298.3638115767374,4297.0
croston,item_26_store_4,23884.188220257296,22457.196472757245,1426.99174750005,0.0,0.9307957445441294,0.9102564102564102,0.08974358974358974,287.91277529175954,4124.0
croston,item_26_store_5,17312.67584523945,16272.383797207814,1040.2920480316334,0.0,0.9297099967546194,0.9102564102564102,0.08974358974358974,208.62030509240788,2960.0
croston,item_26_store_6,16895.8520145443,16220.381135989308,675.4708785549906,0.0,0.9551629021868576,0.9358974358974359,0.0641025641025641,207.95360430755522,3013.0
croston,item_26_store_7,15613.230769639806,14456.895766070551,1156.3350035692547,0.0,0.9167505396998377,0.8974358974358975,0.10256410256410256,185.34481751372502,2778.0
croston,item_26_store_8,27307.473111545885,25116.29335818082,2191.1797533650656,0.0,0.9107644164787184,0.8717948717948718,0.1282051282051282,322.00376100231824,4911.0
croston,item_26_store_9,23138.57769511632,21567.87234703004,1570.7053480862824,0.0,0.9234362491793184,0.8974358974358975,0.10256410256410256,276.5111839362826,4103.0
croston,item_27_store_1,9013.336954743845,8496.037472440838,517.2994823030067,0.0,0.9368762071625373,0.8974358974358975,0.10256410256410256,108.92355733898509,1639.0
croston,item_27_store_10,11625.715567017296,10539.833870931274,1085.8816960860224,0.0,0.8951345537338462,0.8717948717948718,0.1282051282051282,135.12607526834967,2071.0
croston,item_27_store_2,14049.977362435824,13095.370333787738,954.6070286480858,0.0,0.9165917843033564,0.8974358974358975,0.10256410256410256,167.88936325368894,2289.0
croston,item_27_store_3,11802.345622305029,11030.052500446207,772.2931218588212,0.0,0.9225771306407197,0.8974358974358975,0.10256410256410256,141.4109294929001,1995.0
croston,item_27_store_4,11028.63341409805,10423.193718228094,605.4396958699562,0.0,0.9357964267370141,0.9102564102564102,0.08974358974358974,133.63068869523198,1886.0
croston,item_27_store_5,7718.282012017602,7152.2529387468185,566.0290732707838,0.0,0.9164532733179656,0.8974358974358975,0.10256410256410256,91.69555049675408,1355.0
croston,item_27_store_6,8046.059738930793,7654.941095065603,391.11864386519045,0.0,0.9449128670612408,0.9230769230769231,0.07692307692307693,98.14027044955901,1420.0
croston,item_27_store_7,7390.365397017304,6976.239842619588,414.1255543977161,0.0,0.9306322354442687,0.9102564102564102,0.08974358974358974,89.43897234127677,1194.0
croston,item_27_store_8,12445.488460138458,11587.667655098285,857.8208050401734,0.0,0.9181077990415109,0.8974358974358975,0.10256410256410256,148.5598417320293,2095.0
croston,item_27_store_9,11464.587702929304,10826.675168483487,637.9125344458166,0.0,0.932921920668158,0.9230769230769231,0.07692307692307693,138.80352780107035,1902.0
croston,item_28_store_1,36927.35635041512,34876.05290135364,2051.3034490614746,0.0,0.9381485466889349,0.9230769230769231,0.07692307692307693,447.1288833506877,6633.0
croston,item_28_store_10,45914.15088817748,42789.80570913727,3124.345179040214,0.0,0.922482441904473,0.8974358974358975,0.10256410256410256,548.587252681247,8061.0
croston,item_28_store_2,53825.90005528122,50724.73626037052,3101.1637949107035,0.0,0.9324732978789179,0.9102564102564102,0.08974358974358974,650.3171315432118,9185.0
croston,item_28_store_3,46859.94588431026,44115.938358851134,2744.007525459126,0.0,0.9334221151168476,0.9102564102564102,0.08974358974358974,565.5889533186042,8243.0
croston,item_28_store_4,44218.26801109209,41190.931567562046,3027.3364435300446,0.0,0.9190226977790547,0.8974358974358975,0.10256410256410256,528.0888662507955,7477.0
croston,item_28_store_5,31690.660300357966,29658.197984582344,2032.4623157756196,0.0,0.924274876461415,0.8974358974358975,0.10256410256410256,380.23330749464543,5368.0
croston,item_28_store_6,30941.655329283774,29117.861766236292,1823.7935630474828,0.0,0.933047226026157,0.9102564102564102,0.08974358974358974,373.30592007995244,5448.0
croston,item_28_store_7,29010.392843124973,27560.65917930199,1449.733663822982,0.0,0.9415194165460677,0.9230769230769231,0.07692307692307693,353.34178435002553,4958.0
croston,item_28_store_8,51997.1210989036,49139.224649253054,2857.896449650543,0.0,0.9357992485757488,0.9102564102564102,0.08974358974358974,629.9900596058084,8903.0
croston,item_28_store_9,45139.70991657599,42524.925108466414,2614.78480810957,0.0,0.9312170246452829,0.9102564102564102,0.08974358974358974,545.1913475444412,7603.0
croston,item_29_store_1,29101.696049323684,27053.241963706874,2048.454085616808,0.0,0.9216951802134248,0.8974358974358975,0.10256410256410256,346.8364354321394,5232.0
croston,item_29_store_10,35886.63796345905,33603.29703601452,2283.340927444532,0.0,0.9279362181649192,0.9102564102564102,0.08974358974358974,430.8115004617246,6337.0
croston,item_29_store_2,41678.31194671435,39110.23957361078,2568.0723731035664,0.0,0.9292347100274575,0.9102564102564102,0.08974358974358974,501.4133278668049,7258.0
croston,item_29_store_3,38402.70777333367,36034.02997513741,2368.6777981962587,0.0,0.9279160743093043,0.9102564102564102,0.08974358974358974,461.97474327099246,6572.0
croston,item_29_store_4,35573.18673769089,33011.194639041496,2561.9920986493944,0.0,0.9145432922398468,0.8974358974358975,0.10256410256410256,423.2204440902756,5996.0
croston,item_29_store_5,25432.55723379091,24166.337542953184,1266.2196908377268,0.0,0.9408031935092227,0.9230769230769231,0.07692307692307693,309.8248402942716,4278.0
croston,item_29_store_6,25767.624525769643,24308.956361131935,1458.668164637707,0.0,0.930506519073954,0.9102564102564102,0.08974358974358974,311.65328668117866,4198.0
croston,item_29_store_7,22167.207162814822,20629.530701584503,1537.676461230321,0.0,0.9222217267966454,0.8974358974358975,0.10256410256410256,264.481162840827,3954.0
croston,item_29_store_8,41253.928754806926,38240.228976351435,3013.699778455494,0.0,0.9142251379406434,0.8846153846153846,0.11538461538461539,490.25934585065943,7027.0
croston,item_29_store_9,34570.95058572004,32385.567879892933,2185.382705827112,0.0,0.9286638581417622,0.8974358974358975,0.10256410256410256,415.1995882037555,6127.0
croston,item_2_store_1,24346.23535415516,22574.332207772553,1771.9031463826059,0.0,0.9194772485170367,0.8846153846153846,0.11538461538461539,289.4145154842635,4401.0
croston,item_2_store_10,30814.830445317668,28647.9262887001,2166.9041566175692,0.0,0.9198185325950945,0.8974358974358975,0.10256410256410256,367.28110626538586,5405.0
croston,item_2_store_2,35203.796344896386,32950.06501327268,2253.7313316237023,0.0,0.9259006631062402,0.8974358974358975,0.10256410256410256,422.4367309393933,6083.0
croston,item_2_store_3,31554.183024577662,29528.0685735327,2026.1144510449617,0.0,0.924285708107438,0.8974358974358975,0.10256410256410256,378.56498171195767,5352.0
croston,item_2_store_4,29571.72313851338,27610.871666210303,1960.8514723030737,0.0,0.921644296811066,0.8974358974358975,0.10256410256410256,353.98553418218336,5005.0
croston,item_2_store_5,21268.980618248468,19455.057569863366,1813.9230483851015,0.0,0.8982656731135669,0.8717948717948718,0.1282051282051282,249.42381499824828,3566.0
croston,item_2_store_6,20374.39060129286,19132.777563008647,1241.6130382842118,0.0,0.93290391579118,0.9102564102564102,0.08974358974358974,245.2920200385724,3701.0
croston,item_2_store_7,19783.146729435055,18455.78761877009,1327.3591106649644,0.0,0.9191127903312026,0.8974358974358975,0.10256410256410256,236.61266177910372,3282.0
croston,item_2_store_8,33383.40270555444,31105.151678564507,2278.2510269899385,0.0,0.9218170546674695,0.8974358974358975,0.10256410256410256,398.78399587903215,5828.0
croston,item_2_store_9,28816.95885123136,26920.094229342736,1896.864621888625,0.0,0.9257587232137524,0.9102564102564102,0.08974358974358974,345.12941319670176,5110.0
croston,item_30_store_1,17185.285282649565,16011.821889206125,1173.4633934434419,0.0,0.92226145124588,0.8974358974358975,0.10256410256410256,205.27976781033493,3019.0
croston,item_30_store_10,21406.816351016623,20253.54621243906,1153.2701385775617,0.0,0.9378123408693685,0.9230769230769231,0.07692307692307693,259.66084887742386,3709.0
croston,item_30_store_2,24416.44679177822,22976.270870163935,1440.1759216142846,0.0,0.9302747072566311,0.9102564102564102,0.08974358974358974,294.56757525851197,4131.0
croston,item_30_store_3,21804.925965708157,20347.056250213245,1457.8697154949105,0.0,0.9238113553438771,0.8974358974358975,0.10256410256410256,260.85969551555445,3827.0
croston,item_30_store_4,19079.071459721978,17622.44790902251,1456.6235506994663,0.0,0.9144923069739086,0.8974358974358975,0.10256410256410256,225.92881934644245,3407.0
croston,item_30_store_5,14423.492047180294,13578.310545446388,845.1815017339067,0.0,0.9314810294500278,0.9102564102564102,0.08974358974358974,174.08090442879984,2467.0
croston,item_30_store_6,14481.60422700721,13266.484151116834,1215.1200758903758,0.0,0.9028680994492104,0.8717948717948718,0.1282051282051282,170.08313014252352,2502.0
croston,item_30_store_7,13177.403106322308,12456.750616777159,720.6524895451486,0.0,0.9363381192981318,0.9102564102564102,0.08974358974358974,159.70193098432256,2264.0
croston,item_30_store_8,23373.572292702444,22081.0550723062,1292.5172203962438,0.0,0.9345395178325528,0.9102564102564102,0.08974358974358974,283.09044964495126,3949.0
croston,item_30_store_9,19922.427788779285,18437.393916924804,1485.033871854481,0.0,0.9151166692280949,0.8846153846153846,0.11538461538461539,236.37684508877953,3499.0
croston,item_31_store_1,25689.061171558074,24205.751023025354,1483.310148532721,0.0,0.9331239788758918,0.9102564102564102,0.08974358974358974,310.33014132083787,4436.0
croston,item_31_store_10,30869.26772139269,28981.611668626338,1887.6560527663526,0.0,0.9275927866219275,0.9102564102564102,0.08974358974358974,371.5591239567479,5214.0
croston,item_31_store_2,34991.95651189167,32829.18831218465,2162.7681997070226,0.0,0.9308024892111014,0.9102564102564102,0.08974358974358974,420.8870296433929,6251.0
croston,item_31_store_3,30834.325557657456,29054.664383446507,1779.6611742109496,0.0,0.9345231356066611,0.9102564102564102,0.08974358974358974,372.4956972236732,5436.0
croston,item_31_store_4,27601.538164699567,25273.132946861864,2328.405217837704,0.0,0.9076579330621574,0.8846153846153846,0.11538461538461539,324.01452495976747,5043.0
croston,item_31_store_5,21081.628334326735,19615.511142199673,1466.1171921270625,0.0,0.9195987281531636,0.8846153846153846,0.11538461538461539,251.480912079483,3647.0
croston,item_31_store_6,22021.139568111717,20849.902088552197,1171.237479559522,0.0,0.9347863318730778,0.9102564102564102,0.08974358974358974,267.30643703272045,3592.0
croston,item_31_store_7,20671.20849671177,19752.851966233193,918.3565304785776,0.0,0.9458036866049822,0.9230769230769231,0.07692307692307693,253.24169187478452,3389.0
croston,item_31_store_8,33417.55715935059,30761.71361302271,2655.8435463278774,0.0,0.910017159196074,0.8846153846153846,0.11538461538461539,394.3809437567014,5903.0
croston,item_31_store_9,28356.07432767026,26136.06911794583,2220.0052097244293,0.0,0.9132471586664935,0.8717948717948718,0.1282051282051282,335.0778092044337,5118.0
croston,item_32_store_1,19171.196081080212,17876.97583824757,1294.2202428326432,0.0,0.921609918665497,0.9102564102564102,0.08974358974358974,229.1919979262509,3302.0
croston,item_32_store_10,22604.618933029313,21166.912549323206,1437.7063837061087,0.0,0.9289670759038484,0.8974358974358975,0.10256410256410256,271.3706737092719,4048.0
croston,item_32_store_2,27715.285942952905,25797.656098353356,1917.6298445995496,0.0,0.9191385264769323,0.8974358974358975,0.10256410256410256,330.73918074811996,4743.0
croston,item_32_store_3,24155.839325392728,22783.324990767716,1372.5143346250134,0.0,0.9340454428339734,0.9102564102564102,0.08974358974358974,292.09391013804765,4162.0
croston,item_32_store_4,22047.143636893732,20624.259225597452,1422.8844112962793,0.0,0.925483927138189,0.8974358974358975,0.10256410256410256,264.41357981535197,3819.0
croston,item_32_store_5,16106.326277939674,15181.656920419993,924.669357519681,0.0,0.933091942292353,0.9102564102564102,0.08974358974358974,194.6366271848717,2764.0
croston,item_32_store_6,16600.57927489216,15764.635432481025,835.9438424111335,0.0,0.9383749471130752,0.9230769230769231,0.07692307692307693,202.11071067283365,2713.0
croston,item_32_store_7,14708.860601713353,13836.870667416013,871.9899342973395,0.0,0.9306016765382141,0.9102564102564102,0.08974358974358974,177.3957777873848,2513.0
croston,item_32_store_8,24073.05551845445,22813.360792484556,1259.6947259698925,0.0,0.9426760079194587,0.9102564102564102,0.08974358974358974,292.4789845190328,4395.0
croston,item_32_store_9,21836.750009166706,20519.286387886223,1317.4636212804849,0.0,0.9301821080402498,0.8974358974358975,0.10256410256410256,263.0677742036695,3774.0
croston,item_33_store_1,29683.15055249944,27312.771490297448,2370.3790622019915,0.0,0.9078211525490184,0.8846153846153846,0.11538461538461539,350.1637370550955,5143.0
croston,item_33_store_10,36973.00819888282,34933.44441494494,2039.5637839378787,0.0,0.9353750385317529,0.9230769230769231,0.07692307692307693,447.8646719864736,6312.0
croston,item_33_store_2,42604.898062499604,39786.883865274925,2818.0141972246747,0.0,0.9220466335484184,0.8974358974358975,0.10256410256410256,510.0882546830119,7230.0
croston,item_33_store_3,36984.910253726106,34335.05516438115,2649.855089344958,0.0,0.918566223437463,0.8974358974358975,0.10256410256410256,440.1930149279634,6508.0
croston,item_33_store_4,33973.46468914527,31750.471337245086,2222.993351900184,0.0,0.9257269177447315,0.8974358974358975,0.10256410256410256,407.05732483647546,5986.0
croston,item_33_store_5,24517.607677956727,23066.908712024335,1450.6989659323915,0.0,0.9317639244622581,0.9102564102564102,0.08974358974358974,295.72959887210686,4252.0
croston,item_33_store_6,24766.13631825384,23259.149451698246,1506.9868665555964,0.0,0.9310618999745839,0.9102564102564102,0.08974358974358974,298.1942237397211,4372.0
croston,item_33_store_7,22103.416532623385,20834.401831708496,1269.0147009148877,0.0,0.9348889327391027,0.9102564102564102,0.08974358974358974,267.1077157911346,3898.0
croston,item_33_store_8,40795.253748991934,38394.15512100213,2401.0986279898043,0.0,0.9310128249392385,0.9102564102564102,0.08974358974358974,492.23275796156577,6961.0
croston,item_33_store_9,34060.91455099319,31844.413947584577,2216.500603408615,0.0,0.9265816295657961,0.8974358974358975,0.10256410256410256,408.26171727672534,6038.0
croston,item_34_store_1,11199.41690592953,10422.598517484948,776.8183884445801,0.0,0.918229643321623,0.8846153846153846,0.11538461538461539,133.6230579164737,1900.0
croston,item_34_store_10,13925.765906378934,13139.789228921434,785.9766774575007,0.0,0.9304137514424522,0.9102564102564102,0.08974358974358974,168.4588362682235,2259.0
croston,item_34_store_2,15294.182617589842,13981.155684728574,1313.0269328612694,0.0,0.9080191290464961,0.8846153846153846,0.11538461538461539,179.2455857016484,2855.0
croston,item_34_store_3,13989.369963441264,13161.22573947438,828.1442239668854,0.0,0.9313028433042816,0.9102564102564102,0.08974358974358974,168.7336633265946,2411.0
croston,item_34_store_4,12854.099707728477,11880.573884371644,973.5258233568334,0.0,0.9137327582315611,0.8846153846153846,0.11538461538461539,152.31504979963645,2257.0
croston,item_34_store_5,9465.573618647606,8947.084615432306,518.4890032152989,0.0,0.9368466500346774,0.9102564102564102,0.08974358974358974,114.7062130183629,1642.0
croston,item_34_store_6,9369.794875937338,8798.236757678558,571.5581182587798,0.0,0.9294807997213103,0.9102564102564102,0.08974358974358974,112.7979071497251,1621.0
croston,item_34_store_7,8185.413851003793,7822.782531519316,362.6313194844772,0.0,0.949529391860198,0.9230769230769231,0.07692307692307693,100.29208373742712,1437.0
croston,item_34_store_8,15218.258067446697,14214.591851924084,1003.6662155226128,0.0,0.9219847481132831,0.8974358974358975,0.10256410256410256,182.2383570759498,2573.0
croston,item_34_store_9,12506.667778862455,11518.8388646502,987.8289142122543,0.0,0.912504082000686,0.8717948717948718,0.1282051282051282,147.67742134166923,2258.0
croston,item_35_store_1,27195.474788601485,25517.944753368538,1677.5300352329475,0.0,0.9320700532402126,0.9102564102564102,0.08974358974358974,327.1531378636992,4939.0
croston,item_35_store_10,35482.64820511624,32841.07598407259,2641.572221043649,0.0,0.9126319754905359,0.8846153846153846,0.11538461538461539,421.0394356932383,6047.0
croston,item_35_store_2,39898.02672165378,37420.357235991956,2477.669485661828,0.0,0.927901368087827,0.9102564102564102,0.08974358974358974,479.74816969220456,6873.0
croston,item_35_store_3,33779.11261552155,31070.51852549529,2708.5940900262653,0.0,0.910459699503264,0.8846153846153846,0.11538461538461539,398.3399810960934,6050.0
croston,item_35_store_4,32019.511342729933,29911.842229254078,2107.669113475856,0.0,0.9252467063849669,0.8846153846153846,0.11538461538461539,383.4851567853087,5639.0
croston,item_35_store_5,23467.11604289974,22012.375638117857,1454.7404047818823,0.0,0.9294329175463555,0.9102564102564102,0.08974358974358974,282.2099440784341,4123.0
croston,item_35_store_6,22735.846831403032,21140.07740610128,1595.7694253017519,0.0,0.9204303452853777,0.8974358974358975,0.10256410256410256,271.0266334115549,4011.0
croston,item_35_store_7,20583.529093374855,18931.64720918792,1651.8818841869343,0.0,0.912367008796449,0.8717948717948718,0.1282051282051282,242.71342575881948,3770.0
croston,item_35_store_8,37602.28024424554,34979.76916157345,2622.5110826720925,0.0,0.9213875574738583,0.8974358974358975,0.10256410256410256,448.4585789945314,6672.0
croston,item_35_store_9,32885.67200825085,30603.822908388913,2281.8490998619345,0.0,0.9200753380083386,0.8974358974358975,0.10256410256410256,392.356703953704,5710.0
croston,item_36_store_1,32932.380554291136,30673.834835041223,2258.54571924991,0.0,0.9193088346105784,0.8974358974358975,0.10256410256410256,393.25429275693875,5598.0
croston,item_36_store_10,40209.47927912903,38085.31825653933,2124.161022589701,0.0,0.9400293330720016,0.9102564102564102,0.08974358974358974,488.2733109812734,7084.0
croston,item_36_store_2,47311.395290692584,44717.598127994934,2593.7971626976537,0.0,0.9364654706014046,0.9230769230769231,0.07692307692307693,573.3025401024992,8165.0
croston,item_36_store_3,41828.47434074177,39233.53283409445,2594.9415066473216,0.0,0.9272718187598845,0.9102564102564102,0.08974358974358974,502.99401069351853,7136.0
croston,item_36_store_4,38069.11342862247,35200.40645909368,2868.7069695287837,0.0,0.913423661701259,0.8846153846153846,0.11538461538461539,451.28726229607287,6627.0
croston,item_36_store_5,27155.037942653882,25103.338914053045,2051.6990286008354,0.0,0.9149731028346112,0.8846153846153846,0.11538461538461539,321.8376783852955,4826.0
croston,item_36_store_6,27545.603744228196,26154.181890568354,1391.4218536598412,0.0,0.9423005658859698,0.9102564102564102,0.08974358974358974,335.3100242380558,4823.0
croston,item_36_store_7,25221.002829877914,23640.9131454916,1580.0896843863143,0.0,0.9296800318475161,0.8974358974358975,0.10256410256410256,303.0886300704051,4494.0
croston,item_36_store_8,44834.39389815738,41725.500367559085,3108.893530598294,0.0,0.9216014744521929,0.8974358974358975,0.10256410256410256,534.9423124046036,7931.0
croston,item_36_store_9,37076.70170367682,34451.64609153589,2625.0556121409295,0.0,0.9199678167030204,0.8974358974358975,0.10256410256410256,441.6877704043063,6560.0
croston,item_37_store_1,12949.328959003995,12139.174692635776,810.1542663682193,0.0,0.9266828718218806,0.8974358974358975,0.10256410256410256,155.63044477738174,2210.0
croston,item_37_store_10,15312.173181138309,14100.876839062548,1211.296342075761,0.0,0.9095710084303277,0.8846153846153846,0.11538461538461539,180.7804722956737,2679.0
croston,item_37_store_2,16970.21367354868,15820.424130743748,1149.7895428049287,0.0,0.925459348926747,0.8846153846153846,0.11538461538461539,202.82595039415062,3085.0
croston,item_37_store_3,16061.039291085428,15191.09025794492,869.9490331405087,0.0,0.9356308521538654,0.9102564102564102,0.08974358974358974,194.75756740955026,2703.0
croston,item_37_store_4,15009.41632481077,13926.753265766192,1082.663059044579,0.0,0.9143801455876173,0.8974358974358975,0.10256410256410256,178.54811879187426,2529.0
croston,item_37_store_5,10724.172669513355,10318.315681753324,405.856987760032,0.0,0.9536957230165394,0.9358974358974359,0.0641025641025641,132.28609848401697,1753.0
croston,item_37_store_6,10859.998885900586,9884.676417476869,975.3224684237184,0.0,0.8943312601924466,0.8717948717948718,0.1282051282051282,126.72662073688294,1846.0
croston,item_37_store_7,9561.186578348457,8916.305759441737,644.8808189067205,0.0,0.9200395760810018,0.8974358974358975,0.10256410256410256,114.31161230053509,1613.0
croston,item_37_store_8,17238.71064145563,15810.291734537843,1428.418906917786,0.0,0.904613094696642,0.8717948717948718,0.1282051282051282,202.69604787869028,2995.0
croston,item_37_store_9,15310.499916554245,14576.603731168327,733.8961853859178,0.0,0.944464912191758,0.9230769230769231,0.07692307692307693,186.87953501497856,2643.0
croston,item_38_store_1,34386.875892145516,32002.787880718315,2384.0880114271986,0.0,0.9205171524778397,0.8846153846153846,0.11538461538461539,410.2921523169015,5999.0
croston,item_38_store_10,42154.88168192094,38616.266403030706,3538.615278890236,0.0,0.9050036166740876,0.8717948717948718,0.1282051282051282,495.0803385003937,7450.0
croston,item_38_store_2,49708.383889072604,46627.09141179288,3081.2924772797282,0.0,0.9276437131083778,0.8974358974358975,0.10256410256410256,597.7832232281138,8517.0
croston,item_38_store_3,43214.015140706135,40929.26803795996,2284.7471027461725,0.0,0.9400250137092486,0.9230769230769231,0.07692307692307693,524.7342056148713,7619.0
croston,item_38_store_4,39813.50694137353,37222.151769258184,2591.3551721153462,0.0,0.9246260857441726,0.8974358974358975,0.10256410256410256,477.2070739648485,6876.0
croston,item_38_store_5,28285.55456760684,26356.689421589428,1928.8651460174117,0.0,0.9228145199672905,0.8974358974358975,0.10256410256410256,337.9062746357619,4998.0
croston,item_38_store_6,28718.00769533545,27175.92729107535,1542.0804042601026,0.0,0.9384890145887473,0.9102564102564102,0.08974358974358974,348.40932424455576,5014.0
croston,item_38_store_7,26853.78479381432,25140.653578482114,1713.1312153322074,0.0,0.925499838428693,0.8974358974358975,0.10256410256410256,322.31607151900147,4599.0
croston,item_38_store_8,46919.7790072035,43595.74318689147,3324.035820312025,0.0,0.9200568585783544,0.8974358974358975,0.10256410256410256,558.9197844473266,8316.0
croston,item_38_store_9,39782.769119801465,37453.25486991484,2329.514249886628,0.0,0.9333472317629005,0.9102564102564102,0.08974358974358974,480.16993422967744,6990.0
croston,item_39_store_1,18957.698450047825,17777.116512897104,1180.5819371507214,0.0,0.9278813721960464,0.9102564102564102,0.08974358974358974,227.91175016534748,3274.0
croston,item_39_store_10,23274.51023976811,21672.406102756246,1602.104137011865,0.0,0.9231788953722433,0.9102564102564102,0.08974358974358974,277.85136029174674,4171.0
croston,item_39_store_2,26353.0324102098,24622.171098098974,1730.861312110826,0.0,0.9234301565091427,0.9102564102564102,0.08974358974358974,315.6688602320381,4521.0
croston,item_39_store_3,23144.201617457074,21571.52865513257,1572.6729623245042,0.0,0.9230966766589485,0.8974358974358975,0.10256410256410256,276.5580596811868,4090.0
croston,item_39_store_4,21705.02589433356,20253.66819967389,1451.3576946596686,0.0,0.9241912930446765,0.9102564102564102,0.08974358974358974,259.66241281633194,3829.0
croston,item_39_store_5,16797.750605451092,16173.473551526022,624.2770539250716,0.0,0.9527241912968519,0.9358974358974359,0.0641025641025641,207.35222501956437,2641.0
croston,item_39_store_6,14993.223768922353,13921.452684489888,1071.7710844324654,0.0,0.9225598927433188,0.8974358974358975,0.10256410256410256,178.48016262166524,2768.0
croston,item_39_store_7,14897.84714147672,14146.06269717067,751.78444430605,0.0,0.9387548314210957,0.9230769230769231,0.07692307692307693,181.35977816885475,2455.0
croston,item_39_store_8,24500.58383633265,22566.349733883537,1934.2341024491145,0.0,0.9143006600598532,0.8974358974358975,0.10256410256410256,289.31217607542993,4514.0
croston,item_39_store_9,22307.476825547154,21087.250418903994,1220.2264066431603,0.0,0.9371179383332564,0.9102564102564102,0.08974358974358974,270.349364344923,3881.0
croston,item_3_store_1,15390.77693267969,14282.5508160586,1108.2261166210906,0.0,0.917389033423698,0.8717948717948718,0.1282051282051282,183.10962584690512,2683.0
croston,item_3_store_10,19922.14672571441,18960.10143334425,962.0452923701606,0.0,0.9431751156308233,0.9230769230769231,0.07692307692307693,243.07822350441347,3386.0
croston,item_3_store_2,21430.051678350737,19705.546765802144,1724.504912548593,0.0,0.9144378609502062,0.8846153846153846,0.11538461538461539,252.63521494618135,4031.0
croston,item_3_store_3,19133.605870463252,17591.484807928075,1542.1210625351773,0.0,0.9104199208518631,0.8846153846153846,0.11538461538461539,225.53185651189838,3443.0
croston,item_3_store_4,18460.83809876204,17308.082550719933,1152.7555480421074,0.0,0.9246811141429528,0.9102564102564102,0.08974358974358974,221.89849423999914,3061.0
croston,item_3_store_5,12972.914927316613,12264.756187909754,708.15873940686,0.0,0.9390831191908077,0.9102564102564102,0.08974358974358974,157.24046394756095,2325.0
croston,item_3_store_6,13481.164006043167,12743.745134861332,737.4188711818354,0.0,0.9359879452099099,0.9102564102564102,0.08974358974358974,163.3813478828376,2304.0
croston,item_3_store_7,12626.265755810997,11788.59962643957,837.6661293714267,0.0,0.9232555080740791,0.8974358974358975,0.10256410256410256,151.13589264666118,2183.0
croston,item_3_store_8,20776.600362456535,19538.065771746835,1238.534590709699,0.0,0.9331966240178157,0.9102564102564102,0.08974358974358974,250.48802271470302,3708.0
croston,item_3_store_9,17573.452997879336,16365.628057156113,1207.824940723225,0.0,0.9244637310366963,0.8974358974358975,0.10256410256410256,209.81574432251426,3198.0
croston,item_40_store_1,12610.965898291723,11923.809972085131,687.1559262065907,0.0,0.9351433764788494,0.9102564102564102,0.08974358974358974,152.86935861647603,2119.0
croston,item_40_store_10,14861.738028579508,13763.231876767735,1098.5061518117732,0.0,0.9181441019514327,0.8974358974358975,0.10256410256410256,176.4516907277915,2684.0
croston,item_40_store_2,18320.538315482332,17423.787631562678,896.750683919654,0.0,0.9415797600052342,0.9358974358974359,0.0641025641025641,223.38189271234202,3070.0
croston,item_40_store_3,15632.531019781849,14636.657891958841,995.8731278230073,0.0,0.9259573882659475,0.8846153846153846,0.11538461538461539,187.64946015331847,2690.0
croston,item_40_store_4,14545.96551386405,13490.105428754861,1055.8600851091883,0.0,0.9169268225720544,0.8846153846153846,0.11538461538461539,172.9500695994213,2542.0
croston,item_40_store_5,10397.539020909646,9832.512258646395,565.0267622632515,0.0,0.9378408402350659,0.9102564102564102,0.08974358974358974,126.05784946982557,1818.0
croston,item_40_store_6,11314.628144631728,10646.431310465223,668.1968341665047,0.0,0.929921674445044,0.9230769230769231,0.07692307692307693,136.4927091085285,1907.0
croston,item_40_store_7,9906.838744003684,9358.066957455816,548.7717865478683,0.0,0.9352099425563319,0.9230769230769231,0.07692307692307693,119.97521740327969,1694.0
croston,item_40_store_8,17049.1264322719,16273.88013265787,775.2462996140281,0.0,0.9477068263329492,0.9230769230769231,0.07692307692307693,208.6394888802291,2965.0
croston,item_40_store_9,14532.618533050018,13487.074711724821,1045.543821325196,0.0,0.9190755556249849,0.8974358974358975,0.10256410256410256,172.91121425288233,2584.0
croston,item_41_store_1,9103.442953634874,8278.731461294094,824.7114923407804,0.0,0.8977419104351172,0.8717948717948718,0.1282051282051282,106.13758283710376,1613.0
croston,item_41_store_10,11009.524629363128,10149.511595244716,860.0130341184124,0.0,0.915394684297254,0.8846153846153846,0.11538461538461539,130.12194352877842,2033.0
croston,item_41_store_2,12622.569194521915,11727.52736299516,895.0418315267547,0.0,0.9229740248255804,0.8846153846153846,0.11538461538461539,150.35291491019436,2324.0
croston,item_41_store_3,11890.823481535486,11337.309243157226,553.5142383782608,0.0,0.9451150978306136,0.9230769230769231,0.07692307692307693,145.3501185020157,2017.0
croston,item_41_store_4,10322.792009730701,9333.87319043583,988.9188192948711,0.0,0.8962309738410419,0.8717948717948718,0.1282051282051282,119.66504090302347,1906.0
croston,item_41_store_5,7918.00784734322,7418.792784328383,499.21506301483674,0.0,0.9252112265146313,0.8846153846153846,0.11538461538461539,95.11272800421004,1335.0
croston,item_41_store_6,7363.6068722163645,6937.53131067707,426.07556153929437,0.0,0.9365014066260366,0.9230769230769231,0.07692307692307693,88.94270911124448,1342.0
croston,item_41_store_7,7171.944543614572,6711.716076060581,460.22846755399,0.0,0.9234228839344443,0.8717948717948718,0.1282051282051282,86.04764200077668,1202.0
croston,item_41_store_8,13105.392442845981,12361.613677588875,743.7787652571063,0.0,0.9335021220154576,0.9102564102564102,0.08974358974358974,158.4822266357548,2237.0
croston,item_41_store_9,10888.09783014219,10367.564541724378,520.5332884178114,0.0,0.9452646384418705,0.9230769230769231,0.07692307692307693,132.91749412467152,1902.0
croston,item_42_store_1,15522.50351501471,14624.50202121426,898.0014938004496,0.0,0.9329849631492202,0.9102564102564102,0.08974358974358974,187.49361565659308,2680.0
croston,item_42_store_10,19490.12384862312,18171.06751379565,1319.0563348274713,0.0,0.9195206629147363,0.8974358974358975,0.10256410256410256,232.96240402302115,3278.0
croston,item_42_store_2,21432.790517781348,19640.213345592732,1792.5771721886172,0.0,0.9070962854527796,0.8717948717948718,0.1282051282051282,251.79760699477862,3859.0
croston,item_42_store_3,19472.34943723802,18123.304147146828,1349.0452900911914,0.0,0.9216354754521526,0.8846153846153846,0.11538461538461539,232.35005316854907,3443.0
croston,item_42_store_4,18506.032386788636,17493.71563361437,1012.3167531742649,0.0,0.9354389825781719,0.9102564102564102,0.08974358974358974,224.27840555915859,3136.0
croston,item_42_store_5,13694.368326277867,12727.977264267864,966.3910620100035,0.0,0.9148178878792418,0.8846153846153846,0.11538461538461539,163.17919569574184,2269.0
croston,item_42_store_6,13105.740410302176,12169.619468770356,936.1209415318211,0.0,0.9162307882298146,0.8846153846153846,0.11538461538461539,156.02076242013277,2235.0
croston,item_42_store_7,11686.91803235633,10761.164479888525,925.7535524678062,0.0,0.9145983807686525,0.8717948717948718,0.1282051282051282,137.963647178058,2168.0
croston,item_42_store_8,20679.43261114655,19146.956677464997,1532.4759336815528,0.0,0.917917732529108,0.8974358974358975,0.10256410256410256,245.47380355724357,3734.0
croston,item_42_store_9,17752.609194009437,16747.88711297997,1004.7220810294681,0.0,0.9353460694318232,0.9102564102564102,0.08974358974358974,214.71650144846114,3108.0
croston,item_43_store_1,22354.454927001956,20983.48966043563,1370.9652665663266,0.0,0.9274045397634987,0.9102564102564102,0.08974358974358974,269.0190982107132,3777.0
croston,item_43_store_10,26602.535681491547,24659.81189761495,1942.7237838765984,0.0,0.9191374075389552,0.8974358974358975,0.10256410256410256,316.151434584807,4805.0
croston,item_43_store_2,31131.36154053267,29103.859565355593,2027.5019751770765,0.0,0.9266726229592378,0.9102564102564102,0.08974358974358974,373.12640468404607,5530.0
croston,item_43_store_3,27326.104583594744,25206.280397925213,2119.8241856695313,0.0,0.9112487257412798,0.8846153846153846,0.11538461538461539,323.15744099904117,4777.0
croston,item_43_store_4,26477.623961917598,24935.583256258746,1542.040705658851,0.0,0.9315713021673463,0.9102564102564102,0.08974358974358974,319.68696482383007,4507.0
croston,item_43_store_5,18454.25235944984,17134.509392899447,1319.742966550395,0.0,0.9182061997799569,0.8974358974358975,0.10256410256410256,219.6731973448647,3227.0
croston,item_43_store_6,19447.06334917821,18392.48296845504,1054.580380723172,0.0,0.93504278529577,0.9102564102564102,0.08974358974358974,235.80106369814152,3247.0
croston,item_43_store_7,16778.454882194885,15802.411950459455,976.0429317354317,0.0,0.9329410558752709,0.9230769230769231,0.07692307692307693,202.59502500589045,2911.0
croston,item_43_store_8,29074.73878730321,27273.932555612486,1800.806231690724,0.0,0.9303093563587183,0.9102564102564102,0.08974358974358974,349.66580199503187,5168.0
croston,item_43_store_9,25448.264806123763,23311.555582327182,2136.7092237965794,0.0,0.9017153070930737,0.8846153846153846,0.11538461538461539,298.86609720932285,4348.0
croston,item_44_store_1,12813.147465403543,12181.021547367787,632.1259180357555,0.0,0.9437360108557404,0.9230769230769231,0.07692307692307693,156.16694291497163,2247.0
croston,item_44_store_10,15809.793260529039,15006.297020631471,803.4962398975671,0.0,0.9406575893724101,0.9102564102564102,0.08974358974358974,192.38842334142913,2708.0
croston,item_44_store_2,17943.45888250434,16280.72281770159,1662.7360648027498,0.0,0.8922749553091837,0.8589743589743589,0.14102564102564102,208.72721561155885,3087.0
croston,item_44_store_3,16111.530061083768,15304.923178056906,806.606883026862,0.0,0.9409727857280014,0.9230769230769231,0.07692307692307693,196.2169638212424,2733.0
croston,item_44_store_4,14076.210225903491,13009.58658829817,1066.6236376053193,0.0,0.9156819258810025,0.8846153846153846,0.11538461538461539,166.78957164484834,2530.0
croston,item_44_store_5,10440.377382433033,9788.994608812463,651.3827736205695,0.0,0.9259792302703899,0.8846153846153846,0.11538461538461539,125.49993088221107,1760.0
croston,item_44_store_6,10651.436838854112,9978.790712818909,672.6461260352033,0.0,0.9276724595661071,0.9102564102564102,0.08974358974358974,127.93321426690909,1860.0
croston,item_44_store_7,9776.618012812505,9024.09098255467,752.5270302578355,0.0,0.9081724185164325,0.8717948717948718,0.1282051282051282,115.69347413531628,1639.0
croston,item_44_store_8,16950.829116944115,15858.727703283346,1092.1014136607691,0.0,0.9268763700260617,0.8974358974358975,0.10256410256410256,203.31702183696598,2987.0
croston,item_44_store_9,14803.685554340918,13712.170545788935,1091.515008551983,0.0,0.9116897242271859,0.8717948717948718,0.1282051282051282,175.79705827934532,2472.0
croston,item_45_store_1,34503.49169382417,32313.817597663507,2189.6740961606633,0.0,0.9260619923633071,0.9102564102564102,0.08974358974358974,414.27971279055777,5923.0
croston,item_45_store_10,41865.91992353969,38943.4692988724,2922.4506246672922,0.0,0.9212489726578472,0.8974358974358975,0.10256410256410256,499.275247421441,7422.0
croston,item_45_store_2,47525.794509196545,44146.62149398888,3379.1730152076607,0.0,0.9212038471445106,0.8974358974358975,0.10256410256410256,565.9823268460113,8577.0
croston,item_45_store_3,43535.302974377475,41205.53422174943,2329.76875262804,0.0,0.937279075174908,0.9102564102564102,0.08974358974358974,528.2760797660184,7429.0
croston,item_45_store_4,40726.65303526184,38082.58116782285,2644.071867438992,0.0,0.9240754668359227,0.8974358974358975,0.10256410256410256,488.23822010029295,6965.0
croston,item_45_store_5,29515.604200539572,27807.583429098515,1708.0207714410585,0.0,0.9330450501199113,0.8974358974358975,0.10256410256410256,356.50747986023737,5102.0
croston,item_45_store_6,29574.217186383412,27687.453535386376,1886.7636509970373,0.0,0.9236591684807997,0.8974358974358975,0.10256410256410256,354.96735301777403,4943.0
croston,item_45_store_7,27370.622637307384,25527.708217511296,1842.9144197960875,0.0,0.9194002003150629,0.8974358974358975,0.10256410256410256,327.27831048091406,4573.0
croston,item_45_store_8,46724.702420167494,43756.2829989397,2968.4194212277916,0.0,0.9247262730765109,0.9102564102564102,0.08974358974358974,560.9779871658936,7887.0
croston,item_45_store_9,40953.39746937435,38250.66534071224,2702.7321286621063,0.0,0.9229332156070116,0.8974358974358975,0.10256410256410256,490.3931453937467,7014.0
croston,item_46_store_1,24926.954157631866,23547.54965129977,1379.404506332096,0.0,0.9370566047760852,0.9102564102564102,0.08974358974358974,301.8916621961509,4383.0
croston,item_46_store_10,29877.98017541456,28278.796615188105,1599.1835602264564,0.0,0.9401838952599044,0.9230769230769231,0.07692307692307693,362.5486745536937,5347.0
croston,item_46_store_2,35654.78476450951,33572.07536849691,2082.7093960125976,0.0,0.9329671903439782,0.9102564102564102,0.08974358974358974,430.4112226730373,6214.0
croston,item_46_store_3,31501.672241988123,29021.861896430884,2479.810345557239,0.0,0.9105891348275739,0.8846153846153846,0.11538461538461539,372.0751525183447,5547.0
croston,item_46_store_4,28778.160467383124,26638.066696921698,2140.093770461427,0.0,0.9147712556566536,0.8846153846153846,0.11538461538461539,341.51367560156024,5022.0
croston,item_46_store_5,20892.26509908022,19163.248073661016,1729.0170254192071,0.0,0.9050512341889507,0.8846153846153846,0.11538461538461539,245.68266761103865,3642.0
croston,item_46_store_6,21610.292869728266,20449.601396238213,1160.6914734900545,0.0,0.9364526978653132,0.9230769230769231,0.07692307692307693,262.17437687484886,3653.0
croston,item_46_store_7,19893.58211152616,18910.216001539287,983.3661099868738,0.0,0.942392143527424,0.9230769230769231,0.07692307692307693,242.43866668640112,3414.0
croston,item_46_store_8,33466.96748106589,30914.711669945584,2552.2558111203057,0.0,0.9147685486351543,0.8846153846153846,0.11538461538461539,396.3424573069947,5989.0
croston,item_46_store_9,29133.550248855183,27164.582692346514,1968.967556508669,0.0,0.9220982173488163,0.8974358974358975,0.10256410256410256,348.2638806711092,5055.0
croston,item_47_store_1,9348.987590126808,8805.631554539958,543.356035586851,0.0,0.9336156340150458,0.9102564102564102,0.08974358974358974,112.89271223769177,1637.0
croston,item_47_store_10,11692.94121533545,10997.71991246653,695.2213028689209,0.0,0.9315390149809039,0.9102564102564102,0.08974358974358974,140.99640913418628,2031.0
croston,item_47_store_2,13195.926808745277,12047.694333824702,1148.2324749205754,0.0,0.8995422156674912,0.8717948717948718,0.1282051282051282,154.45761966441927,2286.0
croston,item_47_store_3,11596.992727866196,10742.999423164576,853.99330470162,0.0,0.9173688142523831,0.8974358974358975,0.10256410256410256,137.73076183544327,2067.0
croston,item_47_store_4,10745.372395232109,10024.872387538062,720.5000076940462,0.0,0.9241179560090526,0.9102564102564102,0.08974358974358974,128.52400496843669,1899.0
croston,item_47_store_5,7949.192351974862,7265.094882929819,684.0974690450432,0.0,0.9028270640561018,0.8717948717948718,0.1282051282051282,93.14224208884383,1408.0
croston,item_47_store_6,7467.738078911552,6841.432370143766,626.3057087677864,0.0,0.9040879465899255,0.8717948717948718,0.1282051282051282,87.71067141209957,1306.0
croston,item_47_store_7,7388.610880090575,6958.73203629132,429.87884379925504,0.0,0.9320349654072324,0.9230769230769231,0.07692307692307693,89.21451328578615,1265.0
croston,item_47_store_8,12763.021396005799,11958.540289382425,804.4811066233751,0.0,0.9272949745482716,0.9102564102564102,0.08974358974358974,153.31461909464647,2213.0
croston,item_47_store_9,10683.216772158228,10013.444463512193,669.7723086460354,0.0,0.9299034737157471,0.9230769230769231,0.07692307692307693,128.37749312195118,1911.0
croston,item_48_store_1,22715.096875706316,21270.520280551682,1444.576595154636,0.0,0.923405270670486,0.9102564102564102,0.08974358974358974,272.6989779557908,3772.0
croston,item_48_store_10,26732.79737230738,24982.889863592296,1749.9075087150845,0.0,0.9260394121422195,0.8974358974358975,0.10256410256410256,320.2934597896448,4732.0
croston,item_48_store_2,30673.92185123961,28294.51983965791,2379.402011581699,0.0,0.9130335522082713,0.8846153846153846,0.11538461538461539,362.7502543545886,5472.0
croston,item_48_store_3,27012.826265556494,25167.82134495084,1845.0049206056542,0.0,0.9237916183145125,0.8974358974358975,0.10256410256410256,322.6643762173185,4842.0
croston,item_48_store_4,25582.28044559723,24180.078954745943,1402.2014908512847,0.0,0.9360309538845217,0.9230769230769231,0.07692307692307693,310.0010122403326,4384.0
croston,item_48_store_5,17956.674999037627,16488.223007573288,1468.4519914643386,0.0,0.9108678609126349,0.8846153846153846,0.11538461538461539,211.3874744560678,3295.0
croston,item_48_store_6,18538.480732962682,17266.174597298166,1272.3061356645167,0.0,0.9220639426851751,0.8974358974358975,0.10256410256410256,221.36121278587393,3265.0
croston,item_48_store_7,16751.333838658073,15728.28318215322,1023.0506565048535,0.0,0.9321584445288559,0.9230769230769231,0.07692307692307693,201.64465618145155,3016.0
croston,item_48_store_8,29462.709242254106,27809.61227907231,1653.0969631817982,0.0,0.936235411256247,0.9102564102564102,0.08974358974358974,356.5334907573373,5185.0
croston,item_48_store_9,24623.884708771537,22720.987382170664,1902.897326600871,0.0,0.9145533306420803,0.8846153846153846,0.11538461538461539,291.294710027829,4454.0
croston,item_49_store_1,12794.520666184097,11888.312825043997,906.2078411401006,0.0,0.9184698298569409,0.8846153846153846,0.11538461538461539,152.41426698774356,2223.0
croston,item_49_store_10,15407.366929805892,14686.291467293384,721.0754625125082,0.0,0.9437099560880166,0.9230769230769231,0.07692307692307693,188.28578804222286,2562.0
croston,item_49_store_2,17815.771951985815,16814.814918011234,1000.9570339745795,0.0,0.9351711765560505,0.9102564102564102,0.08974358974358974,215.57455023091325,3088.0
croston,item_49_store_3,15613.094463840665,14592.603428335757,1020.4910355049083,0.0,0.9227778255387886,0.8974358974358975,0.10256410256410256,187.0846593376379,2643.0
croston,item_49_store_4,14474.133809786654,13538.988306268837,935.1455035178168,0.0,0.9241261254752278,0.8974358974358975,0.10256410256410256,173.5767731572928,2465.0
croston,item_49_store_5,11089.245285839439,10596.96742743601,492.2778584034296,0.0,0.946549635352505,0.9102564102564102,0.08974358974358974,135.85855676200012,1842.0
croston,item_49_store_6,10803.543392493168,10294.31742873588,509.225963757288,0.0,0.9427192391724086,0.9102564102564102,0.08974358974358974,131.97842857353692,1778.0
croston,item_49_store_7,9651.935624588266,8991.215285333094,660.7203392551725,0.0,0.9192766842693743,0.8974358974358975,0.10256410256410256,115.27199083760377,1637.0
croston,item_49_store_8,17641.845965882945,16683.68717486107,958.1587910218775,0.0,0.9338744795706088,0.9230769230769231,0.07692307692307693,213.89342531873166,2898.0
croston,item_49_store_9,14738.823966276546,13971.280865188419,767.5431010881272,0.0,0.9391321886528052,0.9230769230769231,0.07692307692307693,179.11898545113357,2522.0
croston,item_4_store_1,9266.407531769662,8975.966274516757,290.44125725290485,0.0,0.9634665085216472,0.9358974358974359,0.0641025641025641,115.07649069893279,1590.0
croston,item_4_store_10,11688.204708844522,10889.886130677258,798.3185781672637,0.0,0.9200882304136874,0.8974358974358975,0.10256410256410256,139.61392475227254,1998.0
croston,item_4_store_2,13115.725528412851,12160.97232868363,954.7531997292202,0.0,0.9183622744994253,0.8974358974358975,0.10256410256410256,155.90990164979013,2339.0
croston,item_4_store_3,11275.422931363208,10335.61150092398,939.8114304392279,0.0,0.9068109637640825,0.8717948717948718,0.1282051282051282,132.50783975543564,2017.0
croston,item_4_store_4,11321.471785254522,10534.387264062249,787.0845211922727,0.0,0.9188990704593228,0.8974358974358975,0.10256410256410256,135.05624697515702,1941.0
croston,item_4_store_5,7968.6836076299405,7380.299464970209,588.3841426597323,0.0,0.9152794611001105,0.8974358974358975,0.10256410256410256,94.61922390987446,1389.0
croston,item_4_store_6,8315.98895077574,7656.3082677803595,659.6806829953812,0.0,0.904116179797183,0.8589743589743589,0.14102564102564102,98.15779830487641,1376.0
croston,item_4_store_7,7187.374075471815,6924.4802512975875,262.8938241742273,0.0,0.9575292691156336,0.9358974358974359,0.0641025641025641,88.77538783714856,1238.0
croston,item_4_store_8,12913.224582920828,12391.68289242626,521.5416904945673,0.0,0.9514167032608694,0.9230769230769231,0.07692307692307693,158.86772939008026,2147.0
croston,item_4_store_9,10900.00606632283,10270.589739698862,629.4163266239682,0.0,0.9351785451468622,0.9230769230769231,0.07692307692307693,131.6742274320367,1942.0
croston,item_50_store_1,28171.952611968987,26335.344159611886,1836.6084523570998,0.0,0.9240757150741175,0.9102564102564102,0.08974358974358974,337.63261743092164,4838.0
croston,item_50_store_10,35354.00223320377,32992.43990171301,2361.5623314907543,0.0,0.9207263399969535,0.8974358974358975,0.10256410256410256,422.9799987399104,5958.0
croston,item_50_store_2,40677.372819488846,38558.186861686,2119.185957802848,0.0,0.9390775921287093,0.9230769230769231,0.07692307692307693,494.33572899597436,6957.0
croston,item_50_store_3,34763.56118364692,32432.050121023065,2331.511062623856,0.0,0.9239187122654966,0.8974358974358975,0.10256410256410256,415.79551437209057,6129.0
croston,item_50_store_4,31956.138200045563,30300.13608166288,1656.0021183826814,0.0,0.9401625250810233,0.9230769230769231,0.07692307692307693,388.4632830982421,5535.0
croston,item_50_store_5,24091.567177763438,22514.46680613464,1577.1003716288005,0.0,0.9232180929099902,0.8974358974358975,0.10256410256410256,288.64701033505946,4108.0
croston,item_50_store_6,23174.526625458,21732.157873717722,1442.3687517402755,0.0,0.9284006576450595,0.9102564102564102,0.08974358974358974,278.6174086374067,4029.0
croston,item_50_store_7,21164.23465063737,20126.231197144876,1038.0034534924926,0.0,0.9445510975698455,0.9230769230769231,0.07692307692307693,258.028605091601,3744.0
croston,item_50_store_8,37997.269460705225,35478.609167036164,2518.6602936690597,0.0,0.9227286303522302,0.8974358974358975,0.10256410256410256,454.8539636799508,6519.0
croston,item_50_store_9,32400.206174077048,30261.000275548944,2139.205898528105,0.0,0.9234904900383366,0.8974358974358975,0.10256410256410256,387.9615419942172,5592.0
croston,item_5_store_1,7900.9200266442795,7570.965701038124,329.95432560615484,0.0,0.9504944747777713,0.9230769230769231,0.07692307692307693,97.06366283382211,1333.0
croston,item_5_store_10,9673.889336704051,8982.218497766511,691.6708389375399,0.0,0.91775614281361,0.8846153846153846,0.11538461538461539,115.15664740726297,1682.0
croston,item_5_store_2,10700.000274341382,9860.849494357573,839.15077998381,0.0,0.9133108698363833,0.8846153846153846,0.11538461538461539,126.42114736355863,1936.0
croston,item_5_store_3,9837.570821322144,8837.024738159369,1000.5460831627755,0.0,0.8868160539408624,0.8589743589743589,0.14102564102564102,113.29518895076114,1768.0
croston,item_5_store_4,9105.716185937188,8476.695581945001,629.020603992187,0.0,0.9176135423716847,0.8717948717948718,0.1282051282051282,108.67558438391028,1527.0
croston,item_5_store_5,6532.461272707824,6056.537610771176,475.9236619366476,0.0,0.9189227151726326,0.8974358974358975,0.10256410256410256,77.64791808680995,1174.0
croston,item_5_store_6,6272.079773465005,5749.9211128577435,522.1586606072615,0.0,0.9110462247687799,0.8717948717948718,0.1282051282051282,73.71693734433005,1174.0
croston,item_5_store_7,5617.125278129236,5126.125517802113,490.99976032712345,0.0,0.9072710556511571,0.8846153846153846,0.11538461538461539,65.71955792053991,1059.0
croston,item_5_store_8,11077.0338723961,10431.371100517257,645.6627718788428,0.0,0.9341496408078692,0.9230769230769231,0.07692307692307693,133.7355269297084,1961.0
croston,item_5_store_9,9216.102704517554,8595.0672929448,621.0354115727544,0.0,0.9197628667218664,0.8974358974358975,0.10256410256410256,110.19317042236922,1548.0
croston,item_6_store_1,24550.770472729037,22533.789253297666,2016.9812194313715,0.0,0.9085061819264517,0.8717948717948718,0.1282051282051282,288.89473401663673,4409.0
croston,item_6_store_10,30116.99946259763,27455.219609117812,2661.7798534798158,0.0,0.9010674650258385,0.8717948717948718,0.1282051282051282,351.9899949886899,5381.0
croston,item_6_store_2,34772.60032669382,32416.852970779877,2355.7473559139444,0.0,0.9221240543499523,0.8974358974358975,0.10256410256410256,415.60067911256255,6050.0
croston,item_6_store_3,32310.58369907991,30242.955053197278,2067.6286458826316,0.0,0.9235768380749351,0.8974358974358975,0.10256410256410256,387.7301929897087,5411.0
croston,item_6_store_4,28213.248745114957,26107.30969989211,2105.939045222848,0.0,0.9141134157739458,0.8846153846153846,0.11538461538461539,334.7090987165655,4904.0
croston,item_6_store_5,21209.370877513913,19829.06633285878,1380.3045446551328,0.0,0.9241173972152209,0.8974358974358975,0.10256410256410256,254.21879913921512,3638.0
croston,item_6_store_6,20394.48922824829,19029.67142973773,1364.8177985105626,0.0,0.9262858331887355,0.8974358974358975,0.10256410256410256,243.9701465350991,3703.0
croston,item_6_store_7,18773.282448461774,17507.53637034238,1265.7460781193959,0.0,0.9238877884474206,0.8846153846153846,0.11538461538461539,224.45559449156897,3326.0
croston,item_6_store_8,34577.42104562244,32813.38662410767,1764.034421514774,0.0,0.9396705054201513,0.9102564102564102,0.08974358974358974,420.68444389881626,5848.0
croston,item_6_store_9,29021.533407921746,26940.773353314715,2080.7600546070307,0.0,0.9178377076167017,0.8974358974358975,0.10256410256410256,345.39453017070144,5065.0
croston,item_7_store_1,25016.43417026931,23622.36615747356,1394.06801279575,0.0,0.9353400736180079,0.9102564102564102,0.08974358974358974,302.8508481727379,4312.0
croston,item_7_store_10,31174.771273421953,29022.672026189208,2152.0992472327453,0.0,0.9184038200101329,0.8974358974358975,0.10256410256410256,372.08553879729754,5275.0
croston,item_7_store_2,35554.787849720575,33539.27654785213,2015.5113018684403,0.0,0.9341658892089354,0.9230769230769231,0.07692307692307693,429.9907249724632,6123.0
croston,item_7_store_3,31314.19836815635,29315.17050934206,1999.0278588142894,0.0,0.9271491305096834,0.9102564102564102,0.08974358974358974,375.83551935053924,5488.0
croston,item_7_store_4,28655.939290713733,26893.234464634315,1762.7048260794186,0.0,0.9296044398530584,0.9102564102564102,0.08974358974358974,344.78505723890146,5008.0
croston,item_7_store_5,21290.76615281667,20137.484615597263,1153.2815372194057,0.0,0.9373386831176634,0.9102564102564102,0.08974358974358974,258.1728796871444,3681.0
croston,item_7_store_6,20967.766105996994,19549.380825626027,1418.3852803709674,0.0,0.9203825270630948,0.8974358974358975,0.10256410256410256,250.633087508026,3563.0
croston,item_7_store_7,19101.84239403964,17915.53544531962,1186.3069487200198,0.0,0.9300732715166506,0.9102564102564102,0.08974358974358974,229.68635186307205,3393.0
croston,item_7_store_8,33172.53846488828,31146.372656755928,2026.1658081323526,0.0,0.9326071575542207,0.8974358974358975,0.10256410256410256,399.31246995840934,6013.0
croston,item_7_store_9,28941.82574741386,26929.08829850336,2012.7374489104977,0.0,0.9196030577627123,0.8974358974358975,0.10256410256410256,345.2447217756841,5007.0
croston,item_8_store_1,33128.119812413715,30683.43983101636,2444.679981397352,0.0,0.91487883073129,0.8846153846153846,0.11538461538461539,393.37743373097896,5744.0
croston,item_8_store_10,42087.69222686152,39470.52806059658,2617.1641662649404,0.0,0.9260896874819278,0.9102564102564102,0.08974358974358974,506.0324110332895,7082.0
croston,item_8_store_2,46256.8523532333,43311.652509564934,2945.199843668366,0.0,0.9276719095366315,0.9102564102564102,0.08974358974358974,555.2775962764736,8144.0
croston,item_8_store_3,41444.05826641573,38928.73206043967,2515.326205976062,0.0,0.9297689178842368,0.8974358974358975,0.10256410256410256,499.08630846717523,7163.0
croston,item_8_store_4,37996.91709864954,35034.99102285314,2961.926075796401,0.0,0.9121481217322734,0.8846153846153846,0.11538461538461539,449.1665515750402,6743.0
croston,item_8_store_5,26928.307901502594,25053.82558143256,1874.482320070033,0.0,0.9211905688429669,0.8846153846153846,0.11538461538461539,321.2028920696482,4757.0
croston,item_8_store_6,28096.06686479369,26572.320992523782,1523.745872269908,0.0,0.9367740301962693,0.9102564102564102,0.08974358974358974,340.6707819554331,4820.0
croston,item_8_store_7,24866.200786865236,23300.45493528882,1565.7458515764142,0.0,0.9276123045965596,0.8974358974358975,0.10256410256410256,298.72378122165156,4326.0
croston,item_8_store_8,44166.23730005263,41406.312633352965,2759.9246666996646,0.0,0.9305766654081332,0.8974358974358975,0.10256410256410256,530.8501619660636,7951.0
croston,item_8_store_9,37618.19314935185,35226.577471580844,2391.615677771005,0.0,0.9287361240235099,0.8974358974358975,0.10256410256410256,451.6227880971903,6712.0
croston,item_9_store_1,21580.085006857393,20310.955426371173,1269.1295804862216,0.0,0.9309505124871479,0.8974358974358975,0.10256410256410256,260.39686444065603,3676.0
croston,item_9_store_10,26676.179343725766,25053.47417844495,1622.7051652808154,0.0,0.930176197707366,0.8974358974358975,0.10256410256410256,321.1983869031404,4648.0
croston,item_9_store_2,30330.139208049284,28387.75289754766,1942.3863105016255,0.0,0.9270465235492348,0.8974358974358975,0.10256410256410256,363.94554996855976,5325.0
croston,item_9_store_3,26856.654553415672,24676.869404794837,2179.7851486208333,0.0,0.9069263386583761,0.8717948717948718,0.1282051282051282,316.3701205742928,4684.0
croston,item_9_store_4,26066.80884831452,24324.275889730183,1742.532958584336,0.0,0.9210988019658439,0.8974358974358975,0.10256410256410256,311.8496908939767,4417.0
croston,item_9_store_5,18156.186978656737,17122.549763910312,1033.6372147464238,0.0,0.9349913701417344,0.9102564102564102,0.08974358974358974,219.51986876808093,3180.0
croston,item_9_store_6,18468.34059259926,17172.051443418884,1296.289149180376,0.0,0.9174600987468721,0.8974358974358975,0.10256410256410256,220.1545056848575,3141.0
croston,item_9_store_7,16981.285989229196,16177.257276173063,804.0287130561353,0.0,0.9458930879504619,0.9358974358974359,0.0641025641025641,207.40073430991106,2972.0
croston,item_9_store_8,29160.984248755805,27293.718489628718,1867.2657591270865,0.0,0.9284435424745321,0.9102564102564102,0.08974358974358974,349.9194678157528,5219.0
croston,item_9_store_9,24624.69909927259,23066.409124981285,1558.2899742913082,0.0,0.9292329711947634,0.9102564102564102,0.08974358974358974,295.72319391001645,4404.0
point_gbdt_safety,item_10_store_1,22883.656884179472,19216.23755768902,3667.419326490455,0.0,0.8662014109270174,0.8205128205128205,0.1794871794871795,246.36201997037205,5482.0
point_gbdt_safety,item_10_store_10,25901.793006943637,21978.04518975887,3923.747817184768,0.0,0.8816008504168749,0.8461538461538461,0.15384615384615385,281.7698101251137,6628.0
point_gbdt_safety,item_10_store_2,27559.0109186636,21619.84657239087,5939.164346272729,0.0,0.8462153198790074,0.7564102564102564,0.24358974358974358,277.1775201588573,7724.0
point_gbdt_safety,item_10_store_3,25386.684211461066,20627.63008035189,4759.0541311091765,0.0,0.8623755311998502,0.7948717948717948,0.20512820512820512,264.4567959019473,6916.0
point_gbdt_safety,item_10_store_4,23385.434361569292,18525.5436807783,4859.890680790992,0.0,0.8472933014676829,0.7948717948717948,0.20512820512820512,237.50697026638846,6365.0
point_gbdt_safety,item_10_store_5,18528.915518081893,15376.256180182982,3152.659337898912,0.0,0.863106411728228,0.7948717948717948,0.20512820512820512,197.1314894895254,4606.0
point_gbdt_safety,item_10_store_6,17270.090028144223,14040.391117931582,3229.698910212641,0.0,0.8581287542186408,0.8076923076923077,0.19230769230769232,180.00501433245617,4553.0
point_gbdt_safety,item_10_store_7,16546.42885205714,14449.606971788775,2096.8218802683646,0.0,0.8978903394074329,0.8589743589743589,0.14102564102564102,185.25137143318943,4107.0
point_gbdt_safety,item_10_store_8,25638.25112692775,19657.816660122215,5980.434466805535,0.0,0.8393436006230883,0.7307692307692307,0.2692307692307692,252.02329051438736,7445.0
point_gbdt_safety,item_10_store_9,25160.61227140527,21283.061280240872,3877.5509911643962,0.0,0.8791098677735184,0.8333333333333334,0.16666666666666666,272.8597600030881,6415.0
point_gbdt_safety,item_11_store_1,21271.653020337366,18185.001695637417,3086.6513246999502,0.0,0.8815105057696756,0.8333333333333334,0.16666666666666666,233.1410473799669,5210.0
point_gbdt_safety,item_11_store_10,25536.691132597647,21044.48154938433,4492.209583213316,0.0,0.8633340558803372,0.8333333333333334,0.16666666666666666,269.80104550492734,6574.0
point_gbdt_safety,item_11_store_2,26988.03670154751,21309.599826744852,5678.436874802657,0.0,0.8466737714377573,0.7564102564102564,0.24358974358974358,273.19999777878013,7407.0
point_gbdt_safety,item_11_store_3,25806.263898770398,22231.82956285663,3574.4343359137665,0.0,0.8901526018465346,0.8333333333333334,0.16666666666666666,285.02345593405937,6508.0
point_gbdt_safety,item_11_store_4,23367.116558867187,18797.00927247078,4570.107286396406,0.0,0.8501112729945423,0.8076923076923077,0.19230769230769232,240.98729836501,6098.0
point_gbdt_safety,item_11_store_5,16035.458799207001,13401.239238309478,2634.2195608975235,0.0,0.8785514264224286,0.8076923076923077,0.19230769230769232,171.81075946550612,4338.0
point_gbdt_safety,item_11_store_6,16964.67427712266,14424.187943768215,2540.4863333544467,0.0,0.8818378449602583,0.8461538461538461,0.15384615384615385,184.92548645856687,4300.0
point_gbdt_safety,item_11_store_7,15128.243247091712,12566.851543990017,2561.3917031016945,0.0,0.8718983894422757,0.8076923076923077,0.19230769230769232,161.11348133320533,3999.0
point_gbdt_safety,item_11_store_8,25422.159068274545,19817.841087667886,5604.317980606658,0.0,0.8428402136677885,0.782051282051282,0.21794871794871795,254.07488573933188,7132.0
point_gbdt_safety,item_11_store_9,21854.26272392888,17556.806113876675,4297.456610052206,0.0,0.8594454093196334,0.7948717948717948,0.20512820512820512,225.0872578702138,6115.0
point_gbdt_safety,item_12_store_1,20958.3568610455,17513.91852136456,3444.438339680938,0.0,0.8680797265537749,0.8205128205128205,0.1794871794871795,224.5374169405713,5222.0
point_gbdt_safety,item_12_store_10,24632.944422889657,20572.27848994709,4060.6659329425665,0.0,0.8751140724913866,0.8205128205128205,0.1794871794871795,263.7471601275268,6503.0
point_gbdt_safety,item_12_store_2,26134.92345589434,20455.945400779892,5678.978055114448,0.0,0.844454175428254,0.782051282051282,0.21794871794871795,262.25571026640887,7302.0
point_gbdt_safety,item_12_store_3,24525.036630921157,19934.733028348408,4590.30360257275,0.0,0.8582802222114,0.7948717948717948,0.20512820512820512,255.57350036344113,6478.0
point_gbdt_safety,item_12_store_4,23399.103549341875,19104.338678662934,4294.764870678941,0.0,0.8572456416593338,0.8076923076923077,0.19230769230769232,244.9274189572171,6017.0
point_gbdt_safety,item_12_store_5,16384.973561605813,13985.371945660396,2399.6016159454184,0.0,0.8894702157556232,0.8461538461538461,0.15384615384615385,179.29964032897942,4342.0
point_gbdt_safety,item_12_store_6,16712.827332681547,14064.042121579681,2648.7852111018638,0.0,0.8772858368727421,0.8205128205128205,0.1794871794871795,180.30823232794464,4317.0
point_gbdt_safety,item_12_store_7,15596.646704885117,12774.508231031597,2822.1384738535194,0.0,0.8571069127162775,0.8076923076923077,0.19230769230769232,163.77574655168715,3950.0
point_gbdt_safety,item_12_store_8,25589.10745411426,21424.57937501052,4164.528079103739,0.0,0.8780161664000077,0.8333333333333334,0.16666666666666666,274.6740945514169,6828.0
point_gbdt_safety,item_12_store_9,25572.65632826209,22202.752945496894,3369.9033827651956,0.0,0.8865543382337924,0.8461538461538461,0.15384615384615385,284.6506787884217,5941.0
point_gbdt_safety,item_13_store_1,23821.615282106904,19873.947253594397,3947.6680285125076,0.0,0.8730857409254941,0.8205128205128205,0.1794871794871795,254.79419555890252,6221.0
point_gbdt_safety,item_13_store_10,28736.429105848565,23023.042242801002,5713.386863047563,0.0,0.8533901241198983,0.7948717948717948,0.20512820512820512,295.1672082410385,7794.0
point_gbdt_safety,item_13_store_2,33991.96409827738,27949.152400666528,6042.811697610851,0.0,0.8618312176149343,0.7948717948717948,0.20512820512820512,358.3224666752119,8747.0
point_gbdt_safety,item_13_store_3,28198.44935174314,21993.72931713822,6204.72003460492,0.0,0.8423597552183709,0.7692307692307693,0.23076923076923078,281.9708886812592,7872.0
point_gbdt_safety,item_13_store_4,26222.731623258314,21129.64281000457,5093.088813253743,0.0,0.8564113669790318,0.7948717948717948,0.20512820512820512,270.8928565385201,7094.0
point_gbdt_safety,item_13_store_5,20733.53554170927,17500.352095288665,3233.1834464206026,0.0,0.8772519572353608,0.8333333333333334,0.16666666666666666,224.36348840113672,5268.0
point_gbdt_safety,item_13_store_6,21665.944649135363,18747.712875603014,2918.2317735323486,0.0,0.8909683626552456,0.8333333333333334,0.16666666666666666,240.35529327696173,5353.0
point_gbdt_safety,item_13_store_7,18791.814985257402,15341.678630742346,3450.1363545150552,0.0,0.8537148037093468,0.8205128205128205,0.1794871794871795,196.6881875736198,4717.0
point_gbdt_safety,item_13_store_8,31061.735169803716,25043.37614291696,6018.3590268867565,0.0,0.8591702579411079,0.7948717948717948,0.20512820512820512,321.0689249091918,8547.0
point_gbdt_safety,item_13_store_9,28002.421022030554,22294.705042170608,5707.715979859948,0.0,0.8406111147763209,0.7948717948717948,0.20512820512820512,285.8295518227001,7162.0
point_gbdt_safety,item_14_store_1,17057.946805129737,14070.715407552656,2987.2313975770817,0.0,0.863565590428085,0.7948717948717948,0.20512820512820512,180.3937872763161,4379.0
point_gbdt_safety,item_14_store_10,21357.79018758606,17774.88365987376,3582.906527712298,0.0,0.8682512767893988,0.8205128205128205,0.1794871794871795,227.88312384453542,5439.0
point_gbdt_safety,item_14_store_2,23955.815645361632,19926.39086678607,4029.4247785755624,0.0,0.8702905270054543,0.8076923076923077,0.19230769230769232,255.4665495741804,6213.0
point_gbdt_safety,item_14_store_3,22494.086419452255,19138.92028936315,3355.1661300891055,0.0,0.8783037312263653,0.8333333333333334,0.16666666666666666,245.3707729405532,5514.0
point_gbdt_safety,item_14_store_4,19439.46388495528,15975.29636124819,3464.1675237070904,0.0,0.8625875635181638,0.7948717948717948,0.20512820512820512,204.81149181087423,5042.0
point_gbdt_safety,item_14_store_5,14960.670036444215,12751.09303789411,2209.576998550104,0.0,0.8788276940745762,0.8333333333333334,0.16666666666666666,163.4755517678732,3647.0
point_gbdt_safety,item_14_store_6,15315.70800020562,13001.33689024457,2314.3711099610478,0.0,0.874150564983086,0.8333333333333334,0.16666666666666666,166.68380628518682,3678.0
point_gbdt_safety,item_14_store_7,13386.84894647628,11271.614352205399,2115.2345942708816,0.0,0.8750968648201427,0.8205128205128205,0.1794871794871795,144.50787631032563,3387.0
point_gbdt_safety,item_14_store_8,23461.227727736634,19294.446999286865,4166.780728449768,0.0,0.8608522047604017,0.8076923076923077,0.19230769230769232,247.36470511906236,5989.0
point_gbdt_safety,item_14_store_9,19223.142362017566,16300.743815254407,2922.3985467631605,0.0,0.8842385206273256,0.8205128205128205,0.1794871794871795,208.9838950673642,5049.0
point_gbdt_safety,item_15_store_1,25276.02183447232,20653.488294256393,4622.533540215929,0.0,0.8600716349261108,0.7948717948717948,0.20512820512820512,264.78831146482554,6607.0
point_gbdt_safety,item_15_store_10,28662.502684830717,22559.330765625302,6103.171919205417,0.0,0.8495644091889225,0.7692307692307693,0.23076923076923078,289.22218930288847,8114.0
point_gbdt_safety,item_15_store_2,38118.19603319496,33010.70475170582,5107.491281489136,0.0,0.8882753739147078,0.8589743589743589,0.14102564102564102,423.214163483408,9143.0
point_gbdt_safety,item_15_store_3,31782.9510865921,25437.825237786714,6345.125848805387,0.0,0.8481482386309588,0.7948717948717948,0.20512820512820512,326.12596458700915,8357.0
point_gbdt_safety,item_15_store_4,27960.2593221775,22350.62295450488,5609.636367672618,0.0,0.8557934095713982,0.782051282051282,0.21794871794871795,286.546448134678,7780.0
point_gbdt_safety,item_15_store_5,22352.011784228118,18653.544170661666,3698.467613566454,0.0,0.8655835866412337,0.8205128205128205,0.1794871794871795,239.14800218797006,5503.0
point_gbdt_safety,item_15_store_6,22931.046590890608,19860.22520618801,3070.821384702599,0.0,0.8851814774835445,0.8461538461538461,0.15384615384615385,254.61827187420525,5349.0
point_gbdt_safety,item_15_store_7,20510.256629541924,17165.45345518783,3344.803174354092,0.0,0.8648564373998346,0.8333333333333334,0.16666666666666666,220.0699160921517,4950.0
point_gbdt_safety,item_15_store_8,34399.67987572363,29187.632788466435,5212.047087257199,0.0,0.8830067993881661,0.8205128205128205,0.1794871794871795,374.2004203649543,8910.0
point_gbdt_safety,item_15_store_9,28208.66642007553,22439.85101061407,5768.815409461458,0.0,0.8501606387152868,0.7692307692307693,0.23076923076923078,287.69039757197527,7700.0
point_gbdt_safety,item_16_store_1,11176.32118660132,10439.462431836735,736.8587547645859,0.0,0.921694074945315,0.8974358974358975,0.10256410256410256,133.83926194662482,1882.0
point_gbdt_safety,item_16_store_10,12344.52592095364,11625.418534373597,719.1073865800433,0.0,0.9378472440293825,0.9102564102564102,0.08974358974358974,149.04382736376405,2314.0
point_gbdt_safety,item_16_store_2,13605.061831628436,12556.371824443042,1048.6900071853943,0.0,0.9222328507834339,0.8846153846153846,0.11538461538461539,160.97912595439797,2697.0
point_gbdt_safety,item_16_store_3,13143.94222204943,12241.649462689824,902.2927593596074,0.0,0.9232744252245232,0.8974358974358975,0.10256410256410256,156.94422388063876,2352.0
point_gbdt_safety,item_16_store_4,12075.689072092404,11240.167392885247,835.5216792071576,0.0,0.924008942318585,0.8974358974358975,0.10256410256410256,144.10471016519548,2199.0
point_gbdt_safety,item_16_store_5,10245.684244019416,9788.446852076715,457.2373919427014,0.0,0.9423044300387758,0.9230769230769231,0.07692307692307693,125.49290835995788,1585.0
point_gbdt_safety,item_16_store_6,9760.48842918114,9201.842996695228,558.6454324859108,0.0,0.9290158281466441,0.9102564102564102,0.08974358974358974,117.97234611147728,1574.0
point_gbdt_safety,item_16_store_7,9874.446830964975,9428.45312150296,445.99370946201446,0.0,0.9372281900827566,0.9230769230769231,0.07692307692307693,120.87760412183282,1421.0
point_gbdt_safety,item_16_store_8,12624.943959203021,11540.833342741977,1084.1106164610455,0.0,0.9172750388049566,0.8846153846153846,0.11538461538461539,147.95940183002534,2621.0
point_gbdt_safety,item_16_store_9,12282.030356550493,11152.49693667339,1129.533419877103,0.0,0.8970812373688289,0.8717948717948718,0.1282051282051282,142.98072995735114,2195.0
point_gbdt_safety,item_17_store_1,12966.135332141397,12012.17058030129,953.9647518401068,0.0,0.9203036965881279,0.8974358974358975,0.10256410256410256,154.00218692693963,2394.0
point_gbdt_safety,item_17_store_10,13421.66841463558,11968.995373208567,1452.6730414270132,0.0,0.9038601560935133,0.8717948717948718,0.1282051282051282,153.44865863087907,3022.0
point_gbdt_safety,item_17_store_2,14551.567092992436,12040.619783996488,2510.9473089959483,0.0,0.8574135542875669,0.8333333333333334,0.16666666666666666,154.3669203076473,3522.0
point_gbdt_safety,item_17_store_3,13617.766744256556,12037.311989929045,1580.4547543275107,0.0,0.8989155897456022,0.8333333333333334,0.16666666666666666,154.324512691398,3127.0
point_gbdt_safety,item_17_store_4,14244.6851834133,12926.714678221959,1317.9705051913402,0.0,0.9038328708360934,0.8717948717948718,0.1282051282051282,165.72711125925588,2741.0
point_gbdt_safety,item_17_store_5,11899.247940344392,11122.97915699676,776.2687833476318,0.0,0.9264200205357694,0.8974358974358975,0.10256410256410256,142.60229688457386,2110.0
point_gbdt_safety,item_17_store_6,11951.511063039137,11041.607310430403,909.9037526087343,0.0,0.9118737285608974,0.8846153846153846,0.11538461538461539,141.55906808244106,2065.0
point_gbdt_safety,item_17_store_7,11478.00856143573,10908.567152208378,569.441409227353,0.0,0.9383721418585116,0.9230769230769231,0.07692307692307693,139.85342502831253,1848.0
point_gbdt_safety,item_17_store_8,13806.787177322632,12018.195145290048,1788.5920320325845,0.0,0.8885265171684273,0.8589743589743589,0.14102564102564102,154.07942493961602,3209.0
point_gbdt_safety,item_17_store_9,13331.627384126463,12085.705252983422,1245.922131143041,0.0,0.9101714397157145,0.8846153846153846,0.11538461538461539,154.9449391408131,2774.0
point_gbdt_safety,item_18_store_1,24265.096860701047,20284.535094855546,3980.5617658455003,0.0,0.874291433259261,0.8076923076923077,0.19230769230769232,260.05814224173776,6333.0
point_gbdt_safety,item_18_store_10,28157.84786755794,22377.694084428615,5780.153783129325,0.0,0.8499246064356918,0.7564102564102564,0.24358974358974358,286.893513902931,7703.0
point_gbdt_safety,item_18_store_2,36388.00041373673,31151.938756761487,5236.061656975245,0.0,0.8833189602902453,0.8461538461538461,0.15384615384615385,399.38383021489085,8975.0
point_gbdt_safety,item_18_store_3,28291.44761301974,22434.255209446746,5857.1924035729935,0.0,0.8506199335992607,0.782051282051282,0.21794871794871795,287.6186565313686,7842.0
point_gbdt_safety,item_18_store_4,25341.215349472084,19977.686663912747,5363.528685559339,0.0,0.8508473669199295,0.782051282051282,0.21794871794871795,256.1241879988814,7192.0
point_gbdt_safety,item_18_store_5,20527.14343528956,17271.792095015742,3255.351340273819,0.0,0.8759866156086165,0.8205128205128205,0.1794871794871795,221.4332319873813,5250.0
point_gbdt_safety,item_18_store_6,20950.38613238577,17501.369661877154,3449.016470508618,0.0,0.8669874095445963,0.8333333333333334,0.16666666666666666,224.37653412663016,5186.0
point_gbdt_safety,item_18_store_7,18798.904242181787,15580.256214565718,3218.6480276160673,0.0,0.8654411359692279,0.8333333333333334,0.16666666666666666,199.74687454571432,4784.0
point_gbdt_safety,item_18_store_8,32025.807366083136,26360.78975022277,5665.017615860363,0.0,0.8653910510666423,0.7948717948717948,0.20512820512820512,337.958842951574,8417.0
point_gbdt_safety,item_18_store_9,27485.34536124429,22167.143157496517,5318.202203747775,0.0,0.8536341763107811,0.782051282051282,0.21794871794871795,284.1941430448272,7267.0
point_gbdt_safety,item_19_store_1,13466.56217962253,11923.801224314222,1542.7609553083073,0.0,0.8977965581114072,0.8717948717948718,0.1282051282051282,152.86924646556696,3019.0
point_gbdt_safety,item_19_store_10,15320.150617121253,13048.352442770709,2271.7981743505443,0.0,0.8757222005278696,0.8333333333333334,0.16666666666666666,167.28656977911166,3656.0
point_gbdt_safety,item_19_store_2,16759.053438073704,13726.714164060224,3032.339274013479,0.0,0.8550853393541945,0.8076923076923077,0.19230769230769232,175.98351492384901,4185.0
point_gbdt_safety,item_19_store_3,15922.075570099869,13706.613882521895,2215.4616875779743,0.0,0.8781038961442655,0.8333333333333334,0.16666666666666666,175.72581900669095,3635.0
point_gbdt_safety,item_19_store_4,14621.03010507696,12224.266109686187,2396.763995390772,0.0,0.8645130584855414,0.8076923076923077,0.19230769230769232,156.72136038059213,3538.0
point_gbdt_safety,item_19_store_5,13111.06595155752,12045.654941628824,1065.4110099286963,0.0,0.9143560281407801,0.8846153846153846,0.11538461538461539,154.43147361062594,2488.0
point_gbdt_safety,item_19_store_6,13394.977850970796,11956.290903658617,1438.6869473121794,0.0,0.8842103060513335,0.8461538461538461,0.15384615384615385,153.2857808161361,2485.0
point_gbdt_safety,item_19_store_7,12488.000022041986,11681.167784579353,806.8322374626327,0.0,0.9325954688836565,0.9102564102564102,0.08974358974358974,149.75856134076093,2394.0
point_gbdt_safety,item_19_store_8,17107.42073630152,14336.396013550255,2771.0247227512646,0.0,0.8654842367596474,0.8076923076923077,0.19230769230769232,183.79994889166994,4120.0
point_gbdt_safety,item_19_store_9,14263.57036968377,12156.243914597091,2107.3264550866797,0.0,0.8784351626716654,0.8461538461538461,0.15384615384615385,155.84928095637295,3467.0
point_gbdt_safety,item_1_store_1,9794.533369210334,9212.589533583185,581.9438356271487,0.0,0.9276189259170213,0.8846153846153846,0.11538461538461539,118.11012222542544,1608.0
point_gbdt_safety,item_1_store_10,11190.415156457868,10437.765764082204,752.6493923756639,0.0,0.9237437292425872,0.8974358974358975,0.10256410256410256,133.81750979592567,1974.0
point_gbdt_safety,item_1_store_2,12688.731177239242,11997.035736608646,691.6954406305967,0.0,0.9397740147470094,0.9102564102564102,0.08974358974358974,153.80815046934163,2297.0
point_gbdt_safety,item_1_store_3,11354.14374714467,10283.580424988137,1070.5633221565333,0.0,0.8978957251162104,0.8717948717948718,0.1282051282051282,131.84077467933508,2097.0
point_gbdt_safety,item_1_store_4,11635.416639380526,10855.754208233076,779.66243114745,0.0,0.9151156852316331,0.8974358974358975,0.10256410256410256,139.17633600298817,1837.0
point_gbdt_safety,item_1_store_5,9968.967735522654,9513.537507115432,455.4302284072227,0.0,0.934186383178147,0.9102564102564102,0.08974358974358974,121.96842957840298,1384.0
point_gbdt_safety,item_1_store_6,9891.312692037407,9592.026063575344,299.28662846206294,0.0,0.9554301372357316,0.9358974358974359,0.0641025641025641,122.97469312276083,1343.0
point_gbdt_safety,item_1_store_7,9054.44206489644,8743.602940100984,310.8391247954563,0.0,0.948833065877291,0.9230769230769231,0.07692307692307693,112.09747359103825,1215.0
point_gbdt_safety,item_1_store_8,12783.94614640621,12004.5288073995,779.4173390067107,0.0,0.9308107111401055,0.9102564102564102,0.08974358974358974,153.90421547948077,2253.0
point_gbdt_safety,item_1_store_9,11675.439310254082,10947.01325831997,728.426051934112,0.0,0.9204340740650888,0.8974358974358975,0.10256410256410256,140.346323824615,1831.0
point_gbdt_safety,item_20_store_1,13993.27014450632,11629.290682313655,2363.979462192665,0.0,0.8668180584680188,0.8333333333333334,0.16666666666666666,149.0934702860725,3550.0
point_gbdt_safety,item_20_store_10,16853.895389343463,13934.336843702347,2919.558545641117,0.0,0.8652718714517251,0.8076923076923077,0.19230769230769232,178.6453441500301,4334.0
point_gbdt_safety,item_20_store_2,20010.512758991154,16729.333700815932,3281.1790581752202,0.0,0.8658278855786047,0.8205128205128205,0.1794871794871795,214.47863718994785,4891.0
point_gbdt_safety,item_20_store_3,17421.7700922625,14479.793433473178,2941.9766587893228,0.0,0.8712764533454682,0.8333333333333334,0.16666666666666666,185.63837735222023,4571.0
point_gbdt_safety,item_20_store_4,15574.449487254456,12963.091842628692,2611.3576446257644,0.0,0.8723364632302242,0.782051282051282,0.21794871794871795,166.1934851619063,4091.0
point_gbdt_safety,item_20_store_5,13801.601234952746,12358.109394280873,1443.4918406718737,0.0,0.90226866346162,0.8846153846153846,0.11538461538461539,158.43729992667787,2954.0
point_gbdt_safety,item_20_store_6,13696.15072767805,11847.86842746426,1848.2823002137893,0.0,0.8793155533650807,0.8461538461538461,0.15384615384615385,151.89574907005462,3063.0
point_gbdt_safety,item_20_store_7,13388.810770149545,12093.153059720104,1295.6577104294406,0.0,0.9040608877875275,0.8717948717948718,0.1282051282051282,155.04042384256542,2701.0
point_gbdt_safety,item_20_store_8,19079.465384655978,15993.673837800032,3085.7915468559445,0.0,0.8676477998346153,0.8205128205128205,0.1794871794871795,205.04710048461578,4663.0
point_gbdt_safety,item_20_store_9,16204.660853925048,13664.256821069383,2540.404032855665,0.0,0.8770077931321393,0.8205128205128205,0.1794871794871795,175.18277975729978,4131.0
point_gbdt_safety,item_21_store_1,13645.662986835032,12258.494088988702,1387.1688978463305,0.0,0.9078905114311866,0.8717948717948718,0.1282051282051282,157.1601806280603,3012.0
point_gbdt_safety,item_21_store_10,14436.679872444985,12016.480324518985,2420.1995479260004,0.0,0.8708193462542834,0.8205128205128205,0.1794871794871795,154.0574400579357,3747.0
point_gbdt_safety,item_21_store_2,16002.881661655661,12982.262484776345,3020.619176879317,0.0,0.8623236473619272,0.8076923076923077,0.19230769230769232,166.43926262533776,4388.0
point_gbdt_safety,item_21_store_3,14678.979175562929,12456.81950641833,2222.1596691445993,0.0,0.882332027050855,0.8205128205128205,0.1794871794871795,159.70281418485038,3777.0
point_gbdt_safety,item_21_store_4,13279.477127735703,11346.333249312871,1933.1438784228328,0.0,0.884588425168786,0.8461538461538461,0.15384615384615385,145.46581088862655,3350.0
point_gbdt_safety,item_21_store_5,13219.003190649677,12270.4942314273,948.5089592223767,0.0,0.9231665484631529,0.8846153846153846,0.11538461538461539,157.3140286080423,2469.0
point_gbdt_safety,item_21_store_6,12725.286008247716,11853.265575754658,872.0204324930575,0.0,0.9286106891123163,0.8974358974358975,0.10256410256410256,151.96494327890588,2443.0
point_gbdt_safety,item_21_store_7,12517.367792068926,11767.485607178856,749.8821848900707,0.0,0.9361802395838238,0.9102564102564102,0.08974358974358974,150.86520009203662,2350.0
point_gbdt_safety,item_21_store_8,16065.68616422958,13539.375180952837,2526.310983276744,0.0,0.876855423676493,0.8333333333333334,0.16666666666666666,173.58173308913894,4103.0
point_gbdt_safety,item_21_store_9,14351.271068419977,12121.692043163715,2229.579025256262,0.0,0.8712342463034212,0.8205128205128205,0.1794871794871795,155.40630824568865,3463.0
point_gbdt_safety,item_22_store_1,23398.773966032106,20178.65866897921,3220.1152970528974,0.0,0.8913774566688177,0.8589743589743589,0.14102564102564102,258.7007521664001,5929.0
point_gbdt_safety,item_22_store_10,27564.249952944596,21771.653411397296,5792.596541547299,0.0,0.8426993471406028,0.7692307692307693,0.23076923076923078,279.1237616845807,7365.0
point_gbdt_safety,item_22_store_2,30845.303635241868,24609.322484535718,6235.981150706149,0.0,0.8521929094404799,0.782051282051282,0.21794871794871795,315.5041344171246,8438.0
point_gbdt_safety,item_22_store_3,27390.81912341491,21816.985111520728,5573.834011894182,0.0,0.851877916239857,0.7692307692307693,0.23076923076923078,279.7049373271888,7526.0
point_gbdt_safety,item_22_store_4,25842.635165529668,21492.060317069423,4350.574848460246,0.0,0.873823235253473,0.8205128205128205,0.1794871794871795,275.53923483422335,6896.0
point_gbdt_safety,item_22_store_5,19932.132471458986,16922.991361509503,3009.1411099494826,0.0,0.8807788783696718,0.8333333333333334,0.16666666666666666,216.9614277116603,5048.0
point_gbdt_safety,item_22_store_6,21161.30735397987,17917.37652894462,3243.9308250352515,0.0,0.8706824466798783,0.8076923076923077,0.19230769230769232,229.70995549929,5017.0
point_gbdt_safety,item_22_store_7,17998.14555637224,15377.99922947118,2620.1463269010605,0.0,0.8843457812005711,0.8333333333333334,0.16666666666666666,197.15383627527152,4531.0
point_gbdt_safety,item_22_store_8,29334.959454410076,23156.02330072135,6178.936153688728,0.0,0.8472828434580146,0.7692307692307693,0.23076923076923078,296.8720935989917,8092.0
point_gbdt_safety,item_22_store_9,25663.935826132703,21147.17235668496,4516.763469447742,0.0,0.8701333102516463,0.8076923076923077,0.19230769230769232,271.11759431647386,6956.0
point_gbdt_safety,item_23_store_1,12406.909328221236,11905.74055980632,501.1687684149166,0.0,0.9546863681360835,0.9358974358974359,0.0641025641025641,152.6376994846964,2212.0
point_gbdt_safety,item_23_store_10,13376.828969765598,12025.064021073364,1351.7649486922346,0.0,0.9005323805230144,0.8717948717948718,0.1282051282051282,154.1674874496585,2718.0
point_gbdt_safety,item_23_store_2,14293.98791668281,13017.613489877835,1276.3744268049766,0.0,0.9181811264868605,0.8974358974358975,0.10256410256410256,166.89248063945942,3120.0
point_gbdt_safety,item_23_store_3,13747.833230754237,12516.24472763915,1231.5885031150856,0.0,0.9102013486609489,0.8717948717948718,0.1282051282051282,160.4646759953737,2743.0
point_gbdt_safety,item_23_store_4,13373.304808355944,12150.588278922389,1222.716529433556,0.0,0.9029590056005115,0.8717948717948718,0.1282051282051282,155.7767728066973,2520.0
point_gbdt_safety,item_23_store_5,10943.389349894485,10189.144095244947,754.2452546495389,0.0,0.9189419393176208,0.8846153846153846,0.11538461538461539,130.63005250314035,1861.0
point_gbdt_safety,item_23_store_6,11593.554601141763,10821.95986925678,771.594731884983,0.0,0.9122190293646208,0.8974358974358975,0.10256410256410256,138.7430752468818,1758.0
point_gbdt_safety,item_23_store_7,10605.842059297913,10175.943685704638,429.8983735932751,0.0,0.9488216221912767,0.9230769230769231,0.07692307692307693,130.4608164833928,1680.0
point_gbdt_safety,item_23_store_8,14287.861116691882,12991.792394053164,1296.0687226387172,0.0,0.9105233881505891,0.8846153846153846,0.11538461538461539,166.56144094939953,2897.0
point_gbdt_safety,item_23_store_9,12795.509842989126,11663.689851269997,1131.8199917191287,0.0,0.9126682105154994,0.8717948717948718,0.1282051282051282,149.53448527269228,2592.0
point_gbdt_safety,item_24_store_1,20517.909722535456,17760.953838706235,2756.955883829221,0.0,0.8854846984909982,0.8333333333333334,0.16666666666666666,227.70453639366968,4815.0
point_gbdt_safety,item_24_store_10,23262.90735461492,19420.440400399526,3842.4669542153924,0.0,0.874878965997545,0.8205128205128205,0.1794871794871795,248.98000513332727,6142.0
point_gbdt_safety,item_24_store_2,26009.06321941042,20734.136395985966,5274.926823424454,0.0,0.8510959259442639,0.782051282051282,0.21794871794871795,265.8222614869996,7085.0
point_gbdt_safety,item_24_store_3,24023.139962276786,19973.293583015435,4049.8463792613493,0.0,0.8678679811007716,0.8076923076923077,0.19230769230769232,256.0678664489158,6130.0
point_gbdt_safety,item_24_store_4,22790.04924920252,19287.617246696256,3502.4320025062616,0.0,0.876588019643895,0.8333333333333334,0.16666666666666666,247.27714418841353,5676.0
point_gbdt_safety,item_24_store_5,16722.06851000087,13901.20902527908,2820.85948472179,0.0,0.8610756225204733,0.8076923076923077,0.19230769230769232,178.22062852921897,4061.0
point_gbdt_safety,item_24_store_6,15699.51575655128,13156.269874574407,2543.245881976873,0.0,0.8771081960871285,0.8076923076923077,0.19230769230769232,168.67012659710778,4139.0
point_gbdt_safety,item_24_store_7,14880.879209211804,12495.817806350911,2385.0614028608925,0.0,0.8731012821037035,0.8333333333333334,0.16666666666666666,160.20279238911425,3759.0
point_gbdt_safety,item_24_store_8,26440.908248702508,22637.66827800617,3803.239970696336,0.0,0.8860964369363183,0.8461538461538461,0.15384615384615385,290.2265163846945,6678.0
point_gbdt_safety,item_24_store_9,22484.992712640167,19257.244077760646,3227.7486348795196,0.0,0.8860258250395651,0.8461538461538461,0.15384615384615385,246.88774458667496,5664.0
point_gbdt_safety,item_25_store_1,24402.030116509115,20666.97586627112,3735.0542502379926,0.0,0.8747466716888669,0.8333333333333334,0.16666666666666666,264.96122905475795,5964.0
point_gbdt_safety,item_25_store_10,26097.438996104953,20367.3719572243,5730.067038880652,0.0,0.8449237607880743,0.7564102564102564,0.24358974358974358,261.12015329774744,7390.0
point_gbdt_safety,item_25_store_2,31101.93064382065,25014.051995558242,6087.878648262408,0.0,0.8559763745383864,0.782051282051282,0.21794871794871795,320.69297430202874,8454.0
point_gbdt_safety,item_25_store_3,26772.836601865252,20609.900850485796,6162.935751379458,0.0,0.8351935886781799,0.7692307692307693,0.23076923076923078,264.2294980831512,7479.0
point_gbdt_safety,item_25_store_4,26338.291756782455,21938.119212508525,4400.172544273929,0.0,0.8711138680646182,0.8076923076923077,0.19230769230769232,281.25793862190415,6828.0
point_gbdt_safety,item_25_store_5,20449.958689055,17464.184105634373,2985.77458342063,0.0,0.8791184379181931,0.8205128205128205,0.1794871794871795,223.8997962260817,4940.0
point_gbdt_safety,item_25_store_6,19717.142752027048,16342.559501313077,3374.58325071397,0.0,0.8661410848586288,0.8205128205128205,0.1794871794871795,209.5199936065779,5042.0
point_gbdt_safety,item_25_store_7,17803.689988661718,14320.205381322048,3483.484607339669,0.0,0.8503979125042015,0.782051282051282,0.21794871794871795,183.592376683616,4657.0
point_gbdt_safety,item_25_store_8,29725.272164233378,24067.049324743184,5658.222839490192,0.0,0.8596670922745486,0.782051282051282,0.21794871794871795,308.5519144197844,8064.0
point_gbdt_safety,item_25_store_9,26896.533084082406,22008.3963609827,4888.136723099705,0.0,0.8599989482142432,0.8076923076923077,0.19230769230769232,282.15892770490643,6983.0
point_gbdt_safety,item_26_store_1,14178.890131309654,12282.951956353889,1895.9381749557656,0.0,0.8938444470909427,0.8589743589743589,0.14102564102564102,157.47374303017807,3572.0
point_gbdt_safety,item_26_store_10,17169.57396991072,14879.839902909644,2289.7340670010794,0.0,0.8918406203589476,0.8205128205128205,0.1794871794871795,190.76717824243133,4234.0
point_gbdt_safety,item_26_store_2,18663.073526827684,15403.693858017486,3259.3796688101993,0.0,0.8701959510629153,0.7948717948717948,0.20512820512820512,197.48325458996777,5022.0
point_gbdt_safety,item_26_store_3,17295.708986337635,14334.894255850633,2960.8147304870017,0.0,0.8621915415179426,0.8076923076923077,0.19230769230769232,183.78069558782863,4297.0
point_gbdt_safety,item_26_store_4,16734.617165620533,14284.201789487397,2450.4153761331345,0.0,0.8811631728354444,0.8461538461538461,0.15384615384615385,183.13079217291533,4124.0
point_gbdt_safety,item_26_store_5,14482.810913335932,12950.805652384945,1532.0052609509871,0.0,0.8964861310168252,0.8717948717948718,0.1282051282051282,166.03596990237108,2960.0
point_gbdt_safety,item_26_store_6,13457.326696960114,12341.287985962284,1116.0387109978296,0.0,0.9259184393629054,0.8846153846153846,0.11538461538461539,158.22164084567032,3013.0
point_gbdt_safety,item_26_store_7,13055.802055820677,11719.344460446426,1336.457595374252,0.0,0.9037827505130128,0.8717948717948718,0.1282051282051282,150.2480059031593,2778.0
point_gbdt_safety,item_26_store_8,18827.395172366654,15054.246812733332,3773.1483596333237,0.0,0.8463388979990502,0.782051282051282,0.21794871794871795,193.00316426581196,4911.0
point_gbdt_safety,item_26_store_9,16320.927137404271,13467.026590064259,2853.900547340012,0.0,0.8608871290597118,0.7948717948717948,0.20512820512820512,172.6541870521059,4103.0
point_gbdt_safety,item_27_store_1,9697.180824557992,9239.742678799088,457.43814575890383,0.0,0.9441808241904938,0.9358974358974359,0.0641025641025641,118.45823947178317,1639.0
point_gbdt_safety,item_27_store_10,11356.976094526532,10282.133389385566,1074.8427051409649,0.0,0.8962006079052666,0.8717948717948718,0.1282051282051282,131.8222229408406,2071.0
point_gbdt_safety,item_27_store_2,12810.5258500622,11719.132546644374,1091.3933034178253,0.0,0.9046401657127282,0.8846153846153846,0.11538461538461539,150.24528905954327,2289.0
point_gbdt_safety,item_27_store_3,11463.596003331457,10670.125335753524,793.4706675779324,0.0,0.9204540684132398,0.8974358974358975,0.10256410256410256,136.79647866350672,1995.0
point_gbdt_safety,item_27_store_4,11454.253381991028,10803.879139076947,650.3742429140806,0.0,0.9310313634237454,0.8974358974358975,0.10256410256410256,138.51127101380703,1886.0
point_gbdt_safety,item_27_store_5,9642.365738273833,9213.718352819025,428.64738545480805,0.0,0.9367310132170025,0.9230769230769231,0.07692307692307693,118.12459426691058,1355.0
point_gbdt_safety,item_27_store_6,9817.790057710195,9556.47838951445,261.31166819574474,0.0,0.9631955396907402,0.9487179487179487,0.05128205128205128,122.51895371172373,1420.0
point_gbdt_safety,item_27_store_7,9543.067518423248,9264.354853436811,278.7126649864362,0.0,0.9533144614763088,0.9358974358974359,0.0641025641025641,118.77378017226681,1194.0
point_gbdt_safety,item_27_store_8,12286.567039502177,11496.001098588638,790.5659409135387,0.0,0.9245283111299725,0.8974358974358975,0.10256410256410256,147.3846294690851,2095.0
point_gbdt_safety,item_27_store_9,11493.827413734361,10834.52279258869,659.3046211456704,0.0,0.9306724898900451,0.9102564102564102,0.08974358974358974,138.90413836652166,1902.0
point_gbdt_safety,item_28_store_1,25588.882001425438,21028.62535774931,4560.256643676128,0.0,0.8624979151612806,0.7948717948717948,0.20512820512820512,269.59776099678606,6633.0
point_gbdt_safety,item_28_store_10,29756.6146429182,23427.501368836285,6329.113274081916,0.0,0.8429695255158935,0.7692307692307693,0.23076923076923078,300.35258165174724,8061.0
point_gbdt_safety,item_28_store_2,38633.75827928717,33644.66631759162,4989.0919616955525,0.0,0.8913643557605758,0.8589743589743589,0.14102564102564102,431.34187586655923,9185.0
point_gbdt_safety,item_28_store_3,28326.28982090045,22651.10901362368,5675.180807276767,0.0,0.8623030254209204,0.7692307692307693,0.23076923076923078,290.3988335079959,8243.0
point_gbdt_safety,item_28_store_4,27689.487111381604,22481.485660671366,5208.0014507102405,0.0,0.8606927524218204,0.8076923076923077,0.19230769230769232,288.2241751368124,7477.0
point_gbdt_safety,item_28_store_5,23353.063301555878,20321.898208280065,3031.165093275812,0.0,0.8870653840061175,0.8461538461538461,0.15384615384615385,260.5371565164111,5368.0
point_gbdt_safety,item_28_store_6,22281.081733707804,19541.15519399815,2739.926539709654,0.0,0.8994153252676338,0.8333333333333334,0.16666666666666666,250.527630692284,5448.0
point_gbdt_safety,item_28_store_7,20144.640356717053,17618.10083072686,2526.5395259901925,0.0,0.8980823103674791,0.8461538461538461,0.15384615384615385,225.8730875734213,4958.0
point_gbdt_safety,item_28_store_8,36968.476458194746,32291.00767990059,4677.468778294153,0.0,0.8949237610177659,0.8461538461538461,0.15384615384615385,413.9872779474435,8903.0
point_gbdt_safety,item_28_store_9,27923.857302911987,22809.858463323562,5113.998839588426,0.0,0.8654741854639373,0.7948717948717948,0.20512820512820512,292.43408286312257,7603.0
point_gbdt_safety,item_29_store_1,20805.054954923813,16791.390982795412,4013.663972128399,0.0,0.8465724781296484,0.7948717948717948,0.20512820512820512,215.27424336917196,5232.0
point_gbdt_safety,item_29_store_10,24595.333955214366,20600.353530737604,3994.980424476763,0.0,0.8739157195999129,0.8205128205128205,0.1794871794871795,264.107096547918,6337.0
point_gbdt_safety,item_29_store_2,26493.26968740266,21258.689041227448,5234.580646175209,0.0,0.8557569400337502,0.7948717948717948,0.20512820512820512,272.5472954003519,7258.0
point_gbdt_safety,item_29_store_3,25999.771747693158,22315.139932168313,3684.6318155248437,0.0,0.8878687822420924,0.8461538461538461,0.15384615384615385,286.09153759190144,6572.0
point_gbdt_safety,item_29_store_4,23959.670753836046,20239.91425457864,3719.7564992574044,0.0,0.8759254002916144,0.8333333333333334,0.16666666666666666,259.48608018690567,5996.0
point_gbdt_safety,item_29_store_5,17455.13985771431,14782.591224409793,2672.548633304518,0.0,0.8750561648758991,0.8333333333333334,0.16666666666666666,189.52040031294607,4278.0
point_gbdt_safety,item_29_store_6,17326.86793124302,14803.702500431706,2523.1654308113143,0.0,0.8797920233057973,0.8333333333333334,0.16666666666666666,189.79105769784238,4198.0
point_gbdt_safety,item_29_store_7,15661.906807102638,13309.48662351716,2352.420183585479,0.0,0.8810106128687163,0.8461538461538461,0.15384615384615385,170.63444389124564,3954.0
point_gbdt_safety,item_29_store_8,25828.02723248752,20908.469814493677,4919.557417993842,0.0,0.8599812888005168,0.7948717948717948,0.20512820512820512,268.0573053140215,7027.0
point_gbdt_safety,item_29_store_9,24368.38996707676,20033.426477509976,4334.963489566784,0.0,0.85849637703389,0.8076923076923077,0.19230769230769232,256.83880099371765,6127.0
point_gbdt_safety,item_2_store_1,16687.031879093425,13581.966428358819,3105.065450734608,0.0,0.8588927311640715,0.782051282051282,0.21794871794871795,174.12777472254896,4401.0
point_gbdt_safety,item_2_store_10,21934.785211941587,18586.821752089763,3347.963459851825,0.0,0.8761160606900342,0.8461538461538461,0.15384615384615385,238.29258656525337,5405.0
point_gbdt_safety,item_2_store_2,24156.915865604868,20291.356305104404,3865.5595605004623,0.0,0.8729061462929324,0.8205128205128205,0.1794871794871795,260.14559365518465,6083.0
point_gbdt_safety,item_2_store_3,22487.64737246547,19220.557848124685,3267.089524340788,0.0,0.8779114527525865,0.8333333333333334,0.16666666666666666,246.41740830929083,5352.0
point_gbdt_safety,item_2_store_4,21609.478020562754,18458.486652158776,3150.9913684039775,0.0,0.8740862590048362,0.8333333333333334,0.16666666666666666,236.64726477126635,5005.0
point_gbdt_safety,item_2_store_5,15991.179661725722,13344.577205365968,2646.6024563597553,0.0,0.8515646406977142,0.8076923076923077,0.19230769230769232,171.08432314571752,3566.0
point_gbdt_safety,item_2_store_6,14840.838146965045,12477.84702330403,2362.991123661015,0.0,0.8723052621636848,0.8205128205128205,0.1794871794871795,159.97239773466706,3701.0
point_gbdt_safety,item_2_store_7,14615.970548699575,12677.560543546002,1938.4100051535734,0.0,0.8818762946280577,0.8461538461538461,0.15384615384615385,162.532827481359,3282.0
point_gbdt_safety,item_2_store_8,23367.07917037471,19740.289355251738,3626.78981512297,0.0,0.8755391278269398,0.8333333333333334,0.16666666666666666,253.08063275963767,5828.0
point_gbdt_safety,item_2_store_9,19858.43307996396,16809.146612384488,3049.286467579473,0.0,0.8806541499968894,0.8333333333333334,0.16666666666666666,215.50187964595497,5110.0
point_gbdt_safety,item_30_store_1,13631.215595748909,12123.908004311226,1507.3075914376814,0.0,0.9001452407129724,0.8717948717948718,0.1282051282051282,155.43471800399007,3019.0
point_gbdt_safety,item_30_store_10,15122.454470347566,12778.24870025219,2344.205770095375,0.0,0.8735936494960702,0.8076923076923077,0.19230769230769232,163.8237012852845,3709.0
point_gbdt_safety,item_30_store_2,16069.480642751954,13832.185116891505,2237.2955258604497,0.0,0.8916826179685089,0.8461538461538461,0.15384615384615385,177.3357066268142,4131.0
point_gbdt_safety,item_30_store_3,15239.391656241944,13201.38724899893,2038.0044072430144,0.0,0.8934933677949822,0.8461538461538461,0.15384615384615385,169.24855447434524,3827.0
point_gbdt_safety,item_30_store_4,13290.502092310791,11217.509936960512,2072.99215535028,0.0,0.8783098235779113,0.8461538461538461,0.15384615384615385,143.8142299610322,3407.0
point_gbdt_safety,item_30_store_5,13316.934101912639,12344.180570894194,972.7535310184447,0.0,0.9211387490053956,0.8846153846153846,0.11538461538461539,158.25872526787427,2467.0
point_gbdt_safety,item_30_store_6,13437.280797607677,12128.477665286027,1308.8031323216496,0.0,0.8953794458575819,0.8717948717948718,0.1282051282051282,155.4933034011029,2502.0
point_gbdt_safety,item_30_store_7,12747.168668879003,11868.205608742044,878.9630601369589,0.0,0.9223530865603393,0.8846153846153846,0.11538461538461539,152.15648216335953,2264.0
point_gbdt_safety,item_30_store_8,15700.318954517857,13782.63154027614,1917.6874142417187,0.0,0.9028773150548635,0.8333333333333334,0.16666666666666666,176.7004043625146,3949.0
point_gbdt_safety,item_30_store_9,13774.596996448252,11553.120449414067,2221.476547034185,0.0,0.8730222036562341,0.8205128205128205,0.1794871794871795,148.11692883864188,3499.0
point_gbdt_safety,item_31_store_1,17947.437199105487,15342.138951918298,2605.298247187188,0.0,0.8825384018400727,0.8333333333333334,0.16666666666666666,196.69408912715767,4436.0
point_gbdt_safety,item_31_store_10,21552.97691201023,18321.430578100946,3231.5463339092826,0.0,0.8760434854656968,0.8205128205128205,0.1794871794871795,234.8901356166788,5214.0
point_gbdt_safety,item_31_store_2,23822.221986657823,19742.605258326897,4079.616728330925,0.0,0.8694731489895721,0.8076923076923077,0.19230769230769232,253.1103238247038,6251.0
point_gbdt_safety,item_31_store_3,22198.929252482587,19115.070028387127,3083.8592240954586,0.0,0.8865393957286439,0.8333333333333334,0.16666666666666666,245.06500036393751,5436.0
point_gbdt_safety,item_31_store_4,19137.27510956952,15476.123384691076,3661.1517248784435,0.0,0.854802628400617,0.7948717948717948,0.20512820512820512,198.4118382652702,5043.0
point_gbdt_safety,item_31_store_5,15440.548309840411,12987.240126966328,2453.3081828740824,0.0,0.8654615748355314,0.8205128205128205,0.1794871794871795,166.50307855085035,3647.0
point_gbdt_safety,item_31_store_6,15587.610935307574,13593.062561662196,1994.548373645378,0.0,0.8889449680598341,0.8461538461538461,0.15384615384615385,174.27003284182302,3592.0
point_gbdt_safety,item_31_store_7,14108.163692246795,12356.324413023378,1751.839279223417,0.0,0.8966161534834219,0.8589743589743589,0.14102564102564102,158.41441555158175,3389.0
point_gbdt_safety,item_31_store_8,22427.3571191502,18554.360916666712,3872.996202483489,0.0,0.8687787158230225,0.8205128205128205,0.1794871794871795,237.8764220085476,5903.0
point_gbdt_safety,item_31_store_9,20033.97156277074,16353.540353637862,3680.4312091328807,0.0,0.8561769750241157,0.8076923076923077,0.19230769230769232,209.66077376458796,5118.0
point_gbdt_safety,item_32_store_1,14048.553309610881,12146.120897818075,1902.4324117928059,0.0,0.8847709017690608,0.8205128205128205,0.1794871794871795,155.71949868997532,3302.0
point_gbdt_safety,item_32_store_10,15443.282557375325,13193.38823522603,2249.8943221492955,0.0,0.8888392133325447,0.8205128205128205,0.1794871794871795,169.14600301571832,4048.0
point_gbdt_safety,item_32_store_2,19193.513042827548,15995.695080261037,3197.8179625665093,0.0,0.8651563161473114,0.8205128205128205,0.1794871794871795,205.07301384950048,4743.0
point_gbdt_safety,item_32_store_3,17044.878867433017,14427.922371635352,2616.9564957976663,0.0,0.8742452428737306,0.8205128205128205,0.1794871794871795,184.97336373891477,4162.0
point_gbdt_safety,item_32_store_4,15910.509631580577,13592.112101143535,2318.397530437041,0.0,0.8785861466123571,0.8461538461538461,0.15384615384615385,174.25784745055813,3819.0
point_gbdt_safety,item_32_store_5,13097.345255478524,11924.626863764885,1172.7183917136392,0.0,0.9151433869961189,0.8846153846153846,0.11538461538461539,152.8798315867293,2764.0
point_gbdt_safety,item_32_store_6,13949.164143725344,12855.674604415148,1093.4895393101965,0.0,0.9193889023730043,0.8974358974358975,0.10256410256410256,164.8163410822455,2713.0
point_gbdt_safety,item_32_store_7,13213.566230076234,12143.095322318652,1070.4709077575835,0.0,0.9148053396134036,0.8974358974358975,0.10256410256410256,155.68070926049555,2513.0
point_gbdt_safety,item_32_store_8,16962.939953845213,14486.477391667526,2476.462562177687,0.0,0.8873054579213795,0.8076923076923077,0.19230769230769232,185.72406912394263,4395.0
point_gbdt_safety,item_32_store_9,15195.005109663089,12984.63495717554,2210.3701524875482,0.0,0.8828632669587945,0.8461538461538461,0.15384615384615385,166.46967893814795,3774.0
point_gbdt_safety,item_33_store_1,21094.828043789625,17634.4277734093,3460.4002703803235,0.0,0.8654326163569775,0.8333333333333334,0.16666666666666666,226.0824073514013,5143.0
point_gbdt_safety,item_33_store_10,24246.54280439359,20723.61364865673,3522.9291557368583,0.0,0.8883736008955369,0.8461538461538461,0.15384615384615385,265.68735446995805,6312.0
point_gbdt_safety,item_33_store_2,25921.37869445188,20251.719478046576,5669.659216405303,0.0,0.8431629539030345,0.7692307692307693,0.23076923076923078,259.6374292057253,7230.0
point_gbdt_safety,item_33_store_3,25018.028973616398,20400.88233464017,4617.146638976227,0.0,0.8581085851574607,0.7948717948717948,0.20512820512820512,261.5497735210278,6508.0
point_gbdt_safety,item_33_store_4,22846.183109617537,18914.081557848367,3932.1015517691685,0.0,0.8686234028810835,0.8076923076923077,0.19230769230769232,242.4882251006201,5986.0
point_gbdt_safety,item_33_store_5,16697.68202723124,14099.100971485052,2598.581055746188,0.0,0.877771352034516,0.8333333333333334,0.16666666666666666,180.75770476262886,4252.0
point_gbdt_safety,item_33_store_6,17095.120544173413,14084.265878124525,3010.854666048889,0.0,0.8622664837123107,0.8076923076923077,0.19230769230769232,180.56751125800673,4372.0
point_gbdt_safety,item_33_store_7,15393.512764914693,12882.432543727748,2511.080221186944,0.0,0.8711605838282738,0.8205128205128205,0.1794871794871795,165.15939158625318,3898.0
point_gbdt_safety,item_33_store_8,25407.14160130112,20938.10626278758,4469.035338513537,0.0,0.8715978928741981,0.8076923076923077,0.19230769230769232,268.437259779328,6961.0
point_gbdt_safety,item_33_store_9,22567.674054885705,18718.61671728109,3849.057337604617,0.0,0.8725055535738782,0.8076923076923077,0.19230769230769232,239.9822656061678,6038.0
point_gbdt_safety,item_34_store_1,11564.152007794299,10819.841603985047,744.3104038092514,0.0,0.9216515364411314,0.8974358974358975,0.10256410256410256,138.71591799980828,1900.0
point_gbdt_safety,item_34_store_10,13170.333504929882,12336.311106563464,834.0223983664185,0.0,0.9261600355585287,0.8974358974358975,0.10256410256410256,158.15783469953158,2259.0
point_gbdt_safety,item_34_store_2,12986.404366925133,11441.114586798543,1545.2897801265897,0.0,0.8917485267862283,0.8589743589743589,0.14102564102564102,146.68095624100695,2855.0
point_gbdt_safety,item_34_store_3,12586.609785031487,11600.743253560306,985.8665314711823,0.0,0.918219283992436,0.8974358974358975,0.10256410256410256,148.7274776097475,2411.0
point_gbdt_safety,item_34_store_4,11993.285018143122,10957.10975781952,1036.1752603236016,0.0,0.9081811909327778,0.8717948717948718,0.1282051282051282,140.47576612589128,2257.0
point_gbdt_safety,item_34_store_5,10370.120061025813,9932.0742869798,438.04577404601247,0.0,0.9466448509079157,0.9230769230769231,0.07692307692307693,127.33428573051025,1642.0
point_gbdt_safety,item_34_store_6,9982.824693841756,9425.747812967582,557.0768808741735,0.0,0.9312675039020143,0.9102564102564102,0.08974358974358974,120.84292067907157,1621.0
point_gbdt_safety,item_34_store_7,9465.6261952167,9159.909120111082,305.71707510561794,0.0,0.9574506506463998,0.9358974358974359,0.0641025641025641,117.43473230911644,1437.0
point_gbdt_safety,item_34_store_8,13518.949682086157,12418.840896038068,1100.1087860480884,0.0,0.9144882404937359,0.8846153846153846,0.11538461538461539,159.21590892356497,2573.0
point_gbdt_safety,item_34_store_9,11678.366660486097,10622.128588403493,1056.2380720826034,0.0,0.9064448120387419,0.8717948717948718,0.1282051282051282,136.18113574876273,2258.0
point_gbdt_safety,item_35_store_1,18881.898998796816,15479.896521277184,3402.0024775196343,0.0,0.862239219375597,0.8076923076923077,0.19230769230769232,198.46021181124596,4939.0
point_gbdt_safety,item_35_store_10,24150.793807747523,20120.592946410667,4030.200861336855,0.0,0.8667041223305159,0.8076923076923077,0.19230769230769232,257.95631982577777,6047.0
point_gbdt_safety,item_35_store_2,26210.92066235892,21406.864443008508,4804.05621935041,0.0,0.8602049696100564,0.8205128205128205,0.1794871794871795,274.4469800385706,6873.0
point_gbdt_safety,item_35_store_3,23804.858507360863,19277.68767893816,4527.1708284227025,0.0,0.8503414602174314,0.7948717948717948,0.20512820512820512,247.14984203766872,6050.0
point_gbdt_safety,item_35_store_4,22680.08231983034,19312.56488970582,3367.5174301245215,0.0,0.8805633115756512,0.8333333333333334,0.16666666666666666,247.59698576545924,5639.0
point_gbdt_safety,item_35_store_5,16730.51313653802,13861.06912753956,2869.4440089984596,0.0,0.8608079549358011,0.8076923076923077,0.19230769230769232,177.7060144556354,4123.0
point_gbdt_safety,item_35_store_6,15746.18374865144,13276.848881334789,2469.3348673166515,0.0,0.8768718590218573,0.8333333333333334,0.16666666666666666,170.21601129916397,4011.0
point_gbdt_safety,item_35_store_7,14171.26417304108,11614.083318766887,2557.1808542741924,0.0,0.864340538234791,0.7948717948717948,0.20512820512820512,148.89850408675497,3770.0
point_gbdt_safety,item_35_store_8,25906.626145221395,21726.516289587234,4180.109855634159,0.0,0.8746969467735564,0.8205128205128205,0.1794871794871795,278.54508063573377,6672.0
point_gbdt_safety,item_35_store_9,22711.53327056131,19347.220251078506,3364.3130194828054,0.0,0.8821606648167143,0.8205128205128205,0.1794871794871795,248.04128527023727,5710.0
point_gbdt_safety,item_36_store_1,23349.16915661748,19708.014370795907,3641.1547858215736,0.0,0.8699122977555708,0.8333333333333334,0.16666666666666666,252.66685090763983,5598.0
point_gbdt_safety,item_36_store_10,25855.936544247015,20589.421844606375,5266.514699640642,0.0,0.8513124026075481,0.7692307692307693,0.23076923076923078,263.9669467257228,7084.0
point_gbdt_safety,item_36_store_2,29642.50779829498,23573.86359732806,6068.644200966917,0.0,0.8513498052426964,0.7564102564102564,0.24358974358974358,302.2290204785649,8165.0
point_gbdt_safety,item_36_store_3,25802.968970360373,20629.480237517702,5173.48873284267,0.0,0.8550031184741405,0.7948717948717948,0.20512820512820512,264.48051586561155,7136.0
point_gbdt_safety,item_36_store_4,25943.358422192152,21293.37918314007,4649.979239052082,0.0,0.8596656333468513,0.8076923076923077,0.19230769230769232,272.99204080948806,6627.0
point_gbdt_safety,item_36_store_5,18973.574590227865,15422.273323332156,3551.301266895711,0.0,0.8528263047287316,0.8205128205128205,0.1794871794871795,197.72145286323277,4826.0
point_gbdt_safety,item_36_store_6,19377.74491112226,16341.825241338567,3035.919669783691,0.0,0.8741065863660091,0.8076923076923077,0.19230769230769232,209.51058001716112,4823.0
point_gbdt_safety,item_36_store_7,17032.032507380707,14611.345780408614,2420.6867269720938,0.0,0.89227028362385,0.8205128205128205,0.1794871794871795,187.32494590267453,4494.0
point_gbdt_safety,item_36_store_8,28549.036726298116,21949.90076586752,6599.135960430596,0.0,0.833586282677327,0.7564102564102564,0.24358974358974358,281.4089841777887,7931.0
point_gbdt_safety,item_36_store_9,25245.469955585162,20802.161150795753,4443.308804789407,0.0,0.8645332681466645,0.7948717948717948,0.20512820512820512,266.6943737281507,6560.0
point_gbdt_safety,item_37_store_1,12626.44563446381,11687.244580819557,939.2010536442524,0.0,0.9150044295344568,0.8846153846153846,0.11538461538461539,149.83646898486612,2210.0
point_gbdt_safety,item_37_store_10,13329.086795071682,11932.147623172872,1396.939171898809,0.0,0.8957118945950872,0.8461538461538461,0.15384615384615385,152.9762515791394,2679.0
point_gbdt_safety,item_37_store_2,12889.001769425866,11334.165194078178,1554.8365753476883,0.0,0.8992002220195988,0.8461538461538461,0.15384615384615385,145.30981018048945,3085.0
point_gbdt_safety,item_37_store_3,13663.208945415034,12644.919511429023,1018.2894339860098,0.0,0.924654869849352,0.8974358974358975,0.10256410256410256,162.1143527106285,2703.0
point_gbdt_safety,item_37_store_4,13275.368404494568,12045.110902671226,1230.257501823342,0.0,0.9027079872025827,0.8717948717948718,0.1282051282051282,154.4244987521952,2529.0
point_gbdt_safety,item_37_store_5,10960.672882731074,10552.431411350704,408.24147138037006,0.0,0.9534236769674421,0.9358974358974359,0.0641025641025641,135.2875821968039,1753.0
point_gbdt_safety,item_37_store_6,11216.395685485484,10237.518058792844,978.8776266926393,0.0,0.8939460859487932,0.8717948717948718,0.1282051282051282,131.2502315229852,1846.0
point_gbdt_safety,item_37_store_7,10283.907985703998,9703.823829495204,580.0841562087928,0.0,0.9280738801972979,0.9102564102564102,0.08974358974358974,124.40799781404108,1613.0
point_gbdt_safety,item_37_store_8,14366.490222951565,12531.996472301036,1834.4937506505294,0.0,0.877496243696125,0.8461538461538461,0.15384615384615385,160.66662143975688,2995.0
point_gbdt_safety,item_37_store_9,13344.5661195703,12378.30512451046,966.2609950598403,0.0,0.926881498671219,0.8974358974358975,0.10256410256410256,158.6962195450059,2643.0
point_gbdt_safety,item_38_store_1,24391.398748155872,20478.96701540844,3912.4317327474328,0.0,0.8695638695533443,0.8205128205128205,0.1794871794871795,262.5508591719031,5999.0
point_gbdt_safety,item_38_store_10,25858.014819864908,19566.756600744695,6291.258219120214,0.0,0.8311071619028131,0.7692307692307693,0.23076923076923078,250.8558538557012,7450.0
point_gbdt_safety,item_38_store_2,32753.472756139694,26831.456741455266,5922.016014684427,0.0,0.8609365735661753,0.8205128205128205,0.1794871794871795,343.9930351468624,8517.0
point_gbdt_safety,item_38_store_3,27572.66853630681,22002.70729851706,5569.961237789752,0.0,0.8537876036805421,0.7692307692307693,0.23076923076923078,282.08599100662894,7619.0
point_gbdt_safety,item_38_store_4,26297.371142508084,22200.95034237462,4096.420800133461,0.0,0.8808487259996085,0.8333333333333334,0.16666666666666666,284.62756849198234,6876.0
point_gbdt_safety,item_38_store_5,19055.344525285476,15739.563100762318,3315.781424523157,0.0,0.8673156692867885,0.7948717948717948,0.20512820512820512,201.78927052259382,4998.0
point_gbdt_safety,item_38_store_6,19412.767732667526,16662.6284774679,2750.139255199623,0.0,0.8903015853530266,0.8333333333333334,0.16666666666666666,213.62344201881925,5014.0
point_gbdt_safety,item_38_store_7,19512.46899413341,16787.250864141144,2725.218129992268,0.0,0.8814864914115126,0.8461538461538461,0.15384615384615385,215.22116492488647,4599.0
point_gbdt_safety,item_38_store_8,31187.51899267124,24442.63958988242,6744.879402788821,0.0,0.837785488148417,0.7692307692307693,0.23076923076923078,313.36717422926176,8316.0
point_gbdt_safety,item_38_store_9,26481.05962253565,20989.78802051021,5491.271602025441,0.0,0.8428820714728057,0.782051282051282,0.21794871794871795,269.09984641679756,6990.0
point_gbdt_safety,item_39_store_1,13737.509723821879,11938.789351813783,1798.7203720080959,0.0,0.8901209302377461,0.8589743589743589,0.14102564102564102,153.06140194633053,3274.0
point_gbdt_safety,item_39_store_10,16582.29176710968,14032.547326972697,2549.7444401369835,0.0,0.8777394178788308,0.8333333333333334,0.16666666666666666,179.90445290990638,4171.0
point_gbdt_safety,item_39_store_2,17339.62651145651,14807.254429213548,2532.372082242963,0.0,0.8879729227054651,0.8205128205128205,0.1794871794871795,189.83659524632753,4521.0
point_gbdt_safety,item_39_store_3,17265.467075066288,14222.061593457687,3043.405481608601,0.0,0.851178216058259,0.7948717948717948,0.20512820512820512,182.33412299304726,4090.0
point_gbdt_safety,item_39_store_4,15449.925305250916,13096.973328467982,2352.951976782933,0.0,0.8770983558744877,0.8333333333333334,0.16666666666666666,167.90991446753824,3829.0
point_gbdt_safety,item_39_store_5,14394.22264705558,13461.14611916228,933.0765278933001,0.0,0.9293391497240968,0.8846153846153846,0.11538461538461539,172.57879639951642,2641.0
point_gbdt_safety,item_39_store_6,12807.015853677749,11515.802584488305,1291.2132691894435,0.0,0.906704243555676,0.8846153846153846,0.11538461538461539,147.63849467292698,2768.0
point_gbdt_safety,item_39_store_7,13071.306406533282,12135.869492563566,935.4369139697161,0.0,0.9237933267641779,0.8974358974358975,0.10256410256410256,155.58807041748162,2455.0
point_gbdt_safety,item_39_store_8,16493.66593853318,13242.49808599711,3251.1678525360703,0.0,0.8559518009509938,0.8076923076923077,0.19230769230769232,169.77561648714243,4514.0
point_gbdt_safety,item_39_store_9,15182.732060874381,12866.578876522743,2316.153184351638,0.0,0.8806414231202453,0.8461538461538461,0.15384615384615385,164.95613944259927,3881.0
point_gbdt_safety,item_3_store_1,13187.095868566961,11945.561642246947,1241.5342263200137,0.0,0.9074517908073042,0.8717948717948718,0.1282051282051282,153.14822618265316,2683.0
point_gbdt_safety,item_3_store_10,13573.574690694531,11743.119222539062,1830.4554681554696,0.0,0.8918809528555539,0.8333333333333334,0.16666666666666666,150.55281054537258,3386.0
point_gbdt_safety,item_3_store_2,15195.080335984394,12110.80018091,3084.280155074394,0.0,0.8469719595596928,0.7948717948717948,0.20512820512820512,155.26666898602565,4031.0
point_gbdt_safety,item_3_store_3,14314.499877467417,11926.06075822162,2388.4391192457974,0.0,0.8612582562157538,0.8205128205128205,0.1794871794871795,152.89821484899514,3443.0
point_gbdt_safety,item_3_store_4,14409.616288777734,12860.42736011237,1549.1889286653645,0.0,0.8987789004465623,0.8717948717948718,0.1282051282051282,164.8772738475945,3061.0
point_gbdt_safety,item_3_store_5,11987.667543719701,11115.145447157221,872.52209656248,0.0,0.9249443357795717,0.8974358974358975,0.10256410256410256,142.50186470714385,2325.0
point_gbdt_safety,item_3_store_6,12903.358071029767,12076.04567257698,827.3123984527865,0.0,0.9281846876343067,0.8974358974358975,0.10256410256410256,154.82109836637153,2304.0
point_gbdt_safety,item_3_store_7,11830.724548014648,10927.878484664003,902.846063350645,0.0,0.9172839154053463,0.8846153846153846,0.11538461538461539,140.10100621364106,2183.0
point_gbdt_safety,item_3_store_8,14385.54373496376,11995.352080526403,2390.1916544373557,0.0,0.8710791987897866,0.8205128205128205,0.1794871794871795,153.7865651349539,3708.0
point_gbdt_safety,item_3_store_9,13522.391063565898,11748.767662352133,1773.6234012137656,0.0,0.8890792119315968,0.8461538461538461,0.15384615384615385,150.62522644041195,3198.0
point_gbdt_safety,item_40_store_1,12334.166493701956,11693.560133285113,640.6063604168435,0.0,0.939536917374531,0.9102564102564102,0.08974358974358974,149.9174376062194,2119.0
point_gbdt_safety,item_40_store_10,12354.399004903384,10926.592003232046,1427.8070016713366,0.0,0.8936060356429704,0.8461538461538461,0.15384615384615385,140.08451286194932,2684.0
point_gbdt_safety,item_40_store_2,14017.802377145808,12491.813098282308,1525.9892788635,0.0,0.9005870176636156,0.8717948717948718,0.1282051282051282,160.1514499779783,3070.0
point_gbdt_safety,item_40_store_3,13231.231630516715,11996.391464080978,1234.840166435738,0.0,0.9081903221980864,0.8717948717948718,0.1282051282051282,153.79989056514074,2690.0
point_gbdt_safety,item_40_store_4,12665.865774410946,11443.021671951605,1222.8441024593412,0.0,0.9037888196334114,0.8717948717948718,0.1282051282051282,146.7054060506616,2542.0
point_gbdt_safety,item_40_store_5,10782.737731358447,10249.81303019979,532.9247011586572,0.0,0.9413724201145591,0.9102564102564102,0.08974358974358974,131.40785936153577,1818.0
point_gbdt_safety,item_40_store_6,11336.555572899011,10645.61801798711,690.9375549119017,0.0,0.9275367011104455,0.9102564102564102,0.08974358974358974,136.48228228188603,1907.0
point_gbdt_safety,item_40_store_7,10389.68217569172,9840.947648405885,548.734527285834,0.0,0.935214341524695,0.9230769230769231,0.07692307692307693,126.16599549238315,1694.0
point_gbdt_safety,item_40_store_8,13793.486449890108,12478.190580046903,1315.2958698432058,0.0,0.9112785247997838,0.8461538461538461,0.15384615384615385,159.97680230829363,2965.0
point_gbdt_safety,item_40_store_9,12758.252305238348,11510.833306934048,1247.4189983042993,0.0,0.9034505419269117,0.8589743589743589,0.14102564102564102,147.57478598633395,2584.0
point_gbdt_safety,item_41_store_1,9933.975284716762,9176.01780786351,757.9574768532505,0.0,0.9060189117354928,0.8717948717948718,0.1282051282051282,117.64125394696809,1613.0
point_gbdt_safety,item_41_store_10,10859.809063056433,9920.96274742511,938.8463156313225,0.0,0.9076393196624376,0.8717948717948718,0.1282051282051282,127.19183009519372,2033.0
point_gbdt_safety,item_41_store_2,11995.820922165853,11049.530869990476,946.2900521753767,0.0,0.9185636788145114,0.8846153846153846,0.11538461538461539,141.6606521793651,2324.0
point_gbdt_safety,item_41_store_3,11413.085284492245,10832.223933205045,580.8613512871989,0.0,0.9424034356681013,0.9230769230769231,0.07692307692307693,138.8746658103211,2017.0
point_gbdt_safety,item_41_store_4,10954.663935499733,9924.595789738189,1030.0681457615442,0.0,0.8919131011792714,0.8717948717948718,0.1282051282051282,127.23840756074601,1906.0
point_gbdt_safety,item_41_store_5,9649.266113313612,9249.714549878207,399.5515634354058,0.0,0.9401420878748455,0.9102564102564102,0.08974358974358974,118.58608397279752,1335.0
point_gbdt_safety,item_41_store_6,9431.485865719807,9143.993264466004,287.4926012538043,0.0,0.9571546048802079,0.9487179487179487,0.05128205128205128,117.23068287776928,1342.0
point_gbdt_safety,item_41_store_7,9265.040890270975,8992.106982705227,272.9339075657481,0.0,0.9545867042319887,0.9358974358974359,0.0641025641025641,115.28342285519521,1202.0
point_gbdt_safety,item_41_store_8,12395.23350344618,11510.488810960975,884.7446924852045,0.0,0.9208989993307818,0.8846153846153846,0.11538461538461539,147.57036937129456,2237.0
point_gbdt_safety,item_41_store_9,10621.30988541884,9948.301075370964,673.0088100478747,0.0,0.9292314605627892,0.8974358974358975,0.10256410256410256,127.54232147911492,1902.0
point_gbdt_safety,item_42_store_1,13605.71445193845,12557.975748662804,1047.738703275645,0.0,0.9218105445316683,0.8974358974358975,0.10256410256410256,160.99968908542056,2680.0
point_gbdt_safety,item_42_store_10,14283.535483024752,12255.361545378826,2028.1739376459257,0.0,0.8762554034383206,0.8333333333333334,0.16666666666666666,157.12001981254906,3278.0
point_gbdt_safety,item_42_store_2,15167.05440870431,12245.475351655343,2921.579057048968,0.0,0.8485836197435105,0.7948717948717948,0.20512820512820512,156.99327373917106,3859.0
point_gbdt_safety,item_42_store_3,14386.765567161443,12170.151505959839,2216.6140612016043,0.0,0.8712393807027823,0.8205128205128205,0.1794871794871795,156.0275834097415,3443.0
point_gbdt_safety,item_42_store_4,13927.72953524947,12397.05003054929,1530.6795047001806,0.0,0.9023801336288151,0.8589743589743589,0.14102564102564102,158.93653885319603,3136.0
point_gbdt_safety,item_42_store_5,12981.621041798006,11952.182503915292,1029.4385378827144,0.0,0.9092605960438329,0.8846153846153846,0.11538461538461539,153.23310902455503,2269.0
point_gbdt_safety,item_42_store_6,12721.50830094048,11720.077527053514,1001.4307738869661,0.0,0.910386507929578,0.8717948717948718,0.1282051282051282,150.25740419299376,2235.0
point_gbdt_safety,item_42_store_7,12008.953748560098,11134.693969426757,874.2597791333415,0.0,0.9193487288622378,0.8846153846153846,0.11538461538461539,142.7524867875225,2168.0
point_gbdt_safety,item_42_store_8,15129.44779809106,12807.331445875825,2322.1163522152347,0.0,0.8756231198599231,0.8333333333333334,0.16666666666666666,164.196556998408,3734.0
point_gbdt_safety,item_42_store_9,13729.593064180155,12236.492654410333,1493.1004097698228,0.0,0.9039188925502045,0.8589743589743589,0.14102564102564102,156.87811095397862,3108.0
point_gbdt_safety,item_43_store_1,15637.784001392543,13425.494089413536,2212.2899119790077,0.0,0.8828546512057713,0.8333333333333334,0.16666666666666666,172.12171909504534,3777.0
point_gbdt_safety,item_43_store_10,18142.231626178087,14904.155804182545,3238.0758219955405,0.0,0.8652205693238069,0.7948717948717948,0.20512820512820512,191.0789205664429,4805.0
point_gbdt_safety,item_43_store_2,22601.559831089293,19372.656894615993,3228.9029364732983,0.0,0.8832223169449079,0.8461538461538461,0.15384615384615385,248.36739608482043,5530.0
point_gbdt_safety,item_43_store_3,19559.821848413856,15807.602109678593,3752.219738735261,0.0,0.8429047628748059,0.8076923076923077,0.19230769230769232,202.6615655086999,4777.0
point_gbdt_safety,item_43_store_4,18284.698242524584,15092.181887115366,3192.516355409217,0.0,0.8583307585795776,0.8076923076923077,0.19230769230769232,193.48951137327393,4507.0
point_gbdt_safety,item_43_store_5,13606.311265131004,11719.651050914003,1886.6602142170013,0.0,0.8830703306961883,0.8589743589743589,0.14102564102564102,150.25193655017952,3227.0
point_gbdt_safety,item_43_store_6,14013.624570617863,12279.73718528046,1733.887385337402,0.0,0.8932006538135262,0.8461538461538461,0.15384615384615385,157.43252801641617,3247.0
point_gbdt_safety,item_43_store_7,13405.058053028517,12046.069725485622,1358.988327542894,0.0,0.9066308260018624,0.8717948717948718,0.1282051282051282,154.43679135237977,2911.0
point_gbdt_safety,item_43_store_8,21482.15339940685,17850.069014853856,3632.0843845529917,0.0,0.8594394588021287,0.8205128205128205,0.1794871794871795,228.84703865197253,5168.0
point_gbdt_safety,item_43_store_9,18070.633130278507,14695.496767017261,3375.1363632612456,0.0,0.8447499372924909,0.8076923076923077,0.19230769230769232,188.4038047053495,4348.0
point_gbdt_safety,item_44_store_1,12605.935381906109,11713.016931623342,892.9184502827667,0.0,0.9205235024225398,0.8974358974358975,0.10256410256410256,150.1668837387608,2247.0
point_gbdt_safety,item_44_store_10,13400.86297505963,12320.87662031862,1079.9863547410087,0.0,0.9202373445538399,0.8717948717948718,0.1282051282051282,157.95995667075155,2708.0
point_gbdt_safety,item_44_store_2,14248.750503373989,12382.225230162445,1866.5252732115437,0.0,0.8790718967792974,0.8461538461538461,0.15384615384615385,158.74647730977495,3087.0
point_gbdt_safety,item_44_store_3,13518.64827279086,12464.246277628507,1054.4019951623534,0.0,0.9228392246496632,0.8974358974358975,0.10256410256410256,159.79802920036548,2733.0
point_gbdt_safety,item_44_store_4,12706.65997647735,11448.723626233435,1257.9363502439146,0.0,0.900558391285066,0.8717948717948718,0.1282051282051282,146.77850802863378,2530.0
point_gbdt_safety,item_44_store_5,11183.439188923303,10590.334000245513,593.1051886777902,0.0,0.9326016831047965,0.8974358974358975,0.10256410256410256,135.77351282366044,1760.0
point_gbdt_safety,item_44_store_6,11124.378213924754,10492.124018286044,632.254195638711,0.0,0.9320156778883106,0.9102564102564102,0.08974358974358974,134.51441049084673,1860.0
point_gbdt_safety,item_44_store_7,10340.525489688584,9617.123055060003,723.4024346285804,0.0,0.9117263655120706,0.8717948717948718,0.1282051282051282,123.2964494238462,1639.0
point_gbdt_safety,item_44_store_8,14121.62310115219,12767.098943718996,1354.5241574331935,0.0,0.90930537948221,0.8589743589743589,0.14102564102564102,163.6807556887051,2987.0
point_gbdt_safety,item_44_store_9,13291.653060978795,12118.049183105953,1173.6038778728414,0.0,0.9050482299455629,0.8717948717948718,0.1282051282051282,155.35960491161478,2472.0
point_gbdt_safety,item_45_store_1,23558.979833924248,19634.170715348224,3924.809118576023,0.0,0.8674722566747924,0.8205128205128205,0.1794871794871795,251.7201373762593,5923.0
point_gbdt_safety,item_45_store_10,27388.95707953327,21401.88452667712,5987.072552856149,0.0,0.8386668673442159,0.782051282051282,0.21794871794871795,274.38313495739897,7422.0
point_gbdt_safety,item_45_store_2,32340.304851027133,25760.99613671105,6579.308714316079,0.0,0.8465825180292392,0.782051282051282,0.21794871794871795,330.26918123988526,8577.0
point_gbdt_safety,item_45_store_3,26581.149851010858,21008.362641655676,5572.787209355181,0.0,0.8499720767437021,0.8076923076923077,0.19230769230769232,269.3379825853292,7429.0
point_gbdt_safety,item_45_store_4,25863.736009104374,21138.563482697442,4725.172526406933,0.0,0.8643166539438065,0.8076923076923077,0.19230769230769232,271.0072241371467,6965.0
point_gbdt_safety,item_45_store_5,20192.52457911698,17336.65327325679,2855.8713058601916,0.0,0.8880489492018742,0.8333333333333334,0.16666666666666666,222.26478555457425,5102.0
point_gbdt_safety,item_45_store_6,20604.747159865736,17278.588378363893,3326.1587815018447,0.0,0.8654194302447161,0.8205128205128205,0.1794871794871795,221.52036382517812,4943.0
point_gbdt_safety,item_45_store_7,18833.710532981117,16128.87673201214,2704.833800968976,0.0,0.8817041853938781,0.8461538461538461,0.15384615384615385,206.78047092323257,4573.0
point_gbdt_safety,item_45_store_8,29256.02205914512,23521.263416985676,5734.758642159448,0.0,0.8545769331264245,0.782051282051282,0.21794871794871795,301.55465919212406,7887.0
point_gbdt_safety,item_45_store_9,26478.26905197275,20894.879557726665,5583.3894942460865,0.0,0.8407929998789253,0.782051282051282,0.21794871794871795,267.88307125290595,7014.0
point_gbdt_safety,item_46_store_1,17286.29946391344,14497.801194897904,2788.4982690155393,0.0,0.8727584636543216,0.8333333333333334,0.16666666666666666,185.86924608843466,4383.0
point_gbdt_safety,item_46_store_10,21616.81721102466,18277.675052858707,3339.1421581659542,0.0,0.8751022196309725,0.8205128205128205,0.1794871794871795,234.3291673443424,5347.0
point_gbdt_safety,item_46_store_2,23936.259497371742,20041.62583189689,3894.6336654748507,0.0,0.8746497050056373,0.8333333333333334,0.16666666666666666,256.943920921755,6214.0
point_gbdt_safety,item_46_store_3,23148.48811943989,19609.74613957975,3538.74197986014,0.0,0.8724087982743776,0.8333333333333334,0.16666666666666666,251.40700178948399,5547.0
point_gbdt_safety,item_46_store_4,19377.231252173726,15908.521489126404,3468.7097630473218,0.0,0.8618594279949295,0.8076923076923077,0.19230769230769232,203.95540370674877,5022.0
point_gbdt_safety,item_46_store_5,15289.075703280876,12898.930838221002,2390.144865059873,0.0,0.8687454769324616,0.8205128205128205,0.1794871794871795,165.37090818232053,3642.0
point_gbdt_safety,item_46_store_6,14831.896541421436,12650.05298374471,2181.843557676725,0.0,0.8805451104474828,0.8333333333333334,0.16666666666666666,162.18016645826552,3653.0
point_gbdt_safety,item_46_store_7,13922.648120609625,11971.981945199916,1950.6661754097086,0.0,0.8857254730281364,0.8333333333333334,0.16666666666666666,153.48694801538355,3414.0
point_gbdt_safety,item_46_store_8,23162.444103654063,19270.286795941625,3892.1573077124376,0.0,0.8700231321518637,0.8205128205128205,0.1794871794871795,247.05495892232852,5989.0
point_gbdt_safety,item_46_store_9,20180.071832131864,16939.035719756594,3241.03611237527,0.0,0.8717690954549843,0.8205128205128205,0.1794871794871795,217.16712461226402,5055.0
point_gbdt_safety,item_47_store_1,10248.395214493188,9743.80931938892,504.58589510426805,0.0,0.9383523646787699,0.9230769230769231,0.07692307692307693,124.92063229985794,1637.0
point_gbdt_safety,item_47_store_10,11265.45852074055,10439.33470622234,826.1238145182114,0.0,0.9186485657786103,0.8974358974358975,0.10256410256410256,133.83762443874795,2031.0
point_gbdt_safety,item_47_store_2,12554.781540143973,11336.455603525872,1218.3259366181014,0.0,0.8934098043203761,0.8717948717948718,0.1282051282051282,145.33917440417784,2286.0
point_gbdt_safety,item_47_store_3,10935.869751827993,10020.474593329265,915.3951584987283,0.0,0.9114276576198618,0.8846153846153846,0.11538461538461539,128.46762299140084,2067.0
point_gbdt_safety,item_47_store_4,10624.261877019468,9786.790841712118,837.4710353073488,0.0,0.9117987324584151,0.8846153846153846,0.11538461538461539,125.47167745784766,1899.0
point_gbdt_safety,item_47_store_5,9518.89988572681,9087.04232569751,431.8575600293005,0.0,0.9386565965867472,0.9230769230769231,0.07692307692307693,116.50054263714756,1408.0
point_gbdt_safety,item_47_store_6,9392.294958976347,8854.566954353799,537.7280046225479,0.0,0.9176526792308504,0.8974358974358975,0.10256410256410256,113.52008915838204,1306.0
point_gbdt_safety,item_47_store_7,9592.557620158615,9296.054821100406,296.50279905820867,0.0,0.9531220871054216,0.9487179487179487,0.05128205128205128,119.18019001410777,1265.0
point_gbdt_safety,item_47_store_8,12368.958355052246,11536.083277271564,832.8750777806812,0.0,0.9247288678011133,0.8974358974358975,0.10256410256410256,147.89850355476364,2213.0
point_gbdt_safety,item_47_store_9,11164.481233625143,10469.476317180724,695.0049164444192,0.0,0.9272626984359582,0.9102564102564102,0.08974358974358974,134.2240553484708,1911.0
point_gbdt_safety,item_48_store_1,16378.620652096486,13837.586389549122,2541.034262547364,0.0,0.8652685968956859,0.8205128205128205,0.1794871794871795,177.40495371216824,3772.0
point_gbdt_safety,item_48_store_10,17987.22429875801,15168.098863319083,2819.1254354389275,0.0,0.8808484600406201,0.8076923076923077,0.19230769230769232,194.46280593998824,4732.0
point_gbdt_safety,item_48_store_2,21509.438468676904,18258.95195550392,3250.4865131729857,0.0,0.8811956683781803,0.8461538461538461,0.15384615384615385,234.08912763466563,5472.0
point_gbdt_safety,item_48_store_3,19361.80420666325,16090.964790297632,3270.8394163656194,0.0,0.8648971740452036,0.8076923076923077,0.19230769230769232,206.29442038843118,4842.0
point_gbdt_safety,item_48_store_4,17981.437097825758,15379.269694868148,2602.1674029576097,0.0,0.8812879834417148,0.8076923076923077,0.19230769230769232,197.17012429318137,4384.0
point_gbdt_safety,item_48_store_5,12780.346610704028,10735.16946580792,2045.1771448961074,0.0,0.875861781796898,0.8333333333333334,0.16666666666666666,137.6303777667682,3295.0
point_gbdt_safety,item_48_store_6,13618.929787185045,11621.050336580933,1997.8794506041122,0.0,0.8776184103764709,0.8461538461538461,0.15384615384615385,148.98782482796068,3265.0
point_gbdt_safety,item_48_store_7,13585.760997007656,12140.303136756449,1445.4578602512072,0.0,0.9041473567472673,0.8846153846153846,0.11538461538461539,155.64491200969806,3016.0
point_gbdt_safety,item_48_store_8,21216.32948852585,17769.668821707586,3446.660666818263,0.0,0.8670526261593727,0.8333333333333334,0.16666666666666666,227.81626694496904,5185.0
point_gbdt_safety,item_48_store_9,17005.938932482546,13962.8611513914,3043.0777810911445,0.0,0.8633552859860285,0.8205128205128205,0.1794871794871795,179.01104040245386,4454.0
point_gbdt_safety,item_49_store_1,12198.093155479206,11267.64186753522,930.4512879439856,0.0,0.9162886830459752,0.8846153846153846,0.11538461538461539,144.4569470196823,2223.0
point_gbdt_safety,item_49_store_10,13302.55185224491,12410.785887182436,891.7659650624739,0.0,0.9303851705649904,0.8974358974358975,0.10256410256410256,159.11263957926198,2562.0
point_gbdt_safety,item_49_store_2,13865.37180217783,12209.691846763313,1655.6799554145164,0.0,0.8927668422658992,0.8589743589743589,0.14102564102564102,156.5345108559399,3088.0
point_gbdt_safety,item_49_store_3,13378.668219759016,12105.139017050007,1273.5292027090081,0.0,0.90363002628006,0.8589743589743589,0.14102564102564102,155.1940899621796,2643.0
point_gbdt_safety,item_49_store_4,13182.676096381063,12142.058810647328,1040.6172857337344,0.0,0.9155685772224151,0.8974358974358975,0.10256410256410256,155.66742064932473,2465.0
point_gbdt_safety,item_49_store_5,11431.16958456471,10940.955272627622,490.2143119370882,0.0,0.9467736903434214,0.9102564102564102,0.08974358974358974,140.26865734137976,1842.0
point_gbdt_safety,item_49_store_6,11034.906361893312,10503.31343238347,531.5929295098433,0.0,0.9402032700213899,0.9102564102564102,0.08974358974358974,134.65786451773678,1778.0
point_gbdt_safety,item_49_store_7,10612.30015077182,10008.17712891847,604.1230218533499,0.0,0.9261914451003849,0.8974358974358975,0.10256410256410256,128.30996319126245,1637.0
point_gbdt_safety,item_49_store_8,13970.67168703995,12730.477672524123,1240.1940145158278,0.0,0.9144103509650913,0.8846153846153846,0.11538461538461539,163.21125221184772,2898.0
point_gbdt_safety,item_49_store_9,13061.063562665035,12161.251527026641,899.8120356383936,0.0,0.9286429789343067,0.9102564102564102,0.08974358974358974,155.91348111572617,2522.0
point_gbdt_safety,item_4_store_1,10085.135092515731,9830.801509364152,254.3335831515796,0.0,0.968008354320556,0.9487179487179487,0.05128205128205128,126.0359167867199,1590.0
point_gbdt_safety,item_4_store_10,11611.20129698973,10814.336252862051,796.8650441276795,0.0,0.9202337293165486,0.8974358974358975,0.10256410256410256,138.6453365751545,1998.0
point_gbdt_safety,item_4_store_2,11941.734026469037,10852.031804116386,1089.702222352651,0.0,0.9068232387898546,0.8846153846153846,0.11538461538461539,139.128612873287,2339.0
point_gbdt_safety,item_4_store_3,10815.426004733656,9895.438132952377,919.9878717812796,0.0,0.9087766116230759,0.8717948717948718,0.1282051282051282,126.86459144810739,2017.0
point_gbdt_safety,item_4_store_4,11061.814827604616,10219.200875776405,842.6139518282099,0.0,0.9131773362361453,0.8974358974358975,0.10256410256410256,131.01539584328725,1941.0
point_gbdt_safety,item_4_store_5,9803.819673165566,9331.468510744065,472.35116242150156,0.0,0.9319868736614109,0.9102564102564102,0.08974358974358974,119.63421167620596,1389.0
point_gbdt_safety,item_4_store_6,9536.878256400694,9075.91033602781,460.9679203728845,0.0,0.932998848783011,0.8974358974358975,0.10256410256410256,116.35782482086935,1376.0
point_gbdt_safety,item_4_store_7,9247.386887905728,9120.621555268508,126.76533263721979,0.0,0.9795209478776705,0.9743589743589743,0.02564102564102564,116.93104558036549,1238.0
point_gbdt_safety,item_4_store_8,12512.986406817481,11874.645598585848,638.3408082316325,0.0,0.940536487356159,0.9102564102564102,0.08974358974358974,152.239046135716,2147.0
point_gbdt_safety,item_4_store_9,11159.129662163059,10452.922450194388,706.2072119686709,0.0,0.9272701120526601,0.9102564102564102,0.08974358974358974,134.01182628454345,1942.0
point_gbdt_safety,item_50_store_1,19107.57180661804,16160.864120221318,2946.707686396723,0.0,0.8781848827450714,0.8333333333333334,0.16666666666666666,207.19056564386307,4838.0
point_gbdt_safety,item_50_store_10,24016.55901162063,20297.775108968348,3718.7839026522815,0.0,0.8751667035027767,0.8076923076923077,0.19230769230769232,260.22788601241473,5958.0
point_gbdt_safety,item_50_store_2,25823.254313671947,21251.13861620911,4572.1156974628375,0.0,0.8685607101491206,0.7948717948717948,0.20512820512820512,272.45049507960397,6957.0
point_gbdt_safety,item_50_store_3,23313.826922811917,19076.507928640025,4237.318994171892,0.0,0.8617288629736697,0.7948717948717948,0.20512820512820512,244.5706144697439,6129.0
point_gbdt_safety,item_50_store_4,22351.714361443963,18711.73434822177,3639.9800132221935,0.0,0.8684740735963073,0.8076923076923077,0.19230769230769232,239.8940301054073,5535.0
point_gbdt_safety,item_50_store_5,16866.743317925546,14167.21214935589,2699.531168569656,0.0,0.8685719976353623,0.8076923076923077,0.19230769230769232,181.63092499174218,4108.0
point_gbdt_safety,item_50_store_6,15667.23880838425,13075.006922781597,2592.231885602654,0.0,0.8713213261056019,0.8333333333333334,0.16666666666666666,167.62829388181535,4029.0
point_gbdt_safety,item_50_store_7,14307.169557694768,12272.335335328065,2034.834222366702,0.0,0.8913015906855394,0.8205128205128205,0.1794871794871795,157.33763250420597,3744.0
point_gbdt_safety,item_50_store_8,24992.07932015558,20763.072606956666,4229.006713198914,0.0,0.8702559683019201,0.8205128205128205,0.1794871794871795,266.1932385507265,6519.0
point_gbdt_safety,item_50_store_9,22775.996615109907,19453.69576876149,3322.3008463484202,0.0,0.8811766507028463,0.8333333333333334,0.16666666666666666,249.40635600976267,5592.0
point_gbdt_safety,item_5_store_1,9651.912134861488,9384.697888987539,267.21424587394836,0.0,0.9599078400789275,0.9487179487179487,0.05128205128205128,120.31663960240435,1333.0
point_gbdt_safety,item_5_store_10,10114.63844897833,9455.976007810481,658.6624411678499,0.0,0.921681041478258,0.8974358974358975,0.10256410256410256,121.23046163859591,1682.0
point_gbdt_safety,item_5_store_2,10739.956074868705,9824.789747384542,915.1663274841635,0.0,0.905458024020231,0.8717948717948718,0.1282051282051282,125.95884291518644,1936.0
point_gbdt_safety,item_5_store_3,10012.253492350315,8996.42594868228,1015.8275436680365,0.0,0.8850873819380048,0.8589743589743589,0.14102564102564102,115.33879421387537,1768.0
point_gbdt_safety,item_5_store_4,9915.247932762148,9291.05690396681,624.1910287953385,0.0,0.9182460996993663,0.8717948717948718,0.1282051282051282,119.11611415342064,1527.0
point_gbdt_safety,item_5_store_5,8962.457989348346,8628.71294451278,333.7450448355659,0.0,0.9431439446617434,0.9230769230769231,0.07692307692307693,110.62452492965102,1174.0
point_gbdt_safety,item_5_store_6,8686.161097391338,8333.61636366592,352.54473372541725,0.0,0.9399412719377483,0.9102564102564102,0.08974358974358974,106.84123543161436,1174.0
point_gbdt_safety,item_5_store_7,8486.850855818033,8203.480859845264,283.369995972769,0.0,0.9464834757369653,0.9358974358974359,0.0641025641025641,105.17283153647774,1059.0
point_gbdt_safety,item_5_store_8,11275.27520460517,10633.780029489779,641.495175115391,0.0,0.9345746889224487,0.9230769230769231,0.07692307692307693,136.3305131985869,1961.0
point_gbdt_safety,item_5_store_9,10106.342641841247,9533.02106087255,573.3215809686974,0.0,0.9259274443192897,0.9102564102564102,0.08974358974358974,122.21821872913526,1548.0
point_gbdt_safety,item_6_store_1,17554.675583160635,14383.527582005101,3171.1480011555336,0.0,0.8561511453320239,0.8076923076923077,0.19230769230769232,184.40419976929616,4409.0
point_gbdt_safety,item_6_store_10,21063.851571951283,16997.24900496415,4066.6025669871333,0.0,0.8488532775697032,0.8076923076923077,0.19230769230769232,217.91344878159165,5381.0
point_gbdt_safety,item_6_store_2,23289.885336420724,19487.586580573417,3802.2987558473073,0.0,0.8743041733604195,0.8333333333333334,0.16666666666666666,249.8408535970951,6050.0
point_gbdt_safety,item_6_store_3,23065.54402905919,19715.381510910647,3350.162518148544,0.0,0.8761721486546464,0.8333333333333334,0.16666666666666666,252.76130142193136,5411.0
point_gbdt_safety,item_6_store_4,18891.88582860859,15736.738113256437,3155.1477153521528,0.0,0.8713235026365355,0.8333333333333334,0.16666666666666666,201.7530527340569,4904.0
point_gbdt_safety,item_6_store_5,14967.942108087447,12860.318173161442,2107.6239349260045,0.0,0.884132823808356,0.8461538461538461,0.15384615384615385,164.8758740148903,3638.0
point_gbdt_safety,item_6_store_6,14119.819118449024,11743.468295733202,2376.3508227158227,0.0,0.871652669580566,0.8333333333333334,0.16666666666666666,150.55728584273336,3703.0
point_gbdt_safety,item_6_store_7,13426.416638087334,11453.706600240723,1972.7100378466112,0.0,0.8813764258661089,0.8333333333333334,0.16666666666666666,146.8423923107785,3326.0
point_gbdt_safety,item_6_store_8,24465.867747793876,20434.111975552605,4031.755772241271,0.0,0.8621150556689031,0.8076923076923077,0.19230769230769232,261.9757945583667,5848.0
point_gbdt_safety,item_6_store_9,20348.90334994529,17251.536686715655,3097.366663229634,0.0,0.8776952946404882,0.8205128205128205,0.1794871794871795,221.1735472655853,5065.0
point_gbdt_safety,item_7_store_1,15838.118899008601,13251.33045822374,2586.7884407848624,0.0,0.8800190890173997,0.7948717948717948,0.20512820512820512,169.8888520285095,4312.0
point_gbdt_safety,item_7_store_10,22198.11455020461,18836.57043006709,3361.544120137519,0.0,0.8725480902317531,0.8333333333333334,0.16666666666666666,241.49449269316784,5275.0
point_gbdt_safety,item_7_store_2,24229.58894783485,20184.665410971866,4044.923536862985,0.0,0.8678777221341503,0.8333333333333334,0.16666666666666666,258.77776167912646,6123.0
point_gbdt_safety,item_7_store_3,22272.50014434585,18716.71203451058,3555.7881098352686,0.0,0.8704158852100851,0.8205128205128205,0.1794871794871795,239.95784659628947,5488.0
point_gbdt_safety,item_7_store_4,19923.904571801984,16799.170932853045,3124.73363894894,0.0,0.8752103179333491,0.8205128205128205,0.1794871794871795,215.3739863186288,5008.0
point_gbdt_safety,item_7_store_5,15218.14520746938,13012.740627826963,2205.404579642419,0.0,0.8801736169713437,0.8205128205128205,0.1794871794871795,166.83000804906362,3681.0
point_gbdt_safety,item_7_store_6,14837.91418924697,12414.939615310917,2422.9745739360524,0.0,0.863992446032217,0.8205128205128205,0.1794871794871795,159.16589250398613,3563.0
point_gbdt_safety,item_7_store_7,13363.316838377545,11455.858473002772,1907.4583653747713,0.0,0.887565083090199,0.8461538461538461,0.15384615384615385,146.86998042311248,3393.0
point_gbdt_safety,item_7_store_8,22932.996789161854,18946.468972832477,3986.527816329376,0.0,0.8674030328844379,0.7948717948717948,0.20512820512820512,242.90344836964715,6013.0
point_gbdt_safety,item_7_store_9,19546.408236925534,16014.981229518144,3531.4270074073897,0.0,0.8589404031393094,0.7948717948717948,0.20512820512820512,205.32027217330955,5007.0
point_gbdt_safety,item_8_store_1,22997.5151639551,19309.941159192975,3687.5740047621252,0.0,0.871602576435859,0.8333333333333334,0.16666666666666666,247.56334819478172,5744.0
point_gbdt_safety,item_8_store_10,26348.857941933347,21113.22967777994,5235.628264153409,0.0,0.8521426641018524,0.8076923076923077,0.19230769230769232,270.6824317664095,7082.0
point_gbdt_safety,item_8_store_2,29094.63189447959,22250.88916856903,6843.74272591056,0.0,0.8319316619373635,0.7692307692307693,0.23076923076923078,285.2678098534491,8144.0
point_gbdt_safety,item_8_store_3,25819.41485726386,20207.1385739763,5612.2762832875615,0.0,0.8432981632475901,0.782051282051282,0.21794871794871795,259.0658791535423,7163.0
point_gbdt_safety,item_8_store_4,26343.779516120856,21481.390082129677,4862.3894339911785,0.0,0.855779640101107,0.7948717948717948,0.20512820512820512,275.4024369503805,6743.0
point_gbdt_safety,item_8_store_5,19584.459937117485,16314.910521282814,3269.549415834669,0.0,0.8625373379930769,0.7948717948717948,0.20512820512820512,209.16551950362583,4757.0
point_gbdt_safety,item_8_store_6,18993.967130388264,16245.094837932798,2748.8722924554663,0.0,0.8859389090267443,0.8205128205128205,0.1794871794871795,208.27044664016407,4820.0
point_gbdt_safety,item_8_store_7,16886.676356134103,14299.556022896631,2587.120333237472,0.0,0.8803920326751054,0.8333333333333334,0.16666666666666666,183.3276413191876,4326.0
point_gbdt_safety,item_8_store_8,29203.306350095772,22927.092742003475,6276.2136080922955,0.0,0.8421276919106454,0.7564102564102564,0.24358974358974358,293.937086435942,7951.0
point_gbdt_safety,item_8_store_9,25428.623630619782,20927.771704347437,4500.851926272344,0.0,0.8658864145926,0.8076923076923077,0.19230769230769232,268.30476544035173,6712.0
point_gbdt_safety,item_9_store_1,15704.605003935761,13361.072871549542,2343.532132386218,0.0,0.8724955314262122,0.8205128205128205,0.1794871794871795,171.29580604550696,3676.0
point_gbdt_safety,item_9_store_10,18511.65561892025,15491.585336938275,3020.0702819819758,0.0,0.8700486109302075,0.8205128205128205,0.1794871794871795,198.61006842228556,4648.0
point_gbdt_safety,item_9_store_2,21684.188460407222,18297.122291251086,3387.066169156137,0.0,0.8727862471678446,0.8205128205128205,0.1794871794871795,234.57849091347546,5325.0
point_gbdt_safety,item_9_store_3,18585.697148824114,15309.564756003527,3276.132392820589,0.0,0.8601139029538604,0.8205128205128205,0.1794871794871795,196.27647123081445,4684.0
point_gbdt_safety,item_9_store_4,18783.036223397565,15464.233804204916,3318.8024191926497,0.0,0.8497259488706067,0.8076923076923077,0.19230769230769232,198.25940774621688,4417.0
point_gbdt_safety,item_9_store_5,13348.475362027337,11838.598084607733,1509.8772774196032,0.0,0.9050391649421632,0.8589743589743589,0.14102564102564102,151.77689852061195,3180.0
point_gbdt_safety,item_9_store_6,14118.053034412207,12307.050225346393,1811.0028090658143,0.0,0.8846862267388848,0.8589743589743589,0.14102564102564102,157.78269519674862,3141.0
point_gbdt_safety,item_9_store_7,13747.512841888856,12603.067782653116,1144.4450592357412,0.0,0.9229848546947684,0.8974358974358975,0.10256410256410256,161.57779208529635,2972.0
point_gbdt_safety,item_9_store_8,21004.857036218193,17772.28969825484,3232.56733796335,0.0,0.8761231140845621,0.8205128205128205,0.1794871794871795,227.8498679263441,5219.0
point_gbdt_safety,item_9_store_9,17567.05209181144,14567.76765318164,2999.2844386298016,0.0,0.863792713958683,0.8076923076923077,0.19230769230769232,186.76625196386718,4404.0
pp_quantile_fixed,item_10_store_1,20386.989832118088,15964.814645117911,4422.175187000175,0.0,0.83866562615833,0.7692307692307693,0.23076923076923078,204.67711083484502,5482.0
pp_quantile_fixed,item_10_store_10,24095.0537291086,19320.202431371406,4774.851297737194,0.0,0.8559187900501752,0.7948717948717948,0.20512820512820512,247.69490296630008,6628.0
pp_quantile_fixed,item_10_store_2,26656.718868866257,20262.240496529725,6394.478372336534,0.0,0.8344257283185775,0.7564102564102564,0.24358974358974358,259.7723140580734,7724.0
pp_quantile_fixed,item_10_store_3,25315.474340317025,19785.374523359224,5530.0998169578015,0.0,0.8400780851082187,0.7564102564102564,0.24358974358974358,253.65864773537467,6916.0
pp_quantile_fixed,item_10_store_4,23123.940663409812,17605.045486435753,5518.89517697406,0.0,0.8265861688303516,0.782051282051282,0.21794871794871795,225.70571136456093,6365.0
pp_quantile_fixed,item_10_store_5,16696.7713398227,12905.795048673059,3790.97629114964,0.0,0.8353896530113052,0.7692307692307693,0.23076923076923078,165.45891088042384,4606.0
pp_quantile_fixed,item_10_store_6,15426.577224986275,11557.53537938016,3869.041845606115,0.0,0.8300442852797666,0.7307692307692307,0.2692307692307692,148.17353050487387,4553.0
pp_quantile_fixed,item_10_store_7,14631.2471141821,11647.852903727557,2983.394210454544,0.0,0.8547166198950794,0.7948717948717948,0.20512820512820512,149.33144748368662,4107.0
pp_quantile_fixed,item_10_store_8,25637.232202400555,19419.179610378764,6218.05259202179,0.0,0.8329603064601264,0.7307692307692307,0.2692307692307692,248.9638411587021,7445.0
pp_quantile_fixed,item_10_store_9,23751.28464531368,18918.981953563067,4832.302691750615,0.0,0.8493436417225062,0.7948717948717948,0.20512820512820512,242.551050686706,6415.0
pp_quantile_fixed,item_11_store_1,18876.06690039661,14995.077784280129,3880.9891161164824,0.0,0.8510176922795976,0.7564102564102564,0.24358974358974358,192.24458697795038,5210.0
pp_quantile_fixed,item_11_store_10,24041.494669289143,18500.29059480954,5541.204074479603,0.0,0.8314206244454029,0.782051282051282,0.21794871794871795,237.18321275396846,6574.0
pp_quantile_fixed,item_11_store_2,26633.85049619965,20230.316978211213,6403.533517988437,0.0,0.8270950852440007,0.7564102564102564,0.24358974358974358,259.36303818219506,7407.0
pp_quantile_fixed,item_11_store_3,24152.863825648965,19834.634207999785,4318.22961764918,0.0,0.8672947259480892,0.8076923076923077,0.19230769230769232,254.2901821538434,6508.0
pp_quantile_fixed,item_11_store_4,21773.702360854662,16423.753324785015,5349.949036069646,0.0,0.8245343051469451,0.7692307692307693,0.23076923076923078,210.56094006134634,6098.0
pp_quantile_fixed,item_11_store_5,15195.842187330061,11713.817525865497,3482.024661464564,0.0,0.8394640543354283,0.7435897435897436,0.2564102564102564,150.17714776750637,4338.0
pp_quantile_fixed,item_11_store_6,15625.607677465156,12057.157249930427,3568.4504275347285,0.0,0.8340255615100126,0.7692307692307693,0.23076923076923078,154.57893910167215,4300.0
pp_quantile_fixed,item_11_store_7,13708.491101564443,10559.415104091926,3149.0759974725165,0.0,0.8425068268330824,0.7692307692307693,0.23076923076923078,135.37711671912726,3999.0
pp_quantile_fixed,item_11_store_8,24498.44184573077,18222.65572734998,6275.786118380793,0.0,0.8240104846219631,0.7435897435897436,0.2564102564102564,233.6237913762818,7132.0
pp_quantile_fixed,item_11_store_9,20717.830706265922,15486.42310010833,5231.407606157592,0.0,0.8288991788664729,0.7307692307692307,0.2692307692307692,198.54388589882475,6115.0
pp_quantile_fixed,item_12_store_1,19263.545834373723,14944.473767073083,4319.07206730064,0.0,0.8345816902604121,0.7564102564102564,0.24358974358974358,191.59581752657797,5222.0
pp_quantile_fixed,item_12_store_10,23310.558355557165,18553.531702992725,4757.026652564441,0.0,0.8536974733949119,0.7948717948717948,0.20512820512820512,237.8657910640093,6503.0
pp_quantile_fixed,item_12_store_2,25697.0748679728,19317.590421465015,6379.484446507784,0.0,0.8252674761296142,0.7692307692307693,0.23076923076923078,247.6614156598079,7302.0
pp_quantile_fixed,item_12_store_3,22554.888954868617,17487.73892540219,5067.150029466425,0.0,0.8435581960646363,0.7692307692307693,0.23076923076923078,224.20178109489987,6478.0
pp_quantile_fixed,item_12_store_4,21797.586326902612,16438.658972074198,5358.9273548284145,0.0,0.8218737791315134,0.7692307692307693,0.23076923076923078,210.75203810351536,6017.0
pp_quantile_fixed,item_12_store_5,15801.713206552346,12251.208889671574,3550.5043168807715,0.0,0.8364576546807567,0.7692307692307693,0.23076923076923078,157.06678063681505,4342.0
pp_quantile_fixed,item_12_store_6,15243.43664370083,11929.35846398626,3314.0781797145705,0.0,0.8464638323041663,0.782051282051282,0.21794871794871795,152.94049312802898,4317.0
pp_quantile_fixed,item_12_store_7,14702.890924924113,11250.755892787649,3452.135032136464,0.0,0.825208352803217,0.7564102564102564,0.24358974358974358,144.24046016394422,3950.0
pp_quantile_fixed,item_12_store_8,24549.153314344087,19459.063640184002,5090.0896741600845,0.0,0.8509053991165763,0.7948717948717948,0.20512820512820512,249.47517487415388,6828.0
pp_quantile_fixed,item_12_store_9,23669.1888939868,19677.24509329055,3991.9438006962537,0.0,0.8656137417708718,0.8333333333333334,0.16666666666666666,252.27237299090447,5941.0
pp_quantile_fixed,item_13_store_1,22927.836500684967,18297.04433664659,4630.792164038375,0.0,0.85112386548663,0.7948717948717948,0.20512820512820512,234.57749149546913,6221.0
pp_quantile_fixed,item_13_store_10,29120.052466968835,22363.833025412856,6756.219441555978,0.0,0.8266302427109065,0.782051282051282,0.21794871794871795,286.71580801811353,7794.0
pp_quantile_fixed,item_13_store_2,30608.054237067437,23581.200478413226,7026.853758654212,0.0,0.8393311133267587,0.7564102564102564,0.24358974358974358,302.32308305657983,8747.0
pp_quantile_fixed,item_13_store_3,27896.04808704944,20823.71975820451,7072.328328844931,0.0,0.820316861563899,0.7435897435897436,0.2564102564102564,266.97076613082703,7872.0
pp_quantile_fixed,item_13_store_4,25426.314236463688,19492.697391165904,5933.616845297783,0.0,0.8327144954807504,0.7564102564102564,0.24358974358974358,249.90637680981928,7094.0
pp_quantile_fixed,item_13_store_5,18582.39340069821,14551.309665460329,4031.0837352378785,0.0,0.8469596152149628,0.7692307692307693,0.23076923076923078,186.55525212128626,5268.0
pp_quantile_fixed,item_13_store_6,20150.824815949614,16023.342396116052,4127.482419833564,0.0,0.8457880657637376,0.782051282051282,0.21794871794871795,205.42746661687247,5353.0
pp_quantile_fixed,item_13_store_7,16722.858297277886,12575.914096435145,4146.944200842741,0.0,0.8241702692031909,0.7692307692307693,0.23076923076923078,161.22966790301467,4717.0
pp_quantile_fixed,item_13_store_8,29462.66611362756,22499.684280892357,6962.981832735204,0.0,0.8370660621800584,0.7564102564102564,0.24358974358974358,288.45749078067126,8547.0
pp_quantile_fixed,item_13_store_9,27534.701350834137,21224.567476436063,6310.133874398074,0.0,0.8237884983412993,0.782051282051282,0.21794871794871795,272.10983944148796,7162.0
pp_quantile_fixed,item_14_store_1,15806.451662828182,12321.448558346272,3485.0031044819107,0.0,0.8408310982195976,0.7692307692307693,0.23076923076923078,157.96728920956758,4379.0
pp_quantile_fixed,item_14_store_10,19394.36717829883,14726.944903691363,4667.42227460747,0.0,0.8283720435886204,0.7564102564102564,0.24358974358974358,188.80698594476107,5439.0
pp_quantile_fixed,item_14_store_2,23213.71361623739,18478.975499633798,4734.738116603592,0.0,0.8475860899210176,0.782051282051282,0.21794871794871795,236.90994230299742,6213.0
pp_quantile_fixed,item_14_store_3,20682.955382842207,16389.760672465774,4293.1947103764305,0.0,0.8442802063700967,0.782051282051282,0.21794871794871795,210.1251368264843,5514.0
pp_quantile_fixed,item_14_store_4,17670.956097112947,13599.464772845746,4071.4913242671996,0.0,0.8384969724606425,0.7564102564102564,0.24358974358974358,174.35211247238135,5042.0
pp_quantile_fixed,item_14_store_5,13536.485915342486,10618.63274903928,2917.8531663032068,0.0,0.8399861164626703,0.7692307692307693,0.23076923076923078,136.1363172953754,3647.0
pp_quantile_fixed,item_14_store_6,13532.259919129865,10588.893301864418,2943.3666172654457,0.0,0.8399474378865989,0.782051282051282,0.21794871794871795,135.75504233159512,3678.0
pp_quantile_fixed,item_14_store_7,12358.95765292089,9478.701476268887,2880.2561766520034,0.0,0.829922871174963,0.7564102564102564,0.24358974358974358,121.52181379831906,3387.0
pp_quantile_fixed,item_14_store_8,21576.17758373836,16584.293928883228,4991.883654855133,0.0,0.8332982583117337,0.7692307692307693,0.23076923076923078,212.61915293440035,5989.0
pp_quantile_fixed,item_14_store_9,17359.428820704852,13391.867574584436,3967.5612461204146,0.0,0.8428377403002412,0.782051282051282,0.21794871794871795,171.69060993056968,5049.0
pp_quantile_fixed,item_15_store_1,23179.088136445123,17843.67194935787,5335.416187087253,0.0,0.8384920179480172,0.7564102564102564,0.24358974358974358,228.76502499176758,6607.0
pp_quantile_fixed,item_15_store_10,28262.540186650316,21530.347193393103,6732.192993257213,0.0,0.8340598226951635,0.7564102564102564,0.24358974358974358,276.0300922229885,8114.0
pp_quantile_fixed,item_15_store_2,33885.48476262368,26962.83369593885,6922.651066684828,0.0,0.8485693740198004,0.7948717948717948,0.20512820512820512,345.6773550761391,9143.0
pp_quantile_fixed,item_15_store_3,29976.594608393236,22794.141994099227,7182.4526142940085,0.0,0.8281093068255593,0.7564102564102564,0.24358974358974358,292.23258966793884,8357.0
pp_quantile_fixed,item_15_store_4,27398.13270237272,21173.36422498714,6224.768477385579,0.0,0.839980244797286,0.7692307692307693,0.23076923076923078,271.4533874998351,7780.0
pp_quantile_fixed,item_15_store_5,20197.264106731192,15767.514665701727,4429.749441029465,0.0,0.8390060170441773,0.7948717948717948,0.20512820512820512,202.1476239192529,5503.0
pp_quantile_fixed,item_15_store_6,20760.981901452746,16730.977727232104,4030.00417422064,0.0,0.8493174733886468,0.7948717948717948,0.20512820512820512,214.49971445169365,5349.0
pp_quantile_fixed,item_15_store_7,18547.830018899513,14652.927620270966,3894.902398628547,0.0,0.8426302061160184,0.782051282051282,0.21794871794871795,187.85804641373034,4950.0
pp_quantile_fixed,item_15_store_8,30497.513254631755,24083.232471701947,6414.280782929807,0.0,0.8560206333798024,0.7692307692307693,0.23076923076923078,308.7593906628455,8910.0
pp_quantile_fixed,item_15_store_9,27559.06358266637,21044.59815978774,6514.465422878629,0.0,0.8307931058992565,0.7564102564102564,0.24358974358974358,269.8025405100992,7700.0
pp_quantile_fixed,item_16_store_1,7541.156377087764,6287.948334373947,1253.2080427138171,0.0,0.8668216745256305,0.8205128205128205,0.1794871794871795,80.61472223556342,1882.0
pp_quantile_fixed,item_16_store_10,9341.972218018542,7822.130854511325,1519.841363507216,0.0,0.8686394672854609,0.8076923076923077,0.19230769230769232,100.28372890399135,2314.0
pp_quantile_fixed,item_16_store_2,10257.19573902971,8426.861551954824,1830.3341870748861,0.0,0.864268877487958,0.7948717948717948,0.20512820512820512,108.03668656352339,2697.0
pp_quantile_fixed,item_16_store_3,9506.790730425193,7992.50058486275,1514.2901455624426,0.0,0.8712338311596565,0.8205128205128205,0.1794871794871795,102.4679562161891,2352.0
pp_quantile_fixed,item_16_store_4,8509.738265843951,6986.226412130274,1523.5118537136764,0.0,0.86143593872545,0.782051282051282,0.21794871794871795,89.56700528372146,2199.0
pp_quantile_fixed,item_16_store_5,6390.362818329615,5524.57372189185,865.7890964377643,0.0,0.8907521644873483,0.8205128205128205,0.1794871794871795,70.8278682293827,1585.0
pp_quantile_fixed,item_16_store_6,6071.369640211639,5100.735781627214,970.6338585844251,0.0,0.8766665999257403,0.8205128205128205,0.1794871794871795,65.39404848240018,1574.0
pp_quantile_fixed,item_16_store_7,5957.815844566452,5054.799586026446,903.016258540006,0.0,0.8729041156171702,0.8333333333333334,0.16666666666666666,64.80512289777495,1421.0
pp_quantile_fixed,item_16_store_8,9837.296853298816,7902.959838969977,1934.337014328839,0.0,0.85239702294324,0.7948717948717948,0.20512820512820512,101.31999793551252,2621.0
pp_quantile_fixed,item_16_store_9,8491.573445545602,6827.155015970527,1664.4184295750758,0.0,0.8483445622255056,0.8076923076923077,0.19230769230769232,87.52762840987855,2195.0
pp_quantile_fixed,item_17_store_1,8900.002875257653,7433.805042717139,1466.1978325405141,0.0,0.8775106238479103,0.8333333333333334,0.16666666666666666,95.30519285534794,2394.0
pp_quantile_fixed,item_17_store_10,11159.13315900005,8833.120872549069,2326.0122864509817,0.0,0.8460613973229001,0.782051282051282,0.21794871794871795,113.24513939165473,3022.0
pp_quantile_fixed,item_17_store_2,12774.589405801953,9784.85979787407,2989.729607927882,0.0,0.8302254623550321,0.7948717948717948,0.20512820512820512,125.44692048556502,3522.0
pp_quantile_fixed,item_17_store_3,11308.463437066064,8915.83359654141,2392.6298405246553,0.0,0.8469696296434502,0.7692307692307693,0.23076923076923078,114.30555893001808,3127.0
pp_quantile_fixed,item_17_store_4,10354.410154244351,8349.00611718321,2005.4040370611415,0.0,0.8536735470951373,0.782051282051282,0.21794871794871795,107.0385399638873,2741.0
pp_quantile_fixed,item_17_store_5,8330.280646599484,6982.252296476205,1348.0283501232796,0.0,0.8722248009361819,0.8333333333333334,0.16666666666666666,89.51605508302826,2110.0
pp_quantile_fixed,item_17_store_6,8312.664952472143,6800.43565384035,1512.2292986317939,0.0,0.8535371139339667,0.8076923076923077,0.19230769230769232,87.1850724851327,2065.0
pp_quantile_fixed,item_17_store_7,8068.94786114687,6862.750029304038,1206.1978318428319,0.0,0.8694591091079187,0.8205128205128205,0.1794871794871795,87.98397473466716,1848.0
pp_quantile_fixed,item_17_store_8,11943.457586373328,9267.374335945922,2676.083250427406,0.0,0.8332138828029039,0.7692307692307693,0.23076923076923078,118.81249148648618,3209.0
pp_quantile_fixed,item_17_store_9,10339.893242039048,8060.306669211096,2279.5865728279523,0.0,0.8356462456504721,0.782051282051282,0.21794871794871795,103.33726498988585,2774.0
pp_quantile_fixed,item_18_store_1,22765.031786462554,18218.354071062036,4546.677715400518,0.0,0.8564131465213793,0.7948717948717948,0.20512820512820512,233.56864193669279,6333.0
pp_quantile_fixed,item_18_store_10,26849.66175170242,20401.442691616645,6448.2190600857775,0.0,0.8325790196005248,0.7564102564102564,0.24358974358974358,261.5569575848288,7703.0
pp_quantile_fixed,item_18_store_2,32575.846357551665,25370.0533904837,7205.792967067964,0.0,0.8394252263606025,0.782051282051282,0.21794871794871795,325.257094749791,8975.0
pp_quantile_fixed,item_18_store_3,27723.295781499226,21224.73379062614,6498.561990873087,0.0,0.834262637315147,0.782051282051282,0.21794871794871795,272.1119716746941,7842.0
pp_quantile_fixed,item_18_store_4,25094.520642989864,19254.96066084923,5839.559982140636,0.0,0.8376095666812949,0.7692307692307693,0.23076923076923078,246.85847001088754,7192.0
pp_quantile_fixed,item_18_store_5,18651.046914891805,14254.43399246581,4396.612922425995,0.0,0.832509983907581,0.7692307692307693,0.23076923076923078,182.74915374956169,5250.0
pp_quantile_fixed,item_18_store_6,18585.248270147225,14302.604983852167,4282.643286295059,0.0,0.8348382843696467,0.782051282051282,0.21794871794871795,183.36673056220727,5186.0
pp_quantile_fixed,item_18_store_7,17317.89457196088,13374.380794332374,3943.5137776285055,0.0,0.835137383878407,0.7564102564102564,0.24358974358974358,171.46642044015863,4784.0
pp_quantile_fixed,item_18_store_8,30236.583321405284,23231.363301412963,7005.220019992321,0.0,0.8335459184984597,0.7692307692307693,0.23076923076923078,297.83799104375595,8417.0
pp_quantile_fixed,item_18_store_9,26324.681607168393,19951.47244420796,6373.209162960431,0.0,0.8245986194313903,0.7692307692307693,0.23076923076923078,255.7881082590764,7267.0
pp_quantile_fixed,item_19_store_1,11425.391457874008,8894.255912235272,2531.135545638736,0.0,0.832319606118666,0.7564102564102564,0.24358974358974358,114.02892195173426,3019.0
pp_quantile_fixed,item_19_store_10,13504.716104189083,10782.306582090587,2722.409522098496,0.0,0.8510716891631019,0.7948717948717948,0.20512820512820512,138.23469977039213,3656.0
pp_quantile_fixed,item_19_store_2,15070.503230966278,11621.759270780274,3448.7439601860046,0.0,0.8351854738262362,0.782051282051282,0.21794871794871795,148.99691372795223,4185.0
pp_quantile_fixed,item_19_store_3,13781.783741360146,10891.140098665224,2890.6436426949226,0.0,0.8409549577609396,0.7692307692307693,0.23076923076923078,139.63000126493878,3635.0
pp_quantile_fixed,item_19_store_4,12888.909280027967,9964.121359415663,2924.7879206123034,0.0,0.834664334617733,0.782051282051282,0.21794871794871795,127.74514563353415,3538.0
pp_quantile_fixed,item_19_store_5,9314.554441041648,7668.731448267832,1645.822992773815,0.0,0.8676991163365099,0.8076923076923077,0.19230769230769232,98.3170698495876,2488.0
pp_quantile_fixed,item_19_store_6,10478.580278540026,8336.146384169138,2142.433894370888,0.0,0.8275707127266891,0.782051282051282,0.21794871794871795,106.87367159191203,2485.0
pp_quantile_fixed,item_19_store_7,8833.406238123407,7137.747513153531,1695.6587249698757,0.0,0.8583409586491332,0.8076923076923077,0.19230769230769232,91.50958350196835,2394.0
pp_quantile_fixed,item_19_store_8,15573.172490832778,12275.52478870334,3297.6477021294377,0.0,0.8399200144597361,0.7948717948717948,0.20512820512820512,157.3785229320941,4120.0
pp_quantile_fixed,item_19_store_9,12464.53397740754,9608.980647551158,2855.5533298563832,0.0,0.8352723778565686,0.7692307692307693,0.23076923076923078,123.1920595839892,3467.0
pp_quantile_fixed,item_1_store_1,6421.6084048842085,5375.593215571347,1046.0151893128614,0.0,0.8698986082944201,0.782051282051282,0.21794871794871795,68.91786173809419,1608.0
pp_quantile_fixed,item_1_store_10,7546.786725195245,6318.676815934033,1228.1099092612126,0.0,0.8755714377648215,0.8076923076923077,0.19230769230769232,81.00867712735939,1974.0
pp_quantile_fixed,item_1_store_2,9115.356103127566,7562.543033956561,1552.8130691710044,0.0,0.864796424103526,0.8076923076923077,0.19230769230769232,96.95567992252002,2297.0
pp_quantile_fixed,item_1_store_3,7853.973246451966,6299.3278727336065,1554.6453737183588,0.0,0.8517267168604331,0.782051282051282,0.21794871794871795,80.76061375299496,2097.0
pp_quantile_fixed,item_1_store_4,7961.604201751152,6690.187037607928,1271.4171641432242,0.0,0.861576792145539,0.7948717948717948,0.20512820512820512,85.77162868728112,1837.0
pp_quantile_fixed,item_1_store_5,5699.589026732761,4907.733563116581,791.8554636161809,0.0,0.8855700197086444,0.8461538461538461,0.15384615384615385,62.91966106559719,1384.0
pp_quantile_fixed,item_1_store_6,5879.981174481287,5143.224058112686,736.7571163686002,0.0,0.8902818888505436,0.8333333333333334,0.16666666666666666,65.93876997580367,1343.0
pp_quantile_fixed,item_1_store_7,5107.165984624245,4430.34678172222,676.8192029020246,0.0,0.8885894316210659,0.8205128205128205,0.1794871794871795,56.799317714387435,1215.0
pp_quantile_fixed,item_1_store_8,8611.794442464961,7300.74957682611,1311.0448656388508,0.0,0.8836178548034753,0.8205128205128205,0.1794871794871795,93.5993535490527,2253.0
pp_quantile_fixed,item_1_store_9,7622.900769947501,6489.675226121531,1133.2255438259708,0.0,0.876217854306284,0.8461538461538461,0.15384615384615385,83.20096443745553,1831.0
pp_quantile_fixed,item_20_store_1,12649.173268377714,9505.829779229076,3143.343489148637,0.0,0.8229102259634571,0.7692307692307693,0.23076923076923078,121.86961255421892,3550.0
pp_quantile_fixed,item_20_store_10,15170.247162658125,11572.783033595488,3597.4641290626378,0.0,0.8339887342379954,0.7692307692307693,0.23076923076923078,148.3690132512242,4334.0
pp_quantile_fixed,item_20_store_2,18061.881924051555,14345.19808705189,3716.6838369996667,0.0,0.8480194709875417,0.7948717948717948,0.20512820512820512,183.91279598784473,4891.0
pp_quantile_fixed,item_20_store_3,16869.238581842317,13271.770537983852,3597.468043858465,0.0,0.842596016457735,0.7948717948717948,0.20512820512820512,170.1509043331263,4571.0
pp_quantile_fixed,item_20_store_4,14833.473711682733,11521.248498714014,3312.2252129687186,0.0,0.8380725879751298,0.7435897435897436,0.2564102564102564,147.7083140860771,4091.0
pp_quantile_fixed,item_20_store_5,11548.207642536227,9028.70981055674,2519.4978319794864,0.0,0.8294178854448553,0.782051282051282,0.21794871794871795,115.75268987893257,2954.0
pp_quantile_fixed,item_20_store_6,11046.31867326049,8424.591246428901,2621.727426831589,0.0,0.8288130965176894,0.782051282051282,0.21794871794871795,108.00758008242181,3063.0
pp_quantile_fixed,item_20_store_7,10460.099994226863,8375.273979606654,2084.8260146202088,0.0,0.8456256190581111,0.7948717948717948,0.20512820512820512,107.37530743085455,2701.0
pp_quantile_fixed,item_20_store_8,17228.844549024827,13438.697822050914,3790.1467269739114,0.0,0.8374374125252451,0.782051282051282,0.21794871794871795,172.29099771860146,4663.0
pp_quantile_fixed,item_20_store_9,15137.85134216992,11708.23039272643,3429.620949443492,0.0,0.8339568651927625,0.7692307692307693,0.23076923076923078,150.10551785546704,4131.0
pp_quantile_fixed,item_21_store_1,10353.461921902828,8084.799927115568,2268.6619947872605,0.0,0.8493584332810583,0.7564102564102564,0.24358974358974358,103.65128111686626,3012.0
pp_quantile_fixed,item_21_store_10,13074.382500841428,9729.820773935715,3344.5617269057134,0.0,0.8214805590122385,0.7435897435897436,0.2564102564102564,124.7412919735348,3747.0
pp_quantile_fixed,item_21_store_2,15461.960077172846,11463.01137979787,3998.9486973749754,0.0,0.8177325115143584,0.7435897435897436,0.2564102564102564,146.96168435638296,4388.0
pp_quantile_fixed,item_21_store_3,13588.761738700712,10565.480910113885,3023.2808285868264,0.0,0.8399109966329454,0.7692307692307693,0.23076923076923078,135.45488346299854,3777.0
pp_quantile_fixed,item_21_store_4,12262.939883601834,9735.711832641258,2527.2280509605753,0.0,0.849120713375488,0.782051282051282,0.21794871794871795,124.81681836719562,3350.0
pp_quantile_fixed,item_21_store_5,9887.699525528027,8055.261435828775,1832.4380896992534,0.0,0.851564350773653,0.782051282051282,0.21794871794871795,103.27258251062531,2469.0
pp_quantile_fixed,item_21_store_6,9211.77278650509,7588.143430110676,1623.6293563944132,0.0,0.8670790539177722,0.8076923076923077,0.19230769230769232,97.28389012962404,2443.0
pp_quantile_fixed,item_21_store_7,9347.574417721351,7659.0020269807,1688.5723907406514,0.0,0.8562917114263275,0.782051282051282,0.21794871794871795,98.19233367923974,2350.0
pp_quantile_fixed,item_21_store_8,14463.606712867471,11219.786134123755,3243.820578743716,0.0,0.8418805469781274,0.7692307692307693,0.23076923076923078,143.84341197594557,4103.0
pp_quantile_fixed,item_21_store_9,12608.249938839977,9872.910873771843,2735.339065068134,0.0,0.8420248879544825,0.7564102564102564,0.24358974358974358,126.57578043297235,3463.0
pp_quantile_fixed,item_22_store_1,22291.62981033367,18086.72698246933,4204.902827864343,0.0,0.8581581100399952,0.8076923076923077,0.19230769230769232,231.88111515986319,5929.0
pp_quantile_fixed,item_22_store_10,27147.15731727228,20419.398896276725,6727.758420995553,0.0,0.8173045914189938,0.7564102564102564,0.24358974358974358,261.7871653368811,7365.0
pp_quantile_fixed,item_22_store_2,29484.866759364522,22344.07209151856,7140.794667845965,0.0,0.8307467488066849,0.7564102564102564,0.24358974358974358,286.4624627117764,8438.0
pp_quantile_fixed,item_22_store_3,26178.90726160146,20302.123232976708,5876.784028624751,0.0,0.8438271584208143,0.7564102564102564,0.24358974358974358,260.28363119200907,7526.0
pp_quantile_fixed,item_22_store_4,24779.038898809973,19572.020471919994,5207.018426889981,0.0,0.8489843843709403,0.8076923076923077,0.19230769230769232,250.92333938358965,6896.0
pp_quantile_fixed,item_22_store_5,17781.62347297938,13871.84976177637,3909.7737112030113,0.0,0.8450961287162039,0.7692307692307693,0.23076923076923078,177.84422771508167,5048.0
pp_quantile_fixed,item_22_store_6,18743.54366996389,14898.903044212724,3844.640625751165,0.0,0.8467354743571388,0.782051282051282,0.21794871794871795,191.01157748990673,5017.0
pp_quantile_fixed,item_22_store_7,16540.576343383636,13487.073405319145,3053.5029380644914,0.0,0.8652172616171047,0.782051282051282,0.21794871794871795,172.9111975040916,4531.0
pp_quantile_fixed,item_22_store_8,29052.932247214485,22127.375193400097,6925.5570538143875,0.0,0.8288295340134851,0.7307692307692307,0.2692307692307692,283.6842973512833,8092.0
pp_quantile_fixed,item_22_store_9,25208.768683433733,19975.698763572866,5233.069919860868,0.0,0.8495379551506363,0.7948717948717948,0.20512820512820512,256.098702097088,6956.0
pp_quantile_fixed,item_23_store_1,8503.399222292628,7284.19609471352,1219.2031275791073,0.0,0.889764635842757,0.8205128205128205,0.1794871794871795,93.3871294194041,2212.0
pp_quantile_fixed,item_23_store_10,10139.19663175441,7855.809715097052,2283.386916657359,0.0,0.8319803593335277,0.7564102564102564,0.24358974358974358,100.71550916791092,2718.0
pp_quantile_fixed,item_23_store_2,12163.652364299322,9742.117781827486,2421.534582471835,0.0,0.8447734242005234,0.7564102564102564,0.24358974358974358,124.89894592086522,3120.0
pp_quantile_fixed,item_23_store_3,10054.846516903164,8107.052848715619,1947.793668187546,0.0,0.85798077519595,0.8076923076923077,0.19230769230769232,103.93657498353357,2743.0
pp_quantile_fixed,item_23_store_4,9237.225220524453,7501.639331595652,1735.585888928801,0.0,0.8622550881802539,0.8076923076923077,0.19230769230769232,96.17486322558528,2520.0
pp_quantile_fixed,item_23_store_5,7265.975597368541,5985.850032704098,1280.1255646644422,0.0,0.8624260543079588,0.8076923076923077,0.19230769230769232,76.74166708594998,1861.0
pp_quantile_fixed,item_23_store_6,8011.189813269652,6704.788947346842,1306.4008659228102,0.0,0.8513764657653231,0.8205128205128205,0.1794871794871795,85.95883265829285,1758.0
pp_quantile_fixed,item_23_store_7,6906.823451019774,5938.141021117555,968.6824299022189,0.0,0.8846806631068787,0.8205128205128205,0.1794871794871795,76.1300130912507,1680.0
pp_quantile_fixed,item_23_store_8,10761.065197706928,8559.77493047823,2201.2902672286973,0.0,0.8480296674332966,0.782051282051282,0.21794871794871795,109.74070423690038,2897.0
pp_quantile_fixed,item_23_store_9,9193.426611465846,7321.069879384608,1872.3567320812388,0.0,0.8555280299320032,0.782051282051282,0.21794871794871795,93.85987024852061,2592.0
pp_quantile_fixed,item_24_store_1,18238.655976483482,14817.506729533121,3421.149246950362,0.0,0.8578961891194032,0.782051282051282,0.21794871794871795,189.96803499401437,4815.0
pp_quantile_fixed,item_24_store_10,22518.223862121533,17889.79558708393,4628.428275037604,0.0,0.8492859565275935,0.782051282051282,0.21794871794871795,229.3563536805632,6142.0
pp_quantile_fixed,item_24_store_2,25766.355675492166,19990.908818244538,5775.44685724763,0.0,0.836966920049467,0.782051282051282,0.21794871794871795,256.2937027980069,7085.0
pp_quantile_fixed,item_24_store_3,23696.45641978571,18843.39684401267,4853.059575773041,0.0,0.8416620040530819,0.782051282051282,0.21794871794871795,241.58201082067526,6130.0
pp_quantile_fixed,item_24_store_4,21325.046821050517,16830.5232663914,4494.523554659117,0.0,0.8416306006110248,0.7948717948717948,0.20512820512820512,215.77593931271025,5676.0
pp_quantile_fixed,item_24_store_5,15436.051167622063,11882.216139608056,3553.835028014007,0.0,0.824977344101748,0.7692307692307693,0.23076923076923078,152.33610435394942,4061.0
pp_quantile_fixed,item_24_store_6,15393.14243179746,12256.976448402056,3136.1659833954045,0.0,0.8484577925394826,0.7692307692307693,0.23076923076923078,157.14072369746225,4139.0
pp_quantile_fixed,item_24_store_7,13630.93404189665,10476.744123116338,3154.189918780313,0.0,0.8321793073274641,0.7564102564102564,0.24358974358974358,134.31723234764536,3759.0
pp_quantile_fixed,item_24_store_8,24740.380949533348,19955.775068996107,4784.6058805372395,0.0,0.8567054243624665,0.7948717948717948,0.20512820512820512,255.8432701153347,6678.0
pp_quantile_fixed,item_24_store_9,20603.336692995814,16382.111768053996,4221.224924941817,0.0,0.8509454475656139,0.7948717948717948,0.20512820512820512,210.0270739494102,5664.0
pp_quantile_fixed,item_25_store_1,21899.71556101582,17394.496350702066,4505.219210313752,0.0,0.8489195435843812,0.7948717948717948,0.20512820512820512,223.0063634705393,5964.0
pp_quantile_fixed,item_25_store_10,25701.81120387109,19601.043381601048,6100.76782227004,0.0,0.8348912632673874,0.7564102564102564,0.24358974358974358,251.2954279692442,7390.0
pp_quantile_fixed,item_25_store_2,29845.537699671382,22873.725096640323,6971.81260303106,0.0,0.8350647598052743,0.7564102564102564,0.24358974358974358,293.2528858543631,8454.0
pp_quantile_fixed,item_25_store_3,26497.60346404309,19381.029098367086,7116.574365676005,0.0,0.809691820679877,0.7564102564102564,0.24358974358974358,248.47473203034724,7479.0
pp_quantile_fixed,item_25_store_4,24994.034519418557,19829.591690916306,5164.442828502253,0.0,0.8487275094170401,0.7948717948717948,0.20512820512820512,254.225534498927,6828.0
pp_quantile_fixed,item_25_store_5,18456.593400862163,14804.411199577678,3652.182201284483,0.0,0.8521383724176321,0.782051282051282,0.21794871794871795,189.80014358432922,4940.0
pp_quantile_fixed,item_25_store_6,18067.40911635083,14057.953631013263,4009.45548533757,0.0,0.8409577356073951,0.7692307692307693,0.23076923076923078,180.23017475658028,5042.0
pp_quantile_fixed,item_25_store_7,16402.632880603553,12315.27536888152,4087.3575117220316,0.0,0.8244639247703657,0.7435897435897436,0.2564102564102564,157.88814575489127,4657.0
pp_quantile_fixed,item_25_store_8,29271.477117831724,22866.801254355174,6404.675863476549,0.0,0.8411538724336173,0.782051282051282,0.21794871794871795,293.16411864557915,8064.0
pp_quantile_fixed,item_25_store_9,26234.182999933633,20530.468986459397,5703.714013474235,0.0,0.8366400110704788,0.7948717948717948,0.20512820512820512,263.21114085204357,6983.0
pp_quantile_fixed,item_26_store_1,13160.48002577599,10460.004212703137,2700.475813072853,0.0,0.8487975468604226,0.7692307692307693,0.23076923076923078,134.1026181115787,3572.0
pp_quantile_fixed,item_26_store_10,16214.228622614706,13100.724987459356,3113.50363515535,0.0,0.852928500937395,0.782051282051282,0.21794871794871795,167.95801265973535,4234.0
pp_quantile_fixed,item_26_store_2,17806.48879041108,13565.62085025034,4240.8679401607405,0.0,0.8311084054097674,0.7564102564102564,0.24358974358974358,173.9182160288505,5022.0
pp_quantile_fixed,item_26_store_3,15524.115846847428,12202.69493642828,3321.4209104191477,0.0,0.8454074512255457,0.7948717948717948,0.20512820512820512,156.44480687728563,4297.0
pp_quantile_fixed,item_26_store_4,15231.722963141556,12210.094664763603,3021.6282983779524,0.0,0.8534612852387025,0.782051282051282,0.21794871794871795,156.53967518927695,4124.0
pp_quantile_fixed,item_26_store_5,11180.026347138803,9079.536114273938,2100.4902328648636,0.0,0.8580749842658875,0.8205128205128205,0.1794871794871795,116.40430915735818,2960.0
pp_quantile_fixed,item_26_store_6,11340.25326277898,8989.092618529514,2351.160644249466,0.0,0.8439322506306363,0.7564102564102564,0.24358974358974358,115.2447771606348,3013.0
pp_quantile_fixed,item_26_store_7,9658.71059096189,7355.05088246613,2303.6597084957593,0.0,0.8341497690067848,0.7692307692307693,0.23076923076923078,94.29552413418115,2778.0
pp_quantile_fixed,item_26_store_8,18359.246476295688,13653.516317312917,4705.730158982769,0.0,0.8083595944213899,0.7564102564102564,0.24358974358974358,175.04508099119124,4911.0
pp_quantile_fixed,item_26_store_9,15331.523915132457,11841.288108414643,3490.2358067178143,0.0,0.829869080832668,0.782051282051282,0.21794871794871795,151.81138600531594,4103.0
pp_quantile_fixed,item_27_store_1,6499.4355052858655,5325.628855221025,1173.8066500648401,0.0,0.8567655094490739,0.8205128205128205,0.1794871794871795,68.27729301565417,1639.0
pp_quantile_fixed,item_27_store_10,7845.773520676978,6196.617829276141,1649.1556914008368,0.0,0.8407382239110733,0.7948717948717948,0.20512820512820512,79.44381832405308,2071.0
pp_quantile_fixed,item_27_store_2,8958.336809331871,7267.613087697493,1690.7237216343783,0.0,0.8522740304382369,0.7948717948717948,0.20512820512820512,93.17452676535247,2289.0
pp_quantile_fixed,item_27_store_3,8098.53898988989,6639.910609319917,1458.6283805699736,0.0,0.8537715909203034,0.7948717948717948,0.20512820512820512,85.12705909384509,1995.0
pp_quantile_fixed,item_27_store_4,7524.690178650576,6408.720436362315,1115.9697422882607,0.0,0.8816575034689013,0.8333333333333334,0.16666666666666666,82.16308251746558,1886.0
pp_quantile_fixed,item_27_store_5,5629.03051828687,4718.383059422371,910.6474588644988,0.0,0.8655870909425093,0.8076923076923077,0.19230769230769232,60.492090505415014,1355.0
pp_quantile_fixed,item_27_store_6,5420.421550735221,4671.215440752009,749.2061099832117,0.0,0.894478012678421,0.8205128205128205,0.1794871794871795,59.88737744553858,1420.0
pp_quantile_fixed,item_27_store_7,5685.840256996237,4906.75635093575,779.0839060604874,0.0,0.8695001832394494,0.8461538461538461,0.15384615384615385,62.90713270430448,1194.0
pp_quantile_fixed,item_27_store_8,8450.450767482496,7026.837322002785,1423.613445479712,0.0,0.8640941818157793,0.8205128205128205,0.1794871794871795,90.08765797439469,2095.0
pp_quantile_fixed,item_27_store_9,7703.218291847295,6548.695088927184,1154.5232029201115,0.0,0.8785990322902092,0.8333333333333334,0.16666666666666666,83.95762934522031,1902.0
pp_quantile_fixed,item_28_store_1,23707.414075876448,18821.397465899023,4886.016609977425,0.0,0.8526755130415371,0.782051282051282,0.21794871794871795,241.29996751152592,6633.0
pp_quantile_fixed,item_28_store_10,29110.08713083087,22007.326482425982,7102.760648404888,0.0,0.8237747016894954,0.7564102564102564,0.24358974358974358,282.1452113131536,8061.0
pp_quantile_fixed,item_28_store_2,34205.76253767547,27557.584226998348,6648.178310677123,0.0,0.8552383601376783,0.7948717948717948,0.20512820512820512,353.3023618845942,9185.0
pp_quantile_fixed,item_28_store_3,28975.81747703429,22552.627782076554,6423.189694957736,0.0,0.8441540775213457,0.7564102564102564,0.24358974358974358,289.13625361636605,8243.0
pp_quantile_fixed,item_28_store_4,27577.085440573577,21587.724166678145,5989.361273895433,0.0,0.8397923960439901,0.7692307692307693,0.23076923076923078,276.7656944445916,7477.0
pp_quantile_fixed,item_28_store_5,20056.611227737816,16307.970004816096,3748.6412229217194,0.0,0.8603337845409196,0.8076923076923077,0.19230769230769232,209.0765385232833,5368.0
pp_quantile_fixed,item_28_store_6,19730.942870851828,16137.332710847677,3593.610160004152,0.0,0.8680759853155599,0.7948717948717948,0.20512820512820512,206.88888090830355,5448.0
pp_quantile_fixed,item_28_store_7,17342.977125939673,13977.76710715569,3365.2100187839815,0.0,0.8642513102547811,0.782051282051282,0.21794871794871795,179.20214239943192,4958.0
pp_quantile_fixed,item_28_store_8,32736.79821261403,26576.199195011683,6160.599017602349,0.0,0.861606222226163,0.8076923076923077,0.19230769230769232,340.7205025001498,8903.0
pp_quantile_fixed,item_28_store_9,27057.9947916671,21075.28690891317,5982.707882753928,0.0,0.8426224415953195,0.782051282051282,0.21794871794871795,270.1959860117073,7603.0
pp_quantile_fixed,item_29_store_1,18515.004564991068,13918.345693191866,4596.658871799204,0.0,0.8242867403746481,0.782051282051282,0.21794871794871795,178.44032939989572,5232.0
pp_quantile_fixed,item_29_store_10,23039.625423390866,18244.883998712972,4794.741424677894,0.0,0.8486747222762223,0.7948717948717948,0.20512820512820512,233.9087692142689,6337.0
pp_quantile_fixed,item_29_store_2,26325.433726720425,20103.204214267473,6222.22951245295,0.0,0.8285414849144958,0.7692307692307693,0.23076923076923078,257.7333873624035,7258.0
pp_quantile_fixed,item_29_store_3,23834.637506798397,19323.90244689259,4510.735059905808,0.0,0.8627286956815032,0.8076923076923077,0.19230769230769232,247.7423390627255,6572.0
pp_quantile_fixed,item_29_store_4,22281.185799239996,17776.236499722392,4504.949299517604,0.0,0.8497348465804669,0.7948717948717948,0.20512820512820512,227.90046794515888,5996.0
pp_quantile_fixed,item_29_store_5,16055.821041332973,12822.895468188028,3232.925573144944,0.0,0.8488580844719521,0.782051282051282,0.21794871794871795,164.39609574600036,4278.0
pp_quantile_fixed,item_29_store_6,15911.724508944519,12723.771036073773,3187.9534728707454,0.0,0.8481203681338377,0.782051282051282,0.21794871794871795,163.1252696932535,4198.0
pp_quantile_fixed,item_29_store_7,14415.126544534358,11301.294336851044,3113.8322076833133,0.0,0.8424971063387297,0.7435897435897436,0.2564102564102564,144.88838893398776,3954.0
pp_quantile_fixed,item_29_store_8,25432.848453028506,19669.65795245313,5763.190500575375,0.0,0.8359701010224739,0.782051282051282,0.21794871794871795,252.1751019545273,7027.0
pp_quantile_fixed,item_29_store_9,22852.36021775811,17574.81457337605,5277.545644382058,0.0,0.8277282309651687,0.7564102564102564,0.24358974358974358,225.31813555610321,6127.0
pp_quantile_fixed,item_2_store_1,15656.72434106468,11801.464878027668,3855.259463037013,0.0,0.8248007515093382,0.7564102564102564,0.24358974358974358,151.30083176958547,4401.0
pp_quantile_fixed,item_2_store_10,20164.821221110815,15641.2178760073,4523.603345103514,0.0,0.8326141222903417,0.7692307692307693,0.23076923076923078,200.5284343077859,5405.0
pp_quantile_fixed,item_2_store_2,22964.107666597753,18503.58109517808,4460.526571419674,0.0,0.8533445151596358,0.782051282051282,0.21794871794871795,237.22539865612924,6083.0
pp_quantile_fixed,item_2_store_3,19631.548745796208,15352.484101872957,4279.06464392325,0.0,0.8400947442480102,0.7692307692307693,0.23076923076923078,196.8267192547815,5352.0
pp_quantile_fixed,item_2_store_4,19418.69779879727,15512.106791324997,3906.591007472274,0.0,0.8438924672338751,0.782051282051282,0.21794871794871795,198.8731639913461,5005.0
pp_quantile_fixed,item_2_store_5,14279.483720253611,11103.55222913692,3175.931491116691,0.0,0.8218770896737694,0.7692307692307693,0.23076923076923078,142.3532337068836,3566.0
pp_quantile_fixed,item_2_store_6,13292.9584758268,10208.022253965208,3084.9362218615906,0.0,0.8332917469947804,0.7692307692307693,0.23076923076923078,130.87208017904112,3701.0
pp_quantile_fixed,item_2_store_7,12659.96934643007,10147.046089494153,2512.923256935917,0.0,0.8468663463171286,0.8076923076923077,0.19230769230769232,130.09033448069428,3282.0
pp_quantile_fixed,item_2_store_8,21633.47864740186,17192.31581482958,4441.162832572278,0.0,0.8475922157662223,0.782051282051282,0.21794871794871795,220.41430531832796,5828.0
pp_quantile_fixed,item_2_store_9,18228.06037190868,14435.89638489892,3792.16398700976,0.0,0.8515787089232971,0.7948717948717948,0.20512820512820512,185.0755946781913,5110.0
pp_quantile_fixed,item_30_store_1,10421.039666634317,7953.132818710161,2467.9068479241555,0.0,0.836508324085846,0.7564102564102564,0.24358974358974358,101.96324126551488,3019.0
pp_quantile_fixed,item_30_store_10,14178.23491983904,10996.215817233422,3182.019102605618,0.0,0.8284163331029595,0.7692307692307693,0.23076923076923078,140.97712586196695,3709.0
pp_quantile_fixed,item_30_store_2,14607.68890285483,11752.235289457534,2855.4536133972965,0.0,0.8617548480562917,0.7948717948717948,0.20512820512820512,150.66968319817352,4131.0
pp_quantile_fixed,item_30_store_3,13608.178445885587,10796.928435063577,2811.2500108220092,0.0,0.8530833545428791,0.7692307692307693,0.23076923076923078,138.42215942389203,3827.0
pp_quantile_fixed,item_30_store_4,11576.7052352418,8901.473792248851,2675.231442992949,0.0,0.8429567688292956,0.7435897435897436,0.2564102564102564,114.12145887498527,3407.0
pp_quantile_fixed,item_30_store_5,9739.84158324448,8093.033414511894,1646.8081687325857,0.0,0.8664930548250842,0.8205128205128205,0.1794871794871795,103.75683864758838,2467.0
pp_quantile_fixed,item_30_store_6,9868.247892348685,7824.348210068087,2043.8996822805984,0.0,0.8366187304332053,0.782051282051282,0.21794871794871795,100.31215653933444,2502.0
pp_quantile_fixed,item_30_store_7,8748.314753689592,7354.528349633073,1393.78640405652,0.0,0.8768739925745124,0.8333333333333334,0.16666666666666666,94.28882499529581,2264.0
pp_quantile_fixed,item_30_store_8,14140.994101820892,11438.988288069357,2702.005813751535,0.0,0.8631549347302337,0.7564102564102564,0.24358974358974358,146.6536960008892,3949.0
pp_quantile_fixed,item_30_store_9,12354.528833863997,9405.990544229651,2948.538289634346,0.0,0.8314639445764878,0.7564102564102564,0.24358974358974358,120.5896223619186,3499.0
pp_quantile_fixed,item_31_store_1,16562.080357047453,13011.378457766754,3550.701899280697,0.0,0.8399142516104284,0.7692307692307693,0.23076923076923078,166.812544330343,4436.0
pp_quantile_fixed,item_31_store_10,19598.501698243235,15380.942432796846,4217.559265446389,0.0,0.8382217389548756,0.7692307692307693,0.23076923076923078,197.19156965124162,5214.0
pp_quantile_fixed,item_31_store_2,22680.02222683238,17823.74392406773,4856.278302764651,0.0,0.8446239544788144,0.7692307692307693,0.23076923076923078,228.5095374880478,6251.0
pp_quantile_fixed,item_31_store_3,20473.54360765397,16416.903936734227,4056.639670919744,0.0,0.8507490923134752,0.782051282051282,0.21794871794871795,210.47312739402855,5436.0
pp_quantile_fixed,item_31_store_4,17256.834699257684,12833.724991662082,4423.1097075956,0.0,0.8245841876821101,0.7564102564102564,0.24358974358974358,164.53493579053952,5043.0
pp_quantile_fixed,item_31_store_5,13241.918876839161,10436.231667556573,2805.687209282588,0.0,0.846137252027278,0.7692307692307693,0.23076923076923078,133.79784189175092,3647.0
pp_quantile_fixed,item_31_store_6,13405.755906547165,10907.848148349158,2497.907758198007,0.0,0.8609182762695987,0.7948717948717948,0.20512820512820512,139.84420703011742,3592.0
pp_quantile_fixed,item_31_store_7,12524.853112213612,10281.390266883607,2243.4628453300043,0.0,0.8676032549229858,0.8076923076923077,0.19230769230769232,131.812695729277,3389.0
pp_quantile_fixed,item_31_store_8,21395.77947352637,16562.244245202808,4833.535228323562,0.0,0.8362346187252732,0.782051282051282,0.21794871794871795,212.3364646820873,5903.0
pp_quantile_fixed,item_31_store_9,18590.762465241525,13917.170378050716,4673.59208719081,0.0,0.8173664678706208,0.7307692307692307,0.2692307692307692,178.42526125706047,5118.0
pp_quantile_fixed,item_32_store_1,12836.326309712542,10127.065690026917,2709.260619685626,0.0,0.8359018401159525,0.7692307692307693,0.23076923076923078,129.8341755131656,3302.0
pp_quantile_fixed,item_32_store_10,14253.240097441438,11048.294936664746,3204.9451607766923,0.0,0.8416529070762504,0.7435897435897436,0.2564102564102564,141.64480688031725,4048.0
pp_quantile_fixed,item_32_store_2,17941.006033497855,14047.763111128372,3893.2429223694853,0.0,0.8358320505009704,0.782051282051282,0.21794871794871795,180.09952706574836,4743.0
pp_quantile_fixed,item_32_store_3,15336.446129735563,12096.199366227635,3240.246763507928,0.0,0.8442937643677113,0.782051282051282,0.21794871794871795,155.07947905420045,4162.0
pp_quantile_fixed,item_32_store_4,13906.106984767677,10982.13253820072,2923.9744465669582,0.0,0.8468722468412172,0.7948717948717948,0.20512820512820512,140.79657100257333,3819.0
pp_quantile_fixed,item_32_store_5,10168.13054640841,8150.826920516458,2017.3036258919528,0.0,0.854030128372507,0.7948717948717948,0.20512820512820512,104.49778103226228,2764.0
pp_quantile_fixed,item_32_store_6,10927.339178603921,8984.550132443785,1942.7890461601373,0.0,0.8567792815215527,0.8076923076923077,0.19230769230769232,115.1865401595357,2713.0
pp_quantile_fixed,item_32_store_7,9689.772039189838,7886.628556337794,1803.1434828520441,0.0,0.8564947486787073,0.8076923076923077,0.19230769230769232,101.11062251715121,2513.0
pp_quantile_fixed,item_32_store_8,15732.60900947384,12425.563054601555,3307.0459548722847,0.0,0.8495087165018301,0.7692307692307693,0.23076923076923078,159.30209044360967,4395.0
pp_quantile_fixed,item_32_store_9,13627.940114833396,10583.592603934583,3044.347510898814,0.0,0.8386673285162262,0.782051282051282,0.21794871794871795,135.687084665828,3774.0
pp_quantile_fixed,item_33_store_1,18218.766972218527,14117.12617673641,4101.640795482117,0.0,0.8404961775040981,0.782051282051282,0.21794871794871795,180.9887971376463,5143.0
pp_quantile_fixed,item_33_store_10,23314.527488892585,19093.53672641326,4220.990762479325,0.0,0.866255045548817,0.8076923076923077,0.19230769230769232,244.78893238991355,6312.0
pp_quantile_fixed,item_33_store_2,26176.90950594636,19793.560754216942,6383.34875172942,0.0,0.8234205047931005,0.7435897435897436,0.2564102564102564,253.76359941303772,7230.0
pp_quantile_fixed,item_33_store_3,23460.47433659588,18075.22687073762,5385.247465858256,0.0,0.8345037656466425,0.7692307692307693,0.23076923076923078,231.7336778299695,6508.0
pp_quantile_fixed,item_33_store_4,21581.315876949717,17027.185533087842,4554.130343861876,0.0,0.8478406166434387,0.7692307692307693,0.23076923076923078,218.2972504242031,5986.0
pp_quantile_fixed,item_33_store_5,15239.630303947622,11859.55364871518,3380.076655232443,0.0,0.8410123868658306,0.7692307692307693,0.23076923076923078,152.04555959891258,4252.0
pp_quantile_fixed,item_33_store_6,16132.025711574457,12598.642526881622,3533.3831846928356,0.0,0.8383630748081959,0.7692307692307693,0.23076923076923078,161.52105803694388,4372.0
pp_quantile_fixed,item_33_store_7,14042.610898115123,10836.209482994418,3206.4014151207057,0.0,0.8354847914253102,0.7692307692307693,0.23076923076923078,138.92576260249254,3898.0
pp_quantile_fixed,item_33_store_8,24883.27655672776,19589.42303982755,5293.853516900209,0.0,0.8478996260048783,0.7692307692307693,0.23076923076923078,251.14644922855834,6961.0
pp_quantile_fixed,item_33_store_9,21525.903505364924,16916.977414368797,4608.926090996128,0.0,0.8473360022856532,0.7564102564102564,0.24358974358974358,216.88432582524098,6038.0
pp_quantile_fixed,item_34_store_1,7833.792424366282,6696.572699323883,1137.2197250423992,0.0,0.8802926605218527,0.8461538461538461,0.15384615384615385,85.85349614517798,1900.0
pp_quantile_fixed,item_34_store_10,8630.686431117552,7356.135711588566,1274.550719528987,0.0,0.8871579708252335,0.8205128205128205,0.1794871794871795,94.3094321998534,2259.0
pp_quantile_fixed,item_34_store_2,10216.70159200327,7580.360060541184,2636.3415314620866,0.0,0.8153175809833915,0.7564102564102564,0.24358974358974358,97.18410334027159,2855.0
pp_quantile_fixed,item_34_store_3,9147.176871361644,7589.360253112953,1557.8166182486912,0.0,0.870774233243576,0.8205128205128205,0.1794871794871795,97.29949042452503,2411.0
pp_quantile_fixed,item_34_store_4,8647.991431380764,6825.247488075714,1822.7439433050513,0.0,0.8384808202653921,0.782051282051282,0.21794871794871795,87.5031729240476,2257.0
pp_quantile_fixed,item_34_store_5,6397.898827642876,5539.3180000752745,858.5808275676015,0.0,0.8954225544984651,0.8461538461538461,0.15384615384615385,71.0168974368625,1642.0
pp_quantile_fixed,item_34_store_6,6761.798111400929,5549.154428594255,1212.643682806674,0.0,0.8503832593699353,0.8076923076923077,0.19230769230769232,71.14300549479813,1621.0
pp_quantile_fixed,item_34_store_7,5825.928291007338,5038.212413016045,787.7158779912929,0.0,0.8903666140582752,0.8333333333333334,0.16666666666666666,64.59246683353904,1437.0
pp_quantile_fixed,item_34_store_8,9891.183915501955,7914.17884566615,1977.0050698358045,0.0,0.8463268503819817,0.782051282051282,0.21794871794871795,101.46383135469422,2573.0
pp_quantile_fixed,item_34_store_9,8500.862559844636,6763.03917323324,1737.8233866113953,0.0,0.8460741021601954,0.782051282051282,0.21794871794871795,86.70563042606717,2258.0
pp_quantile_fixed,item_35_store_1,17553.37744129605,13314.34214920615,4239.0352920899,0.0,0.8283443898728527,0.7435897435897436,0.2564102564102564,170.69669422059167,4939.0
pp_quantile_fixed,item_35_store_10,22776.519567209507,18164.38345353171,4612.136113677794,0.0,0.8474570493243658,0.782051282051282,0.21794871794871795,232.87671094271425,6047.0
pp_quantile_fixed,item_35_store_2,25251.418747791515,19657.63207013758,5593.786677653933,0.0,0.8372243073576625,0.782051282051282,0.21794871794871795,252.02092397612282,6873.0
pp_quantile_fixed,item_35_store_3,22338.866811022825,17277.84470481741,5061.022106205414,0.0,0.832693484092383,0.782051282051282,0.21794871794871795,221.51082954894113,6050.0
pp_quantile_fixed,item_35_store_4,20637.252801961244,16301.938471119487,4335.314330841757,0.0,0.8462381865280454,0.7692307692307693,0.23076923076923078,208.99921116819854,5639.0
pp_quantile_fixed,item_35_store_5,15420.215806147702,11971.988104751887,3448.227701395815,0.0,0.8327321027700308,0.7692307692307693,0.23076923076923078,153.48702698399853,4123.0
pp_quantile_fixed,item_35_store_6,14207.093498010603,10931.556439151122,3275.537058859481,0.0,0.8366722982368746,0.7692307692307693,0.23076923076923078,140.14815947629643,4011.0
pp_quantile_fixed,item_35_store_7,13114.64705595444,9873.042003428667,3241.6050525257733,0.0,0.8280315622002243,0.7307692307692307,0.2692307692307692,126.5774615824188,3770.0
pp_quantile_fixed,item_35_store_8,24011.833002363022,19077.051272286848,4934.781730076175,0.0,0.852074888187165,0.782051282051282,0.21794871794871795,244.57758041393396,6672.0
pp_quantile_fixed,item_35_store_9,20845.75612716531,16629.00498303953,4216.751144125783,0.0,0.8523029371584665,0.8076923076923077,0.19230769230769232,213.19237157742987,5710.0
pp_quantile_fixed,item_36_store_1,21366.142640733775,16806.321896012232,4559.820744721544,0.0,0.8370910773590017,0.782051282051282,0.21794871794871795,215.46566533349016,5598.0
pp_quantile_fixed,item_36_store_10,25639.134974848595,19956.70881224927,5682.426162599326,0.0,0.8395701252795221,0.782051282051282,0.21794871794871795,255.85524118268296,7084.0
pp_quantile_fixed,item_36_store_2,28605.392602339234,22041.44672608882,6563.945876250416,0.0,0.8392174923147481,0.7564102564102564,0.24358974358974358,282.582650334472,8165.0
pp_quantile_fixed,item_36_store_3,25864.212376046034,20007.495963259033,5856.716412787002,0.0,0.8358543606281671,0.7564102564102564,0.24358974358974358,256.50635850332094,7136.0
pp_quantile_fixed,item_36_store_4,24378.340876760496,18841.527564451448,5536.813312309048,0.0,0.8329013637450114,0.782051282051282,0.21794871794871795,241.55804569809547,6627.0
pp_quantile_fixed,item_36_store_5,16993.608892246746,12816.321222436549,4177.287669810195,0.0,0.8268840584413512,0.7692307692307693,0.23076923076923078,164.31181054405832,4826.0
pp_quantile_fixed,item_36_store_6,17486.725051036068,13864.016687201956,3622.708363834112,0.0,0.849773652754132,0.782051282051282,0.21794871794871795,177.74380368207636,4823.0
pp_quantile_fixed,item_36_store_7,16801.968734777194,13186.22881611626,3615.7399186609337,0.0,0.8390858959207417,0.7435897435897436,0.2564102564102564,169.0542155912341,4494.0
pp_quantile_fixed,item_36_store_8,27842.509977648835,21000.95263920619,6841.557338442648,0.0,0.8274730213480609,0.7564102564102564,0.24358974358974358,269.2429825539255,7931.0
pp_quantile_fixed,item_36_store_9,24025.871095657058,18655.214589333405,5370.656506323653,0.0,0.8362604723681814,0.7692307692307693,0.23076923076923078,239.16941781196672,6560.0
pp_quantile_fixed,item_37_store_1,9385.857022680644,7837.236414727289,1548.620607953354,0.0,0.8598533386467554,0.8205128205128205,0.1794871794871795,100.47738993240114,2210.0
pp_quantile_fixed,item_37_store_10,9723.342960950456,7486.229422897608,2237.1135380528476,0.0,0.8329889109329717,0.782051282051282,0.21794871794871795,95.97730029355908,2679.0
pp_quantile_fixed,item_37_store_2,10590.557466912389,8049.182260928477,2541.3752059839117,0.0,0.8352430984775422,0.7435897435897436,0.2564102564102564,103.19464437087791,3085.0
pp_quantile_fixed,item_37_store_3,10894.407525936775,8886.818667385163,2007.5888585516104,0.0,0.8514547644430921,0.782051282051282,0.21794871794871795,113.93357265878414,2703.0
pp_quantile_fixed,item_37_store_4,9754.814253055934,7878.600091866538,1876.2141611893958,0.0,0.8516240283756903,0.8076923076923077,0.19230769230769232,101.00769348546844,2529.0
pp_quantile_fixed,item_37_store_5,7068.956233524042,6094.2263989815865,974.7298345424551,0.0,0.8887929452889384,0.8205128205128205,0.1794871794871795,78.13110767925112,1753.0
pp_quantile_fixed,item_37_store_6,7451.411470908964,6010.378244788552,1441.0332261204112,0.0,0.8438750567583521,0.7948717948717948,0.20512820512820512,77.05613134344298,1846.0
pp_quantile_fixed,item_37_store_7,6503.437484785962,5463.152598769262,1040.2848860167,0.0,0.8710124133891258,0.8205128205128205,0.1794871794871795,70.04041793293926,1613.0
pp_quantile_fixed,item_37_store_8,10892.845054825504,8383.523877374742,2509.3211774507618,0.0,0.8324326425742395,0.7564102564102564,0.24358974358974358,107.48107535095824,2995.0
pp_quantile_fixed,item_37_store_9,10087.016935645352,8334.444136200163,1752.5727994451881,0.0,0.8673800378777762,0.7948717948717948,0.20512820512820512,106.8518479000021,2643.0
pp_quantile_fixed,item_38_store_1,22670.257194949845,18038.528249745978,4631.728945203868,0.0,0.845583299043045,0.7692307692307693,0.23076923076923078,231.263182689051,5999.0
pp_quantile_fixed,item_38_store_10,26017.639695963575,18975.414368660277,7042.225327303298,0.0,0.8109469710791061,0.7564102564102564,0.24358974358974358,243.27454318795228,7450.0
pp_quantile_fixed,item_38_store_2,30548.86839038669,23997.201150249213,6551.66724013748,0.0,0.8461508221172367,0.7948717948717948,0.20512820512820512,307.65642500319507,8517.0
pp_quantile_fixed,item_38_store_3,26716.04173450249,20577.86267385356,6138.1790606489285,0.0,0.8388717926066694,0.7692307692307693,0.23076923076923078,263.8187522288918,7619.0
pp_quantile_fixed,item_38_store_4,24713.311301783626,19734.33864990773,4978.972651875894,0.0,0.8551782242037262,0.7948717948717948,0.20512820512820512,253.00434166548374,6876.0
pp_quantile_fixed,item_38_store_5,17750.59921676121,13443.630407467173,4306.968809294036,0.0,0.827652308551659,0.7692307692307693,0.23076923076923078,172.35423599316888,4998.0
pp_quantile_fixed,item_38_store_6,17807.229821386387,14230.269646830013,3576.9601745563727,0.0,0.8573210939546719,0.7692307692307693,0.23076923076923078,182.43935444653863,5014.0
pp_quantile_fixed,item_38_store_7,17261.666847151573,13906.393261925095,3355.2735852264796,0.0,0.854086819516135,0.8076923076923077,0.19230769230769232,178.2870931016038,4599.0
pp_quantile_fixed,item_38_store_8,30219.39379510057,22614.277076164864,7605.116718935704,0.0,0.8170967600063563,0.7564102564102564,0.24358974358974358,289.92662918160084,8316.0
pp_quantile_fixed,item_38_store_9,25147.52315941038,19181.241933006357,5966.281226404021,0.0,0.8292909520342197,0.7692307692307693,0.23076923076923078,245.9133581154661,6990.0
pp_quantile_fixed,item_39_store_1,11994.227579377426,9599.571307660992,2394.6562717164347,0.0,0.853716782424164,0.8076923076923077,0.19230769230769232,123.07142702129477,3274.0
pp_quantile_fixed,item_39_store_10,15709.248402079473,12245.926348566903,3463.3220535125693,0.0,0.8339332508505121,0.7948717948717948,0.20512820512820512,156.99905575085774,4171.0
pp_quantile_fixed,item_39_store_2,15868.34406304395,12416.108691353636,3452.2353716903144,0.0,0.8472800100999639,0.782051282051282,0.21794871794871795,159.18088065837995,4521.0
pp_quantile_fixed,item_39_store_3,15920.239560647124,12455.71673485649,3464.5228257906324,0.0,0.8305856808904336,0.7692307692307693,0.23076923076923078,159.68867608790373,4090.0
pp_quantile_fixed,item_39_store_4,14196.522738349771,11190.958215812465,3005.564522537307,0.0,0.8430104715310888,0.7948717948717948,0.20512820512820512,143.47382327964698,3829.0
pp_quantile_fixed,item_39_store_5,11401.474148602498,9790.16868925753,1611.3054593449667,0.0,0.8779776251915966,0.8333333333333334,0.16666666666666666,125.51498319560937,2641.0
pp_quantile_fixed,item_39_store_6,9634.406928241258,7291.639333977846,2342.767594263412,0.0,0.8307248848075569,0.7564102564102564,0.24358974358974358,93.48255556381854,2768.0
pp_quantile_fixed,item_39_store_7,9546.999744078828,8005.511839045312,1541.487905033517,0.0,0.8744205372681453,0.8076923076923077,0.19230769230769232,102.63476716724759,2455.0
pp_quantile_fixed,item_39_store_8,15352.888219097516,11534.954082151087,3817.934136946429,0.0,0.8308403129399011,0.7435897435897436,0.2564102564102564,147.8840266942447,4514.0
pp_quantile_fixed,item_39_store_9,13697.177426167858,10681.292678318548,3015.884747849309,0.0,0.8445820794718212,0.7692307692307693,0.23076923076923078,136.93964972203267,3881.0
pp_quantile_fixed,item_3_store_1,9785.629437831038,7803.03488423018,1982.594553600858,0.0,0.8522106184419787,0.7948717948717948,0.20512820512820512,100.0389087721818,2683.0
pp_quantile_fixed,item_3_store_10,12294.734331274285,9869.094948260592,2425.639383013693,0.0,0.8567253760771594,0.7948717948717948,0.20512820512820512,126.52685831103324,3386.0
pp_quantile_fixed,item_3_store_2,14092.63560403499,10246.49468986448,3846.1409141705103,0.0,0.8091718722812946,0.7435897435897436,0.2564102564102564,131.3653165367241,4031.0
pp_quantile_fixed,item_3_store_3,12481.589209209673,9411.27613512541,3070.3130740842635,0.0,0.8216489646189797,0.7564102564102564,0.24358974358974358,120.65738634776167,3443.0
pp_quantile_fixed,item_3_store_4,11753.883257328602,9461.114133287989,2292.769124040613,0.0,0.8501947648454353,0.7948717948717948,0.20512820512820512,121.2963350421537,3061.0
pp_quantile_fixed,item_3_store_5,8815.105482128038,7195.468073736966,1619.637408391072,0.0,0.8606763519663594,0.7948717948717948,0.20512820512820512,92.24959068893547,2325.0
pp_quantile_fixed,item_3_store_6,9440.149315653605,7895.143385861836,1545.005929791769,0.0,0.8658849019277979,0.8333333333333334,0.16666666666666666,101.21978699822866,2304.0
pp_quantile_fixed,item_3_store_7,8594.15526799225,7018.995648430211,1575.1596195620386,0.0,0.8556885369159837,0.7948717948717948,0.20512820512820512,89.98712369782322,2183.0
pp_quantile_fixed,item_3_store_8,13199.85197685564,10073.607705513332,3126.2442713423075,0.0,0.8313784103914613,0.7435897435897436,0.2564102564102564,129.14881673735042,3708.0
pp_quantile_fixed,item_3_store_9,11392.062155988475,8919.047514605123,2473.0146413833513,0.0,0.8453399223650185,0.7564102564102564,0.24358974358974358,114.34676300775799,3198.0
pp_quantile_fixed,item_40_store_1,8723.832970432619,7463.053810485979,1260.7791599466393,0.0,0.8810024388913035,0.8205128205128205,0.1794871794871795,95.68017705751255,2119.0
pp_quantile_fixed,item_40_store_10,9581.742929850092,7282.728535254552,2299.01439459554,0.0,0.8286874519675452,0.7564102564102564,0.24358974358974358,93.36831455454555,2684.0
pp_quantile_fixed,item_40_store_2,11943.944190099664,9529.491606872045,2414.452583227619,0.0,0.8427066721024354,0.7948717948717948,0.20512820512820512,122.17296931887238,3070.0
pp_quantile_fixed,item_40_store_3,10064.519361657523,7967.422157593587,2097.0972040639367,0.0,0.8440819922629044,0.7692307692307693,0.23076923076923078,102.1464379178665,2690.0
pp_quantile_fixed,item_40_store_4,9502.743427020523,7526.0327951386125,1976.71063188191,0.0,0.8444759534317932,0.7692307692307693,0.23076923076923078,96.48759993767452,2542.0
pp_quantile_fixed,item_40_store_5,7364.591188064338,6271.0688138990845,1093.5223741652535,0.0,0.8797005088927115,0.8205128205128205,0.1794871794871795,80.39831812691133,1818.0
pp_quantile_fixed,item_40_store_6,8115.77554906185,6725.3192485862355,1390.4563004756144,0.0,0.8541734346643299,0.8076923076923077,0.19230769230769232,86.22204164854148,1907.0
pp_quantile_fixed,item_40_store_7,6523.026715028616,5603.104640102478,919.9220749261385,0.0,0.8913905460535845,0.8333333333333334,0.16666666666666666,71.8346748731087,1694.0
pp_quantile_fixed,item_40_store_8,11734.768119987231,9498.46119643617,2236.306923551061,0.0,0.8491529899796924,0.7948717948717948,0.20512820512820512,121.77514354405346,2965.0
pp_quantile_fixed,item_40_store_9,9738.600248069806,7740.460437244337,1998.1398108254684,0.0,0.8453452158803817,0.7692307692307693,0.23076923076923078,99.2366722723633,2584.0
pp_quantile_fixed,item_41_store_1,6397.718358618036,5138.464668844605,1259.253689773432,0.0,0.8438619107534491,0.782051282051282,0.21794871794871795,65.87775216467442,1613.0
pp_quantile_fixed,item_41_store_10,7419.128639597462,5865.205280170065,1553.9233594273971,0.0,0.8471300187479196,0.7435897435897436,0.2564102564102564,75.19493948935981,2033.0
pp_quantile_fixed,item_41_store_2,8117.669721137315,6515.706056992481,1601.9636641448342,0.0,0.8621373783007888,0.782051282051282,0.21794871794871795,83.53469303836513,2324.0
pp_quantile_fixed,item_41_store_3,8087.251310215231,6830.202083024509,1257.0492271907212,0.0,0.8753545634912523,0.8076923076923077,0.19230769230769232,87.56669337210909,2017.0
pp_quantile_fixed,item_41_store_4,7214.900395654682,5660.454105041126,1554.446290613556,0.0,0.8368891615305818,0.7948717948717948,0.20512820512820512,72.56992442360418,1906.0
pp_quantile_fixed,item_41_store_5,5802.501895084554,5007.3828959851735,795.1189990993807,0.0,0.8808810488240627,0.8333333333333334,0.16666666666666666,64.19721661519453,1335.0
pp_quantile_fixed,item_41_store_6,5702.390421555051,4836.907890597933,865.482530957118,0.0,0.8710160162508022,0.8076923076923077,0.19230769230769232,62.01163962305043,1342.0
pp_quantile_fixed,item_41_store_7,5558.1124717796,4847.0026158051005,711.1098559745,0.0,0.881678892516722,0.8461538461538461,0.15384615384615385,62.14105917698847,1202.0
pp_quantile_fixed,item_41_store_8,8929.817546925628,7227.665809944705,1702.1517369809221,0.0,0.8478183516333552,0.7948717948717948,0.20512820512820512,92.66238217877827,2237.0
pp_quantile_fixed,item_41_store_9,7299.877846924626,5957.5624301205335,1342.3154168040933,0.0,0.858852216950148,0.8205128205128205,0.1794871794871795,76.37900551436582,1902.0
pp_quantile_fixed,item_42_store_1,10266.533727812737,8403.408376158448,1863.1253516542888,0.0,0.860960794652665,0.7948717948717948,0.20512820512820512,107.7360048225442,2680.0
pp_quantile_fixed,item_42_store_10,12650.664640710253,9955.589663362462,2695.07497734779,0.0,0.835565895219781,0.782051282051282,0.21794871794871795,127.63576491490335,3278.0
pp_quantile_fixed,item_42_store_2,13458.02461290463,9942.358438775711,3515.666174128919,0.0,0.8177939272283535,0.7435897435897436,0.2564102564102564,127.46613383045784,3859.0
pp_quantile_fixed,item_42_store_3,12541.996776249283,9758.788781747333,2783.20799450195,0.0,0.8383265759801365,0.7564102564102564,0.24358974358974358,125.11267668906837,3443.0
pp_quantile_fixed,item_42_store_4,12161.573119932924,9814.56945760092,2347.003662332004,0.0,0.8503186439839283,0.8076923076923077,0.19230769230769232,125.82781355898614,3136.0
pp_quantile_fixed,item_42_store_5,9239.931550757896,7597.048151674799,1642.883399083097,0.0,0.8551887704642489,0.7948717948717948,0.20512820512820512,97.39805322659998,2269.0
pp_quantile_fixed,item_42_store_6,8787.83562632942,7283.183628386182,1504.651997943239,0.0,0.8653555259111195,0.7948717948717948,0.20512820512820512,93.37414908187414,2235.0
pp_quantile_fixed,item_42_store_7,8461.632613574962,6905.540903610021,1556.0917099649407,0.0,0.8564491042467768,0.8076923076923077,0.19230769230769232,88.53257568730795,2168.0
pp_quantile_fixed,item_42_store_8,13202.245173073079,10154.724864383455,3047.5203086896245,0.0,0.8367691318323716,0.782051282051282,0.21794871794871795,130.1887803126084,3734.0
pp_quantile_fixed,item_42_store_9,11175.182634579243,8996.423692997,2178.758941582243,0.0,0.8597967219059047,0.782051282051282,0.21794871794871795,115.33876529483332,3108.0
pp_quantile_fixed,item_43_store_1,14383.952946780631,11456.676650409772,2927.27629637086,0.0,0.8449946361466318,0.7948717948717948,0.20512820512820512,146.88046987704837,3777.0
pp_quantile_fixed,item_43_store_10,17093.873187216188,13242.834055860641,3851.039131355547,0.0,0.8397070080601229,0.7564102564102564,0.24358974358974358,169.77992379308515,4805.0
pp_quantile_fixed,item_43_store_2,20844.149446062947,16729.887801151974,4114.2616449109755,0.0,0.8512021104914657,0.782051282051282,0.21794871794871795,214.48574104040992,5530.0
pp_quantile_fixed,item_43_store_3,17599.033083157425,13353.780430337756,4245.252652819669,0.0,0.8222628154565768,0.7692307692307693,0.23076923076923078,171.20231320945842,4777.0
pp_quantile_fixed,item_43_store_4,16956.206363176894,13228.716045503505,3727.490317673391,0.0,0.8345910664444912,0.7564102564102564,0.24358974358974358,169.59892366030135,4507.0
pp_quantile_fixed,item_43_store_5,11966.228192141318,9350.55057269741,2615.6776194439085,0.0,0.8378879690459307,0.7948717948717948,0.20512820512820512,119.87885349612064,3227.0
pp_quantile_fixed,item_43_store_6,12149.708383574769,9813.217726139494,2336.4906574352763,0.0,0.8560831131853848,0.7948717948717948,0.20512820512820512,125.81048366845505,3247.0
pp_quantile_fixed,item_43_store_7,10762.608743752004,8410.206821438285,2352.4019223137175,0.0,0.8383784319949353,0.7692307692307693,0.23076923076923078,107.82316437741392,2911.0
pp_quantile_fixed,item_43_store_8,19556.033031141036,15083.302982911522,4472.730048229516,0.0,0.8269067318796626,0.7564102564102564,0.24358974358974358,193.37567926809643,5168.0
pp_quantile_fixed,item_43_store_9,16069.727529708689,12258.523671060128,3811.2038586485623,0.0,0.8246916348367725,0.782051282051282,0.21794871794871795,157.16055988538625,4348.0
pp_quantile_fixed,item_44_store_1,9101.9501311421,7508.425667151485,1593.5244639906157,0.0,0.8581642666675019,0.8076923076923077,0.19230769230769232,96.26186752758314,2247.0
pp_quantile_fixed,item_44_store_10,9642.65159461181,7954.632223502124,1688.0193711096865,0.0,0.8753309179387234,0.782051282051282,0.21794871794871795,101.9824644038734,2708.0
pp_quantile_fixed,item_44_store_2,11513.635337659154,8998.38951341896,2515.2458242401926,0.0,0.8370427065604022,0.7692307692307693,0.23076923076923078,115.3639681207559,3087.0
pp_quantile_fixed,item_44_store_3,10116.386170766265,8106.277633570968,2010.1085371952981,0.0,0.8529009486135896,0.7692307692307693,0.23076923076923078,103.92663632783292,2733.0
pp_quantile_fixed,item_44_store_4,10067.436459822198,7888.614205000047,2178.8222548221515,0.0,0.8277610865753241,0.782051282051282,0.21794871794871795,101.13607955128266,2530.0
pp_quantile_fixed,item_44_store_5,7276.975400218895,6250.601839678469,1026.3735605404258,0.0,0.8833666408476789,0.8205128205128205,0.1794871794871795,80.13592102151884,1760.0
pp_quantile_fixed,item_44_store_6,6988.26614201327,5953.167342688797,1035.098799324473,0.0,0.8886990538360783,0.8461538461538461,0.15384615384615385,76.32265823959996,1860.0
pp_quantile_fixed,item_44_store_7,6821.287020879465,5613.478490774506,1207.8085301049587,0.0,0.8526164087730375,0.782051282051282,0.21794871794871795,71.96767295864751,1639.0
pp_quantile_fixed,item_44_store_8,10786.706045117142,8335.549943560998,2451.156101556144,0.0,0.8358783996279782,0.7564102564102564,0.24358974358974358,106.8660249174487,2987.0
pp_quantile_fixed,item_44_store_9,9253.529449701613,7558.814408717305,1694.7150409843075,0.0,0.8628871326064477,0.8076923076923077,0.19230769230769232,96.90787703483724,2472.0
pp_quantile_fixed,item_45_store_1,21822.765410534354,16951.190052852216,4871.575357682137,0.0,0.8355031113394517,0.7948717948717948,0.20512820512820512,217.32294939554123,5923.0
pp_quantile_fixed,item_45_store_10,26415.980578930015,19764.882137281857,6651.09844164816,0.0,0.8207734184411706,0.7692307692307693,0.23076923076923078,253.39592483694688,7422.0
pp_quantile_fixed,item_45_store_2,31066.98635262677,23101.547646319115,7965.438706307655,0.0,0.8142604941982592,0.7435897435897436,0.2564102564102564,296.173687773322,8577.0
pp_quantile_fixed,item_45_store_3,26011.59139440234,20073.026619224765,5938.564775177575,0.0,0.8401247873151817,0.7692307692307693,0.23076923076923078,257.3464951182662,7429.0
pp_quantile_fixed,item_45_store_4,24795.46677125701,19423.0811418773,5372.38562937971,0.0,0.8457319273688525,0.782051282051282,0.21794871794871795,249.01386079329873,6965.0
pp_quantile_fixed,item_45_store_5,18233.22337622181,14329.06533517621,3904.1580410456004,0.0,0.8469557804372558,0.7564102564102564,0.24358974358974358,183.70596583559245,5102.0
pp_quantile_fixed,item_45_store_6,19187.307622934823,15119.952550014343,4067.355072920479,0.0,0.835429695613171,0.7564102564102564,0.24358974358974358,193.8455455130044,4943.0
pp_quantile_fixed,item_45_store_7,16531.37854388168,13048.437233929824,3482.9413099518574,0.0,0.8476736798621537,0.782051282051282,0.21794871794871795,167.28765684525416,4573.0
pp_quantile_fixed,item_45_store_8,28715.914882221754,22154.59246468953,6561.322417532227,0.0,0.8336167765301834,0.7692307692307693,0.23076923076923078,284.03323672678886,7887.0
pp_quantile_fixed,item_45_store_9,25562.47245496741,19162.23639389272,6400.236061074691,0.0,0.817501110320083,0.7564102564102564,0.24358974358974358,245.66969735759898,7014.0
pp_quantile_fixed,item_46_store_1,15845.326663805194,12444.877649578522,3400.4490142266704,0.0,0.8448346331632822,0.7564102564102564,0.24358974358974358,159.5497134561349,4383.0
pp_quantile_fixed,item_46_store_10,19283.894560308174,15149.720827413701,4134.173732894475,0.0,0.845364737875651,0.7564102564102564,0.24358974358974358,194.22719009504746,5347.0
pp_quantile_fixed,item_46_store_2,22488.113946321853,17952.46170711526,4535.652239206593,0.0,0.8540182736013328,0.7948717948717948,0.20512820512820512,230.15976547583668,6214.0
pp_quantile_fixed,item_46_store_3,20700.093407186367,16352.292216501912,4347.801190684455,0.0,0.84323774325998,0.7948717948717948,0.20512820512820512,209.64477200643478,5547.0
pp_quantile_fixed,item_46_store_4,17867.149402691102,13660.798723692873,4206.350678998231,0.0,0.8324830474313728,0.7564102564102564,0.24358974358974358,175.13844517554966,5022.0
pp_quantile_fixed,item_46_store_5,13757.687258051332,10808.192160700877,2949.495097350455,0.0,0.8380288249670261,0.7948717948717948,0.20512820512820512,138.56656616283175,3642.0
pp_quantile_fixed,item_46_store_6,13189.193157637517,10224.873122758212,2964.3200348793057,0.0,0.8377048981724988,0.782051282051282,0.21794871794871795,131.0881169584386,3653.0
pp_quantile_fixed,item_46_store_7,12475.464433583755,9834.006276111797,2641.4581574719587,0.0,0.845257284272293,0.7948717948717948,0.20512820512820512,126.07700353989483,3414.0
pp_quantile_fixed,item_46_store_8,21240.208395356916,16553.782625210035,4686.42577014688,0.0,0.8434988889581941,0.7692307692307693,0.23076923076923078,212.22798237448762,5989.0
pp_quantile_fixed,item_46_store_9,18467.214082818435,14280.385482202486,4186.828600615947,0.0,0.8343490167906648,0.7564102564102564,0.24358974358974358,183.08186515644212,5055.0
pp_quantile_fixed,item_47_store_1,6434.468840181261,5504.099585346391,930.3692548348698,0.0,0.886332406251085,0.8333333333333334,0.16666666666666666,70.56537929931271,1637.0
pp_quantile_fixed,item_47_store_10,7784.279024834396,6416.232162269535,1368.0468625648607,0.0,0.8652834207223181,0.8333333333333334,0.16666666666666666,82.25938669576327,2031.0
pp_quantile_fixed,item_47_store_2,8715.223692390275,6936.326101094322,1778.897591295953,0.0,0.8443659150222265,0.7948717948717948,0.20512820512820512,88.92725770633747,2286.0
pp_quantile_fixed,item_47_store_3,7978.581456061389,6405.8156718733835,1572.7657841880057,0.0,0.8478214045294624,0.8205128205128205,0.1794871794871795,82.12584194709466,2067.0
pp_quantile_fixed,item_47_store_4,7430.193506177278,6039.164285310191,1391.0292208670874,0.0,0.8534987655748196,0.7948717948717948,0.20512820512820512,77.42518314500245,1899.0
pp_quantile_fixed,item_47_store_5,6163.464480012295,5080.966720925313,1082.497759086982,0.0,0.8462361137660537,0.8076923076923077,0.19230769230769232,65.14059898622196,1408.0
pp_quantile_fixed,item_47_store_6,5453.148699348214,4501.601600584717,951.5470987634968,0.0,0.854280689316463,0.8205128205128205,0.1794871794871795,57.712841033137394,1306.0
pp_quantile_fixed,item_47_store_7,5524.659910835161,4893.554541589184,631.1053692459773,0.0,0.9002204949808732,0.8717948717948718,0.1282051282051282,62.73787873832287,1265.0
pp_quantile_fixed,item_47_store_8,8637.558056805488,7200.324026492497,1437.2340303129909,0.0,0.8701098933291468,0.8076923076923077,0.19230769230769232,92.31184649349355,2213.0
pp_quantile_fixed,item_47_store_9,7362.17815124851,6178.210083136026,1183.968068112485,0.0,0.876089160846417,0.8205128205128205,0.1794871794871795,79.207821578667,1911.0
pp_quantile_fixed,item_48_store_1,14530.952488541168,11335.186753175349,3195.765735365819,0.0,0.8305532483899354,0.782051282051282,0.21794871794871795,145.32290709199165,3772.0
pp_quantile_fixed,item_48_store_10,16852.951830788075,13228.747037523935,3624.20479326414,0.0,0.846821437309208,0.7564102564102564,0.24358974358974358,169.5993209938966,4732.0
pp_quantile_fixed,item_48_store_2,19198.55367013246,14787.697365871507,4410.856304260955,0.0,0.8387844918033275,0.7692307692307693,0.23076923076923078,189.58586366501933,5472.0
pp_quantile_fixed,item_48_store_3,17718.38469338287,13689.019926444484,4029.364766938389,0.0,0.8335660980198931,0.7564102564102564,0.24358974358974358,175.50025546723697,4842.0
pp_quantile_fixed,item_48_store_4,16445.395283979764,12805.342691478427,3640.052592501339,0.0,0.8339392065464718,0.7564102564102564,0.24358974358974358,164.17106014715932,4384.0
pp_quantile_fixed,item_48_store_5,11428.16714959473,8579.691277495895,2848.4758720988348,0.0,0.827103133711755,0.7435897435897436,0.2564102564102564,109.99604201917813,3295.0
pp_quantile_fixed,item_48_store_6,12068.86109376837,9255.631359646568,2813.229734121802,0.0,0.8276735231778376,0.7564102564102564,0.24358974358974358,118.66194050828933,3265.0
pp_quantile_fixed,item_48_store_7,10635.969465083625,8292.605158018787,2343.3643070648386,0.0,0.8446044889214299,0.7692307692307693,0.23076923076923078,106.3154507438306,3016.0
pp_quantile_fixed,item_48_store_8,19449.6033558452,15066.998379327719,4382.60497651748,0.0,0.830950627713887,0.782051282051282,0.21794871794871795,193.1666458888169,5185.0
pp_quantile_fixed,item_48_store_9,15184.762510307877,11612.825199875966,3571.937310431911,0.0,0.8396076645517778,0.7435897435897436,0.2564102564102564,148.88237435738418,4454.0
pp_quantile_fixed,item_49_store_1,9189.23750951915,7457.243776587531,1731.9937329316188,0.0,0.8441751027501917,0.8076923076923077,0.19230769230769232,95.60568944342988,2223.0
pp_quantile_fixed,item_49_store_10,9351.591407135662,7819.376886826291,1532.214520309371,0.0,0.8803891865488391,0.7948717948717948,0.20512820512820512,100.2484216259781,2562.0
pp_quantile_fixed,item_49_store_2,11866.040031700699,9232.408902555644,2633.631129145055,0.0,0.8294280356771339,0.7692307692307693,0.23076923076923078,118.36421669943134,3088.0
pp_quantile_fixed,item_49_store_3,9847.400253430686,7830.68917509203,2016.7110783386543,0.0,0.8473922755702873,0.782051282051282,0.21794871794871795,100.39345096271833,2643.0
pp_quantile_fixed,item_49_store_4,9865.50064955679,8089.604180254895,1775.896469301895,0.0,0.8559110369734771,0.782051282051282,0.21794871794871795,103.71287410583199,2465.0
pp_quantile_fixed,item_49_store_5,7531.458175087189,6581.529266754011,949.9289083331782,0.0,0.8968589676076896,0.8333333333333334,0.16666666666666666,84.37858034300014,1842.0
pp_quantile_fixed,item_49_store_6,7359.37597662019,6276.665529352106,1082.7104472680842,0.0,0.8782102983950412,0.7948717948717948,0.20512820512820512,80.47007088912957,1778.0
pp_quantile_fixed,item_49_store_7,7011.318445454992,5884.467699234033,1126.850746220959,0.0,0.8623273370530288,0.8205128205128205,0.1794871794871795,75.4418935799235,1637.0
pp_quantile_fixed,item_49_store_8,10857.41323209677,8675.846055940807,2181.5671761559624,0.0,0.8494432590644609,0.782051282051282,0.21794871794871795,111.2287955889847,2898.0
pp_quantile_fixed,item_49_store_9,10004.907315111699,8154.681846679007,1850.225468432691,0.0,0.8532731587285732,0.7948717948717948,0.20512820512820512,104.54720316255137,2522.0
pp_quantile_fixed,item_4_store_1,6327.520021385836,5477.536557155031,849.9834642308048,0.0,0.8930838409772573,0.8333333333333334,0.16666666666666666,70.22482765583374,1590.0
pp_quantile_fixed,item_4_store_10,7706.341690476351,6510.50006289687,1195.8416275794812,0.0,0.8802961333754273,0.8333333333333334,0.16666666666666666,83.46794952431885,1998.0
pp_quantile_fixed,item_4_store_2,9005.766681642817,6960.420721666114,2045.3459599767032,0.0,0.8251093663978878,0.7692307692307693,0.23076923076923078,89.23616309828351,2339.0
pp_quantile_fixed,item_4_store_3,7577.340856637462,6029.574355246587,1547.7665013908743,0.0,0.8465278630251983,0.782051282051282,0.21794871794871795,77.3022353236742,2017.0
pp_quantile_fixed,item_4_store_4,7716.292063027053,6151.771229956202,1564.5208330708515,0.0,0.8387922892250539,0.8205128205128205,0.1794871794871795,78.8688619225154,1941.0
pp_quantile_fixed,item_4_store_5,5694.278248801882,4796.818293704744,897.4599550971377,0.0,0.870776104377662,0.8333333333333334,0.16666666666666666,61.4976704321121,1389.0
pp_quantile_fixed,item_4_store_6,6289.677919592914,5164.64898785873,1125.0289317341837,0.0,0.8364783529456129,0.8076923076923077,0.19230769230769232,66.2134485622914,1376.0
pp_quantile_fixed,item_4_store_7,5335.5161223812665,4769.365309087714,566.1508132935519,0.0,0.9085378330705085,0.8461538461538461,0.15384615384615385,61.14570909086813,1238.0
pp_quantile_fixed,item_4_store_8,8684.477860644409,7429.647730170535,1254.8301304738743,0.0,0.8831085113671286,0.8205128205128205,0.1794871794871795,95.25189397654533,2147.0
pp_quantile_fixed,item_4_store_9,7581.723588347208,6262.585302402349,1319.1382859448581,0.0,0.8641464175134028,0.8076923076923077,0.19230769230769232,80.28955515900448,1942.0
pp_quantile_fixed,item_50_store_1,17016.257683922748,13392.756488764164,3623.501195158583,0.0,0.8502066475750896,0.782051282051282,0.21794871794871795,171.70200626620723,4838.0
pp_quantile_fixed,item_50_store_10,23031.572522139322,18416.508343062687,4615.064179076633,0.0,0.845080087979972,0.782051282051282,0.21794871794871795,236.1090813213165,5958.0
pp_quantile_fixed,item_50_store_2,24460.341149430125,19427.882068912084,5032.459080518042,0.0,0.8553267477212003,0.7692307692307693,0.23076923076923078,249.0754111398985,6957.0
pp_quantile_fixed,item_50_store_3,22270.9636469954,17233.136188470682,5037.8274585247145,0.0,0.835606870336932,0.782051282051282,0.21794871794871795,220.9376434419318,6129.0
pp_quantile_fixed,item_50_store_4,20874.82864089738,15950.241620010138,4924.58702088724,0.0,0.8220564762100365,0.7564102564102564,0.24358974358974358,204.49027717961715,5535.0
pp_quantile_fixed,item_50_store_5,14817.086092377052,11430.361437086009,3386.7246552910433,0.0,0.8351156448251684,0.7692307692307693,0.23076923076923078,146.54309534725652,4108.0
pp_quantile_fixed,item_50_store_6,14572.20285504365,11229.38584846276,3342.8170065808895,0.0,0.8340621987301619,0.782051282051282,0.21794871794871795,143.96648523670206,4029.0
pp_quantile_fixed,item_50_store_7,12992.883005025295,10119.740160751653,2873.1428442736415,0.0,0.8465201472076045,0.7435897435897436,0.2564102564102564,129.74025847117505,3744.0
pp_quantile_fixed,item_50_store_8,23919.016303130546,19098.579405505592,4820.436897624953,0.0,0.8521111551580011,0.7692307692307693,0.23076923076923078,244.85358212186657,6519.0
pp_quantile_fixed,item_50_store_9,20759.060462272308,16603.28601095662,4155.774451315688,0.0,0.8513671512404974,0.7948717948717948,0.20512820512820512,212.86264116611054,5592.0
pp_quantile_fixed,item_5_store_1,5768.489927473027,5089.78269109117,678.7072363818567,0.0,0.8981684566568858,0.8589743589743589,0.14102564102564102,65.25362424475858,1333.0
pp_quantile_fixed,item_5_store_10,6507.7950907926515,5294.513233791156,1213.2818570014952,0.0,0.8557334296074323,0.8076923076923077,0.19230769230769232,67.87837479219431,1682.0
pp_quantile_fixed,item_5_store_2,7201.013861480421,5815.023271792449,1385.9905896879718,0.0,0.8568191539578541,0.7948717948717948,0.20512820512820512,74.5515804075955,1936.0
pp_quantile_fixed,item_5_store_3,6475.306047267277,5058.284528448777,1417.0215188185,0.0,0.8397034480974549,0.7692307692307693,0.23076923076923078,64.84980164677918,1768.0
pp_quantile_fixed,item_5_store_4,6214.142326796506,5193.88733160892,1020.2549951875852,0.0,0.8663713169367929,0.8205128205128205,0.1794871794871795,66.58829912319129,1527.0
pp_quantile_fixed,item_5_store_5,4985.5502420553175,4305.244256883058,680.3059851722592,0.0,0.8841046021853053,0.8333333333333334,0.16666666666666666,55.19543919080844,1174.0
pp_quantile_fixed,item_5_store_6,4726.752595381641,4022.6922158492657,704.0603795323751,0.0,0.8800578569791525,0.8205128205128205,0.1794871794871795,51.57297712627264,1174.0
pp_quantile_fixed,item_5_store_7,4360.980745105524,3672.2099706820622,688.7707744234616,0.0,0.8699205336310744,0.8205128205128205,0.1794871794871795,47.07961500874439,1059.0
pp_quantile_fixed,item_5_store_8,7951.416202886045,6591.924844624402,1359.4913582616425,0.0,0.8613471332726523,0.8076923076923077,0.19230769230769232,84.51185698236412,1961.0
pp_quantile_fixed,item_5_store_9,6547.12376712647,5455.68348437197,1091.4402827545,0.0,0.8589870435717701,0.8076923076923077,0.19230769230769232,69.94466005605089,1548.0
pp_quantile_fixed,item_6_store_1,15392.8350281139,11580.715088707324,3812.119939406576,0.0,0.8270755300790847,0.7564102564102564,0.24358974358974358,148.47070626547853,4409.0
pp_quantile_fixed,item_6_store_10,18656.575176558035,14129.458588632411,4527.116587925625,0.0,0.8317369787056077,0.7307692307692307,0.2692307692307692,181.14690498246682,5381.0
pp_quantile_fixed,item_6_store_2,22361.137232541812,17941.685997585097,4419.451234956718,0.0,0.8539024385138275,0.7948717948717948,0.20512820512820512,230.02161535365508,6050.0
pp_quantile_fixed,item_6_store_3,21482.47624103427,17104.300814585848,4378.1754264484225,0.0,0.8381749980983767,0.7948717948717948,0.20512820512820512,219.28590787930574,5411.0
pp_quantile_fixed,item_6_store_4,17759.485322908156,13714.330537199854,4045.1547857083024,0.0,0.8350263137965619,0.7435897435897436,0.2564102564102564,175.8247504769212,4904.0
pp_quantile_fixed,item_6_store_5,13053.113567704939,10262.834127663164,2790.279440041775,0.0,0.8466036591510843,0.7692307692307693,0.23076923076923078,131.5747965085021,3638.0
pp_quantile_fixed,item_6_store_6,13016.78501631246,9774.365792650719,3242.4192236617414,0.0,0.824876088379058,0.7307692307692307,0.2692307692307692,125.3123819570605,3703.0
pp_quantile_fixed,item_6_store_7,11759.977197343598,9127.648860310885,2632.3283370327135,0.0,0.84171206632395,0.7435897435897436,0.2564102564102564,117.02113923475493,3326.0
pp_quantile_fixed,item_6_store_8,22758.723494482343,18070.841149466163,4687.882345016182,0.0,0.8396757063947956,0.7948717948717948,0.20512820512820512,231.67745063418158,5848.0
pp_quantile_fixed,item_6_store_9,18723.682150605528,14609.081994056269,4114.600156549259,0.0,0.8375281280730796,0.7564102564102564,0.24358974358974358,187.2959230007214,5065.0
pp_quantile_fixed,item_7_store_1,15303.474481528034,11930.92275486759,3372.551726660444,0.0,0.8435736675945991,0.7564102564102564,0.24358974358974358,152.96054813932807,4312.0
pp_quantile_fixed,item_7_store_10,19491.657745295368,15433.461171179326,4058.196574116043,0.0,0.8461347270477331,0.7948717948717948,0.20512820512820512,197.86488680999136,5275.0
pp_quantile_fixed,item_7_store_2,22761.07852422539,17872.504634106263,4888.573890119131,0.0,0.8403209573699452,0.782051282051282,0.21794871794871795,229.13467479623412,6123.0
pp_quantile_fixed,item_7_store_3,20357.022567448643,15783.228272947252,4573.794294501391,0.0,0.8333165344569463,0.7564102564102564,0.24358974358974358,202.34908042240068,5488.0
pp_quantile_fixed,item_7_store_4,18196.946565853188,14255.785655639022,3941.160910214167,0.0,0.8426053949594982,0.7692307692307693,0.23076923076923078,182.76648276460284,5008.0
pp_quantile_fixed,item_7_store_5,13877.877394549068,11069.86632824783,2808.011066301239,0.0,0.8474321615701581,0.782051282051282,0.21794871794871795,141.9213631826645,3681.0
pp_quantile_fixed,item_7_store_6,13328.093302125904,10410.409991287339,2917.6833108385645,0.0,0.836223221395534,0.7564102564102564,0.24358974358974358,133.46679476009407,3563.0
pp_quantile_fixed,item_7_store_7,11964.992979872568,9242.312009539017,2722.680970333551,0.0,0.8395118791433216,0.7692307692307693,0.23076923076923078,118.49117960947457,3393.0
pp_quantile_fixed,item_7_store_8,21657.517892089105,17072.448311884244,4585.069580204863,0.0,0.8474947753133255,0.7564102564102564,0.24358974358974358,218.8775424600544,6013.0
pp_quantile_fixed,item_7_store_9,17867.776594760646,13637.13443506854,4230.642159692108,0.0,0.831010898354619,0.7564102564102564,0.24358974358974358,174.83505685985307,5007.0
pp_quantile_fixed,item_8_store_1,21682.76467769474,17093.526468447926,4589.238209246813,0.0,0.8402075832434953,0.7948717948717948,0.20512820512820512,219.14777523651188,5744.0
pp_quantile_fixed,item_8_store_10,25460.058325225284,19642.537052066382,5817.5212731589,0.0,0.8357096505744451,0.782051282051282,0.21794871794871795,251.82739810341516,7082.0
pp_quantile_fixed,item_8_store_2,28998.151835377434,21922.73640335408,7075.415432023355,0.0,0.826242253634004,0.7564102564102564,0.24358974358974358,281.0607231199241,8144.0
pp_quantile_fixed,item_8_store_3,25732.940186890122,19720.047708625232,6012.892478264889,0.0,0.832112453489742,0.7564102564102564,0.24358974358974358,252.82112446955426,7163.0
pp_quantile_fixed,item_8_store_4,24706.426888561415,19197.264870373176,5509.162018188239,0.0,0.8365961139496295,0.7692307692307693,0.23076923076923078,246.1187803893997,6743.0
pp_quantile_fixed,item_8_store_5,17716.88851664622,13963.582311589407,3753.3062050568124,0.0,0.8421986039496822,0.7692307692307693,0.23076923076923078,179.02028604601804,4757.0
pp_quantile_fixed,item_8_store_6,17691.220789533058,13988.13790782994,3703.0828817031165,0.0,0.8463451086430243,0.7692307692307693,0.23076923076923078,179.3351013824351,4820.0
pp_quantile_fixed,item_8_store_7,15104.484918263657,11762.081687424037,3342.403230839621,0.0,0.8454737295034851,0.7692307692307693,0.23076923076923078,150.79591906953894,4326.0
pp_quantile_fixed,item_8_store_8,28003.731390455487,20967.592302256504,7036.139088198983,0.0,0.8230124741994972,0.717948717948718,0.28205128205128205,268.81528592636545,7951.0
pp_quantile_fixed,item_8_store_9,23893.83117616696,18654.181482560518,5239.649693606444,0.0,0.8438721783788307,0.782051282051282,0.21794871794871795,239.15617285333997,6712.0
pp_quantile_fixed,item_9_store_1,13675.603923297725,10828.699769468229,2846.904153829497,0.0,0.8451085879309306,0.7564102564102564,0.24358974358974358,138.82948422395165,3676.0
pp_quantile_fixed,item_9_store_10,16695.070168617738,12986.6956862487,3708.3744823690363,0.0,0.8404313906037421,0.7692307692307693,0.23076923076923078,166.49609854165,4648.0
pp_quantile_fixed,item_9_store_2,19252.128047575698,15031.063980783194,4221.0640667925045,0.0,0.8414623824678871,0.782051282051282,0.21794871794871795,192.7059484715794,5325.0
pp_quantile_fixed,item_9_store_3,16839.463183121457,12876.06961432996,3963.3935687914973,0.0,0.830768848471755,0.7564102564102564,0.24358974358974358,165.07781556833282,4684.0
pp_quantile_fixed,item_9_store_4,16556.867129283884,12821.34017102425,3735.526958259634,0.0,0.8308568277899192,0.782051282051282,0.21794871794871795,164.37615603877245,4417.0
pp_quantile_fixed,item_9_store_5,11823.046610505276,9621.3078690182,2201.7387414870773,0.0,0.8615258653152781,0.782051282051282,0.21794871794871795,123.35010088484871,3180.0
pp_quantile_fixed,item_9_store_6,12161.895754768404,9646.142184689852,2515.753570078551,0.0,0.8398119344107894,0.782051282051282,0.21794871794871795,123.6684895473058,3141.0
pp_quantile_fixed,item_9_store_7,11149.766657910046,9008.22327140776,2141.543386502286,0.0,0.8558853710294559,0.7948717948717948,0.20512820512820512,115.49004194112513,2972.0
pp_quantile_fixed,item_9_store_8,18647.509990541406,14444.585382096648,4202.924608444759,0.0,0.8389375509314135,0.7435897435897436,0.2564102564102564,185.18699207816215,5219.0
pp_quantile_fixed,item_9_store_9,16337.40841422187,12617.955339971893,3719.4530742499783,0.0,0.8310875079813816,0.7692307692307693,0.23076923076923078,161.76865820476786,4404.0
pp_quantile_calibrated,item_10_store_1,20148.12172529864,15537.964292196055,4610.157433102586,0.0,0.8318074632213577,0.7564102564102564,0.24358974358974358,199.20467041276993,5482.0
pp_quantile_calibrated,item_10_store_10,23833.2434558398,18713.98199175951,5119.261464080293,0.0,0.8455262080844811,0.782051282051282,0.21794871794871795,239.92284604819883,6628.0
pp_quantile_calibrated,item_10_store_2,26553.48309702713,20131.874116969633,6421.608980057497,0.0,0.8337232268239902,0.7435897435897436,0.2564102564102564,258.1009502175594,7724.0
pp_quantile_calibrated,item_10_store_3,25077.59057379164,19313.59594048324,5763.994633308402,0.0,0.8333142095630884,0.7435897435897436,0.2564102564102564,247.61020436516972,6916.0
pp_quantile_calibrated,item_10_store_4,22830.854430036983,16735.582596593675,6095.2718334433075,0.0,0.8084753548014671,0.7692307692307693,0.23076923076923078,214.55875123838044,6365.0
pp_quantile_calibrated,item_10_store_5,16525.663335599136,12686.693724081884,3838.9696115172533,0.0,0.8333057051012916,0.7692307692307693,0.23076923076923078,162.64991953951133,4606.0
pp_quantile_calibrated,item_10_store_6,15355.851370360127,11368.284722024442,3987.5666483356863,0.0,0.824837836664367,0.7307692307692307,0.2692307692307692,145.7472400259544,4553.0
pp_quantile_calibrated,item_10_store_7,14606.111241240671,11519.195297581451,3086.9159436592195,0.0,0.849675386235246,0.7948717948717948,0.20512820512820512,147.681990994634,4107.0
pp_quantile_calibrated,item_10_store_8,25635.321831438854,19285.36129207603,6349.9605393628235,0.0,0.8294167753025434,0.7307692307692307,0.2692307692307692,247.24822169328246,7445.0
pp_quantile_calibrated,item_10_store_9,23294.963044512282,18058.646606005186,5236.316438507096,0.0,0.83674773379557,0.782051282051282,0.21794871794871795,231.52111033339983,6415.0
pp_quantile_calibrated,item_11_store_1,18639.45174494884,14655.110723193571,3984.341021755272,0.0,0.8470502486850183,0.7564102564102564,0.24358974358974358,187.8860349127381,5210.0
pp_quantile_calibrated,item_11_store_10,23702.285164241654,17783.42196692415,5918.863197317504,0.0,0.81993114702411,0.7692307692307693,0.23076923076923078,227.9925893195404,6574.0
pp_quantile_calibrated,item_11_store_2,26581.405907878638,20077.9132003554,6503.492707523238,0.0,0.8243960386789999,0.7564102564102564,0.24358974358974358,257.4091435943,7407.0
pp_quantile_calibrated,item_11_store_3,23704.003976990687,19008.108772929278,4695.895204061411,0.0,0.8556885309139088,0.8076923076923077,0.19230769230769232,243.69370221704202,6508.0
pp_quantile_calibrated,item_11_store_4,21385.984219003436,15592.69211321083,5793.292105792606,0.0,0.8099936993836471,0.7435897435897436,0.2564102564102564,199.90630914372858,6098.0
pp_quantile_calibrated,item_11_store_5,15048.763274381789,11463.49625433376,3585.267020048029,0.0,0.8347041484532952,0.7435897435897436,0.2564102564102564,146.96790069658667,4338.0
pp_quantile_calibrated,item_11_store_6,15506.090328351012,11893.233510377151,3612.856817973862,0.0,0.8319601480012156,0.7692307692307693,0.23076923076923078,152.47735269714298,4300.0
pp_quantile_calibrated,item_11_store_7,13596.157885844605,10248.62579716157,3347.532088683034,0.0,0.8325815409510862,0.7692307692307693,0.23076923076923078,131.39263842514833,3999.0
pp_quantile_calibrated,item_11_store_8,24352.00755009045,17930.00815006806,6421.999400022388,0.0,0.8199102804256201,0.7307692307692307,0.2692307692307692,229.87189935984694,7132.0
pp_quantile_calibrated,item_11_store_9,20793.553722276083,15125.324869054188,5668.228853221897,0.0,0.8146123024293737,0.7307692307692307,0.2692307692307692,193.9144213981306,6115.0
pp_quantile_calibrated,item_12_store_1,19071.75193542891,14614.071056640185,4457.680878788728,0.0,0.8292730417928482,0.7564102564102564,0.24358974358974358,187.35988534154083,5222.0
pp_quantile_calibrated,item_12_store_10,23014.3766849915,17825.501263605194,5188.875421386307,0.0,0.840415948904004,0.782051282051282,0.21794871794871795,228.53206748211787,6503.0
pp_quantile_calibrated,item_12_store_2,25673.562634644702,19200.564750482838,6472.997884161864,0.0,0.8227061658679303,0.7564102564102564,0.24358974358974358,246.16108654465177,7302.0
pp_quantile_calibrated,item_12_store_3,22207.411904614997,16680.575093191695,5526.836811423302,0.0,0.8293659521017814,0.7435897435897436,0.2564102564102564,213.85352683579097,6478.0
pp_quantile_calibrated,item_12_store_4,21378.026787554605,15625.602843673729,5752.4239438808745,0.0,0.8087942847305677,0.7435897435897436,0.2564102564102564,200.32824158556062,6017.0
pp_quantile_calibrated,item_12_store_5,15675.22200599508,12084.869367531828,3590.352638463251,0.0,0.8346221723416282,0.7692307692307693,0.23076923076923078,154.93422266066446,4342.0
pp_quantile_calibrated,item_12_store_6,15136.904298596144,11718.501649121125,3418.4026494750196,0.0,0.8416306393571916,0.7564102564102564,0.24358974358974358,150.237200629758,4317.0
pp_quantile_calibrated,item_12_store_7,14380.90370933643,10708.04563491802,3672.858074418409,0.0,0.8140325025610932,0.7435897435897436,0.2564102564102564,137.28263634510282,3950.0
pp_quantile_calibrated,item_12_store_8,24305.579949273593,18902.008361340675,5403.571587932918,0.0,0.841723152081637,0.782051282051282,0.21794871794871795,242.33344053000866,6828.0
pp_quantile_calibrated,item_12_store_9,22911.540453860795,18707.239519410465,4204.300934450331,0.0,0.8584648734404872,0.8076923076923077,0.19230769230769232,239.83640409500595,5941.0
pp_quantile_calibrated,item_13_store_1,22345.977676159448,17402.982359326325,4942.995316833121,0.0,0.8410867925789063,0.7948717948717948,0.20512820512820512,223.1151584529016,6221.0
pp_quantile_calibrated,item_13_store_10,28852.32846749891,22059.785096561678,6792.543370937234,0.0,0.8256981429064092,0.7692307692307693,0.23076923076923078,282.81775764822663,7794.0
pp_quantile_calibrated,item_13_store_2,30537.761982698885,23430.315145005672,7107.446837693213,0.0,0.8374883540026704,0.7564102564102564,0.24358974358974358,300.3886557052009,8747.0
pp_quantile_calibrated,item_13_store_3,27849.052330201055,20726.863868982677,7122.18846121838,0.0,0.8190500899080696,0.7435897435897436,0.2564102564102564,265.7290239613164,7872.0
pp_quantile_calibrated,item_13_store_4,25449.842602637662,19353.882103501826,6095.960499135835,0.0,0.828137566982356,0.7564102564102564,0.24358974358974358,248.1266936346388,7094.0
pp_quantile_calibrated,item_13_store_5,18297.96968549759,14191.000795670974,4106.968889826614,0.0,0.8440786298471292,0.7692307692307693,0.23076923076923078,181.93590763680737,5268.0
pp_quantile_calibrated,item_13_store_6,20053.768090981765,15706.36122982774,4347.406861154025,0.0,0.8375711989107408,0.7564102564102564,0.24358974358974358,201.36360551061205,5353.0
pp_quantile_calibrated,item_13_store_7,16639.32273636913,12461.173312611521,4178.149423757608,0.0,0.8228471730439852,0.7692307692307693,0.23076923076923078,159.75863221296822,4717.0
pp_quantile_calibrated,item_13_store_8,29465.425456815883,22450.782086785628,7014.643370030255,0.0,0.835857180998473,0.7564102564102564,0.24358974358974358,287.83053957417474,8547.0
pp_quantile_calibrated,item_13_store_9,27360.272210548137,20984.87449478823,6375.397715759906,0.0,0.8219659950918764,0.782051282051282,0.21794871794871795,269.036852497285,7162.0
pp_quantile_calibrated,item_14_store_1,15791.861788673323,12213.489522681333,3578.3722659919895,0.0,0.8365666925785801,0.7692307692307693,0.23076923076923078,156.58319900873505,4379.0
pp_quantile_calibrated,item_14_store_10,19218.43944451259,14432.921305884773,4785.518138627817,0.0,0.824029485617657,0.7564102564102564,0.24358974358974358,185.03745263954838,5439.0
pp_quantile_calibrated,item_14_store_2,22480.439084736012,17407.62320529095,5072.815879445063,0.0,0.836703174651696,0.7692307692307693,0.23076923076923078,223.1746564780891,6213.0
pp_quantile_calibrated,item_14_store_3,20534.827501411997,16012.76412180098,4522.063379611017,0.0,0.8359788400576345,0.7692307692307693,0.23076923076923078,205.29184771539718,5514.0
pp_quantile_calibrated,item_14_store_4,17477.153150929276,13297.587284392474,4179.565866536805,0.0,0.8342100013273779,0.7435897435897436,0.2564102564102564,170.48188826144198,5042.0
pp_quantile_calibrated,item_14_store_5,13343.099407560529,10177.426806041829,3165.6726015186996,0.0,0.8263957992038004,0.7435897435897436,0.2564102564102564,130.4798308466901,3647.0
pp_quantile_calibrated,item_14_store_6,13096.114005985906,9978.954728978988,3117.1592770069174,0.0,0.8304970485586233,0.7564102564102564,0.24358974358974358,127.93531703819215,3678.0
pp_quantile_calibrated,item_14_store_7,12120.99282221232,9076.06989738115,3044.9229248311694,0.0,0.8201994139456056,0.7435897435897436,0.2564102564102564,116.35987047924552,3387.0
pp_quantile_calibrated,item_14_store_8,21239.5440912648,15735.263702653661,5504.280388611141,0.0,0.816186996539952,0.7435897435897436,0.2564102564102564,201.7341500340213,5989.0
pp_quantile_calibrated,item_14_store_9,17209.396478068003,13142.84002905043,4066.556449017573,0.0,0.8389163616946892,0.7564102564102564,0.24358974358974358,168.49794909039014,5049.0
pp_quantile_calibrated,item_15_store_1,22466.3838860598,16709.359291623394,5757.024594436408,0.0,0.8257295415639048,0.7435897435897436,0.2564102564102564,214.22255502081273,6607.0
pp_quantile_calibrated,item_15_store_10,28284.34154547985,21447.047812677345,6837.293732802504,0.0,0.8314692202907936,0.7564102564102564,0.24358974358974358,274.96215144458137,8114.0
pp_quantile_calibrated,item_15_store_2,33664.94442982681,26627.56769076033,7037.376739066484,0.0,0.8460597891487152,0.7948717948717948,0.20512820512820512,341.37907295846577,9143.0
pp_quantile_calibrated,item_15_store_3,29837.616916054336,22510.647476866314,7326.969439188023,0.0,0.8246507253993532,0.7564102564102564,0.24358974358974358,288.59804457520914,8357.0
pp_quantile_calibrated,item_15_store_4,27341.88869519205,21006.611361306626,6335.277333885426,0.0,0.837139400157187,0.7564102564102564,0.24358974358974358,269.31553027316187,7780.0
pp_quantile_calibrated,item_15_store_5,19851.812504519185,15310.6253179251,4541.187186594085,0.0,0.8349559445177509,0.7692307692307693,0.23076923076923078,196.29006817852692,5503.0
pp_quantile_calibrated,item_15_store_6,20342.894044399105,16142.121521238794,4200.77252316031,0.0,0.8429324164082891,0.782051282051282,0.21794871794871795,206.95027591331788,5349.0
pp_quantile_calibrated,item_15_store_7,18312.99874356386,14321.092182278644,3991.906561285219,0.0,0.8387108460086781,0.7948717948717948,0.20512820512820512,183.60374592664928,4950.0
pp_quantile_calibrated,item_15_store_8,30382.458864696546,23814.526390543113,6567.932474153433,0.0,0.8525716616351643,0.7564102564102564,0.24358974358974358,305.3144409043989,8910.0
pp_quantile_calibrated,item_15_store_9,27331.477885444998,20745.102429134076,6586.375456310921,0.0,0.828925312823093,0.7564102564102564,0.24358974358974358,265.9628516555651,7700.0
pp_quantile_calibrated,item_16_store_1,7291.778587047396,5956.967562733138,1334.8110243142582,0.0,0.8581497317413116,0.8205128205128205,0.1794871794871795,76.3713790093992,1882.0
pp_quantile_calibrated,item_16_store_10,9196.5531119901,7569.375228231433,1627.1778837586678,0.0,0.8593623263821376,0.7948717948717948,0.20512820512820512,97.04327215681325,2314.0
pp_quantile_calibrated,item_16_store_2,10171.562443406972,8209.9364635685,1961.6259798384735,0.0,0.8545327415766798,0.7692307692307693,0.23076923076923078,105.25559568677564,2697.0
pp_quantile_calibrated,item_16_store_3,9335.839887493776,7741.98573956021,1593.8541479335654,0.0,0.8644681846995267,0.8076923076923077,0.19230769230769232,99.2562274302591,2352.0
pp_quantile_calibrated,item_16_store_4,8232.12362621326,6548.772676892526,1683.3509493207341,0.0,0.8468985039271729,0.7692307692307693,0.23076923076923078,83.9586240627247,2199.0
pp_quantile_calibrated,item_16_store_5,6067.86828889268,5055.168545845387,1012.6997430472929,0.0,0.8722145434640639,0.8076923076923077,0.19230769230769232,64.80985315186393,1585.0
pp_quantile_calibrated,item_16_store_6,5740.209165923694,4662.930688285808,1077.2784776378858,0.0,0.8631158224094174,0.8076923076923077,0.19230769230769232,59.78116267033087,1574.0
pp_quantile_calibrated,item_16_store_7,5797.121103233101,4854.158508735356,942.9625944977448,0.0,0.8672818304718164,0.8205128205128205,0.1794871794871795,62.23280139404302,1421.0
pp_quantile_calibrated,item_16_store_8,9702.515415498921,7651.068542114392,2051.4468733845306,0.0,0.8434607498371209,0.7692307692307693,0.23076923076923078,98.09062233479989,2621.0
pp_quantile_calibrated,item_16_store_9,8221.559249054226,6439.636768777567,1781.9224802766585,0.0,0.8376380427993932,0.782051282051282,0.21794871794871795,82.55944575355855,2195.0
pp_quantile_calibrated,item_17_store_1,8719.591871798726,7212.143029683174,1507.448842115553,0.0,0.874064424217581,0.8076923076923077,0.19230769230769232,92.4633721754253,2394.0
pp_quantile_calibrated,item_17_store_10,10902.48207167631,8445.932405706995,2456.5496659693135,0.0,0.8374222590357833,0.7564102564102564,0.24358974358974358,108.28118468855122,3022.0
pp_quantile_calibrated,item_17_store_2,12362.924147001999,9212.847743988172,3150.0764030138266,0.0,0.8211200225432239,0.7564102564102564,0.24358974358974358,118.11343261523297,3522.0
pp_quantile_calibrated,item_17_store_3,11157.745246449282,8640.369091463734,2517.376154985547,0.0,0.8389909718589353,0.7692307692307693,0.23076923076923078,110.77396271107351,3127.0
pp_quantile_calibrated,item_17_store_4,10109.852125562471,8071.80444364098,2038.047681921491,0.0,0.851291668593835,0.782051282051282,0.21794871794871795,103.48467235437154,2741.0
pp_quantile_calibrated,item_17_store_5,8146.028379221627,6642.145982258724,1503.882396962903,0.0,0.8574519055011467,0.7948717948717948,0.20512820512820512,85.15571772126569,2110.0
pp_quantile_calibrated,item_17_store_6,7949.28652748529,6365.540679825207,1583.7458476600832,0.0,0.8466105716551977,0.782051282051282,0.21794871794871795,81.60949589519497,2065.0
pp_quantile_calibrated,item_17_store_7,7771.17654398308,6454.603169004884,1316.5733749781962,0.0,0.8575137040066887,0.8076923076923077,0.19230769230769232,82.7513226795498,1848.0
pp_quantile_calibrated,item_17_store_8,11740.514252996336,8967.428894043394,2773.085358952942,0.0,0.8271682543500816,0.7564102564102564,0.24358974358974358,114.96703710312045,3209.0
pp_quantile_calibrated,item_17_store_9,10170.266195516988,7744.889424249138,2425.3767712678496,0.0,0.8251350561450721,0.7692307692307693,0.23076923076923078,99.29345415704023,2774.0
pp_quantile_calibrated,item_18_store_1,22418.547492398662,17460.090732079476,4958.456760319185,0.0,0.8434089133011468,0.782051282051282,0.21794871794871795,223.847317077942,6333.0
pp_quantile_calibrated,item_18_store_10,26749.50036547566,20256.383276484754,6493.117088990906,0.0,0.8314132912114525,0.7564102564102564,0.24358974358974358,259.6972214933943,7703.0
pp_quantile_calibrated,item_18_store_2,32374.889281728694,25109.986445890543,7264.902835838151,0.0,0.838108014800264,0.7692307692307693,0.23076923076923078,321.92290315244287,8975.0
pp_quantile_calibrated,item_18_store_3,27532.7881931952,20987.25364613207,6545.53454706313,0.0,0.8330646634260869,0.782051282051282,0.21794871794871795,269.06735443759067,7842.0
pp_quantile_calibrated,item_18_store_4,25050.780991039,19141.00035051121,5909.780640527789,0.0,0.8356568231221416,0.7564102564102564,0.24358974358974358,245.39744039116937,7192.0
pp_quantile_calibrated,item_18_store_5,18415.41280167877,13926.690243368024,4488.722558310744,0.0,0.829001045397686,0.7435897435897436,0.2564102564102564,178.54731081241056,5250.0
pp_quantile_calibrated,item_18_store_6,18391.787668857534,13979.438413694996,4412.34925516254,0.0,0.829836125909659,0.782051282051282,0.21794871794871795,179.2235694063461,5186.0
pp_quantile_calibrated,item_18_store_7,17242.88760101162,13271.69523783476,3971.1923631768595,0.0,0.8339802523755493,0.7435897435897436,0.2564102564102564,170.1499389465995,4784.0
pp_quantile_calibrated,item_18_store_8,30062.074464960508,23014.607804879415,7047.4666600810915,0.0,0.8325420776979663,0.7692307692307693,0.23076923076923078,295.05907442153097,8417.0
pp_quantile_calibrated,item_18_store_9,26114.2198793506,19651.1022673932,6463.117611957401,0.0,0.8221241884695913,0.7564102564102564,0.24358974358974358,251.93720855632304,7267.0
pp_quantile_calibrated,item_19_store_1,11251.699871960005,8593.871828041883,2657.8280439181212,0.0,0.8239265953018801,0.7564102564102564,0.24358974358974358,110.17784394925492,3019.0
pp_quantile_calibrated,item_19_store_10,13148.40873236432,10174.11564962677,2974.29308273755,0.0,0.8372925009443353,0.782051282051282,0.21794871794871795,130.43738012342013,3656.0
pp_quantile_calibrated,item_19_store_2,15031.42605320556,11343.217800418091,3688.2082527874677,0.0,0.8237415410854257,0.7692307692307693,0.23076923076923078,145.4258692361294,4185.0
pp_quantile_calibrated,item_19_store_3,13426.948381753195,10422.390928639063,3004.557453114133,0.0,0.8346873478341604,0.7692307692307693,0.23076923076923078,133.62039652101362,3635.0
pp_quantile_calibrated,item_19_store_4,12513.115725845251,9321.08771709242,3192.0280087528313,0.0,0.8195574896126155,0.7564102564102564,0.24358974358974358,119.50112457810795,3538.0
pp_quantile_calibrated,item_19_store_5,9240.177761721176,7505.5741582941255,1734.6036034270494,0.0,0.8605624113000764,0.7948717948717948,0.20512820512820512,96.22530972171955,2488.0
pp_quantile_calibrated,item_19_store_6,10376.636835288602,8140.438253316554,2236.1985819720467,0.0,0.8200242589962135,0.7692307692307693,0.23076923076923078,104.36459299123787,2485.0
pp_quantile_calibrated,item_19_store_7,8828.070525909705,6976.470124225519,1851.600401684187,0.0,0.845313249650444,0.782051282051282,0.21794871794871795,89.44192466955793,2394.0
pp_quantile_calibrated,item_19_store_8,15338.345572336875,11907.722368862052,3430.623203474822,0.0,0.8334648930352029,0.782051282051282,0.21794871794871795,152.66310729310322,4120.0
pp_quantile_calibrated,item_19_store_9,12215.605221847916,9135.002156142198,3080.603065705719,0.0,0.8222899875566357,0.7564102564102564,0.24358974358974358,117.1154122582333,3467.0
pp_quantile_calibrated,item_1_store_1,6181.682638655643,4999.743439253227,1181.9391994024163,0.0,0.8529926368902466,0.7692307692307693,0.23076923076923078,64.09927486222085,1608.0
pp_quantile_calibrated,item_1_store_10,7328.406606245399,5965.842448193661,1362.5641580517386,0.0,0.8619489201568653,0.7948717948717948,0.20512820512820512,76.48515959222642,1974.0
pp_quantile_calibrated,item_1_store_2,8927.203225838126,7256.193903753286,1671.009322084841,0.0,0.8545050655563918,0.7948717948717948,0.20512820512820512,93.02812697119597,2297.0
pp_quantile_calibrated,item_1_store_3,7638.244398040444,5962.862145263286,1675.3822527771579,0.0,0.8402115161872048,0.782051282051282,0.21794871794871795,76.44695058029853,2097.0
pp_quantile_calibrated,item_1_store_4,7713.944874015791,6314.398103534352,1399.5467704814387,0.0,0.8476269166596146,0.782051282051282,0.21794871794871795,80.953821840184,1837.0
pp_quantile_calibrated,item_1_store_5,5440.858120712523,4621.624862270813,819.23325844171,0.0,0.8816136909766314,0.8333333333333334,0.16666666666666666,59.25160079834375,1384.0
pp_quantile_calibrated,item_1_store_6,5721.615305180294,4936.161968377528,785.4533368027658,0.0,0.883030031749402,0.8461538461538461,0.15384615384615385,63.2841277997119,1343.0
pp_quantile_calibrated,item_1_store_7,5014.921522566494,4294.180561697874,720.7409608686202,0.0,0.8813595126142189,0.8205128205128205,0.1794871794871795,55.053596944844536,1215.0
pp_quantile_calibrated,item_1_store_8,8379.597475560784,6957.933054937967,1421.6644206228161,0.0,0.8737980984799986,0.7948717948717948,0.20512820512820512,89.20426993510215,2253.0
pp_quantile_calibrated,item_1_store_9,7340.23514154741,6120.793554398685,1219.4415871487254,0.0,0.8668004820154315,0.8205128205128205,0.1794871794871795,78.47171223588057,1831.0
pp_quantile_calibrated,item_20_store_1,12358.43560006021,8934.960785561776,3423.4748144984337,0.0,0.8071281794648771,0.7307692307692307,0.2692307692307692,114.55077930207405,3550.0
pp_quantile_calibrated,item_20_store_10,15130.140344651496,11443.117927778345,3687.0224168731515,0.0,0.8298559106196054,0.7564102564102564,0.24358974358974358,146.70664009972236,4334.0
pp_quantile_calibrated,item_20_store_2,17926.56333312553,14077.404983098399,3849.158350027133,0.0,0.8426023982814503,0.782051282051282,0.21794871794871795,180.4795510653641,4891.0
pp_quantile_calibrated,item_20_store_3,16752.085953539234,13062.144444188725,3689.9415093505077,0.0,0.8385499230211986,0.7948717948717948,0.20512820512820512,167.46339031011186,4571.0
pp_quantile_calibrated,item_20_store_4,14818.08807549653,11287.860669322541,3530.227406173989,0.0,0.8274149398106091,0.7307692307692307,0.2692307692307692,144.71616242721205,4091.0
pp_quantile_calibrated,item_20_store_5,11352.71592468456,8691.43127195516,2661.2846527294005,0.0,0.8198182361049831,0.7692307692307693,0.23076923076923078,111.42860605070717,2954.0
pp_quantile_calibrated,item_20_store_6,10919.48953060337,8159.840027555534,2759.649503047836,0.0,0.8198074108359231,0.782051282051282,0.21794871794871795,104.61333368660941,3063.0
pp_quantile_calibrated,item_20_store_7,10343.090771821362,8195.274542825835,2147.816228995527,0.0,0.8409614047393169,0.7948717948717948,0.20512820512820512,105.06762234392096,2701.0
pp_quantile_calibrated,item_20_store_8,17226.188966569018,13279.053094453393,3947.1358721156266,0.0,0.8307040157788708,0.7692307692307693,0.23076923076923078,170.24427044171017,4663.0
pp_quantile_calibrated,item_20_store_9,14985.85679548644,11387.194568497061,3598.662226989378,0.0,0.825772828516612,0.7564102564102564,0.24358974358974358,145.98967395509052,4131.0
pp_quantile_calibrated,item_21_store_1,10266.126024138148,7870.687491766642,2395.4385323715064,0.0,0.840940336495916,0.7435897435897436,0.2564102564102564,100.90624989444413,3012.0
pp_quantile_calibrated,item_21_store_10,12794.512218450813,9170.001353722519,3624.5108647282937,0.0,0.8065379842685725,0.717948717948718,0.28205128205128205,117.56411991951947,3747.0
pp_quantile_calibrated,item_21_store_2,15271.081523933171,11178.349389646062,4092.7321342871082,0.0,0.813457970178345,0.7435897435897436,0.2564102564102564,143.312171662129,4388.0
pp_quantile_calibrated,item_21_store_3,13364.584046761,10070.247021520841,3294.3370252401573,0.0,0.8255580076653345,0.7564102564102564,0.24358974358974358,129.10573104513898,3777.0
pp_quantile_calibrated,item_21_store_4,11875.597074446789,9133.718665516677,2741.878408930111,0.0,0.8363057666310382,0.7564102564102564,0.24358974358974358,117.09895725021381,3350.0
pp_quantile_calibrated,item_21_store_5,9684.752614828427,7785.65360981994,1899.099005008486,0.0,0.846164519642893,0.782051282051282,0.21794871794871795,99.81607192076847,2469.0
pp_quantile_calibrated,item_21_store_6,9091.420312651284,7402.932308334695,1688.4880043165895,0.0,0.861769299687549,0.782051282051282,0.21794871794871795,94.90938856839352,2443.0
pp_quantile_calibrated,item_21_store_7,9185.67179718308,7405.013550757751,1780.6582464253293,0.0,0.8484546173255039,0.782051282051282,0.21794871794871795,94.93607116356091,2350.0
pp_quantile_calibrated,item_21_store_8,14319.81889406931,10911.05089810452,3408.7679959647903,0.0,0.8338402146739073,0.7564102564102564,0.24358974358974358,139.88526792441692,4103.0
pp_quantile_calibrated,item_21_store_9,12458.99677772889,9507.955328646049,2951.0414490828402,0.0,0.8295673433968905,0.7307692307692307,0.2692307692307692,121.89686318776985,3463.0
pp_quantile_calibrated,item_22_store_1,21859.820861231277,17199.862287855653,4659.958573375625,0.0,0.8428079415289046,0.7692307692307693,0.23076923076923078,220.51105497250836,5929.0
pp_quantile_calibrated,item_22_store_10,26990.266907154022,20120.376676243544,6869.890230910479,0.0,0.8134449360241554,0.7564102564102564,0.24358974358974358,257.95354713132747,7365.0
pp_quantile_calibrated,item_22_store_2,29355.466668061053,22154.448600596326,7201.018067464729,0.0,0.829319315774716,0.7564102564102564,0.24358974358974358,284.03139231533754,8438.0
pp_quantile_calibrated,item_22_store_3,26176.869452601855,20240.047890048623,5936.821562553232,0.0,0.8422316884785217,0.7564102564102564,0.24358974358974358,259.48779346216185,7526.0
pp_quantile_calibrated,item_22_store_4,24407.165546741286,18949.726342144906,5457.43920459638,0.0,0.8417216007947685,0.782051282051282,0.21794871794871795,242.94520951467828,6896.0
pp_quantile_calibrated,item_22_store_5,17593.139954707014,13637.035457979167,3956.1044967278467,0.0,0.8432605191470741,0.7435897435897436,0.2564102564102564,174.83378792280985,5048.0
pp_quantile_calibrated,item_22_store_6,18590.24487251363,14677.192734620832,3913.0521378928,0.0,0.844008286310831,0.782051282051282,0.21794871794871795,188.169137623344,5017.0
pp_quantile_calibrated,item_22_store_7,16394.32320655945,13278.081178952722,3116.2420276067273,0.0,0.8624479352193013,0.782051282051282,0.21794871794871795,170.23180998657335,4531.0
pp_quantile_calibrated,item_22_store_8,28859.743336172767,21844.002744070753,7015.740592102015,0.0,0.8266005785441914,0.7307692307692307,0.2692307692307692,280.0513172316763,8092.0
pp_quantile_calibrated,item_22_store_9,25068.96165909329,19662.701103444106,5406.2605556491835,0.0,0.8445583509014036,0.7948717948717948,0.20512820512820512,252.08591158261675,6956.0
pp_quantile_calibrated,item_23_store_1,8336.822949592828,6992.75051051083,1344.0724390819987,0.0,0.8784744630124776,0.8205128205128205,0.1794871794871795,89.65064757065167,2212.0
pp_quantile_calibrated,item_23_store_10,10022.566682011773,7688.510355014999,2334.0563269967743,0.0,0.8282519259016354,0.7564102564102564,0.24358974358974358,98.57064557711537,2718.0
pp_quantile_calibrated,item_23_store_2,12151.08166493057,9562.484391893278,2588.5972730372914,0.0,0.8340642773694045,0.7435897435897436,0.2564102564102564,122.59595374222151,3120.0
pp_quantile_calibrated,item_23_store_3,10036.89125903399,8009.333566124548,2027.5576929094423,0.0,0.8521649513008064,0.782051282051282,0.21794871794871795,102.68376366826344,2743.0
pp_quantile_calibrated,item_23_store_4,9052.73919430103,7257.531167013299,1795.2080272877306,0.0,0.8575231724374817,0.7948717948717948,0.20512820512820512,93.04527137196537,2520.0
pp_quantile_calibrated,item_23_store_5,6980.843981754463,5601.275933284533,1379.5680484699305,0.0,0.8517390598097871,0.7948717948717948,0.20512820512820512,71.81122991390427,1861.0
pp_quantile_calibrated,item_23_store_6,7758.474295382979,6353.4634634565255,1405.0108319264532,0.0,0.8401580395988109,0.8076923076923077,0.19230769230769232,81.45465978790418,1758.0
pp_quantile_calibrated,item_23_store_7,6642.92407568192,5548.340988317521,1094.583087364399,0.0,0.8696924895994763,0.8205128205128205,0.1794871794871795,71.13257677330155,1680.0
pp_quantile_calibrated,item_23_store_8,10616.761767626205,8231.149908551968,2385.6118590742362,0.0,0.835304669722179,0.782051282051282,0.21794871794871795,105.52756293015344,2897.0
pp_quantile_calibrated,item_23_store_9,8985.054593930134,6972.467331722291,2012.587262207842,0.0,0.84470777297779,0.7692307692307693,0.23076923076923078,89.39060681695246,2592.0
pp_quantile_calibrated,item_24_store_1,18087.380685525655,14554.221092476166,3533.1595930494905,0.0,0.853243630610613,0.7692307692307693,0.23076923076923078,186.5925781086688,4815.0
pp_quantile_calibrated,item_24_store_10,22047.15778364991,17106.135762323152,4941.022021326758,0.0,0.8391070654077903,0.7564102564102564,0.24358974358974358,219.30943285029682,6142.0
pp_quantile_calibrated,item_24_store_2,25677.833033225586,19773.7428878303,5904.0901453952865,0.0,0.83333549342568,0.7692307692307693,0.23076923076923078,253.50952420295258,7085.0
pp_quantile_calibrated,item_24_store_3,23393.513684518915,18041.728867761227,5351.7848167576885,0.0,0.8253903811824572,0.7692307692307693,0.23076923076923078,231.30421625334907,6130.0
pp_quantile_calibrated,item_24_store_4,21026.92606121878,16375.941768183755,4650.984293035024,0.0,0.8361175372433042,0.782051282051282,0.21794871794871795,209.9479713869712,5676.0
pp_quantile_calibrated,item_24_store_5,15288.479714903166,11485.293823009702,3803.185891893464,0.0,0.8126970750114029,0.7435897435897436,0.2564102564102564,147.2473567052526,4061.0
pp_quantile_calibrated,item_24_store_6,15144.626139603472,11838.150566062648,3306.475573540824,0.0,0.8402282883043817,0.7564102564102564,0.24358974358974358,151.7711611033673,4139.0
pp_quantile_calibrated,item_24_store_7,13524.640623805066,10132.49599810355,3392.144625701515,0.0,0.819518774902819,0.7307692307692307,0.2692307692307692,129.9037948474814,3759.0
pp_quantile_calibrated,item_24_store_8,24514.734671285798,19507.75993076884,5006.974740516957,0.0,0.8500456801282732,0.7948717948717948,0.20512820512820512,250.0994862919082,6678.0
pp_quantile_calibrated,item_24_store_9,20438.597554937507,16038.784846026238,4399.812708911269,0.0,0.8446393817474834,0.7692307692307693,0.23076923076923078,205.62544674392612,5664.0
pp_quantile_calibrated,item_25_store_1,21608.091780519535,16822.58933585584,4785.502444663697,0.0,0.8395203740890779,0.7948717948717948,0.20512820512820512,215.67422225456204,5964.0
pp_quantile_calibrated,item_25_store_10,25674.832232870926,19486.697197781035,6188.135035089891,0.0,0.8325267920138053,0.7564102564102564,0.24358974358974358,249.82945125360303,7390.0
pp_quantile_calibrated,item_25_store_2,29616.551006713846,22559.194855376005,7057.356151337843,0.0,0.8330410184211535,0.7564102564102564,0.24358974358974358,289.22044686379496,8454.0
pp_quantile_calibrated,item_25_store_3,26467.00674799909,19294.93823480935,7172.068513189742,0.0,0.8082078215486096,0.7564102564102564,0.24358974358974358,247.37100301037628,7479.0
pp_quantile_calibrated,item_25_store_4,24593.438182273345,19347.67325515989,5245.764927113454,0.0,0.8463454912972042,0.7948717948717948,0.20512820512820512,248.0470930148704,6828.0
pp_quantile_calibrated,item_25_store_5,18324.67127314972,14661.608587573934,3663.0626855757882,0.0,0.8516978669807374,0.782051282051282,0.21794871794871795,187.9693408663325,4940.0
pp_quantile_calibrated,item_25_store_6,17949.74674376336,13820.243299657588,4129.503444105772,0.0,0.8361958173698623,0.7564102564102564,0.24358974358974358,177.18260640586652,5042.0
pp_quantile_calibrated,item_25_store_7,16311.925512891128,12121.195998622601,4190.729514268526,0.0,0.8200245001387791,0.7564102564102564,0.24358974358974358,155.39994870028977,4657.0
pp_quantile_calibrated,item_25_store_8,29164.023201985186,22666.513285486235,6497.509916498952,0.0,0.838851440563022,0.782051282051282,0.21794871794871795,290.59632417290044,8064.0
pp_quantile_calibrated,item_25_store_9,26114.748989142245,20183.347154237435,5931.401834904809,0.0,0.8301188075353054,0.7948717948717948,0.20512820512820512,258.76086095176197,6983.0
pp_quantile_calibrated,item_26_store_1,13219.637664221395,10108.069910135468,3111.567754085926,0.0,0.8257800809582349,0.7435897435897436,0.2564102564102564,129.59063987353164,3572.0
pp_quantile_calibrated,item_26_store_10,16137.226419740662,12905.406779374045,3231.819640366616,0.0,0.8473396485419643,0.7692307692307693,0.23076923076923078,165.453933068898,4234.0
pp_quantile_calibrated,item_26_store_2,17597.58335248832,13213.96635160502,4383.6170008833,0.0,0.8254234567549464,0.7564102564102564,0.24358974358974358,169.4098250205772,5022.0
pp_quantile_calibrated,item_26_store_3,15466.914705173986,12051.285445792771,3415.629259381214,0.0,0.8410226083601949,0.7692307692307693,0.23076923076923078,154.5036595614458,4297.0
pp_quantile_calibrated,item_26_store_4,15074.895565497787,11899.633045798999,3175.262519698789,0.0,0.8460105470563148,0.782051282051282,0.21794871794871795,152.5593980230641,4124.0
pp_quantile_calibrated,item_26_store_5,10982.79493809209,8836.336220762569,2146.458717329523,0.0,0.854969005585843,0.8076923076923077,0.19230769230769232,113.28636180464832,2960.0
pp_quantile_calibrated,item_26_store_6,11083.591455390968,8593.105740738376,2490.485714652593,0.0,0.8346839884067313,0.7692307692307693,0.23076923076923078,110.16802231715867,3013.0
pp_quantile_calibrated,item_26_store_7,9566.71537863425,7122.731173442506,2443.9842051917435,0.0,0.8240472134491186,0.7435897435897436,0.2564102564102564,91.31706632618597,2778.0
pp_quantile_calibrated,item_26_store_8,18318.62913516764,13505.587555889339,4813.041579278304,0.0,0.8039893472091915,0.7435897435897436,0.2564102564102564,173.1485584088377,4911.0
pp_quantile_calibrated,item_26_store_9,15219.822813187246,11488.86636138624,3730.956451801005,0.0,0.8181351961101144,0.7564102564102564,0.24358974358974358,147.2931584793108,4103.0
pp_quantile_calibrated,item_27_store_1,6168.098248410503,4849.348985969845,1318.7492624406584,0.0,0.8390787965295109,0.782051282051282,0.21794871794871795,62.17114084576724,1639.0
pp_quantile_calibrated,item_27_store_10,7619.665901511842,5900.759329633872,1718.9065718779698,0.0,0.8340022624936774,0.782051282051282,0.21794871794871795,75.6507606363317,2071.0
pp_quantile_calibrated,item_27_store_2,8739.73462782961,6959.471438808408,1780.263189021202,0.0,0.8444505732615813,0.8076923076923077,0.19230769230769232,89.223992805236,2289.0
pp_quantile_calibrated,item_27_store_3,7869.008962634878,6320.7903842192045,1548.2185784156732,0.0,0.844790117452063,0.782051282051282,0.21794871794871795,81.03577415665647,1995.0
pp_quantile_calibrated,item_27_store_4,7320.212181911158,6071.6782588828155,1248.5339230283423,0.0,0.8675997960733466,0.8205128205128205,0.1794871794871795,77.8420289600361,1886.0
pp_quantile_calibrated,item_27_store_5,5528.583667622037,4555.642359311683,972.9413083103533,0.0,0.8563924268176599,0.7948717948717948,0.20512820512820512,58.40567127322671,1355.0
pp_quantile_calibrated,item_27_store_6,5296.867783583638,4453.232439395931,843.6353441877071,0.0,0.8811781205369429,0.8076923076923077,0.19230769230769232,57.09272358199911,1420.0
pp_quantile_calibrated,item_27_store_7,5549.275190075179,4740.458435525024,808.8167545501553,0.0,0.8645198066080142,0.8461538461538461,0.15384615384615385,60.77510814775671,1194.0
pp_quantile_calibrated,item_27_store_8,8154.7367300350725,6620.99407484079,1533.7426551942824,0.0,0.8535806534420732,0.8205128205128205,0.1794871794871795,84.88453942103577,2095.0
pp_quantile_calibrated,item_27_store_9,7400.449006044676,6099.235366926155,1301.2136391185213,0.0,0.8631741704396927,0.8076923076923077,0.19230769230769232,78.19532521700198,1902.0
pp_quantile_calibrated,item_28_store_1,23589.057405505057,18419.426222669597,5169.631182835459,0.0,0.8441238901602452,0.7692307692307693,0.23076923076923078,236.1464900342256,6633.0
pp_quantile_calibrated,item_28_store_10,28893.701085334076,21758.42082890846,7135.280256425618,0.0,0.8229678636291871,0.7692307692307693,0.23076923076923078,278.9541131911341,8061.0
pp_quantile_calibrated,item_28_store_2,34056.23495988624,27293.30159677578,6762.933363110461,0.0,0.8527396110373334,0.7948717948717948,0.20512820512820512,349.9141230355869,9185.0
pp_quantile_calibrated,item_28_store_3,29015.576600651657,22492.91322895661,6522.663371695045,0.0,0.8417405466045118,0.7435897435897436,0.2564102564102564,288.37068242252064,8243.0
pp_quantile_calibrated,item_28_store_4,27442.416851602244,21301.181160378106,6141.235691224138,0.0,0.8357299534245248,0.7692307692307693,0.23076923076923078,273.0920661586937,7477.0
pp_quantile_calibrated,item_28_store_5,19833.735709993434,15998.606799110355,3835.1289108830797,0.0,0.8571114414723144,0.8076923076923077,0.19230769230769232,205.1103435783379,5368.0
pp_quantile_calibrated,item_28_store_6,19678.465665234755,15886.744950771801,3791.720714462953,0.0,0.8608032043148696,0.782051282051282,0.21794871794871795,203.6762173175872,5448.0
pp_quantile_calibrated,item_28_store_7,17241.72581829383,13784.170111739655,3457.5557065541743,0.0,0.8605261917485205,0.7692307692307693,0.23076923076923078,176.72012963768788,4958.0
pp_quantile_calibrated,item_28_store_8,32508.049916076216,26264.33940027733,6243.710515798885,0.0,0.8597391774503227,0.8076923076923077,0.19230769230769232,336.7223000035555,8903.0
pp_quantile_calibrated,item_28_store_9,26844.305507231475,20780.975324737134,6063.330182494339,0.0,0.8405016392872725,0.782051282051282,0.21794871794871795,266.422760573553,7603.0
pp_quantile_calibrated,item_29_store_1,18297.01444109563,13642.358179523217,4654.656261572414,0.0,0.8220697147716969,0.782051282051282,0.21794871794871795,174.90202794260534,5232.0
pp_quantile_calibrated,item_29_store_10,22622.477740470767,17436.25612258004,5186.221617890728,0.0,0.8363193429733081,0.7692307692307693,0.23076923076923078,223.54174516128253,6337.0
pp_quantile_calibrated,item_29_store_2,26244.556110276513,19909.854743965516,6334.701366310997,0.0,0.8254422329481675,0.7692307692307693,0.23076923076923078,255.2545479995579,7258.0
pp_quantile_calibrated,item_29_store_3,23140.489338356965,18332.9225117563,4807.566826600663,0.0,0.8536954708885983,0.7948717948717948,0.20512820512820512,235.03746809943974,6572.0
pp_quantile_calibrated,item_29_store_4,21852.90184281773,16954.18106329307,4898.720779524661,0.0,0.8366003742653547,0.782051282051282,0.21794871794871795,217.36129568324446,5996.0
pp_quantile_calibrated,item_29_store_5,15942.005885330176,12585.121056775944,3356.884828554232,0.0,0.8430628878656273,0.7692307692307693,0.23076923076923078,161.34770585610184,4278.0
pp_quantile_calibrated,item_29_store_6,15931.353751270637,12559.460675744307,3371.89307552633,0.0,0.8393571664827857,0.782051282051282,0.21794871794871795,161.0187266121065,4198.0
pp_quantile_calibrated,item_29_store_7,14297.377617203292,10930.267708534724,3367.1099086685676,0.0,0.8296858923283477,0.7307692307692307,0.2692307692307692,140.13163728890672,3954.0
pp_quantile_calibrated,item_29_store_8,25276.825068922142,19361.554394170846,5915.270674751297,0.0,0.8316416486480347,0.782051282051282,0.21794871794871795,248.22505633552367,7027.0
pp_quantile_calibrated,item_29_store_9,22316.36245535066,16721.760694494522,5594.60176085614,0.0,0.8173787576022151,0.7564102564102564,0.24358974358974358,214.3815473653144,6127.0
pp_quantile_calibrated,item_2_store_1,15649.617734915419,11689.136281200086,3960.4814537153325,0.0,0.8200190205082786,0.7564102564102564,0.24358974358974358,149.86072155384727,4401.0
pp_quantile_calibrated,item_2_store_10,19984.816356153857,15306.328350268253,4678.488005885602,0.0,0.8268829600042331,0.7564102564102564,0.24358974358974358,196.234978849593,5405.0
pp_quantile_calibrated,item_2_store_2,22444.758360606997,17598.813462960043,4845.944897646952,0.0,0.8406725333668601,0.7564102564102564,0.24358974358974358,225.62581362769285,6083.0
pp_quantile_calibrated,item_2_store_3,19386.421165983265,14949.375139261194,4437.046026722073,0.0,0.8341911051299674,0.7692307692307693,0.23076923076923078,191.65865563155376,5352.0
pp_quantile_calibrated,item_2_store_4,19196.10902634264,15179.023384564765,4017.0856417778764,0.0,0.8394770972316533,0.782051282051282,0.21794871794871795,194.60286390467647,5005.0
pp_quantile_calibrated,item_2_store_5,13886.928227206536,10555.567329732168,3331.3608974743674,0.0,0.8131597926262273,0.7564102564102564,0.24358974358974358,135.32778627861754,3566.0
pp_quantile_calibrated,item_2_store_6,13065.74427226235,9669.836343743447,3395.9079285189023,0.0,0.8164870073753632,0.7692307692307693,0.23076923076923078,123.97226081722368,3701.0
pp_quantile_calibrated,item_2_store_7,12214.79899289101,9587.110820392534,2627.6881724984764,0.0,0.8398727500000928,0.7948717948717948,0.20512820512820512,122.91167718451968,3282.0
pp_quantile_calibrated,item_2_store_8,21300.141758607762,16644.910549138596,4655.231209469165,0.0,0.8402460120291981,0.7948717948717948,0.20512820512820512,213.39628909152046,5828.0
pp_quantile_calibrated,item_2_store_9,18153.837036267738,14189.055519882868,3964.7815163848695,0.0,0.8448226412373826,0.7692307692307693,0.23076923076923078,181.9109682036265,5110.0
pp_quantile_calibrated,item_30_store_1,10262.975338271053,7640.066287157632,2622.9090511134204,0.0,0.826239877369101,0.7307692307692307,0.2692307692307692,97.94956778407222,3019.0
pp_quantile_calibrated,item_30_store_10,13937.847276909637,10431.76044668099,3506.0868302286462,0.0,0.8109416645872932,0.7307692307692307,0.2692307692307692,133.74051854719218,3709.0
pp_quantile_calibrated,item_30_store_2,14549.47719312278,11601.14259760808,2948.3345955147,0.0,0.857258068481496,0.7692307692307693,0.23076923076923078,148.73259740523181,4131.0
pp_quantile_calibrated,item_30_store_3,13282.489127839906,10259.642980902801,3022.846146937105,0.0,0.8420252862849698,0.7564102564102564,0.24358974358974358,131.53388437054875,3827.0
pp_quantile_calibrated,item_30_store_4,11485.916421123293,8520.260225300945,2965.6561958223488,0.0,0.8259080601219636,0.7435897435897436,0.2564102564102564,109.23410545257622,3407.0
pp_quantile_calibrated,item_30_store_5,9507.307670909398,7820.318441153008,1686.9892297563897,0.0,0.8632355711587849,0.8205128205128205,0.1794871794871795,100.26049283529498,2467.0
pp_quantile_calibrated,item_30_store_6,9667.747210078267,7582.048351856194,2085.6988582220733,0.0,0.8332774693667406,0.7692307692307693,0.23076923076923078,97.20574810072044,2502.0
pp_quantile_calibrated,item_30_store_7,8496.763783501166,7022.2992817141685,1474.4645017869989,0.0,0.8697469521389577,0.8076923076923077,0.19230769230769232,90.02947797069447,2264.0
pp_quantile_calibrated,item_30_store_8,14051.309268855559,11191.521468055766,2859.7878007997942,0.0,0.8551639503266754,0.7564102564102564,0.24358974358974358,143.4810444622534,3949.0
pp_quantile_calibrated,item_30_store_9,11969.140732619384,8704.70903275843,3264.431699860954,0.0,0.8134077336461302,0.7435897435897436,0.2564102564102564,111.5988337533132,3499.0
pp_quantile_calibrated,item_31_store_1,16427.310032791454,12833.723571632132,3593.5864611593224,0.0,0.8379807727159909,0.7692307692307693,0.23076923076923078,164.53491758502733,4436.0
pp_quantile_calibrated,item_31_store_10,19526.023991251182,15228.454661049873,4297.569330201308,0.0,0.8351526915918177,0.7564102564102564,0.24358974358974358,195.2365982185881,5214.0
pp_quantile_calibrated,item_31_store_2,22273.513437958354,17051.510336391337,5222.0031015670165,0.0,0.832922633128555,0.7564102564102564,0.24358974358974358,218.609106876812,6251.0
pp_quantile_calibrated,item_31_store_3,20392.362004269104,16213.148140631314,4179.213863637789,0.0,0.8462393721987569,0.782051282051282,0.21794871794871795,207.86087359783735,5436.0
pp_quantile_calibrated,item_31_store_4,17064.58339454809,12555.3827876871,4509.2006068609935,0.0,0.8211699144611941,0.7435897435897436,0.2564102564102564,160.96644599598847,5043.0
pp_quantile_calibrated,item_31_store_5,12928.972340794415,9830.49407978526,3098.4782610091543,0.0,0.8300807095690071,0.7692307692307693,0.23076923076923078,126.0319753818623,3647.0
pp_quantile_calibrated,item_31_store_6,12977.93621216105,10253.593323466663,2724.3428886943866,0.0,0.8483105295827179,0.782051282051282,0.21794871794871795,131.45632465982902,3592.0
pp_quantile_calibrated,item_31_store_7,12301.00686930703,9866.420874577172,2434.5859947298577,0.0,0.8563242257462462,0.782051282051282,0.21794871794871795,126.49257531509195,3389.0
pp_quantile_calibrated,item_31_store_8,20916.26131403956,15864.27984436342,5051.98146967614,0.0,0.8288334247102781,0.7692307692307693,0.23076923076923078,203.38820313286436,5903.0
pp_quantile_calibrated,item_31_store_9,18460.664048240214,13645.703726099915,4814.960322140301,0.0,0.8118421132418795,0.7307692307692307,0.2692307692307692,174.94491956538351,5118.0
pp_quantile_calibrated,item_32_store_1,12514.851865028191,9640.45920191902,2874.39266310917,0.0,0.8258998992665554,0.7692307692307693,0.23076923076923078,123.59563079383359,3302.0
pp_quantile_calibrated,item_32_store_10,14403.778746553675,10949.57213205,3454.2066145036742,0.0,0.8293376178604904,0.7564102564102564,0.24358974358974358,140.3791298980769,4048.0
pp_quantile_calibrated,item_32_store_2,17841.731129823624,13804.498711347002,4037.232418476621,0.0,0.8297603871610111,0.782051282051282,0.21794871794871795,176.98075270957693,4743.0
pp_quantile_calibrated,item_32_store_3,15126.59790566612,11806.47876572425,3320.1191399418694,0.0,0.8404555915453209,0.782051282051282,0.21794871794871795,151.36511238108014,4162.0
pp_quantile_calibrated,item_32_store_4,13612.127898927374,10487.847958206828,3124.2799407205457,0.0,0.836382302135609,0.7564102564102564,0.24358974358974358,134.45958920777986,3819.0
pp_quantile_calibrated,item_32_store_5,9932.798024716452,7857.991100903297,2074.806923813156,0.0,0.8498692529802347,0.7948717948717948,0.20512820512820512,100.74347565260636,2764.0
pp_quantile_calibrated,item_32_store_6,10831.67147222955,8763.888501156187,2067.782971073362,0.0,0.8475648381073819,0.7948717948717948,0.20512820512820512,112.35754488661779,2713.0
pp_quantile_calibrated,item_32_store_7,9496.0305623871,7606.969762152994,1889.0608002341075,0.0,0.8496569199972854,0.8076923076923077,0.19230769230769232,97.52525336093582,2513.0
pp_quantile_calibrated,item_32_store_8,15640.466441338747,12234.448862997078,3406.0175783416685,0.0,0.8450048883576032,0.7692307692307693,0.23076923076923078,156.85190849996255,4395.0
pp_quantile_calibrated,item_32_store_9,13258.182440817865,9995.034539309294,3263.1479015085706,0.0,0.827072183279885,0.7692307692307693,0.23076923076923078,128.14146845268326,3774.0
pp_quantile_calibrated,item_33_store_1,18130.667892497542,13997.533009327115,4133.134883170427,0.0,0.8392714414477767,0.782051282051282,0.21794871794871795,179.4555514016297,5143.0
pp_quantile_calibrated,item_33_store_10,22845.823559228367,18272.871281202813,4572.952278025552,0.0,0.8551029062729545,0.7948717948717948,0.20512820512820512,234.2675805282412,6312.0
pp_quantile_calibrated,item_33_store_2,25954.72955923018,19403.815060350913,6550.9144988792705,0.0,0.8187852144155111,0.7435897435897436,0.2564102564102564,248.76685974808862,7230.0
pp_quantile_calibrated,item_33_store_3,23083.92111150067,17264.525634524794,5819.395476975874,0.0,0.8211617862023395,0.7435897435897436,0.2564102564102564,221.34007223749737,6508.0
pp_quantile_calibrated,item_33_store_4,20976.105861034623,15954.163241908193,5021.942619126432,0.0,0.8322104036376066,0.7435897435897436,0.2564102564102564,204.54055438343838,5986.0
pp_quantile_calibrated,item_33_store_5,15123.868316953129,11607.467039606083,3516.4012773470454,0.0,0.8346001280645793,0.7435897435897436,0.2564102564102564,148.81367999494978,4252.0
pp_quantile_calibrated,item_33_store_6,16026.626222091585,12377.249960887573,3649.3762612040123,0.0,0.8330568956448302,0.7564102564102564,0.24358974358974358,158.68269180625094,4372.0
pp_quantile_calibrated,item_33_store_7,13863.350298226362,10491.306370496774,3372.0439277295877,0.0,0.8269859452165425,0.7435897435897436,0.2564102564102564,134.50392782688172,3898.0
pp_quantile_calibrated,item_33_store_8,24745.294559097067,19293.043531747357,5452.25102734971,0.0,0.8433486272848811,0.7692307692307693,0.23076923076923078,247.34671194547894,6961.0
pp_quantile_calibrated,item_33_store_9,21107.306558826735,16125.912647585625,4981.393911241108,0.0,0.8349985455037725,0.7435897435897436,0.2564102564102564,206.74246984084135,6038.0
pp_quantile_calibrated,item_34_store_1,7652.760778249874,6417.151733272995,1235.6090449768794,0.0,0.8699358900024338,0.8205128205128205,0.1794871794871795,82.27117606760251,1900.0
pp_quantile_calibrated,item_34_store_10,8456.577377445063,7133.141935051302,1323.4354423937607,0.0,0.8828299741129916,0.8205128205128205,0.1794871794871795,91.45053762886285,2259.0
pp_quantile_calibrated,item_34_store_2,10124.517181849033,7331.526974150488,2792.990207698544,0.0,0.8043439434186659,0.7564102564102564,0.24358974358974358,93.9939355660319,2855.0
pp_quantile_calibrated,item_34_store_3,9063.000824332632,7400.664029629537,1662.3367947030947,0.0,0.8621039573037665,0.8076923076923077,0.19230769230769232,94.88030807217355,2411.0
pp_quantile_calibrated,item_34_store_4,8414.35303001571,6474.880459214336,1939.4725708013748,0.0,0.8281371226582743,0.7564102564102564,0.24358974358974358,83.01128793864534,2257.0
pp_quantile_calibrated,item_34_store_5,6080.496113272586,5109.120636726367,971.3754765462193,0.0,0.8816838640016785,0.8076923076923077,0.19230769230769232,65.50154662469701,1642.0
pp_quantile_calibrated,item_34_store_6,6408.2764976837425,5056.5168257609175,1351.759671922825,0.0,0.8332190410952713,0.782051282051282,0.21794871794871795,64.82713879180663,1621.0
pp_quantile_calibrated,item_34_store_7,5598.121321983978,4693.838146790386,904.2831751935919,0.0,0.874142912290384,0.782051282051282,0.21794871794871795,60.17741213833829,1437.0
pp_quantile_calibrated,item_34_store_8,9905.097285992,7792.394861765037,2112.7024242269645,0.0,0.8357790575804923,0.782051282051282,0.21794871794871795,99.90249822775688,2573.0
pp_quantile_calibrated,item_34_store_9,8281.97102980902,6433.287220954838,1848.6838088541824,0.0,0.8362547556373621,0.7564102564102564,0.24358974358974358,82.4780412942928,2258.0
pp_quantile_calibrated,item_35_store_1,17524.244474106694,13149.725040099165,4374.519434007527,0.0,0.8228580913542203,0.7435897435897436,0.2564102564102564,168.5862184628098,4939.0
pp_quantile_calibrated,item_35_store_10,22090.66430299432,17179.74248930715,4910.921813687168,0.0,0.8375749358793728,0.7692307692307693,0.23076923076923078,220.25310883727116,6047.0
pp_quantile_calibrated,item_35_store_2,25120.75153127338,19434.880933701614,5685.870597571766,0.0,0.8345447228991194,0.7692307692307693,0.23076923076923078,249.16514017566172,6873.0
pp_quantile_calibrated,item_35_store_3,21883.576360747364,16483.95858229325,5399.617778454113,0.0,0.8215002387287896,0.7435897435897436,0.2564102564102564,211.33280233709294,6050.0
pp_quantile_calibrated,item_35_store_4,20452.00816831772,15886.377068259977,4565.631100057744,0.0,0.8380694768555508,0.7692307692307693,0.23076923076923078,203.67150087512792,5639.0
pp_quantile_calibrated,item_35_store_5,15299.124547181833,11658.376369611684,3640.74817757015,0.0,0.8233932487232525,0.7692307692307693,0.23076923076923078,149.46636371297032,4123.0
pp_quantile_calibrated,item_35_store_6,14138.93644067942,10698.03367435139,3440.9027663280276,0.0,0.828426688290799,0.7692307692307693,0.23076923076923078,137.1542778762999,4011.0
pp_quantile_calibrated,item_35_store_7,13074.439727242308,9531.287604975498,3543.152122266811,0.0,0.8120343701715221,0.7051282051282052,0.2948717948717949,122.1959949355833,3770.0
pp_quantile_calibrated,item_35_store_8,23699.927648132663,18468.030178058925,5231.897470073737,0.0,0.843168541064936,0.782051282051282,0.21794871794871795,236.76961766742212,6672.0
pp_quantile_calibrated,item_35_store_9,20638.058358492945,16154.13083210625,4483.927526386695,0.0,0.8429447451353171,0.7692307692307693,0.23076923076923078,207.10424143725962,5710.0
pp_quantile_calibrated,item_36_store_1,21062.610205460453,16261.082111972275,4801.528093488178,0.0,0.8284555879425446,0.7564102564102564,0.24358974358974358,208.47541169195225,5598.0
pp_quantile_calibrated,item_36_store_10,25522.93049348129,19769.3927400878,5753.537753393492,0.0,0.8375624575552374,0.7692307692307693,0.23076923076923078,253.4537530780487,7084.0
pp_quantile_calibrated,item_36_store_2,28489.065180941456,21769.954818606806,6719.110362334649,0.0,0.8354167700591634,0.7564102564102564,0.24358974358974358,279.1019848539334,8165.0
pp_quantile_calibrated,item_36_store_3,25656.96015318267,19694.574492439308,5962.385660743363,0.0,0.8328927785666099,0.7564102564102564,0.24358974358974358,252.49454477486293,7136.0
pp_quantile_calibrated,item_36_store_4,24045.604466486657,18185.443703905912,5860.160762580746,0.0,0.8231428772421686,0.7435897435897436,0.2564102564102564,233.1467141526399,6627.0
pp_quantile_calibrated,item_36_store_5,16740.41514227169,12373.236447480636,4367.178694791055,0.0,0.8190145588565663,0.7435897435897436,0.2564102564102564,158.631236506162,4826.0
pp_quantile_calibrated,item_36_store_6,17204.631802236476,13535.265907356688,3669.3658948797865,0.0,0.8478388598432599,0.7948717948717948,0.20512820512820512,173.52905009431652,4823.0
pp_quantile_calibrated,item_36_store_7,16761.460681678844,13065.000058416761,3696.460623262083,0.0,0.8354935192139704,0.7435897435897436,0.2564102564102564,167.50000074893282,4494.0
pp_quantile_calibrated,item_36_store_8,27701.159394910967,20813.66015175577,6887.499243155199,0.0,0.8263144813225268,0.7564102564102564,0.24358974358974358,266.84179681738163,7931.0
pp_quantile_calibrated,item_36_store_9,23589.0644182036,17860.379004217142,5728.685413986459,0.0,0.8253449568906568,0.7564102564102564,0.24358974358974358,228.97921800278388,6560.0
pp_quantile_calibrated,item_37_store_1,9134.500361343622,7476.949186005186,1657.5511753384358,0.0,0.8499953687476529,0.8076923076923077,0.19230769230769232,95.85832289750238,2210.0
pp_quantile_calibrated,item_37_store_10,9510.96817755291,7189.837710291011,2321.130467261898,0.0,0.82671665044704,0.782051282051282,0.21794871794871795,92.17740654219244,2679.0
pp_quantile_calibrated,item_37_store_2,10560.117851863271,7929.850187799602,2630.267664063669,0.0,0.8294802162681576,0.7307692307692307,0.2692307692307692,101.6647459974308,3085.0
pp_quantile_calibrated,item_37_store_3,10842.837090310119,8774.298322958892,2068.538767351227,0.0,0.8469449672696094,0.782051282051282,0.21794871794871795,112.49100414049862,2703.0
pp_quantile_calibrated,item_37_store_4,9586.471845985005,7640.285235621972,1946.1866103630337,0.0,0.8460904222725952,0.7948717948717948,0.20512820512820512,97.9523748156663,2529.0
pp_quantile_calibrated,item_37_store_5,6769.190621630796,5622.013520818006,1147.1771008127896,0.0,0.8691184140544449,0.7948717948717948,0.20512820512820512,72.07709642074367,1753.0
pp_quantile_calibrated,item_37_store_6,7117.275181964407,5567.8246152753745,1549.4505666890327,0.0,0.8321288660141893,0.782051282051282,0.21794871794871795,71.3823668625048,1846.0
pp_quantile_calibrated,item_37_store_7,6219.344817522558,5036.982212501214,1182.3626050213434,0.0,0.8533958332273597,0.8076923076923077,0.19230769230769232,64.57669503206685,1613.0
pp_quantile_calibrated,item_37_store_8,10760.041888797092,8120.341599934471,2639.700288862622,0.0,0.8237261910609267,0.7692307692307693,0.23076923076923078,104.10694358890348,2995.0
pp_quantile_calibrated,item_37_store_9,9973.379650027206,8103.059063319686,1870.32058670752,0.0,0.8584698761477472,0.7692307692307693,0.23076923076923078,103.88537260666264,2643.0
pp_quantile_calibrated,item_38_store_1,22271.74024155744,17316.431371610503,4955.308869946939,0.0,0.8347955035856996,0.7692307692307693,0.23076923076923078,222.00553040526285,5999.0
pp_quantile_calibrated,item_38_store_10,25805.762549963736,18649.84195849255,7155.920591471184,0.0,0.80789474922225,0.7564102564102564,0.24358974358974358,239.10053792939166,7450.0
pp_quantile_calibrated,item_38_store_2,30395.303772902145,23777.577066701862,6617.726706200284,0.0,0.8445995842150925,0.782051282051282,0.21794871794871795,304.84073162438284,8517.0
pp_quantile_calibrated,item_38_store_3,26660.50450776096,20425.11498744439,6235.389520316571,0.0,0.8363200020917032,0.7692307692307693,0.23076923076923078,261.86044855697935,7619.0
pp_quantile_calibrated,item_38_store_4,24494.487639799197,19295.45358014382,5199.034059655374,0.0,0.8487773688291048,0.7948717948717948,0.20512820512820512,247.37761000184386,6876.0
pp_quantile_calibrated,item_38_store_5,17638.15279040995,13191.373976617706,4446.778813792243,0.0,0.8220576705165169,0.7564102564102564,0.24358974358974358,169.12017918740648,4998.0
pp_quantile_calibrated,item_38_store_6,17786.412657556346,14061.5588927551,3724.8537648012452,0.0,0.8514218681770545,0.7692307692307693,0.23076923076923078,180.2763960609628,5014.0
pp_quantile_calibrated,item_38_store_7,17191.45785997601,13749.633920484463,3441.823939491546,0.0,0.8503229424008895,0.8076923076923077,0.19230769230769232,176.27735795492902,4599.0
pp_quantile_calibrated,item_38_store_8,30080.894538651846,22374.026204769067,7706.86833388278,0.0,0.8146496312197503,0.7564102564102564,0.24358974358974358,286.8464898047316,8316.0
pp_quantile_calibrated,item_38_store_9,24874.92404382483,18804.535102790847,6070.388941033985,0.0,0.8263121905283551,0.7435897435897436,0.2564102564102564,241.08378336911343,6990.0
pp_quantile_calibrated,item_39_store_1,11835.470738365666,9178.484412714764,2656.986325650901,0.0,0.8376917333139341,0.782051282051282,0.21794871794871795,117.67287708608673,3274.0
pp_quantile_calibrated,item_39_store_10,15632.944825227518,12043.216430598774,3589.728394628744,0.0,0.8278720501256897,0.782051282051282,0.21794871794871795,154.40021064870223,4171.0
pp_quantile_calibrated,item_39_store_2,15792.5390950828,12313.450324153317,3479.088770929485,0.0,0.8460920694125421,0.7692307692307693,0.23076923076923078,157.86474774555535,4521.0
pp_quantile_calibrated,item_39_store_3,15937.294881673448,12336.342003298978,3600.9528783744695,0.0,0.823914284676065,0.782051282051282,0.21794871794871795,158.15823081152536,4090.0
pp_quantile_calibrated,item_39_store_4,14143.038672967217,10847.509041713203,3295.5296312540145,0.0,0.8278647358968912,0.7564102564102564,0.24358974358974358,139.07062873991285,3829.0
pp_quantile_calibrated,item_39_store_5,11205.37768429106,9508.425775613625,1696.9519086774337,0.0,0.8714917146022391,0.8333333333333334,0.16666666666666666,121.90289455914903,2641.0
pp_quantile_calibrated,item_39_store_6,9455.675119837017,7059.10828948682,2396.566830350197,0.0,0.8268376567666041,0.7435897435897436,0.2564102564102564,90.5013883267541,2768.0
pp_quantile_calibrated,item_39_store_7,9490.344646400137,7869.504064649129,1620.840581751008,0.0,0.867955960753482,0.7948717948717948,0.20512820512820512,100.89107775191191,2455.0
pp_quantile_calibrated,item_39_store_8,15322.992561265439,11425.59067922428,3897.401882041158,0.0,0.8273193672112912,0.7435897435897436,0.2564102564102564,146.48193178492667,4514.0
pp_quantile_calibrated,item_39_store_9,13381.81343910607,10054.601418189288,3327.212020916783,0.0,0.8285384168556156,0.7307692307692307,0.2692307692307692,128.90514638704215,3881.0
pp_quantile_calibrated,item_3_store_1,9743.54021829955,7657.721651811578,2085.818566487972,0.0,0.8445159473359694,0.7948717948717948,0.20512820512820512,98.17591861296896,2683.0
pp_quantile_calibrated,item_3_store_10,11892.1468906892,9220.466750313633,2671.680140375567,0.0,0.8421925492985489,0.7692307692307693,0.23076923076923078,118.21111218350812,3386.0
pp_quantile_calibrated,item_3_store_2,13844.395534084435,9708.028692949558,4136.366841134877,0.0,0.7947721735978727,0.717948717948718,0.28205128205128205,124.46190631986613,4031.0
pp_quantile_calibrated,item_3_store_3,12386.55588680005,9050.387263003528,3336.1686237965223,0.0,0.8062057145630831,0.7564102564102564,0.24358974358974358,116.03060593594266,3443.0
pp_quantile_calibrated,item_3_store_4,11528.594643071208,9123.621845291214,2404.9727977799944,0.0,0.8428635872081024,0.782051282051282,0.21794871794871795,116.96951083706685,3061.0
pp_quantile_calibrated,item_3_store_5,8691.60107198545,6964.240856522608,1727.3602154628418,0.0,0.8514098739386804,0.7692307692307693,0.23076923076923078,89.28513918618728,2325.0
pp_quantile_calibrated,item_3_store_6,9235.142166343368,7597.194519676019,1637.9476466673505,0.0,0.8578170445601258,0.8333333333333334,0.16666666666666666,97.39992973943615,2304.0
pp_quantile_calibrated,item_3_store_7,8347.789466355793,6660.719877657634,1687.069588698159,0.0,0.8454356767111169,0.7564102564102564,0.24358974358974358,85.39384458535429,2183.0
pp_quantile_calibrated,item_3_store_8,12964.253600983275,9519.092436620565,3445.161164362709,0.0,0.8141768519761213,0.717948717948718,0.28205128205128205,122.03964662334059,3708.0
pp_quantile_calibrated,item_3_store_9,11305.785500697875,8674.333950831644,2631.4515498662313,0.0,0.8354314227725934,0.7564102564102564,0.24358974358974358,111.20940962604672,3198.0
pp_quantile_calibrated,item_40_store_1,8419.142823031478,7053.733997095618,1365.4088259358587,0.0,0.8711270574859973,0.8205128205128205,0.1794871794871795,90.43248714225152,2119.0
pp_quantile_calibrated,item_40_store_10,9444.088863845545,7039.766825620943,2404.322038224603,0.0,0.8208403846330399,0.7435897435897436,0.2564102564102564,90.25342084129413,2684.0
pp_quantile_calibrated,item_40_store_2,11739.974891808157,9164.38870314452,2575.5861886636376,0.0,0.8322093688167012,0.7692307692307693,0.23076923076923078,117.49216286082716,3070.0
pp_quantile_calibrated,item_40_store_3,10001.745167933594,7767.009674356406,2234.735493577187,0.0,0.8338486621875698,0.7564102564102564,0.24358974358974358,99.57704710713341,2690.0
pp_quantile_calibrated,item_40_store_4,9481.677752348958,7395.362665649713,2086.3150866992446,0.0,0.8358524715421521,0.7692307692307693,0.23076923076923078,94.81234186730401,2542.0
pp_quantile_calibrated,item_40_store_5,7093.839078128567,5869.293067679398,1224.54601044917,0.0,0.8652864674973411,0.7948717948717948,0.20512820512820512,75.24734702153074,1818.0
pp_quantile_calibrated,item_40_store_6,7825.90170912268,6323.642901587746,1502.2588075349345,0.0,0.8424479488689108,0.8076923076923077,0.19230769230769232,81.07234489215058,1907.0
pp_quantile_calibrated,item_40_store_7,6215.593224353068,5129.819518923846,1085.773705429222,0.0,0.8718094798784861,0.8205128205128205,0.1794871794871795,65.76691690928007,1694.0
pp_quantile_calibrated,item_40_store_8,11638.936615379394,9293.003904753108,2345.9327106262863,0.0,0.8417583331786653,0.7948717948717948,0.20512820512820512,119.14107570196292,2965.0
pp_quantile_calibrated,item_40_store_9,9676.009563798521,7583.287655137438,2092.721908661084,0.0,0.8380246200726716,0.782051282051282,0.21794871794871795,97.22163660432614,2584.0
pp_quantile_calibrated,item_41_store_1,6225.866690566607,4878.966270469674,1346.9004200969325,0.0,0.8329943682458855,0.7692307692307693,0.23076923076923078,62.55084962140607,1613.0
pp_quantile_calibrated,item_41_store_10,7462.913662049703,5643.510821242144,1819.402840807559,0.0,0.8210130013962067,0.7435897435897436,0.2564102564102564,72.35270283643774,2033.0
pp_quantile_calibrated,item_41_store_2,8064.93052221516,6319.840267724411,1745.090254490749,0.0,0.8498201157925345,0.7692307692307693,0.23076923076923078,81.02359317595399,2324.0
pp_quantile_calibrated,item_41_store_3,7790.268957798446,6414.586410831353,1375.682546967093,0.0,0.8635912199338529,0.7948717948717948,0.20512820512820512,82.23828731835067,2017.0
pp_quantile_calibrated,item_41_store_4,6889.311940248919,5231.492480328214,1657.819459920705,0.0,0.8260420293892231,0.7692307692307693,0.23076923076923078,67.07041641446428,1906.0
pp_quantile_calibrated,item_41_store_5,5638.570779418628,4806.440747697708,832.1300317209207,0.0,0.8753363248358171,0.8333333333333334,0.16666666666666666,61.62103522689369,1335.0
pp_quantile_calibrated,item_41_store_6,5595.918439887781,4677.226499634178,918.6919402536021,0.0,0.8630861489935019,0.7948717948717948,0.20512820512820512,59.964442303002286,1342.0
pp_quantile_calibrated,item_41_store_7,5432.2045183356095,4696.566974430065,735.6375439055445,0.0,0.8775977464383453,0.8333333333333334,0.16666666666666666,60.21239710807775,1202.0
pp_quantile_calibrated,item_41_store_8,8735.905225482593,6890.974001151212,1844.93122433138,0.0,0.8350530867830684,0.7692307692307693,0.23076923076923078,88.34582052757965,2237.0
pp_quantile_calibrated,item_41_store_9,7127.289558839293,5630.335738176625,1496.953820662668,0.0,0.8425916066600769,0.7948717948717948,0.20512820512820512,72.18379151508493,1902.0
pp_quantile_calibrated,item_42_store_1,10222.578037762045,8279.562173240813,1943.0158645212327,0.0,0.854998816080505,0.782051282051282,0.21794871794871795,106.14823299026683,2680.0
pp_quantile_calibrated,item_42_store_10,12377.523078943233,9544.60077001376,2832.922308929474,0.0,0.8271554417980796,0.7692307692307693,0.23076923076923078,122.36667653863795,3278.0
pp_quantile_calibrated,item_42_store_2,13354.147135362466,9548.091380984399,3806.055754378066,0.0,0.8027439360260137,0.7307692307692307,0.2692307692307692,122.41142796133845,3859.0
pp_quantile_calibrated,item_42_store_3,12235.813571594266,9271.537402674374,2964.2761689198915,0.0,0.8278085292524026,0.7564102564102564,0.24358974358974358,118.86586413685094,3443.0
pp_quantile_calibrated,item_42_store_4,11914.685917964613,9428.157831230059,2486.5280867345537,0.0,0.8414204026317249,0.782051282051282,0.21794871794871795,120.87381834910332,3136.0
pp_quantile_calibrated,item_42_store_5,9076.865810151934,7330.706435435781,1746.1593747161533,0.0,0.846085555335729,0.782051282051282,0.21794871794871795,93.98341583892027,2269.0
pp_quantile_calibrated,item_42_store_6,8473.674520152606,6863.63302779488,1610.041492357726,0.0,0.8559246986704496,0.7948717948717948,0.20512820512820512,87.99529522813948,2235.0
pp_quantile_calibrated,item_42_store_7,8249.812167245505,6591.787138658493,1658.025028587013,0.0,0.8470456615694637,0.782051282051282,0.21794871794871795,84.51009152126274,2168.0
pp_quantile_calibrated,item_42_store_8,13055.3816936873,9727.307494797931,3328.0741988893687,0.0,0.8217421425340454,0.7435897435897436,0.2564102564102564,124.70907044612733,3734.0
pp_quantile_calibrated,item_42_store_9,11030.588450343832,8700.279926663072,2330.308523680759,0.0,0.8500444965456396,0.782051282051282,0.21794871794871795,111.54205034183425,3108.0
pp_quantile_calibrated,item_43_store_1,14229.835874534452,11041.867223010511,3187.968651523941,0.0,0.8311904341263467,0.7692307692307693,0.23076923076923078,141.56240029500654,3777.0
pp_quantile_calibrated,item_43_store_10,17002.503399691657,13024.114600651965,3978.3887990396925,0.0,0.8344062934843,0.7435897435897436,0.2564102564102564,166.97582821348672,4805.0
pp_quantile_calibrated,item_43_store_2,20596.29382170138,16264.967752027522,4331.326069673858,0.0,0.8433516792161354,0.782051282051282,0.21794871794871795,208.52522759009642,5530.0
pp_quantile_calibrated,item_43_store_3,17466.9473409972,13152.865971244455,4314.0813697527465,0.0,0.8193811442431339,0.7692307692307693,0.23076923076923078,168.62648681082635,4777.0
pp_quantile_calibrated,item_43_store_4,16794.55679310998,12985.912952277602,3808.643840832378,0.0,0.830989845092861,0.7564102564102564,0.24358974358974358,166.48606349073847,4507.0
pp_quantile_calibrated,item_43_store_5,11662.977469493984,8853.165886971748,2809.811582522235,0.0,0.8258561151210267,0.7692307692307693,0.23076923076923078,113.50212675604806,3227.0
pp_quantile_calibrated,item_43_store_6,11778.977509562874,9244.560922710207,2534.4165868526666,0.0,0.8438918024728878,0.7564102564102564,0.24358974358974358,118.52001182961804,3247.0
pp_quantile_calibrated,item_43_store_7,10533.913469983538,8025.733761365915,2508.179708617624,0.0,0.8276757328328668,0.7692307692307693,0.23076923076923078,102.8940225816143,2911.0
pp_quantile_calibrated,item_43_store_8,19463.098684789118,14825.11471339553,4637.983971393591,0.0,0.8205114562154183,0.7564102564102564,0.24358974358974358,190.06557324866063,5168.0
pp_quantile_calibrated,item_43_store_9,15936.488792073924,12050.032970901348,3886.4558211725753,0.0,0.8212301830187408,0.7692307692307693,0.23076923076923078,154.48760219104292,4348.0
pp_quantile_calibrated,item_44_store_1,8942.99920905532,7247.700533520543,1695.298675534777,0.0,0.8491055918527124,0.8076923076923077,0.19230769230769232,92.91923760923773,2247.0
pp_quantile_calibrated,item_44_store_10,9630.883745540355,7850.949294880766,1779.93445065959,0.0,0.8685425073368103,0.782051282051282,0.21794871794871795,100.65319608821494,2708.0
pp_quantile_calibrated,item_44_store_2,11321.720003058896,8697.481489998449,2624.2385130604475,0.0,0.8299813078678039,0.7435897435897436,0.2564102564102564,111.50617294869805,3087.0
pp_quantile_calibrated,item_44_store_3,10065.964823856588,7911.138401310328,2154.82642254626,0.0,0.84231054353851,0.7692307692307693,0.23076923076923078,101.42485129885036,2733.0
pp_quantile_calibrated,item_44_store_4,10024.886178289771,7730.589346285326,2294.296832004445,0.0,0.8186326615016248,0.7692307692307693,0.23076923076923078,99.11011982417085,2530.0
pp_quantile_calibrated,item_44_store_5,6961.151472447495,5833.513742871552,1127.6377295759426,0.0,0.8718593489118247,0.7948717948717948,0.20512820512820512,74.78863772912246,1760.0
pp_quantile_calibrated,item_44_store_6,6752.973260731793,5605.740304663244,1147.232956068548,0.0,0.8766416176270377,0.782051282051282,0.21794871794871795,71.86846544440057,1860.0
pp_quantile_calibrated,item_44_store_7,6508.38003829089,5157.40638430318,1350.9736539877108,0.0,0.8351465949984491,0.782051282051282,0.21794871794871795,66.12059467055359,1639.0
pp_quantile_calibrated,item_44_store_8,10686.530365685623,8118.427755846915,2568.1026098387074,0.0,0.8280480341587743,0.7564102564102564,0.24358974358974358,104.0824071262425,2987.0
pp_quantile_calibrated,item_44_store_9,9182.87627493331,7426.692484720562,1756.183790212747,0.0,0.857913932830684,0.7948717948717948,0.20512820512820512,95.21400621436618,2472.0
pp_quantile_calibrated,item_45_store_1,21111.082941890196,15887.542076934733,5223.540864955463,0.0,0.8236184073964051,0.782051282051282,0.21794871794871795,203.68643688377864,5923.0
pp_quantile_calibrated,item_45_store_10,26335.593103401814,19631.8739118762,6703.719191525616,0.0,0.8193554515891777,0.7692307692307693,0.23076923076923078,251.6906911779,7422.0
pp_quantile_calibrated,item_45_store_2,31039.806295170343,22957.304867614905,8082.5014275554395,0.0,0.8115308050004563,0.7307692307692307,0.2692307692307692,294.32442137967826,8577.0
pp_quantile_calibrated,item_45_store_3,25999.32510576518,19985.5667452797,6013.758360485481,0.0,0.8381004614218471,0.7692307692307693,0.23076923076923078,256.22521468307303,7429.0
pp_quantile_calibrated,item_45_store_4,24560.84596521365,19017.881423232044,5542.964541981606,0.0,0.8408337532812173,0.7692307692307693,0.23076923076923078,243.81899260553902,6965.0
pp_quantile_calibrated,item_45_store_5,18008.71053288838,14014.296644367478,3994.413888520902,0.0,0.8434177229117639,0.7564102564102564,0.24358974358974358,179.67046979958306,5102.0
pp_quantile_calibrated,item_45_store_6,18876.472022278427,14745.467952105084,4131.004070173342,0.0,0.8328543770919142,0.7692307692307693,0.23076923076923078,189.04446092442416,4943.0
pp_quantile_calibrated,item_45_store_7,16409.803002514305,12878.649569094086,3531.1534334202197,0.0,0.8455651242763954,0.7692307692307693,0.23076923076923078,165.11089191146266,4573.0
pp_quantile_calibrated,item_45_store_8,28673.458883611565,21984.298168483296,6689.160715128268,0.0,0.8303750294122412,0.7692307692307693,0.23076923076923078,281.8499765190166,7887.0
pp_quantile_calibrated,item_45_store_9,25374.808620708205,18695.947234678104,6678.861386030101,0.0,0.8095562764177332,0.7435897435897436,0.2564102564102564,239.69163121382184,7014.0
pp_quantile_calibrated,item_46_store_1,15807.493813341718,12328.91964445738,3478.5741688843377,0.0,0.8412697162270436,0.7564102564102564,0.24358974358974358,158.0630723648382,4383.0
pp_quantile_calibrated,item_46_store_10,19109.34208864959,14759.822993411562,4349.519095238028,0.0,0.8373099272400214,0.7564102564102564,0.24358974358974358,189.22849991553286,5347.0
pp_quantile_calibrated,item_46_store_2,22130.869504766142,17271.048732834275,4859.820771931867,0.0,0.843584783652016,0.7692307692307693,0.23076923076923078,221.42370170300353,6214.0
pp_quantile_calibrated,item_46_store_3,20666.90442939794,16189.837601379151,4477.066828018786,0.0,0.8385770027755981,0.7692307692307693,0.23076923076923078,207.56202053050194,5547.0
pp_quantile_calibrated,item_46_store_4,17703.4433146138,13432.296974412591,4271.146340201208,0.0,0.8299025750616803,0.7564102564102564,0.24358974358974358,172.2089355693922,5022.0
pp_quantile_calibrated,item_46_store_5,13520.75463719676,10295.361126242537,3225.3935109542235,0.0,0.8228778961584722,0.7692307692307693,0.23076923076923078,131.99180931080176,3642.0
pp_quantile_calibrated,item_46_store_6,12978.41212347139,9715.664440201313,3262.747683270077,0.0,0.8213661273873487,0.7564102564102564,0.24358974358974358,124.55980051540145,3653.0
pp_quantile_calibrated,item_46_store_7,12048.102567180036,9144.37273239421,2903.7298347858264,0.0,0.829892804054726,0.7564102564102564,0.24358974358974358,117.23554785120781,3414.0
pp_quantile_calibrated,item_46_store_8,20526.94913834921,15611.79367401629,4915.155464332921,0.0,0.8358605622196387,0.7692307692307693,0.23076923076923078,200.1512009489268,5989.0
pp_quantile_calibrated,item_46_store_9,18337.077594650895,14056.39028178951,4280.687312861386,0.0,0.8306355168007364,0.7564102564102564,0.24358974358974358,180.21013181781424,5055.0
pp_quantile_calibrated,item_47_store_1,6123.823779136895,5073.345294010345,1050.4784851265495,0.0,0.8716580958916861,0.8076923076923077,0.19230769230769232,65.04288838474801,1637.0
pp_quantile_calibrated,item_47_store_10,7636.16421521933,6113.291742858549,1522.8724723607809,0.0,0.8500371765277418,0.7948717948717948,0.20512820512820512,78.37553516485319,2031.0
pp_quantile_calibrated,item_47_store_2,8548.157054272888,6605.596863369767,1942.560190903122,0.0,0.8300472273925527,0.782051282051282,0.21794871794871795,84.68713927397137,2286.0
pp_quantile_calibrated,item_47_store_3,7707.22622008779,6009.794239507308,1697.4319805804826,0.0,0.8357588794793922,0.782051282051282,0.21794871794871795,77.04864409624754,2067.0
pp_quantile_calibrated,item_47_store_4,7308.46645410903,5727.683602469198,1580.7828516398313,0.0,0.8335141809752679,0.7692307692307693,0.23076923076923078,73.43184105729742,1899.0
pp_quantile_calibrated,item_47_store_5,5958.9480416810675,4833.529184829819,1125.4188568512486,0.0,0.8401393669245386,0.8076923076923077,0.19230769230769232,61.96832288243358,1408.0
pp_quantile_calibrated,item_47_store_6,5265.4693194319325,4305.381450180716,960.0878692512168,0.0,0.8529727612172715,0.8205128205128205,0.1794871794871795,55.197198079239946,1306.0
pp_quantile_calibrated,item_47_store_7,5363.0176475764765,4696.106430097667,666.9112174788092,0.0,0.8945594913076981,0.8461538461538461,0.15384615384615385,60.20649269355983,1265.0
pp_quantile_calibrated,item_47_store_8,8530.950911051743,6966.576204368876,1564.3747066828673,0.0,0.858619547520753,0.782051282051282,0.21794871794871795,89.3150795431907,2213.0
pp_quantile_calibrated,item_47_store_9,7146.141682535102,5829.714085312884,1316.4275972222176,0.0,0.8622263111227402,0.7948717948717948,0.20512820512820512,74.739924170678,1911.0
pp_quantile_calibrated,item_48_store_1,14215.313975603465,10809.425998450835,3405.8879771526304,0.0,0.8194120902888319,0.7564102564102564,0.24358974358974358,138.58238459552354,3772.0
pp_quantile_calibrated,item_48_store_10,16683.806732649664,12959.033929699413,3724.7728029502514,0.0,0.842570887449271,0.7564102564102564,0.24358974358974358,166.14146063717197,4732.0
pp_quantile_calibrated,item_48_store_2,19120.577552296676,14479.262336864887,4641.315215431789,0.0,0.8303612859856803,0.7564102564102564,0.24358974358974358,185.63156842134472,5472.0
pp_quantile_calibrated,item_48_store_3,17550.899120473645,13450.534389336155,4100.364731137488,0.0,0.8306334270492569,0.7564102564102564,0.24358974358974358,172.44274858123276,4842.0
pp_quantile_calibrated,item_48_store_4,16386.014669512922,12647.940139340719,3738.0745301722022,0.0,0.8294674028206112,0.7564102564102564,0.24358974358974358,162.15307870949638,4384.0
pp_quantile_calibrated,item_48_store_5,11322.654065919054,8277.576011730796,3045.078054188257,0.0,0.8151697690932773,0.7435897435897436,0.2564102564102564,106.12276938116406,3295.0
pp_quantile_calibrated,item_48_store_6,11959.312182611986,9006.469838267225,2952.842344344761,0.0,0.8191214490447314,0.7435897435897436,0.2564102564102564,115.46756202906698,3265.0
pp_quantile_calibrated,item_48_store_7,10473.310712409058,7962.311817338442,2510.9988950706165,0.0,0.8334881369316568,0.7692307692307693,0.23076923076923078,102.08092073510822,3016.0
pp_quantile_calibrated,item_48_store_8,19374.218381448154,14831.05256101873,4543.165820429424,0.0,0.8247573454029152,0.7692307692307693,0.23076923076923078,190.14169950024012,5185.0
pp_quantile_calibrated,item_48_store_9,15148.113915475422,11432.308691153112,3715.80522432231,0.0,0.8331474977852577,0.7435897435897436,0.2564102564102564,146.5680601429886,4454.0
pp_quantile_calibrated,item_49_store_1,8921.395541536624,7124.659274020125,1796.7362675164989,0.0,0.8383503133138551,0.8076923076923077,0.19230769230769232,91.34178556436058,2223.0
pp_quantile_calibrated,item_49_store_10,9154.419531338077,7581.725796380491,1572.6937349575846,0.0,0.8772292166309459,0.7948717948717948,0.20512820512820512,97.20161277410887,2562.0
pp_quantile_calibrated,item_49_store_2,11742.535336927926,8856.404702228656,2886.13063469927,0.0,0.8130744407578194,0.7564102564102564,0.24358974358974358,113.54365002857251,3088.0
pp_quantile_calibrated,item_49_store_3,9705.351623105737,7631.858641146206,2073.492981959531,0.0,0.8430954989058245,0.782051282051282,0.21794871794871795,97.84434155315648,2643.0
pp_quantile_calibrated,item_49_store_4,9810.98925836767,7935.382297556424,1875.6069608112455,0.0,0.8478209362424952,0.782051282051282,0.21794871794871795,101.73567048149262,2465.0
pp_quantile_calibrated,item_49_store_5,7242.1693485020905,6195.064616090343,1047.104732411747,0.0,0.8863078466436757,0.8076923076923077,0.19230769230769232,79.42390533449158,1842.0
pp_quantile_calibrated,item_49_store_6,7102.551137689262,5897.767034732759,1204.7841029565027,0.0,0.8644787285763214,0.7948717948717948,0.20512820512820512,75.61239788118922,1778.0
pp_quantile_calibrated,item_49_store_7,6766.416310723699,5530.518735336355,1235.8975753873437,0.0,0.849004572341192,0.8076923076923077,0.19230769230769232,70.90408635046609,1637.0
pp_quantile_calibrated,item_49_store_8,10723.200422793243,8406.130252580013,2317.0701702132305,0.0,0.8400917756926687,0.7692307692307693,0.23076923076923078,107.77090067410273,2898.0
pp_quantile_calibrated,item_49_store_9,9868.688814784382,7987.461896637867,1881.2269181465158,0.0,0.8508146773872708,0.7692307692307693,0.23076923076923078,102.40335764920341,2522.0
pp_quantile_calibrated,item_4_store_1,6178.469043625339,5143.607796190337,1034.8612474350025,0.0,0.8698287739075468,0.8076923076923077,0.19230769230769232,65.9436896947479,1590.0
pp_quantile_calibrated,item_4_store_10,7419.674960216074,6086.946135756336,1332.728824459739,0.0,0.8665937112652914,0.8076923076923077,0.19230769230769232,78.03777097123508,1998.0
pp_quantile_calibrated,item_4_store_2,8899.89989056212,6726.49918266682,2173.400707895298,0.0,0.8141598368623089,0.7564102564102564,0.24358974358974358,86.23716900854897,2339.0
pp_quantile_calibrated,item_4_store_3,7322.2686068325,5676.823682943806,1645.4449238886941,0.0,0.8368423476560541,0.7692307692307693,0.23076923076923078,72.77979080697186,2017.0
pp_quantile_calibrated,item_4_store_4,7350.4716749766285,5709.53488770049,1640.9367872761388,0.0,0.8309184145001403,0.7948717948717948,0.20512820512820512,73.19916522692935,1941.0
pp_quantile_calibrated,item_4_store_5,5493.445477656927,4548.806911201135,944.6385664557918,0.0,0.8639829277961423,0.8076923076923077,0.19230769230769232,58.31803732309148,1389.0
pp_quantile_calibrated,item_4_store_6,6126.846738003526,4963.525964276111,1163.320773727415,0.0,0.8309126782372943,0.8076923076923077,0.19230769230769232,63.63494825995014,1376.0
pp_quantile_calibrated,item_4_store_7,5200.6876419554665,4625.963385010243,574.7242569452238,0.0,0.9071527856308199,0.8461538461538461,0.15384615384615385,59.3072228847467,1238.0
pp_quantile_calibrated,item_4_store_8,8518.777523371646,7146.8346781082055,1371.9428452634402,0.0,0.8721990828818408,0.8076923076923077,0.19230769230769232,91.62608561677186,2147.0
pp_quantile_calibrated,item_4_store_9,7307.6266354956315,5903.954436320509,1403.6721991751228,0.0,0.8554405562126548,0.7948717948717948,0.20512820512820512,75.69172354257063,1942.0
pp_quantile_calibrated,item_50_store_1,17013.282452981486,13317.373629665824,3695.908823315662,0.0,0.8472133599290755,0.782051282051282,0.21794871794871795,170.73555935469005,4838.0
pp_quantile_calibrated,item_50_store_10,22626.354014490586,17640.668890751753,4985.685123738832,0.0,0.8326389686559639,0.7692307692307693,0.23076923076923078,226.16242167630452,5958.0
pp_quantile_calibrated,item_50_store_2,24395.934873490514,19235.57233286061,5160.362540629902,0.0,0.8516497760347879,0.7564102564102564,0.24358974358974358,246.60990170334117,6957.0
pp_quantile_calibrated,item_50_store_3,21624.31372460309,16141.460535258735,5482.853189344356,0.0,0.8210849016366665,0.7564102564102564,0.24358974358974358,206.94180173408634,6129.0
pp_quantile_calibrated,item_50_store_4,20305.893368229674,15057.86462311451,5248.028745115164,0.0,0.8103693317031557,0.7435897435897436,0.2564102564102564,193.04954645018603,5535.0
pp_quantile_calibrated,item_50_store_5,14670.580530990674,11093.389572859778,3577.1909581308955,0.0,0.8258426992146594,0.7564102564102564,0.24358974358974358,142.22294324179202,4108.0
pp_quantile_calibrated,item_50_store_6,14341.367158661062,10862.130636171216,3479.236522489846,0.0,0.827290319062306,0.7564102564102564,0.24358974358974358,139.25808507911816,4029.0
pp_quantile_calibrated,item_50_store_7,12904.882848406538,9793.193447165948,3111.689401240589,0.0,0.8337772755747549,0.7435897435897436,0.2564102564102564,125.55376214315318,3744.0
pp_quantile_calibrated,item_50_store_8,23908.819066916727,18757.428349428817,5151.39071748791,0.0,0.8419576402059239,0.7692307692307693,0.23076923076923078,240.4798506337028,6519.0
pp_quantile_calibrated,item_50_store_9,20330.846338205338,16076.921826827966,4253.924511377371,0.0,0.8478567771324259,0.782051282051282,0.21794871794871795,206.11438239523034,5592.0
pp_quantile_calibrated,item_5_store_1,5582.842462159024,4867.229699563855,715.6127625951689,0.0,0.89263124342158,0.8333333333333334,0.16666666666666666,62.40038076363917,1333.0
pp_quantile_calibrated,item_5_store_10,6169.134286999348,4820.479231350896,1348.6550556484513,0.0,0.8396367353569024,0.7692307692307693,0.23076923076923078,61.80101578654995,1682.0
pp_quantile_calibrated,item_5_store_2,6974.038460430959,5460.0702580730685,1513.9682023578907,0.0,0.8435983262026973,0.7692307692307693,0.23076923076923078,70.00090074452652,1936.0
pp_quantile_calibrated,item_5_store_3,6193.61304059103,4635.770788545315,1557.8422520457152,0.0,0.8237735008998059,0.7307692307692307,0.2692307692307692,59.43295882750403,1768.0
pp_quantile_calibrated,item_5_store_4,5895.719754691049,4788.087869916915,1107.6318847741343,0.0,0.8549270615881948,0.8076923076923077,0.19230769230769232,61.38574192201173,1527.0
pp_quantile_calibrated,item_5_store_5,4889.470194276732,4183.249503563167,706.2206907135653,0.0,0.8796898312242648,0.8333333333333334,0.16666666666666666,53.631403891835475,1174.0
pp_quantile_calibrated,item_5_store_6,4602.712344822173,3867.5702719134842,735.1420729086888,0.0,0.8747628495896612,0.8076923076923077,0.19230769230769232,49.58423425530108,1174.0
pp_quantile_calibrated,item_5_store_7,4245.324817133408,3529.5246291807016,715.8001879527062,0.0,0.864815828526401,0.8076923076923077,0.19230769230769232,45.25031575872694,1059.0
pp_quantile_calibrated,item_5_store_8,7750.703082380535,6205.774345016245,1544.9287373642899,0.0,0.8424346009827343,0.782051282051282,0.21794871794871795,79.56120955149032,1961.0
pp_quantile_calibrated,item_5_store_9,6213.908026041687,5057.299587231831,1156.6084388098566,0.0,0.8505673851666853,0.7948717948717948,0.20512820512820512,64.83717419527989,1548.0
pp_quantile_calibrated,item_6_store_1,15294.668697557194,11424.967153877029,3869.701543680165,0.0,0.8244635271635216,0.7564102564102564,0.24358974358974358,146.47393787021832,4409.0
pp_quantile_calibrated,item_6_store_10,18581.722277108565,13903.147685101532,4678.574592007035,0.0,0.826107615981898,0.7564102564102564,0.24358974358974358,178.24548314232734,5381.0
pp_quantile_calibrated,item_6_store_2,21803.77091511453,17002.168959535906,4801.601955578626,0.0,0.841269356840376,0.7692307692307693,0.23076923076923078,217.9765251222552,6050.0
pp_quantile_calibrated,item_6_store_3,21318.934379258062,16847.834484039042,4471.099895219021,0.0,0.8347403476171127,0.782051282051282,0.21794871794871795,215.99787800050055,5411.0
pp_quantile_calibrated,item_6_store_4,17658.112255778582,13550.743082300864,4107.3691734777185,0.0,0.8324890222888369,0.7435897435897436,0.2564102564102564,173.72747541411363,4904.0
pp_quantile_calibrated,item_6_store_5,13133.767831324301,10050.006771676428,3083.7610596478726,0.0,0.8304694304756529,0.7564102564102564,0.24358974358974358,128.8462406625183,3638.0
pp_quantile_calibrated,item_6_store_6,12962.227455709675,9348.133707838067,3614.093747871608,0.0,0.8048018499664266,0.7307692307692307,0.2692307692307692,119.847868049206,3703.0
pp_quantile_calibrated,item_6_store_7,11750.292195640548,8908.88807400332,2841.4041216372284,0.0,0.8291398603946346,0.7435897435897436,0.2564102564102564,114.21651376927333,3326.0
pp_quantile_calibrated,item_6_store_8,22168.779572420517,17142.316819807653,5026.462752612864,0.0,0.8280963490898473,0.782051282051282,0.21794871794871795,219.77329256163657,5848.0
pp_quantile_calibrated,item_6_store_9,18738.5455026673,14494.021359582704,4244.5241430845945,0.0,0.8323978620697101,0.7564102564102564,0.24358974358974358,185.82078666131673,5065.0
pp_quantile_calibrated,item_7_store_1,15152.134784563636,11699.470632138575,3452.6641524250613,0.0,0.8398578779023625,0.7564102564102564,0.24358974358974358,149.99321323254583,4312.0
pp_quantile_calibrated,item_7_store_10,19312.027018592154,15147.975856378653,4164.051162213503,0.0,0.8421212829492511,0.7948717948717948,0.20512820512820512,194.2048186715212,5275.0
pp_quantile_calibrated,item_7_store_2,22094.765630329806,16772.81347033937,5321.9521599904365,0.0,0.8261652079049344,0.7692307692307693,0.23076923076923078,215.03607013255603,6123.0
pp_quantile_calibrated,item_7_store_3,20120.998996435796,15417.440703051227,4703.55829338457,0.0,0.8285875257512912,0.7564102564102564,0.24358974358974358,197.65949619296444,5488.0
pp_quantile_calibrated,item_7_store_4,18025.17801856782,13968.671224221951,4056.506794345871,0.0,0.8379989299382639,0.7564102564102564,0.24358974358974358,179.08552851566603,5008.0
pp_quantile_calibrated,item_7_store_5,13555.255819240505,10489.824887717019,3065.430931523485,0.0,0.8334457521584633,0.7692307692307693,0.23076923076923078,134.4849344579105,3681.0
pp_quantile_calibrated,item_7_store_6,13049.406084632199,9895.977759694393,3153.4283249378063,0.0,0.8229902708426716,0.7564102564102564,0.24358974358974358,126.87150973967171,3563.0
pp_quantile_calibrated,item_7_store_7,11836.232711386601,8867.77968377474,2968.4530276118626,0.0,0.825024873114538,0.7564102564102564,0.24358974358974358,113.68948312531717,3393.0
pp_quantile_calibrated,item_7_store_8,21015.09045284996,16048.900458480593,4966.189994369365,0.0,0.8348182273617374,0.7435897435897436,0.2564102564102564,205.75513408308453,6013.0
pp_quantile_calibrated,item_7_store_9,17843.334283261855,13463.429670905447,4379.9046123564085,0.0,0.8250487472595802,0.7564102564102564,0.24358974358974358,172.60807270391598,5007.0
pp_quantile_calibrated,item_8_store_1,21561.39838657176,16724.019458094455,4837.378928477305,0.0,0.8315675860558042,0.782051282051282,0.21794871794871795,214.41050587300583,5744.0
pp_quantile_calibrated,item_8_store_10,25366.78238867178,19396.205745338135,5970.576643333647,0.0,0.8313872735573666,0.7692307692307693,0.23076923076923078,248.669304427412,7082.0
pp_quantile_calibrated,item_8_store_2,29020.84547643109,21759.39837406327,7261.447102367823,0.0,0.8216736959143461,0.7564102564102564,0.24358974358974358,278.96664582132394,8144.0
pp_quantile_calibrated,item_8_store_3,25680.325800189756,19508.242375921716,6172.08342426804,0.0,0.8276676413718265,0.7564102564102564,0.24358974358974358,250.10567148617585,7163.0
pp_quantile_calibrated,item_8_store_4,24306.568169853294,18563.828215878042,5742.739953975252,0.0,0.8296681016172253,0.7692307692307693,0.23076923076923078,237.99779763946208,6743.0
pp_quantile_calibrated,item_8_store_5,17566.5938663532,13719.07522026885,3847.518646084349,0.0,0.8382376015940993,0.7564102564102564,0.24358974358974358,175.88557974703656,4757.0
pp_quantile_calibrated,item_8_store_6,17543.917775917293,13725.122081110996,3818.7956948062974,0.0,0.8415437471034731,0.7564102564102564,0.24358974358974358,175.96310360398712,4820.0
pp_quantile_calibrated,item_8_store_7,15109.249100055984,11625.279817305693,3483.969282750291,0.0,0.8389288357489463,0.7692307692307693,0.23076923076923078,149.04204893981657,4326.0
pp_quantile_calibrated,item_8_store_8,27828.55766127811,20614.476193059032,7214.0814682190785,0.0,0.8185364993530604,0.717948717948718,0.28205128205128205,264.28815632126964,7951.0
pp_quantile_calibrated,item_8_store_9,23614.106143468485,18163.688726248834,5450.417417219652,0.0,0.8375918528838007,0.7564102564102564,0.24358974358974358,232.86780418267736,6712.0
pp_quantile_calibrated,item_9_store_1,13469.799403324225,10315.96791809012,3153.8314852341045,0.0,0.8284096036325297,0.7564102564102564,0.24358974358974358,132.25599894987334,3676.0
pp_quantile_calibrated,item_9_store_10,16437.49806324211,12708.411072287588,3729.086990954521,0.0,0.8395401466887039,0.7435897435897436,0.2564102564102564,162.9283470806101,4648.0
pp_quantile_calibrated,item_9_store_2,19091.127587514846,14691.336427109969,4399.791160404876,0.0,0.8347496277782207,0.7692307692307693,0.23076923076923078,188.35046701423036,5325.0
pp_quantile_calibrated,item_9_store_3,16789.360952536266,12734.747793705365,4054.6131588309004,0.0,0.8268739044051707,0.7564102564102564,0.24358974358974358,163.265997355197,4684.0
pp_quantile_calibrated,item_9_store_4,16464.098116284036,12633.48964524086,3830.6084710431765,0.0,0.8265515747773069,0.7564102564102564,0.24358974358974358,161.9678159646264,4417.0
pp_quantile_calibrated,item_9_store_5,11762.105423665827,9330.193444019278,2431.9119796465498,0.0,0.8470495610285189,0.7564102564102564,0.24358974358974358,119.61786466691382,3180.0
pp_quantile_calibrated,item_9_store_6,11970.225066563726,9404.840793579373,2565.3842729843527,0.0,0.8366517495711968,0.7692307692307693,0.23076923076923078,120.57488196896632,3141.0
pp_quantile_calibrated,item_9_store_7,10986.325018876036,8726.313157884631,2260.0118609914034,0.0,0.8479130645362447,0.7948717948717948,0.20512820512820512,111.87580971646963,2972.0
pp_quantile_calibrated,item_9_store_8,18373.5906187337,14062.35430360948,4311.23631512422,0.0,0.8347868819649659,0.7435897435897436,0.2564102564102564,180.28659363601898,5219.0
pp_quantile_calibrated,item_9_store_9,16365.969996459407,12535.105876659225,3830.864119800183,0.0,0.8260279691280571,0.7564102564102564,0.24358974358974358,160.7064855981952,4404.0
